自估上行时延,自估下行时延
,
,
,
,
,
,
,
,
,
,
,
,
,
,
,
,
,
,
,
,
,
,
,
,
,
,
,
,
,
,
,
,
,
,
,
,
,
,
,
,
,
,
,
,
,
,
,
,
,
,
,
,
,
,
,
,
,
,
,
,
,
,
,
,
,
,
,
,
,
,
,
53.165727615356445,101.31627237796783
443.13811433315277,108.71488565206528
857.479493200779,49.90950679779053
118.7289069890976,989.6410930156708
625.7744300961494,871.8735699057579
1077.3937566876411,64.25324326753616
101.9031331539154,102.63386684656143
105.78246510028839,96.99553489685059
421.58782839775085,98.07917159795761
815.8182627558708,46.82973724603653
1138.6788560152054,63.5061439871788
95.3002433180809,102.21975666284561
100.01162719726562,104.47037279605865
443.85403245687485,104.47996753454208
98.08545047044754,102.97054952383041
272.3708224892616,104.79517751932144
658.435272872448,100.76772713661194
1025.0187635421753,52.72123646736145
106.32419699430466,1161.3238030076027
99.03555077314377,105.11244922876358
337.9529289007187,103.80707108974457
706.2203835844994,102.27961641550064
1090.8778341412544,58.233165860176086
99.40522235631943,104.9287776350975
111.80258464813232,696.5684153437614
101.12603569030762,1099.0589643120766
105.2083969116211,104.03160309791565
236.49482560157776,105.39317440986633
553.0594049096107,109.53359508514404
970.6237843632698,78.0802156329155
99.8741866350174,1129.6078133583069
98.38254368305206,97.11745631694794
312.42892652750015,103.85007345676422
655.900383412838,51.729616582393646
111.61181259155273,102.48018741607666
500.806232213974,102.9897677898407
865.8156825304031,53.31431746482849
105.76811522245407,1011.897884786129
94.37054914236069,94.87045085430145
114.0079596042633,95.51004040241241
533.7573382258415,101.5566617846489
933.303758263588,47.99324172735214
101.2941752076149,1079.29882478714
97.72853708267212,100.80846291780472
656.6079142093658,55.41108578443527
100.08029109239578,104.67970889806747
126.79166632890701,105.43033367395401
498.4680958390236,98.36590415239334
880.4575499892235,103.06145000457764
99.02195715904236,1029.5710428357124
99.30836790800095,103.22863209247589
114.35484337806702,111.55315661430359
536.345222234726,101.02577775716782
903.9276877045631,61.16531229019165
322.73215222358704,110.19284778833389
703.1676043272018,52.83239567279816
1087.3240495324135,55.00895047187805
98.9074644446373,104.8895355463028
98.41684550046921,103.51015448570251
392.92522072792053,109.64877927303314
771.1366794705391,103.88132053613663
1183.1091492772102,68.85385072231293
97.71063280105591,104.01236718893051
101.90498441457748,103.5770155787468
104.06134396791458,103.7166560292244
100.2737021446228,104.33729785680771
329.0420586466789,99.71694135665894
687.5875197649002,101.91248023509979
1068.1709685325623,59.51403146982193
98.21637511253357,101.30262488126755
96.09575468301773,103.42324531078339
389.8451194167137,111.52588057518005
765.1865699887276,102.70243000984192
206.34407949447632,779.7489205002785
557.4085188508034,109.35048115253448
940.2689715623856,101.80502843856812
107.46234893798828,1091.2036510705948
101.71270149946213,102.54729849100113
257.07306814193726,108.37193185091019
550.5087451934814,105.936254799366
900.2021732330322,82.9278267621994
97.19155889749527,1107.881441116333
104.62691104412079,104.61408895254135
99.35826867818832,100.5687313079834
100.47763156890869,106.39336842298508
131.9500572681427,92.69894272089005
543.6064280867577,94.8565719127655
936.4488624334335,48.79213756322861
93.5312392115593,1110.9137607812881
98.31758761405945,104.40441238880157
264.6599422097206,107.98805779218674
551.9656181335449,100.90438187122345
950.7699819803238,105.65501803159714
99.7783665060997,1141.4066334962845
821.713775575161,101.43522441387177
644.3892335295677,433.5367664694786
100.50872695446014,106.19527304172516
48.24012464284897,74.55587536096573
435.2495461702347,101.39945381879807
845.8879318833351,104.8350681066513
1173.8964676260948,57.048532366752625
97.05285686254501,102.72514313459396
83.37723672389984,105.34576326608658
99.49662554264069,105.3913744688034
97.83898478746414,107.77301520109177
396.19933170080185,108.63366830348969
806.0417081713676,67.29129183292389
638.0691249370575,440.0058750510216
102.96661967039108,106.90438032150269
76.54900133609772,101.07999867200851
443.742418050766,108.40458196401596
856.177809715271,48.28519028425217
689.834243118763,439.2397568821907
537.3831681609154,99.8948318362236
100.83658558130264,98.84941440820694
377.1039770245552,41.71002298593521
762.2434262633324,54.424573719501495
1129.7709340453148,59.915065944194794
107.2793157696724,93.16468423604965
60.028674960136414,66.84232503175735
427.3140972852707,39.62890267372131
812.4905483722687,99.82445162534714
1171.4440188407898,57.59298115968704
95.56448298692703,101.82551699876785
104.79482519626617,110.05717480182648
94.65517830848694,103.73382169008255
101.33052670955658,97.39147329330444
378.33991998434067,98.45708000659943
747.8293635845184,101.76263642311096
1128.7458173036575,56.95818269252777
99.84722262620926,101.33777737617493
95.33758181333542,98.07041817903519
433.27198046445847,100.30201953649521
812.3924320340157,44.90356796979904
221.93789714574814,93.46910285949707
551.798486828804,100.64551317691803
963.0488708615303,57.3591291308403
96.07530814409256,1111.8326919078827
104.25065517425537,102.08234483003616
279.18602311611176,107.03697687387466
657.0094743967056,102.8245255947113
1029.3509442806244,50.241055727005005
101.26736068725586,1186.194639325142
101.23972803354263,100.18627196550369
99.00710093975067,104.71489906311035
95.96045935153961,97.50254064798355
226.0618205666542,83.03117942810059
553.1083911657333,93.79960882663727
924.1168301105499,62.623169898986816
90.99622744321823,1109.263772547245
91.31958657503128,93.23641341924667
231.73601430654526,85.11698567867279
527.984615623951,49.14438438415527
929.2710494995117,52.43195050954819
393.63243597745895,102.18156403303146
769.4748691320419,102.72813087701797
1141.8543416261673,53.331658363342285
97.75175368785858,102.50724631547928
127.13111358880997,80.27688640356064
456.84351378679276,88.11948621273041
812.7409727573395,56.240027248859406
645.0834158658981,446.5645841360092
91.51790285110474,94.20409715175629
91.78523844480515,95.01076155900955
95.09058099985123,102.24241900444031
98.72892391681671,101.45607608556747
398.1273066997528,111.41069328784943
769.3577517867088,105.10524821281433
1127.9042461514473,55.54075384140015
93.09769189357758,101.45830810070038
104.08704483509064,100.5409551858902
391.5965146422386,94.29148536920547
798.7909110784531,103.8760889172554
1138.373461484909,51.77453851699829
571.8460182547569,105.76598173379898
897.0024529099464,99.942547082901
98.34392422437668,1028.730075776577
94.9643805027008,97.79461950063705
118.1218169927597,109.86018300056458
511.7222682237625,108.90673178434372
856.2877643704414,103.80523562431335
98.92515379190445,1028.9268462061882
97.58268249034882,100.28731751441956
100.2020474076271,111.12995260953903
99.47041165828705,107.14058834314346
100.8678103685379,103.46518963575363
397.9701983332634,101.41980165243149
757.8866432309151,103.89135676622391
1136.8391258716583,104.90087413787842
105.6815675497055,104.3184324502945
115.31892269849777,103.19907730817795
441.80931758880615,98.72768241167068
808.1527631878853,104.92223680019379
654.7171831130981,433.28381687402725
546.7808113694191,103.4231886267662
956.1231933236122,54.21080666780472
100.44665163755417,1101.2753483653069
103.82600975036621,104.93299025297165
239.11143392324448,79.09156602621078
539.8800286054611,101.74897140264511
962.4824161529541,47.09158384799957
95.30586063861847,1109.3241393566132
99.90722584724426,107.62977415323257
100.69362187385559,103.08437812328339
109.8509874343872,108.94601255655289
114.89636051654816,107.69663947820663
486.49782860279083,100.94717139005661
848.4133208394051,59.06667917966843
106.4037082195282,1023.9842917919159
96.70924192667007,104.19775807857513
61.19961738586426,100.96738260984421
493.19003653526306,102.55096346139908
854.7355288267136,45.48647117614746
123.54097831249237,978.5140216946602
576.5126238465309,101.45037615299225
957.4660610556602,50.44193893671036
100.030517578125,1104.2104824185371
99.89087921380997,105.66512078046799
230.76923424005508,101.56276577711105
644.7046729326248,104.20332705974579
1021.7331694960594,107.50883048772812
105.01862740516663,1151.3883726000786
100.52798008918762,102.36201989650726
103.77732521295547,101.55667477846146
101.3596938252449,102.67730617523193
197.5540513396263,109.14994865655899
545.6545922160149,101.56640779972076
931.4050245881081,100.50297540426254
99.30242311954498,1099.0865768790245
96.2557777762413,103.17022222280502
222.85713136196136,100.34686863422394
538.6628135442734,57.44918644428253
895.3002645969391,47.45873540639877
98.2726486325264,1093.5053513646126
786.5950053930283,101.51499456167221
1098.197555243969,90.3574447631836
101.39194619655609,102.68305379152298
55.71429854631424,63.84070146083832
443.96473211050034,89.7762678861618
819.270179271698,101.0268207192421
644.5376307368279,439.72136926651
96.99111753702164,103.52788245677948
61.12950783967972,70.27749216556549
98.93386483192444,101.41813516616821
93.79524612426758,93.20475387573242
333.30365085601807,86.08534914255142
701.0911209583282,47.18687903881073
1062.858542084694,53.67845791578293
97.88594657182693,105.1520534157753
113.6912921667099,103.1057078242302
381.5507251024246,103.74427491426468
792.2641152143478,103.55088478326797
1138.4386681318283,108.85633188486099
102.09605568647385,100.32994431257248
967.2164867520332,105.72851324081421
101.63186782598495,1145.5531321763992
100.49222612380981,104.50677388906479
280.1126390695572,112.94336092472076
652.2511105537415,103.37788945436478
1030.7235689759254,56.276431024074554
102.41799783706665,1183.2130021452904
100.2773562669754,103.48164373636246
314.52776366472244,102.06523633003235
104.9242439866066,103.05675601959229
127.32267904281616,97.15832096338272
515.0541325807571,117.1878674030304
905.6175264120102,46.9744735956192
98.9789827466011,1050.206017255783
104.52444404363632,104.60455596446991
80.64395290613174,103.43004709482193
488.6163693666458,100.77263063192368
904.9218212962151,103.09717869758606
97.65224665403366,1032.477753341198
96.97575640678406,104.02424359321594
1063.5411296486855,77.55187034606934
113.93755567073822,116.04344433546066
117.31694144010544,103.88705855607986
350.28933918476105,102.39566081762314
739.7417755126953,100.49822449684143
1129.4732167124748,83.28578329086304
102.5926285982132,103.64737141132355
98.91698968410492,103.26801031827927
442.6483904719353,111.07360953092575
100.15681093931198,106.621189057827
286.5722026824951,64.22279733419418
540.0079402923584,111.80705970525742
929.8313482403755,102.70565176010132
105.21078515052795,1083.270214855671
107.07118904590607,107.87381094694138
212.80154675245285,109.93845325708389
544.0521396994591,98.15186029672623
951.7645139098167,103.40148609876633
107.75390303134918,1115.0410969853401
103.41125184297562,102.18174815177917
109.04959905147552,997.7844009399414
104.85514622926712,103.94185376167297
98.82652342319489,102.71047657728195
470.64991998672485,93.38708001375198
864.0843769311905,102.82262307405472
105.94577485322952,1026.221225142479
107.73236083984375,108.2116391658783
98.48173302412033,100.01826697587967
509.38012993335724,111.30587005615234
108.35154658555984,103.16745340824127
309.19397389888763,100.0470260977745
705.2584174275398,42.89058256149292
1086.6918558478355,61.03014415502548
107.90524178743362,104.03975820541382
114.08059465885162,96.60540533065796
386.3480560183525,96.81894397735596
766.3014833331108,46.106516659259796
76.43983799219131,978.2821620106697
105.80026984214783,105.45873016119003
101.92062622308731,106.15337377786636
102.09598475694656,102.20101523399353
99.80834752321243,102.63565248250961
363.26073986291885,97.86826014518738
748.641193985939,102.2848060131073
1129.9456623792648,50.94333761930466
101.14010602235794,102.34189397096634
121.79646575450897,103.72153425216675
375.78693675994873,99.08306324481964
760.3883870840073,103.55661290884018
209.24879693984985,106.99120306968689
556.8133541345596,113.24164587259293
924.6188043951988,101.8071956038475
97.51622134447098,1087.8547786474228
106.52558195590973,103.51141804456711
225.57096499204636,120.54003500938416
544.2655590176582,102.8644409775734
926.1440140604973,100.70798593759537
99.4304188489914,1094.3655811548233
101.06877845525742,103.96822154521942
102.41115289926529,107.08884710073471
96.12451249361038,100.46848750114441
102.03989958763123,105.44110041856766
504.159348487854,87.93265151977539
907.353778719902,116.8872212767601
107.38121926784515,1022.7677807211876
101.09376269578934,100.09123730659485
97.30612951517105,101.30487048625946
513.4255693554878,111.03743064403534
870.4720546603203,38.60194534063339
307.5364425778389,100.14955741167068
684.7118915319443,99.73210847377777
1072.6273375749588,54.093662440776825
104.7287427186966,103.40025728940964
97.25612318515778,99.55787682533264
387.19148194789886,113.73451805114746
747.0889559984207,51.55904400348663
1128.9494224190712,65.80957758426666
106.55082333087921,105.72717666625977
105.19018566608429,106.6068143248558
104.73458701372147,107.09841299057007
107.35495382547379,105.20004618167877
316.3453169465065,96.78368306159973
673.8537918329239,47.44220817089081
1020.5663379430771,56.02566206455231
97.50174283981323,647.4612571597099
105.32510846853256,103.41589152812958
312.83351957798004,98.96248042583466
682.6759970188141,103.71200299263
1083.1294257640839,53.259574234485626
493.26790207624435,95.10309791564941
913.3513005971909,69.81569939851761
107.89573860168457,1040.4002614021301
104.18309026956558,100.5019097328186
196.43245434761047,112.38254565000534
479.53412210941315,40.946877896785736
855.6906082034111,102.75339180231094
102.36600852012634,1015.9669914841652
92.76354026794434,96.08745974302292
86.62489944696426,96.98710054159164
97.5043295621872,95.32967042922974
105.47570180892944,93.33929818868637
349.1330949664116,96.38590502738953
674.7156322598457,104.72836774587631
1072.2061042189598,107.47989577054977
103.7324857711792,101.87851423025131
108.83385664224625,94.20314335823059
392.5472638607025,96.58273613452911
756.3147142529488,45.09228575229645
1122.1392012238503,59.87979876995087
535.036670088768,98.92732989788055
931.6371203064919,57.0098797082901
103.33253931999207,1090.3904606699944
99.13689464330673,102.56710535287857
211.4792890548706,94.05871093273163
539.1728751659393,42.69712483882904
944.9962747097015,54.502725303173065
93.13473844528198,1101.4762615561485
104.64409303665161,102.54090696573257
199.44952166080475,93.71847832202911
95.95704078674316,96.5979592204094
101.87344062328339,104.08855938911438
386.9568218588829,94.63617813587189
801.3732711672783,49.09072881937027
1185.2707273364067,55.599272668361664
102.18614953756332,101.27685046195984
103.43655335903168,99.1384466290474
456.09403562545776,105.22196435928345
781.4915294647217,100.47147053480148
1099.5180873274803,53.40791267156601
561.9724729061127,45.34252709150314
957.0739029049873,69.61209708452225
102.71231645345688,1126.9176835417747
98.4976618885994,96.03933811187744
265.1180619597435,101.80793803930283
639.1635195612907,48.891480445861816
1003.6359964609146,64.95700353384018
108.19945305585861,1159.8735469579697
93.28281384706497,95.3841861486435
307.0331776738167,98.00382232666016
100.83763545751572,101.51436454057693
115.34608107805252,99.85691893100739
491.15154814720154,99.5894518494606
861.1409503817558,52.30304962396622
103.02040356397629,1040.627596437931
104.39978563785553,104.0262143611908
82.29834526777267,96.14665472507477
479.2327822446823,95.93421775102615
831.185250878334,99.66574913263321
1224.4537212848663,68.84227871894836
101.20590513944626,101.16409486532211
97.54826331138611,98.84073668718338
319.0946215391159,109.70237845182419
663.900077521801,99.50792247056961
1048.0745115876198,65.72148841619492
103.23193490505219,98.3610650897026
102.9623002409935,101.48169976472855
378.3426830768585,100.10231691598892
753.3691366314888,102.00086337327957
1124.8775976896286,65.621402323246
101.51600992679596,101.00199007987976
964.8954163193703,55.08658367395401
92.84883654117584,1146.7061634659767
100.63618195056915,96.53181803226471
259.087592959404,96.24440705776215
612.7640568614006,47.17994314432144
1008.5505119562149,100.91248804330826
101.92995059490204,645.4400494098663
98.77229738235474,96.61670261621475
290.7426956295967,99.99730437994003
93.58516520261765,97.00683480501175
137.03856152296066,95.49743849039078
526.6029847860336,103.47101521492004
928.6304316520691,100.29556834697723
104.37984561920166,1077.4711543917656
94.33320009708405,94.75979989767075
226.37958818674088,99.73141181468964
542.8691881299019,99.3158118724823
901.9526326060295,103.69636738300323
98.92400938272476,1113.1309906244278
102.74736332893372,102.62263667583466
1155.6638368964195,64.39216309785843
100.41322124004364,102.51277875900269
96.81057780981064,98.5224221944809
462.3199833035469,94.93901669979095
866.4584537148476,105.0045462846756
98.18984377384186,1036.8841562271118
104.60519301891327,105.89480698108673
87.67075389623642,100.79224610328674
470.1411892771721,102.35781073570251
102.7245928645134,106.68240714073181
349.3629495501518,100.43405044078827
735.4093954563141,103.72160452604294
1078.9918521642685,84.08314782381058
103.75930547714233,103.8696945309639
101.4537079334259,103.2502920627594
343.18413603305817,103.44486397504807
734.4895619750023,50.232438027858734
1090.8690552711487,54.29694473743439
105.1375167965889,105.17748320102692
96.33088725805283,94.98411273956299
98.35826051235199,1148.1787394881248
94.45963037014008,95.76236963272095
264.5431339144707,109.66186606884003
535.9407348632812,103.13426512479782
956.8011249303818,107.21687507629395
90.23652368783951,1137.708476305008
104.31887084245682,106.44112914800644
265.1972627043724,113.43173730373383
639.4467144608498,103.42328554391861
56.04821330308914,103.74778670072556
464.68756353855133,102.238436460495
843.1590312719345,106.35996872186661
1233.815466940403,108.55553305149078
424.25376546382904,92.67223453521729
797.3921330571175,54.144866943359375
630.1965498328209,461.9884501695633
82.46495181322098,87.72004818916321
109.28926700353622,37.15573298931122
523.8716217875481,43.55537819862366
948.7689790725708,65.99102091789246
432.778336584568,89.2406634092331
826.3046846985817,61.75031530857086
81.98004859685898,1055.2599514126778
83.63736361265182,87.82663637399673
243.5716785788536,53.132321417331696
664.3020351529121,54.382964849472046
1090.1443642377853,65.17063575983047
83.57967734336853,88.90232264995575
85.9389898777008,84.5600101351738
83.65133392810822,91.49566608667374
84.67964321374893,88.19035679101944
411.15098375082016,67.22001624107361
816.2143195271492,58.06268048286438
1216.2426735162735,65.9613264799118
80.6581352353096,87.6378647685051
148.4085237979889,47.90647619962692
566.6018618941307,53.861138105392456
926.3892099261284,42.5007900595665
83.0455532670021,1177.176446735859
941.1098707318306,832.8161292672157
82.15518283843994,1102.566817164421
81.36848747730255,88.2805125117302
330.22880136966705,49.031198620796204
723.2001737356186,60.54082626104355
1065.8195814490318,66.18041855096817
79.62489819526672,52.85610181093216
112.74420529603958,54.051794707775116
490.30953270196915,111.08046728372574
893.28090518713,51.81209480762482
350.34527146816254,103.0997285246849
775.4646327495575,103.88736724853516
1168.9730630517006,62.470936954021454
103.22243589162827,101.1475641131401
70.41780292987823,100.45319706201553
504.55518263578415,112.24081736803055
903.0455580949783,52.30544191598892
107.01694041490555,1078.5750595927238
98.60030376911163,96.15869623422623
237.46066617965698,107.61333382129669
94.09904104471207,101.47495895624161
102.33035242557526,97.04064756631851
549.6906741857529,103.32832580804825
976.3660292029381,53.76397079229355
98.61538231372833,637.1626176834106
105.73574817180634,102.11625182628632
326.94810605049133,96.27389395236969
747.7344502806664,104.5255497097969
1180.2618250250816,56.51617497205734
103.06720995903015,103.32279002666473
1040.889573097229,50.18442690372467
99.75095248222351,99.47104752063751
111.79632544517517,101.8696745634079
363.7306978702545,94.06530213356018
773.6660472750664,51.51895272731781
100.97139632701874,986.4746036529541
95.70179945230484,104.81620055437088
115.35911804437637,104.88188195228577
549.9594507217407,109.03954929113388
985.005787730217,54.568212270736694
467.92213386297226,103.6338661313057
886.689472079277,51.25452792644501
116.71682810783386,1072.8751718997955
106.0961919426918,100.3108080625534
234.2525622844696,111.80243772268295
638.1499297618866,47.10807025432587
1051.6593014597893,55.563698530197144
98.57567393779755,96.1653260588646
107.86204314231873,102.11895686388016
104.35241740942001,103.09258258342743
100.21279054880142,103.02820944786072
266.2031485438347,102.66685146093369
634.0825324654579,63.80646753311157
1078.7209033966064,62.90909659862518
103.32227969169617,104.02972030639648
111.97864133119583,104.558358669281
418.80301290750504,97.14198708534241
807.6813935637474,102.15160644054413
115.00476747751236,1002.7912325263023
101.69916826486588,98.94883173704147
1101.3745366930962,54.292463302612305
109.1608989238739,104.6351010799408
104.78125846385956,98.9777415394783
446.5856269598007,100.58037304878235
864.9459871053696,103.75701290369034
102.6033142209053,1061.1186857819557
105.24068278074265,104.33231723308563
198.2500461935997,104.80495381355286
621.0004085898399,110.57459139823914
101.48976504802704,117.52823495864868
514.4610969424248,105.48290306329727
947.5634362101555,108.21456378698349
105.38676393032074,1159.0392360687256
102.30209040641785,101.62290960550308
328.7934422492981,90.94755774736404
742.0048022270203,108.68019777536392
1174.5702027082443,100.46779727935791
108.44857090711594,109.77342909574509
81.30993157625198,107.09906840324402
107.11429381370544,113.18170619010925
110.56666278839111,104.4513372182846
367.9650416970253,112.92395830154419
763.6954035162926,50.19259649515152
1197.3527461886406,59.536253809928894
472.19781947135925,55.580180525779724
868.7441411018372,65.1078588962555
82.82645988464355,1126.9515401124954
85.55676555633545,86.8872344493866
304.1950931549072,53.37890684604645
85.5564551949501,85.31454479694366
234.0827717781067,45.602228224277496
656.6660867929459,53.87191319465637
1095.248407959938,67.76959204673767
161.0157586336136,60.44624137878418
83.673519551754,86.17848044633865
320.4788386821747,55.058161318302155
750.6921665072441,50.345833480358124
1124.5884967446327,107.1335032582283
161.98688519001007,55.51311480998993
83.58863592147827,85.76336407661438
84.94895577430725,1051.9590442180634
82.66130286455154,85.70869714021683
251.44762122631073,43.1823787689209
688.9749404191971,52.69205957651138
1062.6682727336884,52.57172727584839
108.77063876390457,106.1003612279892
108.03901994228363,107.42398005723953
388.65738582611084,103.34161418676376
798.7227656841278,103.8892343044281
238.13818442821503,107.52781558036804
650.6845505833626,103.44544941186905
1066.2299213409424,55.76907867193222
109.46029454469681,110.53970545530319
102.91467171907425,105.30832827091217
399.3300429582596,105.83595705032349
810.2094014883041,102.42059850692749
105.69975489377975,1016.671245098114
97.13516759872437,104.56883239746094
134.42150992155075,106.70849007368088
100.28185987472534,105.84814012050629
49.86420750617981,115.91379249095917
472.42855727672577,101.7374427318573
883.9369243979454,107.5630756020546
107.59429240226746,1062.869707584381
106.69566559791565,108.78633439540863
212.4630310535431,104.85096895694733
616.6754007339478,102.56459927558899
1028.6477642059326,65.59323579072952
104.65610206127167,102.10289794206619
942.3504541516304,55.09454584121704
102.45183795690536,1123.3451620340347
105.59020072221756,103.44679927825928
281.32056683301926,114.64143317937851
677.9589644670486,102.94803553819656
1096.8193272948265,54.49567270278931
106.82869303226471,108.15330696105957
100.31905657052994,95.77294343709946
418.7354157567024,102.35858422517776
831.1317924261093,56.58920758962631
289.4751592874527,100.96984070539474
688.8535676598549,49.8314323425293
1117.3069556951523,54.69304430484772
102.63032227754593,105.36967772245407
103.17568516731262,109.97231483459473
432.9990501999855,106.37094980478287
873.1564176678658,103.87958234548569
101.27679294347763,1044.687207043171
105.97015881538391,103.75184118747711
104.05352920293808,109.96547079086304
98.80289310216904,101.25310689210892
70.1082592010498,113.57774078845978
474.07863342761993,102.5503665804863
899.3840000033379,104.85600000619888
107.09635758399963,1086.2916424274445
107.86471974849701,102.70928025245667
239.35508227348328,100.95991772413254
644.5484538674355,99.96854615211487
1055.9468333125114,64.68316668272018
109.288194835186,103.06280517578125
966.2235610485077,32.961438953876495
111.1209346652031,1124.0820653438568
106.20430082082748,98.53769916296005
258.15666902065277,105.0093309879303
685.5360476970673,101.87095230817795
1113.6004046797752,62.82459533214569
102.62776798009872,102.68723201751709
102.82212918996811,103.75187081098557
459.95947539806366,100.91052460670471
104.80184543132782,99.66115456819534
329.1812027692795,92.54179722070694
751.2455607652664,101.08743923902512
1169.660945236683,59.06105476617813
106.8003214597702,102.05267852544785
71.64267230033875,104.24632769823074
522.5760350227356,84.84996497631073
922.5853943824768,48.48860561847687
104.22375988960266,1109.572240114212
103.01011377573013,100.28588622808456
100.81549161672592,104.9075083732605
103.5468510389328,98.9541489481926
124.74020993709564,103.2037900686264
547.6385756731033,102.14042431116104
957.7029478549957,52.52005213499069
110.61832201480865,1157.9736779928207
101.7196854352951,103.37331455945969
292.39504611492157,100.99295389652252
726.0704171061516,101.74458289146423
1144.171785235405,62.93921476602554
596.4771507978439,100.18984919786453
996.9485328793526,55.08846712112427
103.86490708589554,646.5800929069519
95.39224940538406,94.10775059461594
366.9375914335251,109.63640856742859
787.5949358940125,102.22006410360336
667.1222943067551,438.4517056941986
638.9100271463394,53.53397285938263
1038.2533220648766,73.76667791604996
78.72463655471802,91.22036343812943
82.30693638324738,92.24906361103058
79.7792461514473,87.14775383472443
83.9535459280014,86.49045407772064
428.1658598780632,51.907140135765076
875.9351627826691,46.45483720302582
85.22047090530396,1064.0755290985107
82.35877341032028,88.45522660017014
322.5160838365555,60.53991615772247
746.7473945617676,40.41960543394089
1112.2366980314255,70.02230197191238
651.209011733532,60.67998826503754
1030.2543348670006,68.61566513776779
81.57764464616776,89.19935536384583
84.47495120763779,86.93204879760742
495.05825275182724,50.8867472410202
949.2335560917854,61.37744390964508
90.42785978317261,1135.4431402087212
80.12115854024887,43.84184145927429
381.0374593138695,47.073540687561035
105.5827705860138,62.47222942113876
303.9250912666321,44.62990874052048
723.6744142174721,52.6035857796669
1165.738727927208,62.81627207994461
415.88071846961975,50.21228152513504
844.5360377430916,59.88996225595474
77.86034220457077,1075.2506577968597
82.53564262390137,90.02035737037659
273.1739410161972,90.67805898189545
693.0162350535393,54.576764941215515
1130.6725444793701,63.420455515384674
616.6818548440933,41.244145154953
1043.8941569924355,72.58784300088882
83.36547082662582,88.33852916955948
83.81777936220169,88.12522065639496
448.9570922255516,48.17290776968002
895.3723995089531,57.2206004858017
83.9007214307785,1153.4142785668373
87.59402281045914,90.18397718667984
322.8243410587311,91.21265894174576
84.48165762424469,89.53734236955643
240.78697979450226,33.71302020549774
677.9433069229126,46.68669307231903
1119.7846203446388,75.38137966394424
82.34992587566376,87.5020741224289
101.59923702478409,59.363762974739075
506.84855979681015,43.59644019603729
934.0978912115097,59.291108787059784
105.45920670032501,1167.6897932887077
82.35551553964615,89.71848446130753
85.08682698011398,93.08017301559448
83.35413897037506,92.21886104345322
287.17845118045807,65.6915488243103
695.4278065562248,54.461193442344666
1112.8631276488304,51.248872339725494
82.44543808698654,87.98056191205978
100.9547501206398,67.19424986839294
579.3510591983795,72.7589408159256
948.6563875675201,67.71361243724823
82.62770301103592,89.76029700040817
898.0260072946548,64.9189926981926
87.77531796693802,1134.8546820282936
89.15463548898697,89.25336450338364
314.01495480537415,63.337045192718506
768.5052642822266,54.79173570871353
1158.4215955734253,74.72640442848206
84.92990106344223,90.55209892988205
147.7902165055275,66.06178349256516
608.1325311660767,58.682468831539154
1002.9928470849991,58.414152920246124
524.427171766758,61.924828231334686
958.6574910283089,58.582508981227875
82.24180614948273,1169.4991938471794
84.17511934041977,90.17588067054749
365.0554375052452,50.83456248044968
810.1937573552132,57.1772426366806
628.8690740466118,485.3349259495735
82.4324260354042,89.75257396697998
189.99674355983734,54.817256450653076
85.45005863904953,46.993941366672516
104.97737461328506,54.170625388622284
558.9126912951469,46.79230868816376
1002.7169979214668,58.44900208711624
156.89231836795807,1120.2566816210747
152.8816619515419,66.50633805990219
205.7064099907875,44.2005900144577
615.6777358651161,63.52526414394379
1058.5940420031548,65.83195799589157
83.67735320329666,86.97164678573608
86.85267359018326,42.01832640171051
81.65699315071106,634.8980068564415
92.25829845666885,66.53770154714584
376.0636200904846,61.103379905223846
836.4979304671288,53.77906954288483
108.50627726316452,982.3457227349281
104.03365516662598,104.59534484148026
111.80199313163757,96.34600687026978
552.3473312854767,101.28166872262955
964.3566986322403,57.62430137395859
481.62406301498413,59.74593698978424
403.893522977829,57.69947701692581
809.2538210749626,57.839178919792175
84.31913590431213,1072.199864089489
82.54945057630539,85.06154942512512
255.35475713014603,58.64524286985397
742.6400679945946,38.09993201494217
1111.204375565052,64.18462443351746
77.28767466545105,84.73132532835007
90.33397203683853,60.81402796506882
77.34228110313416,85.43571889400482
85.36957967281342,88.11242032051086
487.192898273468,55.3261017203331
925.0711976885796,39.74280232191086
83.09849572181702,1166.2535042762756
80.64379638433456,85.28120362758636
385.91309684515,45.03190314769745
812.1254029273987,49.5605970621109
119.2447155714035,995.3112844228745
78.43904531002045,85.2089546918869
1126.3543387055397,66.8486613035202
79.38165026903152,86.71134972572327
162.76095068454742,45.75804930925369
562.8622633814812,58.322736620903015
1038.5745674967766,52.92543250322342
77.22215914726257,47.3528408408165
466.1924651861191,55.658534824848175
880.5537903904915,56.15020960569382
92.87711274623871,1078.937887251377
792.774461388588,50.262538611888885
1110.7469130158424,80.14208698272705
89.94023001194,63.44776999950409
109.4865625500679,64.62443745136261
556.179953277111,41.76404672861099
955.1153156757355,50.90368431806564
88.23465174436569,1141.8213482499123
83.59498888254166,38.534011125564575
453.08540666103363,59.93359333276749
83.0387652516365,84.59123474359512
142.73319286108017,50.822807133197784
553.8155437111855,58.925456285476685
968.9909096956253,76.45309031009674
93.40628409385681,1158.5367159247398
95.17466777563095,84.62133222818375
272.68405747413635,62.834942519664764
685.6374880075455,46.80751198530197
1035.4608669877052,74.52113300561905
85.08124655485153,86.88175344467163
84.23756963014603,86.83643037080765
86.3378871679306,636.1241128444672
83.3282196521759,87.30078035593033
326.70857256650925,59.40342742204666
751.1249368190765,89.46906316280365
1130.3743242621422,68.71867573261261
85.86374002695084,88.76625996828079
84.85405957698822,60.40494042634964
513.714410841465,58.91558915376663
892.1677513718605,71.49824863672256
418.4540644288063,63.897935569286346
814.5744605064392,39.27753949165344
1172.8049158453941,72.84308415651321
82.75828969478607,89.0197103023529
117.60062408447266,55.844375908374786
542.0349838137627,56.742016196250916
929.9513404965401,61.90065950155258
85.77471733093262,1164.0032826662064
85.09802865982056,88.58697134256363
312.55136662721634,88.70863336324692
82.78274095058441,85.68125903606415
229.25306206941605,54.634937942028046
570.1885534524918,35.31144654750824
934.1609985232353,59.470001459121704
86.03934246301651,1181.8306575417519
84.30765855312347,88.1743414402008
323.3340296149254,60.201970398426056
718.139380633831,59.56361937522888
1122.2598019242287,69.07419806718826
88.67612087726593,88.02787911891937
1003.8514957427979,73.55650424957275
83.60082203149796,92.21417796611786
83.35013788938522,86.09386211633682
456.8224563598633,53.660543620586395
820.9978131055832,56.244186878204346
80.91319745779037,1050.9008025527
83.77359199523926,88.17040801048279
122.93108677864075,45.88391321897507
487.16253757476807,42.96746242046356
895.466912984848,44.10708701610565
379.735275387764,74.65372461080551
771.0026833415031,39.20031666755676
1159.1600447893143,71.1179552078247
79.85344737768173,84.2755526304245
120.08475410938263,69.69324588775635
532.9080954194069,72.99990457296371
939.3804594278336,63.99054056406021
84.83382666110992,1168.3151733279228
85.54513919353485,87.3058608174324
80.44345426559448,89.13054573535919
83.82276487350464,88.38223510980606
263.4790823459625,74.61291766166687
623.7834959030151,54.51250410079956
1116.9969755411148,69.65202444791794
82.17228579521179,87.05071419477463
83.01460093259811,84.06039905548096
400.89299660921097,70.25500339269638
783.1423470973969,55.15365290641785
663.0586786866188,481.51532131433487
620.0311829447746,900.6358170509338
1047.0575335621834,72.68246644735336
84.36290508508682,90.5630949139595
82.11222487688065,88.5357751250267
393.21357893943787,48.61942106485367
859.4639330506325,58.33306694030762
80.49029129743576,1064.1207087039948
83.23959594964981,86.81640404462814
223.78593242168427,66.23306757211685
620.9602739810944,54.40972602367401
149.71063870191574,68.0303612947464
477.86709010601044,44.28090989589691
890.4864407777786,74.66155922412872
85.3477498292923,1154.5412501692772
81.50405514240265,89.16194486618042
289.4953751564026,43.93062484264374
724.8737394809723,60.14426052570343
1115.641144812107,76.61785519123077
80.53845608234406,87.46054393053055
80.80775618553162,88.6192438006401
80.94506406784058,88.01793593168259
77.47236776351929,54.06463223695755
440.6297050714493,39.94529491662979
826.5641454458237,61.13885456323624
92.40653860569,1047.3524613976479
79.34198844432831,84.38101154565811
178.75740957260132,60.53859043121338
562.8587505817413,70.49324941635132
943.8861108422279,55.03988915681839
648.616471350193,666.5135286450386
882.5888039469719,62.2081960439682
84.54114925861359,1075.9398507475853
85.60545611381531,84.11554390192032
320.5037689805031,51.21823102235794
731.5500636696815,47.02493631839752
1128.3903554081917,67.40564459562302
80.7886580824852,86.19234192371368
133.57496362924576,54.40703636407852
612.3622631430626,48.60173684358597
97.46255856752396,63.22244143486023
507.13785922527313,69.71314078569412
967.7391539216042,77.33484607934952
80.97044849395752,92.3445515036583
93.20175552368164,86.76224446296692
379.4140945672989,52.752905428409576
806.7553998231888,40.42860019207001
132.93069076538086,996.8463092446327
80.49499768018723,87.89400231838226
248.4302994608879,88.71870052814484
77.10559737682343,85.50640261173248
215.85389131307602,40.07110869884491
636.9181908369064,64.59980916976929
1060.8164821267128,36.81251788139343
77.30576771497726,85.60023230314255
118.63005477190018,54.998945236206055
521.4713396430016,97.86166036128998
77.76693034172058,632.1590696573257
75.88722079992294,86.20577919483185
70.59951442480087,1149.5114855766296
72.95982599258423,71.169174015522
334.91313487291336,88.3458651304245
786.5514699816704,69.44853001832962
1162.6157693862915,63.16223061084747
86.49507963657379,83.0059203505516
130.5034231543541,47.589576840400696
596.3817731142044,58.93222689628601
958.8541345000267,36.516865491867065
81.82649558782578,1175.8035044074059
863.7788206338882,47.351179361343384
82.08418184518814,1069.5458181500435
84.44449293613434,84.75950706005096
231.7118411064148,37.788158893585205
660.3501773476601,66.55682265758514
1078.4146260619164,57.56637394428253
81.88694423437119,84.31605577468872
96.09925729036331,82.65974271297455
454.6635831594467,37.89241683483124
86.68987947702408,85.7911205291748
380.7171951532364,42.874804854393005
777.411584854126,64.8654151558876
1170.9209522604942,75.82004773616791
81.02231413125992,86.36668586730957
134.4186525940895,44.414347410202026
552.6879982948303,67.70100170373917
937.2893495559692,69.78565043210983
79.4086953997612,635.1843045949936
82.04599457979202,84.02700543403625
77.57429713010788,83.14770287275314
80.34159404039383,83.80540597438812
358.3508893251419,67.59311068058014
721.4892950057983,49.30670499801636
1117.145625770092,71.70537424087524
79.56193524599075,84.53106474876404
142.79323190450668,58.28176808357239
563.4495726823807,41.77242732048035
948.4209142327309,56.91108578443527
79.67125594615936,633.8657440543175
909.7535933256149,48.00540667772293
80.98389226198196,1104.497107744217
81.0111991763115,84.63680082559586
295.05752271413803,43.979477286338806
1171.7698678970337,65.78613209724426
1100.9082123041153,70.75878769159317
77.82457929849625,83.4164206981659
83.92587518692017,45.33412480354309
567.7861794233322,61.472820580005646
968.8314930796623,63.92750692367554
443.8408092260361,61.14119076728821
877.0711407661438,87.20585924386978
82.02544915676117,1101.8825508356094
78.23674058914185,86.28125941753387
290.48703372478485,61.21796625852585
740.291340470314,91.70865952968597
1148.07764929533,76.73735070228577
77.8279578089714,84.74704217910767
148.76124793291092,64.34975206851959
77.73354297876358,61.858457028865814
155.07484006881714,37.62815994024277
544.5661519169807,58.60084807872772
974.1664631962776,93.70353680849075
139.84277576208115,1219.17622423172
158.18409633636475,58.7599036693573
179.6928368806839,61.90016311407089
636.4611495733261,61.76085042953491
1081.7104601264,91.64153987169266
81.79376548528671,85.7252345085144
79.1910709142685,36.41992908716202
81.03336822986603,41.05963176488876
76.17067223787308,66.86632776260376
424.58801060914993,53.31998938322067
855.7073234915733,55.6266764998436
112.53063660860062,1104.6173633933067
132.316960811615,62.775039196014404
208.54727429151535,104.63772571086884
632.5196244120598,101.48037558794022
1054.1389679312706,67.97103208303452
531.3713072538376,94.5176927447319
960.8416326642036,51.69536733627319
96.29598391056061,642.9080160856247
101.1553298830986,101.43667012453079
318.201680958271,98.79831904172897
740.6360230445862,52.900976955890656
1171.4043850898743,59.058614909648895
94.76472282409668,92.95727717876434
129.86607158184052,94.98492842912674
524.1344368457794,116.84756314754486
104.10578948259354,99.95021051168442
416.7441352009773,106.82986479997635
842.1054821014404,104.46951788663864
109.02182793617249,1049.4051720499992
104.01118242740631,97.3958175778389
205.29754251241684,96.83145749568939
609.0098890066147,44.52711099386215
1037.8342440724373,54.31475591659546
95.50859373807907,96.3614062666893
104.77694362401962,99.87105637788773
108.08231598138809,1202.5846840143204
98.1646745800972,106.72432541847229
261.1180354356766,100.17796456813812
671.089416384697,49.13258361816406
1097.8207646012306,59.06823539733887
101.16212028265,102.74487972259521
102.35646975040436,97.01353025436401
447.6618345975876,102.91216540336609
861.0962037444115,46.10679626464844
107.84555149078369,1155.1734485030174
762.0208914279938,106.88610857725143
1183.400242805481,68.76575720310211
98.96463066339493,97.59136933088303
105.21398067474365,101.89701932668686
516.2043237686157,43.62867623567581
1014.6936995983124,61.24930042028427
108.74007427692413,1231.166925728321
96.28643864393234,97.30656135082245
289.8127942085266,98.07520580291748
101.95119374990463,98.06680625677109
135.25653457641602,95.79846543073654
558.1349030137062,102.84509700536728
972.8852688074112,64.29973119497299
104.30162477493286,652.4023752212524
99.0329801440239,95.00501984357834
331.44833278656006,102.90366721153259
757.438686311245,106.63531368970871
1169.5030550956726,72.33094489574432
98.7154072523117,96.21059274673462
101.92775559425354,101.92424440383911
95.67710554599762,96.37789446115494
101.79744696617126,101.29555302858353
402.99180752038956,41.583192467689514
828.4071649312973,69.57483506202698
106.93451952934265,1045.5104804635048
98.12791115045547,94.46408885717392
154.15526282787323,93.04873716831207
578.8676362633705,106.87336373329163
987.2470080256462,58.25299197435379
464.6083649992943,105.15063500404358
873.4687242507935,50.476275742053986
108.92107707262039,1090.8569229245186
98.91243731975555,92.05056267976761
227.82779014110565,91.04220986366272
643.4291374087334,56.21886259317398
1062.4195036292076,69.58149635791779
97.33585965633392,90.25714033842087
103.65820729732513,97.43379271030426
104.1115597486496,95.6844402551651
101.13892859220505,94.39707142114639
295.07428419589996,96.14871579408646
715.8796374201775,47.45436257123947
1145.4429899454117,64.89001005887985
105.63635677099228,103.52964323759079
52.60871893167496,96.16828107833862
488.02507597208023,100.64092403650284
907.441438138485,55.42956185340881
112.20878946781158,1116.2722105383873
102.86613446474075,102.24486553668976
665.374485373497,487.88451462984085
104.12386566400528,97.61613434553146
139.11523908376694,106.6257609128952
543.9936026334763,43.69139736890793
958.2249731421471,55.79402685165405
101.34432816505432,644.525671839714
103.48268568515778,99.40631431341171
302.3800490498543,101.28595095872879
720.4074022173882,51.48059779405594
196.73075914382935,95.7132408618927
612.388145506382,110.61285454034805
1011.6745162606239,62.71448373794556
104.40587019920349,126.55712980031967
97.82221966981888,97.82578033208847
369.29357171058655,102.04042828083038
798.3019071817398,106.69809281826019
642.1992973089218,526.9297026991844
96.39369523525238,93.31030476093292
114.06903147697449,104.54196852445602
91.0413658618927,93.94063413143158
102.71570128202438,98.32029873132706
446.44704872369766,41.71895128488541
870.4744082093239,54.34059178829193
100.55675196647644,1166.0172480344772
91.97310107946396,93.23089891672134
224.7404420375824,103.16655796766281
719.6938131451607,122.62018686532974
1043.3882145285606,73.6487854719162
104.47057336568832,104.14042663574219
919.40593957901,68.27906042337418
118.48829275369644,1198.7337072491646
103.0716438293457,104.68735617399216
277.6919983625412,100.14200162887573
685.1813849210739,45.1336150765419
1155.6527207493782,90.08727926015854
93.99606251716614,98.48593747615814
67.48541414737701,74.36658585071564
472.34578359127045,100.41421639919281
880.4471549391747,49.01584506034851
343.23451203107834,105.04448795318604
750.3718881607056,61.5901118516922
1179.029242515564,68.3407574892044
102.31560027599335,104.22139972448349
102.67594385147095,93.00905615091324
529.9813002943993,102.87069970369339
944.4716653823853,67.65833461284637
109.6090196967125,1259.204980313778
103.17336863279343,100.3446313738823
97.77571034431458,95.68728965520859
101.72805714607239,94.9569428563118
195.01540750265121,98.26259249448776
614.8757633566856,47.01323664188385
1049.4391127228737,54.67088729143143
100.43046706914902,95.34753292798996
101.21682649850845,101.8391734957695
400.70717495679855,105.82982504367828
818.9555222392082,47.02547776699066
650.2428836226463,580.9241163730621
103.10327976942062,105.60072022676468
1111.5006323456764,66.79536765813828
106.6389861702919,99.97201383113861
95.48134994506836,89.5746500492096
468.2866920828819,105.7513079047203
885.9430492520332,111.66795074939728
95.98840945959091,1183.0295905470848
100.16375821828842,97.52124178409576
216.61813354492188,105.60386645793915
629.2004976272583,48.44750237464905
119.30186611413956,107.08713388442993
532.0882318615913,98.09676814079285
920.3376051783562,70.86539483070374
140.3279674053192,1205.7090325951576
617.8390300273895,37.82696998119354
1048.8483194112778,74.05868059396744
75.46761125326157,86.12538874149323
495.1142041683197,39.3847958445549
931.883512377739,53.987487614154816
79.48380690813065,88.03519308567047
882.6591004729271,40.00789952278137
78.72339779138565,1137.7206022143364
80.04769116640091,86.34230881929398
368.70399338006973,66.7220066189766
733.5463079214096,46.99169206619263
1175.387605726719,73.0193942785263
472.5656484365463,90.95335155725479
79.91729491949081,1127.5647050738335
80.90759235620499,84.16740763187408
89.24889409542084,1048.066105902195
81.79421901702881,85.37178099155426
176.7105269432068,39.511473059654236
624.2378334999084,53.09516650438309
1079.7101261615753,72.47587382793427
80.66242623329163,84.33757376670837
74.61572396755219,86.01427602767944
497.6610295176506,45.76497048139572
934.948341190815,65.68165880441666
78.53063958883286,89.41336041688919
874.85393679142,59.31306320428848
93.75223588943481,1146.8037641048431
85.01953655481339,86.88746345043182
289.3798565864563,35.63814342021942
729.8331619501114,57.18583804368973
1171.2674672603607,75.08353275060654
432.5934838652611,44.99851614236832
880.3807911276817,59.43420886993408
86.1661057472229,1155.258894264698
93.49041175842285,85.74958825111389
83.07270550727844,1088.6672945022583
88.34101235866547,90.06598764657974
213.09132719039917,39.687672793865204
661.0436264872551,61.64137351512909
1104.5149374604225,66.78106254339218
88.65423572063446,90.12476426362991
93.7735447883606,87.3184552192688
517.5228556394577,50.866144359111786
949.5321736931801,73.48782628774643
83.44747549295425,88.23752450942993
906.048775434494,41.266224563121796
83.72408562898636,1167.4609143733978
82.64038586616516,87.28561413288116
307.87169325351715,40.72130674123764
751.95401263237,58.36098736524582
620.9803297519684,502.62967026233673
83.17468011379242,86.2513198852539
130.86899119615555,90.11300879716873
572.340297460556,42.02970254421234
50.51660746335983,92.03939253091812
500.67291235923767,44.6980876326561
938.2182167768478,67.46678322553635
85.7825248837471,94.62447512149811
84.2178367972374,87.50416320562363
350.57714277505875,42.53285723924637
802.4014422297478,54.85755777359009
86.29874593019485,1071.2752540707588
87.25207930803299,91.08092069625854
196.27939414978027,37.757605850696564
87.49169439077377,88.56430560350418
134.35202366113663,46.23997634649277
541.1763663291931,52.93563365936279
991.4626651406288,69.03733485937119
81.76697474718094,87.99202525615692
85.47928893566132,87.27971106767654
397.8396107554436,42.99338924884796
836.2929223179817,59.87307769060135
82.63423991203308,1106.3467600941658
79.97753602266312,83.94846397638321
87.59683614969254,1040.4401638507843
79.05014300346375,82.32085698843002
234.74344223737717,95.34855777025223
620.8457559347153,53.19224405288696
1059.317057788372,70.99794220924377
86.56535905599594,84.06364095211029
44.94467496871948,92.57332503795624
474.4909842610359,41.860015749931335
920.4632896184921,69.59271037578583
78.43459951877594,88.88040047883987
851.7579037547112,54.63109624385834
84.02620667219162,1123.9927933216095
79.34950858354568,86.35449141263962
268.26580876111984,84.71619123220444
695.015133202076,51.799866795539856
1148.0974350571632,67.03256493806839
85.92074054479599,86.1722594499588
104.57703757286072,34.08896243572235
563.7723370790482,45.302662909030914
58.4106382727623,84.18336170911789
483.7889473438263,54.729052662849426
955.2422487139702,67.31375128030777
80.30555045604706,94.69344955682755
84.20386242866516,87.33313757181168
785.6094824075699,59.019517600536346
80.17477631568909,1068.066223680973
83.29509443044662,86.5389055609703
191.710395693779,41.49360430240631
80.12570995092392,84.67029005289078
129.19001579284668,70.2909842133522
569.143318772316,46.87468123435974
1014.4486251473427,67.84737485647202
78.45692485570908,85.43107515573502
85.55822622776031,86.23777377605438
418.5115431547165,48.74745684862137
870.7428438663483,60.90515613555908
82.64014160633087,1152.5638583898544
78.42644011974335,90.53655987977982
84.02773976325989,1082.3982602357864
82.77704334259033,85.79695665836334
235.26734960079193,67.75165039300919
677.7946599721909,40.11234003305435
1120.2289508581161,69.95604914426804
80.4592564702034,87.39174354076385
107.11755573749542,72.4014442563057
538.958864569664,44.50413542985916
965.2451748251915,67.51382517814636
577.9394904375076,844.5235095620155
891.6888118982315,67.922188103199
83.64211928844452,1167.3398807048798
83.98442262411118,87.16457736492157
319.3067309856415,65.63726902008057
749.7050325274467,58.79496747255325
631.9723452925682,495.69365471601486
76.8526531457901,84.48134684562683
209.00895655155182,38.67604345083237
628.3692570328712,66.03774297237396
138.98856115341187,71.84443885087967
571.3128738999367,43.87312608957291
644.5611690282822,282.7898309826851
542.4054870009422,48.686513006687164
993.0437960028648,71.32620400190353
82.55310779809952,84.52189218997955
85.57941323518753,84.71558678150177
444.44071555137634,86.5032844543457
892.1720323562622,42.95796763896942
83.92034935951233,1111.3756506443024
764.54065990448,936.2553400993347
95.62396895885468,1021.2470310330391
111.78027826547623,63.75672173500061
168.27057445049286,29.451425552368164
610.8529082536697,53.05409175157547
1041.6022264361382,72.17477357387543
85.5185397863388,85.99946022033691
85.41684770584106,87.71315228939056
411.036164522171,62.55683547258377
879.563482761383,54.270517230033875
358.0718005299568,40.46519947052002
787.2661318182945,58.60486817359924
90.81145918369293,1053.022540807724
85.83878856897354,86.42121142148972
184.0511063337326,31.041893661022186
621.1894253492355,54.828574657440186
1057.4577398896217,70.41326010227203
83.89205998182297,85.7749400138855
94.73437237739563,86.76562762260437
84.2056913971901,88.10930860042572
86.23301011323929,90.71098989248276
365.55633133649826,70.36966866254807
812.0096460580826,61.95335394144058
89.1669557094574,1085.0190442800522
83.34126770496368,84.91773229837418
226.5355824828148,61.297417521476746
651.3038987517357,52.45610123872757
1095.294212758541,70.07678723335266
84.41452622413635,87.03047376871109
84.05183607339859,83.65116393566132
81.9681505560875,88.77284944057465
89.92146182060242,86.19053816795349
417.984784245491,43.32921576499939
863.1611006855965,58.54289931058884
86.0584157705307,1137.84958422184
86.38172513246536,87.84027487039566
304.0200728774071,66.10892713069916
679.0474053025246,62.84159469604492
1106.7777479887009,51.94325202703476
569.546101629734,107.06489837169647
993.9994629025459,60.574537098407745
99.89681452512741,94.15918546915054
106.73916381597519,100.20583617687225
336.96951925754547,94.75248074531555
801.8678896427155,69.72511035203934
429.65607887506485,54.23292112350464
824.2203996777534,65.9276003241539
84.35871320962906,1163.4562867879868
83.70102685689926,86.0579731464386
82.9313416481018,89.04965835809708
86.36666339635849,89.04133659601212
167.3379796743393,41.680020332336426
575.8643064498901,54.7636935710907
1017.9666267037392,72.29337328672409
80.38194441795349,82.69105559587479
85.2052531838417,88.25674682855606
438.7145686149597,73.61843138933182
856.3708875775337,62.38811242580414
80.38019877672195,1133.0278012156487
769.7415090203285,65.92649096250534
84.98984891176224,1036.0281510949135
87.6101598739624,88.83484011888504
173.32147324085236,90.34452676773071
634.0907964110374,87.24320358037949
1029.3211277723312,71.88187223672867
82.95944380760193,87.89255619049072
91.46775668859482,85.6432433128357
455.1810737848282,88.22692620754242
879.3193917870522,56.328608214855194
381.9207132458687,56.74628674983978
781.2990301847458,66.73796981573105
85.78934419155121,1067.0816558003426
83.98367702960968,85.81332296133041
222.08499318361282,50.00800681114197
648.9823219180107,98.70367807149887
1018.1946452260017,57.06435477733612
84.8519639968872,85.88903599977493
88.15628004074097,87.02871996164322
82.55360758304596,85.29839241504669
86.82092648744583,86.34507346153259
380.4222466349602,64.90975338220596
839.209568977356,76.58643102645874
87.0518873333931,1076.6341126561165
84.76422369480133,86.21777629852295
238.21655070781708,70.00544929504395
657.5398727655411,75.16312724351883
1087.1052035689354,36.783796429634094
88.1135174036026,87.0904825925827
89.23283797502518,87.47016203403473
82.74216675758362,46.090833246707916
67.0284793972969,73.45352059602737
403.05579525232315,63.92520475387573
842.4721426963806,70.12085729837418
90.09151929616928,1046.50048071146
84.8420079946518,87.0469920039177
83.25744807720184,61.22355192899704
465.76583993434906,56.9921600818634
882.8302457332611,79.15075427293777
320.06168550252914,63.420314490795135
672.5521413087845,87.66985869407654
1027.597596347332,63.25440365076065
85.12496411800385,95.26403588056564
84.46728444099426,86.60771554708481
406.3096579313278,72.37634205818176
801.6890951395035,68.77490484714508
436.75430101156235,65.24569898843765
820.4116477966309,49.92235219478607
87.64299929141998,1065.3390007019043
78.50331962108612,84.07068037986755
1141.955676317215,73.63632369041443
80.96402764320374,82.84997236728668
78.34441787004471,39.100582122802734
457.2238174676895,52.999182522296906
881.9911604523659,63.43483954668045
85.09246546030045,1162.3705345392227
82.8417677283287,84.39823228120804
288.77610552310944,34.50189447402954
699.6924622654915,60.12253773212433
145.77482855319977,37.24317145347595
500.34038484096527,47.160615146160126
924.237734079361,64.91126590967178
85.19008076190948,628.8279192447662
80.97638499736786,83.26461499929428
312.3376826643944,52.9403173327446
764.4939798116684,55.71002018451691
85.50328999757767,1044.2377099990845
79.32659417390823,81.63640582561493
287.8348858356476,43.49811416864395
81.77019906044006,82.1938009262085
169.00049340724945,50.42450660467148
662.2497824430466,86.80521756410599
1005.8140775561333,74.57492244243622
80.5263814330101,85.4726185798645
80.94268608093262,84.63131392002106
433.0259909629822,37.271009027957916
906.4042962789536,52.409703731536865
85.04261207580566,1208.1233879327774
81.08892512321472,86.80107486248016
80.59723377227783,1133.4217662215233
84.42155838012695,85.30144160985947
225.91086906194687,42.68213093280792
655.2711746692657,76.83982533216476
1098.5574789047241,52.53552109003067
60.67777895927429,69.19322103261948
502.6764177083969,71.24958229064941
949.5007304549217,63.46226954460144
85.93504518270493,92.13995480537415
1019.5733630657196,62.85263693332672
88.73069506883621,1120.2143049240112
85.77602517604828,89.92797482013702
246.76633524894714,60.49366474151611
683.2566478252411,40.44835215806961
1109.2089607715607,73.18003922700882
82.6242806315422,86.65271937847137
96.24459165334702,62.42140835523605
529.864916741848,88.61708325147629
87.3182378411293,86.99776214361191
398.10454899072647,56.21045100688934
867.1128603816032,60.054139614105225
86.15918099880219,1143.9898189902306
83.77850431203842,91.18349570035934
294.65785109996796,65.86114889383316
699.9631707072258,35.66682928800583
654.3594883680344,468.8065116405487
547.5381347537041,62.96186524629593
992.3804650902748,72.08253490924835
84.90679693222046,86.24120306968689
893.6571118831635,61.1948881149292
153.38742393255234,1212.7235760688782
87.58073651790619,85.49326348304749
436.8860523700714,50.0209476351738
742.0623634457588,58.345636546611786
1184.3856728672981,71.65132713317871
446.93372440338135,41.436275601387024
880.4790301918983,62.33496981859207
84.50634205341339,1164.975657939911
80.21863967180252,86.83636033535004
81.0609347820282,1101.8840652108192
80.92123317718506,84.85576683282852
235.9295290708542,32.34747093915939
684.031837105751,62.765162885189056
1123.0211592912674,66.7748407125473
79.88246035575867,82.11853963136673
111.14975208044052,85.94324791431427
562.418052136898,31.525947868824005
984.482356607914,62.75864338874817
79.73166394233704,83.62033605575562
996.0179594159126,62.14904057979584
79.5262640118599,87.01073598861694
80.86856144666672,83.57643854618073
324.00686663389206,52.49313336610794
781.2001649737358,59.07683503627777
94.08046913146973,1050.1795308589935
78.05082684755325,88.800173163414
176.9681163430214,39.291883647441864
684.2354100346565,48.782589972019196
128.68870335817337,59.885296642780304
515.0120095014572,89.54299050569534
1004.1873136162758,66.2006863951683
79.49261575937271,85.35938423871994
80.037917137146,85.51708287000656
384.287212908268,67.02778708934784
866.5365074872971,57.55649250745773
82.67480266094208,1162.1021973490715
83.4801065325737,84.33389347791672
252.97041583061218,64.12258416414261
87.77572458982468,86.31727540493011
204.3030385375023,40.71596145629883
643.6813560724258,70.09564393758774
1087.1346570849419,65.06934291124344
83.03195923566818,87.52304077148438
79.44826287031174,71.73673713207245
507.78957027196884,39.7464297413826
955.8178818821907,70.42311811447144
81.41819500923157,82.8398050069809
81.98249453306198,85.66550546884537
85.45480138063431,1162.6191986203194
83.74210739135742,86.79589259624481
304.7684161067009,40.453583896160126
743.6107305288315,43.24126946926117
1159.841060101986,77.84393990039825
82.8683739900589,84.85362601280212
157.8396741747856,45.99332582950592
594.1449761390686,73.78002387285233
1080.0062810182571,69.36471897363663
81.49558854103088,80.74541145563126
941.485886991024,72.69911301136017
86.60519939661026,84.1538006067276
86.39251184463501,87.14548814296722
338.21483129262924,64.19216865301132
773.22415548563,70.08984452486038
102.73348051309586,1107.4885194897652
83.3349078297615,86.51709216833115
165.5282278060913,61.3787721991539
622.9255372881889,86.57346272468567
88.47184610366821,35.25115388631821
475.9441702365875,54.83482974767685
906.7665169835091,71.97448301315308
107.79485422372818,1163.0761457681656
99.26621329784393,91.95678669214249
258.6255736351013,46.44742637872696
685.375944852829,44.457055151462555
1071.9952921271324,46.07870787382126
104.55964678525925,98.71735322475433
93.36500734090805,94.04199266433716
104.76235276460648,108.18164724111557
105.62271356582642,103.61728644371033
327.78007704019547,46.478922963142395
725.6034269332886,86.24857306480408
1187.6497821807861,70.77621781826019
432.43883019685745,36.76516979932785
878.7991551160812,59.77484488487244
85.80846709012985,1159.6735329031944
82.00177603960037,84.96122395992279
339.93707233667374,41.007927656173706
81.13038247823715,86.37061750888824
217.6206836104393,39.880316376686096
670.9069815278053,58.96301847696304
1105.7113037705421,72.0286962389946
86.60961949825287,82.4643805027008
77.50693261623383,64.99306738376617
526.4592822194099,42.965717792510986
911.7466191649437,64.69838082790375
83.1069358587265,87.00406414270401
85.9672462940216,82.05175369977951
81.67955619096756,86.59844380617142
84.96586620807648,82.0151337981224
258.4011824131012,38.302817583084106
704.7065165042877,42.97948348522186
1066.6038545370102,44.82214546203613
102.22320979833603,98.47979021072388
99.8245615363121,93.54543846845627
414.98191982507706,100.29608017206192
874.3242828845978,42.91671711206436
100.35063540935516,1200.4083645939827
721.044993519783,73.51100647449493
614.1653522849083,585.7426477074623
105.37670767307281,100.2342923283577
93.66306012868881,45.632939875125885
472.4874247312546,108.82757526636124
938.4967914223671,56.31820857524872
98.26315516233444,639.994844853878
96.68050861358643,97.02349138259888
259.20785784721375,89.29314213991165
100.30822908878326,97.30277091264725
123.63157415390015,94.29342585802078
543.0299336314201,108.89606636762619
970.9092810153961,113.16571897268295
95.49165081977844,97.37834918498993
105.42599016427994,94.66600984334946
353.934329867363,103.89767014980316
792.9626796841621,44.79632031917572
108.91501665115356,1113.7139833569527
95.75739789009094,97.03860211372375
99.65473014116287,96.47426986694336
103.03407800197601,95.16892200708389
79.33942610025406,93.64157390594482
437.21877551078796,47.72622448205948
853.9671087861061,107.90189123153687
101.18045246601105,1236.1525475382805
96.70778596401215,98.51421403884888
225.93812716007233,98.56187283992767
650.9284738302231,102.29452615976334
1086.5298107266426,106.98818928003311
600.3901351690292,103.25786483287811
987.0284795761108,109.74852043390274
98.62982100248337,95.9441789984703
96.45415550470352,98.36084449291229
397.9994824528694,52.03851753473282
810.0818053483963,98.7141946554184
101.53514736890793,1184.4828526377678
99.91448336839676,88.6405166387558
204.77482295036316,93.92817705869675
604.7281401753426,87.9388598203659
80.73646134138107,91.67053866386414
517.3197830319405,94.18021696805954
979.1421311497688,65.94986885786057
97.652492582798,87.88550740480423
96.25382268428802,91.78417730331421
318.2981398701668,91.44286012649536
799.3444764614105,44.767523527145386
650.2418555617332,501.6101444363594
100.36123418807983,92.23076581954956
100.51857835054398,98.00042164325714
96.73191046714783,101.97208952903748
100.25824010372162,93.51875990629196
454.6005807518959,58.13941925764084
833.3129429221153,45.187057077884674
151.84029692411423,1084.34470307827
96.70064121484756,96.42835879325867
215.33897536993027,75.58602464199066
629.7743055224419,97.55969446897507
1094.022655069828,91.07034492492676
96.47598552703857,92.70901447534561
966.0583153963089,97.58968460559845
98.03166151046753,87.78433847427368
103.54001462459564,94.01598536968231
335.04737824201584,98.43262177705765
748.1687151193619,76.46128487586975
649.010073184967,507.2499268054962
97.05543345212936,99.07356655597687
102.08276587724686,98.95423412322998
529.5171074271202,103.25989258289337
62.15547442436218,93.0285255908966
420.0908240675926,100.78017592430115
837.599153637886,102.45584636926651
102.08951061964035,1125.2434893846512
98.20886009931564,92.97613990306854
232.5511947274208,53.94880527257919
628.8195363283157,92.47746366262436
1056.4398746490479,48.59812533855438
95.13320845365524,87.3117915391922
60.864550054073334,83.11744993925095
98.53990757465363,88.1830924153328
99.95524996519089,92.11875003576279
367.68559408187866,45.35040587186813
778.6759386062622,86.06306141614914
649.9623017311096,502.05569821596146
102.60169076919556,98.43530923128128
88.46304565668106,100.44595432281494
502.74938410520554,62.71361589431763
965.0537221431732,56.427277863025665
97.78406059741974,97.41893941164017
837.3123858571053,103.92861413955688
99.54371470212936,1142.6422852873802
97.4030556678772,92.11494433879852
223.87540221214294,83.9775977730751
628.0687407255173,91.44925928115845
1184.004115819931,69.25588417053223
347.2001610994339,34.373838901519775
797.579458296299,52.92054170370102
82.16175603866577,1092.4302439689636
79.1150490641594,84.23695093393326
80.47634214162827,80.78365784883499
82.780646443367,84.20135354995728
132.8639554977417,36.41404449939728
597.0202495455742,38.424750447273254
1053.3065474033356,76.19345259666443
77.46284407377243,83.18515592813492
81.00913214683533,87.02786785364151
955.0267105102539,39.91728949546814
78.20199835300446,81.98400163650513
860.9502913355827,73.40070867538452
84.31158995628357,1172.6704100370407
83.00589740276337,84.93910259008408
761.3564984202385,39.05150157213211
674.2538001537323,529.1351998448372
81.91110652685165,81.42189347743988
168.9754000902176,45.04359990358353
643.4287067651749,53.7382932305336
1093.1030012369156,77.00799876451492
544.6672955751419,49.62870442867279
433.029867708683,35.39713227748871
890.8901617527008,65.85183823108673
83.89847505092621,1263.1755249500275
84.88776463270187,90.2782353758812
321.47106486558914,37.713935136795044
706.5353797674179,69.83462023735046
623.8967028856277,558.0672971010208
82.57204407453537,86.96495592594147
86.54334127902985,89.38265872001648
79.05163460969925,85.74436539411545
88.07893288135529,29.18106710910797
520.384246468544,48.76475352048874
994.429545044899,53.32945495843887
81.0498514175415,86.21014857292175
83.35414856672287,97.29385143518448
374.77043974399567,46.26656025648117
803.871734380722,67.49826562404633
81.21403992176056,1182.9899600744247
81.72233498096466,85.98166501522064
84.30562746524811,1148.7683725357056
81.36998295783997,85.07501703500748
136.06328028440475,56.26971971988678
605.3315837979317,44.63141620159149
1027.3958920836449,70.45610791444778
88.23721152544022,77.61378848552704
61.61651760339737,70.90248239040375
430.60681599378586,62.856184005737305
859.745154261589,56.99584573507309
400.272463619709,61.727536380290985
819.9847674965858,44.73723250627518
85.9000757932663,1103.9689242243767
81.94637686014175,85.86862313747406
209.4366781115532,36.359321892261505
661.9269942045212,46.240005791187286
1095.6942954659462,39.268704533576965
80.75961023569107,82.5183897614479
82.50892001390457,58.899079978466034
523.5172212123871,47.464778780937195
437.8868262767792,37.854173719882965
891.320124745369,52.45687526464462
84.60742408037186,94.91057592630386
79.56072300672531,83.9582769870758
320.06901854276657,86.54198145866394
765.5963310003281,50.10666900873184
81.43863421678543,1062.8393657803535
79.05793565511703,43.25706434249878
68.51123231649399,64.00676769018173
90.61252623796463,60.16547375917435
88.41800725460052,81.98999273777008
476.59332233667374,60.68467766046524
890.305675804615,64.19432419538498
90.31403338909149,1168.4829666018486
83.95235604047775,80.49264395236969
275.88770347833633,68.31629651784897
657.7850832939148,29.548916697502136
1017.4785393476486,48.336460649967194
502.6539467573166,920.2160532474518
949.9953140616417,53.170685946941376
88.17067950963974,629.3463205099106
87.97698974609375,84.85601025819778
310.8553619980812,60.19963800907135
684.9197564125061,33.246243596076965
1034.5401465296745,60.03485345840454
91.03051882982254,82.34048116207123
84.0145149230957,87.67048507928848
470.75916904211044,55.518830955028534
83.4478207230568,86.81217926740646
312.87552458047867,35.771475434303284
746.5272028446198,53.675797164440155
1132.0679168105125,51.89608317613602
83.70063245296478,87.02236753702164
86.70440870523453,85.35259127616882
503.89205926656723,68.97894072532654
872.450757920742,38.95724207162857
89.32346707582474,1161.3615329265594
84.93812066316605,88.09887933731079
108.4597755074501,1056.2072244882584
84.01848649978638,86.70451349020004
145.13213747739792,91.47886252403259
470.9690470099449,40.16095298528671
876.3607617616653,33.23223823308945
129.19645828008652,1131.524541735649
102.01511001586914,75.65088999271393
260.1298053264618,71.77819466590881
728.3174864649773,70.2375135421753
1114.4682279229164,56.161772072315216
536.5829297304153,60.194070279598236
955.7706115841866,59.59938842058182
85.57133150100708,86.13366848230362
82.11001926660538,92.53798073530197
319.0026983618736,56.08930164575577
688.1724566221237,49.642543375492096
1090.3602283596992,70.23177164793015
78.78994995355606,85.95105004310608
69.21859288215637,69.41140711307526
78.48030179738998,84.38969820737839
83.8909398317337,88.905060172081
383.85658025741577,64.53141975402832
817.6192110776901,67.12078893184662
74.52984809875488,1100.6181519031525
81.05147749185562,84.39352250099182
277.99911165237427,75.40788835287094
731.0947397947311,76.5542601943016
1117.801379084587,89.42162090539932
76.11901289224625,88.58398711681366
75.21463561058044,88.26736438274384
75.8662593960762,88.0417405962944
78.36888468265533,96.22411531209946
499.13151824474335,40.943481743335724
965.9851457476616,40.88485425710678
74.5077857375145,87.36321425437927
85.34340953826904,87.26759046316147
827.1646783351898,72.6493216753006
75.18629199266434,1126.5357080101967
759.3189162015915,36.348083794116974
87.08154273033142,1065.9184572696686
76.1761686205864,88.52683138847351
230.58679300546646,60.6722069978714
662.3304256796837,53.20657432079315
1080.5750574469566,39.99894255399704
54.003688275814056,62.01531171798706
101.20931881666183,47.40068119764328
538.7689497470856,66.25005024671555
961.6605825424194,54.70941746234894
461.4962242245674,48.48477578163147
879.592869758606,50.463130235672
93.70651054382324,627.8124894499779
110.39515072107315,44.289849281311035
332.82381600141525,49.28718400001526
754.4194652438164,86.48853474855423
1161.6081375479698,61.429862439632416
94.98179876804352,101.22320121526718
95.3201676607132,102.40183234214783
119.953852891922,102.47314709424973
376.5675389766693,98.93246102333069
797.6082144379616,98.55878555774689
93.01787799596786,1119.9451220035553
95.24354416131973,99.46045583486557
177.33921283483505,101.38378715515137
639.3608875274658,77.17611247301102
1029.9565760493279,55.30242395401001
92.38426089286804,94.24473911523819
101.0359383225441,100.03806167840958
98.59461307525635,102.2573869228363
144.43130123615265,56.58669877052307
140.19432747364044,73.38067251443863
614.474980533123,63.118019461631775
1044.1816254854202,33.4483745098114
81.6662712097168,86.926728785038
56.31692200899124,91.31307798624039
460.0795760154724,67.66142398118973
901.3042226433754,63.824777364730835
357.75187212228775,75.11812788248062
797.1065253019333,67.00447469949722
80.64617413282394,1115.8158258795738
95.70582520961761,66.55317479372025
202.54148107767105,70.902518928051
630.3411358594894,70.78786414861679
1049.2327892184258,48.32221078872681
90.19945627450943,93.3385437130928
90.0361196398735,95.74188035726547
412.2977914214134,92.77620857954025
90.18947511911392,93.08852487802505
315.00715017318726,94.32584983110428
747.0848220586777,96.41617792844772
96.40251803398132,1047.3754819631577
96.3312115073204,99.29878848791122
121.83488076925278,39.2391192317009
525.4125544428825,96.73644554615021
955.766226708889,97.04777330160141
93.71390098333359,97.41609901189804
100.34658062458038,97.35741937160492
92.7572693824768,1165.7617306113243
92.31593298912048,95.38806700706482
259.30059963464737,98.01440036296844
672.8402800559998,52.88271999359131
1116.7319431304932,62.786056876182556
91.86460852622986,92.2823914885521
75.84927064180374,91.03972935676575
454.62994515895844,70.29605484008789
889.3556275367737,99.29337245225906
97.00630021095276,650.1406998038292
815.6209836006165,46.08201640844345
91.34565895795822,1095.9133410453796
93.46034187078476,98.18765813112259
191.019009411335,98.46299058198929
612.0036773681641,101.08932262659073
1085.9503609538078,57.06763905286789
93.01006513834,94.7869348526001
94.29073721170425,99.15426278114319
402.62740594148636,102.41059404611588
92.31507551670074,96.96192449331284
271.5217350721359,101.12626492977142
739.6543962359428,50.789603769779205
613.436062514782,524.7869374752045
90.84572720527649,97.35827279090881
103.14538645744324,101.28061354160309
525.0930632352829,55.962936758995056
970.5407542586327,105.57124572992325
91.24742496013641,95.03157502412796
94.17609530687332,95.26890468597412
93.93777143955231,94.37622857093811
95.01544243097305,97.28155755996704
199.33312171697617,102.61087828874588
629.9657902121544,97.66320979595184
1103.135458946228,92.55054104328156
90.95412242412567,96.71387755870819
98.38279038667679,50.43320959806442
450.77445006370544,102.70754992961884
911.6481250524521,61.48187494277954
93.594797372818,648.5532026290894
775.8204605579376,44.605539441108704
94.8791286945343,1103.4728713035583
96.80780243873596,101.89619755744934
178.97749203443527,103.33750796318054
608.4251646399498,45.18583536148071
1046.0578314065933,57.9601686000824
92.61649030447006,101.51350969076157
100.82314848899841,98.08485150337219
426.2518113851547,101.45218861103058
43.03247809410095,770.6895219087601
329.92416548728943,51.74183452129364
742.3348767161369,46.295123279094696
619.004544377327,522.642455637455
92.76721030473709,95.17678970098495
74.01088738441467,94.60011261701584
507.55055272579193,96.68944728374481
942.2952213287354,100.87177866697311
92.13088500499725,95.64611500501633
100.19056916236877,103.55143082141876
94.04428547620773,96.45471453666687
91.97396045923233,95.93303954601288
240.53262531757355,84.57837468385696
657.368296444416,49.019703567028046
1057.4279692173004,101.49903076887131
193.39364260435104,80.16235738992691
50.10030907392502,78.88169091939926
465.7509776353836,100.00702238082886
856.8656452894211,105.17235469818115
96.03530561923981,1272.9646943807602
798.6489694714546,961.8320305347443
90.2626302242279,1176.4583697915077
90.34031003713608,101.38168996572495
156.47297155857086,103.56402844190598
609.6246474981308,45.39435249567032
1012.7943097352982,114.15069025754929
95.59398078918457,97.72101920843124
106.20765119791031,98.23734879493713
409.6733258962631,39.56767410039902
811.3060056567192,113.73099434375763
317.21667915582657,52.987320840358734
745.8863530755043,54.909646928310394
619.9450356960297,522.5179643034935
90.6517094373703,139.69929057359695
108.65436989068985,97.30863010883331
499.8980466723442,106.76795333623886
974.6797159314156,54.283284068107605
92.99736648797989,93.13163352012634
90.57402604818344,97.68497395515442
92.28168731927872,97.14431267976761
91.06234711408615,95.12365287542343
269.86101323366165,99.87898677587509
650.1787145733833,103.69128543138504
1128.9783826470375,49.24361735582352
91.27805334329605,97.62894666194916
49.576721251010895,89.99727874994278
462.02539122104645,99.1236087679863
927.1950615644455,58.268938422203064
93.58673542737961,120.78326457738876
91.55241268873215,89.87358731031418
94.35108196735382,1112.8149180412292
88.98374801874161,91.36725199222565
192.65440994501114,48.14159005880356
600.8970699906349,44.58293002843857
1078.2897227406502,58.95127725601196
90.42238146066666,93.61461853981018
40.426041543483734,91.3149584531784
463.0957050919533,97.44129490852356
867.3393725156784,51.45662748813629
387.0080402493477,112.78795975446701
796.4747121334076,50.13628786802292
91.21838515996933,1108.485614836216
91.57306450605392,90.77793550491333
159.1877297759056,92.79427021741867
584.7464127540588,65.55058723688126
981.712120115757,52.41687989234924
92.67878717184067,93.85821282863617
94.73745429515839,98.41154569387436
380.499120593071,99.53787940740585
94.94678193330765,98.98021805286407
266.11644691228867,54.36455309391022
720.5821190476418,52.01088094711304
1151.2707956433296,59.56320434808731
93.29246252775192,101.09653747081757
92.53513592481613,100.13086408376694
530.6128012537956,101.35019874572754
959.8944608569145,59.86553913354874
93.89713507890701,101.84386491775513
94.78880226612091,96.0261977314949
99.69947266578674,1154.4855273365974
97.86916327476501,100.77983671426773
213.2048688530922,91.70213115215302
644.152535200119,47.10646480321884
1070.4522141814232,67.58478581905365
94.5108790397644,91.00712096691132
88.05055320262909,88.72644680738449
457.2202209830284,50.31577903032303
878.537883579731,61.66511642932892
92.05954450368881,1267.7924554944038
797.7302041649818,51.17779582738876
94.3248764872551,1176.1371235251427
136.86556208133698,75.19043791294098
177.09121930599213,100.39178067445755
563.259897172451,106.9611028432846
1035.374554336071,53.42144566774368
89.7482157945633,98.82678419351578
93.5838732123375,93.43412679433823
419.6425337791443,40.802466213703156
92.33121067285538,94.66978931427002
293.2968701720238,96.01812982559204
754.8185225725174,57.86647742986679
88.52518743276596,1131.0858125686646
91.80584800243378,91.43515199422836
132.77251249551773,94.52448749542236
578.0711809396744,100.79981905221939
1007.5558478832245,50.796152114868164
90.74451971054077,91.126480281353
100.08120346069336,98.62279653549194
95.74986606836319,95.54613393545151
87.14153254032135,91.61746746301651
277.29319697618484,40.947803020477295
720.2958608269691,52.90713918209076
1154.336524963379,71.1634750366211
90.58018642663956,90.14281356334686
93.8428503870964,93.84314960241318
528.9565117955208,45.0244882106781
969.1271732449532,62.854826748371124
92.31382888555527,93.48217111825943
884.9284920692444,60.92350792884827
88.89516013860703,1183.23583984375
89.52682024240494,92.52817976474762
266.54848366975784,40.04351633787155
705.7001867890358,53.780813217163086
1069.0548961758614,103.44410383701324
92.39156252145767,92.182437479496
58.802223324775696,86.66077667474747
471.0458834171295,45.08411657810211
903.4565548300743,59.858445167541504
376.5512256026268,38.2437744140625
814.3328968286514,48.76010316610336
91.46556162834167,1111.1274383664131
91.45021903514862,106.40178096294403
202.48987013101578,100.56612986326218
633.4185231924057,51.155476808547974
1071.1251860260963,59.91181397438049
90.27685362100601,101.26014637947083
110.90951973199844,68.42448025941849
78.6165000796318,86.47649991512299
78.52714747190475,86.80585253238678
293.2337963581085,61.95220363140106
707.6444482803345,64.31855171918869
1086.4980996251106,65.90890038013458
80.57575088739395,86.20124912261963
91.63440197706223,66.55059802532196
516.1190499663353,42.8809500336647
939.9546993970871,43.82230061292648
79.31035029888153,86.00464969873428
79.27599251270294,89.53900748491287
80.2606390118599,639.6653609871864
80.02328765392303,85.90271234512329
293.67394000291824,67.95605999231339
747.7515929341316,73.84140706062317
565.995239853859,574.6527601480484
79.7018917798996,88.5951082110405
126.09353876113892,69.05446124076843
614.1521896719933,57.21881031990051
1018.432840526104,50.122159481048584
466.80648839473724,38.78551161289215
932.7351514101028,44.06084859371185
79.88580828905106,95.00219172239304
81.66745603084564,85.99954396486282
327.46611309051514,67.2738869190216
785.6367698311806,88.60423016548157
80.34242862462997,1065.4905713796616
78.01207876205444,87.89492124319077
169.77473360300064,72.92826640605927
47.481380879879,505.9996191263199
88.55804592370987,67.1999540925026
518.7286968827248,89.97530311346054
979.5833449959755,87.36165499687195
81.73399543762207,35.858004570007324
85.57164603471756,47.42935395240784
369.7592978477478,72.33370214700699
816.4849480986595,63.867051899433136
86.17258989810944,1097.6424100995064
81.5272501707077,44.60174983739853
86.2149001955986,44.340099811553955
86.36756646633148,54.91143351793289
108.36926156282425,73.85273844003677
541.7429124116898,79.44208759069443
971.6535623669624,41.80943763256073
52.41620999574661,72.80678999423981
58.955856680870056,73.04414331912994
387.0895071029663,53.65149289369583
807.3691558241844,37.92684417963028
68.0388018488884,1132.3131981492043
745.8754519224167,40.717548072338104
1166.2671007514,73.2328992486
88.04874724149704,90.15525275468826
109.38440334796906,92.48559665679932
548.9800635576248,47.66793644428253
984.0207236409187,43.164276361465454
87.24538123607635,89.21761876344681
90.87803840637207,90.95496159791946
368.5107018351555,44.823298156261444
805.9583622217178,60.09763777256012
303.9240157008171,91.64998430013657
722.3536732196808,52.97932678461075
606.9853332042694,543.9406667947769
99.0809918642044,104.54800814390182
123.0106675028801,64.89733248949051
569.1803311109543,65.0046688914299
995.3689920306206,51.465007960796356
117.96464419364929,62.59135580062866
104.13329648971558,68.8477035164833
101.82194942235947,68.845050573349
99.21360719203949,69.52739280462265
326.79126793146133,55.63573205471039
747.3119299411774,88.33507007360458
101.0745906829834,1017.2034093141556
68.83724200725555,70.82875800132751
591.2325447201729,91.36045527458191
1028.291193664074,43.76580631732941
65.20183324813843,67.09516674280167
87.35148066282272,54.591519355773926
64.76313018798828,70.49686980247498
57.74678486585617,73.9192151427269
336.6574819087982,74.12051808834076
1015.1421730518341,38.39482694864273
1097.1259355545044,66.1700644493103
76.61157727241516,87.86942273378372
90.91040372848511,87.7935962677002
478.95110803842545,73.41989195346832
951.4917879104614,73.6392120718956
416.179426074028,40.1355739235878
735.7371618747711,38.150838136672974
1114.0738629102707,67.68513709306717
76.81850117444992,87.9964988231659
161.9131305217743,53.56786948442459
714.5277758836746,91.58322411775589
982.1054079532623,95.80259203910828
434.90626031160355,53.66773968935013
891.8159030079842,38.387097001075745
70.44954741001129,73.97645258903503
77.23018884658813,67.49181115627289
96.60758036375046,75.46841967105865
251.18321120738983,93.77978879213333
772.4268758296967,93.46112418174744
1058.2085285186768,37.847471475601196
81.45118081569672,74.39981919527054
106.15882366895676,112.6931763291359
501.476465344429,73.98653465509415
908.7391052246094,39.501894772052765
428.1307482123375,132.83225178718567
927.8373910784721,55.755608916282654
57.04403209686279,640.9369679093361
53.58467382192612,77.76732617616653
354.6053065061569,152.69069349765778
59.61161780357361,1055.5363821983337
66.31925678253174,72.86674320697784
208.2468927502632,135.30810725688934
638.1395329236984,83.76846706867218
179.64216303825378,99.15383696556091
589.4607914686203,141.98420852422714
1003.8514233827591,63.62957662343979
88.26312881708145,95.56987118721008
76.78479790687561,78.2342020869255
428.3244333267212,134.63856667280197
860.1970653533936,78.04293465614319
48.755724251270294,1198.2062757611275
55.055362582206726,68.75863742828369
41.781004667282104,84.60799533128738
193.9902840256691,77.13971596956253
669.1419158577919,48.71008414030075
1072.0325471162796,36.652452886104584
92.85118091106415,57.018819093704224
133.28082764148712,61.27517235279083
490.63548654317856,35.661513447761536
449.0281913280487,73.39780867099762
781.8648236393929,136.32017636299133
88.9414809346199,1132.55851906538
799.0371651649475,32.129834830760956
608.5407958626747,528.6822041273117
80.61743921041489,89.10456079244614
196.028069794178,62.82393020391464
645.1786984205246,55.15430158376694
1026.6633332371712,39.966666758060455
81.18497425317764,88.2590257525444
79.74260574579239,88.29339426755905
517.4682354331017,57.32776457071304
456.78949761390686,60.41450238227844
901.0511271357536,60.503872871398926
1335.9067579507828,35.09424203634262
100.05740451812744,65.35059547424316
317.67207384109497,63.80992615222931
715.4347494840622,69.80625051259995
441.2350367307663,34.357963263988495
939.6456667780876,73.1693332195282
74.90829491615295,1154.7397050857544
79.3369168639183,88.29308313131332
77.67256331443787,1091.0494366884232
83.28619974851608,91.74980026483536
233.7538452744484,47.76515471935272
678.570497572422,43.817502439022064
1066.8331421613693,64.49985784292221
92.8357834815979,92.10821652412415
92.48742741346359,42.12357258796692
887.4197075366974,108.3772924542427
487.811350107193,44.65164989233017
910.0739895701408,64.24101042747498
81.26163977384567,1160.0523602366447
80.65427356958389,88.58672642707825
498.3419081568718,99.47309184074402
726.6775649189949,75.85843509435654
1141.588195681572,42.09580433368683
76.49883669614792,89.0201632976532
158.24346548318863,51.886534512043
628.875091612339,48.71790838241577
99.98872298002243,54.62227702140808
594.825362443924,43.025637567043304
456.1822930574417,156.79970693588257
865.8699336647987,43.57406634092331
89.65060460567474,1194.7383953928947
76.91330373287201,74.43869626522064
287.54593390226364,142.06506609916687
738.5855748653412,131.11742514371872
1083.1262166500092,33.31878334283829
72.94386559724808,73.8341343998909
57.94750905036926,900.034490942955
54.043156147003174,76.40184384584427
88.76778709888458,155.63921290636063
564.362414598465,106.3035854101181
980.3850427865982,149.68895721435547
63.220674991607666,147.3343250155449
401.7829380631447,34.53206193447113
823.6925837397575,89.65841627120972
412.69810819625854,73.7468917965889
64.07076555490494,74.52123445272446
347.5934137701988,56.94458621740341
706.1510486006737,39.959951400756836
1143.2286964058876,69.23430359363556
82.76934713125229,89.60165286064148
178.03099662065506,37.33900338411331
531.97764056921,41.336359441280365
1147.537276983261,71.35272300243378
79.11391603946686,94.60808396339417
80.1535472869873,107.8464527130127
77.00918662548065,92.82381337881088
85.40081709623337,96.39618289470673
402.6074659228325,42.13353407382965
815.7221002578735,79.07489973306656
87.96474927663803,1179.201250731945
76.00541073083878,88.58758926391602
242.43504393100739,40.50995606184006
711.4736832976341,31.803316712379456
1090.0703229904175,55.9106770157814
67.10996705293655,73.445032954216
997.0396028161049,44.22039717435837
77.35726916790009,91.36573082208633
84.9339040517807,90.78809595108032
418.23354786634445,90.98945212364197
890.1251835823059,93.2818164229393
79.09182584285736,1295.9271741509438
81.53845679759979,88.96154320240021
302.2260990142822,71.56890100240707
722.6927567124367,31.99224328994751
245.88038671016693,55.41461330652237
707.2910344004631,91.65296560525894
1070.4976842403412,63.94631576538086
78.03832030296326,85.62867969274521
103.33695536851883,59.31104463338852
535.8396027088165,64.06739729642868
977.0842509269714,63.433749079704285
68.08788412809372,67.82011586427689
110.3315259218216,61.48447406291962
107.11118763685226,195.48081237077713
122.68884515762329,71.88515484333038
273.3035426735878,72.36345732212067
443.3068770170212,42.23012298345566
872.1425331234932,46.005466878414154
79.09117478132248,1214.7248252034187
77.94481605291367,87.98018395900726
306.8374615907669,72.32953840494156
707.9891155362129,55.56688445806503
1125.731761097908,49.24923890829086
80.47641187906265,69.43158811330795
1100.516059100628,78.7799409031868
85.85271799564362,88.86928200721741
82.72636789083481,93.45963209867477
457.26502829790115,69.41997170448303
890.7876998782158,74.67530012130737
142.38337242603302,1185.635627567768
464.12980020046234,33.01819980144501
874.5954824090004,63.42251759767532
85.76616907119751,1182.9378309249878
83.08281153440475,89.01018846035004
82.04945540428162,89.85854458808899
81.27412056922913,91.1518794298172
217.5557827949524,51.00021719932556
570.7985640764236,87.53443592786789
1052.0612006783485,73.4757993221283
79.45283806324005,88.13916194438934
85.47448700666428,88.0065129995346
435.756118953228,70.63288104534149
877.6847531795502,58.018246829509735
78.05739271640778,650.5346072912216
825.061029613018,103.03097039461136
81.97066915035248,1127.9173308610916
108.75230783224106,73.04369217157364
267.8669425845146,61.48605740070343
714.7025711536407,65.05742883682251
1096.946208357811,55.59079164266586
77.30085694789886,84.93914306163788
137.56349605321884,45.15850394964218
579.5851324796677,53.74786752462387
46.80977863073349,898.579221367836
514.9064144492149,61.46458554267883
890.853054702282,49.7939453125
75.54168105125427,87.29131895303726
75.13630455732346,86.89969545602798
392.8069289326668,68.23107105493546
808.8655570149422,37.39344298839569
58.36819475889206,1139.3548052310944
46.44584107398987,70.16615891456604
44.081112027168274,70.47488796710968
233.58373749256134,46.731262505054474
663.9013631939888,73.04263681173325
1141.959990620613,57.373009383678436
77.50063288211823,84.36936712265015
110.92926931381226,48.811730682849884
508.7289079427719,51.86409205198288
884.2495414018631,50.45345860719681
76.34618353843689,89.07981646060944
76.90382039546967,89.57717961072922
75.42545229196548,90.7595477104187
76.7810829281807,86.66391706466675
290.28473830223083,54.308261692523956
1282.8053716421127,78.21262836456299
1136.919007897377,44.357992112636566
74.81064891815186,85.52135109901428
170.1482789516449,46.24072104692459
654.8729065656662,33.201093435287476
1104.987536430359,36.939463555812836
127.12016367912292,49.88083630800247
973.7517979741096,37.433202028274536
108.05246156454086,106.54053843021393
120.92515736818314,100.33484262228012
307.4098439216614,101.83115607500076
726.5795414447784,102.29145854711533
1142.1382376551628,49.04776233434677
107.14093732833862,103.82206267118454
78.21762424707413,78.57837575674057
485.851304769516,100.31569522619247
102.66898375749588,106.34901624917984
395.7266720533371,91.3653279542923
792.9523724317551,48.76962757110596
647.2151141762733,546.6178858280182
106.7368528842926,104.85614711046219
120.6475510597229,69.03844892978668
512.5212463736534,101.81275361776352
926.9859492778778,49.45805072784424
104.80463743209839,658.5293625593185
108.27033388614655,105.82166612148285
117.57002520561218,109.76397478580475
112.12875241041183,108.5012475848198
127.9834560751915,101.57154393196106
546.5611709952354,105.19882899522781
963.0078714489937,50.54812854528427
100.36358696222305,112.67341303825378
109.73628324270248,103.17071676254272
285.8139901161194,102.79700988531113
688.4827172160149,46.42328280210495
1112.5974156856537,56.45758432149887
578.2121031284332,103.7148968577385
1001.6967871189117,47.63721287250519
101.12546646595001,99.05953353643417
96.42415070533752,95.81584930419922
362.9088361263275,101.18416386842728
779.1155281662941,106.12547183036804
656.156244456768,516.4177555441856
102.36299842596054,100.74800157546997
70.69969534873962,95.56030464172363
494.2203909754753,105.90960901975632
103.74208289384842,105.73891711235046
379.8567819595337,103.66121804714203
801.0084756612778,102.04752433300018
671.8071805238724,537.2298194766045
535.2753636837006,94.72463631629944
926.685992538929,62.184007465839386
78.20763146877289,84.69936853647232
84.32227694988251,86.0857230424881
421.8799306154251,55.76806938648224
806.4015800356865,62.93141996860504
978.4268540143967,63.925145983695984
82.35549473762512,1071.5335052609444
76.89614236354828,89.51185762882233
266.41676926612854,73.30523073673248
624.493398308754,93.22760170698166
1060.1820224523544,40.4479775428772
74.83265215158463,85.98134785890579
301.66927617788315,75.34872382879257
578.2459051012993,70.04909491539001
79.43553674221039,85.28746324777603
497.36416524648666,37.56183475255966
889.8847944736481,51.46620553731918
75.24042445421219,86.31557554006577
76.33505481481552,87.64594519138336
347.11668652296066,59.013313472270966
825.1373158097267,46.60268419981003
76.32595133781433,1162.378048658371
49.77358102798462,69.81841897964478
86.62921452522278,65.07478547096252
88.00185352563858,88.62814646959305
128.96852165460587,70.62447834014893
576.9891641736031,74.17683583498001
1040.899798154831,73.87820184230804
129.6254271864891,153.93057280778885
80.46105796098709,105.18694204092026
432.74170184135437,78.4242981672287
878.7273859977722,79.06861400604248
132.89703285694122,1112.1589671373367
143.54768192768097,69.60031807422638
1245.5313528776169,60.00464713573456
464.0937415957451,33.38825839757919
823.7074375748634,34.95956242084503
83.41413354873657,1105.4928664565086
93.06482285261154,84.86017715930939
241.03153908252716,73.80246090888977
529.7942672967911,40.94673269987106
986.7969371676445,55.25906282663345
80.31862944364548,87.82937055826187
80.69227457046509,87.28972542285919
78.67592096328735,96.47207903862
80.82757073640823,87.89442926645279
320.44221144914627,61.724788546562195
759.4268480539322,51.18515193462372
629.9284816980362,597.2745183110237
79.21011310815811,88.64188688993454
209.6207441687584,73.02725583314896
631.6053792238235,77.87662076950073
503.9040060043335,582.1879940032959
517.0948182940483,45.86818170547485
80.48744875192642,84.45855122804642
458.786083817482,42.28791618347168
1079.2887256741524,70.04427433013916
76.86536806821823,89.41163194179535
79.96100175380707,85.39099824428558
326.7426335811615,33.53536641597748
743.07825922966,54.90274077653885
87.9148873090744,1096.7701126933098
80.23354405164719,86.00845593214035
82.81018298864365,89.35681700706482
79.96082764863968,88.65017235279083
247.63047111034393,88.18452888727188
568.1521130800247,40.40288692712784
993.1737616062164,63.93723839521408
79.25039935112,86.65660065412521
85.69804298877716,86.24595701694489
392.4416936635971,40.410306334495544
846.5933293700218,68.70267063379288
81.13397777080536,1252.9590222239494
77.93261975049973,87.51238024234772
83.52828216552734,1177.5457178354263
80.82693529129028,90.48706471920013
201.05257880687714,128.1694211959839
639.0932208299637,58.51777917146683
1058.2438662052155,36.1071338057518
82.98751145601273,87.7344885468483
75.23215359449387,146.15684640407562
487.6238012909889,40.636198699474335
900.1264439821243,54.26255601644516
425.8510866165161,79.0549134016037
880.724727332592,61.849272668361664
82.52438002824783,1161.73461997509
82.58309018611908,89.30590981245041
323.64173024892807,79.11826974153519
762.7003776431084,58.021622359752655
1091.388025045395,46.833974957466125
79.13167411088943,88.21932590007782
141.06132513284683,49.2726748585701
494.58297634124756,34.103023648262024
80.1226134300232,88.59938657283783
472.40325462818146,57.318745374679565
946.7399081587791,68.81609183549881
82.64954501390457,651.4244549870491
79.46819204092026,87.90280795097351
350.2118284702301,76.65817153453827
730.4184771180153,38.655522882938385
623.4391049146652,547.7078951001167
75.16576766967773,87.09423232078552
73.9453917145729,87.72060829401016
77.26402282714844,89.80997717380524
169.3776605129242,74.6223394870758
584.0662929415703,51.00770705938339
956.1989216208458,51.542078375816345
76.2195662856102,87.50143373012543
79.2231947183609,90.4808052778244
458.54082733392715,51.107172667980194
887.0444589853287,77.25154101848602
78.86209636926651,1172.8229036331177
75.93972599506378,88.50527399778366
664.9603592157364,556.9466407895088
502.63356268405914,44.34843730926514
941.6171969771385,66.82680302858353
82.87983560562134,90.21216440200806
82.7154706120491,90.24652940034866
365.55211067199707,41.855889320373535
804.4807571768761,59.334242820739746
81.61340254545212,1140.9415974617004
79.83903747797012,90.53096252679825
133.17467153072357,73.43532848358154
78.51130324602127,92.39569675922394
197.62593519687653,47.18906480073929
603.2215690016747,62.14843100309372
1102.9652294516563,72.71977055072784
82.46789127588272,90.92010873556137
79.43452674150467,89.25047326087952
461.1971570253372,36.24784296751022
893.5507935881615,60.85620641708374
74.33243018388748,91.31656980514526
76.22406023740768,90.01693975925446
78.83768850564957,633.161311507225
77.08131349086761,91.08468651771545
331.12194389104843,69.74905610084534
711.7546193599701,46.48538064956665
1144.3312560915947,45.50174391269684
76.16789078712463,88.61010921001434
162.134519636631,32.42148035764694
611.5261659622192,43.529834032058716
1069.972799539566,75.21220046281815
542.0694414377213,40.02355855703354
1088.2020725607872,71.53892743587494
75.20470535755157,88.05429464578629
79.76233392953873,89.82966607809067
423.802960395813,48.25203961133957
879.9175890684128,50.7684109210968
77.8832215666771,1170.1727784276009
74.68185150623322,89.66914850473404
306.7964857816696,47.53651422262192
77.37412577867508,89.29287421703339
239.9317605495453,46.92023944854736
690.3793941736221,46.675605833530426
1045.7340294122696,71.6539705991745
81.58967864513397,87.688321352005
104.573326587677,37.00067341327667
515.2619854807854,64.31101453304291
946.5796350836754,92.38336491584778
156.13928550481796,1270.7497144937515
227.73394656181335,67.84005343914032
52.591778337955475,71.83322167396545
94.24340504407883,33.14559495449066
518.9130359888077,55.790964007377625
945.0087282657623,52.6202717423439
87.21542829275131,1174.191571712494
99.44107645750046,37.68892353773117
308.4257807135582,50.1662192940712
721.2984679937363,46.49753201007843
1084.7282299995422,61.08676999807358
535.1939421892166,56.88005781173706
953.0486354827881,61.26536452770233
82.73734539747238,95.52165460586548
78.66701662540436,89.24098336696625
332.81766378879547,58.58933621644974
709.7094365954399,68.51256340742111
1117.9532064199448,44.842793583869934
83.8828564286232,71.35814356803894
520.5732101798058,73.55578982830048
65.72603541612625,49.976964592933655
65.30266982316971,51.6043301820755
406.3433085680008,108.69369143247604
718.364987373352,77.17301261425018
1148.219636440277,42.55736356973648
69.05527645349503,74.03672355413437
176.021912753582,34.10808724164963
599.6545528173447,46.104447185993195
1010.6942056417465,37.23079437017441
63.29085749387741,73.15414249897003
934.3115046024323,96.70649540424347
60.18415725231171,83.22184270620346
62.35480362176895,72.9051963686943
798.3610991835594,63.39790081977844
630.7527475357056,562.2842524647713
78.60842233896255,86.09557765722275
188.7210677266121,54.50093227624893
635.7247128486633,57.03428715467453
1042.9683594107628,41.383640587329865
529.6200066804886,66.15799331665039
997.7336511015892,60.396348893642426
128.94130367040634,67.13269633054733
171.98095607757568,63.46404391527176
159.6690582036972,79.92294180393219
607.5607075691223,63.864292442798615
1068.2673628926277,99.36163711547852
81.34501576423645,44.34098422527313
81.18433344364166,41.81566655635834
79.05799067020416,55.38600933551788
380.39465177059174,60.605348229408264
821.2863184809685,57.63968151807785
156.25197994709015,1078.8030200600624
178.88465923070908,58.57834076881409
82.9437660574913,85.70423394441605
410.81742268800735,68.5345773100853
856.3010777235031,60.123922288417816
90.82272785902023,1229.6952721476555
83.51138317584991,48.69261682033539
1168.2550420761108,64.94895792007446
462.6682485342026,91.22075146436691
951.0608788728714,77.62512111663818
76.24753147363663,90.30746853351593
82.88016885519028,86.54483115673065
295.550856590271,83.93014341592789
746.4975227117538,89.48347729444504
1163.5751639604568,68.33183604478836
77.5228066444397,84.82919335365295
76.65544486045837,84.88155514001846
77.60308283567429,85.84191715717316
80.25489681959152,84.69010317325592
441.94253700971603,88.44646298885345
864.8712224960327,39.66577750444412
83.669897377491,1174.218102633953
83.43354123830795,86.73445874452591
247.93623250722885,74.37876749038696
640.5879306793213,52.78306931257248
1029.8496922254562,70.03930777311325
80.2604068517685,88.64759314060211
928.3380454778671,65.38595449924469
83.24769115447998,90.030308842659
77.34334081411362,91.28565919399261
336.84596985578537,48.11703014373779
792.5715976953506,57.66940230131149
83.50124180316925,1138.9817581772804
76.37389451265335,90.94110548496246
263.02552658319473,53.69747340679169
618.6021725535393,71.11982744932175
166.86380398273468,42.00619602203369
578.60843282938,55.05956715345383
449.7973747253418,36.59162527322769
898.9850016832352,38.606998324394226
75.83963042497635,89.19636958837509
124.89926272630692,57.118737280368805
330.4948882460594,35.91311174631119
792.497520327568,33.44647967815399
79.33417719602585,1096.5918228030205
77.52280688285828,86.99719309806824
79.78444004058838,88.97555994987488
78.17706990242004,84.52793008089066
512.9196985960007,75.43230140209198
587.2193269133568,32.52167308330536
1034.2039605379105,48.37103945016861
76.28061026334763,83.86738973855972
81.65424257516861,35.12375742197037
459.69388937950134,66.6381106376648
894.734533727169,47.210466265678406
76.16416043043137,90.0028395652771
892.8877917528152,51.741208255290985
78.48441714048386,1162.9785828590393
80.72704637050629,87.43895363807678
307.8786827325821,38.34331727027893
724.6043125987053,91.63668739795685
1136.180940747261,64.4670592546463
74.6105746626854,85.2784253358841
187.0952004790306,72.99779951572418
636.8568336963654,78.21716630458832
994.0634793043137,80.17752069234848
551.974114716053,40.506885290145874
955.1067467331886,61.39325326681137
76.20237851142883,88.94562149047852
77.44601082801819,88.16498917341232
427.94864040613174,49.217359602451324
864.489267706871,83.99273228645325
82.64089614152908,1223.7481038570404
365.83215218782425,73.14984780550003
84.03879803419113,60.221201956272125
221.13345569372177,58.403544306755066
642.4881091713905,66.76989084482193
1096.8067763447762,75.91622364521027
129.75443816184998,71.39356184005737
80.98048311471939,86.22451686859131
314.07615011930466,55.64684987068176
750.3368007540703,61.07019925117493
1119.3964527249336,65.49254727363586
51.80710655450821,75.008893430233
98.3837525844574,71.56024742126465
142.75640326738358,67.89059674739838
99.01904833316803,129.75795167684555
440.6337300539017,115.68126994371414
864.4704105854034,127.28958940505981
119.75009936094284,1225.1189006567001
171.401811003685,64.82018899917603
88.66390812397003,59.74309188127518
557.704551756382,35.017448246479034
992.2262104153633,72.73678958415985
445.82186073064804,49.54813927412033
888.3625097870827,58.56449019908905
117.32816648483276,1236.542833507061
101.75682151317596,67.05817848443985
192.87175405025482,163.11024594306946
636.0593972802162,145.23760271072388
1072.7660262584686,81.60497373342514
114.3796780705452,54.749321937561035
90.4763268828392,40.46767312288284
446.3669759631157,57.53902405500412
164.94464510679245,68.07335489988327
173.8187279701233,43.107272028923035
607.2483603954315,46.51163959503174
1058.2689895033836,40.82301050424576
104.62462502717972,38.097374975681305
130.775270819664,55.984729170799255
431.6119420528412,66.92505794763565
877.7075959444046,70.64440405368805
162.37727171182632,1086.6967282891273
553.2525171041489,42.96848291158676
84.34815734624863,56.70684266090393
573.3148011565208,36.09319883584976
882.7244493961334,65.2015506029129
80.15408766269684,100.04891234636307
84.86073672771454,91.80526328086853
298.80838227272034,107.06261771917343
87.27666002511978,1081.741339981556
78.29833883047104,89.57166117429733
198.04297804832458,43.86502194404602
76.17562478780746,87.67637521028519
109.56727021932602,52.78472977876663
515.4769197702408,35.078080236911774
949.7575751543045,39.96342486143112
79.85421431064606,84.77678573131561
83.57985860109329,93.16214138269424
399.10051107406616,43.99148893356323
796.2881729602814,53.06382703781128
86.08782279491425,1121.8561772108078
79.73949658870697,84.24250340461731
1136.8721452951431,62.90585470199585
81.04393309354782,87.75306689739227
158.5492097735405,32.83979022502899
543.6844964027405,55.5935035943985
971.7467842698097,46.73521572351456
84.15906953811646,82.80393046140671
83.31334990262985,86.7426500916481
429.9476279616356,38.84837204217911
832.8609084486961,55.232091546058655
82.92217969894409,1147.299820303917
818.3354573845863,61.146542608737946
1164.1557409763336,56.02925902605057
83.81001627445221,87.33898371458054
178.2782887816429,46.64771121740341
611.617559492588,52.326440513134
1009.7528366446495,53.4511633515358
81.37011355161667,84.68588644266129
88.81938469409943,91.8096153140068
464.7136583328247,55.52734166383743
83.97893488407135,87.7610651254654
383.2252130508423,66.08878695964813
815.9714910984039,59.50950890779495
84.45877343416214,1102.948226571083
83.29704964160919,85.97995036840439
209.30331426858902,66.60368573665619
673.438579082489,63.43142092227936
1120.3328550457954,53.42614495754242
83.339135825634,62.23586416244507
116.41842555999756,67.09957444667816
136.51672667264938,66.7612733244896
143.78200697898865,76.75499302148819
232.54669404029846,63.620305955410004
668.4419459700584,76.13205403089523
1093.3172039985657,53.57079601287842
86.15647554397583,54.23252445459366
64.55076259374619,67.7262374162674
532.427032828331,64.12796717882156
970.3033114075661,57.65968859195709
101.34561574459076,113.52438426017761
801.9079448580742,108.90805512666702
115.46826338768005,1163.1797366142273
156.86259984970093,63.46940016746521
82.22030699253082,87.68669301271439
466.1525772213936,57.47742277383804
893.7698785662651,62.36112141609192
92.27516055107117,1257.8548394441605
79.55843335390091,47.3485666513443
298.30470645427704,55.36229354143143
114.58798968791962,59.357010304927826
208.50126683712006,60.66573315858841
666.3955563306808,52.45544368028641
404.4583294391632,58.52367055416107
830.5936069488525,53.20239305496216
84.96989738941193,1143.864102602005
107.23422026634216,73.15377974510193
237.3145049214363,47.241495072841644
673.3207802772522,41.16121971607208
1096.6220580935478,87.8039419054985
74.14634400606155,63.79865598678589
1033.7446228265762,91.27437716722488
65.58389294147491,68.80510705709457
51.64416927099228,65.6328307390213
466.87344390153885,76.70155608654022
901.6747214198112,41.43727856874466
82.25399833917618,1165.134001672268
79.92726558446884,86.64773440361023
301.1175459623337,37.697454035282135
726.9188212752342,36.377178728580475
217.53609865903854,41.9079013466835
639.7263808250427,54.47661918401718
409.64111346006393,70.93288654088974
941.980373442173,60.778626561164856
78.91262781620026,1176.8843721747398
82.60288387537003,89.87911611795425
348.72014731168747,51.20685267448425
896.7614025473595,62.60759747028351
1146.7116659283638,58.15833407640457
81.80993312597275,86.26406687498093
80.85320091247559,92.97979909181595
84.30346643924713,87.99253356456757
116.92073059082031,34.0992693901062
576.073987185955,69.89001280069351
937.4682420492172,70.92075794935226
80.45550608634949,86.89649391174316
81.49777007102966,87.90922993421555
435.004034280777,51.0699657201767
900.1392906904221,76.34270930290222
80.81156188249588,1245.1524381041527
787.0578383207321,73.94216167926788
618.7671481370926,600.3258518576622
83.8474286198616,87.7645713686943
194.53771209716797,42.5372878909111
625.9689878821373,43.67901211977005
1080.9742587804794,39.87674123048782
102.4857964515686,51.38420355319977
457.19508016109467,65.69391983747482
887.1263853311539,58.87361466884613
376.0396612882614,62.33033871650696
805.2859390377998,61.066060960292816
614.6992692351341,561.6147307753563
132.87154757976532,57.443452417850494
186.1178269982338,52.60417300462723
605.9201391935349,63.33886080980301
446.01980197429657,67.48019802570343
834.9330679774284,49.21493202447891
83.34632110595703,1164.8576788902283
82.25858718156815,88.31541281938553
85.3018508553505,1093.8831491470337
79.71512067317963,88.19287931919098
279.4423860311508,51.03961396217346
696.021649479866,70.21835052967072
1069.9729307889938,68.63806921243668
83.7921986579895,83.6148013472557
120.66846096515656,49.015539050102234
554.8037425875664,67.82525742053986
915.0140073895454,85.26499259471893
80.35230273008347,88.5186972618103
919.5245715975761,72.12342840433121
87.77083820104599,1218.1361618041992
81.36910343170166,85.13089656829834
309.3003668785095,40.7176331281662
775.0466449260712,73.56435507535934
625.5159189105034,531.9100810885429
87.63324332237244,67.62675666809082
113.87952101230621,53.750478982925415
544.6628152132034,61.18918478488922
182.26109606027603,74.94290393590927
261.4888585805893,41.95514142513275
709.5311126708984,41.26388734579086
1141.5553772449493,81.72162276506424
91.22863900661469,42.97536098957062
132.344908952713,48.50609105825424
538.3322283625603,57.59377163648605
77.85121005773544,84.3897899389267
450.374471783638,63.9215282201767
872.7327846884727,30.508215308189392
80.05308544635773,628.464914560318
777.2073596715927,85.38564032316208
81.45362907648087,1104.361370921135
79.2548947930336,85.85610520839691
186.90917229652405,59.47982770204544
578.5255836844444,85.03041630983353
1004.1988916397095,86.30110836029053
78.22219574451447,85.31480425596237
80.26548141241074,87.25351858139038
376.9007465839386,83.13725340366364
77.23909413814545,84.16790586709976
282.76335805654526,69.92164194583893
681.1587312221527,86.41626876592636
1084.331030011177,59.26196998357773
80.15129309892654,85.36770689487457
79.86074602603912,85.47325396537781
436.45901000499725,67.46698999404907
844.4093263745308,53.99867361783981
79.84064477682114,1171.8263552188873
79.54990726709366,85.35709273815155
78.81518161296844,87.27781838178635
76.57944518327713,84.29055482149124
182.8447048664093,63.24729514122009
612.1100040078163,34.68699598312378
1033.8553485870361,43.940651416778564
80.47266960144043,85.43433040380478
32.44093841314316,87.37306159734726
383.4472259283066,32.3307740688324
815.6935175061226,52.02948248386383
81.75478184223175,1170.0052181482315
747.8900471329689,46.18495285511017
1171.4323694705963,54.65963053703308
491.7742903828621,50.20770961046219
862.1316049695015,56.73939502239227
76.37890762090683,89.99209237098694
77.12516671419144,87.69083327054977
292.85243225097656,60.22156774997711
692.005813241005,66.80818676948547
1108.9931048750877,50.19189512729645
77.68438231945038,83.2976176738739
80.46765154600143,84.75434845685959
75.04691451787949,82.82308548688889
117.53420305252075,61.91079694032669
258.15185874700546,85.12614125013351
1129.4224033355713,57.18859666585922
82.14967083930969,84.60932916402817
110.32294535636902,67.7880546450615
595.9392142295837,50.82078576087952
999.407484292984,40.85151571035385
474.61675602197647,84.43824398517609
920.3630334734917,48.37796652317047
94.42430263757706,66.64969736337662
85.02257162332535,72.31142836809158
335.63884085416794,64.67615914344788
756.2561085820198,52.96589142084122
87.35537803173065,1096.7006219625473
84.1566419005394,95.45435810089111
169.0699062347412,36.63409376144409
606.8341784477234,56.83282154798508
113.50644135475159,86.60355865955353
545.4747105836868,39.358289420604706
987.5179819464684,61.24101805686951
83.11626243591309,88.25373756885529
95.8805280327797,88.39647197723389
400.4237964749336,36.61320352554321
835.2260543704033,65.75594562292099
92.32331657409668,644.3246834278107
81.03358525037766,89.44841474294662
79.42786574363708,89.94213426113129
82.1931294798851,87.60387051105499
176.58739590644836,39.61660408973694
667.962678194046,75.01832181215286
1068.745954990387,60.03104501962662
82.1412279009819,86.98877209424973
44.18350130319595,87.18649870157242
459.763776242733,44.12522375583649
909.5660482048988,46.61995178461075
80.60831725597382,89.78068274259567
79.79957526922226,91.60842472314835
83.67482799291611,651.2321720123291
81.10708570480347,87.13391429185867
263.4263582229614,37.16564178466797
696.5986485481262,48.54935145378113
1142.9019221663475,53.13507783412933
78.07419317960739,89.37080681324005
109.02445137500763,90.71654862165451
548.9187218546867,37.008278131484985
993.3129897713661,55.243010222911835
476.17026126384735,40.1817387342453
921.397533416748,49.06446659564972
82.5708002448082,87.37419974803925
86.05806809663773,89.1639319062233
428.9893460869789,41.140653908252716
772.1606254577637,43.46837455034256
86.27789747714996,1189.2961025238037
81.39516937732697,92.5688306093216
176.8454351425171,96.00656485557556
615.0547074079514,54.020292580127716
183.28197342157364,75.0510265827179
561.1022388339043,87.10076117515564
980.2195289731026,60.965471029281616
81.46579039096832,86.23820960521698
82.08305215835571,92.38094782829285
422.93931913375854,89.63368088006973
840.4825875759125,53.55441242456436
83.39585989713669,634.6601400971413
87.3831495642662,89.35785043239594
82.75942826271057,88.33357173204422
83.7276976108551,86.01330238580704
249.2509616613388,65.30403834581375
585.8683261871338,38.13167381286621
1000.0406284332275,59.45937156677246
80.89894312620163,87.67605686187744
100.81221789121628,87.29978209733963
402.2795266509056,69.8314733505249
892.7668433189392,69.38115668296814
80.4961805343628,1111.6158194541931
77.50147426128387,87.11052572727203
1123.432735145092,67.01226484775543
78.66106581687927,88.9139341711998
79.96251851320267,84.63048148155212
488.134784758091,56.21621525287628
65.32509654760361,760.7859034538269
83.68340712785721,628.6315928697586
82.6886710524559,88.44032895565033
312.3419395685196,34.02806043624878
669.9222604036331,69.46573960781097
183.16960591077805,48.49739408493042
549.3599147796631,52.04808521270752
1042.958229124546,71.37577086687088
77.20452958345413,86.03647041320801
82.13583046197891,87.95716953277588
349.3641592860222,68.48784071207047
839.1844637989998,63.019536197185516
1174.6907783150673,70.49522167444229
472.3287252187729,71.24627476930618
853.4440245628357,57.480975449085236
76.63633173704147,91.45666825771332
922.7156453728676,63.95135462284088
626.4439576864243,562.094042301178
81.41223019361496,87.43976980447769
121.8065470457077,85.04545295238495
545.0338480472565,43.70615196228027
971.4841566085815,70.92284339666367
78.76741647720337,87.36158353090286
93.08867663145065,86.93032336235046
390.89095908403397,33.75804090499878
93.98922669887543,90.49277329444885
286.62357288599014,34.72842711210251
700.9068868160248,53.0741131901741
1129.7831944227219,64.27280557155609
84.23350244760513,87.78449755907059
102.14676332473755,86.35323667526245
419.5592656135559,40.3477343916893
843.9545719623566,68.1194280385971
80.12688308954239,630.7071169018745
80.5211426615715,86.36785733699799
78.52740782499313,85.69559216499329
78.73666942119598,87.2453305721283
182.57497370243073,70.96202629804611
569.7283273339272,44.90067267417908
1002.715622484684,58.15437752008438
77.22192299365997,87.90707701444626
79.80217659473419,84.75382339954376
395.3814815878868,35.35951840877533
838.1647384166718,52.94626158475876
77.76304256916046,1176.106957435608
771.5653166770935,54.58268332481384
79.45957636833191,1098.874423623085
77.76183199882507,87.96116799116135
179.82310968637466,65.82489031553268
592.1794609427452,61.33853906393051
1002.0747559070587,60.96224409341812
74.87707418203354,90.77092581987381
81.86335903406143,85.28464096784592
412.55562472343445,73.74137526750565
813.448925614357,50.47707438468933
300.1771845817566,39.118815422058105
722.2564873695374,61.0955126285553
603.5027804374695,580.3292195796967
78.56404286623001,88.60295712947845
137.77335113286972,46.39264887571335
546.1306507587433,45.869349241256714
972.3409612774849,63.418038725852966
78.18026185035706,88.17273813486099
86.44455003738403,84.98144996166229
77.4688246846199,88.29017531871796
80.71508884429932,90.22891116142273
316.3683857321739,49.01961427927017
708.6896933913231,43.718306601047516
1147.842955172062,66.43404483795166
81.75621861219406,90.2067813873291
178.31748938560486,70.31251060962677
538.5637939572334,54.028206050395966
975.6620984077454,60.522901594638824
75.70540845394135,94.36859154701233
75.82796955108643,90.06103044748306
78.90722638368607,87.50077360868454
312.56052750349045,44.40147250890732
701.6408293843269,54.748170614242554
1154.9980883598328,74.57591164112091
77.2253515124321,87.68164849281311
182.06463038921356,82.6943696141243
581.8109376430511,74.00306236743927
969.7802389860153,57.257761001586914
484.9704973101616,67.93650269508362
1163.5137913227081,91.22720867395401
75.22313237190247,91.1468676328659
80.11737948656082,87.12362051010132
341.75267338752747,42.2103266119957
751.3690197467804,74.62998026609421
1079.3573909401894,58.19860905408859
76.01070261001587,88.98929738998413
80.20207524299622,92.39092475175858
80.72536474466324,95.45963525772095
82.19462716579437,89.06437283754349
361.49595791101456,81.89204210042953
761.280264377594,46.831735610961914
104.69255656003952,1200.6954434514046
90.1438238620758,66.52417612075806
230.46308434009552,71.23991566896439
632.0624089241028,85.9195910692215
1056.3636761307716,97.95132386684418
84.09096843004227,35.149031579494476
83.85624575614929,90.7927542924881
84.71351379156113,92.45348620414734
81.5897815823555,95.72421842813492
371.7440587878227,42.737941205501556
801.2683407068253,71.54665929079056
85.47761845588684,1115.393381536007
79.33389055728912,88.74010944366455
221.48815423250198,46.4928457736969
963.0864242315292,76.48757576942444
1089.68468439579,51.35231560468674
629.2089482545853,76.23505175113678
1008.9182191491127,65.52678084373474
80.51649469137192,84.48350530862808
80.57776212692261,84.45923787355423
478.1760269999504,73.9349730014801
916.7742911577225,34.42970883846283
78.42855060100555,88.20144939422607
76.24881386756897,84.58418613672256
345.0690748691559,32.76492512226105
929.7223635315895,71.75863647460938
229.0796405673027,45.01235944032669
679.9379077553749,77.19209223985672
1077.9801589250565,80.92684108018875
78.20741295814514,84.19858705997467
112.86167621612549,57.730323791503906
539.1829544901848,74.42904549837112
1012.6882259845734,35.29277402162552
115.21149396896362,70.49150604009628
115.55177140235901,62.7642285823822
118.40904098749161,62.16595900058746
97.24730896949768,102.0306910276413
242.21663862466812,104.69036138057709
668.7219344973564,55.00006550550461
1099.6532420516014,84.2537579536438
91.65952742099762,99.91547256708145
71.4428042769432,101.11319571733475
474.85612243413925,42.421877562999725
904.9904119372368,68.97158807516098
100.60870635509491,119.74429363012314
97.68799662590027,96.12700337171555
105.80428606271744,1243.3807139396667
94.32858407497406,93.57841593027115
199.64887565374374,99.8871243596077
620.0991904139519,49.659809589385986
1040.383517920971,86.39448207616806
99.42583519220352,95.96416479349136
95.26414632797241,101.56885367631912
408.3444350361824,104.54456496238708
814.3497520685196,65.09424793720245
285.24406069517136,107.40393930673599
702.5473921298981,45.86160784959793
1139.9036907553673,71.98430925607681
95.44700473546982,93.45999526977539
73.60130351781845,91.27069646120071
491.40261548757553,101.11538451910019
924.2419132590294,58.40708673000336
117.15521335601807,98.38278663158417
93.8825187087059,93.24748128652573
278.3328143954277,103.01918560266495
100.9681151509285,94.51288485527039
168.91744542121887,40.97155457735062
609.109773337841,93.85422664880753
1020.7070989012718,57.03390109539032
99.69440478086472,100.52759522199631
104.8667072057724,96.20729279518127
374.9650154709816,95.38698452711105
806.4153181910515,48.64068180322647
102.23560184240341,1139.8383981585503
138.9629671573639,66.44303286075592
971.4326419234276,52.604358077049255
79.58591431379318,89.98808568716049
78.99918931722641,89.33381068706512
377.8194668292999,55.14253318309784
821.3817487955093,34.98925119638443
87.14602053165436,1156.4099794626236
81.2253628373146,88.16363716125488
218.24963700771332,58.25036299228668
652.4969099760056,54.24509000778198
1120.9651811122894,47.03481888771057
579.3594598770142,60.77054011821747
1022.8827368617058,57.00526314973831
149.46301299333572,63.64798700809479
160.5432978272438,55.363702178001404
230.52999407052994,56.15500593185425
669.5172728896141,55.03772711753845
1124.300553381443,53.883446633815765
81.86182713508606,85.56317287683487
65.92410427331924,59.09489572048187
84.09537917375565,43.8486208319664
98.13865208625793,50.47234791517258
439.82892352342606,59.0220764875412
883.5752094388008,44.79479056596756
156.618488073349,1191.4365119338036
132.383762717247,65.91323727369308
89.88941723108292,62.110582768917084
537.0066894292831,64.10431057214737
970.8639661073685,37.48803389072418
94.57327824831009,76.83472174406052
94.3375631570816,61.25543683767319
81.67683744430542,698.3231625556946
84.84910356998444,48.35489642620087
310.5213859677315,42.071614027023315
779.3426511287689,76.75034886598587
1158.3469142913818,52.041085720062256
112.72318756580353,47.31381243467331
152.45244640111923,49.80855357646942
628.8647460341454,90.22825396060944
1057.3520706892014,39.25892931222916
486.0233983397484,38.73560166358948
913.4377058148384,41.82229417562485
1260.3690328598022,52.68696713447571
103.54132175445557,60.58867824077606
227.6766176223755,63.286382377147675
660.5899394154549,71.70706057548523
1044.4103420376778,30.99765795469284
83.69365549087524,86.65834450721741
83.30992925167084,91.63407075405121
429.4462376832962,61.31376230716705
81.65550917387009,34.455490827560425
363.1787775158882,58.50622248649597
765.7031704187393,74.57482957839966
1141.5794835090637,51.88351649045944
83.56681275367737,86.21118724346161
92.83232688903809,90.16767311096191
427.85562539100647,60.77437460422516
860.7879452109337,52.564054787158966
85.96021389961243,1159.928786098957
80.96550071239471,89.12749928236008
1143.4527897238731,62.95521026849747
79.73605698347092,87.17194300889969
151.85235261917114,52.92464739084244
565.7286611199379,63.01233887672424
1005.1599692702293,53.00603073835373
81.81529295444489,96.75970703363419
82.0975706577301,88.84642934799194
401.6028400659561,57.19315993785858
762.3872108459473,38.03878915309906
603.6145271658897,576.4224728345871
697.0468024015427,40.824197590351105
1073.8851037621498,76.35489624738693
85.05837994813919,89.99762004613876
81.89677357673645,88.86222642660141
463.99504721164703,49.152952790260315
889.112380027771,55.110619962215424
84.46969109773636,1179.1413089036942
79.53096139431,89.04403859376907
258.5182236433029,46.63077634572983
78.59754759073257,93.29145240783691
173.60281920433044,63.52618080377579
587.4241839647293,49.81781601905823
955.0214779376984,69.51452207565308
81.2868019938469,88.17619800567627
81.95907378196716,88.94792622327805
370.53934663534164,61.201653361320496
786.5447418689728,46.38125813007355
1155.2910587787628,56.26494121551514
81.27833294868469,88.77766704559326
81.85861134529114,89.21638864278793
81.47488397359848,89.5991160273552
80.96230256557465,84.70369744300842
455.78257739543915,62.38442260026932
885.6958991289139,51.41510087251663
81.49821054935455,635.0397894382477
82.2624796628952,87.90452033281326
226.54580277204514,65.86119723320007
639.7551126480103,43.892887353897095
1008.1315180063248,60.46148198843002
604.451785504818,186.82621449232101
904.7541245818138,63.893875420093536
81.09240090847015,87.6665990948677
84.3206757903099,93.04932421445847
357.45694452524185,55.67405545711517
800.9252224564552,62.38977754116058
86.35649698972702,1108.8665030002594
83.99177724123001,87.6192227602005
207.14605796337128,65.72594201564789
79.70633816719055,84.47866183519363
97.13761496543884,56.84338504076004
547.106910765171,43.39308923482895
967.8531883358955,44.44281166791916
84.17347663640976,94.40052336454391
84.45776569843292,85.39423429965973
383.5920501947403,58.81494981050491
809.876340508461,53.73465949296951
84.73262226581573,1123.9703777432442
81.03490310907364,84.98309689760208
84.9291775226593,87.69982248544693
83.12046003341675,84.60153996944427
129.49573653936386,60.132263481616974
572.3910211920738,56.10897880792618
1020.9342996478081,44.047700345516205
129.21658325195312,58.78241676092148
144.9458605647087,68.6661394238472
348.0431418418884,110.6788581609726
761.1964787840843,58.5255212187767
634.5728171467781,625.8711828589439
669.4301453232765,136.680854678154
1071.0664830803871,77.26751691102982
107.53481090068817,114.09518909454346
106.33613216876984,105.38586783409119
375.8424708247185,114.58252918720245
796.1998157501221,55.94818425178528
460.1131520867348,852.701847910881
969.1822910308838,33.09470897912979
79.48454678058624,86.99745321273804
79.37880820035934,87.84319180250168
78.19907367229462,90.98592633008957
81.74136519432068,86.62863481044769
271.080634534359,116.47436547279358
741.9949209690094,38.13507902622223
1161.4071988463402,62.518801152706146
79.46846783161163,85.03153216838837
181.9187667965889,137.71123319864273
708.9790815711021,64.352918446064
948.2443869709969,60.95861303806305
460.93570590019226,51.915294110774994
841.0890173316002,70.53998267650604
83.59533077478409,634.9976692199707
81.69360315799713,86.15839684009552
293.0688731074333,70.70912688970566
664.0192445516586,84.85075545310974
1033.6186292767525,54.03037071228027
82.51290142536163,86.65409857034683
85.83320289850235,86.53779709339142
428.9684752225876,43.10552477836609
84.12179517745972,90.32220482826233
337.6650619506836,35.16893804073334
759.4113301038742,61.57066988945007
81.28759479522705,1131.434405207634
86.03386270999908,90.22613728046417
232.18712484836578,89.40487515926361
645.4143939614296,54.12260603904724
1067.2356662750244,80.2833337187767
79.27793604135513,89.20306396484375
79.72819048166275,87.28980952501297
84.08544915914536,88.562550842762
79.31372392177582,87.11127609014511
457.6719846725464,48.05101531744003
881.5472444295883,62.563755571842194
76.8675097823143,88.1324902176857
80.05876857042313,89.01523143053055
339.4350275397301,44.10297244787216
783.2552890181541,38.46671098470688
618.7975782155991,579.1104217767715
78.95184594392776,87.1231540441513
1125.5691069960594,81.80189299583435
76.74037659168243,84.44462341070175
123.98663240671158,39.735367596149445
606.6408975720406,32.397102415561676
1036.7951498627663,40.427850127220154
76.52240574359894,86.99659425020218
75.89865893125534,86.89834105968475
491.9779146909714,77.70708531141281
913.1681727170944,40.58982729911804
387.8224353194237,55.23356467485428
763.0127252936363,50.59827470779419
622.5930522084236,675.258947789669
102.3023630976677,100.90163689851761
107.8646821975708,95.71031779050827
526.3139978647232,106.83400213718414
943.7643174529076,83.66268253326416
106.95464539527893,111.91535460948944
103.23796153068542,99.09503847360611
343.76228296756744,85.45871704816818
99.06462752819061,102.19437247514725
179.90393686294556,100.81806313991547
587.0762547850609,60.460745215415955
998.3405798077583,71.80742019414902
99.67990124225616,97.32009875774384
97.55622345209122,96.8707765340805
353.1545323729515,104.21546763181686
770.3268483877182,66.52515161037445
99.22116839885712,1096.7788316011429
190.41249561309814,41.42050439119339
1170.2888188362122,56.28618115186691
104.38714164495468,95.94685834646225
90.03946751356125,98.88553249835968
414.65779507160187,109.54720491170883
822.0511183738708,68.5958816409111
104.05744177103043,1141.1835582256317
107.35877484083176,106.4002251625061
180.23509448766708,82.52390551567078
573.4824221730232,59.57357782125473
1013.2837464213371,52.25225359201431
445.2710751891136,74.41492480039597
861.1844080686569,79.13059192895889
107.22672802209854,1189.4772719740868
103.93604952096939,95.08195048570633
203.34937435388565,99.07662564516068
623.1887127757072,56.4602872133255
1040.5460377931595,70.21296221017838
102.0333845615387,95.0596154332161
104.76171213388443,99.4802878499031
106.10003072023392,104.93696928024292
108.79034012556076,101.07965987920761
239.14868426322937,101.44431573152542
657.7840059995651,66.03099399805069
1084.8083433508873,62.74665665626526
98.16566908359528,95.74233090877533
102.68998610973358,94.73601388931274
427.4733201265335,102.97067987918854
815.9596564769745,80.96534353494644
116.09598684310913,1126.5900131464005
100.93535608053207,95.6386439204216
1092.5886780619621,83.7443219423294
103.52000331878662,100.12699669599533
100.24832546710968,93.67767453193665
429.5876474380493,60.80135256052017
893.2599747180939,48.74002528190613
117.95130813121796,1157.1976918578148
99.0666361451149,94.48836386203766
187.44295465946198,97.6310453414917
636.4862779974937,44.143721997737885
109.88060283660889,102.17439717054367
490.62692779302597,62.576072216033936
901.1892563700676,73.69974362850189
101.28657114505768,99.80542886257172
112.1998940706253,108.85610592365265
246.50223070383072,102.47976928949356
663.7485477924347,60.56645220518112
1081.2348722219467,83.283127784729
103.13019531965256,107.35080468654633
95.19151306152344,99.43848693370819
97.40082627534866,98.52517372369766
105.12814164161682,102.66785836219788
310.26447826623917,107.1995217204094
722.8068027496338,64.71219724416733
1151.0341156721115,76.61388432979584
97.92943239212036,102.18156760931015
86.52774912118912,109.0832508802414
498.1260605454445,118.44893944263458
917.020374417305,75.79462558031082
101.32269901037216,100.4363009929657
787.8830432295799,69.8389567732811
106.90839344263077,1094.2956065535545
109.67270767688751,97.12329232692719
110.3820286989212,58.54397130012512
576.6283480525017,40.74165195226669
952.0976884961128,76.64331150054932
100.19501549005508,99.76698452234268
97.90534317493439,99.61365681886673
370.7436740398407,60.38532596826553
694.3800196051598,59.304980397224426
143.79235196113586,52.89264804124832
558.8346704244614,86.36832958459854
993.4699926972389,70.82600730657578
106.12432128190994,99.9126787185669
97.77864617109299,96.05535382032394
332.8029837012291,101.97601628303528
718.4003477096558,72.41365230083466
1149.4436765909195,72.5563234090805
102.43000358343124,98.92099642753601
97.93632310628891,100.73067688941956
106.2756370306015,102.4283629655838
117.28095388412476,105.12604612112045
401.13928043842316,58.4167195558548
450.496505856514,82.41049414873123
908.2987684011459,38.25723159313202
79.24902790784836,94.82497209310532
76.77328550815582,87.00471448898315
311.50155955553055,80.22144043445587
769.3208110928535,76.60518890619278
1152.5300692915916,58.44993072748184
693.1663250923157,54.963674902915955
1127.2646000385284,73.14339995384216
73.89985924959183,70.45214074850082
125.3121230006218,65.31687700748444
522.8174018263817,60.62659817934036
921.5826787352562,73.24932128190994
116.12599605321884,105.07800394296646
96.6873128414154,101.34968715906143
289.80361449718475,101.01038551330566
94.55095988512039,100.80204010009766
165.334263920784,106.38873606920242
581.394588470459,109.80941152572632
1004.5298870205879,73.97011297941208
99.40620321035385,95.81579679250717
112.35650563240051,106.73649436235428
364.9548025727272,55.80419743061066
794.2751097679138,73.5388902425766
103.52141851186752,1128.533581495285
94.8977501988411,93.87924981117249
100.88506495952606,100.70793503522873
94.65036141872406,93.29463857412338
58.22967344522476,94.8253265619278
461.73498326539993,56.13501673936844
883.3892931342125,73.74070686101913
99.80259895324707,96.67940104007721
97.49290198087692,92.06209802627563
250.81323271989822,112.76076728105545
662.6715483665466,72.2544516324997
1123.528847694397,55.21115231513977
561.8671663999557,55.53983360528946
982.966477394104,64.27552258968353
106.54579478502274,105.75120520591736
140.82910335063934,64.6148966550827
213.44577479362488,49.96122521162033
661.2850534915924,52.695946514606476
1100.1243367791176,59.0606632232666
83.88961058855057,88.38838940858841
66.93188834190369,62.64211165904999
83.67815804481506,46.15484195947647
83.2204355597496,88.778564453125
428.2447131872177,65.5692868232727
841.5470025539398,38.91599744558334
133.0713038444519,1131.9106961488724
85.50260359048843,65.1273964047432
219.04588794708252,53.58411204814911
672.773171722889,39.31882828474045
1120.9824513196945,57.86954867839813
121.50673526525497,64.271264731884
95.12400913238525,99.32099086046219
95.75832009315491,110.01867991685867
96.63462793827057,98.45837205648422
339.97394466400146,104.47005534172058
774.0532592535019,56.61274075508118
620.2255793809891,596.2554206252098
100.87988299131393,105.91611701250076
120.9411871433258,96.78181284666061
539.9464844465256,60.57151556015015
953.2118104100227,80.77018958330154
443.99512296915054,108.68987703323364
838.0934509634972,67.98054903745651
95.93276226520538,640.3822377324104
99.10507327318192,95.43192672729492
200.07338047027588,101.53761953115463
645.8386783599854,51.79132163524628
1060.1409789919853,78.54502099752426
109.84928458929062,102.09471541643143
101.89259570837021,106.99640429019928
417.3799203634262,105.47207963466644
99.7922306060791,94.24376940727234
297.5765393972397,51.664460599422455
730.6378492116928,59.23215079307556
1161.2731603980064,70.09783959388733
99.11247491836548,96.81352508068085
84.98778223991394,93.06721776723862
380.69710624217987,178.32089376449585
904.2214659452438,74.37153404951096
102.68978524208069,114.14321476221085
101.93709754943848,100.06290245056152
101.79443085193634,1107.3175691366196
97.00374168157578,95.4782583117485
146.1750477552414,94.06395226716995
557.885360121727,56.540639877319336
996.7796887755394,73.25631123781204
104.00803172588348,105.95496827363968
100.53235095739365,102.74564903974533
315.149664580822,104.66533541679382
745.5989664793015,99.43803352117538
613.4752693772316,591.376730620861
640.5365762710571,113.2974237203598
1064.8938831090927,70.93911689519882
99.99118810892105,106.84081190824509
112.70050138235092,107.63149863481522
414.1518305540085,46.366169452667236
828.8791387677193,72.10286122560501
104.66243439912796,1173.2445656061172
133.52072942256927,100.40527057647705
235.34103113412857,99.06696885824203
96.90234154462814,95.59765845537186
139.8706515431404,69.51834845542908
502.97001296281815,106.34598702192307
911.679338991642,75.33966100215912
98.57264536619186,99.61135464906693
132.89295101165771,72.69904899597168
288.9732590317726,94.22974097728729
706.9975835680962,62.57641643285751
1154.8368921875954,62.8301078081131
99.00820112228394,94.54679888486862
104.45851677656174,105.26248323917389
100.03883534669876,105.10916465520859
59.34013730287552,106.56686270236969
395.27244532108307,103.48655468225479
810.0377561450005,115.25924384593964
111.17306190729141,1127.8269380927086
102.17838776111603,100.58061224222183
164.68369472026825,101.4643052816391
579.3930014967918,117.21799850463867
1002.6583133935928,75.378686606884
466.77561926841736,50.169380724430084
891.5409242510796,63.256075739860535
99.73022252321243,102.26877748966217
99.05153053998947,94.24446946382523
271.0388393998146,94.81316059827805
683.0261635780334,55.47483640909195
1111.549475133419,76.87552487850189
99.6668004989624,102.14719951152802
50.042103588581085,102.845896422863
454.0114132165909,110.08158677816391
97.96171468496323,101.09428530931473
355.727015376091,107.16198462247849
787.2133184671402,57.48968154191971
97.70063102245331,1113.55936896801
110.03993636369705,104.47906363010406
147.04525899887085,105.67674100399017
565.5885649323463,115.20743507146835
989.1858683228493,70.35013169050217
98.04316484928131,137.5668351650238
103.95646840333939,107.56153160333633
110.3327831029892,672.4812169075012
105.85709261894226,111.08690738677979
233.4564230442047,109.08157694339752
646.6277520060539,61.31724798679352
1075.523068189621,75.3479318022728
100.39837086200714,99.95362913608551
54.99667251110077,100.50332748889923
441.1509758234024,103.10902416706085
861.4152780175209,67.80672198534012
99.42158728837967,660.6164126992226
759.5199027061462,63.036097288131714
655.1362313628197,557.4557686448097
99.91953659057617,105.50646340847015
122.25884330272675,101.63015669584274
534.5791620612144,51.8648379445076
950.6954669356346,81.80353307723999
96.10976976156235,97.00123023986816
106.44807380437851,103.7549262046814
345.6573851108551,107.95361489057541
94.32970011234283,96.52129989862442
225.70599329471588,102.99800670146942
646.1182947158813,59.69570529460907
1074.6245961785316,78.26440382003784
107.59290111064911,99.09209889173508
48.39520835876465,94.36379164457321
424.69751274585724,70.96948724985123
863.7218207716942,82.39017921686172
99.85714560747147,1195.809854388237
99.02844452857971,95.39655548334122
94.99774485826492,93.78025513887405
95.80004668235779,96.14395332336426
147.6203465461731,91.3796534538269
539.3486533164978,68.00334668159485
961.5569664239883,73.99803358316422
101.74828732013702,134.49271267652512
96.86560171842575,102.33839827775955
335.5379087924957,104.74009120464325
752.5992221832275,58.438777804374695
1161.0125496983528,78.98745030164719
631.1098546981812,62.98214530944824
1048.468162059784,82.18083792924881
98.56646376848221,92.73053622245789
113.31278365850449,105.91021633148193
409.2441238760948,43.05187612771988
810.5824366211891,82.91656339168549
111.27374732494354,1149.5962526798248
96.22408592700958,95.64691406488419
171.26640003919601,97.80759996175766
575.4027227163315,66.0792772769928
63.57404297590256,103.10995703935623
471.54335820674896,53.38264179229736
879.1036836504936,86.46931636333466
107.24000072479248,106.85299926996231
110.43031758069992,101.6796824336052
252.76962488889694,103.15637511014938
657.7569356560707,76.6500643491745
1074.7432617545128,78.5337382555008
102.3605968952179,94.69440311193466
99.20527583360672,111.64572417736053
98.67459708452225,95.51140290498734
304.8469142317772,97.65308576822281
686.5382578969002,87.35174208879471
1103.932585656643,81.77141433954239
164.73390555381775,57.4140944480896
95.6282097697258,102.92679023742676
468.78252935409546,69.7734706401825
858.8998702764511,80.10112971067429
306.9601905345917,1062.1508094668388
763.9294945597649,62.29350543022156
1175.2308219075203,84.43517810106277
150.70016181468964,76.96683818101883
107.40945672988892,45.64654326438904
517.0077667236328,62.58523327112198
957.0870586633682,74.98694133758545
104.03736621141434,107.0006337761879
108.69068622589111,109.86431378126144
319.5110084414482,98.08099156618118
101.14633566141129,95.29766434431076
193.15265572071075,93.21834427118301
596.0649828910828,78.11901712417603
1021.8302981257439,84.66970187425613
99.89162021875381,103.77437978982925
103.10093992948532,104.26906007528305
391.6442554593086,108.37474453449249
784.9085746407509,66.59142535924911
656.5249173641205,632.2340826392174
104.84624302387238,102.30175697803497
99.9625506401062,100.94444936513901
107.80187475681305,107.92012524604797
110.73320651054382,104.15579348802567
430.77653753757477,45.83546245098114
815.966880261898,83.08811974525452
106.13919651508331,1233.8418034911156
107.36753302812576,106.02146697044373
159.9098463654518,53.81215363740921
576.7861827015877,66.00981730222702
1010.8295069336891,66.35549306869507
466.1678176522255,108.07218235731125
873.1561453938484,89.32585459947586
98.14246797561646,106.43153202533722
106.16678315401077,104.83321684598923
242.19009447097778,94.86390554904938
661.215402007103,63.488597989082336
1071.4987298846245,94.14927011728287
106.0410572886467,103.56994271278381
101.45438450574875,104.86061549186707
103.5707037448883,104.87329626083374
102.8730241060257,106.66397589445114
305.5093498826027,103.0846500992775
702.8286787867546,66.94832122325897
1135.297979414463,88.79402059316635
96.50628465414047,110.17771536111832
86.45758390426636,107.98741608858109
507.7218961715698,103.18610382080078
912.9692101478577,89.82778984308243
99.10453617572784,100.78446382284164
107.20185202360153,103.09414798021317
108.91117018461227,1212.2728298306465
104.69550967216492,103.50849032402039
153.99683332443237,107.55816668272018
559.1881532669067,56.90484672784805
977.3964648842812,80.02853512763977
102.56978511810303,95.63421487808228
98.98311066627502,100.75788933038712
320.97042948007584,49.511570513248444
749.956739127636,59.895260870456696
208.77804285287857,57.722957134246826
635.9683464169502,68.69865357875824
1065.2516654729843,89.78533452749252
99.33196783065796,105.03903216123581
106.33728152513504,101.31071847677231
412.8806011080742,121.7123988866806
843.4409195184708,61.35508048534393
118.0212539434433,1238.23874604702
141.45255970954895,62.955440282821655
81.34723609685898,37.93076390028
78.83450835943222,84.23949164152145
68.04377144575119,85.32622855901718
456.36504673957825,51.0789532661438
902.0553275942802,82.83267241716385
94.4686067700386,71.56839323043823
96.39988458156586,66.04511541128159
262.8871636390686,86.0198363661766
657.1524488925934,90.69955110549927
1088.5657764673233,68.82322353124619
96.60810273885727,97.02189725637436
955.8914194703102,106.46058052778244
107.23074698448181,112.23325300216675
108.53206193447113,103.13393807411194
357.5193837285042,102.23961627483368
724.6726950407028,74.3453049659729
1148.864020884037,105.357979118824
101.64832335710526,101.42567664384842
95.39464455842972,101.7163554430008
491.3259755373001,64.4890244603157
906.2022933363914,86.81570667028427
392.0216190814972,104.64438092708588
782.1579486727715,79.06505131721497
647.2012940049171,601.0027059912682
98.70565366744995,93.8493463397026
113.48997282981873,99.54702717065811
523.4402920603752,62.31970793008804
953.7785996794701,65.92440032958984
107.0799246430397,107.75207537412643
106.47525256872177,99.67274743318558
104.77758079767227,102.85141921043396
107.43093889951706,102.56906110048294
160.88127207756042,86.19272792339325
608.1646090745926,80.68739092350006
970.0969480872154,71.01405191421509
102.3062846660614,128.23071533441544
117.23761260509491,112.1693874001503
298.74295312166214,108.51604688167572
777.6932927370071,88.547707259655
337.3673954606056,58.26160454750061
758.724675655365,89.29332435131073
268.0829809308052,33.510019063949585
680.6812700033188,63.57872998714447
1126.130556166172,92.01744383573532
82.58083403110504,90.69716596603394
115.5680987238884,84.78390127420425
569.4993631839752,40.74063682556152
958.9686349034309,89.84636509418488
81.84490114450455,90.17409884929657
82.72016268968582,89.07583731412888
83.9674329161644,88.3295670747757
83.76870518922806,87.86029481887817
342.3299849629402,72.17001503705978
748.7802648544312,66.90473514795303
628.5265372991562,655.5294626951218
81.97684335708618,86.19015663862228
622.4693840146065,90.36461597681046
1013.8266635537148,90.35833644866943
82.62896621227264,87.3150337934494
82.4312424659729,88.92175751924515
83.10351920127869,89.80448079109192
84.83079653978348,86.28020346164703
380.9290655851364,65.60793441534042
826.268322467804,96.54667752981186
96.01358240842819,1236.2084175944328
84.1498754620552,88.36912453174591
228.98815351724625,50.69684648513794
652.4764403104782,32.48655968904495
1068.1847181916237,83.63028180599213
556.0059906244278,55.93900936841965
995.4552727341652,68.08172726631165
79.90655440092087,85.74244558811188
78.70782083272934,48.643179178237915
417.7510820031166,84.21291798353195
845.7183588147163,67.76264119148254
109.7986501455307,1247.200349867344
152.266931951046,63.47306805849075
267.82922291755676,60.06077706813812
367.1131677031517,48.70283228158951
82.22943562269211,91.51156437397003
323.92071545124054,68.30228453874588
749.4450124502182,37.94398754835129
1132.7092944979668,101.34670549631119
83.95558458566666,86.69241541624069
134.71986424922943,60.390135765075684
551.874145925045,58.16185408830643
995.2504305243492,61.786569476127625
83.55270773172379,88.18829226493835
79.9469866156578,54.12701338529587
85.61926066875458,100.88073933124542
82.68054062128067,44.875459372997284
328.2048234939575,70.59217649698257
759.4881483316422,90.38185167312622
1178.1604332327843,65.35756677389145
98.94373047351837,94.14826953411102
71.63506352901459,97.14293646812439
489.1963765025139,69.54462349414825
915.2947012782097,75.22429871559143
116.98502081632614,96.03297919034958
781.8613303899765,80.49066960811615
651.7926876544952,598.7073123455048
98.48304104804993,95.86795896291733
105.02637201547623,50.64062798023224
505.2727038860321,75.91229611635208
936.8710351586342,78.03596484661102
101.339370906353,100.4566290974617
103.27169507741928,95.76530492305756
253.74102705717087,61.64797294139862
104.17238956689835,100.34661042690277
143.62169700860977,93.0443029999733
570.793978869915,55.27902114391327
990.0032902956009,79.57070970535278
102.69460815191269,105.04539185762405
113.14491331577301,103.48508667945862
346.68822115659714,58.404778838157654
772.1005353927612,69.10346460342407
1195.8838636279106,77.54213637113571
111.01918107271194,106.55381894111633
108.93249464035034,106.27150535583496
100.80882668495178,102.39517331123352
111.85215079784393,106.61184918880463
419.5974745750427,109.30952543020248
828.3817899823189,68.65621000528336
108.75711131095886,1167.8908886909485
111.9294530749321,106.32954692840576
158.93476182222366,70.15723818540573
588.126073539257,68.1139264702797
1012.4654008150101,79.3125991821289
460.28571861982346,72.15828138589859
891.0690376162529,78.81996238231659
96.51934158802032,95.23965841531754
99.76564508676529,98.40035492181778
250.19799882173538,100.11800116300583
651.7403174638748,73.53768253326416
1083.1346341967583,83.58836579322815
104.63996714353561,107.41503286361694
54.99728834629059,105.24271166324615
422.92960488796234,104.25539511442184
98.65792405605316,96.17607593536377
322.84823125600815,107.02176874876022
708.5945979356766,62.22040206193924
1144.3779336810112,65.49206632375717
99.64325702190399,94.30174297094345
60.66657727956772,83.22142273187637
453.2658956050873,58.25310438871384
882.1422180533409,73.30278193950653
96.11053627729416,92.96346372365952
100.57885372638702,106.92014628648758
1185.5482130646706,74.6197869181633
101.14554822444916,98.1134517788887
92.9108716249466,42.330128371715546
448.6214096546173,43.65659034252167
907.9036965370178,94.26230347156525
333.0960850715637,99.99591493606567
776.0103666782379,93.2126333117485
94.97865426540375,1237.7813457250595
82.59596019983292,87.2200397849083
224.12022745609283,65.65777254104614
82.08749240636826,88.00450760126114
144.2237530350685,34.49924695491791
538.1550133228302,90.36398667097092
986.438293159008,91.00570684671402
77.3705542087555,86.85244578123093
81.74580943584442,88.29119056463242
469.6770763397217,71.3039236664772
868.6463353037834,68.74266469478607
78.83659100532532,92.23740899562836
80.3428458571434,87.02815413475037
76.05210667848587,648.5778933167458
78.8353618979454,87.20163810253143
298.8786124587059,70.36338752508163
755.6978774666786,38.783122539520264
1119.3711534142494,83.07384657859802
77.63541358709335,84.58658641576767
121.14066809415817,34.67433190345764
616.7759308218956,69.66806918382645
994.3191878199577,76.95881217718124
79.0474506020546,86.17454940080643
964.5147089958191,45.947291016578674
51.45222729444504,67.43577271699905
384.1064868569374,32.72751313447952
808.7427898645401,57.77621012926102
89.8210768699646,1160.233923137188
79.88352918624878,86.11747080087662
116.8148438334465,67.61115616559982
430.264396071434,33.82760393619537
78.3447117805481,86.35828822851181
374.9239664077759,36.59403359889984
85.3794773221016,1155.175522685051
89.90373432636261,65.72626566886902
241.9649901986122,50.62700980901718
692.7852548956871,35.69574511051178
1133.7735228538513,49.541477143764496
91.38979285955429,61.92520713806152
95.13705044984818,51.78994953632355
106.19730973243713,70.70969027280807
115.40658873319626,72.27841126918793
451.68985891342163,43.27314108610153
917.1951246261597,35.39687538146973
413.83340525627136,85.20359474420547
843.061661362648,105.42033863067627
81.973936855793,89.34106314182281
85.51620507240295,88.85379493236542
278.16948050260544,49.977519512176514
687.5098023414612,76.69419765472412
172.2920801639557,63.00291985273361
593.872354388237,100.14564561843872
1040.9716349244118,100.69636505842209
84.217917740345,87.13508224487305
85.40819323062897,89.85080677270889
457.6724744439125,64.88252556324005
865.4567486643791,103.2662513256073
83.53602200746536,91.46397799253464
84.24529016017914,90.64370983839035
82.73256731033325,88.4154326915741
83.45983707904816,88.46516293287277
214.31810188293457,65.03389811515808
636.5083776116371,110.3066223859787
1087.107683956623,88.98631602525711
79.51995897293091,88.27604103088379
72.89622008800507,49.973779916763306
514.4754918813705,55.80250811576843
932.4627556800842,94.48124432563782
78.85701113939285,88.54998886585236
79.085275888443,87.13672411441803
79.23854237794876,94.59345763921738
84.52280580997467,85.97719419002533
306.3420811891556,57.41691881418228
757.722818672657,70.8881813287735
1171.5457904934883,121.8612095117569
556.1314898729324,53.79451012611389
876.0654655694962,93.65653443336487
80.01844263076782,92.79655736684799
50.06341701745987,90.3995829820633
86.40540134906769,87.26159864664078
80.02437943220139,87.99362057447433
216.57034647464752,62.04065352678299
656.7273324728012,82.56866753101349
1105.6982993483543,95.70870065689087
82.70727306604385,87.86772692203522
62.58525115251541,84.7297488451004
622.6302348971367,58.29476511478424
987.9352135062218,83.95378649234772
76.75818634033203,86.98281365633011
79.56314808130264,86.23385190963745
77.35012263059616,93.37287735939026
83.93208527565002,88.62391471862793
306.4220679998398,78.0599319934845
760.6150426864624,77.34795731306076
83.56802129745483,1229.8759787082672
82.6319916844368,87.18300831317902
177.787957072258,68.48904293775558
665.4439187645912,99.85108125209808
1072.0278800725937,106.23211991786957
562.1468422412872,84.59415775537491
1014.4518077373505,103.97419226169586
81.05178797245026,87.87321203947067
81.83876556158066,89.32823443412781
488.3457518815994,52.931248128414154
848.9287322759628,96.21926772594452
78.60370552539825,91.87729448080063
81.13167190551758,89.07332807779312
322.80565041303635,67.78634959459305
702.017652630806,88.29634737968445
206.34163582324982,51.45536416769028
624.7576153874397,116.3723846077919
1077.3395851254463,93.77241486310959
86.6435694694519,83.98543053865433
65.0405564904213,84.47744351625443
509.6605575680733,58.93144243955612
901.3735452890396,118.36745470762253
80.91854655742645,89.54445344209671
81.7975303530693,88.6104696393013
77.71251314878464,89.00948685407639
82.31348520517349,87.89051479101181
250.52545827627182,57.60454171895981
683.6634399294853,94.61456006765366
1112.0984249711037,111.45757502317429
84.16239869594574,87.41260129213333
107.24338537454605,48.718614637851715
536.6593593358994,74.63664066791534
966.7613291144371,112.2386708855629
84.58431321382523,86.97168678045273
80.81529796123505,86.64770203828812
80.50727212429047,89.23272788524628
80.14624351263046,89.65075647830963
351.2662232518196,32.900776743888855
788.8671976923943,64.76280230283737
631.4861897230148,674.6618102788925
81.01219207048416,86.450807929039
194.42917037010193,54.81182962656021
611.9191642999649,62.95183569192886
1070.8341493606567,58.83285063505173
551.4171242117882,59.1568757891655
992.1101212501526,54.70387876033783
112.9891197681427,64.39988023042679
63.386097848415375,66.74290215969086
337.6530700325966,96.19892996549606
795.7731055617332,82.11589443683624
1168.2451812624931,101.82881873846054
96.67921316623688,94.78378683328629
94.7062360048294,57.71976399421692
514.3992400765419,76.17475992441177
111.92726546525955,111.49873453378677
411.0462975502014,60.046702444553375
792.8503699302673,90.72363007068634
667.3034072518349,661.5295927524567
101.70148485898972,102.37251514196396
125.0245224237442,52.79147756099701
534.7365465760231,102.44845342636108
954.2075905203819,99.97840946912766
99.80863779783249,105.3763622045517
97.63168096542358,98.96131902933121
104.17671823501587,1265.1932817697525
110.22278827428818,109.31421172618866
194.0088192820549,53.010180711746216
388.4992982149124,59.112701773643494
863.0812792778015,49.973720729351044
84.99726104736328,98.9837389588356
79.37624210119247,84.4007579088211
236.0882170200348,52.05978298187256
697.0591982603073,53.97680175304413
1085.6421867012978,137.69181329011917
599.299175798893,64.62682420015335
1043.8061557412148,88.3418442606926
135.40814727544785,58.27685272693634
105.45415937900543,106.86084061861038
367.90621161460876,84.24278837442398
776.5622689127922,98.1407310962677
158.92331784963608,1178.539682149887
110.89436411857605,107.97563588619232
110.92041063308716,57.967589378356934
98.00444239377975,106.0515576004982
100.53045189380646,112.85854810476303
425.14945113658905,78.92354887723923
852.9924471378326,101.06455284357071
102.50046789646149,111.40653210878372
109.28551483154297,108.69448518753052
245.46155214309692,54.66744786500931
397.9881564974785,50.10384351015091
840.460143506527,65.53985649347305
77.91312056779861,102.56887942552567
85.10609340667725,87.89390659332275
1177.5040836930275,116.86691629886627
81.32707983255386,84.50692015886307
180.52006274461746,42.21993726491928
621.2880618572235,36.062938153743744
1060.1120520830154,53.36994791030884
78.06503421068192,65.80596578121185
116.42402052879333,55.51997947692871
459.61800491809845,54.88199508190155
888.4410012960434,49.910998702049255
308.6529953479767,67.69800466299057
726.6430369615555,97.46896302700043
1156.1140637397766,97.23693627119064
101.75309437513351,98.48790562152863
84.68612742424011,106.29487258195877
490.84315127134323,88.32284873723984
924.5921674966812,83.44383251667023
97.65618562698364,102.93581438064575
93.96120327711105,94.61279672384262
300.024221599102,53.919778406620026
97.21827006340027,96.83772993087769
177.2642879486084,101.18071204423904
568.2173284292221,89.74667155742645
1005.2803362607956,99.55266374349594
98.0303344130516,99.85966557264328
90.87132912874222,94.3506708741188
379.45434218645096,85.93465781211853
801.2213616371155,107.16763836145401
114.82238155603409,1232.5106184482574
104.51647698879242,104.16852301359177
1086.2095113396645,102.47548866271973
103.29252535104752,110.46747463941574
49.24553424119949,74.8474657535553
445.7355488538742,79.8764511346817
857.2805879712105,102.25641202926636
105.8626002073288,118.08139979839325
103.74161857366562,102.33238142728806
228.2866485118866,52.360351502895355
629.8506965637207,84.20430344343185
66.6927097439766,1043.3252902626991
523.6637197732925,84.52128022909164
960.3767158389091,103.82728415727615
94.08871906995773,97.31928092241287
115.72572213411331,105.62527787685394
356.86472964286804,51.11727035045624
770.1507353186607,76.94226467609406
1193.8437760472298,103.56322395801544
94.44481706619263,99.7771829366684
128.23181867599487,45.21318131685257
97.99983161687851,96.1121683716774
105.65585970878601,103.90014028549194
422.5898789167404,99.94712108373642
864.0048878788948,83.93911212682724
107.23591142892838,676.0970885753632
98.68994349241257,99.29205650091171
209.71595734357834,63.635042667388916
124.09496945142746,534.2760305404663
1079.602979183197,80.43302083015442
90.8340071439743,98.31399285793304
102.04600894451141,107.67599105834961
99.53602367639542,98.9829763174057
100.52504378557205,103.51095622777939
311.571073114872,71.33692687749863
724.8201160430908,106.66188395023346
1157.0321308970451,100.33786910772324
98.93016022443771,100.77483975887299
93.9561727643013,60.43282723426819
499.5392001271248,88.8497998714447
926.7502259016037,102.02677410840988
412.0742506980896,62.092749297618866
797.8412917256355,105.69570827484131
100.5543042421341,1248.2796957492828
97.98834931850433,99.23365068435669
171.03336054086685,56.70663946866989
577.7643759846687,94.3646240234375
1009.4763901233673,104.50560986995697
96.54038727283478,102.77461272478104
95.28939634561539,95.54360365867615
95.87142103910446,96.07257896661758
96.1214462518692,100.06455373764038
278.55546575784683,59.074534237384796
676.970512509346,92.0284875035286
1106.7025254368782,110.66847455501556
102.3395282626152,107.08647173643112
72.01453697681427,70.8554630279541
485.78256553411484,69.5514344573021
870.9576344490051,102.63536554574966
97.98466074466705,104.40433925390244
98.51167517900467,110.61832481622696
641.2416998147964,660.2763001918793
97.10274428129196,110.89725571870804
123.3147531747818,51.741246819496155
539.8407654762268,76.80723452568054
958.1467901468277,113.92820984125137
106.02479898929596,107.62320101261139
167.7188338637352,65.50416612625122
195.1722639799118,38.050736010074615
621.0692335367203,62.65276646614075
104.26221644878387,45.367783546447754
455.4744763970375,71.9325236082077
912.5574405193329,35.8315594792366
61.657412350177765,76.73058766126633
85.46238285303116,69.85261714458466
287.1183971166611,95.60260289907455
737.4423859715462,51.07561403512955
401.34105211496353,66.63994789123535
825.257030069828,91.70596992969513
77.28400260210037,88.19799739122391
80.29196870326996,85.0590313076973
83.09695076942444,1231.7180492281914
83.90193003416061,85.9130699634552
735.6218973398209,53.28510266542435
1066.7408820390701,88.03611797094345
81.10185807943344,85.17614191770554
73.09183043241501,43.05716955661774
464.63680922985077,88.41819077730179
897.6817812919617,128.04021871089935
382.7827817797661,86.9022182226181
806.5687697529793,109.98623025417328
85.59574723243713,100.38525277376175
83.51173639297485,86.48826360702515
223.63171869516373,75.01728129386902
652.2137030363083,106.7672969698906
1099.4266883730888,112.07431161403656
84.54567265510559,88.14032733440399
94.16467356681824,81.94632643461227
523.8946974873543,61.679302513599396
87.92268717288971,87.92931282520294
393.4306820631027,80.10631793737411
956.5316770076752,71.44932299852371
84.91066497564316,102.58933502435684
83.5116480588913,87.30335193872452
244.1686356663704,60.332364320755005
723.6206367015839,53.416363298892975
1093.925634086132,113.44536590576172
81.13761335611343,86.78838664293289
84.77458453178406,86.96541547775269
84.37657088041306,85.62342911958694
428.22654962539673,79.18145036697388
844.1975420713425,119.65445792675018
84.55753695964813,87.81246304512024
85.23353183269501,88.95246815681458
258.7965579032898,56.03644210100174
679.1385563015938,88.95344370603561
1121.0165518522263,94.40844815969467
82.17455154657364,87.23444843292236
1130.1635326743126,65.48446732759476
81.69050514698029,86.7904948592186
87.25448840856552,86.4675115942955
434.7994841337204,71.01451587677002
903.9564701914787,68.41452980041504
96.65047633647919,99.1465236544609
91.95448940992355,95.23051059246063
245.90749889612198,52.62950110435486
647.5265102982521,119.25048971176147
131.40651953220367,59.946480453014374
540.9885349869728,94.36346501111984
979.0335503220558,80.29944968223572
103.83857536315918,101.19942462444305
92.53159838914871,93.72740161418915
346.780608355999,61.3113916516304
755.7886296510696,82.19237035512924
1189.5756385326385,101.35036146640778
100.324651658535,102.21234834194183
129.55467474460602,57.88932526111603
98.21169877052307,101.41830122470856
53.219696283340454,99.50230371952057
437.4137110710144,88.54928892850876
864.2737246155739,100.57827538251877
98.00473356246948,103.03226643800735
98.62373894453049,100.50526106357574
255.09574842453003,66.58925157785416
674.7147473096848,76.22925269603729
1162.612754225731,88.96124577522278
99.15779119729996,99.78620880842209
986.9618006944656,131.2781993150711
95.43382388353348,93.49217611551285
99.42383223772049,113.94716775417328
354.0058403611183,80.17915964126587
780.6628425717354,110.55915743112564
118.29985117912292,1217.9961488246918
101.32796716690063,100.96903282403946
118.61398112773895,94.6460188627243
542.7139855623245,90.34101444482803
969.5379905104637,114.61000949144363
437.65699303150177,105.87900698184967
864.4250151515007,115.20498484373093
95.56303018331528,101.10396981239319
100.3120351433754,101.29996484518051
248.35805106163025,68.56894892454147
652.4580910205841,102.48590898513794
1070.8551141619682,125.0698858499527
95.19712048768997,97.65387952327728
102.5581237077713,105.4428762793541
99.19614481925964,107.52685517072678
53.759171426296234,96.79582858085632
392.5092146396637,109.95378535985947
736.7212480306625,110.2237519621849
1171.3962648510933,109.38173514604568
95.01626968383789,98.91073030233383
114.09727430343628,44.494725704193115
529.4582878351212,95.43071216344833
961.5962888598442,118.40471112728119
93.53029078245163,106.91370922327042
96.72429299354553,105.88670700788498
110.06631118059158,113.43468880653381
104.35234469175339,103.46365529298782
209.4163687825203,100.99163120985031
646.1463793516159,57.83462065458298
1067.0624141097069,125.73458588123322
104.44043177366257,100.76256823539734
100.56043750047684,99.42156249284744
432.64344704151154,87.3015529513359
851.5224669575691,91.27453303337097
342.2334888577461,58.13651114702225
741.3895053863525,107.88749462366104
1184.750520646572,108.74947935342789
146.6475394964218,70.29646050930023
119.91555142402649,47.381448566913605
535.3315623402596,95.6124376654625
971.3955686092377,106.99443137645721
109.58858066797256,118.94841933250427
112.72661030292511,95.47738969326019
95.75363117456436,251.52436882257462
94.94764238595963,93.40535759925842
221.93764466047287,73.91535532474518
649.0936588644981,79.38834112882614
1085.639665901661,104.3793340921402
99.2776769399643,95.79632306098938
104.34169548749924,92.38030451536179
439.9977259039879,69.13227409124374
853.2647430300713,110.7902569770813
93.77374744415283,93.00425255298615
99.11475157737732,93.32824844121933
108.73476433753967,1135.173235654831
99.81781470775604,93.05318528413773
125.14083218574524,101.15616780519485
566.9818634390831,70.5171365737915
944.3609150052071,84.49108499288559
112.79493016004562,97.68606984615326
95.89594429731369,90.14005571603775
329.681952893734,75.57704710960388
738.1719654798508,81.51303452253342
176.0699759721756,1056.263024032116
633.0779855251312,97.25501447916031
1061.9200031757355,91.02399682998657
101.76102423667908,96.55397576093674
77.1210305094719,92.10096949338913
419.7220394015312,94.20296061038971
857.6390457749367,99.91695421934128
103.64705723524094,103.92694276571274
97.72905558347702,97.73394441604614
233.59006237983704,113.39193761348724
103.80108439922333,102.88391560316086
141.92109364271164,67.98690634965897
539.5591197013855,70.25588029623032
968.642141520977,93.76585847139359
101.28015112876892,99.38684886693954
105.62115949392319,95.95284050703049
356.7401676774025,72.90783232450485
759.6571828722954,112.04681712388992
1269.1462265849113,44.03877341747284
419.47307735681534,52.989922642707825
402.83406591415405,47.684934079647064
85.39804774522781,88.50995224714279
354.2400355935097,36.20496439933777
771.488027215004,78.12297278642654
615.9600335359573,628.9479664564133
83.59701597690582,86.14298403263092
198.75400376319885,30.819996237754822
629.5410029292107,64.16299706697464
993.12300157547,100.22899842262268
85.76098769903183,86.33201229572296
81.04697120189667,85.24902880191803
77.42493361234665,92.46306639909744
80.59989643096924,85.9361035823822
426.0898576974869,40.87214231491089
819.2468388080597,63.290161192417145
86.34782898426056,90.96617102622986
81.78183114528656,88.84816884994507
226.06881523132324,46.93118476867676
657.5958068370819,39.79319316148758
1060.6777911782265,94.91520881652832
553.9077803492546,1016.0552196502686
1017.1577653288841,59.00923466682434
83.86873996257782,85.09326004981995
87.56372511386871,85.86327487230301
399.3857199549675,52.55828005075455
858.3757130503654,75.25328695774078
83.60670411586761,87.32029587030411
83.78168833255768,83.47731167078018
266.32766366004944,51.969336330890656
697.6506481170654,71.1823518872261
176.86263662576675,42.73036336898804
611.0736265778542,58.573373436927795
1040.600612938404,95.73238706588745
103.81259208917618,59.093407928943634
114.96957266330719,64.215427339077
433.5515652894974,72.94743472337723
877.2085604071617,58.698439598083496
144.82855039834976,658.6344496011734
1015.6532330513,90.9027669429779
87.45721942186356,70.44978058338165
101.28917467594147,72.91482532024384
99.20516920089722,70.83183079957962
355.343144595623,72.6758553981781
733.2772939801216,63.42570602893829
1120.7483154535294,92.71368455886841
83.73929965496063,86.11370033025742
88.65456479787827,82.64243519306183
375.5706033706665,89.59539663791656
775.6906381249428,95.75436186790466
258.7906772494316,53.78232276439667
657.9097054004669,90.3122946023941
1052.1968973279,84.65510267019272
91.11292999982834,30.332069993019104
85.9540074467659,85.8419925570488
365.2770588994026,31.87094110250473
775.1000713706017,83.39892864227295
644.313051700592,626.7419483065605
81.65410625934601,86.19689375162125
79.81108295917511,85.91191703081131
81.85707896947861,87.27292102575302
64.58709001541138,90.06090998649597
1033.281356394291,44.57064360380173
791.3444413542747,72.52555865049362
56.33541017770767,72.4435898065567
86.00941705703735,84.10158294439316
190.8144058585167,49.16659414768219
592.6744410395622,74.47355896234512
1088.3685114383698,60.539488554000854
78.50551825761795,86.03048175573349
922.3484880328178,76.02251195907593
80.85651743412018,88.90248256921768
82.80950486660004,94.56149512529373
336.83648920059204,33.441510796546936
749.7144718766212,77.8215281367302
1159.6304502487183,107.09154975414276
77.25041538476944,87.10158461332321
231.8323736190796,32.42662638425827
601.5623345375061,78.76966547966003
125.64530086517334,89.46569913625717
568.5972710847855,48.4567289352417
958.7362411022186,133.93075889348984
76.57820618152618,85.21779382228851
81.17916530370712,86.76583468914032
462.42812436819077,63.794875621795654
909.0290877819061,60.87891221046448
76.53704732656479,90.3519526720047
86.87901622056961,91.91798377037048
311.3870108127594,78.00198918581009
79.52499663829803,83.6050033569336
232.92196226119995,32.39303773641586
695.2269294857979,57.07007050514221
1088.5868910551071,112.91210895776749
78.98386073112488,87.07113927602768
109.3258690237999,66.78513097763062
437.150108397007,65.5358915925026
829.7691479921341,42.712852001190186
87.98118621110916,1171.8328137993813
77.56316208839417,85.38083791732788
1147.1641370654106,102.70586293935776
80.06111472845078,83.5128852725029
194.07008689641953,46.929913103580475
484.81935876607895,49.97664123773575
978.6613853573799,62.227614641189575
77.61441957950592,85.68258041143417
83.36339282989502,85.26660716533661
290.44536793231964,52.51763206720352
734.4903527498245,47.86164724826813
1120.0173323750496,110.24066764116287
671.1923060417175,35.788693964481354
1106.2562841176987,59.46571588516235
77.93127238750458,86.0497276186943
82.49545633792877,84.76354366540909
412.1154310107231,78.03256899118423
803.8274477124214,71.37655228376389
86.50247341394424,1167.904526591301
80.97344827651978,85.91555172204971
217.75946825742722,72.38853174448013
79.60143995285034,85.19456005096436
134.25840890407562,39.59359109401703
454.06265914440155,85.84434086084366
871.8496772050858,87.76132279634476
78.0427057147026,87.64229428768158
77.42167323827744,87.00432676076889
265.9296855330467,42.90331447124481
712.7156944274902,75.22830557823181
1114.2056572437286,104.8313427567482
84.49163031578064,90.06336969137192
85.22261798381805,91.5373820066452
86.45260673761368,87.34239327907562
82.22074019908905,88.35325980186462
357.8027285337448,91.67827147245407
808.0337550640106,73.29924494028091
632.0058034062386,642.95819658041
83.73582708835602,87.0781729221344
158.18881237506866,31.922187626361847
460.69715762138367,64.54284238815308
868.3351844549179,50.73881554603577
301.62230157852173,81.93369841575623
696.2413434386253,154.36965656280518
1114.9903271198273,71.30667287111282
79.81331515312195,86.29768484830856
81.04437899589539,48.71562099456787
426.1086235046387,65.20637649297714
889.8206517100334,60.290348291397095
90.95869559049606,1169.041304409504
83.37471717596054,85.69928282499313
187.75269931554794,52.21030068397522
85.24275052547455,87.25724947452545
96.25173276662827,43.47026723623276
413.0929753780365,81.55502462387085
845.9350062608719,58.10199373960495
91.925044298172,1174.871955692768
83.91503667831421,86.82596331834793
185.77505481243134,64.42894518375397
560.0050859451294,81.56791406869888
961.6991782784462,114.02282172441483
83.83715283870697,87.5328471660614
893.568122446537,91.78487753868103
83.81715142726898,93.08984857797623
85.01013433933258,86.78586566448212
325.1481149196625,73.86988508701324
843.193108856678,49.06589114665985
1164.6090803742409,119.83491963148117
81.28405046463013,87.95694953203201
191.09002321958542,29.835976779460907
630.3939977884293,56.421002209186554
1009.197980761528,96.15401923656464
523.4659577608109,90.92304223775864
926.9009590744972,103.91404092311859
81.14994913339615,86.18405085802078
86.13892233371735,86.28607767820358
355.72191256284714,41.77808743715286
741.7299100756645,147.64008992910385
641.6829045414925,655.2800954580307
407.11971521377563,68.45428478717804
845.1836928129196,125.00130718946457
83.00765860080719,94.69734138250351
778.9786312580109,94.42936873435974
97.52362471818924,1201.458375275135
86.06970417499542,89.54229581356049
140.76268011331558,63.940319895744324
589.345655798912,79.46934419870377
1016.6306644082069,94.62833559513092
87.30565917491913,91.37834084033966
90.0186413526535,93.61135864257812
409.37862265110016,110.54737734794617
850.5356145501137,121.55738544464111
349.321590423584,88.34540957212448
774.1635687947273,109.33643120527267
84.5415449142456,86.29145509004593
92.53153347969055,92.48746651411057
181.18754333257675,87.09045666456223
608.2325237989426,99.50747621059418
1052.7045086622238,129.7214913368225
85.73249340057373,88.26850658655167
82.43344229459763,92.01055771112442
32.589414954185486,90.11358505487442
383.17241978645325,59.23558020591736
831.6254540681839,90.0785459280014
663.0785003900528,635.5514996051788
102.29056829214096,94.56143170595169
177.65058600902557,60.14641398191452
378.1220498085022,81.21095019578934
838.1860392689705,53.86896073818207
82.73102116584778,87.76797884702682
81.36900049448013,84.98199951648712
1166.266980946064,96.84401905536652
79.75696969032288,84.26203030347824
165.91294384002686,51.88305616378784
611.0319222211838,48.504077792167664
1042.6519021987915,97.53309780359268
76.69788509607315,67.21011489629745
84.33486396074295,47.627136051654816
466.95485281944275,32.78614717721939
873.3148322105408,107.62916779518127
84.91793179512024,90.00706821680069
83.53791183233261,83.59108817577362
292.17588567733765,92.41711431741714
754.2388668656349,107.18613314628601
92.2288425564766,1161.7891574501991
86.03387475013733,85.65112525224686
151.1168572306633,66.77214276790619
578.698837518692,101.98616248369217
1016.2258203029633,90.92217969894409
84.73380094766617,85.15419906377792
84.2057836651802,85.97921633720398
85.84376680850983,85.93423318862915
84.77774775028229,87.53725224733353
350.69373017549515,93.01026982069016
570.3877089619637,330.095291018486
88.6177042722702,641.1232957243919
85.81171095371246,89.57728904485703
185.7457001209259,87.71729987859726
648.2916842103004,54.672315776348114
1057.5036700367928,102.44132995605469
548.973655462265,72.21134454011917
978.8526323437691,105.55436766147614
84.54662996530533,84.75037002563477
87.5366148352623,88.31538516283035
409.9705983400345,63.56640166044235
808.8305780291557,120.35442197322845
81.61655569076538,84.0684443116188
101.55153226852417,86.87546771764755
258.94851118326187,52.9214888215065
82.93748939037323,84.4875106215477
207.00146347284317,47.01653653383255
602.6774511933327,103.76654881238937
1177.6854388713837,76.1845611333847
338.53015971183777,91.6368402838707
721.4831573367119,101.51684266328812
1172.4171382784843,121.45386171340942
84.42512220144272,88.11187779903412
158.91509991884232,63.36290007829666
570.5710804462433,102.18691956996918
1018.9510631561279,115.15993684530258
489.34805488586426,96.76394510269165
949.2070422172546,100.79195779561996
85.30902367830276,92.70997631549835
95.59501194953918,85.8859880566597
312.4740315079689,87.37796849012375
739.4630504846573,109.40594953298569
629.380044400692,630.3239555954933
86.85106438398361,84.51993560791016
125.10004514455795,59.99295485019684
87.68207985162735,85.63192015886307
382.1442694067955,55.374730587005615
778.9112957715988,95.01470422744751
90.03132855892181,1174.1356714367867
86.89130955934525,85.18269044160843
163.54734641313553,39.43465358018875
581.7043903470039,89.57360965013504
952.8054759502411,125.62052404880524
81.77645474672318,82.35254526138306
82.52643197774887,82.53056800365448
82.25640785694122,88.05859214067459
84.87538802623749,84.67961198091507
336.6433618068695,72.54163819551468
774.5773250460625,69.36667495965958
83.82628977298737,1235.8587102293968
81.94626116752625,82.09173882007599
198.0102292895317,60.11977070569992
644.610188305378,64.03681170940399
1089.5641449093819,82.52885508537292
574.9231013655663,102.46489864587784
1033.0800564289093,107.88294357061386
71.73702734708786,71.05897265672684
157.4121819138527,34.29181808233261
397.77216470241547,83.87583529949188
807.484258890152,56.90474110841751
1176.863266468048,126.4327335357666
387.6151098012924,69.71789020299911
774.2711471319199,122.17285287380219
1160.3732890486717,124.57171094417572
82.25127422809601,83.84072577953339
1086.4822514653206,119.92574852705002
84.0462321639061,83.38076782226562
50.24024796485901,68.98275202512741
379.4704809188843,77.75251907110214
779.6644998788834,118.26150012016296
88.5615336894989,1179.7714663147926
81.75451654195786,84.48648345470428
195.8554961681366,61.81150382757187
558.4375892877579,103.02441072463989
200.7796372771263,84.07136273384094
370.7698549628258,73.71114504337311
775.2968700528145,113.03612995147705
89.67489993572235,1175.620100080967
83.53593653440475,84.77906346321106
143.61794126033783,51.91805875301361
549.2749718427658,105.28002816438675
966.9310595989227,119.58694040775299
84.40311181545258,87.3748881816864
39.35608893632889,83.95891106128693
86.69806802272797,84.78493195772171
84.31704980134964,84.6279501914978
271.640039563179,57.58196043968201
663.2780766487122,75.46292334794998
1103.6201137900352,109.13988620042801
84.7581872344017,83.63081276416779
88.137375831604,86.82562416791916
379.60835283994675,69.20664715766907
777.5973755717278,113.43862444162369
87.05140060186386,1171.8935993909836
676.9294068813324,71.21859312057495
1100.0124359726906,120.00656402111053
83.74242055416107,82.923579454422
61.69645947217941,57.174540519714355
392.68568950891495,59.49931049346924
783.5457230210304,109.82427698373795
93.68375968933105,1167.4092403054237
89.45176726579666,91.10423272848129
152.3667757511139,75.37322425842285
555.1358086466789,75.66119134426117
178.75484985113144,83.17115014791489
389.4290447831154,67.97795522212982
785.4560806155205,108.8209193944931
88.48311096429825,1175.1838890314102
49.60311585664749,85.11888414621353
158.7591197490692,70.51888024806976
554.6391668915749,77.71383309364319
970.9062138199806,89.64978617429733
86.56219393014908,89.02980607748032
85.05316770076752,89.72583228349686
89.26414483785629,90.90185517072678
83.60613626241684,87.30086374282837
314.6151123046875,78.7928876876831
707.4751785993576,104.74782139062881
1130.9282089471817,120.776791036129
81.2881897687912,84.97181022167206
93.03716737031937,64.98183262348175
401.11944764852524,72.63955235481262
828.9614770412445,112.01952296495438
82.65552282333374,85.71547716856003
717.293517768383,113.26248222589493
1139.2825600504875,119.10543996095657
81.05053448677063,84.579465508461
92.39153265953064,70.51546734571457
397.289823114872,95.46917688846588
824.2618413567543,99.25715863704681
88.39887869358063,93.0271213054657
84.38888359069824,85.20411640405655
193.54486620426178,76.12113380432129
86.55384510755539,86.42815488576889
90.87687194347382,101.7341280579567
517.718902349472,107.48509764671326
944.0969277620316,118.69907224178314
91.97595793008804,89.85704207420349
83.91094893217087,92.47805106639862
341.2519372701645,67.74806272983551
753.5199254751205,116.99907451868057
88.52891254425049,1168.2310874462128
86.31489199399948,82.9631080031395
86.2108713388443,86.71412867307663
83.49785053730011,84.68714946508408
103.52482831478119,52.031171679496765
531.3668159246445,96.02218407392502
960.781811773777,125.9211882352829
84.47479569911957,85.15320432186127
84.72477787733078,86.90522211790085
375.25076872110367,52.85923129320145
800.2407518625259,120.33324813842773
84.15774762630463,86.60225236415863
717.8137456774712,112.61125433444977
602.1557307839394,638.492269217968
82.97870951890945,85.70629048347473
134.30168616771698,77.90231382846832
554.0316764712334,89.54132354259491
996.5216569304466,93.57034307718277
83.21564096212387,84.13635903596878
64.3346209526062,83.2573790550232
401.38060438632965,102.82239562273026
843.7225902080536,119.74040979146957
338.0635755062103,83.88042449951172
755.8495658040047,107.48243421316147
86.4885538816452,1175.9564461112022
82.07053405046463,84.42946594953537
186.67151260375977,75.60548740625381
603.4574972987175,80.94950270652771
1044.744483947754,115.99751603603363
83.80746972560883,85.63653028011322
40.22344750165939,83.40655249357224
85.02842825651169,86.1565717458725
92.86941057443619,66.6115894317627
365.8033921122551,91.7886078953743
804.27537971735,123.98362028598785
85.17236453294754,86.23463547229767
82.31034708023071,85.81965291500092
243.83831810951233,75.57068186998367
657.457316160202,111.43168383836746
1091.3353044390678,138.25669556856155
80.02927821874619,87.19272178411484
79.07424122095108,82.2037587761879
81.45320868492126,86.9167913198471
459.65515291690826,102.78884708881378
968.8111292719841,57.391870737075806
79.7271020412445,87.69889795780182
83.49508053064346,86.09791946411133
314.8180509209633,45.45994907617569
752.9190123677254,125.46998763084412
78.87097382545471,87.7390261888504
700.7139312028885,115.26806879043579
1157.8148904442787,93.39010953903198
85.13685995340347,34.12214004993439
153.62684381008148,53.00215619802475
568.4138075113297,118.7341924905777
1027.1807661056519,124.04023391008377
78.89273291826248,85.36626708507538
446.15065467357635,79.62734532356262
89.8996194601059,917.7113805413246
407.7416016459465,75.59139835834503
823.7495610713959,123.47243893146515
78.25852113962173,85.74147886037827
82.54448264837265,88.06651735305786
299.2004487514496,44.17055124044418
805.7834323644638,60.49556761980057
1150.068395793438,130.8946042060852
80.0223582983017,88.29364168643951
203.34431886672974,34.784681141376495
80.7422844171524,84.8687155842781
124.06624937057495,46.7867506146431
585.9442275166512,53.944772481918335
1046.0081931948662,55.78780680894852
78.05315679311752,87.26184320449829
44.840114772319794,91.73488521575928
458.77309066057205,70.30090934038162
832.3560706973076,138.06892931461334
77.71704161167145,83.30195838212967
78.81700617074966,83.36699384450912
80.54799371957779,85.45200628042221
246.95291596651077,47.73208403587341
684.8508886694908,70.87111133337021
86.93286329507828,1053.327136695385
81.08989322185516,81.52210676670074
71.6538645029068,62.402135491371155
520.6058378815651,82.00416213274002
989.391815841198,79.31118416786194
81.21579265594482,84.28420734405518
890.094764649868,86.94223535060883
81.9177348613739,84.82326513528824
82.96272099018097,86.24127900600433
280.6197119951248,78.65928798913956
721.0166909098625,98.89130908250809
1151.932671904564,124.88232809305191
80.66365110874176,62.76334887742996
139.42961782217026,67.97738218307495
570.8095967769623,69.76540321111679
87.44758707284927,38.31241291761398
502.362569630146,50.87743037939072
928.6115493774414,113.81345063447952
151.2685496211052,73.56445038318634
107.94354850053787,117.01945149898529
254.0625922679901,102.21440774202347
675.5346407294273,118.31735926866531
1112.0246413946152,125.43935859203339
103.32864648103714,98.74535351991653
50.892655432224274,102.16234457492828
107.54967963695526,101.33932036161423
104.55770069360733,105.40529930591583
356.58471953868866,114.9712804555893
788.1867280006409,131.46227198839188
660.0277193188667,704.3612806797028
100.03579503297806,96.5202049612999
141.7658023238182,100.82619768381119
565.7938088178635,139.873191177845
1003.4878143072128,131.68018567562103
103.08782345056534,96.20817655324936
939.521856367588,100.88514363765717
374.1070218682289,124.87497812509537
817.0419954061508,136.51400458812714
82.19796806573868,87.0800319314003
84.53894746303558,86.09005254507065
309.23293220996857,51.26706779003143
679.4639129042625,121.11008709669113
1122.156888306141,134.01011168956757
83.4618570804596,80.81614291667938
128.72983825206757,68.67816174030304
80.47783225774765,80.72516775131226
88.31980359554291,32.0871964097023
481.8657920360565,87.89320796728134
910.6337724328041,93.32922756671906
82.456747174263,84.50725281238556
85.59373015165329,81.92426985502243
349.6767118573189,60.43528813123703
764.4076762795448,92.8343237042427
638.6196615695953,653.4543384313583
81.88663059473038,83.03836941719055
1166.1356120705605,92.38338792324066
79.31158417463303,83.1154158115387
154.94955307245255,42.532446920871735
561.5505492687225,66.52445071935654
997.0585136413574,119.34948635101318
81.6674513220787,82.99954867362976
446.95342522859573,66.36157476902008
858.313386797905,121.50061321258545
81.76635581254959,83.90064418315887
834.3483191728592,52.2436808347702
83.85730767250061,74.97569233179092
83.62529820203781,66.9867017865181
232.3562833070755,56.73671668767929
661.5302539467812,102.19174605607986
1096.74323284626,125.1277671456337
91.69621479511261,73.711785197258
119.88818353414536,39.870816469192505
506.71218007802963,90.67681992053986
80.14742261171341,83.79757738113403
81.69238370656967,89.7696163058281
333.7753394842148,99.55866050720215
745.5613020658493,141.67869794368744
81.32927030324936,90.20772969722748
80.30023312568665,85.23676687479019
233.16119253635406,69.33980745077133
634.1501587033272,126.99784129858017
1102.288126707077,140.10087329149246
87.88910627365112,84.01789373159409
80.13807308673859,84.17692691087723
79.11003363132477,81.64996635913849
471.9599580168724,89.6520419716835
885.5609326958656,131.34606730937958
81.34690320491791,82.98609679937363
83.41087263822556,85.33012735843658
346.5488431453705,73.41515684127808
80.30578708648682,639.5832129120827
710.8147519826889,114.94524800777435
1134.3047313690186,127.49226862192154
86.27570593357086,82.35429406166077
132.98769408464432,53.864305913448334
563.1996728777885,76.2453271150589
975.1526530385017,116.86634695529938
84.1056456565857,81.35735434293747
86.70663070678711,82.18236929178238
384.04862105846405,101.67437893152237
827.7046082615852,101.16639173030853
308.842589199543,78.12041079998016
765.5355799198151,107.1314200758934
610.4515776634216,653.122422337532
83.51556062698364,82.07743936777115
177.32053363323212,65.84646636247635
590.9765191078186,103.28248089551926
1048.9474885463715,93.88551145792007
81.12347459793091,82.1915253996849
106.48344534635544,73.0535546541214
80.39841467142105,82.58258533477783
82.90738445520401,83.07461553812027
393.84137082099915,58.046629190444946
821.8133570551872,92.33464294672012
83.54434341192245,39.585656583309174
83.10735201835632,41.07764798402786
705.7463319897652,87.05066800117493
608.6803487539291,115.17165124416351
1031.2063726186752,125.99762737751007
98.5853910446167,88.32160896062851
98.11240613460541,92.05459386110306
92.52842265367508,90.21257734298706
100.68542724847794,89.77857273817062
316.2304171323776,105.399582862854
742.1454099416733,113.70659005641937
1178.487420797348,122.75357919931412
92.97742235660553,88.59657764434814
126.48641902208328,91.34758096933365
553.7354212403297,124.02457875013351
971.6504440307617,124.62655597925186
434.640464425087,131.0265355706215
857.0934968590736,120.6475031375885
97.95353317260742,92.43446683883667
100.25854653120041,91.00045347213745
219.5265635251999,106.58443647623062
636.9605737328529,112.79942625761032
1078.5795775651932,117.97542244195938
91.36657631397247,89.07842367887497
72.76357078552246,53.47742921113968
63.08657455444336,479.50642544031143
94.33559113740921,91.25640887022018
370.06659239530563,94.54540759325027
778.4265951514244,122.74040484428406
113.21260106563568,1183.583398938179
101.59163475036621,95.16836524009705
177.82166236639023,59.69633764028549
560.1636776328087,133.3183223605156
980.6907138228416,147.60628616809845
98.47672748565674,93.13427251577377
99.52173745632172,96.4972625374794
93.02975064516068,93.08024936914444
102.26076745986938,95.75823253393173
249.1957983970642,103.69420158863068
657.0738146305084,140.20318537950516
1084.0818455219269,146.51015448570251
94.59086215496063,93.90813785791397
63.617879033088684,73.90012097358704
436.9598925113678,129.57810747623444
862.0049102306366,139.31008976697922
98.10592353343964,95.50507646799088
754.2069401741028,147.81205981969833
1184.0299838781357,155.78401613235474
128.61302733421326,69.29497265815735
87.21441304683685,83.3415869474411
388.6854040026665,112.11159598827362
849.1193869709969,110.58361303806305
82.90537393093109,82.65062606334686
85.67336219549179,80.97463780641556
262.04955023527145,66.78444975614548
84.81430834531784,80.57469165325165
177.745072722435,71.21792727708817
596.953828394413,114.39817160367966
1041.9216027855873,124.4853972196579
83.39037436246872,60.20262563228607
89.93214696645737,81.04985302686691
427.01192021369934,97.69207978248596
923.5347037315369,53.85429626703262
126.22548025846481,75.71951973438263
98.24927991628647,87.13972008228302
98.32806968688965,85.85693031549454
98.99986618757248,86.72213381528854
101.50566065311432,97.77233934402466
513.214454472065,129.43454551696777
940.775258243084,142.3727417588234
100.98406088352203,94.88693910837173
96.06285202503204,97.27014797925949
315.3276402950287,96.43135970830917
722.610447883606,131.8525521159172
1154.5602318048477,143.2737681865692
619.6030163168907,136.63898366689682
1053.606796681881,155.20720332860947
103.24258267879486,87.9244173169136
125.09938156604767,91.54861843585968
409.06817615032196,128.24782383441925
831.1099896430969,141.6120103597641
96.81876820325851,86.73723179101944
119.37957096099854,98.73142904043198
191.56939709186554,103.78160291910172
99.87019485235214,84.59180516004562
83.37598979473114,101.69801020622253
484.288802921772,136.35919708013535
928.1825914382935,135.5764085650444
104.00238424539566,96.01561576128006
100.23017555475235,88.78882443904877
291.2909708619118,105.70902913808823
698.1477825045586,137.48121750354767
1132.8935793042183,136.34642070531845
104.86236679553986,88.41563320159912
108.71916604042053,96.09583395719528
132.72397607564926,73.77502393722534
57.61777180433273,88.43722820281982
364.6045562028885,127.43244379758835
800.7213428616524,141.0566571354866
97.83712494373322,95.1818750500679
96.99092245101929,86.86107754707336
204.6817368865013,83.78226310014725
569.0755662322044,123.20243376493454
992.9313606619835,153.71563935279846
462.41914862394333,128.47085136175156
883.8499431014061,147.40905690193176
97.74373561143875,95.44126439094543
98.36051350831985,89.86148649454117
292.7912935614586,87.5977064371109
684.2960990071297,128.72290098667145
1121.2638796567917,145.88312035799026
99.8986691236496,96.54533088207245
56.70146918296814,101.41053080558777
477.6322630047798,118.73873698711395
103.50804209709167,91.60295790433884
373.2718316912651,125.37616831064224
803.1476126909256,142.72238731384277
101.31939047574997,94.69960951805115
101.41619426012039,91.89780575037003
187.23697555065155,109.56002444028854
610.0207528471947,127.49824714660645
1047.3775272369385,148.45647275447845
99.23330640792847,88.82169359922409
101.94307988882065,97.0019201040268
110.50286400318146,95.3491359949112
101.89663898944855,96.95436102151871
397.68042182922363,60.356578171253204
764.759191274643,143.20380872488022
98.37600809335709,1244.8829919099808
98.39978861808777,91.69221138954163
146.7755628824234,91.74343711137772
564.7983434796333,125.58965653181076
1001.9331249594688,141.82587504386902
98.99390387535095,91.43109613656998
900.5726823210716,135.13031768798828
102.81948494911194,97.81051504611969
101.60227304697037,95.50872695446014
282.34805899858475,102.41094100475311
692.1308559179306,133.88714408874512
1134.5806474089622,140.08535259962082
105.45643240213394,92.30256760120392
66.11021780967712,106.24178218841553
487.78100657463074,121.19999343156815
106.23080116510391,96.76919883489609
374.51361525058746,106.52238476276398
800.2234053611755,131.7215946316719
98.09918624162674,108.40181374549866
99.25197976827621,95.8600202202797
182.36776274442673,91.11323726177216
609.7995361089706,123.12746387720108
1038.3233186006546,159.1776813864708
95.60510677099228,90.09789323806763
102.66589015722275,92.33410984277725
95.96867752075195,89.06932246685028
94.47345238924026,85.6935476064682
331.4602261185646,104.76277387142181
755.4460007548332,132.29499924182892
108.1547749042511,1226.8262251019478
104.67954951524734,96.61745047569275
159.20234674215317,83.20565325021744
552.6711566448212,117.06984335184097
988.2319344878197,132.6390655040741
103.12470972537994,94.50429028272629
891.9634909033775,134.12850910425186
96.41327613592148,92.40172386169434
102.40005630254745,93.58094370365143
280.64584535360336,103.00215464830399
692.2246553301811,123.40434467792511
1111.9704462885857,145.75055372714996
98.84622919559479,90.19077080488205
58.037017822265625,98.35198217630386
477.30081897974014,112.38418102264404
902.7146237492561,129.56337624788284
353.9234245419502,119.31757545471191
785.1872141957283,128.34978580474854
120.56299704313278,1268.2340029478073
103.90083175897598,93.52416825294495
154.81460797786713,87.35239201784134
577.3003828525543,120.77361714839935
1022.4911530017853,128.0838469862938
102.23692893981934,97.17107105255127
87.31669783592224,92.38730216026306
104.48746114969254,94.71553885936737
109.04824274778366,98.13675725460052
327.5900263786316,95.40897363424301
734.0028041005135,142.58919590711594
1177.5455815792084,146.9354184269905
125.08835452795029,70.13464546203613
148.70412284135818,88.22187715768814
563.9499057531357,122.88409423828125
994.1036860942841,145.84131389856339
90.51545143127441,84.5955485701561
95.61321765184402,85.55378234386444
96.43299692869186,91.40000307559967
92.40177130699158,84.21022868156433
312.5545358657837,101.00046414136887
729.1523063778877,144.34769362211227
1181.5460833907127,135.54591661691666
99.47786831855774,86.04113167524338
168.35366356372833,49.29533642530441
548.876421391964,127.4745786190033
992.011183142662,136.56281685829163
467.2569472193718,120.7430527806282
909.9667131900787,140.12628680467606
101.49048179388046,102.86251819133759
96.53125327825546,89.70874673128128
311.40802252292633,105.16597747802734
740.671792268753,126.82820773124695
1179.3625693321228,144.6564306616783
95.5153676867485,89.9846323132515
109.20615988969803,85.99784010648727
524.9889707565308,119.41802924871445
95.08674836158752,84.7472516298294
435.8695186972618,116.0384812951088
874.1892995834351,139.10670042037964
103.45410883426666,96.45289117097855
99.29288989305496,87.18911010026932
239.1116679906845,103.83233201503754
654.2464616894722,135.03053832054138
1100.733226299286,144.80377370119095
102.86899209022522,91.8540078997612
100.8737621307373,88.20023787021637
99.48954302072525,90.12045699357986
84.36531555652618,94.1166844367981
395.4440976381302,118.35190236568451
820.171886920929,138.73511308431625
96.54767179489136,93.32332819700241
98.9974535703659,93.53954643011093
211.9842345714569,101.40576541423798
625.1190254092216,134.5489745736122
1082.4198290109634,115.45017099380493
99.9806540608406,93.66734594106674
934.2264303565025,144.7915696501732
97.86121225357056,88.193787753582
64.1629975438118,90.87400245666504
326.5757794380188,101.27622056007385
742.1175614595413,139.17843854427338
95.14133685827255,1241.6366631388664
94.20211011171341,86.51988989114761
129.00288873910904,114.79311126470566
561.0826610922813,128.47233891487122
89.43945181369781,57.819548189640045
456.16723853349686,128.091761469841
887.7280278205872,142.51197218894958
95.95480328798294,90.32219672203064
96.84957730770111,91.0584226846695
279.6323595046997,109.64564049243927
694.8041637539864,133.19583624601364
1135.6239370703697,143.46906292438507
97.83271610736847,86.31528389453888
95.41250175237656,89.36549824476242
97.36128014326096,91.67571985721588
101.16306126117706,91.24393874406815
413.09483629465103,122.20216369628906
840.5436162948608,137.8823837041855
97.34439694881439,95.26560306549072
100.07318204641342,88.03881794214249
233.50297540426254,99.49602460861206
643.3977620005608,133.71423798799515
1086.903541982174,142.430458009243
93.96431887149811,84.90668112039566
987.1540950536728,144.938904941082
95.45587694644928,88.74812304973602
53.330656945705414,94.02134305238724
355.947436273098,119.31256371736526
792.0452080368996,150.13979196548462
96.86498540639877,105.17201459407806
95.09177649021149,88.22222352027893
191.18954622745514,101.29145377874374
610.769314289093,143.2496857047081
90.2180991768837,109.81890082359314
510.7238821387291,148.83111786842346
954.2846683859825,143.0293316245079
94.53048819303513,88.5985118150711
95.46226435899734,86.22373563051224
320.65204179286957,115.3109582066536
741.471821129322,133.32417887449265
626.6806143522263,698.1153856515884
101.96339011192322,94.77660989761353
128.0801791548729,104.10482084751129
96.25196087360382,89.063039124012
97.90473222732544,56.96526777744293
458.87251126766205,118.71948873996735
896.3222799301147,137.78872007131577
105.58705145120621,94.78294855356216
97.3698273897171,87.44517260789871
289.2086077928543,106.47639220952988
694.7314182519913,139.97158175706863
1152.5342221856117,157.74377781152725
114.4650319814682,87.18296802043915
1009.3398184776306,151.32618153095245
101.93760591745377,93.61739408969879
66.62839210033417,85.81660789251328
374.85516810417175,133.97683191299438
803.6019572615623,160.08404272794724
103.84773987531662,111.35626012086868
98.31554478406906,87.25845521688461
181.70933228731155,103.56766772270203
603.437120616436,131.3588793873787
1031.348917067051,148.79808294773102
507.35569059848785,118.2013093829155
936.5274655222893,150.88153445720673
96.95723408460617,85.07976591587067
78.00000244379044,96.90799754858017
326.078774869442,127.92122513055801
757.5655601620674,140.89743983745575
643.5523434281349,702.9106565713882
101.42815488576889,94.4608451128006
129.11893713474274,109.1220628619194
97.40073186159134,85.41326814889908
92.55449867248535,55.96350133419037
466.8742747306824,125.62572526931763
895.9540652632713,135.36093473434448
100.38485318422318,88.17114681005478
102.53863710165024,94.68436288833618
283.0624179840088,98.69758200645447
680.9552384018898,140.35876160860062
1113.794018149376,151.76098185777664
93.09579676389694,86.8482032418251
97.04557245969772,89.26942753791809
98.32835644483566,88.32064354419708
98.61114078760147,85.87085920572281
384.74593234062195,121.56906765699387
827.1957157850266,135.8602842092514
98.94149631261826,93.48450368642807
99.87228387594223,91.9607161283493
200.61805766820908,117.32494235038757
634.0678321123123,132.78416788578033
1056.2026308178902,147.90836918354034
528.2264088988304,133.56959110498428
962.67619150877,141.3058084845543
134.6629609465599,69.72603905200958
104.61273396015167,92.88726603984833
339.83951246738434,131.66048753261566
767.2523024082184,152.00769758224487
654.405107498169,711.9278925061226
389.8016573190689,134.47534269094467
825.3074324131012,157.43356758356094
99.70221823453903,87.00178176164627
99.26199406385422,91.31100594997406
1166.3237826824188,158.62121731042862
102.16156804561615,94.91243195533752
111.85235637426376,102.83364361524582
598.3391487598419,89.3828512430191
945.0659633874893,149.7490366101265
100.8127378821373,92.81726211309433
103.18752390146255,94.90547609329224
338.52531403303146,113.51068598031998
748.7901012301445,143.24689877033234
237.98088324069977,105.16811674833298
651.8006791472435,127.86532086133957
1113.713448524475,150.24955147504807
102.25522047281265,93.24477952718735
96.13102531433105,51.23897469043732
445.6178156733513,138.3831843137741
874.3825973272324,161.0814026594162
92.68338400125504,90.27961599826813
97.13315916061401,84.1818408370018
266.41594249010086,119.32505750656128
100.38377100229263,95.11622899770737
142.33357328176498,105.18442672491074
566.5233528614044,124.80864715576172
990.5291411280632,157.74885886907578
100.10892230272293,92.91007769107819
66.98370015621185,92.01629984378815
365.6554819345474,134.89951807260513
802.6242615580559,152.5067384839058
99.16604751348495,108.07495248317719
101.46786111593246,96.16113889217377
1129.2506417632103,162.21235823631287
95.49542796611786,90.91057205200195
85.16819298267365,115.59180700778961
507.8029835820198,132.04901641607285
941.8637474775314,154.7852525115013
90.9245240688324,95.1684759259224
98.20728349685669,98.58871650695801
335.08205276727676,127.30694723129272
757.754843890667,156.8931561112404
642.5186417102814,714.6103582978249
647.3574597239494,142.29054027795792
1075.6582564115524,154.74874359369278
102.405038356781,89.0019616484642
103.4288181066513,38.682181894779205
441.6375992298126,140.45540076494217
879.1053832769394,144.70961672067642
96.7771857380867,96.16681426763535
95.74497926235199,86.56902074813843
245.50977212190628,110.52722787857056
93.71854823827744,85.63345175981522
154.16832315921783,114.33167684078217
574.4700954556465,141.49290454387665
1020.6778583526611,160.52514165639877
103.0726278424263,94.03837215900421
97.02240800857544,86.69959199428558
397.3981904387474,131.73180955648422
834.9589681625366,149.82003182172775
96.87075412273407,92.74024587869644
98.39452826976776,85.64247173070908
93.69631004333496,86.45268994569778
95.44208860397339,90.05791139602661
131.65086841583252,104.55313158035278
577.1376677751541,125.32533222436905
959.8094874024391,156.33851259946823
97.77827560901642,94.29672437906265
92.33805173635483,85.66094827651978
333.47382813692093,127.3611718416214
760.0526164770126,152.79938352108002
654.3353985548019,714.1096014380455
666.9521847367287,137.19681525230408
1097.697978913784,155.19102108478546
95.96175473928452,94.0562452673912
64.41152733564377,98.40347266197205
483.49029564857483,130.19470435380936
914.1260726451874,156.1519273519516
97.33385908603668,94.98014092445374
94.52462887763977,96.51237112283707
312.91840302944183,114.3225969672203
68.96017348766327,759.5018265247345
222.02195048332214,111.59004950523376
641.1927343010902,139.49126571416855
1079.4575033783913,156.85749661922455
94.0552653670311,94.01873463392258
48.190033078193665,105.95796692371368
475.9368092417717,127.93419075012207
908.0335873365402,138.72541266679764
100.09436440467834,93.92363560199738
95.2291345000267,92.4748654961586
101.75290024280548,94.37709975242615
96.77667093276978,85.98232907056808
218.3934429883957,117.75555700063705
646.3792146444321,137.23178535699844
1078.939986050129,169.8000139594078
96.22276490926743,86.25823509693146
42.024537682533264,110.84546232223511
460.9363150000572,135.50668501853943
905.3490796089172,157.11392039060593
89.42884063720703,86.1081593632698
97.10060167312622,98.10339832305908
94.90235710144043,93.6356428861618
94.49911564588547,86.12988436222076
243.98589169979095,113.5691083073616
662.2326691150665,151.84133088588715
1096.997447013855,160.83655297756195
97.90921765565872,92.59078234434128
61.26598364114761,103.62201637029648
490.91874343156815,133.30325657129288
925.1835142374039,156.26048576831818
399.7262820005417,142.5517179965973
840.7310439944267,163.43595600128174
91.77280539274216,83.7821946144104
97.87157869338989,93.38842129707336
251.39435452222824,115.58664548397064
677.1221254467964,150.22887456417084
1116.386897265911,164.59510272741318
91.66967761516571,83.27532237768173
82.5454495549202,98.84455043077469
98.80922490358353,91.89377510547638
95.8330027461052,89.27799725532532
409.8937745690346,126.62522542476654
836.8065449595451,163.58345502614975
97.1633089184761,85.48569107055664
93.79808223247528,89.05391776561737
247.89585876464844,104.41914123296738
672.9746264219284,144.21037358045578
1126.7213891148567,148.14961087703705
91.31815707683563,83.66284292936325
94.06392574310303,84.158074259758
96.73669993877411,90.44830006361008
95.66647374629974,86.74052625894547
411.76524913311005,138.41975086927414
845.8260181546211,159.65598183870316
92.2937799692154,90.96622002124786
104.42856043577194,88.27543956041336
267.3043717741966,77.30762821435928
659.2171474099159,142.94985258579254
1096.7969236373901,165.66707634925842
565.6536917686462,140.66130822896957
1005.4544693827629,151.0645306110382
97.07124918699265,94.13275080919266
99.15002661943436,94.7019733786583
378.26680958271027,132.03019040822983
817.493580698967,154.24641931056976
93.6103498339653,87.46365016698837
97.00411748886108,92.03288251161575
219.89788806438446,145.93611192703247
645.4956567883492,147.52334320545197
126.68543314933777,123.09256684780121
558.8582015037537,153.86479848623276
995.1219804286957,163.41501957178116
90.88675564527512,84.20624434947968
95.05852156877518,86.38647842407227
389.23028659820557,128.38071340322495
826.0130481719971,156.5419518351555
93.57381528615952,90.8331847190857
89.74558526277542,88.69841474294662
91.26934915781021,85.61965084075928
94.23712038993835,84.04087960720062
146.8898919224739,119.94210809469223
598.4136696457863,135.10433036088943
997.3264626860619,162.91453731060028
89.96122878789902,88.11277121305466
393.8607468008995,145.71325320005417
836.754507958889,183.59749203920364
91.093270778656,86.48072922229767
89.93203520774841,82.06896477937698
96.19683480262756,93.28516519069672
89.73760735988617,84.8363926410675
152.90937250852585,117.64562749862671
577.4891413450241,150.56685864925385
1016.9019083976746,170.9680916070938
87.59267050027847,82.6853294968605
418.9731937646866,146.8048062324524
866.5519549846649,177.3550450205803
346.53873777389526,122.10926222801208
779.2104905247688,166.56750947237015
103.25225961208344,87.09974038600922
89.53511309623718,89.22388690710068
146.9668751358986,121.0141248703003
571.6576408743858,152.75035911798477
1041.5514058470726,146.46759414672852
89.22317838668823,82.85182160139084
91.59793436527252,89.01306563615799
415.1396849155426,156.9513151049614
94.44244259595871,85.11355739831924
330.521224796772,108.58977520465851
755.0820302963257,138.5099697113037
1181.8088557124138,142.54214429855347
107.62966650724411,99.40733349323273
103.4854656457901,108.23553436994553
503.6582931280136,136.52670687437057
923.8491064310074,146.07789355516434
111.57591944932938,98.794080555439
104.30372405052185,100.0482759475708
103.27151787281036,106.1914821267128
109.75833505392075,98.61166495084763
156.9301427602768,113.97685724496841
563.8239500522614,135.2320499420166
984.8107641339302,152.096235871315
111.74158090353012,98.53641909360886
92.54339212179184,102.45660787820816
318.8081955909729,122.76680439710617
737.127998650074,143.7790013551712
1167.6698194742203,125.03418052196503
616.1376247406006,136.38037526607513
1042.6614386439323,142.39356136322021
104.44523966312408,96.75876033306122
104.06105673313141,97.86494326591492
368.6218698620796,138.91513013839722
786.6456967592239,120.11430323123932
174.2615389227867,1124.4234610795975
409.0290528535843,129.54494714736938
853.9408149123192,149.9281851053238
85.83556979894638,84.8504301905632
779.0073207616806,146.5116792321205
93.06807923316956,81.58092075586319
87.75785738229752,81.13014262914658
222.42961186170578,112.6443881392479
629.2313616275787,141.34263837337494
1080.2001100182533,155.17088997364044
85.55686819553375,82.53613179922104
93.82162261009216,78.3453773856163
596.5853793621063,89.61862063407898
930.072132229805,154.66886776685715
421.79888969659805,137.7561103105545
855.8226395249367,152.51036047935486
84.38338965177536,89.33861035108566
88.88914883136749,80.24085116386414
308.3939086198807,91.06909137964249
689.565740942955,116.12025904655457
1109.793548822403,150.29945117235184
92.65030217170715,80.23869782686234
85.34008258581161,84.99291741847992
82.58587312698364,81.17312687635422
86.18381816148758,79.16718184947968
369.1145766377449,65.60742336511612
769.8053764104843,127.63862359523773
1180.2741791009903,158.1148208975792
344.57783460617065,107.4781653881073
740.9906365275383,150.65736347436905
1163.6254595518112,159.13354045152664
87.66821813583374,86.85078185796738
115.13602417707443,111.14197582006454
538.5847827196121,142.45221728086472
74.55359995365143,47.150400042533875
348.558552980423,141.7004470229149
745.0084297657013,150.41757023334503
1173.4772261977196,166.3937737941742
89.31499391794205,85.35200607776642
141.85675126314163,118.2722487449646
534.7515963315964,142.19340366125107
972.20037150383,160.4656285047531
87.91012763977051,80.42287236452103
85.76688116788864,83.62211883068085
85.03063470125198,93.80236530303955
87.14738726615906,80.55661273002625
330.15314185619354,117.62585812807083
777.7509433627129,91.45405662059784
1166.625748693943,146.4852513074875
85.5014995932579,82.25850039720535
167.61825531721115,146.5307446718216
580.4191296100616,96.65487039089203
954.5909841656685,125.39101582765579
84.35573399066925,80.66326600313187
884.0824843049049,124.62051570415497
81.5692811012268,82.87571889162064
82.68502861261368,80.40697139501572
252.6727796792984,123.10622030496597
640.0476560592651,138.50734394788742
1063.2934445142746,165.65155547857285
84.4102013707161,82.20079863071442
77.49000924825668,57.732990741729736
464.12379705905914,108.50620293617249
85.25966227054596,81.55633771419525
334.83741372823715,118.32858628034592
754.8802087306976,140.41579127311707
1178.7919993400574,164.9670006632805
332.67166006565094,118.71733993291855
728.8064777255058,163.89752227067947
1156.2922813296318,192.33771866559982
85.68703818321228,82.57196182012558
120.19283843040466,108.32616156339645
532.3826164603233,150.67338353395462
969.2953956723213,163.66860431432724
421.3182051181793,141.97779488563538
863.1199659109116,187.82503408193588
100.6987773180008,84.46722269058228
87.20453864336014,82.6294613480568
298.46931380033493,79.97568619251251
631.0851957798004,148.89680421352386
1058.23798507452,190.65001493692398
86.22474104166031,81.49725896120071
33.00750195980072,139.3254980444908
85.82830274105072,83.15369725227356
85.3331783413887,82.25882166624069
334.04195934534073,111.19904065132141
726.5097613930702,157.54523861408234
1155.2375634908676,194.72543650865555
85.50232034921646,82.23867964744568
140.65507555007935,119.77092444896698
539.5678818225861,167.11711817979813
971.2206865549088,159.94531345367432
88.6344946026802,80.29150539636612
84.26824992895126,80.4907500743866
85.2000048160553,84.37399518489838
83.57476460933685,92.75823539495468
289.67351830005646,153.93748170137405
689.5853497385979,155.5816502571106
1141.8311081528664,162.16889184713364
86.00286465883255,82.7371353507042
109.61862254142761,121.56637746095657
512.2364593744278,139.81954061985016
906.7783241868019,156.77767580747604
382.8381466269493,116.30885338783264
776.9169529676437,177.34104704856873
643.9597625732422,711.947237432003
308.8945237994194,145.82747620344162
720.0663301348686,166.48866987228394
1143.6641352176666,187.53986477851868
86.70589369535446,82.68310630321503
114.22965484857559,149.17734515666962
461.993594288826,146.46840572357178
880.6654040813446,185.88959592580795
86.13420850038528,85.56879150867462
777.7879685163498,165.8060314655304
90.0147979259491,96.39220207929611
89.90856450796127,82.49843549728394
168.06232446432114,139.91867554187775
557.1601754426956,164.89582455158234
972.5539973378181,192.46400266885757
87.37479120492935,83.16320878267288
88.61966156959534,83.67633843421936
329.3664220571518,125.50457793474197
89.01922762393951,83.64777237176895
227.78398501873016,145.84601497650146
613.7698655724525,164.30413442850113
990.4607563614845,186.59524363279343
86.1695367693901,84.8304632306099
173.95229530334473,81.58370471000671
260.69827181100845,194.20872819423676
706.0000919103622,167.5549080967903
1125.0429062843323,189.75409370660782
88.65867048501968,84.78532952070236
88.0704293847084,83.26157063245773
87.87218850851059,83.1088114976883
94.76697641611099,41.12302356958389
322.29101634025574,137.67198365926743
729.9248170852661,164.44418293237686
1158.8746219277382,167.53237807750702
87.73237973451614,84.45262026786804
129.66213881969452,85.67086118459702
544.4829481840134,147.2760518193245
963.7287458181381,162.95725417137146
444.9745088815689,153.24749112129211
867.3503147363663,186.00168526172638
87.67013162374496,86.51486837863922
87.13890814781189,84.17609184980392
256.8466698527336,123.69033014774323
649.370495736599,180.46150428056717
1073.7833079099655,189.77169209718704
86.97406858205795,83.28493142127991
116.16383773088455,50.72516226768494
64.2986690402031,470.86733096838
86.37857550382614,82.39942449331284
298.0313535928726,152.20864641666412
712.4071690440178,174.7778309583664
1130.19097417593,195.9200258255005
87.04773426055908,82.1382657289505
78.14454102516174,143.02145898342133
480.9283613562584,163.072638630867
873.951226234436,189.65977376699448
85.45703363418579,84.61696636676788
87.07279312610626,83.51920688152313
92.37455648183823,84.69944351911545
86.60133451223373,83.4356654882431
184.1811049580574,144.9118950366974
563.9459742903709,177.57302570343018
989.1907687783241,189.51223123073578
84.78957855701447,81.60042142868042
88.57253062725067,83.87246936559677
301.02229499816895,148.86770498752594
697.1381179690361,182.69488203525543
1123.0509233474731,192.8940766453743
604.1667301654816,135.7032698392868
986.4135793447495,180.62442064285278
84.75137543678284,83.67362457513809
86.42331290245056,82.5396870970726
313.41006976366043,127.4229302406311
698.8039137125015,171.36208629608154
99.95775610208511,1120.9682438969612
88.59256422519684,82.12943577766418
46.35636126995087,121.25463873147964
85.88018184900284,81.39781814813614
90.0890743136406,81.5949257016182
319.1878316998482,141.44316828250885
745.1006423830986,151.73335760831833
1159.4014387130737,200.5435612797737
84.1101923584938,83.27880764007568
135.78194558620453,145.62505441904068
545.5088260769844,143.84317392110825
935.4956233501434,182.6343766450882
83.63043069839478,82.75756931304932
78.85820007324219,865.9567999243736
84.28901493549347,82.69198507070541
87.21977090835571,81.46422910690308
242.9845244884491,126.44147551059723
654.1753686666489,130.76863133907318
1042.6241906285286,179.81980937719345
85.27805578708649,81.27794420719147
181.98680520057678,81.7911947965622
297.49281203746796,158.4701879620552
748.0156031250954,136.2613968849182
199.6514139175415,99.57158607244492
640.785199701786,108.41780030727386
1032.4200131893158,131.59798681735992
83.59183591604233,82.11216408014297
54.48659706115723,68.81040292978287
310.009603202343,142.43439680337906
731.9784220457077,160.67057794332504
1139.2612183094025,193.94178169965744
85.45097160339355,81.17802840471268
84.47472500801086,82.52527499198914
83.8504809141159,82.87151908874512
72.81825798749924,106.03274202346802
464.21305400133133,156.84294599294662
901.9778518676758,136.76314812898636
84.68565863370895,94.68434137105942
83.80241686105728,81.64158314466476
244.02922290563583,146.58077710866928
701.2569922208786,133.68700778484344
1107.3557656407356,187.274234354496
84.56354576349258,79.4174542427063
996.3833727836609,172.31962722539902
94.38914960622787,93.66685038805008
97.54302632808685,87.36497366428375
324.6578062772751,106.60019373893738
726.5716626644135,163.8923373222351
1145.6134839653969,151.9785160422325
93.34024941921234,89.95475059747696
89.75305885076523,124.61694115400314
445.74098616838455,123.5190138220787
91.54187715053558,93.16212284564972
311.80666506290436,136.30533492565155
723.4774755835533,154.89252442121506
1133.835306107998,173.8686938881874
94.91407710313797,93.17792290449142
97.08584707975388,119.76615291833878
459.31374818086624,154.0192518234253
882.4485705494881,143.19942945241928
94.43542921543121,93.49157077074051
92.77320110797882,89.7447988986969
92.33496922254562,87.05403077602386
92.00673973560333,84.06726026535034
136.0105311870575,152.76646882295609
552.8313288092613,182.8906711935997
957.6891894340515,188.38581055402756
92.02695697546005,85.39904302358627
95.66186326742172,88.61613672971725
299.2596326470375,147.48136734962463
660.1165333986282,182.3274666070938
1087.9923389554024,194.02666103839874
550.4791370630264,178.48386293649673
950.8359913825989,188.8490086197853
88.35875970125198,82.58524030447006
90.29064399003983,84.67235600948334
301.94441026449203,148.33358973264694
704.875236928463,176.64376306533813
1136.5660524964333,149.86094748973846
92.90382546186447,85.41017454862595
79.31559634208679,128.81240367889404
457.7854842543602,151.86351573467255
93.58636903762817,86.04363095760345
320.72118055820465,131.5198194384575
716.9850052595139,141.60799479484558
1132.435831964016,132.67616802453995
92.82860827445984,85.30039173364639
83.01942265033722,132.77757734060287
436.5063189268112,156.16068106889725
855.3261364102364,187.4328635931015
89.16499733924866,84.42800265550613
93.42876225709915,83.9222377538681
1166.1565473675728,170.0284526348114
94.3293268084526,87.83767318725586
119.40810000896454,147.6288999915123
492.6529929637909,168.99500703811646
886.1028661727905,170.2111338376999
92.66469132900238,87.70630866289139
95.46646934747696,85.92353063821793
239.19327825307846,158.1587217450142
606.7351757884026,155.59782421588898
1035.0919908881187,185.37000912427902
450.50488245487213,168.16111755371094
866.6397022604942,127.04529774188995
89.6635332107544,87.18846678733826
93.74329888820648,86.75670111179352
229.9521118402481,80.32688814401627
643.2719480991364,156.7840518951416
998.9249478578568,149.64805215597153
84.0417211651802,64.75527882575989
187.19448459148407,80.30551540851593
91.92246687412262,79.31853312253952
87.16825312376022,82.38674688339233
183.24710166454315,109.71489834785461
574.0678943991661,169.2471055984497
1001.3697023391724,145.42729765176773
87.37450861930847,83.6994913816452
89.67641931772232,83.21258068084717
285.6072152853012,173.4117847084999
683.1490800380707,171.55491995811462
1128.6548400521278,186.882159948349
88.06660860776901,82.19239139556885
1039.442375600338,123.89062440395355
86.94825375080109,82.21974623203278
88.99020183086395,84.17679816484451
305.71796774864197,138.58003228902817
681.2218471169472,170.83215290308
1125.3196113109589,161.0503886938095
107.6773784160614,72.87862157821655
125.05314129590988,117.65085870027542
498.7609832286835,158.05301678180695
86.39601373672485,81.73298627138138
292.5868268609047,93.04317313432693
668.5186871290207,172.92631286382675
1111.9304601550102,190.25453984737396
84.52822268009186,82.8237773180008
71.47798097133636,131.13301903009415
450.57586735486984,153.3681326508522
876.7846680283546,186.34533196687698
88.66049605607986,83.54250395298004
96.64725810289383,86.26074188947678
85.91104012727737,82.99595987796783
87.99079847335815,83.9732015132904
149.9955976009369,140.33740240335464
684.0743827819824,58.128617227077484
1009.9871962070465,179.49380379915237
86.97410798072815,85.80389201641083
85.94193291664124,83.48406708240509
305.28070789575577,125.57029211521149
704.2675403356552,179.41745966672897
1140.1803370714188,187.44966292381287
599.4261192083359,176.79588079452515
1008.4679600000381,162.5680400133133
85.25172489881516,82.74927508831024
59.12649166584015,62.26150834560394
316.87348610162735,136.77451390028
716.9523109197617,175.73268908262253
1140.7911049127579,192.70889508724213
88.10986244678497,86.66713756322861
90.59662050008774,168.99537950754166
493.10249304771423,172.95250695943832
90.33048558235168,85.78151440620422
314.3352779150009,136.3687220811844
705.3591241240501,187.1788758635521
1127.5309302210808,194.11706978082657
85.3876913189888,83.37130868434906
107.28244775533676,128.01455223560333
470.41732239723206,186.935677587986
882.4961673617363,191.5048326253891
84.92692559957504,88.75907438993454
91.7836804986,82.6233195066452
89.69643503427505,82.89556497335434
88.64520233869553,86.22379767894745
219.5399780869484,151.38602191209793
598.84187322855,187.73212677240372
990.1987323760986,195.70926761627197
85.05554300546646,84.92645698785782
91.2464714050293,81.56852859258652
284.9372419118881,170.3967580795288
705.701080083847,173.22491991519928
1129.0208735466003,157.96112644672394
606.4516323208809,161.08436769247055
1001.3835180997849,145.93148189783096
89.46233361959457,88.20466637611389
87.96822875738144,87.92177122831345
323.41700822114944,112.95299178361893
738.05181235075,155.98418766260147
307.61453038454056,138.42246961593628
727.1013180017471,162.86168199777603
1157.5691294074059,168.41187059879303
83.72289925813675,83.53610074520111
1069.9316630363464,169.4013369679451
87.5664232969284,86.95157670974731
38.18317502737045,140.24282497167587
447.72499948740005,144.7200005054474
842.7858510613441,174.17714893817902
83.79065138101578,84.89434862136841
83.64840543270111,83.59259456396103
283.9871609210968,66.45883905887604
628.9730254411697,153.02697455883026
1075.2187805771828,169.18821942806244
542.5025981664658,139.6644018292427
958.0073971748352,172.88160282373428
87.2151540517807,84.72884595394135
92.96206706762314,86.05593293905258
304.13283455371857,132.68116545677185
688.731705725193,151.67529428005219
1126.385475218296,163.6715247631073
90.7232421040535,85.35075789690018
89.71000057458878,115.21599942445755
87.99283158779144,81.19216841459274
86.88660436868668,82.29839563369751
340.50355637073517,95.84844362735748
733.3413949012756,160.4916051030159
1156.3092237114906,159.06077629327774
87.16698545217514,85.35101455450058
100.0057846903801,118.03221529722214
492.9546182155609,162.58238178491592
891.5904832482338,165.22451674938202
89.70728939771652,87.23771059513092
90.75289463996887,88.33810538053513
85.85168367624283,83.50031632184982
157.80144983530045,122.75455015897751
562.4732555747032,161.19374442100525
991.6630594134331,126.13294059038162
89.35286712646484,83.0901328921318
90.50677478313446,87.90022522211075
332.9935380220413,113.48846197128296
726.8693379163742,157.76066207885742
200.9481436610222,126.01485633850098
607.620953142643,152.9540468454361
1025.4587739109993,166.31822609901428
87.77853107452393,87.72146892547607
42.43228876590729,89.71571123600006
445.45507222414017,106.59992778301239
817.5349308252335,133.16806918382645
88.76175385713577,86.18224614858627
88.69353115558624,89.08346885442734
169.8282926082611,46.20870739221573
89.40705621242523,88.75994378328323
92.30187046527863,123.49512952566147
495.21369618177414,157.10130381584167
882.755571782589,168.15142822265625
88.85437315702438,94.0346268415451
86.95213347673416,89.41786652803421
249.27197420597076,131.5800257921219
656.0927804708481,164.07521951198578
1068.3006086349487,174.27339136600494
86.47336804866791,83.06463193893433
984.7371405363083,150.17085945606232
91.38993066549301,86.61006933450699
90.80288863182068,91.01111137866974
310.65964978933334,125.35835021734238
714.5914570093155,157.9085429906845
1136.2812581658363,180.70074182748795
88.3980301618576,90.62096983194351
86.68083053827286,132.39316946268082
525.0568132996559,63.51718670129776
85.06172901391983,802.2342709898949
256.9375520348549,130.48844796419144
664.498367190361,154.6316328048706
1028.7072693705559,188.6817306280136
86.24909859895706,87.23190140724182
84.95903992652893,85.02296006679535
349.6847930550575,133.3332069516182
723.4126563668251,158.80834364891052
1149.2704656720161,180.2675343155861
86.97922343015671,89.70577657222748
88.6139788031578,90.70102119445801
97.35973936319351,85.0482606291771
32.327594578266144,98.87540543079376
403.27741211652756,170.62958788871765
830.7642006874084,182.51379930973053
95.65801000595093,93.54499000310898
88.47779077291489,90.83720922470093
188.96462672948837,138.92437326908112
569.8964874744415,148.36351251602173
990.364312171936,180.82168781757355
88.85011827945709,89.38988173007965
878.8748859763145,178.3661140203476
88.2866832613945,90.15731674432755
86.29244494438171,84.46655505895615
266.07524931430817,140.44375067949295
676.0800465941429,166.47495341300964
1121.4738039970398,179.47019600868225
88.64555913209915,90.37244087457657
86.05836868286133,127.867631316185
446.67525643110275,161.63974356651306
89.97717905044556,90.06082093715668
311.4259443283081,128.99905568361282
710.6167668700218,175.03123313188553
1137.4365648627281,184.74843513965607
89.1083197593689,91.8916802406311
94.55812031030655,128.14587968587875
497.30393582582474,163.75106418132782
895.9207911491394,184.76520884037018
86.61054521799088,91.6674547791481
89.11530113220215,91.64369887113571
87.54705786705017,90.8239421248436
86.66281294822693,89.80018705129623
245.29756826162338,137.46143174171448
665.6183737516403,163.43762624263763
1079.252189874649,179.02481013536453
88.6649523973465,91.46404761075974
76.17074263095856,93.05225735902786
445.84254413843155,157.84345585107803
867.0323436260223,179.4116563796997
86.1671741604805,94.16682583093643
766.4679319262505,170.95706808567047
1182.3067541718483,185.97024583816528
312.68548929691315,147.92551070451736
705.0613190531731,172.27168095111847
1120.6221362352371,184.67386376857758
88.07189804315567,92.07710194587708
80.07668775320053,138.29431223869324
444.9155831336975,163.5844168663025
867.5863926410675,170.85760736465454
89.74120885133743,91.87079113721848
89.13396805524826,89.84703195095062
100.39872813224792,82.76827186346054
91.82956689596176,88.59643310308456
148.48332971334457,134.60867029428482
558.6371385455132,164.38186144828796
957.5489884614944,182.5800115466118
86.38774889707565,91.18625110387802
90.15165185928345,91.45834815502167
308.6764296889305,136.41657030582428
707.7552425861359,174.3187574148178
189.37103563547134,143.1659643650055
593.8018387556076,168.97516125440598
988.8267115950584,180.93328839540482
89.33151185512543,91.5944881439209
95.87447893619537,95.57052105665207
251.84133529663086,141.43666470050812
639.5141783356667,194.59682166576385
1077.8899735808372,181.88802641630173
88.48673701286316,89.2722629904747
89.36250275373459,85.89649724960327
90.72027671337128,85.74372327327728
179.9280462861061,85.71895372867584
296.95302641391754,155.84397357702255
666.438916683197,176.00508332252502
1116.1666796803474,179.33332031965256
91.31944596767426,90.29155403375626
85.17721343040466,127.60078656673431
438.6451259255409,170.31787407398224
865.3539263010025,180.3490737080574
87.02572721242905,90.73327279090881
780.5674953460693,185.78350466489792
1170.573351919651,186.61164808273315
89.07912063598633,92.21787935495377
131.65788090229034,144.95411908626556
552.4036611318588,164.85633885860443
992.0384604334831,165.14653956890106
91.52426064014435,93.58673936128616
89.10419267416,90.82180732488632
305.1469586491585,141.57604134082794
90.7627944946289,95.12620550394058
185.04555881023407,143.9174411892891
560.2364401817322,176.2455598115921
993.0562243461609,178.2217756509781
88.28302890062332,87.29097110033035
89.69578582048416,33.91521418094635
396.719540476799,166.2984595298767
824.3542992472649,173.96070075035095
87.47110497951508,92.8068950176239
87.79085993766785,86.37614005804062
87.12861847877502,86.81538152694702
95.5603774189949,94.81062257289886
143.25015515089035,143.00984489917755
561.7189508080482,202.67004919052124
977.0757492184639,208.20225077867508
87.52555453777313,89.03044545650482
86.69747483730316,90.54352515935898
306.2572450041771,135.9277549982071
675.3931329846382,161.99686700105667
1127.0648884177208,177.45411157608032
598.8476474285126,171.18935257196426
984.7235431075096,192.55445688962936
96.69133710861206,92.60466289520264
92.90026152133942,88.46973848342896
321.72102451324463,100.87197548151016
717.4098270535469,179.75617295503616
1145.397630393505,186.86236959695816
85.82838743925095,85.57861256599426
125.11113846302032,154.83286154270172
544.0429468750954,175.47605311870575
105.51075637340546,50.50824362039566
396.40458649396896,164.48441350460052
835.038354575634,182.77564543485641
84.11911076307297,89.58588922023773
92.27186518907547,88.19113481044769
243.8506724834442,154.09332752227783
671.8194328546524,129.32956713438034
1095.602229654789,179.84277033805847
96.36598253250122,93.63401746749878
87.77873688936234,90.1462631225586
88.50549346208572,90.23450654745102
84.49227970838547,41.506720304489136
342.2752515077591,142.29874849319458
712.930122256279,178.82987773418427
1153.5829079151154,200.1760920882225
96.60667514801025,97.54232484102249
82.96351981163025,149.92548018693924
441.8204416632652,166.308558344841
844.9732669591904,203.91473305225372
84.27507656812668,84.96492344141006
743.2998351454735,204.96016484498978
1166.7856605648994,218.51033943891525
87.51342731714249,87.50557267665863
145.9441797733307,140.77782022953033
567.6899703741074,161.03202962875366
962.5288118720055,179.89718812704086
87.18156462907791,89.3374353647232
89.20548105239868,89.25751894712448
310.61825531721115,138.54874467849731
86.77206534147263,91.28393465280533
181.25888711214066,142.77911287546158
593.5776826739311,174.9403173327446
991.8795466423035,185.1944533586502
109.25535136461258,99.15264862775803
87.74129515886307,87.96170485019684
313.89505845308304,130.99294155836105
715.2338792085648,139.87712079286575
1135.4056757688522,188.1313242316246
86.7254331111908,88.79256689548492
87.99019140005112,85.26980859041214
92.23595237731934,93.02404761314392
40.96370655298233,122.6662934422493
452.91251361370087,163.51248639822006
869.0663168430328,172.3786831498146
87.55312269926071,90.22487729787827
85.31688272953033,85.27511727809906
261.98865926265717,139.53034073114395
675.679443359375,171.69155663251877
1122.0361988544464,183.61180114746094
601.9119549393654,160.32904505729675
1025.4167729020119,181.9542270898819
87.14452922344208,87.46747076511383
92.42728471755981,43.25771528482437
411.1170771121979,164.30792289972305
856.1778256297112,174.72917437553406
85.97967624664307,84.70532375574112
86.07743674516678,89.82956326007843
237.86122405529022,83.38077592849731
72.10710388422012,666.4498960971832
65.5190036892891,105.22199630737305
462.2278205752373,115.10517942905426
843.3626655340195,173.06333446502686
86.16444820165634,89.74255180358887
88.35420155525208,90.62679845094681
254.47095996141434,138.10304003953934
658.3467779159546,169.5432220697403
1078.8325825333595,186.24141746759415
84.43034410476685,86.19865590333939
84.67610210180283,86.02689790725708
84.49686080217361,85.15113919973373
89.59361392259598,46.42438608407974
392.26640117168427,169.2885988354683
814.3822047710419,204.35779523849487
84.70295888185501,86.33404111862183
89.65171611309052,90.42228388786316
246.87948006391525,134.4725199341774
642.1433004140854,185.81969958543777
1061.7791038751602,191.57389611005783
88.9318580031395,85.3641420006752
984.4926275610924,185.877372443676
84.1094229221344,87.0945770740509
36.1143404841423,85.53365951776505
297.4891348481178,150.01086515188217
697.3839592337608,185.3570407629013
1113.018773317337,192.6112266778946
85.56053042411804,86.60646957159042
72.02934086322784,145.4146591424942
471.2931519150734,176.83684808015823
176.61295866966248,87.94204133749008
298.4149450659752,154.51105493307114
698.2537705898285,178.85822939872742
1106.962582886219,219.27841711044312
89.44834214448929,87.95765787363052
74.32513844966888,145.08286154270172
449.3860129714012,164.85598701238632
871.0758109092712,180.97918909788132
85.61861491203308,88.54838508367538
83.77037107944489,84.93262892961502
94.07212728261948,85.72387272119522
87.20690155029297,87.07109844684601
172.56470429897308,164.97329568862915
554.1435662508011,175.91243374347687
992.6483200192451,189.86967998743057
86.21011781692505,85.75388216972351
298.4058764576912,156.0021235346794
697.1136984825134,184.08930152654648
1124.3045002818108,194.62149971723557
599.3652650713921,182.5977349281311
995.9631025195122,195.68489748239517
86.85686022043228,85.51313978433609
60.67765831947327,58.415341675281525
330.367612183094,154.6693878173828
702.2994845509529,180.2005154490471
1127.3222813010216,186.1397187113762
90.0870411992073,88.98695880174637
88.33182632923126,146.5381736755371
88.04166477918625,92.62433522939682
62.028434216976166,54.694565773010254
337.4963847398758,147.42961525917053
711.5762412548065,170.31275874376297
1135.2290452718735,183.51095473766327
88.36379998922348,92.09920001029968
115.14655995368958,144.20544004440308
486.5784462094307,175.88455379009247
908.9722992181778,156.54670077562332
86.51405823230743,92.24494177103043
98.74181574583054,84.7951842546463
98.72758740186691,100.80941259860992
89.04741722345352,90.85958278179169
189.60820734500885,139.2437926530838
550.6330966353416,172.58990335464478
984.1748750209808,189.69512498378754
89.43967461585999,90.63532537221909
175.7594296336174,88.37057036161423
301.78240913152695,150.38359087705612
695.5102354884148,166.60076451301575
176.2740278840065,151.77997213602066
553.6318869590759,173.35011303424835
972.5266969203949,205.19630306959152
89.67950361967087,92.85749638080597
89.53642231225967,89.537577688694
305.7271866798401,142.90281331539154
695.8060017824173,184.93399822711945
1145.3858131170273,180.7071868777275
88.92758047580719,92.07241952419281
82.7473578453064,137.9556421637535
88.42019194364548,90.54380804300308
94.34995073080063,92.44604927301407
338.52289694547653,148.82910305261612
717.4167609810829,178.02823901176453
1144.3475604653358,182.11543953418732
89.55631560087204,92.7766844034195
127.95107233524323,150.34592765569687
504.3259238600731,179.471076130867
937.0717138648033,185.66928613185883
96.13247245550156,90.2195275425911
87.95222926139832,89.80677074193954
91.6429882645607,92.3570117354393
88.09274786710739,86.87025213241577
290.2455069422722,141.62449306249619
667.3623688817024,170.9526311159134
1109.7931265234947,193.18787348270416
87.05789333581924,89.97910666465759
84.80365264415741,137.25234735012054
487.5304827094078,162.4695172905922
885.3883414268494,189.01965856552124
364.61509841680527,168.18090158700943
89.82966846227646,86.7263315320015
85.18644666671753,89.68355333805084
213.74722743034363,137.01177257299423
558.4931052327156,168.58089476823807
993.4979088306427,187.68709117174149
85.02171570062637,84.44128429889679
85.99066269397736,89.88033729791641
82.23641538619995,85.65258461236954
88.09316772222519,89.74083226919174
228.80192285776138,140.14307713508606
625.9367387294769,196.65626126527786
992.2746716141701,190.4833284020424
86.26145875453949,88.73854124546051
93.80421036481857,88.63978964090347
302.69820207357407,155.80179792642593
726.7589857578278,165.81501424312592
1165.115749001503,189.12425100803375
84.23251640796661,87.32348358631134
1079.6452704668045,192.42972952127457
88.55702620744705,93.62797379493713
86.00684821605682,77.14115178585052
434.5306521654129,177.91434782743454
858.3884502053261,195.37154978513718
85.93025571107864,90.44074428081512
91.63901299238205,91.32398700714111
258.6068060398102,144.02219396829605
678.2225643992424,129.74043560028076
236.50639241933823,76.10560756921768
559.7521912455559,164.7298087477684
977.0719940066338,186.26200598478317
86.15179908275604,90.07120090723038
87.65672051906586,91.65827947854996
299.5314965248108,146.22650349140167
696.5923181176186,172.44368189573288
1113.2651283740997,196.29087162017822
87.75088828802109,92.02711170911789
69.66369980573654,146.9663001894951
87.63151341676712,88.84948658943176
88.58128041028976,89.10371959209442
313.58727180957794,140.69072818756104
713.2030799388885,180.00092005729675
1134.0788795948029,192.90312039852142
84.01063632965088,86.02736365795135
118.01439219713211,150.22560781240463
506.983236014843,167.07276397943497
936.1000075936317,198.82599240541458
85.12276619672775,94.61823379993439
865.4615209102631,192.83447909355164
85.30032032728195,92.755679666996
42.26707702875137,94.11992293596268
247.55088406801224,152.35711592435837
677.1116778254509,171.55432218313217
1110.006436407566,186.79056358337402
85.10419327020645,85.43380671739578
77.99796730279922,143.94703269004822
486.16979283094406,160.73820716142654
880.7486456632614,188.04735434055328
358.4573975801468,177.3206024169922
777.9072406291962,187.70375937223434
87.83801335096359,89.51298666000366
82.56582343578339,83.58217656612396
138.21862077713013,151.2063792347908
551.2974146604538,179.86858534812927
975.414208650589,200.14179134368896
85.10401004552841,83.8019899725914
85.62793946266174,89.24206054210663
84.0046933889389,83.77330660820007
86.15744918584824,91.41655081510544
236.62620544433594,145.94879454374313
635.0760413408279,167.68395864963531
1003.1549416184425,198.34505838155746
83.75269454717636,83.9143054485321
96.01746881008148,37.77953118085861
394.7252666950226,166.10773330926895
828.7120425105095,188.75095748901367
83.58780109882355,85.33919888734818
127.03755408525467,67.79644590616226
86.57930606603622,86.60569393634796
82.65811520814896,83.52688479423523
144.9779104590416,139.9100895524025
551.6877138614655,176.757286131382
974.840517103672,188.93648290634155
86.43832021951675,83.26567977666855
83.99925011396408,85.64874988794327
293.3750155568123,150.27298444509506
671.7508920431137,178.78610795736313
289.92269122600555,88.81830877065659
552.8165028095245,171.18349719047546
1010.0623068213463,160.97469317913055
84.45721560716629,86.52478438615799
86.46202784776688,91.40897214412689
347.70779824256897,86.88520175218582
710.4906045794487,169.5093954205513
1128.1254084706306,189.94859153032303
83.57516717910767,84.22183281183243
82.17297178506851,143.95702821016312
82.60379284620285,84.06320714950562
62.44157063961029,55.53942936658859
391.68834948539734,174.70065051317215
818.3601381778717,201.58386182785034
85.17989510297775,88.00510489940643
86.24067521095276,84.83332479000092
238.85643261671066,146.06856739521027
640.5102459788322,176.2307540178299
1039.663121163845,204.94787883758545
84.8728928565979,88.07210713624954
960.377682030201,172.23431795835495
84.4564351439476,92.08056485652924
83.51726430654526,83.46373569965363
317.412070274353,139.29192972183228
700.2129051685333,157.73209482431412
1146.16265553236,191.17034447193146
84.42640960216522,84.14659041166306
76.50616765022278,190.64183235168457
508.54902374744415,171.34097623825073
954.2388164997101,193.9461835026741
391.7066494822502,159.66335052251816
782.6375309228897,178.1764690876007
89.99528580904007,99.70871418714523
82.37006390094757,83.18493610620499
190.48682236671448,140.16117763519287
595.9736261367798,173.0073738694191
991.7744908928871,192.835509121418
82.96529221534729,84.2197077870369
183.85904783010483,84.52895218133926
82.27201217412949,85.26498782634735
83.99977117776871,85.2042288184166
225.9865287542343,142.9204712510109
605.0094068050385,177.91559320688248
990.5702797174454,196.57772028446198
82.02007389068604,84.5169261097908
174.09882980585098,83.75317019224167
310.9568326473236,152.09916734695435
701.850635766983,169.4823642373085
1135.5964308977127,188.199569106102
164.1951887011528,38.89781129360199
1042.5699474811554,207.87505251169205
87.83474135398865,90.72025865316391
117.91450130939484,40.73449867963791
394.97434705495834,177.30265295505524
823.6651495099068,187.9088504910469
86.2259071469307,89.33009284734726
85.91566437482834,92.36233562231064
251.05041885375977,135.04258114099503
661.3702092170715,176.0557907819748
140.28300976753235,146.21699023246765
300.52940940856934,154.52659058570862
701.6462282538414,177.79877173900604
1111.6140386462212,214.12696135044098
85.37879401445389,85.65920597314835
103.75358355045319,115.19041645526886
441.94449257850647,171.40750741958618
870.0982779860497,188.93972200155258
82.97309201955795,83.63790798187256
111.79385221004486,68.55914777517319
87.26160836219788,85.3133916258812
83.19237971305847,84.1776202917099
186.43815994262695,139.96884006261826
559.3140269517899,177.90897303819656
1002.2447872757912,189.5152127146721
85.3795416355133,85.86045837402344
64.1263153553009,54.04168462753296
394.7050924897194,170.10990750789642
831.8028756976128,188.51212430000305
84.49263995885849,88.63736003637314
754.8863936662674,179.39060634374619
1174.5592055916786,203.4597944021225
299.04795277118683,145.82204723358154
691.868762075901,187.1692379117012
1121.1695602536201,203.79343974590302
100.19331914186478,92.51068085432053
73.86612260341644,147.9868773818016
469.81494730710983,187.20405268669128
871.2278039455414,204.92019605636597
86.2135579586029,96.17544203996658
87.21831554174423,92.05868446826935
86.15006977319717,91.66393023729324
84.34082418680191,85.4741758108139
233.82757890224457,141.80242109298706
631.406392633915,182.72260737419128
1005.6892990469933,213.05170094966888
85.6570543050766,87.37894570827484
84.40384376049042,46.50415623188019
310.27882593870163,172.68317407369614
706.1546856760979,188.67831432819366
174.66048270463943,156.43251729011536
575.8133063316345,184.44669365882874
991.2631238102913,200.29287618398666
85.65687650442123,88.62012350559235
84.6616473197937,49.17135268449783
379.9634295105934,178.6475704908371
816.6172280907631,189.54977190494537
90.40003526210785,92.89696472883224
87.2758195400238,93.2241804599762
90.00257343053818,92.18242657184601
84.61932462453842,86.54767537117004
126.3830794095993,160.9129205942154
535.7038757801056,183.55612421035767
961.1716769337654,207.06932306289673
88.73248338699341,104.04551661014557
93.07040226459503,90.24359774589539
263.6121738553047,179.75782614946365
691.4709777235985,191.49302226305008
1122.3637762665749,209.15422374010086
89.27653175592422,90.07546824216843
1043.726291358471,199.62570863962173
87.3981020450592,91.1018979549408
51.93985903263092,101.00414097309113
408.77865874767303,188.20334124565125
813.4694932699203,207.56850671768188
85.75224667787552,88.50775331258774
84.18299949169159,85.24200052022934
227.85478895902634,164.0892110466957
655.2855631709099,187.3074368238449
105.99434757232666,1155.635652422905
543.796150624752,190.09284937381744
991.726901948452,205.03209805488586
89.75066834688187,93.78633165359497
295.11344879865646,158.01555120944977
696.3962649703026,189.32573503255844
1132.9200374484062,209.91296255588531
84.42480754852295,87.27819246053696
108.28156238794327,152.16243761777878
86.60243362188339,90.62056636810303
111.60722821950912,66.89277178049088
392.35400223731995,170.4979977607727
817.784775197506,199.51222479343414
90.86354875564575,92.65545123815536
83.31233870983124,87.03866130113602
223.11408734321594,170.44091266393661
654.3788405656815,189.89915943145752
1101.143595635891,201.35740435123444
103.90835630893707,92.79564368724823
88.26991754770279,90.15608245134354
71.36771130561829,55.33628869056702
383.9465067386627,178.2564932703972
810.0262810587883,209.95571893453598
82.73403853178024,86.82096147537231
87.11079305410385,90.50020694732666
236.2265521287918,158.66244786977768
654.2323525547981,184.3986474275589
1096.3661108613014,204.00388914346695
548.3529298901558,207.11007010936737
986.2106924057007,207.60430759191513
84.88244885206223,86.78455114364624
88.10922080278397,89.29777920246124
307.3181554675102,181.14484453201294
740.8599579930305,188.71304202079773
1153.2357789874077,217.26322102546692
85.31453734636307,89.42546266317368
128.3382923603058,157.06870764493942
86.17704755067825,90.11895245313644
104.49782717227936,94.48417282104492
425.2247003912926,181.1452996134758
861.1744780540466,200.17752194404602
83.45729374885559,86.07970625162125
88.16605794429779,94.68594205379486
236.30084872245789,165.25415128469467
656.9536280632019,196.1563719511032
1105.9223837256432,200.79961627721786
85.18713957071304,92.5538604259491
86.30289208889008,89.21510791778564
87.7896443605423,90.93235564231873
54.90540897846222,99.35359102487564
392.8552817106247,177.27371829748154
810.4900716543198,202.39892834424973
82.7178710103035,85.22712898254395
86.40863859653473,89.98036140203476
216.56139433383942,154.8646056652069
593.4002552628517,192.0077447295189
1012.3310787081718,201.14992129802704
440.57697451114655,167.756025493145
859.0267717242241,189.62122827768326
87.51357930898666,89.30142068862915
91.01833760738373,87.59266239404678
245.8201241493225,153.73487585783005
655.0659147500992,188.1200852394104
1103.9786714315414,202.92932856082916
86.33544409275055,89.71955591440201
107.87724477052689,89.71475523710251
84.97512644529343,475.6718735694885
85.128034055233,85.79796594381332
286.4308183193207,167.07018166780472
666.7496976852417,179.37930232286453
1129.9404495358467,186.80055046081543
87.2412041425705,91.97979587316513
58.3960440158844,142.47495597600937
467.43682211637497,187.91417789459229
870.9056774377823,202.31632256507874
84.48443257808685,93.18156743049622
84.39818334579468,88.36181664466858
83.1989369392395,85.81906306743622
84.79669362306595,86.0553063750267
232.04245156049728,164.77254843711853
646.8812680840492,178.69373190402985
1003.3311743140221,208.7248256802559
83.5579252243042,84.97807478904724
67.58171600103378,66.26928400993347
387.54949551820755,182.13550448417664
869.9442884922028,141.68571150302887
83.43109434843063,87.6059056520462
694.0288969874382,203.7671030163765
1128.5886902809143,205.83730971813202
82.76044541597366,85.36855459213257
103.54320096969604,173.12279903888702
460.3080800175667,211.24691998958588
877.960944712162,199.81605529785156
83.65169835090637,89.5143016576767
82.509472489357,84.13952749967575
298.95823335647583,153.65276664495468
81.07506173849106,83.7769382596016
183.13483810424805,150.36416190862656
591.9556367397308,185.13736325502396
983.6275098323822,203.00249016284943
81.87331694364548,83.86768305301666
175.74906891584396,82.34393107891083
282.0500491261482,161.0609508752823
688.648868560791,189.53713142871857
1114.5056729912758,193.4763270020485
83.86243039369583,84.52656960487366
84.81218659877777,90.53981339931488
82.63194346427917,84.49805653095245
91.98869729042053,88.75130271911621
421.58651196956635,176.72848802804947
844.1843091845512,197.7416908144951
85.74511516094208,86.88388484716415
85.13887763023376,86.49112236499786
238.10663604736328,152.61536395549774
670.371431350708,180.40656864643097
1092.3962026834488,200.64179730415344
545.1040250658989,183.20997494459152
974.1088154315948,201.57618457078934
85.61461555957794,86.99638444185257
84.58257567882538,83.56542432308197
275.71733939647675,165.98666059970856
658.1482111811638,181.90678882598877
1108.4869710206985,193.69802898168564
83.69673657417297,83.15626341104507
54.108556389808655,161.39044362306595
516.5954284667969,104.49757152795792
83.78535407781601,86.3256459236145
291.29111152887344,168.50588846206665
778.0189241170883,118.88907587528229
1128.3387180566788,207.1242819428444
95.38048309087753,91.21151691675186
64.58934903144836,149.09565097093582
439.89021295309067,169.1647870540619
861.6550015807152,201.529998421669
82.62378734350204,89.17221266031265
83.70253616571426,86.66746383905411
90.46728676557541,87.49571323394775
82.41706866025925,84.5279313325882
170.569870531559,147.5221294760704
571.8896888494492,193.88731116056442
996.8585061430931,188.1414938569069
83.73325926065445,88.7107407450676
83.86803191900253,39.66796809434891
299.42904698848724,154.42195302248
693.4348502755165,204.39814972877502
1128.6056495308876,199.46835047006607
756.0004412531853,91.40655875205994
994.4312944412231,199.77270555496216
82.8440465927124,85.43395340442657
60.45983362197876,65.53916639089584
376.2986183166504,187.42338168621063
817.5443836450577,192.27061635255814
84.8091430068016,86.95085698366165
84.16589742898941,87.27810257673264
232.93065416812897,178.27334582805634
82.88040685653687,84.02759313583374
176.84816098213196,152.9108390212059
672.7049531936646,103.850046813488
989.8587966561317,204.43820333480835
82.71554750204086,85.72845250368118
87.35029590129852,55.00170409679413
404.96608966588974,160.51491034030914
819.8048673868179,199.17713260650635
81.69961899518967,86.85638099908829
86.94536620378494,85.38863378763199
78.95012438297272,84.67987561225891
81.73287707567215,88.39712291955948
187.05264329910278,136.09535670280457
593.8354343175888,184.3685656785965
972.9343240857124,202.6026759147644
82.45712822675705,86.13587176799774
83.22107654809952,84.01892346143723
280.9868339896202,177.06916600465775
690.0846549272537,184.56434506177902
1119.8294578194618,193.5035421848297
575.6322539448738,192.2757460474968
995.6730782985687,192.38192170858383
84.40182650089264,87.37717348337173
415.22638034820557,154.42261964082718
816.5461640954018,185.58383589982986
80.68091249465942,87.20808750391006
87.16666352748871,86.35133647918701
240.3204265832901,170.53057342767715
87.01118594408035,86.43381404876709
167.23794209957123,174.2800579071045
592.1687561273575,173.79324388504028
990.8405678868294,199.56643211841583
83.51331794261932,86.54268205165863
63.333111345767975,72.75988864898682
397.7828705906868,174.69912940263748
916.1576604247093,98.04633957147598
81.20045876502991,85.94754123687744
87.63223278522491,83.85076719522476
82.4149917960167,85.49300819635391
93.60374647378922,86.80325347185135
118.01753032207489,176.2784696817398
556.0413168668747,180.97768312692642
1007.5281084775925,158.69489151239395
80.01392197608948,84.70807802677155
86.9828628897667,83.85013711452484
284.4136241674423,174.2153758406639
686.4744299650192,196.61857002973557
1136.4242162704468,198.81678372621536
605.0960115790367,174.77498841285706
993.8598542809486,198.91814571619034
83.2176017165184,85.56039828062057
72.75935453176498,72.11064547300339
420.3571489453316,154.3278510570526
884.2699539661407,126.69304603338242
79.33072358369827,86.17027640342712
88.44647991657257,84.34952008724213
232.24824076890945,166.77075922489166
643.679051220417,188.042948782444
96.09198087453842,127.26001912355423
478.50475400686264,190.58724600076675
915.3796048164368,163.3793951869011
80.31135958433151,87.55964040756226
87.05716663599014,84.57183337211609
275.65492910146713,174.2900708913803
680.5117406249046,190.3212593793869
1132.7575353980064,187.44546461105347
80.28129118680954,85.23670881986618
81.21204149723053,87.02895849943161
81.56879168748856,87.54120832681656
53.98255705833435,119.05444294214249
890.4742175340652,130.98878246545792
77.68320393562317,84.13079607486725
91.71339279413223,83.52760720252991
258.50160825252533,169.7213917374611
667.2158522605896,186.11814773082733
1105.615061223507,197.6989387869835
603.0522636771202,1119.466736316681
998.9505255818367,198.91847443580627
82.47971963882446,84.92728036642075
70.71294277906418,76.91605722904205
463.8351340889931,154.42486590147018
824.3264263868332,198.43257361650467
81.44766163825989,85.29233837127686
86.47787243127823,84.57812756299973
233.59913158416748,120.6788684129715
631.1844119429588,153.01958805322647
128.56463760137558,104.45336240530014
486.87190198898315,175.85009801387787
867.5682041049004,198.1917958855629
80.65240120887756,91.75459879636765
86.8106324672699,84.05936753749847
327.85883843898773,128.93716156482697
696.0920928120613,188.4269071817398
1158.4353499412537,155.87865006923676
80.14954203367233,84.25745797157288
68.71586155891418,128.89513844251633
80.57906383275986,84.25493615865707
62.7562558054924,91.55874419212341
710.2779870033264,188.09301298856735
1118.214224755764,213.9907752275467
79.5944157242775,84.51658427715302
136.12360990047455,151.09839010238647
491.6529406905174,190.62405931949615
882.275208055973,229.2807919383049
87.67345553636551,89.30754446983337
788.7036647796631,206.35233521461487
648.1949589252472,732.212041079998
383.09836333990097,50.086636662483215
730.1826150417328,153.1133849620819
1128.5638493299484,201.82515066862106
80.13003730773926,82.79596269130707
133.80723136663437,141.71176862716675
528.1885305643082,148.94146943092346
952.1987617611885,187.39423823356628
80.69095647335052,90.25404351949692
78.27514547109604,84.668854534626
78.45334136486053,90.7876586318016
81.61154735088348,83.44345265626907
371.97374600172043,83.9512540102005
707.3180025815964,183.47899740934372
1116.1992402076721,219.6347597837448
79.19049060344696,82.30950939655304
80.49875634908676,130.3542436361313
454.5640727877617,164.54692721366882
900.5932829976082,174.4997169971466
378.99347442388535,158.17452555894852
781.4477599859238,182.46024000644684
80.01396250724792,86.65203750133514
78.00515270233154,83.5308473110199
266.1283933520317,57.03860664367676
604.4536564946175,166.36134350299835
1004.5379554033279,182.73904460668564
82.54819411039352,83.0818058848381
80.78161782026291,84.10738217830658
297.6808130145073,167.3001869916916
78.7470680475235,81.41993194818497
206.23931688070297,114.64968311786652
617.3795748949051,158.56542509794235
1053.7228199243546,165.07318007946014
81.75301110744476,81.96998888254166
85.00424581766129,58.95875418186188
419.82945972681046,174.85654026269913
871.9696502685547,182.5123497247696
85.83185225725174,87.79714775085449
83.89805388450623,95.15794610977173
85.87125688791275,95.90574312210083
85.86349737644196,89.67350262403488
150.4487046599388,187.366295337677
610.0329080224037,197.02209198474884
83.2203117609024,81.66768825054169
86.7865127325058,96.88048726320267
484.001716196537,156.36928379535675
912.3079234361649,184.5440765619278
84.31813436746597,89.94086563587189
833.6813412904739,174.52265870571136
84.32054799795151,89.06745201349258
103.7947787642479,75.0942212343216
83.3063285946846,144.84267139434814
525.1495327949524,164.942467212677
950.45673173666,180.2472682595253
83.78193587064743,87.83006411790848
82.2561377286911,84.78186225891113
366.4693375825882,166.77066242694855
83.90654194355011,84.48245805501938
283.52773892879486,171.39826107025146
725.4089683294296,176.07203167676926
1144.6781677603722,212.52483224868774
83.57736378908157,84.01363623142242
137.25456100702286,154.8924390077591
578.7287585735321,185.32724142074585
1008.0359601378441,207.77903985977173
82.25015771389008,81.84184229373932
84.77935737371445,59.10964262485504
84.30756348371506,81.11743652820587
85.07875949144363,81.53324049711227
350.9219486117363,174.92905139923096
797.9511523246765,188.62384766340256
93.98035734891891,93.79764264822006
79.67658805847168,81.43541193008423
206.27976649999619,161.86923348903656
637.8079586625099,192.26604133844376
1100.7071657180786,200.2928342819214
84.60737431049347,81.59662568569183
1017.7295711636543,198.14142882823944
84.86875766515732,80.51924234628677
75.11996805667877,58.417031943798065
436.2791705727577,160.99882942438126
907.6963592767715,148.52464073896408
78.09655404090881,87.218445956707
83.55074566602707,84.68925434350967
287.2649418115616,170.5310581922531
744.7031418085098,177.96385818719864
207.41636019945145,1127.1206398010254
647.8905789852142,178.27742099761963
1102.7347850203514,176.0802149772644
84.3379698395729,84.64403015375137
59.10717445611954,152.15182554721832
500.00637501478195,181.08562499284744
942.9805837273598,189.2054162621498
80.9907819032669,82.01021808385849
83.38998115062714,85.77701884508133
336.141174018383,186.6918259859085
82.44737184047699,84.90362817049026
303.66256642341614,147.30043357610703
703.5797839164734,189.47521609067917
1154.9799730181694,212.15002697706223
83.50818181037903,79.99181818962097
160.39038532972336,109.25861465930939
568.8445735573769,198.39642643928528
1027.8557784557343,183.07022154331207
79.25497430562973,81.11502569913864
82.20236492156982,88.07563507556915
90.06456780433655,88.91643220186234
368.96377980709076,154.27622020244598
804.158978164196,174.5620218515396
94.94818150997162,88.01481848955154
84.99641394615173,84.11558604240417
200.22761833667755,155.64238166809082
634.9058308005333,164.63116919994354
1050.268040716648,213.9359592795372
87.22325283288956,82.66574716567993
959.862464427948,220.71053558588028
83.8736754655838,82.27432453632355
378.1540930867195,177.88290691375732
815.2752969264984,195.26170307397842
85.54649299383163,87.17650699615479
81.16769403219223,85.74030596017838
263.4188755750656,172.06212443113327
751.2260549068451,126.9589450955391
217.56925076246262,133.48574924468994
656.5804464221001,157.34555357694626
1039.0536739826202,216.7983260154724
85.86088001728058,80.89911997318268
91.66807961463928,63.609920382499695
491.0112898349762,145.02571016550064
895.0585014820099,201.79249852895737
82.45869898796082,99.09730100631714
87.74689775705338,83.60510224103928
324.461113512516,146.59488648176193
87.3423638343811,82.7696361541748
222.14858084917068,145.57241916656494
686.2157860398293,128.60021394491196
1071.1879821419716,212.55201786756516
83.12517237663269,84.57882761955261
82.00637036561966,148.38262963294983
514.4055691957474,148.70543080568314
959.6757766008377,182.69522339105606
86.38998293876648,84.3890170454979
86.28919237852097,82.3778076171875
85.33640503883362,86.23759496212006
84.36661046743393,84.44938951730728
284.41380685567856,153.12319314479828
714.6100146770477,176.37198531627655
1122.4342225790024,222.0477774143219
84.75942975282669,82.09257024526596
133.06663292646408,139.87736707925797
552.3558480739594,173.51515191793442
1027.4590511918068,141.5229488015175
84.26525157690048,40.80874842405319
915.5354505777359,226.5755494236946
73.69366300106049,70.30633699893951
129.5568763613701,51.370123624801636
330.43708622455597,190.1369137763977
749.7813377976418,203.01566219329834
1195.1435658931732,206.04143410921097
161.93178367614746,59.087216317653656
86.01643532514572,84.64956468343735
392.45363491773605,150.23136508464813
325.19703018665314,172.96996980905533
765.7632347941399,185.68076521158218
1175.3474290966988,232.76357090473175
277.7317331433296,195.1012668609619
699.4459672570229,217.96103274822235
1150.827165067196,227.00683492422104
83.91136479377747,84.88463521003723
131.03356033563614,173.15143966674805
563.6917474865913,212.29025250673294
1006.0919548273087,221.4640451669693
499.26915740966797,189.4908425807953
926.0943645238876,225.68363547325134
79.7155773639679,89.32142263650894
51.170761466026306,73.71823853254318
336.4779524207115,208.00404757261276
789.5991435050964,219.47485649585724
79.57234674692154,88.59465324878693
31.69454723596573,86.5274527668953
246.35373705625534,153.64626294374466
82.41993075609207,83.59906923770905
142.11512058973312,235.38487941026688
574.2373144030571,216.07768559455872
1022.4325225949287,223.9014773964882
82.3687282204628,85.77827179431915
52.82491707801819,170.00908291339874
462.1861066222191,204.96089339256287
887.7152975201607,223.11770248413086
79.80050641298294,86.27349358797073
75.23669099807739,87.96730899810791
79.95088112354279,84.29011887311935
41.53606832027435,87.92693167924881
259.5652592778206,182.50974071025848
724.7784480452538,187.33255195617676
1136.974637746811,232.78436225652695
85.74484062194824,96.53315937519073
129.32904088497162,162.5969591140747
591.6542323231697,180.6607676744461
1001.7394236922264,220.24257630109787
80.93563371896744,85.23236626386642
931.0378309488297,211.77616906166077
80.41904455423355,91.00695544481277
66.26223522424698,86.49676477909088
373.03242099285126,160.07857900857925
820.3396146297455,186.66038537025452
82.57280594110489,91.05719405412674
84.12001544237137,85.06498456001282
225.61220341920853,161.66579657793045
678.4373926520348,180.0256073474884
1096.947583258152,225.6444167494774
608.6807855963707,173.0042144060135
1069.9319732189178,186.86402678489685
80.81316155195236,81.42783844470978
71.43435007333755,127.47264993190765
476.9825419783592,177.9434580206871
930.3257404565811,189.63725954294205
121.39196509122849,111.0890349149704
145.69917595386505,48.57782405614853
319.8023942708969,179.97560572624207
84.12866508960724,82.42733490467072
79.12087363004684,81.76812636852264
225.28005528450012,200.59094470739365
663.8452439904213,212.22875601053238
1121.7084319591522,205.73656803369522
136.7847911119461,138.28920888900757
579.4799684882164,154.4270315170288
1003.0101460814476,187.67585390806198
77.20534658432007,71.73965340852737
84.49356466531754,63.339435338974
76.24577224254608,66.79222774505615
83.45908915996552,81.54091084003448
340.5993133187294,122.28868669271469
723.9806132316589,114.0563867688179
1134.602809548378,176.26819044351578
80.68701392412186,81.34998607635498
96.32726979255676,122.9327301979065
522.838512301445,130.99548768997192
921.8667981624603,163.63320183753967
387.98800152540207,158.9739984869957
821.6662838459015,148.24171614646912
84.93549656867981,85.73050343990326
84.31769901514053,85.60930097103119
198.9379137158394,146.15408629179
629.2081651091576,152.1428349018097
1001.2924164533615,213.5035835504532
81.48861974477768,83.14038026332855
85.29480737447739,69.5931926369667
448.75100260972977,170.85999739170074
84.3541910648346,94.47880893945694
382.97538155317307,172.46861845254898
839.3005701899529,175.9404298067093
81.8107596039772,81.1892403960228
82.87794852256775,34.91805148124695
284.14813792705536,110.25986206531525
707.4173269867897,175.06467300653458
1169.8535241484642,173.60947585105896
122.60475140810013,48.26524859666824
91.48598831892014,59.86501169204712
113.73720842599869,55.81779158115387
93.21146512031555,37.23353487253189
335.36994725465775,111.0750527381897
727.0472360253334,159.93376398086548
1118.447500884533,189.83049911260605
65.30873787403107,68.61626213788986
116.94896268844604,104.01403731107712
473.57129406929016,144.6887059211731
891.4155503511429,159.01044964790344
86.48079890012741,82.87120109796524
776.2521142959595,113.43388569355011
1112.1323627829552,217.0336372256279
81.73557084798813,82.26442915201187
127.19077175855637,122.80922824144363
542.2200657725334,128.8919342160225
935.1753286123276,178.6956713795662
83.01858699321747,84.49941301345825
84.69678980112076,84.80321019887924
340.3549813628197,126.55201864242554
84.03119099140167,84.05980902910233
239.8943927884102,131.84660720825195
682.9786044359207,165.76139557361603
1077.5078164339066,226.71418356895447
84.51802909374237,84.22197091579437
79.71423709392548,144.39576292037964
490.0774540901184,186.4225459098816
955.0326606631279,170.50533932447433
85.6538695693016,85.27313041687012
86.35007846355438,83.2439215183258
87.24829685688019,84.71370315551758
93.42551624774933,86.9074837565422
247.7327339053154,168.74826610088348
674.0949511528015,201.27504885196686
1114.198171377182,217.06082862615585
84.89439809322357,85.06860190629959
84.49760806560516,147.7613919377327
517.5638238787651,125.9361761212349
965.2040404081345,170.6479595899582
86.30625134706497,86.0637486577034
866.9664623737335,187.31153762340546
82.69867289066315,85.37532711029053
84.52387976646423,82.53212022781372
283.8680865764618,127.83591341972351
695.1933063268661,143.80669367313385
1143.7225205302238,190.05547946691513
83.99272751808167,38.89627248048782
221.8549353480339,35.44106465578079
538.3471491336823,169.1898508667946
90.09835386276245,75.53164613246918
440.9605612754822,159.48343873023987
894.8597881197929,168.32521188259125
97.27800238132477,101.85099762678146
100.2142419219017,100.21075809001923
228.7624812722206,183.7565187215805
649.458721935749,178.24627804756165
1062.3759744167328,184.97602558135986
95.83120822906494,97.46479177474976
53.13742935657501,156.5665706396103
103.07467752695084,103.31432247161865
66.39992624521255,88.7480737566948
313.4291680455208,157.01583194732666
734.7364186048508,219.48558139801025
1152.0436905026436,212.97630947828293
103.84992104768753,102.72407895326614
93.1191577911377,192.52884221076965
514.9264090657234,196.25859093666077
938.5106533765793,200.50734663009644
101.15189301967621,107.64410698413849
830.3101228475571,174.63387715816498
100.00635892152786,101.40164107084274
103.831593811512,101.20540618896484
194.5458568930626,159.32514309883118
614.5190879702568,213.46191203594208
1043.4373316168785,221.30366837978363
101.94755810499191,100.88544189929962
52.81079179048538,89.65320819616318
409.0250208377838,206.6779791712761
842.8502514362335,175.7617485523224
324.36048835515976,131.88051164150238
730.5007292032242,225.46227079629898
1158.1419898867607,225.56301009655
102.57822567224503,96.8487743139267
103.49545526504517,185.89354473352432
516.0426872372627,186.4943127632141
946.5909159183502,190.65008407831192
101.6021414399147,96.95385855436325
99.03837472200394,102.11062526702881
98.97463512420654,92.89536488056183
104.35586076974869,93.16313922405243
214.9590945839882,168.70690542459488
631.0063294172287,213.23367059230804
1067.3875680565834,217.7234319448471
98.9908030629158,94.23119693994522
69.11303853988647,95.64696145057678
428.9192718863487,187.63572812080383
852.7075117826462,224.23648822307587
98.69973742961884,95.05926257371902
99.43296366930008,91.7520363330841
651.0731912851334,736.9828087091446
97.17645472288132,93.56454527378082
124.01967978477478,175.33232021331787
547.5299046635628,217.80309534072876
983.800132215023,219.7368677854538
100.05135482549667,93.33664518594742
73.87757688760757,95.51142311096191
360.68479573726654,188.6492042541504
797.0470193624496,214.804980635643
283.6682465672493,186.99875342845917
693.8454910516739,221.4505089521408
1134.7637191414833,232.60728085041046
96.8859372138977,96.55906277894974
86.89615601301193,156.1418439745903
512.851374745369,176.63062524795532
971.4536089897156,214.5273910164833
100.81690436601639,107.14609563350677
52.753141939640045,96.0988580584526
296.7633661031723,185.51363390684128
95.53358483314514,98.17041516304016
205.39579617977142,194.4192038178444
688.314016699791,173.09298330545425
297.8451192378998,163.30288076400757
725.1333376169205,188.79266238212585
1175.4955394268036,222.8934605717659
292.56475895643234,207.34224104881287
740.8349539041519,223.12804609537125
635.2341622114182,787.4878377914429
83.17038452625275,85.71861547231674
81.36658334732056,84.3934166431427
80.11777192354202,83.21522808074951
86.53495740890503,187.40804260969162
530.657162964344,198.21283704042435
965.5933645963669,235.22063541412354
80.80854624509811,85.61745375394821
82.05972564220428,63.6262743473053
393.0699075460434,218.9300924539566
845.4320930242538,228.6969069838524
84.31329274177551,84.16770726442337
81.02749341726303,85.3055065870285
86.72368091344833,101.94331908226013
82.60388445854187,82.48811554908752
199.6890839934349,183.06991600990295
631.0692864656448,213.6527135372162
1080.8764783143997,233.91952168941498
83.29467725753784,83.79732275009155
67.67487460374832,166.82512539625168
517.5010740160942,189.36892598867416
958.7342699170113,228.37673008441925
439.20748686790466,191.44051313400269
879.7736889123917,185.4853110909462
82.59889870882034,84.6411013007164
86.10909909009933,86.38990092277527
258.95333510637283,190.083664894104
698.3165321350098,213.33146786689758
88.4557386636734,99.35826134681702
83.79994136095047,93.53305864334106
96.84714925289154,186.52285075187683
531.8213475346565,198.75265246629715
58.887536227703094,166.7054637670517
502.4357256293297,196.6392743587494
935.4639208316803,211.09107917547226
82.27112114429474,88.6738788485527
86.76331162452698,84.56968837976456
350.3845136165619,207.7084863781929
798.6547105908394,207.4382894039154
80.05393189191818,83.24206811189651
82.21212196350098,87.60187804698944
82.22331023216248,90.49968975782394
85.06650114059448,86.67349886894226
111.07770681381226,201.42229318618774
541.8289228081703,197.56007719039917
971.802126288414,250.12287372350693
84.57233673334122,89.2426632642746
82.39754325151443,71.6394567489624
385.64874917268753,217.72125083208084
881.3819798231125,188.93302017450333
79.89219152927399,68.42280846834183
75.99639469385147,65.09760528802872
633.3026075363159,781.8643924593925
93.79482573270798,71.37217426300049
155.49005103111267,181.45394897460938
606.2232505083084,192.40674948692322
1050.6224565505981,196.5255434513092
84.02166104316711,32.34833896160126
64.51387256383896,103.89412742853165
437.67208033800125,186.34591966867447
884.9802864193916,200.2607135772705
383.8044975399971,113.36150246858597
812.2407065629959,181.23929345607758
84.12192106246948,83.30307894945145
84.78112596273422,84.36687403917313
216.86632984876633,140.30067014694214
641.5065385103226,186.53146147727966
1042.4057453870773,246.20525461435318
83.28695213794708,83.04704785346985
54.167153120040894,161.49884688854218
485.90036100149155,185.98863899707794
88.22556465864182,50.144435346126556
407.73577243089676,180.83722758293152
879.6919704675674,174.03102952241898
85.590187728405,84.64981228113174
84.45239907503128,85.17660093307495
235.4266100525856,188.6833899617195
703.1218189001083,153.15518110990524
1088.3370271921158,207.12597280740738
84.81023788452148,84.1717621088028
86.69144362211227,85.54955637454987
84.51664978265762,85.39135020971298
86.21285808086395,81.56514191627502
445.61206114292145,186.2399388551712
880.0672621130943,184.7657378911972
83.96647125482559,86.90452873706818
87.49568367004395,84.3563163280487
275.3769138455391,171.47508615255356
722.4241127967834,192.20488721132278
1132.675326347351,227.63867366313934
656.908561527729,1102.9434384703636
1030.6407925486565,237.3212074637413
83.81801146268845,85.21898853778839
48.3852054476738,134.98679453134537
453.61740589141846,204.38259410858154
858.553605735302,275.7423942685127
84.52680760622025,85.43619239330292
84.57500320672989,86.77699679136276
305.14020097255707,185.09979903697968
757.6324028372765,217.75659716129303
232.47660911083221,204.69039088487625
697.4508196115494,179.08718037605286
1077.6280316710472,247.83496832847595
84.52724313735962,84.60275685787201
52.14844763278961,213.90755236148834
541.1776459813118,198.35935401916504
925.3928435444832,318.75615644454956
81.47604268789291,87.2259573340416
82.9974375963211,83.77956241369247
85.52763742208481,83.0843625664711
282.90783578157425,231.61016422510147
729.0300530195236,224.95194697380066
1144.4472774267197,263.27472257614136
82.51347726583481,83.56052273511887
119.04267573356628,220.2343242764473
567.3498796224594,228.4651203751564
1019.7120825648308,244.6579174399376
84.09328299760818,80.64771699905396
84.89948236942291,79.63751763105392
81.96568834781647,83.84831166267395
48.495888113975525,71.61611187458038
349.7840927243233,215.4939072728157
755.8122991323471,325.15070086717606
100.00853019952774,67.13946980237961
86.07372748851776,90.83227252960205
166.39992028474808,229.15507972240448
624.929122209549,209.07087779045105
1047.5143287181854,235.76367127895355
558.5235198140144,205.16048020124435
983.9237123727798,220.35428762435913
81.02690428495407,82.56609570980072
40.77809399366379,96.36990600824356
430.73328083753586,229.98871916532516
877.132464826107,289.2005351781845
81.12468010187149,83.80131989717484
81.94987004995346,84.79112994670868
285.51606518030167,202.42793482542038
717.4342850446701,190.91771495342255
316.2044721841812,86.74052780866623
646.9186623096466,196.52533769607544
1085.9108524918556,245.38514751195908
79.2350395321846,85.09796047210693
63.65422224998474,202.71677774190903
514.664420902729,216.057579100132
955.3596063256264,222.25139367580414
80.55579727888107,83.05520272254944
69.0849820971489,62.86001789569855
80.15116930007935,82.86683070659637
80.75435876846313,91.67264121770859
354.37554574012756,178.82745426893234
792.8677313923836,238.35426861047745
644.8969724774361,820.2140275239944
354.7623056769371,157.47769433259964
741.9764944911003,254.9315055012703
631.8397148251534,789.6972851753235
83.53491377830505,86.26108622550964
158.3980993628502,226.76990061998367
598.5562843084335,245.5737156867981
78.38146930932999,222.32253068685532
529.1326662302017,255.6823337674141
982.0508478879929,258.9871520996094
82.1720380783081,82.99396193027496
49.423225700855255,124.44677430391312
440.2674332857132,174.76956671476364
842.9816291928291,260.31437081098557
83.78883147239685,83.04416853189468
44.855020463466644,82.66297954320908
86.62521129846573,84.83878868818283
82.61641883850098,85.71658116579056
204.47861087322235,209.0763891339302
640.6938017606735,248.17719823122025
1073.5180061459541,266.46299386024475
84.69519978761673,86.87780022621155
41.96640187501907,214.57159811258316
492.67959529161453,247.20940470695496
958.3947902917862,216.16120970249176
81.03498101234436,84.87301898002625
81.71216821670532,82.69583177566528
82.72235149145126,85.62964850664139
71.21454364061356,81.5444563627243
286.78075367212296,251.23824632167816
726.7539620995522,264.3200379014015
1172.1901780366898,260.8648219704628
82.25637358427048,80.28062641620636
149.85956174135208,224.7144382596016
590.1657540202141,234.87024593353271
1045.380963087082,219.89603692293167
511.1141605377197,249.03483945131302
958.5693765282631,260.949623465538
81.50557506084442,78.77242493629456
82.60876268148422,77.35423731803894
366.7299510240555,249.58504897356033
816.6671524047852,263.8148475885391
84.86234998703003,84.5636500120163
81.61455208063126,83.20144790410995
266.8837406039238,165.56125938892365
679.1719233989716,223.42107659578323
288.99710589647293,94.22489410638809
617.6183046102524,218.12169539928436
1093.8885095715523,208.8894904255867
84.39970809221268,86.74829190969467
34.52090948820114,219.9230905175209
490.3281049132347,195.91289508342743
912.4683177471161,262.2356822490692
84.16451692581177,89.206483066082
82.80370777845383,83.97429221868515
86.07389461994171,87.96310538053513
88.0660942196846,86.34090578556061
279.6693109869957,168.38668900728226
692.9385085701942,252.37549144029617
1142.726707994938,266.19929200410843
87.32992053031921,84.2800794839859
127.06311702728271,183.71488296985626
539.4993137717247,258.4076862335205
996.0655140280724,230.76748597621918
84.65071642398834,82.5902835726738
83.73491394519806,80.39408606290817
84.72711235284805,82.77188766002655
87.9413121342659,91.91068786382675
312.8405186533928,258.6404813528061
763.4627131223679,230.0932868719101
90.8069167137146,93.95208328962326
88.29912292957306,81.77487707138062
177.29132390022278,220.67267608642578
606.9315287470818,244.439471244812
1061.1817201375961,267.09627985954285
537.0439206957817,260.19707930088043
985.29612159729,269.11087840795517
88.34432238340378,87.54467761516571
92.46552193164825,70.97947806119919
406.66073364019394,211.61726635694504
820.5049506425858,258.29104936122894
86.70014482736588,85.4658551812172
83.47033888101578,81.27066111564636
285.9255340099335,185.59346598386765
677.0837544798851,260.06424552202225
198.22495692968369,184.12704306840897
597.6791625022888,254.07983750104904
1049.4123693108559,266.4586306810379
83.40356940031052,82.22543060779572
74.76676434278488,136.04823565483093
464.90696984529495,236.2420301437378
885.6951627135277,266.3608372807503
84.40936070680618,91.12763929367065
85.29055309295654,84.78344690799713
84.57875448465347,84.68124550580978
88.12594711780548,84.74405288696289
241.10015320777893,230.4178467988968
669.7223565578461,268.3516434431076
1118.0845693349838,273.5644306540489
90.18676841259003,84.79423159360886
105.14297956228256,202.34002041816711
544.2631896138191,213.68081039190292
951.0893917679787,241.30060827732086
84.6925880908966,84.215411901474
88.55477982759476,82.68522018194199
83.36198943853378,89.76801055669785
58.16918349266052,87.49881649017334
346.45639234781265,175.33860766887665
805.4305850863457,164.81041491031647
84.90478998422623,83.59621000289917
84.52498310804367,83.28901690244675
190.14717185497284,177.75982815027237
656.2513760924339,171.3786239027977
1106.7975726127625,163.6464273929596
513.0127906799316,211.80220931768417
941.6520444750786,221.56995552778244
111.2933144569397,101.24468553066254
104.84056603908539,94.5484339594841
268.4438238143921,219.353176176548
688.2880938053131,236.63790619373322
1108.169346690178,251.09065330028534
111.25361996889114,106.96938002109528
109.68986678123474,111.68113321065903
111.68210834264755,109.50289165973663
82.30334109067917,106.21465891599655
336.42557513713837,190.6294248700142
773.0658109784126,229.8601890206337
1201.576070010662,255.71992999315262
266.73852664232254,196.98347336053848
709.7857211232185,187.67727887630463
1147.7779130339622,255.33308696746826
83.17813515663147,86.02686482667923
119.94732517004013,199.9976748228073
593.5135096311569,226.87549036741257
80.85670524835587,190.75429475307465
510.0158904194832,224.39110958576202
964.0630773305893,206.1219226717949
83.25926768779755,96.24073231220245
60.844462156295776,61.2295378446579
374.11465924978256,211.60834074020386
822.5688536167145,218.89414638280869
81.43106079101562,81.80993920564651
88.60828578472137,85.0577142238617
82.93448054790497,78.17651945352554
79.67323154211044,82.82676845788956
219.53385853767395,128.44714146852493
609.1734774708748,205.36452251672745
1018.8481075167656,242.07789248228073
83.54173594713211,85.95726406574249
52.40336495637894,164.30063503980637
482.02399814128876,187.51400184631348
950.532620370388,180.33737963438034
76.37424087524414,90.19875913858414
79.06985753774643,83.02414244413376
79.72648179531097,84.97751820087433
81.82811099290848,88.32088899612427
277.7997414469719,195.7002585530281
765.8263648152351,191.89563518762589
1149.409995317459,233.46000468730927
78.12261992692947,86.28438007831573
136.92824721336365,202.44275277853012
618.9558756351471,183.08112436532974
994.7795013785362,248.40549862384796
535.9551244974136,181.39687550067902
996.0197560787201,193.0732439160347
80.28738206624985,88.52661794424057
56.371005058288574,74.68399494886398
412.2316310405731,172.04536896944046
838.777253806591,198.87074619531631
79.41689157485962,56.232108414173126
81.25854021310806,37.12945979833603
239.13816666603088,191.38083332777023
679.7218247652054,181.09417521953583
157.10048002004623,175.08451998233795
596.4801142215729,194.2048857808113
279.97148448228836,202.3795155286789
835.0361228585243,92.79587715864182
1120.0087795853615,237.45422041416168
83.61140930652618,84.09359067678452
113.9900433421135,180.5099566578865
612.6096878051758,160.35331219434738
974.8043341040611,233.45566588640213
84.88797122240067,85.44602876901627
1028.5446064472198,102.32539355754852
79.53523749113083,93.98376250267029
53.21086269617081,88.62313729524612
367.4424896836281,155.76251029968262
897.821127474308,93.65987253189087
84.18177002668381,86.9292299747467
64.06140249967575,60.54959750175476
163.94110476970673,161.8928952217102
596.8387697935104,183.86423021554947
1026.1254081130028,237.2445918917656
500.8200791478157,196.34692084789276
952.9947321414948,176.18926787376404
84.26337665319443,87.38462334871292
87.51301950216293,88.65298050642014
348.33766531944275,169.0143346786499
776.013336956501,167.65366303920746
124.26298409700394,63.200015902519226
126.77163541316986,67.82136458158493
136.28028923273087,203.978710770607
81.08662366867065,83.30237632989883
229.34589439630508,152.76510560512543
676.4475333094597,174.2374666929245
1064.7711802721024,226.82181972265244
208.42784923315048,42.07215076684952
107.06753849983215,62.00646150112152
376.70524430274963,219.40575569868088
792.8259453773499,234.1370546221733
113.89066410064697,103.55433589220047
105.7143639922142,104.60063600540161
1068.1120651960373,220.31393480300903
106.76976609230042,108.56323391199112
95.63045781850815,78.86954218149185
387.67615073919296,198.73084926605225
813.8338488340378,228.92615115642548
105.28753608465195,93.43446391820908
104.574238717556,100.07376128435135
162.3059225678444,196.93507742881775
558.8516154289246,231.98238456249237
91.63830107450485,132.47269892692566
437.9809880852699,227.353011906147
863.026668548584,219.80733144283295
107.90535908937454,109.96464091539383
99.95204597711563,113.78895401954651
219.49872761964798,198.3722723722458
629.0073996782303,207.73360031843185
1047.9611049890518,244.11289501190186
107.26681077480316,104.08518922328949
109.84949868917465,102.03950130939484
100.17317980527878,104.16082018613815
66.01584821939468,102.44715178012848
274.17250621318817,213.4934937953949
702.4601780772209,232.13282191753387
1146.3208349347115,221.92016506195068
100.88549435138702,104.65150564908981
92.7091491818428,199.605850815773
520.7177961468697,217.6522038578987
961.264443397522,218.86455661058426
105.73611748218536,104.17188251018524
852.892796099186,232.6622039079666
102.10545164346695,103.6345483660698
103.00311309099197,108.12588691711426
235.45778107643127,205.3202189207077
648.2624588608742,223.99654114246368
1092.309111893177,240.98788809776306
99.55877077579498,101.6262292265892
98.34542036056519,128.48757964372635
466.61307442188263,221.23792558908463
894.178740799427,245.59925919771194
365.1873924136162,205.44260758161545
801.2520462870598,238.89595371484756
101.89070457220078,103.70229542255402
101.02937370538712,100.89662629365921
188.24202120304108,195.2389788031578
621.9176766872406,215.00832331180573
1047.593354523182,226.77664548158646
101.5100017786026,102.11999821662903
58.315654933452606,120.53634506464005
103.13931840658188,102.23168158531189
47.66699540615082,99.37000459432602
325.36063915491104,220.1763608455658
762.6842881441116,208.9447118639946
660.6749396920204,748.7880603075027
340.649699985981,183.77530002593994
782.5663167834282,206.04468321800232
81.61294281482697,93.0540571808815
79.658587038517,86.15641295909882
187.40821462869644,194.96178537607193
590.1759470701218,199.1940529346466
151.35256451368332,217.01743549108505
484.6942790746689,340.43472093343735
929.203957259655,198.44504272937775
81.93563330173492,98.43536669015884
89.61137175559998,86.20362824201584
278.0460610985756,298.4539389014244
696.8516830205917,192.96331697702408
1110.897345006466,218.88065499067307
82.68399322032928,85.16800677776337
80.89668673276901,89.13931328058243
81.97933065891266,85.31666934490204
72.28499442338943,191.9550055861473
446.534661591053,144.5763384103775
855.3772919774055,191.99270802736282
86.4979636669159,77.87303632497787
69.35867917537689,71.14132082462311
269.2563029527664,206.42869704961777
665.3209294676781,302.9570705294609
1061.1265608668327,232.24443912506104
81.7651959657669,85.40180402994156
1018.9958274364471,213.30017256736755
83.13549137115479,85.40250861644745
95.1251340508461,57.225865960121155
423.0788152217865,279.9221847653389
835.5514664649963,170.8015335202217
81.48508030176163,87.2369197010994
82.90173351764679,84.41226649284363
273.0593585371971,146.53364145755768
766.4389778971672,163.24702209234238
81.74557709693909,85.08742290735245
80.440325319767,87.39367467164993
167.94895815849304,166.73604184389114
583.4205842614174,211.11541575193405
1063.9122300744057,199.29276990890503
79.9568789601326,86.57912105321884
67.94850593805313,109.90449404716492
563.9021316766739,88.52486830949783
905.3917673230171,200.2372326850891
84.14141583442688,84.50658416748047
82.89204674959183,83.18295323848724
97.56767666339874,86.98832333087921
83.68736147880554,85.66463851928711
141.38106960058212,206.00693041086197
565.7427456974983,224.66525429487228
1021.8073762059212,225.82262378931046
84.24198997020721,81.70301002264023
74.4356449842453,200.89735502004623
443.4263489842415,168.5546510219574
850.4170033335686,214.39799666404724
569.1296735405922,31.129326462745667
723.6393649578094,212.84263503551483
596.2970764636993,722.6489235162735
95.19370949268341,61.87929052114487
124.72234851121902,173.27865147590637
555.6379811167717,197.0650188922882
954.2216244935989,249.112375497818
84.08225154876709,91.69574844837189
29.386870980262756,221.075129032135
391.8584922552109,228.73350775241852
72.44310802221298,84.79889196157455
446.41473293304443,108.95626705884933
755.7943609952927,242.44663900136948
85.33898788690567,100.38201212882996
84.05262541770935,84.02137458324432
217.50624579191208,201.21575421094894
681.569862484932,173.39213752746582
1077.0604936480522,256.1615063548088
83.1441313624382,84.29986864328384
84.15275985002518,86.43924015760422
80.12439513206482,83.46760487556458
83.96802097558975,94.97697901725769
409.6986525654793,232.72734743356705
849.9482882022858,261.3107118010521
81.06791418790817,85.3940858244896
32.428543984889984,82.29245603084564
296.36418187618256,195.32081812620163
714.1888360381126,251.81216394901276
1144.938461124897,255.82153886556625
83.3540922999382,83.1459077000618
1077.0667281746864,249.98927181959152
83.68736255168915,83.81363743543625
92.91799032688141,168.43300968408585
484.2416216135025,233.62837839126587
943.3622587919235,233.10074120759964
80.75989377498627,92.62910622358322
393.9631444811821,178.35185551643372
817.0827764868736,212.41622352600098
344.22140395641327,136.6485960483551
855.8600444197655,92.73195558786392
1166.480674982071,222.46332502365112
287.0483572483063,224.10064274072647
727.2799721956253,247.35002779960632
632.6586050987244,762.0823948979378
82.81623458862305,85.55476540327072
162.69485956430435,218.7491404414177
600.1674736738205,249.46152633428574
1055.3060926795006,241.39790731668472
570.7227249741554,1146.6852750182152
988.9903485178947,254.0466514825821
80.10998344421387,86.22201657295227
65.43459981679916,119.49140018224716
430.01723927259445,207.18676072359085
851.6008692979813,234.21413069963455
81.77650809288025,88.76049190759659
50.84013557434082,86.89986443519592
268.23877370357513,233.57622629404068
684.784402012825,261.99359798431396
216.10802859067917,203.29897141456604
637.4876590967178,247.5483409166336
1066.6442995667458,255.2257004380226
83.91293752193451,86.67906248569489
75.21963012218475,150.28136986494064
440.6542895436287,234.16171044111252
819.5520456433296,264.54095435142517
83.04267704486847,84.51332294940948
83.84733182191849,85.2446681857109
81.94896465539932,85.51403534412384
84.55159437656403,86.80140560865402
222.1152338385582,157.16276615858078
630.5499256849289,185.653074324131
1128.4855947494507,121.51440525054932
80.2902221083641,81.35677790641785
73.6328895688057,98.05211043357849
457.642555475235,140.46844452619553
876.2442249059677,208.1637750864029
83.9929016828537,90.803098320961
80.4465497136116,83.42345029115677
1155.9741770625114,246.22982293367386
84.33481669425964,60.51618331670761
196.93644803762436,143.08155196905136
613.3531267046928,177.96187329292297
339.9004884958267,153.85851150751114
721.7061235308647,220.6078764796257
1135.6417562961578,257.6002436876297
85.09540295600891,83.86759704351425
177.30704313516617,142.32195687294006
83.76169312000275,82.92430686950684
72.97432988882065,164.93467009067535
523.6489620804787,170.07203793525696
994.3435967564583,172.87840324640274
81.39025402069092,86.73974597454071
81.30588620901108,86.93411380052567
327.9445173740387,201.51848262548447
831.3061426877975,161.26885730028152
627.0917869210243,815.7592130899429
55.39745110273361,83.15754890441895
95.11009001731873,32.8149099946022
109.89672595262527,40.603274047374725
100.62836873531342,193.9826312661171
541.3410124778748,186.54798752069473
983.9796757102013,201.94632428884506
269.97289764881134,227.78710234165192
686.7965257167816,266.4254742860794
1151.9721458554268,267.04585415124893
84.55476760864258,84.57423239946365
184.65740644931793,160.0655935406685
86.05403220653534,85.74096781015396
100.3786649107933,171.325335085392
474.22029334306717,236.59370666742325
922.1749314069748,256.2330685853958
85.0725627541542,81.55743724107742
48.78420943021774,70.34479057788849
358.5718536376953,198.1311463713646
769.9144926667213,217.7345073223114
84.05313122272491,86.98386877775192
84.93177908658981,85.54922091960907
82.29341250658035,84.354587495327
82.41403722763062,86.53196275234222
140.7006596326828,187.392340362072
605.1532787680626,189.54972124099731
1001.6619054675102,261.31909453868866
82.80154645442963,87.27345353364944
56.58816909790039,133.81983089447021
473.28179371356964,190.32920628786087
857.4024195075035,257.35758048295975
81.50405597686768,86.32994401454926
855.5496786236763,190.17232137918472
81.78031361103058,86.7006863951683
37.19695371389389,87.50704628229141
260.3915766477585,172.8864233493805
687.7332068681717,210.8587931394577
1111.816846728325,241.81215327978134
82.08549517393112,83.71150481700897
144.7611202597618,147.81287974119186
544.584743976593,201.30425602197647
998.7233675718307,238.25863242149353
473.9729896783829,212.5090103149414
943.9816145300865,207.49938547611237
124.41725063323975,63.21274936199188
130.2968910932541,60.7961089015007
257.0095551609993,264.12044483423233
674.3892704844475,233.64872950315475
1108.0279593467712,220.43504065275192
104.88863837718964,95.92636162042618
104.6753334403038,115.19466656446457
104.1290271282196,100.18597286939621
76.3777077794075,104.9182922244072
311.14638954401016,230.816610455513
739.8030749559402,213.1409250497818
1168.201762020588,229.39123797416687
106.98843306303024,98.97356694936752
89.75710564851761,214.4468943476677
513.5437841415405,240.4752158522606
932.3854862451553,230.39151376485825
106.63517385721207,109.84582614898682
112.70086079835892,106.55913919210434
114.70954895019531,107.9014510512352
173.86726409196854,64.48473590612411
63.413366973400116,138.0126330256462
459.2930001616478,187.13299983739853
901.7276538610458,194.82734614610672
83.1622970700264,100.3367029428482
92.61593395471573,47.75506603717804
283.30957221984863,184.74442780017853
742.8742210268974,179.47677898406982
224.845873773098,131.3571262359619
339.94925981760025,160.12474018335342
784.1249216794968,172.78207832574844
1148.2075647711754,265.4584352374077
83.16220611333847,83.81979387998581
174.0598282814026,163.9401717185974
630.8644548654556,175.19054514169693
982.1520865559578,305.58991342782974
81.6597089767456,44.0432910323143
83.81733137369156,118.8496686220169
84.34496206045151,50.74703794717789
88.13162612915039,36.646373867988586
270.27051746845245,161.85848253965378
670.1502252817154,208.71977472305298
1087.1970022320747,199.22999775409698
88.57576709985733,29.164232909679413
92.23343282938004,49.95156717300415
269.33435529470444,197.6096447110176
675.3250399827957,225.54496002197266
505.8157339692116,771.3692660331726
609.1583696603775,164.61963033676147
935.2411091327667,271.22189086675644
85.84275770187378,95.76824229955673
52.70440584421158,68.31459414958954
268.5653068423271,168.78669315576553
691.3889886140823,207.6480113863945
1087.7316932082176,239.34230679273605
87.5183612704277,91.50063872337341
61.45305359363556,168.12094640731812
411.01779836416245,205.74120163917542
83.1016189455986,88.26838105916977
248.49926829338074,204.22373169660568
685.0639596581459,184.1400403380394
1042.4806843996048,269.76031559705734
82.87837761640549,87.82562237977982
96.20206660032272,84.90993338823318
416.0447607636452,187.99323922395706
804.3874474167824,260.6865525841713
72.43217414617538,69.19682586193085
84.14482587575912,64.55817413330078
1152.8764609098434,251.99353909492493
67.51510167121887,66.46589833498001
113.76474303007126,189.21625697612762
593.6633902788162,194.92960971593857
977.8390434980392,251.64195650815964
67.03268605470657,69.744313955307
82.91231566667557,60.680684328079224
426.53295105695724,169.8010489344597
888.0415846705437,149.79141533374786
97.73520964384079,80.8567903637886
756.0228397846222,232.6631602048874
1163.8834843039513,269.5975157022476
82.57711374759674,92.19988626241684
172.73473608493805,201.28426390886307
644.0773587226868,194.60864126682281
1075.8459761738777,229.581023812294
98.68759560585022,61.479404389858246
69.58528417348862,151.28471583127975
428.4280579686165,191.21994203329086
94.1778946518898,86.1181053519249
252.50161838531494,131.22038161754608
1064.6500378251076,194.9239621758461
84.99167972803116,81.52632027864456
115.03832358121872,57.29567641019821
365.58408629894257,202.73091369867325
808.370742380619,215.31425762176514
633.28745251894,771.3795474767685
87.16718292236328,84.94381707906723
88.67582136392593,86.17617863416672
85.03646123409271,80.90753877162933
76.67516613006592,141.97183388471603
481.1478234529495,187.14917653799057
870.8785755038261,211.69542449712753
85.42521637678146,86.9457836151123
86.84088861942291,85.49211138486862
239.53553092479706,202.39046907424927
627.3033050298691,215.13969498872757
1057.590002298355,230.27999770641327
520.9697469472885,183.77025306224823
885.3315293192863,169.59447067975998
93.54423600435257,87.21476399898529
88.12790113687515,84.48409885168076
210.3575553894043,196.1224446296692
623.4792555570602,196.8737444281578
985.8019894361496,267.36501055955887
88.5896327495575,84.799367249012
50.468295216560364,83.10470479726791
311.3291910290718,173.83680897951126
88.07889771461487,85.60510230064392
192.8295380473137,206.11446195840836
611.6532520055771,210.8277480006218
974.4399604797363,246.81903952360153
85.37563717365265,83.36536282300949
56.236275017261505,98.7637249827385
362.8009958267212,204.5880041718483
819.5496743321419,170.80132567882538
1174.2263821959496,260.6076177954674
85.21704280376434,87.3199571967125
1088.577686548233,256.2373134493828
87.550332903862,90.59866708517075
125.29897594451904,102.20002406835556
456.82673168182373,207.85826832056046
888.7434784770012,189.10852152109146
98.40118622779846,46.617813766002655
87.33588808774948,82.03511190414429
218.25252330303192,183.72947669029236
656.7982093691826,195.14579063653946
1067.6219244599342,207.06307554244995
554.0385560393333,178.0904439687729
944.9362236857414,244.2857763171196
95.27890795469284,85.57309204339981
80.17656815052032,96.39743185043335
341.9261900782585,202.81380993127823
793.4728105068207,210.86018949747086
78.70342856645584,88.40757143497467
80.30504810810089,92.15695190429688
218.7766643166542,182.8343356847763
78.5272810459137,85.95471894741058
147.59189838171005,185.18610161542892
628.6375240087509,153.54747599363327
1016.165142595768,236.0018573999405
58.711759984493256,66.69624000787735
75.09037858247757,133.24262142181396
521.3780071735382,167.80799281597137
951.6076312661171,180.61336874961853
129.969264626503,57.14273536205292
118.1269411444664,47.24305886030197
183.06058186292648,55.69741815328598
105.47728073596954,104.68871927261353
145.98695522546768,232.18004477024078
481.51480996608734,244.76319003105164
875.7275677919388,230.6614322066307
155.73629242181778,55.07770758867264
86.33837062120438,89.17962938547134
93.16203987598419,175.00396013259888
480.61579459905624,177.36520540714264
868.8105643391609,207.85543566942215
328.78219521045685,213.38380479812622
733.6809529066086,198.13404709100723
1108.4116573929787,268.7733426094055
88.198317527771,84.69068247079849
73.54098373651505,202.94001626968384
472.4577397108078,213.135260283947
963.4293748140335,192.40362519025803
93.86402064561844,98.2649793624878
90.46579843759537,82.33020156621933
82.25250589847565,81.80249410867691
84.94714719057083,84.81285279989243
171.1597860455513,173.37721395492554
554.5215653777122,182.81243461370468
957.8442597389221,220.89574027061462
79.44588875770569,86.4431112408638
80.21450531482697,36.803494691848755
372.13112485408783,212.96187514066696
833.8987494707108,201.80425053834915
80.92736858129501,87.66663140058517
79.3430158495903,85.89798414707184
1162.4636344909668,265.48136550188065
81.47225219011307,84.71374779939651
216.83288300037384,125.87011700868607
640.1205115318298,184.38048845529556
1062.4431252479553,225.6678747534752
136.6377574801445,57.306242525577545
157.980428814888,62.575571179389954
413.37817829847336,196.2888216972351
845.2948567271233,190.81614327430725
251.48961412906647,213.32538586854935
722.14629560709,193.72370439767838
1071.8219981193542,263.8450018763542
80.75669550895691,80.74330449104309
68.80233263969421,162.03066736459732
500.4230162501335,181.07698374986649
885.8397581577301,190.17924183607101
81.88638550043106,89.15161448717117
314.60664653778076,136.39235347509384
86.17227530479431,46.08672469854355
198.06991463899612,189.83808535337448
650.0785551071167,195.3284448981285
1119.92118537426,180.28181463479996
130.8378159403801,65.68018406629562
159.01344841718674,77.96755158901215
434.5591043829918,245.1448956131935
871.9937705397606,247.52422946691513
115.83644479513168,101.60755521059036
107.99411714076996,99.63588285446167
1188.4107981324196,244.92320185899734
99.77046996355057,97.32153004407883
165.0771517753601,184.05284821987152
298.88251864910126,184.33948135375977
754.3921555876732,172.2938444018364
610.7887982130051,755.3032017946243
82.24243593215942,32.775564074516296
137.73406624794006,185.1179337501526
590.5206896066666,180.943310379982
1046.418321609497,210.52667838335037
522.8899507522583,171.18404924869537
971.8985803723335,183.74841964244843
80.66720902919769,88.77679097652435
81.00983339548111,39.19416660070419
407.29645401239395,157.9625459909439
824.5830826759338,196.99091732501984
89.61071360111237,68.68528640270233
95.56436890363693,43.472631096839905
244.7760056257248,167.12999439239502
121.91565650701523,61.306343495845795
176.16528749465942,154.27971249818802
659.0079270005226,179.27007299661636
290.53628277778625,195.29671722650528
718.0829123258591,230.86208766698837
1145.4805272221565,261.79647278785706
82.36014258861542,94.76985740661621
181.62875241041183,172.7052475810051
583.5993713140488,252.40062868595123
1024.2199904322624,258.2240095734596
79.8216245174408,89.36337548494339
86.64624351263046,1067.7247564792633
83.28487527370453,87.73412472009659
38.719499349594116,114.44650065898895
468.0241201519966,158.1978798508644
811.2937408089638,274.04025918245316
76.6533534526825,85.88364654779434
30.384972274303436,86.81902772188187
750.6622173786163,201.41178262233734
216.94883733987808,204.66216266155243
692.3094722032547,199.04252779483795
1182.1150969862938,152.477903008461
254.0896890759468,227.74331092834473
714.6353121995926,223.1596878170967
1158.0709339380264,242.22506606578827
81.37555229663849,87.82744771242142
140.12618052959442,199.46681946516037
580.3387945890427,235.51320540905
1017.3664115667343,272.1705884337425
80.24502319097519,91.10597681999207
955.6436415910721,264.39435839653015
80.61527103185654,86.99572896957397
78.55088770389557,70.41311228275299
376.1705042719841,247.75549572706223
830.3831297159195,253.56087028980255
83.92976176738739,87.8672382235527
83.19738733768463,88.2276126742363
358.0030115842819,109.2199884057045
686.3816339373589,254.00736606121063
190.90926027297974,224.59073972702026
616.6778983473778,248.915101647377
1065.5935277342796,277.70147228240967
83.08415186405182,85.30384814739227
32.00077277421951,238.05422723293304
490.62139201164246,243.6376079916954
939.4270170927048,261.51798290014267
85.63965034484863,93.43534964323044
79.35228621959686,69.55571377277374
457.74993830919266,139.45406168699265
99.20263147354126,96.96336853504181
221.93433463573456,218.89866536855698
644.9439689517021,253.26003104448318
1093.971610069275,264.91838991642
84.44323939085007,87.8157606124878
124.6748633980751,181.0291365981102
539.7025035619736,233.2794964313507
953.1001261472702,264.27087384462357
84.36875516176224,86.72524482011795
84.19138139486313,86.06661862134933
84.38601315021515,91.3539868593216
80.52464199066162,85.03135800361633
309.3672600388527,249.2257399559021
769.3758836984634,236.7721163034439
648.2185227274895,838.2994772791862
271.2862969636917,252.13970303535461
688.4249672293663,273.9640327692032
1144.396601498127,277.43639850616455
82.81323146820068,85.1687685251236
121.87785613536835,235.91814386844635
83.18249398469925,86.07650601863861
45.284119844436646,233.60488015413284
474.9787614941597,254.28023850917816
928.6913935542107,266.9016064405441
80.03401684761047,96.07698315382004
78.32063901424408,68.01236099004745
372.55125617980957,235.89274382591248
800.5238798856735,257.2171201109886
77.99550062417984,92.57849937677383
84.28212243318558,84.5878775715828
632.4397673606873,780.3012326359749
79.98539519309998,84.5886048078537
179.7540134191513,193.11598658561707
612.4476433992386,255.38535660505295
1044.5492940545082,257.39470595121384
79.96591573953629,84.03408426046371
83.88253509998322,141.61746490001678
493.39216047525406,220.42283952236176
902.4007786512375,275.13622134923935
82.72440242767334,84.40559756755829
965.8440310955048,124.17396891117096
81.42765671014786,87.40634328126907
37.436283826828,88.73071616888046
238.27896517515182,222.62803483009338
782.3806039094925,131.7123960852623
1135.037252664566,274.86974734067917
85.69489639997482,83.5281035900116
72.2225331068039,229.44446688890457
508.21216505765915,258.99083495140076
77.35079860687256,147.6112014055252
427.5634399652481,259.69556003808975
889.6470668911934,258.48293310403824
121.91569638252258,64.75130361318588
302.61793571710587,247.6400642991066
750.5165550112724,269.35444498062134
87.95221227407455,97.27078771591187
85.94184857606888,86.81715142726898
160.08048701286316,237.23451298475266
83.64512294530869,84.07687705755234
85.20976024866104,231.05023974180222
511.38538908958435,279.9486109018326
981.1730180978775,267.5309818983078
85.31065547466278,87.18934452533722
87.37529790401459,75.77270209789276
383.9029392004013,239.17106080055237
808.9115747213364,276.31042528152466
87.60622423887253,88.85677576065063
82.35585558414459,87.10714441537857
633.2534957528114,777.7095042467117
89.98514580726624,87.08885419368744
139.69779151678085,229.1542084813118
565.5954259037971,269.68157410621643
1026.6230667829514,251.76593321561813
84.92771202325821,89.0712879896164
46.21434825658798,155.37665176391602
399.7429788708687,283.31302112340927
854.4366053342819,280.4703946709633
370.22424137592316,1174.3687586188316
782.0658844709396,257.786115527153
85.27852153778076,88.99947845935822
87.75018179416656,88.37881821393967
178.25983262062073,234.22116738557816
673.5274941921234,190.71250581741333
1049.814127087593,277.7408729195595
85.71277004480362,86.89822995662689
35.59241580963135,206.92658418416977
448.4530452489853,264.28795474767685
60.4996862411499,94.05631375312805
373.82233023643494,252.1216697692871
813.1279612779617,270.390038728714
83.00760120153427,86.97339880466461
83.62722796201706,85.50277203321457
270.50685852766037,197.01214146614075
774.1454939842224,189.98450601100922
1122.5251192450523,261.5118807554245
83.4787465929985,86.81725341081619
82.67237770557404,82.47562229633331
77.86601960659027,81.37398040294647
63.87564104795456,177.40135896205902
491.84725719690323,221.20774281024933
942.0598672032356,307.7721328139305
78.29147779941559,82.3935222029686
77.35609048604965,38.47790950536728
391.9947022795677,204.2272977232933
907.2073177695274,149.49668222665787
79.43893384933472,35.765066146850586
52.02255028486252,67.77444970607758
1158.790188729763,284.6358112692833
77.89184802770615,62.49715197086334
188.0664902329445,198.1185097694397
615.373122215271,237.2198777794838
1063.0297579169273,231.58124208450317
89.26145929098129,82.12854069471359
89.71415662765503,85.13784337043762
409.18683367967606,202.20216631889343
948.6775121092796,121.04548788070679
283.55620127916336,182.091798722744
685.732884645462,245.6931153535843
1088.7605684399605,273.1474315524101
79.75019633769989,84.99080365896225
113.2218068242073,194.75919318199158
571.7314170598984,204.97258293628693
987.5000298023224,258.6859701871872
77.63764470815659,87.30635529756546
36.462259232997894,152.66774076223373
463.8218781352043,201.3811218738556
81.49849927425385,46.353500723838806
408.60011661052704,179.343883395195
801.2757353782654,263.094264626503
82.4143557548523,94.78964424133301
82.97798562049866,86.02101439237595
269.7466042637825,211.80839574337006
715.6452251076698,214.66977488994598
1162.838852405548,229.23514759540558
79.83049130439758,80.5595086812973
78.15412014722824,82.69887983798981
81.62474757432938,81.07825243473053
90.11537593603134,158.8286240696907
506.55100280046463,216.6709972023964
962.3006280660629,236.34737193584442
63.34624820947647,65.28275179862976
68.48487496376038,62.867125034332275
384.8835012316704,190.54249876737595
862.3181259036064,189.94087409973145
86.41974902153015,52.358250975608826
137.0583980679512,39.330601930618286
1681.5860430002213,95.52495700120926
76.43158614635468,58.420413851737976
219.16349869966507,225.28050130605698
642.5612003803253,247.6417996287346
1038.644902586937,270.911097407341
82.8935911655426,85.75340884923935
104.2182365655899,110.37476342916489
400.52391439676285,258.1250855922699
796.421656191349,262.4303438067436
87.7633268237114,86.36567318439484
728.3649757504463,266.8750242590904
651.1526663303375,714.4953336715698
93.45832616090775,82.65367382764816
43.28203010559082,233.66196990013123
456.45771795511246,259.54328203201294
861.8184484839439,270.9965515136719
84.45708495378494,90.00591504573822
82.94787847995758,86.46012151241302
208.80751472711563,232.70948523283005
614.7991877198219,263.812812268734
106.49388265609741,213.09911733865738
490.09459632635117,256.73840367794037
917.4742797613144,271.26572024822235
85.14996832609177,95.18403166532516
82.47381830215454,84.2661817073822
214.74245029687881,243.10954970121384
635.807127892971,254.50787210464478
1048.7428306937218,278.0351693034172
82.52853310108185,86.39646691083908
84.92616754770279,87.1658324599266
82.41780078411102,86.41619920730591
63.03748857975006,59.81451141834259
382.7131409049034,184.87985908985138
749.2597911953926,269.51820880174637
91.65742999315262,91.4535700082779
81.40710639953613,84.74089360237122
153.97173714637756,221.91726285219193
557.7394286990166,265.0385712981224
983.4891214370728,279.32587856054306
85.34978497028351,83.94521504640579
892.6374165415764,275.71458345651627
84.27613109350204,91.50186890363693
85.0079015493393,82.86309844255447
208.9605410695076,241.4464589357376
635.6362199187279,257.90078008174896
1045.0339264273643,275.57607358694077
83.35862749814987,85.04937249422073
70.09031176567078,145.52168822288513
359.58003985881805,255.10496014356613
105.03387439250946,75.41012561321259
206.2645103931427,245.3464896082878
613.7181957364082,262.07780426740646
1033.3758953213692,273.9021046757698
82.40359288454056,89.11440712213516
103.80123442411423,117.84676557779312
389.80999106168747,239.87500894069672
805.8746448159218,264.8283551931381
81.82834559679031,95.31965440511703
96.6889785528183,83.47702145576477
83.32763373851776,82.46836626529694
83.83727008104324,83.47772991657257
107.2909100651741,206.04308992624283
468.92967224121094,264.0153277516365
896.1783529520035,273.2096470594406
83.24305385351181,89.94194614887238
90.53084695339203,85.45115303993225
204.66948813199997,259.7745118737221
612.5301734805107,284.2848265171051
1039.4098731279373,277.4981268644333
487.215611577034,234.4703884124756
920.020242869854,269.49775713682175
86.1218752861023,85.99012470245361
89.00050914287567,42.40649086236954
311.8801808953285,238.32381910085678
743.9078360199928,274.7401639819145
85.32446962594986,92.87853038311005
89.4441437125206,85.18485629558563
167.89877462387085,239.47222536802292
590.0183985233307,258.40760147571564
90.76803624629974,247.65796375274658
548.9986751079559,264.07432490587234
959.1383030414581,281.86269694566727
84.38793325424194,88.50106674432755
46.04556059837341,160.71543937921524
379.44318521022797,254.334814786911
816.3768160939217,284.9551839232445
84.0894506573677,87.94754934310913
89.26607406139374,83.23392593860626
82.10870510339737,85.5582948923111
87.67233234643936,86.36366766691208
198.16297221183777,235.17002779245377
606.8386005163193,266.0313994884491
1069.3662301301956,267.3737698793411
83.96785897016525,88.6801410317421
56.86548173427582,228.63451826572418
463.83810621500015,280.47689378261566
918.4577237963676,293.65327620506287
84.24535423517227,87.4216457605362
81.27198404073715,85.98701596260071
54.02161395549774,92.14538604021072
85.58624505996704,86.63575494289398
335.7808768749237,215.8111231327057
704.0485293865204,278.59847062826157
1145.966175198555,283.59082478284836
85.91980242729187,86.93319755792618
183.44642370939255,183.886576294899
630.0850495696068,199.8959504365921
1045.668676018715,242.18332397937775
596.473312318325,164.09968769550323
960.6119454503059,233.7210545539856
79.52857774496078,83.4534222483635
38.852195084095,102.81480491161346
390.6578127145767,228.99018728733063
833.9444425106049,222.7225574851036
60.676074743270874,68.84292525053024
81.24070030450821,84.26029968261719
239.06432658433914,241.63967341184616
738.0909541249275,184.11204588413239
187.17457920312881,219.38042080402374
631.4241980910301,246.33480191230774
1045.0628263354301,289.6961736679077
81.97946453094482,93.89053547382355
58.377087235450745,203.78891277313232
517.922710776329,225.24428921937943
987.0063368678093,233.71566313505173
112.64496529102325,129.35503470897675
83.35758829116821,38.69841170310974
78.83021157979965,83.83678841590881
84.5608332157135,88.25416678190231
359.9214618206024,150.81953817605972
732.4861200451851,259.86587995290756
1174.050765633583,262.17123436927795
138.35542905330658,69.32857096195221
95.23549270629883,78.78250730037689
404.5411295890808,209.84687042236328
853.0137558579445,226.63424414396286
83.24438714981079,47.62661284208298
131.73403179645538,64.30196821689606
138.5406756401062,73.1633243560791
84.99467265605927,81.8763273358345
86.74330139160156,136.47869861125946
488.085944712162,200.0250552892685
892.6505838036537,230.97841620445251
222.58867365121841,249.1153263449669
675.0043041706085,259.5136958360672
1116.8279388546944,277.17206114530563
82.70756530761719,86.03243470191956
81.93918812274933,86.93081188201904
110.02181214094162,73.38518786430359
92.4194353222847,179.1725646853447
462.4660621881485,267.3309378027916
894.8267098665237,284.8212901353836
85.65135109424591,95.27564889192581
46.77098089456558,80.13601911067963
290.4466113448143,288.4603886604309
751.4182392954826,285.46976071596146
81.74287670850754,84.86912328004837
84.62150794267654,91.6184920668602
1127.6301453709602,286.6288546323776
85.39877831935883,83.86022168397903
112.68640726804733,237.38859272003174
555.6390452980995,254.39795470237732
977.4816782474518,280.25932174921036
85.0643161535263,83.5466838479042
35.92594462633133,148.57405537366867
449.8785808086395,215.02841919660568
825.4982123970985,282.0387876033783
342.4898452758789,234.54715472459793
760.1464782953262,275.85352170467377
86.82212144136429,97.89987856149673
81.31276035308838,92.44723963737488
201.50642490386963,217.25257509946823
569.0711079835892,268.65089201927185
998.0987933278084,256.1602066755295
80.45943468809128,86.68756532669067
124.26505333185196,71.82694667577744
90.31177246570587,82.13322752714157
183.83939635753632,90.4766036272049
267.1262538433075,199.30074614286423
674.3749298453331,222.36507016420364
1085.2545474767685,273.2074525356293
80.61624944210052,84.06975054740906
104.62486863136292,291.74613136053085
519.9675827026367,301.3654173016548
949.7722026705742,209.94979733228683
79.17087638378143,95.75612360239029
79.0135008096695,87.33849918842316
83.83712959289551,82.7748703956604
81.40077751874924,85.85822248458862
303.8354078531265,160.83059215545654
698.5120385289192,253.78496146202087
1085.2616676092148,262.7383323907852
83.78930425643921,86.22969573736191
158.14993596076965,144.88706403970718
547.2145672440529,218.8774327635765
979.7791910171509,244.68380898237228
447.8998199701309,240.69318002462387
943.2784492969513,204.2215507030487
80.58307754993439,38.17592245340347
323.5273476243019,218.61965239048004
756.295977294445,247.40802270174026
1168.3416076302528,270.36139237880707
138.7772359251976,55.48176407814026
183.87786692380905,207.9731330871582
645.3695147633553,213.20548522472382
98.98916852474213,200.6408314704895
494.1827939748764,262.4272060394287
970.1554520130157,285.04854798316956
102.51716566085815,102.07583433389664
101.0068428516388,93.23415714502335
272.4604884982109,280.0215114951134
690.7661696076393,301.7528303861618
1152.6448175907135,283.0581824183464
97.3024594783783,102.86454051733017
105.5711133480072,97.61388665437698
99.22777497768402,93.84622502326965
97.99642199277878,131.15157800912857
443.07906502485275,270.6619349718094
882.1437190175056,266.35728096961975
112.02336168289185,94.49563831090927
100.05102151632309,104.09697848558426
280.04173761606216,222.3292623758316
253.81042724847794,205.98657274246216
704.6340583562851,220.53194165229797
1112.9946950674057,299.0973049402237
618.6893382072449,239.55166178941727
1027.1609746217728,290.87602537870407
86.94763433933258,89.18236565589905
92.49427103996277,160.2837289571762
448.20691484212875,262.40408515930176
854.7525407671928,320.8764592409134
82.18816602230072,89.08983397483826
63.80778181552887,54.46921819448471
330.2244048714638,239.42359513044357
32.10302823781967,82.52597177028656
262.2246553301811,228.83234465122223
1101.593947172165,294.98005282878876
83.4545801281929,84.15641987323761
100.44520199298859,224.6287980079651
537.5278362631798,239.3601637482643
951.7044752240181,302.4815247654915
80.62010186910629,82.43489813804626
85.05472868680954,84.76027131080627
86.36348938941956,82.46851062774658
346.8792287707329,224.74977123737335
776.1096040010452,251.05739599466324
644.838968038559,797.1970319747925
260.22046983242035,284.0195301771164
699.1358634233475,266.6421365737915
1147.7732416391373,283.3007583618164
82.53961104154587,85.36738896369934
117.28797608613968,242.7850239276886
86.51935130357742,83.37064868211746
35.9147213101387,249.32527869939804
490.5710878968239,258.37391209602356
923.4864563941956,285.0695436000824
85.51282387971878,88.63517612218857
87.63118493556976,55.85081505775452
350.30555909872055,255.91644090414047
782.294923722744,276.6130762696266
84.15429371595383,86.4747062921524
89.3656839132309,83.52331608533859
83.9480574131012,85.08894258737564
87.17842197418213,86.41557800769806
115.61178809404373,256.88921189308167
501.34227818250656,270.621721804142
937.5526821017265,282.52131789922714
82.52404832839966,86.38395166397095
102.03141433000565,57.39458566904068
326.8728273510933,263.68217265605927
807.5282323360443,189.76776766777039
82.35164976119995,88.68635022640228
676.1180102229118,263.418989777565
1100.2744337320328,279.87456625699997
83.3008034825325,84.84719651937485
69.91915917396545,242.09984081983566
462.29763185977936,270.3693681359291
918.0829911828041,275.0470088124275
82.09035784006119,88.24264216423035
81.94971525669098,37.34628474712372
234.05131214857101,251.24568784236908
673.1327130794525,262.92228692770004
133.54712688922882,239.19287312030792
581.1295586824417,235.90744131803513
976.4339671134949,274.10403287410736
80.01536184549332,83.42863816022873
66.81972193717957,122.25427806377411
370.19815987348557,248.33884012699127
794.6505602002144,257.18343979120255
82.80596858263016,87.73103141784668
88.85134035348892,81.98265963792801
83.6357274055481,82.08527261018753
83.58910000324249,83.799899995327
123.92947155237198,227.848528444767
548.8628410100937,262.97015899419785
999.8712049126625,278.07279509305954
80.60057890415192,84.9184210896492
50.20093375444412,172.35406625270844
425.95028960704803,242.73571038246155
873.0686516165733,258.52434837818146
81.63200879096985,86.7199912071228
79.52835887670517,86.97164112329483
80.59171640872955,85.13028359413147
279.23641979694366,204.79958021640778
719.9297704696655,241.95922952890396
1152.91913408041,268.45086592435837
80.70449769496918,65.8705022931099
129.87887161970139,190.14012837409973
562.3492501974106,201.96474981307983
969.4686138033867,293.6983861923218
494.3279750943184,237.5610249042511
902.8353415131569,291.88565850257874
83.7317219376564,86.41527807712555
88.09108299016953,41.88891702890396
331.1554610133171,243.27053898572922
800.0338460803032,235.2631539106369
638.6522288918495,807.3847711086273
86.47561407089233,82.30238592624664
181.59299170970917,227.11000829935074
618.8423634767532,217.3986365199089
115.55373531579971,219.9652646780014
547.5061283707619,227.7358716726303
993.9944956898689,244.5235043168068
84.89186125993729,81.53413873910904
45.76923441886902,75.60076558589935
379.962605714798,240.85139429569244
873.2669785618782,218.0290214419365
110.40435099601746,57.46664899587631
169.8937230706215,37.62527692317963
152.1600927710533,58.56190723180771
86.7608870267868,83.68311297893524
51.787264466285706,146.36073553562164
466.31363195180893,181.00136804580688
939.4510084986687,178.58599150180817
242.90579962730408,251.81620037555695
677.247164785862,262.4208351969719
1124.6245235204697,276.1154764890671
83.61389201879501,81.38610798120499
148.2322554588318,198.21174454689026
561.6296213269234,245.9443786740303
94.35998976230621,186.456010222435
488.97835499048233,241.89164501428604
931.9497147202492,268.97728526592255
83.21608102321625,89.35791897773743
89.22444885969162,63.47955113649368
846.9611966013908,210.22380340099335
88.89559328556061,89.77140671014786
70.99599540233612,60.37500458955765
58.891358375549316,71.9226416349411
64.12172818183899,66.32227182388306
159.4810929298401,187.27790707349777
636.8774847984314,167.97351521253586
1004.9788517951965,245.20714819431305
85.54223966598511,71.7727603316307
70.69759231805801,105.3204076886177
855.0463135242462,257.71268647909164
81.48067754507065,90.39032244682312
81.85903638601303,83.9749636054039
81.69942063093185,96.67057937383652
89.18878293037415,83.6632170677185
219.10416156053543,224.30383843183517
653.2405507564545,228.99944925308228
1044.5079243183136,297.93607568740845
82.16428631544113,84.39171367883682
88.59765142202377,191.30934858322144
478.60503286123276,254.07996714115143
940.1683908104897,260.5716091990471
438.7697561979294,228.19424378871918
879.20311242342,256.31588757038116
218.6019203066826,260.3980796933174
673.4802822470665,269.0937177538872
1113.67265021801,284.21634978055954
86.92101508378983,86.54198491573334
145.18838661909103,205.58961337804794
502.1408257484436,265.69217425584793
917.9262456297874,277.75875437259674
80.71160846948624,88.14039152860641
82.89439177513123,86.5316082239151
83.69886809587479,80.76513189077377
242.83523535728455,213.46076464653015
622.898648917675,261.37935107946396
1025.9440960288048,289.57490396499634
86.71050673723221,85.64149326086044
114.0148686170578,97.11513137817383
472.39229714870453,205.31170284748077
820.8077229261398,278.507277071476
302.8901415467262,224.77685844898224
713.9725021123886,288.99149787425995
1153.442919433117,299.70608055591583
82.87628346681595,85.14271652698517
178.30964076519012,205.63435924053192
513.6141205430031,275.03487944602966
974.8984791636467,258.0815208554268
82.42487680912018,86.61112320423126
65.17427319288254,93.60372680425644
81.75666844844818,86.67033153772354
82.17121988534927,84.51478016376495
269.43859243392944,166.17240756750107
641.7240083217621,249.44299167394638
1044.6394230127335,283.97157698869705
83.29584497213364,83.22415500879288
66.96927064657211,152.56772935390472
466.3286508321762,210.35534918308258
883.5770239830017,245.99697601795197
81.40038841962814,88.6366115808487
79.8337476849556,87.62925231456757
78.4901031255722,87.28889685869217
86.16447800397873,86.52052199840546
247.04184406995773,213.93915593624115
646.4202672839165,252.41273272037506
1041.7426790595055,260.97932094335556
82.38009351491928,86.08190649747849
73.49951499700546,143.48248499631882
435.1739172935486,244.14108270406723
844.4963345527649,265.05866545438766
345.3747365474701,213.18126344680786
741.2891055941582,271.54389441013336
619.4824805855751,812.9435194134712
84.13789582252502,80.7871041893959
167.23824739456177,222.68775260448456
586.0056095719337,281.9193904399872
1016.476976275444,281.20802372694016
86.63235056400299,86.57064944505692
88.34471207857132,160.54428791999817
460.00008994340897,250.18591004610062
93.21147364377975,68.17852634191513
355.4038526415825,233.94714736938477
776.4122244119644,299.4767755866051
83.40161097049713,86.28438901901245
83.39000749588013,82.5359925031662
221.95337641239166,227.74962359666824
645.7767471671104,268.5572528243065
1075.5621170401573,292.3648829460144
83.16248697042465,83.35651302337646
83.37385267019272,81.6451473236084
83.45521837472916,82.72978162765503
84.03657817840576,139.27742183208466
466.1369445323944,229.32505548000336
855.1813076734543,276.7806923389435
83.93067795038223,83.25432205200195
89.86405074596405,83.2839492559433
301.9464290738106,245.05357092618942
716.509824514389,278.8241754770279
1146.2582226395607,271.668777346611
87.08060133457184,82.06739866733551
1053.7729776501656,301.9850223660469
87.91036051511765,82.31163948774338
87.86273717880249,183.78426283597946
477.42711848020554,257.5918815135956
939.1565030217171,231.43649697303772
84.2378848195076,82.81711518764496
344.08664083480835,209.39435917139053
785.1510266661644,215.9609733223915
245.5844058394432,231.67559415102005
670.4067874550819,266.7042125463486
1145.006166756153,278.93783324956894
105.38557535409927,101.54042464494705
99.65199488401413,175.29200512170792
434.6044112443924,279.02458876371384
873.2048417925835,285.0361582040787
107.08227151632309,97.95372849702835
96.6656950712204,99.31630492210388
200.45011162757874,240.9938883781433
107.3835426568985,99.2084573507309
72.20697152614594,246.84902846813202
477.73240208625793,300.76659792661667
904.7028319835663,304.1851680278778
110.32326120138168,104.21373879909515
54.27567207813263,100.1513279080391
230.24611002206802,271.92088997364044
187.80958026647568,292.042419731617
645.3000071048737,257.0529928803444
1046.4364351034164,278.099564909935
494.70385110378265,293.01814889907837
934.6192814707756,319.288718521595
102.44175571203232,94.31824427843094
105.13517725467682,101.179822742939
233.5686068534851,280.89439314603806
652.5400176048279,304.27598237991333
1089.287435233593,314.2865647673607
104.92585474252701,101.83414524793625
104.85827100276947,165.7157289981842
437.07069194316864,284.8933080434799
84.17012178897858,64.68187820911407
305.1975431442261,251.15545684099197
722.4819810986519,298.221018910408
1147.91640406847,311.7685959339142
108.09082835912704,101.11317163705826
70.09825897216797,274.2907410264015
470.12568867206573,291.78231132030487
903.0961108803749,310.66288912296295
101.93652933835983,101.41447067260742
107.29594165086746,109.07305836677551
119.58234947919846,106.45565050840378
111.88678073883057,107.33621925115585
147.9122005701065,254.77279943227768
553.0316297411919,266.87637025117874
966.5020700097084,320.4789299964905
112.60250115394592,108.10049885511398
64.92492747306824,73.13007253408432
293.1743566393852,264.9376433491707
753.2558165192604,257.70818346738815
262.63535326719284,215.0126467347145
86.16174256801605,84.67125743627548
200.11411732435226,218.08988267183304
681.418497979641,178.1365020275116
1005.6108651161194,310.63013488054276
85.08122771978378,85.3997722864151
85.44159686565399,146.8554031252861
499.2269650697708,214.43903493881226
935.1783296465874,261.7836703658104
78.9276995062828,88.4793004989624
79.47205263376236,87.32394737005234
78.98040437698364,84.0565956234932
84.08075791597366,86.1782420873642
312.32811409235,201.9678859114647
726.9114724993706,257.62652748823166
1135.7888339161873,333.8971660733223
83.94520390033722,80.29579609632492
158.67456775903702,216.97343224287033
655.4039250016212,202.41007500886917
1012.3752910494804,302.5497089624405
82.10566139221191,84.82033860683441
933.1680365800858,301.4609634280205
82.30641829967499,86.95258170366287
90.88779109716415,75.59320890903473
371.0061786174774,237.06782138347626
822.8665550351143,246.46644496917725
68.05992865562439,64.90307134389877
87.62330365180969,75.71069633960724
186.57468485832214,259.66631513834
644.6190685033798,258.3989315032959
135.57244712114334,220.83555287122726
550.189829826355,271.12417018413544
987.6432131528854,275.6907868385315
87.39159071445465,87.70140928030014
82.23197031021118,113.11902970075607
374.20234978199005,261.61165022850037
825.9327450990677,261.141254901886
92.71813267469406,90.59586733579636
85.54153317213058,31.699466824531555
222.60490679740906,222.7470932006836
93.87127989530563,62.183720111846924
153.02765607833862,217.65734392404556
574.4790353178978,277.8159646987915
1024.9684199690819,266.0315800309181
163.32882350683212,88.02317649126053
84.0776960849762,85.75630390644073
234.36306607723236,222.61893391609192
631.7964381575584,267.4445618391037
1089.8048113584518,263.0481886267662
68.12717807292938,66.48382192850113
1022.0605536103249,229.8834463953972
74.64929157495499,119.90570843219757
408.36067390441895,245.9713261127472
867.4990534186363,222.5199465751648
179.37743401527405,66.08556598424911
91.94029641151428,71.63370358943939
92.93066501617432,186.9773349761963
147.03739869594574,1026.0546013116837
85.45620256662369,86.95179742574692
88.46358489990234,84.684415102005
203.76696157455444,271.2880384325981
629.8123296499252,289.8366703391075
1091.2826843857765,304.19831562042236
73.36404699087143,88.24595302343369
621.6947687864304,165.953231215477
962.0361174345016,307.1298825740814
80.65447694063187,84.32652306556702
901.1998417377472,277.5961582660675
80.37420839071274,87.75579160451889
84.3265733718872,67.65542662143707
374.796941280365,214.25805872678757
751.8413129448891,295.4366870522499
645.6276876926422,811.7803122997284
264.2122225165367,270.2877774834633
698.8866140246391,282.1683859825134
1134.875985622406,278.0130143761635
85.27334678173065,84.41265320777893
80.98372232913971,81.99727767705917
82.23209381103516,81.08190619945526
493.80283719301224,261.3441628217697
976.3482046723366,238.37379533052444
73.33757275342941,68.55142724514008
98.28994172811508,63.118058264255524
374.72331219911575,243.6286877989769
769.1756759881973,299.2683240175247
96.498046875,90.02095311880112
695.1534482240677,278.90155178308487
1144.7358083724976,297.56019163131714
86.72517853975296,89.77482146024704
123.17755401134491,257.08144599199295
558.4999205470085,257.111079454422
993.0082862377167,296.91771376132965
80.83064931631088,87.83635067939758
68.3370173573494,152.71798264980316
438.7533868551254,248.41361314058304
116.48275464773178,975.6282453536987
348.49012917280197,235.93587082624435
807.8695075511932,265.1864924430847
84.3579090833664,95.84609091281891
82.23628622293472,84.8937137722969
192.1136475801468,256.0713524222374
631.0470108985901,279.4519891142845
1068.7783769369125,302.463623046875
54.26673710346222,85.41826289892197
60.09009075164795,258.50290924310684
79.0414566397667,86.08754336833954
26.882810652256012,219.37618935108185
438.6311813592911,268.8318186402321
869.1765305399895,279.76846945285797
77.14688289165497,87.05711710453033
78.65423357486725,49.6977664232254
317.2915904521942,244.76440954208374
758.836955666542,288.86704432964325
79.06631231307983,85.7676876783371
78.4826712012291,83.1103287935257
81.45202738046646,84.99197262525558
84.84839051961899,83.46560949087143
620.0131125450134,229.4128874540329
1017.3164633512497,307.5905366539955
78.97283262014389,87.43416738510132
86.05518919229507,185.77981078624725
444.74755269289017,295.36444729566574
880.3289120793343,296.8190879225731
81.63327771425247,84.81072229146957
816.6036397814751,295.9703602194786
79.88900429010391,83.90699571371078
84.3223677277565,85.63963228464127
287.10873341560364,227.021266579628
671.505107998848,307.60589200258255
1134.198462843895,283.82053714990616
80.68682771921158,84.99817228317261
151.54718935489655,218.1018106341362
607.8135645985603,238.53743541240692
83.69192415475845,221.01207584142685
511.75529581308365,255.1897041797638
1048.4856586456299,178.07034134864807
78.49302816390991,87.1179718375206
56.1673846244812,116.16661536693573
386.58173966407776,238.73226034641266
832.4230932593346,279.79890674352646
83.19045895338058,96.08754104375839
81.92084002494812,89.598159968853
252.2982024550438,227.62679755687714
83.2875657081604,85.30543428659439
175.3689296245575,230.77807039022446
728.8032972812653,145.97470271587372
1083.3856681585312,253.26233184337616
72.4290401339531,77.53395986557007
98.69641989469528,152.0805801153183
460.77879297733307,258.96220701932907
858.1751689314842,314.80583107471466
97.72058999538422,92.0014100074768
138.0619996190071,101.30900037288666
1188.7354153990746,287.0235846042633
101.05884337425232,94.68315660953522
111.95525574684143,250.39774423837662
518.2036777734756,276.61132222414017
937.3041045069695,287.5478954911232
108.42252773046494,99.07647228240967
109.52296030521393,96.95903968811035
275.82738214731216,270.6546178460121
676.1318402886391,289.27515971660614
1112.195261836052,296.8417381644249
561.4986796379089,300.79732036590576
985.4510979056358,312.32690209150314
96.23750787973404,94.42949211597443
100.68891471624374,72.2550852894783
338.1973460316658,268.26665395498276
759.7227740287781,293.79622596502304
1185.0632010698318,281.8987989425659
104.01562738418579,102.55837261676788
106.11704784631729,254.23495215177536
103.80946773290634,97.94953227043152
103.28087717294693,146.77512282133102
413.288301885128,277.9156981110573
824.1477302908897,298.1672697067261
104.50714665651321,101.06685334444046
70.255604326725,103.57739567756653
154.33804351091385,240.14395648241043
560.1974647641182,278.2835352420807
999.4468632340431,308.0911367535591
99.00927025079727,92.63872975111008
108.05468982458115,98.53831017017365
106.56211173534393,100.65988826751709
96.1445392370224,104.31846076250076
216.89297330379486,287.1810266971588
680.7154017686844,268.02559822797775
218.5948182940483,266.331181704998
751.7321969866753,177.26680302619934
1089.036564052105,303.4074359536171
86.65494114160538,86.1220588684082
74.03431582450867,254.98468416929245
79.83767729997635,79.69932270050049
87.34503704309464,171.2839629650116
475.1684059500694,247.99859404563904
945.9897677898407,246.2132322192192
80.60913121700287,89.63186877965927
84.65349274873734,58.69750726222992
341.92185151576996,241.09714847803116
760.2432101368904,291.60878986120224
636.8255712389946,862.3404287695885
83.4143054485321,81.97369456291199
174.17103707790375,207.92196291685104
628.2714085578918,211.0805914402008
960.4638472795486,292.5721527338028
92.5282289981842,80.54577100276947
77.07268953323364,62.70431047677994
378.28411477804184,218.0488852262497
782.9215133786201,236.1344866156578
81.33688235282898,85.71811765432358
702.6402626633644,240.95173734426498
537.4817536473274,779.1472463607788
83.91518664360046,86.76881337165833
98.99760460853577,130.53939539194107
253.45048427581787,203.5125157237053
679.4209260344505,190.13507395982742
998.8173820376396,269.14461797475815
81.28773999214172,83.19326001405716
72.40712773799896,160.68487226963043
438.06353867053986,219.14046132564545
58.68195724487305,86.3540427684784
222.37558233737946,250.8834176659584
627.7160478830338,252.96895211935043
1033.9655144810677,279.05348551273346
81.9169009923935,80.26809900999069
58.46227139234543,156.18572860956192
379.4147750735283,243.30722492933273
796.1261783838272,271.9108216166496
639.874591588974,793.7184084057808
230.14416599273682,268.61483401060104
84.8745869398117,85.69941306114197
121.73397874832153,274.76502126455307
540.3353908061981,310.51660919189453
981.3987874388695,308.71321254968643
88.42418497800827,90.4458150267601
59.839557230472565,132.69744277000427
317.9770482182503,277.2079517841339
742.0764585733414,306.53354144096375
1177.4188671708107,318.8961328268051
171.05953818559647,274.27446180582047
72.32695162296295,761.785048365593
105.74140590429306,208.6285941004753
456.5828176140785,292.26918238401413
875.2752431035042,315.9837568998337
89.30161833763123,93.5323816537857
65.06899523735046,58.02400475740433
286.52140188217163,260.4045981168747
692.2508091330528,305.6011908650398
1119.4072399139404,316.77876007556915
87.97061419487,90.8263857960701
92.68198776245117,94.41101223230362
89.70736318826675,91.86663681268692
96.75274312496185,182.97025686502457
433.70513421297073,288.46186578273773
852.2685577273369,307.5094422698021
86.99798488616943,93.79801511764526
87.17252504825592,89.17847496271133
159.90292984247208,269.9490701556206
545.2064219713211,290.34857803583145
993.9178017377853,299.65519827604294
89.0372057557106,84.88879424333572
889.5635876655579,303.93641233444214
87.77496546506882,102.79903453588486
94.7273645401001,88.9766354560852
262.1617776751518,289.7652223110199
675.428221642971,303.34977835416794
1097.694649040699,314.4163509607315
87.46202343702316,91.16797655820847
45.43245458602905,275.4925454258919
436.1999322772026,285.4850677251816
72.30038738250732,76.18161261081696
294.9937937259674,298.9882062673569
702.315258204937,305.2587417960167
1143.6566764712334,312.54732352495193
89.22004932165146,88.8349506855011
115.32042104005814,256.7345789670944
511.27285051345825,294.32014948129654
935.021268248558,317.0337317585945
91.76964569091797,89.63735431432724
62.40706026554108,90.1669397354126
89.30348759889603,89.97351241111755
88.51597690582275,89.55802309513092
169.1903748512268,274.9946251511574
572.846814930439,294.2651850581169
996.3542491793633,305.2007508277893
87.99162429571152,85.97237569093704
70.25803279876709,144.14896720647812
350.4884488582611,304.49355113506317
758.88592004776,297.6330799460411
91.41131579875946,92.3486841917038
644.9937458634377,303.89525413513184
1098.0371211767197,307.96287882328033
88.84149235486984,89.73250764608383
65.49792659282684,243.22407341003418
456.5243336558342,290.7906663417816
876.624752163887,313.7082478404045
87.98412162065506,89.46087837219238
69.4555116891861,50.82348829507828
205.79608780145645,273.20291221141815
592.7485700845718,300.12242990732193
107.68303018808365,209.79896980524063
463.07850354909897,267.82849645614624
816.0119922757149,310.72800773382187
86.78036504983902,91.88663494586945
89.52785819768906,89.62014180421829
167.68425315618515,278.3897468447685
566.025715649128,281.6222843527794
993.9781451821327,313.4478548169136
91.2445193529129,88.10648065805435
84.39989048242569,84.45210951566696
89.79726231098175,90.94373768568039
56.7496502995491,105.54734969139099
266.05313128232956,291.4278687238693
694.2645229697227,305.64247703552246
1132.142944097519,307.63505589962006
89.76232010126114,94.42267990112305
100.23269629478455,271.8413037061691
477.59319204092026,303.2598079442978
921.563564658165,317.8074353337288
85.69996750354767,87.20703250169754
814.0413771271706,309.66162288188934
84.3827531337738,89.22824686765671
89.18722891807556,87.0727710723877
163.93565553426743,279.5833444595337
562.0730814933777,302.9269185066223
1011.5985028743744,301.93849712610245
87.03289061784744,87.93010938167572
83.17030447721481,136.51469552516937
355.8077214360237,313.15527856349945
90.14934372901917,87.7216562628746
183.39773803949356,242.5652619600296
578.9611565470695,309.52084344625473
1000.7096111178398,286.383388876915
91.12498325109482,89.63401675224304
86.83639574050903,130.4046042561531
358.6038200855255,293.2301799058914
787.4812931418419,280.1847068667412
1181.5077263116837,309.41827368736267
209.27836018800735,263.24063980579376
597.7118284106255,291.955171585083
34.20036190748215,244.0396381020546
419.8937939405441,301.7362060546875
808.8652725815773,319.7087274193764
88.22464293241501,91.9793570637703
91.32514935731888,92.34185063838959
163.4625443816185,271.70445561408997
564.5989842414856,285.82701575756073
991.7924080491066,309.6885919570923
91.6147837638855,92.08821624517441
84.80816328525543,93.65483671426773
88.01953798532486,100.10946202278137
63.11991423368454,62.39808577299118
295.2203947901726,279.2796052098274
639.116912484169,316.8080875277519
1091.8282876610756,311.22671234607697
89.66966134309769,94.55233865976334
41.32607543468475,267.69292455911636
456.74149310588837,292.88850688934326
879.9709249734879,312.78807502985
88.12729567289352,95.98470431566238
799.1156652569771,308.8843347430229
89.67908769845963,93.07891231775284
94.52054864168167,98.20145136117935
125.62100368738174,274.56399631500244
532.07242166996,299.8335783481598
981.0627874732018,315.586212515831
87.03319442272186,93.85580557584763
65.41156649589539,139.14443349838257
307.23407858610153,295.0059214234352
90.27960485219955,95.16539514064789
162.93500524759293,283.54599475860596
563.5354478955269,308.5385521054268
1001.3018589019775,318.2341411113739
94.99623245000839,97.04176753759384
78.85566049814224,113.55333948135376
373.1220591664314,293.8779408335686
803.0924333333969,316.7225666642189
88.35985231399536,86.38114768266678
83.03422349691391,87.65077650547028
84.33859211206436,88.34740787744522
93.58696126937866,87.1720387339592
109.42738103866577,282.81361895799637
531.5457834601402,311.63821655511856
975.4621550440788,323.4458449482918
90.2285584807396,94.12244153022766
63.680929720401764,142.9860702753067
304.5224328637123,299.2925671339035
735.2708377838135,325.0071622133255
1180.5562534928322,322.5547465085983
92.30891889333725,94.43208110332489
87.92729008197784,91.88870990276337
102.60166174173355,277.1393382549286
464.83118641376495,311.2058135867119
887.7096145153046,319.71638548374176
86.6809875369072,92.59701246023178
71.5963973402977,58.848602652549744
256.5108011364937,297.9701988697052
681.0562244057655,314.5917755961418
1128.0266352891922,328.12136471271515
87.18202310800552,90.5399768948555
1040.2823942303658,317.2736057639122
89.5678174495697,89.30218255519867
47.90918976068497,213.79481023550034
367.8796571493149,310.879342854023
798.443067252636,316.25993275642395
661.3584948182106,887.8445051908493
164.7963240146637,272.6856759786606
559.5627520680428,322.86324793100357
1002.0881638526917,318.18883615732193
84.18952769041061,85.64447230100632
929.3088994026184,326.7101005911827
85.63128834962845,91.98071163892746
76.91569644212723,73.06430357694626
284.3131152391434,302.9828847646713
724.061541557312,328.5684584379196
1105.106051683426,312.85694831609726
90.3364263176918,92.75657367706299
67.93587136268616,249.04512864351273
415.81534564495087,298.68565434217453
842.415769815445,315.2142301797867
296.53419560194016,303.76180440187454
725.2646124958992,310.0503875017166
1158.1800422668457,307.17295771837234
90.87242007255554,95.20157992839813
112.2697901725769,280.0452098250389
533.1661973595619,300.29680263996124
980.1735748648643,305.3634251356125
88.71898943185806,93.26301056146622
59.39335995912552,134.5336400270462
91.49378967285156,95.58121031522751
166.397746860981,304.8612531423569
572.7392340302467,288.3717659711838
1004.0246505141258,299.56734949350357
90.86505264043808,92.65294736623764
72.9474429488182,137.79355704784393
347.67686372995377,300.6931362748146
782.9453533887863,288.9996466040611
1173.8227823376656,329.7142176628113
88.62716138362885,92.37283861637115
1096.1905309557915,313.71746903657913
88.91990333795547,93.67209666967392
61.15033030509949,251.10866969823837
417.3988115787506,297.26818841695786
854.0922185182571,314.20478147268295
91.17364102602005,95.45635896921158
84.34817987680435,86.98482012748718
171.2635836005211,265.2004163861275
573.3820267319679,293.09897327423096
105.51944988965988,201.92455011606216
417.86092072725296,307.26907926797867
843.8493365049362,300.83566349744797
92.58077681064606,92.99422317743301
59.29131066799164,91.57868933677673
170.78067725896835,278.5893227458
565.9731206893921,303.65587931871414
994.7965516448021,323.722448348999
86.69293290376663,89.30606710910797
96.51530170440674,85.87269830703735
85.28267222642899,91.86532777547836
54.53105026483536,96.96894973516464
265.5395314693451,293.42446851730347
674.9909682869911,310.76803171634674
1120.0543724298477,304.29762756824493
85.87674868106842,90.19725131988525
121.16211766004562,245.9488823413849
476.0776264667511,286.6993735432625
881.1230412125587,326.69195878505707
85.16740781068802,96.83259218931198
812.2307842969894,310.25021570920944
84.68315118551254,89.48384881019592
86.50565856695175,94.60534143447876
158.1980590224266,279.54194098711014
565.3364880084991,311.3305119872093
991.177906036377,322.91609394550323
86.16626977920532,94.33373022079468
104.78563809394836,133.34436190128326
365.16308987140656,307.4109101295471
95.7084875702858,90.25451242923737
260.58691650629044,297.11808347702026
667.8533499836922,326.5916500091553
1138.6947869062424,306.63821309804916
87.38720059394836,94.51979941129684
57.78458917140961,255.14241081476212
414.366082906723,309.7819170951843
845.3924757838249,326.16252422332764
84.97390002012253,89.02609997987747
89.39043182134628,91.46256816387177
86.02780467271805,86.56619530916214
85.73817092180252,92.29882907867432
101.0055365562439,287.14246344566345
523.0319358706474,308.3010641336441
979.1873115301132,322.07168847322464
86.60270601511002,88.28629398345947
64.33307409286499,136.5559259057045
306.85859048366547,305.6224095225334
725.4969977736473,323.55900222063065
1160.3194364905357,329.7175635099411
631.3458079695702,314.7091920375824
1062.408233344555,331.9977666735649
83.95359998941422,89.76840001344681
123.81296527385712,184.22403472661972
438.0434105396271,294.67858946323395
880.8097763061523,317.7272236943245
82.76214319467545,94.57085680961609
69.49253565073013,56.11846435070038
254.2969632744789,303.0190367102623
692.3043460845947,313.95465391874313
327.68270951509476,160.26229047775269
565.6532118916512,291.1057881116867
997.5676291584969,316.0803708434105
89.05800288915634,87.66499710083008
75.76845520734787,140.7855448126793
347.70285153388977,304.81514847278595
745.284332036972,317.99266797304153
81.94070214033127,89.83729785680771
83.31806373596191,87.95893627405167
85.0494242310524,87.58057576417923
79.94578725099564,87.90621274709702
109.93414556980133,279.52785444259644
536.0165393352509,298.6314606666565
978.0979093909264,323.4390906095505
82.08731031417847,85.54268968105316
69.42867177724838,148.68232822418213
367.01105362176895,305.87894636392593
806.7964415550232,317.66655844449997
84.19280803203583,89.99219197034836
85.25617146492004,95.57782852649689
87.80155122280121,93.8104487657547
81.4929147362709,85.59908527135849
199.18629533052444,245.73970466852188
559.045732498169,315.36126750707626
992.4621321558952,326.11286783218384
87.13549816608429,90.77150183916092
110.29086202383041,145.26413798332214
366.8553206920624,302.36667931079865
802.5107088088989,319.9342911839485
280.3890760540962,309.2409239411354
693.0085391402245,306.21346086263657
1146.5339033603668,319.35409665107727
81.15327101945877,84.6247289776802
108.56864655017853,286.3383534550667
530.0570577383041,304.552942276001
973.3064187169075,334.9895812869072
82.81383508443832,88.52016490697861
64.11720359325409,144.71579641103745
343.3666340112686,281.7443659901619
83.17025250196457,92.44074749946594
152.19665956497192,286.6173404455185
564.5940779447556,288.81392204761505
994.5644817948341,328.954518198967
81.33184689283371,87.26115310192108
89.26421630382538,167.4017837047577
365.53166830539703,312.35633170604706
798.5030664801598,330.79393351078033
81.36243617534637,86.15656381845474
82.05581396818161,85.98218601942062
1177.7291838526726,333.08581614494324
156.29590260982513,286.3340973854065
557.5263534784317,315.769646525383
989.6637659072876,324.6502341032028
87.76418393850327,85.92081606388092
74.99458241462708,141.9874175786972
333.9650013446808,312.86899864673615
752.0104573965073,308.0265426039696
87.55484038591385,88.68615961074829
61.28421938419342,86.15978062152863
86.27359139919281,86.85640859603882
85.44796580076218,85.34803420305252
116.77033990621567,257.74766010046005
444.7228551506996,312.42514485120773
865.9712802767754,336.4917197227478
86.64565414190292,94.22434586286545
98.37603068351746,86.32796931266785
243.80945003032684,318.0605499744415
668.5398924350739,313.34910756349564
1097.1773037910461,332.785696208477
560.5737132430077,295.33328676223755
985.9331351518631,325.71486485004425
84.36755549907684,88.46644449234009
64.22593295574188,149.755067050457
330.34537494182587,319.56162506341934
721.0938563942909,333.9241436123848
1159.7502813339233,334.8607186675072
113.0916782617569,60.94532173871994
130.7650581598282,270.3079418540001
556.4584428668022,293.5785571336746
55.762823820114136,263.2741761803627
440.62229853868484,286.56270146369934
872.6116996407509,303.7583003640175
82.21212637424469,85.06587362289429
84.01667708158493,85.50232291221619
164.96906685829163,284.51293313503265
572.8094999194145,305.74550008773804
1036.7989227175713,280.5340772867203
84.71430134773254,85.63769865036011
84.68468165397644,87.64931833744049
83.3410581946373,84.19694179296494
98.32943964004517,53.48456037044525
293.6708610653877,303.2741389274597
710.2153052091599,301.89469480514526
1118.742728114128,335.4422718882561
84.65710735321045,84.08389264345169
116.22048199176788,264.03851801157
456.65399688482285,317.2160031199455
865.959431052208,330.2635689377785
83.54080581665039,86.36719417572021
820.0471826791763,298.2848173379898
90.74060881137848,86.85139119625092
86.65702944993973,84.08397054672241
195.70041525363922,247.8175847530365
568.5978623628616,324.5311376452446
980.7353011369705,328.7646988630295
84.55770659446716,85.07129341363907
84.06608438491821,134.52691560983658
349.1105074286461,300.4634925723076
86.98912155628204,83.7518784403801
142.3855338692665,301.7994661331177
546.6709730625153,330.45902693271637
986.3083871006966,308.1546128988266
81.46479225158691,85.03620773553848
71.25020045042038,153.36079955101013
328.59061604738235,321.779383957386
726.0801091790199,328.97489082813263
1172.7555397748947,322.02346020936966
147.06221503019333,291.53078496456146
571.3476757407188,306.8923242688179
99.30015826225281,177.12584173679352
394.2705947160721,316.85940527915955
805.4450542926788,322.05494570732117
86.37943184375763,86.750568151474
89.55393773317337,91.09506225585938
146.0613310933113,299.88266891241074
549.2167610526085,322.80123895406723
988.373179256916,326.1448207497597
90.91758018732071,87.7854198217392
83.9259597659111,83.13004022836685
84.65533721446991,87.6596627831459
69.88576573133469,57.355234265327454
241.04218304157257,315.88381695747375
680.9576438069344,324.74735617637634
1070.0570957660675,334.10890424251556
84.34347152709961,91.63852846622467
93.16486352682114,226.00113648176193
437.377277135849,321.38272285461426
867.5506994128227,306.43030059337616
83.96707850694656,89.71792149543762
780.0664550662041,333.35854494571686
100.40788066387177,82.03611934185028
88.10032367706299,90.62167632579803
128.16469836235046,290.9833016395569
553.1911336779594,316.1608663201332
978.3465614318848,319.9314385652542
91.72398221492767,89.33101779222488
63.08435755968094,146.00764244794846
322.38879507780075,321.2412049174309
87.17340368032455,86.36359632015228
147.86680620908737,294.33719378709793
548.4862371087074,327.9577628970146
980.271656692028,327.8953433036804
85.5570752620697,87.21992474794388
74.73245447874069,136.11954551935196
338.09087520837784,292.31612479686737
738.2283477783203,307.197652220726
631.2917319536209,850.0412680506706
87.85511356592178,85.79288643598557
89.49248486757278,88.52651512622833
87.01885950565338,89.27714049816132
60.193345963954926,253.78865402936935
451.47974532842636,310.52025467157364
861.9131689667702,333.049831032753
86.88354444503784,89.96845555305481
87.44694608449936,87.96105390787125
179.6214877963066,307.34151220321655
604.2959098219872,322.9820901751518
987.5814294815063,333.4925705194473
442.9038505554199,319.55914944410324
869.9312635660172,373.6067364215851
84.84568536281586,88.96931463479996
87.61207616329193,86.25792384147644
156.91768503189087,293.10231494903564
548.443155169487,322.90784484148026
977.0435525178909,341.2714474797249
86.31097280979156,86.1520271897316
69.65234452486038,141.4406554698944
336.3077694773674,318.52623051404953
84.39040195941925,91.64759802818298
137.8787750005722,322.49122500419617
547.5722475647926,323.057752430439
972.6356756091118,333.0683243870735
87.21708130836487,90.2449187040329
70.20645582675934,136.68254417181015
323.6408953666687,316.1381046175957
726.1303843259811,329.8896156549454
1145.452817082405,316.38118290901184
89.68219012022018,87.89180988073349
1068.671570777893,333.7734292149544
86.5309487581253,87.19105124473572
35.92740207910538,248.49859791994095
397.5468330383301,324.8051669597626
827.332253754139,332.6307462453842
86.00569367408752,88.67930626869202
88.60719233751297,87.7628076672554
140.33759462833405,297.2184053659439
551.011034309864,320.8219656944275
978.3334453701973,335.72055464982986
440.637850522995,297.0281494855881
870.6832682490349,337.7247317433357
86.24569535255432,87.25330466032028
54.55107396841049,61.48692601919174
145.68770152330399,297.312298476696
546.4551503658295,319.5258496403694
979.0745602250099,326.70443975925446
88.61897957324982,91.65902042388916
72.94135612249374,137.24464386701584
87.3377788066864,88.88422119617462
159.31673115491867,319.9432688355446
551.9542399644852,320.1377600431442
990.6476396918297,338.2233603000641
87.34004986286163,85.88195013999939
75.97744619846344,120.78155380487442
330.91187757253647,304.0891224145889
731.7343590259552,335.59964096546173
628.333741903305,852.0172581076622
84.93514740467072,86.86185258626938
1090.5165176987648,315.03848230838776
88.83889532089233,86.97610467672348
74.40233045816422,249.35666954517365
435.09475523233414,324.38624477386475
856.0101847052574,312.35981529951096
86.57455760240555,87.74044239521027
84.840944647789,42.3630553483963
241.404338657856,315.0586613416672
656.0237747430801,340.6442252397537
134.34619408845901,301.7468059062958
547.3356198072433,313.7383801937103
968.361073076725,328.37892693281174
87.16548776626587,98.64951223134995
106.02493226528168,76.32606774568558
142.9406977891922,311.1703022122383
566.0971051454544,356.903894841671
982.8825429081917,356.9144570827484
87.33394664525986,87.35105335712433
87.02732050418854,84.38067948818207
86.88769799470901,87.59430199861526
64.35810607671738,77.10489392280579
243.62554037570953,344.2084596157074
650.8730058670044,355.1449941396713
1083.677424788475,377.61857521533966
86.27780026197433,87.90719974040985
49.13719290494919,321.8628070950508
424.5706666111946,348.07633340358734
861.0970994234085,329.4949005842209
88.0315573811531,90.82144260406494
706.742981672287,349.59101831912994
1172.4543543457985,332.4526456594467
86.60973519086838,87.40826481580734
114.48810803890228,328.4008919596672
527.9585421085358,352.1154578924179
945.874989926815,359.92201006412506
86.56736731529236,87.93363267183304
72.94477719068527,145.0182228088379
299.89719849824905,345.71280151605606
87.68382251262665,87.6691774725914
131.6902015209198,300.1237984895706
540.3836266994476,339.5603733062744
968.2250480651855,355.4419519305229
87.67746025323868,86.24853974580765
73.42586690187454,140.9081330895424
309.5632858276367,353.19571417570114
699.571780204773,368.5962197780609
1159.597165465355,339.67983454465866
104.64153808355331,90.91346192359924
86.44591563940048,89.05408436059952
87.84328806400299,86.76871192455292
76.5357397198677,250.85226029157639
424.37714207172394,344.7338579297066
847.9765627384186,374.1154372692108
88.18898540735245,89.20001459121704
144.5199632048607,300.276036798954
542.6014045476913,329.28759545087814
967.6088312864304,362.39116871356964
414.87626099586487,353.9757390022278
841.124686062336,343.5413139462471
86.20606178045273,91.1269382238388
155.5180368423462,324.6849631667137
546.3975092172623,342.1954907774925
945.3299854397774,384.6130145788193
88.94935983419418,88.16164016723633
77.54978734254837,141.74721264839172
305.18718856573105,350.8498114347458
95.30664038658142,87.56435960531235
123.53619754314423,322.72380244731903
542.6546288132668,346.7703711986542
948.126094698906,357.28190529346466
88.24547058343887,89.5325294137001
77.41988587379456,148.61711412668228
269.7973855137825,323.46161448955536
673.5268622040749,338.58313781023026
1108.7022731304169,388.3537268638611
91.74665415287018,91.51234585046768
996.3660891652107,374.70791083574295
88.74447113275528,89.08952885866165
96.62184482812881,166.56315517425537
354.6672909259796,331.99970906972885
756.5257613658905,373.0472386479378
657.4231385588646,883.4468614459038
145.2119762301445,299.12102377414703
530.6274482607841,352.76155173778534
947.6898862719536,315.62411373853683
90.75426805019379,89.4307319521904
88.28065037727356,89.23834961652756
90.08503383398056,88.32296615839005
80.94446468353271,50.630535304546356
214.89587992429733,334.3071200847626
649.1262689828873,348.50373101234436
1081.0787103176117,357.27328968048096
89.60509371757507,88.69190627336502
89.00155091285706,237.03544908761978
416.8619539141655,350.1570460796356
835.7393789291382,368.8536210656166
313.30275571346283,334.7522442936897
702.7552647590637,369.8557352423668
1154.1886488199234,363.2373511791229
128.47402584552765,71.63697415590286
107.16740280389786,328.96259719133377
496.7308881878853,321.82511180639267
918.1273299455643,351.57667005062103
90.41274416446686,93.36525583267212
64.05018162727356,78.39481836557388
205.18767869472504,351.99732130765915
93.47307658195496,89.93392342329025
94.62852323055267,343.7594767808914
495.9329850077629,349.3820149898529
938.5893712043762,366.6146287918091
88.15175265073776,96.53324735164642
83.16015470027924,136.33984529972076
292.8715860247612,355.6464139819145
658.3981374502182,353.1208625435829
1116.609519124031,357.01948088407516
90.17290180921555,88.0680981874466
1003.9213351607323,354.3376648426056
90.39271295070648,86.84828704595566
95.04809778928757,190.87790220975876
361.44453489780426,356.5184651017189
765.3970116376877,358.41798835992813
1186.497466802597,355.90953320264816
180.4342538714409,266.3617461323738
526.3497150540352,354.89128494262695
946.9321568608284,341.9578431248665
90.88455826044083,91.39344173669815
91.6689361333847,91.36706387996674
95.41832184791565,91.32267814874649
135.156314432621,343.0476855635643
534.1818152666092,354.003184735775
934.5232790112495,362.1247209906578
92.54970288276672,89.33829712867737
103.4650827050209,87.77491730451584
253.15757429599762,350.0644257068634
680.0910115838051,354.64898842573166
122.56248414516449,320.65951585769653
526.3669250011444,356.5220749974251
973.5223551988602,332.0326448082924
99.12277573347092,107.08022427558899
123.26025575399399,96.59174424409866
152.67590856552124,346.2500914335251
547.5354387164116,319.22356128692627
970.3948448300362,337.30815517902374
91.66225677728653,88.80074322223663
70.33663642406464,138.793363571167
95.30708837509155,91.11891162395477
73.8334886431694,53.40751135349274
116.6751236319542,330.8428763747215
528.886541724205,329.2424582839012
961.9689627289772,359.40203726291656
90.8653769493103,90.72762304544449
80.0207953453064,140.79420465230942
292.0842316746712,357.2677683234215
672.7957624793053,337.186237514019
1100.0631957054138,373.71480429172516
530.2376700639725,364.3543299436569
953.5050989985466,329.680900990963
92.14248532056808,98.67251467704773
100.27887207269669,96.96112793684006
280.8243792653084,308.52762073278427
669.4798772335052,330.79712277650833
1105.4512966871262,317.6967033147812
91.49567574262619,92.42932426929474
117.70805013179779,246.10694986581802
430.0115624666214,310.02543753385544
77.87107968330383,77.85092031955719
236.30557918548584,308.19442081451416
651.6830340027809,309.46496599912643
1080.5434525609016,311.58654743433
96.64282876253128,94.17117124795914
73.077268242836,240.47873175144196
426.1586858034134,318.0263141989708
845.4451140761375,326.7958859205246
96.24855875968933,97.02944123744965
92.47894847393036,90.72605156898499
1173.2823485732079,335.21665143966675
106.71674525737762,94.02425473928452
90.0392016172409,302.22079837322235
483.546667098999,317.3983328938484
886.6651285886765,325.6668714284897
87.78450852632523,101.32649147510529
117.27389615774155,90.76310384273529
221.522407412529,298.71759259700775
650.0858228206635,333.2851771712303
1071.3902707099915,318.90572929382324
536.6566565036774,322.5093435049057
948.2201122641563,334.37188774347305
97.0424936413765,100.06850636005402
114.67988389730453,78.43111610412598
283.5033757686615,296.5716242194176
666.2328797578812,319.4151202440262
1102.8713015913963,318.61069840192795
89.26669430732727,88.02830570936203
64.92311555147171,226.4838844537735
88.28255444765091,88.34644556045532
74.90095949172974,131.45004051923752
282.4834695458412,308.8125304579735
704.1018981933594,316.80510181188583
1132.3143399953842,318.2046599984169
89.154720723629,86.4372792840004
84.84810650348663,306.52289348840714
478.85557425022125,321.64442574977875
882.4010427594185,314.9139572381973
90.42743182182312,98.92456817626953
94.06482154130936,88.52817845344543
89.12721127271652,90.63078874349594
55.801749527454376,88.75325047969818
109.47615087032318,332.4118491411209
519.8725798726082,344.27442014217377
929.3630421161652,348.6189578771591
88.6304190158844,88.29558098316193
57.267796993255615,141.8632029891014
291.0712361931801,337.8367637991905
707.3016874194145,360.25431257486343
180.58706760406494,348.70893239974976
584.5205423235893,364.75745767354965
993.2510005831718,369.36099940538406
97.20242118835449,94.11157882213593
98.87781983613968,163.23418015241623
328.58825904130936,369.4847409725189
756.8936811685562,362.4033188223839
640.4011196494102,869.1548803448677
88.09352469444275,87.72047531604767
125.06390535831451,311.2500946521759
90.2383285164833,87.24267148971558
77.32074677944183,249.45725321769714
403.3471949696541,332.3198050260544
818.188638150692,374.3863618373871
88.64001762866974,87.1929823756218
82.50040137767792,44.42559862136841
116.9710373878479,326.1399626135826
517.7385079860687,328.74349200725555
937.616916000843,367.36508399248123
91.95731019973755,89.1906898021698
853.0577144026756,347.2572855949402
645.1952917575836,890.3237082362175
96.49873369932175,101.37126630544662
110.15516203641891,333.2338379621506
488.97764110565186,347.52235889434814
933.8200209140778,369.1249790787697
87.16042125225067,87.48857873678207
81.51981741189957,135.5361825823784
276.4902967810631,327.12070322036743
695.5357288718224,341.46527111530304
136.32116252183914,341.1048374772072
537.0506471991539,327.78235280513763
935.9661236405373,371.6078763604164
87.41849786043167,88.46950215101242
72.16688770055771,135.40711230039597
299.5643357038498,344.08466428518295
683.9598364233971,394.24316358566284
1118.0792650580406,371.80973494052887
87.25365608930588,88.09834390878677
93.6690365076065,94.70096349716187
89.64041668176651,92.19358330965042
75.3138417005539,204.9821583032608
365.5252838730812,353.21571612358093
799.3847085237503,358.688291490078
663.5231539011002,892.2918460965157
123.71902936697006,297.1699706315994
532.1344554424286,356.6435445547104
942.2719145417213,363.1720854640007
91.72429877519608,97.86870121955872
61.52767848968506,135.00832152366638
93.77711856365204,96.22388142347336
102.1914986371994,100.62250137329102
139.57006669044495,348.2629333138466
536.2265654206276,356.23643457889557
941.6790217757225,367.89597821235657
93.33444666862488,96.35055333375931
123.56382942199707,76.65717059373856
256.1463163495064,342.98268365859985
680.4137538671494,341.9192461371422
1103.4951979517937,350.6718020439148
543.9106416106224,328.4783583879471
946.2151154875755,348.0078845024109
88.019495844841,91.42550414800644
81.7298886179924,135.82611137628555
308.923312664032,347.1506873369217
697.6528118252754,367.2541881799698
1128.401246547699,367.1907534599304
92.63164848089218,95.42335152626038
67.65804415941238,326.3969558477402
455.7405144572258,373.7594855427742
73.00700384378433,139.89999616146088
258.10755002498627,382.31844997406006
650.5410199761391,340.36598002910614
1076.1414561271667,369.2285438776016
88.37183368206024,87.72116631269455
125.00821739435196,243.63878262043
413.1287143230438,361.3162856698036
832.4511564970016,362.17884349823
91.94054263830185,91.94845736026764
89.68893623352051,90.60806375741959
638.1413249373436,886.6556750535965
90.85176211595535,90.0922378897667
88.89719009399414,348.065809905529
491.79365825653076,322.8543417453766
929.6720389127731,353.53196108341217
90.93844079971313,93.22755920886993
68.16882544755936,137.86817455291748
282.58426797389984,349.0647320151329
645.1848308444023,359.241169154644
1079.7292475104332,338.5847525000572
537.4036577343941,346.91034227609634
955.5411062836647,361.32889372110367
88.49349391460419,89.91350609064102
94.38992881774902,121.31307119131088
287.56536316871643,353.5836368203163
650.2769185900688,357.3530814051628
1090.2103358507156,341.2166641354561
94.71772158145905,88.6342784166336
120.39211410284042,225.99688589572906
93.84459501504898,103.67340499162674
76.27803641557693,134.07396358251572
305.36045730113983,342.1585426926613
727.4048970937729,329.8731029033661
1138.8573291301727,365.10567086935043
95.4947138428688,93.57928615808487
63.891143560409546,331.941856443882
464.0656073689461,358.45239263772964
897.0000196099281,361.7039803862572
89.13640129566193,91.67759871482849
95.9047846198082,94.92921537160873
91.96717655658722,97.38482344150543
173.7345613837242,91.21043860912323
117.37213361263275,308.53586637973785
577.4535658359528,315.54643416404724
939.1470173001289,375.5749827027321
94.35738563537598,98.03061437606812
73.68079406023026,141.80020594596863
305.91021823883057,341.2557817697525
702.8436958193779,358.9333041906357
176.8710771203041,351.7219228744507
586.0075328946114,364.7504671216011
989.794017970562,366.0769820213318
88.00541031360626,88.12458968162537
99.1798112988472,181.76518869400024
323.63229155540466,343.8497084379196
759.565682053566,366.06431794166565
645.7950778007507,884.7789222002029
90.11852514743805,90.7334748506546
105.97795242071152,317.09604758024216
89.26336401700974,93.21763598918915
66.47473812103271,236.1362618803978
420.24218821525574,346.9058117866516
830.1016233563423,354.2313766479492
92.88708847761154,95.1499115228653
87.48774498701096,89.54925501346588
74.05114060640335,319.5788593888283
461.7066000699997,366.71839994192123
879.4930493235588,367.3029506802559
89.31542682647705,97.7405731678009
779.1928559541702,349.38114404678345
97.57223790884018,90.4097620844841
87.91375428438187,90.5492457151413
107.21716523170471,326.57883477211
486.29866498708725,352.70133501291275
891.8441239595413,360.32287603616714
90.99950224161148,93.55549776554108
101.76691401004791,57.8440859913826
248.5893496274948,333.89265036582947
678.7458308935165,334.16216909885406
98.62424606084824,335.8947539329529
533.9826641082764,336.14633589982986
940.5461319684982,366.4718680381775
89.85051769018173,99.24148231744766
63.617911636829376,142.40108835697174
292.1253687143326,338.91163128614426
673.5588746666908,343.0521253347397
1097.160310268402,361.3406897187233
90.46370071172714,91.40629929304123
92.02708315849304,91.45391684770584
90.99746292829514,90.27953708171844
99.7468501329422,181.1421498656273
356.457302570343,367.7826974391937
773.7437679767609,355.6262320280075
103.51015329360962,91.72984671592712
93.35162615776062,95.14837384223938
132.67400431632996,315.43699568510056
532.922444999218,349.22455501556396
938.4869102835655,362.68108969926834
93.90133899450302,92.56166100502014
832.9467253684998,344.14627462625504
92.15715926885605,96.74984073638916
112.75853806734085,91.3894619345665
121.3951313495636,319.5308686494827
528.3475638628006,350.2624361515045
946.7070060372353,356.68199396133423
93.58539426326752,100.34060573577881
81.3338018655777,133.962198138237
296.1012316942215,352.2687683105469
92.64587706327438,90.96512293815613
101.70927286148071,339.6977271437645
477.14379078149796,355.3942092061043
885.7812477350235,373.75575226545334
91.69667065143585,92.71132934093475
76.87011361122131,51.33288639783859
118.71177977323532,303.1212202310562
531.516212284565,330.3727877140045
939.3756675720215,342.4953324198723
90.90207892656326,90.74592107534409
92.3544670343399,97.60853296518326
98.6028544306755,97.47114557027817
131.72125375270844,97.27774626016617
128.43286126852036,313.67713874578476
541.8302910923958,314.00370889902115
946.8007701635361,334.31022983789444
88.16015779972076,87.13584220409393
56.260538935661316,141.20246106386185
262.6390550136566,333.32394498586655
670.7575397491455,318.81646025180817
132.4879710674286,300.45702892541885
549.2554228901863,326.17057710886
942.2998769879341,327.6071230173111
94.54825806617737,97.21074193716049
68.4456427693367,107.16635721921921
269.4531611800194,324.08383882045746
668.8686428666115,332.46535712480545
1104.7830553650856,318.47594463825226
93.75444155931473,93.85755842924118
92.9838238954544,95.60817611217499
87.43620210886002,88.23079788684845
95.79560869932175,152.7593913078308
342.24809831380844,331.95490169525146
774.8114924430847,330.87350755929947
95.02287673950195,90.3291232585907
95.99336379766464,93.37663620710373
127.44676369428635,311.53523629903793
534.2681943178177,348.15680569410324
965.480631351471,334.7783686518669
89.15404617786407,96.2159538269043
845.5514931678772,327.80050683021545
93.3929495215416,96.79205048084259
92.93748050928116,94.22851949930191
120.85287487506866,314.05512511730194
525.860316157341,324.30668383836746
938.9047679305077,329.27923208475113
98.94915837049484,97.12384164333344
63.476542234420776,137.28345775604248
268.0950511097908,328.64494889974594
95.32558077573776,92.26741921901703
129.75998723506927,308.57501274347305
534.3594219088554,318.62257808446884
942.1458846330643,353.33611536026
93.6343258023262,107.272674202919
67.41975790262222,86.65424209833145
213.5202803015709,309.4977197051048
637.6397029161453,324.82429707050323
1061.036141693592,330.1488583087921
88.37753158807755,88.10446840524673
93.1819144487381,95.05908554792404
94.46630156040192,97.2556984424591
72.71473604440689,117.72926396131516
272.33425801992416,327.18474197387695
659.6007575392723,329.1202424764633
1101.0531900525093,318.18680995702744
97.24657714366913,98.84542286396027
78.44002228975296,238.0239776968956
375.3365507721901,314.42244923114777
853.511053621769,270.26694637537
199.35151743888855,319.1854825615883
608.4339854717255,320.7320145368576
1006.7004784345627,348.3725215792656
92.56085151433945,92.86514848470688
100.68023252487183,176.8387674689293
367.9286779165268,324.8503220677376
774.881141781807,335.63885819911957
95.22152334451675,90.87147665023804
86.17400693893433,86.80799305438995
123.75541949272156,312.7255805134773
87.59684044122696,90.14415955543518
80.71624058485031,242.76575940847397
411.2606772184372,321.6103227734566
813.7311473488808,357.2508526444435
91.44256848096848,96.96543151140213
97.95115768909454,105.34584230184555
73.0696228146553,312.856377184391
475.9100807905197,316.14491921663284
869.5485634207726,335.34043657779694
87.16795772314072,89.27704226970673
771.2863543629646,356.7696456313133
642.3858053088188,863.0571947097778
65.17222446203232,87.71677553653717
123.93861538171768,293.5413846373558
528.7610579133034,325.46094208955765
938.5665218234062,353.5264781713486
90.48089629411697,94.81510370969772
64.80328732728958,117.99271267652512
267.53379982709885,317.0212001800537
651.6163079738617,327.53269201517105
117.01273220777512,298.96826779842377
530.8341648578644,334.27683514356613
946.95360070467,361.1203992962837
92.55500656366348,95.57499343156815
63.154387056827545,143.1976129412651
268.38390266895294,330.263097345829
658.9484025239944,332.82959747314453
1087.4378207325935,336.0061792731285
88.14920264482498,88.88779735565186
88.1745839715004,89.78741604089737
96.84996390342712,98.68703609704971
103.7093368768692,157.7906631231308
363.82778227329254,320.45021772384644
774.9282443523407,350.2937556505203
100.19563817977905,86.3593618273735
92.62910157442093,95.11089843511581
123.32251012325287,301.78848987817764
536.3489305377007,337.5960694551468
945.0604040622711,348.180595934391
96.95679706335068,99.13520294427872
839.6312172412872,338.33178275823593
98.78765368461609,97.49034631252289
95.35023444890976,98.81576555967331
129.28462052345276,310.9003794789314
535.2000517845154,331.7999482154846
952.5964956879616,347.03350430727005
98.86287254095078,98.97012746334076
75.76028096675873,135.99971902370453
309.36070370674133,315.9922962784767
89.57233601808548,87.24266397953033
121.69072180986404,301.30927819013596
543.6801604628563,313.5978395342827
952.7066054344177,328.589394569397
94.43599045276642,97.0820095539093
95.51838719844818,112.166612803936
297.6188973784447,302.7511026263237
538.2936819195747,323.4653180837631
979.5420874357224,335.75391256809235
91.23550736904144,104.39449262619019
90.00189393758774,93.51610606908798
93.01027816534042,92.30472183227539
83.44371235370636,95.48228764533997
216.80313086509705,334.47386914491653
639.0155458450317,349.89245414733887
1080.4849707484245,346.1250292658806
93.54835140705109,90.96964859962463
72.81576603651047,238.66523396968842
417.4912123680115,319.45378762483597
823.220679461956,351.779320538044
264.1731258034706,329.456874191761
654.7546153664589,346.6153846383095
1083.0590788125992,355.25592118501663
95.41849946975708,90.71150052547455
93.44488894939423,209.31511104106903
413.0813197493553,344.69568026065826
829.7197561264038,351.65124386548996
94.83820277452469,96.80979722738266
92.45677852630615,97.46822148561478
130.42816823720932,309.0718317627907
95.00959199666977,96.8604080080986
78.79498499631882,238.59301501512527
424.5254131555557,324.9005868434906
851.1638419628143,341.83715802431107
92.80022549629211,97.92177450656891
78.60460597276688,96.09939402341843
216.55702543258667,325.27597457170486
655.0644660592079,330.5655339360237
1008.2210151553154,329.0569848418236
95.46939253807068,97.88260746002197
923.9217694401741,357.097230553627
91.46617966890335,104.1828203201294
105.12159240245819,55.78540760278702
260.81502360105515,333.147976398468
655.0085225105286,334.71347749233246
1098.8869321346283,315.6130678653717
89.82030540704727,90.23569458723068
90.82776135206223,232.63523864746094
426.11317616701126,322.7758238315582
834.3436405658722,362.7493594288826
315.31401032209396,329.4449896812439
739.4144417047501,353.4375582933426
615.4228629469872,866.6521370410919
98.65227830410004,112.5887216925621
115.58570212125778,290.2102978825569
463.1672139763832,338.07278603315353
883.0456374287605,356.54636257886887
92.79402112960815,100.13197886943817
61.70940613746643,94.03159385919571
90.40283900499344,92.41216099262238
87.39133536815643,90.66366463899612
124.06673294305801,294.1182670593262
539.5741496682167,317.3508503437042
967.4525686502457,333.95543134212494
87.0529767870903,86.54002320766449
73.56037837266922,116.79162162542343
315.1057890057564,332.82021099328995
744.2052151560783,353.47878485918045
614.9176368117332,869.2313631772995
90.81400364637375,95.35299634933472
1103.34037733078,365.3826226592064
91.05176156759262,94.20723843574524
119.20816594362259,234.34783405065536
426.529647231102,341.39535278081894
839.9641058444977,353.3138941526413
90.5644788146019,96.0285211801529
73.51685571670532,48.39114427566528
219.24627602100372,325.8827239871025
648.087673842907,351.93132615089417
116.4660918712616,325.6079081296921
536.6775079369545,337.8414920568466
969.2229212522507,345.40707874298096
91.93332725763321,94.93667274713516
85.03477174043655,115.39222824573517
304.09718906879425,326.92081093788147
690.641686797142,353.32031321525574
1130.131113231182,350.99788677692413
92.9724914431572,95.39750856161118
73.60987776517868,316.9831222295761
85.98732966184616,86.15967035293579
102.62570238113403,172.24429762363434
376.2631126046181,320.533887386322
807.955523610115,352.0994763970375
91.03794884681702,96.49905115365982
96.30551034212112,96.0284896492958
101.44288671016693,335.83611327409744
523.5793089866638,352.0306910276413
942.95776283741,339.07923716306686
94.59514766931534,93.34885233640671
854.8625425100327,348.8784574866295
97.3709225654602,94.31507742404938
84.61933344602585,97.10366654396057
235.4967501759529,298.78124982118607
659.4301280379295,340.23587197065353
1087.1235591173172,353.561440885067
88.96493953466415,97.07306045293808
131.30532056093216,224.26767945289612
418.09181982278824,349.50118017196655
89.00624716281891,1061.4557528495789
323.4586277604103,314.0783722400665
707.0961207747459,353.1258792281151
1155.2334998846054,342.5625001192093
49.722879350185394,95.72112065553665
102.02727341651917,306.935726583004
483.55376422405243,334.74323576688766
939.0981537699699,320.5318462252617
91.12454563379288,96.1534543633461
118.11292654275894,62.29407346248627
90.0664187669754,93.80458122491837
97.27699786424637,101.8890021443367
64.822460770607,308.30653923749924
469.81190425157547,335.11409574747086
892.5233564972878,365.79164350032806
94.17975127696991,95.89424872398376
56.20514452457428,75.05385547876358
212.69564497470856,337.8793550133705
650.2960316538811,354.24096834659576
1079.0434680581093,355.1415319442749
89.10785341262817,89.8741465806961
981.6142694354057,331.2187305688858
90.91865372657776,95.15434628725052
123.76003617048264,120.12896382808685
329.35947519540787,341.04652482271194
766.4418798089027,338.33512020111084
101.33826106786728,85.10573893785477
97.68075233697891,92.94924765825272
99.24317145347595,326.36782854795456
490.25067514181137,318.85932487249374
111.61110180616379,136.981898188591
353.34053069353104,345.9004693031311
762.8859859704971,339.78101402521133
102.50535929203033,82.38364070653915
92.04984110593796,92.65415889024734
113.2242522239685,321.5727477669716
528.564674437046,325.7683255672455
944.9251228570938,360.3708771467209
89.6924974322319,102.82650256156921
98.34787201881409,95.5411279797554
90.17025381326675,96.03374618291855
105.43663281202316,42.48936718702316
205.44513356685638,334.86986643075943
626.2856207489967,336.9363792538643
997.3131120800972,359.2618879079819
87.65353220701218,89.58746778964996
101.93892306089401,152.63507694005966
320.44738727808,335.830612719059
756.5657796859741,368.7672203183174
1193.1482290029526,334.2037709951401
93.86297333240509,94.34102666378021
93.37036263942719,92.44463735818863
113.02679258584976,251.99220740795135
408.27530187368393,328.61369812488556
835.5787278413773,334.3842721581459
102.3091173171997,95.61688268184662
92.65051090717316,96.79448908567429
139.2690588235855,327.39694118499756
535.0365768074989,353.0744231939316
942.2480237483978,346.7519762516022
90.4594134092331,97.39258658885956
847.318807721138,359.32919228076935
96.82618588209152,97.80281412601471
84.79761278629303,93.0363872051239
105.2502475976944,341.3237524032593
523.5536957979202,323.9643042087555
956.2101390361786,325.62386095523834
90.36653065681458,92.33846932649612
91.09591990709305,95.88608008623123
298.84434139728546,334.2286586165428
91.37096500396729,86.5180349946022
114.84238362312317,294.58461636304855
478.848895072937,351.50210493803024
923.6162769794464,344.1987230181694
100.16171789169312,105.98728209733963
96.0211546421051,57.07184535264969
200.67766499519348,333.63833498954773
621.685110270977,353.5188897252083
1039.7115693092346,359.25143069028854
92.86801666021347,90.09498333930969
90.19039750099182,90.21760249137878
90.78978365659714,99.35821634531021
58.46416383981705,135.23983615636826
258.3056516647339,318.7873483300209
649.6471450328827,341.11285495758057
1070.6175945401192,360.6784054636955
92.3479870557785,92.72601294517517
92.04142671823502,216.73657327890396
398.9368599653244,347.3401400446892
797.5203396677971,342.42566031217575
241.8047901391983,327.6762098670006
631.7392832040787,353.39171677827835
1043.839754998684,346.93824499845505
91.68020367622375,90.30079632997513
69.22465175390244,192.29334825277328
326.71414560079575,339.3408544063568
697.7596695423126,348.2593304514885
1141.3230856060982,354.99191439151764
93.7934730052948,96.89152699708939
96.91187185049057,96.88412815332413
92.12426853179932,96.43173146247864
121.66865760087967,192.38734239339828
374.3251400589943,341.71185994148254
774.443628847599,333.9823711514473
658.1180189847946,879.1599810123444
98.07048684358597,100.91151314973831
107.35591691732407,316.7920830845833
487.3454306125641,334.9695693850517
929.1128073334694,357.6831926703453
90.78721863031387,98.63978135585785
835.0535936951637,368.8534063100815
92.13497251272202,97.95702749490738
75.7913458943367,50.81965410709381
209.7807611823082,329.0892388224602
640.7511698007584,333.24783021211624
1073.3145896792412,343.648410320282
90.80496728420258,88.7700327038765
80.31141418218613,230.24358582496643
411.1528294682503,350.2361705303192
72.56825321912766,125.41374677419662
263.9097520709038,336.5902479290962
648.4362530112267,344.4897469878197
1086.9256790876389,366.0193209052086
93.11807513237,94.6779248714447
83.51452255249023,242.54147744178772
367.911042034626,324.7739579677582
770.3265207409859,354.8404792547226
109.0009034872055,76.55509650707245
94.86139625310898,99.36160373687744
95.92478132247925,96.39121866226196
93.67316830158234,89.0678316950798
121.23656123876572,244.5794387459755
403.91006731987,352.51493269205093
793.8635534644127,379.08144652843475
652.1490452289581,882.7779547572136
68.48952049016953,97.7324795126915
102.77491128444672,319.39208871126175
517.3203481435776,349.82865184545517
940.5127767324448,344.227223277092
371.78025126457214,348.9787487387657
762.1577504873276,341.4162495136261
1173.0372128486633,368.888787150383
89.65560442209244,90.30739557743073
110.42301845550537,303.0209815502167
511.6534688472748,334.8285311460495
938.048893392086,358.72810661792755
94.6503039598465,104.42469602823257
127.62070125341415,64.67629873752594
252.03520411252975,344.7417958974838
92.74770653247833,94.32729345560074
109.1811271905899,306.7448728084564
487.89264661073685,339.60735338926315
879.9921186566353,343.65488135814667
94.42650693655014,97.38849306106567
123.30490815639496,93.88009184598923
204.31240725517273,349.9285927414894
715.3948329687119,285.01316702365875
1036.032306611538,361.301693379879
93.98473644256592,93.1262635588646
932.9921125769615,341.84088742733
94.277488052845,97.09351193904877
74.52589219808578,135.0481078028679
261.3123952150345,343.4666047692299
677.2078286409378,364.66217136383057
1102.9382753968239,357.78372460603714
94.92765414714813,97.05334585905075
48.787059128284454,320.0829408764839
419.572572350502,353.5194276571274
851.1369755864143,344.73402440547943
318.6443644762039,338.2636355161667
758.2627464532852,352.5332535505295
98.56716030836105,99.24783968925476
97.68563622236252,93.22136378288269
90.21206164360046,325.4539383649826
454.7565964460373,348.1314035654068
874.3210417032242,335.6789582967758
93.643445789814,92.78255420923233
91.16988271474838,90.33111727237701
93.80626130104065,95.06373870372772
95.20375388860703,96.83324611186981
96.54414570331573,332.52885431051254
481.64564019441605,348.7253597974777
925.8200215101242,359.4949784874916
92.77139747142792,94.58060252666473
69.8907739520073,137.62722605466843
295.67621648311615,327.82378351688385
700.1286823749542,352.5013176202774
640.5431554913521,814.4188445210457
90.34762567281723,96.9853743314743
984.3560016751289,358.64399832487106
91.27142417430878,96.97057580947876
119.13080257177353,128.1101974248886
320.1752626299858,353.6387373805046
760.6276408433914,351.2983591556549
95.02404999732971,86.36495000123978
90.53250777721405,94.76349222660065
110.16991621255875,336.4600837826729
519.9173367023468,338.45266330242157
60.59176766872406,252.074232339859
369.8782519698143,351.2327480316162
798.6456616520882,349.66933834552765
102.46710234880447,79.32889765501022
92.54960054159164,93.35739946365356
107.2800213098526,314.2199786901474
480.23154932260513,352.6014506816864
920.3139293789864,361.8710706233978
94.28433358669281,99.04866641759872
122.92171216011047,55.67028784751892
90.4301922917366,91.99680769443512
90.30773937702179,94.74726063013077
87.631134390831,331.12886559963226
486.74963092803955,359.6023690700531
935.4610211849213,335.1129788160324
90.15443617105484,96.62356382608414
119.03181570768356,70.96818429231644
253.59531593322754,344.459684073925
632.3438219428062,362.9141780734062
1077.3892241716385,340.86977583169937
527.4896473288536,351.3253526687622
944.2380971908569,370.76190280914307
89.94948601722717,93.4215139746666
89.95688819885254,120.15411180257797
294.92832005023956,327.70167994499207
698.2877877354622,347.0092122554779
1155.703161418438,339.90883857011795
90.69154453277588,88.8814554810524
109.07092356681824,330.745076417923
477.07843297719955,336.1995670199394
97.38184368610382,178.17315632104874
359.16827034950256,334.85072964429855
764.2127434015274,366.32425659894943
101.47912663221359,85.7058733701706
62.617642641067505,99.55035734176636
93.0880196094513,349.5789803862572
506.4844600558281,364.94153994321823
941.6408833265305,348.8411166667938
89.20425671339035,95.83374327421188
89.69263708591461,89.1223629117012
88.68202990293503,90.68797010183334
72.68948233127594,46.18051767349243
195.1608921289444,334.76510787010193
634.8912853598595,363.31271463632584
1045.6577607393265,371.8972392678261
91.14719647169113,94.3898035287857
112.98758226633072,170.40141773223877
367.7370468378067,329.22595316171646
761.1705321073532,346.47746789455414
664.4009132385254,880.9700867533684
93.31875032186508,91.73624968528748
90.04914164543152,91.2648583650589
50.723548233509064,306.3324517607689
411.1020523905754,369.6019476056099
833.9244778752327,370.22352212667465
90.59886598587036,95.34613400697708
85.06927073001862,94.76372927427292
167.89186072349548,285.14413928985596
527.9743344783783,353.8396655321121
940.0187834501266,370.2212165594101
398.249194920063,355.60280507802963
792.3866888284683,371.9463111758232
642.8391712903976,895.568828701973
90.92164480686188,88.95035523176193
94.29904586076736,324.81195414066315
473.8995608687401,344.5824391245842
912.8339457511902,373.1670542359352
91.00737679004669,96.51162320375443
58.349814772605896,75.68818521499634
201.50431555509567,335.12468445301056
93.97575670480728,96.95024329423904
97.4281604886055,344.03483951091766
459.69469702243805,355.971302986145
881.1661350727081,348.00086492300034
88.50755244493484,90.27044755220413
113.12594223022461,40.96705776453018
200.2824283838272,352.5515716075897
587.8089286088943,345.21007138490677
994.8894096016884,378.03559041023254
98.06382697820663,93.71317303180695
898.2942119836807,341.7417880296707
97.11762225627899,94.49337774515152
60.737047135829926,92.65195286273956
202.78153157234192,353.57146841287613
628.4549406170845,379.48905938863754
1046.0934018492699,370.7595981359482
95.52684783935547,95.91815215349197
65.94232374429703,206.7986762523651
296.3938437104225,359.25315630435944
698.9393410086632,362.09765899181366
124.78079825639725,363.10920172929764
523.6772958040237,348.2677041888237
950.906722009182,353.4442780017853
88.19215929508209,88.26984071731567
63.477549493312836,141.20745050907135
245.597065448761,365.45793455839157
638.086568236351,373.67243176698685
1077.7979781627655,351.96102184057236
90.41635811328888,94.62064188718796
91.27674144506454,89.26025855541229
92.02512443065643,89.99387556314468
60.23652893304825,208.67047107219696
357.1890079379082,341.7919920682907
688.0305816531181,359.56241834163666
1070.389103114605,367.92489689588547
96.3044981956482,94.69450181722641
73.25795048475266,244.52104949951172
357.3214522600174,363.1605477333069
757.3649477958679,371.00505220890045
1170.3914086818695,380.14459133148193
613.381830573082,376.896169424057
994.74136698246,379.44463300704956
94.15580451488495,91.10319548845291
129.05220609903336,123.40979391336441
289.17170548439026,367.21729451417923
669.2162328362465,374.0797671675682
1096.2056782841682,373.20132172107697
94.43507659435272,93.73092341423035
48.48047947883606,321.4815205335617
93.3219466805458,90.7890533208847
87.14439702033997,133.65160298347473
291.8368312716484,364.32916873693466
638.1784120798111,374.8955879211426
1064.2798490524292,377.8321509361267
94.36130130290985,90.60269868373871
64.6837112903595,250.44528871774673
354.71020501852036,367.71579498052597
741.1807094812393,380.4122905135155
1164.763175725937,367.57082426548004
96.60457652807236,93.72942346334457
1058.44496768713,385.66603231430054
94.10141271352768,90.13958728313446
110.25682193040848,211.57617807388306
361.3953025341034,360.04969745874405
781.772730588913,381.94926941394806
1177.4472492933273,379.05275070667267
94.17769169807434,88.65630829334259
78.96308130025864,338.388918697834
471.5445836186409,341.6594163775444
78.97802346944809,166.35497653484344
334.0415229797363,314.62547701597214
690.5320410132408,352.93095898628235
1117.2424850463867,383.4795149564743
101.45488768815994,96.02711230516434
58.48031431436539,321.75968569517136
414.50783854722977,335.71516144275665
827.2922673821449,360.9297326207161
96.07867401838303,94.49632596969604
55.16007161140442,88.70992839336395
92.31652641296387,89.59147357940674
94.15692746639252,91.04607254266739
101.0724503993988,265.9275496006012
412.8399321436882,342.71606785058975
842.1803516745567,347.70864832401276
91.79973459243774,89.29326540231705
71.38116389513016,53.43283611536026
88.40781372785568,404.20318627357483
484.5083119273186,360.0476880669594
893.7937590479851,382.6882409453392
348.3201969265938,347.7358030676842
757.1796644926071,365.7273355126381
1167.725127339363,375.5538726449013
94.6955389380455,90.43446105718613
90.88893634080887,341.53706365823746
466.6924548149109,364.6225451827049
875.8489134907722,373.17008650302887
100.85734003782272,94.05065995454788
70.73480141162872,50.692198574543
102.22439855337143,312.46160143613815
101.49088484048843,95.08311516046524
72.07329207658768,251.72270792722702
361.71080005168915,354.2341999411583
758.3472988009453,349.8367012143135
97.44872850179672,99.90327149629593
93.73416697978973,88.19183301925659
117.13055461645126,303.96144539117813
505.87900161743164,363.21299839019775
925.3124549388885,364.29754507541656
91.9508826136589,100.06811738014221
817.125281393528,343.5597186088562
114.37274301052094,80.64525699615479
91.25227576494217,88.15572422742844
94.50067913532257,326.5743208527565
456.15621930360794,344.3987807035446
855.7377307415009,340.74326926469803
94.57912570238113,93.30987429618835
73.47553718090057,54.20946282148361
129.59514200687408,339.3678579926491
59.4546582698822,750.9343417286873
106.01814633607864,170.46285367012024
305.26666766405106,352.65933233499527
740.2190599441528,376.9839400649071
1160.801522552967,377.21747744083405
103.97593259811401,114.80206739902496
115.76132935285568,322.2206706404686
438.06589847803116,370.9161015152931
837.7213807702065,361.29661923646927
93.67277824878693,93.30722177028656
92.99617660045624,90.8368234038353
1176.9855970144272,381.86640298366547
95.38204860687256,91.15595138072968
114.51946693658829,306.9805330634117
398.23109221458435,365.76890778541565
816.6465299725533,357.2984700202942
91.74693155288696,89.4200684428215
177.66133779287338,88.89366221427917
91.68795555830002,349.5520444512367
477.38147473335266,359.8595252633095
89.92590028047562,1122.3150997161865
351.67530131340027,351.2696986794472
746.5537952184677,354.22420477867126
1164.0602582097054,375.84574180841446
93.86467599868774,89.91332399845123
92.50208055973053,317.9419194459915
453.6026021838188,368.08239781856537
883.2960934042931,346.40790659189224
101.63758152723312,99.4934184551239
101.09019559621811,98.96680438518524
101.54159963130951,101.7734003663063
100.32701671123505,98.00598329305649
75.5014335513115,238.72056645154953
351.97195053100586,365.6570494771004
752.147422015667,356.5935779809952
1164.6369008421898,348.5490991473198
99.3103237748146,98.42967623472214
98.05973029136658,335.9962697029114
435.7902861237526,370.2847138643265
831.5747908353806,376.258209168911
289.99018877744675,376.41681122779846
660.368725001812,388.27927500009537
1068.4692214727402,371.3087785243988
96.43968164920807,98.31931835412979
111.31809115409851,213.71890884637833
298.9007067680359,341.3032932281494
685.908206820488,379.5547931790352
1126.1006345152855,372.0653654932976
97.25705754756927,96.64994245767593
56.28348362445831,310.08651638031006
98.92095845937729,102.9680415391922
89.55741381645203,124.59058618545532
289.12185645103455,345.7121435403824
636.7224470973015,352.9815528988838
1054.4889132976532,357.56708669662476
100.12737965583801,99.33662033081055
61.11583083868027,211.82816916704178
300.1603310108185,367.96866899728775
682.0948630571365,376.10913693904877
1096.621324956417,380.8606750369072
545.8327270150185,66.87127298116684
972.7851686477661,380.4378313422203
93.3846030831337,101.09639692306519
123.11498665809631,118.27401334047318
290.3454740643501,365.8585259318352
663.0020120739937,369.980987906456
1085.7494564056396,372.8795436024666
96.96184808015823,98.7791519165039
60.951239466667175,314.3087605237961
404.53275722265244,369.4312427639961
124.87320148944855,79.90379852056503
195.30778735876083,364.0452126264572
626.167198240757,378.5178017616272
1039.4716727733612,355.9363272190094
97.3121497631073,92.40885025262833
96.32057005167007,168.82842993736267
306.05106806755066,367.6909319162369
716.3545163273811,386.9044836759567
1115.2140278816223,382.3229721188545
101.3894299864769,90.57357001304626
995.6558733582497,386.95512664318085
97.55233865976334,103.1876613497734
127.15274149179459,105.38425850868225
282.2712359428406,364.54276406764984
662.4837493896484,379.5722506046295
1044.9912909269333,384.6197090744972
95.77679389715195,93.72320610284805
99.4331973195076,179.64080268144608
307.81071186065674,370.09628814458847
715.9671599268913,381.3848400712013
164.41960209608078,365.2653979063034
555.9460983276367,369.72090166807175
966.0095670223236,366.86143296957016
93.03604036569595,89.77895963191986
78.0984554886818,135.21654450893402
219.8100110888481,366.83698892593384
623.058488368988,373.60751163959503
999.5300315618515,377.11796844005585
93.50143045186996,94.85056954622269
95.3048107624054,96.34318923950195
96.71919929981232,98.66880071163177
128.98659753799438,66.9014024734497
221.5691081881523,368.6538918018341
623.8545879721642,356.16341203451157
1035.381051659584,385.8779483437538
88.94448834657669,88.05551165342331
54.303873777389526,239.4371262192726
351.7563479542732,356.1886520385742
741.8558596372604,376.902140378952
1163.7163082361221,362.7276917695999
627.9827032089233,365.9802967905998
1039.5471575260162,354.5828424692154
95.88759726285934,96.90840274095535
88.50705087184906,191.19694912433624
344.84748351573944,367.3745164871216
740.9859580993652,386.3290418982506
1153.1404264569283,387.2285735607147
94.01883208751678,89.07316792011261
85.58323121070862,329.824768781662
92.12769454717636,90.77930545806885
109.21008223295212,203.86491775512695
350.86556524038315,376.2084347605705
745.4480605721474,380.3299394249916
642.2884557843208,900.470544219017
96.85294508934021,90.81505489349365
84.4893627166748,320.15963727235794
443.5149032473564,342.7800967693329
871.301332294941,364.3656677007675
97.0687672495842,96.2282327413559
93.87217062711716,90.83082938194275
641.6395724415779,886.8784275650978
92.7400352358818,98.01896476745605
90.15544378757477,319.75155621767044
476.82994252443314,339.5040574669838
917.744330406189,362.56966960430145
95.38274818658829,100.04425179958344
111.83513098955154,79.35086899995804
221.36065483093262,358.6573451757431
625.6091275811195,365.501872420311
81.82158303260803,335.34541696310043
502.4400538802147,347.28194612264633
871.5595368742943,379.58946311473846
97.28897005319595,98.93302994966507
79.0004169344902,92.16658306121826
115.84099543094635,354.65800458192825
520.1644906401634,352.29850935935974
933.7829357385635,372.8650642633438
93.01332277059555,89.50467723608017
74.42874503135681,131.62625497579575
97.67720007896423,96.30479991436005
62.369801104068756,101.01819890737534
95.97019481658936,331.14080518484116
464.20071417093277,358.41028583049774
877.6711665987968,367.32783341407776
98.36455225944519,99.4324477314949
105.55693608522415,62.01706391572952
224.69538760185242,350.5096123814583
619.4808841347694,383.50011587142944
984.3224456310272,385.715554356575
401.86694222688675,355.0960577726364
825.0593699216843,368.6806300878525
94.73377245664597,90.28422755002975
79.73184370994568,348.5651562809944
466.2953460216522,369.4276539683342
878.672805249691,376.99419474601746
93.38420355319977,92.65279644727707
119.35561776161194,92.14538222551346
184.47410905361176,363.13689094781876
91.87056338787079,90.62843662500381
80.28595453500748,351.7870454788208
460.94244992733,372.74255007505417
895.6908584237099,382.23514157533646
102.49429154396057,104.15370845794678
102.42873126268387,52.68226873874664
188.73221623897552,350.5087837576866
563.7967576980591,376.1112422943115
973.7852141261101,389.14078587293625
96.29365259408951,97.05834740400314
847.0790647864342,388.7729352116585
89.19744795560837,89.78455203771591
112.3908417224884,40.25815826654434
182.89832991361618,354.0836700797081
569.350848376751,370.85315161943436
988.5992990136147,368.30770099163055
98.5327399969101,89.9672600030899
117.85514837503433,139.7738516330719
291.8826338648796,369.4143661260605
681.3341239094734,356.9618760943413
125.37857633829117,340.13942366838455
551.4430101513863,370.46498984098434
969.1914463639259,383.3275536298752
94.12487572431564,103.8201242685318
78.87333118915558,118.58966881036758
286.76975405216217,366.34024596214294
654.3142810463905,388.36971896886826
1076.248734652996,387.4362653493881
102.36713945865631,96.91086053848267
95.57854574918747,91.47645425796509
95.90095430612564,91.32104569673538
120.02136313915253,115.14563685655594
284.63885831832886,367.95314168930054
651.2213997244835,385.5566002726555
1042.9519128203392,410.49208718538284
96.16338211297989,90.5216178894043
70.94886481761932,174.44013518095016
304.6793533563614,338.8206466436386
681.1498849987984,353.442115008831
1122.0653204917908,354.5826795101166
553.5177284479141,384.74227154254913
949.1922339200974,363.1787660717964
95.47762805223465,103.22637194395065
77.55910748243332,123.47789251804352
219.15963798761368,346.192362010479
624.8721075057983,375.70289248228073
1048.1945470571518,363.23145294189453
93.40501242876053,89.61298757791519
113.70940375328064,169.95759624242783
100.93985521793365,97.72714477777481
78.79928886890411,63.36771112680435
190.8068168759346,353.52618312835693
614.3152615427971,365.4997384548187
986.8968050479889,371.6771949529648
93.83023917675018,87.57676082849503
117.87563365697861,136.10536634922028
288.64311265945435,370.4878873229027
671.0586321949959,388.9233677983284
1100.6400583386421,386.93494164943695
92.25845980644226,90.66754019260406
996.6188745498657,367.04812544584274
98.14430660009384,94.76369339227676
94.98471200466156,167.16228795051575
291.2712102532387,355.2837897539139
683.3717268705368,351.68427312374115
1114.1391596198082,355.00984036922455
98.55356115102768,88.27943885326385
79.50699752569199,280.01200246810913
400.5515314936638,373.8374685049057
120.35597795248032,72.99702203273773
220.73349291086197,364.9145070910454
622.8889679312706,359.85103207826614
1031.8054376840591,364.76856231689453
95.4429075717926,98.22509241104126
75.135298371315,225.82770162820816
310.9398239850998,387.1721760034561
735.9102522730827,352.9967477321625
1159.5286979079247,373.0263020992279
90.72210538387299,87.7598946094513
91.50749254226685,89.19550746679306
94.38488787412643,90.41011214256287
75.61533284187317,245.1626671552658
347.7908403277397,375.3211596608162
736.33533680439,373.2386631965637
1175.8247964978218,375.34220349788666
93.14724051952362,92.20475947856903
122.82169657945633,304.5113034248352
447.3481556177139,370.13384437561035
862.0595976114273,421.422402381897
298.03106528520584,349.15493470430374
687.000588953495,370.1474110484123
1093.2310590147972,380.1579409837723
97.59144711494446,95.89055287837982
73.78383874893188,306.05016124248505
401.6623575091362,368.5416424870491
827.3187698125839,372.8852301836014
90.82515650987625,91.78484350442886
102.59256958961487,88.79643040895462
120.9891699552536,339.2888300418854
101.79361045360565,99.79938954114914
109.06101191043854,274.0869880914688
403.30948626995087,361.9505137205124
767.2250294089317,379.73797059059143
1177.4545105695724,385.1744894385338
108.25904381275177,97.0189561843872
63.618575036525726,283.7334249615669
364.4970765709877,402.1329234242439
763.4495761990547,381.0694237947464
1179.3460370898247,402.09796291589737
620.4654691815376,348.386530816555
1001.9359995722771,372.60100042819977
97.61040151119232,100.77859848737717
94.13682478666306,165.38217520713806
301.1253430247307,357.39165699481964
682.0228710770607,368.3661289215088
1096.308321416378,355.08067858219147
99.4827048778534,99.05429512262344
56.56413358449936,319.6028664112091
392.8506624698639,363.5383375287056
69.1170905828476,106.80790942907333
217.38362270593643,374.50437730550766
623.8730852007866,385.47791481018066
1035.5485506653786,397.1184493303299
93.18498969078064,91.07401031255722
125.11937761306763,171.65862238407135
346.96087551116943,340.2981244921684
733.8203771710396,370.2356228232384
1169.6058170199394,360.98718297481537
97.59521239995956,100.38578760623932
1065.5476046800613,364.23039531707764
95.14805710315704,90.20394289493561
63.284472942352295,243.34452706575394
344.68197256326675,380.5590274333954
786.1713993549347,389.902600646019
1156.4759311676025,378.7830688357353
96.00235295295715,98.49864703416824
152.5837504863739,298.17524951696396
457.7032570242882,357.6677429676056
879.1546958684921,364.2893041372299
326.7371236085892,362.87487637996674
735.5215927958488,359.0334072113037
1155.78904825449,363.6179517507553
96.5934693813324,88.9065306186676
75.7858817577362,334.9171182513237
393.8684958219528,361.2235041856766
811.3949369192123,380.2350630760193
91.3473271727562,89.30067282915115
74.39172625541687,96.4792737364769
95.12230974435806,93.80369025468826
98.18571066856384,93.20428931713104
126.85911917686462,221.73288083076477
386.29362243413925,363.6693775653839
805.2830585241318,389.32894146442413
92.93845003843307,92.17254996299744
97.05785876512527,97.73914122581482
109.95542323589325,360.0075767636299
497.94393658638,345.42606341838837
878.6924243569374,370.97457563877106
97.12583351135254,91.22516649961472
771.8012363910675,376.5887635946274
1187.5307092666626,398.84029072523117
81.15359991788864,338.84640008211136
485.25404918193817,382.0419508218765
878.7615428566933,389.5164571404457
93.9539452791214,91.10105472803116
125.03640562295914,91.16759437322617
127.48805195093155,347.90094804763794
501.1635591387749,373.1144408583641
886.3560657501221,381.2919342517853
346.1604822874069,359.70951771736145
726.7799978256226,360.9800021648407
1153.7134497761726,376.63855022192
99.18386244773865,98.64913755655289
77.11826622486115,356.99373376369476
451.5517745614052,357.9482254385948
840.559275329113,378.51472467184067
96.27068501710892,101.19131499528885
80.70512932538986,98.01787066459656
118.84170830249786,348.1942917108536
96.99722492694855,92.51977509260178
109.30263411998749,187.62336587905884
343.84713780879974,378.43086218833923
730.0216242671013,383.71937572956085
1160.0110696554184,375.0999303460121
94.7594832777977,96.37051671743393
86.8228948712349,324.6961051225662
447.3124198317528,369.8725801706314
864.7458623051643,381.6611377000809
93.53125256299973,95.70874744653702
772.4656427502632,365.51635724306107
96.8430826663971,102.19291734695435
94.81459581851959,99.35240417718887
82.09999537467957,346.69600462913513
459.1445050239563,361.78149497509
894.2449139356613,376.5880860686302
98.17935824394226,93.32164174318314
113.51977729797363,49.48022270202637
138.472442984581,329.17555701732635
493.29494512081146,379.8530548810959
106.8404044508934,190.4565955400467
338.29187923669815,369.4671207666397
731.8183770775795,368.12562292814255
1145.2518373727798,386.34016263484955
100.5002481341362,96.66575187444687
72.52664285898209,352.89835715293884
482.4420864582062,362.8349135518074
881.8765729665756,379.2354270219803
112.01397138834,104.02402859926224
113.20638090372086,102.92261910438538
643.8068251013756,910.5821748971939
96.14832991361618,93.25967007875443
85.28574228286743,330.2702577114105
460.3112445473671,371.44775545597076
886.0976794362068,360.3463205695152
100.30906665325165,96.70893335342407
67.85347408056259,77.84952592849731
212.416941344738,368.7860586643219
617.2404209375381,387.3345790505409
1047.4508590102196,376.47514098882675
468.79232609272003,365.28167390823364
884.1327973008156,388.2182027101517
98.93819653987885,95.09980344772339
75.01964581012726,69.35035419464111
174.41713523864746,372.99086475372314
562.1276514530182,381.39034855365753
975.9870966672897,401.9189033508301
99.29152745008469,106.07847255468369
100.98493868112564,152.4600613117218
90.97440034151077,91.8035996556282
96.66686016321182,98.88913983106613
123.08241015672684,345.12158983945847
508.01590341329575,360.8170965909958
899.8943740129471,365.34662598371506
96.56875830888748,100.6172416806221
94.132149040699,111.14585095643997
205.7327042222023,369.0642957687378
613.685159444809,386.33384054899216
1012.8406863212585,363.0103136897087
97.66407197713852,91.78092801570892
903.2824752926826,385.9395247101784
95.21587854623795,96.9321214556694
77.68732446432114,60.81267553567886
204.54587161540985,353.15712839365005
613.7022705674171,364.61272943019867
993.3208087086678,396.64119130373
104.14422506093979,100.55977493524551
82.39265912771225,182.44134086370468
274.6231974363327,373.71080255508423
97.1497933268547,96.53620666265488
101.4171952009201,335.7138047814369
469.09071815013885,359.1492818593979
882.3571677803993,386.290832221508
95.3475713133812,93.81942868232727
65.13302093744278,66.44197905063629
185.863509953022,346.6184900403023
614.0379086732864,366.74009132385254
1005.527428984642,387.194571018219
99.47885596752167,96.85414403676987
101.70925921201706,98.79074078798294
98.80966436862946,98.33933562040329
77.44709771871567,84.09090226888657
179.95463877916336,347.85936123132706
567.0361882448196,367.0008117556572
921.4707163572311,377.01128363609314
97.92314374446869,101.13285624980927
129.8015500307083,69.43944996595383
221.01307386159897,363.70992612838745
622.4275307655334,368.38746923208237
61.602149307727814,277.6198506951332
386.1836513876915,359.85234862565994
800.6180825829506,380.62291741371155
649.7555824518204,910.8744175434113
60.02212339639664,91.45887660980225
59.69763034582138,315.2653696537018
392.6871745586395,372.07282543182373
806.1206060051918,373.4903939962387
97.11006987094879,96.81593012809753
103.46949112415314,98.12350887060165
1147.6259016990662,61.85609829425812
101.26332837343216,98.64467161893845
71.75175899267197,311.58124101161957
386.9452757835388,385.03672420978546
801.0457266569138,377.7142733335495
121.27518326044083,87.50181674957275
99.28368443250656,95.14231556653976
96.12507754564285,376.0419224500656
486.16958713531494,385.164412856102
877.658086180687,393.9899138212204
341.2404837012291,341.6485162973404
731.488984644413,379.9000153541565
1157.126447379589,384.7805526256561
92.68987965583801,90.79112035036087
127.16128116846085,307.1727188229561
460.1137845516205,349.0902154445648
873.2502524852753,358.36074751615524
93.49866986274719,87.2973301410675
78.97013181447983,42.9558681845665
94.34771567583084,89.41028434038162
98.41112190485,90.55187809467316
67.67852491140366,298.13647508621216
379.8710587620735,367.09094125032425
760.2315582633018,372.58344173431396
1177.5170296430588,382.09397035837173
93.11746823787689,91.40153175592422
70.79191136360168,363.1890886425972
434.6704494357109,371.36655056476593
840.0109388828278,362.78506112098694
98.35234773159027,89.62865227460861
719.4707591533661,391.08424085378647
1146.5352274775505,338.4837725162506
56.65364372730255,100.17935627698898
52.12510919570923,319.33889079093933
396.70664370059967,343.31235629320145
795.0291424393654,375.98985755443573
652.4636048078537,913.4453951716423
123.73347055912018,328.3415294289589
497.70397210121155,358.57302790880203
889.9154530763626,354.9735469222069
98.47884845733643,103.57615154981613
789.6172512769699,392.216748714447
645.9757396578789,907.783260345459
99.52026927471161,98.45973074436188
78.75067180395126,345.2303282022476
474.4071368575096,352.25986313819885
884.0255826711655,371.97441732883453
99.5339994430542,100.83600056171417
122.68939816951752,97.34760183095932
194.10589003562927,344.8951099514961
93.90934830904007,90.62865167856216
107.0837596654892,307.65724033117294
434.42531657218933,368.74168342351913
845.1547864079475,390.7712135910988
97.03327012062073,97.13372987508774
98.72584539651871,90.44015461206436
81.91930252313614,351.35869747400284
463.2238165140152,361.3691834807396
843.2493054270744,391.21369457244873
93.3137109875679,91.96528899669647
107.3021132349968,98.97488677501678
1183.458527624607,380.3184723854065
97.28100770711899,100.84899228811264
87.06741565465927,339.192584335804
439.83394706249237,378.8510529398918
835.230430483818,397.19556951522827
93.18185722827911,89.4291427731514
82.15328586101532,88.60571414232254
82.77194041013718,347.413059592247
485.46539956331253,345.145600438118
78.0838810801506,174.43311893939972
289.1113873720169,363.94461262226105
657.5639401078224,370.51105988025665
1077.3673831224442,407.02161687612534
94.78278976678848,93.4952102303505
53.36419355869293,319.7648064494133
364.90976071357727,328.40523928403854
786.769204556942,366.3047954440117
1188.7586878538132,376.6303121447563
108.1765404343605,301.7304595708847
448.61110961437225,380.5558903813362
120.69257390499115,132.28842610120773
273.1080788373947,371.65092116594315
609.3946841955185,377.84731578826904
1008.1611963510513,366.09780365228653
104.42761206626892,100.20138794183731
119.9540296792984,134.3419703245163
319.5725005865097,381.3334994316101
719.2109755277634,399.78902447223663
1159.8673852682114,354.67061471939087
96.09678673744202,91.40321326255798
1047.9942004680634,382.30279952287674
103.31567525863647,95.62832474708557
123.82408934831619,156.8799106478691
323.47960698604584,352.39039301872253
696.1921446323395,386.25285536050797
1095.625635445118,377.85636454820633
98.09603923559189,96.4969607591629
61.91848611831665,306.8595138788223
380.48199385404587,387.12900614738464
792.3974566459656,372.6585433483124
215.44196754693985,350.5020324587822
593.3204843997955,342.6985155940056
997.680961728096,395.0610382556915
99.22439032793045,92.27560967206955
111.93586415052414,166.54513585567474
209.11150163412094,367.8334983587265
601.8789939284325,388.566006064415
1006.2194825410843,387.1505174636841
97.43092066049576,99.01407933235168
96.03132086992264,99.0976791381836
97.4837229847908,98.5162770152092
105.63916265964508,45.711837351322174
188.07264751195908,357.2783524990082
594.6191182732582,348.25188171863556
987.255618929863,351.3173810839653
99.41203033924103,96.31096965074539
69.64147567749023,181.91352432966232
287.48297595977783,350.832024037838
700.0094164609909,339.86058354377747
1107.9618989229202,364.92810106277466
535.8393644690514,342.5496355295181
938.3288428783417,372.8191571235657
92.07727432250977,92.7927256822586
76.15971267223358,116.56228733062744
212.76022905111313,381.9437709450722
606.9347161054611,376.8612838983536
1047.294161081314,383.3908389210701
97.26560467481613,98.29039531946182
120.55001831054688,212.35698169469833
97.61452215909958,99.92347782850266
124.82494348287582,99.11905652284622
175.3884460926056,366.9255539178848
560.1739686727524,356.77003133296967
950.36745262146,359.52054738998413
93.1158509850502,94.03214901685715
55.827282071113586,159.8577179312706
239.35380959510803,336.64619040489197
651.5472580194473,381.71274197101593
1067.629713833332,403.1122861504555
105.50709676742554,95.71490323543549
1010.2005016207695,363.8734983801842
100.35588270425797,99.69911730289459
111.91930967569351,145.63669031858444
292.81681007146835,367.2391899228096
743.9542524814606,340.58374750614166
1097.5167718529701,348.07522815465927
108.26517277956009,97.19682723283768
83.84759360551834,289.3934063911438
418.0030714273453,354.3669285774231
74.38161444664001,65.54438555240631
225.14808344841003,376.073916554451
603.6195762753487,379.69542372226715
1034.7750045061111,397.3719955086708
91.19045150279999,90.1985484957695
100.7538673877716,180.37513262033463
331.9103615283966,359.2746384739876
752.1397947072983,390.43320530653
1171.352240383625,373.4637596011162
94.93362480401993,98.28937518596649
96.92201733589172,98.65098267793655
92.44943404197693,92.77356594800949
73.17890155315399,242.85809844732285
328.83546298742294,372.220537006855
746.6018980741501,392.4911019206047
1171.2573625445366,377.3166374564171
100.76678937673569,98.30821061134338
124.49623626470566,302.9857637286186
445.4487330317497,382.4772669672966
842.6972184181213,364.59978157281876
282.6126716732979,384.51732832193375
648.1572217941284,401.8427782058716
1085.7576541304588,345.90834587812424
91.72806107997894,89.53093892335892
84.75552117824554,244.2824788093567
385.0209786891937,380.34902131557465
820.8443998098373,366.6926001906395
95.07479864358902,95.40720134973526
121.30518996715546,96.19581001996994
101.88676762580872,97.1322323679924
103.8201876282692,100.9758123755455
132.14259833097458,209.11640167236328
378.87309616804123,363.7569038271904
774.954596042633,372.86040395498276
661.0360253453255,876.9819746613503
106.4695452451706,97.04845476150513
137.6999912261963,272.9850087761879
442.33749997615814,368.903500020504
844.382969558239,394.43203043937683
104.8903957605362,102.79460424184799
713.7318378686905,380.157162129879
1133.9242967367172,387.26070326566696
106.63670861721039,101.34529137611389
85.68118399381638,293.55981600284576
428.70765048265457,353.8853495121002
810.1411535143852,366.95084649324417
664.6676219701767,918.7033780217171
109.74920415878296,102.13879585266113
138.90561521053314,267.835384786129
95.50609749555588,89.80890250205994
81.1065468788147,181.7824531197548
311.1149901151657,381.94100987911224
713.0664703249931,388.3775296807289
1146.1109181642532,375.2220818400383
100.37832641601562,98.23267358541489
63.08980095386505,305.6691990494728
382.13537180423737,382.27262818813324
793.7168214917183,367.3761785030365
663.558321416378,898.2386785745621
90.66222435235977,330.3007756471634
99.65077197551727,100.44122803211212
83.51123923063278,141.15576076507568
289.68569511175156,350.62930488586426
656.6932660937309,380.08473390340805
1067.0907157063484,372.0022842884064
98.9491714835167,96.41982853412628
94.93964046239853,210.8013595342636
343.28111654520035,338.9788834452629
750.232569694519,371.76743030548096
1172.944019138813,387.9809808731079
97.58142954111099,98.64057046175003
1065.20082706213,370.33617293834686
95.560227394104,96.29177260398865
132.66062319278717,230.7093768119812
355.9651865363121,342.4238134622574
763.2506550550461,385.10134494304657
1176.2401303648949,371.16786962747574
103.37657362222672,97.75242638587952
126.97700589895248,303.5229941010475
449.72552543878555,371.25547456741333
74.3819932937622,151.67400670051575
272.27847999334335,375.3875200152397
633.0090492963791,351.9179507493973
1033.4795370697975,399.0574629306793
99.35699129104614,92.49400866031647
104.08840888738632,178.87459111213684
278.7249904870987,368.71900951862335
641.5845522880554,384.59944772720337
1066.055988729,399.07401126623154
101.26746279001236,98.12153720855713
932.2018840909004,54.00211590528488
97.69033592939377,98.23566406965256
119.73475283384323,92.43124717473984
207.37226152420044,377.1447384953499
580.7518097162247,384.98919028043747
1006.0182532072067,374.4817467927933
98.65568202733994,96.95531797409058
63.534138441085815,196.3728615641594
278.0046325325966,365.82836747169495
639.8461811542511,403.82081884145737
70.13175457715988,335.6462454199791
413.5652840733528,375.1567159295082
807.8137711882591,382.75922882556915
91.98822700977325,93.12277299165726
175.12565183639526,89.22634816169739
152.69025093317032,291.27374905347824
432.7897797226906,386.6912202835083
846.3722281455994,384.25777184963226
105.82465040683746,111.30534958839417
94.51710921525955,88.94589078426361
97.154505610466,97.12349438667297
74.69894933700562,101.00405067205429
62.81844502687454,311.58855497837067
427.3628975749016,392.8221024274826
844.7973467707634,395.66565322875977
100.78674042224884,102.80625957250595
127.016148686409,99.94685131311417
161.4866365790367,387.309363424778
544.8291521072388,380.4488478899002
959.7246156930923,391.145384311676
420.60301196575165,395.30498802661896
836.6294710040092,393.7405290007591
107.45186769962311,100.56613230705261
79.38635438680649,99.22564560174942
103.63392221927643,339.2720777988434
481.1614437699318,371.28355622291565
849.5769844055176,385.36801558732986
106.41738975048065,101.48961025476456
112.33279436826706,97.35220563411713
102.0074172616005,98.86258274316788
103.49681967496872,98.7251803278923
101.745236992836,270.8287630081177
370.6237773299217,362.93122267723083
760.4832835197449,374.1097164750099
1169.23176497221,371.6012350320816
104.66520357131958,98.3167964220047
124.11763978004456,288.3633602261543
449.4031510949135,362.02184891700745
854.1706182360649,386.0143817663193
102.56702584028244,100.21097415685654
743.2224299907684,374.8875700235367
1144.119928598404,394.2130714058876
93.20235800743103,89.26164197921753
103.61682814359665,286.69817185401917
433.21726167201996,375.98573833703995
837.0587399601936,401.40426003932953
98.89915078878403,93.59984922409058
48.518808484077454,96.37019151449203
67.2302697300911,346.9547302722931
98.29372185468674,100.70627814531326
73.17212754487991,231.38287246227264
324.0126177072525,374.5053822994232
709.058128297329,390.05287170410156
1139.9185658693314,403.7494341135025
102.05497080087662,98.20402920246124
120.91439205408096,293.8626079559326
416.5329537987709,365.2630462050438
806.2634503245354,381.43954968452454
661.2899243831635,928.2650756239891
88.74593305587769,340.5130669474602
97.30940562486649,100.079594373703
107.50186508893967,141.1641349196434
275.12138801813126,378.8226119875908
652.110907793045,391.2220922112465
1068.5813733935356,384.7326266169548
98.64484280347824,99.78115719556808
76.9493156671524,224.68068432807922
319.04981195926666,384.08018803596497
711.5943156480789,392.97968435287476
1139.0467475056648,403.4712525010109
99.48116356134415,98.53783643245697
993.3036473989487,377.60435259342194
105.51507216691971,113.24492782354355
79.33755767345428,185.16244232654572
268.78902292251587,392.5809770822525
639.1865892410278,390.09141075611115
1033.6020857691765,382.4719142317772
98.36954593658447,97.46445405483246
117.78396046161652,179.47503954172134
311.95847457647324,364.54152542352676
71.57798755168915,99.20101243257523
104.1595448255539,372.2104551792145
459.6670780777931,403.7409219145775
878.6385283470154,383.69547164440155
99.86896252632141,99.07603746652603
65.7464320063591,70.97556799650192
152.67993885278702,405.89306116104126
531.5214478969574,396.71955209970474
941.2329320907593,420.1190679073334
105.12937659025192,103.66662341356277
97.50779289007187,91.88120710849762
100.12619668245316,95.15080332756042
66.94964796304703,52.95835202932358
113.53134775161743,299.63565224409103
424.8358143568039,394.2381856441498
831.4912847876549,403.13871520757675
102.98075819015503,104.88924181461334
62.34785842895508,355.17014157772064
425.91233026981354,404.18066972494125
98.67879945039749,138.08020055294037
273.26025390625,387.29374611377716
639.5658031105995,406.91619688272476
1066.7952456474304,403.07475435733795
98.59871286153793,98.5302871465683
86.23620158433914,223.24379843473434
307.9487161040306,398.1432839035988
716.6411858201027,383.69181418418884
1137.001640200615,411.554359793663
99.41703349351883,96.93496650457382
98.92342507839203,98.68657493591309
100.72782123088837,96.64217877388
126.92121648788452,228.37578350305557
353.22472804784775,397.38627195358276
752.900213599205,403.5077863931656
1165.555680334568,387.61131966114044
60.89717078208923,99.7328292131424
119.75659310817719,296.8364068865776
456.81903797388077,394.4759619832039
846.3645313382149,401.6904686689377
308.6129335165024,370.90506649017334
982.0284205675125,152.61957943439484
1103.7959234714508,404.53707653284073
98.41432654857635,97.233673453331
77.10779738426208,278.2632026076317
368.81933307647705,387.402666926384
763.4758221507072,402.41417783498764
1179.7792905569077,403.62770944833755
99.2687760591507,96.62022393941879
95.6471797823906,93.16782021522522
98.28358507156372,97.3264149427414
84.03304636478424,207.85595363378525
308.54056137800217,370.9044386148453
707.1780509352684,406.76594907045364
1119.5385227799416,409.09147721529007
94.9529436826706,90.97305631637573
127.44235444068909,267.98364555835724
406.2468844652176,413.3281155228615
761.8844667077065,407.1535332798958
1188.90991127491,381.90408873558044
629.7693239450455,378.210676074028
1000.2958834171295,397.315116584301
100.78531622886658,95.7886837720871
126.31359434127808,170.63040566444397
289.6766216158867,410.7303783893585
639.5017194747925,422.7022805213928
1060.3637112379074,412.8212887644768
98.13268703222275,92.79331296682358
75.38463723659515,236.13436275720596
100.69162559509277,100.93837440013885
126.64653849601746,55.187461495399475
180.17454385757446,394.15845614671707
532.1296300292015,396.01936995983124
940.3436144590378,416.60038554668427
95.8915263414383,95.33147364854813
102.62345480918884,140.0055451989174
271.02341318130493,374.7915868163109
641.199470281601,402.28152972459793
1041.9144706130028,405.0855293869972
100.86844956874847,99.81655043363571
904.860361635685,397.13963836431503
99.40727680921555,100.38872319459915
70.60321867465973,126.35978132486343
187.68724751472473,406.57175248861313
563.5132772922516,408.20872271060944
993.5602341294289,395.198765873909
98.68115299940109,97.85584700107574
81.10012131929398,189.40087866783142
270.6651406288147,371.8538593649864
169.8611428141594,100.36185717582703
105.7792837023735,312.29471629858017
438.56727427244186,379.95172572135925
836.7262442111969,393.21875578165054
99.9391593337059,98.67184066772461
108.98708033561707,97.66091966629028
154.2940737605095,393.0209262371063
531.3601043224335,391.7148956656456
955.3330543637276,400.3339456319809
95.52800327539444,98.86099672317505
97.27891671657562,98.70208328962326
95.65983229875565,98.74716770648956
70.98482406139374,99.3481759428978
86.75491672754288,373.7080832719803
430.32100903987885,389.49399095773697
841.9429686069489,393.6130313873291
97.87887769937515,101.02812230587006
112.98181110620499,97.83418887853622
92.62195485830307,372.1570451259613
464.3539869785309,408.8130130171776
71.64294254779816,229.45005744695663
321.02393704652786,381.6620629429817
706.0889347791672,401.4110652208328
1124.320907175541,395.73409283161163
99.49781769514084,94.11218231916428
123.19377076625824,294.60222923755646
420.48176860809326,398.53723138570786
825.0297483205795,399.5072516798973
99.89171415567398,102.16328585147858
107.67968255281448,99.61631745100021
98.56076711416245,98.7912328839302
101.1636775135994,100.91032248735428
80.00664639472961,225.34535360336304
318.7766721844673,390.38932782411575
703.8986976742744,404.89730232954025
1109.2416653633118,406.25833463668823
91.80758136510849,91.35841864347458
77.07756644487381,295.737433552742
400.03255009651184,401.3194499015808
757.2286297678947,392.5313702225685
194.25659960508347,396.5024003982544
547.4527068734169,404.28829312324524
983.2586132287979,416.2593867778778
90.71358317136765,92.11941683292389
95.81652110815048,160.3494789004326
256.51154720783234,404.48745280504227
627.1155928969383,414.95840710401535
994.829663336277,408.7823366522789
99.32058948278427,93.19741052389145
90.6835566163063,186.44644337892532
101.04555749893188,99.12044250965118
84.66753834486008,97.83346164226532
80.9926825761795,352.47031742334366
423.7247339487076,394.38626605272293
829.4396936893463,422.8943063020706
94.02361792325974,94.53238207101822
78.6266018152237,40.244398176670074
96.04475086927414,329.6222491264343
428.5917883515358,385.1122116446495
839.6947504281998,397.23124957084656
302.44567054510117,396.017329454422
710.9936497807503,400.6543502211571
1118.7806192040443,411.9413807988167
94.84754663705826,100.412453353405
79.67153114080429,303.56846886873245
405.42362201213837,368.1323779821396
747.2116411328316,400.8623588681221
1158.3706294894218,406.40837049484253
59.93661588430405,99.82338410615921
74.53862977027893,304.83137023448944
94.91961473226547,98.91338527202606
130.1335232257843,94.95847678184509
247.82854068279266,386.57745933532715
592.9516362547874,388.6783637404442
994.7756346464157,407.27936536073685
106.8605922460556,107.95440775156021
99.20456570386887,159.59243428707123
263.0105767250061,395.52642327547073
621.9656381607056,417.0163618326187
999.7727002501488,392.1712997555733
422.04269391298294,401.05030608177185
898.7186790704727,333.85532093048096
100.3216518163681,105.03034818172455
100.20262163877487,94.3713783621788
73.06578665971756,356.5832133293152
421.40877026319504,403.88822972774506
828.640745818615,403.2102541923523
95.81771510839462,104.14428490400314
103.45867854356766,95.67132145166397
56.338863492012024,352.25313651561737
98.4788110256195,97.70618897676468
106.47076660394669,140.0292333960533
268.07378911972046,390.593210875988
634.0288532376289,412.54514676332474
1038.2248445153236,408.38715547323227
100.42081528902054,98.48718470335007
65.67173761129379,248.4222623705864
325.77476066350937,403.0772393345833
711.061752974987,404.82624703645706
1118.0167370438576,393.50226294994354
539.3607236146927,386.26927638053894
947.6667169332504,407.4812830686569
99.2146720290184,113.4893279671669
119.24359369277954,115.77440631389618
192.3836984038353,372.2083016037941
586.0416957736015,404.55030423402786
989.0706876516342,409.8173123598099
95.43364369869232,96.23435628414154
62.46261578798294,193.22338420152664
267.39761132001877,390.91738867759705
98.7047808766365,98.09121912717819
114.60473799705505,288.11826199293137
412.59575897455215,397.88524103164673
824.9027294516563,419.02327054739
102.37569308280945,103.2723069190979
121.45966333150864,100.29833668470383
104.10082387924194,306.7691761255264
416.75881946086884,385.70318055152893
823.5108053684235,398.61919462680817
104.55778533220291,81.21921467781067
647.2347881793976,410.39521181583405
1075.4857349395752,405.1062650680542
93.95871394872665,93.42928606271744
82.24772334098816,215.25327664613724
339.10867190361023,410.7053281068802
706.7687286734581,411.1392713189125
1118.6667080521584,396.72129195928574
100.4186378121376,98.84036219120026
78.26162981987,309.23837018013
398.5316066145897,394.4313933849335
106.37561511993408,103.29138487577438
195.88566082715988,375.595339179039
569.5817074775696,405.3072925209999
985.0546752214432,412.4273247718811
98.45364838838577,100.78735160827637
101.1485840678215,134.2394159436226
269.36356991529465,388.82243007421494
638.4476181268692,389.3293818831444
1002.5327092409134,409.8382907509804
99.87562471628189,101.27237528562546
895.868535220623,402.1504647731781
99.65548408031464,101.25151592493057
77.3884796500206,70.98152035474777
158.63949590921402,386.04550409317017
536.3905160427094,400.5534839630127
939.0865163803101,412.43248361349106
101.46746438741684,108.21853560209274
73.73644572496414,104.07855427265167
195.4134710431099,392.43852895498276
554.5715587735176,407.2614412307739
80.15654253959656,295.3064574599266
355.1306028366089,383.59239715337753
758.6585879325867,402.45241206884384
1165.9845737814903,409.5714262127876
63.828590512275696,102.28340947628021
93.59659165143967,273.5694083571434
403.44158148765564,370.46641850471497
767.5626404881477,406.4003595113754
1196.961594581604,384.4634054303169
91.75304961204529,357.67295038700104
100.54107576608658,96.30992424488068
129.2179998755455,171.7810001373291
306.72903448343277,378.1599655151367
704.369015455246,382.5189845561981
1113.731995999813,401.2510039806366
92.53791999816895,90.72108000516891
65.0489050745964,321.60009491443634
357.90997564792633,374.4040243625641
766.7909433245659,415.44905668497086
1193.4678947329521,408.4581052660942
50.96449929475784,343.4805006980896
99.49242347478867,111.61857652664185
88.05838298797607,159.88661700487137
267.19839549064636,381.50560450553894
640.2084463238716,397.03155368566513
1040.811458170414,391.244541823864
98.89645791053772,100.01154208183289
68.53637158870697,230.51962840557098
297.5284087061882,406.0645912885666
640.8355383276939,391.96146166324615
1044.7155200242996,418.35847997665405
462.28150606155396,57.08849394321442
880.6434721946716,414.61552780866623
100.56140583753586,102.51259416341782
115.68335914611816,53.96564084291458
153.32339042425156,402.7326095700264
527.8324308395386,411.1675691604614
939.1214209794998,389.7865790128708
98.98337346315384,104.62762653827667
77.88334512710571,124.76565486192703
203.5413771867752,381.5516228079796
102.32942169904709,99.6515783071518
118.28436267375946,290.5676373243332
404.01739341020584,395.1316065788269
784.8604741692543,404.5285258293152
1158.927491426468,393.53550857305527
98.15949493646622,101.76650506258011
72.02152842283249,303.4784715771675
349.5135924220085,401.56040757894516
761.3935523629189,413.58744764328003
1177.0715402960777,409.4284597039223
612.1554664969444,59.88153350353241
1038.4254242777824,412.4085757136345
102.36138361692429,101.76761639118195
74.24132686853409,230.64667314291
315.7893468141556,395.11765319108963
701.5403476953506,416.23765230178833
1118.754326403141,398.8756735920906
99.74624556303024,101.21575444936752
114.44217365980148,300.5398263335228
462.11926501989365,366.45473498106
66.6852548122406,130.24074518680573
195.88127118349075,400.71172881126404
566.484323143959,404.4426768422127
993.6232653260231,389.5797346830368
99.35522538423538,102.66277462244034
61.569194972515106,179.80080503225327
256.72820633649826,381.6237936615944
636.6832374930382,409.8167625069618
1007.583328962326,386.80667102336884
100.39027208089828,98.46272790431976
872.7151973843575,59.155802607536316
98.22414410114288,100.256855905056
124.38312017917633,98.31987982988358
143.17112147808075,379.1618785262108
523.8661437630653,409.281856238842
957.451145708561,402.7708542943001
98.36911833286285,99.33388167619705
74.8610543012619,119.28694570064545
196.31608766317368,389.75791233778
568.6591234207153,398.80287659168243
70.55915409326553,283.60784590244293
362.60720187425613,396.18979811668396
759.5981867313385,396.8838132619858
1160.9971920847893,416.11380791664124
98.87820774316788,99.76979225873947
114.62914484739304,296.7228551506996
388.6202075481415,408.989792406559
758.7612555027008,409.47974449396133
1172.753248512745,401.3767514824867
100.28218024969101,98.75481975078583
1055.0320998430252,57.33690017461777
102.4510902762413,98.15990972518921
75.36903703212738,222.39096295833588
306.6010562181473,397.7879437804222
697.0550622344017,410.7219377756119
1114.4360479712486,389.7109520435333
101.87297284603119,113.46002715826035
81.84596991539001,289.52403008937836
355.486015856266,385.68098413944244
763.0519871711731,403.39301282167435
193.63597965240479,398.51202034950256
564.2400242686272,403.8529757261276
978.8049986362457,418.71300137043
96.09397619962692,100.25802379846573
103.91791689395905,132.54408311843872
238.74394887685776,391.0160511136055
585.1800560355186,409.5419439673424
1005.0610228180885,395.71697717905045
105.1079905629158,102.55900943279266
102.28593599796295,98.45506399869919
99.55485713481903,101.33414286375046
66.19481009244919,78.21318989992142
149.07582169771194,375.4621782898903
535.6048378944397,407.3031620979309
926.0228478908539,422.4591521024704
100.58876585960388,106.13423413038254
119.02467978000641,104.84632021188736
238.27568972110748,401.05831027030945
569.5828304290771,413.4911695718765
990.5187805891037,410.11121940612793
416.36276292800903,389.6752370595932
823.9277430176735,411.6462569832802
99.32771641016006,101.45028358697891
128.9116876721382,98.55131232738495
76.99585419893265,343.8741458058357
422.95085018873215,394.6781498193741
826.8318317532539,405.3161682486534
118.26881861686707,75.06518137454987
98.29800069332123,93.57299929857254
105.76992177963257,100.52507823705673
109.37384742498398,117.20115256309509
119.1247787475586,175.39422124624252
255.9128897190094,385.64211028814316
624.7379424571991,409.8550575375557
990.6750258207321,407.6589741706848
102.18398582935333,103.27901417016983
73.23194432258606,191.75005567073822
256.4089411497116,387.4980588555336
633.8639839291573,416.7840160727501
1039.8189852237701,400.5330147743225
460.4589794874191,403.3740205168724
864.597958445549,411.9940415620804
99.62790262699127,99.0390973687172
114.11886811256409,101.30613189935684
143.2598739862442,398.4631260037422
525.510894536972,413.2491054534912
934.8538890480995,409.7391109466553
100.90185886621475,102.91314113140106
73.44982278347015,123.25517719984055
100.97783535718918,100.5031646490097
60.265884578228,101.6221154332161
82.10987442731857,295.13112556934357
389.45387518405914,410.009124815464
758.833937048912,400.4070629477501
1169.2699294686317,397.8960705399513
99.8369579911232,101.20004200935364
66.42096298933029,349.8570370078087
412.39392828941345,389.0310717225075
758.6080188155174,418.705981194973
1178.6929875016212,412.69601249694824
612.4249240159988,401.4270759820938
1000.6389691829681,420.23103082180023
97.79794788360596,97.6650521159172
60.62291967868805,177.35908031463623
259.74491316080093,400.71808683872223
629.3289630413055,415.28203696012497
1002.8950330018997,411.47496700286865
95.81297528743744,98.44602471590042
119.23090016841888,183.80709981918335
100.88893055915833,98.537069439888
114.36185932159424,96.63714069128036
133.6318525671959,413.4791474342346
527.0308648943901,413.5801351070404
927.1158705353737,397.42112946510315
96.44083225727081,92.9661677479744
79.58080571889877,126.34519428014755
182.72082787752151,403.74217212200165
587.5827978253365,410.12020218372345
998.7967776656151,398.1842223405838
98.08571976423264,97.32228022813797
880.9466431736946,411.42335683107376
100.4576113820076,99.35738861560822
114.50557124614716,97.71642875671387
144.16358357667923,394.31841641664505
532.2665956020355,400.4374043941498
933.8325805664062,409.05641943216324
103.63953816890717,96.26846182346344
73.6125111579895,110.77648884057999
201.1775614619255,368.9144385457039
102.02157962322235,99.45942038297653
120.99452692270279,287.65247309207916
424.74651551246643,384.12448447942734
823.8865035176277,408.6134964823723
110.45248556137085,79.8995144367218
123.98143535852432,93.1485646367073
123.67658483982086,294.02741515636444
448.2795974612236,376.6454025506973
823.5125786066055,412.7104213833809
662.855553984642,958.8114460110664
99.86652565002441,103.55947434902191
1095.5244542360306,416.752545773983
98.51638501882553,98.816614985466
80.15635675191879,296.7136432528496
347.5374071598053,413.3705928325653
745.0284858345985,417.8965141773224
1118.8164817094803,416.608518242836
96.93943279981613,91.32056719064713
64.65245294570923,285.51354706287384
356.27448731660843,382.91051268577576
74.1925442814827,65.52945572137833
80.14770251512527,389.612297475338
458.62073743343353,386.3982625603676
863.3347253799438,393.5912746191025
104.58565348386765,98.19234651327133
128.05962800979614,100.70037198066711
89.45879799127579,356.85620200634
466.857809484005,403.55019050836563
868.9237878918648,409.09521210193634
101.47173750400543,97.25126248598099
99.499660551548,98.64833945035934
1168.3435923457146,425.97040766477585
106.18763422966003,114.60836577415466
119.14257192611694,286.9324280619621
356.8187053203583,401.8292946815491
769.4966751933098,408.4853248000145
1163.394681274891,419.1973187327385
93.77579063177109,89.85320937633514
61.80575728416443,305.4362426996231
356.83379405736923,396.9992059469223
122.91884642839432,97.41515356302261
144.29885107278824,394.330148935318
532.0688621401787,402.87513786554337
929.2648704648018,416.828129529953
99.03479528427124,102.52120471000671
129.47071105241776,111.91928893327713
229.31373673677444,384.46326327323914
569.1208622455597,414.4721377491951
990.5208184123039,409.16518157720566
105.53080028295517,101.85819971561432
104.3377332687378,103.99726670980453
105.05065363645554,106.74534636735916
115.65359002351761,93.14240998029709
87.84975743293762,374.20624256134033
460.600771009922,405.0102289915085
857.6297742128372,410.6662257909775
106.30669289827347,102.71230709552765
80.40966665744781,58.183333337306976
144.27167105674744,376.02432894706726
529.4116903543472,403.1253096461296
137.1066745519638,221.96632546186447
349.89570409059525,402.19729590415955
735.3137062191963,399.5022937655449
1123.7127349972725,414.41726499795914
101.90766775608063,99.24033224582672
117.34460908174515,303.17439091205597
357.66974300146103,396.3672569990158
762.9767127633095,420.2272872328758
1166.7457204461098,400.66127955913544
99.08874553442001,96.44725447893143
103.52566385269165,95.60333615541458
105.42459088563919,97.1674091219902
140.60152304172516,170.12047696113586
241.1126590371132,413.4793409705162
612.3817149400711,424.1362850666046
1003.5777428746223,421.570257127285
101.12467271089554,100.85632729530334
131.17160898447037,174.4943910241127
308.0896061658859,399.335393846035
701.7486096024513,393.6033903956413
146.2965853214264,391.5004146695137
502.0656213760376,416.8413786292076
918.3535924553871,407.8684075474739
102.12354320287704,100.30245679616928
77.37450289726257,123.55149710178375
178.62553584575653,410.3934641480446
557.0805761218071,408.2154238820076
982.2205367684364,413.26146322488785
101.17549878358841,99.97250121831894
105.00045019388199,135.0735498070717
100.04843264818192,102.24856734275818
107.03940552473068,95.49659448862076
58.1796270608902,342.57937294244766
427.2275850176811,379.79141497612
818.9775619506836,401.4844380617142
108.84052580595016,78.38147419691086
57.42449468374252,59.2975053191185
111.17667132616043,302.0273286700249
386.05672031641006,391.9062796831131
760.9377579092979,423.95124208927155
180.89278012514114,399.7742198705673
565.1068066954613,415.0411933064461
980.1167743802071,405.49422562122345
106.84974777698517,104.57625222206116
65.87868958711624,182.69531041383743
255.11068844795227,396.6673115491867
676.4367423653603,373.5262576341629
1045.5768277049065,373.92417228221893
90.23474723100662,64.11725276708603
126.1146502494812,170.55134975910187
111.5326099395752,56.63339006900787
117.89549404382706,65.82650595903397
218.3135250210762,376.9644749760628
614.4895288944244,378.71347111463547
1066.8334603905678,366.27753961086273
89.45434927940369,65.54465073347092
72.31727510690689,262.81272488832474
383.5682125091553,365.17178750038147
826.9851384162903,361.4408616423607
104.31102067232132,70.74397933483124
684.988042652607,379.9559573531151
1043.8319981694221,442.18700182437897
88.11888599395752,84.56511396169662
69.87079668045044,306.72220331430435
440.80775797367096,359.4522420167923
898.0396727919579,345.18232721090317
87.16057461500168,39.45042538642883
59.115495681762695,99.21850430965424
229.01448518037796,343.7255148291588
617.8025060296059,361.80849397182465
93.36845028400421,307.39054971933365
412.120410323143,385.8805896639824
861.9633545279503,387.38864547014236
84.86327278614044,82.581727206707
69.83625543117523,55.107744574546814
180.08816766738892,358.46883231401443
615.5051101446152,369.51288986206055
975.6450641751289,446.3189358115196
85.3219826221466,86.91901737451553
87.81386893987656,84.50113105773926
85.67579436302185,88.91620564460754
104.42671948671341,99.4812805056572
228.89972931146622,375.9142706990242
660.1696506142616,381.1633493900299
1044.2726520895958,410.4313479065895
88.63457435369492,85.12442564964294
75.38651728630066,248.35448271036148
386.4694557785988,363.71454423666
810.073388159275,383.370611846447
87.30530375242233,95.71269625425339
689.6682564616203,360.2397435307503
1089.3821429014206,428.9888570904732
85.37302696704865,85.97797304391861
30.920998215675354,375.07900178432465
462.0239387154579,385.05006128549576
900.9778317809105,381.4291682243347
83.63775336742401,83.86324661970139
78.25869262218475,82.31630736589432
208.91764509677887,393.30535489320755
84.42765599489212,86.591343998909
66.88158649206161,365.06241351366043
474.4475302696228,374.42246973514557
914.9214718341827,384.1155281662941
86.91335266828537,89.60564732551575
68.9412670135498,130.79873299598694
219.19229608774185,376.99270391464233
670.926203429699,379.2967965602875
1041.7691624760628,429.54583752155304
84.37209963798523,88.73890036344528
86.52997982501984,84.97002017498016
84.3738711476326,100.4231288433075
59.4767901301384,209.96820986270905
292.7837956547737,378.58620434999466
690.0348224043846,358.8721776008606
1097.6377003788948,428.4742996096611
85.62959486246109,84.72240513563156
65.71351236104965,346.5644876360893
446.8344981074333,378.34950190782547
906.2153866291046,396.1736133694649
333.503360748291,367.4036392569542
785.2362770438194,357.35672295093536
1153.7102358937263,401.47576409578323
85.81323623657227,87.5577637553215
64.71115493774414,352.5098450779915
464.5741560459137,372.27784395217896
863.8250426054001,426.6569573879242
85.77992922067642,87.05407077074051
68.10381764173508,138.63618236780167
227.91084057092667,365.29215943813324
87.47788977622986,85.09611022472382
34.41381412744522,416.2901858687401
462.7577430009842,397.8162569999695
872.9706725478172,429.2693274617195
84.49958741664886,92.6664125919342
68.91748708486557,120.9535129070282
197.9285210967064,399.99847888946533
644.6414301395416,404.52456986904144
1031.226392865181,434.329607129097
84.12533712387085,84.44866287708282
929.0802194476128,410.03078055381775
89.77514201402664,89.00185799598694
92.93503803014755,158.43596196174622
292.5010198354721,358.5919801592827
675.5100790262222,362.2299209833145
1062.3909962773323,428.9230037331581
86.93788713216782,85.50611287355423
70.35584896802902,295.6431510448456
390.49687868356705,380.70712131261826
773.6178161501884,419.06818383932114
301.294730424881,341.81626957654953
620.767746090889,404.97325390577316
1002.8897926807404,422.62920731306076
88.12268286943436,85.97031712532043
81.39164263010025,241.18235737085342
399.62354677915573,373.7094532251358
764.430485367775,427.6055146455765
98.3113683462143,92.50363165140152
54.8772879242897,60.14071208238602
85.98036485910416,86.88963514566422
88.30524617433548,85.41675382852554
32.908128559589386,366.72187143564224
460.32505536079407,376.9149446487427
863.7249394059181,423.1820605993271
85.08684653043747,86.41315346956253
117.76373088359833,85.97626912593842
186.45973747968674,415.6692625284195
612.8036792874336,408.86332070827484
1002.3317015767097,429.05629843473434
84.4905896782875,84.120410323143
914.5744767189026,426.77652329206467
88.12136232852936,93.2296376824379
53.44725227355957,193.5157477259636
282.4952424168587,389.41275757551193
632.2272832393646,427.4947167634964
1084.5341712236404,417.53982877731323
54.878053069114685,86.47494691610336
92.68403548002243,311.77896451950073
458.7679550051689,359.50904500484467
114.88988608121872,149.27711391448975
335.8257954120636,379.6742045879364
726.0957255363464,427.3302744626999
88.45876210927963,85.61623787879944
88.72668814659119,88.38431185483932
58.922624349594116,352.9103756546974
489.87756711244583,353.3254328966141
855.7955149412155,417.6304850578308
88.75040125846863,88.69459873437881
87.5752843618393,86.77671563625336
96.25116974115372,86.9148302078247
87.63209915161133,83.40490084886551
106.6981749534607,371.5048250555992
453.63517689704895,425.47582310438156
879.7931144833565,438.61388552188873
90.50803136825562,89.88096863031387
75.25894993543625,137.31605005264282
192.82497936487198,403.8420206308365
619.5568934082985,429.18310660123825
1056.4748509526253,438.84014904499054
489.31775164604187,415.18124836683273
894.0317457914352,429.65325421094894
90.78262794017792,91.7353720664978
109.92351579666138,132.48448419570923
304.19247698783875,369.21452301740646
628.8695189356804,422.4074810743332
1081.6024001836777,435.23059982061386
89.65028929710388,88.64571070671082
56.36417615413666,379.0808238387108
87.54112136363983,86.12587863206863
62.66201686859131,237.61598312854767
368.5979713797569,357.06902861595154
744.7199100852013,413.5210899114609
1163.1188724637032,434.1591275334358
93.0739181637764,91.18608182668686
54.972844779491425,358.98915523290634
434.8357951641083,404.9432048201561
854.4567399024963,423.2652601003647
88.15262246131897,90.05137753486633
87.1435090303421,91.04149097204208
100.30239343643188,85.21660655736923
86.5084964632988,343.84350353479385
460.4443938136101,414.09260618686676
888.1583233475685,410.19367665052414
100.18720757961273,90.70079243183136
87.4940949678421,168.58090502023697
244.74505484104156,419.8289451599121
625.5140734314919,413.0219265818596
79.4690750837326,375.67892491817474
443.36809289455414,436.01990711688995
864.3410243391991,435.324975669384
87.75993633270264,91.24106365442276
67.56581926345825,137.74818074703217
219.57576805353165,414.03523194789886
608.2157824635506,428.7462175488472
1037.2637244462967,415.754275560379
88.03266191482544,88.9113380908966
124.09956014156342,236.6044398546219
90.79455798864365,85.89044201374054
72.56449592113495,122.71350407600403
219.3524330854416,408.1475669145584
605.9364265203476,439.5445734858513
1036.114388525486,428.1826114654541
86.56832820177078,85.80167180299759
90.00523352622986,278.60676646232605
337.49721997976303,421.7257800102234
762.8221552968025,432.7898446917534
97.14709931612015,98.09390068054199
618.6200574040413,439.4719426035881
1074.46394187212,434.8320581316948
85.95584601163864,84.13715398311615
60.28074651956558,344.3112534880638
413.05071997642517,418.15328001976013
849.1166199445724,442.08738005161285
87.62650454044342,83.3924954533577
74.95145511627197,117.53054487705231
174.98042249679565,421.5565775036812
601.9713528752327,434.67564713954926
64.88940274715424,338.99859726428986
406.4194051027298,419.45159488916397
833.8543209433556,417.5896790623665
88.10620099306107,90.1527990102768
113.61708396673203,68.53191602230072
170.33011519908905,433.0408847928047
553.3591240048409,432.9738759994507
992.4620591402054,425.8149408698082
90.0459555387497,86.71204447746277
90.7978390455246,85.31416094303131
90.51172423362732,90.11827576160431
95.28061765432358,153.3123823404312
242.05060201883316,421.5053979754448
626.0056214928627,430.5873785018921
1078.1825051903725,434.706494808197
89.78539198637009,88.67760801315308
113.38731426000595,309.537685751915
408.10229736566544,402.99070262908936
846.0011938214302,437.2958061695099
89.08507341146469,87.37792658805847
765.2999584674835,437.6450415253639
93.32884395122528,96.7451560497284
54.745746314525604,93.662253677845
118.14470851421356,408.410291492939
509.544714987278,431.4182850122452
949.9436193108559,438.6493806838989
87.9344996213913,85.21250039339066
96.59338170289993,215.60961830615997
337.3633089065552,405.37769109010696
62.55824261903763,128.4787573814392
160.60627126693726,428.18972873687744
553.375271499157,430.3837285041809
989.6821994781494,436.77980053424835
90.1011261343956,88.6958738565445
74.27706217765808,239.68593782186508
270.9910855293274,437.97191447019577
683.6310569047928,431.6279430985451
1149.0670021772385,383.3769978284836
58.911947190761566,88.14505279064178
87.6248334646225,90.28216654062271
88.93171721696854,89.56828278303146
86.21967083215714,219.18732917308807
324.95263236761093,435.12136763334274
747.8705700039864,429.5924299955368
649.1214517951012,950.5835481882095
77.6350405216217,381.1429594755173
451.8859875202179,416.8180124759674
863.7659240365028,469.8630759716034
90.86883062124252,88.9451693892479
90.6207166314125,90.5832833647728
93.05659919977188,89.20240080356598
76.07765287160873,401.10834711790085
146.45768719911575,700.4493128061295
845.968636572361,456.06836342811584
93.16352486610413,90.02147513628006
72.30442065000534,132.71457934379578
199.2033697962761,445.25963020324707
585.9363861680031,466.4346138238907
1027.3343269824982,466.0176730155945
455.9752760529518,455.0437239408493
858.2072567939758,468.07074320316315
114.62515473365784,86.33784526586533
76.3390788435936,126.30892115831375
222.86800169944763,434.039998292923
658.0448843240738,452.51111567020416
1113.313772380352,475.7042276263237
93.28768938779831,88.15731060504913
69.46463012695312,365.59136986732483
94.67856115102768,94.65543884038925
75.39252203702927,241.64447796344757
293.25446850061417,453.76353150606155
717.9504019618034,477.5125980377197
1176.7942852377892,468.4657147526741
73.44430112838745,344.1116988658905
419.3802680373192,460.7857319712639
842.6121957302094,466.8498042821884
89.99308377504349,86.37591624259949
88.39296960830688,84.5890303850174
647.2728794813156,999.3751205205917
104.17549419403076,347.3795058131218
410.8354814648628,463.6095185279846
846.0484188199043,442.6725811958313
92.61431455612183,93.64468544721603
67.82920753955841,119.33779245615005
170.8572329878807,422.90176701545715
584.9781759977341,440.7618240118027
996.5641563534737,437.6038436293602
94.99908477067947,88.42691522836685
881.8609991669655,467.86100083589554
94.20590806007385,89.03509193658829
125.43780028820038,122.61819970607758
209.87479001283646,455.792209982872
658.0886859297752,459.7453140616417
1101.969574689865,485.99442529678345
94.12648552656174,90.02051448822021
117.082395195961,288.3436048030853
436.53633803129196,439.09266197681427
864.3612787723541,438.73072123527527
325.63118928670883,429.34981071949005
746.6231265664101,421.59887343645096
1153.6891748309135,429.2368251681328
60.107176065444946,92.96682393550873
79.2840878367424,347.2899121642113
432.36803126335144,415.5569687485695
837.5270110368729,423.0279889702797
92.07389831542969,93.18610167503357
63.37978774309158,122.76821225881577
92.2987751364708,91.794224858284
99.58680456876755,92.00619542598724
79.35674333572388,348.27425664663315
432.2746792435646,436.28232073783875
846.8776519298553,424.0863480567932
91.73853552341461,95.8724644780159
72.41541957855225,131.88058042526245
174.11143934726715,426.7405606508255
596.9183683395386,431.2486316561699
1034.1323485970497,429.663651406765
94.14235359430313,92.70964640378952
875.8752452135086,453.2367547750473
91.82912969589233,89.54087030887604
80.89607858657837,123.65992140769958
214.48001146316528,452.03898853063583
609.397010922432,454.58398908376694
1008.7970227003098,441.1849772930145
92.12191182374954,92.24808818101883
81.74383091926575,297.66316908597946
305.3828743696213,443.9871256351471
77.2828061580658,118.0131938457489
184.25574123859406,438.92925876379013
541.7288221716881,457.9741778373718
999.92470318079,459.4082968235016
93.97258514165878,92.2124148607254
59.98249137401581,315.8515086174011
305.23353922367096,445.56346076726913
749.4474508166313,430.23754918575287
635.1063493490219,989.6906506419182
95.91228640079498,90.93871361017227
96.47835958003998,95.98464041948318
95.06224691867828,96.9187530875206
71.53613322973251,288.6678667664528
383.1951141357422,423.84288585186005
793.8900570869446,418.46194291114807
1181.6970265507698,446.65497344732285
64.8955220580101,414.4194779396057
453.5355095267296,427.3534904718399
878.8794433474541,436.3055566549301
86.63032329082489,91.90667670965195
87.17720711231232,91.28479290008545
87.28009420633316,87.92390578985214
65.82800722122192,88.15399277210236
129.48600494861603,419.013995051384
563.718935072422,426.65106493234634
986.9328630566597,435.12313693761826
88.03477311134338,85.40922689437866
75.47169148921967,240.62030851840973
331.6116222143173,425.5183777809143
754.6775580644608,433.4524419307709
90.89143943786621,88.58956056833267
655.031368970871,432.3386310338974
1085.079313337803,439.34768664836884
89.14520579576492,91.17079418897629
57.85911148786545,368.25188851356506
407.7390959262848,432.48290407657623
854.1749800443649,445.69401997327805
88.92586588859558,84.4431341290474
83.93677216768265,129.34122782945633
212.63269978761673,424.46030020713806
72.50476455688477,367.4762354493141
432.1266955137253,437.133304476738
864.4146170020103,444.10438299179077
86.44350105524063,86.186498939991
89.06443512439728,117.73156487941742
223.9823413491249,424.29565864801407
629.7143085002899,405.3026915192604
1034.2993087768555,448.49669122695923
87.05124485492706,86.57875514030457
84.65312671661377,85.03187328577042
85.29300856590271,93.74399143457413
59.61788475513458,234.2711152434349
302.5178644657135,416.2791355252266
675.2308737635612,441.8241262435913
1106.612814962864,437.999185025692
93.45574635267258,90.50725364685059
72.05866998434067,359.23733001947403
438.40260058641434,426.5603994131088
859.1345400810242,429.90245991945267
330.0524339079857,409.18756610155106
755.4143667817116,430.4556332230568
655.1472502946854,964.3717496991158
86.53087961673737,345.7091203927994
441.72780311107635,432.5321968793869
866.0527359843254,443.22526401281357
92.95064306259155,90.17835694551468
87.5355651974678,120.18643480539322
206.87949293851852,419.3235070705414
648.6124824881554,400.01751750707626
993.5295238494873,434.91447615623474
448.0034453868866,430.94155460596085
877.0873824357986,440.61661756038666
91.11629122495651,90.51270878314972
81.70022928714752,122.4297707080841
211.04415035247803,413.5848496556282
611.665145277977,425.1488547325134
1058.3610280156136,449.7129719853401
90.9819153547287,90.70208466053009
68.84479290246964,358.82220709323883
92.26173466444016,91.3862653374672
93.82863134145737,222.00536864995956
316.8385679125786,434.1614320874214
741.238505423069,438.8554945588112
640.5813888311386,963.6036111712456
69.27630680799484,90.88969320058823
108.91736710071564,353.6016328930855
426.6123940348625,432.6286059617996
849.1593464612961,435.7296535372734
91.55822867155075,91.16377133131027
91.6061105132103,89.72688949108124
669.2640023827553,957.4949976205826
94.6306585073471,338.4623414874077
435.9736100435257,435.28438997268677
857.0775404572487,443.6084595322609
92.08642601966858,93.17157399654388
79.31934374570847,127.25465625524521
212.84827160835266,426.37372839450836
628.8212284445763,447.9557715654373
1040.4432188272476,415.94578117132187
92.10117161273956,91.9528284072876
920.5200683474541,444.2399316430092
106.15900003910065,109.69199997186661
118.55794912576675,113.25605088472366
214.77293026447296,429.3010697364807
612.3379218578339,446.5320781469345
1036.7568776011467,450.2621223926544
90.95182764530182,93.30717235803604
55.59172302484512,312.6122769713402
335.3057476878166,431.6942523121834
754.3896682262421,445.9613317847252
219.12258386611938,429.3584161400795
609.9665911197662,438.3674088716507
1012.6055970191956,442.4484030008316
90.32047867774963,87.29152131080627
97.95938348770142,274.632616519928
331.3414062857628,425.88159370422363
769.8703172206879,436.44468277692795
650.732233941555,967.6197660565376
94.99303025007248,92.89596974849701
94.57798427343369,89.83001571893692
80.10588723421097,354.32011276483536
432.2458325624466,421.8461674451828
838.2938037514687,436.31719624996185
93.06369268894196,91.36230731010437
67.36957889795303,130.33342111110687
173.0655961036682,423.37940388917923
604.2785076498985,442.29449236392975
1007.1605141758919,432.8034858107567
90.26339453458786,86.16360545158386
930.0502758026123,434.9677242040634
94.32018560171127,101.29081439971924
72.55311870574951,185.59588128328323
241.43409526348114,431.86290472745895
660.7770326137543,448.4999673962593
1115.4359211921692,428.1390787959099
98.96485412120819,91.96114587783813
80.84580022096634,349.1921997666359
430.6707366704941,435.75526332855225
86.95873534679413,186.0782646536827
284.28366100788116,426.1613389849663
697.6646169424057,438.70638304948807
1123.6375604867935,451.25143951177597
92.37054598331451,93.3524540066719
94.02845883369446,331.638541162014
428.2054146528244,428.34958535432816
851.8083458542824,444.6916541457176
95.59623843431473,94.6247615814209
78.77315425872803,123.50384575128555
92.13510322570801,91.36489677429199
98.64599055051804,92.5950094461441
91.0831099152565,326.6218900680542
432.6480571627617,436.5189428329468
846.9180044531822,451.34199553728104
94.2988913655281,91.77610862255096
87.12379240989685,120.0242075920105
214.3747228384018,426.0332771539688
608.8847057819366,448.0402942299843
1064.1365904211998,451.01240956783295
536.4054808616638,450.0945191383362
940.1754559278488,451.28854405879974
93.03733628988266,84.24066370725632
75.80722463130951,240.28577536344528
273.8542424440384,431.1267575621605
672.8082322478294,443.06176775693893
1136.0601189136505,442.4778810739517
58.515116691589355,86.61488330364227
74.1550281047821,358.4569718837738
420.6469796895981,438.6130203008652
86.61897122859955,186.8240287899971
274.4448955655098,439.4441044330597
663.3449087142944,447.52609127759933
1103.6878401637077,447.7561598420143
98.67974638938904,89.39525359869003
75.41167694330215,367.56932306289673
446.6266111135483,411.7633888721466
863.8025416731834,448.47545832395554
92.8314278125763,92.64957219362259
90.06432366371155,91.12067633867264
97.24120771884918,89.48079228401184
82.99216866493225,89.63683134317398
123.0390932559967,422.0719067454338
531.680030465126,445.6719695329666
958.541980266571,451.4030197262764
91.95986843109131,91.67013156414032
73.04379785060883,237.8822021484375
311.6647208929062,428.57527911663055
731.7676548361778,433.01034516096115
1200.2965514063835,433.0744486451149
93.25506687164307,89.50493311882019
113.11695736646652,89.25304263830185
103.75784760713577,284.16915237903595
371.5268177986145,434.30718219280243
768.5737981796265,447.4072018265724
650.9727292656898,964.1002707481384
80.08037608861923,351.69762390851974
445.72029209136963,435.187707901001
872.3602517843246,426.0667482018471
97.12917977571487,100.12982022762299
95.176089823246,92.47191017866135
1191.8529978990555,439.4430021047592
85.73760920763016,343.65139079093933
440.48852747678757,431.60447257757187
854.98146879673,446.6675311923027
94.5273574590683,94.21264255046844
74.90929025411606,123.46170973777771
156.2903236746788,437.37767630815506
590.022235095501,442.38476490974426
989.1252435445786,453.6337564587593
94.13612991571426,91.14287006855011
93.88601922988892,95.96498078107834
90.26691055297852,89.0480894446373
81.22185480594635,183.77814519405365
215.97291493415833,443.1570850610733
602.4279111027718,434.57208889722824
966.3829670548439,473.3400329351425
90.35586017370224,84.60713982582092
75.56977409124374,250.4862259030342
278.3217850923538,420.6052148938179
698.4237270951271,445.1682729125023
145.73067569732666,424.1583243012428
545.4266704320908,434.70332956314087
977.3816065788269,464.67539340257645
97.26153630018234,95.23846369981766
88.80846202373505,222.135537981987
302.8003947734833,446.4956052303314
721.7363533973694,458.2446466088295
1131.0433196425438,462.99368035793304
104.0723506808281,94.39064931869507
55.19328659772873,383.19471341371536
105.33424878120422,98.16575121879578
84.17823576927185,182.52576422691345
258.83617877960205,449.2008212208748
624.8272114992142,463.6347885131836
1050.4121714234352,459.66182857751846
96.81113135814667,91.57786864042282
78.72905403375626,306.5479459762573
371.9609732031822,455.4640268087387
810.1948646903038,450.45413529872894
94.11178976297379,94.88821023702621
706.6406786441803,457.71132135391235
1140.780621767044,445.1643782258034
99.95764011144638,93.93135988712311
87.94956958293915,338.8834304213524
430.29250609874725,430.0774939060211
844.2104557752609,444.4185442328453
95.01734781265259,96.01965218782425
78.84225010871887,116.58274990320206
160.5932738184929,437.2767261862755
551.6412817835808,448.19271820783615
75.70722502470016,358.3667749762535
421.8091775774956,440.30082243680954
843.1901263594627,468.47587364912033
92.77501916885376,89.15098083019257
68.2299165725708,113.40008342266083
161.35095381736755,433.204046189785
586.953867316246,450.4721326828003
995.9458706378937,439.6101293563843
93.12280732393265,95.47019267082214
93.5216936469078,91.14530634880066
96.23558104038239,90.89441895484924
101.93147301673889,138.4575269818306
210.81148236989975,442.8555176258087
619.6004756093025,435.4185243844986
1011.313470184803,454.25952982902527
92.43534874916077,90.80465126037598
66.3342547416687,316.2587452530861
356.3082159757614,453.15478402376175
764.7071909308434,476.68080908060074
646.5141139030457,998.4498860836029
654.1910368800163,443.3279631137848
1078.2749831080437,449.577016890049
95.80388736724854,91.4371126294136
79.68478465080261,356.6302153468132
417.49178636074066,459.63821363449097
820.5017239451408,466.97927606105804
94.04865837097168,97.61834162473679
66.54059439897537,81.329405605793
140.236543238163,440.2824567556381
100.48752307891846,92.0684769153595
77.1644595861435,350.6135404109955
396.23045617341995,435.06554383039474
810.3704053759575,444.2215946316719
97.84333801269531,93.49066197872162
79.85430467128754,66.07269531488419
142.6792278289795,440.58077216148376
537.1712026000023,445.8297973871231
966.7741525769234,472.76384741067886
92.13608539104462,93.45691460371017
95.59098130464554,89.1500186920166
92.41587537527084,88.49212461709976
75.81480234861374,126.38919764757156
199.60275602340698,448.7672439813614
630.4837141633034,419.2942858338356
998.327724814415,465.00627517700195
92.856674015522,86.12532597780228
81.88465136289597,232.92934864759445
315.06256479024887,448.45643520355225
724.4245166182518,468.24248337745667
195.74940580129623,450.14059418439865
566.6674632430077,470.85153675079346
1001.1403759717941,462.0626240372658
93.61426490545273,92.29473507404327
57.9941600561142,309.412839949131
327.9301829338074,438.68081706762314
758.5140963792801,442.1889036297798
652.4509955048561,972.1050044894218
82.35364359617233,352.6833564043045
428.4935739040375,455.395426094532
845.0595427155495,469.05145728588104
304.3474789261818,438.1335210800171
657.3205592036247,449.25244081020355
1094.2025021910667,447.29849779605865
62.26842051744461,87.95457947254181
108.33333092927933,308.2226690649986
415.8252841234207,443.23071587085724
837.0022197365761,445.94278025627136
95.55010861158371,95.32089138031006
73.76400172710419,126.81099826097488
94.36696112155914,92.63303887844086
75.36797767877579,359.5200223326683
414.4909400343895,445.9360599517822
837.9078766703606,453.38812333345413
94.60276710987091,92.37823289632797
75.63265818357468,126.1453418135643
217.7357188463211,358.02428114414215
534.4857376813889,407.8472623229027
942.3117195367813,457.614280462265
94.2666032910347,96.69639670848846
858.572491466999,442.94550853967667
96.04638576507568,95.21261423826218
93.3343078494072,108.12869215011597
197.75127112865448,425.8417288661003
591.6132627129555,452.42273730039597
1004.3652467727661,451.39475321769714
95.3011804819107,93.4028195142746
83.57014614343643,238.59585386514664
317.59905511140823,440.47494488954544
62.60999983549118,134.31600016355515
157.00901585817337,439.02798414230347
545.9090156555176,458.12798434495926
975.104013800621,436.19298619031906
100.22600793838501,106.29299205541611
98.55096024274826,152.96703976392746
220.50593954324722,446.4200604557991
671.8128608465195,418.4471391439438
1088.007807135582,443.8631928563118
94.60972326993942,91.16727674007416
92.60261160135269,88.97238838672638
94.1675073504448,89.90549266338348
87.53047728538513,218.76652270555496
312.9664056301117,432.6445943713188
723.6063774228096,430.8196225762367
1168.1542707681656,435.36472922563553
102.14515370130539,89.63184630870819
116.76722013950348,344.56677985191345
427.12921714782715,443.0187828540802
843.1021651029587,439.971834897995
313.85305720567703,445.7019428014755
726.7530150413513,443.450984954834
1152.7259701490402,454.6070298552513
99.9210193157196,94.5789806842804
78.2099472284317,355.66005277633667
419.68292021751404,444.9650797843933
829.3408508300781,459.3811491727829
96.88874918222427,95.03725081682205
71.32465368509293,122.78634631633759
157.98369473218918,436.96130526065826
97.1967271566391,89.93127286434174
64.85665041208267,366.6433495879173
407.3485980629921,443.8374019265175
815.8395481109619,445.4014518857002
92.31249564886093,89.66850435733795
64.91545742750168,85.13954257965088
115.48143136501312,434.20356863737106
489.5104469656944,453.9895530343056
899.1134434342384,465.57155656814575
93.73433041572571,93.54266959428787
803.1152268648148,474.0317731499672
100.51517069339752,95.68882930278778
106.5810918211937,43.58590817451477
117.85107117891312,422.0759288072586
538.9719883799553,464.6020116209984
971.0929252505302,457.3330747485161
98.27085149288177,98.3041484951973
76.33580249547958,223.2561975121498
253.03183686733246,464.69116312265396
691.8938054442406,426.62419456243515
127.14475345611572,417.2622465491295
560.6546992659569,398.99330073595047
976.8126558661461,438.61234414577484
85.63856810331345,80.12043190002441
92.33444786071777,228.9435521364212
345.99335992336273,409.71064007282257
764.8542907238007,439.8307092785835
647.2161707282066,964.9308292865753
51.67576056718826,422.0102394223213
417.37075686454773,446.0372431278229
73.10270422697067,233.60029578208923
292.5946393609047,458.75636065006256
714.5865570902824,479.3394429087639
1169.2444410324097,479.4215589761734
71.51433688402176,49.50466310977936
106.52524501085281,445.8077549934387
533.7391402721405,463.88985973596573
944.2121288776398,452.30587112903595
90.3530056476593,82.94399434328079
74.28790783882141,244.19309216737747
87.89084380865097,84.21915620565414
67.25372791290283,139.35727208852768
204.15267968177795,437.4213203191757
586.4956842064857,470.50331580638885
1005.580647289753,456.4563527107239
88.4615336060524,88.18646639585495
99.2494186758995,289.6765813231468
378.4453808069229,456.12961918115616
762.3813669681549,473.0076330304146
96.07627028226852,88.42372971773148
641.5682235360146,464.13477647304535
1075.2821682691574,447.99483174085617
89.64507812261581,88.48592185974121
71.93297702074051,353.456022977829
409.5919250845909,449.8160749077797
840.4528620243073,452.23213797807693
88.53774416446686,91.70325583219528
79.26963484287262,129.69336515665054
224.09552043676376,442.053479552269
677.2344404459,431.76455956697464
100.41241550445557,440.99558448791504
516.4593265652657,486.0776734352112
942.7472720146179,467.93772798776627
90.09115552902222,83.77984446287155
77.45312225818634,234.62087774276733
258.7780929207802,461.9249070882797
663.4920789003372,461.06292110681534
1118.3549584150314,452.8860415816307
94.73492181301117,84.02407819032669
87.83882164955139,85.10717833042145
89.16370493173599,84.85529506206512
69.32160753011703,318.6233924627304
384.738498210907,443.40950179100037
816.3423811197281,461.17661887407303
87.50126153230667,85.33273845911026
72.49218690395355,85.47081309556961
151.05817651748657,443.46082347631454
534.9571794271469,462.81982058286667
976.487086713314,462.0689132809639
88.34799724817276,82.4110027551651
883.2668842673302,464.56711572408676
89.20276689529419,89.44523310661316
90.10066503286362,173.13933497667313
221.74068003892899,436.8143199682236
655.3625654578209,456.7114345431328
1087.5955018401146,470.5894981622696
91.6434531211853,85.11654686927795
81.44939804077148,339.7356019616127
371.4784137606621,452.2995862364769
70.09933626651764,188.01166373491287
209.23935931921005,464.926640689373
655.2502464652061,458.34275352954865
1103.760131239891,462.3698687553406
101.14108598232269,92.5439140200615
100.09601229429245,335.8669877052307
432.51394498348236,437.7460550069809
844.3578854203224,457.42111456394196
90.21876358985901,93.72523641586304
93.48864567279816,87.474354326725
91.42555719614029,88.7604427933693
78.86149287223816,36.74950712919235
115.59341675043106,440.6475832462311
556.8083773255348,440.2296226620674
937.5583267211914,463.31167328357697
91.10620784759521,97.56079214811325
75.58009195327759,247.34690803289413
307.99704110622406,439.7439588904381
730.8959852457047,449.7700147628784
1184.0548670887947,456.92713290452957
93.55040472745895,93.93159526586533
93.91229236125946,92.27370762825012
74.29217684268951,306.48482316732407
379.9700891971588,448.08591079711914
825.182975769043,463.81602424383163
94.78685975074768,91.73214024305344
73.370745241642,115.20325475931168
186.97370451688766,440.2862954735756
589.5766793489456,468.40532064437866
1001.3836462497711,473.8393537402153
89.69052696228027,83.71747303009033
916.4774136543274,472.26258635520935
89.43234091997147,88.71565908193588
94.81327730417252,162.4087226986885
246.11921894550323,452.2327810525894
635.9452412724495,453.31375873088837
1034.252247452736,463.137752532959
99.41017252206802,85.77482748031616
74.32709342241287,313.8209065794945
371.8940058350563,458.93899416923523
79.95993882417679,192.4290611743927
254.09987193346024,446.1591280698776
655.8138550519943,454.6871449351311
1080.2127975821495,463.17620241642
91.44569551944733,88.81430447101593
67.56666165590286,356.54433834552765
419.96557408571243,452.03442591428757
835.6795093417168,472.4864906668663
87.93038946390152,85.25461053848267
78.81131875514984,73.91068124771118
94.34025180339813,88.43774819374084
55.305226385593414,422.17577362060547
426.0572288632393,454.98077112436295
845.5671482682228,468.5438517332077
95.077028632164,93.10797137022018
83.03197354078293,122.48702645301819
207.50588178634644,439.2921182513237
599.9598864912987,456.2251135110855
999.5998826026917,460.6591174006462
466.9247603416443,444.279239654541
884.5287201404572,459.6202798485756
95.29761850833893,90.14638149738312
99.78950256109238,162.6914974451065
252.46543496847153,430.8485650420189
662.7914047241211,447.33859527111053
1113.0602870583534,464.7357129454613
101.3492700457573,89.11372995376587
62.878215968608856,365.04778403043747
64.42515933513641,744.8338406682014
99.6201428771019,168.9908571243286
260.14906853437424,446.51693147420883
647.7890754342079,468.0439245700836
1078.6140176057816,473.1449823975563
61.86596029996872,90.69003969430923
68.85787802934647,348.34612196683884
406.6088104248047,450.1501895785332
833.1367362737656,468.418263733387
91.98162001371384,82.03837996721268
95.89850777387619,86.73149222135544
652.6863971352577,979.5916028618813
60.77500182390213,412.743998169899
409.6370252966881,457.7899747490883
832.4619672298431,466.53803277015686
92.37985342741013,95.7501465678215
79.63076287508011,119.96223711967468
195.39969319105148,443.95230680704117
596.4666705131531,463.05232948064804
1006.0136615037918,445.93033850193024
96.22754907608032,90.62445092201233
92.77543777227402,88.78056222200394
92.34032887220383,90.99267113208771
64.90721493959427,238.7787850499153
263.1201903820038,445.50880962610245
653.9081974625587,462.1288025379181
1103.3081348538399,446.9698651432991
92.72508919239044,90.5159108042717
87.03199291229248,346.2460070848465
405.4309394955635,454.71706050634384
831.3858698606491,468.0211301445961
309.0997511744499,445.15924882888794
736.1286780834198,459.2973219156265
1190.5645674467087,464.8054325580597
109.44913494586945,351.1978650689125
425.1631257534027,449.20687425136566
841.859078347683,467.7149216532707
95.75796812772751,92.26003187894821
78.78690087795258,115.32409912347794
196.50083369016647,421.4431663155556
593.8268093466759,452.3781906366348
1000.5037966966629,462.4962033033371
439.71783262491226,456.8561673760414
822.1347830891609,462.51321691274643
92.70071250200272,84.89128750562668
121.26659685373306,63.399403154850006
148.29559808969498,436.8704019188881
534.9545888900757,446.60141110420227
970.5195209980011,461.5914790034294
93.64144051074982,104.71055948734283
82.72639435529709,225.51460564136505
93.77332681417465,91.5796731710434
73.3572090268135,124.82779097557068
181.79316186904907,447.2988381385803
561.2301861047745,464.2698138952255
1037.537114739418,414.24088525772095
95.69499731063843,92.9350026845932
144.18693017959595,228.5730698108673
301.12296998500824,450.4140300154686
720.800910949707,449.29208904504776
1170.2918055653572,462.15319442749023
99.20969235897064,97.34630763530731
1090.1085761785507,461.85442382097244
95.78553307056427,92.41746693849564
79.49943059682846,350.4445694088936
420.1953867673874,460.805613219738
837.705321252346,473.29467874765396
93.80821442604065,85.37678557634354
87.96712124347687,122.68187874555588
184.42105394601822,452.4119460582733
566.0620826482773,463.3089173436165
69.53500133752823,413.2059986591339
423.0820059776306,450.19599401950836
850.554930627346,477.72206938266754
94.13982719182968,88.43517279624939
79.03876370191574,127.83123630285263
205.64167428016663,448.54332572221756
627.5776218175888,461.4223781824112
1007.847678899765,457.11532109975815
97.26555693149567,95.38344305753708
94.57144546508789,88.74255454540253
98.43333327770233,91.88066673278809
112.68522530794144,183.22177469730377
258.84321105480194,443.65678894519806
648.55821621418,464.5347837805748
1102.327102303505,476.56089770793915
89.8190855383873,83.62491446733475
71.25502640008926,347.5969735980034
374.7090258002281,450.4569741487503
818.2199133634567,462.03908663988113
103.5458505153656,77.69514948129654
651.0748784542084,446.9991215467453
1078.2878249287605,466.0071750879288
102.83572590351105,91.59027409553528
107.3456562757492,337.82034373283386
407.0416138768196,447.7913861274719
826.6265497803688,470.61445021629333
93.9694350361824,92.36356496810913
82.83134311437607,112.72465687990189
201.2682690024376,444.78773099184036
81.0012766122818,917.7027233839035
70.28822702169418,407.9157729744911
425.6502304673195,446.1087695360184
861.5861400961876,462.43185991048813
95.50502187013626,95.754978120327
102.51490867137909,145.52209132909775
207.76588660478592,457.60411339998245
643.6837780475616,474.5752219557762
1100.8226662278175,474.1213337779045
94.18563830852509,90.24036169052124
94.39952325820923,85.97147673368454
93.72441577911377,89.7385842204094
66.14230024814606,310.0986997485161
312.44933009147644,446.6066699028015
723.2933291196823,446.8006708621979
1118.025297164917,467.8827028274536
96.36931622028351,93.63068377971649
71.78724265098572,350.6567573547363
401.0191840529442,456.2398159503937
824.0111221075058,466.6008778810501
282.44700676202774,63.885993242263794
739.2908921837807,477.5981078147888
641.1897951960564,980.6432048082352
115.41481202840805,350.8451879620552
424.0728085041046,451.3341915011406
845.2127569913864,459.6752430200577
94.11264497041702,94.3143550157547
79.91856074333191,124.74843925237656
185.91049647331238,451.7755035161972
46.309595704078674,87.9684042930603
77.19056057929993,348.0314394235611
414.01547688245773,455.16952311992645
839.7103999257088,468.8446000814438
93.36928826570511,90.35271173715591
82.82422226667404,102.37977772951126
196.2611408829689,449.60985910892487
589.4001393914223,466.32186061143875
1007.7441229224205,459.29287707805634
103.49502319097519,95.15297681093216
887.912966966629,462.84603303670883
96.20085525512695,96.1511447429657
107.87774401903152,160.01125597953796
239.79570490121841,434.3152951002121
654.1946676373482,456.23133236169815
1075.8716152310371,466.0543847680092
99.65952217578888,90.9144778251648
83.9854748249054,344.97852516174316
407.8654011487961,456.6165988445282
827.8953277468681,478.27167224884033
303.219210088253,467.05878990888596
724.2111462950706,474.140853703022
1182.9620368480682,471.74096316099167
63.416951298713684,65.25004869699478
131.59402972459793,333.79497027397156
418.9200701713562,451.52492982149124
778.9481191635132,460.1448808312416
663.1810190677643,994.7639809250832
112.82093858718872,84.36506140232086
96.21990156173706,93.65109843015671
91.67483478784561,83.01016521453857
73.44478154182434,362.1852184534073
420.8806901574135,455.47130984067917
844.9276299476624,461.2013700604439
96.5305198431015,91.82148015499115
85.78143793344498,121.92256206274033
198.88437521457672,442.20862478017807
597.9693699479103,455.10563004016876
1004.3873410224915,469.9466589689255
109.71222603321075,88.67677396535873
917.2591224312782,466.90787756443024
96.97308933734894,94.7679106593132
97.09500014781952,160.38699984550476
226.25299936532974,432.3950006365776
654.6708913445473,458.44110864400864
1078.383835554123,466.8001644015312
93.13675230741501,82.80824768543243
115.9236752986908,304.31732469797134
418.7496255636215,441.32437443733215
105.59254908561707,201.20345091819763
269.2145389318466,443.1194610595703
639.7615654468536,473.1634345650673
1072.9754942655563,468.43250572681427
100.22743034362793,94.47756963968277
108.42134070396423,322.46665930747986
401.7102937698364,458.27170622348785
835.5722403526306,477.33575963974
94.13821029663086,94.89878970384598
68.815154671669,80.85184532403946
96.0481031537056,91.02689683437347
103.41007161140442,94.94092839956284
69.513019323349,352.0799806714058
397.37496316432953,460.1620368361473
820.9038967490196,473.3181032538414
96.33982616662979,90.77117383480072
126.46171230077744,61.5752876996994
150.34171628952026,446.47328370809555
559.5926526784897,468.24034732580185
998.3075874447823,465.91441255807877
425.2985774278641,449.4594225883484
848.976494371891,468.09850561618805
97.94938731193542,94.19861268997192
127.88527607917786,106.74472391605377
199.2852612733841,445.04873871803284
585.9802525043488,464.81574749946594
1007.5092214345932,469.61977857351303
101.03711205720901,85.64688795804977
78.9560142159462,305.0259857773781
375.724934220314,450.5900657773018
106.29085820913315,161.78314179182053
249.8758112192154,446.7911887764931
651.1817796826363,458.2992203235626
1107.7106662392616,460.1223337650299
103.99963164329529,91.11236834526062
103.67556357383728,326.6204364299774
414.9455062150955,450.3694937825203
820.6224508285522,476.67354917526245
99.68834620714188,94.07065379619598
100.77223378419876,88.30176621675491
1195.709127008915,445.3658729791641
128.6677085161209,337.5362914800644
428.60271191596985,439.9332880973816
832.8176560997963,465.33134388923645
96.90154421329498,93.7834557890892
79.5784729719162,116.18052703142166
153.9034949541092,441.1145050525665
564.5994326472282,465.38156735897064
945.5914784669876,469.6305215358734
96.37936347723007,91.4916365146637
98.37126123905182,88.60973876714706
98.82615721225739,94.26584279537201
123.91005051136017,100.08994948863983
213.16101801395416,441.6719819903374
649.0799077749252,464.9770922064781
1101.0337950587273,475.8362049460411
99.06278818845749,95.40021181106567
86.25770223140717,345.53829777240753
377.13873302936554,439.75026696920395
766.5937058925629,472.22129410505295
256.0475946068764,444.98840540647507
644.2615706324577,468.90442937612534
1070.3645220398903,470.17147797346115
101.59743970632553,94.0315603017807
113.33035624027252,320.33664375543594
417.50730580091476,443.2336941957474
820.2582561373711,467.94574385881424
657.861189186573,1025.8978108167648
130.85691249370575,333.9210875034332
405.38591796159744,465.1330820322037
833.0068579316139,475.67814207077026
305.77676659822464,454.40823340415955
716.1017081141472,479.0652918815613
1158.7416282892227,457.7953717112541
115.3445497751236,91.52645021677017
83.22566503286362,348.4973349571228
381.8276782631874,443.6713217496872
817.8755651116371,468.6424348950386
662.6824939250946,1016.2435060739517
70.91820901632309,393.3397909998894
431.39220666885376,442.4407933354378
101.17915403842926,208.81984597444534
296.2820941209793,448.9209058880806
678.8860930800438,472.8919069170952
1108.3590468168259,470.34395319223404
99.12905436754227,94.0379456281662
134.23196476697922,289.54603523015976
371.4089940190315,447.42400598526
767.0119727253914,472.7470272779465
105.26290512084961,88.18209487199783
105.36591172218323,83.57808828353882
100.09898924827576,87.5690107345581
94.77489095926285,87.74310904741287
137.41578257083893,234.8252174258232
305.8878006339073,449.5561993718147
714.9537498354912,474.76825016736984
1165.9456527233124,455.66434729099274
64.17855829000473,92.63544172048569
68.44861561059952,394.03338438272476
415.4026149511337,463.9483850598335
842.4685547947884,469.0864452123642
307.8874521255493,456.18754786252975
712.359410405159,468.6585896015167
1163.2403111457825,476.4076888561249
108.52821946144104,97.73078054189682
79.33538472652435,359.1466152667999
359.2724227309227,449.57957726716995
764.4113757014275,471.2176243066788
657.1442946195602,980.3747053742409
80.50725877285004,91.10474121570587
121.79436314105988,340.61263686418533
100.36034363508224,93.41665637493134
81.27828347682953,229.01771652698517
299.9552364349365,439.71076357364655
635.1143220067024,471.4236779808998
1055.4392896294594,471.6167103648186
107.0972393155098,93.88376069068909
86.5522038936615,291.8177961111069
372.7851337790489,442.6598662137985
764.3511163592339,474.6118836402893
670.2490336298943,981.0639663338661
102.50468009710312,91.97731989622116
103.27458786964417,103.41141211986542
137.32148438692093,218.9195156097412
304.23951572179794,435.44648426771164
714.8974534869194,470.9915465116501
107.09336709976196,104.44363290071487
118.19632029533386,92.61867970228195
102.11341685056686,322.5335831642151
407.6623520851135,447.0426478981972
813.838296353817,474.29070365428925
99.33023583889008,94.50376415252686
696.5631542801857,463.49284571409225
1117.4251056313515,475.2238943576813
107.52814364433289,93.12085634469986
116.14907026290894,313.23992973566055
376.3451012969017,455.9328987002373
755.541091799736,473.0889081954956
663.0509933233261,983.7090066671371
111.69462019205093,350.99037981033325
422.2606102824211,453.01738971471786
838.3265558481216,466.8404441475868
98.63244724273682,94.81155276298523
748.3463398814201,462.8936601281166
1199.2462416291237,465.49575835466385
76.9448424577713,382.5551575422287
433.39982801675797,443.1931719779968
835.2807741165161,461.36722588539124
103.21666556596756,95.46833443641663
83.8756046295166,110.34739536046982
133.44164776802063,459.02235221862793
564.5995709896088,464.3634290099144
976.6106048226357,462.0203951597214
375.7686033844948,450.82439661026
801.8525053858757,469.943494617939
114.60446190834045,68.06253808736801
111.46541547775269,90.23758453130722
125.80958658456802,332.7084134221077
417.44959628582,444.9394037127495
821.8485502004623,462.72544980049133
106.48850363492966,70.863496363163
107.38847613334656,100.29652386903763
125.21341240406036,450.156587600708
116.9093969464302,109.86860305070877
92.17832314968109,341.58067685365677
366.0403437614441,468.125656247139
764.2733225822449,475.76367741823196
651.3762508034706,1001.178749203682
113.31216078996658,87.42783921957016
97.28514510393143,445.6208549141884
467.92617028951645,472.9998297095299
877.6581608057022,476.748839199543
101.53908878564835,94.73891121149063
767.3079833984375,468.54301661252975
653.1709088683128,989.8290911316872
90.3848705291748,91.80012947320938
94.28380703926086,438.6051929593086
473.6468279361725,467.9281720519066
886.026790201664,474.38020980358124
103.14869964122772,97.778300344944
113.4735985994339,146.4154013991356
208.79862159490585,452.10837841033936
639.993519961834,461.9324800372124
77.9675042629242,438.5144957304001
467.90348994731903,464.28151005506516
892.0804442167282,469.8455557823181
103.51738232374191,96.27861768007278
106.13830530643463,138.00969469547272
209.68528312444687,451.12871688604355
575.1223359107971,467.65566408634186
1009.520290017128,457.8677099943161
99.6791867017746,96.4128133058548
100.83808386325836,96.43991613388062
105.36698216199875,98.44801783561707
112.11790078878403,158.38209921121597
209.46093702316284,444.13106298446655
644.5648305416107,461.32416945695877
1053.9078128933907,476.98018711805344
96.49276220798492,85.56323778629303
118.63266468048096,302.8303353190422
370.79065722227097,451.1723427772522
768.1536301374435,470.5693698525429
657.2565732598305,988.132426738739
618.48954474926,480.6594552397728
1008.739580988884,475.68541902303696
100.28651744127274,88.08348256349564
63.70541870594025,316.09158128499985
305.41846638917923,442.1915336251259
710.2634036540985,487.31059634685516
1165.9573119282722,469.9126880764961
128.25638258457184,292.0946174263954
104.61936038732529,90.7696396112442
71.53633511066437,190.75966489315033
205.6773384809494,457.5086615085602
561.8164172768593,454.4425827264786
999.2163705825806,459.2286294102669
108.78129953145981,94.10670047998428
67.97737246751785,223.11462754011154
218.1354157924652,434.5485842227936
562.9424996376038,453.5385003685951
992.8414350152016,473.1395649909973
97.61137586832047,86.74062412977219
875.7692759037018,477.3047240972519
96.16818690299988,91.14581310749054
111.58709859848022,128.20890140533447
203.78308576345444,453.90291422605515
558.7551465630531,487.31885343790054
994.9700944423676,474.5669055581093
98.18302363157272,85.79797637462616
131.60092329978943,228.3250766992569
308.8899318575859,449.0920681357384
121.26988923549652,59.72911077737808
141.2059010863304,447.4780989289284
498.1799488067627,467.3200511932373
886.0419875979424,475.05001240968704
101.66390299797058,94.22509700059891
106.52579742670059,156.5672025680542
199.07283627986908,445.0011637210846
567.7308778166771,451.5641222000122
990.5198326706886,480.05516731739044
106.73376953601837,96.0442304611206
106.72567468881607,651.1813253164291
97.84657514095306,89.37442487478256
120.26450330018997,118.25349670648575
205.51548516750336,449.132514834404
561.3405384421349,476.84446156024933
993.8875166773796,458.0934833288193
103.2694400548935,99.87955993413925
139.74234825372696,208.1096517443657
256.5314434170723,451.43255656957626
635.281457066536,478.10754293203354
81.71844351291656,442.2635564804077
449.3394629955292,465.7345370054245
871.7014219164848,474.68657809495926
101.37832725048065,95.75067275762558
110.4072334766388,135.53676652908325
215.4542151093483,445.19278490543365
595.3352084159851,476.0537915825844
1006.0681902170181,478.9498097896576
106.04108226299286,93.10691773891449
100.32897579669952,93.02302420139313
98.24686998128891,88.12413001060486
72.49776262044907,219.40923738479614
248.93377298116684,461.7142270207405
702.8708111047745,413.37018889188766
1011.7138431668282,475.9521568417549
100.74276357889175,95.18323642015457
78.47567248344421,298.0423275232315
306.115720808506,460.4962791800499
709.60766685009,491.46733313798904
1134.877579510212,512.1604204773903
608.8134869337082,484.94651305675507
1015.5644978284836,471.58350217342377
108.38939940929413,94.27760058641434
83.97332608699799,295.6006739139557
366.1322405934334,464.10875940322876
800.3461309671402,488.31986904144287
661.2630689144135,1039.6249310970306
114.34902322292328,35.35597676038742
93.65503466129303,458.64196532964706
100.03597092628479,89.66802906990051
68.84290564060211,349.676094353199
361.630925655365,448.6840743422508
752.1779090762138,471.2850909233093
1199.5958259701729,476.12717401981354
90.72152489423752,333.2234750986099
408.249478161335,434.6395218372345
804.6124276518822,484.5365723371506
112.19637030363083,75.0256296992302
119.11433762311935,92.49766236543655
98.12333750724792,445.6716625094414
104.00531435012817,100.01368564367294
113.237220287323,299.262779712677
364.9332110285759,459.1597889661789
760.3691783547401,491.22282165288925
653.0640975236893,995.5279024839401
111.7600109577179,85.49898904561996
92.91900092363358,449.4519990682602
464.83704060316086,469.7189593911171
873.866017639637,469.1529823541641
103.28393107652664,98.42006891965866
103.27483081817627,94.26216918230057
656.0447558164597,988.4742441773415
125.48067474365234,94.24232524633408
99.00965821743011,439.15734177827835
511.8155792951584,475.90642070770264
929.6965399980545,482.2104600071907
104.5214638710022,96.53353613615036
69.7543671131134,237.50463289022446
243.5423719882965,464.12362802028656
628.7933782935143,485.2436217069626
126.11938601732254,395.844613969326
430.3884094953537,483.16759049892426
834.8064173460007,482.82258266210556
108.72438085079193,97.99861913919449
70.97540616989136,74.7845938205719
98.74440038204193,447.42159962654114
473.75542253255844,464.15257745981216
893.1543753743172,453.1236246228218
102.14627665281296,99.42772334814072
105.74917966127396,96.25082033872604
108.72208541631699,98.1669145822525
127.56506264209747,93.41493737697601
90.05804824829102,457.3679517507553
513.252982378006,464.4510176181793
934.9299396276474,467.6440603733063
101.36587029695511,100.63412970304489
71.13576978445053,233.16023021936417
256.97976672649384,445.3542332649231
635.8057796955109,474.6582202911377
1049.8707818984985,468.62921810150146
453.32579070329666,458.8402093052864
835.7068153619766,480.6081846356392
102.30971950292587,94.1722804903984
81.83767127990723,107.25532871484756
130.45969277620316,462.0963072180748
530.0066854357719,464.7143145799637
949.0536375045776,469.667362511158
101.546570956707,103.67542904615402
75.31549352407455,234.36950647830963
102.41846454143524,94.91453546285629
77.35544484853745,63.16355514526367
120.06937009096146,450.5786299109459
519.949364721775,476.45763528347015
946.0523226261139,465.70667737722397
106.67423439025879,101.28876560926437
122.07318067550659,183.6118193268776
237.12019628286362,459.4158037304878
626.3341727852821,485.4248272180557
1045.9191526770592,486.3588473200798
105.65110737085342,93.60789263248444
927.9220125079155,458.70798748731613
109.13496315479279,97.2530368566513
116.5339042544365,142.1510957479477
191.45294970273972,458.32505029439926
567.388994216919,473.89000576734543
997.3619185090065,485.7680814862251
102.22486001253128,88.4611399769783
62.77176481485367,293.93223518133163
289.0227933526039,463.32920664548874
75.95875853300095,102.11524146795273
140.543752014637,434.956247985363
522.5717551708221,469.0952448248863
947.989709675312,468.2702903151512
109.81465929746628,96.70334070920944
83.04755866527557,217.65644133090973
246.64956998825073,454.44243001937866
631.882576406002,478.72842359542847
1049.5405544042587,468.75544559955597
102.40451246500015,95.76248753070831
105.30241370201111,97.08658629655838
103.70131188631058,94.70468813180923
118.37922251224518,188.06577748060226
251.88922387361526,446.9627761244774
640.5662284493446,463.72977155447006
1039.5032267570496,481.3487732410431
106.19820499420166,90.02479499578476
84.85714215040207,289.47685784101486
288.03419375419617,468.9108062386513
696.0441757440567,475.90082424879074
136.14617347717285,447.0938265323639
513.5461668372154,467.9718331694603
941.2041109204292,465.9058890938759
101.60405576229095,100.59994423389435
125.09496605396271,167.83003395795822
236.45798909664154,463.3020108938217
623.1899777054787,489.4760223031044
1048.7189410328865,489.8730589747429
106.43391937017441,87.1780806183815
100.75887632369995,278.519123673439
98.00985020399094,85.86014980077744
123.05676805973053,119.31323194503784
188.25276267528534,452.173237323761
574.6518152952194,464.53318470716476
943.4028529524803,476.523147046566
111.22880512475967,97.01319485902786
96.92377883195877,176.18722116947174
220.5627408027649,473.15925920009613
629.1297104358673,467.62928956747055
1010.2697548866272,491.637245118618
466.53868532180786,460.6283146739006
881.0316513776779,467.3763486146927
109.37457948923111,98.75542050600052
112.0884929895401,129.67050701379776
204.8584703207016,444.60452967882156
566.5725399851799,465.039460003376
987.5454853773117,472.80651462078094
110.31543111801147,97.40756887197495
137.89934450387955,200.4526554942131
285.1873470544815,463.16365295648575
119.753402531147,95.56059747934341
95.87539851665497,443.2176014780998
470.2374175786972,460.70658242702484
885.7473891377449,461.30761086940765
100.88730692863464,90.57569307088852
104.23123079538345,137.06476920843124
198.87120777368546,464.2767922282219
563.2892662882805,476.56373369693756
980.910227894783,476.75577211380005
109.58716785907745,91.83883213996887
856.2650936245918,483.5879063606262
106.6080065369606,87.16899347305298
83.52599215507507,125.53000783920288
118.11004620790482,459.7229537963867
513.7130509614944,465.7489490509033
939.2050008773804,470.49899911880493
112.75291711091995,100.11808288097382
139.87384831905365,163.1631516814232
203.79094177484512,447.46705824136734
627.5618396401405,489.5871603488922
80.03481751680374,450.2801824808121
443.73086619377136,477.89913380146027
837.7408719658852,476.4451280236244
107.73277246952057,97.17522752285004
82.27973228693008,96.8132677078247
121.88277161121368,458.06122839450836
507.0037831068039,478.6622169017792
931.6817401051521,479.0222598910332
104.02469277381897,96.6423072218895
109.64659529924393,96.83540469408035
103.76752054691315,96.69547945261002
74.22252559661865,64.98147439956665
82.73252362012863,460.3964763879776
507.9285708665848,434.38642913103104
856.8455811738968,471.9314188361168
113.89349430799484,96.27350568771362
95.49646002054214,99.98553997278214
133.65452229976654,439.6044777035713
507.0545229911804,479.4454770088196
927.9344724416733,487.30552756786346
353.76047307252884,466.42552691698074
753.899453163147,477.72954684495926
1187.78039509058,481.0346049070358
71.62438076734543,92.85761922597885
84.76454973220825,326.5684502720833
354.53455770015717,458.79944229125977
746.229553759098,474.95544624328613
1178.8694880008698,490.4825119972229
116.95442742109299,95.00857257843018
108.5015332698822,97.36846673488617
105.64146417379379,96.20953583717346
85.02247577905655,204.2375242114067
232.36648559570312,464.3375144004822
619.6734805107117,489.32651948928833
998.5905542969704,483.22444570064545
106.91547352075577,91.76952648162842
62.740398705005646,301.24060130119324
277.4184753894806,464.5815246105194
622.3355521559715,486.14644783735275
993.3096395730972,484.3393604159355
435.54157769680023,477.45842230319977
821.2926108241081,479.17038917541504
114.22957515716553,74.9004248380661
120.2205725312233,92.44642746448517
75.1015807390213,465.9174192547798
465.74160128831863,461.55439871549606
873.0855820775032,478.2104179263115
111.15050679445267,95.23749321699142
122.64343059062958,112.81956940889359
108.67243736982346,93.82756263017654
128.0893691778183,90.9106308221817
88.50749778747559,333.93750220537186
356.3885254263878,455.1124745607376
754.7314978837967,475.3605021238327
1199.3714355230331,470.92356449365616
78.9971570968628,337.9838429093361
347.65516340732574,468.04783660173416
750.5181465148926,473.7788534760475
1194.82408285141,469.13891714811325
136.92704093456268,93.29495906829834
110.99315017461777,96.50684982538223
107.98509055376053,97.1439094543457
82.2360668182373,217.09693318605423
195.9881843328476,454.197815656662
553.3122518062592,482.59374821186066
952.4532648324966,474.2687351703644
110.27721583843231,100.20378416776657
114.49214392900467,189.82285606861115
236.3351812362671,454.10881876945496
628.6421599984169,477.39484000205994
101.83724749088287,371.36575251817703
394.8112866282463,466.5967133641243
808.6922425627708,487.6417574286461
114.40621566772461,82.39078432321548
88.15726524591446,85.49073475599289
79.79734188318253,396.7396581172943
390.9743691086769,478.80363088846207
774.2623934149742,479.5706065893173
652.7173388004303,998.6526612043381
110.69132697582245,97.253673017025
106.88639134168625,93.66860866546631
108.60031419992447,87.41868579387665
129.12925016880035,231.44474983215332
275.36229878664017,467.0827012062073
614.9274077415466,489.75759226083755
994.2894715070724,488.7475284934044
103.48541635274887,85.16258364915848
138.8853464126587,220.28165358304977
281.3393728733063,450.8086271286011
615.9794828891754,487.68751710653305
139.7864689230919,378.43553107976913
398.48158127069473,479.3704187273979
841.9925523996353,463.8224475979805
663.5765519142151,1000.0904480814934
124.95749658346176,92.76550340652466
129.7456595301628,339.82734048366547
386.7376963496208,469.0583036541939
763.988727748394,477.17827224731445
664.1096453666687,989.908354640007
124.19457125663757,92.84242874383926
107.59370046854019,95.14729952812195
110.65961092710495,93.95138907432556
108.79954308271408,253.40345692634583
286.5505732893944,476.48642671108246
682.6175593733788,493.031440615654
1108.5895196795464,495.8914803266525
54.915551841259,85.084448158741
141.87048494815826,285.3705150485039
336.4725366830826,476.47046333551407
756.3354855179787,476.8315144777298
194.77246075868607,462.1905392408371
562.633517563343,468.2914824485779
960.0325182080269,482.2254818081856
103.43242007493973,95.1975799202919
131.6463279724121,218.42767202854156
228.60144037008286,472.5285596251488
623.3704376220703,492.9625623822212
1011.0844767093658,496.89652329683304
104.16839349269867,85.86760652065277
74.01236093044281,292.15363907814026
107.11635673046112,98.29164326190948
92.49632894992828,101.72567105293274
124.22836512327194,458.84563487768173
517.5913519859314,521.1496480107307
947.5462943315506,511.4357056617737
109.87126129865646,95.94373869895935
83.93725138902664,188.65574860572815
174.18832850456238,476.9786714911461
532.8653744459152,520.3006255626678
935.9873723387718,521.4016276597977
380.71935921907425,484.631640791893
764.896342754364,520.547657251358
1197.3882977962494,507.24170219898224
92.91728949546814,43.5277104973793
89.70534110069275,384.7206588983536
382.5303976535797,473.72860234975815
771.1334070563316,452.1815929412842
658.1623420119286,996.5786579847336
134.89533066749573,90.0306693315506
94.72049540281296,377.87250459194183
108.80450868606567,96.02849131822586
133.3154797554016,121.27652025222778
221.60354846715927,431.30345153808594
547.0395983457565,473.75640165805817
941.0686046481133,482.7093953490257
106.59755402803421,97.08744597434998
89.79354816675186,138.2814518213272
183.45159649848938,469.418403506279
562.7586368918419,469.07436311244965
968.7866132855415,515.4533867239952
421.6865653991699,493.40643459558487
771.2526554465294,501.8583445549011
107.15158647298813,89.53341352939606
120.791574716568,87.8014252781868
133.56161510944366,320.43838489055634
396.2566948533058,469.280305147171
775.045721411705,483.0842785835266
1213.0556641221046,484.12933588027954
137.93936854600906,291.9116314649582
348.079432785511,467.8455672264099
757.016395688057,487.6136043071747
202.21134835481644,493.7516516447067
602.5733379125595,507.9076620936394
1001.2693421840668,513.7666578292847
112.09431266784668,94.81268733739853
139.4202407002449,216.06175929307938
277.0972708463669,467.42172914743423
620.5513716340065,486.2446283698082
1011.672391474247,446.196608543396
120.73931360244751,104.03868639469147
109.4352325797081,93.21376740932465
113.29614931344986,93.72185069322586
119.5110684633255,172.00793153047562
192.57713615894318,494.66386383771896
535.0312165021896,513.2647835016251
945.1162104606628,502.7547895312309
106.0711858868599,94.16981410980225
131.26713109016418,177.54886889457703
200.68417358398438,489.5748264193535
569.4352065324783,522.9167934656143
987.2231840491295,510.42481595277786
420.62314891815186,502.87785106897354
778.2252534627914,504.4957465529442
664.7731819748878,1023.9488180279732
179.96817278862,86.84582722187042
127.29434424638748,334.02065575122833
378.0633535385132,480.5476464629173
764.4633586406708,499.5926413536072
1199.269293665886,496.91570633649826
119.22426378726959,93.62773621082306
104.84540605545044,88.56159394979477
115.1893402338028,94.06965976953506
83.94135022163391,224.13364976644516
203.5814021229744,486.75259786844254
596.2583913207054,465.964608669281
949.3425006866455,491.12049931287766
113.57445043325424,97.68454957008362
82.45540100336075,222.26659899950027
226.24341559410095,470.9225844144821
582.1424958705902,455.5795041322708
996.0054711103439,445.88352888822556
423.01545625925064,457.76254373788834
821.3954501748085,477.75254982709885
672.3514157533646,1025.834584236145
136.6203532218933,53.712646782398224
106.27937811613083,474.20262187719345
419.38151663541794,511.7284833788872
836.2255000472069,481.90449994802475
126.5884855389595,100.09751445055008
126.2465026974678,95.0494973063469
114.36864024400711,94.68735975027084
109.37857043743134,96.21442955732346
140.74050742387772,212.55549257993698
267.43554693460464,472.4344530701637
638.631598174572,486.5344018340111
1012.0686752200127,467.5983247756958
112.31965100765228,98.162348985672
133.05259150266647,213.7254084944725
276.39563578367233,464.99236422777176
644.9986743330956,481.79832565784454
1005.4537597298622,476.32424026727676
469.16775381565094,448.10924619436264
773.2148592472076,494.4331407546997
662.0037978887558,997.7742021083832
85.29085266590118,95.41314733028412
81.28403282165527,326.66096717119217
340.9240287542343,475.92897123098373
747.6380078196526,487.58499217033386
1169.1109489798546,512.1860510110855
69.5649009346962,98.13809907436371
111.28000682592392,95.79399317502975
113.9379358291626,98.08006417751312
173.78192794322968,133.23607206344604
274.9778563976288,464.4861435890198
647.524886906147,467.23411309719086
1012.1279960870743,505.52000391483307
108.43492871522903,89.86207127571106
137.8888566493988,277.7031433582306
266.0669460296631,493.0270539522171
610.818051815033,504.6639481782913
1007.8840588927269,506.7469410896301
430.4310422539711,498.60595774650574
842.7560290694237,499.8359709382057
104.37699300050735,87.06700700521469
83.83195322751999,111.46404677629471
104.97198098897934,481.3800190091133
499.5750274658203,490.8139725327492
92.81014710664749,349.578852891922
364.950098156929,500.771901845932
770.0530682206154,524.9659317731857
664.2489539980888,1035.844045996666
103.96670597791672,81.92229402065277
98.79160022735596,80.9683997631073
61.467504262924194,310.21749573946
262.47854602336884,485.8734539747238
695.8034995794296,479.77050042152405
1102.7584642767906,454.00153571367264
128.0463546514511,82.04664534330368
75.72349500656128,345.7755050063133
313.4754980802536,517.8215019106865
760.2073874473572,500.8846125602722
647.2733007073402,1018.7636992931366
649.2832183241844,494.67978167533875
1046.8502363562584,514.7237636446953
100.73019653558731,81.02880346775055
66.57414144277573,362.11085855960846
329.1951587200165,505.21184128522873
742.7240986824036,489.3129013180733
1189.030993461609,507.69200652837753
124.67466378211975,334.7883362174034
392.2776552438736,468.87134474515915
832.1576026678085,485.93439733982086
650.2785976529121,998.2024023532867
651.1225181818008,497.9324818253517
1079.058465898037,498.94053411483765
104.36646258831024,86.39353740215302
85.35742539167404,343.586574614048
358.20139360427856,493.20660638809204
763.2863466143608,512.0096533894539
647.8702653646469,1036.7037346363068
90.75022041797638,56.36077958345413
91.87214809656143,498.2568519115448
101.383151948452,86.17284804582596
66.67010515928268,358.7178948521614
333.3100656270981,523.521934390068
756.1360138058662,519.4569861888885
659.8129183650017,1034.6130816340446
80.67871582508087,343.080284178257
368.4486406445503,502.9033593535423
770.3296310305595,516.2823689579964
659.061559677124,1040.660440325737
79.60850822925568,83.33549177646637
103.9704395532608,493.2515604496002
99.48143494129181,89.81456506252289
126.17737102508545,294.5636289715767
354.53933507204056,454.9426649212837
764.0312908887863,504.63470911979675
657.3182064890862,995.4037935137749
105.25890111923218,372.9070988893509
377.34392005205154,488.36007994413376
797.8908632993698,502.2201367020607
114.25381302833557,80.8211869597435
68.15280252695084,76.8851974606514
98.66175019741058,92.59724980592728
65.80274027585983,89.16025972366333
123.59067171812057,292.0573282837868
335.0826777815819,484.43532222509384
747.3336352109909,495.3703647851944
1195.5655454397202,498.9894545674324
114.58023089170456,343.0677691102028
378.887234210968,478.5197657942772
774.7122209072113,493.1957790851593
664.2591173648834,1022.8698826432228
77.64009976387024,62.35990023612976
103.26104474067688,92.23795527219772
100.43907225131989,86.35692775249481
127.20800334215164,292.5509966611862
326.8490124940872,501.7809875011444
735.5809718966484,524.2900280952454
1176.68386977911,528.9831302165985
110.87877184152603,45.99122816324234
86.70374029874802,490.7212597131729
457.8067435622215,531.6932564377785
892.3546885251999,502.97931146621704
369.4205865263939,493.41241347789764
772.7455497384071,515.6064502596855
651.2744958400726,1045.3185041546822
92.28444170951843,56.38255828619003
92.94237297773361,491.40862703323364
481.5083564519882,517.7506435513496
904.1673183441162,515.1846816539764
101.19621926546097,90.4707807302475
81.9291620850563,226.5898379087448
204.77218681573868,457.56081318855286
119.46808975934982,30.902910232543945
64.9220814704895,486.7999185323715
475.3590334057808,501.0489665865898
893.0730004906654,484.5749995112419
99.21288579702377,89.99011421203613
90.35280346870422,170.22119653224945
219.1038013100624,493.54419869184494
641.465744972229,471.70125502347946
1056.9767171740532,494.67128282785416
101.09769403934479,85.49530595541
921.5335927009583,465.9104073047638
98.52552491426468,87.47347509860992
99.57343155145645,221.6855684518814
268.52836990356445,479.76863008737564
656.8723553419113,498.5726446509361
1092.2893025279045,493.26669746637344
99.98427134752274,83.45972865819931
155.69816714525223,315.76383286714554
372.8761699795723,501.6978300213814
807.4601145982742,518.0388854146004
258.6190523505211,487.80694764852524
645.6290551424026,506.4079448580742
1060.2500306367874,512.841969370842
99.13102668523788,83.42397332191467
95.17900085449219,323.8209991455078
337.7079241871834,474.51407581567764
763.9218803048134,471.52311968803406
639.505805850029,1019.8461941480637
112.12774217128754,32.09525781869888
98.89669823646545,85.78830176591873
101.44465833902359,83.46334165334702
118.04756253957748,278.87943744659424
351.112612426281,470.59038758277893
727.9935938715935,513.4874061346054
1178.5784947872162,517.1255052089691
108.05141812562943,82.63458186388016
92.87656223773956,381.45643776655197
356.220624089241,456.6863759160042
767.897581756115,504.7694182395935
651.9815236926079,1037.0364763140678
651.4364374876022,525.3775625228882
1068.5024051070213,528.2195948958397
105.19844710826874,93.46855288743973
113.78238075971603,308.7546192407608
357.14432483911514,502.8736751675606
758.2482753396034,514.3817246556282
106.79417049884796,81.90882951021194
96.2861378788948,52.342862129211426
94.18511939048767,478.4068806171417
103.16013067960739,92.6368693113327
110.0960584282875,307.4049415588379
300.8281007409096,499.7278992533684
654.9491690397263,511.3098309636116
1081.9041066169739,524.520893394947
108.93312674760818,86.51087325811386
70.75808948278427,347.092910528183
322.9541121125221,499.73088788986206
749.6490449309349,515.2029550671577
1182.8079516291618,518.5990483760834
99.94785040616989,84.29214960336685
1095.2917430996895,522.6522569060326
103.65378254652023,82.43921744823456
82.8307329416275,350.4662670493126
361.93369603157043,498.2883039712906
761.3146494626999,529.0933505296707
658.8795799612999,1043.045420050621
84.66760456562042,51.75739544630051
131.1417595744133,340.4512404203415
363.68876951932907,492.755230486393
117.55171781778336,185.54128217697144
219.26567596197128,485.6413240432739
635.1466122865677,507.5393877029419
1006.2676700949669,519.4733299016953
99.09257811307907,87.83242189884186
69.3625094294548,345.19349056482315
327.4464974999428,499.96050250530243
733.0864567756653,526.6535432338715
1186.800352871418,499.3106471300125
102.8852795958519,42.188720405101776
102.52522224187851,87.93777775764465
103.5912116765976,85.53878831863403
97.87915021181107,335.564849793911
367.57408756017685,498.9819124341011
771.9000334143639,525.3409665822983
644.0949810743332,1050.8300189375877
89.30892640352249,60.22707360982895
86.85687965154648,487.06912034749985
486.27485406398773,510.6891459226608
899.7108183503151,523.2891816496849
349.8687421679497,522.1302578449249
765.8607094883919,519.7502905130386
105.44562858343124,80.64737141132355
131.71458554267883,84.43341445922852
93.00253063440323,487.6454693675041
479.1985162496567,513.4494837522507
907.3934736251831,515.0325263738632
98.6823627948761,88.94763720035553
82.02631425857544,222.99268573522568
217.11030799150467,505.22269201278687
114.41724961996078,81.52775037288666
73.33525013923645,476.5167498588562
436.1222722530365,511.1737277507782
858.7262361645699,508.97776383161545
101.05114334821701,89.20885664224625
103.1350429058075,169.79095709323883
176.5900508761406,497.7069491147995
607.5629784464836,496.28802156448364
1001.7769989967346,505.0560010075569
98.56493383646011,83.0460661649704
893.6128256917,487.4991742968559
98.30774682760239,82.00725317001343
105.55968677997589,167.81131321191788
206.64363414049149,499.6153658628464
597.3206574320793,503.34534257650375
1011.3686364889145,461.68736350536346
100.23054021596909,85.99245977401733
112.03643053770065,328.8895694613457
348.10238778591156,498.69461220502853
775.112339258194,506.59066075086594
212.3633376955986,426.89466232061386
609.0223010778427,496.12569892406464
1009.9592954516411,506.3007045388222
101.89419162273407,83.43880838155746
64.66409516334534,356.70590484142303
333.3600914478302,499.9359085559845
775.0919904708862,496.7600095272064
660.3249251842499,1018.7670748233795
70.20963644981384,412.08736354112625
482.405588388443,427.44641160964966
67.76657837629318,229.19542163610458
214.86959767341614,479.0924023389816
619.1765784621239,503.34242153167725
1070.5944648981094,504.68353509902954
94.69745284318924,87.89554715156555
85.05939245223999,345.36660754680634
377.9593955874443,455.0416043996811
779.7283205986023,489.30867940187454
94.70121812820435,90.66878187656403
37.379169166088104,135.28783082962036
101.87009823322296,77.92590177059174
96.04711067676544,77.80488932132721
58.13201504945755,373.331984937191
387.8269808292389,439.1920191645622
841.7628630399704,507.4401369690895
94.01478737592697,79.59621262550354
88.24674677848816,113.25325322151184
129.84968274831772,495.7803172469139
551.2866810560226,505.80631893873215
995.5925661921501,492.96243381500244
465.1404982805252,453.8785017132759
853.2614487409592,476.1095512509346
92.54933559894562,81.13566440343857
95.6152463555336,164.23575365543365
213.0152115225792,451.91078847646713
591.4882170557976,490.3087829351425
1000.0541912913322,504.7788087129593
95.1760806441307,81.21391934156418
60.018975496292114,371.55602449178696
383.62190866470337,478.69309133291245
71.11392241716385,186.8490775823593
194.78992933034897,471.43107068538666
621.0048530101776,490.9211469888687
982.6078996658325,501.6141003370285
98.06283897161484,89.7701610326767
92.84973311424255,289.96426689624786
325.93465238809586,492.78734761476517
738.1296091079712,464.8323909044266
636.7515092492104,1001.5634907484055
93.05842858552933,79.367571413517
1089.550312757492,486.0236872434616
103.85734021663666,79.86565977334976
75.01530182361603,353.85469818115234
339.08125084638596,528.3997491598129
769.8872013688087,495.50079864263535
101.6761035323143,80.87989646196365
84.76005804538727,74.83194196224213
108.69700807332993,472.30399191379547
516.8369376063347,514.4970623850822
95.71691966056824,83.17208033800125
404.8758650422096,468.532134950161
768.3858594894409,506.26214051246643
666.951777100563,1012.3082228899002
71.410500228405,398.4974997639656
385.14349353313446,484.2465064525604
777.0414640903473,511.8465359210968
103.25634753704071,87.61365246772766
68.359255194664,130.8447448015213
112.5732701420784,482.66772985458374
535.1761956214905,496.0278043746948
69.64913421869278,402.4058657884598
392.4191308617592,483.7478691339493
814.2250584363937,505.4039415717125
98.08698630332947,86.65401369333267
78.20890420675278,116.60509580373764
145.31182783842087,496.2431721687317
538.5448282957077,507.90017169713974
983.4797649383545,491.8152350783348
98.12067699432373,80.97232300043106
106.85256952047348,271.07343047857285
99.38253861665726,82.19146138429642
101.31841510534286,170.08958488702774
206.92135775089264,506.3196422457695
607.246337890625,518.697662115097
1042.6462538838387,525.1877461075783
97.8222263455391,78.91877365112305
76.77715408802032,343.70384591817856
327.95414942502975,501.6938505768776
770.5200410485268,512.2759589552879
102.84592169523239,87.69207829236984
684.0958237051964,508.82917630672455
1114.3657611608505,509.8572388291359
94.89465641975403,82.12334358692169
77.77470034360886,400.74329966306686
397.21162939071655,526.1583706140518
826.0175769925117,515.1674230098724
98.65845859050751,84.06454139947891
96.74235606193542,154.1836439371109
204.4192734360695,496.22872656583786
601.8922510147095,512.9037489891052
62.106193244457245,488.2078067660332
457.09916150569916,517.3458384871483
884.9051039218903,509.02089607715607
91.22998541593552,92.15901458263397
87.22193729877472,213.81506270170212
230.73287004232407,511.1191299557686
604.7608948349953,520.1281051635742
1057.1417986154556,526.0992013812065
91.91081655025482,79.47718346118927
92.75469523668289,78.4303047657013
91.98757690191269,80.45742309093475
123.60845828056335,228.16954171657562
265.06348168849945,500.84451830387115
646.1664603352547,531.907539665699
1106.1583384275436,523.5276615619659
97.42724001407623,78.77575999498367
67.04927778244019,406.1547222137451
382.43027222156525,500.0147277712822
801.1252000927925,504.5587999224663
96.83911961317062,84.01288038492203
659.3311062455177,511.64989376068115
1113.7299851179123,512.5660148859024
112.49193567037582,352.37806433439255
373.5579305291176,502.57206946611404
800.0308565497398,507.006143450737
92.26377302408218,80.84822696447372
94.29269218444824,110.02230781316757
160.08061063289642,485.88238936662674
122.64657527208328,77.18742471933365
107.39762896299362,353.3433710336685
360.2786041498184,511.59239584207535
795.7325233221054,506.84147667884827
95.00244897603989,85.51555103063583
98.60536432266235,109.43163567781448
139.98629385232925,517.3847061395645
548.0342499613762,505.59675002098083
1009.2281314134598,503.67786860466003
93.0910091996193,76.92699080705643
96.02788412570953,82.76911586523056
96.68576455116272,86.85123544931412
52.88165491819382,309.30434507131577
261.2796741724014,482.68232583999634
662.2166509628296,515.7463490366936
1124.4305256605148,512.6804743409157
95.07043278217316,81.74456721544266
98.8224783539772,383.9005216360092
406.96140372753143,500.31659626960754
818.7123946547508,503.5096053481102
269.59332007169724,491.79567992687225
660.9553086161613,520.2676914334297
1117.9471974372864,518.9598025679588
99.10609197616577,82.98690801858902
71.93114006519318,402.29185992479324
366.3671623468399,502.2438376545906
789.4141180515289,507.04888194799423
94.85100305080414,84.53799694776535
76.67591547966003,124.80608451366425
98.37085956335068,83.9061404466629
95.82675755023956,76.08124244213104
78.26180213689804,398.53419786691666
387.8837553858757,522.5232446193695
815.3947023749352,516.7352976202965
94.71862465143204,79.83637535572052
49.840504348278046,195.06749564409256
164.57245606184006,500.14854395389557
601.5463820695877,496.2876179218292
1004.2973601222038,545.5366398692131
97.32624334096909,78.74775665998459
919.30012601614,528.9228739738464
96.10603189468384,86.70896810293198
79.06001603603363,241.40198397636414
208.51603192090988,506.22496807575226
616.5810394287109,516.6599605679512
950.8521335721016,514.9448664188385
94.30601364374161,77.8049863576889
100.59491920471191,284.4060807824135
312.8448723554611,492.22812765836716
101.7818067073822,146.27419328689575
170.2917793393135,495.041220664978
604.5616782307625,512.9573217630386
997.3676897287369,530.2063102722168
96.28559029102325,83.75140970945358
165.92547488212585,281.29652512073517
331.1394908428192,500.1015091538429
768.0943726301193,526.6276273727417
109.97526621818542,83.46973377466202
112.78120517730713,67.69979482889175
92.14317715167999,81.91182285547256
96.45021492242813,77.64178508520126
76.94213402271271,359.22486597299576
359.6190847158432,500.8809152841568
770.0740298628807,524.2959701418877
658.4919530749321,1036.7670469284058
114.76569455862045,353.53130543231964
376.8866904973984,497.1133095026016
776.9156624674797,525.658337533474
101.72254753112793,81.29645246267319
95.36144441366196,79.78555560112
94.13132512569427,79.84967488050461
109.77123147249222,80.82176852226257
63.670163333415985,483.75583666563034
461.49512380361557,509.9858762025833
884.5990727543831,525.6059272289276
96.01596355438232,88.57703644037247
75.65585064888,239.19614934921265
202.90688228607178,507.7601177096367
631.9917997717857,516.8052002191544
1070.038720369339,533.683279633522
533.5486217737198,508.7103782296181
951.0965802669525,525.9404197335243
100.19846045970917,78.17053955793381
88.98736619949341,294.8456338047981
296.55334705114365,497.42865294218063
686.3973416686058,514.6406583189964
1114.4622869491577,515.5007130503654
112.4652492403984,353.38675075769424
92.25323933362961,79.20976066589355
82.50419348478317,221.95880651474
253.5141179561615,489.4118820428848
641.395115673542,516.6788843274117
1070.4420518875122,506.79794812202454
99.82305020093918,83.91694980859756
74.14800071716309,351.6289992928505
366.6219426393509,491.82205736637115
768.834913611412,501.0340864062309
656.8458217382431,1039.5241782665253
62.65655165910721,416.3624483346939
94.88952803611755,79.03647196292877
86.32546478509903,226.86053520441055
290.7423742413521,478.0166257619858
712.0492482185364,505.56075179576874
1163.0041408538818,514.2928591370583
57.310028076171875,93.91197192668915
98.37696039676666,484.14203959703445
478.2569533586502,519.5570466518402
908.52690076828,513.3990992307663
90.48177045583725,85.79622954130173
90.04764366149902,79.0823563337326
90.7985172867775,85.38648271560669
101.23541057109833,173.32058942317963
250.31932550668716,457.4586744904518
638.0522408485413,521.8747591376305
1079.1541521549225,526.0498478412628
36.36818653345108,79.26081347465515
80.89711105823517,350.287888944149
395.50003695487976,485.42496305704117
804.9179590940475,512.3040409088135
283.64987272024155,479.405127286911
670.1238353848457,519.7831646203995
1127.3007045984268,530.5332953929901
71.4326764345169,418.0863235592842
424.497611284256,481.4823887348175
834.1195477843285,521.4354522228241
88.38942193984985,78.1665780544281
60.84329152107239,238.76670849323273
90.53922706842422,79.40477293729782
79.75314688682556,82.52385312318802
107.06008356809616,497.8849164247513
513.0880858302116,485.354914188385
951.3209508657455,489.6970491409302
87.68381768465042,83.40918231010437
95.86070770025253,294.4912922978401
357.166626393795,480.90637362003326
764.1955326795578,516.0634673237801
98.89040070772171,86.12759929895401
91.23430252075195,76.22769749164581
1178.4111766815186,481.5328233242035
69.66573876142502,402.4632612466812
374.1947428584099,500.6752571463585
808.2986491918564,517.8313508033752
90.40156203508377,80.59943795204163
89.76349329948425,123.42250669002533
171.71839833259583,492.8936016559601
593.0613113641739,512.3836886286736
1002.757296204567,509.63170379400253
90.34216868877411,79.23283129930496
89.6660406589508,77.4449593424797
91.0649111866951,88.60108882188797
90.90979838371277,278.4432016015053
311.86372822523117,498.0812717676163
721.4856774806976,504.7743225097656
1185.6805607676506,509.0414392352104
98.86121070384979,373.953789293766
522.242196559906,358.2958034276962
770.345189511776,522.8028104901314
90.52206468582153,79.5149353146553
93.0129736661911,81.76402634382248
1143.4688449501991,522.3841550350189
119.18271744251251,79.6322825551033
50.97072213888168,485.3992778658867
420.70372945070267,524.0562705397606
61.399695575237274,403.5993043780327
376.3366928100586,498.08930718898773
776.5326574444771,521.8933425545692
89.76553338766098,78.32846659421921
78.92344909906387,125.29855090379715
153.87837225198746,488.43662774562836
104.75831645727158,86.09268355369568
109.80637913942337,346.82362085580826
363.2434301376343,472.70156985521317
753.4193706512451,522.468629360199
652.0412670969963,1042.1257328987122
68.96300691366196,392.7779930830002
369.5280132293701,500.15698677301407
791.7789258360863,520.1830741763115
662.1788501739502,1051.284149825573
86.83678245544434,109.51521754264832
94.19970375299454,84.2452962398529
96.74659502506256,82.82740497589111
73.38662958145142,413.79837042093277
398.08257842063904,514.8434215784073
820.9625241160393,519.0934758782387
93.58339607715607,86.21260392665863
108.02032309770584,149.86867690086365
170.0113090276718,488.65469098091125
593.263211786747,521.6627882122993
1007.2361889481544,517.1888110637665
89.50606387853622,80.16093611717224
940.738931953907,524.4470680356026
91.47080719470978,86.91819280385971
73.92568111419678,319.5743188858032
342.45459789037704,490.4164021015167
846.8534837961197,451.86851620674133
98.45735746622086,86.3026425242424
71.17025274038315,131.12574726343155
161.81117182970047,488.00482815504074
544.8021712899208,514.1798287034035
121.01604211330414,384.85395789146423
446.17402321100235,492.0659767985344
947.2589643001556,407.0560356974602
91.102834045887,84.9901659488678
61.501707792282104,219.33129221200943
237.82666569948196,485.7473343014717
658.8185426592827,528.3484573364258
1130.4394111037254,516.3005889058113
97.26429754495621,83.95670247077942
96.03421378135681,418.0577862262726
65.5811527967453,80.88084721565247
78.68506115674973,354.8519388437271
398.083982527256,485.86001747846603
802.6868968605995,518.5911031365395
90.53080147504807,80.52519851922989
82.83673447370529,131.6442655324936
198.16262155771255,456.9853784441948
638.5985189080238,483.49448108673096
1128.0344606637955,424.1135393381119
89.60032886266708,80.1776711344719
953.7222007513046,524.685799241066
89.82407146692276,80.91592854261398
83.0389906167984,305.9610093832016
343.807899415493,497.6181005835533
816.3547790646553,481.8672209382057
93.77364653348923,76.91235345602036
78.94957065582275,130.9944293498993
169.03348398208618,480.6695160269737
585.507481098175,462.2515189051628
995.42534917593,537.1676508188248
488.13922941684723,494.0647705793381
931.946165561676,490.9618344306946
89.45603138208389,80.9329686164856
123.41089743375778,233.40410256385803
295.1808795928955,472.35612040758133
713.0798359513283,487.402164041996
1140.0897127389908,519.5582872629166
106.03549855947495,462.3155014514923
58.02839118242264,87.41560882329941
60.72329866886139,397.51670134067535
407.60417610406876,520.1548238992691
867.9110459089279,520.5529540777206
104.64291375875473,87.54208624362946
92.52380114793777,220.32819885015488
273.03368294239044,496.7253170609474
704.4145780205727,519.4184219837189
1164.1474653482437,522.3905346393585
98.04635232686996,79.17664766311646
104.57523971796036,85.6837602853775
100.49312275648117,77.59987723827362
98.46602147817612,408.6459785103798
447.47591453790665,512.320085465908
891.9488155245781,529.5321844816208
93.97772169113159,85.7062783241272
95.39559763669968,232.25240236520767
287.51746463775635,501.5385353565216
729.8793377876282,522.3246622085571
638.98220962286,1042.8137903809547
665.9180816411972,511.13691836595535
1123.4469540119171,541.1080459952354
39.53182262182236,81.61617738008499
77.07870608568192,500.40229392051697
513.0515884160995,524.3924115896225
971.0994620323181,513.4005379676819
99.4613344669342,83.90866553783417
93.69321721792221,329.37978279590607
369.2770944237709,521.2959055900574
95.93698972463608,241.56301027536392
306.07689183950424,521.6271081566811
690.0308456420898,524.3021543622017
1152.0607186555862,529.8292813301086
85.79259145259857,81.24540853500366
116.06145441532135,498.1055455803871
553.942330956459,522.279669046402
1012.2672121524811,524.8617878556252
90.94408077001572,78.96291923522949
55.63995665311813,415.34104335308075
101.89082056283951,85.5161794424057
84.91969794034958,308.988302052021
375.20757961273193,490.86642038822174
870.3294642567635,464.26353573799133
97.95034980773926,83.56765019893646
71.59029567241669,134.205704331398
204.11917382478714,463.8258261680603
628.8700569272041,502.2409430742264
1054.9179527163506,520.4350472688675
92.29783397912979,76.27616602182388
637.1977270245552,835.5442729592323
93.22662514448166,74.79337483644485
43.976506531238556,366.20849347114563
396.67238116264343,475.0496188402176
829.1642624139786,481.07673758268356
94.28514951467514,84.84485048055649
93.51806402206421,136.7779359817505
190.935950756073,498.564049243927
669.8158440589905,458.3881559371948
1061.9377231001854,543.3212769031525
528.9296134114265,520.0893865823746
1103.5135216116905,412.24547839164734
116.98744118213654,92.03155881166458
62.71931892633438,343.22568106651306
334.9512271285057,513.9917728900909
785.8881096243858,521.1858903765678
674.0280047059059,1073.4159952998161
81.87194359302521,118.22105640172958
160.93782168626785,502.5441783070564
106.6517054438591,87.08929455280304
79.14259451627731,497.52340549230576
514.0604749321938,525.6425250768661
972.9413484930992,523.6516515016556
99.76621997356415,81.41878002882004
102.16609412431717,321.1119058728218
369.11997097730637,513.5830290317535
824.0558487176895,522.1661512851715
105.80773705244064,93.85926294326782
113.63264900445938,129.2383509874344
102.55054718255997,81.8204528093338
91.41244333982468,69.12455666065216
109.47834438085556,502.4106556177139
540.9142545461655,514.4567454457283
981.6101560592651,524.7968439459801
94.25006300210953,81.15693700313568
78.37094044685364,339.4620595574379
359.15883296728134,506.52616703510284
806.4287293553352,520.2742706537247
655.0676339864731,1083.1543659567833
690.8015722632408,514.7734277248383
1144.736454308033,510.8375456929207
71.15432530641556,62.41867470741272
102.01719403266907,487.2608059644699
537.7860869765282,525.0659130215645
981.6119962334633,515.5000037550926
95.49287903308868,86.91512095928192
81.55875408649445,340.9042459130287
362.95764261484146,518.3953573703766
820.5235173106194,514.124482691288
307.81138825416565,495.20761173963547
745.0062625408173,522.5677374601364
105.75713545084,89.77986454963684
75.58200931549072,121.2319906949997
148.64790391921997,514.9440960884094
585.250800549984,520.6011994481087
1033.6696924567223,518.4233075380325
64.62357199192047,87.17242801189423
80.72646659612656,390.1255334019661
104.92236226797104,86.67063772678375
85.28425776958466,293.41974222660065
330.23815965652466,499.9468403458595
770.8230380415916,515.7879619598389
659.9999728798866,1041.3890271186829
103.34393012523651,48.4710698723793
105.24282336235046,510.7381766438484
535.1797282099724,530.6732717752457
990.8376286625862,527.9393713474274
107.38452738523483,102.33747261762619
100.9874198436737,84.69758015871048
98.60830932855606,87.00269067287445
107.5271909236908,228.23180907964706
286.5551044344902,488.9628955721855
714.787995159626,518.5090048313141
1136.575885951519,555.9051140546799
48.36376750469208,97.17223250865936
114.94863909482956,494.86636090278625
547.1445423960686,513.9864575862885
993.9314485192299,520.4565514922142
447.34936106204987,521.3166389465332
876.4712866544724,519.8807133436203
98.05516654253006,90.35183346271515
91.84304243326187,229.98995757102966
281.05693781375885,496.202062189579
706.2898439764977,515.3961560130119
1158.6517274975777,520.2562724947929
78.18061101436615,66.31938898563385
107.89448601007462,495.06851398944855
54.40535855293274,969.6146414279938
76.1372395157814,450.12176048755646
467.81413328647614,515.5938667058945
910.0280267596245,527.138973236084
100.09392309188843,86.05407691001892
109.4748243689537,234.80317562818527
295.1327270269394,492.08927297592163
761.6426461935043,504.3013538122177
1112.949569761753,569.4754302501678
66.7014667391777,62.2065332531929
97.67433834075928,85.54866164922714
103.61021709442139,85.61178290843964
69.50910919904709,441.656890809536
451.55698961019516,519.184010386467
904.9558795690536,528.0621204376221
98.4477578997612,90.90424209833145
57.402630388736725,302.78236961364746
323.5795085430145,495.99549144506454
756.4043866991997,516.2626132965088
103.61826974153519,75.82573026418686
97.55421996116638,86.64978003501892
1099.601109623909,524.2318903803825
108.6310322880745,87.70196771621704
45.02993440628052,464.23006558418274
450.05881959199905,517.5341804027557
914.9207071065903,514.5972929000854
100.44858539104462,88.10641461610794
58.79346716403961,287.4105328321457
331.2663434743881,475.5666565299034
738.7392240762711,543.0017759203911
228.34211039543152,500.62088960409164
659.9270070195198,521.2209929823875
1115.9738900065422,524.6001099944115
87.37277501821518,85.53422498703003
71.27166080474854,485.61733919382095
499.5425350666046,523.5324649214745
954.5514200329781,520.9665799736977
106.08032095432281,93.78867906332016
107.5912417769432,269.44575822353363
96.13914501667023,78.63985496759415
59.16703277826309,219.61096721887589
236.0479229092598,499.37807708978653
669.3547967672348,527.0342032313347
1096.6046698093414,570.3943302035332
70.89253747463226,63.21846252679825
100.86640709638596,487.94859290122986
538.7662742733955,520.7897257208824
996.9241493344307,529.2428506612778
95.1380243897438,85.00997561216354
98.62889641523361,89.22210359573364
96.26976478099823,88.52723520994186
86.89163357019424,294.22036641836166
355.08650040626526,495.91349959373474
803.7634032964706,515.032596707344
649.6073421239853,1046.3006578683853
67.06124621629715,114.60475379228592
138.01614290475845,490.5388571023941
574.7490181326866,529.3999818563461
1029.1849003434181,539.6660996675491
488.7137934565544,516.8602065443993
954.1316689252853,516.8503310680389
94.21653205156326,103.72946792840958
66.6523934006691,351.49560660123825
354.79225993156433,522.68974006176
814.4131448864937,518.2728551030159
102.59103035926819,88.03996962308884
100.8409126996994,149.67808729410172
210.6107977628708,502.42720222473145
640.5096819400787,532.6383180618286
129.55756652355194,496.85043346881866
557.9194524288177,529.8585475683212
1015.8743450641632,529.2006549239159
93.53223919868469,83.44976079463959
59.190121829509735,402.67987817525864
392.18300515413284,518.4659948348999
852.2108848690987,521.8441151380539
100.18375664949417,85.14924335479736
76.87963664531708,226.21236336231232
111.90852701663971,87.2024729847908
98.25243771076202,105.09956228733063
171.65130734443665,498.0886926651001
606.5871881842613,527.5238118171692
1051.5240790843964,529.2909209132195
90.03396391868591,85.67003607749939
105.34084928035736,392.49315071105957
425.701744556427,529.9082554578781
881.1756412982941,527.0093587040901
98.40753573179245,84.16546428203583
102.23341685533524,87.37758314609528
661.2073153853416,1073.5896846055984
52.68305283784866,449.7789471745491
448.9899224638939,525.6580775380135
908.6668068170547,521.1661931872368
104.1027050614357,94.43329495191574
50.094598948955536,299.57240104675293
291.660491168499,506.2095088362694
726.856378018856,528.1806219816208
1179.6822697520256,531.2077302336693
100.08015996217728,82.7898400425911
1087.7760481238365,529.9459518790245
63.52693152427673,85.26906847953796
77.77881932258606,464.6111806631088
470.26971209049225,523.3232879042625
915.3536061644554,526.238393843174
110.27151656150818,99.76548343896866
102.70744770765305,227.40355229377747
263.4043207168579,530.2266792654991
726.6722024083138,524.5867975950241
1186.313078224659,532.46492177248
99.90077918767929,86.32122081518173
104.2256663441658,87.19933366775513
86.27356040477753,296.7454395890236
329.48645520210266,503.62354481220245
761.7753464579582,525.7056535482407
660.8962420225143,1045.2697579860687
103.03992336988449,397.88507664203644
429.29082691669464,520.4861730933189
881.3017247319221,522.4012752771378
102.81163161993027,87.87336838245392
106.1005152463913,87.17848473787308
706.4434340596199,69.44456595182419
106.97254502773285,86.15745496749878
69.22344130277634,501.27655869722366
503.21532464027405,518.3216753602028
926.0032033920288,574.3297966122627
100.94009989500046,96.50490009784698
107.56100207567215,282.95799791812897
328.2378929257393,525.1141070723534
766.2857984900475,537.881201505661
100.25871962308884,81.72328037023544
653.7686390280724,532.7683609724045
1109.6675167679787,530.5914832353592
79.27041655778885,86.6735834479332
94.61431616544724,458.8296838402748
70.03340518474579,395.68959480524063
395.8952978849411,528.8277021050453
870.868191242218,525.9648087620735
99.156090259552,81.69490975141525
57.944977164268494,238.16602283716202
100.52887070178986,83.19412928819656
82.70576584339142,107.03523415327072
154.32764333486557,499.08035665750504
576.8745430707932,546.2734569311142
1026.6624386906624,548.6885613203049
61.67333626747131,83.36366373300552
65.75723600387573,403.63176399469376
394.97112905979156,527.3798709511757
841.5750227570534,535.4069772362709
101.45491701364517,86.54508298635483
98.40881514549255,81.86818486452103
105.08571302890778,83.0802869796753
61.48563367128372,122.34736633300781
118.60653585195541,511.6894641518593
542.9314369559288,545.2715630531311
1004.6833193898201,548.4276806116104
100.45221197605133,82.62178802490234
50.703110694885254,413.31588929891586
372.0100173354149,519.9339826703072
813.5939189791679,526.6650810241699
288.8448112607002,508.2661887407303
723.1147074103355,529.274292588234
1171.6996113061905,534.5973886847496
52.11650615930557,114.14149385690689
100.7014154791832,509.72458451986313
534.8973179459572,523.2146820425987
984.2032014727592,531.5557985305786
59.306113958358765,90.93388605117798
52.3170520067215,347.0539479851723
341.9379372000694,511.7100628018379
94.11483228206635,222.45916771888733
255.81071895360947,510.9492810368538
671.9136531949043,531.9203467965126
1119.6645509004593,548.3364490866661
100.21145343780518,80.60354655981064
57.5183544754982,499.0556455254555
488.82426142692566,519.6387385725975
921.3341637253761,529.4248362779617
101.97506904602051,87.2289309501648
102.55896645784378,88.68103355169296
98.55085963010788,80.87414038181305
93.33874279260635,183.4012572169304
219.7196244597435,511.0583755373955
651.4515168070793,551.121483206749
1105.4064127802849,532.0005872249603
104.47231066226959,86.49068933725357
57.61320388317108,499.40579611063004
479.36408919095993,529.2659108042717
891.595992743969,566.0710072517395
96.58786803483963,85.19013196229935
842.1897412538528,540.216258764267
96.92260563373566,82.52139437198639
85.43348133563995,228.2335186600685
254.3323730826378,524.3346269130707
650.0652830004692,564.972716987133
1144.5561510920525,538.9998489022255
93.91903162002563,50.9139683842659
90.18791943788528,508.6080805659294
520.2538150548935,533.8941849470139
52.76468950510025,460.3833104968071
445.81156319379807,532.7434368133545
898.6004551053047,537.4745448827744
103.44335025548935,87.66764974594116
105.04624551534653,235.95375448465347
286.9261429309845,507.9808570742607
715.3260270953178,539.8229728937149
1163.0209201574326,543.8300798535347
53.82780557870865,127.19019442796707
95.5977024435997,536.198297560215
54.57058984041214,89.09641015529633
70.59847527742386,471.4565247297287
457.27636581659317,544.0756341814995
913.2672507762909,533.1767492294312
100.09313082695007,90.38786917924881
68.73301994800568,301.4329800605774
307.1139038205147,507.90509617328644
742.4577994346619,539.1532005667686
642.5416906476021,1091.0133093595505
106.47761762142181,90.91138237714767
1080.3405374884605,532.0494624972343
67.69430947303772,460.06469053030014
451.5562029480934,550.3337970376015
907.2700824141502,542.6199175715446
97.22396832704544,83.99803167581558
107.75285464525223,268.0621453523636
298.17173874378204,519.5512612462044
744.6996281147003,525.8933718800545
644.1365178823471,1094.104482114315
643.6834354996681,532.0945644974709
1090.2673244476318,543.213675558567
98.74020904302597,39.685790956020355
77.38110893964767,468.2858910560608
473.6689829826355,534.2010170221329
941.9748440384865,560.3211559653282
96.48571211099625,85.8662878870964
98.82859367132187,308.17140632867813
337.09848934412,520.5125106573105
79.33137077093124,242.33562922477722
256.1742594242096,524.046740591526
651.574171423912,574.9638285636902
1138.4920552372932,544.5079447627068
102.48293894529343,34.83206105232239
79.32682347297668,511.9501765370369
519.4477068781853,529.6072931289673
976.3665915131569,529.3564084768295
95.46847921609879,85.124520778656
100.64534425735474,336.1876557469368
106.8042334318161,84.43676656484604
103.11112105846405,244.51887893676758
272.0650111436844,532.3419888615608
721.3909003138542,543.869099676609
1172.6608036756516,537.803196310997
43.74370378255844,123.21929621696472
107.77358663082123,515.9484133720398
552.9864526391029,539.6245473623276
1017.4223226308823,540.1876773834229
96.35919308662415,82.12180691957474
948.2580615878105,560.6859384179115
95.86092793941498,78.13907206058502
77.18581509590149,354.53618490695953
327.2336955666542,542.0443044304848
795.6695757508278,529.9414242506027
104.4024652838707,90.00453472137451
76.6534548997879,117.56954509019852
143.66335105895996,506.94764894247055
584.8412213921547,544.5477786064148
1037.3691028952599,544.7228971123695
500.1389781832695,568.9540218114853
962.9268614053726,544.4621385931969
98.54773706197739,81.2292629480362
72.78162115812302,346.9223788380623
350.06850695610046,538.3944930434227
803.1713865995407,546.3836134076118
96.3302554488182,85.20674455165863
81.2661257982254,202.3268741965294
223.55399072170258,518.2050092816353
78.41686099767685,125.91713899374008
156.4457287788391,509.5002712011337
585.4556162953377,541.3773837089539
1045.335508108139,564.108491897583
100.01339972019196,80.13560026884079
98.98629409074783,398.97670590877533
411.8671840429306,533.6328159570694
871.6730611920357,537.7899388074875
97.97995406389236,84.66804593801498
96.17484140396118,78.75115859508514
94.51871716976166,77.7402828335762
95.77061253786087,139.37838745117188
174.20549619197845,519.4055038094521
617.6053703427315,541.9876296520233
1080.0962525606155,544.0697474479675
62.940138936042786,82.15186107158661
77.8950166106224,473.15998339653015
467.60890007019043,532.4470999240875
920.8037771582603,543.788222849369
102.38968521356583,95.87031477689743
807.6585924625397,557.8044075369835
97.44547337293625,78.55352663993835
96.6413602232933,177.3576397895813
213.8742437362671,513.7737562656403
651.4031249880791,553.4118750095367
1107.0430065393448,543.4569934606552
99.79389470815659,55.35410529375076
102.76778268814087,467.97321730852127
477.1296872496605,550.5923127532005
80.97256296873093,396.2674370408058
417.33544516563416,520.2395548224449
856.8083302378654,538.2846697568893
94.2072069644928,79.53279304504395
88.47708755731583,231.22691243886948
262.22797429561615,508.06902569532394
681.6459015011787,539.1130985021591
1128.414788722992,549.3622112870216
38.776662051677704,124.83433794975281
233.34354013204575,413.6934598684311
52.641300439834595,470.50669956207275
446.6331739425659,535.4038260579109
905.3290463685989,560.1349536180496
88.56091505289078,78.03208494186401
45.01577764749527,374.7802223563194
436.69265031814575,413.49234968423843
767.3135270476341,536.1854729652405
94.15739411115646,77.91660588979721
89.48227888345718,79.72072112560272
1148.844152867794,548.321847140789
74.31802666187286,93.40397334098816
95.38290840387344,518.1350916028023
525.1157977581024,557.4772022366524
986.6446834802628,548.6143165230751
97.2105843424797,78.4004156589508
53.05448776483536,408.2795122265816
398.1203682422638,506.12063175439835
807.482254087925,540.1667459011078
93.78911799192429,80.28588199615479
733.854002892971,548.9789971113205
1187.938894867897,547.5981051325798
61.84162700176239,406.60237300395966
391.9815111756325,528.8704888224602
854.6403980851173,530.50760191679
97.40929180383682,83.68370819091797
69.4381787776947,227.04282122850418
238.0780729651451,513.8669270277023
669.606960773468,534.8380392193794
1120.7288513183594,545.5121486783028
588.3317204713821,547.353279531002
1045.2676081061363,534.2503919005394
84.11149668693542,81.24050331115723
46.288366198539734,475.0446338057518
436.5202478170395,525.1647521853447
890.1421291828156,532.6548708081245
97.80000913143158,86.4779908657074
45.66290259361267,311.2070974111557
285.764786362648,508.0682136416435
724.2756707668304,537.4653292298317
213.93353593349457,517.3444640636444
655.0924000144005,532.6855999827385
1127.6202626228333,545.8417373895645
54.7241285443306,89.64587146043777
209.12201088666916,412.4149891138077
513.5958864092827,579.5701135993004
1017.3467644453049,531.0972355604172
47.153648853302,77.82735115289688
51.219538271427155,423.46546173095703
99.45243054628372,84.15856945514679
96.03631055355072,261.33468943834305
282.3422014117241,521.7867985963821
725.5750816464424,524.794918358326
1156.232951104641,586.0630488991737
76.98866379261017,395.03033620119095
403.3875342011452,533.9454658031464
860.6754056811333,537.9725943207741
95.51927602291107,87.94372397661209
101.78915202617645,227.30384796857834
264.81704127788544,525.7929587364197
94.23494863510132,131.52405136823654
183.26381695270538,528.3471830487251
614.9037044644356,550.2442955374718
1067.1925935149193,537.0124064683914
68.99036133289337,477.657638669014
457.5192429423332,557.3137570619583
904.6411308050156,565.5818691849709
93.5390123128891,81.44198769330978
91.9758933186531,78.78310668468475
95.98576605319977,78.05123394727707
68.18164646625519,221.57735353708267
204.1545326113701,550.2344673871994
669.9054142832756,550.1685857176781
1126.4342942237854,550.2317057847977
105.22218281030655,34.87081718444824
73.08507204055786,506.1749279499054
508.8169479370117,544.6090520620346
955.5308400392532,517.6721599698067
95.94871175289154,80.01428824663162
889.5885978937149,532.3744021058083
96.20948338508606,86.82751661539078
100.59036374092102,234.98363626003265
278.69325172901154,512.6037482619286
705.8521550893784,537.9638448953629
1124.9550438523293,576.7669561505318
61.87292677164078,96.57207322120667
160.53080642223358,477.3761935830116
548.3556895256042,539.9593104720116
81.47657603025436,465.5604239702225
464.52445513010025,530.9195448756218
913.7383478879929,536.7616521120071
96.08122861385345,82.08477139472961
95.01811629533768,298.4638836979866
527.5650012493134,318.63899874687195
764.2608786225319,527.9241213798523
647.4567764401436,1100.4702235460281
98.79968529939651,92.57031470537186
151.6985787153244,510.74542129039764
45.932449638843536,90.47555035352707
65.57133513689041,510.5396648645401
625.8412203788757,420.2697796225548
942.92510586977,560.3158941268921
96.3419896364212,86.02801036834717
52.09387695789337,368.94312304258347
403.86275202035904,488.82224798202515
795.1706243157387,533.5713756680489
96.14349710941315,81.02350288629532
93.09840220212936,80.10559779405594
639.6263021826744,1084.6516978144646
58.26623809337616,92.89976191520691
73.48112308979034,538.9828768968582
561.1760115027428,477.3789885044098
1088.555919766426,421.25808024406433
90.19680148363113,76.67419850826263
96.09567016363144,335.1453298330307
360.27254712581635,510.80145287513733
858.3934237957001,498.9025762081146
97.86730474233627,89.31769526004791
749.2102125883102,515.1777874231339
104.88807666301727,76.42792332172394
94.11996030807495,74.86103969812393
140.09282755851746,517.3321724534035
584.6587138175964,540.6372861862183
1068.5946014523506,496.6453985571861
65.08747112751007,78.72852885723114
70.17134523391724,423.0696547627449
425.57022762298584,532.2257723808289
107.26614153385162,307.3828584551811
294.96108359098434,528.0759164094925
732.8599794507027,543.3440205454826
1180.1858916282654,551.240108370781
69.99279028177261,122.54420971870422
101.57670086622238,492.27529913187027
532.8275934457779,546.6724065542221
981.7824921011925,553.5325078964233
102.14439302682877,81.726606965065
82.06228983402252,361.7337101697922
105.77618169784546,85.66781830787659
104.26808953285217,218.52791047096252
260.7219975590706,530.2220024466515
688.177904009819,547.6190959811211
1144.669810295105,496.5901896953583
98.41969859600067,39.4503014087677
82.85658097267151,486.7364190220833
514.0334747433662,537.3185252547264
965.5613675713539,536.9006324410439
96.99825048446655,83.96474951505661
895.1561651229858,511.0658348798752
97.72214829921722,80.94385170936584
60.214027523994446,235.98997247219086
211.61393183469772,523.813068151474
641.8648289442062,546.9131710529327
1088.5417287945747,559.1432712078094
105.08862620592117,79.56037378311157
99.5985237956047,450.4744762182236
452.2574223279953,546.0205776691437
906.0083149075508,551.0476850867271
394.8702145218849,511.6297854781151
820.02909886837,548.3599011301994
97.07597452402115,79.29402548074722
58.567861914634705,228.96913808584213
222.05975377559662,490.40324622392654
657.6446301937103,537.6703698039055
1119.5615026950836,548.6794973015785
65.23837065696716,70.87262934446335
82.45224630832672,512.3067536950111
110.24011838436127,79.77788162231445
58.06600242853165,463.45299756526947
434.760880112648,550.7021198868752
887.8447672128677,550.5802327990532
97.79964274168015,86.31135725975037
94.97752839326859,265.8014715909958
297.48740339279175,525.5685966014862
738.1272804737091,553.1877195239067
1187.6741805672646,548.2708194255829
100.70308250188828,77.09291750192642
101.67697435617447,86.84302562475204
83.92686551809311,87.03513449430466
104.5667371749878,449.7472628355026
473.37362438440323,548.5523756146431
926.7725195884705,541.4124804139137
107.19040632247925,84.49459367990494
93.14529633522034,289.5957036614418
328.9881655573845,514.1038344502449
758.6290534734726,550.0379465222359
660.8239439725876,1062.787056028843
668.8538336753845,545.6471663117409
1122.0857258439064,546.6732741594315
74.31759828329086,57.51540172100067
89.23547613620758,513.9125238656998
511.13437670469284,539.2546232938766
965.682258605957,542.6517413854599
103.48913931846619,83.9008606672287
78.22101902961731,351.72398096323013
348.2308930158615,544.7131069898605
53.778783559799194,292.55421644449234
292.9746523499489,526.9883476495743
737.614520072937,549.9974799156189
641.476391017437,1064.5426089763641
83.94928896427155,115.34771102666855
148.81115251779556,516.3188474774361
589.3210141658783,544.3999858498573
1059.9058809876442,534.1121190190315
102.45376920700073,81.76923078298569
95.72265726327896,421.3513427376747
55.52954035997391,82.91545963287354
97.89145398139954,315.31254601478577
360.5133277773857,518.1176722049713
800.2822204232216,547.7367795705795
95.77411425113678,81.44888573884964
88.00600188970566,133.49299812316895
167.3128889799118,518.3541110157967
610.9347770214081,549.2872229814529
1068.9266663193703,549.4633336663246
92.19553768634796,78.80446231365204
1000.8174063563347,551.8675936460495
56.308275163173676,77.37672483921051
73.68916094303131,390.75583904981613
402.7730455994606,522.6149544119835
843.0619381070137,547.234061896801
101.29382759332657,88.15017241239548
117.00873416662216,192.12126582860947
200.017684340477,520.6113156676292
630.0105718970299,549.7304280996323
1102.0024642944336,545.3505356907845
526.9753948450089,547.0426051616669
984.4852848052979,543.6627151966095
95.73715609312057,82.50384390354156
66.06202852725983,393.21597146987915
374.83090221881866,532.7240977883339
839.8787695765495,542.2882304191589
101.9996388554573,83.7033611536026
94.84351080656052,222.82348918914795
256.7053806781769,530.4246193170547
101.60429126024246,125.21070873737335
162.0771770477295,519.0708229541779
604.6430541872978,550.0239458084106
1060.2839257717133,558.8090742230415
61.978805124759674,81.81719487905502
74.41469550132751,456.3073045015335
446.4075679779053,548.7784320116043
904.3244401812553,544.5085598230362
98.22333854436874,85.75766146183014
65.34522634744644,292.2847736477852
96.0221004486084,83.71889954805374
73.90297544002533,220.70802456140518
227.56084716320038,528.587152838707
670.1267165541649,550.2252834439278
1135.3225902318954,540.066409766674
95.70245879888535,50.167541205883026
97.62033116817474,508.3426688313484
524.7232062220573,558.7767937779427
991.9920701980591,555.8779298067093
93.09593749046326,81.94106251001358
924.7348082661629,551.468191742897
96.37469989061356,82.79230010509491
99.79258584976196,291.50341415405273
320.50648605823517,545.5305139422417
755.4803646802902,561.3346353173256
96.36123311519623,72.21276688575745
96.79716098308563,138.4438390135765
141.9180343747139,539.2669656276703
585.0589028596878,553.2380971312523
1045.789791047573,572.2282089591026
510.33867835998535,563.9213216304779
957.8665677905083,581.0414322018623
94.9134556055069,75.36354440450668
99.96134275197983,342.7426572442055
370.694236934185,515.3617630600929
778.2231300473213,557.9988699555397
128.88102573156357,84.11897426843643
93.42794543504715,142.75705456733704
187.53181570768356,512.3571842908859
55.2826891541481,127.86631083488464
116.49556630849838,521.9664337038994
585.5994403362274,510.6055596470833
997.7203073501587,556.0206926465034
52.86018192768097,78.95481806993484
63.036065220832825,409.88893473148346
421.4549372792244,525.0270627140999
893.2618099451065,501.01719003915787
92.25368118286133,78.3763188123703
53.541554152965546,308.45944583415985
102.77343201637268,76.94856798648834
92.80234277248383,163.40165722370148
194.16421389579773,529.3907861113548
630.489083647728,547.2699163556099
1090.7029668688774,567.0190331339836
151.28785395622253,45.212146043777466
113.79773396253586,444.0732660293579
435.7896562218666,572.8033437728882
884.2075405716896,583.2194594144821
103.62441688776016,94.18958312273026
814.6353019475937,553.8466980457306
104.23818868398666,92.13181132078171
67.71108174324036,227.60291826725006
197.07295960187912,563.1120404005051
633.9358568787575,568.953143119812
1085.7977471351624,558.1652528643608
63.17762905359268,63.395370960235596
62.966530442237854,516.848469555378
459.7914225459099,557.3755774497986
907.135322034359,571.5136779546738
365.16421204805374,576.0957879424095
815.0071135163307,571.7708864808083
99.40599864721298,79.83400136232376
50.99089115858078,235.2871088385582
201.70478916168213,552.9982108473778
638.9926759600639,562.7293240427971
1095.5595630407333,579.5154369473457
47.43945002555847,72.76454997062683
67.15334558486938,516.3096544146538
82.07123553752899,82.4297644495964
90.58112913370132,403.4188708662987
377.27702724933624,573.0929727554321
821.1019304990768,576.4350695014
100.24081540107727,79.99918460845947
79.4557079076767,231.340292096138
211.2435929775238,531.1454070210457
642.8644889593124,554.6165110468864
1098.2273757457733,545.920624256134
107.99727112054825,85.5587288737297
1003.0061919689178,54.01180803775787
70.05408638715744,84.64991360902786
76.71297878026962,385.25002121925354
377.79686373472214,560.7591362595558
834.6957464814186,559.4332535266876
107.18763250112534,88.38636749982834
56.04953122138977,231.06046879291534
211.07842487096786,525.5695751309395
653.4413087368011,547.2256912589073
1106.025197982788,548.4928020238876
561.7020911574364,559.3909088373184
1024.9349630475044,554.9730369448662
68.407859146595,81.75914084911346
66.89979690313339,393.8772031068802
393.835682451725,525.1633175611496
853.1975919604301,539.9314080476761
97.72752374410629,82.80947625637054
45.125415682792664,214.05958431959152
195.54328620433807,530.8087137937546
68.16516745090485,109.79783254861832
111.4900673031807,517.2699326872826
549.4449468255043,551.815053164959
1004.0108467936516,559.9331532120705
49.70574480295181,76.92325520515442
59.66062921285629,402.9313707947731
382.78151792287827,532.6994820833206
813.0704244971275,569.1895754933357
99.69132965803146,76.5316703915596
107.49826109409332,158.68773889541626
103.76819014549255,78.86180984973907
88.61108446121216,64.851915538311
84.9359632730484,539.0080367326736
514.6498628258705,566.3861371874809
1009.8647955656052,504.0802044272423
108.20872950553894,98.71727049350739
83.82961755990982,304.1883824467659
318.13549649715424,540.6795035004616
744.5713855624199,582.7796144485474
614.8592954277992,1124.769704580307
636.64822524786,572.963774740696
1090.6951197385788,583.6558802723885
105.91001588106155,81.33198410272598
55.882924914360046,507.839075088501
451.5598306655884,561.3481693267822
901.644717335701,571.9662826657295
100.70959997177124,81.97540003061295
92.44249272346497,303.8735073208809
296.8783874511719,552.6956125497818
719.3512811660767,563.9997188448906
196.15818309783936,540.6008169054985
638.3900654911995,562.4609345197678
1082.3639604449272,569.7840395569801
105.15185207128525,77.55214792490005
74.27274990081787,490.85625010728836
455.58061921596527,567.8273807764053
917.4604926109314,579.8725073933601
109.98938876390457,83.21461123228073
100.46228343248367,294.333716571331
103.49218010902405,81.48981988430023
101.85307270288467,209.96192729473114
233.64196056127548,532.8020394444466
651.6518501639366,571.7191498279572
1099.5317459702492,572.2832540273666
55.15363657474518,109.99436342716217
46.71954745054245,538.1324525475502
469.15543377399445,572.8435662388802
932.6103020906448,576.4446979165077
99.9722011089325,89.8237988948822
99.51909351348877,82.10890650749207
94.51097124814987,75.34002876281738
50.63283312320709,287.99716687202454
253.30969750881195,544.4673025012016
686.1535954475403,572.0324045419693
1141.2194824814796,586.0955175161362
68.85837841033936,116.65962159633636
94.3132598400116,540.8897401690483
525.5091335177422,552.4348664879799
980.2040048837662,562.4069951176643
447.41888642311096,555.0071135759354
902.4847787022591,568.5332213044167
102.99465876817703,80.89434123039246
81.78255796432495,302.9394420385361
286.66345942020416,552.0585405826569
713.2663536667824,582.9006463289261
1169.6652493476868,563.4087506532669
80.41613793373108,111.21286207437515
108.39002966880798,549.2949703335762
545.6219184994698,567.1370815038681
46.72480911016464,511.38619089126587
470.08769130706787,556.3573086857796
913.5785775184631,569.5874224901199
100.62647032737732,88.81852966547012
99.17336219549179,294.97463780641556
295.46125876903534,558.3717412352562
731.8421474695206,556.5098525285721
1185.963041305542,555.7029587030411
87.10394340753555,111.56305658817291
96.87282037734985,86.10817962884903
62.03068208694458,64.78331792354584
71.72654795646667,521.8664520382881
492.60643553733826,558.8745644688606
947.2103223800659,557.5856776237488
100.46121805906296,82.96378195285797
104.21210157871246,329.0278984308243
330.4069911837578,570.7220088243484
765.2698934078217,568.6191065907478
109.42777734994888,74.20122265815735
96.79072552919388,77.3952744603157
1126.0225866436958,569.9594133496284
56.273458659648895,108.89254134893417
77.08034461736679,519.6976553797722
514.6462163925171,547.7797836065292
979.7491052150726,546.1958947777748
95.12902897596359,94.42597103118896
42.63989734649658,390.39710265398026
346.48375737667084,552.497242629528
813.0856194496155,558.1733805537224
299.81948494911194,532.4405150413513
745.7173573970795,563.1896426081657
653.1722255945206,1076.494774401188
99.83494138717651,411.72005861997604
419.4008195400238,547.8951804637909
894.0586798787117,542.4233201146126
95.49555283784866,89.04244714975357
77.39442121982574,292.7345787882805
307.84928822517395,527.650711774826
743.9701591730118,557.6778408288956
656.6840216517448,1075.8349783420563
105.92075943946838,84.82024055719376
101.26368987560272,93.27331012487411
100.18158233165741,293.7444176673889
321.35847759246826,536.6225224137306
759.6473510861397,562.9086489081383
103.43524318933487,69.21375679969788
91.35218787193298,113.01781213283539
139.28905338048935,529.3409466147423
577.502922475338,561.55307751894
1041.9387953281403,559.1732046604156
501.8936821818352,540.847317814827
964.6255631446838,549.355436861515
103.3214401602745,90.86355984210968
88.38634032011032,342.77965968847275
333.5272738337517,538.6207261681557
776.8901399374008,559.6298600435257
90.32499551773071,77.61900448799133
50.55785799026489,227.16414201259613
195.45674639940262,539.1352536082268
641.559617638588,550.4953823685646
130.55148726701736,521.7635127305984
572.5433533191681,558.1416466832161
1031.0722420811653,552.0017579197884
107.601118683815,83.25088131427765
103.74100995063782,390.4819900393486
409.60288482904434,548.3971151709557
858.372776389122,562.4972236156464
97.7526530623436,79.48834693431854
101.22653824090958,240.60646176338196
111.99542766809464,78.11557233333588
97.65335786342621,135.80864214897156
158.7942351102829,535.5947648882866
601.9151045680046,567.9918954372406
1061.9259830713272,565.5380169153214
100.21286499500275,77.06413501501083
95.2247434258461,446.4062565565109
450.6406145095825,551.5063854455948
903.7815006971359,565.1264992952347
110.18037271499634,82.72762727737427
102.67227214574814,77.84672784805298
103.12717032432556,82.07682967185974
67.47107011079788,211.34492987394333
201.83296805620193,542.1120319366455
633.3978591561317,561.4341408610344
1081.908765554428,559.7392344474792
100.91967076063156,77.19232922792435
103.04056793451309,445.1264320611954
447.94045984745026,548.0785401463509
896.9123528003693,549.6246472001076
357.2932476401329,546.6137523651123
801.1561508178711,557.3448491692543
105.46204441785812,86.24195557832718
105.32396179437637,151.19403821229935
178.46386235952377,534.0731376409531
606.4187558293343,558.1002441644669
1060.6516495347023,559.6823504567146
111.90254354476929,77.80145645141602
70.7094413638115,445.2915586233139
72.34933704137802,863.7806629538536
79.02524042129517,347.7327595949173
327.0171412229538,558.0188587903976
769.7690404057503,565.0829595923424
97.35295307636261,79.81404691934586
105.7158432006836,147.45215678215027
144.48474824428558,545.3302517533302
574.6066508889198,575.9123491048813
1023.4495539665222,579.013446033001
80.58946096897125,77.72553902864456
102.13635838031769,79.64064162969589
103.03625583648682,80.38974416255951
54.26916128396988,353.120838701725
303.6310700774193,549.6659299135208
725.2889751195908,568.0250248908997
1164.37390178442,569.8670982122421
65.60580396652222,119.39419603347778
90.91270792484283,538.7172920703888
523.4966097474098,570.9103902578354
965.0065100193024,571.2144899964333
100.72041130065918,81.40858870744705
869.4343087673187,555.8426912426949
102.9642026424408,80.11079734563828
104.99210250377655,244.3598974943161
237.31802171468735,550.4229782819748
674.8839074969292,562.7650924921036
1135.1347985863686,570.6242014169693
52.62669175863266,115.87330824136734
74.72957706451416,543.8084229230881
508.83147752285004,552.2605224847794
105.3983696103096,403.8236303925514
403.94527465105057,559.8697253465652
849.7331848144531,562.8038151860237
100.74409079551697,77.88590919971466
106.9579861164093,218.96801388263702
232.63487660884857,553.4591233730316
655.3477921485901,571.9102078676224
1106.6736928224564,568.6043071746826
52.2215930223465,70.96540701389313
108.804492354393,81.84250766038895
51.44543021917343,76.74056977033615
72.9743195772171,389.544680416584
358.42821007966995,559.5527899265289
803.1611004471779,566.9128995537758
115.42999070882797,87.2360092997551
70.88588619232178,219.13311380147934
190.7477798461914,553.7522201538086
627.701681137085,558.4093188643456
1077.8045707941055,574.6404291987419
99.59347611665726,78.42552387714386
982.6583648324013,583.4896351695061
103.46526527404785,77.36773473024368
57.716165602207184,401.63583439588547
351.56006932258606,551.8289306759834
804.1989589333534,560.0040410757065
122.5808756351471,91.84612435102463
102.44283831119537,124.65016168355942
149.00872230529785,536.4352777004242
573.4636198878288,562.0183801054955
54.806531727313995,529.3414682745934
481.8914335370064,554.256566464901
929.5863353610039,553.6356646418571
100.4302334189415,82.32876658439636
95.86713355779648,292.299866437912
301.2660324573517,541.3829675316811
726.6829307079315,569.3170692920685
622.063828587532,1090.1391714215279
70.1477290391922,124.70327097177505
105.49163228273392,545.2303677201271
103.9275312423706,82.071468770504
98.43842095136642,457.02457904815674
445.78231823444366,560.4406817555428
899.8112145662308,559.8187854290009
102.83910489082336,80.27189511060715
71.29400062561035,295.61399936676025
276.4159000515938,541.8620999455452
715.7588167190552,548.704183280468
1160.0847088694572,566.0632911324501
100.72360694408417,77.75739306211472
1056.0685080885887,575.6734918951988
100.81130403280258,428.874695956707
421.74620056152344,556.2347994446754
870.9240939617157,565.9839060306549
111.74900996685028,96.38099002838135
84.11095404624939,230.0740459561348
224.41685181856155,548.8411481976509
657.3167515993118,567.4802483916283
1104.1226453781128,570.4323546290398
558.4485439062119,570.3294560909271
1016.9404410123825,564.2455589771271
75.20933830738068,79.08666169643402
99.33124673366547,386.39175325632095
381.98914325237274,558.9738567471504
815.277045071125,570.5189549326897
105.99094843864441,77.7120515704155
78.02084738016129,221.22015261650085
194.19674170017242,555.1922582983971
83.26263499259949,115.68236500024796
108.69953292608261,545.430467069149
536.5984340310097,575.0125659704208
988.2383330464363,583.8916669487953
51.211235761642456,76.62176424264908
52.51814019680023,404.18585979938507
355.54602485895157,566.78697514534
793.9639214873314,567.9420785307884
99.43781584501266,77.84018415212631
99.3737285733223,160.86627143621445
105.36561924219131,88.70838075876236
63.450507164001465,107.60549283027649
99.99739849567413,530.743601500988
514.9523018598557,562.0846981406212
994.536200940609,556.0937990546227
97.86110240221024,77.9718976020813
84.1130006313324,349.4989993572235
338.8638997077942,550.2851002812386
774.4847990870476,582.3852009177208
102.2907127737999,104.98628723621368
672.1716047525406,564.9023952484131
1134.9604822993279,568.5955176949501
44.80435752868652,130.30764245986938
81.9432390332222,552.4087609648705
534.0471095442772,563.3428904414177
985.574987411499,580.3880125880241
69.97386664152145,90.06313335895538
87.13274800777435,398.515251994133
367.38362896442413,574.5243710279465
829.2455189824104,576.4024810194969
302.0704132914543,552.633586704731
735.5622950792313,578.4747049212456
643.7761791348457,1120.7228208780289
86.62109458446503,123.37990540266037
123.25997519493103,557.2950248122215
568.2328522205353,560.4511477947235
1024.0027292370796,580.127270758152
87.86561399698257,78.0053859949112
105.31951457262039,410.1804854273796
95.16343224048615,77.20656776428223
57.414309322834015,351.3816906809807
312.2392101287842,544.8347898721695
750.2500994801521,561.212900519371
1205.4449940919876,577.185005903244
69.79281955957413,407.4111804366112
354.6737148165703,564.9382851719856
814.6465948820114,575.2974051237106
97.50847572088242,84.69552427530289
68.61135792732239,242.25864207744598
212.0842502117157,536.8777498006821
100.22413831949234,123.36886167526245
134.62303394079208,540.3399660587311
554.4489271640778,558.866072833538
1008.2368202209473,563.6521797776222
76.04271548986435,91.95628452301025
68.88664102554321,396.798358976841
355.8785373568535,575.3624626398087
810.9264168143272,568.8705831766129
99.41729533672333,87.54470467567444
108.65017783641815,85.4978221654892
1187.8080741763115,572.4699258208275
101.98498117923737,108.45901882648468
111.79188001155853,541.8001199960709
549.1177654266357,569.5502345561981
1005.1276485919952,562.7623513936996
70.7485362291336,84.51046377420425
96.92542219161987,392.59357780218124
387.9913127422333,566.7676872611046
823.1132222414017,562.3867777585983
98.1041190624237,84.11788094043732
737.7999981045723,562.8850018978119
1197.6808845996857,565.3751153945923
99.74679565429688,122.16020435094833
114.31268906593323,550.5023109316826
556.6555809378624,573.4914190769196
1008.4994714260101,575.9265285730362
79.52835202217102,85.02664798498154
106.686239361763,379.44276064634323
380.19614762067795,569.9878523945808
52.05903035402298,349.6079696416855
315.8839150071144,536.2450850009918
751.1537988185883,572.8092011809349
644.4236955046654,1126.3173044919968
103.02559155225754,115.49240845441818
132.29549312591553,540.5565068721771
562.7873820066452,569.1936179995537
1019.9642648696899,577.1287351250648
90.62315362691879,84.56284636259079
109.22503906488419,353.6449609398842
100.03194200992584,87.43005800247192
67.6158247590065,345.6051752567291
338.311705827713,551.0952941775322
765.3035805821419,566.0484194159508
660.1844864487648,1133.0945135354996
99.36524075269699,432.0977592468262
407.3191221356392,580.6248778700829
860.2560057044029,593.577994287014
99.63688880205154,78.3081111907959
51.01777958869934,310.07522040605545
112.5456668138504,82.06533318758011
103.81560987234116,127.92539012432098
148.10350060462952,557.2114993929863
587.8363834023476,578.4786165952682
1046.8272673487663,558.320732653141
52.319144904613495,82.51385509967804
101.73702734708786,425.299972653389
439.45090425014496,563.0680957436562
885.3127884268761,562.9652115702629
101.73067551851273,76.84332448244095
97.20456516742706,77.70243483781815
96.19544780254364,79.89655220508575
52.2983523607254,234.4976476430893
192.14223283529282,540.5797671675682
621.2641195058823,581.6068804860115
1084.237003147602,569.5589968562126
110.41390454769135,84.47509545087814
72.6278338432312,470.0941661596298
436.37872302532196,559.8072769641876
880.1296250224113,563.9073749780655
343.1395167708397,571.1194832324982
794.5764122605324,560.0165877342224
642.4943063855171,1165.9696936011314
102.54122918844223,160.30977082252502
175.55111229419708,534.3188877105713
597.3210057020187,566.7899942994118
1048.867903292179,568.4830967187881
59.06379699707031,87.02820301055908
98.8696922659874,422.38930773735046
45.17656892538071,898.397431075573
59.779441595077515,389.6465584039688
356.2903217077255,567.5626782774925
806.2632101178169,560.9767898917198
100.69909632205963,71.41190367937088
102.3950520157814,166.84594798088074
180.84994000196457,540.4280599951744
594.878841817379,568.8441581726074
1041.6857433915138,573.3152565956116
102.23262804746628,81.32337194681168
99.70551878213882,88.83148121833801
99.82739979028702,91.83960020542145
54.63328570127487,393.38471430540085
335.42218321561813,561.1898167729378
783.9130647778511,593.327935218811
670.9979603290558,1136.3540396690369
98.3789067864418,142.6220932006836
157.3517837524414,553.4632162451744
599.1766587495804,584.2303412556648
1055.35353910923,569.9984608888626
521.1784173250198,52.48758268356323
982.2813067436218,559.2746932506561
97.05117815732956,85.55982184410095
67.56106698513031,402.0499330163002
349.7009835243225,566.910016477108
795.9148777723312,580.8811222314835
668.4437800645828,1156.7602199316025
104.43470788002014,149.97129213809967
161.0565893650055,554.6654106378555
595.3634785413742,574.8395214676857
91.33637416362762,545.3116258382797
511.08727568387985,563.8757243156433
971.1351612210274,572.1798387765884
98.72004699707031,82.74395298957825
52.35892730951309,401.8260726928711
345.7578076720238,578.9451923370361
802.9536884427071,581.2503115534782
99.83357280492783,85.14642721414566
57.9374520778656,246.78554791212082
105.85535073280334,85.33064925670624
66.67927634716034,117.07972365617752
102.727146089077,543.2918539047241
546.1640272140503,569.3919727802277
998.1549214720726,558.0860785245895
63.46181404590607,87.48318594694138
79.93471133708954,403.1952886581421
366.39059072732925,579.2404092550278
819.2334675192833,579.2295324802399
103.15135687589645,80.27564311027527
99.80924105644226,77.98775893449783
1194.4311265349388,588.8658734560013
74.46292811632156,403.5740718841553
370.0468056201935,570.8961943984032
823.9656965732574,579.701303422451
99.23457884788513,83.96942114830017
87.44846296310425,222.2915370464325
224.27434265613556,548.8006573319435
655.6732349395752,570.0307650566101
1107.4981308579445,570.1868691444397
99.32302951812744,80.93597048521042
1020.0929104089737,573.48108959198
104.02980732917786,84.30419266223907
100.70669931173325,396.8503006696701
396.95758044719696,558.7284195423126
840.2444737553596,566.4225262403488
108.45835602283478,86.83764398097992
106.50624644756317,222.53075355291367
236.1451494693756,544.909850537777
664.1750357151031,565.2319642901421
1121.999924480915,586.7410755157471
577.2878102064133,582.1371898055077
1033.9276952147484,580.0543047785759
102.03058195114136,78.78441804647446
106.74545758962631,426.69954240322113
422.86535000801086,574.7816500067711
862.7832481861115,567.5127518177032
104.7391408085823,86.39185917377472
108.97104185819626,235.45495814085007
232.6479662656784,552.0930337309837
62.63985377550125,178.63814622163773
155.87273758649826,536.2212623953819
587.4756349921227,577.87636500597
1036.8185189962387,570.8294810056686
54.29240506887436,85.3745949268341
99.80128353834152,443.06871646642685
421.942169547081,580.0768304467201
873.4900493621826,579.1779506206512
99.46293205022812,83.37106794118881
79.99081349372864,287.00918650627136
100.7236949801445,86.20230501890182
63.34557634592056,224.93242365121841
203.81845819950104,546.9225417971611
631.4953422546387,572.7276577353477
1090.3572217822075,585.5507782101631
65.07109797000885,85.79990202188492
55.28497505187988,552.196024954319
488.2768496274948,565.5561503767967
952.5467246770859,581.8612753152847
99.72360020875931,86.86939978599548
864.6224737763405,589.3965262174606
109.78035801649094,83.5526419878006
50.55027675628662,302.8757232427597
263.7821516394615,542.6428483724594
678.8490548729897,575.058945119381
1148.3029235601425,574.8450764417648
61.220801651477814,127.13019835948944
114.58367729187012,529.3613227009773
541.4085550904274,580.1104449033737
990.8254328370094,581.0265671610832
468.7803125977516,579.1456874012947
916.7901904582977,578.9688095450401
94.81906586885452,80.08793413639069
76.56994009017944,341.42905992269516
324.54381507635117,564.8081849217415
768.2206996679306,566.68730032444
630.1566074490547,1158.0473925471306
59.55937695503235,461.8656230568886
376.64431047439575,565.651689529419
829.8031919598579,576.4198080301285
322.66506791114807,542.3169320821762
770.8789475560188,560.9920524358749
653.1488388180733,1137.0561611652374
98.89872336387634,149.47127664089203
156.03860157728195,549.8683984279633
589.4194804430008,579.9135195612907
1048.8923640847206,595.1816359162331
103.4392442703247,76.72575575113297
42.80212473869324,511.8088752627373
440.5530004501343,576.2989995479584
81.82288205623627,380.51111793518066
357.9627640247345,562.9082359671593
812.6956567764282,558.7673432230949
94.39052450656891,79.48047548532486
87.56839770078659,241.26660227775574
216.31828331947327,550.2377166748047
650.6441638469696,585.707836151123
1116.8760484457016,581.4019515514374
97.75697076320648,45.9290292263031
97.2118484377861,77.95515155792236
96.70372945070267,77.48127055168152
97.99061471223831,413.3973852992058
390.94651061296463,576.2954893708229
848.8443874716759,577.7666125297546
102.46628016233444,85.95971983671188
97.34716510772705,245.57883489131927
245.8390655517578,547.2909344434738
684.8669400215149,564.8730599880219
1138.8228172063828,587.6221827864647
100.42469823360443,85.85230177640915
1056.0095789432526,580.0094210505486
100.22346615791321,75.35053384304047
45.64034467935562,504.9696553349495
452.2432451248169,571.7557548880577
866.9021738171577,582.115826189518
103.54305201768875,81.45794796943665
65.38595056533813,294.7440494298935
265.39583337306976,549.4741666316986
695.5917271971703,582.5752727985382
177.47161614894867,550.824383854866
598.2975172996521,582.221482694149
1050.900418817997,573.599581182003
109.29931461811066,85.03468537330627
104.34719491004944,444.4128050804138
426.7080968618393,565.3839031457901
878.6259783506393,577.078021645546
98.2658571600914,86.10414284467697
80.38773995637894,296.6312600374222
281.80461925268173,554.7323807477951
70.33450502157211,226.1654949784279
204.0483884215355,554.784611582756
634.7622773647308,567.1267226338387
1092.6611594557762,575.5978405475616
102.57904416322708,82.23595583438873
59.94092643260956,523.9300735592842
478.8398058414459,567.0121941566467
928.4616850018501,577.83531498909
95.78556209802628,77.0844379067421
105.16644418239594,88.81455582380295
96.6403294801712,83.3596705198288
100.20620852708817,250.90479147434235
253.99408811330795,560.505911886692
680.114993929863,592.2550060749054
1132.5698870420456,582.060112953186
62.13575738668442,120.73424261808395
86.57163548469543,557.6133645176888
527.9905084967613,577.1024914979935
985.4444028735161,569.3145971298218
102.01027917861938,85.02672082185745
897.4271686673164,576.2758313417435
109.6040666103363,85.82093340158463
93.91194355487823,297.66305643320084
297.4958345293999,547.7821654677391
717.4507369399071,573.9942630529404
1179.7576278448105,569.7063721418381
96.82251101732254,110.06548899412155
129.38838052749634,546.0556194782257
568.2322570085526,571.2857429981232
54.335151970386505,543.5168480277061
485.3640512228012,563.4319487810135
917.7999486327171,580.6260513663292
94.6248306632042,78.80116933584213
66.94971108436584,365.1982889175415
325.10859686136246,541.7614031434059
752.8034884929657,594.2515115141869
609.6103757023811,1182.2606242895126
102.97228360176086,132.1017163991928
61.16816848516464,592.0548315048218
81.88206565380096,73.32093435525894
59.613944709300995,547.3290553092957
501.84682619571686,562.2631738185883
951.2467022538185,578.4762977361679
99.81158125400543,78.07741874456406
52.04447257518768,400.3635274171829
347.5543513894081,570.8346486091614
783.2682465314865,574.3047534823418
667.594137430191,1147.9988625645638
100.75206083059311,83.1559391617775
1140.3179419636726,586.7750580310822
60.308836936950684,111.33916306495667
76.59773182868958,563.9392681717873
509.1266232728958,573.466376721859
958.7115116119385,583.5114883780479
98.07240283489227,84.16759717464447
56.786282539367676,396.91671746969223
347.3341631889343,579.4068368077278
799.197046816349,579.1549531817436
278.39193093776703,558.6630690693855
718.1798129081726,579.5611870884895
1171.3936974406242,578.013302564621
112.99659776687622,144.76340222358704
88.26654469966888,553.1044552922249
518.8314208388329,583.2235791683197
971.1943100094795,583.69468998909
96.66720509529114,79.53579491376877
71.67708897590637,387.3229110240936
350.3359805345535,567.5720194578171
84.30986887216568,284.2651311159134
279.1897621154785,549.8292378783226
688.5147008299828,579.2072991728783
1140.2295895814896,582.678410410881
63.59048146009445,121.20551854372025
85.37837213277817,547.6576278805733
519.6672618985176,565.8697381019592
977.1031353473663,568.3968646526337
63.89100885391235,82.31199115514755
105.60488474369049,82.95011526346207
116.41177809238434,83.31022191047668
106.773681640625,277.6153183579445
297.24758672714233,537.9934132695198
720.1655069589615,570.445493042469
1133.1564375162125,580.9175624847412
55.9813147187233,133.62968528270721
86.89918971061707,556.6748102903366
528.7990717291832,583.0899282693863
979.6969606280327,578.6730393767357
97.80083441734314,80.53316557407379
900.699710547924,578.744289457798
102.9695885181427,94.7344114780426
67.4974793791771,323.9645206332207
281.4343782067299,569.4356217980385
724.907273709774,573.3337262868881
1177.2881705760956,573.3408294320107
103.66805112361908,109.55394887924194
126.95693475008011,541.5430652499199
584.4488225579262,568.0691774487495
46.62569600343704,563.7453039884567
488.67257195711136,568.3274280428886
927.8684685826302,580.1875314116478
103.97134882211685,77.8806511759758
89.8512299656868,346.20477002859116
321.23211747407913,566.7118825316429
765.4460124969482,583.8319875001907
100.9189020395279,86.61809796094894
102.48584949970245,135.959150493145
134.60673642158508,554.5602635741234
99.11662137508392,45.679378628730774
57.793510377407074,546.9834896326065
486.56339997053146,584.6776000261307
928.6102894544601,626.7227105498314
80.36217856407166,82.34182143211365
60.020047187805176,398.9609528183937
319.1039314866066,575.5070685148239
771.4108220934868,596.7001779079437
101.77273625135422,77.09726375341415
98.24668538570404,81.25331461429596
1108.8675573468208,611.5774426460266
96.35942900180817,73.91857099533081
65.01831549406052,550.1676844954491
489.787204682827,618.0277953147888
950.594085752964,579.0359142422676
102.58597594499588,77.47002404928207
69.7818614244461,391.07013857364655
327.6797459721565,577.9492540359497
774.8936349749565,602.9943650364876
102.75652199983597,85.78047800064087
653.5814782977104,610.3815217018127
1116.4983595013618,606.2226405143738
101.89825063943863,66.41674935817719
70.46414375305176,544.128856241703
480.7890349626541,626.8029650449753
948.3179074525833,583.4790925383568
65.60579550266266,84.50520449876785
49.6346817612648,402.6613182425499
330.73757886886597,564.5214211344719
60.17346501350403,300.1595349907875
256.33235251903534,564.9826474785805
684.9532467126846,562.3057532906532
1137.7231367826462,584.2578632235527
64.62202739715576,120.47097259759903
94.00190651416779,552.8120934963226
530.883780837059,575.5792191624641
979.0786732435226,585.9763267636299
99.64455527067184,76.33644473552704
102.19143205881119,401.4005679488182
51.295325338840485,77.44667464494705
62.37920981645584,350.8617901802063
269.6300973892212,615.4809026122093
720.9559919834137,607.8780080080032
1169.5398832559586,624.7561167478561
96.95776319503784,122.52423679828644
124.63363242149353,591.5143675804138
565.0515161752701,586.7994838356972
1023.4883898496628,604.66061013937
95.64626264572144,76.76173734664917
950.7671325206757,568.3428674936295
100.98102110624313,89.88897889852524
48.5659099817276,419.98909002542496
336.52079570293427,575.7202042937279
781.7716821432114,585.2653178572655
671.4295725822449,1156.1624274253845
101.01839911937714,423.14860087633133
405.8062866926193,566.6377133131027
839.2431828975677,618.127817094326
106.92006915807724,85.95093083381653
100.70695549249649,78.07004451751709
662.7548468708992,1136.596153140068
98.93563044071198,426.7123695611954
400.9825214147568,553.1284785866737
842.6044145822525,612.3775854110718
102.37430584430695,83.14469414949417
111.2361997961998,243.93080019950867
242.82008695602417,541.1239130496979
658.6829892992973,597.4660106897354
1101.6559005975723,591.048099398613
101.14679324626923,78.40820676088333
1014.6386834383011,595.6943165659904
109.07458519935608,80.72041481733322
107.28949469327927,391.02550530433655
362.65140026807785,611.2745997309685
816.9022976756096,609.7267023324966
105.96819162368774,81.43980836868286
104.40508341789246,231.83591657876968
210.80398905277252,545.029010951519
639.9988644123077,582.0931355953217
1096.6017508506775,579.6022491455078
550.3346432447433,579.369356751442
1000.1965455412865,583.0444544553757
96.83642446994781,88.12657552957535
112.19831961393356,398.61568039655685
378.89425671100616,558.5507432818413
820.4041327834129,572.7258672118187
99.78501117229462,105.15898883342743
85.2578991651535,241.40910083055496
199.2868195772171,566.9721804261208
96.90771472454071,118.03628528118134
115.02961313724518,558.3783868551254
558.3914844989777,550.0335155129433
1004.2533727288246,590.4506272673607
90.8752630352974,84.17973697185516
112.05215549468994,390.74384450912476
372.22905826568604,573.1599417328835
819.1659495830536,594.020050406456
136.74986612796783,107.8801338672638
58.130824983119965,221.16617500782013
99.75169914960861,79.84030085802078
105.835593521595,71.42340648174286
90.71649700403214,553.7645030021667
521.8013852834702,554.0326147079468
970.0883038640022,597.0036961436272
60.951239466667175,84.45576053857803
65.07213681936264,348.83486318588257
331.97102868556976,539.5839713215828
759.4639154076576,581.3140845894814
650.9738121628761,1141.2861878275871
647.0397493839264,565.7572506070137
1103.753640115261,571.543359875679
99.91152667999268,41.865473330020905
62.496399223804474,541.9296007752419
485.7842909693718,581.7897090315819
931.295184314251,596.4648156762123
101.47208094596863,88.30591905117035
80.20497137308121,344.2770286202431
331.3248528242111,563.6191471815109
760.7617362141609,579.9982637763023
242.27162545919418,562.2833745479584
676.5415027737617,557.0324972271919
1137.3293834328651,581.5596165657043
97.02527576684952,75.95572423934937
85.18316441774368,552.4278355836868
526.9900424480438,580.8069575428963
972.1479306817055,582.7780693173409
100.80680644512177,99.60119354724884
50.390675127506256,415.53532487154007
104.08656412363052,83.58043587207794
94.09645867347717,297.51454132795334
288.14335185289383,547.8746481537819
707.5252564549446,582.4197435379028
1161.534152686596,603.7798473238945
100.28603404760361,111.97296595573425
107.18491798639297,571.7220820188522
543.027793765068,582.860206246376
1010.0946707725525,580.3873292207718
82.21557569503784,81.78442430496216
97.4484583735466,83.07054162025452
99.86534398794174,92.33765602111816
74.67222839593887,346.64177161455154
316.71910560131073,560.0758944153786
756.0069862008095,598.8620138168335
100.70286500453949,77.96313500404358
97.2877596616745,162.3242403268814
167.8156349658966,540.8133650422096
582.0675274133682,592.4694725871086
1038.17042273283,591.7555772662163
516.0873076319695,561.9866923689842
954.4682015180588,582.8097984790802
100.40409177541733,95.79890823364258
64.54397422075272,381.1590257883072
336.6098536849022,582.2601463198662
786.3987418413162,559.7872581481934
677.3896412849426,1147.4613587260246
84.06657141447067,184.4144285917282
167.03945910930634,563.7745409011841
88.55034923553467,65.07865077257156
71.41324162483215,561.9767583608627
507.20013028383255,573.576869726181
953.3220203518867,586.695979654789
94.83291459083557,77.16808539628983
58.60179114341736,401.50920885801315
338.8896773457527,578.5733226537704
786.1405717730522,570.822428226471
634.3364684581757,1169.8305315375328
99.12439167499542,187.54260832071304
107.5232782959938,83.51372170448303
62.21817070245743,110.83582931756973
75.24806010723114,546.9559398889542
103.33326959609985,398.2967303991318
377.6401637792587,590.5268362164497
819.8360454440117,599.6279545426369
99.84592604637146,81.56207394599915
105.35581052303314,252.0881894826889
233.55169248580933,596.4483075141907
655.857574403286,616.7534255981445
142.55345857143402,595.8175414204597
571.6753454208374,628.76965457201
1036.5932224988937,629.0187774896622
107.69512510299683,76.50787490606308
102.55802351236343,456.81297647953033
401.12291473150253,612.3580852746964
857.3188022971153,559.4411976933479
106.60668808221817,85.13431191444397
65.91359037160873,331.6414096355438
240.79449290037155,588.613507091999
79.71236443519592,229.08463555574417
175.99924606084824,547.1477539539337
597.5651367306709,585.2308632731438
1054.668021082878,567.0719789266586
101.62290704250336,80.17309296131134
102.85479468107224,433.71820533275604
429.19968807697296,583.2263119220734
885.5985751748085,599.5874248147011
105.55246031284332,77.11353969573975
108.98935151100159,79.36264848709106
108.0362719297409,87.61172807216644
81.65817666053772,239.08282333612442
167.0390586256981,590.7949413657188
623.6599583625793,583.2480416297913
1041.2628794312477,603.9041205644608
103.86576610803604,82.56023389101028
59.004652321338654,501.08734768629074
416.70054495334625,630.7434550523758
866.1554203629494,616.3265796303749
97.86929845809937,79.70470154285431
792.601183950901,603.4538160562515
103.70507311820984,95.77592688798904
98.60404843091965,165.50695157051086
155.52193081378937,550.1820691823959
585.2168045043945,587.1531955003738
1049.5057173371315,603.0132826566696
98.29363745450974,75.67036253213882
102.87852191925049,424.1964780688286
411.66540294885635,553.9455970525742
105.4352912902832,335.9907087087631
318.64918398857117,586.7208160161972
761.4190711379051,574.7479288578033
628.0029798150063,1179.8860201835632
112.66088277101517,113.9131172299385
149.72776621580124,565.254233777523
580.1826527118683,568.7443472743034
1036.9515458345413,591.0674541592598
102.93530398607254,445.9356960058212
98.35218608379364,76.83281391859055
54.86308133602142,410.5439186692238
336.5769716501236,598.1460283398628
784.031865298748,601.0611346960068
105.66666150093079,411.2213385105133
362.01054161787033,616.0444583892822
818.3534237742424,606.3125762343407
101.32731634378433,82.93168365955353
48.745195269584656,293.2368047237396
101.53307735919952,78.11492264270782
100.7479618191719,161.17903816699982
129.20185160636902,582.8721483945847
565.3607366085052,615.1032633781433
1024.6486237049103,582.5183762907982
71.0475098490715,80.02649015188217
104.2803885936737,437.1096113920212
411.38327729701996,567.0427227020264
857.5221632122993,582.2738367915154
100.73704636096954,82.55995362997055
102.3389340043068,82.43806600570679
666.5908422470093,1141.669157743454
74.5856540799141,450.080345928669
387.800543487072,593.9594565033913
835.1814342737198,617.3925657272339
98.30231738090515,78.99368262290955
67.42320132255554,288.37279868125916
244.89707988500595,551.0849201083183
677.0369676947594,585.2410323023796
1138.0468502044678,582.7311497926712
101.90873444080353,81.10926556587219
1051.9186181426048,589.7663818597794
105.11451429128647,77.58948570489883
104.92141073942184,448.9115892648697
424.83929657936096,551.0687034130096
875.5161859989166,569.2428140044212
105.28507310152054,84.41792690753937
103.35095071792603,270.0740492939949
279.9168325662613,559.7681674361229
698.5387378334999,584.9612621665001
1150.9376201033592,604.9513798952103
613.8365080356598,588.2374919652939
1067.8653965592384,605.4686034321785
70.54227644205093,83.80972355604172
82.73815858364105,495.3918414115906
458.136045396328,579.3439546227455
904.9249322414398,589.8160677552223
97.15781617164612,83.43518382310867
73.87169456481934,342.60930544137955
307.91857117414474,564.0624288320541
67.74345928430557,292.811540722847
230.40234231948853,583.3756576776505
651.9682313203812,632.7907686829567
1114.3491195440292,607.3738804459572
60.26600903272629,119.30699098110199
66.46089684963226,583.5571031570435
496.5277963876724,577.7882035970688
934.0746805667877,593.8703194260597
104.10356003046036,81.30343997478485
54.28044152259827,400.7745584845543
104.27132195234299,81.72767806053162
71.98619651794434,321.8478034734726
274.18208038806915,534.4659196138382
681.6549870967865,603.012012898922
1142.6288645863533,602.3541353940964
95.71274226903915,109.30625772476196
110.8896164894104,564.6853834986687
539.2325058579445,584.5634941458702
980.8174076676369,598.4425923228264
104.42029339075089,80.70970660448074
895.8561804890633,594.2548195123672
104.47707706689835,90.68892294168472
50.783996760845184,335.14200323820114
275.96187883615494,585.0391211509705
702.6567693352699,599.7142306566238
1168.1106501817703,586.5363498330116
48.93652808666229,174.11847192049026
125.70540171861649,561.8315982818604
552.3462860584259,596.3767139315605
1006.9301820993423,593.070817887783
472.6260629296303,600.8009370565414
921.0989469885826,599.4010530114174
99.33082675933838,79.48417323827744
103.41571021080017,345.49228978157043
316.40662521123886,561.57437479496
747.1215069293976,592.9524930715561
651.1683992147446,1145.5906007885933
101.82732260227203,132.56167739629745
138.4302049279213,563.9767950773239
102.27409625053406,48.63390374183655
56.487986505031586,556.9020134806633
480.23787343502045,579.2061265707016
922.3227667808533,607.528233230114
101.40765428543091,84.81534570455551
95.34354108572006,357.08345890045166
330.37141609191895,569.7205839157104
756.790306031704,597.5626939535141
669.5961887836456,1157.4968112111092
105.36901760101318,400.6119824051857
388.5099264383316,573.5460735559464
105.61288005113602,274.86911994218826
278.47477144002914,560.0812285542488
693.743672311306,599.4413276910782
1148.27256411314,596.2454358935356
97.37544631958008,110.25355368852615
98.33133417367935,568.8546658158302
534.2292182445526,593.547781765461
980.0921206474304,590.1488793492317
77.12100607156754,85.39799392223358
105.37189358472824,80.40610641241074
100.381780564785,80.69321942329407
52.33667314052582,364.23832684755325
285.439572095871,566.5044279098511
702.5604731440544,605.3105268478394
1159.6643624305725,603.6706375479698
96.52625250816345,125.0297474861145
109.35113257169724,569.9638674259186
542.6950140595436,596.2499859333038
984.7419182062149,599.3880817890167
96.32580399513245,76.10019600391388
903.2986881732941,599.7193118333817
47.9575754404068,87.94942456483841
103.13445115089417,319.88454884290695
315.84833002090454,577.2996699810028
751.5262050628662,607.289794921875
656.4980883598328,1155.5749116539955
87.82401841878891,129.15798157453537
137.03790032863617,564.203099668026
577.2137741446495,587.341225862503
65.94665110111237,560.0903488993645
500.93853306770325,585.1534669399261
961.301411151886,592.4395888447762
51.552293837070465,78.28070616722107
76.98818248510361,386.6238175034523
340.68406492471695,579.9639350771904
782.4339511990547,603.7870488166809
93.64077967405319,183.97122031450272
179.05765736103058,561.4983426332474
72.03154057264328,117.48745942115784
88.80042034387589,566.8475796580315
527.681305706501,600.3556942939758
968.8021943569183,595.0858056545258
74.81307417154312,83.87292581796646
104.89696097373962,384.49203902482986
358.16584861278534,580.4451513886452
805.898731648922,590.5272683501244
99.22461915016174,79.88738083839417
109.62350410223007,81.76549589633942
1176.3933995366096,598.9596004486084
102.81029051542282,126.96770948171616
120.59917443990707,561.3638255596161
556.8680641651154,592.0029358267784
1000.8419534564018,591.8810465335846
104.1848418712616,82.12915813922882
102.49172365665436,415.1752763390541
393.6496069431305,595.3323930501938
835.7154888510704,597.8025111556053
98.80036854743958,81.01463145017624
753.3662595748901,607.1717404127121
661.5251449942589,1149.4568549990654
101.40503525733948,177.03896474838257
160.50792068243027,557.696079313755
588.166813313961,593.6301866769791
1036.32469779253,603.3793022036552
94.64147561788559,459.39552438259125
419.20636290311813,589.5886371135712
77.29125368595123,392.3197463154793
332.28418242931366,589.7168175578117
767.9980621933937,596.0949378013611
658.9339543581009,1155.566045641899
66.29583477973938,212.55616521835327
180.8617097735405,553.0642902255058
602.8715884685516,608.6284115314484
1057.9924790859222,610.9885209202766
103.41136187314987,82.18163812160492
100.36525189876556,82.3017480969429
102.02313029766083,81.58786970376968
98.1080134510994,398.1879865527153
358.37790697813034,604.1960930228233
796.8698053956032,630.7791945934296
102.06468969583511,77.63931030035019
101.64960485696793,216.40639513731003
210.400499522686,564.3035004734993
599.4854140877724,629.2185859084129
1065.772298693657,629.9497013092041
97.7461821436882,76.69881784915924
981.0520640611649,598.1329359412193
59.27682691812515,480.40817308425903
362.00871616601944,608.3792838454247
815.0006024241447,614.7213975787163
99.58448737859726,77.35851263999939
102.76236695051193,239.70063304901123
214.1612519621849,588.9687480330467
643.6711413264275,632.439858675003
128.84803235530853,590.3929676413536
555.9329264760017,614.1050735116005
1013.1098116636276,622.5941883325577
47.722583532333374,521.2214164733887
391.9184764623642,603.7485235333443
846.280356824398,625.2756431698799
98.45723098516464,79.0797690153122
104.04111170768738,278.3098883032799
249.9590180516243,585.3189819455147
47.784904062747955,242.77109593153
168.51679718494415,598.446202814579
591.7486771941185,596.2133228182793
1050.0375607013702,601.1854392886162
102.56544202566147,79.93455797433853
60.298338890075684,509.8126611113548
428.0492451786995,591.6357548236847
865.3371379375458,608.2178620696068
107.05202156305313,78.46697843074799
99.17290139198303,80.32709860801697
103.38678628206253,92.29821372032166
65.43370294570923,240.8992970585823
169.05560022592545,577.5923997759819
596.0294917821884,604.2305082082748
1063.3163676261902,598.1086323857307
75.58624768257141,54.116752326488495
72.78212660551071,501.5328733921051
448.08801847696304,587.0229815244675
896.0979039669037,602.3650960326195
99.38678246736526,83.94721752405167
816.3966681957245,604.1403318047523
102.11055463552475,85.98144537210464
103.19444966316223,229.434550344944
212.48333781957626,569.5356621742249
640.7902209162712,594.5807790756226
1092.5591027736664,615.8288972377777
52.71798723936081,117.26401275396347
65.39487308263779,580.5681269168854
504.8857510089874,573.5402489900589
101.02663487195969,444.30736511945724
412.2585163116455,588.5014836788177
864.5463848114014,599.6576151847839
104.87226086854935,80.85073912143707
99.99314337968826,290.8778566122055
274.4110307097435,572.4039692878723
706.271933555603,583.2640664577484
1147.8018159866333,606.0501840114594
101.6826987862587,110.05830121040344
102.72958117723465,562.0484188199043
67.64746695756912,77.26053303480148
84.84334605932236,500.0276539325714
456.35222989320755,587.8137701153755
906.5481143593788,604.8778856396675
100.02099913358688,80.23800086975098
100.19788324832916,327.6351167559624
297.57876724004745,591.4762327671051
735.9966577291489,618.9103422760963
1195.7845427393913,598.4374572634697
102.53939801454544,379.7196019887924
99.75327968597412,83.37672030925751
54.93116396665573,344.995836019516
284.2000527381897,577.6139472723007
708.8399480581284,597.308051943779
1164.9608300328255,605.4461699724197
102.67571312189102,123.60228687524796
125.96359068155289,574.1114093065262
556.4364777803421,586.729522228241
1002.2793628573418,600.0346371531487
100.43825137615204,81.45074862241745
100.80113482475281,82.49586516618729
101.97701424360275,85.4669857621193
107.56189775466919,329.1051022410393
310.75779116153717,582.2792088389397
753.9906722307205,604.6953277587891
101.24154931306839,93.09245067834854
57.69542741775513,225.2305725812912
165.46530389785767,575.7196961045265
612.2341817617416,591.117818236351
1050.1520676612854,608.217932343483
554.9219509363174,559.170049071312
967.931842148304,606.5861578583717
71.73873597383499,74.96526402235031
93.52662241458893,396.8803775906563
361.72250694036484,586.3154930472374
796.5664089918137,602.7865909934044
116.48333436250687,69.49766564369202
50.345274209976196,221.87672579288483
161.4481567144394,567.7548432946205
585.6630324721336,600.2819675207138
78.93191200494766,571.420087993145
514.590793132782,598.0762068629265
962.859682738781,600.0103172659874
72.03656733036041,76.87143266201019
99.08345478773117,386.71154522895813
352.5573287010193,593.4796712994576
805.6602207422256,606.3207792639732
104.46610552072525,81.08889448642731
88.73601377010345,223.24498623609543
99.93189948797226,78.18010050058365
102.60778212547302,122.66921788454056
124.98868209123611,564.6413179039955
524.3506101965904,602.3713898062706
974.5644856095314,602.3975144028664
88.70536887645721,79.59163111448288
103.45524883270264,398.63575118780136
363.57812720537186,590.3108727931976
809.5320225358009,599.4679774641991
98.76491016149521,80.29008984565735
100.77478677034378,79.89221322536469
1186.118673324585,598.4743266701698
102.55455905199051,146.07444095611572
147.65744948387146,571.8425505161285
557.6113436818123,603.5366563200951
1022.4742322564125,605.0257677435875
63.20712345838547,78.73787653446198
102.29100966453552,433.2089903354645
391.35689264535904,600.5141073465347
846.1627677083015,616.6512323021889
330.0066577196121,577.7523422837257
763.8875431418419,603.0384568572044
659.0644410848618,1125.1205589175224
100.44928169250488,407.7167183160782
366.81217032670975,603.0038296580315
817.1360521912575,608.8819478154182
98.4239342212677,72.55706578493118
48.78682392835617,297.2871760725975
226.07471311092377,577.0732868909836
660.1225944757462,596.9344055056572
1114.372479736805,608.405520260334
564.4203752875328,603.0986247062683
1023.3382595777512,600.4767404198647
74.21814215183258,82.09585785865784
50.39602208137512,503.2529779076576
418.7389035820961,585.7790964245796
847.952812731266,609.8991872668266
106.50069624185562,79.53730374574661
104.12158173322678,276.00741827487946
251.20547884702682,574.2195211648941
59.71536302566528,230.357636988163
164.83824783563614,576.846752166748
594.6621314287186,611.5418685674667
1057.1730136275291,604.2349863648415
55.23890030384064,68.94609969854355
75.34178984165192,505.6592101454735
465.6856810450554,571.5003189444542
861.936620414257,602.138379573822
100.92751067876816,81.4244893193245
109.21639317274094,273.46960681676865
106.98527950048447,80.49572050571442
67.38418304920197,222.44881695508957
162.65407514572144,579.3829248547554
592.4239640235901,603.3910359740257
1051.2488428354263,608.2141571640968
57.128735065460205,64.59226495027542
66.02863281965256,507.26736718416214
426.98351860046387,600.7394813895226
878.067401766777,597.154598236084
101.33629256486893,81.62570744752884
788.7361842393875,603.2078157663345
104.04307353496552,83.34592646360397
81.36799103021622,223.70600897073746
172.32189452648163,575.621105492115
594.2217878103256,607.9262121915817
1052.9726728200912,605.3973271846771
49.5195614695549,78.55443853139877
72.8644471168518,500.30355286598206
428.89233231544495,604.6626676917076
881.6062191128731,609.6337808966637
347.52410542964935,600.623894572258
791.5530008673668,610.3169991374016
98.39688289165497,75.2701171040535
101.79578000307083,216.90821999311447
194.52766340970993,573.7123365998268
616.7425634264946,598.7394365668297
1077.4924384355545,604.7855615615845
104.22531980276108,42.79268020391464
104.40220177173615,501.07879823446274
54.579081416130066,79.64291858673096
102.62596333026886,427.0400366783142
385.85884749889374,594.937152504921
835.9807322025299,605.6672677993774
107.26861697435379,84.1203830242157
103.88951313495636,247.0544868707657
236.45538860559464,582.3036113977432
672.7432668805122,605.2007331252098
1112.610939860344,620.7220601439476
88.95619386434555,82.04480612277985
86.70744913816452,85.36555087566376
34.47969979047775,86.42830020189285
63.26896017789841,509.5280398130417
421.1502162218094,614.3687837719917
873.4034773111343,614.4485226869583
89.80372679233551,95.19727319478989
62.01898658275604,349.3150134086609
277.0112581849098,590.3587418198586
691.6525442004204,616.5134558081627
1150.6647935509682,622.8162064552307
644.8060620427132,596.7869379520416
1043.1693676710129,617.8296323418617
46.86663109064102,71.83736890554428
67.3218879699707,506.93611204624176
420.96415251493454,617.3698474764824
873.6604084968567,626.1735914945602
88.83866155147552,96.23533844947815
57.94291865825653,358.7050813436508
264.3811749815941,616.8788250088692
93.44742453098297,240.8115754723549
199.70068168640137,597.0583183169365
626.9339436292648,624.3990563750267
1088.3152020573616,618.6477979421616
39.049458265304565,136.22754174470901
48.469717144966125,579.2352828383446
482.5919755101204,602.9270244836807
924.8622302412987,618.0817697644234
44.96648555994034,89.73751443624496
59.496752083301544,405.11424791812897
94.80401021242142,88.2139897942543
95.29826730489731,285.35073268413544
245.03154695034027,582.172453045845
665.4688072800636,615.3821927309036
1123.7580624222755,618.3339375853539
73.47432440519333,126.69267559051514
84.37457740306854,581.1254225969315
513.0718284845352,606.7991715073586
965.5280776023865,625.6579223871231
90.03833138942719,88.36866861581802
882.0135931372643,619.2834068536758
92.46985495090485,91.19714504480362
62.50010907649994,355.8518909215927
275.69737482070923,592.8766251802444
715.6156367659569,615.8103632330894
1160.9789125323296,619.4650874733925
94.97216933965683,151.62083065509796
117.13142335414886,585.4425766468048
539.4766806960106,621.3943193554878
1002.8769437670708,624.2330562472343
467.64819782972336,614.1858021616936
920.4374548792839,617.043545126915
48.5417143702507,90.51328563690186
44.645983815193176,412.7060161828995
294.5102447271347,615.341755270958
739.8545008897781,624.8114991188049
88.34775811433792,84.1702418923378
60.80400878190994,234.62199121713638
169.55625760555267,597.9987424015999
93.99450081586838,122.04249918460846
76.98776364326477,601.883236348629
506.2580318450928,624.4829681515694
959.6763015985489,621.3416984081268
98.54056257009506,82.45943742990494
93.08881944417953,409.9301805496216
349.78608679771423,622.3809131979942
785.5573410391808,628.091658949852
88.84659171104431,82.19040828943253
93.48685097694397,237.19814902544022
90.20311564207077,83.40888434648514
90.52937340736389,151.9706265926361
169.4846384525299,548.4773615598679
523.7559292316437,623.1510707736015
975.4901896119118,623.6208103895187
93.79170775413513,441.19029223918915
367.3949589729309,606.3270410299301
810.796218752861,625.6117812395096
90.30748277902603,84.43351721763611
731.7817367911339,614.9402632117271
633.8129951953888,1133.7620047926903
90.76828807592392,158.2507119178772
117.44655013084412,591.0354498624802
553.5318073630333,608.9671926498413
1005.1370597481728,626.6409402489662
90.38831090927124,83.20368909835815
53.49255919456482,513.2114408016205
398.48680704832077,628.2551929354668
847.4050725102425,617.5019274950027
318.69532388448715,609.1386761069298
771.3175718784332,625.94242811203
95.60681921243668,85.98618078231812
93.11808550357819,227.39991450309753
182.46333861351013,591.3886613845825
608.9555957913399,622.1914042234421
1076.227845788002,615.2911542057991
85.29509049654007,82.72390949726105
36.3243413567543,591.9156586527824
94.66959142684937,86.75640857219696
93.18084228038788,455.7071577310562
393.9700974225998,611.991902589798
838.2973654866219,618.3326345086098
92.54861497879028,90.32038503885269
90.32086193561554,302.97613805532455
249.7021223306656,595.630877673626
663.4544089436531,631.71159106493
1127.0586594939232,626.7933405041695
90.73690313100815,84.72609686851501
1089.5641629695892,69.34383702278137
57.87243676185608,82.99856323003769
77.82768678665161,514.2283132076263
435.0619322657585,619.4200677275658
893.2771771550179,619.8158228397369
90.99142599105835,93.156574010849
40.559677600860596,404.84832239151
285.8679330945015,614.9290668964386
741.5641776323318,618.4178223609924
655.4274215698242,1133.8495784401894
89.92467314004898,82.11232686042786
91.5109269618988,89.63807302713394
97.91117960214615,343.9218204021454
285.3664383292198,612.1515616774559
727.2297003269196,627.8622996807098
645.9639561772346,1128.5170438289642
98.23525106906891,185.69074892997742
106.56155228614807,586.6234477162361
531.3138073086739,621.223192691803
1008.2140585780144,603.6009414196014
91.2633011341095,85.71869885921478
918.3855549097061,621.1884450912476
89.19380313158035,87.91719686985016
62.2240549325943,398.40594506263733
331.6793053150177,590.2456946969032
824.6175485253334,575.6784514784813
90.68479537963867,88.6862046122551
87.06705969572067,229.37694031000137
193.52331179380417,579.5326882004738
619.386558175087,615.6884418129921
100.95280587673187,601.306194126606
542.5770471692085,625.8679528236389
1009.0512834191322,620.0227165818214
79.72853064537048,95.38146936893463
54.795784533023834,508.07421547174454
405.679036796093,607.376963198185
867.3942767977715,617.9027231931686
88.62751960754395,88.16848039627075
67.67576915025711,343.60123085975647
280.6130151748657,591.2759848237038
49.95825058221817,298.35674941539764
215.08049434423447,595.233505666256
648.4627499580383,623.0552500486374
1110.270989537239,626.6370104551315
83.54223382472992,119.43976616859436
77.60949105024338,580.7975089550018
507.1397389769554,611.2312610149384
966.1329857110977,626.5350142717361
92.99623590707779,85.55976408720016
92.15548896789551,88.58551102876663
56.407736003398895,88.00026398897171
84.93799060583115,350.7100093960762
287.65423887968063,605.9947611093521
733.8504905104637,619.7785094976425
646.9167441725731,1130.9532558321953
46.37400168180466,226.03399831056595
142.40325993299484,590.9487400650978
577.4335073828697,623.5474926233292
1037.8157591819763,628.0722408294678
92.19801259040833,88.80198740959167
960.5422629714012,625.6057370305061
92.98052310943604,88.68647688627243
92.0657724738121,409.4332275390625
352.83702421188354,609.4599757790565
799.2932808995247,626.9657191038132
92.28553330898285,87.41746670007706
88.50078624486923,253.96121376752853
212.93902719020844,600.3209728002548
647.5432779788971,624.697722017765
138.4065272808075,598.7234727144241
571.344776391983,624.508223593235
1032.485024213791,630.0699757933617
52.08927768468857,66.61372232437134
80.45352864265442,502.91747134923935
430.7427787184715,616.2582212686539
883.4580308198929,620.7829691767693
44.78428679704666,88.73371320962906
68.20254117250443,353.68545883893967
91.80779629945755,88.02520370483398
92.52304816246033,257.4959518313408
208.4792930483818,604.6507069468498
650.6385408639908,628.1024591326714
1104.4278015494347,639.3131984472275
78.69904732704163,125.24595266580582
56.63629162311554,609.6227083802223
76.01999795436859,407.92500203847885
322.16124457120895,618.394755423069
779.3954868912697,621.5865131020546
89.46273010969162,88.24226987361908
711.1589748263359,623.9330251812935
1171.4482250213623,624.2917749881744
92.27548277378082,164.1515172123909
159.4717708826065,551.861229121685
507.6310895681381,623.8869104385376
967.0503407120705,620.5976592898369
42.11857545375824,86.28942453861237
89.86981618404388,437.2961838245392
379.1780655384064,614.5629344582558
51.52331602573395,401.2356839776039
306.46055698394775,607.910443007946
760.694797873497,621.8062021136284
94.70603704452515,83.9419629573822
73.18030899763107,230.5046910047531
170.61754363775253,596.9004563689232
613.1297932863235,618.7782067060471
1072.8080369234085,624.802963078022
46.30127000808716,124.27372997999191
52.31250590085983,586.1494941115379
90.89875400066376,85.8602460026741
41.33600717782974,526.8489928245544
408.1252623796463,610.1517376303673
856.7845144867897,625.1594855189323
88.25976896286011,83.03623104095459
56.80802321434021,355.43197679519653
314.7642895579338,554.994710445404
695.7395533919334,618.0944465994835
1150.6017996668816,627.1012003421783
90.41004836559296,88.86795163154602
1078.0512981414795,617.9487018585205
62.10054612159729,100.97445386648178
91.31581073999405,532.8511892557144
469.0680646300316,620.9129353761673
928.8763155341148,617.4566844701767
47.22056818008423,87.24243181943893
66.73182606697083,398.36017394065857
311.54008519649506,619.9779148101807
764.1263407468796,614.4486592411995
88.65661001205444,86.34338998794556
676.2608609199524,622.4241390824318
1137.9761469364166,629.7838530540466
68.22843152284622,119.23456847667694
64.77668625116348,588.7783137559891
513.176943898201,593.1370561122894
948.4491981863976,618.7558017969131
94.03444612026215,84.39255386590958
94.84269124269485,397.5093087553978
345.3159420490265,610.795057952404
63.69820439815521,354.3377956151962
285.3954580426216,592.5305419564247
702.0547313690186,626.8892686367035
1151.1780080795288,623.0999919176102
90.1152583360672,153.7727416753769
108.94151169061661,594.7064883112907
549.8427653312683,619.6202346682549
1000.4650226831436,627.9799773097038
60.199273467063904,85.44972652196884
92.00652873516083,455.08647125959396
42.98178285360336,84.22221714258194
95.79004269838333,386.1549572944641
303.8932967185974,617.7917032837868
756.7385519146919,629.9284480810165
87.54682344198227,85.3231765627861
68.50207090377808,239.4609290957451
167.29132229089737,596.725677728653
598.8405746817589,619.7514253258705
1050.5558269619942,628.6671730279922
90.6600774526596,85.5439225435257
979.7083273530006,635.4396726489067
88.89882159233093,447.4531784057617
373.15107423067093,624.6079257726669
836.3473218083382,624.3926782011986
90.04458403587341,86.0664159655571
76.90783607959747,303.259163916111
405.2900781035423,451.28392189741135
748.6713200807571,559.0686799287796
1141.7015633583069,636.2244366407394
608.9918074607849,634.9721925258636
1073.577053308487,644.2929466962814
38.996300399303436,128.79969960451126
144.72954732179642,507.2694526910782
471.8157978653908,630.277202129364
926.5500437617302,623.0239562392235
91.48729139566422,85.43870860338211
80.33154273033142,401.92745727300644
323.5297854542732,616.3042145371437
88.67003208398819,333.08896791934967
275.03428542613983,591.558714568615
699.9525458216667,621.7144541740417
1159.445796430111,627.7022035717964
87.82804530858994,174.505954682827
114.43228757381439,605.7897124290466
617.98053586483,580.8164641261101
1014.7337810993195,636.211218893528
77.09702640771866,52.365973591804504
57.6442756652832,530.8177243471146
69.21252167224884,85.86147832870483
91.76076197624207,413.66523802280426
370.2180095911026,599.0789903998375
796.7102625966072,630.4937373995781
89.29551845788956,84.0554815530777
36.140767097473145,330.3962329030037
224.83700639009476,609.6999936103821
643.3122522830963,629.5027477145195
87.60150527954102,80.97249472141266
84.87175291776657,80.01724708080292
626.773005604744,1052.1159943938255
83.4882840514183,49.95571595430374
52.278534054756165,532.9264659285545
426.67777889966965,607.1362211108208
999.1520210504532,522.7179789543152
87.73826521635056,87.50173479318619
69.78751051425934,374.62048947811127
278.8357587456703,635.7752412557602
750.9219986200333,621.4300013780594
233.04424333572388,51.789756655693054
688.055491566658,603.9625084400177
567.622741818428,1177.0802581906319
90.48599141836166,127.66100859642029
112.16523557901382,569.0387644171715
548.7324851155281,593.7495148777962
86.34798473119736,83.04101526737213
46.19322615861893,486.5297738313675
396.1674716472626,607.2775283455849
83.3087147474289,380.7652852535248
67.96895438432693,422.19704562425613
342.18519711494446,605.0008028745651
802.3074378967285,620.6375620961189
91.24469405412674,82.68130594491959
48.05304825305939,248.89195173978806
146.15730679035187,628.9166932106018
589.8905765414238,617.1094234585762
1050.9398249983788,623.1341750025749
84.87707459926605,79.69692540168762
85.48132175207138,78.51867824792862
82.62257045507431,78.22942954301834
88.33782833814621,424.569171667099
396.01607859134674,581.3359214067459
825.139327287674,608.0466727018356
101.65057253837585,63.626427471637726
87.84782367944717,282.8191763162613
211.6920661330223,621.3639338612556
668.1663190722466,622.7396809458733
1112.456571161747,644.3954288363457
571.5798251032829,631.6061748862267
1039.7950755357742,627.7799244523048
55.89832931756973,73.80467069149017
63.15158623456955,520.3304137587547
420.19883996248245,626.4111600518227
876.304091155529,639.2509088516235
90.37034046649933,83.29565954208374
98.38259726762772,349.67340272665024
265.1168771982193,618.2911227941513
91.73914700746536,250.50185298919678
185.54739570617676,614.5266042947769
620.7996398806572,639.3673601150513
1091.7368839383125,635.7811160683632
73.45213311910629,115.97386687994003
45.093378484249115,616.7956215143204
486.5316251516342,625.931374847889
943.8388721942902,635.0861278176308
90.3881196975708,82.92688030004501
88.82536745071411,409.82263255119324
90.91061842441559,82.73738157749176
70.7748743891716,356.48412561416626
261.8421288728714,623.6208711266518
719.8153793811798,632.9986206293106
1175.9386259913445,632.8013740181923
91.6728892326355,178.64211076498032
116.98014426231384,618.7408557534218
545.4364067316055,641.1735932826996
1014.7446499466896,636.3293500542641
84.47889268398285,79.92810732126236
936.4901439547539,646.9168560504913
90.5944065451622,79.97959345579147
80.77267098426819,417.3943290114403
334.3769423365593,625.1970576643944
799.6852089762688,594.2967910170555
87.34449326992035,80.0995067358017
76.09675246477127,233.82924753427505
146.96101701259613,619.7059829831123
616.1382839679718,611.8607160449028
1034.0765449404716,638.8124550580978
536.6438187360764,598.78218126297
945.9330794811249,634.9559205174446
67.01934546232224,84.14765453338623
86.08560967445374,414.00639033317566
346.93087607622147,602.458123922348
788.1651430726051,615.6878569126129
79.04642063379288,81.61957937479019
75.52067375183105,234.7373262643814
172.9779354929924,597.5590645074844
95.21220749616623,124.67779248952866
88.37148189544678,588.1295180916786
534.9757499694824,599.0802500247955
941.1170248389244,639.2359751462936
93.59129071235657,84.50170928239822
79.30655646324158,417.5444435477257
354.5768241286278,589.9591758847237
788.3670859336853,621.7069140672684
74.50836312770844,79.97363686561584
68.83461982011795,238.85038018226624
90.03187793493271,80.6721220612526
92.80214303731918,119.15985697507858
73.42541563510895,597.3895843625069
542.6776809096336,589.3413190841675
949.3929560780525,641.5520439147949
73.64521861076355,83.35478138923645
84.73048555850983,410.7135144472122
361.7977560162544,595.5912439823151
780.8840218782425,612.0239781141281
94.04330551624298,80.45669448375702
711.925567150116,594.2034328579903
1121.437830209732,648.1551697850227
92.37408953905106,121.81091046333313
79.70134449005127,601.8356555104256
529.4166351556778,601.4533648490906
943.5209054350853,628.7760945558548
60.106174528598785,77.54182547330856
79.5804340839386,407.6225659251213
351.7596961259842,592.2773038744926
762.7889588475227,635.729041159153
243.82024747133255,602.2357525229454
714.9795089960098,592.0384910106659
1120.9357727766037,637.0642272233963
94.48403906822205,125.31196093559265
69.62531179189682,593.9486882090569
518.7855834364891,601.7884165644646
925.3158568143845,642.5361431837082
91.25311732292175,86.46988266706467
76.22737884521484,408.95762115716934
91.4616414308548,86.87135857343674
82.76990854740143,315.4520914554596
245.28118240833282,596.5148175954819
695.6814423799515,603.0595576167107
1121.9707048535347,635.4172951579094
85.55596971511841,127.92503029108047
522.4685053229332,599.5864946842194
947.4807630777359,636.3152369260788
66.2700355052948,82.91596448421478
90.35629868507385,79.84770131111145
89.53456336259842,85.3914366364479
97.26783066987991,319.5651693344116
236.3161382675171,606.2578617334366
698.66240888834,603.8205910921097
1109.1366739869118,635.5113260149956
73.01793777942657,128.259062230587
441.17821687459946,224.82278311252594
482.856516122818,611.5514838695526
906.4047838449478,627.6872161626816
388.71304631233215,611.4169536828995
812.8913069367409,634.1266930699348
87.71756947040558,81.37543052434921
69.50683116912842,298.67816883325577
210.68609017133713,623.5919098258018
669.66035425663,620.5246457457542
1097.8566191196442,642.6993808746338
80.18288367986679,186.15011632442474
53.15813875198364,602.8608612418175
489.15140587091446,619.2195941209793
58.34767150878906,513.1143285036087
417.5079448223114,616.8810551762581
830.9272110462189,639.7027889490128
87.67847347259521,94.8405265212059
84.5237352848053,316.1612647175789
233.38799685239792,623.6130031347275
690.8802670240402,612.3787329792976
1133.4295330047607,620.2924669981003
78.53379726409912,139.61420273780823
89.95205909013748,79.28794091939926
89.44531762599945,52.44368237257004
66.67958092689514,523.4134190678596
424.32085037231445,614.4941496253014
849.4811170101166,635.7788829803467
90.6223835349083,79.56361645460129
86.04165077209473,317.5893492102623
245.18192374706268,609.7070762515068
670.0271798372269,641.50982016325
1124.0934416651726,636.8685583472252
585.1057072877884,63.39429271221161
1024.5249811410904,654.6790188550949
46.81425499916077,74.74174499511719
58.696539640426636,511.2294603586197
420.83781456947327,612.7181854248047
827.1090912222862,626.5959087610245
99.12036216259003,85.4176378250122
72.87263417243958,300.23936581611633
214.56889986991882,613.7641001343727
642.2101672291756,647.6038327813148
128.0554342865944,614.1295657157898
557.2336983680725,633.7663016319275
1009.4299682974815,631.6990317106247
93.62823820114136,82.76176178455353
49.36150562763214,511.7864943742752
371.6137776374817,633.9422223567963
820.495054423809,631.948945581913
94.19232207536697,81.97467792034149
55.46359258890152,307.2584074139595
94.32786339521408,83.3581365942955
55.52412819862366,228.80887180566788
109.59140765666962,609.5575923323631
533.3796819448471,631.8973180651665
983.2809491157532,639.3860508799553
95.7304864525795,438.7885135412216
357.352754175663,635.0552458167076
806.5310245156288,631.3579754829407
97.28329211473465,84.1607078909874
94.92556297779083,83.33443701267242
634.2698426246643,1123.0071573853493
98.31811583042145,150.4218841791153
88.27438253164291,620.7616174817085
516.9346489906311,644.306351006031
967.9089229106903,653.4240770936012
45.84619092941284,85.96780908107758
96.80245745182037,420.4565425515175
336.29572892189026,638.9452710747719
788.937996327877,631.0260036587715
270.67126178741455,605.8107382059097
680.7935532927513,646.632446706295
1140.5458186864853,642.8241813182831
92.76208716630936,136.2019128203392
73.47635412216187,622.3746458888054
500.3586258292198,651.9553741812706
949.8709048628807,645.6110951304436
82.41918277740479,83.34081721305847
97.02344751358032,399.0875524878502
314.47971844673157,632.0762815475464
47.08298933506012,357.38001066446304
229.2062792778015,614.1087207198143
665.9215378165245,638.2824621796608
1113.8588041067123,648.9741958975792
95.90807068347931,123.88792932033539
60.03133362531662,608.4326663613319
478.87561225891113,650.4023877382278
928.0168828964233,645.9271171092987
93.5471493601799,81.22985064983368
94.8184227347374,83.773577272892
94.73767775297165,80.2073222398758
83.89695197343826,271.32604801654816
218.76023209095,619.9807679057121
644.7165059447289,647.9324940443039
1101.2097743749619,643.049225628376
79.90704023838043,116.24195975065231
63.45432561635971,598.8226743936539
430.7256667613983,640.6993332505226
876.8299458026886,641.0590541958809
91.4342148900032,87.39878511428833
789.6314814090729,645.1835185885429
96.45774620771408,84.65325379371643
99.22902590036392,243.5859740972519
168.14829462766647,621.4817053675652
598.6225624084473,648.0994375944138
1050.1888316869736,642.810168325901
80.03509777784348,64.63190221786499
104.52737253904343,514.6756274700165
397.77967554330826,638.2203244566917
90.08794224262238,404.11505776643753
313.95120495557785,641.9927950501442
764.6484621167183,648.1855378746986
97.4567249417305,83.4512750506401
77.07900458574295,235.73599541187286
160.77626305818558,614.6687369346619
581.4545240402222,651.4714759588242
1036.0587897896767,649.5902101993561
101.12606287002563,38.57793712615967
81.69233334064484,511.08566665649414
83.44560438394547,80.86939561367035
42.3828689455986,480.37713104486465
310.24613469839096,637.3828653097153
757.0354148745537,638.3905851244926
96.54671663045883,91.69428336620331
59.689001739025116,227.38599824905396
122.9412704706192,622.6327295303345
550.4155327677727,647.1034672260284
1006.9457920789719,647.0172079205513
90.99405509233475,80.70894491672516
919.5243217349052,648.1416782736778
93.79558497667313,88.75941503047943
83.41784650087357,402.19215351343155
306.17111057043076,635.7928894162178
742.1083808541298,653.4476191401482
95.23065102100372,88.82534897327423
64.48292130231857,233.64607870578766
122.23619705438614,624.3568029403687
554.6354595422745,644.1045404672623
1012.3147216439247,647.8522783517838
468.64099162817,642.137008368969
923.8192559480667,650.5327440500259
58.2565296292305,79.81747037172318
72.41679835319519,404.046201646328
298.632067322731,633.9229326844215
741.5323340892792,646.7266659140587
92.58060246706009,83.4003975391388
59.68587011098862,233.0361298918724
127.23413628339767,614.8768637180328
79.09840536117554,133.67959463596344
78.99767750501633,560.650322496891
479.04593873023987,634.4710612893105
924.1131989359856,643.385801076889
56.64446580410004,82.17153418064117
83.4527308344841,397.1782691478729
310.7039890885353,625.9620109200478
750.1972516775131,643.6917483210564
91.06151455640793,82.23548543453217
74.88777500391006,227.90922498703003
91.47303795814514,78.02696204185486
92.15130454301834,132.496695458889
50.477569222450256,625.8554307818413
491.8418273925781,641.4921725988388
939.9451001286507,644.2018998861313
75.92035585641861,74.2836441397667
93.80161905288696,419.4573809504509
311.55388927459717,632.631110727787
763.6031584143639,637.933841586113
88.59643852710724,81.3485614657402
673.1826952695847,635.7433047294617
1115.6929636001587,654.7320364117622
95.0022292137146,126.57177078723907
64.77250754833221,626.5974924564362
482.4507859945297,639.6782140135765
940.8880567550659,637.6849432587624
90.69632470607758,79.60067528486252
84.68858349323273,407.9214165210724
333.9418494105339,613.0021505951881
756.4351197481155,645.1018802523613
246.0943964123726,599.7016035914421
648.9956693649292,650.0233306288719
1110.9699375033379,652.1410624980927
81.11121028661728,124.53678971529007
44.90048015117645,620.2475198507309
500.6907475590706,620.5132524371147
927.4240154623985,643.464984536171
59.39827787876129,77.87972211837769
71.53954339027405,411.53345662355423
90.93981194496155,79.78218805789948
77.0440788269043,314.8449211716652
230.3703452348709,617.6286547780037
694.8266176581383,601.9323823451996
1101.6168826818466,633.3471173048019
77.42514908313751,129.42785090208054
75.10242158174515,589.5635784268379
508.7987012267113,600.1632987856865
66.96142673492432,415.88957327604294
306.69569051265717,624.2493094801903
765.3549401760101,621.1440598368645
232.70019018650055,619.5778098106384
692.1564429402351,624.028557062149
1144.0746948122978,632.1103051900864
43.06795072555542,197.8390492796898
114.19120067358017,589.5687993168831
530.017451941967,622.982548058033
979.8077136874199,637.638286292553
89.90521913766861,461.85478085279465
88.87947398424149,79.67652601003647
54.113726019859314,424.221273958683
355.75398075580597,613.0050192475319
791.0982400774956,592.2897599339485
51.28876483440399,260.35923516750336
168.6160091161728,590.4399908781052
618.7202573418617,603.4467426538467
1079.8985052108765,607.7504947781563
82.55774593353271,79.60825407505035
100.40298002958298,44.00501996278763
78.22822278738022,38.15977722406387
92.6854795217514,455.18552047014236
430.2157390117645,583.7112609744072
860.3380262255669,597.5509737730026
106.10829412937164,94.24370586872101
69.45467346906662,233.69432651996613
103.85499292612076,634.0340070724487
526.3662773370743,627.1527226567268
984.5065500736237,652.2704498767853
434.8708340525627,640.1841659545898
880.4381071329117,626.2838928699493
101.63437163829803,92.60562837123871
98.77664226293564,342.70535773038864
252.34291690587997,636.2300831079483
686.706193625927,652.3858063817024
1148.1264517903328,623.2995482087135
107.85971266031265,151.8992873430252
93.3339791893959,621.0730208158493
108.45726776123047,67.59773224592209
99.78358668088913,487.0314133167267
393.9808671474457,629.2041328549385
837.6401475071907,618.4888525009155
93.76342439651489,79.99557560682297
91.126693546772,299.3923064470291
214.6749747991562,625.8060252070427
635.4462606906891,643.3687393069267
1093.4395194649696,626.8564805388451
75.37677532434464,115.1602246761322
95.01803267002106,84.90796732902527
102.28829348087311,86.35870653390884
48.37555778026581,517.4774422049522
387.86781644821167,636.2801835536957
847.713069498539,639.9359304904938
94.24333918094635,84.99766081571579
53.05059176683426,347.9854082465172
224.52488374710083,618.9371162652969
647.1481586098671,632.5738413929939
1107.086420238018,619.7835797667503
559.1716846823692,632.4583153128624
1028.7569459676743,636.4270540475845
54.75021135807037,65.74978864192963
58.040500581264496,494.9594994187355
378.19877821207047,637.7822217941284
824.5080462098122,622.8249537944794
98.96330857276917,86.7956914305687
106.97559320926666,251.85740679502487
207.7088560461998,609.884143948555
636.7021171450615,635.686882853508
121.54737764596939,624.2306223511696
552.1146381497383,652.1263618469238
1018.1628994941711,626.800100505352
99.6381710767746,87.52882891893387
98.24244767427444,478.7765523195267
379.16071182489395,641.5242881774902
818.4509863257408,658.2340136766434
104.29526019096375,98.46373981237411
73.12153595685959,311.71146404743195
97.63380789756775,84.40319210290909
92.71907442808151,222.92892557382584
110.63834303617477,606.7316569685936
534.1686146259308,652.2573853731155
991.4948907494545,666.7831092476845
78.3514398932457,474.5375601053238
356.77070754766464,638.4332924485207
800.188967704773,647.458032310009
119.86823731660843,78.29876267910004
99.71258467435837,86.38041532039642
1129.9838607311249,647.2571392655373
113.32813447713852,110.4858655333519
60.173401176929474,629.5675988197327
478.7226920723915,657.666307926178
933.1969697475433,650.007030248642
52.523275434970856,91.27272456884384
103.55355072021484,391.26144927740097
273.17682242393494,641.5641775727272
711.3181018829346,680.5528981089592
189.42237812280655,659.9296218752861
609.3786578774452,682.7323421239853
1066.6489326953888,657.1850672960281
75.01321667432785,103.76478332281113
99.26449072360992,541.6245092749596
427.239766061306,637.3342339396477
859.7140493392944,685.674950659275
99.79932701587677,86.20067298412323
103.53360134363174,322.7993986606598
240.0078883767128,623.9731116294861
89.24215817451477,222.68384182453156
292.161428630352,511.00557136535645
548.2657362222672,676.4382637739182
1004.6850031018257,678.4079968929291
72.54725867509842,50.71174132823944
102.67052429914474,485.1994757056236
383.88579273223877,654.3732072710991
834.1570557951927,646.8989441990852
114.3723139166832,87.03568607568741
102.43957912921906,87.28342086076736
653.1358463764191,1159.6231536269188
72.2961431145668,209.53685688972473
119.41841197013855,614.1915880441666
547.708685874939,622.4023141264915
1005.1089397668839,635.872060239315
66.52146804332733,494.0155319571495
377.90274226665497,656.4492577314377
821.7660151124,682.6589848995209
99.44529217481613,82.53670781850815
726.0115610361099,659.5064389705658
1170.7088462114334,647.161153793335
81.53512823581696,204.520871758461
99.52839070558548,647.7306092977524
535.5406435132027,662.9043564796448
991.2739030122757,688.8930969834328
102.30416417121887,91.02983582019806
73.13042855262756,489.70357143878937
372.32670801877975,626.6542919874191
45.50600892305374,400.36399108171463
283.25828862190247,610.352711379528
681.73258882761,648.1374111771584
1130.0958659052849,634.5891340970993
103.4961416721344,131.13285833597183
53.98942577838898,615.4545742273331
475.22371327877045,626.4052867293358
928.3459878563881,629.3570121526718
81.11724609136581,92.10475391149521
91.03653484582901,383.963465154171
99.73279571533203,88.65620428323746
133.09607237577438,259.93992763757706
69.16416829824448,414.57583171129227
305.7314206957817,634.286579310894
808.4476778507233,595.9043221473694
90.57009822130203,83.16990178823471
92.19335734844208,157.3996426463127
103.92760616540909,592.4243938326836
552.012853384018,621.2281466126442
982.8580986261368,649.2539013624191
473.9063569903374,620.6676430106163
955.4186131954193,599.5453867912292
46.39186745882034,79.95913255214691
62.182121992111206,410.09587800502777
306.10037273168564,628.5466272830963
790.1486283540726,605.6833716630936
667.160883128643,1144.5431168675423
52.787172734737396,474.8238272666931
354.7624229192734,632.1445770859718
809.588673055172,638.133326947689
89.04491752386093,81.51108247041702
1107.686173915863,296.99982607364655
1191.2904507517815,636.154549241066
72.71378809213638,402.1572118997574
304.81803941726685,631.8489605784416
748.1072888374329,640.6707111597061
97.8225422501564,76.95545774698257
66.74185943603516,227.35114055871964
145.67911177873611,601.8758882284164
560.3573707938194,626.0496292114258
1023.8506202101707,629.0383797883987
479.5478691458702,636.8421308398247
940.5961211919785,662.792878806591
92.79236733913422,81.09663265943527
95.13761359453201,421.71438640356064
341.87185710668564,647.4981428980827
803.1611051559448,644.2468948364258
94.48738467693329,80.73461532592773
96.44367879629135,232.87132120132446
182.38093084096909,616.1560691595078
616.5781745314598,636.792825460434
107.18141973018646,605.6695802807808
545.9896696209908,644.5293303728104
1006.0569263100624,651.3510736823082
91.36518335342407,29.801816642284393
62.85844224691391,506.99355775117874
394.5366899371147,619.6863100528717
844.8449407815933,652.2290592193604
89.44818967580795,80.64481031894684
90.0524383187294,331.50256168842316
96.04668802022934,78.13931196928024
90.85394769906998,247.44305229187012
197.21719390153885,615.3008061051369
614.4694504737854,626.4745495319366
1066.7407133579254,650.8892866373062
67.69697391986847,104.84102606773376
66.46722251176834,572.7737774848938
453.4794716835022,635.0765283107758
911.8057244420052,650.1202755570412
97.15097522735596,88.03502476215363
91.77323687076569,80.9117631316185
91.17348611354828,78.12251389026642
95.66773855686188,308.77726143598557
230.49300187826157,618.9139981269836
677.0982417464256,659.7907582521439
1136.2384824156761,647.3725175857544
112.89872598648071,131.49027401208878
99.85397899150848,619.4420210123062
524.9772320985794,643.4297679066658
995.8964836001396,644.0485163927078
456.55673611164093,654.8322638869286
907.3639967441559,659.4510032534599
65.09823954105377,83.84676045179367
95.96149033308029,388.6125096678734
311.0647433400154,640.4152566790581
822.3740150928497,606.2739849090576
1189.4593150019646,637.095685005188
72.39657777547836,224.54742223024368
148.59383285045624,609.3141671419144
569.9940837621689,624.6539162397385
63.04333406686783,620.6796659231186
487.4615862965584,637.9264137148857
947.5848410129547,654.8601589798927
53.52208387851715,88.40391612052917
96.34833061695099,436.79966938495636
351.19357627630234,629.954423725605
803.8158243894577,646.758175611496
99.68007183074951,85.37592816352844
46.26531434059143,340.7336856722832
92.59255057573318,86.05644941329956
94.52979826927185,220.4342017173767
167.5590438246727,613.7919561862946
595.3482953310013,641.4107046723366
1051.249549806118,636.9534502029419
47.13180011510849,121.07219988107681
49.36504626274109,577.3939537405968
446.5992934703827,648.8827065229416
894.999550640583,651.722449362278
88.62180799245834,84.35919201374054
89.70805567502975,78.77294433116913
92.31230878829956,90.1506912112236
45.731559574604034,358.67644041776657
232.40881311893463,630.3311868906021
669.7170639038086,651.6349360942841
1138.100312590599,643.2716873884201
93.07355898618698,152.22244101762772
92.30780518054962,610.3961948156357
528.9680480360985,629.5689519643784
991.7562961578369,644.168703854084
461.08353781700134,649.8614621758461
915.5207850933075,646.0532149076462
92.62503272294998,83.37496727705002
97.2482899427414,394.51171004772186
319.29654163122177,637.1664583683014
761.8817905187607,655.2842094898224
91.87505155801773,92.4579484462738
96.38730889558792,242.81669110059738
171.62055855989456,622.3794414401054
92.31781053543091,165.7931894659996
98.53306019306183,621.725939810276
531.1373136043549,647.399686396122
985.1485604047775,653.5544396042824
57.13505905866623,512.3099409341812
389.5913081765175,644.1856918334961
834.6945559978485,702.5644440054893
90.48480015993118,77.60819983482361
91.60704183578491,330.0219581723213
94.71129328012466,80.19570672512054
94.18655008077621,249.29544991254807
184.49379217624664,608.8762078285217
629.3020307421684,625.9009692668915
1062.1472705602646,690.7237294316292
97.2885148525238,112.39748513698578
51.98576909303665,618.1262308955193
484.9600206017494,637.7249794006348
940.7862703800201,634.1397296190262
91.98252087831497,90.14647912979126
866.3647676706314,623.9132323265076
95.4140163064003,83.80898368358612
99.59226685762405,342.09373313188553
267.58552491664886,632.2854750752449
710.1147782206535,629.1992217898369
1159.9790328741074,639.6139671206474
49.731280982494354,238.08471900224686
131.7605304121971,618.0164695978165
559.3467772603035,639.2272227406502
1016.4510264396667,634.3079735636711
486.40627521276474,631.2787247896194
945.585523545742,641.9514764547348
91.13478142023087,90.68121856451035
94.51604843139648,415.8919515609741
790.1325363516808,631.8674636483192
89.47678744792938,80.8012125492096
90.95105445384979,268.1229455471039
201.14830422401428,617.777695775032
40.992557406425476,232.4884425997734
128.59780150651932,602.606198489666
562.9790420532227,626.37295794487
1037.0272853374481,633.6017146706581
58.96553635597229,78.97846364974976
83.16278427839279,514.0422157049179
423.73003351688385,636.2149664759636
876.3522832393646,644.9067167639732
92.90053045749664,89.00646954774857
53.06078743934631,384.8472125530243
94.27605772018433,76.92794227600098
46.51032543182373,301.916674554348
202.66957885026932,601.9974211454391
626.125834107399,629.930165886879
1089.9150696992874,658.251930296421
100.94532883167267,132.5176711678505
93.90060544013977,556.5243945717812
470.85685086250305,636.1981491446495
928.4800916910172,639.982908308506
89.9363421201706,82.69365787506104
861.5775843858719,638.6074156165123
98.38583302497864,83.52216696739197
92.2490890622139,332.8439109325409
254.3523392677307,617.9246607422829
695.8276045322418,654.265395462513
1157.875847041607,637.1241529583931
94.14710587263107,156.00089412927628
108.56535285711288,611.6006471514702
556.1516011953354,637.162398815155
1004.6818488836288,639.6141511201859
479.17509764432907,640.3249023556709
938.0013410449028,635.9426589608192
98.9756036400795,81.48739635944366
105.8578525185585,400.97514748573303
328.8881043791771,639.9268956184387
781.9373499751091,652.5266500115395
83.30060303211212,78.55139696598053
44.589871644973755,306.41012835502625
185.60211664438248,621.7878833413124
93.90936648845673,168.59063351154327
115.25461530685425,605.1153846979141
555.3768653273582,635.9931346774101
1008.7411199212074,636.5188800692558
90.9563684463501,43.78463155031204
70.33760970830917,502.47739028930664
416.3688468337059,614.3171531558037
868.8980852365494,632.6199147701263
92.85434204339981,84.1646579504013
60.272603034973145,389.04239696264267
97.37788045406342,55.604119539260864
69.94515144824982,290.2958485484123
222.93740093708038,583.1725990772247
643.4126586914062,614.2543413043022
1097.9419168233871,623.3540831804276
76.13917326927185,112.4158267378807
72.11441171169281,589.700588285923
442.14468216896057,660.76331782341
913.025951385498,638.9550486207008
103.31522351503372,90.22177648544312
790.1055032014847,644.7094967961311
660.356779396534,63.42122060060501
1044.221626996994,618.8703730106354
73.51086419820786,43.24713581800461
82.68910402059555,525.2918959856033
456.9423649907112,589.9466350078583
914.5466203689575,600.342379629612
84.40987002849579,48.29312998056412
116.05112153291702,318.91087847948074
62.13824915885925,439.0287508368492
90.389504134655,78.7024958729744
50.29075402021408,372.1722459793091
346.09899455308914,565.1050054430962
762.2762431502342,614.3707568645477
1166.7884841561317,662.1745158433914
80.55972653627396,202.6072734594345
182.29397547245026,583.188024520874
619.897216796875,611.1947832107544
1163.6674666404724,525.7205333709717
72.9207239151001,62.172276079654694
978.265983402729,623.3460165858269
99.5922457575798,62.92575424909592
91.03050351142883,403.5814964771271
350.79975974559784,605.4222402572632
801.5900200605392,648.4659799337387
99.1752832531929,98.8247167468071
95.46556752920151,244.79443246126175
164.19881850481033,613.3371815085411
676.3770595192909,581.3819404840469
1059.352310180664,642.9816898107529
585.8445640206337,616.9884359836578
1001.4868156313896,647.0131843686104
61.1383193731308,516.4906806349754
389.4285796880722,642.7194203138351
850.2548276185989,643.5781723856926
90.34007716178894,80.76992285251617
94.05532312393188,327.07367688417435
274.0305877327919,600.1184122562408
94.76383835077286,248.71716165542603
176.94310265779495,597.9828973412514
636.5653418302536,600.9526581764221
1106.8925753235817,597.4044246673584
77.36681717634201,128.7441828250885
88.5260602235794,581.3629397749901
511.59330224990845,612.5366977453232
963.9195480942726,624.93245190382
96.30180734395981,31.624192655086517
125.81407761573792,51.278922379016876
105.30633294582367,62.63766705989838
115.7815734744072,318.86742651462555
233.73781514167786,654.3001848459244
667.4531054496765,640.7508945465088
1130.7973730564117,668.3326269388199
100.53066998720169,127.04233002662659
43.561948239803314,637.0870517492294
481.79519587755203,646.8338041305542
935.8064479827881,644.1925520300865
97.74469935894012,86.14430063962936
854.940965294838,666.1510347127914
115.41625052690506,100.00974947214127
107.92753034830093,314.1834696531296
224.9388052225113,617.7821947932243
652.0440726876259,645.0859273076057
1101.5553486347198,657.9076513648033
56.69663089513779,138.1923691034317
69.30089837312698,582.5691016316414
467.4411758184433,660.5028241872787
55.54646462202072,508.102535367012
381.4097427725792,650.2382572293282
794.2170354127884,645.0789645910263
668.3403204679489,652.6036795377731
86.98162323236465,231.83337676525116
160.58589041233063,612.7111095786095
585.3571732640266,635.7918267250061
1028.238450884819,648.1495491266251
92.28672927618027,48.49027073383331
106.22500175237656,487.7379982471466
106.38428914546967,93.05971086025238
99.61857175827026,385.0664282441139
284.6668553352356,669.5541446805
725.3091362118721,635.2468637824059
55.77569502592087,220.8893049955368
93.39897644519806,622.0090235471725
521.0032534599304,659.441746532917
969.2555369734764,668.5224630236626
100.48981034755707,81.54718965291977
865.5560849905014,660.7759150266647
98.16134876012802,84.6536512374878
51.67261481285095,390.1603851914406
254.0918908715248,624.4261091351509
684.3631801009178,682.6548199057579
1124.8004515767097,694.7555484175682
84.44172650575638,180.37327349185944
55.63799852132797,660.1580014824867
485.35426807403564,691.0907319188118
930.9575476050377,693.0234524011612
386.0068274140358,680.5121725797653
831.9811016917229,686.6848983168602
48.178375124931335,85.61862486600876
100.09665113687515,311.8293488621712
213.49791306257248,666.9460869431496
636.6951925754547,688.0278074145317
1095.3164529204369,694.6835470795631
101.64371299743652,139.44828701019287
78.71096962690353,618.6590303778648
49.889231860637665,107.64776813983917
115.93750041723251,510.5804995894432
382.1717723608017,680.1792276501656
834.1280423402786,634.5389576554298
106.52830791473389,91.04569208621979
86.16958045959473,283.70141953229904
214.14485949277878,635.670140504837
649.6931361556053,651.01086384058
1089.149410367012,651.128589630127
54.27167463302612,162.7653253674507
97.46895378828049,83.36504620313644
70.68322402238846,76.50077599287033
75.5665094256401,505.6194905638695
349.5967772603035,690.2932227253914
805.9790357351303,686.2629642486572
101.04530066251755,87.41769933700562
65.2415640950203,344.81343591213226
200.9948320388794,632.4131679534912
616.3951162099838,679.8648837804794
1067.5183919668198,685.9076080322266
515.0666694045067,686.507330596447
969.2629470229149,684.4030529856682
104.86724257469177,88.13275742530823
104.02751410007477,424.9534859061241
330.7427810430527,650.0342189669609
771.7920571565628,666.6159428358078
52.89271479845047,480.94028520584106
350.71996772289276,650.3550322651863
825.2312193512917,628.676780641079
97.8724730014801,83.29452699422836
731.309748351574,623.9502516388893
59.40724062919617,238.53775936365128
133.69649070501328,612.932509303093
579.6157421469688,605.7912578582764
1030.33099091053,640.2810090780258
100.89824146032333,51.45375853776932
79.18649739027023,529.1645025610924
424.2917495369911,627.5592504739761
90.80300027132034,450.6409997344017
342.40725415945053,661.5557458400726
795.4745069742203,661.2104930281639
88.81978851556778,84.32921147346497
46.66502606868744,306.9649739265442
217.805262029171,612.1757379770279
664.6695055365562,599.5344944596291
1088.292739033699,678.1892609596252
40.821972608566284,205.99302738904953
123.07420480251312,563.8147951960564
50.12243115901947,122.95056885480881
87.57866883277893,543.5503311753273
471.3868967294693,611.2981032729149
964.5471315979958,623.8608683943748
88.0403682589531,80.64563173055649
88.21760112047195,424.6333988904953
419.3778347969055,568.0291652083397
845.9450667500496,615.5729332566261
89.25330394506454,90.56169605255127
630.9247887134552,64.92721128463745
79.13905239105225,243.58294761180878
148.22528606653214,650.3487139344215
596.1625574827194,646.707442522049
1029.4888633489609,610.9911366701126
106.67944920063019,416.17155081033707
376.58076709508896,606.6422328948975
791.1470732092857,602.7599267959595
118.71534061431885,89.52565938234329
672.8556579947472,611.9953420162201
1103.8859154582024,640.9660845398903
57.101173400878906,141.9178265929222
76.79850393533707,584.5164960622787
532.8287553787231,582.0972446203232
963.9880169630051,616.1239830255508
94.99937909841537,81.64762091636658
82.30870199203491,353.2112979888916
266.8559872508049,601.5700127482414
72.38630223274231,234.4096977710724
133.0286085009575,611.1203914880753
510.42899864912033,637.4230013489723
905.8113200068474,665.2266799807549
90.89668136835098,76.54831862449646
70.14898639917374,355.05501359701157
272.88228261470795,606.3027173876762
672.4865914583206,620.5864085555077
1095.6648713946342,630.7601286172867
69.93612349033356,123.69387650489807
92.16943991184235,78.88456010818481
91.05269575119019,78.15130424499512
94.78611069917679,382.04688930511475
307.2794165611267,617.4055834412575
682.6617524623871,631.5982475280762
94.28403902053833,81.99396097660065
77.14830058813095,140.3156993985176
78.17757493257523,619.2854250669479
511.57886123657227,644.9961387515068
922.1821630597115,663.85383695364
389.06444680690765,653.343553185463
816.5207493901253,639.7942506074905
90.69903683662415,79.48596316576004
90.15532773733139,277.8076722621918
150.92662531137466,642.1113746762276
662.1419516801834,558.2840483188629
1040.72720348835,644.8467965126038
102.71284294128418,446.19315707683563
354.0401346683502,632.8298653364182
107.47844606637955,325.7445539236069
216.50777143239975,618.2332285642624
658.9640302658081,641.4429697394371
1135.123274743557,637.5797252655029
57.302527487277985,189.90247249603271
75.33187234401703,585.7051276564598
536.6401692032814,574.8228307962418
90.41042470932007,78.03357529640198
93.99678236246109,82.29921764135361
93.21203655004501,78.15796345472336
90.33431470394135,78.68368530273438
97.56957119703293,261.6344287991524
134.96888929605484,660.7341107130051
554.407198369503,677.4818016290665
1004.1224662065506,641.4895337820053
84.18205887079239,466.9839411377907
327.71238124370575,650.3986187577248
757.1136786937714,640.0163213014603
212.56897693872452,60.930023074150085
658.8402276039124,647.4557723999023
1118.5194786787033,651.2225213050842
100.49274498224258,141.95125502347946
60.449146807193756,571.1798532009125
410.3134479522705,674.5015520453453
845.0107787847519,681.8972212076187
41.29903692007065,83.60796308517456
69.71932744979858,349.5776725411415
193.8226391673088,648.3253608345985
101.20498561859131,165.46201437711716
76.67925351858139,649.3207464814186
452.83865588903427,653.087344110012
876.7949725985527,672.6670274138451
99.86229795217514,81.93270206451416
104.8925541639328,321.6994458436966
218.45989614725113,636.1331038475037
636.3041942715645,647.0468056797981
1078.39044713974,675.6085528731346
93.29070037603378,77.26429963111877
1002.0249794721603,669.3820205330849
68.92630934715271,51.51869064569473
85.01160448789597,454.0623955130577
257.5980055332184,670.549994468689
711.1642847657204,684.9097152352333
95.11383032798767,191.53516966104507
70.69919383525848,622.9668061733246
466.9894886612892,689.3635113239288
875.907833814621,650.9241662025452
317.1241549253464,676.0058450698853
731.6904824972153,678.9945175051689
92.18128538131714,346.4667146205902
214.6565918326378,628.1224081516266
617.6489208340645,677.4250791668892
1086.0871737599373,676.0428262352943
80.93148493766785,122.34551507234573
106.90576612949371,537.0382338762283
360.9181802868843,681.785819709301
813.540441274643,680.0325587391853
252.6827780008316,675.0392220020294
658.1751378178596,678.7318621873856
1118.631393313408,677.0726066827774
98.38367301225662,136.59732699394226
81.69204807281494,560.4749519228935
419.4443179368973,688.1856820583344
888.067573428154,680.5444265604019
98.3748791217804,79.2181208729744
65.94215059280396,372.3908494114876
91.75050687789917,75.86149311065674
76.37281304597855,225.94218695163727
121.9771420955658,612.9668579101562
467.7105285525322,674.5114714503288
895.3338640928268,643.2771359086037
95.88313180208206,79.56186819076538
81.50544023513794,348.69755977392197
205.12879246473312,656.112207531929
642.8810951709747,639.1009048223495
1075.6703492999077,681.0516507029533
556.1256104707718,72.41138952970505
990.2488798499107,674.4921201467514
58.816163539886475,77.27583646774292
75.49450647830963,459.48649352788925
311.04380798339844,669.5311920046806
739.0551090836525,657.4638909101486
634.029368698597,632.2476313114166
78.9856544137001,228.14434558153152
95.60899591445923,652.8170040845871
480.2873340845108,674.1386659145355
128.07662093639374,503.70137906074524
339.8110290169716,639.81897097826
764.4703483581543,650.7146516442299
92.7596006989479,78.3513993024826
132.45685636997223,207.93314361572266
125.89321953058243,631.2167804837227
529.8875305652618,643.6124694347382
987.6767847537994,633.4342152476311
100.8550796508789,82.19992035627365
96.08946925401688,78.6885307431221
47.04572308063507,83.25127691030502
94.11301267147064,308.5179873108864
196.7903009057045,651.320699095726
614.0056214928627,674.6783785223961
1058.9248764514923,679.279123544693
102.65918052196503,87.2678194642067
64.85649418830872,562.1255058050156
373.5338585972786,660.743141412735
803.3791167140007,675.3058832883835
92.3344115614891,80.12758845090866
724.1436760425568,681.8753239512444
66.9442150592804,228.37078493833542
116.71454936265945,602.1364506483078
474.80094707012177,631.7540529370308
896.9052023291588,650.5947976708412
96.15850669145584,80.93449330329895
82.20680195093155,397.2381980419159
267.05204951763153,652.7819504737854
48.37736761569977,302.6586323976517
138.05569088459015,638.8513091206551
585.0489917993546,644.1540082097054
1004.339249432087,667.1237505674362
64.86851787567139,75.76148211956024
64.65781551599503,505.00818449258804
347.87315052747726,637.3858494758606
782.3664485812187,640.2815514206886
90.30371016263962,78.58528983592987
120.55695593357086,225.94304406642914
92.82825744152069,76.39474254846573
92.39451265335083,147.56848734617233
75.36986482143402,587.705135166645
487.84511083364487,613.6368891596794
98.47873169183731,77.94726830720901
94.4160378575325,338.24996215105057
248.57635366916656,611.5156463384628
684.2916483283043,602.8563516736031
1091.5989190340042,655.9740809798241
592.9821645617485,640.2038354277611
1014.4004465937614,652.2845534086227
107.7267130613327,31.032286942005157
65.64599984884262,510.02000015974045
362.32435977458954,621.1016402244568
795.3726397156715,635.1643602848053
95.97791665792465,81.94908332824707
87.08127808570862,212.86272192001343
112.07456225156784,631.462437748909
531.4748627543449,645.4691372513771
88.85725462436676,502.36474537849426
393.51753985881805,626.3904601335526
815.1778734326363,646.1011265516281
91.05911982059479,76.25588017702103
98.79338318109512,263.725616812706
183.76771426200867,603.1392857432365
625.7429593205452,639.8320406675339
1033.920269548893,645.8007304668427
81.37656629085541,65.12343370914459
89.64785873889923,72.92614126205444
50.677242159843445,88.5637578368187
100.15255045890808,325.9024495482445
188.9979784488678,624.4280215501785
601.2312986850739,638.4537013173103
1032.7435455322266,669.4044544696808
91.03285616636276,52.00514382123947
60.91417181491852,509.34482818841934
336.7775328159332,641.8884671926498
793.9378232359886,642.3581767678261
93.65307915210724,88.5879208445549
706.3873564600945,631.9086435437202
1116.713623225689,659.2863767743111
101.94786685705185,161.23713314533234
111.05214750766754,604.7628524899483
507.2854612469673,637.7885387539864
935.3897817134857,637.0912182927132
94.56812471151352,115.54287528991699
84.45044773817062,344.7535522580147
261.70275288820267,603.1122471094131
71.8630599975586,222.87793999910355
137.04134839773178,610.5146515965462
570.6636340618134,621.6143659353256
997.3609631061554,613.2320368885994
100.23548060655594,433.6155194044113
315.1177763938904,643.8632236123085
750.6670476198196,666.906952381134
95.41930729150772,86.87769269943237
47.838563561439514,304.81043642759323
96.77582889795303,87.5581710934639
97.36108648777008,163.7309135198593
88.26134395599365,628.6646560430527
504.2726061940193,644.7273938059807
952.8038681745529,654.3071318268776
95.84543871879578,428.0245612859726
321.85769003629684,658.9213099479675
758.5719565749168,688.2240434288979
91.06522876024246,81.13777124881744
681.7254697680473,657.7015302181244
1137.6997273564339,653.4302726387978
67.52599275112152,175.17800724506378
97.85225188732147,627.2767481207848
507.1975139975548,657.2654860019684
974.2097856402397,668.4572143554688
97.35008507966995,84.40791493654251
51.21434450149536,488.69365549087524
343.42960715293884,634.385392844677
94.58886295557022,80.89313703775406
272.2491172552109,625.787882745266
684.9083935022354,660.1286064982414
1139.604653596878,658.9503464102745
43.135914504528046,221.36508548259735
101.36917984485626,632.9078201651573
517.214435338974,670.285564661026
972.9296932220459,689.329306781292
61.90495389699936,68.18804609775543
75.17520833015442,508.89879167079926
68.52046632766724,84.23953366279602
100.32772564888,380.04227435588837
297.8219835758209,621.4010164141655
723.8512393832207,661.1297606229782
627.5844995379448,635.2845004796982
69.13375878334045,218.7172412276268
149.07101166248322,614.2059883475304
558.1202795505524,662.8607204556465
1019.7615388631821,665.3494611382484
96.53179490566254,48.37520509958267
96.06205153465271,77.19694846868515
98.9935644865036,426.6184355020523
327.5968222618103,639.0141777396202
767.8130795359612,659.0199204683304
100.08333748579025,83.86166250705719
63.70660734176636,292.31239265203476
169.16186517477036,646.0221348404884
605.0441185235977,675.6218814849854
1060.852373123169,658.1106268763542
531.3266303539276,664.6173696517944
977.2458900809288,668.9761099219322
97.48014569282532,81.68685430288315
67.95341408252716,482.76858592033386
364.9846751689911,654.4413248300552
806.4599319696426,669.6710680127144
95.73018723726273,87.45581275224686
56.22244244813919,344.684557557106
215.60469287633896,648.098307132721
661.578951716423,646.8460482954979
132.11020761728287,627.1307923793793
562.6764779090881,644.6755220890045
1011.1147355437279,678.9042644500732
95.86699241399765,50.85500758886337
98.63825142383575,497.0097485780716
406.9455133676529,635.0724866390228
844.6237727999687,663.3022271990776
94.45003283023834,78.03096717596054
43.462291061878204,393.29770892858505
90.88156419992447,77.43343579769135
52.81781429052353,299.75518572330475
170.73807227611542,644.1139277219772
598.1753342747688,654.0106657147408
1048.3905884623528,664.7394115328789
75.92085087299347,110.33814913034439
69.71011012792587,573.2338898777962
437.90737015008926,663.8336298465729
877.1036329865456,674.9703670144081
91.55988562107086,83.44011437892914
92.33112466335297,80.0398753285408
95.91736686229706,83.26963311433792
62.13162451982498,349.72037547826767
227.42088669538498,637.4301133155823
657.3961450457573,651.7898549437523
1103.1664056777954,663.6665943264961
100.08566403388977,133.71033596992493
73.50392037630081,603.3100796341896
498.1641953587532,626.7978046536446
939.0284580588341,656.1015419363976
417.72470420598984,624.5712957978249
869.6439656019211,655.5970343947411
95.24822270870209,83.10377728939056
49.686479568481445,394.8705204129219
268.06775921583176,629.5062407851219
695.7460107803345,660.2359892129898
1136.498270869255,671.6317291259766
50.380527317523956,211.60147267580032
85.28079348802567,632.4412065148354
79.57005667686462,91.87494331598282
97.98931473493576,521.6396852731705
451.66757172346115,626.85142827034
886.9388397932053,642.0791602134705
59.13509422540665,78.75290578603745
107.94337153434753,347.2966284751892
261.0296952724457,629.4713047146797
697.2259458303452,659.3120541572571
1141.2192039489746,667.5407960414886
59.48945689201355,222.02854311466217
92.46470773220062,81.0542922616005
48.43895202875137,135.37604796886444
90.32120907306671,574.5117909312248
461.7584720849991,649.2045279145241
904.6777358651161,666.1002641320229
86.78199315071106,85.40300685167313
101.21926361322403,389.0217363834381
292.9535308480263,648.47246915102
726.298786520958,676.3872134685516
632.3650398254395,64.11596018075943
648.6922907233238,674.1047092676163
1114.3695452809334,653.8884547352791
96.67780095338821,150.89619904756546
70.41205549240112,631.9399445056915
490.3873079419136,659.9476920366287
954.8055602312088,653.4164397716522
98.14981424808502,86.8681857585907
49.014071464538574,494.4859285354614
431.78432792425156,570.7156720757484
791.814578473568,667.6294215321541
287.54881674051285,641.8581832647324
794.9860724806786,614.4959275126457
1173.4043678045273,648.8536321520805
73.67663192749023,226.5643680691719
129.46589183807373,615.0891081690788
553.9771438241005,662.6708561778069
1020.6563889980316,650.8996109962463
83.16663479804993,50.203365206718445
97.38288301229477,509.65511697530746
49.99839007854462,482.46460992097855
355.7326376438141,659.3603623509407
807.9098835587502,631.9041164517403
100.36712789535522,79.20787209272385
73.52539604902267,303.21460396051407
221.94563579559326,613.9063642024994
614.6609016060829,678.9320983886719
1088.7841468453407,646.4388531446457
95.38739359378815,153.6676064133644
93.38064140081406,81.02735859155655
80.61488354206085,71.2371164560318
92.55214041471481,513.5028595924377
417.97137397527695,650.806626021862
916.8716173171997,634.3503826856613
51.21686232089996,75.22813767194748
71.5991205573082,396.8088794350624
293.6103684902191,639.0566315054893
885.473635494709,490.8223645091057
644.034126162529,666.021873831749
1114.6193714737892,639.8426285386086
98.09461385011673,146.16538614034653
76.51286387443542,631.8761361241341
518.5061191320419,707.5488808751106
983.5923647284508,641.222635269165
93.85586619377136,432.8111338019371
430.3491088747978,591.90989112854
804.1573529243469,670.3426470756531
333.2236044406891,601.6093955636024
744.6988635063171,657.8751364946365
94.12940055131912,212.37059944868088
144.06664097309113,628.3773590326309
592.411895275116,643.6991047263145
1049.905133485794,647.6128665208817
40.064389526844025,131.9536104798317
97.15063846111298,523.2563615441322
50.341120064258575,508.62287992239
384.16736578941345,634.999634206295
820.5486103892326,665.025389611721
95.83785486221313,78.84714514017105
73.38711935281754,343.6318806409836
326.6763593554497,545.5456406474113
676.114599108696,657.663400888443
99.66184538602829,80.35615462064743
108.6741191148758,108.80688089132309
96.03737205266953,79.03662794828415
51.77162939310074,117.69137060642242
67.39387851953506,561.9581214785576
477.6281198859215,639.4278801083565
909.3243628740311,651.4346371293068
74.65160620212555,80.88539379835129
93.05185377597809,388.39314621686935
379.3230932354927,598.5849067568779
770.0563383698463,684.4996616244316
654.1045876741409,59.857412338256836
681.2468324303627,668.3831675648689
1162.8320764899254,653.8899235129356
57.23231667280197,232.2496833205223
208.48455679416656,540.0894432067871
601.0158116817474,640.9291883111
1037.3591035604477,620.4728964567184
41.408360719680786,80.66563928127289
75.5686137676239,502.0243862271309
361.8208528161049,678.4761471748352
836.684101998806,51.241898000240326
382.60335874557495,579.4336412549019
777.2636055350304,648.6443944573402
98.82984828948975,92.09615170955658
94.78611379861832,256.19488620758057
191.35337042808533,619.2206295728683
601.8096234798431,670.6713765263557
1068.7108801603317,679.1411198377609
63.66613417863846,118.48186582326889
114.5483855009079,546.9706144928932
49.577640891075134,80.90335911512375
64.55290114879608,497.3360988497734
372.7861468195915,680.3798531889915
853.5763922929764,644.1456077098846
92.62463700771332,79.41236299276352
93.67389190196991,341.99310809373856
231.3331453204155,669.3888546824455
774.8073878288269,577.9696121811867
1147.2276299595833,681.9033700227737
88.64587193727493,76.81712806224823
1065.065114915371,683.2318850755692
89.55736148357391,124.88663852214813
63.45862835645676,612.8933716416359
464.63688534498215,673.2521146535873
918.8151298165321,695.92587018013
89.19737195968628,78.33962804079056
99.11661493778229,408.64338505268097
343.44286769628525,631.595132291317
92.02811533212662,81.80488467216492
93.61436539888382,78.36763459444046
677.6996149420738,675.0223850607872
1139.3958543539047,680.8631456494331
70.00109219551086,227.12890779972076
87.9753435254097,657.8946564793587
533.2455827593803,689.9954172372818
997.4978358149529,678.0201641917229
97.06607437133789,55.600925624370575
104.910329580307,513.9406704306602
389.1635881662369,674.1884118318558
93.85883176326752,437.51116824150085
324.2420719861984,677.0539280176163
781.234315097332,677.9506849050522
92.13554847240448,85.32745152711868
44.60980188846588,348.5751981139183
204.56604826450348,650.1559517383575
639.8732948899269,677.7747051119804
1103.86653393507,696.4104660749435
89.71176826953888,174.02923172712326
62.353004693984985,668.9429953098297
74.32724022865295,112.33975976705551
92.61747688055038,564.1425231099129
442.4807179570198,679.7602820396423
913.380953848362,687.5820461511612
103.35520446300507,79.75579553842545
93.86750084161758,408.3364991545677
290.82275837659836,666.2322416305542
735.9090178012848,669.9799821972847
640.9582722783089,56.28372770547867
91.06255716085434,78.5864428281784
1112.8887929320335,672.7792070508003
97.08505028486252,160.2489497065544
46.22630387544632,671.1996961236
490.2935544848442,679.0404455065727
959.9897934794426,685.1022065281868
83.33504092693329,80.12695908546448
62.717277348041534,502.96772265434265
373.04351860284805,662.2344813942909
819.3707647919655,672.4452351927757
94.30801922082901,82.8029807806015
739.3742693662643,671.7727306485176
653.1645229458809,60.002477049827576
99.19479697942734,229.58320301771164
131.76105111837387,663.0899488925934
580.32928866148,668.5967113375664
1035.6365421414375,674.974457859993
74.4267885684967,105.85121142864227
94.28902542591095,571.0619745850563
433.31927186250687,682.2537281513214
73.8315195441246,506.52048045396805
371.7317559123039,684.5832440853119
827.6140040755272,677.2199959158897
91.73624914884567,81.22675085067749
50.09948259592056,396.8815174102783
245.8897168636322,669.8892831206322
689.2709711790085,689.1920288205147
1154.5232202410698,676.2547797560692
73.90547388792038,228.90952610969543
79.06472039222717,718.6752796173096
42.98496311903,185.20103687047958
59.88521295785904,626.5777870416641
441.04446399211884,704.7885360121727
902.7407159209251,705.0732840895653
102.3459774851799,80.76502251625061
94.56124418973923,422.2537558078766
307.9434850215912,679.8715149760246
775.510719537735,674.0632804632187
666.928967833519,65.97803217172623
980.8868201971054,690.0951797962189
447.9350677728653,678.3969322443008
911.5213165283203,677.9226834774017
94.4035695195198,84.02243047952652
77.6558049917221,452.62219500541687
319.50106114149094,664.554938852787
756.7713240385056,684.2466759681702
100.70858246088028,83.38341754674911
98.8138564825058,256.8901435136795
158.3251051902771,657.5268948078156
591.2443551421165,685.1816448569298
111.53361082077026,626.2443891763687
516.3788923621178,666.3071076273918
948.4641330242157,719.7578669786453
96.82836985588074,33.82063013315201
85.11660891771317,497.7533910870552
380.9618418812752,682.001158118248
841.2140796780586,686.2119203209877
62.65131330490112,78.75568670034409
63.64455842971802,394.3924415707588
92.2117902636528,88.17720973491669
49.724039793014526,352.9989601969719
191.95730125904083,651.079698741436
632.8945410251617,675.5304589867592
1095.4627767801285,691.0192232131958
77.49200975894928,173.6929902434349
65.89324456453323,656.9407554268837
509.40449464321136,695.7065053582191
950.2497740983963,682.2132259011269
78.03902262449265,75.14597737789154
92.51326310634613,78.63473689556122
75.82149654626846,84.01250344514847
93.795738697052,396.8892613053322
291.1589747071266,675.5250253081322
744.319216132164,681.2547838687897
97.441455245018,76.81754475831985
55.304717898368835,293.08328211307526
179.65096044540405,633.3690395355225
593.7732204198837,685.9307795763016
1051.599460721016,689.8085392713547
528.2586997151375,675.7223002910614
997.7339376211166,675.6360623836517
75.56017935276031,65.82882064580917
93.16441833972931,516.761581659317
397.86065489053726,676.6753451228142
847.0949082374573,683.1270917654037
48.995158672332764,86.28284132480621
60.98841041326523,401.56658959388733
247.74065119028091,672.2033488154411
93.23492068052292,74.63607931137085
176.09816813468933,668.3658318519592
617.1284114718437,686.076588511467
1084.8616454005241,695.4343546032906
99.05789911746979,139.18210089206696
44.34715670347214,649.9668433070183
475.729408621788,682.0855913758278
934.6666468381882,692.8143531680107
93.17889666557312,71.98810333013535
85.20914554595947,464.21685445308685
67.38737934827805,75.50162065029144
98.80662739276886,392.8783726096153
257.02189350128174,676.40510648489
708.1811544895172,682.9288455247879
99.03864669799805,223.68335330486298
116.01290053129196,673.6910994648933
559.9311513900757,687.2718486189842
1013.7954115271568,693.7425884604454
89.19565856456757,74.10034143924713
961.1328999996185,683.644100010395
91.5521674156189,71.98483258485794
47.76740473508835,510.71359527111053
338.7976505756378,679.0913494229317
786.9198994636536,697.0801005363464
93.95015037059784,75.56884962320328
53.388424932956696,348.53757506608963
192.9556828737259,658.4523171186447
628.3929259181023,683.9960740804672
1090.4421723484993,687.4108276367188
553.1564198732376,692.5095801353455
1021.5196613073349,681.5913386940956
99.58791124820709,113.24608874320984
97.91415446996689,538.5858455300331
411.7584061026573,685.9075939059258
873.4376540780067,688.9703459143639
64.54092019796371,81.60707980394363
64.90421414375305,396.59478586912155
250.1194670200348,669.4355329871178
90.07571578025818,292.0162842273712
194.160962164402,649.4120378494263
623.9142036437988,679.8997963666916
1081.6294516921043,694.5925483107567
103.1967042684555,127.58129572868347
64.4859681725502,619.5140318274498
455.22022783756256,685.5397721529007
922.9354749917984,692.8615249991417
99.68098032474518,427.4860196709633
53.58122783899307,84.01177215576172
57.833482801914215,397.073517203331
238.34472858905792,673.8032714128494
691.763989508152,681.6990104913712
1139.979254424572,683.520745575428
73.1765114068985,225.49048858880997
82.5397629737854,672.7192370295525
522.8290119171143,692.0969880819321
988.8962572216988,685.3997427821159
98.92650401592255,83.73949599266052
922.6597583889961,679.1542416214943
51.24602121114731,80.60497879981995
103.18428033590317,410.05771964788437
295.89953887462616,684.9904611110687
748.7067876458168,689.0332123637199
657.4960361719131,58.66996383666992
73.23028188943863,283.4177181124687
164.53753447532654,667.3694655299187
601.1427824497223,690.3762175440788
1066.3760241866112,697.9949758052826
516.9252825379372,697.259717464447
976.7515405416489,697.3784594535828
83.6517882347107,52.75621175765991
93.75603771209717,500.65096229314804
373.67529290914536,678.1577070951462
826.4455470442772,706.295452952385
106.27180796861649,88.19019204378128
101.17308694124222,311.6609130501747
200.31434100866318,679.2416589856148
50.15960383415222,286.80339616537094
133.41185772418976,666.8111422657967
582.9601017832756,687.891898214817
1033.5823566317558,694.4536433815956
87.51960623264313,100.72039377689362
101.12485319375992,548.0231468081474
438.5071046948433,673.4938952922821
884.7593610286713,685.8336389660835
104.06662118434906,85.02537882328033
54.78187894821167,491.1811210513115
95.9051222205162,77.66987776756287
99.30537045001984,315.86062955856323
191.18662440776825,687.5903756022453
662.7549049258232,689.0410950779915
1072.5252090096474,690.62279099226
103.07447528839111,110.61052471399307
59.88173598051071,612.2102640271187
442.2449938058853,698.9950062036514
905.1832446455956,685.7607553601265
101.78749310970306,89.52750688791275
827.2067454457283,694.4232545495033
95.58799266815186,79.2630073428154
52.414242804050446,390.2327572107315
213.66751217842102,684.7954878211021
659.7157827019691,693.5802173018456
1123.2280299067497,693.6609700918198
56.10928112268448,221.44571888446808
70.67653995752335,664.8784600496292
502.5767952799797,698.8302047252655
966.3120421171188,692.8179578781128
434.8782908320427,682.3437091708183
885.7605465054512,692.0174534916878
90.36479526758194,88.3762047290802
99.58003544807434,415.567964553833
291.29527962207794,687.6487203836441
751.1775234937668,689.5824764966965
658.6887738108635,60.4032261967659
95.46001654863358,272.2249834537506
169.30426186323166,662.8987381458282
58.908524215221405,230.07247579097748
69.77278327941895,673.3762167096138
515.2470263838768,699.4199736118317
991.6842757463455,691.2417242527008
67.30653387308121,69.600466132164
102.81879711151123,487.5332028865814
359.40405356884,686.317946434021
815.9713051319122,691.1586948633194
95.70556491613388,80.8684350848198
100.86481463909149,331.06118535995483
97.09907120466232,82.17892879247665
60.9633224606514,302.0556775331497
138.1215752363205,671.5074247717857
577.4678339362144,698.977166056633
1041.8500823378563,688.6129176616669
86.56433647871017,110.93566352128983
126.42761021852493,530.0903897881508
402.0328924059868,688.616107583046
859.2291393876076,691.9748606085777
91.962386906147,80.12961310148239
791.6976295113564,693.8403704762459
98.74487966299057,83.23612034320831
58.645147025585175,341.0388529896736
233.86140203475952,631.9355979561806
620.854664683342,702.7933353185654
1080.7179168462753,696.3740831613541
98.93316608667374,123.14083391427994
68.40741634368896,641.1285836696625
474.660663664341,689.9133363366127
955.8569156527519,46.032084345817566
454.4611683487892,632.9838316440582
860.7134172916412,685.193582713604
111.29968291521072,84.51531708240509
52.310987532138824,404.98601245880127
274.2672430276871,604.2147569656372
715.0384920239449,653.0365079641342
1129.4937450289726,697.7472549676895
101.28299510478973,172.79100489616394
84.4242462515831,671.3717537522316
102.30649745464325,120.39750254154205
58.98475140333176,619.2002485990524
488.015000641346,656.8739993572235
947.953244805336,656.3257551789284
97.22349351644516,87.59150648117065
98.30874699354172,424.2832530140877
297.57999604940414,697.4570039510727
751.5732452273369,703.3717547655106
99.17750412225723,81.87849587202072
100.17076605558395,86.53323394060135
97.07103484869003,83.57796514034271
50.21229404211044,225.37970596551895
59.57553619146347,683.3314638137817
513.6977891325951,692.4132108688354
968.4690379500389,702.5299620628357
98.77728933095932,43.68571066856384
107.60454553365707,477.5814544558525
351.9488203525543,679.421179652214
792.7010868787766,677.409913122654
668.8973513841629,55.58364862203598
691.409638941288,704.590361058712
103.4141675233841,209.32683247327805
83.96243971586227,680.5925602912903
513.2337046265602,721.1552953720093
964.3749759793282,689.1240240335464
57.29423922300339,57.63176077604294
85.23250770568848,482.49049228429794
331.7617806196213,697.1082193851471
110.53304326534271,377.762956738472
242.11831498146057,706.0116850137711
683.7785993814468,674.814400613308
1150.8088918328285,672.7281081676483
108.09820634126663,148.29179364442825
55.20248073339462,678.9645192623138
472.8617419600487,675.3232580423355
924.8920042514801,698.9039957523346
65.26652896404266,479.4174710512161
64.5567917227745,79.48020827770233
61.587053835392,378.8209461569786
219.82132238149643,672.8096776008606
659.5915895104408,686.6124104857445
1109.4738699793816,699.990130007267
75.522136926651,197.66386312246323
103.92239785194397,621.8726021647453
469.54567635059357,689.0473236441612
927.9089393615723,685.9250606298447
104.12420600652695,88.44979399442673
833.0434722304344,713.548527777195
51.536744117736816,79.37025588750839
77.27001088857651,369.48898911476135
225.2072741985321,709.9957258105278
656.052546620369,682.0764533877373
1099.397821009159,730.9351789951324
105.83609193563461,149.42390805482864
99.62436562776566,596.1526343822479
458.80363661050797,687.8633633852005
905.6669118404388,727.5000881552696
369.5111874341965,705.5438125729561
818.1904574036598,711.4945425987244
53.423719346523285,82.48328065872192
106.15799409151077,295.47200590372086
192.61427456140518,673.2757254242897
624.8295455574989,699.4304544329643
1069.0628220438957,735.2341779470444
102.5010951757431,134.16590481996536
112.97535991668701,580.6356400847435
99.35762292146683,48.69837707281113
105.44287288188934,484.5021271109581
361.67613768577576,719.8978623151779
812.5774035453796,706.9035964608192
55.199682772159576,81.46631723642349
102.93397325277328,302.69602674245834
164.20524281263351,724.0917571783066
607.2345250844955,717.4504749178886
1060.3388004302979,679.4011995792389
61.3690767288208,163.31592327356339
98.75134927034378,78.85965073108673
110.46660786867142,86.18139213323593
96.84786731004715,479.9111326932907
331.15713864564896,696.0838613510132
778.0944066047668,713.9975934028625
117.49466758966446,83.24533241987228
99.78394418954849,307.1780558228493
169.48120641708374,656.9627935886383
597.3074732422829,702.729526758194
1052.114735007286,703.1252650022507
509.71900337934494,725.4659966230392
963.3612720370293,666.9717279672623
106.1808049082756,447.949195086956
338.7290688753128,673.807931125164
780.7223343253136,682.888665676117
108.06760531663895,75.24739468097687
103.15288776159286,269.9961122274399
164.46114891767502,673.3718510866165
595.3064194917679,706.3985804915428
66.05868875980377,693.7933112382889
500.6259654164314,716.875034570694
955.0632290244102,713.3257709741592
75.8895058631897,44.814494132995605
101.23476976156235,475.8392302393913
319.20903384685516,705.3839661478996
771.2572974562645,730.2047025561333
667.8805616497993,64.4714383482933
966.0044490695,740.3655509352684
104.05375468730927,80.65024530887604
856.5840154290199,716.3229845762253
105.55828207731247,78.08971792459488
102.81054753065109,375.42945247888565
220.04483371973038,705.1411662697792
669.0011005997658,718.0548993945122
78.78364765644073,207.49435234069824
61.33091849088669,679.3540815114975
473.8071939945221,708.489805996418
933.855460524559,681.8855394721031
389.7927372455597,670.4662627577782
839.971013367176,682.9179866313934
77.83428019285202,82.90671980381012
59.25355011224747,371.6164498925209
207.0438466668129,662.9941533207893
614.6841705441475,692.0008294582367
1064.8814448714256,681.526555120945
106.98570990562439,92.81029009819031
57.53398132324219,597.2810186743736
106.73124426603317,45.97275573015213
106.57652944326401,482.27647054195404
327.90181505680084,709.9681849479675
757.0811161398888,719.2528838515282
658.7583931088448,55.01960688829422
104.67870497703552,252.00729501247406
118.37496888637543,701.1620311141014
553.9242271184921,717.7067728638649
1016.1754841804504,721.5095158219337
103.02074533700943,80.73825466632843
97.86600923538208,75.1149907708168
102.45126819610596,78.8077318072319
59.29654234647751,493.66645765304565
292.5668233036995,695.9141767024994
748.7090797424316,678.9389202594757
103.6618064045906,379.0601935982704
264.54406201839447,694.3639379739761
804.3893405795097,608.5916594266891
106.11590230464935,85.56909769773483
1059.146162033081,733.5208379626274
106.5284264087677,158.73057359457016
104.16969257593155,592.0153074264526
426.23697662353516,681.8000233769417
876.6922525763512,683.1217474341393
80.27852016687393,84.77647984027863
99.28979152441025,388.00620847940445
243.0800656080246,699.3829343914986
675.720346391201,706.9096536040306
586.3928772211075,719.2191227674484
1043.6631434559822,717.5408565402031
105.93341606855392,80.13958394527435
103.70467519760132,559.3883247971535
412.9749429821968,710.4130570292473
869.9692074656487,685.7157925367355
108.83247137069702,94.98252862691879
50.80773460865021,405.0262653827667
238.00300294160843,672.7919970750809
76.96028697490692,320.7807130217552
154.28554582595825,696.9914541840553
586.4838100671768,725.1281899213791
1041.1800742149353,745.245925784111
107.41334700584412,111.97465300559998
105.94362586736679,566.3893741369247
403.71489810943604,704.3961018919945
854.7641751766205,705.0318248271942
88.42343968153,90.18756031990051
104.62072044610977,81.250279545784
102.8539976477623,77.55300235748291
105.69926977157593,258.8377302289009
133.87754130363464,695.8634586930275
562.2968082427979,681.740191757679
1017.6230735182762,680.7109264731407
84.74534451961517,102.80965548753738
110.96160858869553,516.8353914022446
383.99188154935837,712.0831184387207
827.7071559429169,716.5338440537453
106.71841889619827,82.91058111190796
746.3786936402321,700.3993063569069
105.66025525331497,240.95074474811554
110.74552649259567,708.1604735255241
546.720797598362,704.9832023978233
996.7880629897118,714.860936999321
72.57832932472229,97.18167066574097
107.32959997653961,505.0034000277519
361.74887359142303,694.2691264152527
105.85315674543381,425.3688432574272
257.2724347114563,712.209565281868
686.3397485017776,706.7532514929771
99.0334404706955,383.9665595293045
216.52670174837112,721.9182982444763
670.1499547958374,724.6100451946259
1129.4202167987823,687.8567832112312
70.32048147916794,221.75351852178574
66.31373512744904,678.4452648758888
501.5099931359291,690.6740068793297
98.96724712848663,559.0517528653145
421.10851365327835,725.9664863348007
882.8787699341774,685.4732300639153
99.87202781438828,79.05397218465805
99.67928355932236,423.41171646118164
273.95053791999817,693.9004620909691
714.3508086800575,704.1301913261414
101.0233314037323,233.53266859054565
94.49758589267731,75.48441410064697
94.99084198474884,149.02815800905228
84.37209188938141,611.497908115387
475.21734738349915,684.8566526174545
922.321610212326,683.7893897891045
49.888871014118195,75.88912898302078
56.90013933181763,489.598860681057
310.57839000225067,676.5326099991798
749.3306509256363,722.9283490777016
655.2129082679749,65.15709173679352
960.7077456712723,734.1442543268204
438.4230083823204,705.6509916186333
876.7312638163567,740.1947361826897
64.7245232462883,86.01647675037384
98.6057825088501,415.81921750307083
270.97003549337387,705.6409645080566
729.3882959485054,699.703704059124
104.09781914949417,244.94018083810806
229.2380753159523,581.3169246912003
61.45333790779114,221.8796620965004
53.16960370540619,678.2753962874413
457.4218688607216,722.8001311421394
920.063126206398,713.436873793602
55.06764167547226,500.7653583288193
301.4308995604515,729.3841004371643
756.3131673932076,714.4098325967789
648.3064280152321,70.95357197523117
101.41068691015244,280.36731308698654
99.08894568681717,77.2810543179512
99.54420518875122,229.75079482793808
72.72346121072769,667.5545387864113
498.15971529483795,725.265284717083
962.5239733457565,686.5500266551971
64.68324226140976,63.46475774049759
84.1215369105339,481.8604630827904
319.484794318676,713.6632056832314
769.552052795887,714.1329472064972
662.3783122897148,66.75068771839142
103.61416840553284,582.4978315830231
440.0704324245453,686.4485675692558
900.9707040190697,713.603295981884
60.962995290756226,101.31400471925735
102.1232470870018,383.9877529144287
253.70950430631638,691.9574956893921
707.9617713093758,683.6862286925316
46.66927891969681,308.5157210826874
99.7365380525589,694.3374619483948
50.6197891831398,208.93621081113815
48.538047194480896,669.0179527997971
464.920301258564,693.801698744297
918.4865624904633,688.5124375224113
105.38781678676605,87.85318320989609
99.2330681681633,430.3409318327904
310.4293249845505,657.0896750092506
760.7185829281807,691.4474170804024
658.860849916935,63.02815008163452
1008.5776948332787,699.9603051543236
461.9219500422478,706.6330499649048
913.1562039256096,700.251796066761
126.50145745277405,65.1475425362587
51.55007404088974,330.15392595529556
176.0983219742775,655.1966780424118
568.9995806217194,697.0004193782806
1016.4738610386848,715.2301389575005
101.55912059545517,86.92187941074371
47.293376088142395,619.354623913765
396.56463903188705,733.6203609704971
80.61289477348328,503.31310522556305
316.64315009117126,725.2268499135971
771.4504060745239,709.3815939426422
111.0366639494896,65.40833604335785
57.52997809648514,334.35902190208435
140.37523990869522,701.3837600946426
574.8495027422905,723.0944972634315
1036.6947624087334,724.5642375946045
99.39202433824539,112.57197564840317
96.49528241157532,74.59671759605408
79.82154017686844,52.95545983314514
98.40680307149887,492.42619693279266
326.8820638656616,723.9139361381531
784.4123192429543,723.0506807565689
115.2205799818039,92.68742001056671
55.21287006139755,339.7121299505234
168.09613239765167,673.2938675880432
598.4773896336555,693.5036103725433
1056.044645190239,704.1403548121452
98.53790479898453,82.51809519529343
974.2351647615433,699.5428352355957
94.85742545127869,44.51357454061508
101.96168351173401,482.2423164844513
355.06594014167786,693.0640598535538
808.5962003469467,690.0157996416092
100.70045691728592,78.42954307794571
103.15571922063828,331.139280796051
184.51898336410522,698.6290166378021
636.3452414274216,696.4507585763931
121.2465004324913,684.0304995775223
554.942758500576,688.6312415003777
1010.0290172100067,707.4519827961922
107.44827145338058,65.08972853422165
102.23751956224442,566.9664804339409
393.934777200222,744.787222802639
848.7600342035294,720.387965798378
100.14228355884552,78.76471644639969
100.06153815984726,406.4944618344307
240.31379479169846,685.7962052226067
93.5100576877594,327.803942322731
159.37531399726868,710.754685997963
609.9235798120499,717.7434201836586
1064.1018374562263,704.8981625437737
63.03909212350845,162.2009078860283
101.73634606599808,568.3016539216042
450.5256142616272,675.7333857417107
897.5918774008751,697.240122616291
104.0121328830719,85.93386709690094
104.37539142370224,80.94060856103897
102.59064412117004,77.09535586833954
46.58290380239487,378.95409619808197
213.98316526412964,643.1638347506523
657.235425055027,677.6525749564171
1098.2296894192696,696.7153105735779
51.12995094060898,217.33304905891418
103.25320267677307,607.4137973189354
488.0784652233124,699.1055347919464
937.4977254271507,701.742274582386
100.49098348617554,78.5460165143013
850.8362416625023,691.2567583322525
73.58849692344666,79.92950308322906
103.85974830389023,373.4742516875267
253.55603271722794,671.1659672856331
672.5862964391708,710.3767035603523
100.46081483364105,197.0941851735115
82.95406866073608,678.5269313454628
508.68832993507385,689.7366700768471
102.01558488607407,566.3554151058197
468.87784588336945,671.1591541171074
879.1681166887283,707.1838833093643
101.14237523078918,80.26562476158142
106.43262892961502,406.0133710503578
266.29488718509674,677.8721128106117
706.8071590662003,695.952840924263
49.42366939783096,272.78033059835434
97.45292258262634,664.2140774130821
106.98319888114929,139.3138011097908
72.45749223232269,604.7645077705383
441.7837511897087,699.2722488045692
906.0000045895576,697.4449954032898
64.25225961208344,80.89674037694931
102.22651720046997,422.8664827942848
284.9237767457962,688.2992232441902
764.0650287270546,687.8979712724686
99.6985833644867,79.24541664123535
1093.876847565174,707.6231524348259
104.72210103273392,139.44389897584915
102.04836279153824,600.2106372117996
481.31962126493454,675.9213787317276
933.7388873100281,677.0761126875877
47.78041213750839,507.27558785676956
310.58766317367554,684.3373368382454
757.9519223570824,697.7150776386261
97.14918011426926,68.85181987285614
665.5484722852707,688.8765277266502
1109.5607349276543,715.7542650699615
55.68399530649185,234.74200469255447
55.95425617694855,685.656743824482
490.29851281642914,695.589487195015
947.6447684764862,689.1142315268517
58.61902433633804,74.3259756565094
65.7232768535614,511.73972314596176
335.1605353951454,700.5434646010399
100.50479465723038,393.30920535326004
251.09106373786926,686.4449362754822
697.6953372955322,694.8406627178192
85.97886043787003,221.17013955116272
100.49012422561646,672.3618757724762
521.8343779444695,696.4426220655441
981.6046323180199,693.9133676886559
96.39589124917984,51.80810874700546
99.09114623069763,479.48285377025604
118.28840738534927,74.43359261751175
101.20766961574554,416.36633038520813
287.2559295296669,681.9660704731941
731.268182694912,698.8618173003197
104.70294988155365,370.649050116539
225.54721760749817,686.5267823934555
673.9304774999619,699.3295224905014
104.41599017381668,202.7500098347664
100.79824912548065,82.62775087356567
75.2725082039833,159.39449179172516
70.48777002096176,613.2342299818993
431.42503041028976,699.4079695940018
886.3622853159904,713.8597146868706
101.52254325151443,84.75545674562454
48.08980017900467,482.5581998229027
265.23105973005295,714.3429402709007
716.2613172531128,736.4426827430725
100.74783563613892,73.88216435909271
1092.8150948286057,736.3709051609039
49.36335664987564,205.1726433634758
102.67163294553757,614.0693670511246
456.6278983950615,696.614101588726
913.5651562213898,695.4168437719345
78.85441654920578,81.75658345222473
55.77367949485779,476.96732050180435
291.17393839359283,721.9740616083145
742.4271950721741,736.6668049097061
211.99445205926895,714.1545479297638
663.0787050127983,714.272294998169
1122.0359609127045,709.8160390853882
80.73222148418427,199.9347785115242
60.09548079967499,678.3305191993713
499.75573575496674,695.5972642302513
957.8779911994934,712.9740087985992
107.11125099658966,88.31374901533127
102.43851518630981,476.11648482084274
62.48677456378937,82.82822543382645
99.42503213882446,411.6499678492546
252.825293302536,730.0457066893578
703.8735648989677,699.2564350962639
50.8230847120285,275.2889152765274
97.44534397125244,678.2576560378075
540.6236045956612,689.9873954057693
986.0068709850311,696.5501289963722
98.85113149881363,52.722868502140045
97.69639122486115,74.93360877037048
59.800650894641876,79.42234909534454
103.200912296772,410.83708769083023
288.7311717867851,689.287828207016
738.7054312229156,683.8495687842369
104.63596194982529,231.97503805160522
117.00022679567337,679.4997732043266
551.3634859919548,710.3215140104294
1014.7077469229698,710.6992530822754
472.27601194381714,56.538988053798676
920.453267455101,714.6757325530052
101.22453534603119,76.38646465539932
56.92080098390579,478.52319902181625
291.7290626168251,701.1409373879433
761.6673257350922,696.4626742601395
111.06759190559387,85.08040809631348
56.18990612030029,293.9760938882828
115.60916268825531,692.5768373012543
553.4544174075127,707.9165825843811
49.354671239852905,675.6453287601471
475.08893740177155,692.0960626006126
953.6741963624954,680.5478036403656
99.22345721721649,77.20354276895523
52.0307275056839,502.22827249765396
309.1169899702072,692.9570100307465
761.1842510104179,694.6487489938736
115.97350573539734,72.32349425554276
105.00379073619843,256.47820925712585
98.25604909658432,75.72595089673996
73.23030751943588,205.19569247961044
67.70456504821777,678.9064349532127
493.51282250881195,708.8941774964333
957.9320824742317,689.8459175229073
61.31334203481674,74.74165797233582
99.60359930992126,488.43440067768097
343.85485434532166,687.7181456685066
814.2931091785431,671.4668908119202
94.17436248064041,81.49163752794266
96.81662756204605,80.55437242984772
112.78416442871094,240.41983556747437
73.64747101068497,677.4455289840698
518.1587387919426,698.1192612051964
967.8749954104424,709.1810045838356
79.81224173307419,45.44675827026367
96.65648877620697,516.2315112352371
364.6497367620468,690.3682632446289
808.5699927210808,700.8750072717667
284.85825341939926,699.5857465863228
731.7775138020515,691.4074862003326
62.72704219818115,286.86595779657364
117.99830412864685,693.391695857048
554.435567855835,693.6944321393967
1012.1508287191391,704.3671712875366
97.68008577823639,101.28191423416138
98.58134651184082,548.3636534810066
382.0556040406227,735.1663959622383
54.10385924577713,507.4131407737732
303.764124751091,696.3648752570152
765.8313766121864,724.6496233940125
663.5656325817108,66.12036740779877
965.8564857244492,712.3475142717361
49.05274313688278,96.09425687789917
100.21300309896469,502.4729968905449
355.59526348114014,707.3867365121841
802.8845230937004,717.7274768948555
97.87778002023697,80.23321998119354
724.8150381445885,728.1479618549347
98.44956767559052,273.73643231391907
112.59082609415054,719.4831739068031
546.9910888671875,703.5829111337662
1002.1513590812683,701.5336409211159
69.31062239408493,93.7263776063919
65.80387365818024,566.881126344204
395.88912177085876,695.3138782382011
840.4563698172569,706.968630194664
317.1536155939102,687.9393844008446
774.6098676323891,694.1681323647499
661.1021451950073,59.933854818344116
974.5979907512665,700.1800092458725
101.16524535417557,46.4097546339035
65.472507417202,563.8794925808907
349.41076451539993,728.2202354669571
798.4210311174393,737.7629688978195
98.71129161119461,78.8997083902359
98.88955175876617,77.62844824790955
104.00508522987366,242.69891476631165
109.4803456068039,700.1496543884277
541.3436108827591,706.1013891100883
997.9838677048683,711.7741323113441
65.86712169647217,91.39287829399109
69.2493799328804,565.1216200590134
388.46363240480423,688.0363675951958
840.0868863463402,702.6171136498451
98.70915067195892,80.79084932804108
755.4254001379013,716.9825998544693
662.5476546287537,59.63834536075592
971.4864998459816,707.2725001573563
53.64675307273865,82.09424692392349
101.86200702190399,511.78699296712875
356.09526389837265,710.9967361092567
812.8665177226067,714.0224822759628
101.82278019189835,81.04721981287003
61.33403778076172,382.92496222257614
106.56829625368118,83.09870374202728
75.52354943752289,274.2544505596161
126.55380833148956,683.501191675663
576.9360628128052,688.4519371986389
1022.800315618515,719.5336843729019
102.38457292318344,124.61442708969116
85.8788474202156,560.473152577877
402.8341096043587,697.7208904027939
847.7533704638481,703.6356295347214
100.74662345647812,81.62337654829025
100.3138780593872,79.70412194728851
103.15916156768799,67.50783842802048
102.24544984102249,281.40355014801025
148.53371036052704,675.9842896461487
585.7489680051804,692.6020320057869
1035.3912296295166,698.460770368576
102.34649056196213,96.09750944375992
104.83974581956863,572.4562541842461
414.46300357580185,715.9629964232445
877.6232620477676,700.4697379469872
331.31952011585236,709.7734798789024
799.8128015398979,694.8171984553337
656.6021062135696,56.65689378976822
976.3179337978363,718.533066213131
50.27519130706787,97.0948086977005
101.10144978761673,507.3435502052307
365.94569712877274,689.2573028802872
818.0129477381706,708.1160522699356
55.26519650220871,80.95680350065231
102.61044985055923,370.9265501499176
102.69570857286453,78.4322914481163
55.26396948099136,321.2730305194855
135.3492242693901,697.0397757291794
576.2684825062752,709.8615174889565
1030.2057476639748,704.1832523345947
104.05101150274277,103.67098850011826
103.45127326250076,556.6967267394066
400.6485394835472,699.4264605045319
859.3638018369675,702.303198158741
102.39405995607376,79.53294003009796
778.8493183851242,726.8536816239357
103.69557654857635,77.60142344236374
61.40985733270645,327.6451426744461
163.0881169438362,688.8008830547333
597.8593752980232,717.6966246962547
1049.90763682127,717.59236317873
110.0678978562355,114.56210213899612
104.82016855478287,570.0498314499855
426.22041976451874,705.3345802426338
882.139672100544,717.7303279042244
356.4289306998253,700.27506929636
806.5331795215607,721.4108204841614
77.39643692970276,74.76956307888031
64.59268301725388,378.9993169903755
208.75293761491776,690.70906239748
653.2641834020615,722.0678166151047
1116.4994405508041,714.519559442997
85.45468473434448,209.89731526374817
57.57793062925339,694.7550693750381
54.478179812431335,163.13282018899918
96.6934261918068,607.6395738124847
434.4636718034744,716.4983282089233
918.141928255558,691.0610717535019
99.74721777439117,82.8277822136879
99.05448734760284,406.8895126581192
255.63974279165268,708.4892572164536
716.9299988150597,694.5700011849403
93.2495009303093,72.65849906206131
95.4457414150238,72.81325858831406
71.79099923372269,198.74600076675415
47.987244725227356,721.7527552843094
479.24051374197006,748.278486251831
951.2887602448463,719.859239757061
60.18901062011719,68.32898938655853
93.38625878095627,496.02074122428894
332.4535127878189,720.8424872159958
783.9467689394951,719.9242310523987
102.21702992916107,76.6529700756073
690.4883005023003,707.2526994943619
99.01080793142319,242.8781920671463
98.74605321884155,687.7169467806816
541.6083092093468,695.297690808773
998.3245692253113,714.7494307756424
59.22483295202255,114.10916703939438
59.75508922338486,552.4309107661247
375.4333434700966,700.1036565303802
51.35260307788849,491.81439691782
296.40084648132324,698.6181535124779
741.6531159281731,705.1428840756416
652.6833910346031,57.61260896921158
69.39867037534714,283.4533296227455
136.09591901302338,678.9220809936523
581.7371748685837,709.2998251318932
1042.692414700985,705.585585296154
102.74167728424072,99.49932271242142
53.65994036197662,615.8580596446991
98.48720079660416,35.30879920721054
103.70244288444519,469.53855711221695
340.3437064886093,686.5272935032845
790.206955909729,707.1630440950394
673.3302204608917,60.46677953004837
991.324084341526,715.2489156723022
64.63333147764206,95.64466851949692
70.25458753108978,556.0234124660492
388.8038327097893,694.1591672897339
837.704086959362,708.9259130358696
310.06833213567734,711.6726678609848
779.764576613903,708.4204233884811
105.20284509658813,73.29815489053726
97.64012461900711,298.71187537908554
138.78137683868408,705.6266231536865
588.0156398415565,704.1513601541519
1046.6188916563988,721.9181083440781
55.334142565727234,180.8878574371338
69.6984047293663,617.8755952715874
428.70866304636,710.0493369698524
107.72092461585999,495.2420753836632
338.08422178030014,703.5817782282829
786.5404805541039,700.5525194406509
100.08973807096481,81.3172619342804
97.52700489759445,318.28799510002136
168.70525175333023,715.7577482461929
620.2915162444115,720.3944837450981
1074.7287732362747,728.7902267575264
50.37001609802246,214.51898390054703
99.86227482557297,76.41472518444061
370.39354848861694,37.77345150709152
102.47884571552277,499.22515428066254
348.1021105647087,718.7878894209862
818.0203585028648,696.8866415023804
98.7546266913414,78.30137330293655
66.06288647651672,384.7711135149002
215.05513495206833,702.5558650493622
651.4003838896751,697.4886161088943
1114.6156324744225,710.9213675260544
97.71989119052887,78.7431088089943
1038.1581436991692,716.3058562874794
99.68739461898804,96.23860538005829
67.49562859535217,613.967371404171
432.9518805742264,700.8261194229126
897.0561222434044,709.1478777527809
57.66037565469742,79.52462434768677
104.1346361041069,415.2543638944626
276.2018965482712,689.3911034464836
708.5471678972244,719.8608320951462
188.0954127907753,697.5345872044563
649.0696600675583,710.0973399281502
1102.3779110908508,725.7880889177322
75.72216218709946,197.46183782815933
60.12340706586838,686.5615929365158
497.8936559557915,700.9583440423012
958.3129015564919,709.5750984549522
46.102146089076996,83.78685390949249
51.984384536743164,551.4966154694557
350.4036240577698,729.8743759393692
56.78586822748184,469.49213176965714
294.31511276960373,707.5368872284889
747.957362651825,709.3016373515129
644.1906329393387,59.32836705446243
78.35092514753342,277.42707484960556
140.6961691379547,675.8788308501244
572.8374096751213,714.9415903091431
1034.4406574964523,709.2253425121307
98.84189760684967,114.01110237836838
100.26014745235443,76.05385255813599
47.198405146598816,94.8205948472023
98.46865427494049,499.66034573316574
364.96189695596695,697.2041030526161
825.7331469655037,696.9888530373573
61.24440008401871,74.53259992599487
76.38565760850906,362.3553423881531
217.02691370248795,680.8060863018036
663.7051536440849,702.1098463535309
97.43275421857834,76.3082457780838
995.834004342556,711.5929956436157
77.95625519752502,108.265744805336
83.52250844240189,558.4214915633202
389.38676327466965,714.4472367167473
837.5280187726021,711.3989812135696
99.33526903390884,76.1087309718132
99.14351266622543,380.44848734140396
232.93277472257614,704.9372252821922
682.7780227065086,713.2029772996902
163.90025854110718,700.006741464138
612.190505027771,715.4394949674606
1077.0727472305298,715.1682527661324
59.008992195129395,199.9900078177452
65.74423837661743,659.756761610508
483.9394845366478,711.9485154747963
937.8967322707176,709.3452677130699
59.667991638183594,69.70300835371017
99.49323588609695,472.70976412296295
102.09874188899994,387.5492581129074
98.01800310611725,78.40799689292908
80.77024781703949,321.5067521929741
157.55948847532272,707.9955115318298
617.5717360973358,724.8542639017105
1076.601993560791,713.8800064325333
56.631238639354706,197.64576137065887
52.79149663448334,675.4305033683777
459.91474014520645,726.9562598466873
922.7769899964333,722.9450100064278
100.80724596977234,74.58075404167175
853.2074965834618,704.4575034379959
93.90574544668198,78.33625453710556
101.36100149154663,394.43499851226807
242.52125149965286,700.5347484946251
691.6625150442123,702.1534849405289
98.00000143051147,229.92499858140945
102.67824178934097,694.9697582125664
544.8384854197502,712.9395145773888
1011.3867418169975,705.7052581906319
471.7500062584877,703.3049937486649
924.2242668867111,714.0157331228256
72.52577126026154,485.2882287502289
313.7050138115883,719.4439861774445
778.6602682471275,713.9697317481041
99.87653988599777,70.14246010780334
99.12778145074844,309.2052185535431
158.6220309138298,716.0089690685272
53.040281534194946,271.884718477726
89.2185292840004,709.6524707078934
534.3597806692123,726.288219332695
995.0750245451927,725.1099754571915
99.06826764345169,89.39473235607147
93.09851950407028,547.9944804906845
419.18478059768677,705.3162193894386
826.6220743656158,720.414925634861
75.02231818437576,80.07068181037903
98.29257088899612,79.07642912864685
97.95282900333405,77.30617100000381
101.16807663440704,282.31392335891724
162.12433344125748,689.2836665511131
604.9135838150978,708.9944161772728
1070.1848217844963,726.0001782178879
103.15906405448914,151.52593594789505
106.8553204536438,593.7736795544624
453.10758316516876,714.2994168400764
907.4528490900993,715.195150911808
95.5211107134819,88.36888927221298
827.7543556690216,704.2276443243027
99.11761718988419,80.4753828048706
77.53587466478348,384.1671253442764
207.17813205718994,702.9518679380417
667.7443806529045,701.7916193604469
87.6758753657341,219.3241246342659
79.57612031698227,683.4238796830177
498.2913867235184,716.6526132822037
73.13663709163666,601.6413629055023
429.16689234972,711.0001076459885
883.0301523804665,721.4138476252556
59.94940620660782,79.38459378480911
103.21965754032135,418.0023424625397
279.7509134411812,707.6750865578651
729.3541520833969,715.8308479189873
89.93265265226364,278.04834735393524
141.92589992284775,698.1291000843048
91.0121551156044,216.6918448805809
58.09740734100342,691.5875926613808
513.2396597266197,701.6503402590752
971.4539033174515,706.435096681118
45.3361634016037,91.31183660030365
103.95941245555878,491.98558753728867
363.82166159152985,694.1963384151459
820.0569012761116,718.2770987153053
43.99415582418442,78.28384417295456
101.09840446710587,73.32859551906586
102.23719298839569,387.02280700206757
253.34046363830566,673.5285363793373
670.9457244277,708.3322755694389
104.00522583723068,210.92077416181564
65.73849356174469,694.8905064463615
505.12176245450974,707.5642375349998
964.2260057330132,721.1079942584038
57.07024812698364,71.0777518749237
100.28649437427521,78.0285056233406
82.35274600982666,86.9982540011406
59.235000252723694,486.1719997525215
278.56125485897064,723.8647451400757
742.0915021896362,717.4454978108406
92.60133892297745,368.0666610598564
210.92659085988998,725.4804091453552
656.3828553557396,733.5611446499825
103.29538094997406,78.85261905193329
99.08463829755783,78.52636170387268
101.94788706302643,121.94111293554306
108.2751412987709,560.0408586859703
438.0274027585983,686.84259724617
870.2606549263,715.9803450703621
103.71690219640732,81.95009779930115
104.43215042352676,411.529849588871
269.25940042734146,716.0195995569229
723.3816622495651,721.1553377509117
644.3379569649696,68.97704303264618
577.9603144526482,722.6316855549812
1036.3795719146729,729.0094280838966
105.52478551864624,346.4012144804001
201.9990525841713,720.1119474172592
654.6033108234406,717.1186891794205
108.07083141803741,193.50316858291626
106.91610032320023,630.843899667263
473.39036786556244,714.701632142067
939.5316161513329,721.0983838438988
103.8578639626503,78.75313603878021
855.5181248784065,729.1118751168251
108.28938317298889,82.02561682462692
104.46765583753586,394.42134416103363
230.0899333357811,716.2440666556358
685.5831773877144,730.2128226161003
108.12469184398651,221.1903081536293
82.765949010849,703.5300509929657
520.685197353363,724.7958026528358
70.79044872522354,627.2475512623787
446.8386940956116,714.1993058919907
906.7379569411278,711.6500430703163
95.84322565793991,90.74977433681488
103.7435091137886,413.0714908838272
274.64476495981216,711.5602350234985
721.692026913166,729.4549731016159
86.99354273080826,273.7464572787285
103.06180036067963,79.7731996178627
72.44306117296219,203.98293882608414
73.32433366775513,648.7486663460732
465.74359971284866,710.7934002876282
928.4408470392227,731.6151529550552
62.93409442901611,65.69590556621552
92.96435207128525,478.01764792203903
310.58661019802094,710.616389811039
763.1538776159286,726.6241223812103
112.11015248298645,70.48184752464294
110.84348624944687,85.71151375770569
1080.410792171955,710.5892078280449
52.07105362415314,203.68794637918472
60.45331233739853,649.1026876568794
450.7045729160309,711.1834270954132
910.0508390069008,701.7461609840393
107.78409612178802,87.90090388059616
55.90636336803436,479.5566366314888
275.93763303756714,706.7303669452667
724.8558992743492,718.2361007332802
192.7191482782364,706.7248517274857
651.17539447546,729.2326055169106
1098.779669880867,719.664330124855
76.03191590309143,204.5050840973854
107.9701714515686,631.4188285470009
478.5924387574196,711.3885612487793
934.2707044482231,717.6922955513
76.57223927974701,480.79876071214676
304.7685053348541,712.8054946660995
107.61376690864563,377.05323308706284
224.95903497934341,702.6889650225639
661.0633051395416,718.56669485569
101.7347953915596,204.1542046070099
71.63504922389984,706.6609507799149
511.14629858732224,716.3347014188766
980.4535380005836,728.4164620041847
65.26178181171417,98.64521819353104
97.58902287483215,72.87397712469101
104.69327527284622,95.4367247223854
60.22253483533859,497.776465177536
295.91979771852493,704.0432022809982
748.5980489253998,714.0869510769844
103.64386016130447,370.37413984537125
227.97012680768967,704.8808732032776
673.1123897433281,714.7766102552414
48.560875952243805,275.38412404060364
107.94312012195587,81.7238798737526
107.71438944339752,127.65661054849625
104.24366527795792,596.4783347249031
426.6069321632385,718.9660678505898
876.749206840992,717.9177931547165
99.83447778224945,80.09152221679688
110.01272875070572,414.35827124118805
259.33899360895157,711.8460063934326
705.4242531657219,733.1487468481064
613.4297915101051,732.2002084851265
1059.10806620121,722.613933801651
105.47234171628952,121.89865827560425
103.39060592651367,597.9243940711021
428.2718669772148,719.6541330218315
881.136134147644,711.8818658590317
58.62940430641174,87.98159569501877
61.43667560815811,451.61832439899445
243.61496084928513,708.1070391535759
674.7942563295364,716.4277436733246
151.84251272678375,704.7134872674942
591.8727721571922,721.1832278370857
1047.62503105402,717.8379689455032
105.00729048252106,119.5487095117569
54.51853835582733,644.8154616355896
429.2717973589897,714.377202630043
886.6530612111092,722.6809387803078
67.01632845401764,89.20567154884338
106.04659587144852,415.1934041380882
103.94686704874039,82.96013295650482
104.77414625883102,312.7448537349701
162.3784066438675,710.4735933542252
603.9816790223122,718.8883209824562
1067.3459442853928,720.081055700779
104.02423125505447,125.29076874256134
107.14647936820984,592.668520629406
97.47275203466415,75.82324796915054
100.4290041923523,82.08999580144882
98.97825664281845,78.00374335050583
98.5445106625557,76.0474893450737
98.44576507806778,76.11023491621017
128.45701944828033,84.54298055171967
101.2642924785614,78.75270754098892
100.36954635381699,76.3164536356926
97.84379953145981,74.7672004699707
102.70704472064972,83.12595528364182
99.57029378414154,70.83670622110367
99.3785252571106,75.65847474336624
100.50177609920502,75.4252238869667
120.069060921669,107.41293907165527
101.50641018152237,78.62358981370926
99.66567212343216,81.797327876091
99.10392993688583,74.34107005596161
98.54118430614471,81.68081569671631
99.07143759727478,78.7065623998642
98.8976901769638,74.2133098244667
98.50194203853607,76.60905796289444
115.42121684551239,101.48578315973282
102.50756376981735,82.32643622159958
98.14882057905197,76.14817941188812
98.97507387399673,75.58092612028122
99.6153274178505,83.16167259216309
101.07158106565475,77.87241894006729
99.398835003376,76.06416499614716
98.87208592891693,75.5539140701294
99.58834165334702,76.74565833806992
101.96960532665253,80.91839468479156
99.49987530708313,75.94412469863892
98.8821313381195,77.08086866140366
98.37538403272629,82.23561596870422
102.85063797235489,76.53936201334
98.78788977861404,82.89811021089554
98.76214158535004,81.90385842323303
98.94039189815521,81.35560810565948
101.76666539907455,77.91833460330963
100.5189266204834,74.81407338380814
99.77121430635452,75.41278570890427
100.5614681839943,82.99453181028366
100.23972535133362,75.31627464294434
99.26897811889648,76.620021879673
99.37423002719879,76.82976996898651
100.01548290252686,76.5405170917511
101.93375271558762,80.23224729299545
99.77901911735535,74.60898089408875
99.53128165006638,79.09871834516525
101.8955329656601,82.08646702766418
98.86978524923325,74.4822147488594
99.3620388507843,77.28496116399765
99.70729148387909,75.42270851135254
99.53455489873886,77.79944509267807
103.45282185077667,78.58417814970016
99.53808838129044,82.71991163492203
95.64234524965286,74.24565476179123
,
,
,
,
,
,
,
,
,
,
,
,
,
,
,
,
,
,
,
,
,
,
