自估上行时延,自估下行时延
56.57705807685852,128.47794193029404
66.68437099456787,133.03862899541855
66.69770783185959,131.00529217720032
67.23103111982346,129.65796887874603
62.671370685100555,126.5886293053627
64.07373398542404,128.7592660188675
57.551095724105835,122.24490427970886
56.38041692972183,121.87858307361603
58.15374839305878,127.25325161218643
427.26107120513916,124.53592878580093
775.0155191421509,90.33648085594177
605.9189841747284,408.22901582717896
60.93246167898178,124.30753833055496
58.91079235076904,126.34920763969421
58.68410766124725,122.81689232587814
82.06845140457153,136.76454859972
61.5268474817276,125.41715252399445
56.44817632436752,120.82982367277145
56.944492399692535,119.81550759077072
63.06980860233307,126.37519139051437
57.4361190199852,123.32388097047806
64.4864552617073,130.56954473257065
44.83385616540909,75.66514384746552
510.38516902923584,93.0598309636116
60.95456838607788,133.50843161344528
390.87687999010086,133.23412001132965
769.5773338079453,93.25666618347168
616.609846830368,394.5391531586647
61.21621751785278,129.20978248119354
57.17454248666763,124.5664575099945
64.42886900901794,128.36613100767136
61.38919401168823,127.29780596494675
62.291517436504364,126.26448255777359
63.15685611963272,131.9721438884735
65.9861810207367,130.809818983078
63.72251492738724,129.77748507261276
65.90284729003906,128.89315271377563
58.547189235687256,124.69281077384949
163.3945317864418,129.95646822452545
538.09404951334,125.03495049476624
921.7564395070076,103.05756050348282
64.25288701057434,1090.0621129870415
58.415221214294434,124.01077878475189
68.44756585359573,129.71943414211273
64.66591000556946,127.90808999538422
90.40125632286072,109.24574369192123
84.21259087324142,126.99140912294388
63.559926211833954,129.34707379341125
65.03727507591248,126.83372491598129
60.55163961648941,130.28236037492752
69.12096548080444,135.1190345287323
67.13530176877975,131.88369822502136
294.7606446146965,102.07235538959503
56.01604950428009,124.50295048952103
167.3444032073021,108.67359679937363
537.6739043593407,122.60409563779831
925.7252950668335,124.08970493078232
66.51770305633545,1114.149296939373
58.79004281759262,124.96895718574524
62.878373205661774,129.43562680482864
60.41168791055679,127.51431208848953
60.685017704963684,125.72298228740692
117.88435155153275,100.94864845275879
61.25067061185837,129.8233293890953
67.74599438905716,133.47600561380386
61.0943523645401,132.16564762592316
69.31167924404144,133.98532074689865
73.2700103521347,127.89698964357376
345.87737715244293,111.99362283945084
711.7428492307663,130.21915078163147
1094.6463403701782,133.6866596341133
60.901727735996246,131.0432722568512
63.2850666642189,131.23293334245682
65.28141325712204,131.90358674526215
57.572742104530334,125.70425790548325
87.71707624197006,127.5419237613678
62.37941187620163,127.8425881266594
56.83878034353256,127.08721965551376
63.44512528181076,126.55487471818924
66.53346365690231,131.392536342144
63.08480906486511,132.49019092321396
15.747206687927246,112.54879331588745
442.4285137653351,133.42448621988297
64.73787701129913,129.55812299251556
354.4932279586792,129.82177203893661
716.8407176733017,89.06628233194351
1097.1882132291794,103.05178678035736
57.665589332580566,128.3904106616974
57.068904399871826,128.41209560632706
69.76823246479034,132.21376752853394
60.72656214237213,129.68043786287308
61.81488609313965,130.09211391210556
61.25521409511566,128.63278591632843
61.34354764223099,132.69345235824585
61.116883993148804,128.3831160068512
62.445216953754425,131.83178305625916
66.53454875946045,137.78045123815536
80.62190735340118,132.04409265518188
499.47026616334915,131.23373383283615
884.2617307901382,85.60826921463013
68.83110612630844,1073.2238938808441
59.14243644475937,135.95056354999542
66.71177124977112,132.76922875642776
61.54112499952316,132.40287500619888
61.68544918298721,134.14855080842972
62.79177808761597,133.02322190999985
61.12110686302185,133.65689313411713
67.83844965696335,132.36555033922195
58.66778242588043,128.7582175731659
62.089124858379364,128.85487514734268
68.0664673447609,127.15553265810013
292.85780346393585,129.4931965470314
64.53922307491302,135.40477693080902
160.53458738327026,131.87241262197495
554.9379405975342,131.85805940628052
948.5074369311333,97.64056307077408
59.15175747871399,1167.6072425246239
53.7030753493309,129.92692464590073
67.84640234708786,134.67259764671326
74.28676527738571,133.86123472452164
58.69013077020645,132.19886922836304
64.98246425390244,131.74053573608398
60.71880078315735,126.91119921207428
58.89913463592529,126.37886536121368
63.764474272727966,130.32752573490143
57.019806027412415,132.03519397974014
63.293116331100464,127.24288368225098
365.7145177125931,109.13648229837418
721.9890259504318,133.7329740524292
1091.7255279421806,93.25647205114365
63.53587234020233,133.1861276626587
65.43919509649277,129.6348049044609
58.527532398700714,129.86146759986877
61.41185420751572,135.75514578819275
75.27818900346756,141.31481099128723
63.27355444431305,134.54144555330276
61.1208975315094,133.13810247182846
66.2092273235321,132.47577267885208
61.038542091846466,133.81345790624619
66.015864610672,135.55913537740707
101.0111871957779,130.39581280946732
41.96950513124466,316.32649487257004
11.891843914985657,128.88715606927872
422.68323093652725,128.94576907157898
833.0126035809517,90.41339641809464
43.74802756309509,1021.1949724555016
63.152451157569885,133.99554884433746
67.4807795882225,134.16722041368484
65.32912665605545,131.2268733382225
63.84244614839554,132.54655385017395
65.5417873263359,139.32821267843246
61.20414757728577,131.99985241889954
60.81147927045822,133.42952072620392
62.14080047607422,134.43419951200485
61.11712270975113,133.4008772969246
57.594445049762726,130.70155495405197
152.08987438678741,129.59512561559677
565.8632469773293,84.02475303411484
985.7306312918663,96.56636869907379
70.48401010036469,1176.6639899015427
69.53634709119797,142.96365290880203
60.90273874998093,135.57926124334335
71.86106365919113,134.75093632936478
64.07842457294464,134.84757542610168
63.92577254772186,132.29522746801376
59.16209876537323,135.966901242733
60.93641930818558,132.7305806875229
68.30176258087158,137.16123741865158
61.76112884283066,134.83187115192413
65.29346036911011,137.68753963708878
304.2148383259773,128.74816167354584
78.93321734666824,137.95578265190125
228.29857218265533,131.49742782115936
517.2201837301254,81.18581628799438
949.3286044597626,87.69039553403854
62.93493616580963,1161.620063841343
63.41126757860184,136.06973242759705
65.38960540294647,134.96239459514618
73.64396220445633,134.54103779792786
58.3063108921051,126.93368911743164
63.94963949918747,124.97536051273346
53.61295533180237,125.2580446600914
58.830281257629395,123.41071873903275
58.863623321056366,128.3043766617775
56.85899043083191,126.86300957202911
72.63232177495956,136.922678232193
313.627692759037,131.44630724191666
751.9940814375877,83.02391856908798
1144.989532649517,107.32546734809875
55.46694105863571,135.08805894851685
58.44426488876343,130.05573511123657
59.513585925102234,139.07841408252716
58.99090522527695,142.0640947818756
68.22724050283432,135.42075949907303
61.945597648620605,143.9614023566246
65.6449208855629,134.1710790991783
57.269283294677734,391.72971671819687
57.72860562801361,134.40039438009262
57.29792356491089,134.42307645082474
123.94225370883942,136.02074629068375
57.641660034656525,135.56233996152878
62.60104638338089,135.12295359373093
413.91040086746216,130.20059913396835
846.9987452626228,131.66725474596024
52.568189561367035,1015.3198104500771
57.675501704216,135.30549830198288
56.85681879520416,130.16218119859695
60.88913559913635,131.7778643965721
59.9034520983696,135.2815479040146
66.62178713083267,139.452212870121
61.35713839530945,131.14286160469055
61.40946304798126,131.22053694725037
59.58879005908966,135.89220994710922
56.808118760585785,128.7668812274933
53.93343722820282,125.03056275844574
242.5388154387474,123.38718456029892
592.8683480620384,80.03865194320679
983.3828001618385,91.76519984006882
65.23016291856766,1193.046837091446
59.967476308345795,132.7185236811638
54.99979209899902,131.94420790672302
63.69910645484924,133.81989353895187
59.08442199230194,131.4525780081749
63.301740884780884,136.23525911569595
60.390057027339935,132.70294296741486
61.08939290046692,135.35560709238052
64.60375189781189,133.45224809646606
59.65409082174301,130.93790918588638
54.132438123226166,126.2385618686676
426.5348177552223,124.05818223953247
59.82614177465439,131.43285822868347
318.84154284000397,107.51145714521408
663.300016283989,124.86698371171951
1084.3134006857872,133.74159932136536
63.402794778347015,132.07820522785187
66.06513893604279,136.26886105537415
62.07848805189133,133.01351195573807
61.18582999706268,134.22117000818253
58.68115186691284,131.87384814023972
61.343480587005615,133.65651941299438
54.45083004236221,127.97516995668411
60.96416211128235,129.21983790397644
57.21951764822006,132.40948235988617
61.881837487220764,133.15516251325607
43.98817652463913,132.80782347917557
450.3365872502327,126.2564127445221
857.5359525084496,98.24204748868942
64.77233564853668,1066.1166643500328
59.47178965806961,132.56521034240723
60.94911015033722,134.1618898510933
59.0364208817482,131.18557912111282
59.81073921918869,134.6902607679367
58.30605936050415,133.02794063091278
56.320392370224,134.93860763311386
59.8157097697258,131.277290225029
58.386023223400116,136.8179767727852
62.473342418670654,135.469657599926
67.45168668031693,139.1783133149147
253.31710106134415,133.84989893436432
61.90560835599899,131.6873916387558
82.14193934202194,133.9870606660843
508.2862756848335,134.8437243103981
932.7256289720535,94.86637103557587
68.05496990680695,1159.6490300893784
62.49534493684769,140.5976550579071
63.78667587041855,137.99032413959503
59.301007986068726,136.0319920182228
63.204340040683746,138.36965996026993
55.01466280221939,132.4853371977806
55.713984072208405,135.52701592445374
58.19130378961563,132.8276962041855
59.539634346961975,135.25736564397812
61.700952231884,133.81704777479172
64.8073194026947,156.91368061304092
381.11870843172073,131.08529156446457
770.8730869293213,90.05291306972504
593.8505458831787,416.0574541091919
53.97600841522217,128.13499158620834
60.63832646608353,134.3976735472679
61.152663469314575,131.49533653259277
62.685991168022156,135.29600882530212
65.77335208654404,137.04064792394638
55.917694330215454,127.86030566692352
62.11701023578644,133.86398977041245
55.2783362865448,125.66566371917725
54.99765992164612,128.1143400669098
56.32598054409027,131.17401945590973
97.3773182630539,132.49368172883987
516.9466925263405,132.40530747175217
64.20208311080933,176.723916888237
373.308498442173,127.87550157308578
762.470923781395,88.43607622385025
1135.0224215984344,107.7175784111023
52.98183137178421,128.25916862487793
61.10716336965561,134.83783662319183
59.06549608707428,133.36050391197205
65.59783637523651,137.7171636223793
58.85319668054581,136.96180331707
55.90351885557175,140.55848115682602
60.436846017837524,135.6001539826393
56.98816913366318,132.0858308672905
56.57648056745529,131.38651943206787
54.8128000497818,128.0951999425888
135.29012316465378,129.50687682628632
545.8965700864792,131.73342990875244
944.2439376115799,98.83006238937378
56.53726536035538,1167.907734632492
60.4206063747406,136.578393638134
59.60194790363312,134.8060520887375
61.02330005168915,136.88469994068146
59.75962334871292,133.09237664937973
58.14395076036453,133.22604924440384
61.52828538417816,133.6377146244049
61.172647058963776,139.19835293293
54.279973208904266,131.5900267958641
62.330304861068726,133.26269513368607
55.15963834524155,130.61836165189743
341.4340136051178,131.89998638629913
60.28141909837723,133.01558089256287
220.20175182819366,132.87224817276
580.5132448673248,85.7087551355362
959.953720331192,99.1572796702385
70.13410460948944,1170.45789539814
62.29646676778793,135.3525332212448
59.32880812883377,132.22719186544418
57.084184527397156,131.63781547546387
58.820522248744965,133.79047775268555
55.72385495901108,130.22114503383636
67.64520210027695,136.53979790210724
61.2885724902153,138.6184275150299
56.988898277282715,134.27010172605515
55.16922277212143,132.70077723264694
55.55357122421265,128.57542878389359
340.6229009628296,128.39509904384613
698.378376364708,93.25062364339828
1121.5967354178429,110.14426457881927
58.925186932086945,134.33381307125092
59.9025092124939,136.13349080085754
75.28684455156326,140.10115545988083
61.98621743917465,135.58678257465363
53.13057482242584,127.72142517566681
56.79292219877243,130.57807779312134
56.82529276609421,131.95170724391937
52.80263042449951,127.308369576931
60.46497994661331,134.40602004528046
64.88734805583954,138.29865193367004
31.697705388069153,120.87629461288452
36.00807374715805,255.0479262471199
52.50347900390625,126.66252100467682
351.0367915034294,120.3702085018158
734.977223098278,129.20877689123154
1119.6576159000397,127.63838410377502
56.5790581703186,131.77194184064865
55.389374017715454,132.68462598323822
59.38570386171341,131.37429612874985
58.99206668138504,135.08193331956863
53.8024075627327,126.95659244060516
58.409752547740936,131.68324744701385
59.498100996017456,133.42789900302887
65.9384416937828,136.3585582971573
64.84079670906067,136.9372032880783
64.05916023254395,139.7928397655487
31.017489790916443,128.00151020288467
449.56893706321716,132.5980629324913
839.7313218712807,101.08367812633514
56.52370470762253,1069.2362952828407
55.46409434080124,132.49990564584732
53.84840780496597,129.74459218978882
60.936733067035675,134.69426691532135
56.17305839061737,134.3089416027069
64.74240332841873,134.55459666252136
58.33077156543732,135.92822843790054
53.60410398244858,129.7658960223198
55.82243263721466,132.3445673584938
57.48475056886673,134.7382494211197
52.5720699429512,129.07593005895615
261.01246696710587,134.8575330376625
63.897006928920746,137.26899307966232
40.818358302116394,128.19864171743393
485.74071925878525,134.24028074741364
855.3291596770287,97.2268403172493
59.21354657411575,1076.4904534220695
61.56086951494217,131.58713048696518
52.51920968294144,129.27679032087326
56.42253357172012,133.98446643352509
56.51085942983627,133.54514056444168
61.285194873809814,132.28980511426926
58.72454160451889,135.25645840168
53.590857803821564,129.11314219236374
60.32618051767349,135.89481949806213
57.45249903202057,135.0105009675026
52.13281214237213,134.71818786859512
302.59220027923584,135.12979972362518
713.7905942797661,135.875405728817
1090.2869948744774,126.13900512456894
56.35636991262436,132.86463010311127
57.500687062740326,134.7403129339218
57.99600636959076,136.74399363994598
59.658330380916595,133.80366963148117
57.875663697719574,135.6053363084793
56.57598865032196,141.6830113530159
56.86731344461441,135.09568655490875
62.215649485588074,138.22935050725937
60.30302268266678,135.6779773235321
56.85435950756073,136.94064050912857
82.18368864059448,136.37231135368347
58.47502160072327,136.5799784064293
55.95334666967392,134.34365332126617
400.5037730336189,133.0142269730568
795.4811763763428,140.42582362890244
1110.5698000192642,132.5411999821663
56.86216914653778,133.3228308558464
53.6535102725029,134.549489736557
57.98285365104675,132.6841463446617
60.55320346355438,132.8177965283394
57.8625345826149,135.47046542167664
53.13585847616196,130.75214153528214
55.96618592739105,134.1828140616417
67.53554648160934,142.77945351600647
60.34592258930206,137.83907741308212
55.34125781059265,135.17674219608307
76.31857621669769,136.71842378377914
511.4989368915558,133.22306311130524
919.0692862272263,130.44871377944946
54.342611491680145,1179.95438849926
71.67196267843246,144.77203732728958
53.667336881160736,130.92466312646866
79.71868604421616,135.61431396007538
57.363024830818176,135.13697516918182
53.50635600090027,133.97464400529861
57.6696697473526,133.96133023500443
55.589993476867676,137.74300652742386
55.99331784248352,133.617682158947
53.840638160705566,135.49236184358597
64.33701765537262,146.73798233270645
328.9063854813576,136.35261452198029
53.97683149576187,134.8941684961319
121.95330625772476,137.1946937441826
546.3757258653641,114.25427412986755
921.9081433415413,128.5918566584587
50.977477729320526,1185.3925222754478
71.8618249297142,153.32317507266998
58.191190123558044,136.01180988550186
58.61252212524414,135.86947786808014
52.79384905099869,130.22415095567703
51.548164665699005,129.2478353381157
51.48848605155945,127.97451394796371
57.07679980993271,136.5342001914978
57.14711403846741,136.11288595199585
58.530429780483246,139.26557022333145
62.65676873922348,135.86223125457764
379.8191148042679,122.9588851928711
752.1295562982559,127.05544370412827
1114.32907807827,129.57792192697525
55.10347020626068,134.9715297818184
53.26479512453079,138.40120488405228
59.816117227077484,136.92488276958466
71.23745429515839,144.42954570055008
59.19681799411774,137.73018199205399
60.0261510014534,145.73384898900986
54.83648294210434,137.53451704978943
57.2207967042923,138.44620329141617
54.160106897354126,133.69189310073853
58.10042357444763,135.30657643079758
107.78174668550491,79.71925330162048
49.37009221315384,128.59290778636932
6.328482151031494,110.28251785039902
423.7498467564583,134.30515325069427
803.2463003396988,92.58769965171814
79.59366858005524,1014.5363314151764
56.86705881357193,138.68894118070602
54.86239165067673,139.7676083445549
58.04271578788757,136.60428422689438
64.85304772853851,143.83195227384567
60.12740862369537,141.59559136629105
66.04875808954239,137.1362419128418
53.71210467815399,132.25189530849457
58.484442353248596,132.0155576467514
54.776774764060974,129.52022522687912
58.36509853601456,135.9869014620781
198.71241557598114,128.19558441638947
512.0230209827423,92.8839790225029
942.1853771805763,101.1486228108406
58.82977640628815,1179.1152235865593
48.12113291025162,128.73086708784103
52.190460443496704,128.79053956270218
57.353788793087006,135.01721119880676
57.14512050151825,134.6138795018196
56.19645005464554,130.5435499548912
66.58179718255997,142.4932028055191
58.818158864974976,139.10784113407135
55.46147698163986,134.33452302217484
58.642799496650696,138.7472004890442
63.74914503097534,138.26985496282578
320.2445436120033,133.84745639562607
60.16593939065933,137.13006061315536
216.8102769255638,136.78172308206558
525.5468817949295,82.50911819934845
954.5422351360321,94.80976486206055
66.87161469459534,1186.3873853087425
54.2379634976387,139.30003648996353
57.97427797317505,140.0817220211029
66.30359947681427,135.91940051317215
53.13194441795349,131.94205558300018
55.554268181324005,135.37273180484772
67.97460490465164,147.1723951101303
54.266969203948975,138.25103080272675
55.48529779911041,137.79270219802856
55.2956183552742,134.42738163471222
61.97593939304352,139.70806062221527
364.62028044462204,133.19471955299377
757.7647243738174,86.75427561998367
1087.8713235855103,104.55467641353607
55.18165600299835,140.50434398651123
104.84399169683456,106.43400830030441
64.09935235977173,695.9386476278305
51.59471845626831,130.84928154945374
53.720041275024414,132.72495871782303
50.770377695560455,132.32162231206894
56.80469983816147,137.862300157547
57.059027552604675,137.68197244405746
59.166362047195435,141.00063794851303
60.17970544099808,139.76429456472397
66.32406508922577,139.02893489599228
64.56049066781998,138.23550933599472
53.72282296419144,131.87017703056335
395.2371428012848,136.0598571896553
798.1954879164696,137.0635120868683
55.190944135189056,1009.1600558757782
93.22337913513184,111.86862087249756
53.589708149433136,131.79929184913635
57.03004950284958,136.02595049142838
50.91440838575363,132.90059161186218
59.743737637996674,138.96026235818863
56.01706647872925,136.9279335141182
52.27139401435852,133.28360599279404
56.674715638160706,136.58428436517715
60.24505364894867,139.6249463558197
60.01838397979736,135.7596160173416
108.55183583498001,137.28316414356232
527.0281891822815,259.1578108072281
909.6346399784088,91.82736003398895
58.0939479470253,1181.2210520505905
56.97826772928238,136.5957322716713
55.547589004039764,138.69341099262238
58.08090716600418,132.34509283304214
55.910255789756775,132.460744202137
59.7945938706398,138.5024061203003
48.30794566869736,130.80305433273315
55.78625798225403,137.91874200105667
56.72557884454727,137.8484211564064
56.09189546108246,134.94510453939438
62.34624797105789,138.67175203561783
66.86062550544739,162.04637449979782
69.43104416131973,133.77295583486557
201.03742933273315,135.29557067155838
519.3300676941872,82.22593230009079
944.5854367017746,91.0075632929802
60.02484607696533,1172.0301539301872
61.557193875312805,139.2568061351776
55.03554093837738,137.743459045887
55.03089374303818,140.30310624837875
60.28524315357208,139.93675684928894
71.59559828042984,146.95940172672272
57.36999976634979,135.09400022029877
59.36535584926605,139.8756441473961
53.767700016498566,137.38029998540878
52.097006261348724,131.05099374055862
54.31532955169678,137.33367043733597
284.3846516609192,139.5973483324051
683.8250975012779,86.099902510643
1072.1725437641144,99.5124562382698
52.61292541027069,132.11007457971573
53.94225317239761,139.4837468266487
53.40057152509689,680.8224284648895
55.72889071702957,136.3441092967987
58.41021364927292,137.29378634691238
62.97955459356308,137.7974454164505
56.456889033317566,137.95011097192764
57.61921179294586,138.15778821706772
62.13355416059494,137.45944583415985
54.555904269218445,139.72309571504593
77.40322518348694,105.46777480840683
51.63862091302872,133.71237909793854
58.708969831466675,138.365030169487
372.4083130955696,137.499686896801
796.7926791906357,89.9853208065033
1167.7522093057632,143.65579068660736
72.0067155957222,144.56728440523148
64.65010249614716,141.73789751529694
52.73946624994278,140.72353374958038
55.60479861497879,139.988201379776
55.37912118434906,137.91787880659103
62.633436262607574,141.31056374311447
58.99977642297745,139.70422357320786
58.27312791347504,138.18987208604813
58.23247754573822,136.86152243614197
52.449839651584625,134.4761603474617
56.79716098308563,135.60983902215958
456.97754740715027,139.2994526028633
838.9560047388077,88.97099524736404
60.76638787984848,1073.0496121048927
63.74272322654724,142.07127678394318
1147.9430919885635,900.1869080066681
58.437446773052216,141.0615532398224
58.34178286790848,142.78821712732315
59.85512238740921,139.1628776192665
56.01747518777847,142.1485248208046
57.34680622816086,140.72719377279282
61.694138288497925,144.87986171245575
57.356462359428406,138.51453763246536
81.11181211471558,147.18518787622452
62.51423341035843,140.44776660203934
59.084589302539825,140.1374107003212
72.005923807621,137.27107620239258
512.6492547988892,135.5167452096939
896.0897278189659,90.18827217817307
60.25308555364609,1143.321914434433
71.67442429065704,141.04757571220398
60.05878561735153,139.1822143793106
51.55410659313202,132.8528934121132
56.93942779302597,137.98657220602036
56.471756875514984,137.97224313020706
58.41209411621094,139.9409058690071
53.68442094326019,137.07457906007767
85.42173755168915,116.48626244068146
57.65806984901428,140.60193014144897
55.875407099723816,141.75359290838242
299.6128024458885,139.9991975426674
675.7932707667351,140.35472923517227
1069.6407198309898,101.26628017425537
51.22908318042755,133.5119168162346
56.29840445518494,137.81159555912018
58.66472506523132,676.1312749385834
63.99311751127243,145.80288249254227
58.34150010347366,138.14049988985062
52.447896897792816,137.8661031126976
54.53623187541962,138.7787681221962
56.902565240859985,138.6714347600937
56.361893594264984,140.17610639333725
58.22722429037094,137.66177570819855
54.22258424758911,134.72241574525833
60.79295760393143,143.48504239320755
57.714302480220795,138.1926975250244
285.9136744737625,82.6613255739212
677.224150121212,87.34984987974167
1066.9605912566185,101.42840874195099
50.03096079826355,132.89503920078278
57.5452846288681,137.60271537303925
63.24461555480957,140.84838443994522
140.4999423623085,84.39005762338638
59.75426769256592,141.70873230695724
62.37861955165863,140.51038044691086
55.87497007846832,141.81102991104126
53.241294384002686,136.57370561361313
54.36562120914459,136.74537879228592
54.26895219087601,135.78604781627655
47.45028239488602,131.64271759986877
457.94568198919296,134.86831802129745
845.2751513719559,139.9098486304283
58.47452974319458,1096.0254702568054
53.30389356613159,136.30810642242432
1153.4472325444221,111.08976745605469
50.572697818279266,133.909302175045
56.291035175323486,136.44996482133865
169.06435477733612,97.954645216465
53.07866543531418,139.18133455514908
60.88899236917496,142.38900762796402
55.58735138177872,139.6336486339569
56.009695529937744,143.8233044743538
56.33904057741165,141.77295941114426
58.723395228385925,142.68460476398468
59.571745574474335,139.763254404068
69.14009183645248,130.71090817451477
507.2844414114952,139.7345585823059
899.1498935222626,140.68210649490356
58.07230335474014,1139.7246966362
56.827670216560364,143.00632977485657
152.00803476572037,80.69596523046494
56.41135799884796,140.9406419992447
53.7956936955452,139.74130630493164
54.08800691366196,141.3569930791855
52.249317049980164,140.3246829509735
58.50464600324631,142.71735399961472
51.57500511407852,133.40599489212036
60.31134086847305,138.3376591205597
56.306675493717194,137.7853245139122
275.43200904130936,145.34499096870422
667.8174423575401,89.66455763578415
1057.1089065670967,158.57709342241287
58.88229697942734,145.39570301771164
60.97064542770386,142.75235456228256
66.57699358463287,1205.348006427288
62.81338965892792,139.9076103568077
58.32775443792343,142.33824557065964
53.49010252952576,134.249897480011
58.44945102930069,141.88454896211624
61.03779464960098,142.240205347538
59.97714698314667,146.91085302829742
59.21349382400513,142.78650617599487
53.26492083072662,145.1610791683197
60.4462725520134,146.2387274503708
59.812613129615784,146.92838686704636
235.34497267007828,145.37802731990814
672.4144473671913,99.38155263662338
1103.7258023619652,110.92319762706757
53.072167575359344,110.05683243274689
56.40249460935593,104.78350538015366
54.84182769060135,115.0091723203659
64.09622251987457,100.4767774939537
54.778561532497406,107.14743846654892
58.36589938402176,116.8931006193161
79.10221862792969,120.89778137207031
64.46853494644165,147.383465051651
58.05690932273865,144.57309067249298
61.182270646095276,147.52172935009003
57.45463705062866,138.58136296272278
400.41400545835495,150.45699453353882
809.8914020061493,140.34959799051285
53.75792616605759,1010.8350738286972
58.10537368059158,100.63562631607056
1112.841678082943,93.19532191753387
49.67103761434555,105.84796237945557
44.685363829135895,109.59263616800308
47.4397052526474,93.54229474067688
66.06502968072891,99.3419703245163
43.301385045051575,114.88361495733261
58.64872294664383,98.23927706480026
43.68208158016205,107.42891842126846
64.6214165687561,102.71158343553543
71.89477813243866,104.4562218785286
42.52045387029648,161.07154613733292
37.29474711418152,156.20625287294388
415.43804013729095,80.15395987033844
857.3413336873055,98.02866631746292
49.614638328552246,1091.7373616695404
46.091965556144714,132.37103444337845
47.38427031040192,106.80172967910767
42.157571375370026,119.49142861366272
56.52290564775467,118.9390943646431
67.61120706796646,107.11079293489456
89.9775220155716,98.67047798633575
93.62084299325943,109.26815700531006
91.24614572525024,112.77185428142548
93.79744923114777,115.09155076742172
63.51576405763626,154.8542359471321
297.2891225218773,149.8028774857521
737.7475054860115,90.53049451112747
1100.3729482889175,131.20105171203613
57.295299768447876,146.55670022964478
55.56862258911133,140.87637740373611
53.37894034385681,145.8430596590042
56.50425589084625,139.6447440981865
155.62957805395126,104.01942193508148
62.05091232061386,143.28208768367767
104.15727096796036,108.23172903060913
38.024078607559204,127.8839213848114
42.9083833694458,128.60961663722992
39.84869521856308,125.52230477333069
41.13999515771866,128.9150048494339
42.507294833660126,127.86370515823364
40.26158964633942,127.60841035842896
378.0908914208412,100.39110857248306
854.8452082872391,137.30279171466827
45.54456812143326,1060.0664318799973
50.94787776470184,93.86712223291397
71.499183177948,100.22281682491302
77.75349050760269,105.91250950098038
96.21179568767548,104.04620432853699
122.74511742591858,100.3288825750351
39.94493794441223,129.99906206130981
39.847242534160614,127.02175748348236
40.52854210138321,124.04545789957047
42.91285479068756,124.9381452202797
41.00216871500015,123.96083128452301
118.66347098350525,100.33552902936935
587.0297826528549,100.08121734857559
1065.5440831780434,87.73391681909561
58.039379477500916,104.31162053346634
77.38667541742325,107.4653245806694
107.77198910713196,1236.7660108804703
52.74830788373947,152.63969212770462
59.96663498878479,145.97736501693726
56.425944685935974,138.13005530834198
55.42128276824951,140.96871721744537
54.527610540390015,143.194389462471
56.81993752717972,140.86506247520447
57.89026391506195,142.4617360830307
44.05260270833969,120.39239728450775
59.306960105895996,149.93403989076614
53.987316370010376,139.86468362808228
343.35367572307587,144.2203242778778
776.5160249471664,152.4279750585556
61.141359865665436,1049.4136401414871
57.970695078372955,138.75130492448807
57.20703995227814,139.9409600496292
70.36938965320587,150.03861033916473
118.01277327537537,99.98722672462463
30.231614589691162,113.49138540029526
39.76403319835663,131.19896680116653
40.57534432411194,130.48065567016602
47.10765099525452,129.0223489999771
43.02906024456024,127.10093975067139
54.7843781709671,124.79062181711197
36.298776030540466,129.20222395658493
460.53407019376755,76.7059298157692
869.2894097566605,109.41459023952484
77.8957576751709,1072.2332423329353
39.18805056810379,123.904949426651
50.461346209049225,112.07565379142761
40.80493628978729,77.04706370830536
37.300250709056854,80.51474928855896
87.66654449701309,77.4264554977417
52.568862080574036,106.59713792800903
61.93518763780594,104.15781235694885
55.50451171398163,106.60548830032349
48.42683786153793,102.09216213226318
56.73716104030609,103.6518389582634
69.39949202537537,97.3595079779625
263.26584482192993,103.21615517139435
713.3362103104591,97.96078968048096
1030.5536431074142,121.2983568906784
39.78900969028473,127.85799032449722
45.30432027578354,132.26967972517014
40.077637910842896,74.77436208724976
39.75894093513489,131.64905905723572
41.58725041151047,128.35774958133698
44.582580387592316,129.89841961860657
41.30091917514801,87.88508081436157
50.81422823667526,88.62977176904678
58.12556564807892,102.44943434000015
57.43590307235718,106.00809693336487
160.3752639889717,71.84673601388931
524.9266919493675,85.70230805873871
939.849054992199,118.63294500112534
34.511380195617676,1192.3216198086739
55.840723752975464,111.08527624607086
63.03905588388443,109.34894412755966
87.12735664844513,102.22364336252213
95.23466610908508,106.41333389282227
116.37897002696991,98.51102995872498
40.22677534818649,128.10722464323044
40.499080419540405,125.9079195857048
40.513386368751526,129.02261364459991
38.38070809841156,128.60129189491272
36.96800762414932,127.38399237394333
238.00030887126923,110.46269112825394
41.867609322071075,127.37339067459106
166.84390252828598,93.28509747982025
596.9511900544167,110.03080993890762
1031.9284809231758,143.83151906728745
41.03478145599365,126.70621854066849
40.457084000110626,87.8769159913063
20.321391761302948,114.28860825300217
51.762705743312836,117.12629425525665
54.75800859928131,112.92699140310287
91.29130965471268,99.57969033718109
86.04561573266983,111.4923842549324
100.91092026233673,108.5140797495842
57.37026607990265,145.42573392391205
52.43964511156082,140.8933548927307
96.84297466278076,142.54602533578873
527.5423059463501,142.0496940612793
962.5196368694305,143.4243631362915
55.68195706605911,141.67004293203354
56.86227643489838,144.2117235660553
55.80261433124542,142.47438567876816
52.1689458489418,139.9420541524887
55.01627433300018,141.74272567033768
107.51162475347519,122.11737525463104
37.47147446870804,128.25052553415298
37.9107671380043,126.77323287725449
43.740063548088074,131.61093646287918
42.14336669445038,130.50463330745697
38.97267013788223,126.97132986783981
341.61597180366516,118.01302820444107
43.35229313373566,109.9067068696022
223.16260296106339,106.57739704847336
671.1958984136581,88.63810157775879
1132.1172196269035,128.60578036308289
96.03852391242981,108.99747610092163
110.34882736206055,109.91017264127731
44.770639061927795,132.76536095142365
33.98892289400101,133.25207710266113
36.48522639274597,131.86677360534668
35.94351154565811,134.3714884519577
10.47579950094223,115.09820050001144
34.24907857179642,115.04692143201828
71.91237848997116,105.32962149381638
47.53669387102127,109.88930612802505
56.21700727939606,116.15199273824692
511.6583260297775,102.54667395353317
934.1906720399857,138.19832795858383
69.31600123643875,1253.4609987735748
89.62631350755692,120.72568649053574
118.54764348268509,86.80435651540756
39.414422035217285,129.21457797288895
38.74272000789642,129.8672800064087
38.33102309703827,128.26097691059113
42.5863254070282,132.17267459630966
39.397631108760834,128.76936888694763
43.54093760251999,130.86706238985062
40.203250765800476,130.05574923753738
322.2319058775902,129.00909411907196
772.1711990237236,86.7358009815216
199.81551611423492,115.55448389053345
650.0888515114784,90.91114848852158
421.32702642679214,225.26597356796265
819.1193321347237,113.08466786146164
36.28163135051727,1120.4963686466217
35.035919189453125,129.03808081150055
35.253211319446564,125.61678868532181
36.860503911972046,127.76849609613419
35.74479562044144,125.82920438051224
32.37107956409454,126.51792043447495
34.82464975118637,80.78635025024414
1.153939127922058,115.36506086587906
18.149232864379883,109.59076714515686
49.44051957130432,198.61448043584824
494.6777983903885,164.6002016067505
881.9320850968361,92.12291491031647
52.61238104104996,1239.9986189603806
42.71969246864319,121.13130754232407
43.30800640583038,122.50699359178543
55.67428916692734,116.62171083688736
34.59597682952881,130.9230231642723
32.07326090335846,126.61273908615112
32.10553878545761,125.5054612159729
35.768823325634,127.51017665863037
36.800126016139984,140.23687398433685
35.315418779850006,125.51758122444153
38.272711753845215,151.07828825712204
380.0840042233467,171.54599577188492
41.098295748233795,84.16070425510406
324.40866672992706,178.98033326864243
706.2750386595726,90.9289613366127
1076.5483844280243,123.45161557197571
38.17267054319382,110.27032947540283
30.780957579612732,116.21904242038727
37.1462379693985,111.26076203584671
36.88251876831055,114.41448122262955
49.41481274366379,109.65918725728989
42.70609551668167,120.01490443944931
34.70239961147308,117.20460039377213
24.605709612369537,118.20929038524628
33.860998928546906,105.58400106430054
21.46728879213333,111.23671120405197
301.83361035585403,78.05538964271545
743.7369104623795,98.80108952522278
15.528203248977661,1034.5087967514992
38.460095167160034,125.1699048280716
34.82639241218567,132.82260757684708
17.59868061542511,109.06731939315796
29.37197059392929,107.33102941513062
18.313251316547394,118.26074868440628
21.938560903072357,116.54343909025192
38.50784528255463,117.77115470170975
26.688140034675598,109.42285996675491
331.1474584341049,106.22354155778885
773.7728191614151,81.57918083667755
153.91624760627747,896.6017524003983
995.1850140094757,147.64798599481583
42.21847504377365,684.4295249581337
35.231813967227936,130.41518604755402
39.69011205434799,127.47588795423508
18.168413877487183,114.77558612823486
37.0158474445343,134.35515254735947
44.41817533969879,130.91482466459274
44.321513056755066,130.78948694467545
43.59481990337372,129.27418011426926
36.05413681268692,136.59386318922043
34.56842106580734,132.89557892084122
31.267702281475067,95.43629771471024
466.61498886346817,94.86701112985611
927.4442905187607,103.79670947790146
50.606584548950195,1269.3194154500961
59.89788866043091,110.97211134433746
29.875492751598358,173.19850724935532
47.35279035568237,131.85120964050293
38.32907176017761,143.50392824411392
40.91836363077164,148.9156363606453
43.83864402770996,78.25335597991943
71.0199419260025,90.81305807828903
45.201314985752106,150.92868500947952
31.02965474128723,109.08134526014328
32.98896414041519,78.65903586149216
358.0402975678444,112.42270243167877
766.4986463189125,101.29735368490219
1079.9201112389565,131.67288875579834
651.2494053840637,225.75059461593628
1032.892838537693,113.40316146612167
39.83322209119797,128.99977791309357
42.55156773328781,135.28243225812912
42.82491934299469,133.73108065128326
79.28327357769012,101.62372642755508
27.760674238204956,108.64632576704025
22.200996696949005,110.22500330209732
4.696338593959808,111.74866139888763
43.654669523239136,131.32733047008514
38.81703698635101,132.182963013649
37.905396699905396,130.85360330343246
38.49370926618576,127.58029073476791
381.17507261037827,120.15792739391327
775.2254891991615,114.1995108127594
581.1478507518768,498.64814925193787
42.25422579050064,130.85677421092987
39.36155015230179,129.78644984960556
38.20886713266373,129.29113286733627
37.05616796016693,128.1838320493698
40.25546634197235,107.78153365850449
50.23176580667496,110.8592341542244
43.358057379722595,111.19694262742996
49.61335176229477,111.90564823150635
58.60864454507828,117.94735544919968
34.364353716373444,130.04364627599716
126.93364280462265,84.34335720539093
569.3359367847443,116.14506322145462
1035.9062371850014,115.74176281690598
501.272537112236,93.63546288013458
953.526838183403,131.56516182422638
38.44914352893829,136.0518564581871
37.31444442272186,134.6485555768013
42.43975210189819,135.02224791049957
38.787056624889374,81.32394337654114
39.67140007019043,127.86559993028641
36.05570960044861,111.07329040765762
59.88602566719055,103.6699743270874
72.69534081220627,107.02665919065475
80.30265295505524,111.14134705066681
78.24297082424164,111.4980291724205
49.96128165721893,150.79871833324432
408.7906157374382,89.65538424253464
843.6189534068108,102.41804659366608
56.46631610393524,1191.496683895588
61.55464941263199,150.88935059309006
53.42100781202316,150.37599217891693
49.601356506347656,146.82464349269867
55.67068386077881,150.75531613826752
52.27802813053131,150.16597187519073
57.36637145280838,157.63362854719162
45.713703989982605,141.285296022892
108.33902561664581,112.56897437572479
33.52084827423096,79.92415171861649
35.3861443400383,128.03885567188263
153.43745517730713,89.54454481601715
605.3777467608452,96.40025323629379
112.72033685445786,148.37166315317154
975.6796417832375,124.33835822343826
44.10094732046127,92.95405268669128
73.83724397420883,93.77375602722168
58.77653753757477,94.00046247243881
80.90283739566803,95.00516259670258
88.69513380527496,116.11986619234085
54.24644720554352,156.40255278348923
49.94479596614838,144.2212040424347
49.829117119312286,148.465882897377
54.603450775146484,153.84154921770096
55.598811984062195,155.47518801689148
59.224156856536865,149.1278431415558
405.96051251888275,144.5024874806404
836.8818552494049,93.7291447520256
54.544205009937286,1115.5107949972153
48.929526925086975,148.03447306156158
51.86886101961136,150.9831389784813
55.124218225479126,151.43078178167343
51.4895583987236,147.63944160938263
51.78187555074692,150.05112445354462
54.92620807886124,150.611791908741
55.736542880535126,161.70845711231232
59.41789627075195,148.7311037182808
52.78326094150543,145.73573905229568
49.44658315181732,158.388416826725
220.94094067811966,151.15105932950974
624.6043163537979,98.47068363428116
1073.9696426391602,103.93735736608505
52.64997327327728,145.77602672576904
983.7943024039268,118.66869759559631
53.660628259181976,144.98737174272537
50.58195948600769,141.82504051923752
57.9482986330986,150.51570135354996
52.38865405321121,148.7233459353447
48.79197543859482,152.30102455615997
53.49029356241226,146.58270645141602
55.63360798358917,150.69939202070236
53.462929129600525,146.90707087516785
56.533265709877014,148.61473429203033
50.806603252887726,146.10139673948288
0.8769407868385315,140.58705919981003
430.31627851724625,148.57272148132324
822.6826497912407,100.7063502073288
58.344970405101776,1144.192029595375
71.10029983520508,143.3817001581192
46.391636073589325,144.81136393547058
55.683954298496246,145.8720456957817
50.95729851722717,140.2097014784813
56.0826478600502,150.10335212945938
48.1340029835701,143.7549970149994
53.370328426361084,143.44467157125473
50.77267825603485,141.15332174301147
56.528024554252625,143.41597545146942
55.39436984062195,141.42063015699387
225.27874326705933,141.86925673484802
650.3110827207565,101.70691728591919
1078.492425441742,120.47057455778122
66.20977139472961,156.97422862052917
54.59417426586151,145.5158257484436
59.20252865552902,152.5204713344574
58.60486823320389,143.5801317691803
45.897207856178284,137.6767921447754
49.763536870479584,148.47746312618256
46.98086857795715,141.42613142728806
62.16119235754013,153.91280764341354
53.17556977272034,154.17643022537231
49.20791947841644,149.5320805311203
52.352254807949066,147.24074518680573
49.68159383535385,146.48540616035461
52.50992697477341,151.9900730252266
345.98726987838745,148.03073012828827
783.520610332489,98.73938965797424
52.62694627046585,1092.5950537323952
58.770282208919525,148.2477177977562
56.24763488769531,151.45636510849
58.8180011510849,148.1819988489151
51.09032994508743,144.02067005634308
44.734655916690826,137.41334408521652
49.76698178052902,145.5470182299614
49.81930869817734,142.38469129800797
49.98063904047012,137.22236096858978
55.642970740795135,148.2830292582512
61.84333050251007,147.95366948843002
186.06065565347672,95.27234435081482
626.4269837141037,98.2770162820816
1059.6443219780922,110.6506780385971
50.45466232299805,148.54433768987656
54.432002782821655,145.69799721240997
55.391347765922546,145.5536522269249
54.96069014072418,145.74330985546112
56.345050394535065,149.6179496049881
88.98942524194717,147.41857475042343
59.57779502868652,153.2562049627304
48.75814151763916,140.77885848283768
56.402472496032715,147.93052750825882
97.8608193397522,111.25018066167831
21.764612138271332,116.97638785839081
21.6119185090065,118.0920814871788
31.219223201274872,96.31877678632736
249.64054316282272,94.56445682048798
699.8578554391861,92.439144551754
1105.242168188095,130.21983182430267
37.64549571275711,101.2615042924881
37.956800639629364,94.45119935274124
34.359114706516266,115.88188529014587
51.78043270111084,113.20056730508804
78.62875843048096,119.7232415676117
93.56907099485397,111.43092900514603
83.54537785053253,115.00962215662003
31.39313316345215,130.62586683034897
64.59242641925812,109.74057358503342
48.44072353839874,107.0962764620781
66.10202348232269,99.60097652673721
496.96832793951035,117.34567207098007
861.5006989836693,93.9793010354042
53.571040868759155,1243.7629591226578
104.03038656711578,108.91561341285706
31.78518122434616,132.12281876802444
33.41046404838562,86.71953594684601
31.64674735069275,131.9082526564598
29.97502964735031,130.65397036075592
35.00831079483032,101.38068920373917
47.80060285329819,115.12539714574814
68.4069082736969,104.7970917224884
69.2172263264656,107.57877367734909
67.25053888559341,106.58346110582352
71.69086682796478,102.60613316297531
61.685177743434906,112.38782227039337
184.94148021936417,123.55951976776123
634.973797917366,107.21120208501816
428.74896985292435,80.97303014993668
858.4672607183456,121.90373927354813
38.739549458026886,1217.8524505496025
36.179862797260284,137.8011372089386
34.67516338825226,143.84283661842346
35.689449191093445,141.90255081653595
34.481739938259125,137.66626006364822
35.625029385089874,138.8379706144333
40.436331152915955,139.37866884469986
33.394648015499115,137.124351978302
35.87193685770035,137.79506313800812
34.40422236919403,134.78077763319016
37.36251211166382,79.69248789548874
446.8027946949005,101.93720531463623
837.854083776474,143.01691621541977
35.42437791824341,1203.9656220674515
30.73466694355011,132.6723330616951
31.285946369171143,1142.6220536231995
32.54022514820099,134.49677485227585
31.980511605739594,133.74248838424683
33.08679658174515,132.52320343255997
32.43408840894699,131.17691159248352
30.004387080669403,131.88461291790009
34.869677782058716,131.57432222366333
36.014002561569214,135.85599744319916
70.26929938793182,88.34170061349869
32.727605640888214,130.14239436388016
31.11190015077591,132.24009984731674
450.81218957901,123.15181040763855
897.3254798054695,116.10052019357681
36.93176597356796,1196.1792340278625
39.59405845403671,132.8319415450096
32.738368690013885,137.5396313071251
38.25266194343567,135.5073380470276
37.858964800834656,137.8070352077484
37.76227080821991,133.49772918224335
34.60957473516464,133.70442527532578
34.12387776374817,131.1531222462654
32.360179364681244,132.45482063293457
37.57848048210144,135.38551950454712
41.0187931060791,93.50020688772202
453.0881210565567,105.78287893533707
884.0284213423729,104.23057866096497
37.3747221827507,1195.124277830124
66.96301752328873,91.1659824848175
37.88531768321991,111.50368231534958
67.47361201047897,106.80438798666
80.82091957330704,114.64208042621613
98.14924895763397,106.34975105524063
74.29455661773682,111.8164433836937
87.80787092447281,114.43312907218933
91.34117382764816,116.45582616329193
35.85596454143524,143.71903544664383
33.94328212738037,136.94471788406372
257.92060363292694,94.44939637184143
32.1009042263031,80.75009578466415
219.65220487117767,95.1247951388359
384.74127024412155,202.62872976064682
834.125557243824,149.7804427742958
28.917859315872192,1105.0081406831741
30.85814017057419,131.25285983085632
31.05742871761322,132.64657127857208
33.40572649240494,131.41027349233627
39.58602690696716,138.39597308635712
57.28535634279251,134.4376436471939
33.04073363542557,130.55226635932922
32.147303998470306,135.29669600725174
31.827598929405212,135.13540107011795
31.545894861221313,134.7691051363945
33.486253440380096,134.45874655246735
259.9255403280258,197.46345967054367
713.1258155107498,106.20818448066711
470.99317210912704,99.63682788610458
752.0814906358719,111.97350937128067
37.7438126206398,1106.274187386036
33.03610920906067,133.00089079141617
1119.0324055552483,134.8205944299698
379.733915746212,95.00708425045013
820.0072152018547,117.21478480100632
33.87351608276367,1188.6814839243889
34.757817804813385,133.44618219137192
36.18013250827789,130.35686749219894
37.10042583942413,130.8435741662979
36.5597265958786,135.31027340888977
36.33402806520462,133.31497192382812
35.75433027744293,133.4676697254181
101.34262526035309,94.00837475061417
39.41191077232361,133.86508923768997
38.74120074510574,138.22079926729202
36.7365003824234,135.1514996290207
403.2327969074249,103.24920308589935
851.9690837860107,142.23491621017456
33.631374299526215,1285.609625697136
29.738661527633667,132.2433384656906
30.363945841789246,137.56205415725708
38.08122360706329,136.95577639341354
35.92954522371292,136.5904547572136
32.55484449863434,134.03815549612045
34.55013942718506,135.85786056518555
35.87943136692047,135.52856862545013
143.80072218179703,99.36627781391144
47.962005734443665,131.6109942793846
30.754296362400055,134.06070363521576
469.2315953373909,99.6764046549797
912.2818965911865,126.42010343074799
397.0192057490349,100.961794257164
838.1815099716187,112.33749002218246
32.95481193065643,1201.7111880779266
33.30209922790527,133.99390077590942
33.03839564323425,131.23860436677933
49.330688178539276,135.151311814785
31.992974638938904,130.9140253663063
38.266271352767944,134.75172865390778
46.76157492399216,138.201425075531
31.997877955436707,134.5021220445633
39.1611692905426,137.09883069992065
36.69247305393219,137.06652694940567
-6.218226492404938,134.81122648715973
444.14707058668137,89.48192942142487
872.4023749232292,114.98562508821487
37.749670803546906,682.9173291921616
34.76397579908371,130.82902419567108
34.59328085184097,132.49971914291382
32.10658121109009,130.63441878557205
32.5108802318573,133.3781197667122
34.54317218065262,131.7908278107643
35.0384721159935,131.10952788591385
33.45977425575256,129.8922257423401
38.84407866001129,132.67392134666443
35.02538734674454,133.88161265850067
32.779701352119446,94.22029864788055
410.2760753631592,101.98292464017868
852.4014068841934,109.19159311056137
35.044706881046295,1213.6582931280136
34.22499817609787,134.45900183916092
36.46229290962219,1143.8517071008682
46.58758533000946,137.2644146680832
34.43488758802414,134.0091124176979
32.893186151981354,133.5698138475418
32.81548136472702,134.77751863002777
33.125775158405304,135.83722484111786
38.41707265377045,136.04492735862732
33.95036941766739,135.12363058328629
35.501669108867645,138.40533089637756
36.27497375011444,135.81702625751495
40.826281666755676,137.6367183327675
342.9696115255356,114.45538848638535
773.168972492218,116.96102750301361
34.29436445236206,1101.2986355423927
34.2716668844223,136.71033310890198
32.84196758270264,134.32503241300583
32.05926996469498,133.88573002815247
31.258568048477173,136.39043194055557
32.99486696720123,136.5421330332756
32.97116845846176,139.06583154201508
29.948459208011627,134.32854080200195
32.88875377178192,139.75824624300003
33.38505029678345,135.20794969797134
32.547357857227325,132.60064214468002
375.0986438393593,108.92035615444183
830.4459352493286,120.8690647482872
31.571229696273804,1149.5767703056335
30.511509835720062,136.5624901652336
30.154793858528137,139.93820613622665
31.13106995820999,138.55392998456955
27.146340012550354,134.14965999126434
28.345616161823273,135.58038383722305
27.395893275737762,136.6591067314148
29.077165603637695,132.58883440494537
33.980457186698914,136.38954281806946
31.457752227783203,133.949247777462
9.101042628288269,110.49195736646652
512.8373219370842,126.23567807674408
30.592606842517853,135.33339315652847
439.5148932337761,114.87510675191879
809.8801881670952,116.76781183481216
34.11648267507553,1264.6795173287392
35.90778976678848,132.24021023511887
32.552121102809906,133.3558788895607
29.251422822475433,132.93357717990875
28.932713866233826,134.0852861404419
28.242999613285065,133.35000038146973
27.62728661298752,132.0947133898735
29.178574204444885,133.17342579364777
28.432863354682922,134.06613665819168
34.8541561961174,133.49684381484985
46.38846391439438,132.64953607320786
471.346791267395,140.13520872592926
46.94950199127197,1156.3474979996681
47.55581444501877,199.12918555736542
29.551486790180206,133.0595132112503
28.973777413368225,135.08222258090973
31.56106972694397,134.6979302763939
29.779369711875916,132.60963028669357
31.737663626670837,139.1883363723755
29.658961355686188,133.28603863716125
29.303268432617188,134.06773155927658
29.07655841112137,130.6824415922165
32.05384659767151,133.68715339899063
315.0671526789665,124.09884732961655
788.8964601159096,137.19553989171982
247.48476213216782,121.5332378745079
677.6660439968109,105.96395599842072
1065.3283289670944,133.37567102909088
33.712629199028015,134.06537079811096
34.67093223333359,134.79206776618958
34.46324157714844,135.64775842428207
32.9035462141037,131.8934537768364
36.71385455131531,138.43414545059204
32.950165033340454,138.56883496046066
29.90845960378647,134.48054039478302
33.551751375198364,145.9102486371994
32.15904486179352,137.32195514440536
33.691337168216705,137.67866283655167
255.50263619422913,96.31236380338669
695.349935054779,104.35406494140625
1105.3082548379898,111.28474515676498
36.74856239557266,141.86343759298325
50.66989189386368,121.21910810470581
34.147179782390594,138.70482021570206
32.08748948574066,139.04251050949097
33.34279143810272,83.084208548069
32.31909942626953,88.27290058135986
32.815402925014496,107.33359706401825
52.56971341371536,110.37428659200668
68.21302366256714,110.23097634315491
99.33833074569702,117.25366926193237
173.18663942813873,164.86836057901382
603.218996822834,164.81800317764282
1033.8443417549133,118.21165823936462
49.67369216680527,159.6043078303337
921.7060309052467,116.86796909570694
56.29435896873474,159.09464102983475
58.25370955467224,152.8032904267311
52.08207851648331,152.78792148828506
59.74443995952606,154.1265600323677
52.70279157161713,144.87120842933655
45.1251375079155,144.54286247491837
48.13848567008972,145.39851433038712
45.911821365356445,140.45817863941193
54.98217076063156,157.70282924175262
54.718533515930176,150.72546648979187
49.17687237262726,147.06412762403488
292.2102046608925,154.91979533433914
714.0205686092377,97.31343138217926
570.7009525895119,544.0950474143028
49.40031009912491,149.67268991470337
43.229643285274506,147.54835671186447
56.00296086072922,151.7000391483307
55.11029839515686,157.29770159721375
47.32766753435135,148.94933247566223
54.95301991701126,154.56598007678986
54.134372532367706,151.12562745809555
61.314741134643555,152.8522588610649
51.60707497596741,153.33792501688004
51.63941943645477,155.3415805697441
93.87577056884766,128.90222942829132
488.26015520095825,151.12884479761124
902.8304980397224,149.7065019607544
50.899831652641296,163.3961683511734
813.358172595501,97.93682742118835
50.39053648710251,1146.7564635276794
59.60887235403061,146.390127658844
42.364219069480896,144.65478092432022
56.045544505119324,149.65845549106598
54.63388556241989,148.756114423275
45.129242300987244,140.88975769281387
51.84658455848694,154.15341544151306
53.74992793798447,154.7320720553398
53.50528687238693,150.01371312141418
54.296634912490845,151.51836508512497
43.699973583221436,143.68902641534805
184.32533198595047,149.17466801404953
608.3587047457695,154.77129524946213
1020.4650464653969,143.88695353269577
48.293385684490204,150.0026143193245
46.71571737527847,150.39628261327744
42.39705777168274,141.02994221448898
48.02139014005661,146.96060985326767
41.609724938869476,139.7792750597
62.976065039634705,161.80193495750427
54.19444441795349,151.91755557060242
39.596797704696655,143.1622022986412
46.42610991001129,146.88889008760452
45.34742331504822,144.41157668828964
27.823739111423492,150.80526089668274
449.2270702123642,148.92092978954315
886.1853843927383,103.96161562204361
57.829713582992554,1237.8182864189148
50.67808723449707,154.17391276359558
46.45042932033539,1129.919570684433
47.9097660779953,151.77623391151428
43.757099866867065,151.76190012693405
42.679416477680206,148.7285835146904
49.85973709821701,146.89926290512085
41.707055747509,144.95994424819946
53.48037874698639,151.33362126350403
55.16171604394913,151.6722839474678
41.009081959724426,141.28691804409027
49.46740162372589,150.14359837770462
46.48172706365585,143.8702729344368
209.60706847906113,90.6149315237999
653.2883847355843,94.35961526632309
1086.5617091655731,121.51229083538055
66.76006597280502,163.10993403196335
52.31145089864731,149.41054910421371
45.1227907538414,145.30320924520493
48.15509867668152,151.9749013185501
49.039436757564545,149.16456323862076
44.05477333068848,143.1312266588211
47.97609716653824,145.19090282917023
42.48941606283188,142.51058393716812
56.281733989715576,150.9032660126686
60.25907760858536,158.25992238521576
68.99544686079025,147.43055313825607
496.7507778406143,149.52722215652466
930.7461063861847,107.49489361047745
48.20444345474243,141.98055654764175
49.681768357753754,146.33623164892197
43.436097621917725,1198.0629023909569
151.93243330717087,114.84556668996811
61.37279945611954,153.2752005457878
49.12716102600098,148.8348389863968
47.93749672174454,148.83950328826904
48.3588290810585,150.15917092561722
49.15215611457825,149.84884387254715
51.591486513614655,150.90851348638535
48.51383018493652,146.24616980552673
58.69417268037796,158.5648273229599
59.078532457351685,156.18046754598618
185.3519570827484,147.40704292058945
620.9403039813042,93.1336960196495
1050.657642543316,113.47135746479034
49.74597924947739,151.06802076101303
47.42731022834778,151.3506897687912
104.31164729595184,106.81735271215439
28.80744308233261,137.43255692720413
31.470736145973206,140.12226384878159
29.09602802991867,135.32997196912766
37.97931122779846,93.94668877124786
24.605592966079712,115.32140702009201
25.10088139772415,123.82511860132217
53.22617030143738,120.27382969856262
37.166476368904114,118.7405236363411
492.4217800498009,117.87521994113922
931.1010888814926,172.74991112947464
319.2111785411835,114.41782146692276
787.1154823303223,116.51451766490936
221.2587937116623,132.07520627975464
695.3470860719681,115.02391391992569
1100.730406820774,144.12059319019318
28.76370519399643,133.08829480409622
28.999998927116394,131.5000010728836
30.422303199768066,131.07869678735733
27.787606954574585,132.32339304685593
27.76489895582199,133.6241010427475
28.113188445568085,132.6658115386963
26.700477242469788,132.16952276229858
26.88076275587082,132.0262372493744
29.858051121234894,132.78994888067245
29.595361292362213,135.53463870286942
313.44265300035477,156.5213469862938
856.9199386835098,103.84006130695343
588.1742634773254,543.4367365241051
514.8954443335533,136.64155566692352
971.797726213932,139.88727378845215
27.572008430957794,141.74299156665802
27.43729692697525,144.19270306825638
27.340572774410248,139.9004272222519
31.873858392238617,141.8301416039467
27.868160665035248,139.79783934354782
31.345443665981293,137.6355563402176
28.563743889331818,138.0662561058998
30.485031962394714,140.05196803808212
31.295332670211792,140.66666734218597
30.08762753009796,134.70937246084213
143.78692162036896,143.73207837343216
580.5042322874069,107.27376770973206
100.3525242805481,96.22147572040558
512.7738192081451,105.91118079423904
962.9361054897308,138.76789450645447
28.80239623785019,139.1796037554741
29.056682527065277,142.66531747579575
30.089968025684357,144.11403197050095
29.233253359794617,137.43274664878845
31.9515483379364,142.30745166540146
33.03984731435776,143.96115267276764
29.4051411151886,140.22385889291763
35.1234295964241,141.52457040548325
30.56372368335724,142.8622763156891
30.911013901233673,138.40398609638214
350.11030638217926,78.6486936211586
582.2725939750671,101.5604060292244
1028.8608870506287,122.62011295557022
36.80118387937546,144.5508161187172
33.63049632310867,143.6485036611557
34.40279430150986,142.00420570373535
34.58409005403519,140.67590993642807
31.376381635665894,141.38361835479736
28.0566645860672,141.36933541297913
27.718943238258362,140.46705675125122
31.696233332157135,143.2297666668892
32.37651997804642,142.40048003196716
27.428808271884918,138.5911917090416
202.35009056329727,88.63190943002701
656.3633686304092,107.71063137054443
1096.8406674265862,133.3073325753212
577.3179616928101,111.33003830909729
1031.3512557148933,130.76074427366257
29.4945410490036,142.17145895957947
33.10083782672882,143.10316216945648
27.800130128860474,138.49586987495422
28.980417728424072,142.03758227825165
29.032703578472137,139.5042964220047
29.286992371082306,140.97200763225555
30.671274423599243,143.10672557353973
28.111563980579376,139.72143602371216
38.71785491704941,144.63314509391785
31.381163835525513,135.3418361544609
277.50545650720596,142.2525435090065
769.6687426567078,149.75725734233856
1097.109034359455,145.16896563768387
29.622329592704773,136.52467042207718
25.451616048812866,136.99238395690918
28.9468976855278,135.0531023144722
30.165183782577515,137.445816218853
28.43848580121994,138.22851419448853
27.30477899312973,135.60322099924088
25.911066114902496,135.0699338912964
25.888354241847992,135.35264575481415
26.624639451503754,135.3383605480194
32.10196477174759,135.1760352253914
318.24626672267914,115.05073326826096
827.9446710348129,141.75932896137238
1068.830073773861,128.83692622184753
29.38142043352127,135.3045795559883
26.654718041419983,133.86428195238113
27.298005878925323,137.66499412059784
26.163296163082123,135.28070384263992
34.641582012176514,141.43341797590256
27.987866461277008,134.04813355207443
25.854156255722046,133.7928437590599
27.73944264650345,137.05655735731125
26.660736620426178,138.67226338386536
41.786026537418365,135.23197346925735
273.26335883140564,83.32864117622375
26.944703221321106,136.07429677248
560.3659915328026,91.74500846862793
603.6023756861687,85.71362429857254
954.7837238311768,88.79127615690231
28.372021973133087,135.09197801351547
26.385322511196136,134.57767748832703
27.788608849048615,132.3223911523819
27.93192720413208,133.1420727968216
2.7052258253097534,121.23877418041229
57.40454459190369,112.05845540761948
28.84017765522003,87.86382234096527
34.63248002529144,86.46051996946335
32.10982197523117,137.4451780319214
117.71711242198944,92.85688757896423
574.9344034790993,94.58459651470184
1012.3376948833466,100.44030511379242
17.96298760175705,165.6850124001503
16.64327174425125,116.76472824811935
18.731559813022614,114.60244017839432
14.226861655712128,118.31013834476471
27.001175105571747,110.99882489442825
15.810481309890747,116.07851868867874
12.4321169257164,104.29088306427002
74.16842752695084,86.72057247161865
67.07172572612762,110.59427428245544
120.82603871822357,105.08196127414703
597.2853622436523,149.38163775205612
29.338511109352112,144.1614888906479
25.851814210414886,141.88918578624725
257.34809386730194,94.26390612125397
668.0663712024689,126.56362879276276
1112.4876546263695,286.5683453679085
29.53795063495636,137.4060493707657
32.55224680900574,138.50275319814682
31.085542917251587,138.08145707845688
26.673848509788513,141.82715147733688
29.150138318538666,136.64586168527603
27.18343609571457,135.11256390810013
28.030727863311768,136.26527214050293
29.415030300617218,138.8069697022438
34.4473295211792,139.90367048978806
31.4806410074234,140.66735899448395
319.8459355831146,119.93106442689896
766.8052284121513,97.69477158784866
33.85552537441254,1098.0884746313095
28.500855088233948,137.38914489746094
27.274145662784576,137.18985432386398
26.30642944574356,136.41657054424286
27.190718054771423,138.25328195095062
28.96400535106659,137.44299465417862
28.77430295944214,147.07669705152512
30.58460122346878,142.11839878559113
30.154893577098846,141.17910641431808
25.650193572044373,141.88680642843246
26.59048193693161,138.89151805639267
408.88177341222763,102.21022659540176
31.119128108024597,108.28787189722061
267.16942262649536,101.97757738828659
668.0167728066444,100.26022720336914
1139.1051470637321,91.69085294008255
99.80550283193588,116.04649716615677
27.967298805713654,137.51370120048523
32.01960498094559,149.81439501047134
32.10790556669235,153.59609442949295
31.806215286254883,144.30478471517563
31.227518022060394,90.54948198795319
37.57483810186386,137.94316190481186
29.386157751083374,115.76184225082397
35.25246059894562,117.0625393986702
51.396765649318695,121.43723434209824
56.540069460868835,119.88693052530289
454.64637392759323,111.70462608337402
837.0306848883629,151.19031512737274
63.91500848531723,1197.9549915194511
43.726333796978,147.99566620588303
54.184710919857025,175.4262890815735
39.40313047170639,158.0788695216179
47.157455801963806,152.08254420757294
41.83879119157791,148.864208817482
42.46410810947418,150.25889188051224
46.6444291472435,151.2625708580017
44.973755180835724,146.8412448167801
50.673105001449585,150.99289500713348
43.761467814445496,153.47953218221664
210.2378187775612,151.3351812362671
647.0481532812119,154.32084673643112
131.2294700741768,145.69652992486954
555.2068012356758,153.2191987633705
987.1471311450005,107.96386885643005
46.08747971057892,153.37652027606964
48.545807242393494,151.8621927499771
52.282156229019165,154.73684376478195
43.68551695346832,148.99948304891586
46.99583947658539,151.72616052627563
45.28716313838959,154.6018368601799
53.746486485004425,153.51251351833344
46.88980966806412,156.49819034337997
52.07115113735199,154.26284885406494
53.30752873420715,164.3414712548256
52.192908227443695,160.58609175682068
377.7992584705353,157.182741522789
810.5165817737579,168.03841823339462
41.215921342372894,1273.5250786542892
46.26724314689636,152.43675684928894
42.484570384025574,155.57042962312698
49.96188169717789,152.8341183066368
43.217193603515625,152.35680639743805
50.54552090167999,160.26847910881042
43.5048822760582,156.2911177277565
42.96321243047714,157.35078758001328
42.515545189380646,153.4294548034668
45.973874032497406,168.17512595653534
45.35819888114929,158.47480112314224
255.94552981853485,156.36847019195557
686.1818708181381,100.7431291937828
152.17821764945984,161.98778235912323
567.5815778374672,107.3074221611023
1014.5578880310059,123.73811197280884
41.498214423656464,148.24278557300568
48.03154540061951,169.20945459604263
44.19387173652649,156.3071282505989
47.05919420719147,156.4038057923317
40.68453449010849,149.55646550655365
51.25386434793472,157.0791356563568
42.176229536533356,149.9897704720497
47.20954179763794,157.3284581899643
42.834844529628754,150.27715545892715
40.348162949085236,158.8738370537758
46.75148206949234,137.32351797819138
475.96980887651443,169.6791911125183
900.0201481580734,168.53485184907913
45.86848831176758,165.98351168632507
115.9008412361145,126.87615877389908
39.229164481163025,154.30683553218842
38.83648055791855,152.44151943922043
46.44279372692108,160.39020627737045
45.29111224412918,157.74588775634766
48.841430604457855,159.41756939888
41.466755867004395,161.4402441382408
58.389088451862335,167.90791153907776
43.5334837436676,154.20751625299454
50.58381944894791,156.10118055343628
333.2271483540535,153.6798516511917
767.0574625134468,126.0535374879837
48.1257688999176,1244.9662311077118
761.4370995163918,134.96990048885345
1119.1364406943321,131.01155930757523
57.816802740097046,171.29419726133347
103.33219176530838,119.50180822610855
45.123495280742645,156.74650472402573
45.508815348148346,153.56618463993073
47.13314151763916,166.79185849428177
101.83347988128662,117.74152010679245
26.050304293632507,137.72669571638107
24.824595391750336,141.26840460300446
33.78289395570755,89.30910605192184
25.205203890800476,137.92479610443115
54.8474925160408,100.61450749635696
347.60413813591003,96.45186185836792
809.7654243707657,100.40157562494278
36.6877521276474,1145.3682478666306
50.201054096221924,117.0209459066391
48.567352652549744,121.04364734888077
23.119057953357697,125.54794204235077
18.33735543489456,122.94064456224442
26.350639581680298,120.0373604297638
33.439925491809845,128.9120745062828
54.843214988708496,122.60178500413895
30.690511345863342,141.19848865270615
25.05683445930481,149.6481655240059
23.533133387565613,136.35586661100388
251.69542664289474,95.23057335615158
681.8757384419441,97.9382615685463
1056.6120311617851,140.03496885299683
537.7193331122398,157.44766688346863
984.0666478276253,155.13735216856003
45.98796933889389,153.7160306572914
38.6872923374176,147.811707675457
44.96161603927612,152.3723839521408
50.75296187400818,163.76503813266754
39.63832062482834,151.3066793680191
45.74465483427048,156.07034516334534
43.70298933982849,154.686010658741
45.56931871175766,163.6896812915802
48.30564725399017,163.9533527493477
48.28298878669739,160.1060112118721
1.4823080897331238,157.6286919116974
411.2366332411766,97.35636675357819
837.0479798913002,120.93402010202408
55.839336931705475,1289.8826630711555
43.00266087055206,158.29433912038803
47.923029601573944,157.44697040319443
42.493353605270386,150.26664638519287
41.34067714214325,146.65932285785675
44.07700824737549,150.25599175691605
53.7213454246521,161.31565457582474
46.531719386577606,150.70928061008453
50.879052460193634,154.1389475464821
47.912389516830444,153.71761047840118
48.88972270488739,157.46327728033066
239.5510631799698,151.30093681812286
666.4914105534554,100.656589448452
1104.801729977131,121.25427001714706
44.6120530962944,150.25794690847397
1090.9603947401047,105.4106052517891
47.67775917053223,155.17424082756042
45.34009236097336,149.4189076423645
95.2984191775322,129.97958081960678
45.77574294805527,152.1872570514679
39.79007130861282,147.5429286956787
55.397398591041565,152.23260140419006
46.59577393531799,159.14522606134415
44.57313531637192,150.88986468315125
43.40246504545212,151.74553495645523
41.249788761138916,149.60221123695374
2.301108479499817,154.1058915257454
423.81543374061584,155.77756625413895
860.4587551951408,119.2822448015213
43.19505798816681,171.65594202280045
43.46838682889938,152.2166131734848
45.01972848176956,150.5542715191841
47.256083548069,155.29891645908356
43.566415905952454,153.1925840973854
93.7667446732521,132.01125532388687
50.6330771446228,153.959922850132
42.14740580320358,147.27959418296814
44.53174263238907,160.70925736427307
49.268072068691254,159.47392791509628
46.44843792915344,148.42156207561493
270.53679543733597,154.7222045660019
710.8651286959648,103.52287131547928
48.63845956325531,1099.3605404496193
44.57978445291519,150.3092155456543
1058.537110209465,122.90588980913162
46.330425679683685,153.4665743112564
44.69574439525604,150.71125560998917
48.69208240509033,150.4379175901413
44.113446950912476,154.1645530462265
44.330773055553436,155.96522694826126
46.327095329761505,159.8769046664238
49.22942167520523,154.36357831954956
43.28074812889099,151.38625186681747
51.68308311700821,158.40791684389114
47.45741653442383,161.0605834722519
55.582765340805054,156.02823466062546
472.2821321487427,153.66286784410477
906.7594724297523,116.25952756404877
49.4397999048233,156.91120010614395
39.80612224340439,151.21187776327133
42.042427361011505,157.2545726299286
48.0387544631958,153.83224552869797
38.849101305007935,154.81789869070053
43.65942198038101,150.08157801628113
42.98877674341202,153.30722326040268
44.0761062502861,153.70089375972748
47.18343257904053,159.40956741571426
43.91976171731949,155.41323828697205
39.93408530950546,149.80691468715668
353.2074126005173,153.2555873990059
796.7217410802841,102.2042589187622
51.717085123062134,1173.301914870739
44.08244627714157,172.4915537238121
1113.9497774839401,124.12422251701355
47.40810286998749,158.3698971271515
45.2924222946167,159.2075777053833
88.02873975038528,127.3602602481842
27.747527062892914,140.12347292900085
28.797825694084167,141.31217432022095
32.9791305065155,142.66886949539185
28.49345952272415,140.52554047107697
28.581761300563812,139.78923869132996
27.299063861370087,146.57093614339828
32.091364681720734,141.76063531637192
49.66166538000107,112.13533461093903
508.08297061920166,110.91702938079834
959.3192782402039,121.92172175645828
37.31318336725235,86.64981663227081
35.402472138404846,97.15352785587311
34.56575059890747,96.13824939727783
53.85902643203735,99.25197356939316
46.83630532026291,106.21869468688965
37.38858675956726,107.20341324806213
64.40386635065079,107.0771336555481
78.14114952087402,101.50585049390793
89.28544145822525,117.25055855512619
98.44875955581665,117.6992404460907
36.02054405212402,133.51545596122742
350.38782900571823,101.13017100095749
765.5881471037865,98.94885289669037
37.19544106721878,1121.6935589313507
35.63677215576172,133.7702278494835
34.800062358379364,133.0509376525879
39.093350529670715,134.2216494679451
36.719659864902496,132.63234013319016
35.08594673871994,133.59905326366425
35.54622721672058,138.3427727818489
35.931510508060455,137.99448949098587
35.55778467655182,133.42421531677246
38.1840637922287,133.3169361948967
35.643357038497925,133.94964295625687
264.93666130304337,133.74933868646622
38.37696820497513,83.5480318069458
187.2632628083229,110.10673719644547
642.2595668435097,98.03643316030502
1075.6448563933372,132.52114361524582
20.79014950990677,108.63585048913956
40.86143237352371,105.43556761741638
49.523720502853394,104.42027950286865
40.16900461912155,122.92399537563324
65.96130692958832,109.25969308614731
65.08860158920288,108.30039840936661
96.10289567708969,119.43410432338715
57.804199278354645,146.88180071115494
42.726542353630066,138.8294576406479
50.20383620262146,148.18516379594803
65.47914910316467,148.9848508834839
518.7344464659691,155.3395535349846
949.5457572340965,151.36124277114868
44.672093868255615,138.9389061331749
51.354391157627106,145.4606088399887
88.40568923950195,116.66831076145172
47.9400030374527,143.0599969625473
49.51035290956497,147.28564709424973
59.89665126800537,149.7703487277031
58.76297652721405,151.7920234799385
52.01932239532471,149.7776775956154
47.60762029886246,144.87337970733643
49.56790429353714,151.43209570646286
49.027188420295715,150.49081158638
377.48749345541,90.19750654697418
47.835805773735046,148.62719422578812
287.03610903024673,149.57489097118378
725.9764068126678,110.02259320020676
613.5107256770134,576.4332743287086
457.02909153699875,83.87890845537186
919.081373333931,123.86262667179108
31.466653168201447,130.84834682941437
32.00092816352844,134.3330718278885
32.33020305633545,131.76279693841934
31.641481518745422,134.3775184750557
35.26775562763214,138.47324436903
34.02404719591141,134.14295279979706
31.243328630924225,132.83167135715485
31.887599885463715,133.44640010595322
31.43987375497818,134.17212623357773
31.84315437078476,131.22984564304352
110.11842381954193,107.88257616758347
416.98499196767807,90.8850080370903
820.814329624176,122.3146703839302
33.385655760765076,674.836344242096
35.511933743953705,131.67306625843048
35.23122477531433,1156.3247752189636
34.39449751377106,131.21650248765945
31.687769532203674,130.77623045444489
32.81304049491882,130.94595950841904
33.93931621313095,131.8016837835312
29.51059401035309,131.00840598344803
32.284862637519836,131.28913736343384
33.485140562057495,132.29285943508148
49.611415684223175,78.70258432626724
30.0707346200943,132.98426538705826
35.623011350631714,131.74698865413666
290.84134125709534,83.01065874099731
761.4496752619743,111.5873247385025
594.9650079607964,585.904992043972
445.24243181943893,97.77656817436218
834.2768320441246,117.00116795301437
31.75510185956955,139.5048981308937
31.880374908447266,131.2856251001358
33.135649263858795,133.32635074853897
32.539930045604706,133.51506996154785
31.148202538490295,132.07379746437073
31.107472479343414,130.68852752447128
32.956745743751526,131.84025424718857
30.675024271011353,131.19497573375702
35.65329718589783,133.92070281505585
32.07557928562164,134.4804207086563
-11.224092602729797,130.37209260463715
413.5322034955025,93.91279649734497
834.0835318565369,118.73046815395355
303.5988798737526,97.25312012434006
731.0402066707611,102.49679332971573
592.0555358529091,588.1484641432762
413.7590437531471,84.25995624065399
827.496370613575,115.26262938976288
31.622641265392303,137.91435873508453
29.61891669034958,131.58408331871033
36.19018745422363,131.12481254339218
36.79845893383026,137.12854105234146
33.05373793840408,133.70526206493378
33.51301425695419,134.76498574018478
36.82429414987564,135.6007058620453
33.357573330402374,131.23442667722702
34.15085405111313,132.29314595460892
35.240136325359344,137.24086368083954
38.940457701683044,134.92954230308533
391.34475469589233,99.87824529409409
821.527096092701,121.08490389585495
31.374424874782562,676.624575138092
35.35369390249252,132.4803060889244
29.738979518413544,131.5020204782486
33.49424970149994,133.32075029611588
30.584522366523743,133.9534776210785
32.52479445934296,133.69720554351807
34.41006964445114,132.99693036079407
32.33235454559326,132.4256454706192
34.31063759326935,134.80036240816116
32.80791527032852,135.4150847196579
-5.58480829000473,134.71380829811096
348.15258061885834,98.56941938400269
33.484009861946106,137.2189901471138
32.92528945207596,135.0387105345726
286.12460428476334,98.02339571714401
718.991937160492,113.10006284713745
574.8042911291122,590.9917088747025
31.003567278385162,132.23643273115158
35.62984085083008,134.72215914726257
37.53411811590195,135.59588187932968
30.494403302669525,133.24659669399261
35.860676288604736,134.0833237171173
36.24695932865143,137.05004066228867
35.07624143362045,137.81175857782364
35.684526205062866,140.0934737920761
36.86580806970596,138.22619193792343
36.04809260368347,137.56290739774704
234.50742679834366,94.58557319641113
666.151749253273,102.5512507557869
1093.9820840358734,89.11091595888138
37.7204430103302,137.63255697488785
43.60474056005478,141.80225944519043
35.58406484127045,140.34193515777588
34.19034779071808,135.4946522116661
38.50263053178787,138.62636947631836
38.66591191291809,137.68608808517456
37.255202293395996,139.8377977013588
35.02948439121246,137.58151561021805
34.63678455352783,138.45521545410156
38.20706981420517,139.18093019723892
130.57543009519577,142.8875699043274
35.42274695634842,142.0022530555725
40.069279968738556,147.5977200269699
391.71257770061493,90.69442230463028
811.6729152202606,115.06808477640152
36.63226008415222,1214.2387399077415
34.18454301357269,138.59345698356628
37.05182272195816,140.7081772685051
48.64110314846039,142.37789684534073
34.100389420986176,138.21461057662964
35.24567365646362,136.10632634162903
31.92695790529251,132.05504208803177
34.47924715280533,137.18675285577774
32.957530319690704,135.76546967029572
33.73181235790253,136.101187646389
40.709122478961945,169.1238775253296
337.2244312763214,89.83056873083115
741.2957969903946,108.66720300912857
573.940244615078,588.7447553873062
34.4555389881134,135.52546101808548
33.69282251596451,135.49217748641968
32.337109327316284,136.16189068555832
36.07540017366409,136.98059982061386
36.66368466615677,137.24231535196304
39.47596716880798,140.43203282356262
34.39924705028534,137.08275294303894
44.13552665710449,133.99347335100174
35.83580845594406,140.64519155025482
33.96209400892258,138.18590599298477
215.64442056417465,96.39357942342758
33.02976614236832,138.72923386096954
149.2480543255806,94.88094568252563
490.6705467700958,140.38445323705673
920.7048713564873,110.38712865114212
42.1091970205307,135.35380297899246
32.53147906064987,132.37652093172073
33.8607634305954,143.69423657655716
32.74704563617706,136.17895436286926
33.799325346946716,136.66367465257645
31.222598791122437,134.64840120077133
38.885877668857574,139.0041223168373
34.14116543531418,136.8398345708847
34.91544908285141,137.67755091190338
38.70773810148239,139.55126190185547
41.26026028394699,140.7207397222519
372.57156080007553,92.74243921041489
770.9019603133202,111.20903968811035
33.15723615884781,1212.2307638525963
32.98852056264877,137.86447942256927
32.2988058924675,134.01519411802292
32.962090849876404,135.25990915298462
35.03337651491165,137.24462348222733
35.77066308259964,138.41433691978455
32.95194488763809,135.27005511522293
35.50422823429108,136.19877177476883
35.00151348114014,137.81348651647568
34.83180475234985,140.87219524383545
33.8460887670517,140.39391124248505
336.84337025880814,135.2866297364235
753.006730735302,134.30826926231384
181.50315684080124,145.79384315013885
620.166430413723,138.5185695886612
1068.1257082819939,133.78129172325134
27.1039799451828,132.15502005815506
30.433238327503204,137.37976169586182
28.41250628232956,135.82849371433258
30.945770800113678,133.85022920370102
28.758042097091675,136.4089578986168
30.14230465888977,140.76469534635544
29.62056976556778,134.61943024396896
31.728835582733154,141.17816442251205
47.98410254716873,139.66389745473862
31.369378805160522,137.6486212015152
251.42165607213974,136.59634393453598
689.01194190979,134.97005808353424
30.786215364933014,1134.2877846360207
39.76348525285721,137.31051474809647
33.70474815368652,138.68425184488297
30.14601820707321,136.8539817929268
29.605282187461853,137.3577178120613
30.30555021762848,137.95444977283478
31.63582080602646,139.1241791844368
32.07708978652954,140.49691021442413
30.147351264953613,137.0756487250328
33.088614881038666,140.42938512563705
33.769888043403625,138.91511195898056
319.9521598815918,100.30684012174606
763.8194361329079,119.2545638680458
33.64871698617935,1207.1662830114365
693.0529882311821,82.39101177453995
29.1982558965683,1146.7647441029549
32.34252381324768,132.9354761838913
29.672792851924896,134.1242071390152
32.61406344175339,132.9799365401268
32.57333481311798,137.85366517305374
33.0146045088768,137.078395485878
90.26887619495392,92.8971237540245
30.93314665555954,135.88185334205627
32.15141957998276,134.66258043050766
31.537684381008148,134.703315615654
30.75596684217453,136.72603315114975
315.1972376704216,97.19176232814789
761.7865164875984,110.76848351955414
29.598786056041718,1208.309213936329
31.65004813671112,138.99795186519623
31.536321938037872,204.2416780591011
29.864590883255005,137.50540912151337
31.046851634979248,135.7861483693123
28.618120849132538,134.28987914323807
32.33638107776642,133.62561893463135
30.536651074886322,138.35234892368317
31.848921537399292,138.3370784521103
31.085199177265167,138.24780082702637
30.805478513240814,137.58452147245407
384.70875549316406,101.84724450111389
824.2790396213531,84.75696039199829
28.350306272506714,140.4646937251091
29.384576499462128,136.17242348194122
32.49085110425949,140.3971489071846
31.284126937389374,135.085873067379
41.114414393901825,148.79358559846878
32.5007187128067,140.18528127670288
32.329997062683105,136.83700293302536
34.03027141094208,141.43272858858109
31.767547845840454,142.0844521522522
30.96781498193741,133.7361850142479
34.00109106302261,139.1099089384079
410.33036947250366,141.65063047409058
90.1796543598175,135.76434564590454
338.56494146585464,139.75005853176117
781.6362248063087,85.86477518081665
30.42851060628891,1221.2194893956184
28.610778510570526,132.64922147989273
30.348045527935028,135.42995446920395
29.474318861961365,136.3036811351776
29.767589211463928,136.17741078138351
29.09685879945755,134.90314120054245
31.241131484508514,136.90586853027344
31.293407261371613,132.83559274673462
29.531681895256042,136.0983180999756
32.84295058250427,136.1380494236946
33.172223687171936,138.82677632570267
377.37349754571915,87.25650244951248
828.7217720746994,104.03822791576385
32.23704808950424,227.98595190048218
33.53033423423767,140.19266575574875
34.507608115673065,140.89939188957214
32.39288282394409,141.6991171836853
28.63015365600586,137.81484633684158
29.775419652462006,137.15058034658432
28.975693106651306,139.89430689811707
29.73096752166748,135.80603247880936
32.172240018844604,139.49375998973846
33.02050817012787,140.5344918370247
53.66577613353729,210.89022386074066
453.34804141521454,86.70895856618881
917.1963160634041,105.17468392848969
431.34058141708374,88.4924185872078
825.0588521957397,97.62614780664444
27.890118181705475,133.498881816864
27.182385444641113,134.5396145582199
29.512652277946472,139.11734771728516
28.082927644252777,135.8990723490715
29.11720782518387,137.6427921652794
29.55847829580307,133.86852169036865
28.758753418922424,134.40824657678604
27.79202574491501,133.7269742488861
28.38029819726944,133.28670179843903
31.08156943321228,136.1044305562973
68.07786005735397,154.51413995027542
432.22213810682297,84.7408618927002
874.2744142413139,105.61458575725555
28.73369199037552,133.02530801296234
28.656966865062714,132.49103313684464
29.264240205287933,135.19875979423523
30.05751723051071,132.12848275899887
31.090819835662842,135.8341801762581
31.014101922512054,133.96789807081223
29.399387419223785,130.63861256837845
27.895659267902374,131.62234073877335
26.7079296708107,136.44107031822205
28.667194187641144,138.11080580949783
92.07145923376083,138.11454075574875
543.3267168402672,221.52528315782547
928.8049899339676,94.75001007318497
30.079282343387604,134.97671765089035
858.982573568821,113.03642648458481
31.331920862197876,145.02007913589478
29.14320409297943,136.2827959060669
31.399506270885468,133.32349371910095
29.283788442611694,133.79021155834198
30.485071122646332,132.32992887496948
28.777352809906006,134.57464718818665
31.45964539051056,134.8923546075821
29.714922726154327,135.3030772805214
26.878189861774445,135.157810151577
27.93145179748535,135.06954818964005
448.1459723711014,101.1310276389122
842.1612493991852,112.67175060510635
26.158509254455566,137.43449074029922
28.22777557373047,138.71622443199158
26.095046520233154,136.51595348119736
41.98130828142166,136.592691719532
26.570620119571686,137.68837988376617
26.177881181240082,134.43311882019043
26.58214509487152,133.51085489988327
25.2634094953537,134.97659051418304
26.704669296741486,139.12833070755005
54.18294006586075,135.65105992555618
85.51322305202484,94.37577694654465
547.5644847750664,106.91651523113251
991.024765431881,83.05023455619812
46.595029175281525,126.1269708275795
24.777685344219208,135.18631464242935
23.051942050457,132.72605794668198
29.67820131778717,134.8027986884117
-4.732529520988464,121.54752951860428
-5.607256233692169,120.12525624036789
1.650003969669342,121.97999602556229
25.072275042533875,119.02072495222092
23.698539793491364,124.48746019601822
21.564822137355804,123.78617787361145
36.636084616184235,139.6979153752327
457.48435002565384,97.86764997243881
30.462613224983215,139.42638677358627
407.79188072681427,94.4861192703247
826.5111671090126,155.76683288812637
29.489454746246338,149.80654525756836
32.94873762130737,132.5142623782158
31.204029262065887,131.64797073602676
32.94231861829758,133.18768137693405
32.12360870838165,89.228391289711
40.156903088092804,113.00909692049026
30.617208778858185,109.88279122114182
31.613488495349884,110.79351150989532
65.38777148723602,102.44522851705551
63.347055435180664,109.83694458007812
58.58433872461319,123.06266129016876
370.34062933921814,115.9923706650734
802.799916267395,128.49508374929428
373.1695719361305,139.4414280653
784.0368542671204,107.53714573383331
27.53412103652954,141.9108789563179
26.51140981912613,138.04459017515182
29.822685420513153,1174.2693145871162
25.948956668376923,134.3660433292389
26.24222296476364,135.14677703380585
27.42348462343216,138.28051537275314
28.75375497341156,135.13524502515793
27.3430295586586,134.2679704427719
27.228298366069794,134.82770162820816
26.41056513786316,137.58943486213684
33.609829902648926,116.53717011213303
26.92210018634796,134.05989980697632
29.53036868572235,135.85863131284714
434.61862778663635,80.25137221813202
823.2639049887657,123.0510950088501
34.70418691635132,702.165813088417
30.44246917963028,135.41053080558777
28.734750151634216,139.02424985170364
29.324028491973877,136.71297150850296
27.283305525779724,136.71669447422028
28.206576824188232,136.20142316818237
27.369856357574463,136.64914363622665
32.847132444381714,141.59686756134033
29.788422346115112,139.78457766771317
26.303696513175964,135.91830348968506
29.615963876247406,101.40303611755371
442.2412253022194,102.49977469444275
844.8854937553406,95.53950625658035
28.77176535129547,137.2102346420288
28.787039279937744,135.361960709095
30.265320241451263,138.95667976140976
33.983606696128845,135.68339329957962
25.609893918037415,137.42710608243942
25.92115354537964,136.68984645605087
26.177416145801544,135.13758385181427
30.322678327560425,134.47432166337967
24.929938435554504,134.71906155347824
91.51545667648315,91.31754332780838
530.5127188563347,98.19128113985062
948.9159935712814,125.76900643110275
471.1902691721916,87.95773082971573
890.8535386323929,124.10946136713028
82.86881458759308,752.1681854128838
85.90209311246872,115.54190689325333
30.825847446918488,137.93315255641937
30.525137901306152,136.14086210727692
34.9114288687706,137.34757113456726
32.24073213338852,135.94426786899567
33.016027331352234,142.29897266626358
31.142322540283203,138.83867746591568
32.84261506795883,86.97238492965698
33.87591069936752,90.58708930015564
33.87320464849472,97.10879534482956
247.35050654411316,109.42749345302582
672.4768040180206,116.50519597530365
1100.6590945124626,90.48890548944473
86.98837375640869,110.67762625217438
73.50365275144577,122.25534725189209
30.14939385652542,136.09160614013672
31.18266248703003,136.20633751153946
26.28993147611618,136.02406853437424
33.175198674201965,134.86080133914948
33.265496134757996,134.86450386047363
31.539787709712982,96.29321229457855
48.647074937820435,105.29792505502701
35.329366624355316,116.41163337230682
65.28865468502045,114.02534532546997
505.24794125556946,122.99305874109268
384.6727882027626,93.40121179819107
36.13207572698593,147.71992427110672
288.38839638233185,123.57460361719131
689.8296697735786,109.54133021831512
585.6409385800362,627.6370614171028
444.6213364005089,95.6566635966301
878.6546199321747,115.9183800816536
26.70690417289734,135.18109583854675
25.445175230503082,139.05482476949692
25.811443030834198,137.13255697488785
28.84571647644043,138.04328352212906
26.638015151023865,135.74998486042023
27.72729218006134,137.6247078180313
30.371572017669678,136.83142799139023
28.923846781253815,136.8901532292366
27.329122483730316,137.2828775048256
29.084390997886658,140.8426090478897
51.062658846378326,138.3643411397934
486.79992240667343,101.07007759809494
923.5562034845352,118.12879651784897
25.125481724739075,138.98551827669144
852.5677469968796,1063.7852529883385
26.101024448871613,137.9179755449295
25.116296350955963,140.62470364570618
22.853562653064728,140.79443734884262
28.238820731639862,136.55717927217484
28.51311033964157,139.39488965272903
26.93537998199463,137.73062002658844
29.025653064250946,140.10434693098068
28.910934150218964,137.53406584262848
28.944210290908813,136.370789706707
31.05149096250534,137.096509039402
148.39977169036865,138.0632283091545
346.4154145717621,102.73258543014526
747.449758708477,111.7732412815094
31.483129680156708,1170.9798703193665
28.016417741775513,138.22358226776123
26.587694346904755,137.9673056602478
27.676969289779663,138.93403071165085
30.46924489736557,140.15975511074066
26.689518988132477,138.3854809999466
28.351793348789215,137.88920664787292
30.441074013710022,139.74392598867416
28.86335664987564,139.11864334344864
29.91563630104065,142.36236369609833
38.35712432861328,136.77287566661835
200.79843360185623,94.16456639766693
639.0907406806946,102.03825932741165
1069.3840771913528,109.39292281866074
28.102432370185852,135.69256764650345
30.025711953639984,138.49228805303574
29.651998579502106,136.145001411438
27.907285571098328,144.1287144422531
29.255567133426666,136.16943287849426
28.011848032474518,137.17315196990967
30.60112553834915,136.5468744635582
26.783409595489502,135.99459040164948
30.55670928955078,137.14729076623917
35.3310067653656,140.7599932551384
152.01429146528244,100.76370853185654
32.93556386232376,140.80443614721298
113.13583713769913,111.69716286659241
526.0781210064888,104.55287897586823
972.5933898091316,109.90761017799377
27.422667324543,139.9663326740265
24.826942443847656,137.95105755329132
30.304212868213654,137.6397871375084
27.579501032829285,138.34749895334244
29.1127809882164,142.0912190079689
26.424066185951233,137.83493381738663
28.67934364080429,140.33865636587143
27.399621665477753,136.21237832307816
28.82090049982071,145.1790995001793
33.42917537689209,140.88582462072372
197.24045622348785,261.94454377889633
575.8847512602806,89.63324874639511
1021.6600358486176,84.26696413755417
26.52630704641342,135.36269295215607
27.48657912015915,137.30942088365555
28.723857581615448,136.8131424188614
26.77613478899002,139.81686520576477
27.23540997505188,134.98759001493454
32.73170167207718,137.89829832315445
30.895002126693726,136.27099788188934
28.058280646800995,136.3487193584442
25.25855928659439,135.59244072437286
29.47783374786377,139.31916624307632
185.67809957265854,158.21090042591095
726.4333659410477,86.08463406562805
560.2048935294151,114.53510648012161
977.8301585912704,148.9088414311409
26.88343721628189,137.19056278467178
24.74970829486847,140.0092917084694
25.41397523880005,139.8460247516632
25.65124201774597,139.86775797605515
25.740513741970062,138.07448625564575
25.532781898975372,138.17121809720993
25.547053039073944,141.58094692230225
26.822322726249695,140.41867727041245
25.781598508358,139.95940148830414
31.371879637241364,140.37012034654617
210.81216377019882,176.3178362250328
610.6974341273308,186.61756587028503
47.47171193361282,1023.8982880711555
27.745987594127655,134.73501241207123
22.87325495481491,137.36774504184723
27.499521911144257,138.77847808599472
25.421802282333374,139.11619770526886
23.270072519779205,136.50792747735977
23.692338347434998,141.82666164636612
23.873601257801056,140.570398747921
29.907866656780243,137.98113334178925
30.552135407924652,139.2068645954132
25.456394970417023,89.74660503864288
231.45367550849915,99.56532448530197
712.4309688806534,125.36503112316132
1074.1872305870056,141.6277694106102
23.739518225193024,116.8904817700386
1045.1988026499748,86.28219735622406
48.7880836725235,114.0079163312912
73.61837393045425,109.88162606954575
62.355650544166565,119.45934945344925
64.5549401640892,178.38905984163284
61.145308792591095,183.5396912097931
51.807647347450256,153.00635266304016
48.47199612855911,161.36200386285782
45.19030374288559,167.88369625806808
45.31661409139633,156.2193859219551
54.053924918174744,159.5750750899315
-0.7827634811401367,152.87576347589493
422.97357058525085,159.45242941379547
835.6929578781128,111.3070421218872
105.50427573919296,1232.976724267006
461.43000477552414,97.84799522161484
887.2232845425606,125.14771544933319
25.570557594299316,140.50244241952896
25.530825555324554,137.9321744441986
25.287094175815582,139.34290581941605
25.727365732192993,138.0676342844963
24.372641265392303,139.38635873794556
25.979906678199768,137.55709332227707
27.218176305294037,137.1158236861229
24.65844476222992,137.4525552392006
26.2657128572464,141.69628715515137
28.63298147916794,139.66301852464676
111.871248960495,186.7217510342598
521.1085151433945,104.41048485040665
108.01178908348083,106.96921092271805
509.9910566210747,109.43594336509705
895.265335381031,128.40266460180283
25.520604968070984,138.62739503383636
24.719873130321503,141.3721268773079
24.272136926651,140.96786308288574
25.065404891967773,139.45259511470795
29.932676136493683,140.08532387018204
26.725952684879303,141.45904731750488
26.500230610370636,140.11076939105988
26.088502764701843,141.33749723434448
26.71577215194702,138.26522785425186
34.50805425643921,143.38094574213028
136.28234004974365,139.82865995168686
518.4646010398865,98.14639896154404
959.2388961911201,122.2061038017273
25.735175609588623,139.485824406147
24.991445422172546,139.97155457735062
27.57971155643463,141.88328844308853
26.002982139587402,139.6070178747177
24.24024599790573,141.25975400209427
27.644511938095093,139.5594880580902
26.492777347564697,139.24822264909744
31.50805765390396,140.23294234275818
27.190341234207153,145.6616587638855
27.408609628677368,140.7583903670311
195.10887879133224,176.9471212029457
593.9941412210464,136.19085878133774
1012.5284113287926,124.97158867120743
25.48767524957657,135.7903247475624
954.2249429225922,114.88605707883835
28.796217501163483,139.96278250217438
25.8665012717247,145.61449873447418
23.899765193462372,139.50723481178284
26.434028446674347,139.99197155237198
24.096297442913055,141.40370255708694
22.59356439113617,138.83243560791016
25.015832245349884,142.24316775798798
25.605094850063324,139.9129051566124
29.657374799251556,139.3056252002716
27.98766201734543,139.7533379793167
160.26193416118622,115.86806583404541
632.1661994457245,133.00180053710938
1011.6624757051468,119.9295243024826
25.51074528694153,135.58125472068787
27.304026126861572,136.80797386169434
27.72630202770233,137.84769797325134
29.704590678215027,162.14740931987762
27.75687301158905,137.33612698316574
23.23414522409439,136.357854783535
25.657423615455627,136.82457637786865
-0.38330310583114624,121.80930310487747
13.279999196529388,119.59100079536438
27.665277063846588,123.59372293949127
189.86654901504517,118.91145098209381
627.2328699231148,153.76713007688522
1006.5631722211838,143.1228277683258
27.15146654844284,139.21853345632553
26.167743265628815,139.72125673294067
26.015021920204163,140.00297808647156
28.56730419397354,144.8766958117485
28.804586589336395,136.65741342306137
27.393865048885345,137.97613495588303
38.05816912651062,142.94183087348938
31.42450588941574,109.42749410867691
24.99479502439499,114.78220498561859
51.492077469825745,105.13792252540588
146.117360830307,112.95563918352127
48.98565697669983,115.99634301662445
71.01894372701645,113.27705627679825
514.0712267160416,131.0957732796669
939.4935247302055,88.22847527265549
390.4194447994232,112.67355519533157
814.4157363772392,117.25126361846924
25.134014666080475,135.51398533582687
26.445290088653564,138.57270991802216
24.775591909885406,141.5204080939293
24.86486393213272,137.87513607740402
29.30614346265793,138.06485652923584
25.099421799182892,139.86457818746567
27.521715104579926,139.97928488254547
26.499997556209564,136.89000242948532
26.79227340221405,139.4487265944481
27.733544051647186,138.47045594453812
400.3560965657234,119.01390343904495
844.8343716859818,107.3136283159256
25.571645319461823,138.50235468149185
774.8469368219376,136.58006316423416
26.342219293117523,157.7677807211876
27.246493995189667,139.17950600385666
25.224770307540894,139.3672297000885
25.12904417514801,141.4819558262825
24.55131846666336,138.94868153333664
26.917593479156494,139.1744065284729
24.340873777866364,139.04812622070312
29.5041481256485,144.92185187339783
24.352428793907166,140.73957121372223
24.534699022769928,138.2063009738922
31.196971356868744,139.91402864456177
423.2682541012764,93.86074590682983
805.3205190896988,137.5684809088707
26.761792242527008,144.59020775556564
23.66606169939041,134.9449383020401
28.403366565704346,139.68963342905045
27.084652483463287,137.78634750843048
27.11794126033783,139.6030587553978
31.670222997665405,136.31077700853348
25.926505267620087,138.0554947257042
27.071784496307373,136.04021549224854
26.957068860530853,135.15393114089966
25.175346195697784,136.56565380096436
26.357627987861633,100.43937200307846
415.70590633153915,127.92409366369247
838.9801858663559,105.46481412649155
26.143460988998413,140.52353900671005
28.065742254257202,142.36025774478912
27.636018812656403,139.90098118782043
25.300291121006012,139.23770886659622
26.796562492847443,140.92543751001358
34.05284959077835,147.6881504058838
25.660146951675415,142.58085304498672
29.249417781829834,142.54658222198486
27.153685688972473,142.56831431388855
27.33495146036148,144.72004854679108
38.96121436357498,96.18678563833237
469.10548198223114,129.91251802444458
27.825773417949677,140.71122658252716
383.4140633940697,108.01093661785126
806.5783643126488,97.95963567495346
38.51866352558136,146.09233647584915
34.08995860815048,144.2070413827896
28.530272960662842,148.15472704172134
33.323562264442444,145.25043773651123
31.578852653503418,143.4391473531723
30.817138135433197,145.40586185455322
37.01743519306183,149.44556480646133
29.235763430595398,145.856236577034
30.14006096124649,142.47193902730942
32.22935438156128,147.23364561796188
33.48465418815613,145.66334581375122
341.66695177555084,92.11104822158813
696.2933778166771,93.52162218093872
1073.0307383537292,143.8212616443634
29.879037082195282,138.76896291971207
27.542335867881775,138.69866412878036
32.742623686790466,137.20237630605698
26.887914955615997,137.68608504533768
25.013197779655457,139.17180222272873
29.455520808696747,137.3964791893959
24.654855132102966,141.2151448726654
32.059137880802155,140.16286212205887
38.814457297325134,143.12854272127151
29.459787487983704,138.96621251106262
173.41907954216003,97.80192047357559
540.7865256071091,124.89847439527512
26.0429727435112,139.19802725315094
404.2993037700653,93.09069621562958
775.7216749191284,140.16732507944107
30.515022695064545,1220.7819772958755
28.28828853368759,147.6927114725113
22.636565923690796,140.8624340891838
23.578828275203705,139.55217170715332
22.020093023777008,142.03690695762634
22.497354924678802,143.05764508247375
22.40161842107773,143.15438157320023
21.04588258266449,139.88011741638184
21.43214613199234,139.77285385131836
25.687423288822174,147.23857671022415
25.627706229686737,140.05729377269745
389.181034386158,94.24496561288834
809.9553404450417,122.43365955352783
24.13767570257187,687.1413242816925
24.96693742275238,140.88506257534027
24.056202352046967,140.53679764270782
23.830464005470276,140.16953599452972
34.586741507053375,145.74725848436356
21.194038152694702,140.84296184778214
23.616348385810852,141.04965162277222
23.742617070674896,141.72038292884827
20.553896069526672,140.89010393619537
28.42115890979767,140.17084109783173
8.233464002609253,127.19353598356247
435.8407953977585,145.06720459461212
816.522087931633,135.1629120707512
37.85236495733261,1232.9256350398064
705.0527048110962,105.59529519081116
1093.4929757714272,140.59902423620224
27.3052419424057,139.06475806236267
27.320511758327484,136.82748824357986
26.020784974098206,138.25721502304077
27.388058483600616,137.85394150018692
31.735355377197266,139.2276446223259
28.398659110069275,137.7863408923149
26.877942860126495,137.45605713129044
27.967224299907684,137.8297756910324
23.666505992412567,137.88849401474
27.496784925460815,137.87321507930756
272.30807757377625,112.1359224319458
706.4343566298485,141.4356433749199
1113.5426434874535,132.58735650777817
25.982928335666656,137.23907166719437
25.70222306251526,97.57577693462372
49.45749568939209,89.39450430870056
29.046767234802246,107.21223276853561
36.26604562997818,111.82695436477661
38.81832128763199,111.9786787033081
37.18560570478439,112.66639429330826
44.60788440704346,108.57811558246613
42.77116900682449,118.41383099555969
58.878455460071564,116.76954454183578
288.52372670173645,117.51427328586578
734.9269977211952,119.23900228738785
657.0722799301147,630.3907200694084
38.939544320106506,150.09745568037033
1062.1768360733986,127.76716393232346
40.58014416694641,152.2158558368683
44.447457015514374,149.95954298973083
41.499793231487274,152.14820677042007
61.07008755207062,148.96591246128082
38.030376613140106,153.54462337493896
45.008656680583954,154.6403433084488
33.31993967294693,148.1060603260994
47.83522146940231,151.7767785191536
35.88752621412277,154.63147377967834
48.882817804813385,156.07918220758438
108.58414846658707,154.71185153722763
548.5624225139618,118.8265774846077
998.8356873989105,150.94131261110306
48.53695720434189,153.31504279375076
42.29224896430969,148.02175104618073
40.71454840898514,149.95145159959793
35.6568306684494,151.36216932535172
43.3011337518692,149.7918662428856
39.42747139930725,152.38752859830856
38.44276583194733,152.46423417329788
40.235060691833496,153.4499393105507
47.4913535118103,161.45364648103714
37.747656762599945,155.97434324026108
72.0959597826004,152.29304021596909
504.5552350282669,126.12976497411728
937.5335450768471,162.98545491695404
40.3818935751915,153.85810643434525
37.84116983413696,152.60283017158508
41.004450023174286,162.5875499844551
48.76076394319534,158.29423606395721
47.998064398765564,154.52093559503555
48.32735902070999,156.22764098644257
43.54666417837143,162.50833582878113
58.15498000383377,160.04901999235153
43.55835098028183,155.88564902544022
40.739656031131744,152.66634392738342
13.180959045886993,156.96704095602036
49.62326383590698,163.71073615550995
38.32257544994354,147.75042456388474
298.07888078689575,159.81011921167374
730.9461864233017,131.31281358003616
55.29452967643738,1262.594470322132
57.08793616294861,156.48706382513046
52.75124281644821,154.54575717449188
39.192547023296356,156.1604529619217
50.2068475484848,157.44015246629715
42.703147768974304,159.091852247715
42.182444989681244,153.91055500507355
38.69672745466232,157.35927253961563
45.23102056980133,157.34397941827774
48.24536722898483,158.43963277339935
37.22365075349808,150.4613492488861
169.68392741680145,98.70507258176804
614.865208208561,117.22679179906845
1049.5474982857704,160.69350171089172
42.46980357170105,154.25219643115997
82.70709842443466,125.97790157794952
50.25939917564392,156.62960082292557
40.01573544740677,154.52226454019547
39.91901284456253,153.1179871559143
34.008292496204376,154.1587074995041
47.06056934595108,156.99443066120148
46.631870090961456,150.5161299109459
40.979184567928314,152.76081544160843
40.77246570587158,157.17153429985046
117.73277789354324,110.78622210025787
509.043172121048,118.25182789564133
1.0034881830215454,154.51551181077957
410.9077922105789,112.03720778226852
867.8300706148148,123.98392939567566
50.54937434196472,171.41362565755844
40.26868945360184,152.91731053590775
84.28296762704849,122.42003238201141
41.687278032302856,149.571721971035
39.942616522312164,153.37238347530365
36.272914588451385,171.78208541870117
33.88120484352112,148.0447951555252
45.69149613380432,155.99350386857986
42.244787991046906,147.9782119989395
39.94407939910889,151.4249206185341
-11.96664047241211,151.50364047288895
377.75266605615616,120.28433394432068
764.639031291008,128.0649687051773
33.079347372055054,702.7906526327133
36.298626244068146,152.83137375116348
45.57191359996796,156.15008640289307
35.60620778799057,148.13379222154617
39.1955104470253,151.3044895529747
36.413805067539215,153.93819493055344
44.50311094522476,155.40388906002045
44.00044763088226,159.44455236196518
33.2007320523262,147.42826795578003
34.41900759935379,148.95099240541458
45.19328051805496,154.25071948766708
290.78255546092987,107.06844455003738
726.5198433995247,113.42415660619736
195.98014771938324,110.24285227060318
631.7364324331284,135.4125675559044
1077.7507469654083,135.00825303792953
32.45106965303421,145.5489303469658
37.70634585618973,153.27365416288376
41.8886222243309,157.75937777757645
38.033912658691406,150.04008734226227
42.142217576503754,152.95078241825104
40.823513209819794,155.89948678016663
49.689836382865906,163.93916362524033
47.83518874645233,157.3868112564087
33.07349318265915,150.8905068039894
37.43976855278015,160.43123143911362
125.99204480648041,158.0079551935196
566.8403257727623,123.12267422676086
1010.1516185998917,137.64438140392303
90.68591970205307,114.33308029174805
23.034685015678406,144.65131497383118
26.289961397647858,151.8760386109352
24.93523931503296,147.80576068162918
21.26451289653778,146.3274871110916
23.27976793050766,143.16523206233978
20.925027191638947,145.76097279787064
26.2542827129364,142.2457172870636
21.788542926311493,100.82245707511902
43.617816269397736,110.47418373823166
37.13311678171158,125.32988321781158
451.6484099626541,110.3695900440216
929.0896829366684,92.6143170595169
370.9405652284622,130.2824347615242
24.936834752559662,143.76716524362564
299.3601033091545,121.47389668226242
744.3753698468208,142.51463013887405
21.61263805627823,140.5173619389534
25.70090341567993,144.57709658145905
21.97617757320404,144.59782242774963
24.342441499233246,143.65655851364136
26.17271113395691,146.49428886175156
32.48398941755295,146.1640105843544
25.07325267791748,145.87074732780457
24.699521899223328,144.26347810029984
27.528790652751923,144.56320935487747
24.563065588474274,146.65993440151215
-18.569665610790253,148.8106656074524
358.6675915122032,147.7584084868431
814.8668540120125,138.022145986557
22.753128111362457,145.32087188959122
22.15739244222641,139.41660755872726
24.505649745464325,140.19835025072098
19.890921771526337,139.60807824134827
26.31419324874878,143.778806746006
24.88446718454361,139.48653280735016
26.602731108665466,143.23026889562607
22.692994594573975,140.30700540542603
25.00326108932495,141.66273891925812
24.537530481815338,139.55546951293945
37.95979982614517,92.65120017528534
460.56708270311356,144.54391729831696
974.971372961998,140.78762704133987
473.8386535048485,344.27234649658203
810.1129360198975,158.7380639910698
21.40620368719101,145.46479630470276
22.08846753835678,144.81953245401382
22.62072902917862,141.71227097511292
21.78399407863617,142.6970059275627
20.947255313396454,143.1077446937561
24.611527383327484,148.1664726138115
21.644798278808594,144.46620172262192
21.438054859638214,145.6739451289177
21.731314301490784,147.08368569612503
21.80057430267334,144.4394257068634
51.01983779668808,146.20216220617294
512.9800901412964,99.92790985107422
918.3093484640121,169.50565153360367
23.71362179517746,142.26837819814682
19.024892210960388,142.10410779714584
20.20715022087097,141.2568497657776
21.11040735244751,140.46359264850616
21.311668813228607,140.4853311777115
20.65893244743347,139.84006756544113
22.656190872192383,141.17680913209915
19.726447463035583,139.82855254411697
23.11271905899048,141.53628093004227
20.589999437332153,141.52100056409836
160.06827247142792,126.37672752141953
622.157549738884,147.1014502644539
998.4508168697357,171.12418311834335
38.447110533714294,153.16388946771622
926.9243983626366,152.20460164546967
42.847678422927856,152.54032158851624
47.177003622055054,154.65499639511108
45.97033631801605,145.6766636967659
42.652623653411865,152.82837635278702
45.093946158885956,154.92405384778976
44.72024816274643,153.48375183343887
39.92054831981659,153.2644516825676
38.1198211312294,153.52817887067795
41.46910494565964,153.6788950562477
52.04041659832001,156.31258338689804
32.09175378084183,148.18624621629715
401.1440342068672,131.00396579504013
843.363323032856,145.8226769566536
33.1186089515686,150.65839105844498
38.46790784597397,152.45809215307236
35.26019757986069,152.79480242729187
40.92347913980484,144.00252085924149
47.771784126758575,154.52421587705612
33.120116114616394,147.0648838877678
42.098407447338104,153.62359255552292
45.391706228256226,157.2382937669754
40.61000031232834,150.87099969387054
40.69929921627045,150.87470078468323
-14.655405461788177,151.71040546894073
336.34188014268875,132.7141198515892
806.5781978368759,138.47780215740204
39.09355944395065,716.0734405517578
38.459881246089935,155.20611876249313
39.36516886949539,156.07983112335205
35.21245640516281,149.06454360485077
39.06175661087036,151.71624338626862
36.6140438914299,153.8859561085701
31.092324018478394,147.92567598819733
43.47662818431854,156.7633718252182
34.04895931482315,147.15604066848755
40.878265619277954,154.23273438215256
44.689570009708405,156.53242999315262
259.1488683819771,99.1291316151619
37.68317073583603,152.8358292579651
169.6244579553604,103.1905420422554
593.2127459049225,147.25025409460068
1042.8950357437134,154.84596425294876
44.00234854221344,151.40465146303177
42.53668004274368,157.7413199543953
47.421959578990936,149.26304042339325
45.06725770235062,156.7477422952652
37.13756173849106,153.67743825912476
34.72685021162033,152.82814979553223
37.204128324985504,151.14787167310715
47.683438181877136,157.11356180906296
30.438775777816772,146.48722422122955
34.15806192159653,152.5639380812645
108.89533913135529,154.82766085863113
529.2806239128113,142.0903760790825
976.1839100122452,151.66708999872208
34.496192038059235,154.9488079547882
35.91847485303879,150.45152515172958
39.951770663261414,154.41822934150696
40.70807057619095,151.6249294281006
45.852413177490234,159.6835868358612
41.92375648021698,152.61424350738525
37.14208024740219,149.042919754982
37.95340257883072,152.78659743070602
36.91369867324829,155.28930133581161
38.57698464393616,154.0900153517723
29.07328987121582,165.79671013355255
406.5516620874405,130.78133791685104
22.085978150367737,156.0440218448639
316.78527092933655,125.67672908306122
758.8935731649399,148.95842683315277
42.35288792848587,1250.3321120738983
187.20220094919205,88.05779904127121
44.17951864004135,152.3574813604355
43.17684364318848,154.13915634155273
43.432167172431946,155.04983282089233
43.91050189733505,160.71949809789658
44.128821849823,162.9821781516075
37.34814977645874,152.05885022878647
84.36348056793213,122.87751942873001
24.360256910324097,155.74974310398102
24.579537510871887,145.47646248340607
61.260839998722076,109.88616001605988
316.0735282301903,112.53847175836563
747.3849660754204,92.81903392076492
562.6773083806038,662.784691631794
26.95163881778717,145.27036118507385
25.22592520713806,146.60707479715347
24.96320742368698,144.36979258060455
23.27549058198929,143.18850940465927
24.271773517131805,145.09922647476196
22.95305645465851,140.58294355869293
27.709359526634216,148.77164047956467
23.816664576530457,144.75733542442322
35.868939220905304,130.14906078577042
24.903263807296753,131.09673619270325
225.8625950217247,129.35940498113632
618.7669311761856,115.30806881189346
243.4112195968628,147.34778040647507
503.89055490493774,142.1474450826645
966.7928603291512,132.53913968801498
83.21614634990692,131.74685364961624
74.45342028141022,142.50957971811295
33.58018231391907,150.64181768894196
22.520481646060944,150.58951830863953
20.591751515865326,146.77824848890305
23.75601875782013,147.1889812350273
24.215292632579803,148.15470737218857
40.61859917640686,122.82540082931519
24.467886805534363,143.01411318778992
-5.479813098907471,118.03581309318542
16.386480808258057,102.94651919603348
367.36478078365326,134.74621921777725
791.0470704436302,99.0639295578003
89.83937788009644,1181.993622124195
56.169664204120636,128.49733579158783
79.9249660372734,121.0740339756012
20.570728480815887,145.35527151823044
21.696991860866547,143.32200813293457
20.87825757265091,143.60274243354797
23.652530431747437,146.43946957588196
31.531409442424774,146.76459056138992
55.08369725942612,90.34230273962021
190.11696672439575,97.8270332813263
603.337250649929,103.99674934148788
73.62954050302505,104.50045949220657
525.14483076334,107.61516922712326
954.3631222844124,153.3218777179718
74.86042016744614,129.19557982683182
27.543186485767365,147.5128135085106
25.297485649585724,148.5165143609047
25.146762669086456,144.44623732566833
33.1430447101593,143.78195530176163
27.843337059020996,148.98966294527054
24.67362082004547,92.75237917900085
23.076893746852875,93.97810626029968
21.888166189193726,116.16683381795883
50.51546585559845,111.87353414297104
22.772108674049377,145.17289131879807
219.7313910126686,97.45460897684097
668.8196594119072,101.03134059906006
1071.5949293375015,163.79507064819336
35.57220435142517,118.22379565238953
23.588468551635742,105.54153144359589
21.49174201488495,123.6562579870224
28.544029891490936,126.93697011470795
59.44732254743576,113.36667746305466
71.70360034704208,129.55539965629578
78.57089346647263,124.22510653734207
85.38217782974243,120.48782217502594
25.00894582271576,147.32405418157578
18.56120800971985,143.36479198932648
88.983469247818,95.16453075408936
558.4997330904007,130.76026690006256
59.791007578372955,96.89399242401123
452.5842882990837,102.28571170568466
896.711573600769,125.49242639541626
85.37485921382904,134.9771407842636
40.22315740585327,160.6478425860405
41.07048761844635,161.5765123963356
39.937807500362396,161.5611925125122
44.194134056568146,161.67586594820023
40.87549251317978,168.6985074877739
50.39080560207367,167.4791944026947
42.833127617836,161.14887237548828
44.53244876861572,171.22655123472214
45.362821996212006,177.76717799901962
43.378178775310516,162.21482121944427
201.4855157136917,167.9214842915535
618.6118505597115,173.9431494474411
1067.5901842713356,166.85381573438644
40.19752496480942,156.46847504377365
32.39783978462219,159.3791602253914
37.284150183200836,160.90184980630875
38.613455414772034,164.05254459381104
42.98076331615448,162.27823668718338
41.95906811952591,160.2449318766594
41.75138592720032,157.39661407470703
43.766745924949646,166.6772540807724
45.44906735420227,167.310932636261
51.59337216615677,157.49962782859802
23.70068484544754,144.65031516551971
516.6979973912239,125.35800260305405
394.82586818933487,131.08113181591034
22.10015434026718,143.89984565973282
309.3564282655716,97.7355717420578
748.7977026104927,107.3132973909378
23.052986800670624,1234.2620131969452
21.64226245880127,141.617737531662
18.675543665885925,140.78745633363724
19.449811577796936,144.06818842887878
20.26108419895172,142.44191581010818
19.924357891082764,141.81564211845398
26.551634907722473,143.6333650946617
21.15891855955124,142.60008144378662
17.63618928194046,141.76981073617935
17.87445032596588,141.42154967784882
22.16771113872528,142.33228886127472
405.2749804854393,116.39201951026917
816.6052489876747,89.24675101041794
21.39752733707428,142.39847266674042
20.709797739982605,140.36520224809647
23.428077459335327,145.0899225473404
21.183361530303955,141.1676384806633
21.12564069032669,142.59735929965973
21.120915949344635,191.6190840601921
21.359192311763763,142.34480768442154
21.3924697637558,141.14453023672104
20.499751389026642,141.3332486152649
32.36803764104843,153.22496235370636
14.105371713638306,149.4136282801628
396.2866550087929,101.32434499263763
838.6529263854027,94.6240736246109
311.05718183517456,95.7018181681633
764.8324465155602,111.35355347394943
24.013710916042328,697.7272890806198
19.195968806743622,96.67403119802475
22.78423810005188,112.10376191139221
60.46652215719223,106.73747783899307
50.07381349802017,122.11118650436401
68.6270980834961,130.20690190792084
35.21639025211334,171.56160974502563
36.76769834756851,167.7323016524315
43.04201239347458,162.75398761034012
39.020316779613495,156.51668322086334
32.794617891311646,156.22338211536407
288.2359331846237,111.4860668182373
425.49319010972977,171.84080988168716
859.1374522447586,194.23254776000977
16.152723133563995,144.2552768588066
19.59399539232254,144.59100461006165
23.238260567188263,143.74273943901062
18.753526210784912,142.87647378444672
-13.34220415353775,132.32420414686203
22.26509404182434,144.84590595960617
20.965379416942596,145.0346205830574
17.98065960407257,146.87134039402008
22.384948909282684,152.5040510892868
23.974224627017975,148.43277537822723
412.2078022956848,107.88419771194458
866.6680799126625,114.66592007875443
36.21937596797943,104.6136240363121
795.5866577029228,99.52434229850769
21.583971321582794,697.787028670311
19.635245263576508,107.64175474643707
38.057515263557434,115.29348474740982
43.017789363861084,122.07521063089371
48.180081367492676,130.0039186477661
54.40037286281586,130.37762713432312
84.98966354131699,121.41833645105362
93.17099475860596,137.64400523900986
27.48279321193695,147.01720678806305
24.57208114862442,151.90891885757446
25.9393572807312,156.8576427102089
133.23263198137283,91.21236801147461
574.4129011034966,125.60509890317917
1001.9471827745438,117.66381722688675
29.239466786384583,158.7405332326889
21.49577832221985,151.2442216873169
20.159058332443237,143.82194167375565
22.85934042930603,142.84465956687927
20.411619424819946,98.60638058185577
26.44590276479721,120.61009722948074
8.219204843044281,123.53979516029358
10.660486280918121,127.3575137257576
67.26878345012665,125.82321655750275
85.69108468294144,117.62391531467438
94.96637570858002,108.31262427568436
389.72211372852325,100.94388628005981
855.5523740649223,107.20762592554092
17.178634703159332,146.5623652935028
758.9338957667351,145.38110423088074
15.912177503108978,158.6618224978447
39.278440833091736,119.29455918073654
79.608707010746,99.2982929944992
72.1609833240509,131.08001667261124
90.69426620006561,124.06473380327225
102.78355568647385,119.64144432544708
-9.81066608428955,133.21866607666016
-13.407398581504822,134.44439858198166
16.940890192985535,146.55910980701447
24.04815000295639,145.28485000133514
20.174425780773163,150.56557422876358
178.33769118785858,112.03230881690979
646.1129519343376,121.92404806613922
1105.554218530655,124.70578145980835
49.679492115974426,110.70950788259506
53.25076472759247,120.15723526477814
53.32104539871216,133.75295460224152
46.280343770980835,166.10865622758865
36.573701202869415,161.6482987999916
40.38501703739166,162.13398295640945
34.62233763933182,152.71066236495972
31.56364732980728,153.99235266447067
35.98596525192261,154.93903475999832
35.149290561676025,156.6647094488144
58.62769794464111,94.7793020606041
417.1803609132767,108.41263908147812
785.2697700858116,120.08222991228104
575.7101652026176,672.6588348150253
20.11550509929657,142.47749489545822
1079.1858196854591,143.555180311203
26.052164375782013,152.48483562469482
24.253461480140686,152.08053851127625
20.95375555753708,147.58324444293976
21.061026632785797,148.1419733762741
22.94630777835846,159.68269222974777
21.072589814662933,154.4644101858139
18.19986391067505,144.8561360836029
17.973155081272125,148.59984493255615
21.136426091194153,144.6035739183426
157.7229750752449,125.72102493047714
605.4052513837814,110.39174860715866
1025.93857640028,174.9504235982895
13.619873046875,131.2691269516945
29.26516079902649,134.95683920383453
55.798444628715515,117.7205553650856
64.46172177791595,126.50127822160721
64.34700101613998,131.76399898529053
22.622732400894165,147.52626758813858
23.692024886608124,97.89997512102127
16.015864968299866,134.28013503551483
40.73513925075531,127.89486074447632
416.4354141354561,163.88058584928513
866.0796955823898,160.88330441713333
9.391992211341858,126.18300777673721
80.98127603530884,152.24172395467758
53.9765619635582,132.89343804121017
74.93687230348587,153.30412769317627
32.28520494699478,154.14079505205154
35.985509157180786,167.97649085521698
40.61181592941284,160.64718407392502
37.94212341308594,161.9098765850067
33.88243651390076,153.35856348276138
45.897774040699005,171.43522596359253
39.969126760959625,163.51287323236465
40.20545369386673,166.2195463180542
41.35076332092285,161.24123668670654
170.75506430864334,151.7819356918335
611.7883784770966,170.0816215276718
1044.6007019281387,162.01129806041718
36.74500733613968,154.7359926700592
40.22331255674362,162.07368743419647
46.01664298772812,163.65135699510574
70.21602296829224,133.04297703504562
21.13978123664856,152.1202187538147
20.229053735733032,161.84494626522064
22.225318908691406,153.2746810913086
21.42558526992798,158.4454147219658
20.255853712558746,157.26314628124237
27.549129605293274,126.0258703827858
56.97141283750534,142.23258715867996
400.8747542500496,157.29224574565887
437.00238090753555,197.38561910390854
780.8146525621414,165.35234743356705
16.421910762786865,146.91108924150467
707.5481827259064,194.87781727313995
20.63746279478073,161.91753721237183
18.170740842819214,146.68125915527344
23.111023902893066,145.83297610282898
19.590321242809296,145.46567875146866
18.271597683429718,147.91340231895447
19.286869645118713,145.49113035202026
19.691141724586487,143.03185826539993
18.78041708469391,143.44158291816711
17.888692498207092,147.83430749177933
16.958965480327606,142.89403450489044
30.30724608898163,136.76775389909744
324.43353366851807,142.4374663233757
770.5408038496971,155.6631961464882
20.353091776371002,149.9629082083702
21.311376750469208,147.6876232624054
22.36365520954132,147.82134479284286
18.65693426132202,154.84206575155258
21.283212423324585,152.04978758096695
24.502501845359802,153.9974981546402
21.054801166057587,152.85319882631302
19.311082899570465,150.5599170923233
19.974363029003143,154.1746369600296
20.33964240550995,150.27035760879517
4.948917925357819,149.3850820660591
318.83320105075836,114.24079895019531
776.2934774756432,152.28052252531052
23.160773992538452,148.6922259926796
21.69306629896164,100.62093371152878
28.505350828170776,119.58664917945862
34.019634902477264,118.60936510562897
42.66591948270798,123.00208050012589
64.16120207309723,127.0597979426384
70.62148636579514,120.54551362991333
84.45178186893463,131.0662181377411
100.91107624769211,136.2929237484932
24.75993686914444,154.44406312704086
22.86822670698166,152.92777329683304
122.53150814771652,100.35749185085297
21.694799959659576,149.60220003128052
40.246086061000824,118.2719139456749
479.41037279367447,124.47862720489502
925.2586477398872,153.44535225629807
24.439930975437164,127.56006902456284
20.455242335796356,125.84075766801834
44.50651603937149,118.25148391723633
49.31978577375412,121.9032142162323
56.66808581352234,124.05491417646408
70.05336838960648,131.7246316075325
85.79066586494446,118.98733413219452
105.19494491815567,115.30605506896973
16.839734494686127,146.5862655043602
20.318005561828613,147.01599442958832
31.12928968667984,107.96271032094955
323.6255698800087,111.05943012237549
756.2328544855118,119.11814552545547
18.0641228556633,125.06687712669373
34.301395535469055,117.27360445261002
40.019667625427246,125.70233237743378
55.515947699546814,115.63205230236053
63.88324064016342,129.59875935316086
71.30551886558533,121.74948114156723
17.136245727539062,147.58575427532196
16.798515617847443,147.18148440122604
-12.259221494197845,127.03722149133682
5.274058640003204,124.57794135808945
16.345330834388733,133.9886691570282
165.11860221624374,133.4363977909088
2.505620241165161,134.69837975502014
9.020904302597046,138.68309569358826
309.2391753792763,261.37182462215424
745.3094929456711,245.48650705814362
-9.471237480640411,702.0272374749184
13.65508085489273,141.95591914653778
16.614361464977264,149.29363852739334
22.59265571832657,104.33334428071976
8.255951166152954,132.6890488266945
18.19722443819046,138.32177555561066
12.786520600318909,132.67647939920425
2.0048446655273438,132.60615533590317
16.224133849143982,115.9608661532402
37.794405460357666,123.70559453964233
22.90269386768341,128.06030613183975
252.93595999479294,126.97104001045227
716.2472537755966,124.03074622154236
1131.6705966591835,130.55240333080292
34.869918286800385,148.9260817170143
18.164287447929382,148.39271253347397
19.271584928035736,147.04341506958008
18.6558695435524,153.17613047361374
19.93114709854126,151.10585290193558
38.20558571815491,154.47941428422928
20.6839519739151,155.79704803228378
22.49523138999939,151.93076860904694
19.195515632629395,153.54448437690735
19.21078670024872,152.3082132935524
110.72605419158936,100.94094580411911
593.9263175725937,122.92568242549896
40.71959012746811,115.96640986204147
451.9198702573776,159.95112973451614
914.7311625480652,157.52883744239807
18.61645084619522,116.12454915046692
61.29771667718887,102.64628332853317
34.90498626232147,125.5570137500763
27.791266441345215,124.48673355579376
36.62155658006668,123.30444341897964
53.69183415174484,125.9561658501625
59.966124534606934,130.34787547588348
112.79643791913986,107.11156207323074
32.49671918153763,162.28128081560135
33.17800050973892,164.1369994878769
-4.4727195501327515,150.2137195467949
415.7645851969719,180.95841479301453
852.7418785095215,180.22012150287628
35.498173892498016,163.48282611370087
28.97647511959076,149.5795248746872
43.34378403425217,166.97121596336365
35.26612591743469,161.3268740773201
39.00342917442322,158.25657081604004
38.74073284864426,162.00026714801788
37.08904492855072,161.70695507526398
32.56737035512924,158.80262964963913
40.637690126895905,170.84330987930298
45.802015125751495,171.97698485851288
47.59436994791031,166.03463006019592
256.7207208275795,165.2792791724205
682.069050848484,197.0789491534233
167.91736233234406,157.37863767147064
586.284679889679,189.10332012176514
1015.1510020494461,208.08899796009064
38.519317269325256,159.07368272542953
32.95962953567505,155.13337045907974
41.03098553419113,167.02501446008682
41.32333129644394,163.45466870069504
35.393655836582184,162.93834418058395
34.779972314834595,163.4050276875496
35.776267528533936,156.98273247480392
32.56957697868347,152.8934230208397
38.89889532327652,163.63710469007492
33.137216448783875,156.91878354549408
-0.9954706430435181,139.32947063446045
404.2778654098511,182.01713460683823
838.997163772583,185.55783623456955
40.64146173000336,172.2095382809639
33.93478083610535,157.47221916913986
30.636092841625214,156.66090714931488
40.039407432079315,157.01559257507324
32.350727558135986,151.8342724442482
41.51405954360962,169.07894045114517
40.992406249046326,163.43359375
39.30373138189316,158.58426862955093
38.43005412817001,162.8849458694458
38.667369186878204,163.1286308169365
34.3116979598999,157.63230204582214
237.80903524160385,164.31996476650238
699.9163581132889,161.6576418876648
23.730845868587494,151.73315411806107
23.54214036464691,149.29185962677002
218.66845083236694,161.5915491580963
645.2577415108681,201.87225848436356
1095.7350306510925,214.1909693479538
20.51031881570816,147.39768117666245
17.78359979391098,147.97540020942688
23.484871447086334,149.66312855482101
27.07317042350769,154.6118295788765
23.922477900981903,147.3735221028328
20.78976845741272,147.35923153162003
19.30404382944107,147.50995618104935
21.893320322036743,147.40267968177795
19.575605511665344,149.35039448738098
30.84989458322525,147.55710542201996
193.62420868873596,173.6347913146019
628.9735003113747,205.56449967622757
1067.3958037495613,191.84619623422623
22.61409604549408,148.44190394878387
22.407388865947723,152.019611120224
21.959672689437866,147.44832730293274
23.269961416721344,155.63603860139847
22.26724225282669,147.88175773620605
19.133523523807526,151.66147649288177
21.07479637861252,150.07220363616943
23.03508025407791,151.03891974687576
20.550370633602142,149.8946293592453
20.064651906490326,151.00834810733795
197.5429349541664,152.99406504631042
649.8182263970375,160.66377359628677
132.6285150051117,139.00048500299454
570.1067977547646,159.78220224380493
982.863098025322,183.63690197467804
20.600403904914856,147.7505961060524
21.504690766334534,153.90230923891068
23.797978937625885,147.23902106285095
26.442273199558258,152.85472679138184
23.365570068359375,151.76542991399765
23.176861703395844,152.04613828659058
20.728175044059753,151.67982494831085
23.52145564556122,151.83054435253143
26.239744246006012,153.42625576257706
21.42203801870346,151.70796197652817
89.60331785678864,137.48868215084076
529.9895964860916,166.80640351772308
930.9668931365013,194.32910686731339
26.797282338142395,149.8877176642418
15.961611092090607,151.2423889040947
19.309888422489166,158.61711156368256
14.898171842098236,150.89782816171646
17.005442261695862,145.0495577454567
15.92871230840683,144.2012876868248
16.70297610759735,143.79702389240265
14.310242056846619,146.17075794935226
17.325505673885345,149.65549433231354
15.710772931575775,148.12122708559036
110.09704101085663,125.64395898580551
575.6493099331856,141.40669006109238
1006.3315944075584,169.98440557718277
499.79086112976074,128.358138859272
932.9171345233917,159.26886546611786
15.82041472196579,148.12458527088165
17.483678996562958,147.22032099962234
14.94294559955597,145.96405440568924
23.58822399377823,101.39277601242065
25.19552356004715,115.52547645568848
19.43280404806137,104.25219595432281
45.078083872795105,124.01491612195969
49.05635726451874,123.25864273309708
37.73763829469681,124.91036170721054
80.9939033985138,106.65409660339355
59.638175666332245,136.47282433509827
506.98646652698517,177.40253347158432
369.28144466876984,128.51455533504486
726.0927283167839,176.55527168512344
19.794025361537933,153.4479746222496
19.586303293704987,147.413696706295
14.768580138683319,156.12041985988617
17.374850153923035,154.34614980220795
14.317120850086212,149.6828791499138
18.276392102241516,152.88960790634155
15.254662096500397,151.09733790159225
14.121922075748444,149.78607791662216
17.803183674812317,148.7158163189888
14.65145456790924,147.92154544591904
14.573715388774872,153.07428461313248
387.0149784088135,142.50302159786224
859.3822410106659,152.04375898838043
15.952507615089417,147.861492395401
812.4867800474167,135.86521995067596
16.09407687187195,147.18392312526703
19.054345965385437,148.5936540365219
21.976618945598602,146.0233810544014
19.028904855251312,148.5830951333046
-4.622819781303406,136.030819773674
-7.8665555119514465,140.27455550432205
3.5927302837371826,128.7772697210312
30.922106444835663,152.68889355659485
17.95647031068802,153.24752968549728
16.52677422761917,155.27022576332092
18.338039815425873,151.56896018981934
309.4643793106079,111.47962069511414
1485.313717365265,135.76128262281418
557.2910100221634,704.300989985466
18.324291348457336,147.17470866441727
19.09957480430603,149.08542519807816
17.576857805252075,149.84914219379425
16.944130182266235,149.11086982488632
24.941397726535797,100.24360227584839
53.28966724872589,92.98833274841309
50.896935641765594,108.41706436872482
42.524209558963776,119.86579042673111
58.316492199897766,125.90550780296326
82.47978776693344,128.8722122311592
192.88412219285965,186.93087780475616
620.731455385685,179.56454461812973
1069.2657570838928,203.47524291276932
36.707049787044525,160.1069502234459
976.0743563771248,187.4996436238289
32.662664115428925,162.4663358926773
35.32696741819382,168.8030325770378
41.86030173301697,170.97369825839996
38.78266543149948,165.3093345761299
31.16800683736801,164.01599317789078
31.81331354379654,162.05768644809723
29.47662353515625,162.39337646961212
37.10293471813202,167.34206527471542
39.3582409620285,177.4367590546608
80.98455429077148,131.94144570827484
29.185353457927704,128.5176465511322
252.64465963840485,146.98434036970139
688.9389333724976,171.2090666294098
1137.2502209544182,204.25077903270721
342.78685623407364,167.38014376163483
783.4321361780167,186.10586380958557
12.61341005563736,130.47958993911743
18.10967707633972,129.16832292079926
23.142953157424927,128.41204684972763
13.14022982120514,132.52677017450333
12.91450709104538,131.62249290943146
8.725776970386505,132.82922303676605
14.463049948215485,126.66695004701614
5.034317851066589,125.66968214511871
6.956588566303253,134.13541144132614
7.915859580039978,136.32414042949677
41.13513910770416,166.827860891819
622.076424241066,159.73857575654984
801.4616931676865,188.92730683088303
281.01295894384384,175.50504106283188
739.1952328085899,184.9337671995163
18.007509171962738,145.75249081850052
20.132784008979797,148.79321599006653
22.18506419658661,154.40693581104279
20.27434527873993,150.41065472364426
20.64162439107895,149.93337559700012
19.24990963935852,154.04709035158157
17.783185184001923,154.1428148150444
17.13045561313629,154.53554439544678
18.86872625350952,151.00227373838425
20.476995646953583,147.48700433969498
18.640265941619873,151.06373405456543
390.1915413737297,144.03045862913132
769.7068237066269,195.07117629051208
19.130103886127472,149.92589610815048
14.42239260673523,145.0026074051857
13.807659089565277,149.84034091234207
13.044918477535248,145.5110815167427
17.153178691864014,147.7538213133812
16.204449474811554,145.31355053186417
18.6827255487442,149.7052744626999
15.846009612083435,146.35699039697647
14.620286405086517,144.74971359968185
16.154556453227997,145.12344354391098
18.13282686471939,120.10817313194275
438.18509912490845,155.72290086746216
820.9583803415298,234.74461966753006
13.789653778076172,148.35934621095657
801.0269259810448,195.86207401752472
14.282218039035797,148.16278195381165
12.53748881816864,147.92451119422913
13.330755710601807,148.22424429655075
12.791024148464203,151.3019758462906
17.47328871488571,148.60171127319336
15.857565641403198,150.79043436050415
13.539843618869781,150.16415637731552
14.555115044116974,149.98288494348526
15.848389983177185,145.6526100039482
19.01066416501999,146.00733584165573
24.26693332195282,149.3440666794777
442.3562172651291,143.4217827320099
861.7414825558662,147.44351744651794
15.793749868869781,164.52125012874603
17.16101962327957,154.04398036003113
17.194294810295105,153.19470518827438
13.301572144031525,151.67942786216736
13.834842145442963,155.18315786123276
13.295108258724213,151.14889174699783
15.384377419948578,111.33762258291245
11.56664752960205,128.15535247325897
10.099919378757477,131.9740806221962
52.43019652366638,126.97780346870422
40.333477199077606,127.14752280712128
418.608760535717,169.87323945760727
820.8271408677101,188.70985913276672
29.564442813396454,168.95355719327927
30.43175572156906,165.5312442779541
45.077081739902496,166.90491825342178
38.48038136959076,164.8716186285019
33.81068992614746,164.67131006717682
41.122008323669434,167.87899166345596
32.47036635875702,165.4556336402893
31.98467081785202,167.58932918310165
36.185996651649475,163.31400334835052
33.79333156347275,164.18866842985153
40.04966342449188,164.85833656787872
29.250001788139343,157.54699820280075
26.210314512252808,156.86468547582626
136.87260991334915,153.66439008712769
570.4809259176254,199.40807408094406
977.8482753038406,194.31972467899323
30.326577186584473,163.8594228029251
32.85887956619263,167.60412043333054
34.67018324136734,163.21781677007675
36.26048427820206,165.57351571321487
35.8487908244133,166.29920917749405
53.10511201620102,174.43188798427582
38.268512427806854,166.39748758077621
33.80183696746826,164.41916304826736
32.42812913656235,165.57087087631226
36.424438774585724,163.61156123876572
14.903759777545929,121.5232402086258
385.84409523010254,202.72990477085114
806.0624311566353,223.19556879997253
34.54175728559494,167.1992427110672
138.98207813501358,121.4989218711853
88.75660401582718,130.48339599370956
22.531378090381622,159.5976219177246
18.102700114250183,161.35929989814758
17.358981728553772,152.3260182738304
17.985253036022186,150.84774696826935
16.222550213336945,146.74044978618622
21.25583291053772,154.4471670985222
19.568123161792755,151.93287682533264
18.02741026878357,101.8425897359848
96.15269309282303,165.62430691719055
60.316975831985474,122.2580241560936
44.23926365375519,124.77973634004593
398.4026116132736,208.89338839054108
823.2139363884926,220.1740636229515
34.00725191831589,172.382748067379
40.89156377315521,179.77443623542786
61.22198498249054,166.4070150256157
81.01533991098404,131.57666009664536
17.90213280916214,155.4318671822548
17.509408116340637,153.842591881752
15.265678882598877,151.17932111024857
16.53994905948639,151.36805093288422
27.554221153259277,128.26077884435654
25.34751957654953,104.81948041915894
44.95581078529358,115.65618920326233
152.30411791801453,167.2148820757866
604.3184148073196,195.16258519887924
316.22468531131744,259.7933146953583
754.3139770030975,143.48302298784256
20.237263083457947,167.04073691368103
753.2335451841354,106.0074548125267
1072.4528204202652,231.73317956924438
17.263100802898407,149.3468992114067
14.575384855270386,152.59161514043808
15.275658965110779,154.52034103870392
17.920932352542877,152.2650676369667
14.305202901363373,150.43479710817337
18.09847319126129,154.34652680158615
14.298744797706604,150.57125520706177
18.61002516746521,152.44597482681274
14.847308456897736,146.13369154930115
16.566591322422028,149.89640867710114
288.8778997063637,143.62210029363632
696.8741629719734,231.8288370370865
552.2414408326149,737.1105591654778
19.218757152557373,155.33624285459518
14.901037633419037,161.59796237945557
14.491305351257324,149.19469463825226
18.191590130329132,156.66040986776352
14.705871939659119,148.49812805652618
15.314151346683502,151.92684864997864
15.106427431106567,149.33857256174088
15.232704877853394,150.21129512786865
14.580982863903046,152.2700171470642
17.39228254556656,153.79271745681763
275.9086067080498,138.3703932762146
700.0339177846909,159.98408222198486
561.920233309269,695.8767666816711
17.138512015342712,155.34248799085617
18.134819447994232,149.71618056297302
20.076129496097565,151.2018705010414
18.46246612071991,152.3535338640213
15.43974107503891,156.3752589225769
12.900013387203217,155.4149866104126
22.396284580230713,152.64171540737152
17.336576104164124,156.40342390537262
15.351850628852844,154.94414937496185
15.126116394996643,151.2068836092949
17.086383998394012,156.635616004467
19.212664008140564,156.2503359913826
209.96893346309662,151.71706652641296
610.2992060184479,343.590793967247
1097.16547447443,112.16852551698685
22.105737686157227,149.39426231384277
16.585000574588776,128.95299941301346
27.192265391349792,108.93773460388184
18.892534613609314,115.05246537923813
23.666824340820312,127.35117566585541
58.97810685634613,120.68789315223694
41.53138506412506,131.78461492061615
63.78667241334915,136.28732758760452
67.89399474859238,132.53200525045395
88.79828172922134,122.77571827173233
169.34956288337708,136.85343712568283
563.5688573122025,232.65314269065857
948.0472809672356,240.007719039917
33.46960663795471,164.0293933749199
35.87493044137955,161.8850695490837
37.09327858686447,164.83272141218185
27.330605924129486,160.48539406061172
27.69795137643814,159.6540486216545
35.26824229955673,165.41775768995285
36.005529284477234,165.8274707198143
29.168835639953613,157.2571643590927
26.294142723083496,161.03885728120804
34.680454790592194,160.19054520130157
-17.378220200538635,155.1372202038765
330.7661430835724,239.76985692977905
40.4304775595665,159.5705224275589
249.1488021016121,189.86919790506363
662.5531319379807,232.57686805725098
1098.25243383646,265.5625661611557
27.175735771656036,160.63926422595978
32.72804766893387,160.1419523358345
23.428389608860016,157.07261037826538
22.813679575920105,156.22232043743134
25.58897465467453,158.59702533483505
34.621271908283234,167.69272810220718
29.507565438747406,158.12243455648422
25.24487054347992,158.51512944698334
23.297160923480988,164.44383907318115
33.18244934082031,167.28055065870285
159.82776021957397,195.8572397828102
552.5271053314209,239.61989468336105
992.7834206223488,273.4945793747902
39.076758444309235,167.51624155044556
30.184056639671326,164.59294337034225
22.069361925125122,157.78163808584213
27.49265342950821,160.6183465719223
30.876972138881683,159.95602786540985
30.04134052991867,163.1246594786644
31.685670018196106,159.88832998275757
29.182998180389404,162.83500182628632
41.60532206296921,177.6176779270172
40.19465482234955,170.58334517478943
-14.06800651550293,161.734006524086
359.5033140182495,255.0156859755516
4.425618410110474,172.22338157892227
269.4039790034294,234.26402097940445
699.3813722133636,224.52662777900696
310.76899737119675,144.6750026345253
693.6732746958733,201.41872531175613
11.910539984703064,153.3484600186348
11.092796862125397,150.74120312929153
19.161826610565186,149.54217338562012
26.608018815517426,151.24398118257523
19.3322371840477,145.72376281023026
17.94542121887207,144.07357877492905
17.502602994441986,146.40539699792862
18.485780894756317,143.31021910905838
19.07996767759323,144.97503232955933
19.490148425102234,143.36185157299042
19.41832983493805,154.78567016124725
410.17950826883316,164.6914917230606
977.810694694519,166.15230530500412
21.737901628017426,149.59409832954407
28.037095963954926,139.35190403461456
20.853314995765686,142.25668501853943
20.35650461912155,140.03349536657333
22.061695635318756,141.45630437135696
20.470890641212463,140.54710936546326
20.47308337688446,142.1749166250229
24.12327939271927,144.93272060155869
22.90247505903244,144.30052495002747
19.86766415834427,141.44633585214615
23.721844017505646,118.59215599298477
473.3530384302139,164.4799615740776
24.855233371257782,142.0337666273117
434.22842514514923,269.06857484579086
857.9156129360199,155.45538705587387
25.435814797878265,143.324185192585
26.068023085594177,90.1179769039154
19.81023520231247,93.18976479768753
20.163426518440247,95.24357348680496
24.369612097740173,143.42738789319992
19.85279816389084,147.81320184469223
26.37398111820221,107.38601887226105
44.766348481178284,114.08565151691437
54.86154252290726,110.02745747566223
28.75273036956787,122.24826961755753
441.82791501283646,169.0240849852562
887.218130171299,175.98486983776093
85.81436705589294,120.05663293600082
75.46358275413513,120.94341725111008
20.76231962442398,144.3306803703308
24.02450692653656,145.04949307441711
22.24988442659378,95.0281155705452
33.45607268810272,101.61792731285095
28.161264419555664,109.22773557901382
68.70146161317825,100.6515383720398
80.48065721988678,99.2973427772522
56.11186772584915,128.61013227701187
255.80009365081787,169.60790634155273
353.8214896917343,302.82651031017303
24.545686304569244,144.26931369304657
278.4179180264473,244.1740819811821
726.3461017012596,309.3758983016014
22.829278707504272,154.26372128725052
27.868462204933167,144.7055377960205
21.23964774608612,102.44435226917267
24.92686778306961,146.1831322312355
37.560095846652985,135.88490414619446
28.320299863815308,128.23470014333725
8.119494318962097,110.8815056681633
12.194682657718658,120.87931734323502
20.418870508670807,143.35812950134277
0.03207409381866455,112.85592591762543
14.015285193920135,111.09471482038498
299.5925407409668,160.25945925712585
730.871831715107,149.62816828489304
1064.2631063461304,241.82989364862442
49.35832864046097,161.1236713528633
36.00756114721298,155.14043885469437
44.99079769849777,161.2862023115158
38.993027567863464,158.7659724354744
37.773282170295715,157.02371782064438
59.09050369262695,148.28049629926682
46.666788816452026,161.5562111735344
37.4281023144722,154.71989768743515
44.410351395606995,155.49564862251282
48.98760038614273,160.32739961147308
28.674885988235474,158.97411400079727
432.93636417388916,141.15663582086563
302.38424825668335,198.0597517490387
26.275530397892,142.05746960639954
216.9627331495285,165.88926684856415
640.3349237442017,211.739076256752
1084.540111362934,224.69988864660263
20.024291515350342,140.3287084698677
20.48847359418869,138.6955264210701
20.41665405035019,141.24934595823288
20.363834977149963,139.24816501140594
21.606015503406525,140.44898450374603
28.81220829486847,141.09579169750214
19.683417797088623,139.87158221006393
24.9645973443985,139.6284026503563
20.558801293373108,139.57119870185852
22.893984138965607,140.27301585674286
315.8951678276062,169.41883218288422
740.768366932869,197.43563306331635
23.603562355041504,141.7114376425743
22.623762845993042,141.28323715925217
25.107956111431122,150.13304388523102
23.109148502349854,138.76085150241852
26.018339037895203,139.55566096305847
22.817537128925323,140.34946286678314
25.374721586704254,141.90227842330933
23.87692642211914,139.6600735783577
24.471107244491577,139.9908927679062
33.82531696557999,134.2486830353737
21.53153908252716,129.70946091413498
360.8297390937805,156.5962609052658
794.0349197983742,162.09408020973206
21.761917293071747,145.7750827074051
24.579097032546997,146.6249029636383
244.06228613853455,219.04871386289597
693.5644753575325,231.62052464485168
22.177676737308502,146.17432326078415
22.549869537353516,141.89513045549393
23.05205488204956,140.5959451198578
23.79423749446869,140.7977625131607
21.20342379808426,140.51757621765137
20.372603833675385,140.12739616632462
20.411792159080505,142.64420783519745
20.63596934080124,138.91903066635132
23.730155110359192,146.2508448958397
27.658356547355652,142.8976434469223
27.326558589935303,142.0624414086342
345.0887500047684,173.02224999666214
767.7759401202202,208.09505987167358
20.352132856845856,146.18586713075638
19.72430992126465,141.46169006824493
21.318491756916046,142.05150824785233
23.949675977230072,142.56832402944565
24.988873541355133,141.7511264681816
24.45406711101532,139.61993288993835
24.27127069234848,142.72872930765152
23.458465337753296,142.35653465986252
23.941664397716522,143.52133560180664
23.332865476608276,139.2411345243454
27.131054401397705,102.90594559907913
413.67024379968643,181.0707561969757
7.728437662124634,1024.7165623307228
366.13763189315796,163.17836809158325
771.75082051754,225.54617947340012
21.864012479782104,139.96998751163483
23.84620225429535,140.56079775094986
25.25639545917511,141.4656045436859
26.109595239162445,142.25940477848053
24.092800199985504,141.03619980812073
24.095998764038086,140.57100123167038
26.987192153930664,139.75380784273148
23.044384717941284,138.10361528396606
22.045591592788696,139.28740841150284
20.010772228240967,139.78522777557373
23.549949526786804,99.28405046463013
439.88613176345825,146.91086822748184
890.9613108038902,166.74268919229507
31.926511228084564,158.9254887700081
25.002726554870605,149.55327343940735
27.208921194076538,144.90307879447937
27.951116979122162,144.011883020401
24.768309950828552,143.71369004249573
24.84450376033783,141.21149623394012
26.623708367347717,144.3022916316986
30.43991768360138,144.67008233070374
27.4611337184906,146.0388662815094
29.222332239151,142.9806677699089
30.4845449924469,111.3124549984932
397.1707692146301,199.08823078870773
852.1919609308243,197.56803905963898
34.23114401102066,154.75085598230362
806.2873439192772,189.7126560807228
25.80853497982025,93.22846502065659
34.7177369594574,104.874263048172
41.92395079135895,116.57604920864105
24.81514710187912,125.203852891922
38.6873459815979,125.68265402317047
62.91154134273529,112.45945864915848
63.50573939085007,122.79026061296463
97.6749461889267,120.80705380439758
50.01017343997955,157.6568265557289
45.9934720993042,159.74752789735794
12.031721651554108,161.44927835464478
291.8679566979408,196.22404330968857
695.2032228708267,241.29577714204788
587.8904509544373,839.3125490546227
44.44873118400574,156.86726880073547
40.46894979476929,158.6230502128601
41.15616697072983,168.4738330245018
49.1584107875824,164.97158920764923
47.197675466537476,160.33932453393936
45.82889950275421,159.63410049676895
45.664124608039856,159.11387538909912
42.999365866184235,161.4446341395378
44.168641805648804,156.46135818958282
95.09687942266464,117.8471205830574
39.080673813819885,119.3083261847496
430.9158973097801,205.1021026968956
863.8250945210457,202.93390548229218
28.938299357891083,140.39570063352585
800.5145128369331,198.50348716974258
26.1457177400589,147.50128227472305
29.57491236925125,140.6660876274109
28.094120979309082,139.84987902641296
27.670324206352234,93.42167580127716
37.246531784534454,120.47546821832657
55.9347522854805,118.08424770832062
52.75094825029373,120.97105175256729
83.5491390824318,124.72886091470718
102.0133301615715,119.72666984796524
2.4431827664375305,123.0948172211647
-6.425597250461578,124.75959724187851
145.16872292757034,158.60927706956863
617.2639706730843,126.01402932405472
961.8762392997742,219.27176070213318
29.41657066345215,146.86142933368683
28.825803399086,148.174196600914
29.661058962345123,144.69094103574753
-0.799675464630127,135.52167546749115
6.054516613483429,131.9834833741188
4.4817007184028625,132.51829928159714
21.539897084236145,103.49810290336609
27.28209149837494,94.4589084982872
40.8212833404541,106.9747166633606
41.08246439695358,124.82553559541702
71.47373443841934,118.02726554870605
452.6060127019882,165.4129872918129
877.4212837815285,175.59571623802185
16.109607577323914,102.09439241886139
28.75983637571335,85.05516362190247
33.24305009841919,98.58994990587234
22.04126513004303,98.40373486280441
30.061489641666412,94.21551036834717
24.60071313381195,138.56528687477112
25.676939249038696,136.95306074619293
31.56815004348755,136.06184995174408
28.348361313343048,92.35663866996765
36.868607461452484,97.020392537117
60.72284919023514,113.03615081310272
71.79806679487228,116.07193320989609
63.0412837266922,133.79171627759933
210.37651574611664,199.475484251976
323.120878636837,302.3981213569641
785.3450653553009,257.39593464136124
28.143265426158905,145.93173456192017
26.922460794448853,142.50253921747208
25.054660856723785,145.18633913993835
24.482855439186096,139.48014456033707
27.4480659365654,141.38593405485153
26.319317162036896,146.32868283987045
22.155513525009155,126.30748647451401
7.842699587345123,132.43530040979385
10.955890357494354,126.61910963058472
25.1800879240036,96.54191207885742
31.40428650379181,91.910713493824
344.8324764966965,290.056523501873
766.4827970862389,170.1842029094696
104.33922374248505,244.3087762594223
492.5265946984291,205.60340529680252
32.02884167432785,167.23015832901
383.12413626909256,202.69086372852325
794.2924087643623,239.6525912284851
28.146679639816284,147.40932035446167
24.4258793592453,139.85212063789368
24.891083657741547,140.59091633558273
23.893278539180756,139.69872146844864
25.321476697921753,138.30852329730988
26.37867510318756,138.7883248925209
24.176864981651306,141.527135014534
24.179057598114014,141.5249423980713
27.495257139205933,140.11474287509918
26.590461552143097,140.6135384440422
5.554686486721039,143.66731351613998
343.11291778087616,206.11008220911026
771.671152472496,220.44084751605988
23.635354816913605,143.0686451792717
32.08257097005844,152.23242902755737
25.175794899463654,142.95320510864258
24.78998351097107,140.56201648712158
25.717171132564545,140.9118288755417
23.627362966537476,140.039637029171
23.684547185897827,143.20445281267166
24.83473426103592,140.16526573896408
24.965927124023438,143.73807287216187
26.93111628293991,142.41988372802734
24.340349853038788,133.82665014266968
412.7316051721573,177.41639482975006
767.3638700842857,214.13612991571426
22.884121537208557,144.24487847089767
671.9973902106285,195.85460978746414
1114.961586356163,189.70441365242004
290.4127576947212,179.88324230909348
682.7110941410065,210.39990586042404
1121.8793559670448,207.4346440434456
25.382583379745483,138.15441662073135
24.346778631210327,137.65322136878967
24.49696785211563,137.94703215360641
24.55515569448471,139.37084430456161
24.038349747657776,140.0366502404213
25.077534198760986,138.83046579360962
25.35672664642334,138.36527335643768
29.22891914844513,140.77108085155487
28.194121479988098,143.26887851953506
25.899356067180634,140.10064393281937
241.93859541416168,185.17240458726883
651.848871588707,215.55912840366364
1072.5361434221268,226.4458565711975
28.13034427165985,142.9256557226181
28.132541835308075,143.33145821094513
31.504746913909912,145.55025309324265
28.173945605754852,144.16005438566208
28.083154380321503,143.63984560966492
28.084356009960175,141.61864399909973
30.79055607318878,143.52444392442703
26.69975471496582,143.05924528837204
29.7019464969635,140.22405350208282
38.870144069194794,140.14785593748093
195.0024397969246,202.66456019878387
28.318743765354156,143.1242562532425
64.8579757809639,217.47402423620224
476.7492758631706,227.10172414779663
912.8625255227089,239.04447448253632
27.661768913269043,143.1902310848236
28.97796791791916,143.33603209257126
30.42417162656784,145.96482837200165
30.870376646518707,146.96262335777283
27.576577603816986,141.84942239522934
29.83777767419815,145.56922233104706
28.469986021518707,142.66001397371292
30.63818621635437,143.4358137845993
32.02939087152481,143.0816091299057
28.216597139835358,138.11740285158157
13.23684686422348,181.48515313863754
415.7201414704323,201.18685853481293
810.4825083017349,219.4434916973114
26.409777760505676,140.09022223949432
26.76399976015091,137.31000024080276
29.56220668554306,140.5857933163643
32.21242159605026,140.5465784072876
27.325632870197296,137.1743671298027
26.43783837556839,137.70916163921356
27.9030459523201,141.83695405721664
27.10925316810608,138.44674682617188
32.25945335626602,139.94454663991928
28.760663509368896,138.96033650636673
-0.3291321396827698,117.29213213920593
240.28442186117172,198.25257813930511
26.8606818318367,140.71331816911697
148.2518896460533,206.34111034870148
578.3460906744003,212.50590932369232
1035.9402787089348,231.3377212882042
25.887475609779358,140.1675243973732
25.98166984319687,137.53733015060425
24.353857278823853,139.75714272260666
25.615048706531525,136.495951294899
26.93223547935486,139.90076452493668
25.86042219400406,136.0105777978897
26.436619222164154,143.13838076591492
26.789815366268158,139.13518464565277
27.848006784915924,141.44799321889877
26.257198095321655,141.05780190229416
204.86939138174057,208.7046086192131
639.2795859575272,247.7754140496254
1087.3747820854187,251.51521790027618
25.50597494840622,139.9200250506401
26.785165429115295,145.8998345732689
27.547360241413116,140.50863975286484
26.308559775352478,140.21044021844864
26.17975813150406,139.32024186849594
28.923954963684082,147.8550450205803
25.369159400463104,139.81584060192108
29.705350518226624,141.36864948272705
56.98554843664169,126.83045154809952
36.35675036907196,142.93924963474274
313.8960049152374,110.08499509096146
654.8792054653168,235.15679454803467
1106.177423775196,228.488576233387
591.310615837574,206.82038414478302
1035.6078169345856,239.53918308019638
28.5169997215271,140.09300029277802
26.945190608501434,137.12880939245224
28.965385258197784,139.25661474466324
32.597608268260956,146.958391726017
29.580828428268433,141.77017158269882
31.546027898788452,144.47197210788727
28.141229033470154,142.89577096700668
26.013433158397675,139.3755668401718
28.515626311302185,140.79937368631363
26.79503983259201,139.9089601635933
130.03823912143707,229.6287608742714
492.13260102272034,212.94139897823334
917.5608631968498,230.18013679981232
22.43312430381775,137.43687570095062
26.786308646202087,142.1946913599968
24.95550364255905,142.43349635601044
24.51269370317459,137.8753063082695
26.14488846063614,141.3931115269661
25.684086501598358,140.74191349744797
25.871287405490875,139.2027125954628
28.317500054836273,139.38649994134903
31.208706617355347,142.16129338741302
26.580908834934235,141.28909116983414
99.45310020446777,287.4908998012543
529.1042878031731,171.52571219205856
930.0874952077866,228.2835047841072
620.5886939764023,1021.1703060269356
865.3499016165733,222.3720983862877
26.815085768699646,139.96291422843933
26.18728542327881,138.66471457481384
25.263479232788086,140.14352077245712
31.413673162460327,139.03032684326172
25.26789104938507,137.97310894727707
25.048082888126373,139.6189171075821
26.420271933078766,141.1357280611992
27.36645883321762,140.1515411734581
30.553651034832,144.09434896707535
28.944847524166107,141.44415247440338
92.816037774086,162.64596223831177
502.9662266969681,221.4957733154297
915.746421277523,232.71657872200012
28.23062562942505,137.622374355793
32.91784888505936,149.15615111589432
30.0861354470253,140.96986454725266
35.514350950717926,143.7266490459442
25.21957504749298,141.03942495584488
29.38777130842209,143.000228703022
28.148965418338776,139.23903459310532
27.115164875984192,137.95883512496948
26.357365906238556,138.4016340970993
28.19356256723404,145.99243742227554
82.991750061512,180.65724992752075
523.251936852932,190.76606315374374
1033.9581498503685,135.0418501496315
24.015343487262726,143.59565651416779
24.313525557518005,138.87147444486618
24.6127068400383,137.9802931547165
24.114892065525055,137.2561079263687
23.746071696281433,140.3839282989502
27.933286428451538,140.97471356391907
28.972504019737244,139.71349596977234
27.769700169563293,138.48829984664917
29.97589123249054,142.02410876750946
28.36708790063858,142.7249121069908
123.33228248357773,175.9827175140381
545.648502767086,311.72149723768234
66.53970038890839,169.6452996134758
472.3380680680275,153.93893194198608
818.2472645640373,293.90073543787
-10.027452528476715,123.88045251369476
25.584802389144897,138.84119760990143
26.587017953395844,138.70898205041885
26.05221676826477,137.48478323221207
27.128419995307922,136.72358000278473
26.704620838165283,139.25837916135788
29.243820190429688,139.20117980241776
25.87502819299698,137.75497180223465
24.09924179315567,136.73375821113586
25.74947029352188,137.08452969789505
3.825666606426239,137.97033339738846
303.7531487941742,174.98685121536255
699.1824751496315,200.39152485132217
1097.7956863045692,235.33431369066238
29.09388667345047,135.96211332082748
30.13210815191269,136.99689185619354
28.91232019662857,139.23567980527878
27.840526223182678,137.69647377729416
27.897717654705048,138.046282351017
23.918901920318604,145.50709807872772
23.161083042621613,137.80191695690155
28.588257133960724,136.429742872715
33.23946511745453,140.81653487682343
32.444678008556366,138.59232199192047
286.96590143442154,174.9790985584259
769.1150923967361,145.47690761089325
228.617278277874,191.0677217245102
675.0634773373604,184.75052267313004
1053.4916776418686,262.45332235097885
28.142880260944366,136.24611973762512
30.181074023246765,138.1889259815216
42.81229257583618,138.94570744037628
29.62952494621277,138.51847505569458
29.390734493732452,136.83126550912857
29.355931282043457,138.08906871080399
27.39511662721634,139.32788336277008
31.19330495595932,148.49269503355026
26.38050776720047,137.11949223279953
6.104713618755341,115.22928637266159
237.60691726207733,184.69008272886276
666.3861236572266,213.3718763589859
1086.7033217549324,262.25967824459076
29.501511216163635,85.10948878526688
30.61470603942871,91.01529395580292
26.524897158145905,90.69810283184052
30.823088943958282,115.99291104078293
50.32429528236389,112.17570471763611
49.1225084066391,146.45149159431458
60.36574375629425,122.83725625276566
68.36795800924301,128.11304199695587
86.38816171884537,118.35183829069138
46.14936363697052,168.14763635396957
184.39259779453278,225.7924022078514
605.393838763237,256.0321612358093
1045.7290641665459,275.38193583488464
489.00936591625214,1208.73163408041
967.8086301088333,225.8023698925972
354.7023325562477,126.57466745376587
688.1295304894447,288.7954695224762
591.2997224926949,822.8862774968147
321.1569572687149,205.08404272794724
735.0111423134804,259.89585769176483
26.753340780735016,158.0606592297554
24.774513602256775,141.57848638296127
28.12869668006897,136.96430331468582
30.203894078731537,138.75910592079163
24.83607941865921,137.01692056655884
23.597256422042847,136.49574357271194
24.9884335398674,138.1225664615631
27.41561794281006,138.65838205814362
41.510821521282196,137.76717847585678
28.88304078578949,138.15495920181274
29.736247539520264,105.65275245904922
365.40544098615646,234.39055901765823
801.0186211466789,262.1303788423538
25.427809417247772,139.51719057559967
715.651992380619,281.7740076184273
27.728182554244995,148.69881749153137
24.97036612033844,137.32563388347626
24.880547523498535,137.41645246744156
29.71573632955551,136.87726366519928
25.34793519973755,139.0970647931099
25.442109048366547,137.7068909406662
24.240286648273468,135.98171335458755
23.926454663276672,137.3325453400612
30.429631233215332,139.88636875152588
31.153836369514465,140.6251636147499
31.84004420042038,113.45595580339432
378.56523329019547,239.2867667078972
818.7894251346588,264.3405748605728
26.97560954093933,140.72739046812057
26.773801624774933,140.48519837856293
26.146990597248077,138.3340094089508
26.334180295467377,139.48081970214844
26.484373152256012,140.2196268439293
27.85656714439392,139.0694328546524
27.95077383518219,139.19722616672516
26.17597198486328,137.97302800416946
26.381164252758026,137.4338357448578
27.161350965499878,140.87564903497696
-8.503458380699158,224.31845837831497
444.0917450785637,239.42725491523743
915.0189739465714,214.2400260567665
27.299210906028748,137.10878908634186
27.041408002376556,135.18059200048447
27.154600977897644,136.04939901828766
28.490834832191467,137.6771651506424
28.84403532743454,135.41596466302872
27.753230452537537,134.63576954603195
27.274432718753815,136.50356727838516
27.85063064098358,133.76136934757233
25.388823747634888,138.01817625761032
33.206023156642914,138.94197684526443
18.948239147663116,217.3667608499527
27.006436049938202,138.67956393957138
-14.047373414039612,160.0283734202385
387.38081842660904,232.4711815714836
844.0310134887695,236.35798650979996
25.699212849140167,136.30078715085983
29.164401829242706,135.59459817409515
26.925620794296265,135.2403792142868
27.149810254573822,137.05318975448608
26.892990052700043,135.92200994491577
30.06218445301056,136.06781554222107
26.74837952852249,134.58462047576904
28.879569828510284,135.8974301815033
31.3077654838562,135.76523452997208
31.64295995235443,137.33804005384445
-0.761831521987915,223.70583152770996
450.46236753463745,217.87063246965408
878.6865645051003,241.3504354953766
25.20676076412201,135.4042392373085
29.412947297096252,134.7540526986122
26.74813461303711,138.08586537837982
36.472327053546906,135.56467294692993
27.993547677993774,138.59945231676102
26.47674423456192,134.91225576400757
25.718936383724213,137.65106362104416
27.462120294570923,135.12987971305847
28.33431303501129,135.369686961174
27.15150511264801,137.51549488306046
75.07869732379913,198.62430268526077
508.69189071655273,201.47410929203033
908.9160904884338,263.86090952157974
973.7535093426704,126.76449066400528
23.82970952987671,136.42929047346115
25.4428870677948,140.6681129336357
25.14806866645813,139.3699313402176
24.910247802734375,139.5717521905899
25.504427909851074,136.8655720949173
26.562614381313324,137.6603856086731
27.00880455970764,135.47319543361664
28.02899467945099,138.28500533103943
26.66018944978714,135.1918105483055
28.7183797955513,140.61562019586563
72.07156771421432,297.9474322795868
498.5927794575691,225.05622053146362
938.4279668331146,219.81303316354752
32.89315915107727,136.05184084177017
32.320363104343414,139.71563690900803
30.08157581090927,140.62142419815063
26.175778687000275,137.32322132587433
26.437969386577606,137.3770306110382
27.81016653776169,133.0788334608078
27.553362905979156,136.65063709020615
27.795553863048553,134.0554461479187
29.908750891685486,139.72024911642075
-5.515047609806061,140.82904762029648
147.5241503715515,154.80984961986542
503.76634073257446,273.7706592679024
1042.6945374011993,162.89746260643005
28.12273144721985,135.2292685508728
880.7719269394875,256.4120730161667
27.349120616912842,137.9838793873787
28.369310438632965,136.6856895685196
31.075538396835327,142.79446160793304
28.46577477455139,139.23722523450851
27.300976932048798,138.86502307653427
27.377174258232117,134.86282575130463
32.2693727016449,136.342627286911
31.529581427574158,140.0254185795784
28.716782331466675,137.70821768045425
29.440987408161163,140.55901259183884
58.961185574531555,309.72381442785263
500.6494854092598,306.443514585495
854.372677385807,262.92332261800766
29.85694968700409,137.69805032014847
27.951163351535797,137.69683665037155
27.193366527557373,141.24963349103928
27.65955740213394,138.35944259166718
26.568751633167267,136.87524837255478
28.755939781665802,137.6510602235794
29.64613550901413,138.8898645043373
29.000329196453094,140.55567079782486
29.021521031856537,137.79447895288467
25.245708405971527,136.2722916007042
109.19188702106476,253.7711129784584
503.17506045103073,209.7499395608902
908.0292533040047,256.69274669885635
31.8824405670166,133.8015594482422
30.977644205093384,140.3183557987213
29.812871158123016,139.909128844738
38.22307634353638,138.48192363977432
29.095699906349182,137.14630007743835
28.596899211406708,136.29210078716278
27.822096705436707,135.5859032869339
27.879299998283386,134.78769999742508
28.399490237236023,137.28550976514816
28.17899364233017,142.22800636291504
-6.262805759906769,180.03980576992035
28.220455706119537,146.3165442943573
33.2596430182457,138.70235699415207
251.11383575201035,162.0151642560959
649.0230170488358,230.40298295021057
1050.932209789753,291.6407902240753
2.323412299156189,128.21358770132065
15.047599613666534,116.4894003868103
10.197811782360077,120.24618822336197
28.45914191007614,127.81785809993744
8.294391930103302,119.44660806655884
27.29887557029724,138.77512443065643
29.542089819908142,134.8109101653099
29.35833841562271,134.03066158294678
46.045618772506714,136.6763812303543
94.82588863372803,196.8041113615036
503.3092055916786,217.72779440879822
850.7185685038567,311.4484314918518
28.257772088050842,139.94522792100906
27.185962975025177,135.01803702116013
43.11316180229187,145.81283819675446
60.76442116498947,127.06957882642746
27.711111664772034,134.84488832950592
25.824310541152954,135.71368944644928
29.011498272418976,135.71050173044205
28.438697457313538,136.46830254793167
26.940890550613403,134.57710945606232
24.832071721553802,132.94592827558517
28.204256236553192,137.55474376678467
340.50244760513306,195.1455523967743
53.652659595012665,126.05034041404724
80.93332976102829,212.0676702260971
539.1205218434334,220.9534781575203
969.8997227549553,257.6932772397995
41.55092239379883,123.83907759189606
47.18213486671448,123.81786513328552
48.646346032619476,127.96465396881104
56.9085687994957,120.75843119621277
41.336805522441864,124.51619446277618
32.32004904747009,120.75395095348358
35.432252049446106,121.73374795913696
46.861459612846375,118.32454037666321
38.881675124168396,126.06332486867905
47.38388878107071,124.8201112151146
52.034093499183655,177.54090648889542
495.94330048561096,213.74269950389862
937.4075169563293,211.68448305130005
31.595738112926483,136.9972618818283
32.55994409322739,141.60705590248108
31.22816151380539,140.30883848667145
38.37936317920685,139.30663681030273
33.08460944890976,138.6743905544281
31.660822987556458,141.37617701292038
31.274032294750214,140.41096770763397
30.51624858379364,86.79775142669678
37.33346110582352,120.3885388970375
34.298674404621124,120.23832559585571
7.577884197235107,200.08911579847336
437.82109862565994,255.7159013748169
101.69433254003525,109.43666744232178
371.23253107070923,246.67446893453598
234.66253274679184,238.11546725034714
659.4237435460091,265.5572564601898
1079.498969078064,312.22303092479706
30.946174263954163,138.47982573509216
28.670379281044006,138.68162071704865
27.22857654094696,136.21642345190048
29.95177072286606,136.1032292842865
31.898977994918823,137.00902199745178
30.252194106578827,139.3768059015274
28.458393454551697,138.30060654878616
28.71958726644516,136.61341273784637
29.035777151584625,136.9822228550911
35.9279767870903,137.6650232076645
262.46619188785553,223.83080810308456
716.8013835549355,179.10561645030975
1097.4516112804413,284.1033887267113
29.971810460090637,139.08318954706192
34.88202911615372,141.78497087955475
31.47624784708023,134.5427521467209
27.53444814682007,136.6325518488884
25.906642496585846,140.48235750198364
28.000833094120026,136.55416691303253
30.725130319595337,135.422869682312
26.54239171743393,119.40260827541351
14.59966629743576,116.64033371210098
28.712911367416382,133.58308863639832
185.34511148929596,209.46988850831985
608.9203407764435,232.7456592321396
73.55261892080307,225.48438107967377
492.79485589265823,220.1301441192627
963.5931218862534,220.92487812042236
29.614380955696106,138.21861904859543
28.91259104013443,138.8284089565277
28.91480028629303,138.5301997065544
33.15809267759323,136.30590730905533
29.23434031009674,140.6176596879959
28.03154307603836,137.6344569325447
36.497726798057556,144.00327318906784
34.22093206644058,139.77806794643402
31.13014417886734,136.4988558292389
32.05835801362991,140.49764198064804
-10.198419868946075,208.06841987371445
417.21078073978424,240.27121925354004
849.5649800300598,244.78701996803284
32.71519011259079,98.63680988550186
31.087386548519135,93.33861345052719
29.1995906829834,115.20740932226181
31.38778454065323,112.31621545553207
61.39000350236893,106.0369964838028
56.85420322418213,114.12679678201675
82.37540113925934,118.58759886026382
97.69262307882309,123.79037690162659
31.879420936107635,140.87957906723022
31.493620991706848,137.30337899923325
29.36483210325241,137.6531679034233
223.57102692127228,220.74397307634354
669.8692511320114,248.09374886751175
144.90847861766815,209.36952137947083
603.5396782159805,213.46032178401947
1032.6158789396286,253.7911210656166
28.377097725868225,138.4559022784233
31.360296070575714,134.91770392656326
37.65949589014053,98.28550410270691
28.809702455997467,91.17229753732681
23.58891123533249,106.83708876371384
24.351117849349976,114.79788213968277
44.7973570227623,117.72164297103882
41.576580286026,115.423419713974
58.50478744506836,113.53221255540848
93.41398763656616,119.88201236724854
135.17520314455032,236.39779686927795
581.1404319405556,243.89656805992126
269.12599635124207,239.59600365161896
713.6462043523788,219.53779566287994
1113.6853966116905,301.1296033859253
226.09976679086685,265.01123321056366
668.6759521961212,286.0280478000641
567.2701463103294,825.3038536906242
591.4753794670105,289.57962054014206
1039.9405753016472,307.50342470407486
28.572765827178955,135.13123416900635
28.685958325862885,136.14704167842865
31.09515780210495,137.20084220170975
30.54236388206482,135.14363610744476
30.487563133239746,137.40043687820435
28.600757360458374,134.25124263763428
27.010951936244965,135.60004806518555
29.45713520050049,135.69186478853226
29.607334434986115,140.07766556739807
29.42452996969223,138.7984700202942
194.57372909784317,260.64827090501785
646.816925406456,273.4980745911598
1094.4671026468277,292.86589735746384
26.284293174743652,134.29070681333542
28.41548252105713,134.97351747751236
26.76867151260376,131.00832849740982
27.56685382127762,137.41414618492126
25.477034986019135,132.98596501350403
28.6272194981575,132.261780500412
26.35040670633316,131.40759325027466
28.927596926689148,135.49840307235718
29.021790862083435,134.2182091474533
31.61597430706024,137.14202570915222
407.0811769962311,136.41782301664352
743.898389518261,231.87961047887802
28.4185950756073,137.91440492868423
26.272784173488617,132.39421582221985
1096.7379648685455,308.74403512477875
27.758156716823578,135.83384329080582
28.31534779071808,134.2586522102356
27.651538908481598,133.8484610915184
28.85672128200531,133.21727871894836
27.96992164850235,134.73307836055756
26.953106939792633,133.5838930606842
30.067296385765076,136.69270360469818
32.53249090909958,101.93050909042358
29.237691164016724,132.72530883550644
30.220882654190063,137.2421173453331
321.5370717048645,216.72092831134796
737.2442581057549,292.2197418808937
30.190461218357086,149.6995387673378
31.413681864738464,138.01231813430786
29.17488980293274,137.28811019659042
29.085086464881897,136.89691352844238
29.013283729553223,138.3207162618637
31.069486141204834,136.70751386880875
31.942691147327423,136.61230885982513
28.851889967918396,137.1471100449562
28.87308543920517,141.53491455316544
30.967279851436615,138.0517201423645
-17.45751667022705,184.43751668930054
314.4156869649887,235.36131304502487
776.5109140276909,249.80508595705032
32.08613169193268,138.13586831092834
29.885334849357605,136.30066514015198
28.275540232658386,135.13145977258682
28.62973862886429,136.7592613697052
29.09494298696518,136.90605700016022
30.44914698600769,136.12585300207138
29.117341578006744,135.80965840816498
28.563552975654602,137.45544701814651
26.39874142408371,134.93425858020782
28.104924142360687,135.35907584428787
30.347110748291016,86.91188925504684
350.55229902267456,226.24370098114014
807.2954990267754,101.37050098180771
232.29772806167603,249.7212719321251
655.5409620404243,297.6810379624367
1089.413244485855,297.9757555127144
51.434500336647034,158.06649965047836
43.454753279685974,155.24924671649933
48.75298237800598,149.89601761102676
40.21822816133499,149.61577183008194
53.14544981718063,153.92855018377304
47.2957284450531,152.44427156448364
49.223967492580414,143.12803250551224
42.00423443317413,145.34776556491852
42.59747529029846,143.08652472496033
56.91471469402313,155.84428530931473
48.06594705581665,266.8790529370308
476.8821784853935,266.80382150411606
908.2364238500595,279.24557614326477
48.66467893123627,146.96532106399536
47.887942135334015,142.76005786657333
41.6872153878212,142.12778460979462
50.707454442977905,149.5895455479622
45.153694689273834,141.14230531454086
50.00794440507889,145.32505559921265
39.491189420223236,141.00781059265137
52.27142494916916,148.34057503938675
48.53268998861313,146.04131001234055
46.922919392585754,143.29908061027527
48.55518865585327,144.926811337471
283.0574570298195,258.77554297447205
715.9487318396568,249.66326814889908
194.00598096847534,240.6240190267563
603.5642465353012,259.9547534584999
1038.028513610363,287.0644863843918
62.49276030063629,148.06123971939087
48.58901226520538,143.61498773097992
41.27628767490387,140.77971231937408
53.03651559352875,150.09348440170288
45.112749218940735,143.07225078344345
59.59600692987442,148.23599308729172
43.78428864479065,143.19771134853363
53.06353563070297,148.0104643702507
46.028821647167206,144.54517835378647
42.216044545173645,143.37595546245575
44.23627322912216,180.87472677230835
410.3875009417534,261.3904990553856
862.8887379169464,259.09326207637787
46.057002663612366,151.4979973435402
46.68924683332443,152.27375316619873
43.07952523231506,143.71647477149963
48.915760695934296,148.12223929166794
46.899009704589844,156.4529902935028
52.19726949930191,151.0247305035591
51.995494961738586,152.8935050368309
50.86873137950897,161.87326860427856
50.70397001504898,151.6660299897194
42.29822027683258,150.0727797150612
57.041455149650574,153.86654484272003
250.32074427604675,241.04925572872162
666.0999875664711,271.1950124502182
153.8432382941246,228.4717617034912
585.4384760260582,248.33952397108078
1014.3477119207382,270.8002880811691
49.40592563152313,149.11407434940338
38.70314705371857,149.27785295248032
49.68734550476074,152.38665449619293
45.725560784339905,151.6624392271042
52.89479750394821,147.75420248508453
52.00809806585312,154.1029019355774
55.19536346197128,152.30463653802872
42.0866157412529,144.59938424825668
47.01386833190918,149.8561316728592
42.12710529565811,146.92889469861984
18.5183527469635,239.92564725875854
425.9086397886276,250.03536021709442
848.7068893313408,274.9591106772423
256.17543989419937,266.5085601210594
699.2146196365356,291.35938036441803
30.494808554649353,155.37519145011902
26.46004855632782,136.24395143985748
37.05423653125763,139.1677634716034
26.05741983652115,132.96258014440536
27.465605795383453,133.9783942103386
30.726791381835938,139.53220862150192
26.48799443244934,140.1590055823326
29.064184844493866,136.15781515836716
29.30737841129303,135.35962158441544
30.92058426141739,138.22841572761536
-24.244216978549957,224.3922169804573
383.7389859557152,344.98301404714584
34.815274477005005,140.83272552490234
204.9464948773384,347.3485051393509
656.134680211544,254.6993197798729
1091.3398611545563,284.90113884210587
18.268046021461487,116.89895397424698
17.974230587482452,124.10076940059662
27.938422560691833,112.04257744550705
17.014617145061493,126.02238285541534
18.25780940055847,118.55719059705734
19.464017033576965,127.03698295354843
25.964225232601166,112.40477478504181
19.30041414499283,116.1255858540535
24.302611470222473,126.49438852071762
21.08180958032608,172.75119042396545
298.41803312301636,310.9339668750763
697.7532220482826,259.1537779569626
1096.1624745726585,290.8005254268646
29.27567058801651,131.8363294005394
33.11086177825928,135.1661382317543
26.964052855968475,132.36894714832306
31.244239330291748,132.0887606739998
29.172430455684662,132.54956954717636
30.67462295293808,133.900377035141
29.306816160678864,131.8601838350296
33.16000580787659,133.67399418354034
35.64419901371002,134.72680097818375
22.700405597686768,139.5765944123268
320.9996098279953,215.14839017391205
748.4278073310852,253.0911926627159
227.72598844766617,238.68201154470444
673.6911972761154,258.16080272197723
1074.3963969349861,314.06660306453705
16.398592233657837,122.638407766819
15.103791654109955,121.58120834827423
24.29098653793335,120.80201345682144
27.590178310871124,123.28082168102264
23.443372130393982,127.81562787294388
36.07457184791565,124.59142816066742
38.79877686500549,123.34822314977646
33.02298021316528,129.0510197877884
36.04418873786926,123.89981126785278
34.453413128852844,143.25058686733246
232.89962685108185,255.00737315416336
697.32783806324,224.1351619362831
1083.218052327633,301.484947681427
32.46126788854599,141.85373210906982
32.13047617673874,147.8145238161087
31.151688933372498,137.9603110551834
38.07888859510422,144.18011140823364
32.78509670495987,138.15990328788757
29.620302498340607,138.5836974978447
28.602495431900024,136.69350457191467
29.568691909313202,138.50630807876587
29.921890914440155,139.26310908794403
29.609110116958618,142.16788989305496
228.50030821561813,231.11069178581238
689.7055093050003,234.55249071121216
1079.8747119307518,293.3102880716324
36.932918310165405,140.92008167505264
1069.2861286997795,236.9358713030815
30.41733753681183,93.3046624660492
37.363545417785645,111.00645458698273
37.10675358772278,98.72624641656876
58.70195746421814,110.76104253530502
85.50017160177231,115.64782840013504
42.03939914703369,149.256600856781
44.726626455783844,151.810373544693
46.26583856344223,148.2711614370346
40.786057233810425,144.26994276046753
45.3062846660614,148.26771533489227
80.86451745033264,283.20948255062103
505.3657588362694,301.8012411594391
951.4419905543327,311.7990094423294
39.24122303724289,146.37077695131302
50.46447229385376,155.51652771234512
49.077749490737915,159.1262505054474
47.968997061252594,161.27200293540955
48.67529684305191,160.3437031507492
46.657541036605835,157.43445897102356
44.51179939508438,157.6722006201744
49.366054117679596,168.09594589471817
46.572325527668,153.44667446613312
49.72258049249649,154.4814195036888
53.68682533502579,156.97917467355728
308.26406836509705,265.3659316301346
747.5802916884422,285.1227083206177
46.6385173201561,148.12148267030716
44.21377009153366,151.26722991466522
1098.2530136704445,272.19098633527756
43.329242169857025,145.94875782728195
47.03549236059189,147.2615076303482
48.29675751924515,148.07324248552322
44.42801010608673,146.2019898891449
46.356269896030426,146.05173009634018
44.78353375196457,147.2904662489891
49.378796458244324,148.9362035393715
55.38107305765152,154.97092694044113
42.56837046146393,143.43162953853607
48.070620119571686,153.5223798751831
28.31384837627411,245.02015161514282
446.186081469059,284.24091851711273
882.6133290529251,293.9236709475517
39.22656935453415,147.58843064308167
45.67280435562134,156.29019564390182
54.19305056333542,153.5099494457245
42.52931189537048,149.37868809700012
50.364557921886444,152.30244207382202
49.36681628227234,151.65218371152878
47.7020508646965,155.01994913816452
47.44430589675903,152.85169410705566
46.07554668188095,165.55245333909988
46.1337873339653,146.90321266651154
39.83903467655182,156.5869653224945
268.4903087615967,272.1766912341118
706.0285696387291,284.6744303703308
53.36481046676636,156.76518952846527
47.403044044971466,150.9479559659958
199.4445275068283,159.94447249174118
46.85476177930832,145.34923821687698
47.39301127195358,147.4769887328148
52.11724275350571,150.41975724697113
54.841495513916016,153.78750449419022
52.97375530004501,149.60124468803406
50.60500103235245,149.96899896860123
52.81123399734497,150.00376600027084
52.16448003053665,151.64951997995377
52.16673159599304,148.5732684135437
56.40998750925064,239.49701249599457
429.0962709784508,291.6627290248871
863.8395249247551,294.41947507858276
49.52675712108612,153.23224288225174
59.63997703790665,142.24902296066284
49.60520279407501,147.616797208786
47.25543338060379,151.85556662082672
49.83166807889938,149.63233190774918
44.388893723487854,146.87010627985
43.44711583852768,144.86788415908813
121.5233787894249,116.62562119960785
33.007238149642944,138.0477618575096
31.65747219324112,137.02752780914307
-8.970318377017975,137.17431837320328
194.883882522583,254.95011746883392
633.478089928627,241.5399100780487
1047.628298163414,295.8537018299103
49.278557777404785,155.77744221687317
44.89181923866272,166.2191807627678
47.78206205368042,153.06893795728683
43.74729925394058,156.78970074653625
45.65653419494629,151.10146582126617
50.973774790763855,152.85922521352768
43.82803529500961,152.11696469783783
47.718276143074036,152.37372386455536
48.535530745983124,151.5014692544937
48.81477040052414,153.20322960615158
2.225024938583374,250.66397505998611
55.85731518268585,154.3836848139763
48.081572473049164,155.2704275250435
301.786816239357,265.4161837697029
743.8260351419449,292.1369648575783
43.606280624866486,153.0787193775177
50.607516050338745,153.6334839463234
43.73878526687622,156.53821474313736
51.44502919912338,152.01797080039978
47.835275292396545,154.71972465515137
50.98651558160782,155.1244844198227
49.6177613735199,154.69623863697052
47.65800338983536,152.28699660301208
49.27024668455124,154.6737533211708
46.883493542671204,157.76450645923615
46.79373449087143,152.57726550102234
163.1649830341339,247.16701698303223
573.0752840638161,271.0917159318924
990.2435487508774,291.5524512529373
45.15280270576477,147.49519729614258
41.340058505535126,149.25194150209427
48.769300520420074,149.15769946575165
46.36254692077637,147.37745308876038
42.180822253227234,147.59817773103714
50.330053985118866,151.11394602060318
51.66528236865997,155.14971762895584
50.35251533985138,153.40648466348648
50.35575258731842,155.03424739837646
52.337992548942566,154.34700745344162
5.433227479457855,217.36377251148224
54.9354704618454,153.69452953338623
7.251720726490021,136.30327928066254
305.253974378109,266.246025621891
736.9043005108833,265.243699491024
275.83543556928635,356.1095644235611
698.6706301569939,277.4223698377609
552.542841732502,844.1051582694054
25.656020939350128,133.2699790596962
31.343196511268616,133.93480348587036
25.790391325950623,135.65460866689682
29.90256780385971,132.26343220472336
29.626755833625793,132.59524416923523
29.276951372623444,131.9630486369133
29.150142669677734,134.22085732221603
32.26233649253845,134.10766351222992
29.820536375045776,133.6604636311531
1.8967289328575134,235.38227105140686
364.7499212026596,321.12007880210876
846.6411428451538,190.173857152462
-1.9686506986618042,120.0606507062912
-10.373443841934204,121.20644384622574
3.294745624065399,118.59325438737869
-6.758066952228546,118.86906695365906
-2.8488851189613342,119.49688512086868
2.282308518886566,120.34769147634506
10.470510601997375,115.78948938846588
5.453701198101044,117.87929880619049
7.714892327785492,118.23010766506195
9.161077201366425,116.61592280864716
34.977263152599335,265.89273685216904
20.146456599235535,123.07554340362549
22.87065351009369,89.88834649324417
317.0588462948799,348.58915370702744
786.2090307474136,252.3279692530632
32.96924966573715,139.03075033426285
28.934454441070557,137.63954555988312
27.99164617061615,142.5633538365364
29.438836753368378,144.21016323566437
30.848029494285583,143.428970515728
29.16422212123871,105.76177787780762
33.96344196796417,104.72255802154541
40.46567076444626,97.25732922554016
34.077891409397125,107.12610858678818
26.340100288391113,112.3828997015953
33.80429685115814,111.30670315027237
316.0464879870415,285.1375120282173
747.1416941285133,266.56230586767197
30.106893479824066,112.50410652160645
23.276087939739227,119.31691205501556
30.666294634342194,122.50070536136627
27.631507456302643,96.77649253606796
33.09672385454178,108.58827614784241
38.061927795410156,100.75307220220566
57.156118750572205,86.69588124752045
50.510316014289856,109.00868397951126
69.06753182411194,103.9694681763649
89.79175001382828,126.31924998760223
41.81352436542511,124.87247562408447
150.20371454954147,259.49928545951843
34.53891158103943,88.23908841609955
92.097108066082,205.95889192819595
558.2653245329857,230.88267546892166
968.7115151286125,276.56648486852646
78.97271847724915,87.54528152942657
56.58596110343933,104.00603890419006
119.44020402431488,128.4307959675789
36.16512495279312,134.72387504577637
8.68534129858017,117.31465870141983
0.13252824544906616,119.8304717540741
15.43071073293686,121.90228927135468
11.599895656108856,119.23510432243347
16.046081840991974,121.91691815853119
22.751327216625214,119.87767279148102
25.901785612106323,148.87621438503265
243.66299951076508,314.8930004835129
674.5172591805458,306.79774081707
1062.593737602234,195.8882623910904
35.53906983137131,137.01593017578125
45.321478843688965,117.3445211648941
32.28666239976883,133.0463376045227
40.58490705490112,127.78509294986725
25.124125123023987,160.153874874115
16.310347735881805,189.46665221452713
7.517549276351929,113.09345072507858
32.129743039608,107.44425696134567
33.224942445755005,104.46005755662918
61.17215806245804,233.93984192609787
44.932393193244934,93.17860680818558
52.8426793217659,135.88032066822052
391.454902112484,271.3040978908539
209.51503467559814,343.3179653286934
581.8312911391258,307.2047088742256
996.5365878939629,313.2034121155739
30.98378437757492,131.86821562051773
33.4119833111763,136.5880166888237
30.91317707300186,132.03082293272018
31.916375041007996,133.10262495279312
32.95557540655136,132.9154245853424
32.548783004283905,134.0612170100212
36.14398956298828,135.05901044607162
33.79419827461243,136.2428017258644
30.167400658130646,134.14859932661057
34.33579206466675,135.33120793104172
148.04198837280273,209.1990116238594
633.2841929197311,197.10480707883835
957.7303908467293,319.6586091518402
30.676580607891083,132.15641939640045
32.47578036785126,130.15421962738037
30.58898091316223,134.70801907777786
30.350172758102417,131.68782722949982
33.75936198234558,133.20363801717758
29.483552992343903,137.36844700574875
28.929741501808167,135.19925850629807
31.41292816400528,130.79007184505463
31.69313359260559,133.6038663983345
35.49153119325638,135.76846879720688
170.38271933794022,242.87728065252304
29.12489151954651,133.6711084842682
48.072071850299835,250.42892813682556
500.9992516040802,235.24074840545654
999.6494330763817,208.0355669260025
36.78062838315964,132.1633716225624
28.2278094291687,132.5871905684471
27.35899180173874,132.2890082001686
28.306171774864197,133.30482822656631
29.641351759433746,132.74864822626114
30.735551059246063,133.28344893455505
32.09190905094147,81.29709094762802
38.075086772441864,91.46191322803497
153.57950669527054,228.88449329137802
597.8957281112671,255.3082718849182
1031.3429245352745,247.13907545804977
81.01111853122711,117.04388147592545
85.03232479095459,111.0616751909256
105.94054698944092,108.1704530119896
33.98034185171127,133.51865816116333
31.593543231487274,132.83245676755905
33.59574431180954,132.88525569438934
32.19095051288605,134.88404947519302
30.37715357542038,133.17884641885757
31.731355905532837,132.78664410114288
30.048553228378296,132.3584467768669
-19.39424639940262,181.83924639225006
358.86695408821106,261.5030459165573
39.18415439128876,135.7788456082344
301.0563727617264,250.99862724542618
741.613573551178,266.3674264550209
41.893767297267914,115.75423270463943
56.89496427774429,111.75203573703766
36.0271515250206,113.54684847593307
44.67735642194748,116.97064357995987
77.84657979011536,115.37542021274567
71.95978307723999,114.17021691799164
44.71998828649521,143.03801172971725
46.01922261714935,147.7217773795128
42.817451894283295,142.5895481109619
46.15367901325226,146.75532096624374
46.636895298957825,155.01210469007492
233.5831183195114,286.1208816766739
678.6773457527161,291.9896542429924
1119.864598274231,301.04340171813965
57.69991588592529,153.87308412790298
45.10915219783783,146.0208477973938
44.740361750125885,144.18463826179504
54.298572301864624,154.90442770719528
46.05980598926544,155.64319401979446
61.34005957841873,154.80794042348862
52.63837295770645,152.6206270456314
50.733642637729645,149.4153573513031
51.08688098192215,151.39411902427673
45.16311138868332,161.8558886051178
70.1653436422348,291.0196563601494
504.53758174180984,304.25941824913025
927.2618165612221,338.68318343162537
414.5790275335312,309.8099724650383
857.9142468571663,326.93775314092636
56.87948256731033,171.41651743650436
54.084767282009125,159.08123272657394
109.30906748771667,116.61693251132965
30.31186032295227,136.07713967561722
33.40704959630966,104.64895039796829
30.352239787578583,95.85076022148132
51.947431564331055,109.16356843709946
61.338640332221985,105.31035965681076
78.1918368935585,104.17816311120987
77.06506556272507,118.02793443202972
49.38127821683884,103.80372178554535
216.14248305559158,259.3385169506073
270.20198184251785,347.39001816511154
696.629158616066,280.90784138441086
1104.483365535736,302.85063445568085
30.355557918548584,130.99644207954407
31.69074183702469,132.88325816392899
37.80394321680069,131.91805678606033
30.82515299320221,132.71184700727463
34.06733828783035,131.93266171216965
32.49555093050003,130.50444906949997
33.144754111766815,130.11324590444565
33.03695410490036,134.48204588890076
31.224145472049713,131.05485451221466
32.1883305311203,131.9046694636345
317.26451963186264,240.7724803686142
802.8777077198029,231.45529228448868
253.3799038529396,220.58309614658356
720.3260925412178,209.21090745925903
1105.6802757382393,294.7827242612839
126.57046037912369,111.16953963041306
55.20265179872513,117.00134819746017
83.24185967445374,111.42514032125473
93.55907762050629,126.97792237997055
44.00583875179291,101.51216125488281
11.489029586315155,117.71497040987015
10.695261895656586,114.74973809719086
50.32871890068054,100.09828114509583
74.68293505907059,95.9100649356842
78.72113585472107,200.8338641524315
504.27933317422867,252.4986668229103
1889.4295253753662,136.977474629879
77.09772765636444,86.2352723479271
73.09993141889572,91.71506857872009
60.6941454410553,95.87985455989838
79.32636380195618,85.32163619995117
70.90159857273102,97.65340143442154
67.34880727529526,112.02119272947311
67.86902725696564,113.20497274398804
85.26027059555054,83.79472941160202
90.5394898056984,103.51551020145416
96.87571036815643,123.23528963327408
323.95368468761444,263.1753153204918
766.3828918933868,246.1551080942154
595.847102701664,877.8758972883224
661.1083067059517,284.02069330215454
1082.3695195913315,279.2224804162979
40.61172103881836,108.16527897119522
56.132943868637085,110.47805613279343
51.820152282714844,114.30884772539139
78.72937142848969,107.6586285829544
103.45358663797379,107.49041336774826
54.65938138961792,130.09861862659454
35.829697489738464,131.07830250263214
35.294941544532776,134.15005844831467
35.70321875810623,133.4267812371254
37.816462218761444,132.14553779363632
43.485697865486145,119.42230212688446
318.1539849638939,268.40101504325867
757.0642552375793,288.1947447657585
1095.5286291837692,345.6933708190918
37.51283794641495,133.09916204214096
34.977058589458466,134.42994141578674
34.423315942287445,130.2236840724945
33.7965646982193,130.2044352889061
33.79879683256149,132.7022031545639
37.337033212184906,134.5699667930603
33.59824848175049,132.9937515258789
58.36045169830322,131.51054829359055
34.91778600215912,129.7852140069008
-11.024013221263885,132.8400132060051
124.18026292324066,277.22573709487915
536.887563586235,293.81743639707565
944.2957952022552,317.59320479631424
677.9090473651886,135.51695263385773
875.7813221812248,275.99567782878876
36.33962392807007,136.06837606430054
44.34083890914917,133.45516109466553
36.140078127384186,132.8419218659401
35.938284039497375,131.50571596622467
34.05148696899414,131.4855130314827
37.831687331199646,131.98331266641617
35.64789193868637,136.25910806655884
34.72409999370575,130.7199000120163
35.745349407196045,131.23665058612823
35.37657022476196,132.43842977285385
30.488846004009247,108.43615400791168
320.06510877609253,259.045891225338
748.0124036669731,279.3025963306427
1130.6626865267754,322.33731347322464
184.42824393510818,278.256756067276
624.3185133934021,291.51348662376404
1053.2288872599602,265.3641127347946
36.41608941555023,131.43591058254242
358.99230194091797,137.7666980624199
32.735533595085144,128.43146640062332
34.959732472896576,131.96726751327515
36.38692671060562,130.87207329273224
34.51812821626663,136.6108717918396
34.41033011674881,129.7946698665619
35.337531089782715,131.42146891355515
34.024736166000366,131.45626384019852
35.50794321298599,132.75105679035187
32.196139097213745,131.1378608942032
36.678327441215515,133.58067256212234
41.921540915966034,286.800459086895
499.23771864175797,325.6502813696861
1053.147910118103,219.20408987998962
31.187093675136566,132.14590632915497
31.63327407836914,142.8107259273529
30.209458827972412,134.12354117631912
30.748636662960052,131.4913633465767
32.54681694507599,132.30518305301666
31.16000360250473,129.91399639844894
30.180187344551086,133.3928126692772
31.81137055158615,130.09562945365906
33.258559346199036,130.5754406452179
35.92791175842285,132.70208823680878
86.94810497760773,291.84889501333237
529.0422882437706,310.01271176338196
1051.118480026722,257.1225199699402
30.71265810728073,130.76834189891815
32.06683820486069,136.97016179561615
33.699020981788635,130.98697900772095
32.51520627737045,135.37279373407364
30.924385905265808,131.89061409235
31.889559626579285,136.62944036722183
32.94673466682434,132.2932653427124
31.949917316436768,131.18008267879486
30.988122165203094,132.12187784910202
34.175316512584686,133.28668349981308
249.02950298786163,227.63649702072144
642.882699906826,294.59730011224747
102.05189108848572,298.5591089129448
568.4430782794952,278.8909217119217
1005.8152639865875,320.7217360138893
32.48445409536362,129.70054590702057
33.9306418299675,130.32835817337036
30.61682516336441,132.8821748495102
35.21200555562973,145.58399444818497
33.937193393707275,130.10080659389496
33.58737915754318,133.58062082529068
31.86555314064026,132.81844687461853
34.12773269414902,134.85426729917526
35.14791250228882,131.11108750104904
38.835105419158936,135.96089458465576
304.87430000305176,213.86669999361038
650.1174955368042,309.73450446128845
1088.6927039027214,345.3252961039543
30.880890011787415,129.342109978199
31.178064465522766,130.80293554067612
34.402242600917816,129.07875740528107
33.29343545436859,129.61356455087662
34.75862282514572,129.09337717294693
34.797813296318054,131.83218669891357
34.281003057956696,131.34899693727493
35.06119918823242,129.99480080604553
32.85939586162567,132.15960413217545
36.97258543968201,92.30541455745697
302.9747774004936,273.60022258758545
736.0319747328758,313.4680252671242
34.44219160079956,132.85480839014053
720.6473786234856,259.87062138319016
1125.0565605163574,282.9624394774437
229.96985268592834,306.01214730739594
650.4160543084145,346.50894570350647
1103.6962528824806,354.5997471213341
31.642436981201172,129.39456301927567
34.34862005710602,128.9663799405098
31.683808743953705,129.16819125413895
31.25998729467392,130.57301270961761
43.24418240785599,140.49781757593155
36.486420929431915,132.7175790667534
34.24661213159561,132.41838788986206
34.9167965054512,135.93620347976685
35.25199365615845,133.63700634241104
21.457184970378876,117.09781503677368
253.81138229370117,318.41061770915985
705.9045866131783,333.42841333150864
34.44477379322052,134.74022620916367
40.74196946620941,137.86803048849106
33.91119438409805,132.032805621624
31.876382410526276,131.1976175904274
31.100564897060394,129.65843510627747
32.788746774196625,130.97125321626663
34.86393415927887,135.65506583452225
35.25512033700943,136.1708796620369
32.64630538225174,134.76169461011887
38.72250837087631,132.33349162340164
39.07673054933548,132.23926943540573
335.2260087132454,237.94099128246307
713.2842804193497,319.03071957826614
161.85955107212067,299.7884489297867
563.5469067692757,318.4160932302475
987.6421698927879,335.1168301105499
36.514362812042236,131.0226371884346
36.10955512523651,133.33544486761093
36.12975287437439,129.77824711799622
33.98295044898987,133.64604955911636
34.2071430683136,130.32985693216324
34.41333359479904,129.1236664056778
33.414524137973785,129.3624758720398
33.39873814582825,131.06426185369492
36.066937029361725,131.19206297397614
67.97715377807617,116.5968462228775
133.16435372829437,312.9286462664604
587.5365431904793,307.1304568052292
1028.945733845234,333.12826615571976
33.3369083404541,131.59009164571762
33.02408057451248,130.91991943120956
32.618254363536835,128.2147456407547
33.56542992591858,130.78657007217407
33.67760896682739,128.04439103603363
33.99480128288269,132.74619871377945
34.90398210287094,130.57701790332794
32.11016005277634,126.9268399477005
35.11134207248688,130.83265793323517
63.94753211736679,121.95946788787842
287.4127326607704,270.6242673397064
671.7479141950607,341.2890858054161
581.3601171970367,899.5658828020096
602.2513347864151,323.11866521835327
1047.9575305581093,342.5974694490433
34.42272990942001,126.72627007961273
37.46092438697815,131.8900756239891
36.24112123250961,125.94387876987457
37.79831516742706,133.10868483781815
35.52350705862045,127.5324929356575
39.32070058584213,130.03029942512512
38.48991125822067,135.14008873701096
37.43612229824066,131.5258777141571
39.84631896018982,130.20968103408813
7.792515754699707,143.33748424053192
207.4417186975479,355.3542813062668
636.9819076061249,349.75909239053726
1085.7981118559837,350.9238881468773
40.91131287813187,131.58868712186813
38.913518130779266,127.69748187065125
38.452722012996674,132.0282779932022
37.657930850982666,132.47106915712357
36.64212852716446,128.5068714618683
38.144326627254486,130.93067336082458
36.08952194452286,132.3724780678749
37.51771765947342,131.77828234434128
36.464918434619904,128.9430815577507
56.1341387629509,125.34786123037338
286.4873424768448,350.2906575202942
679.9525408744812,291.80745911598206
1112.6207391619682,334.6202608346939
38.49294024705887,127.22905975580215
1037.2541186213493,130.15288138389587
35.68231213092804,130.0586878657341
36.406514167785645,131.88948583602905
39.53771936893463,130.92428064346313
34.539914548397064,130.2190854549408
34.46809995174408,128.34690004587173
35.89629000425339,131.4927099943161
33.75047469139099,130.15652531385422
33.177653431892395,182.0263465642929
37.25384449958801,137.59815549850464
-10.003949403762817,200.0769494175911
257.11027413606644,392.334725856781
698.6124657392502,283.92553424835205
1090.150678038597,331.08932197093964
34.652864158153534,126.99513584375381
34.41406571865082,130.06693428754807
33.28725439310074,128.30574560165405
35.80744844675064,128.85955154895782
41.71665447950363,127.37634551525116
32.644873440265656,130.78212654590607
35.1650527715683,128.4269472360611
34.70423847436905,125.239761531353
33.31742864847183,127.07157135009766
33.5786155462265,146.49538445472717
362.22880667448044,223.1971933245659
760.0639960169792,376.4540039896965
33.844206154346466,132.58179384469986
41.994416773319244,131.3395832180977
35.013635993003845,130.17036402225494
33.49782371520996,132.29817628860474
34.83301085233688,130.2409891486168
36.39020574092865,131.21979427337646
33.39239537715912,131.27360463142395
32.96860057115555,130.84539943933487
40.101011872291565,130.88098812103271
39.26921850442886,130.67478150129318
35.586406111717224,133.09959387779236
278.0695922970772,354.4854077100754
753.3317732214928,343.3542267680168
228.11094599962234,339.87105399370193
724.5201429128647,314.8878570795059
25.004348397254944,117.86665159463882
6.857635498046875,114.23536449670792
6.210874915122986,123.10312509536743
10.806074976921082,110.60092502832413
1.6792526245117188,117.59874737262726
2.551431357860565,112.33856862783432
34.682613492012024,131.55738651752472
32.572794675827026,118.4452053308487
22.408971428871155,152.70202857255936
43.52225798368454,135.79274201393127
34.7655154466629,132.99448454380035
222.28570318222046,333.9922968149185
663.1388800144196,346.86111998558044
1078.1040554642677,305.5999445319176
34.45822697877884,131.078773021698
60.40439981222153,93.26260018348694
37.868575155735016,136.1494248509407
49.667752146720886,89.48024785518646
68.89196461439133,110.29303538799286
95.060251891613,83.49474811553955
81.87745034694672,117.32654964923859
87.50965714454651,107.56534284353256
14.937385380268097,120.30361461639404
22.383564114570618,95.87443590164185
99.05274659395218,221.2252534031868
502.4249379038811,319.27806210517883
959.779134452343,279.46186554431915
437.9843357205391,292.45966428518295
871.024514734745,317.8094852566719
44.00670510530472,120.62229490280151
60.435910761356354,107.99108922481537
81.04811245203018,97.7288875579834
54.18031030893326,109.70868968963623
78.23751145601273,111.02148854732513
70.53571718931198,112.57528281211853
56.07492822408676,144.55507177114487
60.1142156124115,145.3857843875885
57.48645555973053,143.92154443264008
49.39570665359497,140.10429334640503
37.0639306306839,166.86206936836243
315.4562120437622,301.7667879462242
706.1425852775574,324.00541472435
1163.1829542517662,334.2440457344055
134.46660155057907,302.73739844560623
549.5988513827324,339.03214859962463
939.8972275257111,348.0847724676132
37.26941525936127,130.5085847377777
38.270597994327545,136.7654020190239
38.12478655576706,137.2452134490013
39.03397846221924,132.52102154493332
38.77717423439026,131.03782576322556
40.40836799144745,135.90663200616837
38.46658527851105,133.46041470766068
37.07977545261383,130.5502245426178
39.19196683168411,129.75203317403793
41.454169511795044,130.1948304772377
172.27037328481674,236.52562671899796
39.73557657003403,131.56042343378067
130.29280745983124,198.3551925420761
451.9070420861244,313.7049579024315
896.4262432456017,338.9437567591667
41.39243805408478,134.12656193971634
36.37564039230347,127.10635960102081
37.76683682203293,125.99316316843033
37.88003200292587,126.41696798801422
38.43621689081192,128.43378311395645
38.67940592765808,128.28359407186508
41.181602001190186,130.65139800310135
41.72080111503601,127.1871988773346
37.073994576931,126.74000543355942
38.391194343566895,129.53480565547943
81.15338015556335,298.86561983823776
440.1177781224251,326.048221886158
856.7310302257538,350.8429697751999
554.2703101634979,1053.2486898303032
36.2165510058403,134.80144900083542
35.3107585310936,130.3922414779663
35.7199392914772,130.35406070947647
35.685128808021545,129.1658712029457
36.33631354570389,129.79468643665314
34.48549312353134,129.0505068898201
34.099675476551056,130.8453245162964
38.87886381149292,129.39913618564606
40.140056788921356,131.6189432144165
65.2712527513504,312.89574724435806
403.82853204011917,337.70846796035767
24.75788128376007,143.26111871004105
262.3151465058327,324.62985348701477
695.1694122552872,336.84958773851395
569.3006721138954,875.6253278851509
38.76587814092636,130.41912186145782
35.120081543922424,128.95491844415665
36.47425997257233,129.80374002456665
36.67943722009659,131.58056277036667
35.033615708351135,128.3933842778206
35.75779992341995,133.0952000617981
37.49998092651367,130.83301907777786
36.928166806697845,138.64583319425583
36.892364621162415,126.5146353840828
46.72858065366745,127.79041934013367
370.74882459640503,236.64017540216446
698.2510839700699,340.60091602802277
572.4933624267578,876.2096375823021
39.53355258703232,130.1894474029541
39.49774843454361,129.94625157117844
39.832941710948944,130.09305828809738
40.24214220046997,131.34985780715942
38.33633762598038,129.1446623802185
37.061531603336334,128.32746839523315
37.50772303342819,127.30727696418762
38.86191654205322,130.7680834531784
71.30810856819153,129.76589143276215
22.03238934278488,99.1526106595993
207.62661814689636,356.16938185691833
651.6298896670341,347.2971103191376
564.7230874300003,868.8869125843048
586.0772913098335,349.68170869350433
1042.8574822545052,345.0125177502632
38.19267374277115,130.51132625341415
36.00986206531525,128.19413793087006
38.419050455093384,126.30294954776764
38.18024826049805,126.85675173997879
39.62644386291504,132.5215561389923
40.79464554786682,136.5193544626236
40.81584191322327,130.31415808200836
39.37403875589371,132.07096123695374
40.135231494903564,130.0327684879303
42.618637800216675,128.955362200737
157.63884472846985,297.620155274868
542.6041623353958,331.67383766174316
960.8644351959229,335.19056475162506
40.793634593486786,131.87336540222168
47.6838840842247,129.00111591815948
36.31612181663513,131.57287818193436
34.76231390237808,128.3116860985756
39.11649972200394,132.25350028276443
36.266703844070435,128.08529615402222
35.971890568733215,128.0461094379425
38.67807847261429,129.0999215245247
36.902276277542114,130.5057237148285
40.90347105264664,129.3185289502144
103.6466606259346,314.5383393764496
548.1488409638405,331.79615902900696
996.2070304751396,354.3859695196152
38.68922680616379,127.38377320766449
41.22842425107956,1247.7155757546425
38.58262985944748,128.26837015151978
42.13984394073486,136.24815607070923
38.45705670118332,140.32094329595566
37.366247832775116,127.31875216960907
37.813432931900024,128.74156707525253
37.722620725631714,131.46237927675247
38.52081257104874,127.77518743276596
47.041007936000824,133.8849920630455
46.969283640384674,131.86371636390686
44.78652250766754,135.5654774904251
65.52872455120087,384.0262754559517
523.7349016070366,268.9690983891487
973.736075937748,310.0959240794182
35.10924929380417,135.24275070428848
36.90742790699005,131.70357209444046
38.20561295747757,131.97938704490662
37.09680140018463,131.20019859075546
36.005979120731354,136.03102087974548
41.76716423034668,132.52883577346802
37.91740697622299,129.63859301805496
38.45559424161911,128.09840577840805
37.42078369855881,133.31921631097794
44.71997344493866,128.91002655029297
147.27717244625092,381.2598275542259
599.1313689351082,287.0356310606003
1001.5965525507927,358.94044744968414
35.875742077827454,133.3842579126358
36.63691908121109,131.6590809226036
36.58409297466278,130.786907017231
35.17727029323578,133.61772972345352
35.235443472862244,128.65355652570724
34.64561879634857,128.4283812046051
35.646793603897095,127.03820639848709
35.50096660852432,128.70203340053558
37.09615308046341,127.90484690666199
36.85635071992874,128.82864928245544
256.8035300374031,252.1974699497223
39.30571669340134,128.49028331041336
210.6408925652504,257.50810742378235
643.2540705800056,277.875929415226
1073.8662596940994,312.9667403101921
81.86845725774765,101.70554274320602
81.81567078828812,106.31432920694351
73.77987551689148,108.47912448644638
101.54109305143356,110.36590695381165
40.37686216831207,131.41913783550262
36.583057284355164,127.60194271802902
41.97425055503845,129.54474943876266
39.19845259189606,132.00554740428925
40.2376406788826,129.79935932159424
44.23984956741333,130.66815042495728
23.019064843654633,277.64693516492844
465.632260620594,288.9047393798828
918.0784738659859,294.43952614068985
49.04368060827255,132.36331939697266
40.842874467372894,77.10212552547455
39.02907586097717,87.19292414188385
40.77230924367905,100.93169075250626
37.736532270908356,102.411467730999
25.813720703125,105.5942792892456
50.49990791082382,102.94409209489822
80.42809349298477,94.88690650463104
50.09627324342728,105.14372676610947
73.93249201774597,105.30850797891617
41.63769167661667,265.5473083257675
482.8619005680084,286.4340994358063
885.2901152968407,333.8948847055435
332.92239183187485,323.9306081533432
783.6085848808289,336.48341512680054
51.55579149723053,138.59320849180222
60.35400253534317,141.75799745321274
53.46620601415634,135.62579399347305
51.67240244150162,133.69859755039215
65.41563618183136,143.78836381435394
57.1959285736084,265.93407142162323
52.84616839885712,135.39583158493042
53.922412514686584,143.59658747911453
57.55361819267273,143.8723818063736
46.537825524806976,130.46317446231842
39.09403830766678,109.05396169424057
262.7812762260437,346.014723777771
719.802487552166,333.7905124425888
225.43681263923645,260.1371873617172
622.7910045981407,336.004995405674
1063.8861991167068,340.50380086898804
41.73938691616058,124.31561309099197
37.92657196521759,125.01842802762985
38.59475255012512,125.31224745512009
37.85693562030792,124.47706437110901
40.451130509376526,127.95586949586868
39.06433016061783,124.02866983413696
37.65851557254791,123.56348443031311
37.36470115184784,127.8762988448143
36.79288351535797,126.81911647319794
38.03506600856781,81.05693399906158
281.8512821793556,267.83371782302856
9.409487009048462,132.1465129852295
242.02267080545425,263.8293291926384
822.5428554415703,134.38314455747604
1060.045060813427,358.99193918704987
37.60224515199661,129.4157548546791
38.6044282913208,124.17357170581818
37.05160653591156,124.7083934545517
38.21978825330734,126.66921174526215
38.14797532558441,131.44502466917038
39.90917086601257,139.1648291349411
38.74436581134796,126.82963418960571
39.11655557155609,126.5684444308281
39.581744849681854,131.5672551393509
42.17592853307724,81.73107147216797
291.512149810791,273.3958501815796
708.2363384366035,331.9316615462303
577.2935284376144,884.1694715619087
41.091771721839905,126.94522827863693
40.76096898317337,130.1100310087204
39.984164118766785,129.47883588075638
38.542354583740234,129.6976454257965
39.24753522872925,127.25246477127075
40.582719802856445,126.73128020763397
40.60390090942383,126.69309908151627
39.21708416938782,128.56091582775116
44.99627727270126,130.6507227420807
41.36947125196457,236.48252874612808
328.48164570331573,303.59135431051254
801.576823413372,315.90517657995224
42.63504230976105,132.38395768404007
727.2662235498428,431.270776450634
580.1574113965034,924.7505885958672
38.30765050649643,137.26734948158264
40.271841287612915,128.76515871286392
44.03403830528259,135.63296169042587
43.720260977745056,130.9277390241623
37.148463666439056,131.14853632450104
37.59464579820633,129.16435420513153
40.2638179063797,127.40318208932877
39.50700360536575,130.3449963927269
38.13819098472595,127.36180901527405
7.621377766132355,158.0456222295761
318.93856912851334,298.26543086767197
773.7727490067482,323.65225100517273
41.16393917798996,127.55806082487106
10.889135420322418,114.86986458301544
8.298325777053833,108.5356742143631
48.53655618429184,110.42644381523132
43.68436014652252,124.88963985443115
58.315161406993866,106.09283858537674
47.055962443351746,124.74003756046295
49.09374761581421,128.7022523880005
42.03853839635849,133.20146161317825
43.13231295347214,121.88568705320358
25.466086387634277,166.25591361522675
349.0038584470749,334.4781415462494
812.9116411805153,357.6993588209152
49.98642861843109,126.95857137441635
44.80123782157898,82.58676218986511
45.358037650585175,104.64196234941483
64.82183474302292,95.54816526174545
83.19263178110123,94.69636821746826
79.69242602586746,99.41757398843765
81.009226500988,106.38077348470688
95.9350261092186,113.45397388935089
87.5658255815506,112.4341744184494
94.10261619091034,100.78538382053375
71.54749876260757,140.729501247406
70.12339568138123,96.87660431861877
51.66021811962128,102.83978188037872
206.45722323656082,273.20977675914764
641.8840904831886,292.2449095249176
1063.367055594921,277.70694440603256
47.99772173166275,121.13227826356888
47.77661204338074,121.29738795757294
54.75846004486084,123.33453994989395
45.83333116769791,124.25966882705688
45.05511945486069,122.59188055992126
45.92693829536438,119.73906171321869
39.31673318147659,98.86926680803299
12.797559142112732,104.94244086742401
52.70636820793152,122.14563179016113
34.54021954536438,234.51478046178818
488.31901037693024,276.16298961639404
843.0049259066582,314.180074095726
42.20972603559494,123.4392739534378
55.00555104017258,120.23544895648956
42.17342531681061,123.91957467794418
44.285213589668274,120.73378640413284
46.322013795375824,122.97398620843887
45.155821084976196,122.25117892026901
51.71262174844742,123.62037825584412
44.398437678813934,121.41656231880188
45.621234476566315,121.32276552915573
44.844031035900116,122.09996896982193
31.344826817512512,185.95117318630219
44.41961979866028,123.93238019943237
67.05040848255157,91.76459151506424
284.73529106378555,256.6347089409828
716.3841658830643,284.466834127903
523.9769761562347,911.4670238494873
42.86675953865051,123.68824046850204
44.108539044857025,122.1144609451294
40.164322674274445,122.63167732954025
45.61009764671326,121.3539023399353
45.36988008022308,125.39011991024017
40.42566865682602,122.64833134412766
42.777447044849396,122.99955296516418
42.83422136306763,123.295778632164
43.333995938301086,123.81300401687622
-5.479223728179932,157.5532237291336
308.35455441474915,298.0704455971718
754.4293278455734,318.0706721544266
46.55909991264343,88.68190008401871
46.44888287782669,99.21811711788177
76.20867717266083,89.68032282590866
52.283468306064606,97.04953169822693
87.65525263547897,90.78974735736847
80.37704199552536,95.69595801830292
86.43383753299713,91.80716246366501
91.47163373231888,95.65836626291275
108.78643226623535,103.47256773710251
46.7508048415184,117.73019516468048
-4.100400686264038,122.45240068435669
168.36239981651306,318.06260019540787
606.9201992154121,313.89580076932907
83.19798648357391,332.414013504982
552.7717734575272,296.6902265548706
991.6805571317673,326.3194428682327
45.99534231424332,118.80065768957138
49.6621390581131,120.725860953331
46.40395241975784,66.8360475897789
45.053748309612274,66.11325168609619
64.49854427576065,91.87245571613312
49.44336557388306,83.53763443231583
44.666165828704834,82.59283417463303
47.42596524953842,93.27803474664688
71.4627760052681,95.48022401332855
58.316605389118195,96.40539461374283
103.3904013633728,268.8305986523628
556.0951875448227,287.4048124551773
986.7439883351326,318.4590116739273
106.05978506803513,97.88521492481232
47.00413638353348,124.69886362552643
44.245933175086975,121.34606683254242
46.709714114665985,121.99328589439392
48.72951656579971,125.10448342561722
45.377331376075745,127.04866862297058
44.489117085933685,124.88088291883469
46.415903091430664,74.01009690761566
47.74969232082367,75.56530767679214
43.73148798942566,75.78651201725006
48.491278290748596,186.2117217183113
385.60407799482346,309.89692199230194
805.566891014576,329.3771089911461
307.77167201042175,301.1543279886246
767.1974563002586,310.30254369974136
113.99425476789474,104.63474524021149
42.71864193677902,153.8933580517769
44.97842425107956,139.70657575130463
42.94120514392853,122.52179485559464
45.75698286294937,119.65001714229584
61.77677911520004,81.6682208776474
102.96157711744308,81.76042288541794
68.44340723752975,109.05559277534485
116.16720342636108,101.53679656982422
66.59301829338074,134.22098171710968
59.98287916183472,129.9431208372116
57.74371999502182,329.9052799940109
478.0215829014778,349.92241710424423
876.4105032086372,363.99649679660797
132.76334446668625,96.3846555352211
46.06075990200043,120.73524010181427
45.41355097293854,119.97544902563095
48.41433662176132,120.23466336727142
50.78512912988663,121.15987086296082
51.2679169178009,119.99208307266235
46.26770758628845,118.97329241037369
47.30549913644791,120.82450085878372
47.69530290365219,81.02669709920883
34.08410543203354,96.43389457464218
30.325902998447418,112.34109699726105
278.7706935405731,325.89630645513535
725.7344896793365,332.2285103201866
93.04929119348526,109.22770881652832
637.4951111674309,370.6718888282776
1003.9030604362488,396.1699395775795
62.71891361474991,142.70708638429642
65.79375386238098,139.16924613714218
63.70157307386398,134.03942692279816
65.31339794397354,135.46460205316544
64.42523956298828,140.6677604317665
68.83308720588684,138.96391278505325
71.53794157505035,147.46205842494965
66.20479214191437,139.165207862854
71.18765956163406,147.0723404288292
61.65055412054062,133.84844589233398
74.50342154502869,217.94057846069336
358.24527394771576,360.75572603940964
776.0601382255554,357.21786177158356
67.74597883224487,141.34702116250992
69.48783075809479,137.66016924381256
72.33968657255173,150.21531343460083
61.28456383943558,152.14143615961075
63.97038906812668,146.603610932827
115.00821191072464,101.30578809976578
22.26961237192154,104.78638762235641
43.95597892999649,121.52602106332779
45.78976231813431,125.00623768568039
169.29055392742157,283.33944606781006
560.5503576993942,309.856642305851
1054.4771484136581,286.70885157585144
510.77394008636475,311.8740599155426
941.3297357559204,316.7992642521858
103.44153583049774,101.87346416711807
66.60834020376205,146.89165979623795
64.23923462629318,137.55676537752151
63.277090430259705,137.6309095621109
69.83393013477325,151.00006985664368
66.63076364994049,143.38823634386063
62.92659318447113,142.57340681552887
61.20542699098587,139.01657301187515
60.28026109933853,131.57073891162872
63.30008900165558,142.36791098117828
64.09691309928894,162.8480868935585
301.26378870010376,323.62521129846573
706.2826886177063,361.0323113799095
610.3575277924538,883.7164722084999
65.45140963792801,134.99359035491943
68.45226234197617,141.10473763942719
72.34212642908096,145.47387355566025
128.58198976516724,106.49101024866104
52.76941376924515,129.15658622980118
45.992223620414734,131.1377763748169
44.78901869058609,123.32198131084442
52.8825700879097,89.67242991924286
79.3093763589859,94.96862363815308
24.587198197841644,310.41180181503296
477.5879958868027,305.708004117012
913.7367948889732,314.8742051124573
50.87119859457016,122.85180139541626
46.835187554359436,124.05481243133545
14.909971237182617,343.8870287537575
474.16876912117004,365.553230881691
915.3365381360054,398.8674618601799
44.05931091308594,116.03368908166885
44.356090664863586,118.71790933609009
47.72687488794327,117.45812511444092
44.39466863870621,119.12433135509491
45.912446439266205,118.67855352163315
45.840231120586395,114.90076887607574
48.74801689386368,117.54898309707642
45.433811485767365,116.80718851089478
42.82259404659271,120.93540596961975
47.39756840467453,122.54643160104752
94.89834803342819,396.23065197467804
495.02817130088806,335.9148287177086
998.8819610476494,292.3030389547348
44.75173908472061,118.4512609243393
43.456521451473236,115.67347854375839
46.03129869699478,119.26470130681992
48.4770792722702,122.15292072296143
44.179857313632965,117.89314270019531
48.25564408302307,120.70835590362549
44.14445585012436,119.18854415416718
46.07224130630493,120.68775868415833
48.35002422332764,117.40997576713562
50.12797224521637,120.0380277633667
129.83276045322418,353.11123955249786
470.01853770017624,371.741462290287
30.07432895898819,398.16567105054855
447.9271083474159,316.83189165592194
871.5198993086815,360.1461006999016
43.59467548131943,119.47932451963425
42.465451419353485,117.33054858446121
43.33723187446594,119.1077681183815
46.449034571647644,125.42196542024612
43.09781765937805,120.5511823296547
47.356591284275055,122.68040871620178
45.302377581596375,123.30862241983414
46.91416972875595,121.90083026885986
44.58095383644104,120.27104616165161
46.211815893650055,119.49218410253525
79.4526007771492,391.41739922761917
560.2673827409744,344.7506172657013
1023.8051618337631,256.3238381743431
44.305944204330444,119.10105580091476
48.139719903469086,121.67528009414673
47.789515018463135,125.19248497486115
46.78931921720505,119.43268078565598
47.1051390171051,120.87586098909378
46.679927825927734,118.07907217741013
45.73573511838913,119.87526488304138
46.254536151885986,118.59746384620667
41.82932597398758,117.6516740322113
9.126121520996094,123.68787848949432
94.1830542087555,335.927945792675
495.5539048910141,397.98309510946274
939.9067630171776,387.22223699092865
374.12955272197723,397.3154472708702
846.8894181251526,376.03658187389374
46.92736619710922,121.96163380146027
47.298224210739136,118.31277579069138
46.3360710144043,119.40492898225784
46.299931824207306,121.404068171978
48.92972719669342,124.40327280759811
46.37451648712158,118.29148352146149
47.04231280088425,79.58768719434738
46.301129758358,132.64287024736404
62.302918791770935,106.04908120632172
46.00770628452301,133.4192937016487
15.45253849029541,153.1584615111351
259.4713395833969,308.08466041088104
675.7131186723709,328.73288130760193
1121.5459051132202,375.52709490060806
45.95468896627426,70.36031103134155
86.04747277498245,77.17452722787857
67.03027135133743,98.15472865104675
85.58607214689255,111.37692785263062
100.86387717723846,104.54312282800674
64.54968458414078,140.5233154296875
67.47655791044235,139.9674420952797
77.16244125366211,144.11455875635147
67.47830957174301,136.1336904168129
69.31217628717422,140.09482371807098
102.62702012062073,327.390979886055
516.794883787632,339.0941162109375
89.53677380084991,1182.1672261953354
73.18480604887009,139.0921939611435
1238.2046616077423,109.83233839273453
71.39052253961563,111.16447746753693
61.68735885620117,126.8866411447525
61.42918682098389,132.73781317472458
64.96700263023376,132.73799735307693
59.02282387018204,128.44117611646652
62.37564837932587,130.4023516178131
61.63548219203949,132.08751779794693
67.87631982564926,135.1976801753044
69.80218523740768,131.53081476688385
66.98901468515396,128.62198531627655
24.5258486866951,139.23315131664276
176.4906804561615,350.84331953525543
613.5835036635399,397.6024963259697
1060.010333776474,392.767666220665
68.80717718601227,136.84082281589508
67.71504259109497,135.5439574122429
63.86387002468109,127.71012997627258
61.068700551986694,130.4322994351387
60.032528817653656,127.44947117567062
64.60636085271835,129.9496391415596
65.07021033763885,132.6897896528244
66.20003640651703,128.8369635939598
62.31186234951019,137.50313764810562
66.84970480203629,137.37229520082474
40.96157640218735,326.6684235930443
449.53641241788864,398.87058758735657
894.0362411141396,366.0367588996887
66.46307826042175,145.6849217414856
781.7239257097244,379.6840742826462
69.14976966381073,132.64623034000397
74.83562004566193,135.33137995004654
72.07749170064926,140.12550830841064
65.31931990385056,136.92268007993698
64.39316463470459,128.03183537721634
69.41299420595169,132.43900579214096
70.50582468509674,126.75317531824112
69.9686786532402,133.99332135915756
66.24852526187897,139.75147473812103
67.19335716962814,135.0666428208351
66.82321500778198,127.954784989357
168.56507968902588,361.9909203052521
595.157899916172,368.6571000814438
1042.5657254457474,379.1382745504379
67.69656580686569,135.2114341855049
64.53041005134583,126.8955899477005
69.58626317977905,133.6727368235588
81.90213745832443,134.6158625483513
74.0320400595665,137.92995995283127
65.64387375116348,133.46612626314163
65.16269338130951,130.6323066353798
66.25650691986084,132.72449308633804
69.05333495140076,133.37266504764557
61.62816631793976,136.4268336892128
64.09200298786163,269.1489970088005
425.22182923555374,359.27817076444626
863.2406734824181,373.9063265323639
71.48254978656769,138.38745021820068
64.68738108873367,133.60961890220642
59.65122836828232,126.44177162647247
65.4290559887886,131.90494400262833
66.74487096071243,135.60712903738022
63.37467700242996,136.82832300662994
71.87450367212296,136.8654963374138
70.04337501525879,137.2536249756813
116.37618780136108,94.67881220579147
51.284594893455505,120.25140511989594
46.3783945441246,120.04760545492172
45.45317333936691,117.62082666158676
10.416954040527344,119.06504595279694
139.046730697155,289.3232693076134
585.8255032300949,325.8604967594147
1047.474299609661,297.48870038986206
70.4740954041481,96.41490459442139
74.78987735509872,100.91312265396118
74.17965769767761,89.39534229040146
84.84646964073181,101.02353036403656
81.79126930236816,100.70773071050644
80.0700671672821,96.6339328289032
98.19988518953323,94.68811482191086
120.05270481109619,94.07629519701004
73.70151054859161,139.2244894504547
59.38736176490784,128.50163823366165
44.03718453645706,338.2408154606819
477.0190130472183,371.8149869441986
916.778846681118,380.70315331220627
61.5756693482399,137.0353306531906
59.298502683639526,127.64649730920792
56.96531331539154,128.08968669176102
77.04113501310349,136.4598649740219
64.24501460790634,131.14398539066315
64.78185707330704,132.4581429362297
102.82070064544678,101.34629935026169
62.413534581661224,129.66146540641785
69.26637870073318,128.5116212964058
73.46923404932022,133.47376590967178
71.26810050010681,139.1398994922638
64.34194880723953,128.82405120134354
59.0457860827446,126.93521392345428
192.10263395309448,370.2673660516739
632.5664686560631,370.7295313477516
1080.8072999119759,384.71070009469986
67.45613294839859,130.45186704397202
68.91997599601746,132.06102401018143
65.17983293533325,131.52416706085205
75.38468259572983,136.09731739759445
76.18154233694077,133.689457654953
65.27438068389893,133.9666193127632
64.49722802639008,129.70577198266983
68.9420518875122,131.72494810819626
69.44289118051529,132.539108812809
68.98072803020477,134.7042719721794
24.814589262008667,349.4444107413292
460.46442770957947,362.53657227754593
887.1122682094574,387.1657317876816
62.780086636543274,135.01691335439682
63.39190977811813,126.07109022140503
61.96574240922928,130.4042575955391
62.61557024717331,127.45942974090576
63.78239434957504,128.42060565948486
60.8012256026268,127.84677439928055
74.35805952548981,139.03094047307968
64.30192625522614,129.47507375478745
64.21074295043945,131.90025705099106
63.37757444381714,130.9744255542755
70.45340353250504,160.39859646558762
65.12024587392807,129.00875413417816
43.89809322357178,137.91590678691864
182.6220350265503,351.84196496009827
605.1778827309608,392.2661172747612
1041.2897326350212,382.48826736211777
62.84557384252548,129.7464261651039
60.60540568828583,123.67159432172775
57.43922871351242,122.81977128982544
62.421048164367676,125.42995184659958
60.36686813831329,124.17013186216354
57.83067727088928,125.0583227276802
74.68251365423203,134.52048635482788
63.8133841753006,124.20561581850052
61.85122853517532,125.68577146530151
61.147060334682465,120.44493967294693
40.96289426088333,358.2401057481766
465.51972872018814,375.09127128124237
901.0205925703049,373.72040742635727
85.53849405050278,135.2745059132576
67.50235193967819,129.86664807796478
68.68921029567719,132.68178969621658
65.83803623914719,133.36596375703812
62.9488587975502,130.18014121055603
56.26466977596283,125.34633022546768
61.91347396373749,136.45652604103088
61.599281668663025,130.27071833610535
60.026088893413544,124.6219111084938
76.30491310358047,137.6770868897438
66.37976920604706,164.01023077964783
312.41658914089203,364.13841086626053
113.69450008869171,103.93349993228912
40.10386919975281,355.8961308002472
501.32667887210846,361.8403211236
965.9384779334068,352.82052206993103
52.42028069496155,114.76471930742264
50.625092804431915,117.96790719032288
58.06989145278931,116.3371085524559
50.66369765996933,116.39230233430862
49.664520263671875,120.24347972869873
49.07231140136719,121.26068860292435
49.1651086807251,115.61289131641388
49.20290672779083,115.3350932598114
48.07370322942734,114.9632967710495
53.093501329422,116.96249866485596
57.63131004571915,331.36968994140625
491.66810661554337,366.7948933839798
945.8729029893875,363.3500970005989
50.9286989569664,81.18230104446411
51.37349730730057,82.7005026936531
52.744294703006744,80.49570530653
47.0971040725708,104.38389593362808
53.72694605588913,101.88405394554138
60.93174797296524,103.84625202417374
72.96956026554108,95.0124397277832
64.71037065982819,95.88162934780121
87.95216178894043,92.3808382153511
82.91595697402954,95.14004302024841
46.24975401163101,336.23124599456787
461.4905486702919,363.02845138311386
84.4173686504364,206.24963134527206
321.41827034950256,383.8227296471596
746.5851172804832,414.043882727623
61.066960752010345,127.11703926324844
64.17977803945541,141.19022196531296
67.31059968471527,138.1534003019333
68.71742194890976,154.1335780620575
81.38525420427322,154.0407457947731
75.36814475059509,149.70685523748398
130.776032269001,105.1319677233696
49.62844371795654,122.8165562748909
49.666229486465454,121.61177051067352
51.037013471126556,116.90698653459549
50.68581533432007,106.7771846652031
86.98361611366272,299.2203838825226
173.2624707221985,333.97852927446365
703.6522517800331,414.40374821424484
1028.5780746340752,395.32892537117004
32.801868319511414,101.38413166999817
34.764654994010925,97.80934500694275
36.83943682909012,102.01256316900253
59.02521425485611,98.8827857375145
64.91398960351944,100.40001040697098
66.58177530765533,102.38122469186783
54.8055602312088,79.51043975353241
49.4533371925354,71.00966280698776
51.17711693048477,96.52688306570053
48.157897770404816,66.80510222911835
152.01096165180206,327.50803834199905
590.6227375864983,357.60026240348816
83.82751113176346,342.39548885822296
532.4752774834633,350.04272252321243
1015.6430813074112,329.89391869306564
79.99589151144028,91.7831084728241
95.7557018995285,73.98529809713364
86.07053911685944,73.54046088457108
103.10833656787872,101.07666343450546
98.23914456367493,106.29785543680191
110.33195370435715,100.87204629182816
144.57277882099152,105.55622118711472
48.42624670267105,117.29575330018997
48.96502411365509,117.60997587442398
51.057804107666016,63.924195885658264
52.631594717502594,112.33040529489517
314.0213830471039,314.8866169452667
769.7261717319489,332.4408282637596
605.4489675164223,929.1990324854851
145.32426589727402,366.63873410224915
605.0660528540611,376.2669471502304
1051.954846739769,384.08215326070786
536.9736413955688,360.0443586111069
972.9924373030663,400.3395627140999
49.78922647237778,115.67277354001999
46.99401479959488,114.74698519706726
47.16179805994034,116.13520193099976
52.08758908510208,115.61541092395782
50.10738879442215,119.85561120510101
50.182182013988495,113.74481803178787
49.422982811927795,118.41001719236374
48.44278413057327,115.70621585845947
51.29456490278244,114.1494351029396
5.9993574023246765,167.81564259529114
180.9441512823105,321.7218487262726
560.1679372787476,391.5730627179146
1079.1857367157936,343.9242632985115
52.55752581357956,116.44247418642044
51.70632046461105,117.27467954158783
49.44810247421265,114.62689751386642
48.169888854026794,116.08911114931107
47.70767319202423,114.79232680797577
48.35645925998688,116.14354074001312
50.26424705982208,115.30975294113159
50.71006768941879,116.84593230485916
47.96885907649994,118.04914093017578
131.59964275360107,97.1783572435379
166.15542674064636,340.04857325553894
610.8972171545029,383.7697828412056
1048.2680087089539,397.1949912905693
49.823796808719635,115.8052031993866
976.8615929484367,115.54540705680847
49.43739378452301,114.10060620307922
49.864195585250854,121.52580440044403
48.067992091178894,113.34000790119171
50.623779118061066,117.82122087478638
49.661570489406586,120.7274295091629
49.43935942649841,114.11564058065414
48.97816997766495,117.80083000659943
21.75596433877945,251.72503566741943
49.31179356575012,116.78020644187927
51.16462975740433,122.50137025117874
160.7944739460945,393.64952605962753
552.6472644209862,328.9087355732918
981.759065747261,373.3889342546463
17.370850384235382,97.98114961385727
27.056632459163666,92.7023675441742
17.26141369342804,100.36958628892899
25.28019219636917,98.18380779027939
21.890981793403625,99.0340182185173
27.095777809619904,91.9042221903801
49.41159439086914,116.14440560340881
50.04218637943268,115.34581363201141
50.08006817102432,120.97493183612823
153.1178526878357,401.6601473093033
514.488741338253,371.19625866413116
896.8966062068939,410.78839379549026
49.06339734792709,120.41760265827179
51.083192348480225,116.78680765628815
50.91798555850983,118.69401443004608
50.67778193950653,115.80421805381775
49.67760366201401,117.2303963303566
50.234394788742065,117.37660521268845
50.75319242477417,119.02480757236481
49.86399269104004,116.33900731801987
47.66180634498596,118.07919365167618
4.069599270820618,118.28240072727203
78.95844656229019,398.87355345487595
503.4033278822899,409.46567207574844
79.66419756412506,276.26180243492126
385.79509431123734,397.6689056754112
770.3139339089394,365.29706609249115
51.462733685970306,117.46326631307602
51.49953418970108,114.18446582555771
49.019333481788635,112.64766651391983
51.31612312793732,113.66487687826157
53.90892267227173,113.8120773434639
50.1877201795578,115.40527981519699
48.61451184749603,111.73748815059662
50.13329929113388,112.75570070743561
53.22713083028793,133.34786915779114
54.63398838043213,114.40201163291931
4.968788743019104,189.51321125030518
318.3765680193901,446.6234319806099
756.7103531360626,372.65964686870575
48.74813532829285,119.64086467027664
48.229914367198944,113.36208564043045
52.93470907211304,111.97329092025757
48.58350998163223,112.28749001026154
48.76929843425751,114.47170156240463
48.715086221694946,111.9339137673378
47.91887408494949,112.56212592124939
48.1036639213562,116.04433608055115
52.16044634580612,66.22855365276337
18.27222967147827,100.91277033090591
48.97600793838501,305.59699207544327
403.2918179631233,332.48618203401566
884.348633825779,301.87336617708206
287.959460914135,333.5955390930176
745.9422513246536,337.72474867105484
53.86907684803009,124.2239231467247
52.05386692285538,124.4271330833435
53.25864911079407,121.35235089063644
56.314438819885254,124.50056117773056
54.66723680496216,126.99876320362091
51.964027881622314,130.09097212553024
50.55680948495865,130.16519051790237
53.37259256839752,125.88640743494034
46.669372498989105,84.64462751150131
78.65215462446213,81.21884536743164
64.50393813848495,141.79206186532974
317.412732899189,320.51326709985733
746.2645351886749,380.2354648113251
136.76534813642502,94.67865186929703
50.59973204135895,119.65926796197891
50.98951703310013,115.23348295688629
48.98930323123932,64.0286967754364
42.73108774423599,93.99091225862503
45.379898846149445,67.50810116529465
61.15869003534317,96.65630996227264
55.49250453710556,119.28549546003342
50.604315638542175,87.61768436431885
60.73509746789932,95.24790251255035
57.8088960647583,74.72810393571854
105.49472761154175,352.59727239608765
563.2735407948494,376.9304592013359
1003.2373673319817,373.2076326608658
136.01519817113876,116.946801841259
713.4426255226135,365.7063744664192
1103.7024330496788,428.83456695079803
49.962239027023315,116.96376097202301
49.09202820062637,121.4809718132019
50.648815870285034,115.36918413639069
64.51960629224777,73.62839370965958
76.98339867591858,90.68360131978989
75.59520196914673,102.88679802417755
68.46602249145508,95.1079775094986
100.11381858587265,93.55218142271042
101.13361012935638,95.12538987398148
70.76343375444412,72.7545662522316
243.02424800395966,345.327751994133
220.136727809906,405.1772722005844
649.0085118412971,449.01048815250397
50.342316687107086,114.39868330955505
51.231103360652924,110.45389664173126
51.17690062522888,122.43409937620163
52.06670820713043,112.8592917919159
51.73350375890732,115.13649624586105
52.03030049800873,113.56269949674606
49.17910045385361,115.32089954614639
52.234884321689606,114.41311568021774
52.3836732506752,115.65232676267624
49.662479758262634,114.967520236969
28.089275121688843,154.07772487401962
192.21908164024353,426.6879183650017
624.6828634738922,336.6511365175247
467.5546582341194,923.7793417572975
586.0914440155029,327.70455598831177
960.0362184047699,415.0557816028595
48.44503939151764,115.85196059942245
49.87081229686737,123.66618770360947
50.63160020112991,117.70239979028702
47.11339604854584,117.18360394239426
51.447172939777374,113.14582705497742
48.09596931934357,112.6630306839943
46.05878132581711,96.6442186832428
44.83755278587341,102.08844721317291
62.579339146614075,106.75366085767746
17.968140184879303,104.97585982084274
197.50592148303986,304.3450785279274
615.3037073016167,443.9752926826477
1050.9704869389534,387.1035130620003
84.78630650043488,72.23269349336624
135.0640984773636,78.76990151405334
128.71293532848358,86.50906467437744
107.08373028039932,115.71226972341537
113.3255455493927,106.6744544506073
64.17895144224167,164.85804855823517
50.697737991809845,158.2462620139122
55.23451918363571,158.09748083353043
54.17932140827179,67.93067860603333
98.79211640357971,93.30088359117508
132.18091106414795,305.22608894109726
331.9037480354309,384.7252519726753
768.9976789951324,378.91032099723816
189.20580238103867,434.33119761943817
581.742592394352,386.57140761613846
109.33638107776642,331.2006189227104
594.5041790604591,328.86682093143463
936.9299743771553,423.0510256290436
49.57876181602478,122.36523818969727
51.80154824256897,113.7724517583847
49.561333894729614,111.80866611003876
50.82112604379654,114.40087395906448
49.155914664268494,113.06708532571793
49.85871833562851,115.03028166294098
50.93450224399567,115.10249775648117
52.4902880191803,117.26871198415756
50.380082070827484,114.008917927742
56.91786789894104,119.73013210296631
107.76967924833298,374.26732075214386
555.9374805092812,389.803519487381
968.3452721238136,422.63672786951065
49.32704782485962,112.54295217990875
50.69783443212509,113.11616557836533
49.16161906719208,115.39438092708588
50.99540764093399,113.57759237289429
48.94019556045532,113.46680444478989
49.66398066282272,114.65201932191849
53.09077858924866,122.92822140455246
56.3125786781311,114.11242133378983
50.64737570285797,113.18662428855896
45.38816022872925,115.70483976602554
189.7599454522133,357.96305453777313
590.3157291412354,369.09227085113525
1020.0575278401375,410.9244721531868
542.8533217906952,523.4426782131195
977.3911044001579,395.2568956017494
47.669896841049194,113.51510316133499
48.63267111778259,116.34832888841629
48.115451753139496,116.12554824352264
49.61622804403305,117.10677194595337
49.043007254600525,116.62499272823334
49.209787249565125,113.40121275186539
52.15558165311813,115.03041833639145
49.52536791563034,117.03063207864761
50.76715236902237,115.43684762716293
38.804936707019806,114.93606328964233
183.7867130637169,465.2132869362831
662.8615044951439,327.619495511055
972.5473252534866,447.04467475414276
31.196114361286163,105.91488564014435
31.825896978378296,105.1741030216217
45.16145706176758,102.85754293203354
44.272271394729614,92.44972860813141
45.93905943632126,68.50494056940079
74.49584597349167,106.93015402555466
62.348658323287964,79.63334167003632
75.71945428848267,79.41054570674896
141.3312651515007,116.39073485136032
134.9063736796379,325.1866263151169
513.0362706184387,346.74172937870026
976.6670641303062,370.3889358639717
46.96284943819046,125.66615056991577
932.501654446125,323.09134554862976
79.00144124031067,109.072558760643
54.540223360061646,78.3127766251564
53.57705336809158,90.86694663763046
58.910863161087036,102.34813684225082
66.65265494585037,91.58834505081177
86.67244899272919,92.08755099773407
79.80227357149124,102.21672642230988
87.30307567119598,91.77192431688309
113.69188058376312,108.58611941337585
48.11924457550049,118.88075542449951
23.175017297267914,230.36098271608353
318.6947971582413,384.8612028360367
708.6395726799965,388.62042731046677
73.121348798275,75.04565119743347
69.95513647794724,84.00686353445053
95.77093070745468,71.76606929302216
128.34571826457977,85.69228172302246
69.0135246515274,132.2834753394127
71.40238469839096,126.33861529827118
72.71825951337814,137.48574048280716
71.01510000228882,129.67089998722076
84.84893137216568,134.225068628788
73.29478645324707,133.24321353435516
79.31264466047287,125.9453553557396
95.24053597450256,380.001464009285
511.6484034061432,405.20459657907486
936.5932667255402,415.11073327064514
74.50112354755402,139.23987644910812
82.00198948383331,131.702010512352
69.87288218736649,130.59011781215668
64.65069258213043,126.81230741739273
66.2624893784523,134.25551062822342
72.59729915857315,131.62470084428787
73.91312742233276,132.60687255859375
80.70999002456665,127.8460099697113
69.57989412546158,137.43810588121414
71.28472048044205,129.3272795677185
16.100555300712585,283.91844469308853
69.4343923330307,134.54660767316818
26.824217915534973,161.08378207683563
216.9540617465973,395.3239382505417
643.4359080195427,409.73109197616577
1095.4737496972084,388.76725029945374
69.36358630657196,130.34041368961334
79.16042578220367,128.3025742173195
69.01329779624939,119.22770220041275
65.95813030004501,124.00586968660355
63.75494521856308,120.20805478096008
72.05176323652267,122.74423676729202
72.29359531402588,123.85440468788147
71.57245302200317,124.65054696798325
72.68331682682037,130.24168318510056
71.22116005420685,126.76083993911743
53.70298856496811,407.4820114374161
489.7778021097183,422.79519790410995
926.2226206660271,419.0733793377876
74.42746537923813,163.86853462457657
74.42829179763794,122.44170820713043
77.00312793254852,119.53487205505371
71.59597873687744,129.51502126455307
79.5038411617279,132.7921588420868
78.87474256753922,130.88425743579865
76.11659055948257,134.58740943670273
90.83946013450623,145.14253985881805
76.32232016324997,127.36367982625961
72.56317108869553,126.28882890939713
75.73002916574478,157.69497084617615
76.9909200668335,127.99107992649078
40.97277784347534,123.37922215461731
147.8626008629799,391.37839913368225
584.0104290246964,395.2295709848404
1024.9002702236176,404.91372978687286
116.21611267328262,93.33988732099533
60.93948036432266,112.96851962804794
54.49531066417694,114.70768934488297
56.274110317230225,118.72588968276978
59.12691181898117,120.37308818101883
56.58972066640854,114.90927934646606
57.42351961135864,115.3164803981781
59.29531806707382,114.90868192911148
57.333117842674255,112.3148821592331
60.74091225862503,113.55608773231506
33.50072407722473,277.6282759308815
414.2425516843796,338.9624482989311
844.7613615989685,379.51663839817047
54.94616091251373,67.94283908605576
56.59495943784714,76.77504056692123
42.65176337957382,88.08923661708832
68.15256464481354,89.99643534421921
70.9863628745079,88.81063711643219
73.04216372966766,87.2168362736702
100.37597101926804,76.42002898454666
99.48779428005219,107.10420572757721
117.84063267707825,128.86336731910706
45.082108438014984,92.43589156866074
59.01009654998779,121.60190343856812
121.84288394451141,314.8781160712242
50.232659578323364,117.10134041309357
116.97443163394928,387.84056836366653
513.8822070360184,377.6917929649353
954.9749889373779,390.98801106214523
52.73476219177246,126.39423781633377
50.62453728914261,116.83846271038055
51.16208291053772,68.16991710662842
86.25685513019562,78.54014486074448
84.83065629005432,73.11434370279312
105.62747544050217,59.68752455711365
83.16528940200806,74.14971059560776
102.27712786197662,77.352872133255
57.09292680025101,102.3150731921196
85.81574982404709,320.5732501745224
162.63269639015198,349.145303606987
609.3724958896637,359.34850412607193
1011.6142926216125,416.2557073831558
52.22607934474945,115.05092066526413
50.37486833333969,114.99513167142868
51.44964700937271,116.82735300064087
22.598432421684265,101.90156757831573
51.599208652973175,90.1787913441658
55.24799531698227,122.84500467777252
52.17477470636368,117.73322528600693
52.990569949150085,116.36243003606796
53.78634798526764,63.712652027606964
57.73112595081329,114.91687405109406
204.7139117717743,366.21208822727203
71.69570422172546,96.71129578351974
145.90049344301224,310.19150656461716
573.3272880911827,389.7657119035721
1019.4390906095505,412.3209093809128
211.38696670532227,283.2980332970619
541.461773455143,413.3342265486717
998.185576736927,423.2224232554436
52.630363166332245,116.35063683986664
58.723147213459015,110.36885279417038
51.83493357896805,115.98006641864777
55.705720126628876,114.10927987098694
52.24350678920746,114.0154932141304
54.50329428911209,114.75570571422577
53.09608829021454,116.18091171979904
53.43087190389633,114.88412809371948
57.245670795440674,118.66132920980453
58.228461265563965,155.90153872966766
185.80223989486694,353.97476011514664
588.285030066967,409.7339699268341
1050.0268242955208,411.6771757006645
517.6196194887161,106.12138050794601
974.5834200382233,421.5655799508095
56.362214744091034,114.15678524971008
54.34400165081024,112.6929983496666
57.5107883810997,112.32221162319183
54.36359393596649,116.47040605545044
57.25338405370712,112.52461594343185
54.605179607868195,112.8948203921318
58.45699596405029,112.54200404882431
54.25479358434677,115.48620641231537
54.47757786512375,113.44842213392258
26.83036744594574,119.74463254213333
149.66417199373245,356.0958279967308
566.4789865612984,392.0020134449005
100.50055181980133,378.66544818878174
517.7053455710411,415.4976544380188
973.7241363525391,426.0168636441231
54.465943574905396,114.31205642223358
54.022739708423615,115.4962602853775
57.65253436565399,115.4404656291008
61.430324614048004,114.60667538642883
55.357120394706726,116.82787960767746
53.5989066362381,114.43809336423874
55.74772310256958,113.67827689647675
54.74850994348526,117.62249004840851
58.45229643583298,120.30670356750488
45.58208638429642,118.32491362094879
111.82389110326767,390.67510890960693
538.9546992778778,410.19430071115494
988.9914970993996,442.11950290203094
468.4742916226387,420.5077083706856
920.3450850248337,416.48891496658325
52.73388469219208,111.87611532211304
54.43867915868759,117.59832084178925
60.99548441171646,114.09851557016373
53.77428716421127,110.94871282577515
59.681108474731445,110.22589153051376
54.51590812206268,113.65109187364578
58.31170815229416,110.5392918586731
53.72050207853317,110.09449791908264
56.647298097610474,110.59370189905167
60.18510204553604,125.61189794540405
4.592995584011078,367.12900441884995
424.53783053159714,403.5001694560051
869.4276292920113,418.79537069797516
53.112411856651306,116.68358814716339
57.0581961274147,115.60880386829376
54.910976231098175,119.01602375507355
54.966779708862305,116.9402202963829
57.152576982975006,116.38442301750183
53.004373610019684,115.23562639951706
54.32015252113342,113.62384748458862
51.450935423374176,111.27206456661224
55.524717569351196,112.51128244400024
8.488514602184296,112.52948540449142
53.767387330532074,350.76961266994476
460.39720755815506,374.71379244327545
876.4720042943954,423.7679957151413
52.43580859899521,108.63819140195847
820.8806055188179,422.6383944749832
54.30762714147568,112.06337285041809
53.23441982269287,114.46958017349243
53.66020578145981,112.20979422330856
53.58699494600296,113.78400504589081
52.06978106498718,114.26421892642975
53.181563794612885,114.35643619298935
55.922357976436615,115.05964201688766
58.16315448284149,110.37284553050995
54.18294441699982,119.87305557727814
54.47973430156708,110.3902657032013
57.18354731798172,220.77945268154144
303.72140169143677,407.00059831142426
695.3153041601181,432.0916958451271
597.2231175303459,944.4428824782372
51.48292201757431,111.31407797336578
50.90969830751419,110.60830169916153
52.41048061847687,111.23751938343048
54.392266035079956,112.23773396015167
55.800050020217896,113.45894998311996
52.09683668613434,110.56916332244873
55.76462060213089,116.36437940597534
55.76440715789795,114.06759285926819
57.24720174074173,117.0867982506752
80.41499382257462,165.75200617313385
279.67391484975815,390.60408514738083
705.3607397675514,406.49126023054123
592.4165291786194,941.3614708185196
53.195354998111725,109.34164500236511
51.751137256622314,110.17486274242401
54.04791480302811,113.73008519411087
53.88169866800308,109.54430133104324
54.60448056459427,110.09951943159103
52.82726913690567,110.78373086452484
54.476054251194,114.46894574165344
52.23584747314453,112.41215252876282
52.69963628053665,115.31936371326447
53.662481009960175,164.17051899433136
316.7932888865471,368.5957111120224
47.34914845228195,84.83585155010223
174.81400579214096,387.1309942007065
580.7588341236115,430.5191658735275
1031.4256257414818,435.4823742508888
54.72242695093155,113.03657305240631
55.315232276916504,112.94276773929596
57.03903645277023,112.10896354913712
54.019848465919495,115.97915154695511
61.03965091705322,114.44234907627106
58.89245080947876,116.92254918813705
57.2082524895668,118.21774750947952
56.20804512500763,113.25395488739014
53.33783882856369,111.58716118335724
68.7658257484436,111.90117424726486
78.33963799476624,400.04836201667786
504.3226265311241,379.3813734650612
891.248481631279,442.5655183792114
53.15732216835022,113.41767781972885
55.88011109828949,114.95388889312744
57.32390320301056,114.00809681415558
57.93670338392258,114.98929661512375
55.14149910211563,115.67450088262558
58.938294410705566,115.45070558786392
55.198088467121124,113.74691152572632
58.3828911781311,115.87510883808136
54.64268797636032,111.74531203508377
57.51449412107468,119.61550587415695
59.12627959251404,329.1147204041481
484.2750535607338,382.55794644355774
61.3118377327919,268.42816227674484
411.9976209998131,387.81637901067734
999.1654005646706,252.889599442482
54.425197422504425,124.77880257368088
54.61097937822342,117.79602062702179
53.87175369262695,113.90624630451202
55.77952915430069,119.18447083234787
55.63131046295166,113.51668953895569
55.058086931705475,115.8129130601883
53.63286203145981,113.38613796234131
55.02163690328598,114.42236310243607
53.782417953014374,112.97758203744888
57.74519616365433,111.29180383682251
42.2649844288826,378.7540155649185
502.67177253961563,370.62322747707367
932.5805564522743,416.19644355773926
54.93336206674576,114.65963792800903
52.434144020080566,112.58485597372055
54.211926102638245,112.36207389831543
53.80471259355545,112.19528740644455
53.860498666763306,110.1385013461113
54.232274889945984,108.23072510957718
54.38104683160782,113.71195316314697
54.788822412490845,109.4521775841713
58.418596506118774,110.63640350103378
34.198375165462494,108.87662482261658
126.79016119241714,373.9688388109207
91.25537502765656,369.04062497615814
555.3121612668037,397.89183872938156
992.997948050499,419.9660519361496
538.683748960495,367.66825103759766
898.4255312085152,451.29746878147125
53.40632575750351,118.53667426109314
52.870104134082794,111.40789586305618
53.27888065576553,117.72211933135986
56.26065540313721,118.9433445930481
54.650435984134674,113.38756400346756
54.18720763921738,117.25679236650467
55.261985421180725,117.53401458263397
54.81876063346863,114.95923936367035
54.91153544187546,115.56946456432343
27.134311735630035,109.38468825817108
135.65408951044083,349.34691047668457
577.413876414299,389.1051235795021
985.4886736869812,434.8083263039589
65.23047000169754,116.34452998638153
53.212254881858826,109.47374510765076
55.87902855873108,106.91697144508362
55.76880604028702,116.38019394874573
56.13858491182327,110.95341509580612
52.918355226516724,110.82264477014542
58.34413933753967,113.04486066102982
56.34493535757065,61.0990646481514
50.382716715335846,88.59928327798843
55.475492894649506,57.412507116794586
189.3103473186493,355.04265266656876
563.4023126959801,394.9666873216629
1009.0331577658653,375.5038422346115
56.32998329401016,116.8370167016983
909.9228083491325,398.87219166755676
62.479602098464966,114.83539789915085
62.40543043613434,62.74156957864761
64.05427598953247,75.4077240228653
60.83407998085022,88.64792001247406
64.62989646196365,92.07310354709625
44.07572388648987,93.51727610826492
72.64954370260239,87.14545631408691
75.46536177396774,86.14563822746277
76.18820291757584,89.62579709291458
70.89304161071777,92.92195838689804
30.985886693000793,218.29211330413818
374.9866924881935,378.49430751800537
808.5434925556183,387.17950743436813
92.98828738927841,98.01171261072159
71.84109753370285,126.65890246629715
81.58194994926453,127.65905004739761
74.32278221845627,127.73321777582169
73.65761411190033,127.93538588285446
81.28745794296265,131.13754206895828
124.71433532238007,93.02666467428207
57.49273121356964,109.50726878643036
55.14152002334595,109.19147998094559
56.2533113360405,111.26568865776062
54.624905467033386,376.1900945305824
468.60782915353775,400.4481708407402
893.3296788334846,423.8923211693764
133.49754333496094,98.66945666074753
649.8509682416916,386.7600317597389
1079.27675396204,417.03724604845047
56.055548906326294,114.88945108652115
57.13033455610275,110.12866544723511
59.94612795114517,67.31287205219269
58.20593124628067,77.70206874608994
73.53874665498734,82.60925334692001
79.22555869817734,89.49644130468369
91.96635496616364,91.55164504051208
91.61615914106369,94.66284084320068
131.17199939489365,79.86600059270859
56.39536464214325,107.84563535451889
59.56215476989746,317.1228452324867
475.72894674539566,366.36305326223373
945.9527351260185,340.3432648777962
84.13852852582932,82.32447147369385
90.1383164525032,87.12068355083466
103.82411724328995,92.15688276290894
119.80592632293701,74.02607369422913
135.45472770929337,88.89627230167389
62.253124594688416,114.48687541484833
43.01291507482529,76.72808492183685
47.680692195892334,84.54230779409409
38.53327298164368,78.11572700738907
88.20009630918503,123.70690369606018
231.60806477069855,371.4099352359772
665.2209255695343,376.63207441568375
1093.4618233442307,329.168176651001
76.57364565134048,94.87035435438156
971.3704477548599,392.09155225753784
54.019313752651215,67.9996862411499
52.77912598848343,61.83187401294708
58.90992259979248,69.59007740020752
59.37373232841492,57.23826766014099
57.24454492330551,112.5704550743103
63.18934839963913,62.9406515955925
115.26414746046066,69.23585253953934
78.56093299388885,76.40206700563431
78.2287278175354,84.9752721786499
103.26653212308884,287.10346788167953
408.11941730976105,402.6035826802254
808.3043518662453,387.046648144722
615.287333548069,974.212666451931
59.269175946712494,118.04582405090332
59.43697154521942,107.47102844715118
60.011770129203796,107.41422986984253
63.34557205438614,106.96942794322968
63.92037612199783,111.94962388277054
60.45717364549637,108.17182636260986
62.27397221326828,107.67102777957916
66.62578666210175,59.30121332406998
60.77359437942505,61.78140562772751
77.16341269016266,139.42958730459213
235.05341070890427,366.5205892920494
644.6472796201706,377.29772037267685
1041.8143127560616,403.2226872444153
58.57411962747574,111.42588037252426
942.3529213666916,409.1660786271095
61.29776221513748,110.20223778486252
60.334577679634094,60.73842233419418
59.31740415096283,114.68259584903717
59.43021720647812,66.27378278970718
59.30103313922882,62.1259668469429
57.57886070013046,63.3841392993927
58.81969207525253,72.45730793476105
61.83949565887451,112.771504342556
68.0433024764061,78.97469753026962
68.71113574504852,82.99286425113678
96.2860164642334,225.6039835214615
334.21200197935104,384.0289980173111
759.8978387713432,404.36016124486923
1140.2877286672592,437.9342713356018
61.39953923225403,110.00746077299118
58.400361716747284,112.76563829183578
59.93819737434387,63.48880261182785
58.67903286218643,69.54296714067459
58.03185588121414,67.45014411211014
51.8476779460907,90.93032205104828
59.3114949464798,66.65250504016876
58.42232143878937,62.33667856454849
60.51615083217621,65.31784915924072
52.183044254779816,73.2239557504654
173.442886531353,381.6311134696007
596.7767782211304,378.85322177410126
1017.999741256237,344.59225875139236
79.29759442806244,90.01840555667877
78.76139849424362,86.77560150623322
81.9102053642273,87.27479463815689
67.7620255947113,85.88597440719604
57.039864897727966,59.88513511419296
61.67071449756622,65.66228550672531
87.87552773952484,59.95847225189209
75.44936472177505,80.06863528490067
110.67218434810638,87.23481565713882
66.85901701450348,90.69698297977448
87.3588153719902,307.49318462610245
47.39672952890396,92.39927047491074
43.73056495189667,208.56543505191803
265.8425310254097,388.3614689707756
713.0475262403488,461.8794737458229
1087.3633154034615,453.1736845970154
89.27114570140839,97.48885428905487
110.30798125267029,86.89501875638962
128.16079580783844,75.72820419073105
79.97560048103333,123.20939952135086
76.19845616817474,121.28254383802414
84.49632251262665,125.59667748212814
79.57122617959976,127.13277381658554
76.59008395671844,124.44691604375839
82.163913667202,131.28008633852005
84.33178240060806,131.14921760559082
142.72171187400818,263.50028812885284
110.09363412857056,374.0353658795357
570.5574070811272,515.0905929207802
955.5391958355904,456.27580416202545
56.96597611904144,106.73802387714386
969.744755089283,379.755244910717
56.91154330968857,107.42245668172836
58.67133742570877,109.55066257715225
59.080123126506805,107.99487686157227
53.65490520000458,105.04909479618073
55.58073163032532,105.88226836919785
57.118515372276306,105.41848462820053
57.47130489349365,56.97369509935379
57.638882637023926,66.89811736345291
72.41767340898514,66.04632657766342
111.43645572662354,328.3785442709923
546.84423995018,377.15576004981995
1010.4560210108757,366.1549789905548
115.10482984781265,66.22817015647888
143.19762820005417,56.4683718085289
132.69842618703842,106.20857381820679
83.5698549747467,94.4301450252533
73.58972543478012,94.929274559021
62.59058350324631,85.87241649627686
78.90547198057175,111.40852802991867
56.739389181137085,109.61161082983017
56.24019515514374,106.11180484294891
58.64803737401962,107.40796262025833
59.33484244346619,79.98115754127502
240.2786420583725,363.832357943058
661.705423116684,399.01657688617706
1038.6882150173187,459.2567849755287
56.1879922747612,109.64500772953033
58.11477452516556,109.16322547197342
53.07855761051178,65.27344238758087
70.61633425951004,63.532665729522705
74.72810995578766,72.91989004611969
76.72790086269379,83.40109914541245
90.98872005939484,80.43727993965149
110.45152741670609,74.01147258281708
111.24832493066788,85.97367507219315
57.3611279129982,115.73187208175659
123.37992471456528,93.50907528400421
146.5287665128708,87.8602334856987
22.882187962532043,319.7658120393753
420.19698137044907,379.5810186266899
878.641769349575,391.93223065137863
58.38356131315231,57.876438677310944
56.34634852409363,114.26465147733688
59.19913238286972,110.98586761951447
60.88492852449417,111.9850714802742
69.40371084213257,56.836289167404175
62.88648450374603,67.09551548957825
84.09127902984619,73.093720972538
107.79507750272751,92.46392250061035
123.36986565589905,85.16713434457779
118.62965399026871,83.7773460149765
134.9264412522316,249.9805587530136
110.68728393316269,388.73871606588364
615.9840643405914,366.6459356546402
1011.1518568396568,420.3671431541443
69.09664160013199,98.42135840654373
76.02342742681503,94.23657256364822
63.412705183029175,110.92029482126236
56.11749857664108,104.75350141525269
57.0442830324173,104.659716963768
57.74806809425354,104.64093190431595
56.48985570669174,106.39914429187775
58.63864332437515,107.38035666942596
56.3614382147789,109.4355617761612
61.584221601486206,112.74977838993073
52.49200129508972,321.6189987063408
75.54877412319183,97.80322587490082
55.69700735807419,121.82099264860153
295.7167806625366,468.7832193374634
791.2905604839325,471.0794395208359
585.2924332618713,932.2085667252541
45.79324358701706,82.39275640249252
62.460057973861694,62.98494201898575
55.90487331151962,64.4091266989708
58.756648898124695,108.18735110759735
58.053434669971466,108.94656533002853
87.72120487689972,91.5937951207161
57.647791385650635,108.72120863199234
58.68658071756363,105.29441928863525
63.131373822689056,108.29362618923187
60.37237948179245,110.34862053394318
35.61418259143829,293.60781741142273
363.5031187534332,352.6068812608719
763.1899797916412,395.8280202150345
58.74586498737335,108.75413501262665
60.39467281103134,110.10532718896866
500.11747747659683,971.3085225224495
57.72926825284958,106.43673175573349
57.60005742311478,106.63994258642197
56.61884808540344,108.3251519203186
55.08262896537781,105.80637103319168
55.19540536403656,108.15659463405609
58.78818678855896,107.3788132071495
57.972978830337524,112.47002118825912
59.60376888513565,320.970231115818
64.47456324100494,112.19243675470352
57.290378510951996,263.13562148809433
307.23518109321594,437.8938189148903
727.0139597058296,488.57904028892517
61.71782594919205,115.48617404699326
56.44161033630371,104.72638964653015
59.79361027479172,109.724389731884
58.86847132444382,107.1495286822319
62.573264718055725,110.00173527002335
56.591077983379364,107.48192203044891
61.8698616027832,107.537138402462
59.90771180391312,110.27628821134567
58.85358130931854,106.92441868782043
57.687366008758545,109.53563398122787
58.261148154735565,109.55285185575485
154.299918115139,493.27508187294006
597.0036948919296,383.77430510520935
1007.2074884772301,445.01451152563095
58.005301773548126,106.36469823122025
62.358088076114655,112.67991191148758
58.56189572811127,107.93810427188873
64.70968556404114,108.88231444358826
65.67453509569168,130.0104649066925
64.93437099456787,114.65862900018692
61.28617537021637,119.74982464313507
58.69396352767944,107.97303646802902
60.47275298833847,56.971247017383575
56.788538336753845,105.52646166086197
138.06632113456726,363.04467886686325
138.17891383171082,413.67308616638184
488.16171342134476,405.487286567688
937.2355293035507,405.2084707021713
71.77335423231125,91.6706457734108
104.34817004203796,86.55982995033264
119.81197154521942,80.35502845048904
103.59077024459839,92.44622975587845
57.23908340930939,114.2419165968895
57.295872151851654,111.00112783908844
60.75967073440552,106.50032925605774
46.205246567726135,89.27675342559814
66.96402996778488,85.05297005176544
12.946816086769104,268.10918390750885
315.2806503176689,412.49734967947006
742.206452190876,426.2005478143692
607.4672648906708,984.2367351055145
78.35707247257233,86.93892753124237
92.83887559175491,88.95812439918518
94.15369236469269,98.2343076467514
83.17351245880127,128.71548753976822
74.87734699249268,122.93765300512314
68.80415940284729,115.5848405957222
77.13797867298126,127.73202133178711
73.12078922986984,131.36121076345444
83.06561678647995,123.60138320922852
40.89948362112045,135.23051637411118
173.2883528470993,438.6926471590996
606.1961895823479,422.11781042814255
66.06800657510757,433.6169934272766
510.3458284139633,450.43117159605026
953.5696812868118,437.9863187074661
73.44047683477402,122.7825231552124
76.23728954792023,127.07771044969559
82.01513350009918,124.24386650323868
89.55298548936844,124.24301451444626
80.23991531133652,131.22408467531204
72.79473400115967,120.63026601076126
77.14755547046661,126.70344454050064
83.9633914232254,126.68460857868195
130.37223494052887,84.03676503896713
80.92864805459976,110.77535194158554
39.92956060171127,102.1454393863678
211.76241028308868,392.18158972263336
614.9683594107628,411.25464057922363
1027.560223042965,404.6987769603729
61.15402740240097,101.36497259140015
60.172810077667236,71.82618993520737
62.61859863996506,84.54840135574341
77.10040760040283,82.80659240484238
83.74922305345535,83.41777694225311
110.91603600978851,88.56496399641037
74.7128717303276,125.71312826871872
76.6947175860405,123.32328242063522
77.15854352712631,124.63745647668839
75.78836405277252,123.5256359577179
81.56819194555283,374.19180804491043
433.5690532922745,456.9129467010498
71.30995333194733,245.89304667711258
309.365786254406,458.46721374988556
754.6996171474457,442.41138285398483
635.9604822993279,963.4845176935196
219.24300569295883,306.9049943089485
583.4297872781754,403.3122127056122
997.7625843286514,439.62641566991806
59.94837683439255,104.05162316560745
60.504180908203125,118.82881909608841
60.874976456165314,106.80902355909348
59.65477383136749,106.47522616386414
58.09955698251724,108.28944301605225
59.54434484243393,105.60365515947342
57.58213496208191,105.19586503505707
58.415917813777924,114.52908217906952
62.527710139751434,107.38028985261917
48.75050449371338,83.62049549818039
142.91829174757004,431.85970824956894
621.3990784287453,409.9709215760231
1075.8438628315926,435.3961371779442
598.7526506781578,85.28434932231903
1074.235445022583,347.8025549650192
57.62422960996628,106.19077038764954
56.73601269721985,105.07798731327057
59.45880436897278,103.55919563770294
58.58960735797882,104.17039263248444
57.86740159988403,109.9655984044075
64.83119118213654,105.37280881404877
59.62800467014313,105.92799532413483
36.86879622936249,265.88920378685
58.96257919073105,104.96342080831528
62.666361927986145,177.90763807296753
179.7971466779709,483.96285331249237
578.3529290556908,431.887070953846
1004.3357166051865,451.07228338718414
57.13150179386139,103.62649822235107
56.37327593564987,104.57072407007217
60.57804346084595,103.1619565486908
60.578827917575836,107.49617207050323
58.82061439752579,103.53238558769226
62.26539903879166,108.36460095643997
62.02518457174301,113.0868154168129
57.02500253915787,105.10399746894836
60.02577847242355,104.69622153043747
59.65656417608261,85.88043582439423
221.10134387016296,406.4736561179161
702.972140610218,397.1758593916893
1069.8989371657372,465.49006283283234
57.95472878217697,106.47027122974396
1125.4005081057549,114.06349188089371
57.95629280805588,104.71070718765259
59.1050631403923,106.54393684864044
59.86383491754532,104.3581650853157
57.12460660934448,106.3563933968544
57.47637981176376,107.30062019824982
56.71815276145935,104.68984723091125
57.31092196702957,107.80007803440094
60.40469539165497,177.72530460357666
330.5354946255684,526.5755053758621
15.405278265476227,146.1307217478752
213.75805670022964,425.42694330215454
663.4068508148193,442.87114918231964
1072.3146679997444,471.2033320069313
69.24149239063263,111.85050761699677
64.96433371305466,104.81266629695892
60.576139986515045,102.6638600230217
62.298937141895294,108.23806285858154
62.670741736888885,102.94125825166702
60.80054098367691,101.73645901679993
62.39333748817444,103.8466625213623
69.32013612985611,103.56886386871338
62.357954621315,103.08704537153244
31.210755705833435,104.1222442984581
164.6925586462021,436.6224413514137
639.9343653321266,413.1036346554756
1079.3971883058548,444.1028116941452
63.11998564004898,71.89801436662674
63.545778930187225,81.54622107744217
78.65857464075089,74.60042536258698
82.78837203979492,82.7296279668808
115.53017503023148,83.43282496929169
131.5119932293892,82.173006772995
62.93937259912491,105.39462739229202
60.014181196689606,104.50381880998611
60.6249720454216,103.98502796888351
61.348766684532166,101.3182333111763
55.182559967041016,346.66944003105164
439.8123482465744,431.92865175008774
894.109148979187,450.46485102176666
353.5169478058815,436.7980521917343
821.5187631845474,453.2972368001938
75.53760081529617,73.75839918851852
58.019397020339966,85.61060297489166
73.98318547010422,84.0358145236969
88.53897321224213,77.5910267829895
86.92876130342484,83.64523869752884
127.41056650876999,81.33043348789215
109.9113889336586,85.93961107730865
68.28272277116776,89.99427723884583
79.986521422863,86.06847858428955
78.58031749725342,92.86368250846863
44.37811082601547,91.62288916110992
177.84093701839447,397.2520629763603
606.3597334623337,440.47326654195786
1076.9905299544334,444.51047003269196
47.4913250207901,90.32367497682571
87.32412832975388,83.93487167358398
95.1579400897026,85.11905992031097
99.01174354553223,98.65525645017624
106.1975474357605,84.63645255565643
112.69835203886032,71.91364794969559
80.43914979696274,120.33885020017624
88.19900381565094,125.48599618673325
79.23687779903412,120.22612220048904
74.40370804071426,123.41129195690155
68.73853892087936,443.16946107149124
500.92335987091064,464.87264013290405
923.331240594387,471.8167594075203
379.8690999150276,447.2599000930786
808.499962747097,477.9260372519493
76.9267805814743,125.94421941041946
105.24261039495468,108.86938959360123
85.4469605088234,87.66403949260712
42.96584016084671,86.49615985155106
62.596751630306244,104.18224835395813
61.74558484554291,104.25541514158249
57.004386365413666,107.12461364269257
67.72817641496658,101.5498235821724
60.246977627277374,109.73402237892151
59.52575886249542,113.03024113178253
48.026530385017395,70.5674695968628
184.10029792785645,395.89970207214355
640.7860703468323,411.0099296569824
1095.11984115839,427.3051588535309
56.17660754919052,86.50939244031906
76.97338104248047,82.35961896181107
97.75216668844223,79.00783330202103
87.49296271800995,95.19203728437424
132.25278091430664,81.59921908378601
79.10564440488815,122.39435559511185
74.51348894834518,133.91251105070114
83.366330742836,122.9296692609787
119.47817498445511,96.18882501125336
63.49750852584839,103.8914914727211
48.831301748752594,365.09469825029373
464.53512465953827,534.6308753490448
916.924950659275,393.6120493412018
47.09647995233536,453.8675200343132
63.48554730415344,106.8464527130127
63.56033968925476,295.32766032218933
327.6171264052391,480.03087359666824
780.9329053163528,491.4190946817398
61.65469366312027,105.97430634498596
60.08147889375687,106.04852110147476
73.06429052352905,117.04670947790146
61.80514192581177,103.30585807561874
61.58394068479538,105.195059299469
61.30673146247864,103.82326853275299
63.34352082014084,107.67447918653488
60.75231200456619,103.15468800067902
63.345109701156616,105.3768903017044
62.78991121053696,104.33908879756927
66.86570382118225,280.6902961730957
342.939490377903,455.69050961732864
787.1622823476791,471.9857176542282
59.79306709766388,106.4849328994751
59.867852210998535,106.61414778232574
61.31163674592972,103.89136326313019
62.1834282875061,105.11357170343399
60.92522704601288,104.2607729434967
61.37002474069595,107.64897525310516
62.90681862831116,104.11118137836456
61.945618629455566,102.75938135385513
59.57541310787201,105.0355868935585
63.78021603822708,104.96078395843506
29.743009865283966,351.97799015045166
336.50390058755875,493.4220994114876
55.281852424144745,164.01514756679535
237.44869548082352,443.5513045191765
623.5055487155914,485.4204512834549
1064.4134103655815,490.43858963251114
63.24720495939255,103.84579503536224
61.73000234365463,103.97399765253067
61.73081016540527,102.1401898264885
63.41560697555542,108.84339302778244
61.861405432224274,102.04559457302094
59.99119645357132,103.17480355501175
61.8439838886261,102.60001611709595
60.56677621603012,101.82222378253937
63.307601034641266,103.5623989701271
69.27139854431152,102.50660145282745
205.14225828647614,525.7647417187691
661.4771101474762,390.85688984394073
1005.921977519989,487.83802247047424
58.64483082294464,103.83716917037964
59.3306097984314,102.3733901977539
59.51639139652252,101.57660859823227
62.23917692899704,104.22482305765152
60.51796293258667,106.0570370554924
62.05575519800186,104.74124479293823
63.77754956483841,104.40745043754578
61.38934516906738,105.22165483236313
64.8711473941803,106.96185261011124
52.5019411444664,72.97905886173248
169.15072292089462,548.757277071476
706.2814974188805,371.31150257587433
138.11527317762375,57.829726815223694
539.3560490608215,453.12595093250275
995.059827208519,482.27317279577255
60.7276194691658,103.34638053178787
57.43140000104904,112.99459999799728
61.229173719882965,102.9378262758255
61.93294858932495,106.34405142068863
58.32272571325302,103.21527427434921
64.1755051612854,107.54749482870102
57.06428235769272,103.43571764230728
58.58406084775925,105.21293914318085
60.95484131574631,104.50815868377686
61.603622794151306,75.34137719869614
208.4553999900818,417.4336000084877
660.7341942191124,551.6548057794571
1063.3279728889465,482.24702709913254
59.7537442445755,102.72825574874878
58.809523820877075,100.9674761891365
60.75429713726044,101.4857028722763
62.404076993465424,101.76292300224304
60.533857583999634,105.28014242649078
59.886642158031464,108.50235784053802
60.77641570568085,106.89058429002762
62.59119635820389,109.13080364465714
59.776992321014404,104.35300767421722
58.27779722213745,154.09220278263092
299.38957983255386,415.5924201607704
712.5003851056099,551.8696148991585
63.4281747341156,110.71982526779175
63.48398041725159,102.7010195851326
1061.6877860426903,496.1082139611244
61.28158062696457,99.49641937017441
60.65237647294998,102.47762352228165
61.74617111682892,100.36582887172699
60.87495964765549,102.43804037570953
62.005754828453064,102.93824517726898
67.08054882287979,107.67845118045807
65.52611285448074,184.64088714122772
53.93493789434433,84.36106210947037
98.15772408246994,88.32427591085434
188.54751044511795,453.1014895439148
612.5473076105118,486.39669239521027
1055.6411401033401,486.6368598937988
76.19695782661438,116.97004216909409
87.53078746795654,115.19121253490448
74.58665353059769,112.22834646701813
81.19948971271515,117.80151027441025
73.5143226981163,112.57867729663849
89.27415859699249,116.5218414068222
86.62701725959778,120.76198273897171
80.70185589790344,118.16914409399033
77.38771098852158,117.76128900051117
34.777532398700714,114.31646758317947
32.980358481407166,441.74064153432846
452.574197947979,476.75880205631256
891.1310393214226,463.68496066331863
81.297876060009,123.9981239438057
80.42870062589645,120.64629936218262
74.18751341104507,113.94148659706116
79.89233350753784,117.77366650104523
85.22617989778519,125.69882011413574
79.15306091308594,113.05093908309937
83.61691331863403,122.43908667564392
77.24775952100754,118.91924047470093
88.91462087631226,124.15937912464142
86.67347812652588,125.52952188253403
30.58233678340912,258.38066321611404
78.47220802307129,128.1207919716835
30.269016802310944,147.69398319721222
168.80583798885345,455.8601620197296
599.1216704845428,474.3963295221329
1053.4374896287918,455.83951038122177
83.7343116402626,119.173688352108
79.2901411652565,118.19085884094238
78.21696799993515,111.26503199338913
78.58779329061508,112.98620671033859
78.5706125497818,115.46738743782043
83.90345770120621,116.28054231405258
79.99734300374985,118.52165699005127
75.36816066503525,115.40883934497833
81.09097397327423,115.96502602100372
83.60980373620987,126.90819627046585
46.75964653491974,446.7593534588814
461.760519862175,454.38748013973236
912.2783306241035,478.7586693763733
76.79815942049026,124.51684057712555
80.46598184108734,114.14501816034317
69.72478717565536,110.75621283054352
80.57757711410522,120.97842288017273
86.28139209747314,118.31060791015625
71.20821142196655,112.66078859567642
75.85799723863602,120.56800276041031
78.78378635644913,115.90121364593506
86.19262266159058,121.10337734222412
80.80448710918427,118.17751288414001
25.323314607143402,378.52868539094925
389.28713631629944,459.4538636803627
84.50894767045975,239.58305233716965
295.32479268312454,472.508207321167
712.8076693415642,474.5443306565285
1167.9374943375587,485.802505671978
46.07318031787872,455.61181968450546
21.94534534215927,452.55465465784073
497.8901114463806,446.46188855171204
1003.4828923940659,405.1651076078415
62.55767208337784,101.979327917099
58.835452020168304,100.29254800081253
59.54022479057312,99.82977521419525
64.44899356365204,104.62600642442703
60.74578422307968,101.75421577692032
59.61658155918121,99.80941843986511
58.76536339521408,102.12363660335541
60.11814135313034,101.10485863685608
61.61892479658127,103.38207519054413
68.39671564102173,108.01028436422348
123.84150004386902,431.4914999604225
574.4532814621925,451.8987185359001
54.00906926393509,441.21293073892593
504.7138651609421,447.60113483667374
941.2886457443237,475.10035425424576
61.32642841339111,101.37757158279419
65.43822294473648,104.71077704429626
60.82802164554596,104.1349783539772
64.77281314134598,103.39518684148788
61.42060321569443,103.35739678144455
62.79239737987518,102.91160261631012
60.40319436788559,101.92980563640594
62.49699103832245,105.37300896644592
65.23878645896912,102.59421354532242
66.8688235282898,105.94617646932602
71.25877469778061,344.98222529888153
372.16664177179337,459.4263582229614
806.3894496560097,477.12955033779144
62.68624049425125,104.55475950241089
61.7980335354805,103.9979664683342
62.57582485675812,104.79417514801025
63.26161801815033,103.77438199520111
62.392408549785614,104.84859144687653
62.35620218515396,102.47679781913757
61.152994096279144,105.90300589799881
61.32078319787979,105.0692167878151
62.469576597213745,106.42042338848114
60.33955127000809,105.12344872951508
64.1743233203888,291.15867668390274
356.67510998249054,444.91789001226425
807.748896241188,460.6761037707329
63.083679497241974,105.06432050466537
766.5844690799713,448.619530916214
61.21426284313202,104.7117371559143
62.030045449733734,101.11895453929901
62.029827535152435,101.85817247629166
61.43760699033737,102.85839301347733
61.38339191675186,103.70960807800293
61.64317750930786,104.76482248306274
61.16196143627167,103.67203855514526
59.644739866256714,106.50326013565063
62.0155228972435,102.22547709941864
71.92336136102676,105.3366386294365
44.461193799972534,265.53980618715286
264.3691354393959,448.9088645577431
699.0729954838753,452.26000452041626
1113.925881922245,481.8891180753708
66.48168957233429,108.1103104352951
65.6114993095398,104.92450070381165
62.094296872615814,105.55370312929153
62.15008580684662,104.5719141960144
63.18886750936508,104.94113248586655
65.13265430927277,104.81134569644928
62.22643941640854,104.38456058502197
63.57923287153244,103.60576713085175
61.69102454185486,102.90197545289993
68.78384071588516,179.80915927886963
337.95162373781204,352.9933762550354
689.6934254169464,476.08457458019257
1120.4152330756187,483.89976692199707
63.97202718257904,101.75097280740738
1048.9348136782646,486.2681863307953
62.63960129022598,99.91539871692657
65.28837978839874,100.67462021112442
67.40016895532608,102.45183104276657
62.41898214817047,105.50701785087585
60.9937549829483,101.69124501943588
63.40152549743652,100.9124745130539
61.77330005168915,101.94969993829727
18.292080223560333,275.30091977119446
63.69985342025757,100.1711465716362
60.718638718128204,162.1693612933159
251.14541471004486,446.835585296154
694.2941909432411,464.26080906391144
595.5169895887375,1039.5200104117393
63.83180981874466,103.79719018936157
64.24059617519379,101.72240382432938
59.77837461233139,99.09262537956238
59.779149293899536,98.73985069990158
60.871923983097076,99.53607600927353
63.07571089267731,103.36828911304474
60.57649737596512,100.66350263357162
61.11427694559097,100.64472305774689
64.13406306505203,100.36593693494797
20.337848722934723,282.42115128040314
344.72762405872345,417.6433759331703
757.4694032073021,460.327596783638
65.21019560098648,114.9748044013977
65.37798947095871,106.0300105214119
62.63778042793274,99.62221956253052
64.60057193040848,102.73242807388306
64.43536460399628,100.17663538455963
63.95415914058685,101.8058408498764
62.97295302152634,100.32404696941376
63.269738256931305,99.26726174354553
63.26953184604645,103.11846816539764
63.6043341755867,104.35866582393646
57.79013228416443,380.2288677096367
356.2719769477844,533.5610230565071
52.79182839393616,163.80117160081863
762.8665357232094,341.0404642820358
1048.6444066762924,479.7995933294296
69.33119696378708,110.9468030333519
65.07200050354004,110.01999950408936
68.55479615926743,109.35320383310318
64.31458204984665,107.24041795730591
69.18538182973862,108.14861816167831
66.35219299793243,114.72080701589584
75.50100749731064,87.18399250507355
89.92880296707153,81.33119702339172
77.6325996518135,78.2754003405571
93.37342655658722,200.95957344770432
166.67037498950958,396.8106250166893
542.2462050318718,475.3287949562073
991.1900346279144,468.623965382576
65.83882522583008,100.25317478179932
62.46961730718613,102.08638268709183
69.6184446811676,100.21455532312393
65.8962909579277,105.71470904350281
63.87909114360809,102.34390884637833
67.1378830075264,104.52811700105667
63.69467389583588,101.86132609844208
65.75146317481995,101.28553682565689
61.90026581287384,102.37773418426514
73.17825239896774,104.61774760484695
68.66110175848007,495.5438982248306
433.45698434114456,448.8940156698227
845.9948419332504,485.8201580643654
337.55167055130005,438.8193294405937
750.9595021605492,470.7994978427887
64.03428453207016,102.2247154712677
65.59006780385971,105.61393219232559
62.68385708332062,100.70614290237427
66.46164131164551,106.00135868787766
61.9064325094223,100.57456749677658
64.5002231001854,101.74077689647675
61.557015895843506,99.9429841041565
64.42780023813248,101.18319976329803
66.35359567403793,108.42440432310104
63.243405282497406,105.7565947175026
69.81819725036621,272.44080275297165
404.8379722237587,399.9600277543068
891.3007481694221,387.99525183439255
64.67153161764145,110.79146838188171
67.28333127498627,100.16066873073578
62.988125681877136,101.51187431812286
66.78391355276108,102.77108645439148
62.35969978570938,104.02930021286011
62.433484613895416,100.15851539373398
63.28626960515976,101.45473039150238
65.5280544757843,103.93494552373886
64.47284126281738,103.04615873098373
64.23263865709305,103.98936134576797
59.863418877124786,338.8035811185837
436.30719953775406,445.09880048036575
971.6049920916557,360.28400790691376
60.67976927757263,104.50523072481155
788.3285399675369,471.00546002388
59.21734607219696,103.07765394449234
70.82913392782211,107.00386607646942
63.03395485877991,100.63204514980316
73.5172039270401,93.63079607486725
72.84508645534515,92.61791354417801
71.11796694993973,97.08603304624557
71.20485037565231,94.27614963054657
78.51473248004913,96.93026751279831
70.36063778400421,95.86136221885681
79.04151576757431,97.40348422527313
53.96141302585602,329.70558696985245
453.0863026380539,392.2296973466873
836.0252036452293,479.38279634714127
71.07510924339294,96.14689075946808
72.12601190805435,90.89298808574677
70.97189921140671,90.6391007900238
69.26378744840622,96.03321254253387
68.90566247701645,97.1503375172615
74.2345500588417,92.4694499373436
73.006452023983,94.66054797172546
71.63134533166885,92.97965466976166
76.08824610710144,95.8557538986206
71.71315550804138,93.4718444943428
74.70804101228714,352.9589589834213
456.8329264521599,425.4460735321045
915.2148042321205,448.15519577264786
67.54368215799332,96.66031783819199
71.66855973005295,95.25744026899338
73.73647445440292,94.11552554368973
71.4163726568222,94.26862734556198
75.07826769351959,94.29173231124878
73.70215511322021,92.87184488773346
75.99304515123367,96.21095484495163
73.28394412994385,93.14205586910248
75.38988518714905,93.10911482572556
71.58779209852219,98.04020792245865
47.36167508363724,411.9903249144554
35.448552310466766,850.7184476852417
48.60943979024887,342.02056020498276
430.0303391814232,428.8576608300209
861.2652401328087,455.6047598719597
60.50213462114334,71.46086537837982
53.14401662349701,71.74498337507248
52.65791189670563,71.49108809232712
103.77674961090088,49.57525038719177
106.15966910123825,59.46933090686798
123.76558810472488,52.45641189813614
101.18650221824646,55.498497784137726
127.5524155497551,38.17058444023132
100.54633611440659,77.78766387701035
62.06037211418152,241.29162788391113
314.62832963466644,437.55567038059235
737.4932901263237,447.2837098836899
603.3961827754974,1008.6228172183037
78.44610112905502,57.01589888334274
100.84899842739105,95.52200156450272
75.45536917448044,93.73063081502914
76.30126875638962,93.55073124170303
74.24017387628555,96.14882612228394
76.84607499837875,92.37592500448227
74.34100359678268,100.19699639081955
75.42790085077286,92.18309915065765
74.62678813934326,96.24321186542511
74.38067984580994,45.50832015275955
202.24656718969345,391.2164328098297
599.5364531874657,443.9265468120575
84.95734006166458,421.48765993118286
531.0812142491341,445.51078575849533
993.0030881762505,450.0719118118286
107.0709661245346,62.59603387117386
100.04686152935028,72.71213847398758
90.09776574373245,71.4582342505455
126.2036492228508,66.92635077238083
125.45753127336502,70.63546872138977
149.4704481959343,67.23255181312561
73.59591126441956,96.68208873271942
75.36780720949173,98.16919279098511
74.15872198343277,94.84127801656723
76.74562072753906,96.45737928152084
75.88952201604843,274.61147797107697
374.3834191560745,428.8195808529854
807.4903345704079,460.8626654148102
72.96626454591751,98.90473544597626
74.4241514801979,94.79784852266312
70.51103812456131,99.45196187496185
73.22793513536453,95.99406486749649
76.05583441257477,38.77816557884216
71.71773618459702,94.61626380681992
73.78663074970245,56.38036924600601
73.02152228355408,65.23747771978378
82.34941571950912,66.85358428955078
84.36231541633606,73.37868458032608
101.22722661495209,258.1797733902931
380.57414853572845,444.90685147047043
837.6060355901718,447.17096441984177
298.711958527565,434.5110414624214
756.0768530964851,452.5531468987465
1161.6457551121712,501.817244887352
88.45576864480972,105.0632313489914
93.15368819236755,105.27231180667877
90.3896250128746,108.83237498998642
92.08755171298981,104.00544828176498
87.952476978302,100.80652302503586
82.96541106700897,99.55258893966675
87.85033267736435,100.77966731786728
89.71428298950195,103.45171701908112
93.85820579528809,99.3267942070961
66.39012455940247,68.99887543916702
121.62504905462265,486.1159509420395
547.5830132365227,484.8809867501259
1010.3919143676758,493.05208563804626
97.5168462395668,110.31615376472473
92.45577651262283,112.10022348165512
94.87671357393265,107.04928642511368
92.14870697259903,113.64729303121567
86.71862083673477,104.07837915420532
101.65753012895584,113.74946987628937
89.6884651184082,107.14453488588333
94.38738173246384,105.18661826848984
84.937315762043,103.02568423748016
48.5802264213562,107.32677358388901
69.07512784004211,403.1278721690178
449.79303604364395,476.22696393728256
888.1019613742828,501.657038629055
96.13389080762863,106.2921091914177
782.1288616657257,504.40813833475113
96.82781201601028,83.8581879734993
92.3957371711731,102.88126283884048
90.74165695905685,107.1093430519104
92.82958161830902,102.74441838264465
89.19456422328949,103.8984357714653
87.2824804186821,101.43951958417892
89.38739031553268,107.14960968494415
88.53129601478577,103.85770398378372
97.54320758581161,107.21579241752625
83.72414469718933,98.05385529994965
101.55205327272415,155.6149467229843
222.76900374889374,473.9899962544441
669.9119155406952,496.4960844516754
1114.1838406324387,513.7601593732834
92.62376183271408,101.0612381696701
91.98872834444046,102.41827166080475
93.83564764261246,108.14635235071182
88.6815584897995,106.94744151830673
84.21346336603165,102.10053664445877
101.85638052225113,117.12461948394775
102.05439007282257,111.5186099410057
90.08738195896149,103.48761802911758
88.87730091810226,109.39969909191132
88.72420960664749,106.84879040718079
97.10812550783157,462.6508744955063
518.0100517272949,489.2119482755661
968.3939726352692,483.569027364254
85.14787149429321,103.94512850046158
910.8277693390846,478.52323067188263
85.19267463684082,99.25132536888123
96.96458798646927,108.7014120221138
86.34855389595032,104.78044611215591
94.36246353387833,110.04553645849228
89.52336555719376,111.58763444423676
84.29627060890198,105.46372938156128
82.0681762099266,105.80182379484177
72.61910873651505,101.21489125490189
84.74307292699814,102.25692707300186
88.18199288845062,113.72500711679459
89.34389191865921,307.285108089447
366.4128227233887,488.7721772789955
800.3527604937553,503.55623948574066
86.66168016195297,100.89431983232498
87.34158611297607,103.62141388654709
88.78150242567062,99.62649756669998
84.70141017436981,99.92858982086182
90.3253321647644,112.89666783809662
102.65334290266037,110.12365710735321
96.22232913970947,109.53667086362839
93.10624104738235,111.1527589559555
85.73013710975647,98.9358628988266
81.20704054832458,99.10795944929123
51.4419566988945,235.57604330778122
236.8259328007698,482.8960672020912
678.41286277771,492.67913722991943
1135.9627609848976,491.5552390217781
100.79167181253433,106.07932817935944
89.19361239671707,104.15738761425018
90.33651393651962,106.90448606014252
90.36842256784439,104.50257742404938
87.97435057163239,101.0066494345665
87.54225182533264,101.79074817895889
82.76016759872437,97.4068323969841
97.32909828424454,108.81890171766281
96.416086435318,113.45491355657578
86.74399989843369,67.68200010061264
89.34990608692169,105.16809391975403
61.58581185340881,100.13618814945221
75.56174021959305,468.5122597813606
491.61270612478256,489.22129386663437
951.866618514061,475.85538148880005
87.5645427107811,106.75045728683472
92.80045181512833,108.31154817342758
86.55437898635864,104.37162101268768
87.29027634859085,105.78472363948822
91.30320590734482,105.27079409360886
99.26011472940445,106.81388527154922
87.4770290851593,107.37497091293335
86.48994082212448,107.60205918550491
96.72686713933945,111.66313284635544
94.83185297250748,109.20514702796936
91.71577721834183,333.96922278404236
408.96968644857407,483.1043135523796
855.1676005721092,477.29539942741394
96.64452147483826,108.3194785118103
86.65748661756516,102.41651338338852
89.07839787006378,112.62560212612152
126.12829357385635,68.11170643568039
95.25319457054138,106.78480541706085
84.63612616062164,98.8078738451004
82.4830293059349,96.14697068929672
90.86593103408813,104.18906897306442
85.26883715391159,97.87916284799576
87.54174476861954,95.31025522947311
73.44365072250366,303.55634927749634
355.14157301187515,479.7284269928932
42.09954261779785,222.7514573931694
233.11249047517776,481.99750953912735
677.2743949890137,507.1146050095558
1139.4172937870026,511.2307062149048
92.22722071409225,103.60577929019928
85.62918621301651,100.44481378793716
90.8271067738533,107.11689323186874
85.24801909923553,98.02998089790344
86.79794216156006,99.79505783319473
84.40487104654312,98.0221289396286
90.06579458713531,104.7492054104805
94.15271037817001,102.62428963184357
91.72165554761887,107.89034444093704
52.06856691837311,109.07943308353424
148.56248128414154,463.3815187215805
584.8724061250687,498.25659388303757
1030.2183771133423,486.9476228952408
89.58430516719818,103.47169482707977
89.0972193479538,101.27378064393997
87.68414807319641,101.629851937294
97.97508251667023,102.7459174990654
91.19305074214935,103.73294925689697
91.53897559642792,105.75702440738678
86.4778922200203,98.39210778474808
90.71482574939728,101.15617424249649
85.65377187728882,98.7732281088829
73.18468225002289,97.42531776428223
91.47558808326721,394.48741191625595
457.0455065369606,496.78849345445633
56.03940600156784,348.3115940093994
380.51631659269333,494.0206834077835
828.5482473373413,477.32275265455246
101.13520777225494,113.21679222583771
89.72312992811203,103.22187006473541
88.7170359492302,104.0789640545845
83.78494036197662,101.58405965566635
93.27985644340515,103.0711435675621
88.05282634496689,101.52117365598679
90.15875452756882,108.80424547195435
88.43065744638443,98.06834256649017
88.88957262039185,101.77742737531662
85.1625103354454,97.19048964977264
78.41541504859924,235.713584959507
287.2813185453415,487.97868144512177
735.5162324309349,493.9657675623894
1182.1041536927223,512.877846300602
47.43689054250717,431.5451094508171
468.2827744483948,485.25422555208206
907.4076556563377,502.0373443365097
69.43853187561035,89.32046812772751
844.8224058151245,502.0115941762924
69.02128338813782,91.33071660995483
72.68216341733932,89.7428365945816
69.80606150627136,89.82293850183487
68.89493668079376,91.90206331014633
67.66680788993835,91.481192111969
68.92068094015121,90.8943190574646
70.74856001138687,96.8254399895668
72.89144039154053,141.96055960655212
70.88631772994995,93.59468227624893
61.0291993021965,107.65680068731308
39.190078139305115,474.4399218559265
594.6659534573555,361.79604655504227
970.0678310394287,473.7651689648628
68.26670932769775,90.52929067611694
67.74258154630661,89.90541845560074
71.81144922971725,92.22555077075958
68.67631822824478,90.43468177318573
70.8011867403984,91.45781326293945
71.40707010030746,90.98192989826202
68.25396728515625,91.46803271770477
68.34084165096283,89.21415835618973
71.20671731233597,93.31328266859055
60.95960462093353,103.91039538383484
248.39847362041473,503.69352638721466
612.3563470244408,493.4026529788971
1065.0922194123268,498.94478058815
69.5680930018425,92.35790699720383
69.74796664714813,92.27003335952759
78.74285101890564,98.62814897298813
71.51476061344147,90.33723938465118
70.25064224004745,91.84135776758194
69.70751720666885,92.99448281526566
70.22139251232147,89.72260749340057
68.40126705169678,91.8757329583168
75.73015594482422,98.51184403896332
74.16805291175842,299.4429470896721
320.2929257154465,410.33707427978516
46.89881128072739,280.82318872213364
229.04169404506683,529.6993059515953
688.9435661435127,446.4634338617325
1086.2344628572464,502.857537150383
72.85934567451477,90.54865431785583
71.42722749710083,90.33177250623703
70.64510923624039,95.39289075136185
85.10199093818665,96.12000906467438
74.96687692403793,95.25412309169769
82.12877285480499,93.85322713851929
72.58666455745697,93.56133544445038
71.46955519914627,91.36344480514526
74.22444528341293,94.35055470466614
79.62634056806564,331.0216594338417
312.76823461055756,539.1197654008865
685.7081207633018,507.68087923526764
1140.7580245137215,506.07497549057007
73.36491811275482,92.96908187866211
72.30381655693054,95.28918343782425
73.24170756340027,91.90629243850708
71.92260301113129,94.80039697885513
74.91649341583252,96.04650658369064
72.54238748550415,104.53261250257492
85.03627789020538,98.20472210645676
73.97617906332016,95.46882092952728
72.98907834291458,96.34492164850235
52.96496605873108,336.48003393411636
324.9788503050804,447.0411496758461
753.4167276620865,484.73027235269547
634.5416249036789,1021.0333750844002
74.89223366975784,96.08876633644104
73.42412441968918,93.09387558698654
30.901021540164948,413.1359784603119
411.69192665815353,497.88207334280014
862.7058172821999,510.11018270254135
73.64370334148407,97.7262966632843
71.41659021377563,91.8244097828865
76.52247595787048,91.10652405023575
74.18437069654465,91.42762929201126
71.06726378202438,89.59973621368408
74.30215066671371,91.02984935045242
73.14904648065567,90.49795353412628
72.08893722295761,91.42906278371811
72.65682476758957,95.04617524147034
58.37371075153351,90.77328926324844
29.665607631206512,468.2613923549652
468.40051501989365,485.9324849843979
907.5254088640213,486.400591135025
73.27929133176804,88.40670865774155
70.66318708658218,91.59681290388107
71.45307099819183,98.34192901849747
72.02195739746094,88.57004261016846
72.1088656783104,87.96513432264328
76.91875833272934,88.85824167728424
74.37665122747421,90.67834877967834
73.8715387582779,90.79546123743057
73.42143774032593,96.28156226873398
73.82433134317398,92.99066865444183
46.52221715450287,491.08878284692764
28.01710218191147,93.8538978099823
50.15999311208725,411.7850068807602
461.9878847002983,463.6971153020859
986.9447703361511,411.9612296819687
69.68164134025574,96.6523586511612
72.34251403808594,91.08348596096039
71.87439006567001,91.47760993242264
69.03626400232315,94.76073598861694
69.79015934467316,90.7658406496048
71.7470293045044,92.90097069740295
69.37190502882004,92.49909496307373
70.12577950954437,95.00422048568726
72.19365698099136,93.99034303426743
51.39254838228226,176.55245161056519
65.75744485855103,506.5565551519394
537.6973359584808,482.78466403484344
1032.5992231369019,460.2527768611908
73.53810679912567,92.25789320468903
74.19999527931213,98.09700471162796
71.67488884925842,100.45411115884781
70.04076927900314,93.44123071432114
71.12764501571655,93.50135499238968
70.54852014780045,95.63647985458374
70.11639386415482,94.41960608959198
71.5932697057724,91.98073029518127
71.92115241289139,92.68884760141373
37.04602915048599,264.8609708547592
228.02189922332764,430.77410078048706
648.0357767343521,477.65022325515747
278.8626618385315,73.91533815860748
577.4135546088219,472.845445394516
1083.852440059185,434.7955599427223
73.69932419061661,92.02267581224442
71.73120957612991,93.26879042387009
76.44809490442276,94.79290509223938
72.18399357795715,95.02000641822815
72.89987552165985,92.17412447929382
70.72776472568512,89.62423527240753
72.94564640522003,90.24035358428955
73.4405317902565,91.61546820402145
73.80542647838593,94.4165735244751
50.48530560731888,266.5156943798065
173.59117966890335,488.70582032203674
644.2710630893707,487.89593690633774
1077.6349530816078,520.6790469288826
75.18584132194519,88.14815866947174
73.32873767614365,94.98626232147217
73.48962491750717,89.41737508773804
71.41051709651947,88.70048290491104
72.47940772771835,88.02059227228165
75.91930890083313,89.34069108963013
74.54321557283401,92.4747844338417
72.57511532306671,90.61088466644287
71.86500591039658,89.89299410581589
74.80488854646683,284.56511145830154
228.3917762041092,485.94022381305695
677.9796578884125,497.76134210824966
1132.1595439314842,504.6554560661316
72.41343206167221,89.95656794309616
1057.5193157196045,513.0366842746735
75.73620247840881,89.96679753065109
78.37911140918732,89.58388859033585
75.72602760791779,90.60697239637375
72.01592433452606,95.2420756816864
72.3628066778183,89.76619333028793
72.78369015455246,90.32730984687805
74.03757721185684,93.09242278337479
37.10747057199478,407.6715294122696
72.73038882017136,94.76861119270325
32.633273243904114,294.4777267575264
260.4611622095108,548.5018377900124
668.8630585074425,482.95194149017334
547.4689477086067,1020.8460522890091
73.2778325676918,94.38816744089127
74.82871967554092,94.15328031778336
73.76761394739151,95.95438605546951
72.16950958967209,96.03349041938782
71.60939574241638,91.55760425329208
73.69628757238388,93.74771243333817
70.98718184232712,93.88281816244125
69.64906519651413,92.53693479299545
70.51393908262253,96.98606091737747
73.78680855035782,215.5291914343834
382.1696983575821,385.3483016490936
719.8135796189308,512.3534203767776
613.3264568448067,1058.2115431427956
68.80233198404312,92.64266800880432
70.07521003484726,93.94378995895386
70.08808422088623,92.26391577720642
69.65696001052856,93.64003998041153
70.8738352060318,91.90516477823257
69.46071171760559,92.20628827810287
69.39958238601685,92.67441761493683
69.00645160675049,92.21654838323593
87.81534332036972,97.48165667057037
107.49534630775452,268.4126536846161
297.7683841586113,590.4176158308983
56.281351149082184,152.21864885091782
176.18332296609879,468.37267702817917
574.9753816127777,469.00661838054657
981.2103157639503,520.5496842265129
74.57520395517349,90.42479604482651
74.47709774971008,90.35590225458145
72.08298635482788,93.1020136475563
72.59587293863297,91.31112706661224
73.23876219987869,89.98323780298233
79.88265305757523,90.13634693622589
72.02456545829773,91.91943454742432
73.5754566192627,90.3135433793068
74.36534857749939,94.83765143156052
103.47124636173248,55.453753650188446
159.8002198934555,411.64378011226654
534.0732466578484,474.574753344059
913.6782022118568,536.35879778862
72.67308843135834,93.41891157627106
76.76098370552063,95.6650162935257
79.84787875413895,92.65212124586105
75.60177248716354,93.28722751140594
74.15268617868423,93.95831382274628
77.09157282114029,93.39042717218399
74.58546477556229,97.22853523492813
75.65535753965378,92.93764245510101
73.7232546210289,94.05474537611008
50.38027536869049,424.76772463321686
409.91130685806274,483.79169315099716
973.333297252655,324.9817027449608
265.42024940252304,482.06175059080124
663.9882109761238,528.7337890267372
1100.8172003030777,539.4057996869087
79.58910346031189,102.0958965420723
82.9360157251358,97.30498427152634
80.81992673873901,93.95807325839996
77.66683346033096,103.96316653490067
80.25373774766922,99.89526224136353
79.74763947725296,98.27036052942276
79.20553904771805,95.0344609618187
87.12646675109863,74.87353324890137
74.95540618896484,77.04559379816055
64.5603096485138,151.27269035577774
216.94420444965363,461.1667955517769
616.5130960941315,526.2279039025307
1135.2300007343292,464.4919992685318
107.44592130184174,65.77607870101929
125.68181163072586,67.94818836450577
124.58471244573593,67.78528755903244
126.72759628295898,64.06940370798111
81.62999653816223,89.31500345468521
77.10591685771942,88.89408314228058
78.24881511926651,89.34418487548828
73.81771892309189,89.60828107595444
72.81260699033737,88.7623929977417
64.82549566030502,89.98950433731079
23.783378541469574,488.1986214518547
478.4632729291916,527.6297270655632
929.735170841217,513.6158291697502
490.9340624809265,568.6219375133514
875.8179585337639,502.33104145526886
81.82985889911652,51.2801411151886
74.58480608463287,43.87819391489029
73.81970477104187,37.47629523277283
73.88859766721725,50.277402341365814
70.92048668861389,52.11551332473755
105.52637714147568,65.58462285995483
105.22429412603378,64.08970588445663
88.99719280004501,67.55780720710754
115.56610465049744,56.63689535856247
52.35800385475159,66.7349961400032
85.61189842224121,353.62910157442093
433.4947927594185,485.06020724773407
876.118698477745,511.8433015346527
94.98459714651108,107.70040285587311
91.62752997875214,104.89147001504898
85.825443983078,98.02655601501465
102.17239326238632,109.08660674095154
92.92637026309967,102.37062972784042
85.44029033184052,97.54170966148376
92.87820357084274,103.89879643917084
86.83613139390945,102.64486861228943
108.01706099510193,116.98293900489807
92.9930447936058,105.6189551949501
65.3579860329628,254.92001396417618
233.20396411418915,527.3690358996391
665.4398939013481,533.7081061005592
1171.8418235778809,487.78817641735077
74.04542458057404,93.01057541370392
74.57646977901459,92.46053022146225
36.51635402441025,319.3356459736824
348.93722701072693,494.34077298641205
780.3940999507904,487.5129000544548
76.4450135231018,103.49898648262024
72.29192835092545,89.69007164239883
72.65580874681473,86.71419125795364
69.8736926317215,88.94130736589432
72.57156842947006,90.55743157863617
76.45546495914459,91.00753504037857
77.59836769104004,87.80863231420517
73.81526970863342,90.87073028087616
74.80916327238083,94.46783673763275
76.84127378463745,93.23272621631622
79.85516279935837,244.84883719682693
294.9050394296646,497.724960565567
739.1229245066643,506.137075483799
72.17280542850494,89.80819457769394
72.74168837070465,90.49931162595749
83.47656208276749,90.35643792152405
74.99044418334961,95.25055581331253
79.16933470964432,92.31266528367996
74.8862413764,88.28075861930847
73.93713623285294,88.98986375331879
75.70902997255325,96.62397003173828
75.75992852449417,92.18507146835327
80.81006842851639,97.41193157434464
51.95296323299408,262.5090367794037
254.2248615026474,493.867138504982
33.53473436832428,209.90926563739777
200.8256038427353,500.0623961687088
652.1734891533852,515.2345108389854
1142.0563804507256,490.36961954832077
74.21826368570328,93.17073631286621
75.24914485216141,92.80585515499115
72.15102684497833,88.88497316837311
76.96090984344482,94.89109015464783
78.73380535840988,96.60019463300705
73.82070428133011,97.95629572868347
73.6115944981575,92.27740550041199
72.8664852976799,93.5415146946907
77.52737206220627,93.3436279296875
57.87327188253403,418.31172811985016
265.257183611393,520.4838163852692
697.6040688157082,528.2489311695099
608.7459532618523,1054.6420467495918
72.98187172412872,90.7401282787323
72.64274793863297,92.83825206756592
71.02662491798401,94.02837508916855
74.33649903535843,93.01550096273422
72.88737362623215,90.98362636566162
71.10324943065643,91.0267505645752
73.17313188314438,93.25386810302734
83.66802245378494,94.79597753286362
77.90301096439362,91.72698903083801
77.7299035191536,386.6770964860916
471.22578912973404,342.0152108669281
736.6466769576073,532.1683230400085
224.58456975221634,522.0994302630424
668.3954645395279,530.3645354509354
1128.667356967926,524.0736430287361
73.94024288654327,88.00475710630417
73.15712958574295,89.58387041091919
75.18901216983795,91.81198781728745
74.34890103340149,91.35409897565842
73.26978850364685,89.69221150875092
74.00566858053207,91.03133141994476
80.74055308103561,99.99944692850113
73.29144126176834,91.85655874013901
76.7304517030716,98.80654829740524
84.79940038919449,319.7925996184349
283.5723549127579,572.8536450862885
683.5663182139397,480.13668179512024
1058.6542919874191,510.80870801210403
75.63119161128998,92.03580838441849
75.199089884758,92.37491011619568
73.19398641586304,91.8430135846138
74.92887884378433,91.36612117290497
73.59077078104019,89.85322922468185
76.19666463136673,92.26633536815643
75.45055943727493,92.91944056749344
81.85345703363419,91.01754295825958
75.7923891544342,92.31861084699631
67.80530714988708,149.73169285058975
248.07820361852646,410.1637963652611
613.6461701393127,495.76082986593246
1008.5491523146629,517.3778476715088
76.54310709238052,90.3818929195404
913.2980066537857,500.25799334049225
79.62490558624268,97.449094414711
75.9908075928688,96.97219240665436
80.39270716905594,93.66329282522202
78.97963738441467,95.83536261320114
81.93753683567047,90.1364631652832
81.7104343175888,94.16056567430496
78.63134151697159,95.12865847349167
51.34824085235596,78.59675914049149
77.21322107315063,92.04677891731262
80.09626281261444,91.2367371916771
85.20319485664368,348.5758051276207
464.1791687607765,535.0428312420845
841.6551468968391,466.9738531112671
75.70608055591583,88.36891943216324
76.55202907323837,89.87397092580795
70.43498820066452,90.3790118098259
70.74586641788483,88.51413357257843
73.33275681734085,90.2232431769371
72.29065942764282,91.96934056282043
71.39554297924042,89.95545703172684
71.59442228078842,88.86857771873474
71.4603037238121,91.13369625806808
74.17633539438248,93.21266460418701
77.06022280454636,385.087777197361
370.4070948958397,565.9819051027298
777.9189748764038,500.02502512931824
80.09984868764877,77.04815131425858
84.68677866458893,70.70122134685516
1154.0887009501457,473.39229905605316
75.417604804039,92.82339519262314
75.78249871730804,90.34750127792358
77.09239107370377,95.38960891962051
76.0312847495079,88.20971524715424
79.45218002796173,94.15981996059418
75.85407811403275,94.46092188358307
74.84898096323013,95.61401903629303
113.52886998653412,248.8981299996376
85.83794111013412,87.32905888557434
66.27689158916473,141.81510841846466
207.66084426641464,461.0061557292938
596.0258786678314,475.2891213297844
1008.9278248548508,504.5531751513481
80.01571053266525,89.9282894730568
77.39961391687393,93.97138607501984
81.81951677799225,95.60648322105408
76.98142802715302,91.29657196998596
75.06933808326721,90.15366190671921
76.02623116970062,94.41876882314682
73.39212387800217,88.45987612009048
81.47901678085327,93.20598322153091
75.30694025754929,88.06305974721909
78.87483501434326,60.53216499090195
101.55571985244751,497.055280148983
584.7536004781723,477.41239953041077
981.6744926571846,540.6585073471069
74.68838042020798,91.94261956214905
73.7382583618164,94.31774163246155
74.76914143562317,88.34185856580734
73.07902199029922,89.32797801494598
74.61090612411499,89.70409387350082
72.04979252815247,88.98620748519897
79.97070467472076,90.88129532337189
69.57662111520767,76.40537887811661
68.73852896690369,69.96547102928162
53.52942258119583,118.67457741498947
172.37531489133835,471.93968510627747
45.25821000337601,75.07379001379013
130.47511726617813,438.00588274002075
541.045038819313,472.5109611749649
1005.2429474592209,471.2200525403023
76.81184262037277,90.94715738296509
78.10274344682693,70.34225654602051
73.59763342142105,51.90136659145355
81.37053006887436,50.98146992921829
81.69845658540726,46.412543416023254
127.48935675621033,35.25164324045181
130.09525603055954,44.77474397420883
125.86816358566284,71.65083640813828
125.5290960073471,64.80390399694443
104.13500463962555,61.161995351314545
64.59190821647644,443.0180917978287
443.5878549218178,512.7091450691223
885.3788021802902,525.9361978173256
96.53976154327393,106.75623846054077
91.68268460035324,101.61331540346146
91.39962184429169,100.69237816333771
91.4505250453949,100.5504749417305
95.98144006729126,104.12955993413925
92.79134929180145,99.81965070962906
97.1192736029625,102.49172639846802
94.11419451236725,109.70080548524857
95.86813032627106,107.40986967086792
96.28905642032623,105.26694357395172
99.33899629116058,301.8650037050247
323.1859735250473,505.6290264725685
744.5329200029373,527.8380799889565
225.24884968996048,505.1031503081322
655.2997644543648,516.9592355489731
1097.6457022428513,542.205297768116
90.12266474962234,107.80333524942398
87.6905671954155,97.3084328174591
90.03746718168259,106.36953282356262
90.32937318086624,104.9116268157959
87.80528670549393,100.00971329212189
92.6692106127739,103.95978933572769
98.09113276004791,114.20486724376678
88.30805087089539,96.2849491238594
95.11697697639465,109.6420230269432
67.44489258527756,122.79610741138458
136.7548177242279,513.3191822767258
552.7677788734436,520.5832211375237
998.3556924462318,532.7933075428009
93.99859869480133,98.96440130472183
94.30750793218613,102.24749207496643
97.26544326543808,105.60455673933029
93.16840445995331,101.85059553384781
89.82933336496353,100.2996666431427
92.39824992418289,100.6947500705719
86.91216826438904,91.75483173131943
86.90608978271484,93.3349102139473
85.60401165485382,92.43198835849762
66.70993149280548,101.49306851625443
70.14984977245331,473.8311502337456
458.29177063703537,523.7632293701172
905.1946886777878,547.7503113150597
370.3006384372711,531.0513615608215
798.6286086440086,538.5753913521767
88.6975309252739,99.17246907949448
98.26644670963287,106.62255328893661
107.70539289712906,105.2576071023941
97.75631511211395,103.16968488693237
93.34331095218658,105.2496890425682
90.61625719070435,104.0327427983284
89.72217285633087,106.66782712936401
95.04908293485641,107.69091707468033
86.74801099300385,99.67798900604248
88.16791939735413,99.38608062267303
89.8118228316307,205.7991771697998
220.63978153467178,531.0082184672356
671.7456934452057,521.7543065547943
1116.4806131720543,543.1493868231773
95.67854011058807,101.33945989608765
87.48949921131134,102.41850078105927
83.79840385913849,104.16459614038467
93.75630110502243,106.22469890117645
91.6951984167099,99.97180157899857
92.9311221241951,106.29187786579132
92.00008291006088,99.72291707992554
86.0690124630928,100.3389875292778
89.30390739440918,102.69609260559082
91.13280045986176,115.01619952917099
159.47870236635208,512.0032976269722
605.2696110606194,522.0823889374733
1058.7275297641754,532.0694702267647
86.81443697214127,98.68556302785873
973.2903460860252,523.8206539154053
86.1192398071289,97.23276019096375
100.2061750292778,117.75682497024536
100.71915292739868,106.90984708070755
90.78811466693878,101.13788533210754
92.09804463386536,106.19895535707474
94.27694922685623,107.59305077791214
99.06888234615326,117.00511765480042
89.34086364507675,108.14013636112213
90.09576869010925,106.4602313041687
91.08967989683151,107.33532011508942
69.17659664154053,390.0264033675194
397.8755022287369,517.6424977779388
847.5924186110497,519.5555813908577
95.42131853103638,105.50568145513535
87.67521953582764,101.88078045845032
94.28016829490662,107.08983170986176
93.12708133459091,106.44691866636276
95.6219892501831,103.43401074409485
102.54192566871643,108.3830743432045
91.07390600442886,112.29609400033951
101.56984287500381,109.93015712499619
92.32277005910873,103.77022993564606
138.29971379041672,74.45928621292114
51.99816757440567,133.50183242559433
655.5059282183647,474.97507178783417
80.23570221662521,64.67129778862
1045.7865937948227,482.3054062128067
111.5404663681984,44.366533637046814
116.3683608174324,43.3346391916275
152.3082536458969,65.06174635887146
137.93216997385025,35.511830031871796
112.5011430978775,41.47985690832138
113.14408999681473,53.61590999364853
148.9530324935913,41.34296751022339
104.81899124383926,55.90300875902176
89.8499608039856,71.00103920698166
69.17905151844025,45.22794848680496
104.80305767059326,310.89994233846664
362.3721138238907,467.96188616752625
828.090005338192,465.46599465608597
77.78688925504684,94.43511074781418
64.07877314090729,63.273226857185364
104.4755346775055,35.70946532487869
101.22841554880142,43.10458445549011
147.00233495235443,51.18366503715515
107.3672456741333,41.836754322052
106.38015615940094,68.37984383106232
130.68906211853027,70.79193788766861
94.77701014280319,116.00098985433578
43.308968126773834,298.5430318713188
270.1178894042969,529.0481106042862
704.408806681633,547.9611933231354
1154.3297559022903,531.3552441000938
91.25072175264359,107.50827825069427
92.37462800741196,108.79137200117111
90.29652971029282,103.94447028636932
87.43843066692352,111.45056933164597
87.78432470560074,100.93667531013489
92.44620454311371,107.7567954659462
92.21909427642822,105.2069057226181
93.67699557542801,108.69300442934036
87.00488644838333,99.25411355495453
95.35182106494904,183.00017893314362
56.2537881731987,639.598211824894
41.04478591680527,115.49221408367157
99.15070724487305,503.8132927417755
530.5346255898476,537.4663743972778
1014.4915980696678,510.1374019384384
81.50883877277374,410.4541612267494
391.8557375073433,543.7552624940872
850.2026395201683,540.5563604831696
77.47553014755249,94.09946984052658
75.91442406177521,90.73357594013214
77.07533252239227,87.10966747999191
76.718226313591,87.15177369117737
76.4171217083931,88.93487828969955
76.83702075481415,89.36597925424576
77.535919547081,88.5560804605484
77.03081792593002,87.76518207788467
82.76671898365021,90.88228100538254
47.53861939907074,96.64638060331345
78.77349990606308,424.4855000972748
419.63839983940125,539.4156001806259
868.615304350853,538.384695649147
378.5552054643631,499.77879452705383
792.9011043310165,549.1728956699371
79.39599108695984,92.71500891447067
77.70488506555557,92.05411493778229
77.71877712011337,93.0592228770256
76.02766585350037,87.47233414649963
78.61555767059326,87.79144233465195
76.51745527982712,88.57454472780228
77.64134877920151,91.45065122842789
75.09923648834229,88.34576350450516
76.7791218161583,89.03587818145752
86.36601120233536,93.7809888124466
41.916916728019714,429.73108327388763
464.4677885174751,468.92121148109436
849.9246566295624,553.4633433818817
75.90052163600922,95.59847837686539
74.67339819669724,88.82660180330276
73.8712751865387,88.77672481536865
74.40415340662003,89.66984659433365
74.4720368385315,87.13896316289902
72.87391936779022,87.42208063602448
74.73979812860489,86.87220185995102
75.88267624378204,90.33932375907898
74.48755896091461,91.4194410443306
34.05643182992935,96.27556818723679
81.92230576276779,511.7626942396164
540.3421832323074,502.5088167786598
967.6700692772865,550.662930727005
73.47995167970657,91.00104832649231
898.6608248353004,550.4881751537323
75.04372096061707,92.54927903413773
78.27959716320038,89.96240282058716
77.55149275064468,93.96650725603104
74.23139214515686,90.54660785198212
78.28227305412292,91.75472694635391
76.90615159273148,91.01984840631485
77.43703746795654,93.19196254014969
40.858921349048615,147.17807865142822
73.85281300544739,86.07318699359894
40.08868283033371,87.54131716489792
134.15656316280365,473.2684368491173
553.4674422740936,516.5705577135086
965.7393218278885,555.2606781721115
79.6232213973999,91.5807785987854
76.28413027524948,89.86386972665787
74.83401656150818,86.57298344373703
74.69989782571793,87.80110216140747
75.0837790966034,87.6212208867073
83.26266479492188,89.53333520889282
75.96158319711685,87.87241679430008
75.75246340036392,87.48853659629822
76.72933834791183,85.53066164255142
63.16723144054413,142.72076857089996
164.5321056842804,499.0588943362236
637.2129937410355,500.3430062532425
1002.0038709044456,569.2551290988922
74.88775223493576,88.11224776506424
78.14163619279861,85.69236379861832
75.78452837467194,85.32747161388397
76.3524175286293,86.83158248662949
79.79131865501404,87.17068135738373
77.06421488523483,85.69478511810303
76.91109555959702,85.97790443897247
78.25800704956055,87.24199295043945
80.21590024232864,90.91409975290298
76.37679308652878,170.73520690202713
227.87167239189148,483.14732760190964
687.8105443716049,493.0974556207657
192.0274235010147,459.32357650995255
623.5962985157967,501.5707014799118
1073.9802024364471,506.92779755592346
82.19710445404053,85.74789553880692
80.83388775587082,83.61011224985123
79.03278142213821,45.93021857738495
81.49067133665085,51.43532866239548
88.0775773525238,58.01442265510559
123.35049039125443,58.29850959777832
101.7524037361145,68.69159626960754
143.34031802415848,53.679681956768036
125.76021713018417,86.98078286647797
72.32965141534805,408.66934859752655
418.9355605840683,532.9724394083023
883.5784407258034,530.9955592751503
77.73933333158493,89.77866667509079
84.64222168922424,88.98777830600739
79.13613963127136,86.01186037063599
85.03902584314346,38.03597414493561
80.99691241979599,61.76308757066727
84.54679757356644,62.916202425956726
101.94868969917297,67.08831030130386
101.77658766508102,64.77841234207153
130.67850172519684,57.98749828338623
118.89541977643967,62.36358022689819
105.16830801963806,388.7946919798851
388.47826051712036,554.4657394886017
841.2131500840187,572.8428499102592
323.94907253980637,556.4779274463654
739.4440343379974,576.7599656581879
635.622958779335,1127.746041238308
88.41393852233887,97.65906149148941
91.52084904909134,99.70215094089508
99.70075911283493,102.39224088191986
92.89967852830887,99.62032145261765
99.59759205579758,103.60640794038773
88.94352400302887,95.11147600412369
96.45743942260742,100.11756056547165
99.04435271024704,99.84464728832245
96.02131229639053,99.77568769454956
59.311278104782104,202.70672190189362
180.1402164697647,528.1747835278511
595.2271676063538,562.2918323874474
1037.2221168279648,551.1668831706047
95.53207099437714,93.94992899894714
96.65603506565094,98.73296493291855
94.02096992731094,96.49703007936478
94.79390567541122,95.11309432983398
97.82584935426712,97.06315064430237
99.30179107189178,102.42020893096924
96.70373767614365,100.51826232671738
98.04967749118805,99.91232252120972
99.58161467313766,99.56638532876968
97.61455684900284,101.90444314479828
96.03449720144272,408.761502802372
415.02942764759064,549.0815723538399
855.6353889703751,549.5136110186577
98.6113110780716,101.61068892478943
745.2542580366135,554.2637419700623
639.1942023038864,1048.7137976884842
101.22619897127151,104.16280102729797
93.49716836214066,103.66883164644241
97.36310237646103,101.5628976225853
96.56203263998032,107.32696735858917
93.20396846532822,100.62803155183792
98.19888925552368,104.35611075162888
104.970818400383,104.60218155384064
158.29976761341095,57.68123239278793
79.22123670578003,85.03776329755783
85.45104229450226,449.2899577021599
460.4459582567215,538.0350417494774
853.996922314167,560.9300776720047
91.26886904239655,99.21213096380234
96.46778881549835,99.47721117734909
98.83270561695099,102.03829437494278
100.40065050125122,101.17334949970245
92.87761104106903,103.23338896036148
93.00151455402374,104.4424854516983
92.95944195985794,106.13355803489685
92.34336191415787,102.15663808584213
96.91228652000427,102.38371348381042
93.79621088504791,104.83478909730911
85.06812953948975,296.32087045907974
289.06304532289505,555.3259546756744
737.2989600300789,565.2760399580002
642.3858616352081,1133.6141383647919
669.1578221321106,570.1571778655052
1077.856811106205,578.199188888073
97.3517934679985,98.94520652294159
145.04975354671478,63.987246453762054
81.30420142412186,87.19579857587814
83.07710808515549,85.36789190769196
79.44302123785019,83.89197874069214
81.14092010259628,84.39607989788055
79.98682832717896,87.19817167520523
81.741730093956,84.7592698931694
86.51363986730576,51.19036012887955
77.80454486608505,65.76945513486862
61.81744575500488,417.82955425977707
415.62734270095825,512.5206573009491
884.0662444233894,534.9707555770874
139.45013916492462,60.345860838890076
94.8700499534607,107.6299500465393
102.42100876569748,103.13399124145508
97.9529777765274,101.30702221393585
97.44692897796631,104.97807103395462
100.92387360334396,100.3351263999939
97.75184762477875,109.06215238571167
93.41281360387802,106.06818640232086
93.92674106359482,99.51825892925262
93.23567122220993,106.37532877922058
85.13859343528748,222.01040655374527
223.9855159521103,531.4224840402603
661.9434467554092,600.038553237915
1113.715372800827,579.9146271944046
559.8023166060448,551.1226834058762
1010.0572527647018,564.257747232914
96.25519210100174,98.35680788755417
97.71211367845535,101.04688632488251
108.81907349824905,103.84792649745941
91.66504567861557,93.94595432281494
94.86400854587555,93.96899145841599
93.04395359754562,95.1790463924408
101.87189996242523,98.79410004615784
95.607861161232,99.57813882827759
90.80577427148819,92.80522572994232
92.20768874883652,96.45831125974655
98.64759868383408,393.48240131139755
400.4565204381943,547.1914795637131
835.6364614963531,586.3085384964943
97.18738627433777,96.44261372089386
90.88530194759369,91.78169804811478
92.43622142076492,99.52777856588364
93.54112297296524,97.71787703037262
100.33303081989288,99.29796916246414
110.845967233181,105.33903276920319
99.76692920923233,98.91907078027725
97.66886848211288,98.16513150930405
95.94079011678696,98.09620988368988
102.67673760652542,102.69426238536835
59.07872146368027,297.05027854442596
245.29570925235748,530.6852907538414
678.7716499567032,561.3953500390053
1130.1555675268173,557.49243247509
98.81751972436905,99.14548027515411
1026.478446662426,546.077553331852
93.56537020206451,100.37862980365753
95.06027007102966,98.62472993135452
97.6481945514679,97.3528054356575
96.86511278152466,95.91288721561432
90.93303763866425,93.25096237659454
108.48399287462234,103.664007127285
91.81194829940796,93.72505170106888
102.97286140918732,90.28513860702515
94.68977850675583,96.5312215089798
76.77262407541275,483.5793759226799
457.45258462429047,567.8804153800011
914.9664906263351,549.1265093684196
91.83041256666183,103.57658743858337
99.4923220872879,102.89667791128159
96.19024175405502,97.21675825119019
94.0001614689827,96.42583853006363
89.23607188463211,91.30092811584473
96.32299357652664,96.01100641489029
95.28091543912888,92.18208456039429
97.23885786533356,99.87314212322235
108.89980471134186,105.02619528770447
44.09877097606659,97.73422902822495
52.03669148683548,389.6103085279465
364.10662043094635,523.8563795685768
789.2305563688278,551.1764436364174
101.33649587631226,100.60750412940979
91.59047758579254,95.90852242708206
1129.122408568859,546.0625914335251
92.67232072353363,95.12367928028107
98.29723906517029,101.40676093101501
92.34715539216995,98.7078446149826
97.99006575345993,98.5469342470169
89.67000752687454,96.60799247026443
93.46192544698715,100.48407453298569
96.27084881067276,98.58115118741989
112.20978271961212,202.9012172818184
110.66774332523346,105.66525667905807
101.7177106142044,87.93028938770294
132.73163586854935,519.4363641738892
556.9115452766418,553.4224547147751
1008.4434649348259,579.7045350670815
103.66044843196869,99.1365515589714
89.89541232585907,91.51258766651154
93.37132978439331,100.88767021894455
100.21823585033417,96.37476414442062
94.8981516957283,96.6018483042717
94.67005443572998,99.25494557619095
92.6279690861702,99.53803092241287
90.71587425470352,90.95112574100494
95.43279039859772,94.6782096028328
47.890703320503235,63.591296672821045
82.03362053632736,477.9293794631958
481.37955033779144,542.4724496603012
901.948508143425,556.6254918575287
96.25842154026031,102.77857846021652
93.16033643484116,94.93166357278824
95.22824996709824,96.12275004386902
104.9831799864769,98.68382000923157
90.20014536380768,90.5778546333313
93.38006073236465,97.45393925905228
97.89298164844513,94.45801836252213
105.33291834592819,99.64908164739609
100.51287984848022,97.74712014198303
98.30282860994339,96.5851714015007
96.53877747058868,326.09122252464294
323.45972204208374,548.6522779464722
101.04665899276733,204.4713410139084
230.3935996890068,524.3844003081322
684.425526201725,524.0374737977982
1085.1795058846474,558.8204941153526
100.95246362686157,96.52953636646271
101.1694067120552,97.25659328699112
97.33034294843674,95.2066570520401
102.01028680801392,98.2117131948471
95.91225111484528,91.58674889802933
97.6852251291275,99.53677487373352
104.05016785860062,96.2648321390152
108.17413580417633,101.26986420154572
98.48509854078293,98.01490145921707
74.8870233297348,98.87297666072845
96.30693554878235,459.87806445360184
443.96885854005814,558.494141459465
892.037787258625,559.9632127285004
99.68070042133331,101.20829957723618
95.89662218093872,95.47337782382965
105.89254856109619,104.42345142364502
99.16451752185822,97.83548247814178
96.36244106292725,97.35855895280838
94.89436995983124,96.86463004350662
106.94529902935028,99.27670097351074
97.90227848291397,102.11572152376175
96.28620499372482,96.82479500770569
93.78111958503723,98.51488041877747
71.83103728294373,331.14996272325516
310.4559718966484,546.9700281023979
99.56191736459732,211.99408262968063
226.8528481721878,525.6661518216133
655.1807709336281,545.763229072094
1108.509687781334,552.6943122148514
100.04063105583191,96.75536894798279
101.70257371664047,101.03942626714706
107.04852390289307,100.6184760928154
99.78450328111649,99.38249671459198
98.37146139144897,98.40653860569
105.69940114021301,95.81859886646271
101.91636675596237,98.7496332526207
99.31934648752213,104.03265351057053
97.90630370378494,98.68569630384445
105.64224934577942,98.32075065374374
90.58019655942917,444.6968034505844
431.8721430301666,547.0168569684029
873.3851034045219,559.4108965992928
103.01004004478455,98.36095994710922
114.70798528194427,103.38401472568512
100.99898290634155,99.92701709270477
160.2159333229065,63.76506668329239
46.06340712308884,67.64059287309647
46.354294419288635,71.9797055721283
94.45506513118744,45.600934863090515
84.55994647741318,29.717053532600403
116.66687297821045,43.53712701797485
89.90177112817764,216.1352288722992
177.1556876897812,522.6773123145103
47.76162624359131,99.07137376070023
76.46055394411087,523.2064460515976
510.4174802303314,540.2305197715759
940.6534340381622,542.0505659580231
105.44437259435654,106.5926274061203
99.6243222951889,103.33867770433426
107.32324141263962,101.41775858402252
104.33619457483292,104.45980542898178
102.75614881515503,97.11385118961334
101.53009682893753,100.34090316295624
101.50505810976028,101.23494189977646
101.24100458621979,99.05499541759491
99.21695071458817,95.17104929685593
98.82389891147614,98.25110107660294
66.78084564208984,337.29315435886383
305.7018254995346,525.8541744947433
718.9737790226936,549.6552209854126
1173.8027338385582,534.1612661480904
97.50067722797394,96.85032278299332
107.12459540367126,103.09640461206436
98.65753668546677,96.95446330308914
97.1704712510109,103.86652874946594
102.07239592075348,100.24260407686234
102.03035199642181,100.284648001194
102.56229370832443,101.62370628118515
107.03826802968979,103.11073195934296
100.27422994375229,98.15177005529404
91.7501693367958,97.76783066987991
100.727115213871,550.4408847689629
539.7390419840813,543.6129580140114
106.04901069402695,420.35798931121826
480.9879853129387,493.75301468372345
86.48564749956131,405.440352499485
422.36954522132874,544.723454773426
930.234452009201,485.98754799366
83.98833602666855,91.54866397380829
87.44622677564621,85.09077322483063
81.57114404439926,81.8928559422493
80.43503350019455,88.45396649837494
80.74492156505585,83.21807843446732
81.55480617284775,86.64919382333755
81.8456946015358,83.08030539751053
80.35858231782913,81.41941767930984
81.53847360610962,86.62752640247345
82.95325082540512,446.5827491879463
507.764135658741,509.90286433696747
889.425028026104,573.5009719729424
83.93791419267654,85.13608580827713
79.63579565286636,82.75220435857773
81.83467853069305,90.59132146835327
83.84856069087982,88.05943930149078
79.28745347261429,81.99054652452469
83.31833863258362,88.60666137933731
81.62822878360748,83.00077122449875
85.9931184053421,96.8018816113472
81.30301386117935,83.5489861369133
87.00090569257736,73.42409431934357
93.14380466938019,508.48519533872604
83.69468623399734,89.78631377220154
79.52356666326523,452.68143332004547
496.31344652175903,500.25955349206924
886.3263391256332,557.6736608743668
81.09923893213272,86.58576107025146
80.8531254529953,85.07287454605103
83.07102054357529,84.05897945165634
85.45390111207962,86.00909888744354
81.02278888225555,83.1252111196518
83.10967135429382,85.85232865810394
78.97555899620056,85.3954409956932
82.63644379377365,86.99255621433258
80.03933084011078,84.68366914987564
86.6622142791748,44.632785737514496
109.15711861848831,485.28688138723373
536.115014731884,515.0149852633476
966.5729106664658,544.3530893325806
79.34579867124557,83.80320131778717
79.82167989015579,82.271320104599
81.90856802463531,88.62743198871613
82.90346121788025,84.68953877687454
79.91734045743942,83.78665953874588
82.63421827554703,88.36678171157837
83.2951033115387,83.68689668178558
83.60400140285492,84.67299860715866
84.43289721012115,82.08610278367996
45.00178962945938,127.35021036863327
140.45868176221848,502.0033182501793
593.898575425148,511.9914245605469
1041.5784670114517,523.0695329904556
508.4993742108345,524.5756257772446
945.4192761182785,548.9327238798141
85.37719315290451,32.38180685043335
81.89009082317352,33.905909180641174
83.29299032688141,48.393009662628174
89.24989569187164,51.823104321956635
96.11582005023956,56.10717993974686
90.36971229314804,59.09428769350052
105.58660697937012,56.04339301586151
113.95149827003479,57.04850172996521
126.50138682126999,51.461613178253174
108.47827512025833,49.6517248749733
77.8801828622818,496.4158171415329
519.4110702872276,523.2739297151566
981.0909774899483,505.8530225157738
126.82686883211136,54.54313117265701
129.82176929712296,63.678230702877045
146.14968365430832,72.22131633758545
84.71914547681808,88.05885452032089
84.58404797315598,84.61895203590393
83.42993807792664,84.77306193113327
88.38884657621384,86.20515340566635
85.0687712430954,87.9312287569046
81.87766718864441,83.90033280849457
82.79855579137802,83.90544420480728
32.20044231414795,343.0395576953888
317.73234355449677,517.9346564412117
776.4312389492989,540.8097610473633
636.4251316785812,1111.4638683199883
691.179018497467,552.6169815063477
1081.747910618782,612.5670893788338
84.05779981613159,81.88620018959045
87.73769730329514,80.37330269813538
93.15760695934296,41.93439304828644
77.8385300040245,56.66246998310089
95.75843298435211,57.6485670208931
109.06832826137543,62.894671738147736
121.69225418567657,71.9737458229065
143.8351976275444,52.60880237817764
110.20013815164566,61.114861845970154
129.1400330066681,178.7489669919014
249.7269327044487,501.5510672926903
670.2218402028084,542.6291598081589
1095.7717235088348,593.9682765007019
101.13764268159866,89.65935730934143
93.70556366443634,88.79443633556366
98.31247729063034,96.02152270078659
98.84338653087616,95.06361347436905
101.81931656599045,100.84668344259262
107.14725989103317,102.5187401175499
98.68022179603577,98.44977819919586
98.26717388629913,99.21482610702515
101.46507525444031,99.01592475175858
111.49800038337708,108.63199961185455
70.49203681945801,544.9889631867409
473.1170417070389,567.5689582824707
913.4079800248146,575.9070199728012
100.143903195858,97.72709679603577
94.43382346630096,94.21417653560638
99.05874353647232,93.27425646781921
100.94165712594986,92.13134288787842
94.19557225704193,87.6374277472496
104.93150025606155,97.36449974775314
99.55644482374191,91.9625551700592
106.47637295722961,97.41262704133987
105.80432081222534,94.15867918729782
45.07728564739227,88.51471436023712
104.84922862052917,93.70577138662338
100.88116085529327,91.3958391547203
105.22809600830078,243.08690398931503
238.48208159208298,526.7209184169769
643.1990572214127,559.7259427905083
1107.9719625115395,547.5830374956131
100.91088849306107,95.07011151313782
98.99780958890915,94.98319041728973
98.36272692680359,95.48827308416367
98.22863572835922,91.9013642668724
105.87155091762543,94.07344907522202
107.6254631280899,97.04053688049316
97.0643818974495,93.12061810493469
110.55929511785507,93.8107048869133
104.51725161075592,91.33474838733673
97.86422270536423,92.67277729511261
111.93215310573578,533.9008468985558
540.7980661988258,562.1459338068962
995.4029778838158,568.0780221223831
106.71291589736938,96.54608410596848
97.67087429761887,94.90312570333481
104.75778603553772,96.88921397924423
110.08572047948837,90.06127953529358
93.9136933684349,87.73430663347244
104.5576143860817,91.99838560819626
104.12653911113739,90.66946089267731
96.60247433185577,87.36152565479279
99.26339972019196,93.14360028505325
77.12830537557602,93.01969462633133
51.10521358251572,487.04278641939163
113.6001563668251,97.8078436255455
105.42818754911423,298.73881244659424
296.9411494731903,535.9108505249023
727.8430698513985,554.545930147171
1171.301017820835,553.7729821801186
106.98096179962158,95.37103819847107
100.45692402124405,94.08007597923279
104.08185106515884,95.84514892101288
104.16877990961075,95.6832200884819
95.55272680521011,92.02127319574356
98.15864336490631,93.87935662269592
99.56055057048798,89.32844942808151
98.29644918441772,91.90755081176758
95.97539281845093,93.93160718679428
60.0632980465889,192.0477019548416
167.7992342710495,544.5717657208443
595.1451839804649,549.5218160152435
1024.8071563839912,562.674843609333
99.61712527275085,94.05087471008301
99.42603754997253,91.49996244907379
95.90197712182999,104.50502288341522
106.1189079284668,95.02909207344055
96.4848672747612,88.05313271284103
99.2387780547142,94.92822194099426
94.17768329381943,90.56331670284271
101.20958530902863,93.79041469097137
99.77751183509827,92.42548817396164
98.69843059778214,88.72756940126419
79.84236228466034,488.1216377019882
102.78030151128769,93.58969849348068
103.97921234369278,368.53978765010834
383.0291520357132,536.9698479771614
808.2090939879417,560.4569060206413
106.55702298879623,96.59197700023651
99.97700101137161,90.18999898433685
104.15692335367203,87.75007665157318
92.42985939979553,85.36714059114456
104.49779772758484,93.42820227146149
97.23377758264542,90.74722242355347
106.28469824790955,95.14230173826218
101.94562184810638,96.49937814474106
98.55154782533646,95.02245217561722
98.1944687962532,84.0095311999321
101.9483882188797,209.81061178445816
232.0903103351593,538.260689675808
655.8632611036301,556.6187388896942
1114.0621845722198,568.0678154230118
103.02013063430786,98.7398693561554
105.82907170057297,97.85592830181122
109.67602998018265,103.32397001981735
98.87501615285873,93.27398383617401
101.12893253564835,96.74206745624542
103.91985696554184,99.71014302968979
111.54382455348969,99.04817545413971
101.64979416131973,102.23920583724976
104.27471262216568,95.7072873711586
93.67662304639816,48.230376958847046
150.8938860297203,345.77311396598816
77.48213666677475,412.11086332798004
81.90202659368515,85.57797342538834
91.41590732336044,330.7130926847458
408.4847890138626,503.79321098327637
810.7016780376434,528.6313219666481
83.2526044845581,82.32239550352097
84.61649775505066,81.82750225067139
87.20439529418945,90.42460471391678
83.95829463005066,82.02270537614822
85.28618198633194,81.36181801557541
84.87306982278824,81.07093018293381
91.29397076368332,88.20602923631668
82.58490145206451,82.78509855270386
80.70977580547333,87.0122241973877
84.48264753818512,84.75835245847702
56.38452851772308,408.3754714727402
423.9894056916237,505.7695943117142
882.6142800450325,524.3847199678421
82.59015476703644,80.7428452372551
82.71503114700317,85.37796884775162
85.61690884828568,82.06809115409851
85.05578744411469,81.31421256065369
48.93966853618622,64.63433146476746
72.50754529237747,56.67645472288132
84.40019410848618,42.91480588912964
145.9131100177765,38.4748899936676
154.87106239795685,386.1669375896454
75.90441513061523,412.00358486175537
89.56529879570007,82.26770120859146
59.69018912315369,366.66181087493896
389.20306581258774,500.314934194088
829.530970454216,521.9140295386314
70.76072442531586,56.66427558660507
66.3856104016304,63.17038959264755
82.1945012807846,59.74949872493744
78.5043995976448,66.21760040521622
96.83331024646759,57.74168974161148
93.10520279407501,64.56179720163345
106.76608628034592,69.28891372680664
100.98297733068466,71.72102266550064
89.86687695980072,93.0591230392456
58.584764540195465,411.3612354397774
405.2456532716751,518.6813467144966
876.5365334153175,526.8704665899277
83.08641135692596,84.35758864879608
84.34028881788254,81.91871118545532
84.5581687092781,77.59083127975464
87.66304695606232,78.87395304441452
84.0659242272377,82.24907577037811
83.81979387998581,78.5882061123848
81.868667781353,78.81533223390579
86.60554295778275,26.080457031726837
89.6184321641922,69.30756783485413
115.22333633899689,50.07166367769241
94.34823906421661,463.6887609362602
452.4172146320343,542.6937853693962
893.3561986684799,532.2178013324738
335.4801407456398,561.8158592581749
798.0871123671532,528.4688876271248
1174.507034420967,562.880965590477
85.1869369149208,79.77606308460236
87.40484005212784,81.85515993833542
89.32475298643112,75.02624702453613
88.15366327762604,78.47733670473099
89.92558604478836,26.759413957595825
99.95750147104263,76.46849852800369
86.22941279411316,74.99258720874786
88.18833440542221,31.294665575027466
82.5292540192604,225.193745970726
239.09820729494095,497.12479269504547
634.1111775636673,535.6858224272728
996.7172230482101,612.8387769460678
109.04412204027176,79.45487797260284
88.57708811759949,78.44191187620163
86.05303055047989,79.28096944093704
90.5669674873352,80.56303250789642
92.06091111898422,79.88408887386322
90.57385432720184,80.55514568090439
90.51378029584885,85.19021970033646
117.24875646829605,69.78724354505539
86.54115533828735,81.10784465074539
92.36805957555771,81.9469404220581
66.77102261781693,316.69197738170624
248.46913516521454,520.8818648457527
681.2980958819389,523.2769041061401
132.68104928731918,514.725950717926
535.8050992488861,539.0089007616043
928.4480046033859,593.532995402813
90.2019053697586,93.22309464216232
87.14182037115097,78.35817962884903
83.87771499156952,76.5492849946022
93.13059949874878,84.25740051269531
84.95952159166336,81.13347840309143
85.15741246938705,77.45358753204346
87.33830463886261,79.12469536066055
85.90620738267899,80.01979261636734
86.14210188388824,78.46989810466766
86.17299246788025,64.01200753450394
106.59387731552124,499.8501226902008
540.8117820620537,530.3372179269791
990.157667696476,550.9903323054314
87.374560713768,78.44043928384781
83.59144324064255,28.94555675983429
90.25333100557327,80.21066898107529
90.4702318906784,39.38276809453964
128.63117253780365,61.31382745504379
139.73707908391953,56.46692091226578
136.640010535717,48.30598944425583
133.1889065504074,61.08809345960617
144.70280021429062,65.90819978713989
127.45672231912613,26.469277679920197
114.32162618637085,507.9003738164902
510.5765797495842,557.1844202876091
64.35146117210388,415.29653882980347
116.88334608078003,64.52465391159058
88.76723474264145,325.1037652492523
355.7431308031082,520.7578691840172
749.4230254292488,564.669974565506
643.1209199428558,1110.9530800580978
89.63380843400955,80.90219157934189
90.70270413160324,83.68529587984085
86.84560036659241,80.50539964437485
85.71048927307129,78.73351073265076
85.29837483167648,77.34962517023087
84.95926117897034,79.0777388215065
85.89814311265945,77.50885689258575
87.69003230333328,78.791967689991
91.29592776298523,80.16807222366333
50.38281273841858,409.63618725538254
395.951691031456,525.4553089737892
802.3535774946213,582.7764225006104
82.62648802995682,80.46651196479797
87.39836144447327,81.28563857078552
86.33825063705444,82.27274936437607
86.09212708473206,78.81587290763855
83.32800632715225,80.37599366903305
85.71088409423828,79.49211591482162
85.24277061223984,80.07222938537598
83.84764266014099,78.17035734653473
85.99151825904846,81.8794817328453
87.87440067529678,78.5145993232727
86.70328229665756,465.6677176952362
478.0311647057533,535.5058352947235
885.3030395507812,570.5849604606628
448.6679182648659,509.2010817527771
872.0897884964943,546.7072114944458
84.3796836733818,78.2313163280487
85.96656250953674,77.21743750572205
93.35047060251236,76.31552940607071
85.32738089561462,78.41361910104752
87.48926490545273,75.56673508882523
87.96414971351624,77.47985029220581
96.10705822706223,77.55894178152084
89.21398532390594,78.5270146727562
87.91187852621078,81.18012148141861
85.44375997781754,91.77824002504349
70.75307387113571,306.89492613077164
317.37797248363495,519.9180275201797
779.9648389220238,637.553161084652
1180.4977141022682,573.5772858858109
92.47762995958328,387.4843700528145
380.8985276222229,558.8784723877907
846.0604219436646,560.5695780515671
85.22231549024582,76.74168449640274
759.5862107872963,572.0797892212868
88.59910762310028,82.10389238595963
88.16899526119232,74.22100472450256
85.34789282083511,75.1701071858406
96.78780329227448,83.8781967163086
89.68974059820175,77.56925940513611
88.29563498497009,79.0003650188446
88.23452144861221,80.33847856521606
88.13740611076355,75.39959388971329
88.89127790927887,78.22072207927704
71.94116026163101,78.61383974552155
58.60303604602814,421.19396394491196
381.74490517377853,557.810094833374
821.739778637886,576.5192213654518
83.6426517367363,77.41434824466705
84.63652539253235,78.90047460794449
90.44641137123108,80.81358861923218
87.79331320524216,78.07768678665161
83.4911921620369,76.87880784273148
83.70806229114532,78.75493770837784
83.64793163537979,77.72306835651398
86.8088099360466,81.50619006156921
87.95068913698196,80.1043108701706
72.35357409715652,142.73942589759827
49.10745024681091,516.2065497636795
473.9173273444176,543.1936726570129
916.004203915596,572.7367960810661
84.99907892942429,75.75992107391357
85.30795484781265,79.61704516410828
89.2478284239769,81.28917157649994
85.27870875597,76.5172912478447
86.45959049463272,76.81840950250626
88.23147648572922,75.84152352809906
86.65237194299698,78.01362806558609
85.40625697374344,75.03774303197861
88.19713741540909,78.45086258649826
69.45102775096893,239.02997225522995
98.1129138469696,549.2580861449242
557.9037932753563,552.9112067222595
41.30566364526749,567.583336353302
506.5045328140259,549.754467189312
1044.0174134373665,479.61258655786514
85.30828738212585,74.06171262264252
84.76616483926773,75.95683515071869
87.50203335285187,79.96196663379669
85.57091301679611,76.37508696317673
85.78779429197311,78.26820570230484
84.41167396306992,75.95932602882385
84.16455811262131,77.42744189500809
86.51244139671326,79.67355859279633
89.41432619094849,77.474673807621
87.483223259449,266.27577674388885
202.57010531425476,619.9108946919441
739.0459898710251,448.58301013708115
1091.0968918800354,535.8111081123352
86.7027735710144,75.76022642850876
86.69665974378586,77.26534026861191
86.89454108476639,78.41945892572403
85.92642682790756,78.128573179245
86.92230927944183,79.93069070577621
88.82420456409454,76.23179543018341
88.83710050582886,73.7178995013237
87.59099447727203,76.89100551605225
53.844887018203735,77.24711298942566
66.413782954216,346.1782170534134
190.96382731199265,652.332172691822
616.7187645435333,565.8742354512215
1006.6947306990623,563.953269302845
482.52267384529114,574.49632614851
871.7576358318329,604.7603641748428
90.17854976654053,84.52445024251938
86.47043919563293,80.14056080579758
89.89032632112503,79.33167368173599
91.51522314548492,79.65177685022354
87.43511694669724,79.34188306331635
92.28200751543045,82.97699248790741
89.46190679073334,78.33409321308136
93.27079957723618,82.3022004365921
90.19169694185257,80.6783030629158
97.10756385326385,437.78143614530563
454.52850699424744,538.0264930129051
915.72739559412,540.903604388237
106.42529088258743,58.01870912313461
110.04918950796127,58.728810489177704
187.39612519741058,57.269874811172485
158.8540482521057,48.9609517455101
91.14549392461777,75.63250607252121
89.89842820167542,76.54557180404663
90.69032108783722,75.77267891168594
88.87021505832672,79.48178493976593
90.56810301542282,77.07989698648453
91.80499374866486,74.23300623893738
97.72489494085312,250.33010506629944
282.6458048224449,527.0401951670647
694.4547090530396,563.6752909421921
1170.875604391098,531.5693956017494
92.11536872386932,413.810631275177
193.44326585531235,50.62973415851593
92.0681499838829,340.96885001659393
278.2480419874191,619.9369580149651
779.1499267220497,552.4230732917786
87.18181639909744,77.50418359041214
89.78770351409912,74.21229648590088
87.50458627939224,73.47641372680664
86.22146844863892,72.76053154468536
87.47534984350204,75.30165016651154
88.21023201942444,74.73376798629761
90.55711460113525,74.05388540029526
87.40399277210236,73.09600722789764
90.23187947273254,77.56412053108215
71.72676575183868,85.40323424339294
92.35064625740051,534.8343537449837
459.7165330052376,526.4324669837952
575.2423096895218,51.88669031858444
88.68219602108002,74.3368039727211
88.71310240030289,73.9718976020813
88.44899159669876,74.16200840473175
87.739881336689,73.4091187119484
88.86476922035217,72.32123076915741
91.15565741062164,72.21434259414673
90.01954382658005,73.96145617961884
90.94044035673141,74.72555965185165
62.73233926296234,166.1196607351303
118.00448352098465,351.38351649045944
326.9445783495903,554.2224216461182
83.45752853155136,230.83947145938873
210.67348784208298,544.4555121660233
633.095430791378,561.9965692162514
1034.92237585783,598.9286241531372
91.75133830308914,74.34066170454025
89.70922952890396,82.16177046298981
96.5561311841011,85.1488687992096
90.32804280519485,80.07895720005035
89.50793999433517,75.99206000566483
88.74382871389389,76.51617127656937
88.81274753808975,74.20625245571136
90.04764372110367,77.43435627222061
91.44954490661621,81.05045509338379
97.0934329032898,256.6845670938492
161.82844799757004,625.9125519990921
580.4154212474823,536.0475787520409
966.4663015007973,577.6816985011101
94.09021979570389,75.98378020524979
93.54813832044601,85.19286167621613
96.46905159950256,80.77294838428497
92.75996124744415,75.44403874874115
92.53189271688461,76.96810728311539
94.0077913403511,76.75120866298676
93.68769419193268,81.20130580663681
95.81159734725952,78.68740266561508
94.56650531291962,84.97049468755722
102.61640793085098,52.45759207010269
125.09238868951797,583.1846113204956
428.0684537291527,568.1715462207794
74.7304328083992,358.9905672073364
344.6143926382065,529.8116073608398
741.2013602852821,559.6136397123337
1157.5112803578377,577.062719643116
92.82017910480499,78.03082090616226
92.149079144001,77.2589208483696
95.38398146629333,80.50501853227615
97.74988543987274,75.21311455965042
93.42978501319885,77.34921497106552
92.40568178892136,74.98331820964813
95.45558315515518,79.80341684818268
90.82048773765564,73.23451226949692
95.66838759183884,78.85061240196228
92.60630667209625,287.41169333457947
354.21218436956406,647.17581564188
733.4660855531693,569.32891446352
1157.349991619587,588.5020083785057
92.62287694215775,78.26612305641174
87.74777102470398,71.99422895908356
92.22265487909317,76.07234513759613
87.6625457406044,71.65245425701141
92.04643088579178,72.08356910943985
90.13332557678223,75.25567442178726
91.66521716117859,72.20478284358978
90.34512257575989,74.59987741708755
90.30302059650421,73.84597939252853
62.16790819168091,376.3140918016434
347.47679364681244,540.5042063593864
741.7316706776619,638.1213293075562
88.13255554437637,87.92244446277618
747.7574297785759,562.6685702204704
1156.2333002090454,596.0626997947693
86.988172352314,70.23482763767242
88.0930455327034,72.36995446681976
88.73691791296005,74.15208208560944
89.61979085206985,72.04620915651321
90.72567737102509,75.20032262802124
89.47955191135406,73.50244808197021
96.23344641923904,84.02555358409882
91.15434348583221,74.51165652275085
94.74123847484589,76.4437615275383
55.21813374757767,409.07786625623703
416.67603582143784,517.6209641695023
825.1149282455444,549.8490717411041
94.12782031297684,90.16817969083786
92.32571280002594,80.13628721237183
91.00560188293457,76.12339812517166
89.5564814209938,77.48151856660843
90.42136257886887,75.26363742351532
91.30524724721909,79.19475275278091
89.48513442277908,78.44086557626724
89.1830193400383,74.18798065185547
88.82590389251709,76.6550961136818
77.83978521823883,73.60521477460861
96.63067436218262,415.64732563495636
403.69857251644135,565.3004274964333
878.3974493741989,575.9915506243706
90.17032676935196,71.71867322921753
93.47922658920288,77.96477341651917
90.54811668395996,74.69288331270218
88.85699903964996,71.82800096273422
87.2598729133606,70.64712709188461
90.8477469086647,35.83725309371948
92.00863087177277,57.19536912441254
101.85552513599396,55.53347486257553
115.70242863893509,55.63157135248184
139.54833453893661,50.78466546535492
77.56123697757721,483.9577630162239
100.8891618847847,79.8148381114006
85.29205822944641,388.0229417681694
350.84200102090836,600.3979989886284
753.2999547123909,596.0710452795029
105.572869181633,81.55813080072403
108.99286085367203,84.74813914299011
189.39479917287827,49.88320082426071
104.6127559542656,78.99824404716492
113.71869665384293,81.46730333566666
104.08364516496658,77.56535482406616
111.79958635568619,83.86641365289688
112.42453444004059,83.14946556091309
106.14150089025497,80.02549910545349
114.48844438791275,84.54855561256409
113.79740154743195,138.3315984606743
133.08834719657898,560.3186528086662
549.3802748322487,588.4727251529694
1002.9301854968071,596.9958145022392
116.79511111974716,88.48288887739182
113.51208060979843,84.98791939020157
125.19203734397888,77.97496265172958
119.29798322916031,86.98001676797867
118.12595295906067,87.37404704093933
107.06492203474045,77.47107797861099
111.52287286520004,83.49512714147568
106.406829059124,78.94517093896866
151.32777923345566,74.17222076654434
114.19271737337112,87.5292826294899
108.03864449262619,378.0543555021286
365.996559381485,573.4474406242371
102.39947855472565,296.3605214357376
282.39337426424026,575.6436257362366
721.7213042974472,586.0376957058907
1167.3082584142685,587.9687415957451
116.63721179962158,98.91778820753098
114.44620043039322,91.49679958820343
115.46015161275864,93.11384838819504
105.75106084346771,90.0639391541481
119.9130095243454,100.34699046611786
112.70301872491837,89.01798129081726
108.12393742799759,96.41206258535385
107.8408430814743,89.54715692996979
112.76175701618195,95.03524297475815
117.57169181108475,109.20630818605423
128.15962356328964,550.7663764357567
542.857554256916,590.2354457378387
1042.7595092654228,544.2964907288551
93.29592096805573,404.8150790333748
390.3088159561157,570.5251840353012
815.11869764328,611.5113023519516
333.9095788002014,573.9234212040901
752.4974662065506,591.4475337862968
94.47335588932037,75.04564410448074
86.84390133619308,84.17509865760803
91.69932359457016,89.8556764125824
89.24176812171936,84.07323187589645
86.61619418859482,78.95680582523346
87.71360671520233,81.13739329576492
87.84801781177521,83.98498219251633
86.8164279460907,80.14657205343246
88.82083958387375,87.43816041946411
61.621257066726685,85.32274293899536
89.55267709493637,421.96532291173935
351.22410702705383,600.1098929643631
799.9695340394974,602.2154659628868
88.32595908641815,82.87704092264175
89.22037482261658,82.70662516355515
91.41081428527832,82.57218569517136
88.54425126314163,77.32574874162674
90.77167898416519,81.28432101011276
88.42409288883209,85.00190711021423
95.44751638174057,81.9224836230278
89.35995715856552,75.91804283857346
89.25238013267517,81.22861987352371
89.38779675960541,85.07520323991776
92.04021853208542,437.6817814707756
409.8416514992714,565.0653485059738
837.4380837082863,596.1539162993431
86.75851398706436,77.62948602437973
763.9669399261475,70.34806007146835
95.06436437368393,80.62063562870026
88.86580008268356,77.78219991922379
88.27721786499023,80.68478214740753
90.76364606618881,75.49535393714905
89.63908392190933,79.11991608142853
89.97651088237762,82.20848912000656
90.88893169164658,84.9810683131218
91.71380025148392,81.6011997461319
88.36623710393906,85.24476289749146
74.94565379619598,409.20334619283676
350.5050848722458,556.4199151396751
791.6215128302574,598.0444871783257
93.34795635938644,81.37404364347458
86.83539682626724,76.1096031665802
88.76581138372421,78.71618860960007
87.54822927713394,76.74877071380615
91.77564322948456,75.63235676288605
88.55706351995468,76.6279364824295
91.02548933029175,79.34551066160202
86.1969193816185,79.28508061170578
86.7203386425972,78.89166134595871
95.13717657327652,436.21482342481613
380.10361206531525,587.1173879504204
830.9610268473625,596.9089731574059
89.78044259548187,80.9975574016571
86.970878303051,78.47312170267105
88.27229791879654,78.43170207738876
90.55372601747513,75.90927398204803
86.4301580786705,76.01484191417694
87.36057657003403,76.04742342233658
86.86499851942062,75.69100147485733
86.79641848802567,75.55658149719238
89.5038378238678,77.4961621761322
41.87926530838013,73.88073468208313
62.42070120573044,504.8202987909317
496.38811480998993,546.092885196209
92.02252662181854,428.55147337913513
426.36095094680786,557.676049053669
807.995382130146,595.2456178665161
88.29680091142654,78.40719908475876
88.37521719932556,77.8847827911377
88.86163663864136,78.50936335325241
88.53305548429489,78.67094451189041
91.8344811797142,76.90751880407333
86.83891069889069,79.42008930444717
85.17632246017456,80.98967754840851
84.95973187685013,76.20726811885834
85.50114619731903,77.79485380649567
33.83955943584442,84.34644055366516
76.10297667980194,506.49002331495285
504.7933992743492,538.113600730896
880.1868145465851,603.9061854481697
84.52523791790009,78.97476208209991
84.89965182542801,78.04434818029404
83.9040669798851,75.81693303585052
84.42847776412964,76.92352223396301
84.7098839879036,77.66011601686478
86.36329424381256,78.76670575141907
84.73770594596863,77.55729407072067
87.15011668205261,77.62688332796097
86.22952973842621,80.69647026062012
80.4379380941391,128.6540619134903
115.03534817695618,545.1686518192291
570.3367592692375,553.052240729332
1007.3601744174957,575.0288255810738
530.2526134252548,559.6173865795135
974.443057179451,549.2229428291321
84.57746773958206,73.73753225803375
85.58287340402603,75.39912658929825
87.05028122663498,77.98671877384186
84.44369769096375,74.31630229949951
86.80012619495392,79.68087381124496
91.8795382976532,50.47346168756485
116.53195363283157,47.93104636669159
99.68437242507935,65.62962758541107
131.1528109908104,61.82818901538849
109.41725677251816,84.67674320936203
91.82916885614395,389.948831140995
352.68559569120407,574.480404317379
805.4870223999023,584.882977604866
85.43646264076233,77.85953736305237
84.51488012075424,80.33711987733841
93.72329699993134,77.35070300102234
87.87672960758209,27.920270383358
89.08514511585236,37.59985488653183
98.31158113479614,77.70641887187958
87.03904259204865,34.66495740413666
85.93246990442276,58.93753010034561
114.02988284826279,49.89611715078354
96.44230860471725,42.132691383361816
103.07674741744995,389.62725257873535
410.5251854658127,545.1778145432472
875.7156162261963,562.8953837752342
132.88704931735992,54.27995067834854
141.91047650575638,54.5715234875679
140.80392134189606,57.21507865190506
125.1423459649086,59.30265402793884
69.51728701591492,62.16671299934387
82.54071569442749,58.44028431177139
105.84222602844238,76.67677396535873
89.32875508069992,77.00424492359161
93.55525350570679,78.68574649095535
94.22675722837448,79.93924278020859
84.60224294662476,122.37875705957413
89.40372842550278,79.44827157258987
90.07517021894455,80.29582977294922
81.89464384317398,475.95735615491867
435.9181572794914,550.1378427147865
882.4406480193138,543.1513519883156
89.77914297580719,95.46085703372955
63.302558183670044,60.604441821575165
69.51096814870834,59.60003185272217
84.9963812828064,52.5036187171936
66.92884063720703,55.94215935468674
102.58133685588837,82.27066314220428
91.52982521057129,87.41417479515076
89.33126682043076,82.29873317480087
87.7807285785675,79.59027141332626
90.13716059923172,82.04783940315247
75.58662819862366,350.3953717947006
325.20214235782623,538.0758576393127
744.9106574058533,540.2193425893784
1127.0820972919464,589.1029027104378
88.62454515695572,76.72845482826233
1041.4439575076103,611.1680424809456
85.83738279342651,77.3856171965599
87.67579019069672,78.3432098031044
89.43919897079468,81.0418010354042
87.96260696649551,83.24039304256439
86.8010168671608,80.791983127594
87.99043071269989,79.75056928396225
89.21784961223602,80.02215039730072
73.38825964927673,351.77674037218094
82.0796707868576,71.16132920980453
91.62111854553223,276.65688145160675
238.27356737852097,566.9294326305389
698.0750013589859,578.5909986495972
1099.9124394059181,625.550560593605
104.62190049886703,95.97109949588776
104.44134813547134,95.98465186357498
102.90879565477371,103.35020434856415
104.04322910308838,97.51277089118958
104.47467523813248,97.65632474422455
98.14514911174774,87.48485088348389
103.74360299110413,93.5903970003128
104.28405129909515,86.7709487080574
112.64151686429977,101.30248314142227
102.44300830364227,148.1319916844368
108.98345911502838,617.2935408949852
537.0449128746986,625.363087117672
989.919376552105,631.0246234536171
104.73886650800705,95.9091334939003
101.37332379817963,99.18167620897293
104.52677845954895,92.529221534729
103.60623532533646,94.70976465940475
104.18372309207916,91.3712769150734
101.76316875219345,92.2918312549591
99.58261567354202,88.04638433456421
99.9210632443428,85.17093676328659
111.92651504278183,85.62948495149612
131.20798003673553,39.18001997470856
44.102825820446014,399.37817418575287
96.71827059984207,76.04072940349579
55.96372032165527,303.9802796840668
267.5981665253639,554.6238334774971
710.9356008768082,581.5083991289139
1111.73803627491,613.5219637155533
89.98348742723465,27.75751256942749
105.46892488002777,33.586075127124786
99.0853601694107,48.22963982820511
84.51579695940018,53.872203052043915
97.96523225307465,50.052767753601074
94.80367529392242,50.99332469701767
119.88210797309875,47.93289202451706
114.59056359529495,51.24343639612198
97.09505158662796,53.62694841623306
85.32250839471817,225.60349160432816
198.60500824451447,546.7469917535782
631.8135250210762,583.6684749722481
1072.9299749732018,551.3480250239372
95.52641421556473,48.41758579015732
79.1608709692955,56.19012904167175
98.94433361291885,62.72266638278961
92.83679485321045,60.03320515155792
124.99023520946503,46.52776479721069
128.19867277145386,52.80132722854614
143.64812171459198,50.18587827682495
140.07855373620987,55.53244626522064
132.76800268888474,50.04599732160568
123.3104607462883,68.94853925704956
75.50038236379623,389.0176176428795
313.19090884923935,586.0870911478996
79.54751455783844,226.24948543310165
165.7750192284584,581.0399807691574
622.446565747261,565.3684342503548
936.5061811208725,601.1598188877106
93.64161878824234,76.22838121652603
95.42405998706818,75.96494001150131
97.02050429582596,77.10849571228027
92.26695662736893,76.41804337501526
92.3643946647644,77.15460532903671
95.53583413362503,75.70516586303711
92.91028141975403,76.32971858978271
94.19272536039352,76.64027464389801
103.7901753783226,77.96882462501526
104.1656140089035,46.223385989665985
99.48510974645615,465.8848902583122
450.6195930838585,551.325406908989
891.0321010947227,554.763898909092
93.18453598022461,75.59246402978897
93.09797215461731,75.90302783250809
97.47242420911789,77.008575797081
95.5328860282898,76.33811396360397
92.81532967090607,74.90767031908035
100.02377128601074,76.60622870922089
92.97322714328766,75.54577285051346
95.45866852998734,76.1703314781189
96.89011681079865,79.53588318824768
99.02464473247528,77.457355260849
84.56616508960724,342.7668349146843
249.29377114772797,584.706228852272
83.92726272344589,183.275737285614
122.4327455163002,563.3082544803619
543.0483300685883,558.4326699376106
938.8677678704262,614.8352321386337
94.13220649957657,75.86779350042343
94.48864108324051,76.5103589296341
96.32708829641342,79.65391170978546
102.2025436758995,81.05745631456375
90.96601641178131,78.86698359251022
98.13747179508209,85.84452819824219
94.216936647892,76.63506335020065
94.68438565731049,80.55661433935165
94.44785439968109,77.42214560508728
83.61936604976654,32.454633951187134
64.60705572366714,402.4489442706108
392.5924872159958,565.1485127806664
834.5419207811356,568.4950792193413
105.9913501739502,51.47164982557297
103.58878654241562,51.39321345090866
114.7972109913826,48.42578899860382
109.5796389579773,53.309361040592194
118.21406364440918,52.711936354637146
145.58949899673462,60.85550099611282
104.2609441280365,97.07305586338043
99.505395591259,81.45660442113876
107.93684220314026,93.24915778636932
106.16329562664032,88.1517043709755
91.00178217887878,342.22021782398224
276.8402581214905,577.9937418699265
714.8267058134079,603.4882941842079
182.99816638231277,588.5208336114883
617.5946126580238,603.5163873434067
1072.3220549821854,603.6599450111389
103.93749099969864,89.87650901079178
102.71993106603622,90.57606893777847
107.02237612009048,95.366623878479
129.41483014822006,96.93716984987259
116.2163034081459,95.30269658565521
113.51778429746628,94.42721569538116
108.63330221176147,89.68169778585434
100.50875306129456,84.10224694013596
132.34619742631912,58.07880258560181
92.40709364414215,80.07490634918213
40.19052916765213,488.5134708285332
425.5469610095024,566.4720389842987
873.810402572155,566.6715974211693
93.64883667230606,78.09216332435608
90.78326517343521,76.79173481464386
94.23170399665833,77.67429602146149
94.21913844347,23.89186155796051
95.29758006334305,77.27741992473602
94.19101279973984,30.93898719549179
98.78844618797302,32.15555381774902
87.95987659692764,53.79912340641022
105.18731033802032,60.12768965959549
93.06175857782364,49.06724143028259
94.2701968550682,421.26680314540863
394.2386224269867,584.2803775668144
849.3170601725578,579.4789398312569
273.06250405311584,619.418495953083
716.807968556881,602.7660314440727
1159.942448079586,622.3165519237518
100.65089601278305,84.44210398197174
100.48933154344559,83.78866845369339
103.06777173280716,87.21022826433182
111.86922097206116,85.1867790222168
103.63267129659653,81.7923287153244
106.00912165641785,89.17687833309174
104.86557453870773,85.1714254617691
107.07302725315094,86.18497276306152
111.35649931430817,93.77350068092346
118.04698866605759,195.71401131153107
188.6984538435936,588.7275461554527
609.3519127964973,621.1300871968269
1052.2643826007843,617.5506173968315
101.8798679113388,87.97113209962845
105.49630737304688,85.15169262886047
106.20476078987122,81.73923921585083
104.69022583961487,85.75377416610718
103.88068306446075,82.08231693506241
107.88515853881836,87.31784147024155
105.76060402393341,85.5543959736824
100.63605111837387,83.6419488787651
105.36350071430206,84.15549927949905
107.79394143819809,94.83605855703354
74.46440178155899,572.3315982222557
515.340882897377,627.1781170964241
912.6414070725441,614.7475929260254
101.83085876703262,85.90914124250412
821.0583018660545,629.830698132515
106.9697630405426,88.27023696899414
103.66124629974365,87.15475368499756
112.07270163297653,83.48329836130142
103.33616423606873,80.95983576774597
101.67463171482086,81.30736827850342
100.97508776187897,82.46791225671768
107.81454646587372,88.64945352077484
106.72699701786041,86.90400296449661
103.04546236991882,83.0845376253128
106.51392233371735,86.65207767486572
102.59237623214722,322.2036237716675
269.9488522410393,598.4951477646828
697.6573067307472,620.3606932759285
1141.8107749819756,634.8382250070572
105.48226922750473,88.07373076677322
112.43172121047974,89.18027877807617
107.41718792915344,84.63781207799911
106.31168377399445,88.39231622219086
112.87212932109833,86.9618706703186
102.98759269714355,82.12340730428696
106.30805599689484,87.00694400072098
105.1455100774765,83.79848992824554
106.68796837329865,85.86803162097931
61.09941816329956,219.08558183908463
123.64187568426132,607.3961243033409
552.8313329219818,632.8906670808792
1004.4287873506546,635.3302126526833
106.0262463092804,85.5667536854744
913.1236954927444,622.8583045005798
110.6841493844986,98.13185060024261
104.37363588809967,79.53436410427094
102.50808334350586,79.21391665935516
105.8275415301323,88.82045847177505
108.16603404283524,86.2789659500122
113.63351148366928,91.47748851776123
125.52697110176086,89.15802890062332
106.17943823337555,30.375561773777008
105.5368921160698,85.62910789251328
109.7633445262909,92.16265547275543
107.3428087234497,388.62019127607346
334.7182613015175,619.3377386927605
776.0197160243988,630.1292839646339
103.43118226528168,71.60581773519516
104.49162757396698,88.36037242412567
99.31104850769043,87.22595149278641
111.24248963594437,90.27651035785675
103.91297489404678,84.19802510738373
103.71440726518631,85.17459273338318
117.1628999710083,148.11410003900528
101.55741667747498,87.46158331632614
104.19185942411423,86.41914057731628
101.43729883432388,89.2477011680603
62.367734014987946,350.9842659831047
253.87315875291824,601.6268412470818
696.5815796852112,622.8264203071594
1163.6229947805405,634.9330052137375
98.62741285562515,81.53958714008331
1096.5218323469162,636.6451676487923
96.04425376653671,79.71474623680115
108.84566575288773,86.5803342461586
102.98008620738983,85.61191380023956
113.17053145170212,89.23746854066849
107.61901211738586,89.65898787975311
105.10544419288635,83.63455581665039
52.98087418079376,79.94512581825256
121.72634696960449,288.82965302467346
117.10184901952744,90.65815097093582
84.43930113315582,218.87569886446
152.37076205015182,590.9452379345894
577.5971938371658,637.495806157589
1039.1946246027946,637.3803753852844
108.94005370140076,84.85594630241394
103.7605129480362,84.55548703670502
105.32097262144089,87.2720273733139
99.49140578508377,79.5825942158699
114.4778373837471,89.13316261768341
104.96329802274704,86.03570199012756
115.28378003835678,89.66121995449066
113.45527642965317,85.76672357320786
106.75673878192902,85.11426120996475
106.68620276451111,103.66479724645615
114.87668710947037,536.3083128929138
474.51117700338364,611.2478229999542
908.4416323900223,630.2243676185608
106.8350802063942,88.3489198088646
100.76653271913528,81.77046728134155
106.15996342897415,84.06203657388687
102.5914032459259,84.22459673881531
102.8178358078003,81.88516420125961
108.61829209327698,87.28870791196823
109.64274001121521,82.69125998020172
120.46221834421158,86.20478165149689
108.26266181468964,85.31133818626404
101.04514235258102,91.89885765314102
104.67963147163391,427.6913685798645
380.0370663404465,617.0929336547852
76.18949419260025,401.69950580596924
285.8429802060127,636.3610197901726
713.7174884080887,622.8375115990639
1156.888929605484,644.0000703930855
102.17137634754181,84.5316236615181
100.23280900716782,82.65619099140167
102.10625004768372,85.15274995565414
104.0376843214035,84.85131567716599
100.17211812734604,80.64288187026978
105.32454818487167,88.76745182275772
104.77397638559341,85.89202362298965
113.50141644477844,88.6475835442543
109.11788779497147,86.43911218643188
99.64035123586655,287.0996487736702
216.7198434472084,634.725156545639
649.9282838106155,639.0907161831856
1090.7847574353218,641.7332425713539
112.99325001239777,95.89574998617172
110.03573751449585,89.18726247549057
115.28016030788422,88.75683969259262
109.89661282300949,84.15838718414307
101.58607304096222,83.32092696428299
111.94251722097397,85.94548279047012
106.78101736307144,85.58898264169693
101.78546446561813,79.41753554344177
106.71690690517426,84.72809308767319
107.42534923553467,149.42665076255798
100.78181684017181,603.089183151722
525.9722636342049,636.7687363624573
117.21676915884018,498.61623084545135
412.5552708506584,625.5177291631699
840.4127514362335,630.6242485642433
97.63919341564178,79.23180657625198
116.14362996816635,90.93037003278732
114.44511795043945,90.46288204193115
110.282566010952,80.75343400239944
105.36204308271408,84.37895691394806
107.7924936413765,81.596506357193
107.27896404266357,86.61003595590591
112.19140684604645,88.73459315299988
104.32587140798569,80.15612858533859
101.7563191652298,87.31768083572388
95.61377990245819,389.31222009658813
303.9702300429344,611.1787699460983
732.6416957378387,657.2663042545319
1184.7011377811432,684.983862221241
115.31757861375809,86.88642138242722
102.80406153202057,84.51093846559525
99.0864827632904,78.72851723432541
115.92392629384995,91.27907371520996
116.54041683673859,93.03358316421509
107.93386453390121,80.23213547468185
110.60531395673752,83.52468603849411
102.33178043365479,82.76021957397461
116.44822508096695,83.9957749247551
113.73070192337036,265.08429807424545
194.19919973611832,600.4118002653122
610.3696718811989,628.5563281178474
1065.6151173114777,637.7168827056885
516.8975865840912,632.731413424015
972.9580146074295,641.5039854049683
102.68542957305908,85.05557042360306
115.50487142801285,85.25412857532501
108.28736233711243,84.7306376695633
98.06980901956558,78.74419099092484
113.75929462909698,88.16570538282394
118.83879095315933,89.64220905303955
109.62225759029388,81.52674239873886
106.29271030426025,86.20628970861435
103.53815621137619,81.77684378623962
55.61761999130249,97.25338000059128
114.51106876134872,496.15593123435974
406.2565379142761,652.7804620862007
856.7239777445793,672.07102227211
100.41444009542465,78.21455991268158
112.27086049318314,87.69213950634003
106.81230789422989,85.09469211101532
106.4657512307167,85.6452487707138
115.30321192741394,87.27078807353973
111.95670753717422,89.2652924656868
110.75716322660446,78.96483677625656
116.78161805868149,91.08838194608688
115.71211230754852,86.10288769006729
99.27259123325348,88.89440876245499
108.44405961036682,369.2779403924942
309.7815157175064,619.6624842882156
736.3799634575844,671.1580365300179
1193.6994197964668,645.1345801949501
635.9258791804314,665.000120818615
1099.3573106527328,683.4946893453598
102.41673821210861,78.87926179170609
111.42216926813126,87.87483072280884
108.3716049194336,83.18539506196976
107.78303289413452,86.10596710443497
117.01049840450287,85.89650160074234
110.16299593448639,83.85500407218933
104.20545691251755,81.49854308366776
116.83991289138794,93.71608710289001
111.52943503856659,81.02656495571136
80.29390519857407,200.63209480047226
115.48335111141205,620.9976488947868
530.4877998232841,705.3822001814842
989.0482519865036,641.4697480201721
109.90568798780441,82.53831201791763
103.54014956951141,84.03385043144226
106.91460210084915,84.7333979010582
102.01205050945282,80.39494949579239
114.6654971241951,85.92750287055969
109.70695197582245,82.79304802417755
103.82240694761276,80.39959305524826
117.7158699631691,88.74613004922867
105.92535150051117,81.85264849662781
89.31879019737244,100.10720980167389
109.73124700784683,514.583752989769
441.32771813869476,657.2272818684578
881.0372094511986,643.6667905449867
106.46767085790634,78.99532914161682
778.6391168832779,650.6388831138611
666.7736005187035,630.2083994746208
515.6515482068062,561.5144518017769
880.3789631724358,639.13903683424
90.82837867736816,74.20862132310867
90.68478882312775,71.85221117734909
91.00520265102386,75.18079733848572
91.97261703014374,73.25038295984268
90.31002897024155,71.0419710278511
93.37044405937195,71.59255594015121
94.20886611938477,74.7541338801384
93.67628538608551,72.6387146115303
93.1077144742012,73.8932855129242
95.90814113616943,124.66685885190964
110.5795669555664,583.9944330453873
574.9729822874069,581.5270177125931
1012.6823924183846,591.2636075615883
91.14880084991455,70.05519914627075
90.59921550750732,71.01178449392319
93.56663632392883,70.89736366271973
93.21906596422195,74.02093404531479
93.16848808526993,70.20151191949844
94.37690836191177,69.92009162902832
93.93733811378479,71.84066188335419
97.14576345682144,74.65123653411865
101.74321818351746,73.94178181886673
103.33968961238861,160.91931039094925
123.41915094852448,592.8028490543365
587.9976651072502,572.0023348927498
932.8911461830139,628.6448538303375
455.65563213825226,583.5293678641319
833.0311231017113,624.5248768925667
94.88760530948639,75.38939470052719
93.24403059482574,69.10696941614151
91.93445748090744,71.06554251909256
94.16087973117828,69.98712027072906
91.96233242750168,70.07466757297516
91.2257536649704,69.03224635124207
93.046177983284,66.52782201766968
92.45760416984558,68.65339583158493
105.51803636550903,75.03696364164352
66.04147380590439,64.08852618932724
123.49113321304321,338.37886679172516
266.40271455049515,605.9482854604721
759.9081971049309,561.9438028931618
92.98762863874435,69.93937134742737
91.60205960273743,69.30394035577774
90.38547790050507,77.35552209615707
90.50188785791397,72.88811212778091
90.78329998254776,70.54970002174377
90.60371202230453,71.87728798389435
89.51512640714645,73.44687360525131
96.37253326177597,73.42446672916412
90.0429419875145,74.58505803346634
40.45534825325012,75.21065175533295
69.71975594758987,381.9472440481186
369.0941801071167,548.0538198947906
794.4695839881897,585.4374160170555
636.1230328083038,1162.3399671912193
666.4805342555046,615.8724657297134
1106.85495865345,659.4780413508415
98.97039127349854,78.1586087346077
113.54983007907867,78.33916991949081
98.42527675628662,21.05672323703766
92.70772802829742,26.18227195739746
118.3231829404831,68.82481706142426
64.36604356765747,60.13395643234253
66.03646808862686,64.75953191518784
82.76388376951218,52.847116231918335
75.5833010673523,59.36169892549515
178.68071258068085,56.782287418842316
166.8151269555092,524.7778730392456
586.1905593276024,564.1994406580925
1028.8429818153381,569.6570181846619
123.73741781711578,51.26358217000961
125.88986134529114,61.203138649463654
152.74629908800125,43.71670091152191
155.43578380346298,63.767216205596924
95.53374499082565,71.85525500774384
94.76117187738419,72.10882812738419
94.32159304618835,30.326406955718994
91.17800313234329,24.172996878623962
116.25741249322891,29.020587503910065
86.7238255739212,31.12717443704605
122.43326818943024,392.5297318100929
377.9377164840698,589.8022835254669
817.8501434326172,599.4278565645218
722.7245987653732,1135.404401242733
95.56909078359604,416.52390921115875
103.31352853775024,72.01947146654129
94.66997665166855,305.7920233607292
247.47140860557556,648.8985913991928
680.6808451414108,622.0981548428535
1133.5552814006805,638.9637185931206
97.07872152328491,68.95827847719193
93.75015723705292,71.02784276008606
92.27357470989227,70.74542528390884
94.44398945569992,69.00001055002213
95.94941633939743,68.90258365869522
95.97183120250702,69.23116880655289
92.12526124715805,69.50473874807358
93.18567305803299,71.46232694387436
99.2830970287323,70.8089029788971
80.63952207565308,351.49047791957855
712.7783697843552,647.0176302194595
626.8948000669479,1190.4941999316216
92.15923768281937,70.98876231908798
96.90464979410172,79.22535020112991
100.8170775771141,77.64692240953445
93.59853398799896,69.64146602153778
91.43795669078827,70.54404330253601
91.553371489048,75.6506285071373
92.50178360939026,70.09021639823914
96.69219887256622,76.84480112791061
94.38262456655502,72.87737542390823
97.9610368013382,405.1139631867409
316.3734645843506,644.6635354161263
101.00687938928604,334.215120613575
259.5483191013336,631.3766809105873
681.294747710228,643.2422522902489
1149.5401593446732,670.5338406562805
95.97057628631592,71.1404237151146
91.10499918460846,70.56100082397461
92.29541355371475,72.03858643770218
97.07782912254333,69.86717087030411
94.54524785280228,72.65775215625763
91.75367051362991,69.61632949113846
92.11008322238922,71.16691678762436
93.85549992322922,71.92150008678436
95.10192036628723,74.08407962322235
101.88333559036255,385.59766441583633
311.2767744064331,639.4452255964279
753.1891947984695,629.8468052148819
94.50961291790009,71.8793870806694
92.47703331708908,65.91196668148041
92.68545180559158,68.35154819488525
92.52387034893036,65.21712964773178
98.75028908252716,66.24971091747284
93.92271280288696,67.37428718805313
100.48213231563568,69.96186769008636
93.96854960918427,67.25345039367676
96.45497053861618,83.50802946090698
62.34839153289795,77.70660847425461
45.74181020259857,505.7021898031235
388.1542235016823,592.3827764987946
825.418640255928,641.1373597383499
333.7940534353256,42.59594655036926
769.6134662628174,639.2575337290764
94.2848853468895,70.43711465597153
91.17730575799942,69.5436942577362
93.46071922779083,73.00228077173233
93.13213759660721,70.99786239862442
92.15455263853073,69.58544737100601
99.91997569799423,74.37702429294586
81.73942613601685,72.63157385587692
91.24384200572968,73.77515798807144
94.54525870084763,73.21374130249023
44.66509234905243,513.4459076523781
424.50351572036743,599.8114842772484
820.8599478006363,647.991052210331
95.77136313915253,73.78263688087463
93.44278711080551,70.29721289873123
95.02220630645752,75.9957937002182
93.08262377977371,70.06537622213364
95.27304250001907,72.94995748996735
94.86946225166321,72.37153774499893
93.94887864589691,72.23612135648727
94.97229546308517,72.82370454072952
93.9397155046463,72.41228449344635
100.66613626480103,45.81486374139786
100.11556786298752,525.2914321422577
466.3789987564087,610.0090011954308
958.7554220557213,593.670577943325
96.98184353113174,77.40715646743774
92.56126338243484,73.30973660945892
94.9916724562645,72.56432753801346
93.0520812869072,69.92891871929169
93.1864921450615,71.09250789880753
93.63489723205566,75.01310276985168
92.1593080163002,71.2486919760704
94.86771947145462,71.46628051996231
94.44613522291183,70.3868647813797
100.24656105041504,140.30843895673752
50.863005101680756,610.3409948945045
70.97843390703201,69.07656610012054
102.89086645841599,491.62713354825974
470.1182925105095,609.826707482338
871.9377107620239,647.7292892336845
99.01613634824753,82.39086365699768
95.98356527090073,70.88643473386765
93.50698566436768,72.71501433849335
95.25239861011505,68.41360139846802
93.07180804014206,74.03919196128845
93.61422425508499,71.34877574443817
99.3776381611824,73.95536184310913
93.17906802892685,71.70993196964264
97.96148681640625,72.33451318740845
87.61391967535019,102.42208033800125
91.56334388256073,558.2696561217308
508.56876957416534,606.6162304282188
960.8691937923431,622.4088062047958
97.15161347389221,71.01438653469086
94.24903815984726,70.08396184444427
92.42145246267319,68.41254752874374
95.75887024402618,70.85112977027893
94.56029272079468,23.032707273960114
92.24970257282257,30.806297421455383
107.27311611175537,46.393883883953094
97.87053829431534,52.610461711883545
114.35697168111801,51.551028311252594
146.30640441179276,112.37959557771683
120.34783583879471,587.1151641607285
97.9101505279541,409.84884947538376
95.85959303379059,70.41840696334839
72.97501516342163,360.19198483228683
315.091434776783,570.2605652213097
713.7438540458679,640.0151459574699
1165.5442838072777,634.7337162494659
95.9017082452774,66.48729175329208
92.64712631702423,65.35287368297577
96.98453813791275,68.6634618639946
93.87896871566772,66.26903128623962
92.86438512802124,67.50561487674713
93.61080116033554,66.74219882488251
93.83721596002579,66.08778405189514
93.73063659667969,66.02836340665817
94.31005388498306,71.04194611310959
106.53647005558014,373.46252995729446
366.3008950352669,595.23610496521
827.3243204951286,589.1936795115471
95.69874042272568,71.80125957727432
95.00115954875946,68.1668404340744
95.85658264160156,70.77341735363007
98.69500797986984,73.41599202156067
95.163438975811,70.79956102371216
98.77885836362839,73.4061416387558
104.13528448343277,75.14271551370621
97.13971495628357,71.0262850522995
93.08913403749466,77.31786596775055
46.20995980501175,494.30804020166397
396.3623695373535,601.970630466938
901.2007783055305,588.7432217001915
331.46519273519516,603.1828072667122
838.9506049752235,571.4373950362206
100.4370236992836,68.22997629642487
95.86746144294739,67.94653856754303
97.6698853969574,66.331114590168
95.71130955219269,69.99269044399261
102.90074568986893,67.48825430870056
102.05319613218307,68.40980386734009
99.15163218975067,66.25636780261993
102.37807261943817,67.25192737579346
102.16050750017166,14.264492511749268
98.73995238542557,21.00204759836197
79.74437910318375,395.2186208963394
349.8418027162552,600.7691972851753
812.0492345094681,588.9497655034065
118.99966126680374,40.649338722229004
87.37409538030624,49.66290462017059
127.76852136850357,40.6024786233902
109.55094599723816,45.19005399942398
124.24036800861359,42.20363199710846
123.43078762292862,45.143212378025055
136.54621589183807,45.89778411388397
157.10766738653183,54.09633260965347
182.96317100524902,41.29582899808884
99.09917038679123,68.34582960605621
107.60360378026962,151.84139621257782
141.3300460577011,603.5399539470673
594.5194855928421,619.146514415741
1045.8019190430641,627.4750809669495
507.41834861040115,623.8776513934135
970.0907882452011,619.6692117452621
98.31721913814545,68.16478085517883
95.32164537906647,66.6413546204567
96.93806773424149,67.30293226242065
101.59048992395401,66.42751008272171
96.78093153238297,68.23806846141815
102.82236111164093,66.32563889026642
101.64178621768951,65.71021378040314
97.66421520709991,20.57578480243683
118.76264542341232,41.21935456991196
117.11909455060959,106.13990545272827
87.67952793836594,586.5794720649719
514.2579670548439,654.5560329556465
982.0594087839127,629.9035912156105
140.02783930301666,48.30616068840027
140.16127353906631,47.838726460933685
154.5557035803795,47.667296409606934
100.05964267253876,77.82835733890533
100.26907110214233,68.45292890071869
101.3485261797905,67.39347380399704
100.79696255922318,68.81403744220734
98.56139379739761,74.62360620498657
98.88082486391068,68.91517513990402
47.49626451730728,72.81873548030853
51.83369559049606,416.1473044157028
360.0431323647499,578.0678676366806
689.3490553498268,1171.0589446425438
102.72453612089157,68.90546387434006
1154.2849813103676,592.5120186805725
97.12241333723068,17.192586660385132
103.2198451757431,14.391154825687408
100.76128154993057,20.423718452453613
97.37771725654602,32.271282732486725
98.84515005350113,27.265849947929382
94.44258224964142,47.20541775226593
101.57701456546783,21.7559854388237
102.23044693470001,26.8805530667305
69.69689631462097,51.006103694438934
100.24032390117645,240.8156760931015
211.78175657987595,591.1992434263229
695.9901953339577,616.8068046569824
1112.7726456522942,639.6163543462753
147.94308125972748,44.796918749809265
161.04051703214645,50.42148298025131
99.15748167037964,70.73151832818985
98.19991385936737,65.61508613824844
97.8153464794159,65.51765352487564
101.22677737474442,67.75422263145447
99.00920909643173,66.9157909154892
99.40363895893097,65.94836103916168
100.51906979084015,65.18493020534515
55.22750300168991,107.12349700927734
100.80593329668045,548.1380667090416
488.01535654067993,628.9666434526443
948.2977892160416,620.479210793972
97.654217004776,67.47578299045563
102.65865343809128,29.89634656906128
97.68210124969482,20.631898760795593
100.20553249120712,28.979467511177063
95.00698280334473,52.345017194747925
124.10442745685577,42.84057253599167
133.0538613796234,44.85413861274719
111.22429871559143,50.44170129299164
143.41473132371902,38.474268674850464
125.21616041660309,44.70983958244324
164.31260287761688,460.1673971414566
94.33865654468536,67.01334345340729
95.12107527256012,68.65792471170425
100.77349770069122,343.855502307415
289.0749226808548,612.1480773091316
691.690356194973,674.6056438088417
1150.8057740330696,675.3052259683609
96.9961987733841,69.94880121946335
94.42762058973312,67.96237939596176
97.20903718471527,67.38296282291412
94.41746383905411,67.06353616714478
94.99688333272934,70.2441166639328
93.27929621934891,68.36870378255844
93.96970671415329,67.58629328012466
96.02911931276321,66.61888068914413
97.96052473783493,69.90947526693344
97.07594108581543,403.60905891656876
380.58035200834274,603.3266479969025
837.307764351368,611.526235640049
96.46018236875534,74.63181763887405
96.31659704446793,66.05340296030045
94.34001195430756,67.04798805713654
100.60442370176315,71.13657629489899
101.92384248971939,71.24215751886368
97.91027945280075,69.99772053956985
100.285704433918,72.73229557275772
110.0311626791954,68.82083731889725
100.55463188886642,67.92636811733246
101.99049842357635,404.4735015630722
98.40193498134613,69.41306501626968
65.44336342811584,373.5006365776062
298.2448236346245,593.0151763558388
762.1382547616959,581.8797452449799
1158.0876883864403,648.0783116221428
100.81512159109116,20.147878408432007
99.33755773305893,21.884442269802094
99.30599027872086,23.157009720802307
106.12442636489868,17.930573642253876
127.70387661457062,47.46212339401245
127.87534660100937,42.234653413295746
129.32478284835815,42.13821715116501
132.8112198114395,42.87378019094467
141.6496640443802,48.647335946559906
144.98712253570557,269.3098774552345
259.88057136535645,618.9894286394119
99.22130274772644,395.0936972498894
404.39273059368134,562.1072694063187
99.7175834774971,78.31941652297974
96.74004620313644,69.48195379972458
1131.448471546173,673.1815284490585
98.6208900809288,69.02710992097855
95.77331161499023,69.8566883802414
99.1667343378067,69.20326566696167
98.30119234323502,73.29180765151978
101.21363043785095,72.21236956119537
98.49606531858444,67.98493468761444
102.22248792648315,73.46251207590103
68.56191349029541,433.10608649253845
99.67735660076141,69.41564339399338
113.53378069400787,317.98521929979324
275.6872679591179,597.9797320365906
672.2837551832199,635.5492448210716
656.8441725373268,1084.2298274636269
101.66845637559891,364.1275436282158
259.1359559893608,641.5300440192223
661.6964914798737,632.3585085272789
1127.5349164009094,623.1500836014748
97.76133924722672,64.53366076946259
96.30376189947128,64.91823810338974
95.91918313503265,65.82181686162949
102.75760382413864,68.74239617586136
100.5960294008255,70.34797060489655
99.19345271587372,68.49254727363586
101.30887657403946,73.87612342834473
102.46131020784378,65.79768979549408
100.16975611448288,68.42224389314651
87.30422592163086,329.78777408599854
211.86474657058716,630.7272534370422
130.0552386045456,158.85176140069962
74.37479293346405,625.4582070708275
478.7133007645607,660.0276992321014
912.8477969765663,626.7072030305862
96.90821844339371,66.42478156089783
100.35663908720016,66.06836092472076
98.86206674575806,66.13793325424194
99.2555120587349,66.76248794794083
105.76094448566437,72.48005551099777
104.52437889575958,67.54962110519409
99.17781585454941,65.34118413925171
102.55223923921585,67.81876075267792
101.64967131614685,67.94232869148254
89.67314249277115,99.80785751342773
102.2336300611496,527.3033699393272
391.0532022714615,654.2067977190018
845.2986317276955,657.812368273735
102.30305248498917,68.78994750976562
101.25249516963959,66.71050482988358
101.05392217636108,67.61307781934738
98.68834412097931,67.83065587282181
99.8777631521225,67.80723685026169
101.67918360233307,69.00581640005112
102.70260953903198,70.96339046955109
103.37404078245163,70.68095922470093
101.93347364664078,67.99152636528015
80.97595673799515,47.70904326438904
72.2404636144638,498.8705363869667
359.1329763531685,619.8290236592293
766.768503010273,628.1384969949722
234.99600183963776,626.1349981427193
656.8334441184998,666.9815558791161
1125.800868332386,655.1061316728592
98.38029235601425,63.82370764017105
100.60771358013153,70.83728641271591
100.85213655233383,67.9798634648323
103.52356433868408,70.77243566513062
102.60299849510193,68.91500151157379
100.31142807006836,70.63357192277908
99.31684744358063,65.62915253639221
102.74627834558487,65.40172165632248
101.7327116727829,70.2672883272171
81.60820710659027,336.3727928996086
219.92771393060684,616.6272860765457
618.0802047252655,655.1417952775955
1082.0676292181015,651.4143707752228
98.12706232070923,67.18693768978119
108.0214894413948,66.92351055145264
101.74792194366455,66.32607805728912
99.66035747528076,68.74664252996445
101.96177726984024,69.74222272634506
100.09619456529617,67.7748054265976
99.26761680841446,69.6953831911087
103.99303990602493,69.41296005249023
101.59149193763733,71.37150806188583
107.7439444065094,268.6450555920601
187.89741671085358,627.232583284378
612.4948663115501,658.1161336898804
1059.907321691513,626.2406783103943
528.5967553853989,660.6802446246147
991.4721826314926,658.9168173670769
100.97660285234451,67.07839715480804
101.48202586174011,69.48097413778305
98.7454474568367,66.62555253505707
99.56486469507217,68.17613530158997
99.4952831864357,66.22671681642532
105.87070572376251,70.68529427051544
103.02315360307693,67.27284640073776
99.86158043146133,63.286419570446014
100.311006128788,64.39299386739731
87.83443450927734,212.18456548452377
105.0989174246788,641.2540825605392
514.955447614193,669.3415523767471
938.8859640359879,672.5210359692574
102.22439169883728,64.42360830307007
99.74681323766708,65.10418677330017
98.06724393367767,63.59975606203079
103.9796649813652,64.46533501148224
96.7431048154831,64.73889517784119
99.67352533340454,62.493474662303925
98.7339459657669,67.80305403470993
100.23936605453491,65.5766339302063
100.48478776216507,65.44121223688126
101.8592381477356,126.91876184940338
66.88273584842682,608.3582641482353
434.1653115749359,658.4266884326935
876.0957524776459,656.2372475266457
99.2681714296341,79.47282856702805
818.5686073899269,679.7093926072121
101.92512983083725,65.12987017631531
97.15255296230316,64.97744703292847
106.34197860956192,70.75002139806747
98.36543673276901,65.35656327009201
99.05586230754852,65.38813769817352
101.67128258943558,66.75471740961075
101.63970935344696,64.71229064464569
87.53317350149155,42.26382648944855
103.90767216682434,69.1293278336525
101.65326654911041,70.34673345088959
85.26974523067474,331.00825476646423
210.23827010393143,632.3177298903465
611.2417775392532,662.4982224702835
1068.6732286810875,649.0487713217735
103.4746521115303,67.17434787750244
100.29308342933655,70.87391656637192
102.14951384067535,70.2934861779213
99.82194858789444,70.8270514011383
101.16037881374359,68.41362118721008
102.96081238985062,69.72418761253357
102.42824131250381,71.16475868225098
101.4516686797142,71.08533132076263
106.25309884548187,73.37690114974976
105.9065328836441,272.0204671025276
167.28101986646652,642.1449801325798
602.8404434919357,668.8805565237999
1063.0128996372223,653.5061003565788
102.59132277965546,66.94467723369598
99.79974842071533,66.3292515873909
102.08217144012451,70.6208285689354
101.77259832620621,68.80140167474747
98.66602432727814,67.48197567462921
100.96745866537094,67.19954133033752
101.87888741493225,68.78711259365082
100.08731108903885,65.67168891429901
106.16674953699112,67.92625045776367
100.8561914563179,257.4208085536957
195.3986109495163,626.4903890490532
87.18103438615799,217.07896560430527
122.44444733858109,637.2765526771545
562.9678611159325,675.4201388955116
1027.5472795963287,675.5817204117775
96.6636934876442,66.87330651283264
97.66810017824173,65.72089982032776
98.95050954818726,65.23449045419693
96.5289169549942,70.15608304738998
103.14532345533371,71.1706765294075
96.87173628807068,66.202263712883
98.7651526927948,68.04984730482101
109.30756878852844,70.9334312081337
104.3680328130722,66.72496718168259
107.70545423030853,278.36854577064514
309.76588439941406,524.4931156039238
631.1233140826225,669.9886859059334
1100.6277267932892,670.1872732043266
96.02115428447723,64.5158457159996
102.95156574249268,67.122434258461
97.30797815322876,67.09902185201645
98.4613950252533,63.11260497570038
96.24380767345428,63.05219233036041
96.67521661520004,62.80678337812424
98.67862594127655,64.85737407207489
96.83203649520874,68.4089635014534
100.05847334861755,70.68152666091919
63.80489784479141,402.0841021537781
271.55031847953796,650.0606815218925
703.9807401895523,680.5942597985268
239.44816732406616,629.0338326692581
625.8786162734032,661.8243837356567
1080.4390562176704,665.1709437966347
102.64749455451965,61.4995054602623
104.59793490171432,64.81006509065628
107.30537784099579,66.5836221575737
106.06881386041641,67.1341861486435
104.44425117969513,65.35174882411957
104.5796868801117,64.2173131108284
105.32413160800934,66.56486839056015
104.01457154750824,63.836428463459015
107.11201333999634,66.57298666238785
108.04345554113388,255.5315444469452
162.23291260004044,654.5820873975754
687.2923651337624,578.6516348719597
1041.9637992978096,688.7952007055283
104.24724179506302,67.82675820589066
101.28869563341141,66.58130437135696
104.14513009786606,67.2068699002266
100.55756884813309,64.70143115520477
102.43200206756592,64.86299794912338
107.80743730068207,66.69156271219254
103.29389536380768,68.92810463905334
104.05833148956299,67.86766850948334
103.22976577281952,65.65923422574997
106.7342078089714,203.50679218769073
150.38765186071396,624.0013481378555
551.337101995945,665.7928979992867
1011.6925312280655,673.6034687757492
106.64196801185608,67.6350319981575
931.5364125967026,699.4085873961449
101.15184730291367,67.05215269327164
108.9902874827385,66.93571251630783
102.93973535299301,69.09826463460922
102.27816706895828,67.29683291912079
104.0965970158577,65.32940298318863
103.63802736997604,65.19497263431549
102.45845997333527,66.96754002571106
88.83388525247574,216.38911473751068
101.17130923271179,65.9206907749176
105.06573581695557,124.6012641787529
77.34716612100601,624.5778338909149
550.0005874037743,620.2584125995636
951.4500162601471,677.2169837355614
104.80644220113754,70.24855780601501
110.3848922252655,70.07710778713226
105.09335243701935,68.38764756917953
101.94982767105103,66.1791723370552
108.19626349210739,66.84073650836945
107.1267084479332,65.81729155778885
105.14914011955261,67.38685989379883
101.69158202409744,65.93741798400879
101.80801784992218,64.91498214006424
102.79344981908798,97.65055018663406
104.22489929199219,562.2751007080078
494.7663345336914,622.8076654672623
899.2897810339928,683.6542189717293
103.94221127033234,73.57578873634338
102.00263833999634,67.34936165809631
102.2490587234497,67.52994126081467
103.58748143911362,65.91351854801178
102.60990905761719,65.31609094142914
106.72534668445587,66.99665331840515
103.89778763055801,64.54821240901947
112.30923056602478,69.35776942968369
103.44370973110199,65.39029026031494
79.22715139389038,107.31084859371185
103.4525854587555,539.880414545536
58.08801782131195,55.596982181072235
76.48144745826721,491.3515525460243
402.5048884153366,633.8101115822792
855.4723170995712,641.1756829023361
107.45875453948975,75.02224546670914
101.90724050998688,64.14775949716568
105.30166804790497,66.32733196020126
103.97308766841888,64.37891232967377
103.45852363109589,64.91147637367249
106.3899677991867,70.36903220415115
107.52441745996475,70.60558253526688
104.04686743021011,66.02613258361816
103.49731063842773,66.00368934869766
106.70575475692749,67.72024524211884
105.80220472812653,423.47579526901245
330.6776357293129,656.9883642792702
797.47906935215,656.3359306454659
102.22450000047684,64.1085000038147
102.67292231321335,69.75207769870758
104.34535443782806,65.56164556741714
106.29379212856293,68.61320787668228
115.11422437429428,65.68177562952042
104.54465442895889,71.10334557294846
101.9570860862732,65.48791390657425
103.22151559591293,64.8164843916893
104.1509490609169,70.36705094575882
77.27283108234406,478.0061689019203
360.51725471019745,636.9087452888489
72.48572218418121,374.0322778224945
281.768184363842,628.7128156423569
698.420632660389,656.5973673462868
1138.1850734353065,679.6109265685081
132.28249394893646,37.30950605869293
121.58393383026123,37.63906615972519
130.792356133461,43.004643857479095
156.75977045297623,42.63022953271866
138.94920247793198,42.60679751634598
102.86208719015121,62.91591280698776
104.45952260494232,61.50347739458084
102.2229573726654,62.51704263687134
107.48739379644394,61.975606203079224
70.84383296966553,213.2851670384407
118.127277135849,620.6327228546143
555.4087059497833,654.6462940573692
1002.3581519126892,652.1238480806351
121.36359751224518,40.26640248298645
108.81202435493469,48.35397565364838
136.42844861745834,43.18255138397217
166.00688594579697,38.770114064216614
175.47433191537857,34.02466809749603
119.05377721786499,80.02022278308868
116.46524786949158,77.4037521481514
114.76770353317261,77.80729645490646
115.55015659332275,78.17184340953827
123.7026064991951,109.33439350128174
84.13305693864822,588.5149430632591
458.41551929712296,689.0474807024002
899.5129984021187,686.4690015912056
352.3884817957878,661.3715181946754
795.2449287176132,679.4960712790489
694.361437857151,50.84256213903427
957.6088737249374,683.9101262688637
104.31730479001999,63.59069520235062
101.17374181747437,63.492258191108704
104.16016536951065,63.71083462238312
103.47960042953491,63.946399569511414
101.3360458612442,63.01595413684845
104.50747263431549,62.381527364254
101.86390936374664,62.82109063863754
103.03533655405045,64.72366344928741
103.15177208185196,64.404227912426
95.45323884487152,158.3617611527443
98.16176396608353,603.9502360224724
487.2583097219467,633.1856902837753
957.6898584961891,560.1621415019035
105.82429164648056,66.80570834875107
108.42073148488998,63.80126851797104
106.20318108797073,67.6298189163208
105.35661286115646,63.21738713979721
110.67604678869247,63.13795322179794
109.73648488521576,71.1145151257515
102.88993626832962,66.35206371545792
102.22735518217087,65.82864481210709
100.23276573419571,68.19323426485062
88.05217272043228,43.89282727241516
52.37158268690109,576.2394173145294
485.74599027633667,603.4760097265244
71.0843979716301,475.8046020269394
411.79380464553833,627.3551953434944
912.2792133688927,609.0547866225243
99.50563073158264,64.10536926984787
99.45503985881805,64.58196014165878
103.86746561527252,66.78153437376022
102.76188695430756,65.90511304140091
99.80230247974396,62.99269753694534
100.43771415948868,61.80328583717346
101.47912353277206,65.52087646722794
103.35453063249588,65.31246936321259
99.4699375629425,62.08506244421005
98.14134138822556,101.95065861940384
102.12826293706894,373.1307370662689
347.6516771912575,604.4033228158951
799.6190963387489,618.5849036574364
638.0865497589111,61.968450248241425
103.12897109985352,63.241028904914856
100.37438213825226,67.66261786222458
101.0088005065918,62.566199481487274
73.258624792099,47.12937521934509
94.1520402431488,38.71795976161957
88.80446350574493,44.93553650379181
96.68088936805725,46.597110629081726
104.59231507778168,63.018684923648834
81.54174488782883,469.1812551021576
403.3061732649803,588.2128267288208
845.421617269516,602.0043827295303
103.66704457998276,20.665955424308777
780.0974662899971,597.7165337204933
1174.8998881578445,673.0271118283272
157.66332465410233,25.077675342559814
167.5007547736168,36.12924522161484
101.85867249965668,64.95632749795914
108.08509802818298,63.87690198421478
108.60854196548462,62.52045804262161
111.33499562740326,63.47900438308716
109.59946954250336,69.34453046321869
103.69692009687424,63.21007990837097
111.405353307724,65.52064669132233
59.20679175853729,205.57120823860168
117.08122700452805,623.1777729988098
544.6976720094681,655.6913279891014
997.1101016402245,661.6318983435631
102.67052984237671,20.404470145702362
120.84195500612259,35.17704498767853
145.12437880039215,34.542621195316315
145.1098016500473,37.61219835281372
140.83724611997604,38.310753881931305
161.5276866555214,31.65831333398819
121.4571276307106,81.041872382164
117.05563473701477,75.66636526584625
118.93008625507355,75.93991374969482
128.25055462121964,91.47144538164139
123.97706001996994,508.42993998527527
413.0005163550377,671.4994836449623
887.0239657759666,647.9950342178345
117.9914265871048,72.02657341957092
771.365900695324,680.6330993175507
673.3723531365395,58.85064685344696
967.4157608747482,683.3992391228676
102.82718414068222,60.1908158659935
103.99860435724258,59.03839564323425
104.097023665905,65.32897633314133
104.17544174194336,59.991558253765106
104.8458656668663,64.24613434076309
105.51829487085342,59.88970512151718
105.83673048019409,59.23726952075958
109.62015926837921,60.34284073114395
108.38459557294846,65.9674044251442
89.50003176927567,212.90696823596954
140.5974596142769,618.0505403876305
620.2318851351738,606.583114862442
1049.3663144111633,654.1526855826378
102.94473969936371,61.036260306835175
102.83816647529602,63.753833532333374
102.30658805370331,63.41641193628311
104.12600868940353,64.18899130821228
103.46343159675598,61.27756839990616
109.30185943841934,62.58714056015015
102.1963124871254,62.76768749952316
103.14472943544388,64.18827056884766
103.40915828943253,59.313841700553894
105.83959197998047,226.9204080104828
147.06701999902725,642.3779799938202
629.1264498233795,650.706550180912
1014.5579019188881,683.8120980858803
523.321357190609,25.604642808437347
942.2337798476219,681.2292201519012
107.31223767995834,72.85376232862473
104.53968673944473,61.55331325531006
103.60011374950409,61.807886242866516
104.88255000114441,63.96944999694824
103.4240071773529,64.94599282741547
107.87343406677246,66.12556594610214
110.00787276029587,68.64112728834152
107.23531568050385,65.02368432283401
106.62874680757523,66.53825318813324
139.50319248437881,100.14480751752853
68.91677874326706,552.5282212495804
380.06835091114044,668.8016490936279
808.3148920536041,655.2411079406738
104.96733969449997,65.42066031694412
105.56478089094162,65.06521910429001
103.90322035551071,65.65277963876724
107.22265285253525,64.90734714269638
105.80208623409271,61.90191376209259
104.52852922677994,63.193470776081085
104.10696542263031,66.13303458690643
105.42740470170975,64.99859529733658
106.91384106874466,64.6421589255333
121.16393047571182,329.39206951856613
199.649483025074,654.1835169792175
640.1549772620201,645.0480227470398
1110.363480091095,613.0995199084282
106.27593398094177,67.63206601142883
944.6144084334373,681.6265915632248
126.11889803409576,44.252101957798004
103.40178155899048,58.431218445301056
105.05523025989532,61.685769736766815
106.79967331886292,62.625326693058014
103.56411290168762,60.89888709783554
103.19854068756104,61.09745931625366
105.4999708533287,61.37102913856506
105.46743607521057,47.62556391954422
105.43491750955582,60.82408249378204
107.9034349322319,63.91156506538391
79.38887304067612,378.96312695741653
232.15346145629883,637.2905385494232
671.3429954648018,656.7310045361519
1007.7555867433548,680.4664132595062
107.81603455543518,61.109965443611145
107.2654715180397,63.99352848529816
106.78891533613205,60.526084661483765
105.29336231946945,63.132637679576874
106.81679755449295,61.66520243883133
107.82223635911942,61.62276363372803
107.23367834091187,60.377321660518646
103.62810957431793,59.11289042234421
101.31753075122833,59.42346924543381
95.3219763636589,216.6970236301422
129.438482940197,607.2285170555115
548.2759671807289,637.1500328183174
1152.7253839969635,495.3486160039902
100.7487981915474,61.658201813697815
888.2162147164345,690.1177852749825
106.16563707590103,64.70536291599274
103.04006463289261,60.95993536710739
103.71248453855515,64.04651546478271
102.58691054582596,59.1720894575119
102.88832813501358,61.12967187166214
104.30074346065521,60.27425652742386
101.82316482067108,61.249835193157196
85.216603577137,200.4863964319229
102.88910633325577,60.01889365911484
108.61652618646622,93.199473798275
56.897968769073486,604.3060312271118
502.32944309711456,591.5405569076538
961.1118591427803,638.870140850544
101.61629664897919,65.92070335149765
101.75071227550507,60.82328772544861
103.79313498735428,59.28186500072479
105.11256647109985,61.6474335193634
103.3760232925415,62.66097670793533
108.62149518728256,64.72950482368469
104.99694591760635,58.22505408525467
103.27938657999039,58.16461342573166
103.28480798006058,58.56819200515747
72.93722820281982,106.06377178430557
133.4797090291977,469.8922909498215
404.63223856687546,626.6277614235878
866.4326618909836,632.1033381223679
103.06808257102966,62.85791742801666
102.38749974966049,56.09450024366379
104.92792600393295,58.645074009895325
103.58136528730392,56.91763472557068
103.10479813814163,56.91320186853409
101.20222979784012,55.68677020072937
107.02170443534851,58.311295568943024
102.08216959238052,57.4358304142952
101.62365144491196,61.671348571777344
91.18412500619888,22.31487500667572
77.00355488061905,465.1444451212883
349.39709317684174,637.9539068341255
108.99458342790604,327.6534165740013
240.2590172290802,634.5369827747345
674.8194552659988,650.5325447320938
1092.1758951544762,704.9721048474312
106.51431858539581,65.78168141841888
106.03774458169937,62.1282554268837
107.87516742944717,61.47583258152008
107.76859629154205,70.04540371894836
105.47802203893661,65.1329779624939
106.61144632101059,62.05455368757248
109.87587374448776,65.49412626028061
105.91831117868423,62.840688824653625
108.01475703716278,65.72524297237396
116.90919488668442,294.1278051137924
224.93267399072647,636.956326007843
695.3630926609039,606.1009073853493
1166.7195222973824,627.150477707386
107.83494305610657,27.57205694913864
78.13636606931686,44.936633944511414
86.73379349708557,43.91420650482178
128.09021866321564,15.427781343460083
132.5946465730667,37.57135343551636
153.39607113599777,47.02892887592316
131.71649771928787,43.0625022649765
135.75792735815048,51.76007264852524
149.5773578286171,41.33064216375351
138.65580075979233,310.7691992521286
83.82840698957443,380.4305930137634
293.70383328199387,627.4811667203903
69.893259704113,327.25374031066895
202.879698574543,654.5823014378548
673.4771227240562,657.0408772826195
641.0195806622505,1097.59141933918
105.83900129795074,57.71699869632721
105.12142461538315,56.323575377464294
104.29285550117493,60.24414449930191
103.15026932954788,63.68373066186905
105.07967674732208,62.42032325267792
104.51108628511429,66.0819137096405
103.77449750900269,67.18850249052048
100.83490818738937,63.79409182071686
54.78431397676468,63.012686014175415
83.40073305368423,384.39626693725586
253.47916144132614,669.7438385486603
746.1875721216202,676.4424278736115
1160.9139944911003,700.2710055112839
106.17842072248459,61.67357927560806
103.66483116149902,56.94616883993149
103.09623777866364,59.737762212753296
103.84064501523972,57.308355033397675
107.14205598831177,56.50694400072098
101.9804647564888,57.40853524208069
101.07787531614304,29.92312467098236
120.84128820896149,36.56571179628372
107.40170061588287,26.06129938364029
111.5181120634079,446.0008879303932
365.6145370602608,660.4964629411697
822.6569668650627,671.5470331311226
290.75446063280106,28.968539357185364
695.3509575128555,680.1300424933434
122.73012149333954,356.9178785085678
207.82772427797318,644.3762757182121
629.8322126865387,668.2787873148918
1084.7446747422218,667.4773252606392
107.43514758348465,58.60185241699219
108.03257310390472,57.208426892757416
108.31500416994095,56.147995829582214
105.20843213796616,56.866567850112915
105.00886231660843,60.583137691020966
104.8662861585617,56.52371382713318
106.20470970869064,57.166290283203125
105.89413547515869,56.25386452674866
107.23157274723053,62.971427261829376
106.14399814605713,267.7640018463135
175.8344202041626,659.0915797948837
633.6358495354652,665.0501504540443
1102.436282157898,653.6557178497314
107.20071130990982,58.484288692474365
105.90914499759674,57.850854992866516
106.78357380628586,55.975426197052
106.01000165939331,58.266998291015625
105.12642514705658,58.26157486438751
106.70584666728973,57.017153322696686
105.45127540826797,6.455724596977234
108.63256961107254,300.9984303712845
213.9149947166443,663.9190052747726
59.2334201335907,282.72857987880707
135.14684545993805,686.9651545286179
621.2432651519775,648.3857348561287
1182.2297051548958,545.7882948517799
118.54913932085037,40.746860682964325
114.25757586956024,51.83442413806915
118.189020216465,44.53397977352142
119.69344991445541,52.23255008459091
136.1978855729103,47.09811443090439
117.16632068157196,46.96367931365967
122.9107716679573,50.51422834396362
119.06419634819031,50.87980365753174
128.21662414073944,42.83837586641312
88.35105103254318,272.9999489784241
181.30147808790207,623.8285219073296
626.6949133276939,629.6200866699219
1025.144341647625,683.4666583538055
109.13079649209976,63.36920350790024
110.17222344875336,58.772776544094086
110.36265707015991,64.9533429145813
106.0330919623375,62.42990803718567
112.50152218341827,63.81347781419754
114.85800129175186,63.88299870491028
116.75144189596176,61.915558099746704
110.58988672494888,62.44811326265335
108.18732541799545,58.22067457437515
108.63575458526611,196.4752454161644
145.6961868405342,627.4148131608963
613.3676114082336,620.3723886013031
114.42804628610611,588.8869537115097
527.3584777116776,638.9375222921371
973.8269177675247,650.1550822257996
106.66434854269028,61.39065146446228
108.44677954912186,58.23822045326233
107.89620786905289,57.19579213857651
111.77163964509964,12.506360352039337
105.27708339691162,31.612916588783264
93.00351566076279,40.79348433017731
142.30494916439056,37.19605082273483
131.84638565778732,37.3756143450737
136.16581338644028,35.20518660545349
97.7082439661026,158.45975601673126
152.65668350458145,548.4543164968491
515.6431208252907,643.4678791761398
929.7395557165146,678.8704442977905
123.83701992034912,74.29198008775711
123.69446676969528,69.86153322458267
119.49593389034271,69.33806610107422
117.03737479448318,71.01762521266937
121.15381997823715,68.4951800107956
122.71327883005142,69.91572117805481
124.01373988389969,65.78226011991501
116.85323762893677,65.16576236486435
115.46868294477463,63.032317101955414
79.97314339876175,79.0828565955162
103.2366492152214,473.29935079813004
354.0570979118347,677.0729020833969
792.8765487074852,700.3644512891769
117.56701850891113,62.67398148775101
698.1454709172249,688.0765290856361
1147.372929930687,679.5530700683594
120.93336939811707,67.7346305847168
124.56681501865387,68.83918499946594
121.75726491212845,64.0947350859642
114.85471844673157,64.66328155994415
120.82216095924377,66.14083904027939
117.58560317754745,63.89539682865143
121.86906641721725,66.42693358659744
117.65158540010452,65.53341460227966
119.15703052282333,63.49196946620941
125.9384880065918,253.83951199054718
154.10997945070267,668.0560205578804
580.1894463896751,683.6625536084175
1031.064897119999,685.71310287714
123.0883440375328,70.96765595674515
119.70379954576492,70.27820044755936
123.24524909257889,73.4397509098053
127.13969951868057,70.69430047273636
127.75514358282089,71.80085641145706
117.38960140943527,62.758398592472076
117.78304785490036,64.21595215797424
117.25149857997894,62.71250140666962
116.0329464673996,62.689053535461426
104.35241717100143,192.0735828280449
68.00590914487839,654.2710908651352
504.4003549814224,681.3416450023651
933.2378198504448,702.6881801486015
117.50130468606949,65.79469531774521
831.2657471895218,686.6602528095245
119.95619696378708,69.50780302286148
119.33164286613464,66.07635712623596
121.39109337329865,66.94190663099289
119.26654171943665,68.65945827960968
128.08599519729614,73.96900480985641
130.49845188856125,72.1495481133461
116.1509096622467,60.71909034252167
82.34036594629288,77.77063399553299
122.71681636571884,68.76518362760544
117.46227377653122,61.39072620868683
132.5777461528778,389.8112538456917
277.41628581285477,661.3797141909599
691.7357596158981,688.9862403869629
1159.8512189388275,671.8517810702324
118.11570769548416,59.60729229450226
119.6571449637413,66.15785503387451
119.58858233690262,63.44841766357422
115.35302114486694,58.68497884273529
118.50545638799667,62.82754361629486
119.13989174365997,64.28610825538635
128.42132598161697,73.2446740269661
122.59376758337021,67.18423241376877
116.63523727655411,58.2717627286911
95.86268562078476,323.26731437444687
202.18212962150574,660.2988703846931
631.3715811371803,690.4244188666344
1083.9140384197235,685.752961575985
125.56649392843246,70.34050607681274
116.03397846221924,67.44702154397964
129.8544328212738,77.90456718206406
121.6369161605835,69.3630838394165
118.53035855293274,73.0066414475441
126.23879987001419,66.00220012664795
122.66925781965256,66.94074219465256
122.11969602108002,67.38030397891998
125.0311308503151,68.67286914587021
69.72156828641891,239.98343169689178
128.52201575040817,620.940984249115
123.10147058963776,104.41752940416336
104.62391036748886,591.2280896306038
456.98035258054733,685.3716474175453
909.9668068289757,700.4401931762695
120.69425654411316,69.13974344730377
126.90272080898285,72.87527918815613
121.12923473119736,69.09176528453827
133.70869427919388,73.88330572843552
123.36118471622467,69.54581528902054
122.01363825798035,70.31836175918579
120.8160868883133,69.12891310453415
121.24653589725494,71.23546409606934
122.58398818969727,69.47101181745529
123.10743379592896,67.09556621313095
107.55687808990479,455.7391219139099
349.50633096694946,686.8636690378189
774.5858182907104,698.3961817026138
126.0522637963295,54.00273621082306
120.1867944598198,68.42320555448532
120.1552277803421,69.3457722067833
120.36365568637848,69.48834431171417
126.64609837532043,76.53890162706375
122.31757628917694,69.33042371273041
133.28502696752548,75.56697303056717
122.99451464414597,72.33948534727097
123.97996759414673,72.07503241300583
96.63342672586441,68.7745732665062
83.09987819194794,355.06612181663513
227.19732159376144,683.9126784205437
118.94376313686371,248.98223686218262
153.28120803833008,662.7367919683456
577.5086581110954,697.3803418874741
1026.7541196346283,713.3388803601265
122.68459171056747,65.57440829277039
120.52305692434311,67.42094308137894
119.67549049854279,69.04650950431824
122.08793425559998,69.2820657491684
130.77839183807373,74.61060816049576
122.41187751293182,70.18012249469757
127.54733067750931,74.91666930913925
125.38480132818222,66.46719866991043
126.01928317546844,71.31371682882309
127.45074540376663,107.16125458478928
117.38119846582413,584.5638015270233
455.66362726688385,707.8543727397919
912.8900735378265,713.4609264731407
120.76551461219788,68.7164853811264
128.25196462869644,69.60003536939621
118.66440969705582,64.00259029865265
124.24284446239471,65.44215553998947
122.02528685331345,69.10371315479279
121.93772882223129,66.56227117776871
125.31216937303543,67.07583063840866
129.09563487768173,71.70136511325836
119.45212668180466,62.82487332820892
95.06758093833923,68.061419069767
127.27604937553406,503.74195063114166
367.8185383081436,701.5524616837502
124.84199464321136,392.65800535678864
260.6794795393944,701.7825204730034
712.5369164943695,700.2410835027695
1172.8193474411964,722.7736525535583
119.21278274059296,62.5472172498703
127.99522125720978,70.56077873706818
117.55567717552185,69.77832281589508
118.07912248373032,64.66187751293182
123.43556255102158,68.00843745470047
121.33000326156616,66.91199672222137
126.40744978189468,69.79555022716522
130.52391630411148,77.06808370351791
73.52844703197479,66.5635529756546
74.64388829469681,354.1891117095947
196.83434188365936,682.9066581130028
670.1728364825249,679.9571635127068
109.95883566141129,384.48516434431076
389.74125665426254,562.0927433371544
729.7276762723923,683.901323735714
1174.362094283104,708.8599057197571
108.97751706838608,54.33648294210434
1106.352943122387,689.5910568833351
111.37637442350388,54.364625573158264
109.95481073856354,55.11918926239014
109.34924334287643,53.83675664663315
111.612673163414,57.831326842308044
110.22810882329941,53.159891188144684
113.78854691982269,59.48845309019089
119.42313677072525,56.186863243579865
91.83566951751709,328.830330491066
110.89613109827042,60.82586890459061
109.19655305147171,245.72844696044922
118.10897427797318,673.8720257282257
569.7064014673233,697.0715985298157
1012.9518280625343,706.5101719498634
108.0872568488121,56.6167431473732
110.18468534946442,58.59331464767456
111.68911588191986,54.606884121894836
108.41554021835327,55.80645978450775
109.32796549797058,56.968034505844116
115.62839192152023,54.09360808134079
109.78183996677399,55.311160027980804
109.30526459217072,55.34273540973663
111.8656873703003,56.764312624931335
111.9631159901619,263.27788400650024
141.8935496211052,680.9214503765106
578.1019756793976,686.1940243244171
1018.9214455485344,690.5225544571877
115.46387833356857,56.907121658325195
114.2453122138977,60.438687801361084
116.04674535989761,61.93425464630127
114.14418929815292,58.68881070613861
110.63062793016434,52.92437207698822
114.43207043409348,60.678929567337036
108.91749966144562,53.063500344753265
111.08892381191254,54.633076190948486
115.59434759616852,53.98065239191055
71.95078343153,276.17921656370163
137.97421771287918,651.210782289505
63.552661657333374,189.59533834457397
68.09409838914871,648.3129016160965
472.19154638051987,708.8814536333084
933.3629815578461,713.9700184464455
113.27542227506638,59.55757772922516
113.59485101699829,54.14614897966385
112.65528213977814,55.91871786117554
115.34572631120682,57.006273686885834
115.01716035604477,54.797839641571045
112.98459374904633,52.774406254291534
115.32202303409576,60.49197697639465
118.43945854902267,55.06154143810272
116.12889504432678,61.872104942798615
117.07732713222504,133.62567287683487
65.26875501871109,647.1952449679375
472.84719610214233,684.2648038864136
938.2216246128082,699.7403753995895
117.33806103467941,56.60693895816803
114.21250540018082,51.86049461364746
116.51393461227417,54.819065392017365
111.7223693728447,52.0746306180954
114.0607922077179,55.550207793712616
112.62022083997726,52.82377916574478
111.75464737415314,56.54135262966156
113.07506436109543,54.998935639858246
113.81947898864746,59.031521022319794
85.82589852809906,199.37910145521164
89.34833139181137,646.577668607235
496.8717677593231,699.7952322363853
959.5981960296631,708.289803981781
468.4366144537926,670.3413855433464
892.5340354442596,711.2069645524025
112.77946627140045,66.31353372335434
116.83989214897156,56.530107855796814
115.62236660718918,57.1556333899498
120.33079653978348,55.2432034611702
113.11424314975739,58.16475683450699
112.26666176319122,56.82633823156357
117.19707852602005,59.02492147684097
114.73849856853485,59.66850143671036
114.72491562366486,60.8310843706131
115.82233029603958,114.64066970348358
67.27175062894821,619.0242493748665
503.85117810964584,646.741821885109
916.8546162843704,687.0893837213516
112.91603535413742,66.49196463823318
115.10544961690903,56.17255038022995
112.03587996959686,56.9271200299263
116.35629469156265,57.92270529270172
116.43373900651932,58.0842610001564
113.73617225885391,54.72782772779465
122.38859897851944,61.8524010181427
119.28205561637878,59.31094437837601
114.99049055576324,56.08350944519043
111.66190993785858,150.24509006738663
72.8523296713829,638.1656703352928
528.0047537088394,648.309246301651
942.6761786341667,699.0828213691711
113.9225943684578,53.63440561294556
888.3340234160423,679.7769765853882
111.93144607543945,56.40155392885208
112.21386921405792,52.58313077688217
112.92232578992844,50.78167420625687
113.81674778461456,50.18325221538544
114.43117994070053,53.47582006454468
116.97360837459564,53.211391627788544
116.34905654191971,53.78094345331192
73.35349214076996,214.7945078611374
116.69192886352539,53.53007113933563
114.3073667883873,74.85863322019577
117.70078575611115,536.3542142510414
461.1872293353081,654.7937706708908
876.3586569428444,698.9003430604935
115.62309217453003,59.33990782499313
122.07151037454605,56.76048964262009
116.6509775519371,65.36802244186401
112.4334032535553,62.97459673881531
113.16081684827805,61.26518315076828
114.5722319483757,59.112768054008484
130.87366795539856,36.92233204841614
115.45307332277298,64.12192666530609
128.67952501773834,43.78347498178482
130.38798993825912,84.09301006793976
116.63443720340729,562.7555627822876
498.58187144994736,645.6581285595894
928.9203191995621,646.467680811882
83.70375525951385,41.00024473667145
121.11618173122406,53.23681825399399
114.58363902568817,59.676360964775085
113.62506592273712,53.24493408203125
112.13048422336578,55.33251577615738
110.93091088533401,54.25408911705017
107.95433211326599,55.41566789150238
107.36674773693085,51.37425225973129
108.5011630654335,52.16583693027496
69.80158406496048,149.3644159436226
174.3070067167282,529.3049932718277
112.16343075037003,58.24456924200058
79.90885478258133,535.8691452145576
444.89429235458374,630.1977076530457
912.843727171421,640.3042728304863
109.7191841006279,58.02181589603424
112.22460389137268,54.183396100997925
114.54402750730515,54.15997248888016
111.62244933843613,54.04455065727234
112.08986580371857,52.54013419151306
111.11328595876694,64.31271404027939
110.48869806528091,54.10430192947388
102.26348388195038,8.829516112804413
103.94918292760849,19.56881707906723
80.35788667201996,128.86311334371567
105.91458886861801,573.4554111361504
508.73030173778534,662.9916982650757
913.7691268920898,662.1758731007576
123.71487122774124,40.58212876319885
115.45665854215622,20.67334145307541
118.95740985870361,37.06059014797211
112.9951679110527,36.63383209705353
113.99591463804245,27.76308536529541
106.33167135715485,14.354328632354736
109.70241296291351,14.852587044239044
110.77816146612167,9.073838531970978
114.27891421318054,61.40708577632904
98.83570593595505,12.68329405784607
123.2624791264534,420.2195208668709
294.39338290691376,635.5876170992851
733.5051282048225,647.0678718090057
204.30385607481003,647.4191439151764
633.6186482906342,667.3063517212868
1064.5454167723656,660.5645832419395
113.6021431684494,56.21285682916641
106.14086627960205,57.67413371801376
109.53064578771591,62.56235420703888
114.43845462799072,60.54254537820816
94.88430374860764,44.558696269989014
104.73800981044769,40.168990194797516
119.60872185230255,44.187278151512146
116.49943363666534,40.83456635475159
128.25914925336838,42.462850749492645
91.44526356458664,56.35073643922806
68.89197200536728,556.9790279865265
430.5036758184433,653.4033241868019
877.9673824906349,672.6256175041199
105.20908689498901,61.99391311407089
103.91379272937775,59.215207278728485
103.48949879407883,59.732501208782196
109.60120874643326,63.602791249752045
104.19492948055267,59.583070516586304
122.86264592409134,15.54435408115387
128.16036188602448,21.617638111114502
146.10607302188873,24.430926978588104
144.8097853064537,49.31921470165253
177.64450281858444,77.66949719190598
126.90524470806122,570.0767552852631
110.46378231048584,375.2592176795006
283.90849483013153,670.0725051760674
110.66920185089111,320.34979814291
244.0779100060463,649.0150899887085
1120.32033264637,705.5306673645973
109.24804818630219,56.344951808452606
105.26676404476166,54.04723596572876
111.26748198270798,54.76851803064346
105.91719847917557,55.26880156993866
109.30691665410995,57.323083341121674
104.99363768100739,56.41436231136322
105.82734793424606,5.8016520738601685
79.68175756931305,36.30024242401123
77.07145804166794,432.6875419616699
319.2401682138443,645.6498317718506
778.6108735203743,675.2591264843941
90.98258185386658,34.27741813659668
83.16829419136047,41.55370581150055
84.72500681877136,41.27499318122864
86.00372266769409,41.90327733755112
87.83844047784805,37.291559517383575
78.85815560817719,44.10484439134598
83.56287181377411,43.511128187179565
79.73058646917343,44.047413527965546
114.9902977347374,10.786702275276184
70.71402484178543,40.69297516345978
77.6037420630455,498.35825794935226
368.9754940867424,655.9505059123039
831.6612793207169,654.5047206878662
1202.311048746109,718.1709512472153
116.40991991758347,43.757080078125
109.29966032505035,47.38533967733383
121.5603997707367,259.4586002230644
182.08012115955353,668.0498788356781
629.598850607872,679.0671494007111
1088.84157371521,681.3994262814522
113.99029457569122,37.91770541667938
105.78799962997437,40.3790003657341
109.56670463085175,46.897295355796814
109.32641917467117,47.89558082818985
116.79012525081635,38.709874749183655
108.86583399772644,46.98616600036621
111.4215458035469,45.966454207897186
114.9422516822815,47.33574831485748
85.2769758105278,41.33402419090271
112.01771122217178,340.3702887892723
230.3154250383377,687.4995749592781
676.3161489367485,708.072851061821
1153.5208760499954,683.2191239595413
104.65159177780151,43.55240821838379
109.45000332593918,43.530996680259705
120.95170265436172,38.807297348976135
115.60040712356567,44.36259287595749
139.21212166547775,96.91687834262848
107.15842026472092,57.822579741477966
108.45612877607346,57.413871228694916
85.80986058712006,58.41313940286636
110.97658896446228,196.52241104841232
111.99630558490753,56.72569441795349
110.60902851819992,134.03897148370743
111.09074920415878,596.1502507925034
459.4814763665199,711.630523622036
913.5561996102333,712.4438003897667
108.11192047595978,55.73907953500748
107.76164555549622,54.33035445213318
107.70736020803452,54.44063979387283
106.61607140302658,56.216928601264954
105.20978170633316,56.198218286037445
105.87748402357101,53.71551597118378
105.54519194364548,54.25080806016922
109.74890905618668,55.528090953826904
108.10263574123383,7.471364259719849
88.38136768341064,236.89563232660294
84.27110803127289,668.2108919620514
528.5498260855675,684.8751739263535
1001.8475353717804,668.3374646306038
108.03324806690216,9.281751930713654
107.20196330547333,11.65103667974472
106.99867552518845,5.982324481010437
107.6663858294487,10.722614169120789
109.13009935617447,6.4619006514549255
109.11381459236145,54.183185398578644
71.85452663898468,42.75647336244583
82.74523687362671,39.27376312017441
73.85695612430573,43.32804387807846
108.02465844154358,263.80834156274796
168.9883697628975,670.844630241394
111.63880294561386,648.0461970567703
539.6765232682228,679.9334767460823
1002.5852373242378,685.1737626791
98.19694662094116,33.617053389549255
107.84665137529373,36.76434862613678
96.81035751104355,42.5416424870491
99.73806482553482,39.66893517971039
113.7577702999115,35.09422969818115
102.53549098968506,39.25950902700424
118.87021452188492,43.74078547954559
112.7599429488182,41.90605705976486
126.20568931102753,35.62731069326401
110.72540962696075,237.20059037208557
148.00422155857086,632.976778447628
538.8390738368034,659.1789261698723
987.0988000035286,666.4192000031471
113.34158396720886,61.88041603565216
106.25037729740143,56.028622686862946
108.65809577703476,55.156904220581055
107.51081889867783,56.859181106090546
106.73453742265701,56.8764625787735
108.32826167345047,56.44973832368851
107.77298498153687,56.31901502609253
107.77470481395721,57.2442951798439
110.44242525100708,56.27957475185394
113.36914819478989,152.35285180807114
128.86988919973373,601.5741108059883
463.9647898674011,652.9252101182938
888.7985204458237,683.5714795589447
379.503255546093,663.3667444586754
816.4119943380356,683.0510056614876
112.98672318458557,57.550276815891266
111.28449481725693,56.28950518369675
109.63723093271255,56.89976906776428
107.84194815158844,56.603051841259
109.50967013835907,57.50832986831665
108.91839110851288,55.50760889053345
107.29012447595596,58.28487551212311
108.58684158325195,56.37615841627121
108.69956427812576,58.430435717105865
108.88534289598465,60.11465710401535
98.6461107134819,432.90988928079605
264.4990237355232,673.0009762644768
713.0557530522346,673.7782469391823
1137.8714720010757,711.0545279979706
110.26118516921997,56.05381482839584
109.55790555477142,55.626094460487366
109.55963093042374,56.94036906957626
112.13435727357864,56.679642736911774
109.87708866596222,59.51191133260727
108.17381048202515,55.937189519405365
110.15652859210968,57.60247141122818
107.8612550497055,57.138744950294495
114.86209714412689,57.599902868270874
140.64182513952255,319.4331748485565
209.0126737356186,670.0613262653351
600.6985088586807,692.4484911561012
1016.9972979426384,703.9847020506859
501.18302112817764,687.4089788794518
933.5167407393456,712.3532592654228
111.64752233028412,58.815477669239044
109.57424491643906,59.4807550907135
112.79797494411469,55.627025067806244
110.28171300888062,58.311286985874176
116.76344847679138,58.10655152797699
108.69119864702225,58.883801341056824
110.04291665554047,58.17908334732056
108.95164120197296,57.69635879993439
109.23135900497437,56.15864098072052
63.39807736873627,208.6569226384163
114.23287308216095,594.0821269154549
436.9006621837616,692.9693378210068
851.345478951931,709.801521062851
109.92119514942169,59.33780485391617
109.49591809511185,56.02208191156387
109.44164210557938,58.22435790300369
110.8323644399643,56.94563555717468
107.77808392047882,56.50091606378555
112.59381103515625,62.09218895435333
110.66855257749557,59.2014474272728
110.91028094291687,60.20071905851364
113.50400960445404,59.939990401268005
99.07874584197998,84.4952541589737
112.63653600215912,534.6054639816284
366.1733276247978,702.7156723737717
767.8231684565544,722.6398315429688
109.17588901519775,57.342110991477966
108.21361136436462,56.34138864278793
1163.3083285093307,705.784671485424
109.16105532646179,55.74594467878342
111.51377779245377,55.31922221183777
108.95950204133987,57.46649795770645
112.86722391843796,55.113776087760925
110.4429520368576,56.24204796552658
109.77767354249954,56.14832645654678
82.59240746498108,65.57359254360199
105.72426760196686,425.97973239421844
117.67006057500839,57.81193941831589
106.6518424153328,316.10715758800507
154.59764915704727,687.4393508434296
572.7464280724525,715.1605719327927
1011.1192191839218,720.6597808003426
108.80394577980042,56.139054238796234
112.19466418027878,59.268335819244385
107.67738378047943,54.3606162071228
107.73410099744797,54.617899000644684
108.41981965303421,56.524180352687836
114.73554182052612,55.930458188056946
108.42228126525879,55.170718729496
109.51600140333176,55.7429986000061
112.23972946405411,56.6682705283165
116.88746535778046,275.9455346465111
151.62919461727142,673.9438053965569
567.1689260005951,728.0170739889145
1031.7806446552277,730.7193553447723
110.26335555315018,59.5156444311142
108.80106377601624,56.92093622684479
109.78377586603165,57.99422413110733
106.87749046087265,57.40050953626633
110.91520065069199,58.63979935646057
110.2309091091156,55.71409088373184
108.52762168645859,55.694378316402435
110.82532960176468,57.32267040014267
112.69705033302307,55.28494966030121
61.23577302694321,360.7652269601822
242.29249727725983,645.1895027160645
85.55222809314728,266.59677189588547
143.07096403837204,660.2060359716415
538.3687199354172,718.9462800621986
1006.9434591531754,708.6475408673286
115.55620127916336,55.47979873418808
118.0389364361763,56.128063559532166
114.68767642974854,52.62632358074188
115.50341165065765,53.403588354587555
111.50515669584274,54.17984330654144
113.52488714456558,53.04911285638809
113.9886184334755,53.418381571769714
115.06435245275497,53.62064754962921
114.71308362483978,56.02791637182236
115.08381414413452,195.89618587493896
91.73354196548462,686.3774580359459
508.3642860651016,727.412713944912
967.6810171604156,734.4119828343391
117.97775655984879,58.263243436813354
112.53449434041977,53.37250566482544
117.97923457622528,53.13176542520523
122.33298689126968,52.926013112068176
113.48174917697906,54.46325081586838
114.3714748620987,52.887525141239166
115.65121060609818,54.348789393901825
114.30095201730728,54.830047965049744
113.72668391466141,53.32831609249115
76.46841359138489,199.04958641529083
87.52514362335205,655.9938563704491
499.0458835363388,704.4921164512634
115.26861584186554,55.43538415431976
442.6773445010185,682.0636554956436
850.6040782928467,721.0449216961861
112.1048094034195,53.672190606594086
117.47654980421066,53.00545018911362
111.79129284620285,53.3007071018219
118.7000241279602,52.465975880622864
115.59077280759811,52.0202271938324
115.42450773715973,52.797492265701294
113.59323519468307,53.129764795303345
117.68696582317352,53.091034173965454
114.4287024140358,57.18329757452011
80.11443346738815,90.31156653165817
91.30116820335388,547.0698317885399
416.32089602947235,672.2351039648056
822.4146304726601,733.5303695201874
111.95136553049088,54.473634481430054
119.78609663248062,57.175903379917145
116.5468265414238,52.9531734585762
112.76956343650818,51.15643656253815
121.51230454444885,57.858695447444916
116.5310492515564,57.30095076560974
117.23678493499756,54.93021506071091
115.70052528381348,56.503474712371826
115.18326008319855,54.89073991775513
63.27598857879639,78.13101142644882
117.81472760438919,481.61127239465714
355.59346455335617,712.6655354499817
793.3731927275658,725.6468072533607
112.40995645523071,52.84904354810715
694.4486972093582,738.0513027906418
1152.5424334406853,734.9205665588379
113.76517057418823,52.271829426288605
113.13690620660782,50.99209380149841
115.67563945055008,52.36136054992676
113.21337562799454,51.65762436389923
120.14012551307678,55.59987449645996
112.5858822464943,52.321117758750916
122.93861925601959,54.116380751132965
112.38437360525131,54.98562639951706
62.81114220619202,55.74485778808594
81.16387712955475,368.4101228713989
205.0726187825203,719.4833812117577
655.6103598475456,699.0926401615143
1084.5001003742218,725.5178996324539
114.00183343887329,52.3871665596962
113.89157086610794,52.1444291472435
112.61430078744888,51.12569922208786
118.37503361701965,54.55096638202667
112.00576221942902,51.91923779249191
114.09948116540909,52.122518837451935
112.2862041592598,51.17679584026337
116.74995934963226,56.7130406498909
119.2327007651329,56.156299233436584
119.4374543428421,307.09954565763474
190.73520255088806,688.8947974443436
650.7729645967484,660.5790354013443
1052.181692659855,739.5603073239326
115.34942442178726,52.24357557296753
971.8131642341614,717.5758357644081
113.09190148115158,51.945098519325256
114.00063282251358,51.573367178440094
112.11236906051636,50.609630942344666
112.13209813833237,51.81190186738968
113.05885660648346,52.25514340400696
113.2455860376358,50.08841395378113
114.59831875562668,52.29068124294281
64.0990440249443,310.6219559907913
112.78576070070267,56.95523929595947
106.91649568080902,203.99150431156158
117.63924199342728,642.6187580227852
528.8809875845909,695.9700124263763
937.6787335276604,722.0432664752007
114.8834697008133,50.94953030347824
116.36620181798935,51.83779817819595
114.64493924379349,50.68806076049805
115.46067583560944,53.33532416820526
115.01741218566895,53.53758782148361
114.37014776468277,51.055852234363556
125.6868776679039,53.5171223282814
113.83560854196548,55.164391458034515
115.39234071969986,54.47865927219391
80.09607666730881,196.47692334651947
80.43081414699554,646.5871858596802
508.3585432767868,674.5494567155838
982.6182717084885,661.1037282943726
116.73101806640625,57.39898192882538
119.19475603103638,53.2872439622879
115.21450197696686,56.155498027801514
117.80823785066605,53.173762142658234
115.64298784732819,51.191012144088745
115.05172049999237,51.85727947950363
115.12545216083527,51.79954785108566
114.71918040513992,51.77981960773468
116.31391155719757,52.40808844566345
116.29664099216461,116.00035899877548
114.90837639570236,572.3146235942841
475.724104821682,692.4798951745033
115.92883569002151,509.62716430425644
376.8555616736412,705.1254383325577
863.7092895507812,679.7167104482651
118.91305482387543,58.53094518184662
116.02580636739731,50.789193630218506
117.50754606723785,50.824453949928284
115.39829468727112,52.34270530939102
117.492027759552,51.48997223377228
117.23375988006592,49.581240117549896
111.9384925365448,50.19150745868683
113.45722168684006,53.300778329372406
124.45995044708252,52.15204954147339
97.60768473148346,24.18731528520584
123.01641058921814,460.8165894150734
349.18414586782455,702.5008541345596
804.8158861398697,694.2591138482094
121.92761653661728,55.79538345336914
114.7803915143013,51.94160848855972
114.74412047863007,52.255879521369934
117.59685611724854,53.57014387845993
112.50560069084167,49.10439932346344
116.96933811903,50.93666189908981
112.41508710384369,51.547912895679474
112.71281588077545,50.824184119701385
113.99153727293015,49.63846272230148
84.67899197340012,469.00700801610947
295.9387510418892,715.1532489657402
751.3654987812042,698.8745012283325
229.68223118782043,687.4657688140869
666.7389633059502,707.9280366897583
1096.221688568592,744.0193114280701
115.00041741132736,-1.0924174189567566
112.26114428043365,49.83185571432114
118.3918736577034,49.609126329422
116.39260339736938,55.47839659452438
113.7273485660553,49.01465141773224
118.54208654165268,23.142913460731506
124.87683933973312,23.882160663604736
122.98957562446594,28.900424361228943
119.28631472587585,-2.4903147220611572
114.38005089759827,312.8789491057396
196.32577764987946,706.6742223501205
655.0855132341385,711.8214867711067
1105.21724909544,711.2647508978844
131.90298891067505,23.708011090755463
121.01572245359421,30.300277531147003
127.2564492225647,30.427550792694092
176.64718103408813,27.00181895494461
152.77790814638138,26.166091859340668
153.68563908338547,32.51736092567444
129.2973706126213,71.84962940216064
124.52217149734497,60.162828505039215
127.35594892501831,64.40305107831955
127.46773314476013,241.8652668595314
99.19147425889969,724.160525739193
527.8042262196541,747.3997737765312
978.8789789676666,745.4180210232735
442.21271711587906,55.45328289270401
894.9544641375542,753.8415358662605
118.9012102484703,57.932789742946625
119.9019490480423,60.41305094957352
119.21769958734512,62.060300409793854
123.10743188858032,58.818568110466
131.10815966129303,70.83584034442902
121.1088877916336,65.77911221981049
126.38861405849457,64.13038593530655
129.31536448001862,66.4986355304718
161.64920645952225,45.90579354763031
70.85544401407242,57.348555982112885
83.18920642137527,367.2737935781479
225.72793990373611,693.8650600910187
686.7476644515991,694.6783355474472
1151.2113953232765,711.3446046710014
112.50912392139435,55.10287606716156
113.89785301685333,51.2301470041275
114.52958858013153,3.915411412715912
113.82631886005402,11.87668114900589
112.1430476307869,4.060952365398407
115.56977844238281,21.763221561908722
133.4965080022812,27.781491994857788
142.85024386644363,22.149756133556366
130.59197509288788,29.52002489566803
130.31470519304276,316.07429480552673
215.29743838310242,703.6105616092682
617.4831780791283,742.7018219232559
1064.5209500789642,734.0700499415398
123.39371061325073,59.66228938102722
967.5424585938454,737.6985414028168
124.48719865083694,63.696801364421844
121.95194447040558,59.270055532455444
123.76767438650131,62.30632561445236
130.84341150522232,63.49058848619461
125.2331708073616,65.37782919406891
123.14089578390121,64.15410423278809
124.86462604999542,63.00537395477295
129.75435262918472,243.0596473813057
118.88508290052414,59.02191710472107
117.75681573152542,171.72518426179886
123.25755620002747,633.6124438047409
466.1843242049217,745.5376757979393
907.2421031594276,733.7398968338966
131.29886549711227,62.49813449382782
132.28063929080963,62.60836070775986
125.15140783786774,60.36659216880798
123.39416193962097,63.031838059425354
126.11692178249359,62.197078227996826
124.19268196821213,64.28931802511215
123.52643364667892,56.34356635808945
124.95418614149094,59.02781385183334
120.75094026327133,59.5820597410202
72.52969360351562,80.11830639839172
136.56846725940704,461.4495327472687
317.4952214360237,723.0417785644531
775.8119653463364,732.0400346517563
120.23871260881424,56.74328738451004
130.79547202587128,63.72352796792984
1152.0372543931007,737.2777456045151
130.37102264165878,62.07297736406326
128.16880404949188,64.75819593667984
126.13256055116653,63.58943945169449
122.83732241392136,67.23667758703232
128.0240747332573,65.67992526292801
124.3028376698494,65.95616233348846
77.7666203379631,64.77037966251373
84.89738726615906,358.5846127271652
125.7691605091095,63.13883948326111
75.2139184474945,261.9900815486908
81.32666349411011,708.7113364934921
511.7533923983574,765.4876075983047
970.8841335773468,746.3378664255142
125.2368888258934,65.5591111779213
134.8866587281227,73.98434126377106
127.01644450426102,71.44555550813675
135.92520266771317,73.51879733800888
129.0189846754074,65.48101532459259
127.66874182224274,67.25725817680359
126.18850702047348,70.88649296760559
134.26326882839203,68.80973118543625
132.43103224039078,66.47596776485443
159.35880088806152,41.95619910955429
111.60098892450333,389.1220110654831
239.56470954418182,725.7682904601097
700.1024526357651,669.6015473604202
1124.6591814160347,744.0078185796738
113.08590763807297,52.95109236240387
116.71662640571594,48.54237359762192
113.25534552335739,49.05965447425842
118.5530748963356,2.965925097465515
109.57181173563004,24.224188268184662
135.2215433716774,33.68545663356781
147.352281332016,24.2407186627388
153.05700623989105,21.683993756771088
157.79775696992874,25.33124303817749
155.2445046901703,320.40449529886246
252.33824998140335,681.4957500100136
159.15398091077805,227.97601908445358
169.69171738624573,680.882282614708
580.0814591050148,741.1215409040451
1056.37918561697,720.8988143801689
171.8619163632393,28.36108362674713
172.36264389753342,16.489356100559235
166.82637298107147,32.80262702703476
114.64258915185928,51.394410848617554
117.34832763671875,54.41167235374451
115.36706864833832,52.1509313583374
115.14680272340775,51.05719727277756
116.0545425415039,53.463457465171814
117.25926786661148,50.29573214054108
96.68699622154236,97.29500377178192
118.66872447729111,527.997275531292
399.0954488515854,726.4595511555672
868.0601829886436,713.8108170032501
114.94990473985672,51.55009526014328
113.5256313085556,48.28936868906021
115.52635765075684,50.84464234113693
116.82308530807495,49.954914689064026
118.10181438922882,51.56418561935425
119.177539229393,50.063460767269135
111.660265147686,50.155734837055206
121.21700114011765,18.560998857021332
111.82875245809555,29.115247547626495
108.73649370670319,91.87450629472733
65.0162605047226,564.2987394928932
392.3509890437126,722.557010948658
122.72172248363495,416.7222775220871
307.3894845843315,716.5545154213905
761.1692005991936,721.7017993927002
1230.983933031559,691.3860669732094
162.50365382432938,26.532346189022064
161.61637771129608,33.27262228727341
116.3215799331665,53.8814200758934
116.1743129491806,50.69568705558777
112.56503689289093,54.342963099479675
116.00978183746338,49.194218158721924
116.30750888586044,49.54449111223221
115.95623898506165,49.7837610244751
116.97596949338913,50.580030500888824
122.0697084069252,304.68929159641266
135.4594584107399,706.5405415892601
584.701189160347,710.6128108501434
1039.072915315628,735.427084684372
115.38863760232925,13.093362390995026
107.16736173629761,34.77663826942444
113.66808956861496,27.478910446166992
112.92881029844284,26.145189702510834
94.5965365767479,35.32946342229843
116.93026375770569,29.179736256599426
134.85798978805542,27.03101021051407
117.1927141547203,28.382285833358765
118.41543817520142,32.231561839580536
94.80616492033005,305.28683507442474
162.89989686012268,665.6381031274796
160.62337124347687,34.45062875747681
523.8101006746292,726.8008993268013
975.2558572292328,686.281142771244
102.87194615602493,390.10905385017395
243.16965878009796,723.7383412122726
702.9113792777061,737.6066207289696
1165.690095961094,733.5879040360451
113.35781520605087,55.43918478488922
112.26652681827545,53.93747317790985
112.98923987150192,52.30776011943817
112.36095005273819,50.86104995012283
111.97266286611557,52.878337144851685
114.73337185382843,53.581628143787384
112.4380858540535,50.524914145469666
114.27279877662659,52.98720121383667
67.51451981067657,55.485480189323425
110.83023750782013,489.33676248788834
314.94296222925186,726.872037768364
762.7396900653839,737.019309937954
675.5183985829353,59.111601412296295
993.0400391221046,735.033960878849
461.24475759267807,724.5882424116135
925.4494643211365,714.6055356860161
142.1721914410591,37.789808571338654
114.06333553791046,49.78866446018219
111.08305603265762,49.99094396829605
113.69476801156998,53.43523198366165
113.14048916101456,50.35951083898544
114.03020316362381,52.09979683160782
118.19792032241821,48.30307972431183
115.21764814853668,48.74535185098648
113.2183768749237,55.92962312698364
62.22010123729706,93.35389876365662
118.57283395528793,497.1871660351753
357.8885644674301,718.2784355282784
123.81701773405075,60.201982259750366
113.33573585748672,49.49726414680481
114.85545074939728,48.68154925107956
114.74616450071335,50.38383549451828
111.6908786892891,48.457121312618256
113.78458684682846,49.91941314935684
112.17430621385574,48.54769378900528
112.60101014375687,50.49098986387253
113.01070898771286,48.87829101085663
116.49241816997528,97.43258184194565
117.10514068603516,568.4878593087196
442.7168563604355,700.0421436429024
894.8105716109276,694.3564283847809
103.49728691577911,34.04071307182312
816.5340396165848,714.5019603967667
99.59175664186478,27.760243356227875
102.25847029685974,30.88852971792221
107.92718333005905,30.202816665172577
106.24290573596954,35.59109425544739
120.57763260602951,32.182367384433746
113.89236491918564,37.16263508796692
121.13509571552277,32.716904282569885
86.5808452963829,158.10515469312668
126.54464864730835,5.474351346492767
142.23141020536423,47.3995897769928
150.99020475149155,416.564795255661
244.41807579994202,725.3409242033958
1106.0876367092133,751.8383632898331
116.10742902755737,53.597570955753326
114.16316264867783,51.113837361335754
113.73888450860977,50.24311548471451
115.09161013364792,51.464389860630035
114.42633664608002,52.70366334915161
112.88905590772629,48.2949441075325
117.68677163124084,54.443228363990784
113.5585008263588,48.366499185562134
116.89323669672012,53.10676330327988
105.98703390359879,288.04996609687805
281.7288553714752,576.2341446280479
590.5625806450844,727.5664193630219
1031.3243002295494,745.5846997499466
114.39907479286194,47.58292520046234
116.23280030488968,76.73019969463348
118.38153034448624,45.96946966648102
118.43825727701187,52.06174272298813
115.18000078201294,52.07899922132492
115.81173276901245,51.28126722574234
113.25646084547043,49.61353915929794
114.27617853879929,50.96382147073746
114.25890463590622,49.50009536743164
121.09368115663528,255.25831884145737
114.01945608854294,690.8865439295769
107.98423457145691,157.1267654299736
124.30004006624222,566.9589599370956
405.1718319654465,717.6981680393219
817.0066124200821,754.8273875713348
116.56240165233612,52.56659835577011
115.21312928199768,46.60287070274353
120.30586677789688,58.379133224487305
116.36261719465256,55.04438281059265
117.77035140991211,53.15464860200882
118.97607338428497,56.912926614284515
115.58780032396317,48.15219968557358
116.51551693677902,56.873483061790466
115.21924328804016,53.35375672578812
126.66501939296722,19.64998060464859
109.53683823347092,458.2961617708206
294.14863473176956,723.9243652820587
734.0204148888588,728.6275851130486
1146.83718085289,755.7928191423416
119.30090618133545,50.16309380531311
117.57863390445709,55.10636609792709
116.69135111570358,53.38264888525009
117.08207404613495,47.844925940036774
117.67579472064972,55.732205271720886
117.287526845932,54.1194731593132
120.51028001308441,58.6007199883461
114.67801582813263,49.747984170913696
200.08673733472824,61.04226267337799
86.51378470659256,322.87521529197693
143.9965784549713,703.4104215502739
69.27543044090271,191.4465695619583
92.79526323080063,605.5747367739677
424.90802282094955,711.9809771776199
853.5938009023666,725.8131991028786
116.50159186124802,50.92340815067291
114.46631062030792,53.99668937921524
115.04203408956528,49.14296591281891
114.94975262880325,48.99424737691879
115.48747098445892,49.437529027462006
113.47019177675247,53.1038082242012
117.76791703701019,51.49108296632767
122.6576516032219,57.32334840297699
117.02939593791962,60.7856040596962
93.38211315870285,101.69188684225082
115.99381983280182,543.2091801762581
414.62454056739807,709.5234594345093
863.1822538971901,717.5777460932732
113.5899710059166,51.55802899599075
114.0356879234314,45.90831208229065
114.31440615653992,47.019593834877014
115.27812498807907,46.258875012397766
114.94584506750107,48.23915493488312
116.72556394338608,47.99743604660034
115.318290412426,50.088709592819214
120.8940082192421,49.77299177646637
115.61673104763031,48.67926895618439
117.04345405101776,129.28954595327377
105.93418216705322,614.5658178329468
443.73091208934784,732.8790879249573
908.9916303753853,717.2853696346283
378.69634568691254,721.6556543111801
825.3450575470924,745.3389424681664
114.67978948354721,48.17221051454544
114.14451140165329,47.9484885931015
114.94123268127441,47.98476731777191
115.23895448446274,46.465045511722565
113.92467266321182,45.40832734107971
114.44438946247101,47.29661053419113
113.52011734247208,48.40588265657425
112.18783044815063,49.86816954612732
110.26253867149353,48.49646133184433
65.04123491048813,183.9037650823593
121.31994301080704,576.2540569901466
458.52466773986816,706.6423322558403
885.7293862700462,733.455613732338
111.026098549366,49.10190147161484
111.5657964348793,47.26820355653763
111.2695243358612,46.39647567272186
111.73422092199326,45.340779066085815
111.43892389535904,50.969076097011566
111.03161990642548,46.96738010644913
110.69931656122208,47.15168344974518
111.86701428890228,46.22498571872711
111.31371355056763,50.05728644132614
114.72141194343567,243.11258804798126
117.05511599779129,712.0188840031624
555.3538220524788,735.0911779403687
85.48523771762848,33.811762273311615
958.3559541106224,748.2550458908081
101.56067180633545,33.106328189373016
115.61738520860672,28.14161479473114
107.39609175920486,32.80690824985504
109.86079853773117,33.15720146894455
103.26953047513962,33.509469509124756
113.15923178195953,29.563768208026886
103.93695223331451,36.3770477771759
118.14267438650131,315.52432560920715
129.73642110824585,48.578578889369965
111.55225414037704,201.2997458577156
127.38702291250229,610.6499770879745
488.5548103451729,685.4831896424294
902.7406193614006,714.6103806495667
117.01939362287521,60.42460638284683
122.7611477971077,51.01685220003128
119.7068937420845,49.86710625886917
126.8746286034584,50.625371396541595
121.69038212299347,29.43961787223816
120.72909063100815,37.25290936231613
124.52581650018692,42.82618349790573
129.54553294181824,39.13946706056595
120.21324610710144,51.212753891944885
118.63998001813889,92.91601997613907
75.38170892000198,594.5802910923958
458.29042541980743,684.8575745820999
911.1431441903114,684.2648558020592
118.55186367034912,48.374136328697205
118.88659858703613,48.04040139913559
118.2203289270401,48.13167107105255
117.59205800294876,49.22294199466705
122.33379584550858,48.87020415067673
121.33554953336716,48.59045046567917
121.70629423856735,50.86770576238632
117.44803601503372,49.53296399116516
117.50475001335144,48.58824998140335
114.5244590640068,99.53054094314575
82.52616518735886,606.5118348002434
70.95188617706299,66.9361138343811
68.75059711933136,552.9724028706551
391.2693054676056,696.3046945333481
870.9000300765038,667.2299699187279
117.86374759674072,49.76525241136551
117.64246600866318,46.320533990859985
114.97718405723572,47.81881594657898
97.53391081094742,31.688089191913605
103.75663685798645,26.021363139152527
113.202352643013,33.07464736700058
119.18506723642349,40.66693276166916
122.31679314374924,33.999206840991974
139.37251794338226,26.775482058525085
122.81722420454025,84.27377581596375
116.72596108913422,557.7550389170647
417.3936675786972,727.8473324179649
876.8393694162369,740.3086305856705
113.00707542896271,0.08492457866668701
114.76777750253677,23.88122248649597
132.9904870390892,24.064512968063354
142.75120794773102,17.322792053222656
126.32594227790833,26.74805772304535
132.95767670869827,26.13532328605652
139.84640103578568,26.33859896659851
152.44113439321518,20.44786560535431
149.20088583230972,42.26211416721344
140.90564393997192,97.5203560590744
84.18453532457352,558.0934646725655
324.35345536470413,683.2395446300507
745.9462854862213,690.2387145161629
179.80009824037552,682.5339017510414
631.5968333482742,700.6991666555405
1115.0975521206856,669.6054478883743
102.06226980686188,27.752730190753937
100.96998608112335,28.714013934135437
104.9717116355896,49.26928836107254
124.7314327955246,7.212567210197449
102.45516204833984,28.285837948322296
103.32588917016983,29.470110833644867
96.04964250326157,47.709357500076294
108.23636865615845,32.22763133049011
125.97882527112961,303.87317472696304
197.83157968521118,706.0384203195572
650.2403245568275,674.6116754412651
1091.4450598359108,707.1849401593208
145.76077896356583,12.646221041679382
141.72552627325058,29.812473714351654
133.13326215744019,23.79273784160614
131.96799474954605,26.162005245685577
144.2837280035019,26.234272003173828
160.04446524381638,25.49253475666046
161.7491950392723,23.50980496406555
147.47293037176132,34.269069612026215
139.02867501974106,32.58232498168945
98.30849933624268,258.2665006518364
158.99432963132858,635.8766703605652
513.4021853208542,688.5418146848679
936.773981153965,706.8920188546181
372.97970962524414,721.2062903642654
848.4435078501701,695.3524921536446
664.9812542200089,48.851745784282684
136.7410728931427,45.943927109241486
135.59485167264938,46.369148313999176
116.81764191389084,48.756358087062836
116.20836693048477,48.03263306617737
118.41312086582184,47.790879130363464
119.69089180231094,47.216108202934265
124.2116249203682,49.23337507247925
126.19336819648743,48.75063180923462
120.95420336723328,48.60179662704468
92.7509303689003,374.0450696349144
166.40079253911972,711.0802074670792
658.6055170297623,667.3014829754829
1032.939259827137,764.282740175724
117.16301321983337,49.13398677110672
118.9607327580452,51.02026724815369
114.33245956897736,50.742540419101715
114.87017041444778,45.66782957315445
116.11187899112701,48.018121004104614
114.53858590126038,48.42441409826279
115.02131712436676,45.47868287563324
116.33702212572098,48.607977867126465
118.24572741985321,50.51327258348465
84.07943296432495,357.0865670442581
207.32214415073395,715.2708558440208
647.5638626217842,748.4361373782158
1135.3055763840675,710.6024236083031
128.80631333589554,54.544686675071716
1005.345065176487,749.2849348187447
143.19683092832565,65.35716909170151
126.29062116146088,53.70937883853912
139.0893778204918,63.041622161865234
133.38616222143173,56.040837824344635
134.88690447807312,55.298095524311066
131.96164524555206,57.81535476446152
128.0923889875412,53.888611018657684
127.27912360429764,55.33187639713287
127.31784647703171,52.77515351772308
112.09657782316208,168.36742216348648
131.67130327224731,622.8286967277527
455.46903908252716,754.2899609208107
917.3957648873329,762.6972351074219
129.06249678134918,59.63950324058533
127.41623818874359,54.768761813640594
135.47298216819763,62.89701783657074
141.8257519006729,64.4892480969429
130.15955138206482,51.89544862508774
141.55031937360764,68.4866806268692
134.62511855363846,62.337881445884705
130.34886765480042,57.762132346630096
136.1096059679985,63.42739403247833
133.09135270118713,68.42664730548859
104.57410556077957,540.9068944454193
341.0938766002655,740.2031233906746
795.3906236290932,770.2753763794899
688.0213694572449,62.810630559921265
129.41213631629944,61.6248636841774
1138.0428640842438,773.8641359210014
133.19260120391846,60.641398787498474
134.04533541202545,62.56666457653046
131.45306473970413,59.30593526363373
143.45382314920425,68.76817685365677
136.73362231254578,61.841377675533295
137.8454024195671,65.50659757852554
80.90218460559845,59.7458153963089
133.71792829036713,376.6330717206001
133.7746866941452,59.78131330013275
131.84944415092468,278.66855585575104
124.66620057821274,745.4457994103432
553.4809638857841,781.3520361185074
1006.9267190694809,743.9052809476852
131.61345809698105,59.58954191207886
130.0771951675415,64.68180483579636
127.61594223976135,52.75405776500702
129.89368003606796,57.272319972515106
127.59942227602005,54.77157771587372
138.24816113710403,60.010838866233826
133.9719055891037,56.67709439992905
136.4356770515442,59.37832295894623
136.52947008609772,57.39652991294861
101.25325638055801,195.1547436118126
113.16102027893066,629.4869797229767
427.95878744125366,767.5782125592232
872.9415556788445,753.447444319725
131.85031324625015,58.51968675851822
132.49906891584396,62.92693108320236
677.5368335843086,29.388166427612305
131.05762153863907,62.498378455638885
131.3173635005951,58.31163650751114
130.07711219787598,57.34788781404495
132.31985694169998,50.88414305448532
129.33960634469986,52.828393638134
132.06235712766647,55.06664288043976
89.02610439062119,65.21389561891556
139.61989057064056,453.08310943841934
137.93572157621384,62.916278421878815
108.34450989961624,346.5994901061058
167.457249045372,744.9317509531975
615.550988316536,759.8390116691589
1059.1437575817108,749.8002424240112
136.256513774395,54.299486219882965
132.72027105093002,61.44672894477844
130.88802522420883,57.72197479009628
129.3897563815117,56.22224360704422
129.16748571395874,56.72051429748535
127.78024464845657,55.942755341529846
134.7259882092476,60.29201179742813
131.96774417161942,59.08825582265854
137.02350729703903,59.6054927110672
137.599259018898,223.14074099063873
119.24903553724289,678.9919644594193
569.8238604664803,668.7311395406723
894.2696896791458,750.3783103227615
130.82644748687744,58.98855251073837
145.49418938159943,56.46881061792374
130.54996806383133,58.39303195476532
131.4957097172737,56.800290286540985
133.18244844675064,57.743551552295685
132.47919368743896,58.87180632352829
128.20293200016022,48.44506800174713
128.57467311620712,49.79532688856125
133.92741578817368,52.183584213256836
134.7241609096527,67.58983910083771
131.31790673732758,524.2920932769775
362.0046436190605,755.0873563885689
129.89438676834106,443.1606132388115
266.3221769928932,753.5858229994774
695.8589584827423,751.1780415177345
1155.3247091174126,752.8422908782959
129.7874711751938,57.15652883052826
131.10421639680862,56.97078359127045
128.993959069252,61.913040935993195
128.36469250917435,54.06130748987198
133.18142235279083,56.41157764196396
131.68217360973358,53.44682639837265
132.3679046034813,174.3350954055786
135.12864470481873,58.53735530376434
131.6863912343979,59.68560874462128
134.18712294101715,349.33287703990936
197.28084951639175,738.1091504693031
641.0215896964073,771.2744103074074
1097.1893391013145,750.7916609048843
148.13510310649872,64.66089689731598
138.80292826890945,67.91907173395157
136.54572027921677,63.9172797203064
133.47249454259872,57.06450545787811
132.17724072933197,60.137759268283844
132.86298298835754,63.41501700878143
134.40172630548477,60.358273684978485
136.12447148561478,59.468528509140015
132.75423276424408,54.61576718091965
106.0149696469307,234.85503035783768
134.27570796012878,687.1322920322418
490.0914636850357,772.3525363206863
79.22220689058304,637.6107931137085
403.6309571862221,764.7210428118706
852.3357342481613,763.2382657527924
141.28049892187119,65.29250109195709
141.22729325294495,56.58770674467087
138.56110042333603,60.04989957809448
144.24685782194138,61.10414218902588
135.00764173269272,63.232358276844025
134.6573804616928,62.93561953306198
133.45413219928741,63.563867807388306
133.955884039402,60.04511594772339
132.73463410139084,54.987365901470184
97.88414525985718,440.8928547501564
252.31187784671783,758.4291221499443
697.9986189007759,767.2243810892105
1158.1283568143845,761.0556432008743
128.11209046840668,57.962909519672394
136.96381908655167,56.906180918216705
134.74255239963531,63.998447597026825
140.9113286137581,70.95967137813568
138.5781285762787,61.27287143468857
142.04290491342545,59.34609508514404
130.89570546150208,57.06729453802109
133.00845712423325,58.52954286336899
94.06519424915314,57.78780573606491
92.41792845726013,341.2300715446472
158.5296607017517,735.4893392920494
591.5123964548111,764.2656035423279
1049.2731321454048,758.0608678460121
516.1808651685715,762.6341348290443
967.2746088504791,764.0213911533356
135.20235460996628,66.779645383358
134.7400975227356,63.334902465343475
135.407845556736,55.981154441833496
139.575597345829,58.14740264415741
131.76235085725784,52.72064912319183
143.59610652923584,57.92189347743988
136.92989325523376,54.18110674619675
133.8206797838211,57.80932021141052
136.69142121076584,55.88157880306244
132.34116369485855,110.49283629655838
90.50890868902206,614.9170913100243
394.4366594552994,763.9153405427933
853.6774002313614,763.7295997738838
137.4571458697319,61.320854127407074
143.80889987945557,31.468100130558014
181.51462763547897,23.18937236070633
137.70137679576874,58.94762319326401
129.12714570760727,51.22485429048538
139.51788520812988,58.20411479473114
140.33362966775894,58.315370321273804
129.1123812198639,52.88761878013611
145.13217544555664,74.86882454156876
140.05898123979568,12.25601875782013
140.52276265621185,444.57023733854294
263.8025358915329,760.087464094162
705.0442768335342,793.6977231502533
1164.2300176024437,774.0849823951721
619.4717609286308,776.509239077568
1075.2875000238419,785.3604999780655
135.6782284975052,69.56277149915695
126.1979649066925,52.118035078048706
130.12469297647476,58.43130701780319
185.79244178533554,37.615558207035065
120.20071440935135,44.22528558969498
119.20143276453018,45.019567251205444
121.1841596364975,42.87084037065506
117.68588626384735,42.740113735198975
122.27860999107361,44.9243900179863
112.70635664463043,175.0156433582306
125.18912345170975,595.0518765449524
126.45071458816528,351.06728541851044
217.4154434800148,733.7515565156937
735.9901628494263,668.1948371529579
1097.7328823804855,764.6571176052094
118.9366043806076,44.19239562749863
120.34532326459885,47.46967673301697
120.38304644823074,44.39395356178284
119.14276599884033,43.55923402309418
120.55248188972473,44.50351810455322
118.16419959068298,47.78080040216446
121.2759137749672,45.57508623600006
121.22263729572296,47.14836269617081
120.98239916563034,46.684600830078125
123.8541197180748,391.90588027238846
266.4658506512642,733.4221493601799
663.1885939240456,758.9034060835838
163.91232216358185,725.568677842617
1958.8390465974808,29.40095341205597
1050.2857698202133,761.7512301802635
122.45249336957932,44.76950663328171
119.93521791696548,51.15778207778931
121.04794353246689,47.71105647087097
120.64067268371582,45.15532732009888
119.99339526891708,45.02460473775864
119.53212225437164,44.31987774372101
119.51386612653732,47.188133895397186
121.31158739328384,44.98441261053085
126.27531605958939,49.42768394947052
122.59204459190369,315.2049553990364
212.74177479743958,708.1852251887321
628.7425049543381,742.5914950370789
1091.8172326087952,736.7747673988342
121.18796592950821,43.070034086704254
122.24468868970871,53.43931132555008
121.72840738296509,44.29059261083603
119.41413086652756,43.307869136333466
120.41485339403152,45.06614661216736
123.37957489490509,46.676425099372864
122.76931250095367,51.0086874961853
119.86204159259796,43.56295841932297
70.4567660689354,44.61723393201828
91.53148835897446,370.57951164245605
208.71821016073227,714.2267898321152
660.348939538002,727.373060464859
1175.3126649856567,690.9843350052834
129.33239775896072,44.16860222816467
974.2961432337761,782.2038567662239
126.83387815952301,46.92512184381485
121.16861814260483,45.72038185596466
121.89234048128128,48.23765951395035
123.56006801128387,46.569931983947754
124.39381337165833,45.8281866312027
122.04353731870651,44.91946268081665
123.54426312446594,47.21473687887192
89.4709860086441,360.60301399230957
121.69471311569214,44.95328688621521
122.89943742752075,242.30456256866455
107.40016317367554,732.3028368353844
573.7898911237717,730.9871088862419
983.1056180000305,781.8563820123672
123.45934927463531,44.61465072631836
127.29408538341522,49.87291461229324
123.14682817459106,45.724171817302704
127.25856953859329,45.35243046283722
123.50133436918259,44.75866562128067
121.13106739521027,45.92393261194229
122.20679450035095,45.71920549869537
123.43052023649216,41.237479746341705
121.87525045871735,42.810749530792236
123.57897925376892,246.62302070856094
76.34071224927902,752.2892877459526
535.2304472327232,748.1215527653694
999.286180138588,749.2688198685646
119.6399113535881,46.360088646411896
121.52963852882385,-5.418638527393341
123.47535848617554,-3.3083584904670715
130.81008821725845,4.986911773681641
133.6988571882248,26.134142816066742
140.62659013271332,24.391409873962402
160.23933470249176,26.168665289878845
172.16607880592346,25.90892118215561
121.70429241657257,46.40670758485794
80.79802352190018,79.92397648096085
124.42875641584396,494.29324358701706
123.0775117278099,43.16248828172684
124.50524306297302,421.16175693273544
227.52497762441635,771.7900223731995
706.1557106375694,760.9002893567085
1114.5634529590607,787.8805470466614
124.6571878194809,-5.009187817573547
127.84292513132095,2.712074875831604
124.62165701389313,10.599343001842499
122.16038572788239,22.505614280700684
148.56811326742172,17.911886751651764
150.6998444199562,26.06015557050705
174.64559143781662,24.928408563137054
124.59081065654755,40.94618934392929
123.01754152774811,46.240458488464355
127.3152706027031,199.92472940683365
71.68700057268143,708.757999420166
496.44774264097214,752.515257358551
970.6894772052765,742.4025228023529
121.91220307350159,41.49479693174362
121.9869236946106,40.142076313495636
124.02564185857773,40.455358147621155
124.28636288642883,43.19563710689545
122.67608374357224,40.916916251182556
123.0838058590889,40.545194149017334
121.52953779697418,-7.566537797451019
122.84626424312592,8.005735754966736
111.03199124336243,26.542008757591248
131.75573933124542,196.61426067352295
92.42349004745483,710.5215099453926
499.59021270275116,746.9467872977257
144.73993813991547,570.149061858654
430.27766251564026,760.5003374814987
905.8903874754906,738.1096125245094
142.3541226387024,66.09087735414505
133.76288199424744,47.90411800146103
131.26363480091095,51.662365198135376
135.87537068128586,53.95662933588028
130.17310965061188,51.75289034843445
137.89684975147247,52.492150247097015
134.02759665250778,50.58340334892273
133.54736077785492,49.360639214515686
135.40009957551956,54.766900420188904
119.67888224124908,57.76611775159836
95.6436875462532,525.728312432766
267.5705074071884,778.1704925894737
706.0892652273178,815.0767347812653
1159.4610059261322,809.1689940690994
134.77675127983093,59.39024871587753
133.6114918589592,55.258508145809174
136.9082277417183,63.33177226781845
129.64996683597565,49.36803317070007
134.26271158456802,55.71828842163086
134.39344596862793,65.68055403232574
132.19017666578293,56.97582334280014
137.2099067568779,55.45609325170517
140.50766956806183,54.71533042192459
175.28645473718643,328.8425452709198
127.75248545408249,362.1555145382881
195.30923235416412,767.8947676420212
129.4019827246666,261.22701728343964
95.05073773860931,763.4112622737885
551.5894778966904,770.2245221138
969.7012141942978,809.9467858076096
124.77694004774094,43.816059947013855
122.83266764879227,44.35133230686188
126.16839236021042,48.79560762643814
122.65012246370316,42.27487754821777
124.16986835002899,43.14513164758682
125.78259491920471,42.93940508365631
123.28332471847534,47.32767528295517
125.15405428409576,44.06794571876526
122.87777888774872,44.08422112464905
74.63850647211075,315.65749353170395
127.80624639987946,743.5087535977364
540.8259816765785,765.1930183172226
1016.2347380518913,781.247261941433
129.10548919439316,43.950510799884796
124.92123413085938,46.20776587724686
126.0339720249176,40.81802797317505
124.59070348739624,41.02029651403427
123.16543686389923,39.20456314086914
124.8141661286354,42.555833876132965
124.38989228010178,40.03610771894455
126.63162237405777,-4.63162237405777
126.81835234165192,5.811647653579712
118.26307672262192,239.7549232840538
153.7278009057045,670.6791990995407
535.4875448942184,733.2164551019669
187.11828571558,549.5487142801285
458.26801019907,765.3619897961617
124.16088736057281,361.6731126308441
203.19860458374023,738.0043954253197
668.4593273997307,731.4486725926399
1086.2750447392464,781.0399552583694
124.05376172065735,41.24223828315735
120.20347857475281,41.07452142238617
123.79619359970093,41.055806398391724
121.31690388917923,40.980096101760864
120.55861657857895,39.886383414268494
133.24433368444443,39.866666316986084
121.2640483379364,38.69895166158676
121.5057635307312,41.71623647212982
125.47121471166611,408.17678529024124
277.9539349079132,727.5470650792122
705.8796543478966,761.2303456664085
1164.1783970594406,738.5816029310226
122.60513180494308,43.41386818885803
120.95785468816757,43.968145310878754
123.23557138442993,45.355428636074066
119.55228585004807,42.39171415567398
119.64599406719208,41.40900593996048
122.12771034240723,42.2972896695137
120.50042843818665,45.12957155704498
94.59414178133011,52.38785821199417
109.48385292291641,44.905147075653076
123.53956973552704,466.62643027305603
351.15229201316833,695.2367079854012
126.2280136346817,405.21798634529114
246.82172894477844,734.8272710442543
675.2294512987137,782.1595486998558
1128.6011682748795,773.121831715107
122.2868874669075,40.9171125292778
125.10260623693466,49.21239376068115
123.04834187030792,49.69265812635422
119.36405801773071,59.690941989421844
123.30976575613022,43.54223424196243
120.23648226261139,42.503517746925354
119.75719213485718,43.26180785894394
122.201899766922,43.502100229263306
83.07261860370636,38.1863813996315
109.92633074522018,471.22266924381256
316.3530414700508,743.9799585342407
774.9097502231598,743.3872497677803
1191.3184711933136,780.4415287971497
123.3561841249466,42.9408158659935
121.1528970003128,41.82810300588608
122.58060681819916,43.01139318943024
123.74832183122635,41.1036781668663
125.50904703140259,44.046952962875366
123.54677110910416,43.87922888994217
122.97348845005035,47.39651155471802
123.60419774055481,42.91480225324631
112.64290827512741,71.45009171962738
123.38361519575119,532.8383848071098
408.34832257032394,704.3926774263382
835.183053791523,756.150946199894
325.96176701784134,728.242232978344
774.702488720417,744.8515112996101
1194.1852121949196,789.869787812233
123.66893315315247,42.498066842556
124.2796436548233,41.34935635328293
126.68936032056808,42.92163968086243
124.48607748746872,45.97592252492905
122.69179034233093,40.60520964860916
130.28451055288315,43.47548943758011
128.30425810813904,43.88074189424515
123.32398080825806,46.639019191265106
83.65869653224945,80.54630345106125
100.32541394233704,515.2475860714912
361.3081229329109,741.9508770704269
827.2168325781822,738.8571674227715
683.9395540952682,53.4124459028244
990.7021829485893,803.4088170528412
122.86989891529083,42.037101089954376
121.62961465120316,43.981385350227356
124.02032774686813,41.97967225313187
124.81805980205536,40.885940194129944
125.00378519296646,41.49621480703354
125.82051032781601,44.40248966217041
125.52423864603043,42.14176136255264
128.11896401643753,44.937035977840424
80.17471832036972,40.69528168439865
123.7125631570816,248.21243685483932
93.19532996416092,722.9156700372696
481.7890783548355,804.3039216399193
941.0678170919418,788.2281829118729
373.0506067276001,763.190393269062
788.6074779033661,787.3915221095085
129.0342081785202,46.9647918343544
126.96193832159042,41.038061678409576
125.92566108703613,42.44433891773224
128.64938646554947,42.46261352300644
124.150117456913,41.12788254022598
123.81783920526505,42.923160791397095
123.94757574796677,41.25542426109314
123.72729432582855,40.25470566749573
124.93201351165771,41.8829864859581
122.95180892944336,79.40019106864929
88.8415738940239,530.6024261116982
301.73145121335983,734.527548789978
712.8251721262932,779.3778278827667
1159.39993339777,770.5440666079521
124.62465137243271,40.83934861421585
124.30937093496323,40.83862906694412
126.42209088802338,41.29990911483765
126.60780996084213,44.0211900472641
127.88752263784409,47.835477352142334
123.99923861026764,40.62976139783859
125.13095319271088,41.09204679727554
124.27867132425308,46.55432868003845
113.28041100502014,30.33058899641037
123.05923169851303,447.73776829242706
271.59811240434647,704.6428875923157
678.3948976993561,740.7721022963524
1057.2297740578651,729.8082259297371
533.0444902777672,774.8805097341537
984.6392067074776,779.1197932958603
123.45392519235611,36.490074813365936
136.14068013429642,38.229319870471954
123.43845993280411,36.672540068626404
121.60619926452637,39.0598007440567
123.71892231702805,38.615077674388885
124.49765813350677,40.20634186267853
127.1283791065216,40.279620885849
124.48113429546356,40.61186569929123
123.444875061512,39.48112493753433
152.35358601808548,227.14641398191452
98.44821977615356,368.16378021240234
198.18901598453522,727.4029840230942
555.0428799986839,754.5311200022697
982.8036152720451,768.0123847126961
123.17433798313141,39.565662026405334
123.63805210590363,40.02894788980484
121.97276222705841,40.953237771987915
123.12247556447983,42.174524426460266
121.69818758964539,41.09881240129471
122.75389987230301,41.33910012245178
121.58861804008484,42.06038194894791
121.81132525205612,42.132674753665924
126.90505933761597,43.92794066667557
110.6288133263588,315.3901866674423
118.74069207906723,706.9073079228401
528.2984280586243,752.0355719327927
1059.5391405820847,684.1458594202995
122.50290483236313,41.607095181941986
869.7446499466896,774.1243500709534
124.22737067937851,42.93862932920456
121.13608664274216,39.27091336250305
122.59979474544525,39.937205255031586
122.47150301933289,39.34349697828293
121.89821493625641,41.13778507709503
122.78792560100555,39.52607440948486
127.65963822603226,38.74736177921295
123.97536134719849,39.913638651371
123.71707832813263,39.94892168045044
119.82986384630203,192.92913615703583
116.18262684345245,634.0573731660843
453.40640634298325,732.8345936536789
871.3701364398003,760.8708635568619
122.18584889173508,39.98015111684799
122.11356031894684,39.572439670562744
123.54027158021927,39.997728407382965
125.33799070119858,41.718009293079376
121.8387114405632,39.77228856086731
123.17242395877838,39.75257605314255
123.35813999176025,37.86286002397537
123.06384992599487,39.90015006065369
125.84156221151352,39.06443780660629
118.17733824253082,201.61866176128387
113.67811518907547,637.488884806633
465.9748805165291,731.5061194896698
925.6985948681831,754.0044051408768
123.56931573152542,41.28168427944183
122.75603985786438,38.53996014595032
123.27675664424896,40.817243337631226
124.53647273778915,39.03752726316452
122.40719091892242,38.96280908584595
123.79790621995926,40.35009378194809
123.76162666082382,42.12737333774567
123.9663434624672,39.44165652990341
125.5600653886795,43.53293460607529
130.2647847533226,192.97521525621414
108.19150149822235,676.6224985122681
113.15620392560959,158.39979606866837
80.58291518688202,643.2320848107338
454.6766303181648,738.082369685173
934.4363378286362,740.1376621723175
124.40004873275757,41.7659512758255
122.97579807043076,37.22820192575455
123.47651708126068,37.67148292064667
124.20023292303085,39.30076706409454
123.71895068883896,36.92804932594299
88.09166318178177,24.668336808681488
92.18437999486923,25.870620012283325
105.7051066160202,22.554893374443054
100.90882682800293,26.738173186779022
131.22454112768173,191.7194588780403
127.02226442098618,656.4597355723381
527.9309706687927,728.1990293264389
960.43167501688,763.8823249936104
121.67438155412674,42.65961843729019
122.34108728170395,46.714912712574005
121.73079252243042,47.58320748806
123.6405177116394,46.82248228788376
123.993228495121,50.007771492004395
123.2709413766861,48.13605862855911
122.5876482129097,45.357351779937744
121.82935750484467,41.24464249610901
122.9600630402565,41.89193695783615
101.60877287387848,326.03922712802887
148.1284898519516,756.6685101389885
584.7962220907211,750.888777911663
126.50093621015549,691.388063788414
528.0946552753448,743.5533447265625
967.6133642196655,770.4046357870102
121.91207432746887,35.99592566490173
123.78278344869614,38.976216554641724
122.7654944062233,40.27150559425354
125.3962060213089,38.12179398536682
126.37893468141556,37.25106531381607
94.17735719680786,21.56464284658432
116.21506106853485,21.599938929080963
88.47476994991302,38.06223005056381
134.40250498056412,285.26449501514435
130.14438825845718,700.9666117429733
562.23812687397,727.6878731250763
989.8878765702248,740.9641234278679
124.74061560630798,42.723384380340576
129.03738540410995,39.83361458778381
126.96522843837738,44.460771560668945
127.74396687746048,42.62703311443329
128.74471259117126,42.31028741598129
127.20846039056778,41.32853960990906
128.02423876523972,41.17976123094559
129.9329839348793,39.53001606464386
127.17571300268173,40.12128698825836
131.43443739414215,125.89856261014938
76.60316926240921,615.3778307437897
411.4739710688591,732.1560289263725
839.234775364399,723.04322463274
132.5315243601799,54.430475652217865
798.79226988554,703.9667301177979
1146.4419973492622,761.4660026431084
124.73971366882324,40.46528631448746
123.5544268488884,40.77857315540314
123.18613976240158,43.40686023235321
122.66885536909103,40.3691446185112
123.16956925392151,-9.002569258213043
122.68927764892578,-2.0222776532173157
114.7089831829071,111.38401681184769
137.85769361257553,17.309306383132935
116.9144122004509,37.51158779859543
136.17519676685333,458.4548032283783
313.87994158267975,728.6760584115982
745.2506741285324,774.5273258686066
1218.9374037981033,762.3405961990356
163.1791381239891,23.098861873149872
188.45687741041183,16.209122598171234
125.55109137296677,40.63390862941742
124.90479916334152,38.725200831890106
123.8125028014183,38.31649720668793
131.75920927524567,19.185790717601776
124.96291720867157,37.4070827960968
135.90862149000168,8.831378519535065
141.44733184576035,4.923668146133423
207.4850271344185,259.55197286605835
191.8187499642372,746.8842500448227
620.9684900045395,773.1235100030899
1051.544225871563,797.9567741155624
140.9899901151657,49.641009867191315
948.2307459115982,796.5652540922165
145.43549567461014,54.23050433397293
143.14024859666824,42.914751410484314
142.97600078582764,46.32099920511246
144.049780189991,49.597219824790955
147.2925563454628,49.2084436416626
142.7193113565445,48.89168864488602
141.36804568767548,48.908954322338104
143.5917916893959,225.03820830583572
141.99953758716583,50.61046242713928
95.11228442192078,167.758715569973
110.42903888225555,608.9969611167908
390.9107771515846,782.0712228417397
838.1895189285278,792.4404810667038
144.06129258871078,50.031707406044006
139.3400297164917,46.90097028017044
137.45176994800568,43.47323006391525
142.30550467967987,48.213495314121246
134.88024854660034,46.304751455783844
144.45500272512436,51.04499727487564
148.30879402160645,60.58020597696304
144.1055743098259,52.31942570209503
143.81032240390778,50.72667759656906
102.88506710529327,62.31793290376663
104.23781669139862,513.261183321476
282.1835821866989,776.1304178237915
713.0003433823586,793.0556566119194
1178.2240900993347,771.2769098877907
146.0388404726982,51.905159533023834
139.18857902288437,44.23742097616196
143.85633552074432,51.29266446828842
140.9490824341774,52.99391758441925
136.95082706212997,44.86417293548584
143.41456919908524,61.103430807590485
135.6383244395256,46.93567556142807
143.75011390447617,52.785886108875275
148.12190580368042,55.61809420585632
156.8826944231987,316.87630558013916
164.7724550962448,61.89354491233826
143.86625230312347,212.9117476940155
136.83000481128693,663.2629951834679
471.5167524218559,779.9652475714684
914.276505947113,795.3344940543175
149.87125718593597,56.68474280834198
140.87100732326508,47.84999269247055
141.16877001523972,42.1452299952507
140.05852365493774,45.79247635602951
137.11527180671692,46.624728202819824
142.3200123310089,49.864987671375275
141.5807602405548,50.99423974752426
139.82251542806625,51.307484567165375
142.2492777109146,56.528722286224365
152.38007348775864,68.69392651319504
144.5658700466156,514.5811299681664
320.4936335682869,782.4323664307594
777.8473712801933,782.5606287121773
138.53311544656754,49.83788454532623
138.47786438465118,51.16913563013077
135.88660484552383,48.00139516592026
140.46133142709732,49.31566858291626
140.37006109952927,44.77793890237808
138.57579678297043,45.31320321559906
134.87253242731094,39.84946757555008
133.3362620472908,44.42273795604706
134.54199701547623,41.49600297212601
95.19072949886322,58.56827050447464
134.65446531772614,482.4565346837044
282.3412382006645,795.4367617964745
124.06405138969421,353.21394860744476
157.58383625745773,783.2131637334824
600.6405862569809,784.1924137473106
1054.9193252921104,782.9506747126579
133.45705980062485,47.72794020175934
142.19979751110077,48.81920248270035
133.95954596996307,45.05845403671265
141.9602821469307,50.39071786403656
139.38801831007004,49.556981682777405
140.351780295372,54.5552197098732
143.3525269627571,51.20247304439545
146.2612681388855,57.794731855392456
138.94701409339905,50.42198592424393
122.68875974416733,285.4582402706146
92.44949716329575,778.6795028448105
553.1552754044533,763.1787245869637
954.0451030731201,788.1398969292641
142.69391053915024,49.287089467048645
141.73164689540863,48.824353098869324
137.78940552473068,51.98959445953369
141.28913694620132,46.117863059043884
139.975868165493,44.91213184595108
132.29159462451935,40.207405388355255
139.03331899642944,47.57668101787567
139.81204921007156,46.72395080327988
139.7398038506508,46.53819614648819
98.18556731939316,163.6854326725006
111.50132644176483,631.0536735653877
402.0580699443817,776.1829300522804
129.70682054758072,517.2741794586182
325.09655714035034,780.7184428572655
767.9123024344444,805.3466975688934
144.74706149101257,49.30893850326538
142.9518535733223,49.548146426677704
143.12059742212296,48.25040256977081
139.63932985067368,48.39767014980316
138.19606870412827,46.896931290626526
143.71580338478088,46.84019660949707
138.1235472559929,51.02445274591446
141.9772841334343,51.8187158703804
145.99702721834183,45.78097277879715
143.18277156352997,41.61322844028473
132.96152824163437,446.35347175598145
239.75826424360275,799.259735763073
693.2419970631599,793.0730029344559
1159.3727273344994,789.9792726635933
134.81747269630432,41.05252730846405
135.87420237064362,42.995797634124756
152.3759450316429,56.624054968357086
148.1917523741722,51.53024762868881
140.80351477861404,47.27048522233963
145.9712495803833,49.58475041389465
136.6019828915596,46.565017104148865
136.71471172571182,45.43428826332092
141.0304491519928,43.58155083656311
143.88318103551865,361.02481895685196
183.3279109597206,779.5790890455246
629.5146570801735,787.5773429274559
1085.4234033823013,788.2985966205597
546.1461370587349,789.9458629488945
1003.1288819909096,791.7781180143356
142.11162841320038,45.333371579647064
133.35337764024734,42.25762236118317
134.31711381673813,41.23788619041443
149.92986381053925,47.62513619661331
149.93066942691803,51.82833057641983
142.06143337488174,47.62356662750244
141.54417449235916,47.992825508117676
136.8419234752655,41.84307652711868
138.78765416145325,47.84334582090378
133.97338342666626,198.6936165690422
143.1221091747284,649.6178908348083
469.40183848142624,790.0611615180969
919.5135818719864,799.8754181265831
139.51532399654388,48.873676002025604
140.7190682888031,47.872931718826294
138.47982966899872,49.483170330524445
142.79556667804718,52.889433324337006
143.83331537246704,52.92568463087082
142.14907670021057,59.75792330503464
158.4108379483223,55.62716203927994
204.07865583896637,17.75534415245056
132.30093836784363,35.36506164073944
132.70966690778732,37.93733310699463
132.93340075016022,371.0115992426872
224.06413638591766,740.3608636260033
686.4538605213165,732.4721394777298
1140.2885860800743,756.3044139146805
600.3273105621338,749.2466894388199
1060.9940420389175,760.6909579634666
174.7547732591629,13.264226734638214
180.9034924507141,9.744507551193237
178.60821622610092,14.372783780097961
187.27593672275543,13.983063280582428
139.57365900278091,49.315340995788574
137.50040936470032,54.444590628147125
131.85317832231522,59.4608216881752
154.04000478982925,56.32999521493912
141.0597825050354,50.05121749639511
140.94951993227005,213.16148006916046
149.3772577047348,654.2907422780991
470.9700046777725,799.2329953312874
932.8967471122742,776.4922528862953
140.10148119926453,46.527518808841705
140.36221569776535,48.340784311294556
140.67795884609222,46.02504116296768
138.28970938920975,48.950290620326996
135.97643876075745,44.11556124687195
135.10816210508347,43.18883788585663
139.92388719320297,45.02111279964447
140.12762475013733,50.01937526464462
137.81436467170715,43.29663532972336
153.33411413431168,165.75888586044312
139.3349199295044,607.0910800695419
398.7246952652931,783.6083047389984
860.3554208278656,790.7185791730881
139.838154733181,42.38484525680542
139.15388309955597,43.97511690855026
691.8596161603928,26.307383835315704
138.24935752153397,45.861642479896545
148.12007814645767,48.157921850681305
138.52881330251694,39.657186686992645
135.25254637002945,40.303453624248505
146.88226920366287,47.37573081254959
143.43899726867676,53.83800274133682
98.14473080635071,163.48526918888092
133.88648062944412,42.3355193734169
122.4972038269043,51.890796184539795
120.60995090007782,528.5560491085052
297.22276908159256,782.0732309222221
709.7235554456711,797.442444562912
1167.0022993683815,792.4607006311417
137.48503935337067,37.90396064519882
138.67177146673203,41.069228529930115
135.80250585079193,39.587494134902954
146.28423631191254,48.27076369524002
144.48896753787994,45.47303247451782
140.50871229171753,40.824287712574005
143.23246103525162,45.06353896856308
136.88120186328888,37.674798130989075
149.5489603281021,45.636039674282074
110.71668809652328,432.5423119068146
214.94041568040848,787.7255843281746
670.3671416640282,805.3358583450317
1148.4048956632614,810.187104344368
154.49970108270645,49.390298902988434
144.6664844751358,45.44351553916931
140.81621742248535,42.331782579422
139.0949387550354,38.01606124639511
145.13367402553558,42.237325966358185
135.55940628051758,39.75459372997284
150.3021393418312,47.549860656261444
146.02589535713196,45.47510462999344
110.54466050863266,39.93733948469162
125.87941092252731,327.6205890774727
140.5841394662857,784.8048605322838
88.54787141084671,286.4331285953522
116.51261782646179,726.5623821616173
490.14335733652115,791.5056426525116
954.0510886311531,804.6339113712311
144.71883237361908,47.89216762781143
154.8125974535942,47.632402539253235
143.51739025115967,44.09360975027084
142.12913417816162,42.05486583709717
138.46386861801147,38.07313138246536
146.28060352802277,44.942396461963654
149.26235038042068,48.66364961862564
150.00408786535263,46.75491213798523
140.4678277373314,39.69817227125168
142.59957015514374,155.7344298362732
132.4343345761299,602.3816654086113
401.5640786886215,793.824921309948
866.0098149180412,798.9341850876808
138.6765580177307,45.45244199037552
137.512289583683,42.83971041440964
136.56900662183762,42.153993368148804
137.45772367715836,41.5972763299942
159.83048969507217,53.67051029205322
144.3872920870781,41.65070790052414
142.14704316854477,45.390956819057465
146.94377183914185,43.63022816181183
137.87150937318802,39.51849061250687
139.16924452781677,92.701755464077
145.94797855615616,527.5160214304924
352.7637046575546,803.1992953419685
142.8384908437729,449.1615091562271
249.04325687885284,782.8087431192398
696.3029922246933,800.4000077843666
1157.8047241568565,797.5092758536339
139.21345895528793,49.15654104948044
138.30719220638275,46.73080778121948
140.677914083004,44.37708592414856
136.7536478638649,43.450352132320404
153.86539191007614,56.50560808181763
151.1261894106865,57.79981058835983
140.6449573636055,49.22504264116287
149.4246735572815,48.42732644081116
103.87043863534927,48.29656136035919
142.24215668439865,373.5918433070183
204.88987517356873,779.9431248307228
660.3175918459892,788.5714081525803
1122.3923155665398,795.6996844410896
140.02404552698135,57.30995446443558
137.09876769781113,44.66023230552673
138.41448330879211,42.02951669692993
139.13819634914398,42.8438036441803
138.34292191267014,42.17607808113098
142.34364366531372,42.359356343746185
141.43738746643066,44.39561253786087
166.29014599323273,52.69185400009155
146.7359734773636,50.2450265288353
143.03373408317566,353.3372659087181
161.64446830749512,792.6325317025185
604.0162149071693,804.4837850928307
1058.850963294506,795.9080367088318
526.7227095961571,788.0362904071808
970.2784583568573,797.8135416507721
142.72420579195023,38.60879421234131
146.55896401405334,46.47803598642349
139.8747125864029,40.62528741359711
148.95046269893646,45.345537304878235
148.71121084690094,42.21578913927078
139.8409618139267,40.788038194179535
148.63870882987976,42.1202911734581
141.38046264648438,38.137537360191345
155.32622772455215,48.7297722697258
155.2350271344185,134.87597286701202
106.84681951999664,626.6721804738045
373.0695807337761,799.7444192767143
825.0703346133232,799.4656654000282
147.77611422538757,46.871885776519775
150.49887681007385,49.37112319469452
141.9076248407364,45.259375154972076
147.2983836531639,45.18361634016037
148.0761637687683,45.88683623075485
144.70792776346207,42.237072229385376
144.07868659496307,41.9953134059906
148.72743612527847,44.8465638756752
142.89619266986847,45.30780732631683
155.9709450006485,44.54805499315262
153.54569399356842,426.990306019783
245.62147104740143,781.5085289478302
705.1413027048111,754.0076972842216
133.71991205215454,339.3170879483223
133.0546498298645,33.76035016775131
95.20438277721405,300.20361721515656
115.55610859394073,745.905891418457
553.3728175163269,765.3871824741364
1021.428533911705,764.5334661006927
136.68924909830093,32.6437509059906
131.35696685314178,35.402033150196075
133.80169486999512,31.75330513715744
132.3034331202507,30.603566884994507
131.19418770074844,32.32481229305267
134.23191446065903,30.93508553504944
133.19565165042877,33.19334834814072
132.9373843073845,30.395615696907043
136.9761222600937,35.097877740859985
136.90187233686447,273.9491276741028
125.05161327123642,726.0963867306709
519.9233313798904,788.8356686234474
994.7940437793732,780.6859562397003
130.03675496578217,36.77824503183365
130.92646849155426,31.92553150653839
129.55719059705734,33.238809406757355
130.05790501832962,33.70109498500824
134.09665703773499,35.45934295654297
131.134375333786,34.08762466907501
129.91309255361557,32.178907454013824
133.76580250263214,32.51119750738144
131.32253992557526,35.677460074424744
91.32325047254562,332.56474953889847
165.6219612956047,739.8600386977196
630.6596732735634,760.341326713562
133.3083997964859,690.8766002058983
625.3091077804565,672.9318922162056
994.6068215966225,768.2631784081459
129.55252915620804,29.70747083425522
129.03523713350296,32.09476286172867
128.75894033908844,31.927059650421143
131.5006467103958,32.03735327720642
131.1673583984375,32.758641600608826
131.81707072257996,31.645929276943207
130.13278186321259,29.589218139648438
131.41149300336838,30.051506996154785
135.3202365040779,34.80876350402832
142.06196874380112,290.679031252861
174.74767339229584,733.4743266105652
596.4153854250908,774.4556146264076
1061.6201418042183,764.3608582019806
115.99186635017395,17.17413365840912
136.04861789941788,31.58138209581375
135.6913833618164,30.437616646289825
133.50152587890625,29.090474128723145
133.57166808843613,31.094331920146942
134.06780523061752,29.599194765090942
132.1919464468956,28.82605355978012
133.3180794119835,30.126920580863953
131.90622234344482,32.15077763795853
86.60434740781784,346.7466526031494
183.21046715974808,723.1225328445435
650.1505841612816,719.0524158477783
1090.48070281744,752.1122971773148
587.7158200144768,727.2281799912453
1023.4529367685318,761.640063226223
130.3000524044037,29.699947595596313
132.38717782497406,32.11182218790054
130.82830792665482,29.412692070007324
130.73043149709702,29.82556849718094
129.44854998588562,30.55145001411438
130.92566853761673,30.759331464767456
103.52302938699722,15.013970613479614
132.8701685667038,352.38883143663406
210.5692983865738,741.0787016153336
696.7874221205711,730.0475778579712
1196.818546295166,698.5884537100792
131.7776666879654,30.59233331680298
132.58779495954514,31.060205042362213
131.10192078351974,29.8420792222023
131.7270466685295,30.087953329086304
138.92618852853775,33.665811479091644
133.9963492155075,35.855650782585144
133.76948702335358,30.619512975215912
131.87561511993408,32.161384880542755
133.81573700904846,32.87026298046112
84.95885682106018,452.226143181324
236.82498234510422,767.0640176534653
718.4691081643105,757.8648918271065
1130.7232376337051,816.7947623729706
131.69936215877533,34.26263785362244
1074.3994883298874,804.6195116639137
132.76562589406967,32.8093740940094
132.96475261449814,33.79424738883972
134.57087802886963,36.133121967315674
133.8250076174736,31.54499238729477
133.72813868522644,32.697861313819885
135.29827362298965,-19.85427361726761
124.86741590499878,17.35558408498764
137.4925503730774,464.3034496307373
134.26085871458054,386.7761412858963
239.99699491262436,736.1500051021576
688.5671244263649,754.2848755717278
141.28896820545197,344.5820317864418
147.61711621284485,792.5678837895393
583.205264210701,808.2757357954979
1050.3493943810463,807.9666056036949
136.47454625368118,33.45145374536514
134.9136964082718,38.71530359983444
133.16883289813995,35.53516709804535
137.49795866012573,35.873041331768036
141.03010004758835,39.617899954319
150.00624519586563,40.28875482082367
141.3724229335785,36.14557707309723
141.57257795333862,36.11342203617096
96.51172685623169,36.15427315235138
147.52687454223633,301.47412544488907
122.89202558994293,789.5159744024277
565.6271789073944,806.7788210511208
1011.1053401827812,815.8206598162651
470.97050178050995,809.73249822855
932.9666296243668,812.8663703799248
134.51775354146957,33.03824645280838
138.62488716840744,33.24611282348633
134.3230299949646,31.93597000837326
137.89316910505295,32.88483089208603
135.6103166937828,33.01968330144882
137.77245688438416,32.838543117046356
147.34161365032196,37.120386362075806
142.42979049682617,35.9402095079422
140.94394302368164,36.55505698919296
139.44008284807205,222.74591714143753
95.21322166919708,713.9347783327103
462.9123509526253,812.6996490359306
932.2594970464706,802.6665029525757
137.49564599990845,34.726354002952576
136.12079495191574,34.934205055236816
141.11593639850616,31.347063601017
137.55608141422272,30.98091858625412
139.05222326517105,31.76377671957016
134.97337180376053,33.100628197193146
137.91351288557053,32.84648710489273
137.42666310071945,30.814336895942688
139.6818095445633,31.28219050168991
145.0289682149887,207.19303178787231
144.58015036582947,638.8828496336937
428.2243085503578,805.1836914420128
892.4224470853806,804.7805529236794
136.65859192609787,37.22940808534622
803.6727560758591,810.3272439241409
137.29789048433304,36.83110952377319
139.60903185606003,35.63196814060211
138.4931781888008,38.284821808338165
138.06331783533096,35.71568214893341
139.42846196889877,38.81253802776337
137.9426063299179,35.31639367341995
142.97575402259827,39.858245968818665
142.50790494680405,164.15909504890442
139.35505563020706,34.23794436454773
145.03519922494888,87.00180077552795
145.64235389232635,534.5986461043358
334.5445017814636,804.6404982209206
780.0036616921425,811.2743383049965
680.7948155999184,33.90818440914154
135.23500192165375,33.02399808168411
138.19414323568344,32.93585675954819
137.65129214525223,32.38470786809921
136.42543137073517,32.31556862592697
137.77257442474365,34.541425585746765
137.28672057390213,32.06527942419052
139.05887132883072,31.070128619670868
138.37002211809158,30.85197788476944
139.60617047548294,46.76382952928543
143.95331346988678,511.76868653297424
279.70848256349564,807.143517434597
745.0746252536774,811.426374733448
1204.4027670621872,798.7632329463959
137.71291089057922,32.917089104652405
135.06106114387512,31.53193885087967
136.90819746255875,31.295802533626556
136.88533478975296,32.911665201187134
136.14047092199326,30.082529067993164
138.4125983119011,47.735401690006256
135.40873950719833,33.14726048707962
138.1078780889511,32.652121901512146
111.43702286481857,68.69397711753845
119.85816526412964,526.3458347320557
288.8533338904381,799.4056661128998
101.51547402143478,453.4845259785652
211.6966096162796,795.0263903737068
667.8577480912209,816.8082519173622
1134.0948895215988,807.6101104617119
137.49703204631805,33.261967957019806
140.5671764612198,32.85882353782654
134.8403313755989,31.69666862487793
136.9274641275406,31.73853588104248
132.2755964398384,32.521403551101685
138.25172758102417,33.37727242708206
137.8958700299263,36.95612996816635
140.46601510047913,32.40498489141464
145.23919945955276,32.05780053138733
94.5123496055603,455.6176503896713
210.2114879488945,799.7515120506287
660.3916200399399,817.9783799648285
1119.7577630877495,800.4452369213104
137.19790375232697,30.414096236228943
134.50804257392883,29.880957424640656
136.3361765742302,31.125823438167572
136.79531168937683,33.055688321590424
143.67945796251297,39.4865420460701
139.11964237689972,31.76935762166977
136.33778995275497,31.274210035800934
135.68492662906647,31.85207337141037
142.51306569576263,32.85693430900574
98.45321023464203,444.7867897748947
217.24535381793976,782.569646179676
649.407492518425,820.8155074715614
135.18062740564346,795.3193725943565
576.8987694382668,804.306230545044
1038.504917562008,810.8100824356079
135.5930580496788,31.59294193983078
137.79219657182693,31.855803430080414
137.99133163690567,32.45366835594177
138.59847325086594,30.513526737689972
135.3526113629341,30.99938863515854
137.56977820396423,33.096221804618835
138.80693262815475,32.37806737422943
139.24708169698715,32.29091829061508
95.89022672176361,31.424773275852203
114.60836988687515,335.70763009786606
143.32551485300064,770.8594851493835
563.4136593937874,820.2893406152725
1018.4468042254448,831.3871957659721
134.29394334554672,30.447056651115417
134.19707357883453,31.85892641544342
144.11720204353333,35.808797955513
135.66834276914597,34.72065722942352
138.96048438549042,34.18751561641693
136.9746344089508,31.45136559009552
139.0617774128914,31.678222596645355
138.33492195606232,35.12707805633545
98.46107244491577,35.26092755794525
107.5482429265976,344.21075707674026
122.8773941397667,776.7696058750153
548.4655350446701,822.9604649543762
1017.4056615829468,815.2793384194374
499.2897997498512,809.1912002563477
945.6369428634644,825.4370571374893
138.87308543920517,37.9969145655632
137.20222967863083,33.9267703294754
138.69837707281113,31.857622921466827
136.60052114725113,31.15847885608673
136.48566246032715,34.088337540626526
139.99880820512772,30.408191800117493
139.67995816469193,31.080041825771332
138.62010616064072,32.15789383649826
140.9672492146492,32.47775077819824
120.27740758657455,256.9635924100876
119.16159135103226,692.8934086561203
469.4907405972481,798.8432593941689
902.5238920450211,837.2171079516411
138.66703432798386,33.0929656624794
144.3101822733879,30.374817728996277
136.4913500547409,30.4166499376297
137.15249401330948,31.90250599384308
137.9086338877678,29.721366107463837
137.31077390909195,29.892226099967957
136.19491291046143,30.657087087631226
135.37605035305023,33.03194963932037
138.2411905527115,30.424809455871582
95.77433031797409,245.7256696820259
140.54747319221497,661.8965268135071
497.72861236333847,764.0133876204491
896.7237580418587,843.7952419519424
139.75590246915817,34.6140975356102
143.2890494465828,30.39695054292679
137.59921765327454,33.97478234767914
136.85435837507248,32.40564161539078
138.70049983263016,32.07750016450882
137.51164162158966,31.043358385562897
137.9507895708084,34.06721043586731
136.44693040847778,30.75706958770752
99.53507059812546,30.779929399490356
150.41920816898346,174.20979183912277
111.17435419559479,681.3256458044052
139.2614961862564,112.09050381183624
88.68364000320435,612.9833599925041
414.38277792930603,754.8582220673561
799.766942024231,824.0300579667091
142.18808156251907,33.552918434143066
139.73922789096832,33.85377210378647
137.88337713479996,33.432622849941254
136.45251762866974,33.43648236989975
136.96665120124817,33.607348799705505
139.44278520345688,30.48221480846405
137.97592622041702,34.338073790073395
137.19406604766846,33.62093394994736
136.37420624494553,31.16279375553131
140.51834708452225,106.0376529097557
84.32849258184433,623.1525074243546
402.1196399927139,781.8433600068092
800.1528007984161,823.5701991915703
135.29593968391418,29.722060322761536
140.7360748052597,30.24492520093918
136.0832142829895,31.360785722732544
138.63434773683548,31.569652259349823
140.01949274539948,32.68450725078583
135.49564188718796,28.91135811805725
135.13877874612808,32.49022126197815
137.7459161877632,29.45808380842209
138.16705548763275,31.869944512844086
95.62619763612747,154.48480236530304
143.01034247875214,562.6936575174332
381.50549733638763,779.6425026655197
139.00164663791656,481.5543533563614
286.3297827243805,799.78121727705
725.1399219036102,830.4530780911446
1191.2650607824326,814.2719392180443
138.0752028822899,30.146797120571136
138.97834092378616,31.07765907049179
137.0854789018631,32.4155210852623
138.0066152215004,29.659384787082672
141.26075625419617,32.51724374294281
136.49691224098206,30.20608776807785
137.04805546998978,30.951944530010223
138.4322012066841,31.492798805236816
102.74334502220154,52.90565496683121
140.16449892520905,486.94650107622147
317.5306428074837,779.7093572020531
720.5807847380638,822.0852152705193
1180.1879317760468,832.7750682234764
138.22007167339325,29.68692833185196
137.95621049404144,37.72878950834274
136.72934865951538,30.862651348114014
138.91048645973206,29.625513553619385
136.22062081098557,30.667379200458527
137.90175902843475,33.394240975379944
136.10088807344437,29.08411192893982
149.52204740047455,38.01495260000229
99.05422389507294,62.833776116371155
94.0133792757988,521.4496207237244
296.6935211420059,761.6944788694382
760.9856672286987,779.9953327775002
1171.833812713623,821.5371872782707
687.4949522018433,777.7460477948189
1095.3980953097343,819.9169046878815
136.28222858905792,30.568771421909332
138.74036359786987,33.85163640975952
137.51349890232086,32.15250110626221
139.02763956785202,30.34236043691635
140.33877831697464,33.84722167253494
138.9629175066948,30.369082510471344
136.53205454349518,31.614945471286774
137.89819556474686,30.04580444097519
94.96834242343903,19.36465758085251
94.00150418281555,459.61049580574036
209.32966405153275,808.7623359560966
662.1768075227737,794.785192489624
1091.579958498478,835.5870414972305
137.391097843647,30.090902149677277
137.75624024868011,31.79975974559784
138.47337698936462,30.322623014450073
137.4505125284195,29.863487482070923
135.6126470565796,29.906352937221527
137.34978663921356,32.59521335363388
138.2519246339798,32.06307536363602
138.1920634508133,30.418936550617218
139.6871981024742,33.31280189752579
109.3873341679573,448.4286658167839
232.12247556447983,783.6915244460106
710.7666231393814,776.7703768610954
1107.1327869296074,824.7562130689621
138.31293350458145,33.50206649303436
1017.5860757827759,823.0989242196083
140.7862148284912,35.04878515005112
137.72535520792007,30.460644781589508
136.4984940290451,32.44650596380234
138.01262539625168,29.432374596595764
138.8597633242607,29.73323667049408
140.07690125703812,28.88509875535965
139.83204090595245,33.05595910549164
154.75317865610123,404.153821349144
120.37932932376862,31.213670670986176
133.57747167348862,339.0145283341408
161.68461453914642,788.2223854660988
603.6617584228516,802.6902415752411
1042.5649131536484,820.1940868496895
140.13408243656158,30.5509175658226
137.62923389673233,31.38876610994339
139.71737748384476,30.43062251806259
136.1015157699585,30.11948424577713
136.8386607170105,28.6623392701149
139.03779953718185,32.50020045042038
139.75493586063385,29.208064138889313
137.6210748553276,29.841925144195557
91.52421629428864,29.27278369665146
117.98235803842545,350.90764194726944
134.77350372076035,790.2814962863922
586.6396459341049,795.4153540730476
1011.7277871966362,843.957212805748
138.3529258966446,31.35107409954071
135.9040670990944,30.261932909488678
139.19620913267136,30.748790860176086
136.85835433006287,31.863645672798157
136.4645031094551,32.221496880054474
139.14463901519775,29.984360992908478
134.95477771759033,30.341222286224365
136.0619158744812,29.9380841255188
133.83504831790924,37.97995167970657
130.58918738365173,345.3538126349449
146.28832691907883,787.8216730952263
103.71047019958496,294.08652979135513
122.55760896205902,739.9053910374641
529.2567471265793,791.1132528781891
978.8998872637749,803.6181127429008
139.39602196216583,29.454978048801422
138.3911647796631,35.64583522081375
139.84930497407913,32.7796950340271
139.06744968891144,35.78455030918121
140.988594353199,33.47440564632416
141.61375135183334,33.23724865913391
139.25789189338684,31.00110810995102
140.29003006219864,35.02396994829178
139.5261731147766,29.75082689523697
140.24431085586548,271.99568915367126
124.64746433496475,731.7045356631279
532.9206094145775,776.4133905768394
973.1567482948303,813.3612517118454
136.48488944768906,30.885110557079315
139.12903308868408,26.07496690750122
135.66117465496063,27.9678253531456
139.78631377220154,25.972686231136322
138.20745533704758,27.051544666290283
138.59259992837906,25.70340007543564
141.3467407822609,27.282259225845337
142.23088586330414,26.472114145755768
138.43104362487793,28.179956376552582
104.01918107271194,289.4438189268112
118.66233038902283,732.0226696133614
517.3254737854004,795.8785262107849
991.6906082034111,812.2353917956352
436.2417415380478,804.5552584528923
916.4218776226044,800.0781223773956
137.25001460313797,27.95198541879654
138.35714507102966,26.956854939460754
137.37127763032913,-19.612277626991272
136.44140356779099,-23.36740356683731
140.93652778863907,-0.14052778482437134
135.0796518921852,-0.9876518845558167
128.51978451013565,8.49821549654007
144.36691921949387,3.2060807943344116
166.45506066083908,5.081939339637756
181.78422623872757,165.8817737698555
142.6493700146675,664.1286299824715
492.09050607681274,779.5954939126968
947.1216518878937,794.0813481211662
192.6177971959114,-0.3217971920967102
185.13194048404694,2.683059513568878
151.4600927233696,38.98290729522705
149.01224327087402,39.76675671339035
147.34039652347565,52.64160346984863
146.0955486893654,32.7934513092041
145.64669853448868,38.11230146884918
154.14185774326324,38.96914225816727
144.04500925540924,33.30699074268341
144.72516179084778,156.2558382153511
98.40630376338959,667.1866962313652
416.84646022319794,836.9685397744179
834.267671585083,816.6953284144402
148.35584098100662,40.0701590180397
746.2579944133759,819.2970055937767
1198.0881515145302,826.4318484663963
142.45328909158707,40.7137109041214
144.7444264292717,39.125573575496674
150.2965583205223,38.85244166851044
145.2546996474266,33.52330034971237
149.1758418083191,39.63915818929672
150.07798194885254,41.38401806354523
109.31512147188187,154.40787851810455
157.5882830619812,42.28171694278717
146.787427008152,32.45357298851013
160.69056868553162,476.29043132066727
276.5927368402481,815.148263156414
748.3289136886597,808.2440863251686
1192.6771653294563,777.5828346610069
144.04735958576202,344.5816404223442
136.63550746440887,817.4204925298691
596.8346431255341,805.0173568725586
1042.922780752182,827.2432192564011
136.82591420412064,28.24808579683304
139.43304991722107,28.770950078964233
140.50118726491928,29.29381275177002
137.6453236937523,31.39167630672455
140.27145701646805,29.34054297208786
144.3595939874649,26.456405997276306
137.798748254776,25.664251744747162
138.9428854584694,29.6501145362854
141.30801659822464,30.9329833984375
140.00814759731293,365.49285238981247
149.2253166437149,29.33068335056305
141.35050481557846,274.6134951710701
137.60564821958542,722.0063517689705
534.803778886795,793.7882211208344
958.2259220480919,819.6260779500008
140.09205681085587,34.53794318437576
137.43819171190262,29.690808296203613
137.60032737255096,28.3616726398468
137.92948019504547,29.348519802093506
135.98061525821686,30.463384747505188
137.30975025892258,30.023249745368958
137.4528871178627,26.936112880706787
139.1330248117447,29.53297519683838
143.27716553211212,30.389834463596344
87.68030768632889,349.1896923184395
138.52844548225403,757.6015545129776
538.9485790729523,834.5704209208488
979.0747210979462,824.8142789006233
137.18085432052612,29.13414567708969
137.25099521875381,29.917004764080048
136.83812606334686,30.97687393426895
136.14826411008835,36.14773589372635
138.38541668653488,31.226583302021027
137.76855617761612,30.157443821430206
137.7086980342865,29.976301968097687
137.51884257793427,32.29515743255615
145.05197930335999,31.337020695209503
95.32513201236725,354.0448679924011
143.56128293275833,747.3267170786858
525.4834211468697,826.4065788388252
85.4045547246933,735.1884452700615
909.9498435258865,840.6781564950943
138.18699139356613,41.27600860595703
143.18313246965408,37.205867528915405
137.14029216766357,30.970707833766937
136.19242078065872,33.54857921600342
136.35354453325272,29.646455466747284
134.2936686873436,27.317331314086914
134.91878926753998,27.858210742473602
135.8029062151909,27.679093778133392
139.05802804231644,25.774971961975098
105.72015285491943,300.05684715509415
134.19727766513824,734.4877223372459
527.4153943061829,809.6596056818962
975.8735193014145,839.2194806933403
134.4246542453766,27.09434574842453
134.40177464485168,32.469225347042084
135.5818954706192,27.362104535102844
135.4100200533867,31.663979947566986
137.0171416401863,31.056858360767365
137.10426342487335,34.06173658370972
136.7853905558586,28.917609453201294
137.11451506614685,28.75548493862152
126.23964148759842,28.168358504772186
139.04976028203964,369.302239716053
163.06388294696808,799.2131170630455
647.7450089454651,789.8849910497665
1062.4621467590332,833.4998532533646
574.1982821822166,795.1527178287506
996.5094082951546,830.1585916876793
135.94854485988617,25.144455134868622
135.18466621637344,26.88933378458023
136.6807890534401,28.65221095085144
134.87991017103195,24.158089816570282
137.39303040504456,26.254969596862793
136.14816534519196,25.203834652900696
92.92129719257355,23.800702810287476
136.24942898750305,26.378571033477783
137.7635572552681,32.08744275569916
136.90768414735794,374.6103158593178
212.05180478096008,769.8751952052116
1082.598043859005,832.7539561390877
137.40816646814346,25.610833525657654
134.8102924823761,26.22670751810074
136.78741508722305,25.156584918498993
135.07954305410385,28.994456946849823
136.5196657180786,29.01833426952362
139.36679017543793,26.17020982503891
136.0289590358734,29.69304096698761
138.35712659358978,30.122873425483704
145.81626266241074,25.12773734331131
145.84944611787796,393.2065538764
232.19661682844162,762.0263831615448
655.5067973136902,774.8632026910782
1058.2060042619705,810.8499957323074
134.36813098192215,25.186869025230408
136.28925347328186,24.025746524333954
135.0253790616989,26.010620951652527
134.03950202465057,24.220497965812683
136.20162177085876,31.48337823152542
134.97574263811111,24.858257353305817
141.04386353492737,25.900136470794678
135.0959882736206,24.68201172351837
123.14224821329117,431.39475178718567
269.50738018751144,755.8626198172569
143.68851619958878,343.4594838023186
159.0916581749916,798.6683418154716
594.494786977768,820.839213013649
1039.025916993618,832.7140830159187
139.52204138040543,26.53295862674713
139.38817727565765,25.093822717666626
139.9573169350624,23.57968306541443
139.78645658493042,24.269543409347534
141.61559063196182,24.68140935897827
142.38872998952866,24.149269998073578
141.7358796596527,27.13412034511566
140.0640263557434,25.805973649024963
141.7451649904251,33.087835013866425
143.18430203199387,364.2036979794502
195.93943858146667,779.3935614228249
660.1205986142159,798.4354013800621
1044.2457734942436,819.5502265095711
142.59291636943817,25.75908362865448
142.49505704641342,24.114942967891693
139.23119550943375,28.786804497241974
137.63533556461334,24.587664425373077
140.0934699177742,27.961530089378357
138.10662615299225,25.078373849391937
139.54676562547684,28.11923438310623
138.70990771055222,26.290092289447784
139.5010460615158,27.88795393705368
143.2001832127571,349.96581679582596
196.51032304763794,761.9336769580841
618.5614598989487,810.1045401096344
143.8165943622589,747.4234056472778
555.2377331256866,798.9102668762207
978.3258729577065,836.9151270389557
143.87601500749588,27.956984996795654
141.52016246318817,26.20183753967285
141.81230235099792,26.058697640895844
145.53044015169144,30.673559844493866
144.61759561300278,30.363404393196106
141.31673699617386,32.275263011455536
138.77587407827377,30.668125927448273
140.80900883674622,38.59899115562439
149.6561661362648,17.17783385515213
102.2253133058548,344.42368668317795
141.07246053218842,748.4825394749641
616.0675872564316,750.0064127445221
1010.4517087936401,800.1952912211418
127.09583514928818,10.552164852619171
124.16595751047134,9.205042481422424
138.47508603334427,7.5239139795303345
119.08222365379333,12.49177634716034
112.41036355495453,14.884636461734772
113.16649955511093,11.316500425338745
111.58664274215698,7.727357268333435
138.65677899122238,-27.841778993606567
104.6699168086052,23.700083196163177
140.09206783771515,327.0559321641922
173.0692114830017,763.4317885041237
609.3053747415543,771.2506252527237
987.2917837500572,778.8942162394524
135.8059298992157,-24.360929906368256
121.44906014204025,-4.98606014251709
122.63018906116486,0.3328109383583069
154.34831601381302,-25.255316019058228
141.21346306800842,5.3605369329452515
136.31960862874985,1.3093913793563843
152.16673505306244,15.851264953613281
162.42285799980164,-2.2368580102920532
140.56636720895767,24.433632791042328
105.26549285650253,185.69750714302063
133.1126092672348,615.3313907384872
458.4227274656296,768.5952725410461
906.084842979908,785.8041570186615
135.5989562869072,26.32704371213913
139.13107120990753,25.09092879295349
136.91830503940582,24.488694965839386
136.7844243645668,24.641575634479523
137.8355434536934,25.683456540107727
145.38666319847107,3.3543367981910706
140.21478861570358,-2.973788619041443
146.50692623853683,-3.7479262351989746
151.92805755138397,239.8309424519539
172.55421441793442,659.7977855801582
476.90144968032837,784.8575503230095
939.9886176586151,784.9553823471069
140.72478169202805,8.274218320846558
143.57294726371765,2.964052736759186
129.5680871605873,7.745912849903107
126.85922265052795,6.602777361869812
173.89236563444138,-10.133365631103516
168.36854368448257,-16.202543675899506
144.2347167134285,-7.753716707229614
155.73086887598038,-5.545868873596191
146.67102801799774,-20.430028021335602
91.6112477183342,162.72275227308273
130.73546105623245,572.9495389461517
153.63876581192017,11.879234194755554
111.65295249223709,425.97704750299454
188.27817249298096,779.1478275060654
615.7364243865013,763.411575615406
1068.6025568842888,780.712443113327
140.20870679616928,24.180293202400208
137.83484518527985,29.611154794692993
148.847982943058,28.337017059326172
139.49112385511398,24.174876153469086
137.8942632675171,24.27173674106598
138.5754007101059,27.18459928035736
137.82953441143036,23.46546560525894
140.65867310762405,24.026326894760132
144.43181318044662,27.90118682384491
142.22395414113998,319.9430458545685
152.10808342695236,789.0589165687561
607.3452311754227,789.7297688126564
1081.8023679852486,792.7156320214272
138.85450220108032,25.534497797489166
145.1086424589157,23.336357533931732
146.49278259277344,26.840217411518097
140.0629237294197,25.363076269626617
139.114059984684,25.071940004825592
141.7571976184845,25.187802374362946
144.10433757305145,24.85866242647171
141.9144770503044,-13.284477055072784
151.6886146068573,-20.92961460351944
142.66475516557693,349.81724482774734
149.56790101528168,801.9510989785194
140.1740364432335,275.9919635653496
141.1321730017662,729.7558270096779
584.424332678318,760.7606673240662
991.3094936609268,795.9135063290596
173.2496516108513,17.954348385334015
188.91083532571793,48.86716467142105
159.79622000455856,38.61177998781204
153.9214061498642,41.85659384727478
154.5275822877884,39.87941771745682
150.4487698674202,35.6432301402092
148.9259267449379,33.426073253154755
149.40208619832993,34.5239138007164
157.12124490737915,41.24975508451462
152.8014054298401,50.55059456825256
154.7785665988922,506.3134334087372
275.92174023389816,838.7262597680092
720.1949154734612,843.7120845317841
1175.4500716924667,839.6049283146858
169.11224806308746,46.276751935482025
157.12651121616364,50.132488787174225
150.9546983242035,39.00830167531967
145.67285019159317,31.808149814605713
146.40900242328644,32.646997570991516
155.16415774822235,41.613842248916626
154.12231677770615,42.28568321466446
150.7474725842476,38.88252741098404
153.52062487602234,36.0163751244545
154.60877984762192,375.37222015857697
163.9009416103363,820.303058385849
598.34009796381,861.1409020423889
101.9842574596405,792.9977425336838
503.1464161872864,853.5945838093758
957.2715830802917,860.3034169077873
149.78574568033218,46.178254306316376
155.20690315961838,32.38509684801102
155.35007536411285,36.33492463827133
153.86424887180328,36.617751121520996
146.285395860672,31.02860414981842
147.98554182052612,32.144458174705505
154.86969339847565,36.11230659484863
147.0508503317833,24.85714966058731
151.45299941301346,29.917000591754913
149.61515188217163,204.03284811973572
152.79631179571152,658.6296882033348
433.7544639110565,833.912536084652
886.249616920948,840.8983830809593
149.55977326631546,27.291226744651794
154.7779297232628,33.667070269584656
149.7910858988762,28.87491410970688
149.67624634504318,31.305753648281097
153.22740870714188,28.5505912899971
154.6295737028122,33.388426303863525
153.44075310230255,34.74524688720703
147.21391707658768,33.04508292675018
153.91306847333908,36.99393153190613
113.05722314119339,155.01777684688568
126.31137937307358,608.818620622158
349.7515288591385,851.1384711265564
800.8206855654716,841.8453144431114
272.72383642196655,827.3321635723114
721.3679900169373,835.7810099720955
1176.0851365327835,855.7858634591103
153.00628286600113,32.60471713542938
151.70542681217194,34.01657319068909
145.71956890821457,31.909431099891663
149.39971357584,33.80328643321991
154.91485631465912,40.105143666267395
157.81702119112015,39.293978810310364
152.20120614767075,35.4467938542366
154.1233575940132,39.08064240217209
154.87753069400787,34.752469301223755
158.94768291711807,437.68231707811356
210.29483580589294,835.1311641931534
655.3279968500137,853.4500031471252
1114.2301440835,843.6958559155464
149.78028547763824,35.82971453666687
154.7214287519455,42.871571242809296
152.69757568836212,44.728424310684204
151.8967273235321,40.32527267932892
152.5398828983307,40.608117043972015
152.61103588342667,38.61096411943436
151.2171818614006,37.37481814622879
153.10132777690887,37.175672233104706
145.76349401474,47.84750598669052
147.77668750286102,398.4633125066757
123.38519358634949,358.54080641269684
160.3813236951828,782.7856763005257
616.8014612793922,791.0305387377739
1079.5935880541801,796.869411945343
571.6087076663971,787.2992923259735
1017.4738321900368,788.1921678185463
153.63598161935806,-10.024981617927551
153.98313856124878,-14.07613855600357
158.99732053279877,-26.645320534706116
143.27048295736313,-24.085482954978943
142.8216392993927,-27.025639295578003
142.2949172258377,-23.868917226791382
143.19706404209137,-14.364064037799835
151.13720852136612,33.881791472435
133.29941654205322,225.81258344650269
146.51665937900543,631.7053406238556
410.53087091445923,820.8021290898323
858.9150676131248,794.5099323987961
157.91122370958328,3.4957762956619263
144.23941439390182,-0.7584143877029419
138.67965930700302,23.28334069252014
139.89780855178833,22.49119144678116
140.1889636516571,22.0140363574028
140.38910073041916,24.129899263381958
139.86523753404617,25.837762475013733
140.23136812448502,21.750631868839264
139.8745037317276,22.53249627351761
165.85163974761963,51.611360251903534
133.31086802482605,514.0221319794655
321.23205184936523,791.9899481534958
739.9862562417984,788.4027437567711
1128.9084212779999,850.9065787196159
665.8295553922653,778.652444601059
1111.2506864666939,799.0823135375977
143.19082456827164,21.920175433158875
140.96396124362946,24.83303874731064
143.46009773015976,24.040902256965637
140.5292425751686,52.285757422447205
143.85842537879944,30.493574619293213
143.9835648536682,27.97943514585495
135.90470832586288,-3.6447083353996277
140.01083052158356,24.7491694688797
164.85408186912537,381.05391812324524
210.12722277641296,795.4467772245407
672.1033810973167,804.8396189212799
1082.1916164755821,800.0113835334778
137.19260728359222,336.99239271879196
111.39074689149857,821.5342531204224
551.201887845993,836.0941121578217
1011.2530264854431,838.3769735097885
141.4331620335579,22.880837976932526
942.53929656744,15.570703446865082
143.128431558609,25.9835684299469
143.9195680618286,25.70943194627762
142.80470979213715,32.75129020214081
143.76284313201904,25.885156869888306
142.92498463392258,30.482015371322632
142.32812052965164,28.227879464626312
144.80525189638138,33.80574810504913
145.79938006401062,367.0326199531555
110.83255177736282,30.24144822359085
113.0687426328659,293.48625737428665
96.26800084114075,719.3059991598129
421.7451580762863,838.1618419289589
894.074300467968,828.2586995363235
143.8844365477562,24.004563450813293
140.7875695824623,22.583430409431458
140.54169917106628,22.03230082988739
139.51884204149246,22.055157959461212
140.97697496414185,21.893025040626526
141.49110811948776,24.397891879081726
140.35724693536758,22.828753054142
145.51937758922577,23.888622403144836
151.19951766729355,30.59648233652115
143.91768896579742,232.37831103801727
98.54285883903503,705.6241411566734
416.81706750392914,833.1099324822426
869.9232162833214,833.0767837166786
138.01035118103027,25.174648821353912
139.08047747612,26.08652251958847
140.37160807847977,23.238391935825348
139.7937371134758,23.07726287841797
139.36386907100677,24.007130920886993
139.45099651813507,24.03100347518921
140.6871230006218,23.47987699508667
141.71925193071365,24.224748075008392
150.38138663768768,30.45161336660385
149.4885374903679,235.51246255636215
140.9287744164467,641.2192255854607
363.96099776029587,855.7430022358894
162.289120554924,510.0068794488907
251.35938429832458,837.2146157026291
703.1145675182343,838.4404324889183
1164.1097007989883,840.5572991967201
140.2348325252533,25.69116747379303
140.41596114635468,22.3620388507843
142.04108941555023,25.088910579681396
140.01721960306168,22.518780410289764
142.82734936475754,26.431650638580322
141.73048901557922,23.10251098871231
140.09662181138992,24.99537819623947
142.68475407361984,25.40824592113495
133.04993778467178,54.134062230587006
143.7681184411049,494.67688155174255
329.5233219265938,740.5686780810356
645.851560652256,842.648439347744
1099.587711751461,842.2262882590294
142.17583912611008,23.249160885810852
138.76396358013153,23.366036415100098
141.72209042310715,25.07390958070755
142.21822023391724,30.003779768943787
140.0473456978798,25.91565430164337
142.13547086715698,30.495529174804688
143.01959884166718,28.203401148319244
145.5147321820259,31.282267808914185
154.52889102697372,-9.546891033649445
143.80210840702057,436.40189158916473
187.85329973697662,834.6647002696991
611.9605087041855,843.2614912986755
113.43766516447067,799.5633348226547
526.7108010649681,841.8821989297867
976.7799687981606,839.0170311927795
140.97909796237946,31.7809020280838
141.1592201590538,25.06277984380722
141.32134824991226,27.437651753425598
143.1324788928032,28.21952110528946
142.44162440299988,29.687375605106354
143.67875617742538,28.266243815422058
139.3968910574913,23.567108929157257
140.26201826334,23.49798172712326
97.73922157287598,29.94577842950821
112.95636910200119,340.3206309080124
184.19256860017776,711.8624314069748
457.48483288288116,841.2371671199799
912.7020018696785,835.4639981389046
140.66115641593933,29.9678435921669
144.00828409194946,25.491715908050537
141.1714227795601,26.829577207565308
140.51854914426804,26.463450849056244
142.77267336845398,22.59832662343979
139.65680468082428,22.76819533109665
140.9849362373352,24.422063767910004
141.66606897115707,25.092931032180786
141.06920093297958,22.9117990732193
144.54534608125687,264.0466539263725
145.8755390048027,704.4214609861374
456.27775770425797,818.9262422919273
902.5138905644417,836.782109439373
141.7310345172882,24.619965493679047
806.8011993765831,835.6978006362915
701.1673478484154,29.628652155399323
974.2384133338928,855.6315866708755
146.91955596208572,37.0064440369606
142.60070145130157,29.900298535823822
143.4658437371254,27.404156267642975
148.5169842839241,26.279015719890594
143.38314121961594,24.690858781337738
149.8412847518921,27.177715241909027
147.05844074487686,26.515559256076813
144.1655832529068,27.019416749477386
152.64272433519363,26.17227566242218
119.56396114826202,284.21303886175156
129.92925536632538,674.9597446322441
659.0734149813652,603.2965850234032
868.5135899186134,845.0794100761414
146.30580639839172,24.676193594932556
141.13501155376434,22.642988443374634
141.0001481771469,20.09285181760788
143.68128061294556,21.67171937227249
140.52842116355896,21.19457882642746
143.48655462265015,20.865445375442505
142.55669277906418,20.369307219982147
142.10783451795578,20.930165469646454
148.04698604345322,27.416013956069946
160.4501536488533,119.19784635305405
151.2973929643631,552.5366070270538
281.49668514728546,816.3373148441315
722.7518455982208,830.3591544032097
202.67298835515976,807.0310116410255
626.6501848697662,834.6278151273727
1034.534399986267,845.4656000137329
142.43753695487976,23.933463037014008
141.7836747765541,23.64132523536682
140.68781161308289,23.498188376426697
142.92394852638245,24.724051475524902
144.82608544826508,24.11791455745697
142.02623343467712,29.825766563415527
143.37337523698807,23.348624765872955
143.1455193758011,24.07548063993454
114.51181244850159,22.487187564373016
173.15596383810043,274.54803615808487
132.0592736005783,716.3107264041901
450.8135070204735,823.3524929881096
875.4386627674103,851.2283372282982
142.93380051851273,24.270199477672577
141.17094004154205,21.811059951782227
145.51807928085327,22.22292071580887
146.17921942472458,23.8937805891037
141.9723603129387,24.398639678955078
154.8015034198761,23.013496577739716
142.88865065574646,23.630349338054657
143.95879435539246,23.486205637454987
143.95394015312195,25.28705984354019
146.78308975696564,210.8659102320671
165.94431173801422,611.406688272953
389.62561279535294,819.3933871984482
776.3437832593918,850.4522167444229
254.94993710517883,1.1620628833770752
732.2610816955566,815.4989182949066
1137.4592638611794,850.3737361431122
142.56640607118607,21.674593925476074
141.8395510315895,24.71544897556305
142.8526934981346,24.961306512355804
144.36783254146576,25.70716744661331
142.7329707145691,29.304029285907745
142.00611197948456,23.956888020038605
142.26124608516693,26.59075391292572
149.72038811445236,24.576611876487732
121.86361545324326,10.266384541988373
116.69282376766205,450.91917622089386
137.87307572364807,843.645924270153
553.3683045506477,851.3356954455376
993.6794882416725,851.7285117506981
147.26663053035736,24.622369468212128
145.03977304697037,24.516226947307587
144.7759112715721,24.797088742256165
143.40105998516083,33.54294002056122
142.97123152017593,23.917768478393555
143.07737565040588,24.75562435388565
148.10951805114746,27.797481954097748
143.08666878938675,29.024331212043762
93.87880790233612,27.047192096710205
127.94904851913452,285.4959514737129
119.49924337863922,738.8337566256523
447.86549216508865,830.9485078454018
930.6766278147697,795.972372174263
134.59779131412506,11.773208677768707
822.0749343633652,827.6110656261444
708.5881019234657,27.63489806652069
998.5481053590775,843.9698946475983
143.52523756027222,22.789762437343597
141.29838228225708,23.08961772918701
145.2395175099373,26.61348247528076
142.9926524758339,23.414347529411316
140.61880952119827,22.622190475463867
147.9289465546608,28.62605345249176
143.14608484506607,28.2239151597023
143.3082224726677,23.52477753162384
149.47142773866653,25.214572250843048
135.59564173221588,284.84835827350616
114.62888306379318,733.5931169390678
419.9201092720032,844.764890730381
882.2122526168823,844.8987473845482
143.04139333963394,25.16260665655136
146.05453699827194,24.018463015556335
142.86468708515167,22.801312923431396
142.80482763051987,21.75017237663269
143.2449676990509,21.921032309532166
144.88910979032516,23.406890213489532
144.4032484292984,24.226751565933228
142.56539642810822,25.471603572368622
149.19054108858109,26.550458908081055
143.1296821832657,210.57431781291962
124.79182404279709,684.3011759519577
429.45494854450226,842.8240514397621
895.2090737223625,849.0869262814522
139.0002115368843,1039.5547884702682
819.496346116066,850.6326538920403
141.5464769601822,27.434523046016693
141.65360075235367,24.198399245738983
140.53873723745346,24.832262754440308
141.88486218452454,24.522137820720673
146.97299373149872,24.008006274700165
142.50512957572937,21.6608704328537
141.6302627325058,26.831737279891968
140.2373976111412,24.280602395534515
125.97352188825607,24.50747811794281
140.32064455747604,204.43835544586182
94.83475738763809,714.7952426075935
446.21887761354446,831.595122396946
138.52511537075043,25.02988463640213
138.78022879362106,22.849771201610565
142.53436708450317,19.41063290834427
141.30749332904816,22.00650668144226
143.91462361812592,19.937376379966736
143.09476912021637,23.79423087835312
138.8869017958641,22.03909820318222
138.71501970291138,20.43298029899597
143.10013926029205,21.529860734939575
88.50326657295227,354.90473341941833
93.48039531707764,800.2246046662331
531.3275107741356,837.5794892311096
1008.6556228399277,830.418377161026
137.52173614501953,25.08926385641098
138.12884837388992,21.890151619911194
139.51196110248566,24.30203890800476
138.8410741686821,21.28892582654953
138.4671877026558,23.644812285900116
138.94329810142517,21.4267019033432
140.40241825580597,23.59758174419403
139.45253938436508,23.380460619926453
104.72180753946304,453.5011924505234
177.38394570350647,833.7090542912483
113.06406265497208,392.9359373450279
233.69018185138702,739.9038181304932
587.5553047060966,834.8706952929497
1047.7724248170853,841.7455751895905
139.56454569101334,19.250454306602478
140.02266538143158,23.27233463525772
139.27778106927872,19.445218920707703
137.346899330616,22.31910067796707
140.41701763868332,20.619982361793518
106.21837878227234,5.8366212248802185
121.88050526380539,29.82449471950531
144.96863305568695,470.5693669319153
219.61176788806915,834.073232114315
685.2178970575333,829.7821029424667
1154.5850170850754,838.1569828987122
133.9681360721588,1.7538639307022095
130.6122528910637,6.684747099876404
126.90437334775925,7.095626652240753
128.4174920320511,6.359507977962494
137.56060427427292,2.6793957352638245
132.0387281179428,8.203271865844727
130.10787039995193,9.096129596233368
134.01100713014603,13.433992862701416
110.0801482796669,123.40085172653198
135.4462760090828,564.090723991394
317.8114231824875,822.5765768289566
747.122584760189,834.6364152431488
294.11773031949997,767.9932696819305
670.4288865923882,832.7381134033203
143.12315964698792,7.080840349197388
150.8772885799408,2.603711426258087
133.11341732740402,5.997582674026489
131.29355037212372,5.520449638366699
128.82667875289917,5.969321250915527
139.26680767536163,-0.395807683467865
129.83593583106995,6.386064171791077
120.8880695104599,7.594930469989777
118.60521656274796,53.56178343296051
128.47134149074554,509.41765850782394
304.7624699473381,809.3305300474167
766.3136002421379,806.8713997602463
1199.9017379283905,822.0432620644569
141.98986703157425,-30.285867035388947
143.29999697208405,-30.503996968269348
111.40613436698914,3.6118656396865845
109.2722659111023,5.597734093666077
123.56439334154129,-0.43439334630966187
142.28252524137497,-30.708525240421295
143.03565526008606,-29.59265524148941
142.38378489017487,-30.69878488779068
143.4539111852646,95.1390888094902
139.50504112243652,568.7359588742256
347.3151625394821,825.3328374624252
664.0094267725945,24.657573223114014
110.18955373764038,4.606446266174316
1170.2406890392303,840.1113109588623
111.4028217792511,5.893178224563599
143.26895374059677,-31.860953748226166
146.98609173297882,22.271908283233643
144.01923620700836,23.35076379776001
142.7923687696457,21.522631227970123
143.00951087474823,21.878489136695862
144.80164194107056,143.19735807180405
144.27877777814865,-19.18577778339386
148.14490938186646,51.29909062385559
140.47404938936234,508.10095059871674
312.6541798710823,812.9198201298714
748.0943131446838,828.8686868548393
1189.6084424853325,856.2065575122833
118.30757081508636,5.396429181098938
120.83970075845718,8.919299244880676
126.44683814048767,7.053161859512329
140.05296730995178,1.6140326857566833
130.2510957121849,6.581904292106628
138.54324489831924,5.9197551012039185
141.6133816242218,6.071618378162384
155.97950410842896,2.3534958958625793
110.82663398981094,151.8023660182953
121.15576946735382,609.21523052454
327.35390388965607,860.3860961198807
823.6280219554901,838.4829780459404
686.4561486840248,31.1548513174057
142.6183266043663,28.10367339849472
144.91045606136322,25.70054394006729
141.70159596204758,25.723404049873352
145.67872196435928,28.17227804660797
142.74786186218262,24.82513815164566
146.03998792171478,26.552012085914612
143.2211240530014,28.407875955104828
140.0502501130104,20.931749880313873
129.08237528800964,162.00962471961975
144.3925101161003,622.4214898943901
390.2766330242157,841.8343669772148
97.56875425577164,620.3382457494736
277.5278903245926,886.2691096663475
733.8380408287048,886.75495916605
1197.3891906738281,877.2968093156815
155.58733904361725,27.448660969734192
161.1574902534485,31.064509749412537
153.4126381278038,25.64436185359955
156.09278851747513,26.425211489200592
161.93993973731995,34.11606025695801
155.69409066438675,32.656909346580505
153.82024085521698,30.198759138584137
155.87139159440994,31.42560839653015
153.01455008983612,51.94844990968704
172.23172748088837,477.5082725286484
208.46795457601547,879.0870454311371
643.353128015995,902.4068719744682
1097.089289188385,896.4847108125687
151.4184439778328,27.11955600976944
153.78459668159485,27.42040330171585
155.40875220298767,29.924247801303864
156.73790341615677,31.688096582889557
157.36304259300232,30.28495740890503
151.3761802315712,27.474819779396057
152.61231887340546,31.20168113708496
160.10845690965652,37.35454308986664
139.71459835767746,-13.992598354816437
154.91473865509033,427.45626133680344
181.7428724169731,888.0341275930405
620.1650242209435,904.4279757738113
132.08618462085724,839.4698153734207
516.0623967647552,891.1786032319069
969.799562394619,888.2374376058578
150.85071009397507,28.482289910316467
153.88285237550735,30.247147619724274
154.87899547815323,31.49200451374054
154.466142475605,34.070857524871826
153.8512892127037,31.42771077156067
150.21643006801605,25.745569944381714
151.35957211256027,27.0104278922081
150.37472289800644,29.847277104854584
141.79586625099182,37.482133746147156
138.42000931501389,327.560990691185
143.17516255378723,782.0838374495506
480.8183349967003,913.4396650195122
938.4064952731133,891.166504740715
167.27266573905945,37.1713342666626
168.50986617803574,42.50913381576538
152.54105657339096,31.124943435192108
158.130204975605,30.36979502439499
151.7553579211235,25.597642064094543
160.7135133743286,30.694486618041992
153.56066799163818,29.309332013130188
157.05582958459854,28.851170420646667
158.51498639583588,29.28101360797882
130.84414678812027,221.1188532114029
106.48731106519699,720.6606889367104
380.5754682421684,876.0545317530632
830.0156141519547,892.2433858513832
165.12179923057556,38.15520077943802
701.3590329289436,907.9009670615196
1160.9461868405342,885.6468131542206
171.92335629463196,43.150643706321716
161.71458834409714,36.155411660671234
155.11777013540268,34.64122986793518
156.3169303536415,36.257069647312164
161.4050800204277,36.37291997671127
167.23426657915115,39.56273341178894
149.8224402666092,39.91755974292755
160.7065864801407,33.31241351366043
132.25387448072433,445.3021255135536
153.23000693321228,891.4729930758476
605.4661508202553,875.7558491826057
1060.1472982764244,892.5567017197609
156.47643971443176,32.00556027889252
150.91559970378876,34.436400294303894
152.74474889039993,27.274251103401184
156.62888622283936,30.14911377429962
160.05003815889359,33.30096185207367
153.93422091007233,31.76877909898758
155.93036860227585,30.125631392002106
151.88951337337494,26.777486622333527
160.19865244627,29.523347556591034
106.80579507350922,439.4352049231529
133.09793901443481,871.8100609779358
575.1670732498169,892.3699267506599
1029.7732186317444,902.0047813653946
150.47336149215698,27.231638491153717
964.9685016870499,875.7174983024597
151.5186464190483,28.092353582382202
155.08779549598694,26.22620451450348
150.5289644598961,27.175035536289215
153.28412055969238,26.864879429340363
157.40827178955078,26.05472820997238
158.86644530296326,34.55855470895767
150.8626343011856,34.93336570262909
152.35778403282166,334.16121596097946
148.6859234571457,26.388076543807983
152.77405947446823,255.5589405298233
159.38221907615662,707.1737809181213
428.6723837852478,889.7526162266731
878.2245474457741,899.5534525513649
151.16370433568954,25.706295669078827
165.28984880447388,36.76615118980408
162.09999525547028,36.71500474214554
162.52014428377151,32.01685571670532
154.10929268598557,29.68770730495453
149.28944766521454,35.37655234336853
147.7485824227333,29.91841757297516
160.53971379995346,34.922286212444305
160.94288581609726,43.3161141872406
157.5680822134018,200.24691778421402
153.17424380779266,658.4547562003136
364.1153933405876,896.1816066503525
817.831580042839,867.056419968605
712.975746512413,18.96825349330902
157.21292340755463,34.491076588630676
157.74507600069046,36.45892399549484
158.70324337482452,33.57475662231445
157.19841849803925,33.671581506729126
158.89757746458054,30.601422548294067
153.98573172092438,28.847268283367157
159.62989217042923,32.7041078209877
158.0880602002144,40.3009397983551
160.17624151706696,58.434758484363556
130.54142671823502,530.3285732865334
153.33460819721222,29.203391790390015
121.56982344388962,444.41117656230927
126.08399134874344,879.8420086503029
564.2281504273415,894.6798495650291
1027.242307305336,888.4986926913261
156.71946674585342,33.07753324508667
156.52962684631348,34.23037314414978
158.06178081035614,37.12421917915344
155.89093780517578,31.276062190532684
158.14511132240295,41.18788868188858
163.28925305604935,37.858746945858
154.5624218583107,31.56757813692093
188.4285939335823,6.905406057834625
145.16519886255264,19.241801142692566
89.827332675457,208.89566731452942
118.15546309947968,650.3995369076729
378.74360305070877,867.1633969545364
861.2017539739609,841.2972460389137
706.5308943986893,24.32110559940338
1027.2128728032112,852.7311272025108
144.93099701404572,21.97700297832489
952.4821240305901,881.2028759717941
145.49626284837723,21.762737154960632
144.89938527345657,18.100614726543427
142.50552076101303,17.43947923183441
142.7786384820938,20.31436151266098
143.2557671070099,19.188232898712158
142.60288912057877,19.286110877990723
138.53914082050323,451.94385915994644
103.38626116514206,28.669738829135895
146.7143782377243,380.82262176275253
157.8025060892105,844.6784939169884
645.5576512813568,813.97934871912
1033.1457819342613,851.633218050003
145.54891622066498,18.303083777427673
147.4140550494194,23.14194494485855
146.6502007842064,23.182799220085144
144.57233756780624,19.928662419319153
144.86346727609634,20.48753273487091
143.46959632635117,19.937403678894043
145.705724298954,21.886275708675385
144.99784797430038,19.29915201663971
123.0811099410057,444.76989006996155
220.6502435207367,814.9977564811707
667.350373506546,836.3536264896393
1110.5125091671944,833.0614908337593
146.82264250516891,19.10335749387741
145.70778328180313,21.01521670818329
144.70192563533783,19.649074375629425
147.42007356882095,20.005926430225372
145.5271973013878,19.417802691459656
142.11432313919067,21.644676864147186
142.05444198846817,18.760558009147644
143.2915636897087,19.634436309337616
97.80468475818634,61.36131525039673
119.48581647872925,523.5891835093498
239.57294118404388,857.6670588254929
116.1240707039833,434.7089293003082
153.6382071375847,865.3247928619385
623.2823433876038,852.4766566157341
1079.2214838266373,863.6665161848068
146.43961745500565,17.208382546901703
150.10275238752365,84.78624761104584
149.13491886854172,21.810081124305725
146.31506752967834,17.814932465553284
147.0322004556656,17.819799542427063
148.12135660648346,17.61964339017868
147.24549609422684,17.95750391483307
150.3346370458603,17.869362950325012
116.25090980529785,430.95209020376205
177.72805255651474,843.9759474396706
637.0011866092682,847.9248133897781
1079.6453224420547,865.3366775512695
152.12145853042603,-0.5844585299491882
163.76559603214264,4.864403963088989
175.46474027633667,4.1652597188949585
202.0518857240677,-8.126885712146759
190.10404068231583,13.710959315299988
148.45165795087814,19.659342050552368
148.85380786657333,17.664192140102386
147.07195365428925,17.410046339035034
150.67909735441208,17.969902634620667
102.34024488925934,272.2697551250458
108.33638799190521,720.423611998558
438.07253313064575,845.6314668655396
888.8276646137238,866.1543353796005
369.15579557418823,855.251204431057
839.2989259958267,850.7370740175247
148.38705492019653,34.33494508266449
146.2912535071373,17.59774649143219
145.4713922739029,20.306607723236084
146.837526679039,15.885473310947418
146.29565823078156,15.908341765403748
145.73479104042053,17.486208975315094
150.76792764663696,17.54707235097885
148.1520755290985,17.958924472332
147.7962103486061,16.6107896566391
151.05034428834915,164.04265570640564
148.34248006343842,624.9345199465752
374.24561434984207,856.3473856449127
844.5747523903847,866.7962476015091
147.99488633871078,-22.73688632249832
143.65802067518234,-4.824020683765411
144.17115020751953,-3.2641502022743225
131.18527549505234,-1.5932754874229431
142.10740917921066,1.3555908203125
146.4725377559662,-3.0285377502441406
150.00567662715912,1.3093233704566956
160.24081087112427,-2.4638108611106873
145.49593859910965,1.2440614104270935
156.36208122968674,217.71191877126694
142.5612534880638,667.2347465157509
389.64940387010574,868.7575961351395
880.8305407166481,860.4484592676163
160.52969121932983,44.56330877542496
740.0248601436615,881.7161398530006
1203.4459989666939,878.5540010333061
157.12613892555237,29.206861078739166
154.34429514408112,31.09970486164093
158.96943640708923,32.71556359529495
158.18757158517838,34.035428404808044
158.14571195840836,33.31728804111481
157.88187271356583,37.081127285957336
158.1920182108879,148.84498178958893
159.87315732240677,34.682842671871185
123.44330739974976,100.94669258594513
146.8634769320488,560.0065230727196
231.21170592308044,875.8812940716743
670.3358887434006,881.1261112689972
1132.7030394673347,878.4089605212212
161.77118915319443,39.37681084871292
158.28635048866272,33.15864950418472
157.4475000500679,31.755499958992004
158.86964219808578,31.982357800006866
156.6057898402214,37.28321015834808
158.97093796730042,32.84306204319
160.56009274721146,27.421907246112823
157.462253510952,26.11174649000168
153.90241372585297,28.37558627128601
163.39756751060486,414.60243248939514
173.07873845100403,858.1252615451813
621.8888771533966,875.5001228451729
1075.274024784565,904.2459751963615
155.8622101545334,23.434789836406708
153.28337317705154,25.273626804351807
162.9635128378868,33.62948715686798
153.47666174173355,25.6703382730484
155.95381355285645,22.675186455249786
151.26495724916458,23.34604275226593
152.4451008439064,23.536899149417877
154.14424353837967,26.577756464481354
115.19053035974503,431.9384696483612
119.53868448734283,23.350315511226654
131.2188503742218,330.9111496210098
133.58500611782074,773.6559938788414
485.11716616153717,883.845833837986
932.965324819088,895.3506751656532
164.1084994673729,32.46550053358078
156.7707269191742,24.822273075580597
154.0448915362358,23.863108456134796
163.15003019571304,30.20096981525421
152.40517330169678,26.77982670068741
155.49331748485565,22.673682510852814
158.3964688181877,26.696531176567078
154.4656119942665,24.997388005256653
160.016759455204,26.223240554332733
162.6599046587944,219.0430953502655
122.26706725358963,704.862932741642
408.4842122197151,898.2187877893448
861.0173625349998,881.8716374635696
156.6795157790184,20.28348422050476
158.2676658630371,24.325334131717682
155.96681314706802,21.718186855316162
166.83197677135468,27.01902323961258
157.49518358707428,20.671816408634186
159.21235758066177,22.547642409801483
164.8935226202011,27.86547738313675
156.57467991113663,22.240320086479187
157.71784019470215,20.57815980911255
162.12099641561508,121.04700356721878
158.11614686250687,581.42085313797
303.38932341337204,876.7776765823364
159.19947922229767,483.80052077770233
233.08363568782806,863.3973643183708
670.0978010296822,856.3281989693642
1123.6479620337486,870.1660379171371
160.44011515378952,28.855884850025177
160.36227065324783,26.489729344844818
153.89441525936127,19.623584747314453
161.63057285547256,25.44342714548111
159.40377569198608,20.521224319934845
155.65894883871078,22.63805115222931
162.11812621355057,28.27087378501892
153.87227070331573,20.738729298114777
141.96041893959045,19.687581062316895
122.53057199716568,418.9704279899597
132.15472960472107,849.56727039814
616.835871398449,841.6091285943985
1042.201018333435,875.9289816617966
158.23416393995285,21.414836049079895
160.59930634498596,26.455693662166595
153.37245339155197,22.86754661798477
160.22059506177902,22.687404930591583
159.84573847055435,24.451261520385742
155.24888801574707,19.030111968517303
171.68906199932098,31.903937995433807
158.05428683757782,21.79771316051483
183.1604989171028,32.43150109052658
170.508784532547,225.6952154636383
159.98495835065842,694.8110416531563
437.0731238126755,851.6478762030602
126.29130190610886,609.3006981015205
328.008463203907,881.3615368008614
788.3926171660423,863.755382835865
1240.9807724356651,867.0742275714874
158.93993258476257,20.949067413806915
163.6020823121071,25.637917697429657
153.96723401546478,25.5137659907341
162.33338510990143,23.83261489868164
159.12553697824478,23.61546301841736
154.7686892747879,20.045310735702515
156.91284400224686,25.235155999660492
162.94501441717148,24.535985589027405
159.53321832418442,35.447781682014465
130.93638038635254,538.5636196136475
248.19153708219528,860.1794629096985
700.2606933116913,860.4613066911697
1162.6078423261642,878.7261576652527
155.0290014743805,19.414998531341553
155.46915704011917,20.78984296321869
153.1313014626503,19.10969853401184
156.90544486045837,21.058555126190186
159.36259758472443,27.69240242242813
154.98774975538254,25.0492502450943
155.59490877389908,22.368091225624084
157.33108180761337,26.945918202400208
109.71623384952545,43.69276612997055
152.91438990831375,450.825610101223
208.7615567445755,896.4604432582855
615.016758441925,889.0202415585518
1080.5499147176743,866.5060852766037
533.1190656423569,894.6029343605042
989.0042108297348,892.4407891631126
161.96135568618774,24.908644318580627
153.97549533843994,23.63550466299057
154.89664644002914,25.0473535656929
165.41180258989334,21.57019740343094
160.70298850536346,30.222011506557465
160.18014812469482,26.30085188150406
132.5462972521782,23.138702750205994
154.65244752168655,23.77355247735977
113.96260011196136,27.203399896621704
126.01374465227127,323.39325535297394
136.39789521694183,797.5281047821045
479.5790445804596,899.7359554171562
933.0182213783264,875.4447786211967
162.81039774417877,30.967602252960205
153.6205393075943,24.675460696220398
157.09770917892456,21.64329081773758
160.68586099147797,30.314139008522034
155.1070141196251,26.929985880851746
159.38016682863235,23.82283318042755
158.32031732797623,27.23468267917633
156.7234691977501,26.702530801296234
161.0516079068184,28.410392105579376
154.91774535179138,250.0632546544075
151.3768788576126,707.8461211323738
438.0570233464241,887.461976647377
893.6271675825119,893.0768324136734
157.88133543729782,27.655664563179016
803.2844886183739,898.0675113797188
695.4086825251579,23.608317494392395
166.0528668165207,31.650133192539215
155.45602869987488,22.8219712972641
160.47018152475357,23.510818481445312
163.05833983421326,26.941660165786743
155.12749934196472,22.261500656604767
156.99364912509918,26.34035086631775
166.0997998714447,149.62220013141632
157.42895984649658,24.756040155887604
164.18410915136337,65.185890853405
145.64225316047668,560.7647468447685
281.04538905620575,872.1396109461784
722.7075508832932,893.4964491128922
1176.1656977534294,898.4273022413254
156.14284491539001,37.32015508413315
161.2869994044304,35.733000576496124
165.93019342422485,25.847806572914124
164.2033714056015,43.87062859535217
154.32851648330688,27.782483518123627
156.89766144752502,31.973338544368744
160.54180216789246,28.40219783782959
162.3699430823326,24.074056923389435
129.92111158370972,50.33788841962814
159.47226643562317,472.34273356199265
215.7084099650383,878.3835900425911
661.7965683341026,881.7214316725731
1117.7367115020752,903.1342884898186
159.19585305452347,28.50914692878723
163.4309932589531,30.53200674057007
157.02013236284256,30.10986763238907
158.84827828407288,35.68872171640396
165.8434492945671,29.044550716876984
168.24668139219284,30.679318606853485
253.33489859104156,5.128101408481598
185.16466385126114,2.7433361411094666
149.27122735977173,15.265772640705109
115.7113521695137,41.789647817611694
146.79847121238708,14.349528789520264
147.62759536504745,-33.83159536123276
124.47471976280212,420.9502802491188
163.3408489227295,851.8441510796547
634.0770035386086,859.421996474266
156.89095079898834,310.3680492043495
102.31208676099777,841.871913254261
517.9742347002029,875.5067653059959
136.29850733280182,0.8494926691055298
137.90563935041428,2.7243606448173523
138.90078634023666,0.4312136769294739
136.80392533540726,0.4930747151374817
134.41107958555222,-3.3740795850753784
121.68321198225021,0.8347880244255066
121.79034113883972,2.57965886592865
118.56447124481201,1.8985287547111511
140.0586012005806,15.588398814201355
149.49874931573868,328.8712506890297
113.01288408041,855.043115913868
555.5270202755928,861.2689797282219
115.83715307712555,782.939846932888
481.7222872376442,870.2047127485275
953.7724221944809,858.1345778107643
148.1015557050705,18.121444284915924
149.61568814516068,15.921311855316162
113.90682566165924,3.463174343109131
122.2729721069336,-0.8839721083641052
130.91711914539337,-1.0651191473007202
142.33825421333313,-7.653254210948944
136.11138635873795,-0.3713863492012024
149.64351838827133,-5.3665183782577515
147.3986655473709,-2.1586655378341675
154.63480979204178,287.29119020700455
152.74194622039795,774.7960537672043
541.7740902304649,838.1329097747803
984.9912188649178,857.1007811427116
164.09833997488022,-9.95033997297287
151.2784680724144,-0.7974680662155151
159.34859228134155,0.633407711982727
145.84373831748962,-0.6397383213043213
156.87587600946426,-8.487875998020172
153.87200379371643,-0.649003803730011
161.66414481401443,-2.664144814014435
167.1962963938713,-5.90029639005661
173.63643205165863,-9.006432056427002
155.78056597709656,341.34943401813507
155.14570200443268,812.984297990799
562.8258237838745,863.5991762280464
1037.913949906826,846.2900500893593
511.87308233976364,847.9239176511765
933.5902100801468,891.8907899260521
151.08634984493256,24.08065015077591
149.78448778390884,21.844512224197388
153.83562326431274,19.6083767414093
156.42377269268036,21.48322731256485
153.69792157411575,18.154078423976898
174.48908632993698,-3.7850863337516785
170.76322507858276,2.8107749223709106
153.57377022504807,17.18622976541519
148.05092680454254,14.135073184967041
116.12004923820496,180.65895074605942
136.59716719388962,623.5518327951431
404.3142863512039,819.2597136497498
889.5324068069458,804.9125931859016
145.17552506923676,15.157474935054779
146.634641289711,13.199358701705933
146.74076390266418,12.463236093521118
144.9398850798607,14.042114913463593
145.58300256729126,15.138997435569763
145.652119576931,12.828880429267883
144.3522396683693,13.59276032447815
146.01435416936874,13.374645829200745
147.78746980428696,22.2675302028656
120.56058675050735,283.34741324186325
149.05570977926254,714.9252902269363
522.1988390684128,817.3181609511375
969.027963757515,831.175036251545
127.65308046340942,0.7359195351600647
144.05619597434998,-0.9631959795951843
136.88530975580215,2.0586902499198914
160.43642508983612,-2.4734250903129578
141.80157524347305,-0.1905752420425415
140.22370845079422,-0.8337084650993347
137.36685276031494,0.6521472334861755
149.56597989797592,-2.3249799013137817
124.8201088309288,20.882891178131104
152.03829008340836,313.7397099137306
156.367427110672,767.910572886467
149.27056127786636,254.2854387164116
131.2106927037239,720.0123072862625
489.5768181681633,841.0171818137169
956.6829493641853,834.4290506243706
145.90007638931274,-28.141076385974884
150.93322348594666,15.863776504993439
147.89135241508484,-30.37335240840912
115.51548075675964,9.335519254207611
141.66061180830002,-4.9006118178367615
142.28473567962646,0.8632643222808838
148.37386274337769,13.756137251853943
168.66399401426315,4.261005997657776
108.29013568162918,18.080864310264587
113.32226806879044,321.7147319316864
147.74438881874084,762.7196111679077
505.9425150156021,872.0194849967957
147.08276277780533,15.195237219333649
147.79989159107208,20.496108412742615
149.49902576208115,17.68597424030304
145.90115678310394,15.07984322309494
146.86027830839157,13.861721694469452
147.63340324163437,13.995596766471863
129.62465327978134,-8.457653284072876
130.56477773189545,14.973222255706787
156.54091572761536,367.18108427524567
155.85106110572815,834.0189388990402
591.7362031936646,858.1337968111038
153.7683446407318,747.4726553559303
508.5604836344719,864.0325163602829
974.7966206073761,861.4813793897629
175.80975729227066,-11.124757289886475
174.7498927116394,-3.0828927159309387
190.22703486680984,-0.5610348582267761
208.29721403121948,10.980785965919495
150.03383612632751,16.63316386938095
151.88096064329147,18.656039357185364
151.2650962471962,16.25390374660492
146.33422327041626,12.868776738643646
123.2933377623558,-9.181337773799896
122.0474523305893,174.87854766845703
130.5065719485283,634.5494280457497
406.16870200634,827.2762979865074
902.0528211593628,816.9651788473129
158.2339547276497,-31.732954740524292
166.3210772871971,-11.469077289104462
155.79822850227356,-16.42722851037979
165.21937930583954,-25.479379296302795
156.06756860017776,14.710431396961212
162.82171022891998,-21.377710223197937
159.6318917274475,-13.224891722202301
160.794060587883,-29.664060592651367
151.51223945617676,-35.660239458084106
108.58142083883286,131.60357916355133
150.09562397003174,533.4593760371208
257.1849248409271,820.9640751481056
708.2160555124283,841.7469444870949
1112.0452774763107,868.7317225337029
601.0034327507019,832.6815672516823
1060.7405935525894,820.9084064364433
156.69872504472733,10.782274961471558
155.9718760251999,11.620123982429504
159.76302415132523,14.236975848674774
164.5361750125885,12.518824994564056
148.05137479305267,15.060625195503235
116.4904979467392,-1.2684979438781738
128.91163486242294,5.809365153312683
147.59276449680328,-5.629764497280121
148.1438825726509,1.1151174306869507
136.97199892997742,381.49100106954575
149.3011201620102,847.0498798489571
153.26175338029861,328.38524663448334
148.97987270355225,805.5571272969246
657.1419960856438,778.4500039219856
998.8041220903397,886.1958779096603
146.18824553489685,16.830754458904266
146.66536569595337,15.185634315013885
147.36548221111298,15.06051778793335
152.69260162115097,13.436398386955261
146.55871480703354,16.570285201072693
146.01783204078674,12.723167955875397
147.16094475984573,14.098055243492126
152.58206754922867,19.73193246126175
147.4302049279213,-9.874204933643341
156.07331937551498,441.27868062257767
239.42043888568878,826.0235611200333
775.4535545706749,758.1024454236031
214.5596694946289,808.8103305101395
630.5737832188606,848.9262167811394
1063.7549058198929,880.3380941748619
148.3980199098587,12.989980101585388
147.00513952970505,16.36586046218872
147.3142546415329,14.295745372772217
145.4033751487732,12.967624843120575
148.06449115276337,15.8975088596344
150.15260738134384,20.031392633914948
146.33372807502747,14.611271917819977
147.23684120178223,17.337158799171448
141.84296721220016,67.71203279495239
155.52410238981247,491.51289761066437
299.1122335791588,825.4627664089203
731.5883512496948,856.9666487574577
1172.936465382576,876.9895346164703
147.22757750749588,15.716422498226166
147.33469289541245,14.48030710220337
147.10780918598175,14.948190808296204
147.21392554044724,13.71207445859909
146.59803998470306,16.49396002292633
146.98215579986572,13.40584421157837
146.38627135753632,14.095728635787964
147.7513923048973,17.452607691287994
151.7835087776184,173.78949123620987
155.3346262574196,621.0533737540245
422.6637456417084,831.7432543635368
863.1778709888458,853.5261290073395
155.11800795793533,27.10399204492569
800.8171333670616,845.8308666348457
1223.6832562685013,885.5387437343597
146.73336726427078,15.691632747650146
149.71148669719696,19.10451328754425
146.59460002183914,15.127399981021881
147.46071809530258,14.557281911373138
147.21483373641968,13.303166270256042
149.34095001220703,17.41804999113083
95.09607374668121,333.86792623996735
149.2571925520897,23.372807443141937
94.62331223487854,269.26568776369095
115.3594257235527,709.5115742683411
477.6325443983078,832.7934556007385
875.7206610441208,875.6313389539719
149.9947834610939,16.93221652507782
153.32291519641876,16.1400848031044
149.708058655262,11.181941330432892
149.7021791934967,12.833820819854736
149.58629935979843,12.913700640201569
151.24942427873611,15.343575716018677
150.18855744600296,13.940442562103271
149.943686068058,13.556313931941986
148.47581326961517,14.894186735153198
123.69393783807755,330.91706216335297
103.17106395959854,804.9219360351562
544.2401801347733,841.8528198599815
937.0133054852486,906.5056945085526
148.78642708063126,14.546572923660278
150.04154688119888,11.69845312833786
147.75866603851318,16.629333972930908
157.1427915096283,16.448208510875702
152.9909444451332,17.15705555677414
148.52307790517807,14.624922096729279
150.81520408391953,15.073795914649963
148.44033086299896,13.133669137954712
120.04645639657974,17.212543606758118
103.31957578659058,426.6434242129326
137.13069832324982,861.906301677227
623.5148198008537,840.8001801967621
101.97294121980667,827.1200587749481
542.1720676422119,881.4199323654175
996.4451873898506,879.8508126139641
147.92230135202408,13.040698647499084
147.19541734457016,15.489582657814026
146.61653518676758,14.29046481847763
147.85364884138107,14.776351153850555
153.05277800559998,16.336221992969513
154.93691861629486,16.508081376552582
148.69105607271194,14.733943939208984
149.28017729520798,16.127822697162628
154.7562956213951,13.262704372406006
127.28843349218369,436.3965665102005
175.9145547747612,851.1784452199936
638.4456766843796,862.3493233323097
1109.5897960662842,858.4282039403915
148.7699145078659,12.914085507392883
148.3400319814682,12.140968024730682
148.94615012407303,11.88584989309311
149.07126915454865,12.131730854511261
148.54838681221008,14.265613198280334
148.67450726032257,11.733492732048035
147.94762635231018,11.55237364768982
208.64674961566925,14.816250383853912
154.82704955339432,-19.105049550533295
153.61818730831146,441.2518126964569
206.83631271123886,849.922687292099
672.405428647995,854.5005713701248
1152.8645442128181,844.6904557943344
618.3976609706879,850.8803390264511
1093.391777932644,840.7732220888138
153.18489682674408,-7.147896826267242
171.42101615667343,-13.124016165733337
162.58214336633682,-11.138143360614777
164.91128593683243,-7.707285940647125
162.74043279886246,-6.795432806015015
174.80957341194153,-12.92057341337204
164.21272999048233,28.009270012378693
182.2818664908409,-20.892866492271423
137.16600847244263,-14.444008469581604
200.92117029428482,388.4118297100067
138.9353382587433,892.4536617398262
582.7085105776787,909.5504894256592
1046.000644683838,896.2213553190231
157.92177999019623,24.041220009326935
157.71391880512238,17.21208119392395
160.0980584025383,25.06794160604477
165.09421336650848,22.33278661966324
158.40335476398468,23.22564524412155
158.69550627470016,22.304493725299835
160.65365552902222,22.62434446811676
159.64980506896973,24.425194919109344
147.97795408964157,21.207045912742615
117.60310131311417,411.11889868974686
117.2102580666542,879.2907419204712
568.8903999328613,900.0726000666618
1042.7005649209023,935.6874350905418
161.418759226799,17.859240770339966
154.34091556072235,18.73408442735672
156.1690548658371,14.60894513130188
161.2572014927864,18.909798502922058
159.75236785411835,16.61863213777542
159.655511200428,20.789488792419434
157.66966259479523,19.886337399482727
156.25680512189865,22.927194893360138
155.90094566345215,22.821054339408875
161.15508311986923,329.02891689538956
159.83622974157333,13.422770261764526
150.16537183523178,259.68662816286087
156.62351709604263,715.6544829010963
431.0996695756912,903.5483304262161
900.2628069519997,906.1261930465698
158.62895423173904,20.90904575586319
160.30911260843277,17.375887393951416
159.4892697930336,20.083730220794678
159.41141241788864,22.44058758020401
158.72155821323395,23.371441781520844
159.67969459295273,16.72730541229248
159.24983930587769,18.177160680294037
159.58388769626617,17.417112290859222
160.65016949176788,21.256830513477325
162.84645283222198,226.5425471663475
148.02474427223206,701.1612557172775
418.44203275442123,902.2059672474861
865.0833320021629,915.7126680016518
156.81761240959167,13.794387578964233
158.97688841819763,13.8571115732193
159.22816640138626,15.660833597183228
160.57244789600372,19.353552103042603
161.36174964904785,16.176250338554382
155.33604270219803,12.960957288742065
156.60631781816483,13.3196821808815
157.11759477853775,16.45740520954132
161.03587394952774,15.779126048088074
155.8621591925621,212.26784080266953
123.87243777513504,718.6825622320175
396.6807230114937,910.746276974678
161.61700588464737,605.1049941182137
322.424289226532,906.575710773468
781.083569586277,910.3794304132462
1218.7058967351913,913.886103272438
155.30917370319366,12.078826308250427
156.7474506497383,12.067549347877502
158.25872856378555,14.019271433353424
160.4920116662979,19.674988329410553
158.57730597257614,14.775694012641907
156.53258377313614,14.61541622877121
157.02585995197296,15.327140033245087
155.8691430091858,15.722856998443604
143.30741953849792,137.526580452919
146.0577038526535,590.0892961621284
295.7910115122795,894.0969884991646
756.0442947149277,903.7527052760124
1212.3325798511505,896.4454201459885
157.80685305595398,18.785146951675415
164.87413132190704,19.16386866569519
160.79142272472382,20.856577277183533
159.3957005739212,12.715299427509308
157.10998207330704,12.483017921447754
160.71426290273666,15.581737101078033
165.15155351161957,19.84944647550583
160.51485353708267,15.022146463394165
113.65513813495636,143.88286185264587
119.11043298244476,595.3525670170784
275.5847164988518,900.5632835030556
739.7999941110611,921.2930058836937
196.92127525806427,922.5597247481346
652.8775606155396,911.3264393806458
1118.3698410391808,912.723158955574
156.45511823892593,11.340881764888763
157.04039704799652,11.755602955818176
160.75467842817307,13.856321573257446
156.5809718966484,18.807028114795685
157.70424681901932,12.388753175735474
157.75152522325516,12.933474779129028
162.87380731105804,16.274192690849304
161.8851085305214,17.35489147901535
122.43240982294083,41.86359018087387
161.9077007174492,468.055299282074
177.51099836826324,899.3780016303062
635.7262820005417,909.625717997551
1095.4595658183098,903.9854341745377
157.80384147167206,12.789158523082733
162.35112345218658,16.759876549243927
161.49242305755615,15.414576947689056
157.7077150940895,12.774284899234772
158.21899181604385,13.911008179187775
161.19228076934814,17.121719241142273
160.610597550869,16.666402459144592
160.8628772497177,20.211122751235962
144.30015701055527,-26.282157003879547
168.3484315276146,414.68956845998764
180.80372935533524,893.2332706451416
588.5740563869476,899.6289436221123
1046.3813338279724,898.3776661753654
154.911612033844,10.329387962818146
984.1998856067657,894.6151143908501
157.74916052818298,12.473839461803436
158.40843796730042,12.203562021255493
158.21572065353394,12.007279336452484
160.74501711130142,17.12498289346695
160.25629210472107,16.021707892417908
163.41557627916336,13.029423713684082
123.8631985783577,422.48780143260956
141.65249109268188,16.143508911132812
158.23777079582214,298.54022920131683
158.8970507979393,769.1399492025375
159.4666122198105,355.9973877668381
141.68088883161545,813.4481111764908
548.8221644759178,875.8638355135918
986.5924367308617,909.4445632696152
179.43573319911957,-8.509733200073242
155.7989919781685,13.219008028507233
169.84828692674637,-0.10628694295883179
172.59858906269073,-5.74758905172348
157.57386589050293,20.01913410425186
158.6961407661438,15.563859224319458
154.54041969776154,12.904580295085907
170.55071997642517,18.782280027866364
150.3781253695488,-10.85912537574768
176.61042231321335,258.0185776948929
140.1028292775154,711.6181707382202
445.1521487236023,848.0148512721062
901.6814149618149,869.0035850405693
356.7477452158928,853.1042547821999
794.2040486931801,873.3339512944221
1213.8633562922478,890.9886437058449
153.09662199020386,10.589377999305725
153.73692047595978,7.856079518795013
158.45221656560898,8.417783439159393
166.1485172510147,8.814482748508453
154.4748393893242,12.618160605430603
155.33713549375534,11.995864510536194
157.44041466712952,15.484585344791412
154.32268726825714,9.78831273317337
158.4259878396988,73.33301216363907
154.53038227558136,487.89561772346497
237.70869266986847,853.1813073158264
705.9969660043716,854.9290339946747
1090.0272995829582,906.0097004175186
156.14857268333435,12.684427320957184
153.78984516859055,11.87715482711792
153.37511110305786,13.45888888835907
155.6823774576187,12.87362253665924
154.6566442847252,11.769355714321136
153.81591546535492,11.962084531784058
153.12218582630157,12.284814178943634
153.70745611190796,10.106543898582458
162.58972436189651,23.632275640964508
109.674999833107,542.9360001683235
231.77827221155167,884.239727795124
1572.6415385007858,17.525461494922638
1144.8008090257645,891.7361909747124
151.92307657003403,8.965923428535461
1083.3423399925232,895.1026600003242
153.87160432338715,10.12939566373825
154.9928737282753,11.599126279354095
152.7631465792656,8.920853435993195
153.42241376638412,8.743586242198944
153.60068136453629,9.621318638324738
155.96394884586334,8.611051142215729
108.29022634029388,144.1917736530304
160.24450767040253,7.662492334842682
158.75679290294647,29.725207090377808
157.50806730985641,482.5099326968193
227.59334808588028,867.3876519203186
692.1966342329979,881.1173657774925
157.19386672973633,320.08313328027725
116.9091408252716,819.4808591604233
553.0124096274376,846.9325903654099
1018.5606780648232,846.4023219347
156.33093667030334,16.09506332874298
170.34223586320877,-5.786235868930817
158.16850638389587,11.516493618488312
157.06778812408447,8.025211870670319
155.72706174850464,18.235938251018524
158.20133584737778,13.242664158344269
161.67561292648315,17.26838707923889
155.03889572620392,12.017104268074036
155.8461652994156,21.839834690093994
156.597438454628,364.9765615463257
158.58970910310745,833.5942909121513
547.3969827890396,881.7130172252655
134.8532636165619,763.5177363753319
467.64153957366943,905.2284604310989
155.79408740997314,14.05691260099411
155.47135615348816,11.843643844127655
161.55765932798386,9.924340665340424
155.62394845485687,9.691051542758942
155.74621999263763,8.06878000497818
155.79449552297592,12.002504467964172
168.17578303813934,-6.916783034801483
170.964053273201,-8.112053275108337
168.10634112358093,-3.605341136455536
187.07860976457596,278.4023902416229
159.44402766227722,322.4999723434448
186.38030195236206,737.56369805336
525.7985738515854,866.7194261550903
960.6988503932953,889.227149605751
156.02512621879578,9.733873784542084
154.92539751529694,8.24160248041153
154.69566369056702,9.378336310386658
155.24393111467361,9.645068883895874
159.92220830917358,14.300791680812836
155.93348741531372,8.80751258134842
157.6467623114586,12.834237694740295
160.1210345029831,10.85996550321579
155.57730549573898,10.293694496154785
157.44057136774063,346.4124286174774
156.39584296941757,831.5851570367813
150.4183675646782,773.3406324386597
508.02162259817123,892.5333774089813
950.625882089138,886.6341179013252
157.04415261745453,20.048847377300262
156.83243346214294,9.981566548347473
155.84370583295822,13.693294167518616
156.1699813604355,10.627018630504608
155.88525515794754,15.170744836330414
157.8395323753357,14.863467633724213
156.90681713819504,13.112182855606079
155.60309606790543,8.136903941631317
157.68837147951126,10.034628510475159
156.71863812208176,344.3183618783951
150.22891521453857,822.0850847959518
580.7221851348877,834.2038148641586
1016.7694429755211,872.0265570282936
154.33670192956924,10.46029806137085
154.86596411466599,8.338035881519318
153.1362254023552,7.381774604320526
156.8334962129593,14.63050377368927
156.5478036403656,8.971196353435516
154.35507881641388,9.348921179771423
159.08835685253143,9.63364315032959
156.91463828086853,7.308361709117889
156.7959349155426,13.019065082073212
112.88120710849762,427.39679288864136
150.52248352766037,853.8485164642334
625.2927455306053,861.6152544617653
1057.4880095720291,865.8639904260635
155.20327919721603,8.87072080373764
988.565557718277,871.1744422912598
154.09583204984665,16.07016795873642
154.66209846735,7.966901540756226
155.41536623239517,7.344633758068085
154.591632604599,8.259367406368256
153.93690192699432,11.11909806728363
158.94817942380905,9.051820576190948
153.5704589486122,89.39254105091095
156.58071625232697,447.34528374671936
157.2399843931198,29.74101561307907
156.36325389146805,361.3037461042404
131.1895291209221,863.6264708638191
564.1998128294945,880.5031871795654
992.6001094579697,897.7148905396461
154.87037831544876,6.259621679782867
155.82564556598663,5.488354444503784
157.1519170999527,7.237082898616791
160.27418994903564,6.7068100571632385
157.2484889626503,10.12251102924347
158.240767121315,6.499232888221741
156.28904974460602,7.673950254917145
160.98532366752625,10.977676331996918
159.23760414123535,9.762395858764648
111.58088618516922,426.19611382484436
159.51816648244858,844.6848335266113
602.4004432559013,871.0995567440987
1024.7997148036957,879.2372851967812
159.31099623441696,8.31800377368927
156.56327909231186,6.714720904827118
157.12955218553543,12.22244781255722
156.2888280749321,6.989171922206879
161.07811570167542,7.254884302616119
156.27438682317734,7.577613174915314
156.82166254520416,7.1403374671936035
157.57393246889114,7.24106752872467
149.80720138549805,9.284798622131348
141.83747047185898,420.2175295352936
197.84874987602234,840.4852501153946
162.11904138326645,323.47295862436295
108.03733378648758,819.4806662201881
522.0676103830338,887.0803896188736
980.3568880558014,894.866111934185
156.64516097307205,10.502839028835297
158.89743554592133,10.121564447879791
158.03772324323654,9.703276753425598
157.99299854040146,9.563001453876495
156.30027455091476,9.01472544670105
157.681545317173,8.91045469045639
158.26682740449905,11.30717259645462
158.55610221624374,11.702897787094116
112.14137583971024,9.617624163627625
115.07864499092102,388.68035501241684
142.55191826820374,831.0770817399025
603.2481917738914,841.5848082304001
1099.315479338169,792.0365206599236
154.75276118516922,8.876238822937012
157.0420298576355,7.920970141887665
161.36730247735977,13.96669751405716
160.15558022260666,6.73341977596283
163.46386414766312,14.57313585281372
163.3451476097107,10.542852401733398
160.39341551065445,11.439584493637085
157.96068161725998,7.132318377494812
125.39795172214508,9.93604826927185
106.70421630144119,434.4627836942673
204.45648258924484,791.4885174036026
651.4677487611771,817.3842512369156
1089.9780180454254,861.3729819655418
545.89628636837,849.3797136545181
1029.5195590257645,843.9804409742355
167.7708352804184,-28.511835277080536
180.89410942792892,-26.83810943365097
212.16337323188782,-32.052373230457306
241.43364083766937,-7.637640833854675
213.7789146900177,-12.000914692878723
237.60419362783432,-9.512193620204926
148.54299175739288,-10.467991769313812
162.66426467895508,-16.35026466846466
157.56453400850296,-8.712534010410309
170.4098044037819,132.5721955895424
144.01309102773666,629.9869089722633
377.4313830137253,889.8276169896126
824.7196689248085,866.4103310704231
1234.2859532237053,907.8420467972755
170.52026307582855,22.868736922740936
177.47556787729263,30.450432121753693
179.56089663505554,32.753103375434875
175.4422492980957,24.482750713825226
178.75057685375214,28.342423141002655
169.18787741661072,21.479122579097748
177.05017799139023,20.153822004795074
176.69148749113083,18.957512497901917
134.68382090330124,18.465179085731506
176.34312915802002,441.8978708386421
170.52042835950851,890.7015716433525
611.9767311215401,907.4122688770294
1059.580041050911,918.8089589476585
512.8883436918259,905.2606562972069
970.9356493353844,907.434350669384
177.26094204187393,24.035057961940765
174.7542519569397,21.245748043060303
169.84057646989822,23.10442352294922
188.7578848004341,25.352115213871002
214.06528091430664,-9.95428091287613
158.31803077459335,8.070969223976135
158.42230743169785,12.725692570209503
159.8035854101181,7.271414577960968
173.3698731660843,5.518126845359802
165.17719566822052,32.5448043346405
120.4104835987091,540.0335164070129
277.8477604985237,850.170239508152
721.8780386447906,887.4559613466263
1159.0183210372925,894.2036789655685
157.8445998430252,6.488400161266327
158.79987859725952,-44.05887860059738
157.4961597919464,-42.25615978240967
158.21143859624863,-33.248438596725464
157.38871717453003,-32.38871717453003
200.9189950823784,-24.7339950799942
197.55927503108978,-17.151275038719177
217.07057851552963,-14.792578518390656
231.24786454439163,-28.581864535808563
123.16715288162231,523.4258471131325
215.06648230552673,881.1745176911354
623.6708283424377,898.4401716589928
1065.2371516227722,931.0408483743668
527.1934486627579,908.8075513243675
973.3897559046745,923.221244096756
181.06706982851028,14.617930173873901
167.11536991596222,18.77363008260727
171.25667190551758,18.98432809114456
167.60096961259842,18.10403037071228
170.29627215862274,19.33272784948349
171.36357831954956,21.876421689987183
132.42988353967667,21.829116463661194
175.84920102357864,24.55879896879196
180.99053621292114,26.121463775634766
138.03784090280533,248.1841591000557
159.03114932775497,686.1358506679535
391.80044078826904,903.4395592212677
839.2937455177307,918.280254483223
175.0830917954445,32.602908194065094
173.14938735961914,22.22061264514923
171.69768273830414,16.136317253112793
212.83899092674255,-3.7269909381866455
196.62728488445282,-2.0162848830223083
169.45257180929184,17.843428194522858
168.77885580062866,15.57314419746399
174.79014617204666,22.43185383081436
168.78344905376434,18.828550934791565
170.21974915266037,114.03925085067749
166.101069688797,587.1029303073883
277.538401722908,900.1285982728004
725.6046906709671,948.9873093366623
1185.1909884214401,917.8650115728378
167.62828654050827,17.409713447093964
1088.4355954527855,921.9724045395851
179.11293095350266,29.9430690407753
176.9752321243286,25.320767879486084
173.50551855564117,27.272481441497803
172.55281955003738,25.31618046760559
171.26911616325378,27.212883830070496
170.81641095876694,23.34958904981613
152.54970449209213,18.52429550886154
141.191002368927,493.308997631073
169.64629685878754,21.483703136444092
136.93559563159943,408.3054043650627
187.89089930057526,806.0351006984711
515.6432653665543,904.9677346348763
972.1535657644272,915.8274342417717
175.33185631036758,20.020143687725067
168.6211541891098,15.008845806121826
178.6504682302475,26.22053176164627
167.71680694818497,28.616193056106567
221.89510875940323,0.5858912467956543
177.36841648817062,26.056583523750305
169.5467374920845,20.249262511730194
176.1510365009308,26.719963490962982
175.31033796072006,23.912662029266357
175.67263782024384,199.84536218643188
159.46194791793823,662.3340520858765
390.39823281764984,896.8787671923637
847.7435211539268,911.515478849411
228.66284376382828,-0.44084376096725464
158.8226419687271,8.548358023166656
1067.7959204912186,860.2410795092583
158.90019345283508,4.100806534290314
157.96646946668625,7.977530539035797
161.45875722169876,10.374242782592773
157.24804550409317,8.937954485416412
159.57434564828873,6.5746543407440186
164.7516263127327,10.02637368440628
115.04091292619705,37.385087072849274
142.27420538663864,470.0967946052551
160.34148389101028,7.011516094207764
116.92675983905792,415.4812401533127
144.41903787851334,870.4519621133804
591.3933128714561,878.9586871266365
1055.4785860776901,879.8734139204025
177.0818691253662,-9.692869126796722
196.7221667766571,-16.334166765213013
194.80844867229462,-18.69644868373871
191.02273190021515,-10.337731897830963
184.0520299077034,-11.182029902935028
226.8593178987503,-11.434317886829376
173.14864295721054,24.017357051372528
172.7519525885582,21.007047414779663
174.8562369942665,26.73676300048828
169.38653355836868,302.7064664363861
137.60082507133484,794.78917491436
475.4081340432167,908.4808659553528
927.6784375905991,918.487562417984
172.76373773813248,17.90326225757599
309.83103531599045,-19.793035328388214
175.2683448791504,21.21365511417389
176.98165553808212,24.51734447479248
180.34498250484467,24.09901750087738
172.89328706264496,25.291712939739227
171.20058012008667,25.132419884204865
169.76786887645721,23.67713111639023
177.44516628980637,26.09183371067047
179.91949951648712,182.7095004916191
129.89379769563675,689.6432023048401
150.46010202169418,125.35489797592163
129.04541915655136,600.8985808491707
258.2417278289795,921.2952721714973
701.2160346508026,927.8949653506279
1162.8383386731148,911.1426613330841
175.03463870286942,18.410361289978027
171.9349438548088,22.380056142807007
177.00124752521515,21.03575247526169
178.99355894327164,31.20944106578827
189.48691302537918,25.62408697605133
175.7202712893486,23.168728709220886
178.13857662677765,27.953423380851746
177.3908852338791,23.202114760875702
182.99419397115707,21.523806035518646
130.5425397157669,422.6614602804184
126.97984582185745,848.0201541781425
517.213161945343,899.6198380589485
972.3904612064362,896.6275388002396
174.73575103282928,29.43124896287918
173.15404373407364,20.012956261634827
176.75733441114426,20.426665604114532
176.6396318078041,20.175368189811707
234.50293630361557,-19.65093630552292
176.5692344903946,21.208765506744385
175.39454394578934,29.80845606327057
192.98086667060852,29.927133321762085
178.76922184228897,29.47177815437317
175.61353945732117,217.92346054315567
165.5318443775177,686.0601556301117
412.39515495300293,898.0678450465202
164.7395145893097,562.8524854183197
268.7328383922577,905.3601616024971
717.3741412162781,908.256858766079
1165.5144581794739,915.522541821003
177.24776375293732,21.40023624897003
176.96206951141357,17.092930495738983
176.38137835264206,17.970621645450592
175.26168304681778,20.070316970348358
172.55097818374634,24.11502182483673
175.2842715382576,19.825728476047516
174.42557501792908,21.3524249792099
185.1958914399147,33.91510856151581
138.74422079324722,1.0327792167663574
178.55152881145477,396.7444711923599
140.9888390302658,884.4551609754562
586.796137034893,892.647862970829
1029.0474608540535,895.0445391535759
178.0588117837906,30.959188222885132
173.47711658477783,15.614883422851562
167.80343121290207,12.325568795204163
169.51872736215591,16.351272642612457
167.64002698659897,15.358973026275635
166.855327129364,13.810672879219055
167.57062500715256,14.503374993801117
168.9709237217903,22.789076268672943
151.35222136974335,19.111778676509857
151.1775244474411,313.6374755501747
155.44883531332016,758.9771646857262
434.73817098140717,935.1708289980888
178.11847352981567,634.3625264763832
334.3527734875679,939.6112264990807
791.0490653514862,942.9879346489906
697.8743728399277,1.680627167224884
175.62670946121216,28.02129054069519
173.95301485061646,25.417985141277313
169.22331684827805,16.4256831407547
174.30860859155655,40.71039140224457
171.67090487480164,21.199095129966736
174.64519637823105,29.558803617954254
177.1564885377884,28.158511459827423
170.55578690767288,23.036213099956512
154.7150908112526,98.45090919733047
169.28339391946793,525.7366060614586
303.12771582603455,854.0202841758728
161.15987610816956,334.74712389707565
111.70815545320511,838.310844540596
575.5704387426376,839.5775612592697
941.5267121195793,933.343287885189
160.110985994339,12.777014017105103
158.80726730823517,5.618732690811157
159.57754200696945,7.162458002567291
160.07081818580627,4.984181821346283
158.1740905046463,9.380909502506256
160.87136673927307,7.44463324546814
159.4186395406723,6.618360459804535
159.3199132680893,6.4770867228508
161.03418678045273,9.946813225746155
162.37846875190735,353.1395312547684
136.66774332523346,840.499256670475
119.12302303314209,324.6919769644737
113.91231352090836,792.8656864762306
429.7755844593048,930.8914155364037
919.5268575549126,906.8071424365044
158.90812915563583,6.610870838165283
159.34540766477585,9.746592342853546
160.6346898674965,8.10631012916565
159.88596367835999,6.670036315917969
156.2862399816513,8.677760004997253
158.204509973526,4.407490015029907
157.80877977609634,4.3962202072143555
158.02305018901825,3.4579498171806335
125.90432107448578,7.8726789355278015
148.06359642744064,329.6764035820961
148.07486897706985,808.5001310110092
530.5121400356293,874.2288599610329
983.0424200892448,887.125579893589
156.9976994395256,9.410300552845001
161.1939709186554,6.0840290784835815
158.81526881456375,7.072731196880341
158.67854022979736,5.988459765911102
157.39281737804413,8.19818264245987
159.4040970802307,6.9289029240608215
159.21136665344238,7.288633346557617
158.1676412820816,-41.4636412858963
121.5119161605835,-10.715916156768799
133.76319855451584,358.71780145168304
144.34947192668915,806.5585280656815
572.0457449555397,845.3622550368309
134.09300726652145,749.0359927415848
495.43827390670776,871.5617260932922
938.4305435419083,880.198456466198
237.92384845018387,-12.589848458766937
245.28620034456253,-8.656200349330902
163.4090198278427,11.238980174064636
162.69829720258713,9.505702793598175
160.59757536649704,9.105424642562866
163.2388567328453,11.465143263339996
160.7131535410881,10.694846451282501
163.13243526220322,11.294564723968506
161.04972064495087,10.783279359340668
139.54199928045273,40.66100072860718
166.5352721810341,475.1317278146744
231.21354806423187,877.545451939106
713.1868199706078,854.5161800384521
1150.7531007528305,883.5788992643356
160.04238104820251,-29.20938104391098
161.2576608657837,-29.572660863399506
196.30594038963318,-35.583940386772156
180.13222485780716,-17.669224858283997
191.67951089143753,-20.957510888576508
201.00578844547272,-8.561788439750671
210.86806696653366,-20.740066945552826
254.806374669075,-19.269374668598175
121.61320745944977,12.237792551517487
129.01349067687988,315.61550933122635
112.98778176307678,788.8452182412148
442.68505996465683,918.3339400291443
925.1023371219635,896.5266628861427
375.46561700105667,909.2933830022812
850.6438946127892,907.5421053767204
159.98817026615143,6.289829730987549
166.09244459867477,14.908555388450623
159.38071984052658,15.693280160427094
162.33599096536636,16.867009043693542
162.9582720398903,11.318727970123291
161.87655651569366,-45.358556509017944
160.6961122751236,-33.9001122713089
168.85539376735687,1.6266062259674072
175.82870119810104,193.05929881334305
179.41400641202927,629.3079935908318
372.2583363056183,865.9076637029648
825.3806101083755,892.4153898954391
728.4848924279213,-16.225892424583435
221.9221757054329,-8.810175716876984
158.7489249110222,9.271075069904327
159.3891972899437,9.833802700042725
157.28846776485443,3.785532236099243
157.79973846673965,8.903261542320251
161.88858479261398,-32.18458479642868
184.01185524463654,-12.270855247974396
193.4671307206154,438.97786927223206
229.0334117412567,865.6515882611275
687.4526879787445,879.714312016964
1127.6849823594093,896.3520176410675
598.2892644405365,903.0627355575562
165.78520953655243,441.2517904639244
118.83348733186722,824.2595126628876
536.8627489209175,865.8222510814667
962.9110189080238,898.1249811053276
159.58928954601288,6.485710442066193
157.9145565032959,1.9924435019493103
160.53782415390015,6.129175841808319
160.78909599781036,9.19190400838852
162.74536794424057,8.143632054328918
159.23664087057114,5.1693591475486755
161.67490953207016,11.677090466022491
159.6851748228073,9.647825181484222
145.49344128370285,70.17355871200562
127.02269697189331,578.3843030333519
201.05195665359497,957.0210433602333
619.582213819027,872.195786178112
1040.8514845967293,898.3145154118538
156.78974997997284,4.099250018596649
158.04101300239563,5.309987008571625
158.36727660894394,9.002723395824432
157.39654523134232,9.844454765319824
159.87080931663513,6.4811906814575195
158.25309258699417,4.895907402038574
157.374353826046,6.477646172046661
160.64462059736252,9.48537939786911
140.08189100027084,38.69610899686813
136.72314792871475,518.0178520679474
873.9934054613113,352.0255945324898
159.96767163276672,5.32932835817337
207.82992881536484,843.5780711770058
613.0262045264244,917.3807954788208
1048.5744857788086,919.4255142211914
157.7157548069954,4.266245186328888
159.6900174021721,8.273982584476471
157.6452761888504,6.984723806381226
159.78553819656372,7.918461799621582
157.981807410717,7.185192584991455
167.21607607603073,3.913923919200897
159.0963635444641,4.735636472702026
156.88664203882217,9.447357952594757
139.2859097123146,61.937090277671814
137.64917874336243,621.4808212518692
229.97444194555283,878.0435580611229
716.3197064995766,874.0332934856415
1162.9229675531387,854.2250324487686
161.04524838924408,9.69575160741806
161.4455223083496,6.740477681159973
157.6607924103737,7.877207577228546
158.65206068754196,6.550939321517944
158.96033036708832,7.8916696310043335
159.3785971403122,5.232402861118317
159.77786761522293,8.98113238811493
157.88214647769928,3.4888535141944885
165.63440865278244,48.550591349601746
162.45968288183212,518.3913171291351
304.1189505457878,861.14004945755
779.9632287025452,851.0917713046074
1139.5305399894714,934.8024600148201
628.707815527916,901.3651844859123
1227.1820797920227,784.1509202122688
160.08234411478043,3.8626558780670166
163.72361266613007,14.406387329101562
160.437892973423,5.747107028961182
158.70816272497177,6.568837285041809
158.47842359542847,2.891576409339905
158.54569274187088,2.47230726480484
121.77795553207397,142.61004447937012
159.64123004674911,4.339769959449768
161.56049424409866,30.383505761623383
122.12775605916977,549.8172439336777
266.4340197443962,870.7879802584648
755.7972875833511,858.8147124052048
1194.1785536408424,931.5064463615417
146.63483822345734,-11.393838226795197
153.29313606023788,-13.164136052131653
184.34241247177124,-23.76741248369217
189.18568587303162,-22.426685869693756
206.88299036026,-0.6419903635978699
194.2082974910736,-11.745297491550446
169.73857069015503,18.16842931509018
173.04588145017624,5.917118549346924
174.13118201494217,0.6658179759979248
176.67848539352417,456.5985146164894
164.59779405593872,929.8282059431076
621.4420710802078,912.6129289269447
1084.805344760418,911.9546552300453
169.2976251244545,12.128374874591827
1024.9379012584686,897.4510987401009
173.8381740450859,18.34682595729828
175.75647270679474,20.576527297496796
176.26779979467392,17.065200209617615
177.8900909423828,19.57290905714035
181.51238310337067,21.598616898059845
191.80169796943665,24.512302041053772
222.27607583999634,-10.647075831890106
153.00983542203903,217.47216457128525
130.02108818292618,-9.761088192462921
142.79034090042114,174.39365911483765
151.0806007385254,638.9383992552757
382.2579004764557,859.538099527359
820.5841722488403,880.4908277392387
701.5394395589828,-11.90943956375122
160.7727113366127,-15.124711334705353
181.5619791150093,-25.227979123592377
173.47923958301544,-16.60923957824707
184.4545123577118,-15.398512363433838
162.33579421043396,-31.00179421901703
160.40206253528595,-21.7540625333786
173.19133591651917,-16.34033590555191
178.90561670064926,-14.091616690158844
180.82492250204086,161.32407748699188
153.09523952007294,643.516760468483
342.42055517435074,893.1904448270798
817.7288376092911,877.9571623802185
210.80640029907227,-16.436400294303894
163.57711470127106,2.3488852977752686
136.76666069030762,-16.284660696983337
158.68493562936783,-24.94393563270569
151.71422845125198,-18.937228441238403
174.9475051164627,-9.243505120277405
182.58880043029785,-15.681800425052643
165.84007167816162,-13.72907167673111
169.03634995222092,446.01865005493164
196.19664108753204,883.8603588938713
159.7069389820099,368.21806102991104
220.0142341852188,771.5967658162117
552.5995296239853,886.4374703764915
1007.1108160614967,899.3521839380264
162.66387856006622,331.1321214437485
114.80414909124374,840.0658509135246
970.3636796474457,913.1733203530312
157.8379366993904,2.3840633034706116
159.4972009062767,3.5577991008758545
160.3234639763832,2.1405360102653503
165.90773648023605,2.425263524055481
161.67901158332825,5.98898845911026
161.3192788362503,2.698721170425415
161.9225532412529,6.373446762561798
161.98981994390488,3.492180049419403
160.53809493780136,68.0169050693512
140.53035753965378,439.11764246225357
172.04261964559555,854.4763803482056
616.2008883357048,879.836111664772
347.5641523003578,626.1588476896286
572.5564181804657,856.2585818171501
1023.2336874008179,863.5983126163483
159.94895786046982,7.662042140960693
158.60822451114655,2.206775486469269
162.74848854541779,5.250511467456818
160.14875251054764,0.9802474975585938
162.21602684259415,5.691973149776459
160.5782991051674,1.4767009019851685
159.0525666475296,1.3364333510398865
161.97083061933517,3.065169394016266
113.07509481906891,130.49890518188477
138.75235253572464,579.2846474647522
201.96761417388916,845.6063858270645
614.2198822498322,883.2071177363396
1064.416150867939,908.6768491268158
160.5194150209427,3.7765849828720093
160.19768530130386,4.543314695358276
156.37495011091232,6.180049896240234
159.97920364141464,3.8907963633537292
162.15746814012527,3.084531843662262
158.871750831604,3.7952491641044617
160.5120089650154,3.2469910383224487
162.33828884363174,2.1987111568450928
131.4045648574829,167.33643513917923
161.5458226799965,604.0661773085594
233.2600809931755,891.8329190015793
684.2903476953506,908.5986523032188
1135.9496287107468,898.2723712921143
159.05290919542313,4.595090806484222
1054.9521837830544,900.7508162260056
159.76145839691162,2.9805415868759155
160.3827292919159,2.265270709991455
160.98700088262558,7.791999101638794
160.47927355766296,1.6327264308929443
163.3045454621315,4.43645453453064
159.88981240987778,1.1841875910758972
161.43907952308655,183.87692046165466
146.96833485364914,537.994665145874
135.6086009144783,215.2063990831375
166.65688157081604,594.9911184310913
267.51914244890213,943.4248575568199
668.8274020552635,894.3025979399681
1186.8376754522324,857.2733245491982
159.01597368717194,7.261026322841644
158.0272513628006,12.750748634338379
158.22451394796371,3.239486038684845
157.53077805042267,3.4872219562530518
157.65304362773895,4.753956377506256
158.68331015110016,6.409689843654633
158.2115747332573,4.6944252252578735
160.18684256076813,3.60915744304657
117.88311010599136,109.06188988685608
167.17248338460922,501.10651659965515
232.68282145261765,987.2981785535812
598.3052240014076,908.6397759914398
1049.908499598503,916.3315004110336
159.23577123880386,4.024228751659393
157.63603323698044,4.401966750621796
158.6092940568924,7.131705939769745
159.82456493377686,5.953435063362122
158.59383684396744,6.498163163661957
158.7161071896553,6.134892821311951
157.94938826560974,5.290611743927002
158.83167397975922,1.9463260173797607
150.63898622989655,16.843013763427734
145.18732357025146,441.3866764307022
166.32863748073578,874.6533625125885
140.70998793840408,446.4020120501518
129.8133008480072,777.0756991505623
454.15766674280167,881.916333258152
893.6319363117218,910.6270636916161
163.45727598667145,6.245724022388458
160.37655556201935,6.5494444370269775
160.23982328176498,3.2421767115592957
160.84409296512604,7.064907014369965
164.63236647844315,4.608633518218994
158.3096479177475,5.912352085113525
159.85790848731995,3.3270915150642395
159.31417417526245,2.000825822353363
160.21345949172974,0.8785405158996582
166.90975326299667,240.164246737957
144.58809024095535,703.5789097547531
420.9694091081619,879.6965909004211
844.4436762332916,934.130323767662
165.4359580874443,11.138041913509369
158.35524201393127,3.052757978439331
163.49452477693558,2.4494752287864685
167.654791533947,3.42020845413208
163.42509645223618,4.666903555393219
156.1583732366562,1.8976267576217651
162.5766520500183,6.922347962856293
161.03194326162338,4.171056747436523
163.50722926855087,9.215770721435547
163.24052727222443,202.85247272253036
159.7508009672165,672.2671990394592
422.91007900238037,873.2189210057259
163.16564267873764,4.519357323646545
166.80704581737518,8.692954182624817
127.55832785367966,312.5896721482277
111.27258712053299,700.2084128856659
467.89485800266266,810.0681419968605
830.5361262559891,917.7418737411499
722.6033952832222,7.52660471200943
1031.541485786438,909.8655142188072
165.42276525497437,10.151234745979309
164.13803189992905,9.65796810388565
162.9263050556183,7.110694944858551
169.5495845079422,13.006415486335754
164.00488168001175,8.180118322372437
164.88616198301315,8.613838016986847
163.21244233846664,4.362557649612427
166.50172019004822,4.739279806613922
163.82698959112167,-35.02998960018158
163.8382597565651,428.1617402434349
141.58952468633652,916.2064753174782
589.545786678791,942.9732133150101
1056.650054216385,945.8509457707405
524.9003219604492,937.5246780514717
987.1155890226364,942.1804109811783
164.44186145067215,3.2991385459899902
163.9161387681961,9.546861231327057
164.26040941476822,7.499590575695038
171.9756845831871,8.006315410137177
166.5419823527336,7.791017651557922
168.53425526618958,12.502744734287262
162.8975312113762,6.898468792438507
163.63079291582108,6.647207081317902
131.43905729055405,-4.050057291984558
150.80132293701172,430.9956770539284
122.55359363555908,918.3354063630104
581.0268530845642,932.3061469197273
1043.2421117424965,928.5548882484436
159.7343716621399,6.117628335952759
163.20863020420074,3.3093698024749756
160.55289936065674,2.3731006383895874
164.71217000484467,3.0098299980163574
162.63044905662537,5.757550954818726
161.6607393026352,3.1912606954574585
165.72702050209045,3.1989794969558716
163.9422932267189,3.168706774711609
137.1945652961731,35.87943470478058
164.1498287320137,471.9621712565422
214.34510427713394,881.8948957324028
630.0603733062744,927.1246266961098
1088.923647403717,935.576352596283
161.45291751623154,2.6950824856758118
1018.2601868510246,946.7578131556511
160.86444967985153,2.635550320148468
159.9677131175995,8.420286893844604
161.2019726037979,1.0760273933410645
162.19424176216125,2.3797582387924194
167.7975143790245,8.257485628128052
164.06778913736343,9.135210871696472
136.72705614566803,103.66094386577606
157.64532339572906,543.4836766123772
129.9165952205658,31.028404772281647
164.90886211395264,475.88713788986206
156.0681373476982,929.394862651825
615.2084238529205,930.0875761508942
1079.942694246769,932.1123057603836
162.78696250915527,8.620037496089935
165.9832240343094,6.572775959968567
164.58649039268494,5.764509618282318
163.80175334215164,6.3472466468811035
162.92401939630508,7.445980608463287
164.84228771924973,4.972712278366089
162.63155794143677,7.479442059993744
168.10582900047302,11.042171001434326
167.06111270189285,64.32788729667664
165.60937851667404,522.4276214838028
228.82365387678146,924.4723461270332
679.2239353060722,928.2390646934509
1151.4762112498283,927.1537887454033
162.13548785448074,3.272512137889862
163.4607520699501,7.3352479338645935
163.45401912927628,5.3989808559417725
162.90928947925568,5.03471052646637
160.16056221723557,0.9684377908706665
164.875830411911,5.586169600486755
162.36910337209702,5.408896625041962
168.3053742647171,4.897625744342804
111.81666791439056,149.51633208990097
129.23493421077728,592.0240657925606
258.61719501018524,930.2348049879074
724.9054740071297,927.6675260066986
227.0837522149086,912.3052477836609
645.5200208425522,930.4419791698456
1105.0313003063202,932.7456997036934
165.4505786895752,9.309421300888062
162.70285612344742,4.353143870830536
161.47212368249893,0.8978763222694397
165.8353939652443,4.0906060338020325
167.40166747570038,8.24633252620697
167.26494204998016,3.3090579509735107
165.14721524715424,3.409784734249115
162.00948947668076,-0.8244894742965698
168.8907676935196,59.79423230886459
113.27204555273056,572.6719544529915
253.9133106470108,886.5686893463135
680.0175775289536,926.3724224567413
1145.8798559904099,929.3421440124512
163.33513516187668,-0.44713515043258667
164.0874125957489,3.467587411403656
163.33968943357468,0.0873105525970459
165.75796872377396,5.928031265735626
162.13924837112427,-0.19524836540222168
162.81652301549911,-0.0755230188369751
163.14379090070724,0.2082090973854065
171.69106656312943,6.752933442592621
113.77736067771912,133.59363931417465
129.06563729047775,589.7863627076149
310.1879056096077,872.886094391346
701.1621702313423,932.6898297667503
1167.988445520401,938.567554473877
635.7767155170441,932.167284488678
1095.3609902858734,933.2680097222328
165.2432776093483,3.571722388267517
164.99455922842026,-0.12455922365188599
164.06183660030365,-0.2648366093635559
164.60911166667938,0.07488834857940674
166.51039117574692,3.4896088242530823
166.7426791191101,4.127320885658264
129.55097836256027,129.28202164173126
164.5062552690506,0.9017447233200073
168.94352942705154,25.63047057390213
129.8067990541458,531.6562009453773
219.16907715797424,900.7939228415489
667.2733436822891,929.4126563072205
1107.9686123728752,928.8633876442909
164.64788401126862,2.390115976333618
165.10316801071167,-1.343168020248413
163.92844259738922,0.03455740213394165
167.3097224831581,1.5782775282859802
162.6360051035881,0.9379948973655701
163.55427587032318,0.7787241339683533
165.26954972743988,0.11945027112960815
168.28085327148438,8.737146735191345
185.10614788532257,32.80085211992264
175.48849534988403,468.30850464105606
215.03581416606903,876.9261858463287
653.8810878992081,901.1189121007919
1062.984393775463,922.2006062269211
163.58870780467987,1.6152921915054321
162.54397958517075,1.0300204157829285
162.44325095415115,4.129749059677124
162.7515208721161,0.2854791283607483
161.72579157352448,2.127208411693573
163.8840651512146,0.6339348554611206
164.6553493142128,2.4746506810188293
162.88762587308884,3.1113741397857666
149.9188975095749,29.341102480888367
126.70721757411957,497.0517824292183
186.07057708501816,2.392422914505005
149.1929833292961,319.8070166707039
128.9633111357689,776.6116888523102
446.80767172574997,887.6743282675743
854.5220005512238,928.2189994454384
163.7922693490982,-0.5152693390846252
162.17454183101654,0.011458158493041992
161.72281330823898,0.5741866827011108
161.5111020207405,3.4708979725837708
162.7444023489952,0.4955976605415344
162.92170107364655,0.9852989315986633
163.61898267269135,-0.3599826693534851
167.24128824472427,3.4077117443084717
161.60359352827072,2.8774064779281616
151.17089521884918,208.16310477256775
121.3852134346962,689.5027865767479
346.9156103134155,879.3993896842003
798.6859057545662,887.9250942468643
1215.7891942858696,931.0438057184219
135.80046731233597,-14.39346730709076
140.47875636816025,-19.885756373405457
130.15603852272034,-14.489038527011871
134.7783241868019,-12.704324185848236
135.71561354398727,-11.734613537788391
138.2449016571045,-18.096901655197144
166.36718940734863,-1.0901893973350525
166.19347697496414,-2.1564769744873047
152.79679000377655,116.22121000289917
139.0310930609703,601.0249069333076
245.11642163991928,917.6255783438683
129.9417198896408,486.2802801132202
154.73000609874725,921.3619939088821
624.0372899770737,915.4617100358009
1056.4565736055374,927.8764263987541
163.2828780412674,3.5331220030784607
163.73814970254898,4.761850297451019
162.39742022752762,6.5465797781944275
162.6686908006668,8.666309177875519
163.47496378421783,3.136036217212677
160.504228413105,1.3837715983390808
163.0534895658493,6.076510429382324
162.8797588944435,4.491241097450256
150.6860282421112,26.961971759796143
164.80929535627365,476.9317046403885
165.6182017326355,318.4747982621193
117.22147357463837,826.9635264277458
522.269756257534,877.7672437429428
911.744037270546,931.7189627289772
164.73631185293198,3.7266881465911865
166.8776227235794,5.771377265453339
166.27690994739532,3.927090048789978
164.4922559261322,1.841744065284729
164.33653891086578,3.5154610872268677
164.6998181939125,1.356181800365448
163.59909945726395,4.788900554180145
178.37037765979767,8.870622336864471
118.12166059017181,4.341339409351349
127.9109411239624,316.95905888080597
141.8292160630226,754.2817839384079
136.581478536129,252.7345214486122
144.369753241539,698.130246758461
392.0110342502594,915.0819657444954
862.9293236732483,903.3106763362885
141.53181105852127,236.06118893623352
127.30107992887497,699.7159200906754
358.2383576631546,925.2616423368454
832.1386207938194,915.8983792066574
719.3348898887634,8.869110107421875
162.27215832471848,-2.995158314704895
164.2284227013588,-1.7274227142333984
162.94269239902496,-1.165692389011383
162.9539584517479,-1.1199584603309631
164.113225877285,-1.9832258820533752
165.51249504089355,-2.383495032787323
163.6357684135437,-2.320768415927887
168.22004407644272,3.612955927848816
168.58435595035553,241.60164403915405
166.09468585252762,682.813314139843
363.1990085244179,936.1539914608002
161.6173170208931,585.4756829738617
297.79465621709824,889.1303437948227
711.416938662529,911.4710613489151
1148.2242202162743,940.4977797865868
166.12449902296066,2.0055009722709656
164.52478098869324,1.6982190012931824
167.44306045770645,0.019939541816711426
164.1213477253914,0.04565227031707764
164.03962761163712,0.34937238693237305
163.99490404129028,-0.9399040341377258
166.21017676591873,-1.3951767683029175
165.05448007583618,0.03751993179321289
166.08378273248672,86.95321726799011
183.7991464138031,483.44185358285904
197.56955635547638,889.9494436383247
611.5428348183632,927.2151651978493
1053.3331336379051,941.6678663492203
168.39942568540573,1.9345743060112
167.57671344280243,-1.7257134318351746
166.01399213075638,0.6340078711509705
163.9512750506401,2.585724949836731
164.83355110883713,1.389448881149292
165.3068277835846,-1.0668277740478516
167.76310682296753,5.551893174648285
169.4033840894699,6.263615906238556
182.93266063928604,-32.06166064739227
153.57405245304108,413.8149475455284
189.34442710876465,811.1565728783607
497.0767609477043,923.6632390618324
130.9780450463295,778.5969549417496
371.0634288787842,941.8635711073875
831.055708527565,926.3702914714813
168.1969878077507,8.13701218366623
169.48526656627655,3.126733422279358
165.21855849027634,-0.9405584931373596
166.97083789110184,0.8811621069908142
164.7781189084053,1.296881079673767
166.23339784145355,1.340602159500122
165.02267479896545,-1.0216748118400574
165.27394998073578,1.0220500230789185
168.41538071632385,2.992619276046753
164.5196526646614,183.2773473262787
114.60392087697983,695.1920791268349
323.54120683670044,944.3297931551933
786.0524767637253,939.8925232291222
696.3407601714134,6.344239830970764
165.5930786728859,-2.371078670024872
162.49335384368896,-2.4193538427352905
163.72662031650543,-1.5226203203201294
167.3478941321373,6.892105877399445
166.04418271780014,-2.3601827025413513
164.81546741724014,5.5365325808525085
163.80774414539337,3.7102558612823486
168.70702481269836,5.939975202083588
165.0332937836647,188.22470623254776
131.4155507683754,692.5474492311478
344.4818105697632,946.147189438343
812.271073281765,946.4699267148972
728.0783363580704,8.38466364145279
167.57242488861084,807.908575117588
504.7316861152649,942.7673138976097
984.3909486532211,934.2930513620377
162.5132213830948,0.7637786269187927
163.13648557662964,-1.932485580444336
164.44375401735306,4.742245972156525
166.64003193378448,3.859968066215515
168.5393180847168,4.552681922912598
161.97659647464752,3.6534035205841064
167.20985847711563,6.531141519546509
163.44312685728073,1.1308731436729431
131.99138581752777,-6.065385818481445
167.7986421585083,410.03435784578323
113.82890778779984,934.208092212677
569.6911776661873,941.5868223309517
1032.4804435372353,945.5005564689636
164.28771632909775,-0.4727163314819336
164.13198751211166,1.3680124878883362
170.0322670340538,8.764732956886292
165.61657750606537,-0.4885774850845337
166.36987513303757,3.2791248559951782
165.7501500248909,4.434849977493286
167.6694177389145,1.6455822587013245
167.60569161176682,4.430308401584625
112.89497059583664,29.920029401779175
124.83224320411682,489.5747568011284
134.15850466489792,935.3414953351021
594.4837619066238,948.6822381019592
1059.6990297436714,944.8749702572823
526.1922982335091,951.604701757431
992.2025694847107,940.9274305105209
163.19584208726883,3.897157907485962
162.91010469198227,-0.040104687213897705
164.03236776590347,6.004632234573364
168.96963500976562,2.7533649802207947
167.8879321217537,2.9640678763389587
165.5842056274414,1.0827943682670593
164.68746787309647,39.42253214120865
167.9767307639122,2.8572692275047302
159.61799997091293,-15.32099997997284
168.8882761001587,428.74172389507294
128.54754930734634,937.6754506826401
578.0588220357895,944.0341779589653
1044.2170903682709,946.4489096403122
164.61735713481903,-0.9513571262359619
164.5916247367859,3.1863752603530884
164.39889752864838,0.008102476596832275
164.04017001390457,-0.151170015335083
164.84744489192963,-0.06944489479064941
163.87671500444412,5.752285003662109
166.07298439741135,1.7040156126022339
170.60327231884003,3.9517276883125305
167.4475501179695,166.34944987297058
168.2178169488907,468.5601830482483
160.35908603668213,935.5669139623642
632.1293632984161,935.3526366949081
1094.0286288261414,935.0263711810112
161.55788779258728,1.200112223625183
1037.2731459736824,6.336854040622711
164.85841065645218,2.4565893411636353
164.96267580986023,0.8703241944313049
163.8809448480606,1.3970551490783691
168.5402158498764,2.8487841486930847
164.38449084758759,2.0965091586112976
168.02476561069489,3.1782343983650208
116.85103929042816,262.85296070575714
124.62131172418594,583.378688275814
159.1335923075676,177.34840768575668
166.19987112283707,450.31912887096405
179.50713562965393,924.3448643684387
614.0364106297493,944.3515893816948
1083.9926870465279,941.1183129549026
163.7629674077034,-0.44796741008758545
163.81022930145264,0.30077069997787476
164.2284904718399,-0.8774904608726501
165.22175896167755,-0.8327589631080627
165.1220338344574,-1.3630338311195374
164.0583068728447,2.7746931314468384
163.10659110546112,0.7824088931083679
163.30285465717316,2.048145353794098
166.98111087083817,193.61188912391663
127.67736864089966,588.8226313591003
250.35463905334473,911.44136095047
697.9959101676941,920.9110898375511
1135.0991878509521,942.363812148571
165.5364574790001,-3.703457474708557
165.51073116064072,-4.121731162071228
169.2620044350624,-2.0960044264793396
164.6072906255722,-2.0882906317710876
163.65555655956268,-2.840556561946869
166.6298230290413,-1.0928230285644531
164.15908813476562,-2.0850881338119507
168.70735490322113,-2.9853549003601074
153.2926340699196,152.6893659234047
167.48890101909637,604.3080989718437
333.5371689796448,891.2228310108185
739.8994360566139,962.4335639476776
216.9107040166855,952.3112959861755
677.0149676203728,954.1150323748589
1132.7852363586426,947.1957636475563
167.35151821374893,-0.8515182137489319
164.49279832839966,1.61920166015625
166.02206629514694,0.5709336996078491
168.0333439707756,-0.7363439798355103
164.0446239709854,-0.13762396574020386
163.64790046215057,1.981099545955658
161.93716526031494,-0.2521652579307556
163.18842536211014,-0.04042536020278931
135.23769372701645,146.3183062672615
196.71101468801498,545.9919853210449
209.25942701101303,926.518572986126
630.474778175354,951.3582218289375
166.73101669549942,298.6769832968712
147.4813493490219,762.0356506705284
380.9567169547081,937.1362830400467
837.2640051841736,948.2739948034286
163.5152751803398,-0.6442751884460449
770.7305448055267,951.9544551968575
1219.4458532333374,936.3701467514038
172.01112711429596,11.432872891426086
167.17143088579178,0.6065691113471985
166.57170885801315,4.262291133403778
168.0079830288887,0.9180169701576233
169.1112557053566,2.498744308948517
167.47553718090057,1.3024628162384033
150.2638127207756,261.29218727350235
173.46109169721603,6.298908293247223
122.61937212944031,212.26962786912918
169.89065021276474,607.8503497838974
307.14192444086075,939.0810755491257
772.0781947374344,941.3838052749634
1227.034486591816,932.0585134029388
165.78576171398163,0.8062382936477661
166.89003270864487,4.498967289924622
173.734308719635,4.0616912841796875
166.22657930850983,1.7364206910133362
166.9048597216606,3.817140281200409
169.26713490486145,1.194865107536316
169.74140745401382,5.313592553138733
166.01277369260788,1.3772262930870056
165.87504518032074,163.60595482587814
148.60930889844894,640.5386911034584
312.71257865428925,932.2134213447571
771.8718516230583,937.9621483683586
1231.8831325769424,934.8388674259186
167.09740805625916,-1.1164080500602722
165.4606841802597,-0.36868417263031006
170.21295845508575,-0.6199584603309631
164.22423577308655,0.22076421976089478
172.77251332998276,9.765486657619476
167.87582582235336,1.7531741857528687
165.64610648155212,-3.387106478214264
172.6574330329895,1.1765669584274292
167.0017145872116,160.7022854089737
124.04998886585236,654.542011141777
295.9492633342743,934.8277366757393
123.42454159259796,580.6684584021568
222.36181914806366,936.7321808338165
685.0940933227539,933.9249066710472
1150.8643739819527,930.0796260237694
166.19064396619797,1.7163560390472412
165.09091651439667,0.1320834755897522
168.82418620586395,-1.9161862134933472
168.79846328496933,2.8875367045402527
168.19873976707458,2.1912602186203003
165.98701167106628,3.6799883246421814
166.2022840976715,3.279715895652771
171.9175562262535,2.5644437670707703
134.64984852075577,157.6271514892578
145.27213382720947,589.2648661732674
294.9124035835266,908.9575964212418
716.3506779074669,943.2423220872879
1188.712958931923,948.046041071415
166.90924036502838,0.8867596387863159
167.9015150666237,-0.21751505136489868
166.59778779745102,-1.4497877955436707
166.51705807447433,-1.4800580739974976
166.28633028268814,1.3056697249412537
165.4096019268036,-2.224601924419403
167.0868735909462,2.987126410007477
165.50514888763428,0.9018511176109314
169.57241690158844,171.83558309078217
170.36069017648697,613.1573098301888
316.98397570848465,925.9800242781639
798.8832612037659,928.8387387990952
249.93158668279648,903.9194133281708
700.7388709187508,898.6871290802956
1115.3061482310295,944.526851773262
168.15042996406555,-1.6504299640655518
167.84670370817184,0.6352962851524353
167.24697506427765,-1.8949750661849976
165.7942476272583,-2.4052476286888123
167.4355182647705,-2.009518265724182
166.63179260492325,1.7942073941230774
165.12406146526337,-3.458061456680298
167.63533383607864,1.4566661715507507
167.72160762548447,182.50139236450195
132.91687643527985,696.7681235671043
257.00214898586273,933.6828510165215
724.6614263057709,943.3935737013817
1150.8577089905739,945.2532910108566
165.60998046398163,-2.3129804730415344
165.50924932956696,-4.139249324798584
166.07651579380035,-2.9835157990455627
165.235786318779,-2.272786319255829
165.63505560159683,-2.5070555806159973
164.01731926202774,-1.887319266796112
164.23158490657806,-1.8615849018096924
165.02086180448532,-0.8358618021011353
166.4391484260559,256.63485157489777
169.26541548967361,713.2345845103264
311.8316818475723,911.5193181633949
774.8619433045387,913.5830566883087
1212.0202124118805,926.3677875995636
719.9584981203079,903.2085018754005
1118.0618017315865,937.1781982779503
168.22107326984406,-2.2950732707977295
163.73234736919403,-2.8433473706245422
165.11361056566238,-3.7056105732917786
164.32887601852417,-4.012876033782959
165.85813891887665,-1.858138918876648
165.96240746974945,3.241592526435852
131.19567102193832,337.97132897377014
165.28094387054443,-3.2439438700675964
123.03220623731613,253.06079375743866
161.06146162748337,705.6415383815765
365.3697261810303,837.1112738251686
825.9179857969284,866.6750141978264
1202.6692549586296,937.9047450423241
163.4395279288292,-0.44052791595458984
167.3397890329361,-0.9697890281677246
163.61007499694824,-2.332074999809265
164.41734439134598,-1.3443443775177002
163.03961783647537,0.20038217306137085
166.69889557361603,-1.7728955745697021
168.59916549921036,-2.3961654901504517
166.6284425854683,-2.1654425859451294
123.86271250247955,341.2122874855995
170.00298112630844,647.0160188674927
416.16225975751877,980.4117402434349
1248.8148171901703,915.6121827960014
166.99108850955963,-0.6400884985923767
168.0763659477234,-0.9663659334182739
166.01463848352432,-0.32863849401474
163.8399041891098,1.678095817565918
169.05517429113388,-2.851174294948578
167.3624575138092,1.5445424914360046
172.29974377155304,-0.18774378299713135
175.6072255373001,3.614774465560913
121.24752581119537,268.8074741959572
145.70281553268433,707.4631844758987
334.7881271839142,965.5628728270531
141.6514590382576,628.4415409564972
176.9768409729004,1008.6521590352058
627.0071798563004,988.2148201465607
975.3324590921402,961.4635409116745
171.7517405152321,11.211259484291077
166.5220050215721,-4.356005012989044
164.66227436065674,-4.348274350166321
168.0255447626114,-1.6555447578430176
168.22282922267914,-1.7408292293548584
173.21510654687881,-0.5291065573692322
167.24444192647934,1.4595580697059631
166.27371793985367,-1.0887179374694824
174.19204890727997,69.25195109844208
159.68538343906403,506.98061656951904
150.43671667575836,822.8032833337784
509.20804303884506,911.1819569468498
946.3483486175537,914.1326513886452
166.45162218809128,-1.3226221799850464
165.92589205503464,1.685107946395874
170.9371678829193,-2.2711678743362427
175.93045043945312,3.754549562931061
171.03372424840927,-0.718724250793457
168.85900712013245,-0.6190071105957031
165.9262866973877,-1.9812867045402527
166.97455030679703,1.3034496903419495
168.189817070961,1.9591829180717468
174.95908683538437,326.0219131708145
153.58237218856812,818.5476278066635
500.42665404081345,929.4433459639549
169.84494072198868,714.785059273243
417.39322233200073,911.2917776703835
895.848503947258,902.6704960465431
170.74878334999084,-1.1557833552360535
169.13006055355072,-3.5010605454444885
168.62333607673645,-5.067336082458496
169.1526122689247,-4.7266122698783875
172.4598937034607,-0.4778937101364136
169.3971711397171,-3.397171139717102
168.55645084381104,-4.482450842857361
169.19773024320602,-2.64173024892807
169.39301186800003,-50.39301186800003
171.46028977632523,241.83571022748947
132.656567633152,765.6954323649406
438.40885972976685,903.4621402621269
877.9751611948013,938.6548388004303
201.72744798660278,-25.52344799041748
229.47872251272202,-20.40472251176834
233.15600782632828,-23.546007812023163
169.70576465129852,12.48023533821106
170.82703655958176,13.542963445186615
170.87531280517578,8.031687200069427
169.0345979332924,3.5204020738601685
169.60087138414383,1.7311286330223083
171.14914453029633,3.664855480194092
128.34642273187637,107.04257726669312
172.3577042222023,525.3472957611084
278.1099950671196,893.57600492239
690.7872679829597,920.2317320108414
1173.9835464954376,925.3864535093307
622.0498412251472,930.8941587805748
1073.7651253938675,930.401874601841
179.6464114189148,-26.219411373138428
194.71269094944,-30.398690938949585
188.14996826648712,-27.094968259334564
193.69823974370956,-32.60623973608017
180.4125171303749,-22.72851711511612
229.34979605674744,-23.608796060085297
221.84307652711868,8.786923468112946
189.2423564195633,23.22064357995987
137.0316737294197,3.505326271057129
195.2279914021492,389.8460085988045
183.49831479787827,840.5936852097511
526.9356166124344,948.6753833889961
984.3169167041779,946.5900833010674
192.45723414421082,22.931765854358673
186.06156641244888,13.956433594226837
187.35089474916458,13.187105238437653
183.8432303071022,12.934769690036774
181.20651978254318,11.627480208873749
183.64380836486816,16.134191632270813
190.11710834503174,15.474891662597656
181.11044216156006,4.112557828426361
142.8257573246956,9.471242666244507
138.15107011795044,277.9049298763275
195.79239863157272,664.6716013550758
355.9507274031639,946.4572726488113
805.0920437574387,950.0939562320709
685.188689827919,951.367310166359
1138.3290034532547,948.8739965558052
190.63631975650787,14.215680241584778
180.6666551232338,6.7593448758125305
185.009963452816,13.378036558628082
259.26229679584503,-36.1322968006134
183.1076017022133,9.448398292064667
185.87689697742462,9.677103042602539
170.37019473314285,62.31580525636673
185.23348951339722,11.025510489940643
139.651784658432,-8.670784652233124
138.20008224248886,451.836917757988
156.02638185024261,891.1956181526184
563.1486731171608,967.7403268814087
1011.3259845376015,962.9710154533386
180.93030506372452,10.496694922447205
185.45959329605103,14.947406709194183
178.1548873782158,2.0661126375198364
193.6671907901764,15.258809208869934
181.0475258231163,6.52547413110733
181.50383776426315,17.12516224384308
184.12616676092148,9.873833239078522
179.74946957826614,7.1405304074287415
186.87077689170837,18.240223109722137
187.12307012081146,289.1179298758507
176.46738469600677,736.6436153054237
413.16369473934174,976.1513052582741
870.916003704071,945.5099962949753
190.7963285446167,22.147671461105347
764.3266391158104,-6.326639115810394
178.44227051734924,7.150729477405548
179.8415611386299,19.343438863754272
180.48284029960632,10.351159691810608
189.95616108179092,16.043838918209076
184.0055029988289,11.162496984004974
188.830825984478,17.391174018383026
192.73118698596954,103.78781300783157
179.05650889873505,6.294491112232208
187.06779205799103,10.394207954406738
141.9130883216858,525.8279116749763
160.1093811392784,957.7056188583374
618.1386728286743,966.6023271679878
1057.1319922804832,982.3510076999664
179.8272905945778,9.134709417819977
185.41258454322815,8.161415457725525
181.3678776025772,1.502122402191162
180.10118973255157,1.527810275554657
181.3165099620819,13.498490035533905
182.30980265140533,4.783197343349457
189.59809720516205,20.123902797698975
192.20243614912033,10.89056384563446
177.56475871801376,2.6762412786483765
194.1680611371994,331.8129388689995
176.10540586709976,786.3385941386223
475.524690926075,943.8273090720177
929.7019727230072,944.6870272755623
182.7132709622383,10.119729042053223
186.31656020879745,10.77543979883194
189.45785641670227,-14.21685642004013
182.63519895076752,7.956801056861877
189.96248596906662,10.50151401758194
185.95479410886765,12.268205881118774
189.15110731124878,8.47889268398285
184.82840251922607,9.819597482681274
184.41369861364365,9.086301386356354
141.88698989152908,270.64901012182236
189.8622996211052,685.8977003693581
128.1686259508133,181.20037406682968
142.84693640470505,623.8380635976791
250.4502695798874,952.2897304296494
709.240562915802,941.3704370856285
1160.5098600387573,954.1001399755478
187.05815517902374,16.40484482049942
187.86545675992966,8.818543255329132
184.61775809526443,8.437241911888123
189.18405508995056,24.018944919109344
199.17735421657562,17.02664577960968
185.48465579748154,14.201344192028046
188.32899606227875,12.134003937244415
185.97029560804367,21.733704388141632
182.96259129047394,28.0744087100029
188.99189001321793,463.6381099820137
154.9672042131424,971.7367957830429
566.4035576581955,987.2254423499107
1022.6918714642525,967.9181285500526
196.72222518920898,32.22277480363846
203.75154078006744,22.09945923089981
190.96689134836197,28.570108652114868
181.66322541236877,12.706774592399597
190.30353540182114,18.659464597702026
189.48188269138336,10.999117314815521
191.84520149230957,21.89579850435257
185.44849008321762,17.143509924411774
148.5337928533554,23.781207144260406
146.74909871816635,289.06590127944946
141.14940106868744,758.5365989208221
193.54869729280472,132.30330270528793
172.59700328111649,615.3469967246056
279.4233349561691,946.2066650390625
710.377691090107,942.8253089189529
1163.5379903912544,953.7030096054077
185.10432016849518,13.20967984199524
185.17162758111954,15.755372405052185
179.1089089512825,15.503091037273407
179.4531842470169,2.1578157544136047
182.20446795225143,7.368532061576843
181.97475403547287,5.8582459688186646
186.72603768110275,15.161962270736694
182.090312063694,7.020687937736511
134.563596367836,103.56540364027023
134.68689966201782,556.2581003308296
191.60519725084305,963.2468027472496
660.0234788656235,944.1245211362839
1118.1087711453438,940.8732288479805
187.6570857167244,6.6579142808914185
181.33441710472107,4.424582898616791
192.04872661828995,11.635273396968842
178.6350582242012,4.901941776275635
248.3683441877365,-12.51634418964386
178.97261554002762,3.2313844561576843
185.70490568876266,9.017094314098358
187.34620505571365,12.85779494047165
143.26450729370117,0.49449270963668823
186.71979600191116,409.5202040076256
185.43507903814316,877.4349209666252
560.7613704204559,955.9056295752525
176.5126809477806,805.4503190517426
472.7099733352661,951.6430266499519
932.6832647919655,945.1677352190018
184.37955701351166,6.4164429903030396
189.40886902809143,6.035130977630615
178.0691920518875,0.5988079309463501
191.91349560022354,7.919504404067993
177.3878208398819,2.3161791563034058
187.7311099767685,10.064890027046204
185.0383985042572,10.256601512432098
185.1986865401268,8.06031346321106
135.39497292041779,7.883027076721191
149.86926406621933,273.79773592948914
147.6395520567894,737.0094479322433
390.18683874607086,947.8491612672806
837.6981424093246,959.375857591629
737.0984544754028,-10.117454469203949
182.9987839460373,9.445216059684753
181.82407641410828,6.174923598766327
187.4283722639084,5.682627737522125
190.4396891593933,12.430310845375061
182.72801840305328,10.919981598854065
191.81332659721375,15.26067340373993
182.23265707492828,8.82334291934967
188.5579485297203,9.516051471233368
185.6992403268814,123.39375966787338
189.13653314113617,569.3454668521881
252.35084056854248,949.0751594305038
703.7321366667747,957.3048633337021
164.03942608833313,955.4225739240646
626.8297192454338,948.4122807383537
1079.8400167822838,952.4559832215309
189.09232085943222,3.630679130554199
185.43661987781525,8.286380112171173
179.63294422626495,-2.1689441800117493
188.99625664949417,9.33774334192276
192.15562415122986,10.085375845432281
185.40698218345642,3.278017818927765
189.78832238912582,6.451677620410919
180.6146940588951,2.8113059401512146
179.5700117945671,21.46698820590973
183.15531241893768,281.7516875863075
176.79560369253159,735.7403963208199
417.01090866327286,951.4330913424492
862.5412150621414,958.1997849345207
180.88552850484848,5.985471487045288
188.7668274641037,7.955172538757324
182.6481208205223,8.073879182338715
182.2334154844284,9.840584516525269
179.39271068572998,2.699289321899414
187.05200958251953,8.187990427017212
183.211319565773,11.213680446147919
180.1856108903885,4.073389112949371
188.62291890382767,8.970081090927124
155.11628544330597,220.2547145485878
135.719664812088,621.780335187912
251.19298833608627,943.8430116772652
706.3342635035515,951.1477364897728
175.84554958343506,-22.73354959487915
627.763839006424,954.6251609921455
1087.4051204323769,952.0028795599937
183.19340866804123,0.49159133434295654
187.72369474172592,3.702305257320404
183.08598619699478,6.099013805389404
182.85728669166565,5.36571329832077
183.64557474851608,8.484425246715546
181.9898577928543,1.3241422176361084
184.87113857269287,2.7398614287376404
182.47543025016785,3.5995697379112244
163.67073237895966,3.902267634868622
190.68306934833527,420.6879306435585
195.13839775323868,852.1026022434235
535.4647412896156,948.5352587103844
979.5310463905334,953.0979536175728
181.41233730316162,9.438662707805634
186.01661509275436,11.095384895801544
183.6379126906395,6.491087317466736
189.35319352149963,11.090806484222412
189.77148205041885,9.96851795911789
184.52376228570938,7.58723771572113
182.8500501513481,5.4649498462677
180.74933409690857,7.990665912628174
178.89061015844345,-1.3356101512908936
144.41990566253662,388.7280943393707
145.30219501256943,851.864804983139
491.0534896850586,959.2805103063583
930.3238213658333,960.602178633213
186.11311250925064,0.552887499332428
842.8654380440712,946.1535619497299
184.87573260068893,14.494267404079437
188.62802630662918,2.556973695755005
186.62131428718567,4.582685708999634
184.81659656763077,4.387403428554535
191.08788681030273,22.57911318540573
189.93217426538467,9.12382572889328
178.72046893835068,13.427531063556671
247.36179530620575,217.62020468711853
171.8742304444313,-6.781230449676514
170.90351623296738,-4.662516236305237
139.192791223526,253.88120877742767
173.16606265306473,692.6489373445511
451.7513601779938,876.6746398210526
884.6516482830048,892.5333517193794
740.4039341211319,0.48506587743759155
1007.1940571665764,955.8799428343773
169.7243246436119,-5.35332465171814
171.25358670949936,-1.197586715221405
169.81984436511993,-8.116844356060028
170.27610659599304,-3.8501065969467163
169.17639702558517,-4.453397035598755
173.48365783691406,-2.760657846927643
173.51291912794113,-1.4389191269874573
172.5241938829422,-0.006193876266479492
152.35046416521072,34.72353583574295
173.08373337984085,473.2862666249275
220.44600117206573,904.1649988293648
718.1242650747299,856.5237349271774
191.70853281021118,1031.920467197895
540.2758005857468,965.0381994247437
1014.1200707554817,966.0099292397499
171.4463465809822,-5.79834657907486
172.56861972808838,3.8013802766799927
173.7278916835785,-3.0058916807174683
179.33117204904556,-2.5351720452308655
172.95446509122849,-0.3244650959968567
174.98373967409134,1.4052603244781494
177.42101502418518,2.226984977722168
173.22828179597855,0.21671819686889648
128.14655512571335,36.09444487094879
135.63881921768188,487.87918078899384
201.817080616951,886.3679193854332
607.2163410782814,949.931658923626
1096.3026078939438,936.290392100811
169.51688545942307,-17.775885462760925
162.787173807621,-20.43517380952835
157.39145475625992,-16.50245475769043
158.64273411035538,-23.71773409843445
160.30200546979904,-27.099005460739136
148.29527366161346,-24.054273664951324
143.1945702433586,-22.991570234298706
181.55785942077637,-9.557859420776367
159.7171466946602,21.33785331249237
177.5984832048416,439.14151680469513
168.27688646316528,865.1121135354042
600.3992055058479,875.4337944984436
1001.9655194878578,922.071480512619
170.12479263544083,-4.124792635440826
1062.2100633382797,796.9199366569519
174.79435294866562,-3.7023529410362244
172.417626619339,-5.306626617908478
172.89090526103973,-3.3359052538871765
174.75517922639847,-5.12517923116684
176.32146549224854,0.2895345091819763
172.6287499666214,-7.2207499742507935
169.0290454030037,-3.899045407772064
161.5393585562706,370.42264145612717
122.23665988445282,-6.717659890651703
143.59993332624435,327.21606665849686
177.70320516824722,753.9457948207855
467.56547343730927,925.3235265612602
952.354732811451,915.2562671899796
171.31001484394073,-5.2360148429870605
170.71027958393097,-6.821279585361481
144.93579471111298,-29.12179470062256
150.42906284332275,-12.8730628490448
155.10634458065033,-22.625344574451447
162.8956155180931,-23.117615520954132
173.5178825855255,-57.22088259458542
165.99214428663254,-20.12114429473877
182.9844070672989,343.73759293556213
181.3656660914421,808.9483339190483
559.4879263043404,1035.9560737013817
993.9431977272034,916.370802283287
200.5104820728302,-24.195482075214386
208.70675778388977,-20.632757782936096
227.79208636283875,-30.95908635854721
227.02537435293198,-24.803374350070953
173.40812247991562,-6.037122488021851
170.9743995666504,-5.881399571895599
171.33767288923264,-4.44767290353775
173.31194907426834,-6.088949084281921
177.3032386302948,-5.174238622188568
150.03753924369812,177.96246075630188
190.3818290233612,601.8591709733009
182.61410439014435,63.218895614147186
199.94036722183228,512.9116327762604
264.4896304011345,923.121369600296
678.4449007511139,959.7960992455482
1136.622198522091,949.7668014764786
194.1515064239502,5.7174935936927795
188.01581299304962,7.81818699836731
183.10012167692184,8.251878321170807
181.9074187874794,5.240581214427948
181.6787073612213,1.1182926297187805
193.72699356079102,5.700006425380707
191.21933019161224,7.762669801712036
188.02563267946243,8.566367328166962
170.24095851182938,-6.815958499908447
200.12230598926544,394.8956940174103
182.70869606733322,830.0693039298058
492.64503288269043,952.6329671144485
935.2303488254547,970.3996511697769
184.55665695667267,4.054343044757843
184.52994668483734,6.506053328514099
190.0612514615059,7.106748521327972
186.1085665822029,3.3174334168434143
187.93388032913208,4.473119676113129
184.2981954216957,6.332804560661316
185.0494903922081,4.395509600639343
187.09778666496277,5.4022133350372314
147.7570742368698,13.538925766944885
152.00838160514832,279.95461839437485
152.72368162870407,722.6653183698654
170.1059684753418,175.04303151369095
163.85729962587357,621.4387003779411
274.75762701034546,946.1683729887009
701.6939687728882,968.0100312232971
1149.3352695703506,965.8867304325104
188.42056381702423,4.079436182975769
183.00486278533936,4.9201372265815735
189.29516130685806,6.056838691234589
187.52747017145157,5.472529828548431
188.70477861166,11.442221403121948
192.680093228817,8.967906773090363
189.8394249677658,6.845575034618378
184.1087225675583,4.834277451038361
188.3430061340332,7.341993868350983
147.31731563806534,496.36768436431885
190.29162228107452,907.5423777103424
585.9129295945168,964.9760704040527
1025.5912576317787,959.1317423582077
199.13855135440826,15.101448655128479
190.02088123559952,7.405118763446808
192.23519575595856,3.041804254055023
192.76553750038147,3.197462499141693
181.9068587422371,-0.46285873651504517
323.84315049648285,-44.8991504907608
186.20642852783203,1.830571472644806
180.754721224308,-0.6987212300300598
188.45101630687714,5.603983700275421
133.99831289052963,378.57468712329865
144.361598610878,839.6744014024734
458.4838961958885,958.349103808403
142.34720194339752,733.9117980599403
370.3034923672676,958.2345076203346
825.3517929315567,962.6302070617676
202.65144509077072,11.052554905414581
189.10679072141647,3.226209282875061
188.76608675718307,5.8449132442474365
189.85237550735474,2.796624481678009
184.751673579216,-3.455673575401306
190.0779813528061,0.8480186462402344
190.31028008460999,0.7257199287414551
195.39659541845322,0.048404574394226074
161.14795458316803,99.074045419693
155.88127958774567,550.6187204122543
199.0775826573372,963.9964173436165
651.6628759503365,965.2631240487099
1110.081169962883,962.8448300361633
188.0734487771988,1.1475512385368347
192.0297468304634,5.378253161907196
183.74507921934128,-1.4850792288780212
198.3484029173851,10.707597076892853
188.50773352384567,10.974266469478607
188.79603391885757,1.79596608877182
187.08531856536865,5.673681437969208
185.76259875297546,-1.2265987396240234
197.62690550088882,8.448094487190247
147.34123480319977,453.69576519727707
144.20454680919647,901.8884531855583
523.3078643679619,963.0991356372833
169.1901673078537,771.5698326826096
430.9974647760391,961.57753521204
898.304746389389,957.8062536120415
190.5750567317009,8.721943259239197
188.56733971834183,1.5806602835655212
195.76465338468552,7.162346601486206
187.62698429822922,1.8550156950950623
202.58230620622635,12.398693799972534
188.686636865139,1.6463631391525269
184.25294142961502,3.376058578491211
200.67462921142578,-4.600629210472107
192.9497565627098,-9.523756563663483
200.68588531017303,166.62911468744278
155.2560312151909,653.002968788147
296.19617170095444,955.1368283033371
743.248316347599,950.9566836357117
1198.5394359230995,956.940564095974
197.68454653024673,-3.4255465269088745
194.12466263771057,-3.6806626319885254
195.87977999448776,-1.8987799882888794
196.5429101586342,-1.2469101548194885
201.85305106639862,12.256948947906494
201.97922843694687,6.187771558761597
211.19641989469528,5.635580122470856
193.74858158826828,0.954418420791626
196.188714325428,-43.63371431827545
147.35183906555176,490.03616094589233
213.01497620344162,869.9120237827301
562.3811467885971,952.3788532018661
1000.2103028297424,957.7896971702576
447.65045177936554,953.238548219204
887.1276062130928,951.7423937916756
197.25378459692,0.9312154054641724
200.8419240117073,2.6760759949684143
195.6350940465927,6.549905955791473
195.74223119020462,2.387768805027008
195.200361430645,0.26263856887817383
196.17848873138428,4.61751127243042
147.10062420368195,-0.7856242060661316
209.1887995004654,14.589200496673584
200.01795959472656,-1.1659595966339111
191.92209619283676,98.26290380954742
204.1402249932289,540.1197749972343
214.93237936496735,971.4566206336021
675.038509786129,948.2564902305603
1133.053622186184,957.427377820015
193.49473637342453,-0.45673638582229614
191.97085243463516,-1.7308524250984192
194.2639660835266,-3.448966085910797
192.09308743476868,-0.8520874381065369
191.32921117544174,-2.7372111678123474
201.23333048820496,-2.2323305010795593
196.4884871840477,-0.41348719596862793
195.96562659740448,-2.1136265993118286
182.23877781629562,-5.9617778062820435
212.27295058965683,399.6530494093895
151.49112474918365,891.7498752474785
523.783284842968,950.3277151584625
973.2794023156166,959.5535976886749
430.1645163297653,967.0204836726189
899.1236330866814,948.4873669147491
197.67476969957352,0.6402302980422974
197.81889408826828,-0.6148940920829773
195.53703862428665,1.2599613666534424
194.53316569328308,0.744834303855896
194.84429824352264,1.71170175075531
194.93242621421814,0.5865737795829773
191.0395558476448,5.3684441447258
197.18267756700516,6.983322441577911
196.71680617332458,1.4131938219070435
150.19395124912262,213.3250487446785
147.94913840293884,638.587861597538
301.6302847266197,940.7587152719498
716.6264501214027,958.3735498785973
1172.1035754680634,964.100424528122
192.3407045006752,1.01129549741745
202.02182066440582,9.052179336547852
201.1839502453804,2.649049758911133
193.86508387327194,-5.643083870410919
198.47322398424149,7.471776008605957
200.4683602452278,-5.764360249042511
191.44652581214905,-7.168525815010071
196.44166547060013,-1.182665467262268
189.34480339288712,-10.97580337524414
195.4339301586151,430.34406983852386
141.13405746221542,946.4779425263405
572.7601938843727,962.6298061013222
1015.1813694834709,942.6516305208206
200.67752319574356,17.17447680234909
884.2846813201904,953.2523186802864
195.57680851221085,5.923191487789154
192.38792902231216,8.871070981025696
196.62506181001663,3.3199381828308105
195.52819520235062,4.897804796695709
198.80232405662537,3.7356759309768677
193.01946830749512,5.6285316944122314
194.60860228538513,3.7253977060317993
198.78974217176437,2.970257818698883
194.56288063526154,-4.840880632400513
198.24402368068695,154.1079763174057
196.7961789369583,603.2968210577965
273.82932436466217,956.7636756300926
734.1584448218346,967.3225551843643
1174.4326030611992,950.3273969292641
198.39074844121933,2.7762515544891357
193.44289636611938,7.112103641033173
197.56802213191986,-0.3460221290588379
195.56414902210236,1.2878509759902954
197.11528372764587,0.25471627712249756
197.79741144180298,2.4805885553359985
199.9415683746338,5.040431618690491
191.1957179903984,6.507282018661499
194.06283646821976,-16.91483646631241
181.48497170209885,452.8680282831192
194.77709066867828,887.5009093284607
582.4762079119682,958.3017920851707
1041.602311015129,956.5456889867783
197.3944183588028,4.735581636428833
960.8905475735664,964.776452422142
197.70070099830627,1.1692990064620972
201.12285488843918,4.52514511346817
191.67400521039963,-2.823005199432373
197.96712863445282,1.4218713641166687
188.03626120090485,-5.796261191368103
202.1073865890503,-2.829386591911316
198.15853786468506,-3.954537868499756
196.6367028951645,296.4382970929146
190.78085458278656,-5.29885458946228
192.16499531269073,204.90900468826294
202.5861382484436,632.4308617711067
296.10130256414413,976.6206974387169
762.7644145488739,955.5505854487419
194.9596579670906,1.6703420281410217
204.9928171634674,16.229182839393616
206.74800676107407,14.69599324464798
208.6891649365425,3.163835048675537
200.24032974243164,7.426670253276825
201.8104543685913,-2.384454369544983
191.78761684894562,-4.657616853713989
196.24674534797668,4.067254662513733
199.7428641319275,-8.186864137649536
202.99801588058472,427.26098412275314
176.1421684026718,890.728831589222
551.8422955274582,972.1397044658661
1007.0964182019234,968.1255818009377
196.00056099891663,3.4064390063285828
902.7557074427605,964.0222925543785
190.7338201403618,0.35917985439300537
189.617935359478,-7.303935348987579
199.33605349063873,-7.4840534925460815
268.40617167949677,-15.795171678066254
200.18033647537231,7.264663517475128
196.69448971748352,1.1765102744102478
145.63462710380554,-0.11662709712982178
193.4827445745468,294.2392554283142
193.36785727739334,-1.2938572764396667
159.95597004890442,245.84002995491028
197.26709604263306,663.4369039535522
338.91024363040924,953.2377563714981
801.66636967659,976.8156303167343
197.63964170217514,12.841358304023743
193.1737926006317,4.401207387447357
198.4279277920723,8.220072209835052
195.10905861854553,4.057941377162933
195.2352067232132,2.3397932648658752
208.1383518576622,15.12064814567566
199.17051988840103,13.198480129241943
194.87167876958847,-3.8896787762641907
201.737821996212,25.910178005695343
200.84396797418594,445.34103202819824
204.9511154294014,900.3258845806122
581.226277589798,966.7567223906517
1032.0184026360512,971.8155973553658
195.42053544521332,3.5974645614624023
190.62064731121063,-3.731647312641144
197.5607561469078,0.3272438645362854
203.741863489151,-1.1868634819984436
191.96101558208466,-0.8490155935287476
192.8271501660347,2.098849833011627
194.60025829076767,4.103741705417633
196.44837886095047,1.1996211409568787
162.1105271577835,20.574472844600677
209.08870565891266,335.6712943315506
172.12189722061157,788.8231027722359
185.11803448200226,212.97496551275253
199.54016506671906,648.7198349237442
321.3873259425163,964.3716740608215
775.5134592652321,961.9495407342911
194.7267383337021,3.347261667251587
192.2978639602661,2.9991360306739807
194.25597673654556,5.3370232582092285
197.56710118055344,8.877898812294006
194.98923188447952,-1.2672318816184998
193.6693589091301,-4.188358902931213
200.98149251937866,4.6855074763298035
192.12462520599365,-0.8296251893043518
169.102778673172,92.58322131633759
145.98694372177124,543.7720562815666
165.53908896446228,976.2009110450745
606.4052522182465,968.3907477855682
1049.4563941955566,972.2846058011055
194.8595126271248,1.5844873785972595
197.8386356830597,2.9023643136024475
197.12976551055908,3.0742344856262207
193.03393012285233,7.596069872379303
227.19605618715286,-12.47405618429184
191.54418390989304,-4.321183919906616
189.31733161211014,-6.410331606864929
189.35146009922028,-7.629460096359253
193.86559492349625,-5.754594922065735
156.15772914886475,373.86127084493637
137.7098513841629,857.3831486105919
209.42699229717255,223.0170077085495
196.4411457180977,679.0398542881012
361.2532852292061,959.1917147636414
791.0264500379562,973.9175499677658
204.01875340938568,12.703246593475342
236.19890868663788,-25.310908675193787
180.38146179914474,-13.492461800575256
184.2845754623413,7.197424530982971
184.09569591283798,-4.484695911407471
201.18382114171982,-26.720821142196655
178.4952843785286,-12.661284387111664
178.2313836812973,-11.491383671760559
186.30150294303894,-15.357502937316895
168.24267315864563,255.2953268289566
171.88684821128845,699.1131517887115
420.38202053308487,864.098979473114
997.397140443325,750.046859562397
182.2033832669258,-11.759383261203766
183.27350491285324,-66.4405049085617
180.00963014364243,-58.41763013601303
181.50675970315933,-44.76575970649719
189.61386889219284,-63.33586889505386
179.6090224981308,-62.68402248620987
181.95714604854584,-64.38314604759216
192.5272547006607,-9.694254696369171
190.93038547039032,82.34661453962326
174.75959765911102,523.184402346611
212.57070165872574,934.2812983393669
189.8818061351776,433.2111938595772
160.58102995157242,868.4919700622559
617.0591396689415,892.7558603286743
1023.8142767548561,917.4447232484818
183.49544858932495,-46.439448595047
179.58358162641525,-57.269581615924835
178.78370636701584,-62.561706364154816
181.77982503175735,-63.46482503414154
182.94194209575653,-11.219942092895508
181.60506939888,-12.29006940126419
179.34120905399323,-68.39720904827118
179.39333951473236,-12.263339519500732
164.2415035367012,-37.40850353240967
162.49663907289505,277.80036091804504
165.64088541269302,668.7111145853996
337.0070474743843,932.7889525294304
788.0591652989388,942.9228346943855
193.1994023323059,-48.58740234375
181.65755343437195,-59.5095534324646
190.07967352867126,-42.24667352437973
186.46383148431778,-49.723831474781036
216.626959502697,-62.79395949840546
198.475082218647,-28.531082212924957
186.87820827960968,-34.23020827770233
175.13333451747894,-28.596334517002106
182.4265056848526,51.20349431037903
170.3656783103943,503.98532170057297
189.0289025902748,889.7490974068642
155.8390070796013,383.3269929289818
159.00223833322525,791.5717616677284
450.3694086074829,934.2235913872719
906.0315554141998,927.783444583416
728.1947196722031,-9.212719678878784
187.81984078884125,-9.430840790271759
183.8710561990738,-10.297056198120117
183.92324548959732,-9.108245491981506
189.88240414857864,-5.08540415763855
183.0075567960739,-8.988556802272797
185.4297217130661,-8.244721710681915
185.66686993837357,-6.777869939804077
198.4030116200447,-21.922011613845825
154.12152951955795,-11.936529517173767
181.72881829738617,272.67918169498444
146.76196843385696,757.3670315742493
365.2952373623848,917.3157626390457
810.8463650345802,928.338634967804
178.80157709121704,-13.338577091693878
177.00068253278732,-14.204682528972626
178.01478052139282,-11.940780520439148
180.3258756995201,-13.011875689029694
181.6739849448204,-12.062984943389893
177.2070969939232,-13.226096987724304
179.83219456672668,-12.370194554328918
180.93929344415665,-12.291293442249298
180.26939445734024,198.768605530262
157.37651014328003,689.3644898533821
182.66861182451248,131.07238817214966
181.31271296739578,578.6872870326042
308.82681024074554,922.9321897625923
750.0819163918495,936.9920836091042
1161.5230203866959,984.79197961092
181.61112010478973,-9.889120101928711
179.16222578287125,-11.681225776672363
177.0473307967186,-13.214330792427063
181.82143050432205,-10.35843050479889
182.22454291582108,-9.872542917728424
184.5726608633995,-8.072660863399506
182.14278346300125,-9.54978346824646
179.67591267824173,-10.69391268491745
186.46802335977554,108.36597663164139
130.68614065647125,626.573859333992
262.9602553844452,957.2617446184158
745.1593642830849,932.4336357116699
1138.710474550724,990.6405254602432
201.22558563947678,6.329414367675781
197.70271342992783,6.612286567687988
193.14384377002716,165.67115622758865
197.13896268606186,0.2120373249053955
193.67208325862885,3.4569167494773865
191.79820799827576,-5.057208001613617
202.2933473587036,5.70565265417099
206.494486451149,7.784513533115387
202.71167421340942,-1.8416742086410522
201.63384479284286,426.4591552019119
194.33400183916092,849.1109981536865
534.0881444811821,972.1338555216789
192.23328965902328,764.0447103381157
430.3774271607399,978.5855728387833
879.1875509023666,955.1634491086006
199.443685233593,-1.5916852355003357
200.66080123186111,1.8941987752914429
198.305923640728,-0.08292365074157715
197.44905453920364,5.586945474147797
196.16819828748703,-4.594198286533356
197.03432208299637,-3.2563220858573914
188.34445595741272,-7.918455958366394
203.61858695745468,5.678413033485413
201.48472207784653,9.700277924537659
166.96287775039673,210.13012224435806
187.81100922822952,645.2079907655716
278.9541691541672,1001.1938308477402
742.0242959856987,978.0127040147781
1197.6684263944626,967.8685736060143
196.7015597820282,0.11344021558761597
198.62368762493134,2.9133123755455017
190.28580409288406,-4.4898040890693665
200.28191769123077,1.384082317352295
196.01904052495956,-2.20404052734375
191.55216389894485,-4.997163891792297
196.8262899518013,0.11871004104614258
196.08141034841537,-0.7294103503227234
183.021530687809,94.94246929883957
185.92564511299133,531.1863548755646
205.05077517032623,973.2082248330116
643.638933300972,958.6580666899681
178.9130763411522,888.271923661232
534.5202277302742,968.7027722597122
984.3673540353775,969.0766459703445
197.10448342561722,0.7845165729522705
198.02561247348785,0.5663875341415405
196.72575175762177,5.570248246192932
205.4628843665123,7.000115633010864
256.1620423793793,-33.125042378902435
183.25161975622177,-4.380619764328003
180.5627310872078,3.0482689142227173
190.00283789634705,-7.261837899684906
187.07194191217422,-11.646941900253296
180.62406051158905,165.17293947935104
184.84216558933258,635.6018344163895
328.8382853269577,934.5697146654129
759.6484023332596,962.4805976748466
181.34464859962463,-51.585648596286774
190.71175849437714,-32.93375849723816
198.2068721652031,-30.70787215232849
202.99998325109482,-26.332983255386353
243.31009703874588,-12.773097038269043
230.28822910785675,-21.95422911643982
179.13575690984726,24.660243093967438
171.09385377168655,-44.316853761672974
188.97894263267517,-44.1089426279068
173.4010290503502,422.24697095155716
207.3791297674179,864.2138702273369
1166.0184773802757,891.9805226325989
483.62658298015594,949.4474170207977
903.047720015049,924.7672799825668
225.87783634662628,-18.50783634185791
241.74399441480637,-50.53999441862106
179.48148119449615,-11.258481204509735
179.66258150339127,-12.994581520557404
177.26867872476578,-14.620678722858429
179.968779027462,-8.413779020309448
183.26088273525238,-9.50188273191452
184.7189969420433,-11.571996927261353
182.5861109495163,-11.289110958576202
178.06422382593155,82.15777617692947
175.80033499002457,543.7926650047302
230.5744473338127,948.9445526599884
678.4775576591492,973.8184423446655
1188.3256632685661,912.4903367161751
171.56177055835724,-31.339770555496216
201.66888493299484,-30.538884937763214
223.77600371837616,-26.92400372028351
232.45814764499664,-31.49514764547348
175.93566089868546,-9.583660900592804
178.74574875831604,-12.874748766422272
177.31585055589676,-13.815850555896759
179.51595532894135,-48.774955332279205
183.51206970214844,-33.28906971216202
206.35919189453125,325.2888081073761
196.81830471754074,795.3296952843666
488.9804245233536,956.3715754747391
957.4395377039909,966.9674623012543
418.58464950323105,944.7493504881859
178.3238382935524,326.7881616950035
180.98592990636826,799.0140700936317
941.0740211606026,523.8509788513184
943.8851238489151,967.0398761630058
180.10324531793594,-23.3632453083992
183.6553594470024,-33.859359443187714
181.31845581531525,-30.595455825328827
186.57255685329437,-27.721556842327118
181.23566430807114,-30.402664303779602
196.67576706409454,-32.97276705503464
186.89487367868423,-30.319873690605164
192.40897595882416,-22.723975956439972
185.5160870552063,-29.331087052822113
155.77118301391602,388.4688169956207
172.5082812309265,842.658718764782
513.0223896503448,948.0706103444099
923.5544877648354,1020.9075122475624
180.73659443855286,1.6894055604934692
177.01069194078445,-12.306691944599152
185.89479738473892,-14.154797375202179
184.15092426538467,-11.890924274921417
180.03503608703613,-10.221036076545715
178.04913371801376,-12.605133712291718
180.86023330688477,-11.638233304023743
176.98534041643143,-11.208340406417847
179.92644053697586,-9.388440549373627
147.0335469841957,401.04145300388336
146.95564079284668,867.8033592104912
519.9507324099541,973.271267592907
171.6138316988945,789.0711683034897
455.53492772579193,970.11207228899
887.2530292272568,995.5799707770348
180.23215347528458,-12.361153483390808
184.59827309846878,-6.542273104190826
182.81538492441177,-12.112384915351868
196.99652409553528,-6.349524080753326
195.01169675588608,1.7663032412528992
182.21186119318008,-5.7858611941337585
182.9109923839569,-6.743992388248444
182.83310323953629,-13.815103232860565
181.06921285390854,-13.088212847709656
168.36132049560547,235.87867951393127
190.65442657470703,676.5305734276772
374.8535636663437,936.8494363427162
834.3866785764694,911.5763214230537
179.74889850616455,-13.415898501873016
180.63400089740753,-11.504000902175903
178.59310418367386,-12.315104186534882
181.92220425605774,-15.330204248428345
180.62129926681519,-15.751299262046814
184.5984097123146,-9.414409697055817
179.53953152894974,-16.558531522750854
182.331633746624,-10.035633742809296
184.67975383996964,207.80124616622925
189.69385993480682,676.6021400690079
370.87598526477814,944.1250147223473
838.9080888032913,933.2949112057686
292.9231956601143,940.4098043441772
757.3633024096489,937.4146975874901
1206.3954084515572,951.3995915651321
193.42851370573044,-51.61451369524002
199.35061806440353,-32.53661805391312
222.81072402000427,-38.06972402334213
209.50883442163467,-28.583834409713745
268.357950925827,-44.282950937747955
179.96452796459198,-15.409527957439423
181.9056397676468,-9.386639773845673
188.62376129627228,-8.99376130104065
182.45287251472473,-62.39687252044678
183.76399129629135,364.4960086941719
183.07510209083557,834.7218979001045
480.97822684049606,986.4667731523514
936.4553604722023,985.6746395230293
239.91449290513992,-28.895492911338806
178.50304597616196,-5.577045977115631
183.01821446418762,-21.203214466571808
200.5693123936653,-38.0503123998642
160.30649268627167,-24.76949268579483
145.9876258969307,-29.987625896930695
179.42778009176254,-15.260780096054077
173.64593571424484,-13.145935714244843
176.86402541399002,-15.438025414943695
167.1561794281006,88.41782057285309
184.26331090927124,507.81068909168243
214.49946874380112,916.0185312628746
628.1636505126953,924.6143494844437
175.71475785970688,832.32224214077
543.5058691501617,933.2521308660507
1017.1509769558907,935.923023045063
222.1280842423439,-44.29508423805237
204.01321506500244,-32.476215064525604
224.4713265299797,-35.63832652568817
187.09844368696213,-3.7274436950683594
195.92758232355118,-2.0575823187828064
210.6817228794098,2.262277126312256
196.39985758066177,2.6741424202919006
205.13699889183044,9.604001104831696
198.91113620996475,1.2928637862205505
155.72126626968384,275.55573374032974
188.75539809465408,738.4306018948555
344.1765802502632,1025.3974197506905
781.17276263237,998.4562373757362
196.0170373916626,9.76096260547638
193.90216106176376,5.301838934421539
193.65728557109833,2.065714418888092
193.54140853881836,7.9025914669036865
191.6865315437317,6.351468443870544
186.64464914798737,-4.533649146556854
195.54776746034622,3.174232542514801
191.4149152636528,1.0110847353935242
194.26205295324326,105.32994705438614
207.48019343614578,542.112806558609
199.06932818889618,1005.2266718149185
662.0284486413002,997.3615513443947
1108.8015831112862,1010.4574168920517
546.6497451663017,1018.9432548284531
993.0718965530396,997.6691034436226
196.1410110592842,6.87698894739151
196.8971346616745,3.547865331172943
188.63325309753418,4.088746905326843
193.64736276865005,1.22163724899292
198.81047403812408,0.6525259613990784
194.04759526252747,1.990404725074768
188.58072471618652,-10.913724720478058
191.72484874725342,1.4601512551307678
164.75409871339798,386.2279012799263
173.97121852636337,830.6957814693451
457.2263525724411,1010.9026474356651
914.2964773774147,1008.6655226349831
199.5886179804802,0.8363820314407349
194.19578355550766,-0.6037835478782654
191.2849377989769,-5.543937802314758
275.76206266880035,-16.26306265592575
196.49920082092285,2.630799174308777
192.10632532835007,1.1346746683120728
198.009452521801,-2.9164525270462036
190.59758496284485,-7.1545849442481995
191.24170869588852,-6.464708685874939
177.9238418340683,222.6691581606865
181.60498678684235,661.7470132112503
293.9161313176155,996.9358686804771
745.4302592873573,1001.3667407035828
662.7925050258636,967.503494977951
1117.7136285305023,988.0633714795113
199.95076817274094,-0.6917681694030762
199.72493416070938,4.460065841674805
196.99809807538986,-0.7210980653762817
195.384226500988,0.7277734875679016
200.45338827371597,1.6206117272377014
190.44951671361923,-3.134516716003418
197.22263705730438,42.44336295127869
204.79276996850967,13.836230039596558
142.56692165136337,-18.34492164850235
195.0080479979515,381.1959519982338
142.07717895507812,889.4038210511208
495.3883075118065,984.8336924910545
947.8844334483147,975.7275665402412
195.8245615363121,6.8604384660720825
190.39469623565674,-0.1536962389945984
195.55781602859497,0.40618395805358887
201.09095019102097,1.632049798965454
202.2161328792572,12.080867111682892
196.84131079912186,2.2136892080307007
196.2454497218132,7.421550273895264
196.59258717298508,-5.592587172985077
146.51573425531387,2.4292657375335693
141.25186610221863,258.6551339030266
206.56198579072952,648.6600142121315
310.5401414632797,988.5708585381508
757.9982778429985,988.5187221765518
205.9905530810356,1.212446928024292
1112.4316846132278,985.7723153829575
202.0568110346794,3.591188967227936
196.10894179344177,-3.885941803455353
197.88208216428757,-3.1410821676254272
200.7302307486534,0.3807692527770996
188.43040722608566,-6.892407238483429
200.98153388500214,0.9634661078453064
174.81068313121796,51.67131686210632
179.36282098293304,497.54517900943756
141.7659546136856,-16.913954615592957
186.33608770370483,376.7759122848511
199.40622740983963,827.8157725930214
475.7353775501251,990.4876224398613
928.7675129175186,988.231487095356
198.54164570569992,-0.33864569664001465
191.90877199172974,-8.612771987915039
196.9779031276703,-0.9229031205177307
203.17803514003754,2.450964868068695
198.69216859340668,-1.4331685900688171
203.76232540607452,2.459674596786499
198.96148455142975,7.852515459060669
189.97664099931717,-6.791640996932983
203.7127811908722,0.26721882820129395
195.06094235181808,206.4200576543808
206.35408300161362,628.6279169917107
289.1652308702469,994.7987691164017
748.178358733654,981.987641274929
202.70859843492508,-2.874598443508148
1101.1117326021194,989.6482673883438
191.79285430908203,-2.662854313850403
189.23297655582428,-3.2709765434265137
191.72909373044968,-1.2660937309265137
198.52121460437775,3.2197853922843933
192.99833178520203,0.09466820955276489
200.69745010137558,0.5245499014854431
206.58359390497208,103.91640609502792
192.22777342796326,539.179226577282
202.64893627166748,-42.63093626499176
205.44209718704224,394.3909028172493
151.4372474551201,889.3957525491714
494.84037268161774,997.1226273179054
946.0404925346375,1007.8665074706078
196.4436182975769,2.2593817114830017
194.27376222610474,-0.05076223611831665
188.47289043664932,-4.324890434741974
192.9510172009468,-3.2090172171592712
187.87214201688766,-5.002142012119293
215.46029889583588,5.205701112747192
207.40149348974228,7.820506513118744
196.5086548924446,-2.9896548986434937
142.2827935218811,-6.670793533325195
155.03791958093643,264.8140804171562
202.36705446243286,662.7629455327988
301.53024208545685,1000.784757912159
732.933405995369,1002.566594004631
191.64668154716492,-1.702681541442871
198.3288055062294,0.4861944913864136
200.62092351913452,1.6750764846801758
195.2100493311882,-3.9870493412017822
202.09418642520905,3.3318135738372803
193.46034228801727,-3.719342291355133
189.345507979393,-3.327507972717285
192.5636324286461,-0.2856324315071106
197.2627413868904,51.45925861597061
152.85185825824738,550.7771417498589
179.7369669675827,-19.958966970443726
179.82509118318558,438.0639088153839
205.78422039747238,869.3827795982361
507.00239223241806,992.8486077785492
934.4985564351082,1000.0194435715675
197.01369154453278,1.8383084535598755
194.95382100343704,-1.7868210077285767
194.93095922470093,-2.504959225654602
192.2610808610916,-2.1860808730125427
189.385195851326,-2.3111958503723145
193.67830801010132,1.3036919832229614
198.3594150543213,-2.7294150590896606
199.68854862451553,2.1084513664245605
147.55468314886093,-0.2956831455230713
199.93982136249542,276.94917863607407
154.04696291685104,785.0640370845795
377.4130911231041,1026.3829088807106
821.742232978344,1029.682767033577
207.06858223676682,11.450417757034302
189.74974912405014,-3.0457491278648376
196.70788949728012,2.274110496044159
193.0560244321823,1.8509755730628967
197.6821551322937,1.670844852924347
191.363283097744,1.3227168917655945
193.08039700984955,0.41960299015045166
186.7995319366455,-3.9295319318771362
196.81364941596985,107.00135058164597
190.25477188825607,571.6902281045914
214.6208855509758,575.9351144433022
193.41299736499786,482.1610026359558
192.8901265859604,969.1098734140396
578.219254732132,993.114745259285
1032.4003672599792,1005.4696327447891
194.22950339317322,3.955496609210968
204.42967224121094,3.421327769756317
190.7778398990631,-4.721839904785156
191.56996393203735,-0.6629639267921448
191.38007020950317,0.41592979431152344
185.7651773095131,-8.209177315235138
190.26129281520844,0.016707181930541992
198.3684099316597,-3.072409927845001
185.1605252623558,-1.2345252633094788
196.47164070606232,374.80635929107666
175.0237762928009,858.1812236905098
484.40789663791656,992.3141033649445
946.3670166134834,977.577983379364
185.53013169765472,-4.640131711959839
191.32125508785248,-1.8032550811767578
191.1323834657669,-2.410383462905884
192.4065179824829,-2.2955179810523987
204.82868361473083,10.72731637954712
200.5838541984558,3.6941457986831665
253.98698902130127,-25.467989027500153
191.00211268663406,-2.9081127047538757
153.92323529720306,-7.12623530626297
163.45636761188507,274.4886323809624
148.7115044593811,735.8804955482483
321.05965065956116,1008.1073493361473
191.01877164840698,593.3892283439636
230.05189579725266,1010.4671041965485
700.8990129828453,999.7299870252609
1163.3211209774017,990.6048790216446
197.4652283191681,2.682771682739258
196.33136224746704,11.519637763500214
191.95748752355576,2.0985124707221985
199.63861858844757,7.67738139629364
190.67177295684814,0.9402270317077637
205.371908724308,2.203091263771057
191.49708598852158,0.7809140086174011
189.95620220899582,1.1927977800369263
192.69230687618256,33.21569311618805
190.1514254808426,495.6445745229721
135.1095628142357,991.5374372005463
581.5696772933006,1010.7453227043152
1044.8248065114021,994.5641934871674
187.70993345975876,-3.82093346118927
200.02005261182785,0.3139473795890808
190.25716996192932,-1.589169979095459
248.30827474594116,-38.99327474832535
208.36039739847183,-4.563397407531738
187.5225044488907,-2.57850444316864
289.59262651205063,-42.90762650966644
203.0328141450882,2.5231858491897583
201.56598389148712,-4.602983891963959
184.9691311120987,365.28986889123917
182.9462447166443,826.4967553019524
472.33135211467743,1005.4276478886604
934.5494697093964,990.4685302972794
380.7866008281708,999.7873991727829
834.0417278409004,998.3102721571922
176.22420209646225,320.9057978987694
165.79428988695145,793.1687101125717
891.2674592733383,1004.3255407214165
177.37454497814178,-10.96654498577118
177.51863312721252,-11.759633123874664
172.14471995830536,-10.736719965934753
176.17780929803848,-10.028809309005737
175.74690735340118,-10.376907348632812
173.87299954891205,-13.002999544143677
175.68408459424973,-10.720084607601166
175.71617603302002,-12.43917602300644
121.39826512336731,15.84273487329483
177.63436090946198,425.69863909482956
171.63044911623,906.2215508818626
519.49753510952,1014.1334648728371
995.5666194558144,1012.5073805451393
475.80370432138443,1006.1042956709862
940.3367917537689,1012.1642082333565
173.70287775993347,-13.517877757549286
175.79096394777298,-9.087963938713074
176.9350482225418,-10.843048214912415
176.80113458633423,-7.875134587287903
177.50122702121735,-7.945227026939392
179.20133316516876,-4.534333169460297
177.43743401765823,67.691565990448
179.52652394771576,-2.4515239596366882
167.151617705822,10.348382294178009
129.62970227003098,519.7602977156639
179.1807962656021,942.4672037363052
577.9178884029388,1005.0461115837097
1037.4499831795692,1006.2350168228149
174.13207232952118,-13.649072349071503
172.81316137313843,-13.757161378860474
172.38324815034866,-12.32724815607071
175.24833595752716,-9.767335951328278
173.26342356204987,-13.911423563957214
183.48151099681854,-8.592510998249054
176.97761863470078,-5.995618641376495
140.51071578264236,-3.5477157831192017
154.46982222795486,128.91917777061462
160.66892564296722,587.3310743570328
224.20201802253723,998.6309819817543
653.5681155920029,1008.1538844108582
1116.0642209649086,1018.9177790284157
188.54132157564163,-6.4123215675354
178.29740750789642,-3.0744075179100037
173.40450578927994,-11.199505805969238
176.93659061193466,-7.06659060716629
174.78468883037567,-10.080688834190369
179.39177721738815,-5.9467772245407104
174.40587782859802,-9.702877819538116
177.25497955083847,-7.513979554176331
148.84207808971405,196.78692191839218
140.43116509914398,688.5138348937035
321.70525801181793,968.2207419872284
168.14536809921265,594.3546319007874
340.28947550058365,870.1555244922638
652.0255774259567,997.8994225859642
1116.9486792683601,1004.1813207268715
175.85077780485153,-13.332777798175812
174.30986601114273,-14.865866005420685
174.897955596447,-11.972955584526062
176.6350458264351,-10.876045823097229
175.5021362900734,-11.965136289596558
180.03423643112183,-8.83123642206192
174.30932635068893,-10.697326362133026
182.74841052293777,-5.860410511493683
178.65152513980865,167.6064748764038
148.9816078543663,654.8333921432495
321.05168211460114,967.1523178815842
745.3807711601257,1003.1002288460732
175.81698548793793,-9.594985485076904
175.03506755828857,-13.146067559719086
173.01216346025467,-14.290163457393646
175.37924468517303,-13.138244688510895
174.6153410077095,-13.264340996742249
176.38942974805832,-11.426429748535156
172.64452922344208,-10.663529217243195
172.02861326932907,-10.307613253593445
155.9326965212822,296.5673034787178
162.87378239631653,769.590217590332
440.86886525154114,945.8351347446442
841.4759542346001,1014.7640457749367
373.28704220056534,952.7689577937126
787.5791253447533,1006.8098746538162
152.2795433998108,302.4974566102028
176.57163935899734,753.798360645771
391.678724527359,1008.3952754735947
853.7858303785324,1007.0101696252823
173.43092346191406,-12.837923467159271
174.07400983572006,-11.074009835720062
173.70009303092957,-8.608093023300171
175.23317462205887,-10.807174623012543
171.85925543308258,-13.673255443572998
173.70633500814438,-10.59433501958847
174.12741780281067,-9.295417785644531
186.1975023150444,-6.95750230550766
120.02758288383484,7.0274171233177185
133.0966728925705,464.3103271126747
168.77875471115112,895.8322452902794
523.7568494081497,1012.170150578022
980.1219748854637,1023.4510251283646
419.9151204228401,-21.563120424747467
874.040228843689,1025.5337711572647
173.53635948896408,-13.16635948419571
172.42144429683685,-15.588444292545319
174.58452832698822,-15.324528336524963
175.02361434698105,-11.727614343166351
176.1687023639679,-12.408702373504639
173.719792842865,-15.886792838573456
175.7148801088333,8.636119902133942
178.45296669006348,-13.618966698646545
179.83216738700867,391.2228326201439
146.12527465820312,891.6527253389359
485.5843769311905,1006.3786230683327
953.7285078167915,1021.0864921808243
175.44664525985718,-10.964645266532898
182.25674700737,-14.979746997356415
177.10485899448395,-9.271858990192413
172.87896180152893,-13.489961802959442
174.7450487613678,-13.579048752784729
173.8341413140297,-10.611141324043274
174.5702291727066,-10.052229166030884
174.23331916332245,-9.752319157123566
138.117407143116,10.585592865943909
151.0954948067665,466.97950518131256
183.64759409427643,898.7054058909416
515.8287017345428,1020.3752982616425
983.1947925686836,1024.435207426548
174.5978763103485,-10.560876309871674
173.96395963430405,-12.704959630966187
172.6630437374115,-13.090043723583221
176.1411325931549,-12.566132605075836
175.54425394535065,-10.08225393295288
175.2633530497551,-9.984353065490723
176.2954449057579,-10.387444913387299
174.93953430652618,-10.477534294128418
177.89861875772476,48.268381237983704
154.8577163219452,562.2722836732864
180.3718265891075,967.3681734204292
183.29392558336258,431.3730744123459
187.93802946805954,893.45097053051
523.0081284046173,1015.4918715953827
991.4292303323746,1021.1067696809769
176.35132253170013,-13.130322515964508
178.75542223453522,-11.422422230243683
180.04652231931686,-6.2515223026275635
180.04362720251083,-10.838627219200134
178.6507334113121,-5.1687334179878235
178.70183449983597,-14.16483449935913
177.41994029283524,-10.826940298080444
179.39804232120514,-10.39804232120514
180.89314806461334,14.143851935863495
142.88924860954285,513.8147513866425
181.12533646821976,938.2256635427475
577.418434381485,1025.3965656161308
1043.9515312314034,1015.0674687623978
176.55763095617294,-11.465630948543549
175.73873090744019,-10.220730900764465
174.3838319182396,-12.882831931114197
175.39792078733444,-11.916920781135559
176.98602080345154,-11.93002074956894
177.96312409639359,-10.131124079227448
175.29322981834412,-7.997229814529419
131.56732600927353,-7.474326014518738
142.21142613887787,115.9555738568306
149.37353056669235,561.0714694261551
177.7036211490631,1008.9263788461685
628.4587187767029,1021.1152812242508
174.0468100309372,946.9901899695396
609.523898422718,975.7161015868187
1038.4829929471016,1016.5910070538521
174.99809128046036,-13.516091287136078
176.88219195604324,-8.66019195318222
176.47129195928574,-12.04529196023941
176.39239519834518,-12.596395194530487
174.1664851307869,-8.74048513174057
173.86657398939133,-6.625573992729187
172.62166118621826,-5.843661189079285
176.93274629116058,-10.246746301651001
146.89185518026352,118.57214480638504
163.16495662927628,572.3720433712006
1790.1240609884262,-19.99406099319458
695.4531566500664,962.8808433413506
1104.1712393760681,1017.791760623455
172.27832233905792,-13.0563223361969
175.3674047589302,-10.62540477514267
176.14050310850143,-12.603503108024597
176.11760461330414,-11.525604605674744
174.4847051501274,-10.799705147743225
171.4247931241989,-8.72079312801361
174.1248773932457,-5.6238774061203
184.54596143960953,-10.730961441993713
168.94906252622604,173.994937479496
163.2781423330307,659.4998576641083
296.182226061821,1006.5037739276886
776.659327685833,986.2856723070145
172.89251857995987,-13.355518579483032
172.8276948928833,-10.642694890499115
172.84278166294098,-14.379781663417816
172.54286414384842,-12.968864142894745
174.14895129203796,-13.259951293468475
172.73804157972336,-9.238041579723358
154.82713133096695,-9.512131333351135
176.00822228193283,292.806777715683
130.52230381965637,808.3106961846352
132.2593908905983,293.49960911273956
178.198475420475,693.9115245938301
427.3985744714737,924.2494255304337
799.1356599330902,1005.993340075016
713.4647487401962,-7.130748748779297
175.4978630542755,-13.701863050460815
172.49395686388016,-11.71595686674118
172.1560440659523,-14.156044065952301
172.11612910032272,-12.393129110336304
175.92621499300003,-12.111214995384216
173.44030511379242,-12.29230511188507
172.6953939795494,-8.066393971443176
173.00648647546768,-4.3574864864349365
176.76156878471375,328.9044312238693
177.55365377664566,809.0573462247849
436.56874591112137,1008.6352540850639
897.7498308420181,1013.491169154644
176.8379152417183,-13.393915235996246
172.8899980187416,-11.75999802350998
172.18208318948746,-12.719083189964294
179.71517926454544,-4.214179277420044
187.80329936742783,-6.396299362182617
174.63343876600266,-13.355438768863678
173.8505361676216,-13.332536160945892
180.29062765836716,-9.161627650260925
176.12071537971497,-61.41771537065506
176.78380024433136,418.01319974660873
156.63088589906693,904.8321141004562
534.1079714894295,991.0580285191536
148.9930545091629,854.5249454975128
531.1371385455132,947.103861451149
922.2072212696075,1026.6077787280083
172.6663094162941,-9.055309414863586
176.62439495325089,-13.365394949913025
171.5654923915863,-12.287492394447327
172.58057898283005,-13.431578993797302
176.57567089796066,-14.038670897483826
177.7017678618431,-8.367767870426178
175.15987998247147,-9.122879981994629
172.98897355794907,-10.748973548412323
154.39206206798553,3.9579379558563232
169.92514657974243,459.110853433609
175.86723065376282,932.5417693257332
618.8433132767677,949.61868673563
1062.4134010076523,992.4195989966393
172.8354822397232,-12.428482234477997
170.8315663933754,-9.127566397190094
171.9756479859352,-11.604647994041443
170.82273226976395,-13.045732259750366
175.91181933879852,-9.1898193359375
172.88991385698318,-10.314913868904114
173.27400308847427,-11.126003086566925
174.9920945763588,-3.233094573020935
171.89619326591492,113.54880672693253
178.3362876176834,586.5347123742104
247.42538684606552,970.0936131477356
723.4384787082672,953.4495213031769
1226.0455664396286,923.009433567524
682.7086565494537,947.1803434491158
1063.629744052887,1034.0182559490204
177.45983469486237,-11.663834691047668
179.69692188501358,-8.992921888828278
174.5810288786888,-11.526028871536255
176.89211893081665,-10.596118927001953
178.27720606327057,-11.314206063747406
174.4582957625389,-11.939295768737793
127.32441717386246,239.99058282375336
177.50551462173462,-11.50551462173462
180.3726053237915,115.8313946723938
181.27570873498917,586.1512912511826
235.5678225159645,997.5251774787903
686.8039271831512,1000.1400728225708
1128.485024213791,1036.773975789547
173.5921255350113,-12.055125534534454
173.36621791124344,-7.514217913150787
178.17630916833878,-11.251309156417847
174.71039932966232,-12.728399336338043
175.46448922157288,-9.946489214897156
174.62758111953735,-8.035581111907959
175.0496730208397,-12.235673010349274
176.10076540708542,-11.21176540851593
132.09688365459442,235.34711635112762
125.9639750123024,691.1470249891281
310.2930780053139,991.596921980381
762.029169678688,1021.7298303246498
179.1873869895935,-37.89138698577881
205.47948867082596,-37.405488669872284
199.7905844449997,-33.23458445072174
191.6196892261505,-32.730689227581024
220.98579108715057,-39.46879106760025
208.05590170621872,-34.704901695251465
192.08900505304337,-33.16400504112244
169.99211061000824,-36.864110589027405
170.7112119793892,241.15878802537918
180.29932987689972,665.7366701364517
329.0914409160614,990.5745590925217
177.01354748010635,584.3004525303841
274.73165452480316,986.0823454856873
729.2657513022423,993.9752486944199
245.31197506189346,-29.20197504758835
181.51256215572357,-6.049562156200409
178.3416838645935,-8.027683854103088
178.46779370307922,-8.744793713092804
176.79691123962402,-7.851911246776581
178.25601786375046,-7.404017865657806
177.25112557411194,-8.252125561237335
184.72921884059906,-7.007218837738037
127.26232272386551,3.015677273273468
179.0914318561554,399.2055681347847
146.1425300836563,908.2644699215889
506.26863396167755,1008.6203660368919
973.264745414257,999.4952545762062
177.00184899568558,-2.130849003791809
175.94197529554367,-7.034975290298462
176.88208097219467,-9.03008097410202
182.3411938548088,-6.1001938581466675
180.63331812620163,-51.70631808042526
158.5914341211319,-29.94343411922455
156.95854258537292,-28.903542578220367
158.3796466588974,-28.269646644592285
160.1357468366623,-47.06074684858322
156.37184870243073,429.5351513028145
178.10895413160324,862.5020458698273
522.087055504322,979.2649444937706
178.63815408945084,791.4358459115028
462.2262483239174,982.5327516794205
901.5743464827538,986.7776535153389
221.79247146844864,-41.53347146511078
234.47358286380768,-39.140582859516144
220.89567923545837,-30.98767924308777
177.57718175649643,-7.540181756019592
180.85029530525208,-6.739295303821564
180.93942713737488,-7.513427138328552
177.50955140590668,-11.50855141878128
176.6906561255455,-11.745656132698059
178.7227599620819,-11.519759953022003
179.77487456798553,152.42912542819977
181.5299910902977,607.3030089139938
234.50810366868973,1015.0298963189125
739.8182072043419,976.0887928009033
184.4214164018631,-40.77341639995575
182.39952331781387,-31.787523329257965
187.37563252449036,-33.30263251066208
213.35374027490616,-38.70574027299881
211.47884666919708,-35.571846663951874
221.4379559159279,-32.7529559135437
243.17509710788727,-56.860097110271454
180.43060439825058,-10.097604393959045
135.64872884750366,-7.944728851318359
182.03383284807205,409.96616715192795
158.28894048929214,893.8780595064163
508.97004693746567,1010.4009530544281
982.6321496367455,1005.6448503732681
442.8322485089302,1013.3347514867783
946.0313558578491,981.7646441459656
180.13948613405228,-13.3614861369133
180.52359348535538,-52.61659348011017
158.02070182561874,-29.279701828956604
186.14481282234192,-36.663812816143036
194.1049240231514,-33.38192403316498
208.69303530454636,-42.452035307884216
204.00417059659958,-31.20817059278488
224.68529170751572,-39.64729171991348
242.40342319011688,-29.273423194885254
182.99199897050858,107.52600103616714
188.32111525535583,557.1038847565651
201.0582396388054,1002.9787603616714
664.7393443584442,1003.0946556329727
1132.1054550409317,989.3765449523926
178.7685751914978,-13.231575191020966
179.8576921224594,-8.338692128658295
177.92680513858795,-13.370805144309998
179.33092081546783,-12.218920826911926
183.60403680801392,-12.790036797523499
181.13715201616287,-11.025152027606964
180.98526442050934,-49.35526442527771
178.6283842921257,-59.407384276390076
181.62449771165848,73.7455022931099
182.08361530303955,530.027384698391
181.00573182106018,985.901268184185
631.2978551983833,987.1831448078156
1091.8129788637161,993.3540211319923
175.25681465864182,-7.239814639091492
176.36490958929062,-8.512909591197968
136.43499475717545,280.4360052347183
142.98608964681625,749.9579103589058
324.853184401989,1043.7208155989647
782.0882925391197,1034.447707414627
177.67351406812668,-10.359514057636261
175.6516214609146,-11.57662147283554
178.60972851514816,-7.202728509902954
173.9768409729004,-9.272840976715088
181.65793550014496,-7.323935508728027
178.1540384888649,-1.4680384993553162
178.2421464920044,-7.16814649105072
148.3492700457573,-6.349270045757294
180.90039253234863,265.2286074757576
181.15652471780777,699.6404752731323
303.5226395726204,1053.366360425949
769.036739051342,1056.3152609467506
716.1209119558334,-27.342911958694458
173.55708330869675,-8.446083307266235
174.868168592453,-10.257168591022491
174.1232517361641,-6.549251735210419
179.91633880138397,-7.026338815689087
177.33743995428085,-7.078439950942993
180.963534116745,-9.759534120559692
179.86664777994156,346.188352227211
181.88175755739212,-8.195757567882538
131.32188510894775,285.9191148877144
183.52101528644562,672.8859847187996
282.81312066316605,1034.3718793392181
749.2542232275009,1043.5617767572403
176.37542068958282,-9.486420691013336
176.70452415943146,-8.722524166107178
177.14462131261826,-4.311621308326721
176.9747286438942,-9.214728653430939
179.1928282380104,-9.136828243732452
179.42993754148483,-6.799937546253204
178.5920471549034,-12.184047162532806
143.88414978981018,-10.846149802207947
155.71327126026154,281.17572873830795
180.93139100074768,712.2356089949608
301.5205220580101,1027.9244779348373
757.0896440148354,1025.8543559908867
175.7118762731552,-11.58287626504898
177.63398045301437,-11.892980456352234
179.33307921886444,-11.167079210281372
174.31118458509445,-12.496184587478638
175.99228191375732,-8.992281913757324
176.39537858963013,-9.246378600597382
179.0394766330719,-9.761476635932922
180.627579331398,-7.405579328536987
134.1606880426407,280.39531195163727
144.60178542137146,746.4172145724297
428.83788645267487,916.2181135416031
150.4259831905365,661.4990168213844
234.960096180439,1030.3179038167
708.1222056746483,1018.1927943229675
179.00344562530518,-5.262445628643036
179.03555357456207,-10.147553563117981
179.6806676387787,-11.42066764831543
179.1947802901268,-11.95378029346466
178.72789055109024,-11.115890562534332
182.1130051612854,-9.77900516986847
177.51612120866776,-11.60812121629715
180.45622688531876,-11.752226889133453
163.13733804225922,180.34466195106506
134.7634395956993,675.6815603971481
289.1105501651764,978.0934498310089
686.5146493911743,1029.9493505954742
176.07985776662827,-10.986857771873474
183.44596153497696,-10.6869615316391
180.68308979272842,-11.739089787006378
177.3642013669014,-12.031201362609863
178.6013035774231,-10.323303580284119
176.7824061512947,-12.448406159877777
176.68550741672516,-11.277507424354553
175.34760743379593,-11.773607432842255
180.41870844364166,188.67429155111313
132.58081126213074,681.290188729763
287.79891753196716,1000.9790824651718
698.2770285606384,1040.1859714388847
215.3841325044632,985.5798674821854
638.805232822895,1027.194767177105
1090.4123363494873,1037.791663646698
179.16744035482407,-6.390440344810486
179.51554572582245,-6.460545718669891
177.64064800739288,-10.715647995471954
183.24775755405426,-7.784757554531097
176.7068736553192,-9.577873647212982
177.79597437381744,-6.332974374294281
182.38409405946732,-9.829094052314758
177.93619847297668,103.84280151128769
182.9503026008606,107.23569738864899
179.98241651058197,572.5725834965706
230.33051580190659,956.724484205246
637.2346144318581,1031.6543855667114
1101.3407155275345,1033.6032844781876
178.67082631587982,-11.133826315402985
177.90692710876465,-12.221927106380463
183.29202562570572,-12.181025624275208
179.21413332223892,-11.566133320331573
177.1542454957962,-9.93224549293518
176.9833454489708,-10.095345437526703
187.97947484254837,-7.071474850177765
179.8466334939003,-8.938633501529694
158.71175867319107,123.78724133968353
156.35692459344864,568.8100754022598
198.52009999752045,958.0918999910355
548.1822453737259,1047.151754617691
1012.2893609404564,1036.7296390533447
176.60046255588531,-10.7854625582695
912.9845979809761,1043.978402018547
177.27669900655746,-8.850699007511139
179.82780742645264,-6.976807415485382
177.21391135454178,-10.879911363124847
177.93101024627686,-10.561010241508484
176.81711602210999,-9.038116037845612
177.27522194385529,-9.034221947193146
133.51232665777206,70.9516733288765
154.36055356264114,469.6954464316368
162.07786405086517,-6.077864050865173
157.5189846754074,291.44501531124115
209.42216634750366,666.0408336520195
269.3253993988037,1022.7306005954742
691.0995315909386,1043.3264684081078
179.22074234485626,-7.943742334842682
176.08684808015823,-6.8468480706214905
179.98994582891464,-7.138945817947388
177.70904743671417,-4.745047450065613
179.61214745044708,-7.501147449016571
178.53325015306473,-4.97825014591217
178.32635003328323,-7.566350042819977
178.37845534086227,-3.841455340385437
166.76261979341507,184.66338020563126
188.8327864408493,604.0192135572433
236.16196739673615,963.301032602787
642.0660867094994,1034.3979132771492
1093.8572177290916,1010.438782274723
177.98333513736725,-4.8353351354599
999.3124469518661,1047.650553047657
179.54959803819656,-3.1975980401039124
178.71170949935913,-5.007709503173828
179.43082064390182,-9.689820647239685
178.221934735775,-6.444934725761414
175.73704117536545,-7.515041172504425
179.9181431531906,-6.418143153190613
185.95127475261688,36.751725256443024
153.54047870635986,513.3125212788582
207.19881278276443,328.37518721818924
150.04704850912094,798.9529514908791
281.764348089695,1050.7536519169807
734.9274777173996,1015.1465222835541
178.826733648777,-3.085733652114868
180.6008399128914,-5.396839916706085
179.7819487452507,-7.855948746204376
176.01805710792542,-4.722057104110718
178.7921640276909,-8.403164029121399
178.93627107143402,-7.640271067619324
177.32138270139694,-7.469382703304291
183.11349195241928,-8.206491947174072
166.79466897249222,185.2243310213089
186.56786465644836,584.7831353545189
227.76803708076477,948.046962916851
618.4311509132385,1049.8288490772247
1068.4263036847115,1042.2766963243484
181.58943378925323,-2.608433783054352
962.5115723013878,-17.64057230949402
182.48870158195496,-4.78570157289505
180.33681404590607,-5.244814038276672
180.51795440912247,-5.646954417228699
179.82906657457352,-8.958066582679749
178.13917803764343,-9.602178037166595
179.11729300022125,-8.376293003559113
186.90840697288513,6.553593039512634
164.1086151599884,456.5763848423958
168.9387679696083,-3.5677679777145386
153.84098613262177,304.4370138645172
209.781234562397,673.809765458107
265.33442544937134,1009.5175745487213
723.9965422153473,1012.3734577894211
182.50680083036423,-3.913800835609436
177.50291073322296,-5.131910741329193
180.55401974916458,-6.758019745349884
177.56912791728973,-4.921127915382385
178.80623292922974,-1.6022329330444336
181.2463437318802,-3.931343734264374
179.38945943117142,-4.908459424972534
180.5525879263878,-8.663587927818298
182.10470855236053,164.74729144573212
188.61885344982147,599.1031465530396
234.15103751420975,989.8289625048637
625.8141815662384,1015.7958184480667
1079.7733104228973,1006.930689573288
177.45443499088287,-5.010434985160828
179.59853500127792,-3.265534996986389
183.22465467453003,17.51634532213211
181.3307884335518,-4.219788432121277
182.62290918827057,-4.049909174442291
179.4350379705429,-5.434037983417511
181.85614597797394,-7.300145983695984
183.42627108097076,-0.1302710771560669
190.51440227031708,29.762597739696503
187.17864060401917,440.7113593816757
175.65478378534317,906.2332162261009
180.18897706270218,324.9970229268074
170.6662015914917,739.9267984032631
310.5503371357918,1059.0416628718376
762.5844849348068,1041.083515048027
180.03875267505646,-3.168752670288086
178.16386699676514,-6.441866993904114
180.32697999477386,-9.49397999048233
180.52611082792282,-2.823110818862915
177.56023979187012,-5.411239802837372
176.59235775470734,-9.444357752799988
177.1814662218094,-10.329466223716736
182.41857933998108,-9.546579360961914
183.0247495174408,161.99325048923492
171.94689291715622,620.3121070861816
224.5731029510498,986.5208970308304
609.198240339756,1040.7097596526146
1059.6383908987045,1037.2136090993881
179.83854281902313,-9.72754281759262
180.61265748739243,-5.741657495498657
180.40477496385574,-2.6447749733924866
186.32588976621628,-4.992889761924744
177.34102427959442,-3.97102427482605
179.96613150835037,-5.818131506443024
180.5732432603836,-6.814243257045746
176.32836866378784,-8.346368670463562
209.25047761201859,-0.26947760581970215
147.89466035366058,467.660339653492
202.39086830615997,852.9061316847801
219.4610574245453,264.18694257736206
180.97629928588867,700.8947007060051
271.47247463464737,1042.0465253591537
740.6715876460075,1036.6064123511314
179.25581693649292,-6.181816935539246
178.0479286313057,-4.844928622245789
179.7100401520729,-5.229040145874023
179.5401530265808,-2.170153021812439
179.18426048755646,-4.998260498046875
179.42037689685822,-4.384376883506775
185.32450306415558,-0.4355030655860901
180.22765451669693,-2.1166545152664185
183.20477485656738,163.90622514486313
201.29289841651917,574.9471015930176
227.03108477592468,1000.2109152078629
637.4152285456657,1025.1957714557648
1073.5044069886208,1031.6625930070877
180.2215234041214,-9.647523403167725
177.36662888526917,-11.107628881931305
178.21373760700226,-7.5287376046180725
178.8208503127098,-8.376850306987762
180.50196957588196,-3.223969578742981
181.8500855565071,-1.683085560798645
178.9202024936676,-2.587202489376068
176.3413171172142,-9.823317110538483
154.2264866232872,72.12451338768005
184.3337145447731,452.6472854614258
147.01491004228592,913.5220899581909
492.69610035419464,1001.8768996596336
145.97131568193436,752.3626843094826
280.20750492811203,1046.0514950752258
736.2026155591011,1052.204384446144
177.76885771751404,-6.731857717037201
179.2469636797905,-8.394963681697845
179.39107435941696,-5.5570743680000305
180.12718856334686,-3.739188551902771
181.08731079101562,0.17268919944763184
180.28642755746841,2.547572433948517
180.41253584623337,-1.1145358681678772
183.9996416568756,-1.4816416501998901
185.902816593647,163.0961834192276
211.76996850967407,587.4890314936638
175.8419435620308,286.9360564351082
140.02308988571167,746.0329101085663
325.63027000427246,996.2217299938202
834.941369175911,927.6886308193207
175.76656234264374,-8.451562345027924
174.38774544000626,-7.96174544095993
178.40183651447296,-6.716836512088776
173.08292776346207,-10.119927763938904
178.02302020788193,-3.3570201992988586
177.85311949253082,-8.279119491577148
140.07123965024948,-9.73723965883255
160.36334723234177,299.56265276670456
180.30349934101105,722.0295006632805
175.72568732500076,172.20031267404556
201.40786093473434,571.9261390566826
188.1250227689743,1016.1339772343636
637.9171204566956,1025.8048795461655
1071.6352297663689,1056.9757702350616
173.9093261361122,-10.595326125621796
176.31242388486862,-9.294423878192902
173.77152407169342,-11.77152407169342
176.67461907863617,-7.7306190729141235
174.31871676445007,-11.652716755867004
180.37081253528595,-7.795812547206879
174.82992333173752,-11.643923342227936
152.4180223941803,-5.510022401809692
163.35917907953262,136.40082091093063
168.24332469701767,556.4416753053665
181.2764471769333,1007.3895528316498
651.3835455179214,1001.8754544854164
1065.842660665512,1054.6393393278122
173.78278297185898,-12.153782963752747
174.00187814235687,-12.29787814617157
173.66297686100006,-9.163976848125458
173.77107322216034,-11.5300732254982
172.1741715669632,-9.026171565055847
174.72526848316193,-13.003268480300903
172.8143665790558,-12.925366580486298
143.58846414089203,-11.957464158535004
164.50961565971375,119.78638434410095
151.54276061058044,580.6612393856049
200.26092743873596,974.942072570324
600.7380497455597,1016.113950252533
325.6411580443382,771.709841966629
534.1942645907402,1001.5477353930473
959.3744058012962,1042.810594201088
176.79653352499008,-7.759533524513245
174.81163775920868,-11.866637766361237
173.473734498024,-11.843734502792358
173.9328269958496,-12.524827003479004
175.57692104578018,-10.687921047210693
175.25801819562912,-12.146018207073212
176.97511410713196,-10.383114099502563
181.416213452816,-11.805213451385498
168.41232532262802,13.71667468547821
153.61247098445892,472.0925289988518
191.60770827531815,831.355291724205
469.3448029756546,1012.4511970281601
942.5999066829681,1001.9740933179855
177.3930608034134,-5.967060804367065
174.5731567144394,-11.407156705856323
172.9392535686493,-11.3462535738945
176.47235000133514,-9.028349995613098
176.654452085495,-7.339452087879181
173.0565470457077,-11.982547044754028
177.7566430568695,-7.9046430587768555
177.28974270820618,-3.4927427172660828
149.4708635210991,-32.48986351490021
152.1150228381157,395.0889771580696
171.88925129175186,785.1107487082481
402.6443768143654,1019.078623175621
864.751474916935,1020.1555250883102
475.6365775465965,884.1594224572182
765.7807287573814,1019.1092712283134
176.45792770385742,-10.25392770767212
176.2860312461853,-7.176031231880188
183.0051316022873,-9.412131607532501
179.22223752737045,-5.760237514972687
176.27434653043747,-8.330346524715424
149.56755566596985,-7.529555678367615
174.96966296434402,-6.488662958145142
181.41078525781631,-6.651785254478455
141.07388597726822,244.57511401176453
182.2919783592224,667.2460216283798
276.2690762281418,1040.545923769474
756.1351653933525,1023.3648346066475
173.07135504484177,-13.275355041027069
172.62244820594788,-13.512448191642761
174.32254058122635,-11.804540574550629
172.57763731479645,-9.04063731431961
172.62973135709763,-12.851731359958649
172.79182440042496,-8.735824406147003
179.26892495155334,-3.4729249477386475
177.61804538965225,-7.3950453996658325
146.5391458272934,309.38685417175293
177.44324845075607,727.6867515444756
440.49435037374496,937.3766496181488
801.1194461584091,1037.287553846836
742.3146373033524,1025.3513627052307
172.4368213415146,-10.103821337223053
175.70991170406342,-7.654911696910858
175.79900699853897,-8.595007002353668
171.55410462617874,-8.276104629039764
171.14219272136688,-9.235192716121674
143.13928204774857,-2.8612820506095886
125.69036936759949,410.2726306319237
178.0754828453064,-0.4634828567504883
144.86660289764404,289.4473971128464
165.0106986761093,733.562301337719
379.4517921805382,983.9922078251839
831.9108883738518,997.9971116185188
173.4210753440857,-6.69907534122467
175.19516372680664,-8.676163733005524
172.3942613005638,-2.8942613005638123
174.52034908533096,-7.242349088191986
172.9974463582039,0.18855363130569458
174.30753511190414,-2.789535105228424
172.0826209783554,1.862379014492035
152.76270937919617,3.5332906246185303
134.59279584884644,397.13020414114
139.03289556503296,861.1151044368744
500.2699883580208,983.0270116329193
936.9690893292427,991.3639106750488
174.87220168113708,4.145798325538635
176.5532892346382,-5.072289228439331
175.3643822669983,-4.679382264614105
175.39747124910355,-5.711471259593964
176.930561542511,-5.837561547756195
174.48165410757065,-8.444654107093811
175.27374243736267,-3.514742434024811
173.38183289766312,-8.028832912445068
177.08092242479324,-27.950922429561615
174.79902213811874,435.4229778647423
149.85111224651337,948.1308877468109
558.7902059555054,988.2277940511703
177.50929486751556,842.5097051262856
499.28239727020264,979.3096027374268
976.5385373830795,984.6844626069069
177.07067227363586,-49.552672266960144
173.08478164672852,-50.38078165054321
180.50687861442566,-41.932878613471985
243.2069746851921,-55.7989746928215
225.5180693268776,-45.81406933069229
218.99520081281662,-39.069200813770294
196.02730679512024,-24.806306779384613
211.39542436599731,-23.431424379348755
234.42756044864655,-21.982560455799103
190.68270748853683,319.52129250764847
156.86388671398163,786.0621132850647
164.34319406747818,302.8408059477806
175.56135016679764,723.6966498494148
1420.3725187778473,-44.53851878643036
735.9236176609993,1047.37138235569
177.52785450220108,-5.5648545026779175
181.24211251735687,-2.7231125235557556
176.4782154560089,-5.219215452671051
174.8813174366951,-3.7513174414634705
173.95141285657883,-7.1184128522872925
174.29950457811356,-10.39150458574295
176.94360893964767,-3.6286089420318604
149.67973917722702,242.28226083517075
146.56489992141724,686.5091000795364
149.1160659790039,121.7909340262413
144.3172241449356,573.2397758364677
178.27543222904205,955.7425677776337
530.1415855288506,1037.8024144768715
998.5456823706627,1030.1023176312447
172.57778108119965,-6.059781074523926
173.38887977600098,-8.721879780292511
171.347980260849,-9.73598027229309
172.1220736503601,-10.34407365322113
173.11716854572296,-8.654168546199799
175.8352672457695,-5.762267231941223
173.9243647456169,-9.627364754676819
173.5684638619423,-9.272463858127594
152.9165784716606,88.26942151784897
154.9857184290886,513.7172815799713
197.0008630156517,920.8141369819641
570.5330142378807,989.2999857664108
953.3811460137367,1052.0448539853096
173.32225155830383,-7.9142515659332275
174.46534675359726,-7.873346745967865
173.61043965816498,-11.850439667701721
174.47653436660767,-5.994534373283386
174.52863365411758,-8.842633664608002
174.26373106241226,-11.024731040000916
171.7238278388977,-10.000827848911285
176.03392392396927,-10.274923920631409
174.1230239868164,37.76597601175308
167.52622592449188,467.9367740750313
178.05935287475586,910.0886471271515
579.8884497880936,973.3335502147675
180.55157440900803,836.4304255843163
447.82570976018906,1007.1192902326584
858.5798627138138,1038.6971372961998
175.5759596824646,-8.353959679603577
171.97906386852264,-11.702063858509064
171.5311586856842,-10.47515869140625
172.26725041866302,-11.268250405788422
171.8373458981514,-11.134345889091492
177.1114445924759,-8.111444592475891
171.2925534248352,-9.403553426265717
173.80764842033386,-8.843648433685303
188.46974456310272,-6.950744569301605
161.48394984006882,357.47805017232895
161.980104804039,798.4078952074051
406.81026458740234,990.5057353973389
887.8053846955299,989.8606153130531
175.42759305238724,-9.871593058109283
172.90468949079514,-59.20068949460983
174.54880052804947,-48.25280052423477
179.82289278507233,-38.636892795562744
197.5770102739334,-39.374010264873505
170.81413555145264,-24.740135550498962
217.4952473640442,-35.403247356414795
170.65837901830673,8.267620980739594
177.7835869193077,237.0314130783081
193.37174528837204,655.9792547225952
259.4798622727394,1040.3171377182007
715.0129784941673,1044.3580214977264
172.97210556268692,1043.9728944301605
627.0792281627655,1038.6987718343735
1083.7223519086838,1037.9626480937004
193.66348665952682,4.059513330459595
196.41761076450348,4.822389245033264
266.65573608875275,-38.34073609113693
187.96585339307785,-1.3178533911705017
187.42497515678406,-2.535975158214569
189.12411278486252,0.7828872203826904
183.21324944496155,-2.1952494382858276
186.19036257266998,1.309637427330017
154.2784920334816,61.07350796461105
142.312666118145,511.94733387231827
198.19782000780106,885.8761799931526
484.6559703350067,1037.1580296754837
924.8191061019897,1054.2368938922882
189.22223138809204,2.536768615245819
183.95935654640198,-5.199356555938721
295.713475048542,-28.676475048065186
189.13557642698288,5.049423575401306
191.70668309926987,9.183316886425018
191.09080493450165,7.261195063591003
191.0129153728485,7.913084626197815
194.65603125095367,5.0099687576293945
169.72714960575104,5.495850384235382
175.40827697515488,380.92472302913666
168.75539296865463,867.4296070337296
416.3075385093689,1075.0254614949226
842.2297120690346,1074.0852879285812
282.6138725876808,1067.3681274056435
746.1660019755363,1064.6309980154037
190.15724885463715,4.508751153945923
184.50637555122375,3.4016244411468506
191.5384983420372,13.405501663684845
191.53462654352188,9.780373454093933
198.28976345062256,9.451236546039581
190.3959123492241,8.715087592601776
193.1710748076439,11.199925184249878
189.72220367193222,5.055796325206757
245.53232789039612,63.02267211675644
179.6221063733101,312.52589362859726
142.80322313308716,816.3077768683434
386.5773711800575,1053.1446288228035
826.1655123233795,1023.5374876856804
175.71374839544296,-7.453748404979706
178.6358591914177,-6.07985919713974
178.1689691543579,-7.2429691553115845
172.3680843114853,-8.460084319114685
176.08619046211243,-7.80819046497345
177.35929083824158,-9.971290826797485
174.8933961391449,-11.077396154403687
134.5364996790886,-9.758499681949615
178.86559730768204,272.83740270137787
181.60270595550537,733.7302940487862
356.4688231945038,1001.5501767992973
803.9839377999306,1015.6280621886253
729.5501599311829,1018.2658400535583
219.67139756679535,-17.152397572994232
249.1674953699112,-26.75949537754059
190.81159150600433,10.207408487796783
253.67671871185303,-21.454718708992004
176.1373575925827,-18.655357599258423
168.9474737048149,-33.096473693847656
208.90657246112823,-3.962572455406189
172.40278488397598,-10.143784880638123
166.91298776865005,404.1230122447014
173.05807954072952,854.905920445919
480.6831733584404,1015.4278266429901
948.4562652111053,1019.8767347931862
171.91636031866074,-9.675360321998596
172.4304642677307,-11.059464275836945
174.0185625553131,-48.37056255340576
188.99565887451172,-41.27465885877609
217.3617502450943,-36.10275024175644
205.00684678554535,-29.246846795082092
216.03995591402054,-34.87295591831207
224.86807096004486,-40.609070956707
173.60625487565994,-22.32725489139557
174.73047375679016,343.36152625083923
182.15261620283127,780.2913838028908
384.25981122255325,1007.6661887764931
811.9970024824142,1008.0399975180626
720.3962476849556,1006.0487523078918
154.20350623130798,-33.814506232738495
174.31067317724228,-10.735673189163208
179.5098260641098,-9.527826070785522
202.19198817014694,-11.02398818731308
199.05815988779068,-10.187159895896912
178.42436063289642,-7.109360635280609
192.21646893024445,82.17253106832504
176.08262366056442,-6.61962366104126
159.20773273706436,8.977267265319824
167.88984048366547,453.9071595072746
174.27395224571228,912.7820477485657
540.1590621471405,1002.7669378519058
993.9331681728363,1012.1778318285942
175.7992706298828,-4.984270632266998
177.7213732600212,-9.906373262405396
174.66149753332138,-10.124497532844543
173.89760261774063,-9.564602613449097
175.33870369195938,-7.764703691005707
176.8348150253296,-8.723815023899078
175.1459320783615,-8.126932084560394
180.12303936481476,-38.03003937005997
160.1001473069191,6.881852686405182
173.07725358009338,460.5887464284897
130.85275596380234,361.4982440471649
156.3118433356285,936.7621566653252
478.23392939567566,962.3410705924034
881.0450167655945,1013.343983232975
185.18811511993408,-18.07711511850357
835.4992071986198,1003.1667928099632
171.9533964395523,-8.028396427631378
173.76448369026184,-7.098483681678772
172.83556920289993,-5.315569221973419
172.49765717983246,-5.62665718793869
173.0667513012886,0.9132487177848816
158.4338458776474,-33.377845883369446
120.15193104743958,477.95906895399094
147.574020922184,-1.3330209255218506
133.12510973215103,397.4298902750015
139.78820317983627,863.13779681921
481.48728877305984,982.6607112288475
954.3163722157478,982.6086277961731
170.5714746117592,-9.516474604606628
171.23456341028214,-9.123563408851624
172.1376520395279,-9.804652035236359
172.33674085140228,-10.245740830898285
171.0188303589821,-10.462830364704132
170.3489242196083,-10.218924224376678
170.7700114250183,-8.381011426448822
173.82210087776184,-9.376100897789001
153.92819958925247,15.126800417900085
131.110298037529,497.3727019429207
176.4013860821724,929.0426139235497
565.6384711265564,1008.806528866291
1055.263560116291,984.124439895153
174.79664593935013,-6.815645933151245
194.08973169326782,-57.79273170232773
210.15981775522232,-49.45581775903702
209.3769215941429,-40.15492159128189
218.61402773857117,-29.040027737617493
239.59213644266129,-26.498136460781097
240.95825743675232,-30.384257435798645
171.67679411172867,-4.565794110298157
173.0618780851364,-3.0988780856132507
159.9459674358368,372.9610325694084
125.701056599617,868.6139433979988
135.21528524160385,294.3587147593498
180.35953080654144,627.6404691934586
318.28265845775604,941.292341530323
739.462766289711,971.1482337117195
1163.8299289941788,982.4480710029602
177.1770944595337,-12.177094459533691
183.17423176765442,-9.69223177433014
177.70636981725693,-6.447369813919067
155.11047410964966,-17.517474114894867
144.4025880098343,-16.050588011741638
157.80467796325684,-22.286677956581116
155.20877128839493,-13.5787712931633
157.55686902999878,-24.68586903810501
142.95995903015137,139.72504097223282
179.86404484510422,588.32095515728
234.54512840509415,991.3818715810776
706.0412540435791,1005.7937459349632
1136.2773658633232,1000.7046341300011
202.1994794011116,-37.53247940540314
191.63958424329758,-25.898584246635437
173.4316857457161,-10.950685739517212
195.05680990219116,-24.85280990600586
185.6272628903389,-6.146262884140015
176.23538774251938,-10.62338775396347
183.41550999879837,-7.026510000228882
170.35664743185043,-10.022647440433502
179.42673790454865,-50.63073790073395
163.19990253448486,395.0780974626541
142.64004039764404,875.9709596037865
178.17321407794952,264.3627859354019
172.87336945533752,723.1636305451393
329.5355281829834,997.6494718194008
777.4766508936882,999.5423491001129
167.20884895324707,-24.93184894323349
166.26094418764114,-23.667944192886353
173.51606118679047,-29.97906118631363
167.49317049980164,-24.975170493125916
177.28527861833572,-27.71127861738205
189.0223806500435,-23.07838064432144
190.55449414253235,-21.573494136333466
193.95861101150513,-19.013611018657684
181.69572401046753,233.17527598142624
177.85883682966232,687.7531631588936
308.0209438800812,1017.3680561184883
770.5350450873375,1028.3169549107552
175.52625560760498,0.7137444019317627
179.6893624663353,-1.4113624691963196
178.0184736251831,-0.4814736247062683
175.99658399820328,1.8004159927368164
176.62169176340103,0.28530824184417725
176.63579678535461,0.03020322322845459
174.92890352010727,-7.409903526306152
177.9810054898262,2.3349944949150085
168.67913389205933,274.80186611413956
139.37924724817276,727.360752761364
301.87536495923996,1020.1796350479126
774.7414636611938,1029.517536342144
228.40456926822662,1019.503430724144
691.936672270298,1031.488327741623
230.5588794350624,-23.225879430770874
225.8329845070839,-27.683984518051147
238.75409364700317,-29.43909364938736
199.67665046453476,-16.047650456428528
175.52512222528458,-9.062122225761414
187.9292390346527,-0.8362390398979187
189.55439245700836,-2.850392460823059
179.53151232004166,1.2464876770973206
180.2866296172142,-0.9896296262741089
178.78277254104614,-2.57877254486084
184.5198898911476,-3.351889908313751
181.90402781963348,-2.682027816772461
179.80814743041992,-1.086147427558899
181.17426425218582,-2.6182642579078674
180.41138589382172,-3.2443858981132507
177.814502120018,-2.4065021276474
180.38361650705338,0.15338349342346191
178.39872962236404,-4.361729621887207
179.22784441709518,-3.468844413757324
178.98298513889313,-3.5209851264953613
182.88611829280853,0.11388170719146729
177.95723527669907,-4.530235290527344
172.26734417676926,-25.952344179153442
177.65244954824448,-28.300449550151825
187.42656522989273,-36.64756524562836
178.84867572784424,-28.08867573738098
176.62178993225098,-26.010789930820465
193.65389943122864,-29.302899420261383
190.66900825500488,-26.33600825071335
176.36911672353745,-26.60911673307419
177.6982263326645,-26.45722633600235
175.1203352212906,-27.545335233211517
189.70844346284866,-37.76444345712662
163.5745740532875,-26.40757405757904
167.01568216085434,-25.070682168006897
180.15980702638626,-28.344807028770447
211.54392457008362,-47.469924569129944
203.71336030960083,-41.49136030673981
184.4504720568657,-40.00547206401825
181.6125811934471,-48.20458120107651
185.58969795703888,-47.05269795656204
225.7158032655716,-21.233803272247314
188.951939702034,-43.099939703941345
199.31908184289932,-43.94908183813095
179.12921994924545,-45.981219947338104
175.45937275886536,-47.84737277030945
176.73248207569122,-0.8614820837974548
189.96958982944489,-1.1365898251533508
188.33575063943863,8.886249363422394
236.62891519069672,-52.219915211200714
197.49406945705414,-47.01206946372986
181.23122614622116,-2.953226149082184
179.22734409570694,-1.782344102859497
180.0194612145424,-55.64946120977402
180.73757880926132,-2.6265788078308105
181.52970039844513,-3.6227003931999207
182.76682621240616,-2.13682621717453
192.0579509139061,-1.8919509053230286
179.49907875061035,3.87092125415802
184.95819640159607,-6.53319638967514
180.15831542015076,-6.251315414905548
180.69043201208115,-1.597432017326355
188.92755073308945,-3.5015507340431213
180.08969467878342,-3.0906946659088135
180.95681661367416,-1.6788166165351868
188.54494696855545,5.936053037643433
179.94909119606018,-2.1150912046432495
180.88821375370026,-0.8152137398719788
178.23733192682266,8.040668070316315
180.0664477944374,-54.06644779443741
179.0805652141571,-3.1175652146339417
180.33668220043182,-3.1876822113990784
180.03579956293106,-3.0547995567321777
186.919920027256,-48.3099200129509
179.62006002664566,-2.9170600175857544
180.30118060112,-4.394180595874786
180.33429598808289,-1.5562959909439087
180.2564143538475,-56.144414365291595
178.56652903556824,-1.4185290336608887
179.6736437678337,-2.6366437673568726
179.59675687551498,-3.4477568864822388
