自估上行时延,自估下行时延
,
,
,
,
,
,
,
,
,
,
,
,
,
,
,
,
,
,
,
,
,
,
,
,
,
,
,
,
,
,
,
,
,
,
94.19330275058746,69.32469725608826
503.82958739995956,67.11441260576248
908.9848775267601,20.34912246465683
101.60210055112839,965.6748994588852
109.42438441514969,67.15061557292938
106.28259307146072,66.68040692806244
108.49279987812042,70.47020012140274
145.94401049613953,44.33398950099945
112.70922869443893,80.08677130937576
109.93846219778061,66.22853779792786
521.5377022027969,53.796297788619995
903.6369987726212,28.418001234531403
105.69922012090683,960.8557798862457
782.5764880180359,32.25751197338104
1195.785755932331,45.99224406480789
109.0340912938118,70.28090870380402
133.37429362535477,70.18170636892319
108.80650144815445,68.93449854850769
112.60870462656021,68.02029538154602
112.28194642066956,76.19905358552933
107.99317419528961,67.43382579088211
371.92538529634476,66.76061469316483
716.4137715697289,16.753228425979614
1142.6430757045746,18.283924281597137
115.35233622789383,1146.4806637763977
107.43254226446152,69.41845774650574
118.16274636983871,76.96725362539291
112.44595640897751,71.90504360198975
111.99016642570496,68.54683357477188
109.71837341785431,70.31762659549713
261.7067422270775,69.64525777101517
644.5839874744415,23.083012521266937
1070.9432411193848,39.908758878707886
110.48550313711166,1133.513496875763
135.0677055120468,65.48829448223114
116.27690654993057,72.24109345674515
110.2281145453453,66.90188544988632
110.60433328151703,68.78366672992706
111.77755254507065,69.09144747257233
261.6548562645912,66.34414374828339
673.1621034741402,24.04089653491974
1088.7243639826775,30.960636019706726
120.97163218259811,1116.1393678188324
993.5888424515724,22.57715755701065
120.15110749006271,1011.644892513752
110.0843955874443,67.10060441493988
109.46160793304443,68.29839205741882
112.0788221359253,68.55117785930634
238.88203984498978,71.74796015024185
109.8882565498352,68.90774345397949
108.28349125385284,69.3645087480545
551.6797218322754,23.451278150081635
997.9269837141037,71.49901628494263
115.47027915716171,992.3447208404541
108.75454837083817,70.57845163345337
109.79875922203064,70.40524077415466
110.98996889591217,73.95403110980988
108.86617469787598,72.02182531356812
117.72538393735886,79.58961606025696
106.37961447238922,59.730385541915894
583.0908429026604,68.8721570968628
906.5791571736336,24.1998428106308
131.99240720272064,974.6735928058624
111.8696676492691,73.87133234739304
113.85787105560303,76.864128947258
108.790078997612,69.52392101287842
109.1482864022255,69.87071359157562
113.11849677562714,68.67750322818756
140.62470883131027,69.63429117202759
553.0389702916145,72.22002971172333
922.6752870082855,26.250712990760803
134.20053458213806,970.6884654164314
827.7997950911522,24.516204953193665
685.3990458250046,311.91595417261124
119.14638561010361,77.4646143913269
121.89358967542648,69.92141032218933
113.97380411624908,72.08119589090347
62.44402652978897,67.6309734582901
108.96923339366913,73.0687665939331
110.9384498000145,72.7655501961708
427.74068719148636,74.16631281375885
811.6549492478371,32.363050758838654
1251.1812673211098,66.52273267507553
117.5385490655899,73.92445093393326
123.74976825714111,69.52823173999786
114.23798024654388,71.79901975393295
110.31819242238998,71.94080758094788
106.65739834308624,70.11960166692734
113.14560127258301,73.78039872646332
410.7638121843338,67.56918781995773
825.640051484108,78.4339485168457
1289.2582879662514,8.96371203660965
114.4876354932785,73.7163645029068
110.882883310318,70.17211669683456
113.59410661458969,73.73989337682724
109.00734752416611,69.41865247488022
115.25455403327942,76.87544596195221
106.4647628068924,70.51623719930649
367.73101657629013,70.71398341655731
782.5342665910721,22.818733394145966
1200.6875074505806,46.97849255800247
112.00977283716202,69.87922716140747
1088.552994132042,47.13100588321686
110.35627156496048,1131.735728442669
113.17747926712036,74.02652072906494
112.18468910455704,77.7603108882904
117.93090224266052,79.23509776592255
104.06815969944,74.48784029483795
115.03750187158585,78.03649812936783
195.09974521398544,69.53025478124619
566.5321026444435,30.874897360801697
963.261382162571,40.68261784315109
112.71267604827881,999.9173239469528
111.25593543052673,77.17006456851959
110.70714980363846,76.49685019254684
114.76935976743698,74.49064022302628
112.77656924724579,77.39043074846268
110.54178178310394,74.86521822214127
135.51099228858948,73.08100771903992
542.4802617430687,20.22273826599121
965.8755022287369,36.882497787475586
119.67975580692291,1009.3202441930771
116.03803086280823,77.57296913862228
118.95123565196991,77.56676435470581
124.92045760154724,88.59754240512848
110.64971226453781,70.64528775215149
116.43394303321838,76.47305697202682
105.31119644641876,70.07680356502533
524.8374747037888,71.68252527713776
929.3987067937851,41.17529320716858
109.38702720403671,956.3909727931023
815.2822311520576,26.643768846988678
1193.3635606765747,46.11843931674957
109.74081981182098,70.33318018913269
108.35803139209747,71.25396859645844
125.47525006532669,75.45074993371964
200.31654351949692,19.62945646047592
107.3967455625534,72.56625443696976
115.64397150278091,80.56002849340439
356.13218373060226,65.38681626319885
720.9525634050369,21.010436594486237
1108.2558906078339,32.67010939121246
109.70813328027725,1161.0148667097092
111.97333747148514,69.4716625213623
118.60954695940018,75.29845303297043
109.20876091718674,67.36623907089233
121.41797918081284,71.82202082872391
108.66619569063187,68.24080431461334
249.3955433368683,69.7904566526413
653.2347992062569,34.358200788497925
1040.6121370196342,45.64686298370361
110.39641064405441,1091.3805893659592
114.21762466430664,73.17037534713745
107.77983331680298,67.97916668653488
112.41704201698303,78.23195797204971
110.45925104618073,73.48474895954132
113.26346492767334,72.9785350561142
261.10267812013626,75.54532188177109
677.0539079904556,26.24209201335907
1086.7831765413284,27.772823452949524
502.60445791482925,772.1735420823097
930.7217394113541,48.796260595321655
106.96905136108398,965.6049486398697
120.60526067018509,77.09873932600021
119.8904892206192,77.83251076936722
145.06376159191132,84.64123839139938
139.84712105989456,66.18987894058228
126.6513723731041,71.95962762832642
113.99062395095825,76.13837605714798
423.82987505197525,78.54012495279312
825.4301481246948,80.25585186481476
1186.4924984574318,45.43350154161453
110.10975432395935,74.57624566555023
111.80197077989578,78.30902922153473
112.47519010305405,78.26680988073349
116.70339924097061,74.29660075902939
115.59861421585083,81.41938579082489
110.95783460140228,75.09816539287567
388.9830493927002,76.96195060014725
776.5263365507126,75.32566344738007
1182.588619709015,47.61538028717041
110.57688009738922,75.96111989021301
115.2120875120163,77.80591249465942
104.97829574346542,68.31770426034927
112.65150147676468,76.3294985294342
109.23270851373672,74.45229148864746
109.47991192340851,69.65008807182312
394.2091498374939,76.14285016059875
808.196395277977,22.377604722976685
1226.4436841607094,32.42631584405899
589.7840986251831,23.363901376724243
1037.1433594822884,29.171640515327454
116.46466588973999,1038.8513340950012
110.10090631246567,69.62109369039536
107.53312116861343,70.52287882566452
184.70632547140121,32.664674520492554
109.89853233098984,75.67646765708923
112.4037453532219,76.79925465583801
182.57795757055283,68.29204243421555
594.3622369170189,78.85976308584213
986.7945456504822,21.390454351902008
109.91279178857803,1042.8102082014084
115.5850180387497,80.74698197841644
110.37022656202316,76.72177344560623
113.09843099117279,72.80856901407242
113.38365435600281,74.04234564304352
107.87189561128616,73.36910438537598
171.63714146614075,73.19585853815079
619.6813604831696,65.06063950061798
1011.3356801271439,17.108319878578186
110.93493551015854,1042.417064487934
107.79417264461517,64.07782739400864
108.70738422870636,18.977615773677826
99.98705041408539,63.9019495844841
257.16026371717453,33.71073627471924
616.2034769058228,68.16752308607101
1029.1178043484688,51.567195653915405
469.5130400657654,45.80195993185043
865.2602913379669,23.609708666801453
83.19362139701843,919.1213786005974
102.31089276075363,68.93010723590851
101.1510980129242,68.81190198659897
102.5833255648613,66.36167442798615
100.570525765419,68.02147424221039
102.15173214673996,68.82926785945892
101.45493626594543,67.80406373739243
460.70216846466064,64.5388315320015
876.338436126709,20.790563881397247
79.7527482509613,918.6912517547607
101.12909644842148,65.96390354633331
101.15529441833496,66.67870557308197
100.29049301147461,65.13550698757172
100.01969313621521,67.48030686378479
99.50789314508438,66.78910684585571
114.40311998128891,64.07788002490997
471.9653233885765,37.07167661190033
852.694640994072,53.08335900306702
93.03488689661026,898.5961130857468
102.81822168827057,66.23677831888199
99.25143390893936,66.34156608581543
100.96163654327393,74.22436344623566
103.00484025478363,67.05015975236893
99.34504348039627,69.80295652151108
100.42624044418335,63.870759546756744
465.41344171762466,51.88255828619003
828.8837641477585,29.894235849380493
107.0570165514946,878.3689834475517
728.3412795066833,18.12272047996521
1113.0145876407623,38.72641235589981
102.18781113624573,71.55318886041641
103.87901389598846,66.63898611068726
101.27522146701813,67.7627785205841
102.31842416524887,67.70057582855225
101.00967735052109,68.61932265758514
102.36789005994797,66.89110994338989
276.9862228035927,41.53177720308304
690.5854818224907,14.617518186569214
1111.8147082924843,45.14829170703888
101.91295766830444,607.0500423312187
101.68015855550766,68.85784143209457
100.8893620967865,68.92563790082932
99.46956288814545,67.4734371304512
102.73576611280441,69.078233897686
101.01997101306915,66.77602899074554
703.3115230798721,29.059476912021637
1136.4477648735046,39.33023512363434
105.23202556371689,76.248974442482
100.35023123025894,68.74176877737045
107.7824394106865,69.66156059503555
101.45565938949585,68.13734060525894
110.7588638663292,67.76013612747192
99.85806339979172,69.19793659448624
355.99325942993164,13.709740579128265
717.0566148757935,34.59138512611389
1142.8598635196686,54.38113647699356
555.0692081451416,34.485791862010956
983.409433722496,47.627566277980804
100.34167855978012,1055.3613214492798
101.88589656352997,66.52210342884064
106.54109746217728,67.75490254163742
99.23230123519897,66.1376987695694
100.18350106477737,66.07649892568588
100.18970012664795,67.53329986333847
223.1039012670517,17.43309873342514
648.7951282858849,37.72287172079086
1091.7833367586136,45.04966324567795
102.95659464597702,1145.7104053497314
100.42579132318497,72.11020869016647
100.26599407196045,69.04800593852997
99.14319384098053,68.02280616760254
105.53939592838287,70.10860407352448
101.87860608100891,69.56539392471313
266.626946747303,68.00305324792862
673.1892084479332,35.55179154872894
1093.1024448871613,51.56455510854721
103.0716924071312,1160.5763075947762
99.26389354467392,67.9581064581871
99.54809105396271,68.22990894317627
104.42529380321503,66.72270619869232
98.52449560165405,68.49450439214706
98.54869419336319,65.82130581140518
348.51888686418533,72.29611313343048
701.6552538871765,30.733746111392975
1101.735553085804,53.11544692516327
100.38980233669281,612.5531976819038
990.8600308895111,56.88096910715103
102.66328424215317,1053.8737157583237
102.67050224542618,69.84949773550034
104.58370816707611,68.71229183673859
99.6459093093872,69.11309069395065
256.59720289707184,69.71779710054398
100.52940744161606,69.56359255313873
165.4616447687149,68.29735523462296
558.5789175629616,30.790082454681396
988.2891518473625,47.39484816789627
101.18540644645691,1052.5545935630798
99.74762970209122,66.01137030124664
103.75482785701752,68.13517212867737
100.55703324079514,67.94296675920486
103.56423318386078,68.58476680517197
101.90343856811523,67.76356142759323
204.24363791942596,67.18236207962036
618.7319137454033,28.75008624792099
977.8122669458389,49.261733055114746
99.8005142211914,1057.7734857797623
102.2327333688736,69.65626662969589
100.27694076299667,67.35305923223495
124.11714524030685,60.97585475444794
101.30835610628128,68.28464388847351
102.40756177902222,67.74143821001053
206.00676774978638,26.400232255458832
618.8460216522217,35.4319783449173
1013.8713196516037,47.479680359363556
103.341577231884,1089.9184227585793
930.0887789130211,47.133221089839935
94.28007447719574,971.4239255189896
97.76927500963211,65.89872497320175
104.183478474617,68.79852151870728
104.85568434000015,68.18031567335129
205.9368885755539,71.37811142206192
101.96108776330948,68.13091224431992
127.50528478622437,68.58771520853043
539.1035315394402,31.914468467235565
962.9077852964401,47.092214703559875
99.59906876087189,1021.6409312486649
98.80931669473648,69.00468331575394
98.8525201678276,69.60947984457016
102.89672529697418,71.54827469587326
102.42193311452866,70.430066883564
104.63213485479355,74.88686513900757
153.02735835313797,75.49064165353775
584.181572496891,30.150427520275116
980.2638783454895,44.32912164926529
102.67712754011154,1051.989872455597
101.55435055494308,72.50064945220947
99.3945540189743,75.66144597530365
102.97474992275238,71.69225007295609
102.14794665575027,72.68605333566666
103.22814959287643,74.95685040950775
204.5493530035019,73.78364700078964
636.5745536088943,32.96244639158249
1058.599820613861,43.32617938518524
103.01406890153885,1136.856931090355
1022.1872747540474,57.330725252628326
124.19459807872772,978.9904019236565
109.44184958934784,72.5961503982544
101.67004960775375,73.90395039319992
104.80624973773956,75.9527502655983
223.51646465063095,73.76053535938263
101.74466687440872,74.49533313512802
138.73386532068253,70.35913467407227
548.5731276869774,21.944872319698334
978.1733646988869,41.80863529443741
116.19861990213394,1031.2653800845146
102.6668404340744,76.48115956783295
101.5630396604538,74.25196033716202
99.16223764419556,71.0967623591423
100.27943813800812,70.64556187391281
102.65664052963257,72.08435946702957
203.58884435892105,74.89215564727783
613.3540992736816,30.01490068435669
1039.157397389412,37.489602625370026
99.96066302061081,1088.4093369841576
97.44885939359665,68.84714061021805
106.54805767536163,70.61894232034683
100.94325786828995,71.07574212551117
102.87646067142487,72.4945393204689
100.19765883684158,70.65434116125107
229.66689389944077,71.27710610628128
650.5071231126785,32.58587688207626
1063.236396253109,51.096603751182556
100.89065289497375,1145.3503471016884
102.7858493924141,68.45515060424805
102.25604891777039,1068.113951086998
103.46624946594238,69.08975052833557
105.26844829320908,72.21255171298981
103.59064936637878,73.48435062170029
255.0970414876938,76.12495851516724
644.8812708854675,35.69372916221619
58.64763826131821,70.90836173295975
488.5248346924782,31.569165289402008
923.9380694031715,37.82093060016632
127.77831447124481,978.6106855273247
98.08157193660736,68.15942806005478
99.69876945018768,67.74523055553436
99.29797089099884,69.36902910470963
99.34116816520691,68.08383184671402
100.58936768770218,70.76263231039047
144.3175687789917,70.83043122291565
573.2497684955597,31.12023150920868
978.4970613121986,49.0389387011528
98.7072623372078,1084.1247376799583
98.3254623413086,69.28553766012192
101.88766157627106,69.59333842992783
98.78286534547806,70.99413466453552
99.67906701564789,70.89493298530579
99.24026489257812,71.70373511314392
228.69149124622345,69.91850876808167
653.4017211794853,38.43127882480621
1027.9080629348755,51.55393707752228
101.61925691366196,1141.1767430901527
98.68145114183426,67.54154884815216
99.15065139532089,1069.886348605156
103.9348635673523,69.73113644123077
98.49706077575684,69.03993922472
98.79925972223282,69.77474027872086
227.3436199426651,69.21238005161285
645.9978500008583,34.613150000572205
95.15313839912415,71.69786161184311
509.8644334077835,16.11756658554077
918.0366683602333,50.03733164072037
126.83991378545761,978.3820862174034
102.90217125415802,69.6168287396431
101.29736983776093,69.85063016414642
100.98857069015503,70.19542932510376
98.68076938390732,70.89323061704636
99.48397362232208,73.03402638435364
136.26817095279694,68.65782904624939
567.941367328167,35.8176326751709
966.8186662197113,72.01533377170563
99.02886509895325,1083.119134902954
97.2770636677742,69.2239363193512
103.9672594666481,68.92074054479599
104.6964545249939,71.48854547739029
98.68465691804886,70.11134308576584
99.28386092185974,71.19713908433914
232.71609389781952,72.87590610980988
648.1493192315102,30.591680765151978
1035.284649193287,48.89935082197189
103.80984836816788,1142.171151638031
99.65005254745483,70.07194745540619
98.49025160074234,70.32474839687347
96.86747550964355,69.42952448129654
101.15167111158371,69.90432888269424
99.54687470197678,71.34212529659271
226.36822301149368,71.44677698612213
644.0234434604645,38.328556537628174
1026.2337982058525,50.98920178413391
505.8510373234749,71.129962682724
917.0242648124695,52.030735194683075
108.25350314378738,1002.1724968552589
100.18577140569687,70.9802286028862
105.09997421503067,75.36302578449249
101.53218096494675,78.04081904888153
100.76138126850128,75.66461873054504
102.84158343076706,87.19541656970978
132.51578521728516,70.96721476316452
537.4290446043015,33.07095539569855
963.6402817368507,53.71271824836731
96.90551894903183,1061.0204810500145
118.00373601913452,87.3102639913559
98.95594906806946,73.04405093193054
99.14714592695236,70.74185407161713
100.2283445596695,69.97565543651581
99.45654374361038,72.48845624923706
198.90774500370026,71.53625500202179
663.0619533658028,39.51104664802551
964.4574058055878,51.375594198703766
104.90965521335602,1048.943344771862
98.91587543487549,72.36212456226349
99.99607425928116,72.39292573928833
99.72527289390564,69.97872710227966
101.6944750547409,70.99052494764328
100.01667952537537,71.83532047271729
197.41188567876816,71.51411432027817
584.7331925034523,35.93280750513077
998.5174534916878,47.53754651546478
477.4687024950981,73.88329750299454
857.0309979319572,41.876002073287964
127.87025290727615,911.6667470932007
101.69251132011414,71.30748867988586
97.40171271562576,72.32028728723526
106.7799197435379,77.47908025979996
102.82313585281372,73.73286414146423
102.9403401017189,78.92965990304947
61.892547726631165,75.36745226383209
500.50976783037186,69.65623217821121
912.7749944329262,48.206005573272705
129.04123717546463,976.310762822628
97.3444955945015,72.47050440311432
98.03569388389587,70.07530611753464
99.31989324092865,71.86510676145554
98.2520940899849,70.56190592050552
98.88929581642151,73.05570417642593
126.78450167179108,19.289498329162598
551.3467803001404,72.37521970272064
962.9089998006821,53.01700019836426
102.69324535131454,1056.8067546486855
97.86646121740341,69.09653878211975
98.24365574121475,72.4043442606926
113.17585372924805,73.30514627695084
99.86806434392929,73.39193564653397
99.50427335500717,71.94072663784027
196.01047533750534,69.28652465343475
632.3696732521057,40.46432673931122
1035.2089757323265,52.884024262428284
487.3631721138954,789.5258278846741
958.3333647847176,52.092635214328766
106.4136033654213,1048.3823966383934
98.36482459306717,73.2091754078865
99.9830237030983,72.62897628545761
98.91422367095947,71.82577633857727
99.97742664813995,70.96757334470749
97.68762916326523,72.42337083816528
198.45283180475235,69.82516819238663
575.8301518559456,38.762848138809204
1037.7444078326225,62.588592171669006
103.06577479839325,1033.5272251963615
98.60897797346115,69.05702203512192
97.09717565774918,70.75482434034348
98.51137590408325,72.45162409543991
97.66657251119614,71.92642748355865
98.45077246427536,71.54922753572464
190.27197468280792,69.17302531003952
568.6492860913277,33.73971390724182
967.3966044187546,49.64039558172226
97.90283298492432,1064.3741670250893
98.42904740571976,70.47895258665085
99.71224844455719,70.08375155925751
97.40444529056549,72.52155470848083
100.24464249610901,71.27435749769211
107.93584138154984,76.93415862321854
213.23904639482498,71.11295360326767
641.3942458033562,38.45775419473648
1025.5855771303177,51.43342286348343
102.81477469205856,1145.9082252979279
955.5239737033844,47.54902631044388
102.75324445962906,1043.3757555484772
97.92644202709198,71.18455797433853
98.35963749885559,70.90036249160767
100.64384138584137,73.41115862131119
226.631152510643,74.42384749650955
99.06434679031372,75.73265320062637
148.03354221582413,73.9844577908516
569.6697728037834,27.052227199077606
956.0470895767212,47.47091042995453
106.86831885576248,1051.5576811432838
99.41153693199158,74.4584630727768
114.6587364077568,76.41426360607147
101.83194303512573,76.61205697059631
98.11614471673965,249.3458552956581
103.19734454154968,79.15465545654297
203.03755068778992,74.33244931697845
584.5618681311607,32.62313187122345
1007.6621067523956,45.72689324617386
99.89136564731598,1101.4796343445778
101.37856072187424,74.49143928289413
99.73675906658173,73.24424093961716
117.18795883655548,75.51604115962982
101.15716242790222,75.32383757829666
105.66336667537689,76.00263333320618
229.35661727190018,76.73638272285461
641.3988508582115,30.89714914560318
1032.869188785553,49.31581121683121
104.9133934378624,1135.0496065616608
949.1045974493027,46.65440255403519
109.44483876228333,1029.2581612467766
100.61805802583694,76.36394196748734
105.27225756645203,74.7457424402237
99.66846066713333,76.68353933095932
229.7667316198349,72.63926839828491
99.25593668222427,75.89306330680847
149.09513419866562,73.58986580371857
568.8613524436951,37.89864754676819
998.7576135396957,47.650386452674866
99.93085998296738,1086.3671399950981
104.32605522871017,70.76794475317001
98.66525334119797,72.87174665927887
100.46745604276657,75.45754396915436
107.1046661734581,81.82133382558823
100.81490623950958,76.44509375095367
219.00710797309875,72.01189202070236
642.4203254580498,35.61667454242706
1052.2966054677963,48.091394543647766
106.67483818531036,1152.8621618151665
120.95903408527374,60.52296590805054
98.87323242425919,72.66476756334305
97.69345128536224,73.0465487241745
98.7016504406929,73.0023495554924
98.65184950828552,75.3661504983902
233.955193400383,75.3418065905571
633.9794384837151,38.11256152391434
1071.2276925444603,43.05030745267868
101.3629390001297,606.0810610055923
98.40713733434677,71.92686265707016
100.82035565376282,1085.382644355297
98.03158634901047,72.15441364049911
102.20478373765945,75.0542162656784
96.74798285961151,70.54801714420319
226.82932472229004,69.93067526817322
637.1315712928772,38.349428713321686
110.26782757043839,69.80617243051529
537.5530789494514,70.891921043396
940.5043153762817,48.86668461561203
96.64055979251862,1052.470440208912
100.51675534248352,74.77924466133118
97.28294837474823,72.51405161619186
98.25214421749115,72.84085577726364
100.11134552955627,73.88965445756912
97.41354465484619,73.66045534610748
203.03174060583115,72.19125938415527
579.7050487995148,34.72195118665695
1017.322273015976,49.196726977825165
107.58847332000732,1131.0045266747475
96.8536793589592,71.48032063245773
105.58187627792358,72.23212373256683
98.36709821224213,73.59590178728104
100.20729851722717,75.14470148086548
98.12150305509567,72.86049693822861
223.16380792856216,71.57619208097458
635.6710494756699,37.3839505314827
1016.2513852715492,48.248614728450775
108.27759063243866,1137.6484093666077
99.89479380846024,76.17920619249344
103.78999465703964,1058.3020053505898
99.72220718860626,81.2397928237915
97.52541226148605,73.45658773183823
97.93961322307587,72.319386780262
224.79792046546936,72.99807953834534
636.6571727395058,40.95482724905014
57.552540600299835,70.15145939588547
486.5217635631561,77.88623642921448
903.2699997425079,49.32300025224686
92.88630777597427,983.0756922364235
98.52350890636444,72.99549108743668
97.65970808267593,75.19229191541672
98.31390231847763,74.26009768247604
99.58009910583496,78.62390089035034
100.43829554319382,78.20970445871353
101.83352100849152,77.57347899675369
514.2657816410065,32.585218369960785
940.6800128221512,47.855987191200256
97.7242801785469,1043.4617198109627
98.91647964715958,77.76952034235
100.16268068552017,74.46631932258606
111.4098989367485,84.4971010684967
97.17615485191345,73.13884514570236
96.97935575246811,72.96564424037933
140.15255618095398,72.71844381093979
571.2877906560898,36.97020936012268
942.1470550894737,32.55694490671158
96.96831929683685,1083.5306807160378
97.6975347995758,72.96946519613266
98.3337305188179,75.7582694888115
102.11793047189713,78.41906952857971
98.8471285700798,72.28287142515182
96.11332905292511,71.44267094135284
211.87852746248245,80.56647253036499
620.1997787356377,41.207221269607544
1038.7990344166756,54.12696558237076
504.5092718601227,35.675728142261505
924.5715255141258,48.00247448682785
99.54078108072281,1033.421218931675
101.97397977113724,72.24802023172379
96.70318001508713,71.29781997203827
96.5973773598671,72.79162263870239
97.91857475042343,72.65442526340485
96.99977308511734,72.79722690582275
153.5800078511238,79.08599215745926
570.4392602443695,33.48673975467682
981.4265289902687,55.90547102689743
96.89679837226868,1088.4922016263008
98.05101323127747,72.59598678350449
96.63221400976181,75.44178599119186
98.23140549659729,74.13959449529648
96.20060187578201,72.87339812517166
102.89280259609222,74.84819740056992
217.45501971244812,73.52698028087616
623.6832502484322,41.279749751091
1034.6345328688622,52.47646713256836
103.43777459859848,1142.2662253975868
97.758973300457,76.11102670431137
103.82117581367493,72.19782418012619
96.75438940525055,73.04261058568954
98.09358656406403,72.81341344118118
99.24878287315369,76.04821711778641
223.05111092329025,22.096889078617096
653.7243067622185,39.0536932349205
1045.3796263933182,52.806373596191406
513.5518730282784,82.13312697410583
921.151116669178,73.69988334178925
99.13937270641327,1037.7486273050308
101.35058385133743,77.29841613769531
98.24579280614853,76.4762071967125
96.4379877448082,74.39601224660873
98.88818633556366,73.62981367111206
95.98738491535187,71.71561509370804
153.56861698627472,72.1543830037117
565.1498581171036,35.59214186668396
995.1921179294586,48.52888208627701
97.958367228508,1100.0046327710152
96.81655925512314,73.97944074869156
95.50875234603882,73.26924765110016
97.21894717216492,72.76305282115936
95.18814277648926,72.92285722494125
106.34333717823029,83.17466282844543
216.44259375333786,76.35440623760223
625.0038473010063,38.125152707099915
1090.011130809784,53.858869194984436
97.7584867477417,1100.0005132555962
99.56168413162231,72.88231587409973
95.19788575172424,72.67311424016953
96.35208189487457,73.05491811037064
98.4152764081955,73.69672358036041
96.60648208856583,72.85651791095734
215.6497130393982,72.3502869606018
635.3599605560303,40.047039449214935
1045.5702291727066,53.29977083206177
531.3554750084877,19.86752498149872
928.9167166948318,52.10128331184387
96.97895085811615,1047.928049147129
104.93114560842514,83.36585438251495
97.78934913873672,75.50765085220337
98.11055290699005,73.59344708919525
96.635751247406,74.75424873828888
98.80894869565964,74.74705129861832
179.50115609169006,73.44384390115738
569.4144586324692,36.82654136419296
985.9587079882622,52.91229200363159
98.51995778083801,1101.7760422229767
97.30415266752243,74.15784734487534
97.90334838628769,71.15165162086487
99.57654911279678,73.77445089817047
99.99074757099152,74.7312524318695
97.77494567632675,72.79905432462692
215.8381969332695,80.64380306005478
622.8624469041824,38.65655308961868
1060.4246955513954,43.186304450035095
95.04293286800385,621.0130671262741
97.77112597227097,74.63587403297424
96.18532037734985,72.42567962408066
97.59851634502411,77.23448365926743
96.38271474838257,74.3752852678299
95.85291588306427,71.29508411884308
305.28511387109756,74.39888614416122
671.7734690904617,40.893530905246735
1093.2987191677094,56.44128084182739
93.95398026704788,73.56501972675323
997.4971759319305,42.316824078559875
97.892424762249,1102.4405752420425
97.06562012434006,71.43437987565994
95.07181513309479,73.42718487977982
95.6720095872879,71.84699040651321
325.5482089519501,55.96979105472565
98.53640758991241,72.25959241390228
222.00566285848618,76.43833714723587
626.4949198365211,38.820080161094666
1042.0201869010925,54.42481309175491
101.97044456005096,1152.788555443287
94.97665202617645,74.0783479809761
98.72484678030014,73.20115321874619
95.56405812501907,74.78794187307358
95.86725699901581,73.68874299526215
96.15145319700241,75.7555468082428
203.84381061792374,73.34218937158585
616.1100571155548,34.556942880153656
1011.0603820085526,52.51361799240112
102.01157939434052,1143.2104206085205
100.5557911992073,73.92620879411697
98.32102018594742,76.30797982215881
99.30922222137451,72.44977778196335
99.68642967939377,74.05557030439377
97.1186375617981,72.65936243534088
228.1439243555069,65.22707563638687
631.002175629139,39.86882436275482
1010.9535180926323,52.75048190355301
97.25672751665115,1144.484272480011
926.8739323019981,45.977067708969116
104.47321450710297,1015.3417854905128
96.2024735212326,72.48252648115158
97.74567967653275,72.71732032299042
104.78888946771622,78.69211053848267
202.62909495830536,71.5379050374031
98.37733381986618,72.99366617202759
89.19754457473755,73.1544554233551
504.96379309892654,27.62820690870285
925.1740478277206,47.714952170848846
101.81030213832855,1031.3556978702545
98.70650935173035,72.72049063444138
104.1197150349617,80.63928496837616
113.60796421766281,79.11403578519821
96.98522078990936,72.32977920770645
96.8244178891182,73.73058211803436
111.72064483165741,71.27935516834259
533.5049026012421,76.8650974035263
935.326146364212,73.58185362815857
96.07339698076248,1058.4076030254364
102.17259359359741,77.71540641784668
98.1237958073616,73.56120419502258
96.96299427747726,73.2960057258606
98.34019124507904,74.23280876874924
97.18038940429688,76.31961059570312
185.7055891752243,66.31241083145142
571.1568922996521,37.78810769319534
1002.5331198573112,50.540880143642426
104.04032146930695,1135.79367852211
98.67653405666351,72.5464659333229
98.01674216985703,1053.4472578167915
97.30094981193542,71.08805018663406
96.38115495443344,73.89584505558014
98.4063555598259,73.48264443874359
239.74664402008057,57.27235597372055
621.6599116921425,38.210088312625885
97.59317034482956,77.59282964468002
522.988406419754,76.28959357738495
919.2357124090195,28.819287598133087
103.76095789670944,1003.8130421042442
98.58222621679306,76.95477378368378
100.57042968273163,73.20757031440735
96.96662938594818,74.09037059545517
97.7878286242485,73.45317137241364
103.88703376054764,79.09496623277664
98.56024217605591,73.10675781965256
521.8995117545128,77.02648824453354
921.3137596845627,54.76024031639099
100.96801161766052,1045.586988389492
99.43821257352829,72.56178742647171
98.25941675901413,74.24058324098587
99.28462243080139,74.17837756872177
102.0138248205185,79.43017518520355
105.1310287117958,78.29497128725052
154.50824588537216,77.88075411319733
581.2555062770844,19.540493726730347
982.7617645263672,45.51523548364639
100.10201954841614,1099.5279804468155
97.01523852348328,72.50276148319244
144.17044150829315,965.4405584931374
107.78772407770157,35.0822759270668
98.94295918941498,73.5380408167839
98.50516384840012,73.66083616018295
146.79037046432495,25.580629527568817
569.4256122112274,42.03638780117035
58.19181442260742,84.93718558549881
505.8650184869766,72.63498151302338
885.2983266115189,45.14667338132858
109.45255714654922,999.8444428443909
98.27382135391235,72.94917863607407
98.02102583646774,74.18297415971756
97.80522948503494,73.58277052640915
99.83043134212494,75.5025686621666
106.003637611866,79.10736238956451
95.26984089612961,74.61915910243988
525.3140993118286,73.2979006767273
934.2453462481499,45.309653759002686
109.23458969593048,1045.4144102931023
96.8517934679985,73.11120653152466
96.26600855588913,72.03099143505096
116.53220981359482,65.24579018354416
98.31641334295273,75.29458665847778
95.13661301136017,73.34438699483871
155.6438382267952,73.50416177511215
553.3911016583443,38.089898347854614
972.7873547077179,54.158645272254944
106.27460950613022,1092.688390493393
96.68881052732468,71.6811894774437
97.12201303243637,77.56398695707321
98.53521555662155,73.09478443861008
96.28342419862747,72.69857579469681
95.82662373781204,75.04437625408173
200.59185999631882,74.57414001226425
617.4510983228683,36.382901668548584
58.050423085689545,70.48657691478729
478.48267501592636,73.44432497024536
886.4149203896523,46.363079607486725
135.1441731452942,966.4118268489838
94.76149493455887,73.07150506973267
97.54569619894028,72.49130380153656
96.21990424394608,73.96509575843811
95.28110575675964,72.94089424610138
95.4363032579422,73.2676967382431
60.66453176736832,77.40946823358536
502.930737555027,78.03226244449615
914.6409733891487,49.303026616573334
93.74022090435028,1043.8517791032791
94.89441949129105,71.549580514431
96.49462217092514,74.87637782096863
95.29682898521423,72.05517101287842
97.80403935909271,73.65996062755585
95.30925196409225,73.22774803638458
152.79745310544968,71.96054691076279
559.9157013893127,33.75129860639572
994.7559174895287,51.39208251237869
97.79911977052689,1143.478880226612
96.08432400226593,75.17467600107193
95.75653153657913,74.63146847486496
97.35573279857635,73.23626720905304
97.89893651008606,75.91506350040436
99.38814294338226,75.66785705089569
207.4314894080162,71.38251060247421
565.437811255455,37.74718874692917
992.6680418252945,73.31395816802979
475.43328362703323,74.51171636581421
894.9395143389702,46.449485659599304
128.27975952625275,983.8872404694557
97.0270385146141,73.62096148729324
98.49624109268188,74.46675890684128
95.05844515562057,72.8115548491478
95.82464414834976,72.82435584068298
95.62684392929077,74.50215607881546
93.0600471496582,78.38495284318924
516.454308450222,74.0076915025711
929.3875546455383,54.204445362091064
93.31979644298553,1057.1802035570145
95.71599227190018,75.80300772190094
97.87019205093384,73.42580795288086
96.41439121961594,72.73360878229141
93.3275915980339,74.19040840864182
96.1317908167839,74.53520917892456
176.52600115537643,35.28799885511398
560.4593426585197,44.299657344818115
931.4656580090523,55.368341982364655
94.06490457057953,1060.32409542799
98.44210714101791,74.29889285564423
100.87431156635284,77.40268844366074
96.4175174832344,76.22948253154755
97.98071599006653,78.52028399705887
98.57892173528671,80.08807826042175
181.4561203122139,79.43287968635559
557.3704237937927,39.99957621097565
984.0066784620285,54.048321545124054
470.86491000652313,74.72808998823166
836.3532271385193,44.16577285528183
107.91545033454895,958.418549656868
97.34765607118607,75.54134392738342
99.92786294221878,76.97813707590103
98.13907957077026,76.23092043399811
95.34928649663925,74.81671351194382
96.26349115371704,76.29250884056091
51.5477392077446,73.73026078939438
496.5359477996826,73.26105219125748
883.4682428836823,47.050757110118866
103.30848407745361,1005.099515914917
95.90675175189972,73.05624824762344
96.37695848941803,72.30804151296616
95.62416851520538,74.11683148145676
97.79737514257431,76.44362485408783
98.35957634449005,76.25142365694046
89.44077968597412,75.05922031402588
481.7610458135605,75.96095418930054
913.3422974944115,49.620702505111694
156.21959418058395,970.6324058175087
96.61497730016708,74.23702269792557
95.58418530225754,75.30481469631195
99.68339323997498,76.70460677146912
99.50460606813431,80.42039394378662
93.863813996315,74.2481859922409
52.019016683101654,73.66598331928253
472.28425991535187,74.69674009084702
895.9574856758118,48.22751432657242
118.46472984552383,991.4062701463699
775.1379808783531,42.91901910305023
1203.791235268116,57.28176474571228
98.13254904747009,76.09045094251633
95.43475770950317,76.04624229669571
93.14496374130249,76.0400362610817
97.24416214227676,74.27383786439896
95.04738718271255,74.84061282873154
96.57259267568588,76.16840732097626
397.9867990016937,78.440200984478
782.7900975942612,47.7849023938179
1205.0373519062996,61.0556480884552
94.63567918539047,75.27132081985474
94.5678802728653,76.28411972522736
97.72308468818665,87.14691531658173
94.69228780269623,77.36271220445633
94.90348708629608,76.56051290035248
94.61269009113312,74.51630991697311
393.87891805171967,79.71408194303513
782.7192288041115,43.11477118730545
1208.374468445778,63.82953155040741
94.52879363298416,74.34120637178421
97.92399299144745,76.89000701904297
94.20819228887558,75.92080771923065
93.99339616298676,77.80360382795334
95.20360374450684,76.01939624547958
107.69181078672409,75.34518921375275
395.1980409026146,76.35695910453796
768.0933467745781,71.62865322828293
1194.4516071677208,58.066392838954926
610.8849374055862,45.43106257915497
1034.9282148480415,51.12678515911102
99.25045734643936,1152.472542643547
93.7936624288559,76.87333756685257
96.70688563585281,82.08911436796188
98.91708594560623,81.48991405963898
95.51629078388214,82.3167092204094
97.30148810148239,79.62451189756393
197.6968251466751,87.4141748547554
570.9261530041695,30.944846987724304
988.8393981456757,51.97460186481476
100.04960316419601,1136.9683968424797
95.11180716753006,79.46219283342361
99.1560075879097,79.28899240493774
95.58820587396622,80.78179413080215
96.37240642309189,76.96059358119965
95.95260882377625,82.93639117479324
192.19995576143265,82.4480442404747
616.0771833062172,35.847816705703735
995.4175215363503,48.656478464603424
97.2947216629982,1143.9272783398628
97.800916492939,80.31008350849152
96.93712037801743,79.17387962341309
99.1483262181282,80.92567378282547
95.44952923059464,82.5314707159996
95.27272748947144,80.69027251005173
192.0380938053131,79.55390620231628
608.0253199934959,37.45568001270294
965.9586452245712,47.26435476541519
100.35385310649872,1136.442146897316
869.8050557971001,35.21394419670105
95.0343017578125,1038.3356982469559
91.81849873065948,74.3675012588501
94.30569380521774,74.91630619764328
92.86889582872391,74.65010416507721
93.59709590673447,77.88390409946442
95.36229133605957,78.0067086815834
151.16551715135574,75.70348286628723
547.3947846293449,53.013215363025665
964.7530372142792,57.19096279144287
95.16728693246841,1105.7767130732536
96.10050630569458,75.77049368619919
95.82870709896088,75.1532928943634
97.3909096121788,78.29509037733078
99.82312172651291,76.26887828111649
93.6287225484848,77.11227744817734
94.96892178058624,76.30907821655273
99.32611960172653,79.43188041448593
93.74132335186005,76.31367665529251
191.96967160701752,77.08532840013504
583.3648974895477,42.85710251331329
1023.4641780853271,56.31382191181183
113.06442308425903,1145.288576900959
933.107674062252,57.356325924396515
86.39205676317215,979.0339432358742
100.13926005363464,81.1007399559021
94.75746268033981,78.27953732013702
91.54166746139526,78.44033253192902
147.6038789153099,74.3961210846901
96.09107512235641,75.0199248790741
94.1723198890686,76.14268010854721
489.2155201435089,41.321479856967926
913.796758711338,56.9442412853241
101.82199549674988,1054.6600044965744
94.53219735622406,76.0238026380539
93.87240290641785,77.66559708118439
94.85960340499878,77.2133966088295
95.9958062171936,78.2081937789917
100.5030147433281,81.4979852437973
147.3612529039383,77.17574709653854
568.6084880828857,33.26151192188263
990.5967332720757,48.681266725063324
96.10294085741043,1134.564059138298
95.68414205312729,80.96385794878006
98.83833926916122,80.03166073560715
93.78954100608826,77.22845900058746
94.16574150323868,77.2042585015297
92.89494448900223,79.34605550765991
193.10526305437088,76.06073695421219
571.2056034207344,31.10939657688141
976.4528478384018,42.39915215969086
95.2920469045639,1146.1519531011581
914.9472472667694,51.40475273132324
94.5085039138794,1042.0644960999489
103.38672149181366,83.55827850103378
95.9489723443985,79.79302763938904
93.32517695426941,76.8788230419159
207.5913822054863,85.77861779928207
93.96861207485199,75.49438792467117
103.99381589889526,76.19218409061432
513.1481282114983,76.48087179660797
943.9503514766693,46.30864852666855
93.19759291410446,1059.338407099247
92.94579088687897,79.09220910072327
94.69299000501633,80.88100999593735
100.75518846511841,79.81881153583527
100.46538710594177,80.64561289548874
96.08258986473083,80.36141014099121
159.97781479358673,73.4471852183342
605.4660111069679,35.84898889064789
990.4553275704384,48.56367242336273
100.03552842140198,1142.5944715738297
93.13472896814346,75.71727102994919
97.14092922210693,75.06307077407837
92.96212643384933,75.5738735795021
94.61732149124146,81.32767850160599
95.51251739263535,79.46848261356354
137.50091284513474,82.44308716058731
611.7111052274704,38.56589478254318
1021.7553799748421,55.33762001991272
98.14963763952255,1147.2203623652458
98.4348361492157,81.45416384935379
95.38603609800339,1068.558963894844
93.7622367143631,82.16376328468323
94.04743385314941,79.95356613397598
95.38663440942764,83.13136559724808
188.89398741722107,30.737012565135956
614.9932262897491,39.9517737030983
60.24053609371185,71.98146390914917
94.57422345876694,1040.8877765536308
95.11841988563538,83.32658010721207
94.86562377214432,80.22737622261047
93.83482086658478,77.85017913579941
93.26801735162735,79.60298264026642
93.9222143292427,77.00378566980362
168.96641099452972,22.644589006900787
548.0837157964706,42.04528421163559
982.6459604501724,56.261039555072784
93.48621362447739,1105.7737863659859
94.1964300274849,77.26756995916367
94.94362735748291,79.29737263917923
93.26482808589935,77.56917190551758
98.75302630662918,79.28397369384766
95.44523078203201,80.74076920747757
190.9704669713974,70.99253302812576
560.9397940635681,36.33820593357086
987.8720347881317,50.645965218544006
96.60123705863953,1146.343762934208
92.25543785095215,80.42956215143204
94.74363261461258,1073.4043673872948
93.39883172512054,80.52816826105118
94.97903043031693,81.13196957111359
108.00425231456757,79.73674768209457
191.64058941602707,73.21141058206558
562.3318671584129,30.13113284111023
97.19011515378952,80.43888485431671
506.75235003232956,78.02464997768402
887.4076533317566,58.79634666442871
88.80296188592911,985.5670381188393
94.10616934299469,75.52283066511154
95.5573718547821,79.20262813568115
95.32257288694382,82.58442711830139
94.97677075862885,81.24422919750214
95.78096985816956,77.46103012561798
91.13917511701584,70.02782487869263
505.2004449367523,35.85455507040024
900.6526988148689,51.64430117607117
96.12095099687576,1043.6560490131378
95.81315505504608,82.83484494686127
95.76435828208923,81.42064172029495
94.19655853509903,82.1364414691925
95.38875311613083,82.8332468867302
93.26595532894135,78.54904466867447
149.58715337514877,72.50584661960602
563.0564425587654,35.92455744743347
965.1007064580917,46.974293529987335
102.73696744441986,1079.2450325489044
101.76118838787079,85.27481162548065
95.45338672399521,83.30561327934265
93.8305834531784,77.39141654968262
94.61578673124313,77.36621326208115
93.12098520994186,79.71201479434967
192.35019874572754,85.66880124807358
611.7454253435135,51.75457465648651
1025.8077039718628,51.91429603099823
500.6109430193901,78.83305698633194
897.895193696022,50.45580631494522
96.93944174051285,1035.931558251381
94.98264062404633,77.59135937690735
102.63684630393982,85.86315369606018
102.6070921421051,92.05990785360336
93.70634162425995,82.34865838289261
94.78654044866562,82.45345956087112
99.7187619805336,83.22523802518845
499.5780584216118,81.8109415769577
902.6582980155945,54.17470198869705
92.60954821109772,1046.0014517903328
91.33874464035034,78.6062553524971
91.86294162273407,76.85805839300156
91.05514097213745,78.53685903549194
90.74733805656433,77.77166193723679
92.54953545331955,78.48746454715729
164.87074118852615,85.42425882816315
559.4149982333183,39.49300175905228
982.5132374167442,54.76376259326935
100.81646209955215,1143.3315379023552
95.9907106757164,84.13928931951523
93.18192446231842,76.541075527668
96.50413143634796,83.7558685541153
101.89834916591644,90.23165082931519
93.2755515575409,78.0204484462738
190.93078988790512,72.16221010684967
603.3260706663132,79.43392932415009
1012.0733000636101,56.92669993638992
471.89453506469727,36.698464930057526
902.9207718968391,47.339228093624115
96.42701703310013,1045.147982954979
93.11821722984314,81.28978276252747
91.25441414117813,75.15258586406708
92.96461021900177,76.99838978052139
96.0448077917099,82.51019221544266
93.86700594425201,82.76299405097961
173.24319964647293,93.3858003616333
554.1944889426231,33.656511068344116
977.2757344245911,51.854265570640564
109.63393145799637,1127.8100685477257
93.88113164901733,78.13786834478378
92.90633642673492,78.94566357135773
95.00553351640701,78.08746647834778
91.51273483037949,79.0802651643753
92.53693747520447,76.46306252479553
206.5812672972679,64.41873270273209
580.5315388441086,41.4494611620903
1008.0937784910202,60.85022151470184
94.23003178834915,1152.157968223095
90.4772253036499,76.4297747015953
94.33642208576202,76.84857791662216
92.19462490081787,78.86137509346008
91.6088250875473,78.13217490911484
91.6710215806961,77.51397842168808
263.5472185611725,81.35978144407272
582.5906854867935,29.094314515590668
1006.3199079036713,49.05009210109711
465.56714552640915,33.76485449075699
899.4633690714836,52.75863093137741
93.65461152791977,1051.641388475895
94.23581171035767,81.20918828248978
95.05701065063477,87.23898935317993
95.74921333789825,83.1027866601944
93.45941537618637,83.54158461093903
94.90961146354675,81.97838854789734
174.08380579948425,77.58319419622421
559.6261112093925,38.68788880109787
974.9673651456833,60.10763484239578
100.02861666679382,1099.1003833413124
94.09183770418167,77.00116229057312
92.07903975248337,77.82796025276184
99.28924298286438,84.76575702428818
95.12944793701172,79.61155205965042
93.00564521551132,76.49435478448868
199.97588574886322,74.02411425113678
610.5011084079742,44.7388916015625
1027.581383228302,58.58461678028107
93.51462507247925,1157.523374915123
94.53882306814194,77.66417694091797
93.13902229070663,81.00997769832611
101.75722080469131,77.90977919101715
92.00342005491257,77.6625799536705
93.19561672210693,77.74938327074051
267.16481453180313,76.11218547821045
555.8763241767883,38.88367581367493
979.8445693850517,48.766430616378784
98.29577386379242,1145.796226143837
903.154974758625,41.605025231838226
95.9942232966423,1038.7647767066956
94.2974254488945,83.85157454013824
91.61862349510193,78.8073765039444
93.10682135820389,78.41117864847183
186.83611166477203,76.57188832759857
91.99033606052399,79.47266393899918
94.25553268194199,77.91046732664108
502.5778462290764,84.0151537656784
900.3060948252678,49.378905177116394
95.35033768415451,1046.1866623163223
93.61653804779053,81.32846194505692
93.14074468612671,85.0622553229332
94.40694904327393,83.55505096912384
93.37715071439743,81.51184928417206
96.54935079813004,82.45064920186996
172.79656809568405,62.18443191051483
547.9518142938614,38.4371857047081
977.1620468497276,57.00395315885544
97.33524519205093,1146.7947548031807
90.49044591188431,77.26855409145355
94.10764229297638,82.09535771608353
92.24483716487885,77.46016281843185
91.69503796100616,76.69396203756332
93.8132426738739,81.53875732421875
174.6705920100212,76.64340800046921
610.807830452919,45.50716954469681
1027.6291099190712,59.833890080451965
93.46934014558792,1164.067659854889
939.9755436182022,55.932456374168396
94.99979948997498,1056.7952005267143
91.80300259590149,77.19699740409851
102.40319937467575,90.33880060911179
92.13139861822128,78.16460138559341
183.56371611356735,76.97328388690948
95.18194156885147,78.3930584192276
88.57714426517487,77.64485573768616
476.30545353889465,31.52754646539688
896.1266885399818,54.687311470508575
93.5409255027771,1055.1070744991302
92.02912682294846,78.59987318515778
92.48032766580582,76.5376723408699
93.76453006267548,77.75446993112564
95.14173245429993,79.13626754283905
93.12993466854095,79.2220653295517
197.89515137672424,82.65984863042831
535.2364450097084,41.4675549864769
899.1497945785522,57.868205428123474
104.3980484008789,1043.6029515862465
91.97725081443787,77.70674920082092
96.91045200824738,77.29354798793793
98.12064957618713,195.7133504152298
92.36784768104553,77.89115232229233
93.20705008506775,77.75594991445541
155.60327917337418,81.21172082424164
557.0175515413284,41.51944845914841
993.8567685484886,62.365231454372406
98.32697892189026,1137.7480210661888
93.2401795387268,77.49982047080994
99.30338418483734,1055.4386157989502
92.47658580541611,79.04241418838501
93.16778683662415,77.61021316051483
101.2679991722107,83.93600082397461
170.95930922031403,76.4666907787323
572.521610558033,83.94238942861557
51.23184186220169,78.064158141613
487.9970442056656,77.37295579910278
895.5782840847969,60.36571592092514
93.45452439785004,1058.823475599289
92.49872773885727,77.20427227020264
92.98693257570267,78.34606742858887
92.30813318490982,78.7108668088913
93.03633725643158,80.29666274785995
94.95054191350937,79.17945808172226
143.4387491941452,77.24625080823898
575.0199521780014,40.40604782104492
997.8772323727608,57.454767644405365
94.2544298171997,1162.4675701856613
92.05762785673141,77.35037213563919
92.32383120059967,77.73216879367828
95.23803383111954,83.03996616601944
93.92923498153687,83.66376501321793
93.69543224573135,82.67556774616241
179.05379927158356,81.74220073223114
572.394124507904,83.58787548542023
973.2703704833984,57.581629514694214
109.59257400035858,1129.8514260053635
92.52478069067001,77.92021930217743
92.58698016405106,1064.8020198345184
90.72317898273468,77.48082101345062
91.84137552976608,77.80762445926666
93.6435758471489,78.56042414903641
186.66891330480576,29.313086688518524
613.6201539635658,53.0098460316658
40.49743431806564,77.20656567811966
502.8186362981796,75.32936370372772
911.768887758255,37.008112251758575
95.05414259433746,1043.612857401371
93.78234040737152,81.69965958595276
95.91854214668274,81.87745785713196
92.46274554729462,84.20425444841385
93.02494537830353,81.64205461740494
94.697145819664,84.65485417842865
153.4633754491806,84.99862456321716
537.3956226110458,44.65937739610672
967.402854859829,58.72714513540268
96.15005630254745,1140.9239436984062
96.58325827121735,81.2697417140007
91.34845840930939,80.15154159069061
91.50265699625015,77.36734300851822
94.4728575348854,78.89814245700836
92.6830644607544,79.07693552970886
160.72643840312958,75.12556159496307
617.9556345939636,38.00736540555954
969.6289697885513,53.445030212402344
95.46817028522491,1142.0868297219276
92.90137183666229,82.78462815284729
96.70457005500793,84.46242994070053
95.59977704286575,81.34422296285629
92.42098259925842,82.35601741075516
94.02017837762833,78.51682162284851
153.58257138729095,77.19542860984802
548.1078513264656,42.596148669719696
88.8000898361206,726.7559101581573
428.12034183740616,37.4346581697464
840.0536171793938,51.020382821559906
77.76390689611435,989.6610931158066
94.58520185947418,78.46979814767838
95.98040401935577,82.12959599494934
93.57959932088852,81.25340068340302
93.4377960562706,81.89520394802094
96.62999260425568,83.40700739622116
44.09918975830078,83.1778102517128
482.0503956079483,82.7456043958664
873.5936845541,40.66531544923782
97.60088974237442,1028.844110250473
95.55209016799927,86.13390982151031
92.484290599823,81.40470939874649
92.62149214744568,80.02750784158707
94.05369848012924,82.00230151414871
93.50489979982376,83.47710019350052
124.91809785366058,78.17490214109421
543.8133416175842,44.18665838241577
969.2275733947754,59.06842660903931
101.71577370166779,1139.9142262935638
94.66697305440903,77.42502695322037
92.08117723464966,77.45582276582718
92.47537535429001,80.07862466573715
91.03757518529892,78.73942482471466
91.34077352285385,77.49222648143768
163.7361204624176,28.559879541397095
641.8923837542534,54.47861623764038
877.6199412345886,55.86005878448486
315.33119201660156,35.37280797958374
744.7824438810349,49.31055611371994
1187.436697781086,54.544302225112915
93.16599071025848,84.05700927972794
93.17219305038452,80.88280695676804
97.93840539455414,82.54259461164474
118.53763890266418,104.66636109352112
100.7478541135788,80.03014588356018
90.9760851264,79.37591487169266
328.40932404994965,75.60967594385147
738.5825700759888,45.32442992925644
1158.2558221817017,65.81917780637741
90.59506869316101,78.0159313082695
102.157266497612,77.65673351287842
92.55246949195862,78.11353051662445
90.91166925430298,79.0693307518959
92.26986682415009,77.39713317155838
92.14607155323029,79.40892845392227
379.542329788208,75.79067021608353
798.604564666748,48.21043533086777
1183.444908618927,60.61109137535095
101.80316179990768,85.84483820199966
93.60640978813171,78.9125902056694
94.29761791229248,85.6833820939064
90.97081869840622,77.3441812992096
91.70001769065857,77.94798231124878
90.42821669578552,78.05278331041336
379.00945991277695,78.32354009151459
794.3497030735016,47.55829691886902
259.68896412849426,77.92203587293625
571.4924215078354,42.17457848787308
998.6476681828499,59.964331805706024
93.91290646791458,1157.6060935258865
91.6421189904213,79.09988099336624
92.38931900262833,78.3326810002327
94.52552074193954,78.28947925567627
91.86471939086914,78.0792806148529
91.57492011785507,82.83207988739014
195.4533132314682,98.10268676280975
559.1626260876656,87.13337391614914
993.6888541579247,51.03414583206177
94.7880585193634,1148.6759414672852
91.90525329113007,80.53874671459198
92.65245193243027,83.55154806375504
93.08464926481247,82.45235073566437
94.60985040664673,83.6121495962143
92.61705660820007,79.01394337415695
154.14243149757385,78.74756848812103
549.3697319626808,32.81426805257797
961.3949795365334,60.30802047252655
105.67918229103088,1133.0418177247047
91.686379134655,81.27662086486816
93.4525780081749,78.3434219956398
91.42277872562408,77.15222126245499
91.52098435163498,79.03501564264297
94.00918275117874,81.45281726121902
152.18255245685577,77.13244754076004
565.9677951335907,38.92120486497879
990.5110383033752,48.841961681842804
493.1832822561264,23.982717752456665
862.3205693364143,53.254430651664734
95.58577543497086,1037.7282245755196
92.87005180120468,78.7029482126236
97.04325670003891,89.52974331378937
91.19845873117447,78.98654127120972
91.35265743732452,77.83134257793427
92.80386662483215,78.90013337135315
85.40306568145752,78.09593433141708
483.50236970186234,25.219630300998688
899.1756194233894,48.13938057422638
94.01586812734604,1053.762131869793
100.6330696940422,81.38493031263351
93.973273396492,83.10072660446167
93.20147454738617,81.57552546262741
91.35667550563812,76.69832450151443
89.90087449550629,78.56212550401688
146.79507219791412,77.55592775344849
567.6172778606415,39.34572213888168
966.179567694664,53.764432311058044
98.2787669301033,1145.9802330732346
90.84096503257751,77.25203496217728
93.90316677093506,80.98583322763443
90.39136910438538,78.62763088941574
95.39757215976715,82.63942784070969
92.69977229833603,77.6332277059555
157.5031510591507,76.64484894275665
564.6214529275894,79.54554706811905
961.553704738617,52.65029525756836
441.65394926071167,78.01405072212219
815.3632698655128,47.599730134010315
84.62850886583328,982.4454911351204
92.63570773601532,80.0862922668457
90.75290840864182,79.04209160804749
92.88910925388336,79.47989076375961
92.56231099367142,78.30668902397156
92.32951331138611,80.52348667383194
44.68775421380997,82.44224578142166
493.3239776492119,81.3620223402977
898.8672236204147,42.48477637767792
94.81748116016388,1042.7925188541412
95.39968144893646,83.4713185429573
94.34988152980804,81.6861184835434
96.4120843410492,83.01291567087173
96.04828494787216,83.76671504974365
93.44348967075348,83.51951032876968
130.3766918182373,73.327308177948
559.845935344696,79.63606464862823
965.5381726026535,53.33182740211487
95.08136337995529,1150.82563662529
92.69856065511703,82.59743934869766
91.631760597229,81.1642394065857
94.24895918369293,84.01004081964493
90.3851625919342,82.67083740234375
92.94837290048599,79.49762707948685
156.5097432732582,77.82325673103333
565.2939985990524,41.114001393318176
991.3932349085808,58.291765093803406
94.1044750213623,1157.2105249762535
897.5176804065704,53.92631959915161
95.24692797660828,1058.1610720157623
92.25312894582748,79.87687104940414
93.24132770299911,82.25867229700089
93.97052764892578,82.12247234582901
151.0318853855133,83.31911462545395
92.85407996177673,82.29392004013062
58.00834035873413,83.06565964221954
484.903575360775,81.65142464637756
889.1698296666145,41.33017033338547
93.49106276035309,1048.305937230587
91.62826204299927,80.09473794698715
91.00445890426636,80.38454109430313
91.54765748977661,79.78534251451492
89.20285499095917,76.70514500141144
90.43105512857437,77.84594488143921
174.25326389074326,95.11773610115051
532.2225536704063,39.14844632148743
960.5257844924927,51.88221549987793
94.5129827260971,1144.9130172729492
90.20518320798874,78.72081679105759
89.54538059234619,78.93661940097809
90.21857851743698,78.4664214849472
91.57578319311142,79.07121682167053
90.08298814296722,78.73201185464859
155.8673467040062,78.78065329790115
565.4855896234512,36.144410371780396
971.9558853507042,58.1371146440506
93.92408883571625,1150.5749111771584
893.3382840752602,55.975715935230255
91.2335222363472,1064.0624777674675
90.29571878910065,77.8512812256813
91.58092272281647,77.38307726383209
94.99512416124344,86.48687583208084
155.4824622273445,78.36853778362274
92.28566491603851,78.7333350777626
52.1809304356575,78.80106955766678
485.87316834926605,76.2748316526413
883.157419025898,58.009580969810486
90.49766236543655,1055.2623376250267
92.57786178588867,80.2921382188797
94.51006132364273,82.85993868112564
93.18425703048706,84.16774296760559
93.50545567274094,82.55054432153702
94.19765841960907,81.56334155797958
132.75886577367783,79.77813422679901
563.5990682244301,44.882931768894196
986.0503096580505,57.33869034051895
88.42654407024384,1172.554455935955
105.67375606298447,96.36324393749237
92.58800917863846,80.98499083518982
91.79821121692657,81.14578878879547
95.02741014957428,84.69458985328674
91.31160879135132,79.4103912115097
150.29994481801987,77.84805518388748
555.9732513427734,24.119748651981354
962.4234902262688,57.52050977945328
439.9889217019081,79.67807829380035
65.4771938920021,619.8388060927391
303.22444623708725,77.035553753376
704.9337346553802,34.306265354156494
1127.5329651236534,57.44803488254547
89.52216303348541,77.97883695363998
91.13938164710999,79.50861835479736
89.47958368062973,79.61341631412506
91.87478858232498,80.36621141433716
95.3259893655777,82.9710106253624
93.48019397258759,84.01980602741241
370.9864310026169,81.32756900787354
781.0486739873886,51.72832602262497
1165.2590100765228,58.4619899392128
89.8402487039566,79.41875129938126
92.88344609737396,80.43055391311646
90.29765111207962,80.27634888887405
90.00785076618195,77.51014924049377
90.94105219841003,80.07794779539108
89.98425102233887,78.01574897766113
389.2504658102989,32.175534188747406
802.8677361607552,49.42826384305954
646.9119647741318,445.5880352258682
89.06616795063019,83.34183204174042
92.38736706972122,81.8346329331398
90.87556940317154,80.77243059873581
90.95676982402802,84.19223016500473
91.12897020578384,78.98102980852127
41.13619363307953,80.64180636405945
483.5874224305153,78.8935775756836
893.6686660051346,49.368333995342255
368.9709154367447,77.54708456993103
770.4781671762466,42.74483281373978
1162.576489508152,60.5345104932785
91.99073827266693,80.65726172924042
89.38593679666519,78.85406321287155
94.94913703203201,84.53286296129227
94.21433782577515,85.91566216945648
94.3875344991684,86.66746550798416
93.94973087310791,81.9582691192627
413.40093594789505,81.6550640463829
796.8892238140106,42.38877618312836
85.67243432998657,980.4565656781197
95.08763420581818,83.00636577606201
90.48283296823502,83.86916702985764
92.56302613019943,83.34397387504578
90.19922637939453,80.02277362346649
102.61342549324036,79.31257450580597
56.712662518024445,78.76933747529984
485.51488929986954,78.2251107096672
889.5591346621513,52.49586534500122
91.06537175178528,1067.5086282491684
89.25756847858429,79.70543152093887
88.74476557970047,76.69923442602158
91.27096271514893,78.00703728199005
90.87016355991364,76.6668364405632
98.56136798858643,86.21563202142715
143.82757771015167,85.35742229223251
560.7047966718674,40.18420332670212
995.7290291786194,55.436970829963684
469.1992874145508,84.46771258115768
848.4285867810249,43.46141320466995
116.37883275747299,985.7131672501564
91.96008402109146,85.37391597032547
89.65128296613693,79.8857170343399
89.58448547124863,77.545514523983
90.6456909775734,79.55730903148651
89.50489509105682,79.49610489606857
53.178121626377106,78.5258783698082
486.85136365890503,79.53863632678986
887.6916048526764,59.38239514827728
90.86384987831116,1061.043150126934
97.18605095148087,86.3889490365982
94.00727969408035,78.8447203040123
91.4574863910675,80.0425136089325
89.40869218111038,79.40630781650543
91.17489582300186,81.41810417175293
120.73709672689438,80.67090326547623
553.6133476495743,82.03365236520767
957.2875784635544,56.65742152929306
91.5897765159607,1151.928223490715
91.85597532987595,77.12502467632294
94.8811725974083,79.87782740592957
90.74037230014801,79.40862768888474
89.46857678890228,78.7174232006073
90.38177758455276,78.43322241306305
146.81515622138977,81.14784377813339
566.5803773403168,45.67862266302109
1009.9016253352165,68.04237467050552
93.01989412307739,1154.1651058793068
883.5820959806442,50.287904024124146
88.64434462785721,1057.1336553692818
89.94753921031952,79.23746079206467
90.12074148654938,77.6572585105896
90.90494245290756,78.63205754756927
151.1522668004036,78.01373320817947
90.01046395301819,76.41553604602814
82.51665890216827,78.07534110546112
481.9689736366272,80.29102635383606
888.7902154326439,50.95078456401825
90.85245990753174,1056.796540081501
90.37665665149689,76.91934335231781
90.27185708284378,77.26514291763306
91.53806006908417,78.23993992805481
90.35926377773285,83.34373623132706
94.21746319532394,80.44953680038452
125.31766676902771,78.68233323097229
535.3419404625893,34.88005954027176
974.2751380205154,60.761861979961395
94.0223805308342,1151.5526194572449
91.30657702684402,79.6194229722023
93.3687772154808,78.26122277975082
89.94997960329056,81.21702039241791
91.30718064308167,78.52581936120987
92.55538803339005,80.20461195707321
148.46974855661392,79.32725143432617
561.5499911904335,47.228008806705475
961.2602964639664,59.647703528404236
93.22948801517487,1158.4745119810104
890.7546893358231,46.060310661792755
92.3539462685585,1055.3310537338257
110.97217094898224,89.13882905244827
89.6454553604126,80.09554463624954
90.85465252399445,78.05234748125076
147.02786719799042,80.67513281106949
95.75806653499603,78.61293345689774
45.949329018592834,82.23567098379135
472.75258100032806,79.65541899204254
882.7958266735077,46.70417332649231
89.71007347106934,1053.5679265260696
93.88327270746231,78.1357272863388
90.2594742178917,77.36952579021454
90.19267755746841,78.99332243204117
90.51387560367584,77.80012440681458
90.31707054376602,78.3129294514656
126.67527139186859,78.6217285990715
562.3854768276215,31.20752316713333
954.0777831673622,56.200216829776764
96.54698646068573,1139.2120135426521
94.9981923699379,83.57680761814117
91.37539100646973,80.21760898828506
93.10359227657318,82.13740772008896
90.8878088593483,79.6111911535263
91.06101030111313,79.43898969888687
144.9383339881897,80.04266601800919
557.351591527462,45.25840848684311
985.3408344388008,58.51116555929184
95.53209495544434,1152.8199050426483
90.87229925394058,79.72070074081421
91.19350427389145,1075.1024957299232
92.20070278644562,79.26229721307755
89.68790727853775,77.64509272575378
89.65810811519623,79.82389187812805
149.14546781778336,78.03953218460083
555.6157116293907,44.62528836727142
91.43695574998856,79.60004425048828
450.5731927752495,33.81580722332001
879.3384317755699,48.14256823062897
91.91968709230423,1046.7473129034042
89.96388620138168,78.79611378908157
92.4700898528099,79.53091013431549
89.3282927274704,79.89370727539062
96.00249242782593,78.51750755310059
92.04569578170776,79.88130420446396
95.60690051317215,26.374099493026733
526.9661493897438,35.2378506064415
950.6943774819374,53.11962252855301
95.21958470344543,1139.872415304184
92.7077865600586,85.97721344232559
92.39998930692673,79.08201068639755
92.3871967792511,79.31580322980881
90.69040024280548,80.16159975528717
92.12360203266144,81.821397960186
143.49995374679565,78.31504625082016
563.6181903481483,33.715809643268585
962.9585037827492,50.023496210575104
91.05670988559723,1148.2392901182175
89.50793200731277,79.95506799221039
90.42213547229767,1060.5598645210266
90.65033841133118,80.1276615858078
89.15654075145721,79.41645926237106
89.53473889827728,78.39126110076904
150.54105705022812,78.86694294214249
559.6403086781502,42.89669132232666
99.1655467748642,84.09345322847366
478.5057806968689,88.30921930074692
840.531108558178,47.20989143848419
114.9073578119278,993.8516421914101
90.43261879682541,80.28938120603561
102.51281666755676,78.48718333244324
94.26101571321487,80.79498428106308
89.61921632289886,78.51078367233276
94.38541358709335,81.33758640289307
53.298628091812134,75.81237190961838
463.00891280174255,82.00908720493317
881.9601466059685,49.298853397369385
88.63339108228683,1061.2186089158058
91.28858602046967,78.84141397476196
89.23878759145737,77.90821242332458
91.78298562765121,78.45801436901093
92.78918635845184,80.6548136472702
97.96240085363388,84.20359915494919
101.32064777612686,78.71535223722458
521.6049110293388,80.26408898830414
917.2421725392342,54.165827453136444
90.41443902254105,1091.0115609765053
103.31063586473465,80.48536413908005
88.81683099269867,79.70116901397705
89.76802933216095,80.12097066640854
93.25622922182083,79.44777077436447
90.65143191814423,80.3665680885315
148.1216503381729,80.82334965467453
551.2389099001884,49.39109009504318
48.44914501905441,73.05085498094559
460.0113796591759,84.2666203379631
880.0726281404495,32.81537181138992
94.87687408924103,1044.179125905037
89.53107398748398,78.96792602539062
105.13027036190033,80.48072963953018
89.5254864692688,80.71451354026794
93.43968641757965,83.57831358909607
91.90888553857803,81.7201144695282
103.47108465433121,84.25091534852982
551.0892904996872,36.61470949649811
946.0215834379196,57.4964165687561
92.62078577280045,1147.4722142219543
92.75700318813324,80.40899682044983
90.31919759511948,81.79180240631104
116.23339611291885,66.78560388088226
100.11059874296188,87.6674012541771
91.9498000741005,80.77219992876053
158.34512931108475,81.6908707022667
564.2963957190514,35.53660428524017
979.9886370897293,57.14136290550232
98.36488980054855,1153.3011102080345
90.11310666799545,79.66489332914352
90.8973081111908,78.695691883564
93.70050776004791,85.68949222564697
92.33570629358292,79.1822937130928
90.19490504264832,82.00909495353699
140.40525817871094,79.72474181652069
565.3745005726814,33.12549942731857
993.5477417707443,51.766258239746094
455.0739903450012,86.39000964164734
838.4313068389893,45.920693159103394
99.97555041313171,1005.7104495763779
92.5738074183464,85.01819258928299
91.85901242494583,86.32598757743835
89.86521005630493,81.78278994560242
92.16841369867325,83.44258630275726
103.43463057279587,87.62136942148209
90.44088476896286,80.89311522245407
460.76212614774704,80.69987386465073
843.0644369125366,40.67556309700012
117.08969557285309,982.3163044452667
104.07893776893616,79.81006222963333
93.77014034986496,80.7848596572876
93.81434041261673,81.6116595864296
93.56154400110245,82.56845599412918
90.71574300527573,81.3022570014
58.314946711063385,81.33305329084396
509.74714785814285,83.51085215806961
881.4584494233131,52.85655057430267
91.94569253921509,1065.720307469368
91.04588758945465,82.23311239480972
89.40408557653427,80.09591442346573
89.94628059864044,82.33071941137314
91.32448118925095,80.78651881217957
98.33068603277206,89.07631397247314
139.63288289308548,85.1441171169281
549.0111132264137,39.30388677120209
987.0173590183258,56.723640978336334
454.245599091053,83.77240091562271
864.251851439476,52.45114856958389
93.94410008192062,1034.2968999147415
92.02529698610306,84.14170300960541
92.99449622631073,87.46850377321243
99.148692548275,85.62830746173859
92.17389005422592,85.08510994911194
93.57008796930313,86.72591203451157
97.16830241680145,85.62769758701324
518.1565488576889,34.78745114803314
950.1077811717987,58.63221883773804
94.70698207616806,1143.5330179333687
99.38019794225693,87.76780205965042
94.75739419460297,83.52060580253601
94.30058985948563,85.95841014385223
92.88179260492325,81.74720740318298
88.72199559211731,83.63100439310074
151.11732810735703,77.17867189645767
560.5685656666756,41.801434338092804
981.445816218853,59.388183772563934
91.86006313562393,1166.1599368453026
88.93926018476486,78.65273982286453
89.44645249843597,80.29354751110077
94.76764982938766,86.80535018444061
93.12584924697876,87.81815075874329
93.98404717445374,84.45995283126831
236.19425290822983,81.34274709224701
574.7937096357346,25.761290371418
982.634937107563,53.44006288051605
91.28918379545212,1166.9148162007332
885.2773984670639,56.129601538181305
90.33965134620667,1063.6053486466408
89.56884914636612,80.67215085029602
88.87104141712189,80.38795858621597
94.22924160957336,84.75175839662552
146.62458157539368,85.07841843366623
94.52078080177307,91.31321918964386
41.545026779174805,81.32497322559357
480.07029247283936,72.72470754384995
870.3735300898552,80.66346991062164
89.99077218770981,1061.471227824688
146.21996450424194,51.35403549671173
99.079170525074,86.16282945871353
90.45541405677795,83.67358595132828
95.53661072254181,84.11138927936554
89.87580925226212,81.7351907491684
111.03000712394714,77.33899289369583
536.5012099146843,42.51879006624222
938.9515084028244,60.27049160003662
92.25369918346405,1152.0793008208275
94.61290884017944,85.49809116125107
89.86010777950287,79.86189222335815
89.07030642032623,82.52169358730316
89.53950291872025,80.42349708080292
88.97270375490189,80.60129624605179
145.07105243206024,77.00294756889343
556.8562807440758,38.16271924972534
979.1595321297646,59.71146786212921
108.20278817415237,1160.6862118244171
830.6351097822189,50.17989021539688
129.69736194610596,971.7096380591393
91.81560617685318,84.83239382505417
91.30380153656006,84.38219845294952
93.12399923801422,84.95000076293945
131.76119607686996,84.23980391025543
96.15639477968216,90.28860521316528
92.1446368098259,91.98536318540573
444.8178962469101,42.96010375022888
840.8801243305206,40.37987565994263
94.53436803817749,1054.6686319708824
91.48555999994278,86.88444000482559
91.80675321817398,86.43324679136276
91.51694959402084,88.57505041360855
93.26514476537704,86.86485522985458
91.67934191226959,87.30265808105469
130.2775422334671,85.4264577627182
558.7837746143341,33.34622538089752
977.4570188522339,53.96798115968704
91.50126361846924,1165.2577363848686
91.37845551967621,85.3255444765091
91.56965059041977,88.07834941148758
93.39084732532501,88.16415268182755
93.10104608535767,85.7689539194107
94.31224173307419,87.35475826263428
238.79943943023682,85.88556057214737
543.5469108223915,40.60108917951584
978.720137834549,50.18686217069626
94.76437902450562,1158.3836209774017
100.93757224082947,91.729427754879
91.7957683801651,1102.3712316155434
90.13596522808075,82.5120347738266
90.95716387033463,82.09883612394333
100.63136458396912,96.40663540363312
231.21156668663025,28.02943331003189
93.73694425821304,89.43005573749542
75.96613907814026,84.97886091470718
500.0463705062866,38.213629484176636
920.6446270942688,54.81737291812897
93.63388758897781,1092.515112400055
93.15808135271072,87.19391864538193
92.07227903604507,88.85272097587585
93.3014822602272,87.71751773357391
91.80768138170242,88.7103186249733
94.12887692451477,89.83412307500839
141.87612748146057,86.56787252426147
560.0863634943962,39.320636510849
985.3716058135033,53.628394186496735
105.15486758947372,1155.2701324224472
95.38412654399872,92.54087346792221
92.8733240365982,88.20167595148087
94.43452221155167,88.36147779226303
93.14571988582611,86.83628010749817
94.42891931533813,90.9960806965828
142.4362466931343,85.80475330352783
560.9054921269417,35.11250787973404
978.6347332000732,65.95826679468155
95.88197606801987,1168.099023938179
91.12916988134384,88.37183010578156
92.9503681063652,1094.8086318969727
93.99356263875961,87.74643737077713
91.74176144599915,85.12923854589462
89.13696473836899,82.29003524780273
233.21716064214706,79.37483936548233
641.8355447649956,56.646455228328705
98.28702855110168,91.65797144174576
427.64523059129715,82.07676941156387
806.2624853253365,53.03451466560364
86.82476162910461,978.9712383747101
92.22095966339111,88.63104033470154
107.07815307378769,89.73584693670273
92.80735158920288,89.58164840936661
94.44354623556137,84.57445377111435
89.98674988746643,85.4382501244545
40.085948169231415,79.41305184364319
472.3152130842209,84.2777869105339
880.6374454498291,47.122554540634155
96.2736908197403,1052.6533091664314
94.57588303089142,87.29411697387695
98.10107654333115,89.38092344999313
93.84827321767807,88.79972678422928
94.87346971035004,87.90453028678894
101.00966989994049,85.879330098629
143.07186621427536,85.87313377857208
559.2640897035599,34.75591027736664
973.8073402047157,53.43365979194641
92.98058491945267,1159.7044150829315
92.30177927017212,85.08722072839737
92.43797296285629,1094.19102704525
91.83317148685455,90.46282851696014
100.71037048101425,89.21562951803207
88.71656721830368,82.02443277835846
237.5007655620575,80.07223445177078
559.7302105426788,35.71478945016861
90.90344506502151,83.63355493545532
461.89269679784775,78.81130319833755
858.675961971283,48.71303802728653
94.62721824645996,1038.428781747818
94.91141366958618,87.62558633089066
94.3076102733612,88.85938972234726
94.59080249071121,89.20519751310349
90.37499833106995,90.38400167226791
90.97519391775131,81.74680608510971
112.9074102640152,85.01858973503113
504.00667107105255,45.3453289270401
95.2420905828476,1150.368909418583
90.10029458999634,83.08470541238785
89.2184869647026,81.11551302671432
93.7426808476448,87.70131915807724
100.21287524700165,89.21312475204468
95.90407192707062,86.94692808389664
163.13346648216248,83.49653351306915
541.4737262129784,39.786273777484894
948.6470259428024,42.574974060058594
95.48622512817383,1147.772774875164
89.90043354034424,85.28456646203995
89.79662889242172,83.61137109994888
90.52482575178146,83.16017425060272
95.82802188396454,86.74697810411453
91.87123262882233,82.48076736927032
166.15557312965393,66.2704268693924
554.6438140273094,40.39318597316742
977.8730587363243,57.793941259384155
446.82330644130707,80.65769356489182
829.6826247572899,48.87337523698807
92.02284908294678,1029.1621509194374
94.78809660673141,86.91490340232849
100.86930900812149,82.29769098758698
92.22755891084671,87.3834410905838
101.10375791788101,90.19224208593369
91.29595535993576,82.2590446472168
52.154154539108276,80.08584547042847
461.6424206495285,80.41257935762405
879.333643078804,47.36935693025589
96.3588929772377,1060.2521070241928
89.57008612155914,84.29991388320923
90.05827897787094,86.49772101640701
100.32347476482391,88.13952523469925
92.20067125558853,83.09532874822617
89.53986656665802,85.7741334438324
135.52806162834167,81.95293837785721
544.51629114151,43.22470885515213
981.6895349025726,51.106465101242065
92.56678491830826,1167.896215081215
91.01798403263092,83.22301596403122
93.24617999792099,83.06782001256943
92.23438149690628,84.5436185002327
92.59258264303207,83.11041736602783
90.54477989673615,83.36322009563446
248.03197693824768,83.96802306175232
578.5754089355469,83.83159106969833
980.3606544733047,63.32434552907944
420.27390772104263,40.263092279434204
857.2811653614044,50.90383464097977
91.04640525579453,1049.8235947489738
90.25760096311569,83.15039902925491
91.44879466295242,82.66220533847809
87.80798953771591,81.52601045370102
95.44318044185638,84.88981956243515
88.02437686920166,80.60562312602997
119.4005771279335,33.58042287826538
548.889782845974,37.925217151641846
969.377027451992,58.7519725561142
91.30926442146301,1166.3197355866432
86.53845769166946,79.47954231500626
90.50765013694763,88.17734986543655
96.36584508419037,87.43015491962433
91.94704347848892,85.12695652246475
91.36124128103256,89.54575872421265
239.83043789863586,86.39156210422516
551.6338959932327,34.959104001522064
979.7151253223419,55.76687467098236
96.0173614025116,1173.278638601303
89.56155723333359,87.16144275665283
91.67874777317047,84.32125222682953
92.9629476070404,83.59205240011215
94.9141463637352,92.47485363483429
94.23534715175629,89.00565284490585
239.50054454803467,84.88745546340942
558.0260081291199,36.41799187660217
982.6252372860909,48.37376272678375
91.52143448591232,95.44156551361084
912.2496317028999,42.95436829328537
93.88688743114471,1095.484112560749
91.13408559560776,82.86691439151764
94.76928281784058,87.48971718549728
92.35048592090607,85.26151406764984
94.8386914730072,86.8643085360527
90.04900294542313,83.80299705266953
112.51819789409637,84.40780210494995
540.4503920674324,42.197607934474945
953.0876455307007,56.00535446405411
108.00089848041534,1137.925101518631
94.24815410375595,88.63984590768814
90.92134714126587,84.0406528711319
91.31654369831085,87.97945630550385
92.50973671674728,88.28726327419281
104.21893244981766,86.39206755161285
131.92924624681473,84.94075375795364
544.3434892892838,52.61951071023941
981.683736205101,54.612263798713684
94.1529825925827,1160.2920174002647
89.73417145013809,84.43282854557037
89.20336562395096,81.94563436508179
91.48756039142609,87.80843961238861
92.29075634479523,84.9312436580658
92.12995344400406,86.38804656267166
239.11915159225464,86.90084838867188
656.310532450676,45.707467555999756
939.0949508547783,45.92304915189743
98.65715676546097,1140.045843243599
853.3303681015968,44.37363189458847
95.15160751342773,1041.866392493248
93.954803109169,87.73019689321518
96.20201164484024,85.94598835706711
91.81921100616455,84.6247889995575
136.65949553251266,79.08150446414948
109.2037136554718,93.22228634357452
57.94990795850754,84.25309205055237
503.92010563611984,81.0248943567276
905.2413676977158,45.609632313251495
91.41462361812592,1091.3813763856888
92.62581825256348,83.46718174219131
90.37201392650604,85.53498607873917
94.74920755624771,90.04679244756699
93.36740642786026,90.33659356832504
90.53960901498795,81.83039098978043
116.34384495019913,32.86115503311157
548.5910849571228,42.98391503095627
977.3933294415474,46.73567056655884
92.04857206344604,1172.8784279227257
92.96177297830582,85.5562270283699
90.52497655153275,83.38302344083786
97.19817578792572,80.80282419919968
93.46338617801666,82.0916138291359
123.91359066963196,65.08540934324265
203.49479240179062,84.69020760059357
556.3722168207169,84.62778317928314
966.8604666590691,64.69553333520889
97.08872312307358,1154.5582768917084
874.6519466638565,45.88505333662033
101.5472651720047,1007.4537348151207
96.35053086280823,84.76046913862228
96.1897382736206,86.45826172828674
92.38194715976715,82.84005284309387
104.20316421985626,79.79683578014374
92.02440994977951,83.7905900478363
92.99364972114563,86.11735028028488
444.51885491609573,82.8141450881958
818.0621616244316,46.67883837223053
129.68041437864304,964.0045856237411
93.35367065668106,81.46032935380936
91.41587752103806,85.80612248182297
95.12608247995377,85.85591751337051
93.57729256153107,81.47870743274689
90.08449763059616,80.10150235891342
104.10875231027603,93.65024769306183
380.24506109952927,34.013938903808594
801.1043186187744,51.766681373119354
1196.9806169867516,64.48138302564621
435.1195503473282,34.28744965791702
846.3108223080635,50.059177696704865
91.17006826400757,1044.2929317355156
93.43626743555069,86.84173256158829
646.720475435257,437.3535245656967
92.83777171373367,87.4402282834053
98.2889746427536,85.98902535438538
95.31417447328568,89.00082552433014
49.76438111066818,73.34561890363693
491.91959315538406,83.87640684843063
93.90792000293732,86.62907999753952
328.7661489248276,86.90085107088089
751.4034016728401,44.70859831571579
1137.6127242445946,64.51627576351166
91.7859805226326,83.17701947689056
94.03319519758224,82.35480481386185
92.68840700387955,85.34859299659729
93.06560641527176,87.87839359045029
92.99880647659302,86.0211935043335
94.72700983285904,90.0139901638031
328.7332715392113,85.15572845935822
755.5545013546944,44.63049864768982
1138.4688536524773,65.03114634752274
99.68008017539978,86.54391980171204
89.22228521108627,79.90671479701996
94.7104840874672,83.36351591348648
99.58768689632416,80.33831310272217
90.72388899326324,83.7211109995842
92.39709115028381,82.38090884685516
389.71829348802567,84.0407065153122
774.4845899343491,49.923410058021545
663.1208171248436,433.9711828827858
585.4634528160095,31.389547169208527
99.19174933433533,86.90025067329407
451.086995780468,87.95000422000885
825.390318274498,45.81368172168732
95.2115216255188,1034.6774783730507
93.49672323465347,87.72627675533295
94.65092521905899,80.46107476949692
91.26812696456909,84.73187303543091
92.03432899713516,81.50267100334167
96.43053430318832,88.21846568584442
90.99173998832703,86.1372600197792
488.3139989376068,91.51900106668472
899.9872646331787,48.438735365867615
94.36453747749329,1087.9504625201225
91.22274559736252,82.05525439977646
96.46995568275452,89.51204431056976
90.47615814208984,79.91284185647964
94.00135987997055,85.33164012432098
95.08156079053879,88.14043921232224
119.47676855325699,90.05923146009445
553.6139873862267,34.10801261663437
962.2122461795807,53.04675382375717
97.12649792432785,1154.7995020747185
95.1697245836258,87.86627542972565
92.04793322086334,82.87906676530838
95.55413866043091,87.59486132860184
93.17134618759155,86.32865381240845
94.27155286073685,88.34044712781906
102.33389937877655,84.50010061264038
546.3581283688545,90.21587163209915
927.3654477596283,54.227552235126495
379.63072568178177,86.70227432250977
779.081960439682,46.65903955698013
657.4222500324249,444.44874995946884
556.39388692379,88.49511307477951
977.1041916012764,46.80380839109421
92.7214338183403,1173.7405661940575
94.39563691616058,81.88336306810379
91.34684491157532,80.59815508127213
96.37204772233963,88.77695226669312
94.87726211547852,89.41873788833618
94.5514708161354,86.96752917766571
118.4648312330246,86.72016876935959
550.4540759325027,31.638924062252045
965.2743287682533,53.336671233177185
110.13258337974548,1148.3114166259766
96.34283971786499,87.7491602897644
99.4800540804863,88.29794591665268
90.89426225423813,81.08773773908615
91.53047096729279,82.24752902984619
93.22267955541611,80.85232043266296
126.30297178030014,80.5300282239914
545.9762116670609,34.09878832101822
952.6674708127975,58.40652918815613
415.48971951007843,32.17828047275543
813.9030295014381,40.281970500946045
93.07633209228516,981.7376679182053
96.49064207077026,84.63935792446136
89.62584984302521,80.81815016269684
92.63305258750916,82.64494740962982
94.56625980138779,84.35974019765854
101.42347931861877,87.29752069711685
93.70873534679413,81.32826465368271
387.58594340085983,82.13705658912659
739.6112502813339,73.57474970817566
655.4324863553047,429.8825136423111
92.30978548526764,84.76521450281143
93.00098878145218,86.85101121664047
96.0811939239502,85.3078060746193
92.64340442419052,87.09659558534622
95.03861045837402,89.83038955926895
99.4898167848587,90.06518322229385
389.4600401520729,91.79995983839035
797.6883122324944,41.3666877746582
653.3436012864113,439.5263987183571
94.12790673971176,88.55809324979782
93.1721083521843,88.9208916425705
99.93733096122742,93.0816690325737
91.16556602716446,88.07443398237228
96.78376269340515,91.73523730039597
93.29099327325821,81.8200067281723
365.9822002649307,31.794799745082855
768.5074948072433,36.17750519514084
649.995708823204,448.28229117393494
92.61533045768738,86.18066954612732
57.62257331609726,80.137426674366
488.147776722908,36.778223276138306
864.7841217517853,46.678878247737885
95.30934363603592,1073.746656358242
94.22254902124405,89.9244509935379
92.39575600624084,91.30724400281906
93.34696406126022,91.80103594064713
94.20516812801361,92.05383187532425
103.1753916144371,93.08460837602615
82.25564134120941,90.30035865306854
486.05888748168945,37.14511251449585
905.4731454849243,52.8418545126915
95.38640707731247,1100.4645929336548
96.98561120033264,84.79138880968094
95.88181287050247,89.37818711996078
93.72202950716019,86.98297047615051
93.39524418115616,89.01275581121445
93.8454481959343,89.48755180835724
117.44466441869736,90.59233558177948
545.6918944120407,42.45610558986664
936.8831479549408,58.06085205078125
100.96438986063004,1156.3866101503372
859.4346159696579,45.21438401937485
92.77387303113937,1045.5591269731522
93.87306886911392,87.99693113565445
91.13927191495895,87.04572808742523
92.97947078943253,88.57652920484543
101.42978543043137,30.84821456670761
92.9920203089714,85.6189796924591
93.79522675275803,91.87177324295044
441.5984998345375,89.16150015592575
810.2348340153694,43.858165979385376
1216.000072658062,58.054927349090576
94.65434938669205,92.0856506228447
94.25355887413025,88.87544113397598
94.39076548814774,87.1462345123291
94.50798100233078,84.95501899719238
91.44119030237198,83.29980969429016
94.20643091201782,83.57156908512115
429.7876370549202,34.47236293554306
817.4049530029297,49.89204698801041
97.44919043779373,1014.8288095593452
94.97345888614655,88.02654111385345
98.99967271089554,87.98332726955414
92.54288017749786,83.30911982059479
91.45608365535736,85.11691635847092
90.90829360485077,85.79670637845993
91.45153969526291,83.54946029186249
441.67974853515625,81.72825145721436
838.5200328230858,54.20196717977524
689.9153324961662,443.06666749715805
553.5171021223068,32.16789788007736
96.91239500045776,83.23560500144958
437.56760454177856,84.85839545726776
810.1489213109016,50.05507868528366
681.6921743154526,449.04882568120956
563.1828729510307,48.1511270403862
980.1701793670654,52.14382064342499
100.38143503665924,1156.4335649609566
98.18467450141907,88.46432548761368
93.20888793468475,84.99511206150055
94.67810237407684,85.08089762926102
94.6103144288063,86.42568558454514
93.17352622747421,85.56747376918793
102.99482822418213,35.09817177057266
529.4090758562088,53.20192414522171
960.6923285722733,51.51067143678665
111.5515969991684,1125.393402993679
98.31783843040466,92.09016156196594
97.67604249715805,1042.8049575090408
96.25725078582764,91.40974920988083
93.3554567694664,84.6445432305336
97.52866685390472,86.3973331451416
129.47995388507843,83.63104611635208
551.5231953859329,86.97580462694168
106.01144421100616,82.58155578374863
444.8886810541153,83.51931893825531
816.3399963378906,53.73400366306305
118.45725321769714,987.9127467870712
93.2786408662796,85.23935914039612
93.21185058355331,85.17714941501617
126.44107139110565,104.50392860174179
100.70632231235504,90.88667768239975
95.06553542613983,85.54646456241608
95.33074504137039,84.29925495386124
368.9299564361572,81.03304356336594
758.084243953228,47.35975605249405
641.239483654499,450.26051634550095
95.28378921747208,84.21721076965332
98.38303792476654,87.22896206378937
93.5552806854248,83.66671931743622
101.7474895119667,89.93751049041748
97.06870305538177,85.76529693603516
93.87194228172302,83.38705772161484
330.11916172504425,35.26983827352524
742.143423974514,44.41157603263855
1125.0577404499054,62.18225955963135
91.89798390865326,81.43501609563828
95.64518970251083,85.13281029462814
95.522401034832,82.62559896707535
97.14061683416367,83.21238315105438
101.03583252429962,87.26016747951508
96.63506841659546,83.95793157815933
343.23329651355743,87.41470348834991
708.4996297955513,48.59337019920349
116.82200652360916,89.99299347400665
531.9022514820099,35.18974852561951
927.8345577120781,56.12744230031967
95.0637839436531,1135.7132160663605
95.84799712896347,86.89300286769867
99.54021227359772,85.4787877202034
100.93542009592056,87.99057990312576
96.86763018369675,86.16936981678009
94.7258408665657,82.51515913009644
110.88111698627472,86.95188301801682
537.1283540725708,39.6676459312439
950.9126030802727,55.29039692878723
106.47485214471817,1143.3771478533745
92.83307337760925,88.48192662000656
95.52527338266373,90.73372662067413
94.38347959518433,91.2465204000473
106.52070671319962,105.38729327917099
97.10096997022629,90.90003001689911
100.42127215862274,89.57772785425186
511.74351555109024,40.55348443984985
916.064811527729,49.91618847846985
93.12704312801361,1130.3169568777084
100.3932426571846,89.47675734758377
93.56545299291611,1045.9155470132828
95.79466533660889,85.07533466815948
98.91288048028946,89.38411951065063
93.2710953950882,85.15490460395813
164.31535977125168,66.64764022827148
516.7095984816551,39.06740152835846
121.14287739992142,80.02412259578705
397.1860952973366,86.94290471076965
803.6194238066673,52.86257618665695
638.6067514419556,462.2452485561371
99.00303745269775,89.42296254634857
95.21325117349625,82.80474883317947
93.77546191215515,82.61353808641434
94.83767259120941,87.55232739448547
171.5468828678131,36.415117144584656
104.64608579874039,86.72391420602798
380.45032715797424,80.82767283916473
752.3086615204811,46.56133848428726
1139.943997681141,52.81500232219696
95.61720824241638,86.78979176282883
95.84642100334167,87.59857898950577
95.14963644742966,90.66536355018616
101.10084903240204,91.23315095901489
105.90406370162964,91.92993628978729
100.70628952980042,87.34971046447754
384.87956142425537,52.52743858098984
749.5158147215843,44.299185276031494
1131.5231427550316,71.9588572382927
94.41842007637024,86.54557991027832
92.9426377415657,84.42636227607727
96.89384931325912,85.8281506896019
97.2340567111969,88.67294329404831
178.57428228855133,39.72271770238876
91.45148515701294,83.86451482772827
310.1246899366379,33.967310070991516
725.648955821991,45.94304418563843
105.24942827224731,83.19457173347473
494.1817199587822,36.46728003025055
898.5399610996246,51.274038910865784
104.10217750072479,1131.2868224978447
97.79339396953583,85.26160603761673
96.91161227226257,85.51438772678375
90.86182677745819,88.24817323684692
93.83203315734863,85.2049668431282
100.7462363243103,88.62376368045807
118.08653110265732,83.82146888971329
538.9997516274452,43.74024838209152
963.5440106987953,50.06798928976059
101.2722652554512,1152.134734749794
92.64948618412018,83.44251382350922
91.85969173908234,93.41730827093124
91.16189163923264,84.2631083726883
93.87309098243713,85.64590901136398
93.65729653835297,85.0087034702301
120.23865014314651,84.85434985160828
547.6698754429817,88.71812456846237
960.325134575367,60.21086543798447
92.90645056962967,1131.4265494346619
91.65265494585037,87.53134506940842
93.25285875797272,1048.1361412405968
92.11106407642365,87.25993591547012
92.58126771450043,85.91973227262497
92.95747637748718,86.04152363538742
110.29777759313583,87.5352224111557
527.9899988770485,41.381001114845276
91.79226952791214,83.5407304763794
414.2434782385826,48.62752175331116
834.6017470955849,51.43525290489197
95.62699669599533,1036.4470033049583
94.70720827579498,87.31079173088074
97.23341792821884,91.45258206129074
96.0356257557869,89.9643742442131
96.41284424066544,94.95815575122833
93.25206995010376,89.7109300494194
51.96328192949295,92.14871805906296
426.70960253477097,89.65939748287201
804.1428607702255,76.2831392288208
93.74110597372055,1044.8878940343857
93.4703084230423,90.76969158649445
97.51451009511948,89.54148989915848
94.11372143030167,91.0532785654068
97.13893032073975,90.47206968069077
170.51513934135437,40.26286065578461
63.8733771443367,88.422622859478
483.0285864472389,36.54541355371475
912.4248160123825,55.33518397808075
92.83802592754364,1141.957974076271
99.01222914457321,87.61777085065842
97.29543596506119,1059.5375640392303
97.20966881513596,89.42033118009567
100.84588867425919,90.19111132621765
131.68512976169586,67.2768702507019
98.2303819656372,83.3806180357933
512.0136303901672,45.504369616508484
92.90989053249359,84.77610945701599
425.89809691905975,88.08390307426453
798.2934181690216,52.26258182525635
1213.521672308445,65.07032769918442
466.36463463306427,93.15336537361145
844.8719688653946,41.79503113031387
107.04525846242905,1002.9737415313721
95.9216296672821,92.50337034463882
99.0208410024643,91.21915900707245
95.13805198669434,90.52794802188873
95.21925699710846,86.44674301147461
98.52148336172104,89.66251665353775
111.88071376085281,90.1372862458229
354.2399871349335,91.59401285648346
752.8202711343765,44.58672887086868
1132.418614089489,55.118385910987854
97.62981790304184,93.92618209123611
96.5800244808197,92.52997553348541
96.58723074197769,92.57976925373077
92.00043797492981,97.07256203889847
98.13664758205414,94.32635241746902
97.69985753297806,94.63314247131348
402.46506524086,90.97893476486206
797.8793226480484,38.8246773481369
206.49762892723083,89.48337107896805
637.9108763337135,51.99612367153168
1020.8252236247063,52.50877636671066
94.29550278186798,92.24249720573425
101.02373963594437,90.92026036977768
92.84498906135559,84.93201094865799
93.42619794607162,84.57380205392838
91.93240255117416,84.62359744310379
93.84661358594894,90.11638641357422
203.64982825517654,87.57317173480988
527.0452426075935,42.36275738477707
939.3855140209198,54.72548598051071
112.39178532361984,1124.8122146725655
96.56498795747757,85.76801204681396
91.9051987528801,84.77980124950409
90.89341217279434,83.27358782291412
94.047618329525,86.06438165903091
101.35083132982254,90.22416865825653
134.246124625206,84.82887536287308
546.7903766036034,36.41362339258194
959.9066324234009,60.815367579460144
95.82192718982697,1135.5670728087425
92.9021388888359,84.7088611125946
94.7423467040062,1047.5906533002853
89.97055971622467,84.78844028711319
96.21776396036148,88.09723603725433
91.68797409534454,84.09002590179443
125.47224736213684,84.28775262832642
526.1825070381165,90.24349296092987
91.35579067468643,86.90320932865143
422.2879959344864,33.47100406885147
809.5733071565628,51.649692833423615
1187.801647245884,64.32835274934769
413.21859538555145,86.8374046087265
802.4479147791862,60.12708520889282
667.7321696281433,462.02783036231995
91.8495341539383,84.28046584129333
93.3927498459816,86.32925015687943
92.5109674334526,86.4890325665474
92.16518467664719,86.18581533432007
98.65340101718903,89.17959898710251
100.47461807727814,90.22938191890717
362.8338347673416,35.64716523885727
750.1741569638252,49.38184303045273
1190.8843839764595,51.486616015434265
414.3743233680725,33.86667662858963
802.714647591114,48.37735241651535
243.18492418527603,34.334075808525085
635.9322434663773,47.84575653076172
1067.6234862208366,59.543513774871826
95.13075685501099,89.90724313259125
100.89598381519318,89.12301617860794
95.12420094013214,89.63379907608032
95.35444658994675,85.81355339288712
95.48967069387436,86.6773293018341
92.70088750123978,86.83711248636246
208.4481424689293,34.1448575258255
561.861543238163,40.897456765174866
950.9608612060547,59.002138793468475
93.91209834814072,1180.0689016580582
97.71534091234207,87.87765908241272
95.22155344486237,85.63044655323029
92.85776579380035,84.51223421096802
90.10497260093689,85.13602739572525
95.35218161344528,87.1288183927536
484.846850335598,38.06014966964722
887.6871275305748,52.71987247467041
96.08238881826401,1096.0466111898422
99.08961164951324,90.78138834238052
1189.188907623291,60.84809237718582
412.95684921741486,89.82015079259872
799.4641787409782,43.16582125425339
645.0825155973434,453.51148438453674
96.69880253076553,92.46719747781754
98.35401517152786,89.25698482990265
99.00923401117325,91.10176599025726
98.79244613647461,91.07755386829376
94.57767134904861,85.95932865142822
90.19490891695023,82.21209108829498
383.55311691761017,87.00188308954239
763.9124119877815,41.49558800458908
1132.1787819862366,62.26621800661087
91.98103988170624,97.79696011543274
90.61724799871445,85.04875200986862
98.01346307992935,91.98653692007065
96.29770076274872,90.29529923200607
96.13791555166245,94.38108444213867
104.19913494586945,88.9488650560379
298.1683593392372,89.66464066505432
678.8786842823029,53.584315717220306
1073.3870012164116,62.13299876451492
105.33625656366348,95.47774344682693
93.5284703373909,84.78552967309952
90.9056875705719,87.37231242656708
91.39389437437057,82.4761056303978
93.28910684585571,85.69289314746857
117.31432157754898,89.53767842054367
265.5615730881691,91.38342690467834
665.8458415865898,38.950158417224884
88.22319281101227,94.29480719566345
485.9705089330673,90.71449106931686
850.0698717236519,45.8191282749176
95.31711387634277,1058.663886129856
95.43532735109329,91.28667265176773
97.34854078292847,91.68845921754837
110.79975801706314,86.21824198961258
94.62098240852356,87.11901760101318
112.18320667743683,93.51979333162308
95.22642922401428,87.08757078647614
448.67868715524673,38.24731284379959
825.3890312314034,53.85196876525879
93.28429532051086,1036.5487046837807
98.58758127689362,87.5234187245369
97.31580126285553,87.35119873285294
94.17503052949905,86.75096946954727
90.45825511217117,86.13374489545822
103.1324816942215,94.49751830101013
97.89773941040039,93.41626060009003
399.16399520635605,92.44700479507446
808.1152349114418,45.21776509284973
1184.6585698723793,53.65643012523651
92.33283239603043,90.74216759204865
1061.1170581579208,61.29094183444977
103.5113223195076,93.59967768192291
90.12953418493271,86.53646582365036
91.61774641275406,85.49325358867645
91.42098212242126,86.98701786994934
329.1861906051636,33.979809403419495
97.89644527435303,88.49155473709106
206.7557098865509,87.63329011201859
553.447128534317,42.79387146234512
941.2314379811287,59.305562019348145
111.94168674945831,1157.1133132576942
96.80095076560974,92.90404921770096
93.30715811252594,93.1378418803215
92.33236300945282,91.35363698005676
97.80156636238098,91.79143363237381
92.41977596282959,92.06222403049469
114.66707450151443,91.01892548799515
524.3773220181465,96.17867797613144
937.5325827598572,53.72741723060608
102.48285567760468,1137.2211443185806
96.34107601642609,92.2519239783287
93.79229658842087,95.52170342206955
97.00250446796417,92.70049554109573
98.86071807146072,86.9532819390297
93.94194495677948,88.66905504465103
115.89219331741333,91.34780669212341
577.7144610285759,93.74853897094727
897.8877938985825,53.20520609617233
95.02406466007233,1102.9389353394508
95.49327337741852,92.54272663593292
98.40748566389084,1013.7595143318176
94.24776101112366,91.69723898172379
95.25397568941116,89.52302432060242
100.83518600463867,92.99881398677826
57.17444270849228,91.23255729675293
481.40367156267166,91.39332842826843
96.52188318967819,92.73811680078506
368.8801421523094,88.69385784864426
789.7933974266052,43.1326025724411
1173.2997299432755,57.273270070552826
93.14099216461182,90.45200783014297
94.07319968938828,93.57480031251907
97.13541114330292,91.27158886194229
102.80862814188004,98.67337185144424
94.98185831308365,89.870141685009
95.96908044815063,90.08591955900192
345.01331317424774,32.11568683385849
742.1686294078827,54.29437059164047
1121.1009675264359,62.39903247356415
102.71817857027054,98.7268214225769
93.03938990831375,84.9046100974083
95.21360325813293,85.99039673805237
100.8868197798729,86.55818021297455
94.61503833532333,86.88396167755127
95.56627869606018,85.0077213048935
289.7765645980835,86.4274353981018
681.5058772563934,48.10512274503708
1099.0121318101883,65.19186818599701
95.61140847206116,88.351591527462
992.5996234416962,61.19737654924393
110.90295368432999,1154.39404630661
94.92819666862488,88.88780331611633
100.15641450881958,90.39858549833298
95.53364759683609,87.17035239934921
201.94688642024994,37.163113594055176
104.99128764867783,92.24971234798431
94.92350709438324,90.63149291276932
472.3377276659012,93.08827233314514
837.0850852131844,45.50691479444504
96.49935400485992,1045.5186460018158
91.65357065200806,85.86442935466766
91.7897881269455,88.43221187591553
93.01900255680084,85.57299745082855
91.93322086334229,86.4557791352272
101.68043559789658,93.35656440258026
98.94564771652222,94.59135228395462
413.04597169160843,93.14002829790115
801.6812965869904,43.63370341062546
110.7075464129448,999.2374535799026
92.3059121966362,86.32308781147003
92.18312966823578,86.22387033700943
99.43034172058105,92.14265829324722
93.32554948329926,86.89645051956177
94.49976342916489,86.61223655939102
91.43197619915009,85.62402379512787
362.1412200331688,92.9507799744606
794.7784344553947,39.814565539360046
1176.5807669758797,64.30723303556442
91.92104011774063,85.15295988321304
1057.9282575249672,64.40574246644974
88.43452316522598,83.99147683382034
102.16374343633652,94.70625656843185
99.24398893117905,93.14501106739044
93.26922082901001,94.61977916955948
314.0904741883278,90.61352580785751
93.70773077011108,92.94026923179626
189.80693835020065,88.91506165266037
556.7023229598999,94.37167704105377
946.8396294116974,53.5493705868721
165.8648808002472,1106.876119196415
92.63011223077774,90.03588777780533
106.22931879758835,96.38168120384216
98.23653274774551,93.30146723985672
97.77974826097488,91.83125174045563
94.54597789049149,90.38002210855484
82.07130056619644,93.42969942092896
503.55854457616806,44.2004554271698
903.879868209362,52.69313180446625
96.35014826059341,1100.2238517403603
96.74536198377609,94.49463802576065
106.73357844352722,94.82142156362534
97.88779824972153,86.90820175409317
91.61702293157578,87.40097707509995
103.69724470376968,96.33875530958176
80.24146777391434,93.35053223371506
474.58176082372665,90.34523916244507
872.4400448203087,54.318955183029175
106.8173166513443,1072.9416833519936
742.8235790729523,43.47242093086243
1161.7188320159912,59.225167989730835
96.33609712123871,90.16390287876129
95.91730952262878,91.73069047927856
96.53552258014679,92.63147741556168
108.13376206159592,96.49523794651031
93.90006864070892,85.96993136405945
97.18429660797119,89.6117033958435
311.93252193927765,88.17947804927826
708.1797722578049,47.02422773838043
1091.5930994153023,62.22090059518814
107.13736057281494,95.1956394314766
95.4395814538002,87.04141855239868
95.371806204319,87.46019381284714
92.02703273296356,85.54696726799011
95.29225766658783,88.02174228429794
94.54048186540604,88.44051814079285
239.36274373531342,35.93425625562668
658.3130078911781,47.55699211359024
1057.8192970752716,63.5877029299736
91.01155662536621,86.65444338321686
97.22177851200104,87.76022148132324
101.37601923942566,95.16098076105118
94.97526228427887,90.85673773288727
94.74147778749466,91.70252221822739
96.0446954369545,85.82530456781387
201.23696291446686,32.67103707790375
637.2612077593803,95.14579224586487
1014.3415331840515,55.63846683502197
94.07174479961395,85.16925519704819
924.4669638872147,58.46003609895706
101.73221927881241,1139.137780725956
93.55343723297119,85.66856276988983
97.68966364860535,94.38433635234833
94.6598869562149,91.39611303806305
97.46210652589798,94.1118934750557
97.04332953691483,93.80867046117783
106.82763361930847,100.98736637830734
458.31594240665436,35.36905759572983
827.5442891716957,66.8627108335495
94.12556505203247,1043.2084349393845
92.26179105043411,86.38620895147324
93.80601239204407,88.13998758792877
107.18223756551743,97.39176243543625
96.5034630894661,89.07053691148758
95.26969426870346,87.04530572891235
93.8679409623146,85.96505904197693
389.5052129626274,34.06878703832626
783.308532834053,50.26646715402603
1162.8338719010353,62.40812808275223
94.35913872718811,87.4568612575531
91.66136109828949,87.11663889884949
93.6305867433548,87.07241326570511
91.06380939483643,90.15919059515
93.86602300405502,90.61497700214386
93.2802699804306,88.59073001146317
334.39854687452316,67.74945312738419
711.6278055906296,45.48419439792633
1104.8191250562668,62.49587494134903
563.8433997631073,91.91460025310516
975.1476472020149,55.00135278701782
121.00595587491989,1153.1250441074371
90.82719695568085,86.5258030295372
94.59241330623627,87.79658669233322
92.87763214111328,85.78936785459518
95.2168505191803,86.95014947652817
92.02006566524506,86.49793434143066
105.36037600040436,94.06562399864197
516.088619530201,37.744380474090576
925.168882548809,59.33011746406555
93.02814304828644,1150.5278569459915
95.27535754442215,94.85464245080948
95.89257150888443,91.79242849349976
93.75178211927414,91.41521787643433
97.07298904657364,94.59401094913483
96.46820652484894,95.38379347324371
95.62350553274155,89.5254944562912
513.091756105423,91.7782438993454
901.4140730500221,46.14192694425583
98.18027132749557,1138.486728668213
95.55647838115692,93.62852162122726
95.69369155168533,92.65930843353271
98.9959135055542,91.67008650302887
95.05813413858414,94.62686586380005
99.30534988641739,91.60265010595322
100.07162404060364,85.90937596559525
480.22589868307114,50.05210131406784
879.8062415122986,44.600758492946625
290.53659522533417,90.52040475606918
679.9869221448898,43.75407785177231
1104.4561680555344,57.78383195400238
94.24142855405807,92.44457143545151
92.58063608407974,91.25236392021179
95.64284473657608,92.26415526866913
93.7050553560257,85.62894463539124
99.39627104997635,94.50972896814346
92.4964929819107,86.46650701761246
288.74371576309204,34.94228422641754
665.8980655670166,44.45393443107605
1095.2943019270897,64.2066980600357
92.09656047821045,85.3474395275116
92.5297766327858,85.30422335863113
104.68399947881699,95.76100051403046
93.82025563716888,87.90174436569214
98.51247853040695,92.50652146339417
93.88869470357895,86.01830530166626
239.09894686937332,32.6230531334877
664.2361997365952,41.67180025577545
1058.908519089222,55.73848092556
96.8777739405632,92.27022606134415
92.71898305416107,90.67101693153381
96.28118813037872,90.60881185531616
99.19442093372345,91.80557906627655
90.90464073419571,84.65035927295685
94.28185111284256,86.3851488828659
261.51005721092224,85.97094279527664
665.8143093585968,46.00069063901901
1091.060566008091,54.93943399190903
527.1418716311455,42.85912835597992
927.8701487183571,58.83385127782822
96.39540195465088,1153.1045980453491
92.34661215543747,87.7273878455162
93.44582349061966,86.5171765089035
92.28503215312958,87.63996785879135
97.79224044084549,93.46675956249237
95.29944902658463,87.4235509634018
86.76878517866135,86.19421482086182
478.84911036491394,93.27988964319229
897.4673588275909,47.03264117240906
95.23257666826248,1130.8974233269691
95.75879347324371,91.3532065153122
96.43100959062576,93.66199040412903
94.19722700119019,91.65477299690247
95.74044370651245,91.98155629634857
103.32167285680771,101.93732714653015
71.21692794561386,92.91207206249237
498.7611835002899,91.22081649303436
898.7854791283607,46.84352087974548
96.56969445943832,1131.2263055443764
95.31790441274643,87.46009558439255
91.00911563634872,87.508884370327
91.97833359241486,84.68766641616821
89.89255058765411,84.94044941663742
95.26976585388184,90.24823415279388
104.70203483104706,68.20496517419815
473.7833560705185,35.2176439166069
896.567600607872,51.599399387836456
356.8518416285515,36.760158360004425
781.4690877199173,45.252912282943726
1175.5694175362587,54.19058245420456
99.2787030339241,95.05429697036743
95.65594273805618,96.45505726337433
96.03316503763199,92.11583495140076
93.61437487602234,92.38662511110306
101.26858115196228,92.56541883945465
96.40481173992157,91.85418826341629
330.9670256972313,91.14397430419922
738.5103214383125,42.21167856454849
1171.2025401592255,59.279459834098816
95.13481444120407,91.531185567379
96.9380219578743,90.3579780459404
95.62923008203506,90.72276991605759
95.22843986749649,91.08656013011932
91.47664952278137,89.28335046768188
103.2788565158844,93.2201434969902
354.60009866952896,90.58490133285522
824.6253434419632,55.41165655851364
1163.8916900753975,58.127309918403625
98.19396424293518,92.0830357670784
95.73817676305771,90.41082322597504
96.18939673900604,91.58860325813293
92.69561022520065,92.61938977241516
95.38782519102097,86.94617480039597
98.39406216144562,90.2169378399849
326.19727289676666,38.50672709941864
737.648565530777,93.3334344625473
1121.06190854311,56.197091460227966
555.439198076725,44.61680191755295
936.3535410165787,49.09145897626877
98.1378099322319,1154.8251900672913
94.07101941108704,86.63298058509827
96.2072342634201,89.96076571941376
91.15744400024414,86.13855600357056
94.38565266132355,92.70634734630585
102.39286506175995,93.62613493204117
97.49218612909317,86.43381386995316
501.2574554681778,88.24154454469681
891.8567636013031,52.53123641014099
97.32703644037247,1107.3949635624886
95.22224825620651,90.1847517490387
93.37746113538742,85.28953886032104
100.67967945337296,90.56132054328918
102.77989965677261,92.05410033464432
93.0821196436882,85.80588036775589
84.62633579969406,90.3366641998291
458.854657292366,38.71934270858765
943.8059148788452,44.194085121154785
102.03518027067184,1089.1498197317123
93.85639643669128,86.84860354661942
97.51061630249023,93.0263836979866
95.88784009218216,92.8711599111557
95.41306084394455,92.86493915319443
96.53027206659317,93.65472793579102
61.25951850414276,92.53748148679733
469.0627865791321,91.5112134218216
874.1610532402992,45.80194675922394
317.9083230495453,37.46167695522308
723.8226136565208,44.88138633966446
1120.347937822342,53.33606219291687
93.68814814090729,86.1088518500328
94.65736520290375,91.50963479280472
93.9235829114914,91.83541709184647
101.92980170249939,91.4591982960701
105.3260286450386,90.2859713435173
96.88727909326553,91.48172092437744
283.0795352458954,92.12446475028992
666.4018612504005,41.37713873386383
1086.0011305212975,53.221869468688965
116.30343335866928,87.2705666422844
97.43964624404907,97.28235375881195
90.7978532910347,85.14714670181274
95.08308482170105,89.1769151687622
91.51529639959335,85.26270359754562
99.92951112985611,92.44148886203766
247.0087594985962,90.60124051570892
624.7940817475319,46.27991825342178
1011.0594265460968,53.366573452949524
92.0476376414299,87.52536237239838
90.79485130310059,86.63114869594574
90.80207848548889,85.75392150878906
93.14129227399826,86.35870772600174
93.83351916074753,89.81448084115982
93.43275672197342,89.03024327754974
190.93897533416748,32.523024678230286
618.1122215390205,41.66477847099304
1013.3965546488762,54.065445363521576
466.86680698394775,37.33719301223755
875.6330823302269,45.77491766214371
94.25034195184708,1090.971658051014
100.88655453920364,92.20644545555115
96.1897668838501,93.29223310947418
95.08497911691666,89.23002088069916
98.72119772434235,93.18680226802826
93.24641346931458,89.3275865316391
61.678669810295105,90.39533019065857
463.7039279937744,90.94407200813293
890.7661625146866,48.10383749008179
100.90237820148468,1137.9866217970848
95.87263256311417,89.36836743354797
92.4898499250412,87.0101500749588
94.42206770181656,87.57793229818344
95.24327808618546,93.16472190618515
95.97249859571457,93.47250139713287
92.27571684122086,90.483283162117
508.20796597003937,92.29203402996063
932.252204656601,49.118795335292816
117.94247657060623,1123.964523434639
94.46869122982025,87.47630876302719
92.40090453624725,87.39509546756744
92.4441185593605,85.5558814406395
96.45132952928543,90.77067047357559
92.62454426288605,85.11645573377609
90.31684029102325,90.62815970182419
505.3041064143181,92.06589359045029
890.7174176573753,41.244582295417786
337.5576947927475,89.49730521440506
728.2680056095123,41.87899440526962
1112.8503375053406,60.02066248655319
93.37455075979233,84.99644923210144
97.49276494979858,91.60023504495621
95.70298194885254,90.5380180478096
100.56020402908325,94.01279598474503
97.0674159526825,87.06158405542374
96.35264843702316,92.4073515534401
290.09891706705093,90.71508294343948
716.5321534872055,43.55984652042389
1111.075474023819,58.42452597618103
95.30474132299423,91.91725867986679
96.32895565032959,94.92904436588287
100.79917240142822,96.03382760286331
96.3984078168869,93.52759218215942
94.88662040233612,90.5393795967102
97.59683990478516,92.44116008281708
280.9000626206398,92.63693737983704
660.5354127883911,92.22258722782135
1054.6537143588066,63.10528564453125
97.56795626878738,95.17304372787476
101.9261663556099,95.9618336558342
98.32137513160706,643.9186248779297
100.60558599233627,94.19041401147842
99.61280572414398,92.72019428014755
100.69301915168762,87.50998085737228
226.66329330205917,87.63370668888092
655.5765450596809,43.79345494508743
57.583956718444824,91.45304328203201
488.94222712516785,99.11377286911011
813.4676219820976,43.47737801074982
1217.1039209365845,55.50707906484604
99.94321531057358,96.27878469228745
94.91343259811401,86.17956739664078
96.06765758991241,85.67234241962433
92.88989514112473,86.00010484457016
95.37811666727066,87.56688332557678
101.06936079263687,91.89363920688629
352.6495901942253,95.44240981340408
730.8799238204956,50.91707617044449
1158.849164545536,86.66983544826508
91.46643322706223,85.82956677675247
95.62164545059204,89.8233545422554
92.68287694454193,91.16912305355072
91.94909584522247,87.08790415525436
170.62232130765915,46.7296786904335
98.55455160140991,90.00044840574265
315.52377289533615,33.697227120399475
723.4010815620422,91.87691843509674
1106.9824023842812,59.64659762382507
92.72868102788925,84.49231898784637
92.7918980717659,84.72710192203522
90.52011972665787,85.83188027143478
100.5453337430954,89.43566626310349
98.14555740356445,89.09644258022308
91.26278018951416,86.36721980571747
277.50999718904495,91.30500280857086
654.1833263039589,49.00167369842529
97.85667675733566,68.16232323646545
494.82593619823456,40.17406380176544
884.4072557091713,55.6847442984581
120.43249762058258,1160.400502383709
98.10472244024277,88.80227756500244
91.2969531416893,85.12804687023163
98.6191703081131,90.56682968139648
96.21739274263382,93.63460725545883
96.33560860157013,97.55339139699936
64.19385540485382,74.89814460277557
466.57112061977386,89.04087936878204
887.2263797521591,45.84862023591995
97.17665761709213,1101.3413423895836
97.8138719201088,88.72412806749344
98.89409458637238,90.31090539693832
94.86331462860107,88.58068537712097
97.18453365564346,90.09346634149551
97.54376417398453,91.30923581123352
51.56800377368927,77.32099622488022
463.96425718069077,92.96174281835556
869.2475553750992,96.75144463777542
106.71792167425156,1032.2080783247948
97.02133470773697,91.16466528177261
1049.3975635170937,56.99143648147583
94.08982586860657,88.42917412519455
101.2630403637886,89.97695964574814
104.88026261329651,95.89673739671707
95.5915020108223,90.57649797201157
279.7267761826515,90.10622382164001
94.67903631925583,86.6549636721611
191.7962602376938,78.51873975992203
496.7847053408623,46.14129465818405
920.2539594769478,62.376040518283844
92.42720317840576,1165.4987968206406
96.17441082000732,86.65858918428421
99.36663085222244,90.9863691329956
96.16885828971863,89.70114171504974
91.13909476995468,85.69490522146225
96.20130282640457,91.24369716644287
85.81860554218292,80.64339447021484
469.0289497375488,92.82205027341843
860.1282293796539,51.76077061891556
92.41349124908447,1091.975508749485
98.7147074341774,91.35929256677628
92.51792412996292,85.72207587957382
91.56214344501495,86.14185655117035
96.6793527007103,91.43064731359482
91.14856624603271,91.86843377351761
52.69279617071152,80.3252038359642
460.2360561490059,37.91194385290146
887.2432965040207,53.94270348548889
95.7505054473877,1136.6944945454597
98.66373401880264,94.0772659778595
96.57798880338669,1024.6070111989975
96.78837049007416,92.71162950992584
94.23958450555801,85.63041549921036
91.39480096101761,86.27219903469086
89.04904222488403,82.11795777082443
430.2772487998009,33.388751208782196
94.58056306838989,89.16043692827225
289.2358046770096,86.6541953086853
698.8160591721535,50.849940836429596
1108.1563544869423,56.52964550256729
100.0145616531372,89.94843834638596
98.39177453517914,91.47922545671463
88.74998623132706,85.26901376247406
92.36819005012512,94.70680993795395
99.54139941930771,88.1626005768776
104.99163675308228,88.52636325359344
280.23893135786057,36.186068654060364
697.2832008004189,40.53179919719696
1092.4935092926025,60.00649070739746
92.07379215955734,86.49920785427094
92.22900688648224,86.19699311256409
89.30921393632889,87.06078606843948
95.46442192792892,90.22157806158066
91.19363003969193,87.80736994743347
90.12583822011948,86.0601617693901
282.1510566473007,92.08994334936142
695.0093129873276,48.86168700456619
1130.4046204686165,92.31737953424454
89.44788938760757,85.31011062860489
983.2330985665321,63.15590143203735
99.07238584756851,99.42761415243149
94.11563372612,87.79036629199982
91.64186984300613,87.24713015556335
143.7220806479454,66.25891935825348
237.91428977251053,91.99271023273468
92.9755392074585,86.43146079778671
88.98287165164948,80.33212834596634
488.52714079618454,37.06585919857025
891.4774439930916,42.7075560092926
97.92765176296234,1137.516348183155
97.86085665225983,86.39814335107803
93.38706386089325,93.07693612575531
90.81926769018173,86.25573229789734
90.58447223901749,86.74852776527405
96.99867779016495,90.76032221317291
85.78300374746323,78.77299624681473
464.7713274359703,89.08067256212234
903.0745881199837,45.037411868572235
91.4698835015297,1096.1781165003777
95.14309567213058,92.19090431928635
93.09430062770844,90.90669935941696
96.35950642824173,89.12149357795715
92.45971614122391,89.42928385734558
88.03992491960526,87.85007506608963
89.8241275548935,91.08387243747711
497.38538360595703,91.40961641073227
911.5596315264702,52.47836846113205
103.02887803316116,1144.5451219677925
89.42507815361023,84.0019218325615
88.7272800207138,1082.4027199745178
88.58548367023468,85.56251633167267
90.49969053268433,87.18530946969986
92.74689948558807,88.54910051822662
101.63059508800507,257.18440490961075
97.28589195013046,90.78810805082321
326.6810978651047,31.74490213394165
766.0763301849365,42.737669825553894
1154.0086417198181,65.71335828304291
89.79289931058884,86.16910070180893
97.1341038942337,89.90389609336853
96.49131417274475,90.50768584012985
92.86852478981018,89.42647522687912
94.94973504543304,90.25426495075226
92.86395359039307,88.3030464053154
345.59219324588776,90.18480676412582
754.8394528031349,53.58554720878601
1155.7357575297356,66.69024246931076
93.27901536226273,88.51698464155197
89.43421691656113,84.84478306770325
95.08843547105789,90.02256453037262
100.28067815303802,96.90432184934616
94.36089390516281,87.12010610103607
95.25712412595749,88.16987586021423
333.6143310070038,33.73766899108887
723.3436455726624,46.86035442352295
1155.5718890428543,56.61311095952988
90.39414340257645,85.47685658931732
1032.9003818035126,60.895618200302124
97.35164350271225,92.0003564953804
98.13585925102234,86.34514075517654
89.06909018754959,87.26490980386734
90.00029385089874,85.92570614814758
309.48950719833374,32.58549278974533
95.88477206230164,89.17022794485092
181.96502017974854,84.94197982549667
608.2122728228569,48.41672718524933
983.4786205887794,76.70737940073013
94.17089855670929,90.23710143566132
94.91813123226166,89.58286875486374
90.53634017705917,84.87165981531143
97.28255558013916,89.32844442129135
93.47477734088898,90.47022265195847
90.20299291610718,87.09300708770752
174.76620948314667,83.0127905011177
505.8836399316788,91.04236006736755
910.8899000883102,59.53509992361069
96.00715881586075,1151.8438411951065
91.60736936330795,84.02263063192368
91.33558213710785,87.84941786527634
98.26779818534851,91.28720182180405
89.49701869487762,85.24298131465912
114.3552371263504,90.40276288986206
88.56652617454529,71.21147382259369
495.7027743458748,34.57622563838959
917.0050202608109,54.031979739665985
92.60426712036133,1162.3407328724861
810.7594785690308,54.35152143239975
200.37772476673126,986.5122752189636
91.38393950462341,88.52406048774719
90.61214888095856,85.97985112667084
97.3783563375473,92.69664365053177
57.79170322418213,86.78229677677155
97.1319135427475,86.85008645057678
96.04612916707993,85.02787083387375
389.66436898708344,33.33663100004196
804.8006263971329,43.94137358665466
99.84388029575348,1040.248119711876
113.53626000881195,95.1127399802208
96.48755639791489,89.75444358587265
155.36376017332077,50.28423982858658
91.05596899986267,87.1110309958458
92.15517914295197,88.10482084751129
92.97640866041183,87.22759133577347
331.3536231517792,89.6283768415451
717.8779401183128,57.58505988121033
1106.144287765026,56.61471223831177
96.83553570508957,92.75646430253983
92.6567502617836,86.5462497472763
99.38696259260178,91.33603739738464
93.68917733430862,87.93982267379761
91.82539063692093,88.21160936355591
98.27560144662857,91.76039856672287
277.3758473396301,35.2541526556015
698.2711173892021,50.191882610321045
1087.648449063301,51.796550929546356
95.59874212741852,86.60425788164139
926.4760209918022,61.44897902011871
94.16727811098099,1167.8507218956947
93.06348377466202,87.67651623487473
95.49669533967972,88.68930464982986
93.98391199111938,88.6090880036354
205.4351326227188,33.58286738395691
97.21941804885864,90.98458194732666
64.29972553253174,81.58827447891235
494.5839373469353,46.69306266307831
868.7762539386749,85.63074606657028
94.22745770215988,1144.2915422916412
106.21667087078094,88.21032911539078
90.42588835954666,88.4251116514206
97.5071130990982,88.97488689422607
95.97635632753372,91.69064366817474
94.96457183361053,87.49942815303802
60.52686166763306,79.8251383304596
484.01507341861725,34.65192657709122
881.6133754253387,51.51562458276749
93.95358407497406,1143.8984159231186
97.94179940223694,89.52020061016083
97.68901854753494,89.08898144960403
95.43623232841492,93.10076767206192
93.46143978834152,86.7605602145195
92.56164848804474,90.58835154771805
83.97492724657059,88.32107275724411
488.44518250226974,34.22281748056412
913.3404202461243,56.56757974624634
123.97666656970978,1138.1173334121704
817.3899126648903,113.77708733081818
1153.693327665329,52.80667233467102
93.92258995771408,92.57841002941132
94.07679998874664,92.0712000131607
91.65701961517334,87.54598039388657
91.66425454616547,88.61374545097351
114.17046546936035,91.90353453159332
95.86270606517792,87.9522939324379
312.73992788791656,35.094072103500366
704.9132544398308,44.03174555301666
1105.1225708127022,45.487429201602936
106.07382643222809,84.35217356681824
91.85903978347778,86.73396021127701
93.3842545747757,89.57974541187286
105.24246960878372,90.23953038454056
93.48968660831451,87.58531337976456
96.55091959238052,91.1700804233551
257.8731769323349,88.90482306480408
644.1205024719238,47.49049752950668
1032.404845237732,56.61415475606918
91.48509603738785,87.77390396595001
111.5663052201271,89.08169478178024
103.6285126209259,90.09448736906052
96.70974695682526,94.16125303506851
97.60396426916122,93.96903574466705
96.5371812582016,92.03681874275208
221.4693956375122,92.19660437107086
641.1796496510506,92.74635034799576
1022.1869769692421,47.94302302598953
96.45223891735077,94.3057610988617
914.5144521594048,51.28154784440994
95.03970766067505,1158.2932923436165
93.06491202116013,86.26808798313141
97.99714708328247,91.26185292005539
92.54139059782028,88.12560939788818
172.43662041425705,92.95237958431244
91.77705705165863,86.51894295215607
93.76427733898163,90.5687226653099
427.9194840192795,92.3585159778595
819.6297996640205,42.79520034790039
650.2470714449883,523.3069285750389
499.9049386382103,37.15106135606766
908.0971961021423,60.32880389690399
88.64043408632278,1167.2295659184456
87.55463498830795,82.44536501169205
85.96784210205078,83.56815791130066
87.49404120445251,83.56195878982544
87.42624402046204,83.22175598144531
86.67345035076141,82.71554964780807
44.25489032268524,83.15310966968536
471.68709671497345,32.03490328788757
904.3423377871513,45.38066220283508
86.94058698415756,1156.8744130134583
801.1507861614227,54.55321383476257
87.73103523254395,1057.3419647812843
89.79324001073837,84.81775999069214
92.83744716644287,85.9405528306961
88.8246568441391,84.15634316205978
87.66594225168228,82.09305775165558
86.78318321704865,84.88381677865982
87.67838734388351,83.28461265563965
376.1856741309166,41.18532586097717
804.3208978772163,46.771102130413055
86.12414222955704,1067.4678577780724
87.05634075403214,84.72065925598145
93.73055183887482,92.45544815063477
87.79278296232224,85.31821703910828
88.02098655700684,85.36801344156265
86.71318799257278,85.58381199836731
42.77539312839508,76.92860686779022
445.5596448779106,39.922355115413666
872.4548835754395,56.15611642599106
88.14609032869339,1143.8719096779823
89.07929688692093,84.12470310926437
86.08650034666061,83.80349963903427
88.09270644187927,86.29629355669022
85.72890830039978,84.86409169435501
86.1051122546196,85.26488775014877
86.83441036939621,81.03558963537216
492.93364757299423,65.8993524312973
912.4958950281143,59.690104961395264
86.61414474248886,1183.700855255127
85.34234631061554,78.04665368795395
85.92354130744934,1100.7434586882591
86.11473774909973,84.64526224136353
91.5839347243309,84.8230652809143
84.64713364839554,85.2978663444519
187.33833169937134,44.199668288230896
505.6227765083313,79.47022348642349
85.42602336406708,84.83397662639618
388.4322679042816,77.80873209238052
801.9765128493309,50.783487141132355
87.35275542736053,1058.2952445745468
84.37795907258987,84.4000409245491
84.81115823984146,82.55984175205231
86.35335874557495,83.10864126682281
84.43456304073334,81.04643696546555
86.44076842069626,86.76223158836365
459.65823328495026,47.859766721725464
877.4064676165581,53.18753236532211
89.11566680669785,1153.5133332014084
84.88086080551147,80.95213919878006
88.09105825424194,83.70394176244736
84.9512642621994,82.049735724926
85.43846321105957,82.80253678560257
86.00066363811493,81.01833635568619
62.952060759067535,79.32593923807144
456.3652548789978,64.37474513053894
902.0755013227463,70.97949868440628
87.91574484109879,623.2322551608086
90.95894211530685,82.3930578827858
86.09614336490631,1099.4228566288948
86.26834458112717,84.00865542888641
86.51655441522598,84.18744558095932
87.65275830030441,84.01424169540405
162.47395879030228,60.41504120826721
538.3693752884865,43.01962471008301
105.09862399101257,82.01237601041794
365.95789045095444,32.41310954093933
765.2972084879875,49.99879151582718
110.9704338312149,997.5675661563873
84.2916870713234,82.26431292295456
89.26088690757751,83.33211308717728
85.7120915055275,83.25090849399567
83.49629330635071,84.59570670127869
89.6694888472557,83.0335111618042
84.3426970243454,81.47230297327042
412.42389529943466,50.89110469818115
810.6902131438255,57.4397868514061
89.14047527313232,1061.951524734497
88.16567528247833,82.90832471847534
86.02486974000931,81.77213025093079
84.66006845235825,84.59893155097961
87.09226459264755,81.99973541498184
89.15546572208405,87.53053426742554
50.457681119441986,82.28231889009476
491.6498845219612,80.88811546564102
866.8231896162033,61.880810379981995
98.57038861513138,1148.7076113820076
94.37359470129013,94.5524052977562
93.93580675125122,95.7861932516098
93.88702034950256,91.83597964048386
91.44822895526886,89.58877104520798
89.14044493436813,86.8965550661087
90.38775944709778,86.00124055147171
442.3210940361023,88.9759059548378
99.80841267108917,92.3575873374939
300.3706189393997,39.83238106966019
700.9329140782356,59.567085921764374
1118.6431889533997,61.89381104707718
94.37145256996155,90.96054744720459
93.36067003011703,86.43632996082306
97.2188800573349,90.61411994695663
94.33608555793762,92.27491444349289
102.13929408788681,90.7677059173584
95.25651490688324,86.90948510169983
310.8377210497856,41.73727893829346
706.6780390739441,47.840960919857025
1140.203255057335,74.51974493265152
99.52453589439392,91.93846410512924
113.01275664567947,97.8582433462143
102.53705954551697,98.94394046068192
95.80330055952072,96.08569943904877
92.84650313854218,93.50449687242508
94.7247057557106,91.49829423427582
270.1559529900551,90.71404701471329
647.904205262661,91.65179473161697
1086.9475010633469,85.23749893903732
91.80570524930954,93.75029474496841
91.90591311454773,91.66908687353134
89.98511844873428,86.97688156366348
90.19532066583633,84.8416793346405
97.31353330612183,88.00146669149399
95.78376752138138,86.95823246240616
300.43799978494644,87.35800021886826
693.5373143553734,49.62968564033508
486.25403559207916,88.31996440887451
865.2613617777824,77.90563821792603
97.04563581943512,1104.1943641901016
92.60785675048828,88.50414323806763
98.22507894039154,93.12592107057571
94.36230087280273,89.60169911384583
93.34952712059021,87.92747288942337
99.04175180196762,95.19924819469452
43.3069669008255,93.9890331029892
441.4062293767929,94.33477061986923
880.3024820685387,40.549517929553986
93.75376564264297,1104.6912343502045
101.29698926210403,91.79601073265076
94.17320960760117,89.36379039287567
93.12543016672134,86.91256982088089
91.57565093040466,89.16434907913208
99.76788395643234,144.49211603403091
55.55213975906372,93.1698602437973
382.6884062886238,85.31159371137619
801.8807449936867,55.212255001068115
116.38700038194656,1036.9099996089935
96.07922291755676,89.53277707099915
1091.1774414777756,47.34055852890015
90.81370782852173,86.1122921705246
89.80191826820374,85.64208173751831
96.97512477636337,94.30187523365021
93.22236847877502,90.55463153123856
370.04464370012283,34.474356293678284
94.9579039812088,89.57809603214264
229.68712085485458,45.18287914991379
601.3414661288261,67.65853387117386
1025.3297989964485,61.540201008319855
96.0030574798584,92.07094252109528
104.75127333402634,93.24972665309906
92.6084897518158,90.52051025629044
142.8187017440796,64.12429827451706
149.25192868709564,67.7850713133812
100.09214276075363,95.42685723304749
198.5983802676201,91.66161972284317
585.216726064682,37.969273924827576
979.2790203094482,64.85097968578339
98.60023522377014,91.49276477098465
93.75444632768631,86.91155368089676
96.66866284608841,89.1463371515274
160.30487394332886,52.21412605047226
91.29307872056961,85.98492127656937
93.55828511714935,86.81171488761902
197.75049895048141,41.30550104379654
578.6278510093689,38.724148988723755
942.7641595005989,88.82884049415588
91.75242668390274,86.76657330989838
91.07365846633911,87.64834153652191
97.00586491823196,1133.9391350746155
96.23507761955261,87.96892237663269
98.72231101989746,90.29568898677826
97.52553117275238,92.47446882724762
166.4767548441887,89.85724514722824
482.0941894054413,45.18381059169769
93.3044627904892,88.26953721046448
365.36767941713333,44.633320569992065
753.4479397535324,72.21906024217606
658.5652013421059,497.8977986574173
491.538034260273,34.05496573448181
857.0812957286835,92.60370427370071
100.01456552743912,1141.2274344563484
99.22380602359772,94.1821939945221
92.71202510595322,88.56597489118576
94.03323996067047,89.11376005411148
97.28145241737366,92.05254757404327
94.91767203807831,87.00932794809341
98.75696247816086,89.46503752470016
440.65218836069107,90.73581165075302
826.5854820013046,33.784518003463745
100.16670322418213,1135.2972967624664
93.30191534757614,87.66108465194702
101.93913519382477,1041.228864789009
99.39047962427139,91.29552036523819
111.28570753335953,85.97429245710373
93.67993605136871,85.44806396961212
47.02015399932861,87.12784600257874
420.1014269590378,47.89857304096222
103.3857991695404,92.76320081949234
211.22503411769867,52.21896588802338
636.9543700814247,38.98962992429733
989.6836987733841,80.72430121898651
96.11597257852554,89.08702743053436
98.56720644235611,87.06279355287552
101.44443118572235,91.1115688085556
95.54365688562393,87.25234311819077
101.32788741588593,92.37611258029938
97.70411437749863,87.96188563108444
167.3043481707573,88.52965182065964
446.1068384051323,60.20816159248352
835.5771517157555,40.293848276138306
98.71243542432785,1108.0835645794868
96.05266231298447,89.07633769512177
98.8368975520134,90.08810245990753
108.97314924001694,94.54485076665878
99.73940068483353,89.55659931898117
97.00562411546707,92.23537588119507
105.10484558343887,89.1731544137001
392.29612255096436,89.88887745141983
751.3764606714249,93.84553933143616
657.9207162261009,515.1532837748528
492.3745693564415,38.254430651664734
91.51082235574722,81.84117764234543
375.6660622358322,34.815937757492065
787.2463144659996,48.32768553495407
1145.2156232595444,41.191376745700836
90.70391309261322,81.57408690452576
87.48912554979324,81.34487444162369
86.1433317065239,83.52366828918457
105.22353833913803,83.42446166276932
91.48976165056229,83.04723834991455
87.27397209405899,81.48502790927887
388.0401757955551,85.25682419538498
789.0284308195114,79.10256916284561
650.2386915683746,516.1883084177971
439.7285427451134,30.790457248687744
852.0317996740341,85.85720032453537
93.46503901481628,1159.9429609775543
88.45225518941879,82.12174481153488
89.495465695858,1078.0785343050957
87.33567517995834,81.44232481718063
92.56488019227982,84.52711981534958
89.05310487747192,82.24389511346817
53.448467433452606,79.27453255653381
456.0846682190895,62.89733177423477
95.72092294692993,93.51907706260681
370.7641588449478,35.642841160297394
753.752470433712,80.26552957296371
1176.7777180671692,85.6112819314003
86.58104377985,82.99295622110367
87.6062433719635,84.8947566151619
88.18644523620605,83.01655477285385
88.76664501428604,84.73335498571396
88.23684757947922,83.43015241622925
90.07605367898941,84.14594632387161
363.28727900981903,58.5467209815979
793.6445168852806,47.188483119010925
652.7077770829201,510.0702229142189
482.84561336040497,40.8203866481781
865.1678696870804,37.74013030529022
109.48910957574844,1150.7518904209137
87.81031477451324,82.20868521928787
91.40953207015991,89.44246792793274
85.58376151323318,82.45423847436905
88.44196623563766,84.61403375864029
87.93016719818115,83.57083278894424
485.05373853445053,62.83426147699356
901.9119876623154,85.40301233530045
367.23423939943314,37.8027606010437
708.7035746574402,84.31542533636093
1096.3398948907852,53.75210511684418
87.1251300573349,84.31986993551254
88.61233538389206,83.98066461086273
86.58154422044754,82.17745578289032
87.66275161504745,83.0972483754158
96.3729527592659,91.36804723739624
88.26815301179886,84.25084698200226
382.97838592529297,44.66961407661438
733.0037073493004,79.70029264688492
1113.047004044056,93.74899595975876
87.239213347435,82.89078664779663
87.13441210985184,83.34658789634705
88.1416204571724,83.08137953281403
88.29581880569458,84.33418118953705
96.1170221567154,81.69697785377502
100.3652331829071,86.15376681089401
359.48249047994614,57.96150952577591
739.7297413349152,42.64025866985321
653.7919939756393,504.2270060181618
439.393823325634,82.88417667150497
895.9560727477074,84.85892724990845
344.57331734895706,90.8886826634407
747.0805592536926,41.512440741062164
93.16080874204636,1054.8951912522316
91.2601507306099,86.3328492641449
99.95235198736191,95.97364801168442
88.95855069160461,84.93044930696487
87.1687508225441,83.9232491850853
88.98995012044907,85.69504988193512
91.29316753149033,85.132832467556
353.1704635024071,58.75553649663925
745.0477031469345,85.73129683732986
90.40494805574417,1051.1130519509315
86.68928706645966,87.03171294927597
91.69649451971054,87.17350548505783
87.81469458341599,82.51930540800095
105.26489865779877,85.16110134124756
91.90110158920288,87.11689841747284
88.31530249118805,88.85169750452042
333.95156413316727,86.25243586301804
745.1068179607391,36.986182034015656
662.6510700583458,507.90492993593216
470.732923746109,53.507076263427734
855.1291725039482,45.72282749414444
91.87642002105713,1171.4385799765587
791.9386348724365,58.17236512899399
96.00088369846344,1058.666116297245
91.76709401607513,83.91790598630905
90.23629665374756,85.80070334672928
91.4085042476654,85.7944957613945
99.7858556509018,88.6021443605423
90.5890736579895,85.85492634773254
97.31827801465988,86.9597219824791
338.9915260076523,46.6934739947319
746.3137875199318,81.46421247720718
96.09702032804489,1052.8469796776772
91.12338066101074,85.71061933040619
98.9625951051712,94.14840489625931
95.07980126142502,88.49319875240326
89.12400352954865,84.69099646806717
89.98120778799057,84.57379221916199
88.84041422605515,86.14058578014374
359.8286493420601,57.893350660800934
743.3719080090523,84.44209200143814
650.5271537899971,518.9728462100029
436.1290063261986,84.59299367666245
857.7652571201324,51.66074287891388
91.14250588417053,1167.987494111061
760.1667090654373,40.24029093980789
97.8959636092186,1060.5670363903046
90.14422130584717,90.15277868509293
92.37242478132248,90.72057521343231
91.28663510084152,91.56536489725113
93.97793942689896,90.2810605764389
90.57714575529099,89.14485424757004
101.08336460590363,92.21163541078568
327.57161647081375,88.22438353300095
752.8568670749664,88.34713292121887
96.6961321234703,1042.5818678736687
91.51734226942062,91.85265773534775
93.46954661607742,89.82745337486267
89.30875605344772,90.50624394416809
93.35195708274841,87.09204292297363
93.02516055107117,91.9368394613266
44.3463751077652,90.13462489843369
393.1685953140259,60.77540469169617
791.3048775196075,46.26912248134613
96.60715001821518,1084.00284999609
92.39238035678864,90.05261963605881
89.43559455871582,90.36040544509888
97.55280059576035,88.03919941186905
91.43000316619873,91.18099683523178
90.93621104955673,90.41578894853592
90.62841141223907,91.037588596344
427.74662959575653,65.14237040281296
848.7718859910965,42.76511400938034
94.33314138650894,1148.388858616352
91.43234688043594,92.58565312623978
102.38355839252472,1056.91244161129
92.22377562522888,89.64722436666489
90.9339851140976,89.91801488399506
94.10719108581543,90.63280892372131
90.76154106855392,90.08945894241333
492.30575889348984,99.97224110364914
97.57212793827057,90.8908720612526
265.54035490751266,92.25564509630203
660.6396657824516,89.74833422899246
1098.0548722743988,52.98212772607803
90.1720774769783,83.95692253112793
90.36328309774399,85.43271690607071
89.46348983049393,83.370510160923
90.06269782781601,85.32630217075348
106.95790565013885,88.52409434318542
90.55711370706558,83.97988629341125
331.1193398833275,88.82566010951996
741.7365947961807,85.30040520429611
652.724847972393,512.2381520271301
475.0676979422569,35.5623020529747
853.7599632740021,39.66703671216965
99.15425276756287,1146.7157472372055
100.42148751020432,96.22751247882843
1145.2977347970009,47.868265211582184
92.1000064611435,90.39899355173111
90.6262115240097,91.17078846693039
91.9464161992073,88.62658381462097
93.80563235282898,90.95336765050888
428.2748528122902,53.04014718532562
92.02210181951523,90.71789819002151
355.49230521917343,41.95269477367401
745.6465579867363,39.1494420170784
647.319818854332,516.7911811470985
90.80803447961807,90.70996552705765
92.5372365117073,92.0747634768486
95.72844207286835,103.2155579328537
90.77164256572723,92.17235743999481
91.07484495639801,91.49815505743027
99.39709204435349,97.21490794420242
361.0143539905548,91.00364601612091
760.8546621203423,66.96033787727356
93.30591028928757,1056.1390897035599
88.64511853456497,84.89088147878647
87.31831508874893,85.99568492174149
91.1025111079216,91.45248889923096
94.29471409320831,89.96428591012955
89.48692506551743,92.32807493209839
90.49212396144867,90.21087604761124
401.6663959622383,50.870604038238525
814.5796393156052,84.23436069488525
92.64184230566025,1140.265157699585
91.0750390291214,89.31396096944809
89.82223975658417,92.30776023864746
89.9584367275238,87.96756327152252
89.66863751411438,84.94336253404617
88.3788474202156,88.71415257453918
51.66322082281113,87.9667791724205
428.16942209005356,86.05157792568207
848.3066791296005,41.74932086467743
344.6089301109314,55.761069893836975
713.8382369875908,91.8467630147934
617.4364657998085,514.5445342063904
90.27673000097275,89.79726999998093
88.57992851734161,86.95707148313522
95.06813335418701,89.56186664104462
87.31633925437927,83.3506607413292
88.84054082632065,85.2154591679573
89.64374500513077,93.74525499343872
360.85401928424835,90.46098071336746
751.5452558994293,38.91774410009384
94.79350560903549,1053.0404943823814
93.87371307611465,91.46028691530228
93.86191749572754,90.13808250427246
88.96112149953842,90.03987848758698
89.3933242559433,91.38467574119568
91.56652891635895,91.71147108078003
89.90673500299454,85.44526499509811
426.65399396419525,58.06900602579117
811.5872405767441,44.5987594127655
89.35244464874268,1146.0925553441048
102.34064936637878,94.99335062503815
90.1428530216217,91.46814697980881
91.02005404233932,87.16494596004486
93.9712546467781,94.45474535226822
91.31045758724213,90.04054242372513
42.37381446361542,90.29318553209305
472.49102634191513,92.02797365188599
886.3122894763947,52.61371052265167
321.07853627204895,47.51446372270584
706.25182980299,40.674170196056366
621.7400661706924,516.3899338245392
90.598328769207,94.16067123413086
90.34552764892578,93.28447234630585
90.22273099422455,90.79626899957657
92.06192994117737,91.75207006931305
89.18012833595276,88.41187167167664
90.51934325695038,83.29465675354004
350.58263355493546,57.010366439819336
788.6258656978607,35.930134296417236
89.66911351680756,1051.0708864927292
96.88030904531479,92.13869094848633
88.10850483179092,84.72449517250061
91.65270239114761,91.5702975988388
94.21391075849533,94.93408924341202
89.9621205329895,90.79687947034836
92.24632489681244,89.45767509937286
393.7525914311409,89.87740856409073
793.4068678617477,45.037132143974304
90.0811311006546,1104.4368689060211
91.88333427906036,89.52366572618484
89.07553559541702,92.27646440267563
90.04473370313644,92.38126629590988
90.43992960453033,89.33807039260864
91.817129611969,91.03387039899826
91.73142206668854,87.86057794094086
455.4416568875313,34.873343110084534
846.0409670472145,50.81103295087814
265.8622316122055,962.5627683997154
740.498443365097,43.1495566368103
1098.1727633476257,40.55023664236069
98.36402827501297,91.74797171354294
87.25923174619675,85.29676824808121
88.13643878698349,87.86356121301651
89.77264314889908,90.07935684919357
92.76084226369858,91.70315772294998
91.74806517362595,91.06693482398987
340.16226756572723,87.55973243713379
730.0025745630264,42.66342544555664
1155.9348179101944,53.917182087898254
92.34908199310303,91.05891799926758
101.92928570508957,95.08871430158615
91.67748719453812,88.22951281070709
90.46169126033783,88.83430874347687
90.18989717960358,85.12410283088684
98.56711649894714,95.28488349914551
350.5363706946373,94.24162930250168
702.6916895508766,36.86431044340134
1131.8840124607086,57.783987522125244
89.70521354675293,91.2207864522934
90.56341183185577,93.2145881652832
96.25560855865479,92.52239143848419
89.89081251621246,86.75718748569489
94.47201609611511,90.9349839091301
89.23722213506699,89.00377786159515
347.46647506952286,34.23652493953705
740.5837307572365,39.13826924562454
92.03597569465637,1050.3720242977142
642.8381817340851,39.62481826543808
1069.9184938073158,64.11750620603561
96.44369918107986,91.25930082798004
99.91392070055008,96.16107928752899
99.19819700717926,93.63580298423767
92.16746693849564,90.75853306055069
89.4526720046997,88.17732799053192
89.30987584590912,86.87512415647507
237.48407524824142,84.68392479419708
659.2313284277916,50.49067157506943
1041.3676807284355,51.818319261074066
89.20693272352219,90.96006727218628
92.08514231443405,89.04485768079758
90.90534836053848,87.68665164709091
87.94956964254379,86.55043035745621
90.51077151298523,89.15522849559784
93.03597456216812,88.2780254483223
242.7281876206398,34.179812371730804
671.6984376311302,39.264562368392944
1062.445740222931,63.07325977087021
108.74796104431152,98.62203896045685
89.79225355386734,88.18974643945694
92.20645654201508,87.23854345083237
90.47168117761612,88.73231881856918
91.1818830370903,86.85511696338654
94.26208686828613,90.08891314268112
244.56531894207,87.28568106889725
661.3505688905716,46.16843110322952
1066.6338621973991,58.698137819767
540.141063451767,44.821936547756195
951.3703381419182,59.130661845207214
97.65453481674194,88.77146518230438
94.6977390050888,88.45026099681854
91.5939394235611,88.29506057500839
95.15614771842957,93.08585226535797
89.77235972881317,89.0976402759552
94.90956670045853,90.29443329572678
185.49078691005707,90.56521308422089
616.8860382437706,40.72596174478531
1007.6513368487358,58.274663150310516
90.00953412055969,89.32346588373184
92.46074056625366,91.98325943946838
94.85594928264618,94.40305072069168
90.65917438268661,87.84082561731339
88.4613829255104,87.77861708402634
89.8385843038559,86.1614156961441
235.51178228855133,42.821217715740204
657.7600408792496,44.92595911026001
1072.228339612484,47.28966039419174
92.81054550409317,91.44945448637009
94.834747672081,92.42425233125687
90.45295441150665,90.4910455942154
94.64516031742096,99.76283967494965
93.44736802577972,93.05263197422028
92.10157233476639,91.04642766714096
303.68277460336685,88.68822538852692
734.2260020971298,42.21899789571762
1161.6222601532936,57.82273983955383
92.1835173368454,91.96448266506195
1048.394719362259,60.58728063106537
92.69797337055206,90.21002662181854
93.55517560243607,91.22182440757751
93.19237875938416,89.78962123394012
92.36558610200882,93.20841389894485
345.7228009700775,87.64719903469086
88.02605146169662,88.56594854593277
241.12527346611023,89.57772654294968
657.0765228271484,50.49747717380524
1042.3238638043404,58.91713619232178
93.25713729858398,88.31686270236969
90.18934673070908,86.86565327644348
95.2695517539978,84.56344825029373
87.99877643585205,86.22322356700897
91.93098646402359,86.43901354074478
94.77119332551956,89.21080666780472
237.44439560174942,87.8706043958664
625.3216436505318,45.82635635137558
1062.5879340171814,64.54206597805023
91.13114458322525,88.70285540819168
88.02635055780411,86.02964943647385
91.51455414295197,85.26344585418701
90.00175482034683,85.46024519205093
97.10196036100388,90.21403962373734
93.71917152404785,85.07682847976685
296.5963936448097,88.27360635995865
680.6577166318893,51.56428337097168
1121.5729295611382,31.11307042837143
92.1531930565834,96.93980693817139
995.7154377102852,34.6735622882843
95.64769226312637,87.53730773925781
95.43190306425095,88.08609694242477
97.14311301708221,90.50488698482513
95.20532691478729,86.0916730761528
281.3035457730293,84.4184542298317
93.05081909894943,87.09618091583252
139.02108371257782,87.86791628599167
561.3053506016731,39.25064939260483
944.0896777510643,58.114322245121
105.59592598676682,97.53407400846481
92.02915686368942,86.17484313249588
96.60937094688416,86.27862906455994
95.3755961060524,86.40240389108658
92.51182329654694,86.80317670106888
98.77804327011108,89.05495673418045
113.13526332378387,85.71673667430878
450.16172420978546,31.135275781154633
846.9270415306091,40.31295847892761
94.56325125694275,1137.0847487449646
93.36645978689194,85.50454020500183
93.26167339086533,85.20132660865784
92.564890563488,86.26810944080353
96.29310822486877,86.68789178133011
94.1523265838623,94.08867341279984
97.5846294760704,87.54537051916122
445.2578622698784,89.11213773488998
820.8942046165466,50.438795387744904
99.28947871923447,1091.0255212783813
97.96274089813232,93.81425911188126
1108.709990799427,32.17800921201706
93.73626613616943,89.5057338476181
93.88949048519135,87.27650952339172
88.95270556211472,84.84329444169998
96.8109142780304,94.85508573055267
344.6322105526924,90.57178944349289
93.50944942235947,85.157550573349
228.84868478775024,87.31731522083282
609.9860253930092,46.81097459793091
997.3073660731316,56.452633917331696
96.7026195526123,89.24138045310974
101.06183755397797,91.62416243553162
96.16005510091782,89.91394490003586
90.7962691783905,91.73973083496094
102.56248861551285,92.40051138401031
109.08674556016922,91.07925444841385
127.61202412843704,32.276975870132446
458.5645087361336,87.9174912571907
871.2737770676613,48.26322293281555
91.74404656887054,1143.4599534273148
95.9542641043663,90.11973589658737
94.36847794055939,87.89152204990387
92.78169173002243,86.45830827951431
93.56690937280655,85.69309061765671
89.44312316179276,85.38987684249878
104.09746187925339,93.03153812885284
414.06773442029953,90.96926558017731
819.3530253171921,45.46297466754913
97.08129835128784,1080.2147016525269
685.161551117897,39.55944889783859
1045.8158999681473,59.73910003900528
103.78619140386581,99.34380859136581
91.1074520945549,87.31854790449142
90.35468250513077,88.94131749868393
93.95388489961624,90.9901151061058
96.0720847249031,94.00191527605057
91.5222874879837,86.95871251821518
226.21449148654938,89.655508518219
649.3697474002838,42.445252597332
1042.0240758657455,98.60592412948608
97.32733845710754,91.6176615357399
91.83454769849777,93.64745229482651
102.61775809526443,90.67824190855026
88.75499242544174,86.00400757789612
96.77920216321945,91.09079784154892
91.61941641569138,89.36158359050751
226.01463162899017,85.41036838293076
609.0769626498222,42.4600373506546
1001.5282692909241,31.508730709552765
90.72052872180939,87.89047127962112
92.59773880243301,84.95826119184494
88.17795008420944,84.48904991149902
91.68415594100952,87.81584405899048
92.54336190223694,91.43863809108734
91.77157253026962,85.61742746829987
180.03784447908401,86.14815551042557
604.5810822248459,47.936917781829834
1004.4213905334473,30.541609466075897
462.81665658950806,86.68334341049194
873.0089074969292,33.02809250354767
96.66417199373245,1153.1698279976845
88.96637785434723,85.94062215089798
90.78759497404099,84.84140503406525
88.14679688215256,87.44620311260223
89.17200535535812,86.03299462795258
94.19622027873993,88.61777973175049
92.23958766460419,84.59341233968735
442.3768145442009,34.050185441970825
840.1421245932579,45.728875398635864
93.81533724069595,1137.628662765026
96.35854935646057,85.28945064544678
90.18076294660568,85.17223703861237
88.74297946691513,84.6830205321312
94.65719413757324,89.32480585575104
91.47741025686264,96.63258975744247
98.78071218729019,85.27428781986237
416.954002559185,88.58299744129181
815.534294962883,48.20570504665375
99.18961662054062,1062.4023833870888
93.58586835861206,86.06313163042068
111.33309084177017,85.27790915966034
96.26530283689499,92.9206971526146
92.7905125617981,85.24648743867874
92.96372038125992,85.07327961921692
93.173932492733,85.27106750011444
408.99514585733414,89.81985414028168
775.8715133666992,46.59048664569855
638.5457758903503,534.5842241048813
611.0701031088829,46.83589690923691
1024.2073825597763,50.97761744260788
95.2316917181015,88.65630829334259
91.53590196371078,83.61309802532196
93.20812523365021,83.43987476825714
90.7523455619812,86.28565442562103
94.86956012248993,87.14943987131119
95.54277408123016,87.58622592687607
177.0120006799698,34.26599931716919
559.4263494610786,40.314650535583496
976.3776043057442,54.25139570236206
91.66286945343018,84.85713052749634
91.28008085489273,85.2569191455841
100.36129593849182,85.93570405244827
91.58851218223572,85.50348782539368
89.29872274398804,84.14427727460861
90.13993269205093,84.13806730508804
162.40514701604843,29.29885298013687
576.9494857788086,89.38451421260834
950.1227913498878,49.2292086482048
95.79600477218628,90.685995221138
91.91323059797287,91.67976939678192
94.82743448019028,86.76556551456451
92.85264152288437,86.90635848045349
93.78485834598541,87.10414165258408
99.2180762887001,89.81992369890213
137.1313448548317,87.97965514659882
554.823608994484,38.10239100456238
937.0709381103516,50.42906188964844
380.4842316508293,92.60776835680008
771.1765496730804,44.989450335502625
1179.0348291397095,34.42817085981369
449.5816799402237,36.030320048332214
868.791939496994,51.31906050443649
99.52018702030182,1145.997812986374
97.1194035410881,90.1765964627266
95.90361475944519,88.91038525104523
95.74383062124252,93.42216938734055
95.91704964637756,87.11995035409927
99.23827511072159,89.4467248916626
103.98562437295914,89.16137564182281
409.4189101457596,91.19208985567093
809.4622120261192,47.240787982940674
646.3215283751488,533.2894716262817
91.86476421356201,85.52423578500748
97.51997512578964,90.16602486371994
96.8221874833107,97.34381252527237
95.34740096330643,85.54059904813766
91.98361468315125,86.53438532352448
97.34283351898193,93.36216646432877
389.0710729956627,83.92992699146271
774.7264025807381,46.25559741258621
647.4546352624893,539.0083647370338
668.5168517827988,50.24214822053909
1107.9120736122131,38.235926389694214
101.84534430503845,88.82265567779541
98.20262795686722,93.13037204742432
96.30189496278763,90.97510504722595
92.56812691688538,87.19087308645248
92.72334635257721,87.1846536397934
92.48856520652771,84.54743480682373
244.34777635335922,89.43022364377975
653.1320245265961,44.57197546958923
987.0834639668465,38.286536037921906
93.27571368217468,82.53928631544113
106.50393521785736,92.38506478071213
95.97315633296967,86.22984367609024
94.22036761045456,85.42763239145279
91.50557917356491,86.03242081403732
92.93779665231705,85.59920334815979
175.0370175242424,85.44498246908188
601.7653458714485,48.66065412759781
926.8097198605537,48.89428013563156
98.03898632526398,111.59101366996765
99.50720238685608,92.30679762363434
93.75542050600052,87.15257948637009
92.11363732814789,85.79436266422272
93.54585200548172,89.472148001194
94.29306602478027,86.50293397903442
110.31927913427353,84.44072085618973
445.75174057483673,33.11925941705704
837.4430645704269,41.05693542957306
287.48632192611694,87.73567807674408
675.6416475176811,43.0813524723053
1106.647874712944,34.42512530088425
94.15514826774597,89.08585172891617
95.42036414146423,86.33863586187363
96.50157958269119,86.75742042064667
91.85979574918747,87.65920424461365
96.4590106010437,94.70698940753937
98.79822301864624,91.2377769947052
292.7124425172806,84.38055747747421
671.422768831253,46.55823117494583
1121.5039985775948,47.7550014257431
97.86227256059647,87.67472743988037
90.22049295902252,84.68650704622269
93.00570046901703,85.14329952001572
98.69691240787506,90.61708760261536
97.148124396801,87.07387560606003
96.19134539365768,86.4926546216011
288.8655591607094,31.85744082927704
714.7047987580299,37.46220123767853
1110.89712536335,36.76987463235855
92.79238831996918,88.20761168003082
91.3546102643013,85.01638972759247
98.8798217177391,91.06517827510834
93.90403318405151,86.52196681499481
94.30024456977844,89.07075542211533
91.99145668745041,86.13754332065582
295.86968314647675,90.15031683444977
715.9499270319939,44.050072968006134
1119.8822310566902,62.78476893901825
554.6295155286789,41.129484474658966
970.8577849268913,49.40121507644653
94.66113603115082,105.46786397695541
95.68634867668152,87.14665132761002
91.61856472492218,85.1584352850914
93.47777891159058,88.39322108030319
95.68799793720245,86.60800206661224
94.06421715021133,86.45378285646439
107.08943861722946,87.22456139326096
446.79990470409393,89.7370952963829
826.5842298269272,46.22977018356323
93.5914940237999,1114.0565059781075
91.19070476293564,86.0502952337265
96.17891651391983,90.80208349227905
95.3711308836937,87.01886910200119
96.11734688282013,86.84565311670303
90.14356309175491,85.70943689346313
98.72384858131409,91.25815141201019
386.50814950466156,85.86185050010681
809.3474053740501,46.46659463644028
93.44767338037491,1089.3483266234398
93.13889014720917,86.97210985422134
95.99711006879807,86.55788993835449
92.61532288789749,85.03267711400986
94.91754132509232,87.11845868825912
98.96176129579544,95.24223870038986
63.1529785990715,93.12502139806747
407.73422092199326,85.54277908802032
799.925535261631,53.036464750766754
215.61888402700424,88.21511596441269
599.3092190027237,43.74578100442886
990.187527179718,46.3314728140831
91.22979062795639,88.01020938158035
111.27500259876251,91.244997382164
95.52221500873566,94.51578497886658
98.9164366722107,88.15656334161758
90.86765110492706,85.33534890413284
92.28186070919037,88.01513928174973
172.32609623670578,85.71190375089645
554.9804416894913,48.16755831241608
936.7827745079994,44.10522550344467
99.73406797647476,109.45093202590942
95.94530642032623,90.6846935749054
96.41451942920685,86.97448056936264
91.60574054718018,86.85725945234299
95.05696284770966,90.7020371556282
93.49017614126205,86.49182385206223
197.38538575172424,83.74461424350739
433.9848354458809,34.01516455411911
834.176152586937,38.95284742116928
95.27542918920517,1104.4825708270073
94.39365011453629,88.12534987926483
92.89986830949783,85.85913169384003
90.09108287096024,89.11191713809967
97.78429317474365,86.19770681858063
94.51250374317169,87.95049625635147
95.18578207492828,87.96221792697906
401.6560658812523,94.41793411970139
784.0324181318283,86.74558186531067
220.59467846155167,86.01632153987885
598.1020208001137,45.04597920179367
982.3123553991318,56.169644594192505
93.87359881401062,86.75540119409561
93.102812230587,96.37818777561188
114.59104013442993,100.70495986938477
97.07929879426956,95.80970120429993
93.10351783037186,91.72848218679428
99.75872677564621,90.66727322340012
131.78399032354355,92.32800966501236
556.4572370648384,38.67176294326782
982.5564737915993,57.05452620983124
95.78574025630951,87.36325973272324
97.62597143650055,89.98502856492996
105.55724132061005,98.5907586812973
95.74950021505356,88.54749977588654
97.44071531295776,85.85528469085693
92.18893194198608,86.90406805276871
117.63914704322815,91.1008529663086
447.86861115694046,34.946388840675354
860.8388686180115,42.42113137245178
96.25314104557037,1147.913858950138
94.94435769319534,92.14864230155945
1189.5615770220757,59.77142298221588
449.51549541950226,91.98450458049774
801.6148447394371,54.75515526533127
96.40012550354004,1084.5638744831085
94.79434221982956,87.03765779733658
95.20955967903137,87.2734403014183
97.9008001089096,88.54419988393784
98.50005090236664,95.29694908857346
94.58127617835999,88.17872381210327
96.19750034809113,88.07949966192245
379.2597226500511,37.7582773566246
757.8600724339485,46.3629275560379
1183.6253222823143,43.61567771434784
93.85454046726227,87.46045953035355
90.23075354099274,86.38024646043777
98.29296141862869,97.44803857803345
95.80017882585526,87.82982116937637
99.010393679142,92.7866063117981
98.4436143040657,88.09438568353653
376.93084192276,38.1801580786705
766.2891846895218,50.15581530332565
1184.7034408450127,40.85255914926529
453.65732902288437,90.28767096996307
797.3307186365128,49.521281361579895
225.39303904771805,86.7549609541893
637.1033034920692,49.26669651269913
983.7027190327644,38.1302809715271
99.3379779458046,90.90102207660675
95.4381935596466,89.91380643844604
94.8704097867012,85.96259021759033
94.63662987947464,86.93837010860443
96.84685426950455,96.72814571857452
93.00107133388519,87.70192867517471
172.5082932114601,91.69570678472519
542.0516378283501,43.28136217594147
936.6689531207085,59.64504688978195
99.9901755452156,88.3048244714737
97.79441440105438,88.9835855960846
93.70864069461823,88.64435929059982
100.1768588423729,92.26714116334915
99.4990850687027,89.05691492557526
93.35731041431427,88.69768959283829
121.06752145290375,94.35847854614258
448.5369921922684,92.14700782299042
864.5262686610222,41.3627313375473
96.42054641246796,1140.7084535956383
94.44676184654236,92.66523814201355
1164.101002573967,58.45399743318558
95.45929425954819,90.61470574140549
93.24450784921646,92.55249214172363
96.99172008037567,93.84227991104126
96.16395312547684,94.76204687356949
402.023213326931,34.976786673069
115.49250489473343,89.17349511384964
279.94373881816864,85.51926118135452
665.2460432648659,46.14295673370361
1048.2903873324394,44.76561266183853
104.81564235687256,94.99935764074326
93.30386406183243,93.99313592910767
98.08808380365372,96.1349161863327
92.81632077693939,86.73967921733856
91.37853562831879,86.41746437549591
91.19975340366364,85.28124660253525
229.1509683728218,85.34903162717819
642.3252265453339,91.95277345180511
990.3686429858208,53.24235701560974
91.17190885543823,90.03209114074707
88.40012335777283,100.98887664079666
90.38832992315292,85.79667007923126
92.13554525375366,88.08645474910736
89.93876874446869,86.39423125982285
90.25998485088348,89.90701514482498
185.35820668935776,89.80779331922531
550.180558025837,41.67144197225571
961.3538170456886,46.20118296146393
89.19407439231873,87.28792560100555
95.2562952041626,90.89270478487015
93.50250321626663,1171.6264967918396
90.7507187128067,87.91628128290176
97.42393338680267,94.05706661939621
89.22615206241608,86.30984795093536
122.93643569946289,89.48856431245804
88.40686559677124,85.09313440322876
99.17308282852173,85.53091716766357
369.8463181257248,89.15368187427521
753.7226468920708,52.12935310602188
1155.2849390506744,48.12206095457077
96.90222179889679,95.5787782073021
96.87246453762054,89.2755354642868
89.4897038936615,88.47329610586166
88.86691075563431,85.98508924245834
101.07813197374344,89.49686801433563
95.43537455797195,90.93462544679642
283.2016276717186,33.61337232589722
704.3938679695129,49.88413202762604
1103.8631899356842,54.58081007003784
95.57344990968704,90.61155009269714
93.37666720151901,89.97533279657364
91.30889242887497,86.7651075720787
89.53711193799973,86.99888807535172
95.11832815408707,90.39967185258865
92.0695447921753,86.83745521306992
272.4097692370415,35.202230751514435
662.4900925159454,45.6389074921608
1088.1633669734001,47.13263303041458
90.42968767881393,86.73631232976913
927.8619214892387,61.601078510284424
92.75720143318176,95.5017985701561
94.57840567827225,88.77259433269501
87.73361647129059,84.37738353013992
89.07382917404175,85.88917082548141
206.9320501089096,89.51294988393784
88.624302983284,86.26469701528549
97.16750711202621,36.907492876052856
428.50796645879745,41.622033536434174
824.1072909235954,41.76370906829834
97.37350422143936,1133.3314957618713
90.67572617530823,87.49127382040024
88.77495396137238,86.74304604530334
99.50317931175232,94.922820687294
99.80643290281296,90.86056709289551
92.86968648433685,85.3913134932518
55.282905757427216,83.16209423542023
422.7891142964363,32.06288570165634
803.1294752955437,43.61152470111847
638.9317818880081,553.9752181172371
91.12503618001938,85.72696381807327
94.3712540268898,92.59174597263336
92.19347310066223,87.84452688694
95.10668689012527,90.78131312131882
87.40989768505096,85.07210230827332
96.84210604429245,85.10289394855499
375.42335057258606,89.55864942073822
752.7996896505356,51.607310354709625
1177.417939066887,55.026060938835144
645.4431795477867,38.98282045125961
987.986601293087,53.79139870405197
95.41885983943939,91.21114015579224
90.92608505487442,87.05591493844986
97.3392967581749,91.14170324802399
98.08750981092453,91.78349018096924
90.22371697425842,86.12928301095963
97.84092408418655,92.54707592725754
163.7741681933403,91.7258318066597
541.8355253338814,36.97847467660904
965.0277777314186,50.657222270965576
89.68203556537628,87.03896445035934
91.5032719373703,88.01472806930542
97.19548505544662,91.37851494550705
90.53569996356964,86.72330003976822
93.1349121928215,85.51308780908585
105.17813885211945,95.91386115550995
116.35139840841293,89.83360159397125
449.840866625309,88.62313336133957
823.0692187547684,49.91278123855591
94.68644243478775,1131.2395575642586
95.28565084934235,92.80634915828705
89.97785860300064,90.18914139270782
91.5770772099495,87.9229227900505
95.25029069185257,94.37970930337906
90.14549535512924,93.48450464010239
94.05981880426407,94.23718118667603
445.60402792692184,89.63797205686569
830.7583388090134,47.575661182403564
97.26455628871918,1132.3284437060356
704.7338362932205,94.72816371917725
1106.500135242939,45.73986476659775
95.8033457994461,94.08565419912338
94.71755683422089,95.69044315814972
95.48278957605362,93.29521042108536
93.93401348590851,96.4729865193367
97.34825110435486,91.22674888372421
92.0214706659317,87.40452933311462
272.7687205672264,83.86127942800522
687.2939935326576,34.79900646209717
1102.134280025959,50.73671996593475
94.08454662561417,95.10045337677002
94.14675426483154,93.44524574279785
92.98696148395538,94.60603851079941
92.38217151165009,93.04382848739624
94.14837729930878,93.11062270402908
93.8035957813263,88.30840420722961
277.3278411626816,86.22715884447098
706.7240825891495,92.99791741371155
1104.2483978271484,52.362602174282074
94.19966185092926,88.63333815336227
90.965884745121,86.97811526060104
96.43509817123413,93.04590183496475
99.27531641721725,91.65068358182907
90.07753372192383,87.40346628427505
94.3437482714653,88.11925172805786
276.1279684305191,90.26003158092499
657.9683068394661,93.25369316339493
1082.4755594730377,56.37744051218033
519.5368422865868,44.500157713890076
920.6541372537613,59.825862765312195
95.93943095207214,93.35656905174255
95.51964777708054,93.83135223388672
88.73086309432983,87.26913690567017
94.88506788015366,91.59593212604523
93.13228678703308,91.40471321344376
99.34251242876053,92.41648757457733
89.49696719646454,87.37303280830383
434.3741720318794,90.56982797384262
824.8994975686073,41.13750243186951
92.35070592164993,1150.2232940793037
91.61691838502884,88.25408160686493
95.97512447834015,92.33987551927567
93.44434249401093,87.96265751123428
98.09856277704239,92.14143723249435
90.77277570962906,87.43122428655624
89.76110434532166,88.16589564085007
428.73031878471375,90.80668121576309
819.4216229915619,43.37437701225281
95.07684415578842,1134.015155851841
94.50905448198318,91.30594551563263
97.2932677268982,88.18773227930069
98.39250367879868,92.14349633455276
90.19575130939484,88.21124869585037
94.73997163772583,93.01902836561203
98.042227268219,92.38377273082733
421.9564387202263,35.247561275959015
815.5187543034554,43.57424569129944
97.1920273900032,1105.289972603321
693.8282475471497,38.727752447128296
1097.630558013916,44.9794420003891
90.5638330578804,88.71316695213318
90.96005088090897,88.74394911527634
95.54026710987091,91.18173289299011
91.32351076602936,97.04648923873901
96.53472542762756,92.54027456045151
91.39294290542603,92.40305709838867
255.82615733146667,91.22984266281128
646.424483537674,94.57551646232605
931.5980402231216,56.21695977449417
96.64225554466248,92.22874444723129
95.61148965358734,90.38851034641266
91.6916971206665,90.23330289125443
92.90290951728821,91.13509047031403
88.9831195473671,87.16488045454025
89.7683294415474,86.21367055177689
117.34860050678253,90.87339949607849
466.8360131382942,40.82998687028885
870.4913086891174,42.693691313266754
95.94258219003677,1160.2244178056717
88.22679257392883,89.49520742893219
90.51100170612335,88.9329982995987
92.27720844745636,93.00079154968262
98.22842890024185,97.34657108783722
92.58666634559631,91.21033364534378
93.51903659105301,95.73996341228485
423.74824833869934,91.6967516541481
811.2365720272064,38.44942796230316
257.77983897924423,92.81216102838516
657.5461382269859,91.9918617606163
1110.0153549909592,52.57664501667023
90.85562461614609,92.62637537717819
92.71383255720139,92.23016744852066
95.79404187202454,98.01995813846588
95.7082622051239,93.97673779726028
95.82647973299026,96.15552026033401
91.88769888877869,92.87030112743378
270.76593029499054,88.53106969594955
653.1432631015778,46.94973689317703
1086.2225056886673,56.776494324207306
89.19282001256943,88.06717997789383
97.05102896690369,86.87497103214264
92.74224650859833,89.42475348711014
91.73047840595245,85.04752159118652
89.42269188165665,84.89230811595917
95.44790929555893,94.70009070634842
210.34318512678146,90.13881486654282
637.2014353275299,92.11256468296051
1012.5607976317406,41.71720236539841
90.30810815095901,91.32189184427261
101.46232223510742,94.2596777677536
89.15453159809113,86.40146839618683
89.90173649787903,88.17226350307465
96.03694725036621,88.51805275678635
89.82216387987137,87.01183611154556
180.60644268989563,89.26355731487274
545.3917655348778,39.66423445940018
918.4541068077087,58.37989318370819
376.3673815727234,90.3176184296608
790.1516571044922,91.55234289169312
1179.0839689970016,55.286031007766724
435.9638613462448,85.81413865089417
814.3041951656342,49.93580484390259
96.5513990521431,1136.7086009383202
93.85462349653244,95.23837649822235
94.89783847332001,93.69516152143478
98.14505052566528,96.31794947385788
98.17026573419571,93.66273427009583
93.1764817237854,88.39651829004288
92.51678550243378,89.48221451044083
428.9119927287102,32.772007286548615
819.6783303618431,54.95166963338852
659.0006495118141,553.9813504815102
92.52488017082214,91.54911983013153
96.06810259819031,92.11589741706848
98.07532143592834,91.05467855930328
91.19253247976303,86.62146753072739
94.01374304294586,90.70825695991516
91.64996218681335,87.57103782892227
388.157207429409,92.2687925696373
815.86744338274,37.94755661487579
278.2446825504303,93.3483174443245
706.0289322733879,96.10106772184372
1106.6102342009544,42.53776580095291
93.59844386577606,96.10655611753464
93.62265843153,88.80334156751633
91.42587858438492,89.03812140226364
90.83908528089523,86.8819147348404
94.47629606723785,88.35670393705368
92.6305296421051,88.79547035694122
279.8038071990013,89.8071928024292
704.2180581092834,43.18994188308716
1100.3173578381538,47.256642162799835
91.39757245779037,92.02842754125595
94.66377848386765,94.688221514225
92.42999613285065,87.77400386333466
92.30620777606964,87.15679222345352
97.75742518901825,88.40857481956482
102.48666095733643,97.19833904504776
305.62287443876266,87.8401255607605
705.8141630291939,38.27883696556091
1126.3024201989174,54.178579807281494
92.62369346618652,95.28330653905869
95.22289854288101,93.81410145759583
93.23010843992233,95.6028915643692
99.1073345541954,95.28266543149948
92.48358678817749,93.92341321706772
90.91680359840393,88.84219640493393
278.330079972744,256.00292003154755
740.4293311238289,87.92266887426376
125.89863729476929,93.13736271858215
548.6649107933044,105.76108920574188
935.024224281311,45.25477570295334
116.82646757364273,104.41453242301941
98.20368093252182,98.09331905841827
95.11689752340317,86.77110248804092
97.51211482286453,94.9128851890564
96.61133003234863,93.42466998100281
92.80453950166702,96.01146048307419
126.30977153778076,84.61622846126556
546.2800030112267,44.05399698019028
930.4353387355804,60.15766125917435
92.86763435602188,93.16936564445496
94.0598464012146,90.92215359210968
93.14006465673447,94.63793534040451
97.275275349617,95.18672466278076
94.50548642873764,96.66151356697083
95.80769717693329,95.59930282831192
106.1479195356369,93.79608047008514
438.043388903141,94.43761110305786
823.7727290987968,93.32027089595795
99.57498878240585,1104.7760112285614
96.91520428657532,96.75079572200775
97.19941842556,94.0965815782547
103.7616383433342,88.75636166334152
99.62085729837418,92.91714268922806
97.09008538722992,94.48491460084915
99.57839471101761,109.21860527992249
318.73275554180145,34.156244456768036
747.665003657341,40.68599635362625
200.09725779294968,85.84674221277237
572.548620223999,42.524379789829254
992.5739261507988,40.16707384586334
97.09918737411499,92.25281262397766
96.97642379999161,91.94957619905472
98.53864777088165,92.83135223388672
98.2668764591217,95.12212353944778
104.95910578966141,90.7448942065239
95.48432898521423,94.90467101335526
111.21358877420425,92.95341122150421
440.9420592188835,95.02094078063965
814.2444047927856,41.05159521102905
102.21468508243561,1097.5993149280548
96.70195424556732,91.57504576444626
96.89518362283707,93.21581637859344
94.08640968799591,90.9325903058052
93.92562735080719,91.07337266206741
99.4148456454277,89.93715435266495
103.53207182884216,94.930928170681
376.8712983727455,91.5357016324997
786.1935986280441,90.91740137338638
1174.5339337587357,56.911066234111786
97.41016471385956,92.18183529376984
1076.8423937559128,49.008606255054474
95.2386844754219,93.68731552362442
95.61590629816055,88.82909369468689
98.08513528108597,88.11886471509933
97.96238058805466,88.40861940383911
278.1356642842293,94.36433571577072
100.34595537185669,93.41404461860657
164.61217880249023,95.74082118272781
539.6185066103935,89.86349338293076
955.0517566204071,55.24524337053299
102.42802500724792,94.2019749879837
104.26826351881027,94.41673648357391
94.12648171186447,87.70651829242706
98.00270062685013,89.55229938030243
94.45391714572906,90.4160828590393
99.83113688230515,97.63186311721802
115.07838755846024,94.73661243915558
435.95587080717087,93.37712919712067
814.0372171998024,44.29678279161453
661.3395150303841,558.0314849615097
429.7194876074791,91.7805123925209
816.8928269743919,46.03317302465439
657.4731355905533,558.7858644127846
96.38735872507095,95.7606412768364
1097.079620718956,50.568379282951355
95.08583956956863,92.30316042900085
99.79606783390045,93.40693217515945
103.74730730056763,97.30769270658493
99.06853705644608,92.94946295022964
366.3347687125206,93.90623128414154
98.23009222745895,97.34390777349472
216.45934092998505,95.57865905761719
563.3727535605431,92.49724644422531
979.2500037550926,42.56499624252319
99.34928941726685,93.83571058511734
98.15252870321274,93.62547129392624
97.71475976705551,92.98924022912979
111.20299243927002,99.42700755596161
97.45026677846909,92.29073321819305
99.9194957613945,95.63550424575806
197.01873403787613,90.94426596164703
429.98817986249924,91.47482013702393
817.9765077829361,38.94949221611023
108.39079648256302,1083.443203508854
94.30507373809814,89.60292625427246
100.96030056476593,93.83669942617416
94.96652114391327,93.4044788479805
100.99074792861938,98.10125207901001
98.53497219085693,95.52102780342102
99.37519878149033,89.69980120658875
372.547425031662,32.74857497215271
750.86975055933,50.241249442100525
1165.0060349106789,60.93896508216858
632.142254948616,47.89474505186081
972.9086876511574,52.647312343120575
100.02595472335815,91.58604526519775
91.81021535396576,87.33878463506699
95.0754405260086,86.07155948877335
93.67466449737549,84.88033550977707
103.79290443658829,95.0040955543518
94.61413550376892,87.82986450195312
107.58336699008942,92.60063302516937
436.2208331823349,91.90916681289673
810.6161844134331,96.73481559753418
99.90044438838959,1101.3395556211472
98.90767061710358,96.11132937669754
94.76589596271515,94.62410402297974
97.27212053537369,93.26487946510315
97.14934378862381,92.40665620565414
96.63756626844406,93.49243372678757
97.0697853565216,96.17121464014053
379.22509717941284,96.9229028224945
740.082450568676,47.601549446582794
1169.8857103586197,52.07728964090347
93.2069280743599,85.71907192468643
105.06615948677063,94.95284050703049
94.7013852596283,88.50161474943161
98.19060653448105,89.34739345312119
94.38182985782623,88.78517013788223
108.24106162786484,94.85193836688995
309.17334681749344,36.17865318059921
698.6796825528145,40.78331744670868
1095.8159887194633,60.258011281490326
566.8222036957741,41.49179631471634
960.8475013971329,57.78149861097336
101.29876661300659,92.0902333855629
98.95300436019897,94.87999564409256
103.08922779560089,99.05877220630646
96.07848137617111,89.92151862382889
94.69470435380936,90.98929566144943
97.3869269490242,93.48307305574417
106.13516628742218,95.32783371210098
432.28964960575104,96.22835040092468
824.8519797921181,92.3150202035904
101.78519660234451,1127.7898033857346
103.97645777463913,97.09854221343994
99.50168669223785,93.77631330490112
95.71091151237488,91.73308849334717
94.90413612127304,91.78186386823654
98.31736409664154,95.7196359038353
98.24958783388138,94.49041217565536
375.34989309310913,91.85410690307617
788.0781630277634,44.45883697271347
640.6775252819061,544.9514747262001
94.10996335744858,89.11203664541245
95.08018606901169,93.49381393194199
99.97540587186813,92.91359412670135
102.44463217258453,97.25836783647537
97.35885989665985,94.75214010477066
99.16208171844482,98.50491827726364
242.37231135368347,90.12768864631653
647.7116258144379,98.63937419652939
104.2001501917839,93.94784981012344
375.31844985485077,33.885550141334534
785.1027261018753,42.249273896217346
1170.072044789791,62.48395520448685
96.91227406263351,93.05072593688965
102.34549367427826,95.93250632286072
100.92473781108856,96.8342621922493
95.94998300075531,94.32801699638367
97.38320225477219,89.32079774141312
97.22342497110367,87.49857503175735
317.5447089076042,93.54829108715057
735.99496281147,95.69003719091415
1148.7982454299927,50.38675457239151
99.43553531169891,92.84246468544006
95.82976442575455,94.00323557853699
100.37398964166641,95.33001035451889
98.30721580982208,94.6747841835022
97.44244658946991,95.4645534157753
94.70767766237259,96.64332234859467
269.3629262447357,93.08107376098633
663.5922518968582,94.53774809837341
1080.5804942250252,52.64250576496124
98.67877268791199,99.56122732162476
93.70401918888092,90.8139808177948
96.13723438978195,98.95576560497284
95.08847898244858,95.1895210146904
96.39069366455078,94.96130633354187
99.74991059303284,96.02808940410614
207.6261843442917,92.31781566143036
631.2444400191307,93.10755997896194
96.80594277381897,97.0640572309494
413.75815933942795,93.27884066104889
747.986606836319,47.30939316749573
1161.289881825447,51.28411817550659
94.9251070022583,96.99989300966263
93.26533353328705,94.45666646957397
99.23455303907394,93.28344696760178
96.9827778339386,98.09122216701508
100.17500698566437,103.82499301433563
98.6442876458168,95.09571236371994
306.8545060157776,105.25649398565292
728.9357694983482,48.991230487823486
1129.683059334755,66.64994066953659
101.26333391666412,94.2546660900116
98.73254752159119,96.80445247888565
98.77677464485168,96.85322535037994
98.5799914598465,96.0130085349083
97.99323600530624,92.96976399421692
99.96346086263657,88.27753913402557
263.5987237691879,40.326276242733
689.3289664983749,55.468033492565155
1085.6492846608162,60.739715337753296
96.71249514818192,92.95450484752655
999.847713291645,56.855286717414856
100.5389866232872,97.84901338815689
96.19522702693939,101.45377296209335
101.99746215343475,96.2615378499031
97.18971699476242,92.21828299760818
198.39901322126389,92.4889867901802
97.72126084566116,94.37073916196823
116.33847397565842,93.58652603626251
426.1969337463379,97.50606626272202
802.8152734041214,48.79672658443451
104.43348455429077,1123.0295154452324
99.1617603302002,96.57923966646194
95.09398281574249,88.62801718711853
93.19319671392441,89.88080328702927
94.62641578912735,86.85558420419693
92.613640666008,88.4783593416214
92.97186654806137,86.62013345956802
404.12717109918594,38.409828901290894
770.1714622974396,59.810537695884705
1162.7518127560616,65.43318724632263
92.94412690401077,88.98187309503555
96.4683426618576,92.54965734481812
98.04955571889877,93.15444427728653
90.92677545547485,87.90622454881668
98.7109922170639,90.5850077867508
92.77322614192963,89.33777385950089
310.038450717926,98.16454929113388
688.5087724924088,46.510227501392365
1075.571104824543,61.984895169734955
94.55936050415039,95.51563948392868
968.0095732808113,58.13842672109604
99.49783688783646,98.59516310691833
94.02308428287506,100.16191571950912
97.17829912900925,99.63670086860657
96.18451452255249,97.81548547744751
83.91380542516708,87.12319457530975
94.19710624217987,95.0808937549591
96.1305485367775,93.75845146179199
422.63676780462265,96.3072322010994
799.8110844492912,54.244915544986725
95.26135593652725,1107.6826440691948
92.00863122940063,88.73136878013611
103.47884279489517,98.20615720748901
93.57806247472763,92.07093751430511
97.76928102970123,93.41571897268295
95.07250386476517,90.20549613237381
94.98571819067001,89.14328181743622
373.54796493053436,39.025035083293915
803.3702001571655,52.722799837589264
94.89546769857407,1113.8835322856903
94.40168869495392,88.28431129455566
101.74191319942474,95.25908678770065
92.54417425394058,98.38182574510574
101.05039769411087,97.24560230970383
97.48361557722092,93.27638441324234
61.48982733488083,97.65817266702652
376.8480860590935,88.66991394758224
799.8183321356773,58.10766786336899
107.86161482334137,1082.3043851852417
646.9239149689674,42.8170850276947
1020.7832674384117,62.735732555389404
94.91853892803192,89.65446108579636
91.68476063013077,87.33323937654495
95.69097703695297,93.80802297592163
93.21720069646835,87.1347993016243
93.24142014980316,88.99957984685898
95.61864519119263,85.69635480642319
181.62487334012985,92.00412666797638
529.8172860145569,46.94271397590637
957.2315528392792,47.58344715833664
104.99784445762634,100.59515553712845
100.50406676530838,94.95993322134018
101.04729336500168,97.41570663452148
98.31351637840271,94.90848362445831
102.26373159885406,94.12426841259003
101.58495652675629,97.67404347658157
92.20319318771362,93.98180681467056
423.69166272878647,100.12333726882935
800.5320078730583,54.39399212598801
101.77926224470139,1108.924737751484
93.11849564313889,87.6585043668747
92.25571566820145,86.92928433418274
98.22493988275528,102.33106011152267
96.41617971658707,94.86082029342651
99.07140791416168,93.52159208059311
96.68864607810974,93.3483539223671
378.89990121126175,94.06409877538681
777.6471794843674,50.39082050323486
198.7095097899437,94.03249019384384
622.2157682180405,45.41423177719116
972.1671873927116,50.40781259536743
106.74745935201645,97.64154064655304
94.1247011423111,87.11529886722565
94.55791848897934,89.85008150339127
99.50814372301102,93.02885627746582
99.58937674760818,91.15162324905396
99.85461187362671,92.8493881225586
98.91685950756073,98.43514049053192
421.7753466963768,99.13165330886841
795.2447128295898,43.087287187576294
97.58499228954315,1087.9890077114105
97.70221948623657,92.59378051757812
102.96843934059143,95.80856066942215
97.75265794992447,95.37634205818176
101.16688376665115,93.5921162366867
97.73011428117752,96.10388571023941
99.40234196186066,92.8566580414772
383.3905702829361,93.38642972707748
773.8038585782051,66.4551413655281
1168.441183745861,55.799816250801086
92.68841326236725,86.38558673858643
100.13963931798935,94.04536068439484
94.27586942911148,87.96513056755066
92.80009466409683,85.29190534353256
99.2523165345192,91.87768346071243
106.27657228708267,97.0014277100563
311.32084637880325,94.69715362787247
687.5121838450432,53.30281615257263
143.13046526908875,92.18453472852707
535.2107652425766,93.77023476362228
942.903046309948,54.50395369529724
94.42733973264694,100.79366028308868
97.71256095170975,88.41743904352188
104.44179004430771,94.83620995283127
96.30003190040588,87.32996809482574
100.26926666498184,91.48973333835602
96.60850113630295,92.64949887990952
188.07872438430786,93.6812756061554
420.36414819955826,102.24785178899765
803.7774850726128,52.759514927864075
660.5617125630379,596.919287443161
98.19897609949112,94.45002388954163
100.4272068142891,97.5737931728363
100.34144669771194,92.23255330324173
109.12567645311356,96.91132354736328
97.83590757846832,91.73809242248535
97.50914138555527,89.8608586192131
391.7383742928505,88.50362569093704
813.0406784415245,83.88532155752182
1182.2319863438606,55.26701366901398
120.90621584653854,59.5377841591835
1133.7094274759293,64.79157251119614
132.9936769604683,58.136323034763336
97.3328800201416,94.27811998128891
98.30311614274979,94.93788385391235
94.12334990501404,93.6166501045227
327.5196524262428,92.33234757184982
91.8039590716362,88.43704092502594
140.47723865509033,46.041761338710785
563.0205669403076,68.92343306541443
412.3251301050186,57.13786989450455
896.5913844108582,53.74161559343338
90.72758692502975,1142.6804130673409
89.75278770923615,84.28421229124069
86.11100417375565,82.86999583244324
86.08121013641357,84.10478985309601
86.01241320371628,82.43158680200577
85.6866170167923,83.94238299131393
87.74896895885468,83.54803103208542
433.05116963386536,90.02283036708832
924.2244405150414,50.16455948352814
89.43469005823135,1152.2873099446297
84.03389817476273,83.41010183095932
86.17009830474854,85.10790169239044
85.43630230426788,83.61969769001007
84.59150868654251,84.83449131250381
104.85671156644821,84.82828843593597
84.8821017742157,82.78389823436737
408.50030893087387,46.11169105768204
892.1916252374649,49.49337476491928
86.60583347082138,1143.1161665320396
722.7600376605988,57.33196234703064
1135.6563032865524,68.80669671297073
84.31057506799698,83.33742493391037
89.66878914833069,82.40521085262299
84.91599982976913,86.60200017690659
88.7192040681839,83.50379592180252
86.59640485048294,84.45959514379501
88.08461982011795,82.23038017749786
326.8688762187958,93.35412377119064
756.6721303462982,46.40286964178085
1158.9004012346268,59.82159876823425
88.42561841011047,84.05538159608841
86.00682854652405,83.79017144441605
85.36503410339355,83.41296589374542
85.68624192476273,84.36975806951523
86.58144813776016,82.2895518541336
87.66267484426498,85.54232513904572
360.44688242673874,51.46111756563187
883.3051550984383,58.806844890117645
634.0154196619987,574.9665803313255
85.80063873529434,82.83036124706268
88.9918412566185,84.76815873384476
86.03504931926727,84.27895069122314
86.52325630187988,86.27274370193481
89.86346060037613,84.67353940010071
95.2957370877266,88.24126291275024
411.949982881546,65.3650171160698
908.7352522611618,56.876747727394104
87.96345520019531,1136.3705447912216
712.3406870961189,86.75231289863586
1127.4209370613098,60.394062936306
84.2241969704628,82.33180302381516
89.1754030585289,84.87959694862366
85.53361195325851,83.17038804292679
86.70681369304657,81.94118630886078
96.65801745653152,81.89798253774643
86.64525496959686,83.85374504327774
303.22647988796234,51.551520109176636
723.5297307372093,52.526269257068634
1148.146984398365,61.88901561498642
84.85818773508072,82.69781225919724
85.66039150953293,84.35860848426819
96.74160385131836,86.5173961520195
90.47081017494202,88.67818981409073
86.62501388788223,85.65298610925674
94.87121653556824,84.70178347826004
423.7304531931877,60.676546812057495
810.3856557011604,71.11534428596497
89.65090769529343,1148.0340923070908
84.19411569833755,83.6568843126297
84.23832112550735,83.07567888498306
86.18952560424805,84.7554743885994
87.69573193788528,84.32226806879044
86.86894118785858,84.07605880498886
88.19029849767685,85.82770150899887
400.93750846385956,68.56249153614044
793.240837097168,74.3331629037857
88.50708508491516,1124.4749149084091
83.99428975582123,84.28271025419235
1138.3164895176888,57.7395104765892
86.22969251871109,83.12130749225616
83.8108941912651,81.15210580825806
84.94709360599518,83.84990638494492
87.19440585374832,81.21259415149689
422.256630897522,40.55836910009384
87.78189778327942,82.62510222196579
311.455098927021,37.85990107059479
724.4243388175964,63.63066118955612
1146.8755887150764,60.494411289691925
86.23379331827164,83.72820669412613
86.85199522972107,89.50000476837158
84.39519989490509,88.93780010938644
86.45742052793503,90.72757947444916
85.3346294760704,84.73937052488327
87.67385053634644,86.38114947080612
406.607060611248,54.2079393863678
797.9652900695801,59.756709933280945
91.50849717855453,1153.3615028262138
83.9047063589096,85.2072936296463
86.1519131064415,83.99608689546585
85.9361139535904,84.02688604593277
85.64732122421265,86.63167876005173
86.20952552556992,88.53247445821762
83.6598933339119,79.37710666656494
434.3330941796303,61.592905819416046
832.8584061264992,33.9195938706398
85.38360732793808,1155.46939265728
84.77880901098251,81.22119098901749
1177.1740432977676,55.19695669412613
83.45938235521317,82.54161763191223
85.4275878071785,82.25741219520569
86.50879460573196,83.19520539045334
88.0340171456337,78.52098286151886
399.67030197381973,59.40369802713394
85.43650698661804,82.28549301624298
310.3507142663002,61.57628571987152
696.3380218744278,52.62497812509537
1122.6782501339912,59.69274985790253
84.59251672029495,80.963483273983
85.72771924734116,80.19728076457977
85.32792901992798,81.7460709810257
84.92713630199432,79.25786370038986
98.82234424352646,81.86265575885773
87.18058437108994,80.1524156332016
328.409831404686,35.94216859340668
714.12014067173,41.73185932636261
1127.4593774676323,60.447622537612915
85.29966580867767,83.40433418750763
84.6768668293953,80.95313316583633
83.96107280254364,82.4829272031784
87.59727901220322,80.90272098779678
88.78950959444046,81.60049039125443
88.01771318912506,80.0372868180275
329.8579241037369,60.29007589817047
741.3821755647659,45.820824444293976
1155.5194205641747,54.98057943582535
85.46961206197739,79.97438794374466
82.11299526691437,81.14600473642349
85.78618484735489,79.41781514883041
87.84838223457336,81.05861777067184
86.44761049747467,79.8303894996643
417.24992126226425,56.50907874107361
90.72117912769318,83.00282084941864
308.63438296318054,29.347617030143738
687.3266150951385,70.19238489866257
1114.5178537368774,60.7231462597847
82.56210047006607,82.36389952898026
82.93828803300858,80.07971197366714
82.57447791099548,80.29552209377289
83.0996682047844,81.80733180046082
84.16185796260834,80.00514203310013
83.18608069419861,79.94291931390762
367.71228432655334,43.028715670108795
803.9035269021988,44.874473094940186
95.7437726855278,1112.349227309227
83.56499183177948,79.32400816679001
83.01619273424149,79.72480726242065
84.30038648843765,84.47761350870132
84.97358119487762,80.32241880893707
84.68377590179443,79.40822410583496
85.61609590053558,79.82790410518646
393.6413938999176,51.78460609912872
790.6296348571777,58.05536514520645
86.08087867498398,1125.0861213207245
83.90207779407501,81.11592221260071
85.46427297592163,81.77572703361511
81.8234680891037,80.06553190946579
84.75465774536133,80.48534226417542
83.76185458898544,80.49714541435242
85.78720843791962,81.86079156398773
431.57149374485016,81.63150626420975
758.5597369670868,92.70026302337646
287.5839846134186,57.008015394210815
718.9062241315842,32.87177586555481
1121.6904545426369,55.06854546070099
82.04871088266373,80.93228912353516
98.20389902591705,82.83310097455978
84.26609116792679,82.97490882873535
82.69828778505325,80.63571220636368
83.55647802352905,80.25752198696136
84.84067165851593,79.97332835197449
374.2188670039177,40.30013298988342
803.6690899133682,63.20091009140015
87.32428592443466,1155.2687140703201
82.14548146724701,82.22551852464676
83.67067468166351,80.45932531356812
82.1028704047203,78.73012959957123
83.77606081962585,79.52093917131424
82.24525499343872,79.03174501657486
192.19644528627396,79.02655470371246
404.94491547346115,45.686084508895874
837.8021520376205,61.80884796380997
87.45737999677658,1171.2096199989319
82.68557047843933,80.72042953968048
83.98876070976257,79.21523928642273
84.9949517250061,79.98604828119278
84.28014415502548,79.84985584020615
82.78633606433868,81.15766394138336
134.0705291032791,63.484470903873444
802.5842400193214,86.80475997924805
734.1897203326225,59.40227967500687
1158.3819617033005,61.52503830194473
83.27715802192688,79.66684198379517
84.8953498005867,86.45665019750595
83.95754373073578,80.57945626974106
84.87073802947998,81.94326198101044
82.00693315267563,80.7150668501854
86.69914990663528,80.00485008955002
462.05734556913376,57.146654427051544
860.7676057815552,48.26939421892166
86.53284507989883,1177.5591549277306
81.76203793287277,81.6079620718956
85.88022804260254,83.11977195739746
83.22041916847229,81.02058082818985
89.05961275100708,83.9213872551918
84.71480667591095,81.1371933221817
134.22099858522415,64.1300014257431
435.2464732527733,36.29052674770355
845.1047281622887,58.71027183532715
82.99996644258499,627.2400335669518
84.45215570926666,80.77084428071976
86.19834345579147,80.11665654182434
81.68654119968414,80.12845879793167
83.06373000144958,80.49127000570297
83.3849241733551,80.57807582616806
107.5401177406311,32.21888226270676
428.4545889496803,43.82341104745865
799.3498544096947,62.39114558696747
84.06010013818741,1173.6808998584747
741.1403058171272,64.1926941871643
1155.7025621533394,59.908437848091125
80.76575583219528,80.77224415540695
82.41894292831421,80.488057076931
85.24113392829895,80.09286606311798
87.56356626749039,81.93743371963501
82.2727599143982,80.63424009084702
97.05796205997467,80.48003792762756
309.04519724845886,42.67680275440216
734.7734374403954,61.42956256866455
1159.0766868591309,59.96031314134598
81.71287941932678,78.71212059259415
81.77606815099716,79.74293184280396
81.39325785636902,79.7177421450615
82.73245018720627,81.11854982376099
81.77664107084274,78.90835893154144
84.37589943408966,79.19910055398941
383.4191575050354,42.09884250164032
817.3884085416794,54.518591463565826
86.32160091400146,1162.548399090767
81.7357976436615,79.59820234775543
84.05598747730255,79.70201253890991
82.02718114852905,81.01081883907318
85.71837091445923,80.24462908506393
83.57656985521317,79.38643014431
190.0637642145157,79.19523578882217
426.3122059106827,36.79979407787323
800.0965319871902,58.496468007564545
91.5667256116867,1156.5082743763924
734.3319172263145,54.98308277130127
1156.1721585988998,61.51384139060974
82.14135313034058,78.96964687108994
85.44454443454742,80.85145556926727
82.00674670934677,80.08625328540802
83.86517208814621,81.28282791376114
80.98236620426178,80.88763380050659
84.80355721712112,86.26944279670715
307.9957932829857,44.52320671081543
760.2800447940826,38.145955204963684
622.9722903966904,581.6017096042633
81.12651252746582,79.41048747301102
84.24470257759094,79.86629742383957
82.43689614534378,82.98910385370255
84.16508638858795,79.26091361045837
83.61627799272537,80.84672200679779
84.90051686763763,79.6364831328392
416.94371247291565,33.61128753423691
824.2839455604553,38.67905443906784
85.23519879579544,1167.412801206112
82.7593903541565,81.1286096572876
83.82257944345474,81.25242054462433
82.62577426433563,79.18922573328018
82.29796290397644,81.2390370965004
83.06415677070618,80.15784323215485
207.31134927272797,79.31765073537827
798.5651322603226,34.69386774301529
90.53532338142395,1159.3346766233444
85.44951379299164,81.01348620653152
624.2147109508514,581.6182890534401
83.0549167394638,80.5560832619667
82.46911317110062,80.03088682889938
81.67930561304092,81.91369438171387
192.61149728298187,79.18450272083282
74.41401088237762,293.5859891176224
83.99522262811661,79.9117773771286
312.33541762828827,69.6275823712349
733.9346584677696,50.15834152698517
1150.2928936481476,59.02210634946823
81.74408465623856,79.29291534423828
86.82427394390106,81.11972606182098
82.66446614265442,80.5575338602066
82.17165875434875,79.60634124279022
80.9178529381752,84.48914706707001
87.33303612470627,85.96396386623383
433.6722497344017,39.5307502746582
868.0494597554207,57.82154023647308
80.09265971183777,82.9813402891159
80.48883956670761,81.0301604270935
82.1060243844986,79.13397562503815
80.92720848321915,81.2207915186882
82.082399725914,80.67760026454926
82.56958395242691,82.633416056633
169.91077309846878,39.20122689008713
605.1019729971886,55.620027005672455
1041.8301738500595,64.46582615375519
82.37437325716019,81.94062674045563
80.89956134557724,79.98943865299225
81.25774401426315,80.74225598573685
80.17193007469177,79.01406991481781
79.2711261510849,82.6368738412857
85.64830762147903,84.1856923699379
340.3394966721535,48.27150332927704
781.9567019939423,60.95029801130295
265.81590527296066,35.38809472322464
713.508101940155,55.15989804267883
1146.477333843708,59.337666153907776
81.46553111076355,80.83146888017654
81.17471259832382,81.02828741073608
82.21889787912369,80.72610211372375
82.5770845413208,79.97891545295715
81.6022761464119,80.97172385454178
83.73846262693405,86.09553736448288
441.3746576309204,33.81134235858917
873.6408746242523,58.82212537527084
80.94407176971436,79.70492821931839
81.26425522565842,80.19874477386475
82.12344175577164,78.72855824232101
82.01862859725952,81.72237139940262
83.08081805706024,78.84518194198608
81.77300465106964,80.33899533748627
182.33418661355972,60.12781339883804
610.8413735628128,51.54762643575668
1037.4215751290321,48.44842487573624
80.46577447652817,80.47822552919388
81.1199563741684,79.5840436220169
80.03414237499237,78.00285762548447
81.28132271766663,79.348677277565
81.95551633834839,82.8414836525917
79.90570574998856,79.4462942481041
366.2818869948387,60.84711301326752
790.3450834155083,55.43291658163071
84.16627031564713,1157.074729681015
745.4504572749138,42.67954272031784
1151.9936753511429,71.34032469987869
80.37087512016296,80.49912488460541
80.78505682945251,35.67794317007065
54.106242418289185,66.68975758552551
91.70542275905609,26.850577235221863
61.73060977458954,66.28839021921158
474.16998332738876,29.405016660690308
907.213173031807,60.00882697105408
88.60837322473526,69.72562676668167
83.39256024360657,96.32943975925446
84.15876215696335,83.76723784208298
81.99795085191727,83.3720491528511
82.02314120531082,82.40185880661011
82.41932845115662,83.46967154741287
187.79551601409912,28.889483988285065
634.0987003445625,63.8262996673584
1077.771892607212,60.709107398986816
82.85309791564941,85.36890208721161
82.19328624010086,85.52971374988556
80.84747391939163,84.85652607679367
79.48365944623947,86.27534055709839
81.93484175205231,85.36215823888779
85.57104706764221,83.72595292329788
368.65123307704926,36.51476693153381
821.713421523571,53.76757848262787
89.33060759305954,1174.4283924102783
83.59681469202042,84.23718529939651
85.84500682353973,87.8959931731224
80.55420815944672,82.85279184579849
79.57939493656158,85.56860506534576
80.28957760334015,83.08042240142822
114.38876259326935,54.42523741722107
548.7479513287544,49.30804866552353
1004.1431313753128,55.28286862373352
510.7603168487549,55.258683145046234
936.6925138831139,58.82548612356186
74.1627299785614,67.52227002382278
103.68693554401398,48.942064464092255
104.00914531946182,65.11985468864441
92.79333859682083,65.68866139650345
96.61454492807388,67.866455078125
140.84374862909317,53.43425136804581
189.81295865774155,65.18704134225845
613.9121727347374,46.587827265262604
435.73578429222107,29.1352156996727
836.7230001688004,50.23999983072281
79.91517692804337,80.78882306814194
82.07036107778549,79.3196389079094
83.9645494222641,80.81245058774948
81.87873613834381,82.15826386213303
84.03392285108566,81.1330771446228
82.28112125396729,81.57087874412537
154.4173123240471,26.767687678337097
632.62749761343,49.07650238275528
1032.541677415371,76.73632258176804
81.7148762345314,81.52612376213074
85.888063788414,81.3159362077713
79.6172581911087,83.69774180650711
81.10444349050522,81.83955651521683
80.94463390111923,85.16636610031128
83.80382078886032,82.73417919874191
391.2730090022087,31.875990986824036
814.001193523407,32.6838064789772
300.0073793530464,67.28762066364288
737.4595752954483,43.318424701690674
1162.2057703137398,62.423229694366455
81.91595500707626,81.7500450015068
83.01514089107513,85.91085910797119
81.48533743619919,82.4956625699997
83.78752595186234,82.95247405767441
69.99494463205338,93.24505537748337
72.49781775474548,94.11318224668503
466.85268610715866,38.03631389141083
935.5955541729927,47.38544583320618
70.46943002939224,97.90056997537613
73.19330763816833,98.80669236183167
72.4752060174942,95.45179396867752
83.47709172964096,69.35590827465057
80.36896616220474,74.03803384304047
82.81585019826889,84.42414981126785
183.52172130346298,72.31127870082855
633.3396090865135,53.252390921115875
1074.9904750585556,75.3055249452591
70.23434334993362,100.30265665054321
71.86721450090408,47.096785485744476
62.85108768939972,79.50091230869293
75.5569651722908,77.46103483438492
78.59687346220016,82.23612654209137
74.63679939508438,81.10320061445236
347.7696912884712,63.656308710575104
788.0865958333015,49.08040416240692
121.40449643135071,1186.1325035691261
478.4472846388817,77.0337153673172
71.28315931558609,96.71684068441391
417.37803077697754,78.82496923208237
861.3259041309357,92.41509586572647
71.90179312229156,98.89320689439774
71.62767028808594,98.83532971143723
72.64856004714966,95.8144399523735
71.59643840789795,94.47856158018112
71.83931940793991,95.73468059301376
72.75018662214279,98.97281336784363
159.54806518554688,52.80293482542038
591.2549459934235,77.76405400037766
1043.4248276948929,75.8531723022461
68.09370505809784,94.09129494428635
72.05957877635956,93.21842122077942
72.54446220397949,91.5485377907753
74.32334834337234,94.56465166807175
72.36423236131668,101.06176763772964
70.8481056690216,95.13289433717728
332.3319781422615,58.427021861076355
770.4648489356041,84.01615107059479
75.39273798465729,1239.6622620224953
71.69261187314987,95.04838812351227
72.28848606348038,94.24851393699646
70.25336283445358,95.65463715791702
71.2012369632721,96.70676302909851
85.96311575174332,95.03788423538208
35.428002655506134,88.77499735355377
492.2638900876045,75.19910991191864
930.6557726264,92.7332273721695
431.1776505112648,92.24934947490692
867.6055324673653,92.31946754455566
70.44242841005325,98.55757158994675
71.40830355882645,95.98069643974304
71.61418682336807,94.36681318283081
70.85806483030319,93.86393517255783
71.73094069957733,94.195059299469
70.69581866264343,96.65518134832382
158.77369064092636,57.20830935239792
603.553585588932,68.9834144115448
1035.7594633698463,102.66553664207458
69.63335525989532,96.792644739151
75.15422582626343,94.73377418518066
72.49011552333832,95.06488448381424
75.75199657678604,94.76600342988968
72.05188947916031,96.7631105184555
72.85077166557312,93.59422832727432
321.7416507601738,54.29434925317764
785.5605273246765,82.03247267007828
75.97041022777557,1234.2525897622108
69.39933198690414,94.65666800737381
70.67920905351639,93.45079094171524
71.66309034824371,95.33590966463089
73.49896842241287,96.24103158712387
71.11286044120789,93.33113956451416
52.6337348818779,71.01326513290405
470.7306294441223,59.93637055158615
928.7515155076981,70.8044844865799
71.45741724967957,96.69058275222778
845.6272957324982,69.68770426511765
72.61117190122604,93.29682809114456
71.94805634021759,91.97794365882874
77.43093818426132,92.0870618224144
72.89682227373123,92.99117773771286
224.45570600032806,41.39629399776459
73.08759385347366,95.30140614509583
121.75647413730621,91.07652586698532
568.2603585124016,49.276641488075256
1010.688241481781,69.49675852060318
80.80213290452957,68.2718670964241
100.62004870176315,70.26895129680634
94.15994650125504,73.4690535068512
114.75484538078308,72.39315462112427
85.0727469921112,107.09425300359726
86.557677090168,104.60932290554047
184.00459951162338,74.58840048313141
609.487529695034,88.10447031259537
1054.1944422721863,100.91555774211884
93.17936837673187,111.56163161993027
85.45931702852249,100.26268297433853
93.40623062849045,99.37076938152313
84.13216876983643,109.47883123159409
88.22708714008331,99.12391287088394
83.87801420688629,97.02898579835892
189.88093096017838,58.489069044589996
619.4588623642921,71.26413762569427
1053.608772456646,95.96522754430771
87.31568586826324,100.40631413459778
82.57760316133499,103.3113968372345
81.57953226566315,103.41946774721146
85.43444585800171,102.30655413866043
83.23335611820221,97.63664388656616
79.86626827716827,97.67173171043396
239.2391739487648,53.13082605600357
680.4450758099556,73.03492420911789
140.87398892641068,73.86601108312607
583.9878925681114,75.43710744380951
1013.324809551239,89.63919043540955
84.34573328495026,102.58026671409607
84.51464569568634,103.39235430955887
83.42559111118317,100.4454088807106
84.37250953912735,102.62749046087265
85.76442974805832,102.49557024240494
88.19235903024673,105.49164098501205
182.88128930330276,104.41571068763733
604.6801967024803,64.41280329227448
1041.1831054091454,89.90989458560944
85.44502317905426,106.48197680711746
87.00294095277786,106.25605905056
83.70886021852493,110.82713979482651
84.63879537582397,100.47220462560654
82.69671046733856,101.0622895359993
129.10662215948105,84.81937783956528
208.59154039621353,60.186459600925446
635.186460018158,79.88753998279572
1069.3003824949265,91.21861749887466
85.87633246183395,99.95566755533218
83.86125618219376,102.61974382400513
83.69719177484512,104.80280822515488
87.94113719463348,102.91086280345917
84.33305490016937,101.38994508981705
81.79797518253326,104.10902482271194
209.2828844189644,62.88411557674408
642.4158004522324,75.02919954061508
110.49171978235245,73.08228021860123
544.4206364750862,72.87536352872849
976.3125514984131,93.41044849157333
87.18546736240387,102.20253264904022
88.17039555311203,101.88660442829132
87.69032311439514,103.78967690467834
86.56426638364792,101.38073360919952
111.93718034029007,79.59981966018677
73.88547825813293,91.54152172803879
83.59136801958084,94.07463198900223
459.3352581858635,77.44274181127548
908.874145925045,66.47785407304764
75.54402780532837,92.65997219085693
74.52791780233383,97.41608220338821
75.69680988788605,92.43219012022018
74.71970224380493,40.22529774904251
73.74058818817139,93.22341179847717
78.29747986793518,93.01652014255524
190.24537062644958,70.03262937068939
621.2112667560577,67.65973323583603
1053.7331595420837,62.15584045648575
131.60505139827728,64.59794861078262
85.45996850728989,102.91003149747849
90.81490552425385,98.4250944852829
94.48384660482407,98.12615340948105
79.80175375938416,97.01324623823166
82.58264702558517,96.2873529791832
205.89954763650894,54.72945237159729
648.2174421548843,65.63455784320831
1124.9803399443626,64.94666004180908
563.7792413830757,77.22075861692429
997.3001493215561,97.68085068464279
90.02506822347641,105.62293177843094
84.23197269439697,100.87902730703354
87.40089428424835,98.46910572052002
94.40381795167923,101.44818204641342
83.31476056575775,98.00123941898346
91.59467798471451,104.3123220205307
145.50463259220123,62.86536741256714
575.377557694912,93.15844231843948
1012.4174779057503,98.9525220990181
88.64242148399353,107.91257852315903
83.53434580564499,105.79965418577194
85.44424933195114,98.12975066900253
87.11416101455688,94.9788389801979
88.63506382703781,100.54993617534637
87.10096681118011,107.60303318500519
190.67787075042725,68.21112924814224
637.8467754125595,76.09722459316254
1067.4236716628075,108.16832834482193
88.01857149600983,105.03642851114273
104.42948454618454,110.44151544570923
85.95146614313126,99.58553385734558
93.76840072870255,106.74959927797318
89.99337875843048,103.9876212477684
87.79229879379272,100.11570119857788
191.09122562408447,66.14877438545227
628.205130636692,89.99786937236786
1075.6890407204628,88.23595929145813
542.6189515590668,90.34504842758179
965.1218641996384,107.56413578987122
84.77177238464355,113.82022762298584
85.27466809749603,104.13333189487457
84.85155725479126,100.75944274663925
93.9474486708641,104.59055131673813
87.91233342885971,113.08666658401489
90.78624618053436,109.56575381755829
264.9731687903404,78.78583121299744
387.2358195781708,68.28218042850494
871.0907018780708,62.07529813051224
81.53858917951584,1263.6284108161926
75.65248090028763,91.1815190911293
78.69136160612106,91.32663840055466
74.86124122142792,91.8607587814331
73.19712042808533,87.91387957334518
73.7179986834526,88.02200132608414
86.55487793684006,42.66812205314636
588.0757681131363,75.90523189306259
993.1156539916992,103.93934601545334
74.48854571580887,99.77045428752899
74.21343398094177,97.69456601142883
75.29032355546951,93.91367644071579
73.88520777225494,90.39179223775864
79.8331019282341,92.33389806747437
75.63200825452805,89.58999174833298
235.33889782428741,59.384102165699005
645.5997905135155,66.64020949602127
1103.8256813883781,68.47131860256195
584.8655683398247,51.67243164777756
1022.3864530324936,48.42854696512222
73.64832925796509,41.055670738220215
76.52121180295944,48.62578821182251
52.85709971189499,68.54990029335022
80.13900524377823,50.95399475097656
65.01089608669281,69.63610392808914
79.0697917342186,72.76320827007294
846.702712059021,54.85328793525696
666.5376809835434,74.62831902503967
1056.8746545910835,101.40334540605545
96.93259006738663,102.36340993642807
93.02754718065262,109.36145281791687
100.99448764324188,110.6905123591423
89.07042008638382,106.68857991695404
89.1853369474411,102.07466304302216
89.11424922943115,103.90475076436996
204.35714846849442,59.9578515291214
636.5630542039871,89.02994579076767
1079.1779601573944,99.24903982877731
87.88386887311935,109.30113112926483
88.47879153490067,105.1882084608078
87.24169677495956,100.25930321216583
87.31760329008102,100.25539672374725
89.39451503753662,101.3274849653244
86.3414192199707,99.69458079338074
276.1043208837509,68.1186791062355
711.4032238125801,93.39277619123459
1145.7211349010468,106.3348650932312
94.59303945302963,109.627960562706
1057.299949645996,105.97805035114288
89.45087885856628,104.19612115621567
86.10179489850998,103.76820510625839
85.51169848442078,110.43230152130127
88.29260230064392,99.35539770126343
347.2395089864731,65.01849102973938
91.66840928792953,104.97959071397781
256.0603216290474,118.16267836093903
723.8962486982346,47.28875130414963
441.622953414917,37.9700465798378
831.4958519339561,100.78214806318283
76.72172570228577,93.92727428674698
75.11259937286377,93.49840062856674
79.94847226142883,94.3845277428627
79.52535820007324,93.64064180850983
77.49123805761337,95.71276193857193
77.93812042474747,90.63487958908081
138.57100343704224,46.9659965634346
587.017880320549,73.61111968755722
1023.428745508194,97.66425448656082
71.96761512756348,91.19938486814499
75.56347990036011,91.27052009105682
71.2133601307869,90.26763987541199
72.60522693395615,94.1347730755806
76.70109671354294,92.22490328550339
73.7399771809578,93.09302282333374
341.3548400402069,57.73815995454788
806.6356971263885,65.73530286550522
69.02655029296875,96.73244971036911
782.6404055356979,50.74859446287155
74.12426924705505,1149.8377307653427
72.16414618492126,95.15085381269455
77.81601792573929,98.16598206758499
73.85489869117737,91.77410131692886
140.85776776075363,65.45623224973679
71.37964832782745,96.45335167646408
81.21550923585892,64.26649075746536
498.42238998413086,67.52261000871658
950.0352575182915,84.68674248456955
72.09312373399734,95.03587627410889
74.24498826265335,95.16301172971725
71.91385453939438,93.27114546298981
74.80471712350845,92.49028289318085
72.97558134794235,93.41441863775253
72.62644666433334,92.59555333852768
298.07331305742264,40.130686938762665
749.4831857681274,51.035814225673676
1203.208065032959,64.10693496465683
73.89594411849976,96.82605588436127
77.32482033967972,93.06417965888977
60.47469621896744,69.80230379104614
65.36756813526154,70.00243186950684
68.27744191884995,79.75955808162689
75.61347222328186,92.55252778530121
391.4123600721359,66.75363993644714
847.9152449965477,48.065755009651184
60.714123606681824,84.56287640333176
70.81001764535904,73.37498235702515
76.16490280628204,74.26209717988968
97.8697818517685,63.0182181596756
108.7996643781662,69.36733561754227
128.91355520486832,70.71644479036331
81.71146190166473,73.06553810834885
502.56640124320984,73.24859875440598
976.3843215703964,87.26367843151093
379.6283110380173,64.353688955307
801.1122254133224,87.81377458572388
84.07812166213989,655.1078783273697
82.76601833105087,93.58598166704178
83.24992054700851,92.67607945203781
84.40082675218582,94.74717324972153
83.7927320599556,94.55926793813705
81.59162950515747,92.55637049674988
460.24542874097824,73.90257126092911
905.4703212380409,85.04867875576019
92.21424275636673,106.84175723791122
81.38314360380173,93.43185639381409
92.88605010509491,103.90994989871979
91.07398021221161,101.3330197930336
95.15087777376175,100.60812222957611
88.96778792142868,101.08721208572388
113.74870508909225,101.91829490661621
537.7145994305611,69.71040058135986
982.2914968729019,83.89350312948227
83.84940159320831,99.92759841680527
85.0003000497818,102.22069996595383
88.31818550825119,100.90381449460983
84.15407711267471,93.34592288732529
90.65698045492172,98.84301954507828
88.27088403701782,99.7481159567833
224.4397829771042,100.8372170329094
647.4986808896065,81.42731910943985
1089.6305836439133,94.51641637086868
592.6344991326332,54.07050085067749
976.9704633355141,86.51153665781021
98.65735405683517,98.23064595460892
88.29024130105972,100.727758705616
89.21914893388748,101.0588510632515
79.94405150413513,97.01894849538803
82.81793278455734,92.64606720209122
82.93083655834198,90.12516343593597
214.6927428841591,57.73325711488724
638.6956416368484,77.00735837221146
1082.235537648201,112.87546235322952
84.33044320344925,99.48455679416656
86.20432025194168,102.79567974805832
88.59521454572678,100.83078545331955
87.46911543607712,98.12388455867767
90.91601467132568,97.37998533248901
93.49294704198837,113.52605295181274
307.92188292741776,102.39411705732346
724.6837928295135,75.52020716667175
1168.6126905083656,99.11030948162079
89.11560201644897,98.01439797878265
88.09850037097931,100.54849964380264
89.10140246152878,99.86159753799438
86.1602942943573,97.78370571136475
81.77419638633728,98.61480361223221
86.44408321380615,98.96391677856445
411.5389776825905,53.81302231550217
817.9488916397095,87.66210836172104
90.48880571126938,104.82619428634644
726.9357127547264,89.54528725147247
1173.5316153764725,98.37538462877274
91.40449929237366,97.66950070858002
87.31540107727051,94.31559890508652
93.44730752706528,105.09069246053696
73.48720878362656,95.17979121208191
92.95211917161942,101.26888084411621
87.25104033946991,101.02695965766907
399.21695524454117,102.246044754982
811.4798477888107,92.61315220594406
81.83375209569931,101.99924790859222
80.8736384510994,96.31136155128479
81.9315242767334,96.38247573375702
88.41640669107437,98.82459330558777
84.86329704523087,96.71070295572281
84.8291757106781,94.33782428503036
88.86905914545059,51.27894085645676
519.0389560461044,74.4990439414978
952.336858689785,108.38514131307602
91.52575254440308,100.53024744987488
92.41667407751083,104.17532593011856
86.86458373069763,98.21041625738144
94.84849780797958,100.46650218963623
84.77643555402756,99.46356445550919
88.14932250976562,99.84967750310898
171.78221905231476,98.69878095388412
597.545108795166,70.89989119768143
1032.4550218582153,95.76697814464569
84.4209069609642,99.50509303808212
83.03378838300705,93.16921162605286
84.00067830085754,102.38932168483734
83.72456312179565,97.34943687915802
82.78344917297363,100.30955082178116
95.17432737350464,100.62167263031006
311.9182311296463,51.45176887512207
721.9021427035332,90.11585730314255
215.7200533747673,103.53894662857056
634.8339598178864,82.07404017448425
1068.1888789534569,100.01512104272842
86.63581877946854,99.04918122291565
86.36071711778641,98.00928288698196
87.97461414337158,99.69238585233688
85.81051486730576,101.00448513031006
83.36940479278564,98.79759520292282
86.46428406238556,102.64671593904495
307.63417357206345,52.458826422691345
733.692061662674,81.25293833017349
1182.1209498643875,100.04605013132095
475.3299005627632,50.9850994348526
832.9628013372421,86.61119866371155
75.41067361831665,90.38632637262344
78.54154831171036,90.99545168876648
83.93344622850418,93.77055376768112
77.23334175348282,92.41565823554993
83.93922412395477,92.44977587461472
76.31212496757507,92.03887504339218
143.37100446224213,34.92499554157257
579.5028807520866,65.46011924743652
991.4687663912773,111.1422336101532
509.54564875364304,57.824351251125336
930.1965243220329,97.85947567224503
75.73639833927155,90.81960165500641
75.14627283811569,89.59472715854645
73.98214995861053,89.96185004711151
76.74402844905853,95.27397155761719
79.93290323019028,93.01209676265717
74.10178709030151,91.23221290111542
239.30766540765762,55.04333460330963
701.2375515699387,56.559448421001434
1098.3884459137917,108.68655407428741
85.94636529684067,106.77663469314575
78.83828115463257,89.81071883440018
77.63717138767242,91.14082860946655
80.32506132125854,89.13893866539001
77.08694994449615,88.52405005693436
82.64486938714981,91.83613061904907
342.07377940416336,54.55522060394287
766.8536639213562,87.29433608055115
84.8935517668724,1162.810448229313
75.34144294261932,90.95555704832077
80.65832197666168,91.4146780371666
80.19921839237213,89.3387815952301
75.44211542606354,90.96588456630707
76.92599374055862,86.96300625801086
83.65189069509506,52.14510929584503
481.2647864818573,56.40121352672577
924.6376746296883,69.8243253827095
80.65956199169159,49.61843800544739
80.82845437526703,63.20854562520981
76.38634753227234,70.63165247440338
73.2052451968193,71.4997547864914
83.35513609647751,73.36686390638351
100.09903413057327,67.45696586370468
171.84194070100784,40.63905930519104
593.8638305664062,72.5801694393158
88.07071387767792,58.85528612136841
406.2769100666046,58.64908993244171
858.1137870550156,73.5542129278183
76.93069249391556,91.49530750513077
80.6555842757225,43.15941572189331
81.38048040866852,44.71251958608627
63.383383214473724,68.48761677742004
63.92327708005905,77.44772291183472
69.03716760873795,76.18483239412308
88.28105688095093,57.663943111896515
519.3949694633484,67.4950305223465
959.8408718109131,80.21412819623947
94.52977138757706,78.26722860336304
98.73568278551102,66.98631721735
97.59057772159576,73.0764222741127
107.63046503067017,73.6285349726677
85.0403488278389,100.29265117645264
84.72826164960861,101.19773834943771
183.08316028118134,52.027839720249176
597.3450555205345,87.65494447946548
1033.9959643483162,107.96703565120697
107.09088945388794,121.1491105556488
90.242850959301,103.8501490354538
94.39274752140045,112.97725248336792
88.858673453331,95.06732654571533
83.3805964589119,95.99040353298187
90.80849128961563,104.37550872564316
208.81138414144516,113.63261586427689
640.1852983236313,91.92670166492462
116.85421007871628,75.5157899260521
560.2641107439995,74.34688925743103
986.6930224895477,101.54797750711441
91.50993406772614,103.37806594371796
91.55086439847946,107.69013559818268
94.62776625156403,104.26123374700546
91.99967753887177,101.962322473526
93.03959482908249,102.60740518569946
96.98750984668732,107.84649014472961
187.10140895843506,64.21359103918076
639.9003351330757,71.7106648683548
397.49690318107605,54.8550968170166
903.1667755842209,65.35122442245483
78.2996386885643,89.71936130523682
78.13450622558594,91.45749378204346
76.82240015268326,90.69559985399246
77.64026868343353,89.21173131465912
75.97613006830215,91.50386995077133
72.16399443149567,90.2060055732727
180.46285831928253,48.833141684532166
670.1517216563225,33.49627834558487
1053.4315935969353,101.16040641069412
74.56446820497513,94.37953180074692
75.84533733129501,92.7656626701355
73.6432129740715,91.6517870426178
78.96108448505402,90.27891552448273
82.03797799348831,90.35102200508118
83.61488044261932,91.88411957025528
391.5987775325775,41.62322247028351
831.045646071434,43.380353927612305
79.2185971736908,88.67040282487869
80.10948324203491,90.22451674938202
381.0943658351898,95.64663416147232
771.2082470655441,84.45875293016434
89.71013343334198,1162.7528665661812
80.0100302696228,96.95396971702576
79.32689493894577,89.87710505723953
79.29275822639465,90.48524177074432
79.20363330841064,94.13136667013168
77.37151515483856,90.46148484945297
497.93326050043106,84.10373950004578
937.0661560893059,102.63884389400482
78.90204405784607,96.172955930233
75.70092660188675,88.70707339048386
75.46280109882355,87.92619889974594
77.7056770324707,89.57132297754288
80.94954991340637,92.90245008468628
79.82243645191193,89.69656354188919
278.4173173904419,40.748682618141174
659.0132061839104,95.43079382181168
1106.9600870013237,109.90991300344467
76.88896948099136,89.74003052711487
1033.5028530955315,111.60814690589905
77.43172436952591,93.12427562475204
77.67459481954575,95.93640518188477
89.1034687757492,90.28453123569489
78.34734272956848,91.8376572728157
380.4982457756996,87.57575422525406
84.038161277771,91.20283871889114
279.07807636260986,87.27492362260818
724.2649661302567,99.16003388166428
1171.3608611226082,113.7321388721466
86.32676464319229,92.59923535585403
88.07066017389297,90.39233982563019
87.73956900835037,91.18643099069595
86.83447748422623,90.23952251672745
87.54138523340225,92.62561476230621
85.59929245710373,88.19670754671097
376.43619829416275,79.93480169773102
812.068107187748,98.7838928103447
87.4970223903656,97.22497761249542
89.7219210267067,98.53707897663116
95.03982383012772,99.6831761598587
88.74675697088242,94.84724301099777
95.47067940235138,101.28832060098648
90.75062876939774,99.69237124919891
67.05053222179413,97.41246777772903
419.2384462952614,92.7435536980629
858.4263419508934,106.03665804862976
90.24424314498901,101.44075685739517
86.74614310264587,97.9198569059372
103.86004680395126,1160.8239532113075
149.10400193929672,63.89599806070328
114.38490033149719,74.31909966468811
78.98019701242447,86.01980298757553
80.85308861732483,89.7769113779068
521.1899842619896,94.18101572990417
90.15489035844803,101.93710964918137
260.6028093099594,112.3041906952858
671.2897518873215,104.67324811220169
1111.8676511645317,99.09534883499146
90.07354092597961,94.18545907735825
87.74344879388809,96.66455119848251
87.43134462833405,97.88365536928177
89.43423622846603,100.91776376962662
90.04713177680969,98.78586822748184
90.58702659606934,100.28297340869904
367.9789276123047,74.50307238101959
777.2788292169571,105.1111707687378
97.35574018955231,1133.7002598047256
86.17270183563232,97.53129816055298
89.84258258342743,100.32441741228104
86.56747841835022,98.98852157592773
87.38437110185623,97.0416288971901
97.73926347494125,100.37173652648926
56.26020348072052,92.38779652118683
407.70810812711716,97.12589186429977
831.6000481843948,110.52995181083679
89.00894111394882,101.5090588927269
88.64183330535889,95.46916669607162
89.31173890829086,99.947261095047
84.24063658714294,99.37136340141296
83.42852586507797,91.73947411775589
85.67141753435135,97.476582467556
89.67430698871613,65.86269301176071
510.3992120027542,97.3037880063057
958.0870996713638,108.31990033388138
443.7199783921242,82.70702159404755
886.8328658938408,107.88913410902023
89.02077049016953,99.4972295165062
106.43067133426666,102.2353286743164
90.23061227798462,100.01038771867752
85.95551818609238,106.04448181390762
90.86542129516602,105.67157870531082
86.05331933498383,99.5756806731224
108.70420461893082,69.03579539060593
531.3741075396538,88.68189245462418
970.2470079064369,91.90099209547043
93.24990594387054,98.56509405374527
88.60480135679245,100.39519864320755
89.70068687200546,100.0593131184578
89.51658135652542,101.07541865110397
90.31647384166718,97.5545261502266
90.83737802505493,99.31062197685242
224.4332793354988,72.82572066783905
643.6581877470016,79.34181225299835
1107.9381089806557,94.8398910164833
91.9780905842781,97.90990942716599
87.9629899263382,96.51901006698608
94.42890053987503,100.12709945440292
93.50486028194427,99.19813972711563
90.0267676115036,96.32523238658905
87.2516741156578,98.6553258895874
249.42057436704636,63.226425647735596
669.1464647054672,99.09553527832031
1127.1483557224274,100.57364428043365
591.0222520828247,82.82974791526794
1032.3391473293304,110.04985266923904
95.52703392505646,98.67596608400345
87.45591914653778,96.91508084535599
88.18080586194992,99.72619414329529
88.16469824314117,96.03930175304413
87.35358369350433,96.44341629743576
90.244475543499,103.255524456501
291.5803981423378,67.06760185956955
708.583316385746,77.28668361902237
1129.5492711663246,110.82172882556915
86.66316169500351,96.59683829545975
88.66605770587921,99.72294229269028
86.24295181035995,94.99804818630219
89.09684067964554,97.10615932941437
88.04473555088043,98.19626444578171
88.63963037729263,98.47136962413788
387.6615285873413,63.58047139644623
805.1824153661728,93.94758462905884
88.75930941104889,100.18569058179855
88.46619981527328,102.46080017089844
93.61609435081482,98.45690566301346
92.618991792202,98.12200820446014
89.34388542175293,92.23011457920074
82.32879608869553,91.52320390939713
73.72070270776749,97.70529729127884
452.0006528496742,92.11034715175629
893.0035488009453,81.66245120763779
88.19044959545135,106.73455041646957
85.69334763288498,99.75065237283707
86.51223737001419,102.89576262235641
86.82912504673004,95.05987495183945
82.72101420164108,97.51998579502106
87.92689716815948,95.83210283517838
165.09679007530212,57.99620991945267
587.5996754169464,99.03032457828522
87.4355600476265,57.675439953804016
510.92045599222183,62.57954400777817
957.9773440957069,92.28065592050552
92.59123450517654,102.11176550388336
87.39014279842377,100.7758572101593
99.65304815769196,102.17995184659958
95.15598922967911,99.23401075601578
88.19587969779968,96.84212028980255
89.16077560186386,99.70922440290451
179.99767071008682,69.26132929325104
605.6105607151985,105.46343928575516
1056.5214506983757,95.08954930305481
85.15335136651993,103.62464863061905
88.87824285030365,99.13975715637207
87.88114309310913,100.06385689973831
112.10603034496307,98.72696965932846
89.0169249176979,101.5940750837326
90.53782248497009,104.59117752313614
313.4287129640579,68.77428704500198
733.8396063446999,96.97439366579056
1171.194534599781,118.93546539545059
102.62346494197845,108.24753504991531
93.60742837190628,101.91157162189484
88.96232563257217,99.16767436265945
88.29822313785553,99.98077684640884
85.3751175403595,97.2178824543953
94.93299984931946,100.30800014734268
387.824891269207,68.45310872793198
802.5677733421326,127.02422666549683
285.07067400217056,92.24432599544525
724.8515667915344,70.68543320894241
1174.4654678702354,82.5715321302414
93.96738195419312,102.86561805009842
88.97029691934586,97.95470309257507
88.15818977355957,95.95281022787094
98.05009269714355,101.61590731143951
88.25703924894333,100.90996074676514
93.59293764829636,97.24006235599518
362.66984128952026,106.23715871572495
788.4137443900108,89.9202556014061
96.86063849925995,76.91736149787903
82.15858471393585,91.59941524267197
85.05147188901901,92.15252810716629
103.31236129999161,91.70463871955872
84.59325975179672,93.40674024820328
87.9671620130539,92.16283798217773
48.83907222747803,100.47492778301239
438.89897882938385,120.93602120876312
876.3818786740303,103.8211213350296
88.07078176736832,92.96721822023392
94.99867278337479,98.8903272151947
96.44658809900284,92.81341189146042
85.61652213335037,89.29147785902023
86.8594217300415,89.36257827281952
104.19532668590546,90.91567331552505
92.10623824596405,40.89376175403595
511.5711507797241,95.18784922361374
941.5930636525154,93.07393634319305
422.13296592235565,64.83103406429291
863.0058664083481,83.8831335902214
87.56376165151596,93.64023834466934
87.0286637544632,91.6553362607956
93.10656899213791,96.5974310040474
92.40547960996628,96.55752038955688
87.59337812662125,92.96162188053131
91.7622771859169,97.79272282123566
102.83918136358261,54.12381863594055
511.4531087875366,106.21389120817184
917.8270685076714,79.35793149471283
94.47698080539703,92.7640191912651
93.92491388320923,92.77908611297607
88.52082693576813,91.38717305660248
115.43072873353958,71.27327126264572
86.50662660598755,90.58537340164185
86.47252744436264,91.00847256183624
140.80844920873642,61.690550804138184
527.5154227614403,87.63257724046707
952.9253576397896,80.90764236450195
87.83526891469955,92.3127310872078
92.17218124866486,96.14281874895096
92.02708518505096,97.28791481256485
88.88098967075348,95.52601033449173
90.2728870511055,97.70911294221878
96.21979457139969,101.35420542955399
137.92673236131668,61.592267632484436
586.5596293210983,68.42237067222595
1012.6535641551018,77.88243585824966
90.19350957870483,96.47249042987823
904.1234112977982,98.95158869028091
88.55131131410599,102.72668868303299
88.24021071195602,96.64978927373886
90.79811227321625,98.03588771820068
90.11500823497772,98.01399177312851
212.00692623853683,87.49307376146317
88.86182725429535,101.02717274427414
119.73472344875336,55.89527654647827
566.1266103982925,73.79938960075378
1014.3324976563454,81.50050234794617
85.44637870788574,95.83162128925323
94.30127722024918,99.81072276830673
86.89725989103317,99.3807401061058
90.62217569351196,96.45282429456711
99.84611237049103,98.72688764333725
86.77505314350128,92.63194686174393
185.16694337129593,84.72205662727356
607.5208458304405,112.21915417909622
1062.8017395734787,77.93826043605804
84.5086435675621,91.60235643386841
87.95553439855576,93.48846560716629
101.38443958759308,98.54156041145325
87.90534049272537,93.57565951347351
88.7602373957634,96.49876260757446
89.8181324005127,111.71886759996414
280.6920344233513,88.86396557092667
726.1759197711945,77.76808023452759
1172.4388179183006,85.5991820693016
92.64471912384033,104.15128087997437
1082.9616199731827,112.26038002967834
105.44553369283676,106.38746631145477
91.20848101377487,103.55151897668839
90.28538286685944,106.41861712932587
91.80628150701523,103.65671849250793
357.80918377637863,65.320816218853
89.99710881710052,93.7248911857605
287.92600095272064,99.85199904441833
716.2069022059441,112.7570977807045
1163.2458021044731,95.43919789791107
92.98970025777817,95.60329973697662
86.88160020112991,90.11839979887009
92.05049920082092,95.83750081062317
88.29439359903336,95.07660639286041
93.77828967571259,97.77671033143997
90.94818967580795,99.18281030654907
372.8580921292305,108.75390785932541
824.8240053653717,111.39899462461472
94.529969394207,645.3400306105614
93.4958792924881,100.93012070655823
88.09178233146667,96.05621767044067
89.83467775583267,95.75832223892212
91.0415729880333,97.51442700624466
88.76646834611893,98.21553164720535
47.50937348604202,95.84262651205063
442.4932754635811,65.41372454166412
878.6081754565239,119.87382453680038
94.46207028627396,98.14892971515656
89.64996814727783,103.59103184938431
95.17185932397842,95.19914066791534
95.91576188802719,98.51123809814453
92.71366035938263,98.4153396487236
91.27256059646606,96.6914393901825
97.18247002363205,105.72452998161316
530.7044023275375,75.87059766054153
973.3363021612167,97.60769784450531
447.0801936984062,102.1428062915802
894.4530884027481,108.21391159296036
89.34398502111435,94.69301497936249
85.42087769508362,91.20912230014801
92.51677012443542,94.18722987174988
91.6296638250351,97.03533619642258
91.94756358861923,99.36643642187119
88.6914575099945,92.06854248046875
135.86136066913605,85.95363932847977
562.0482591986656,84.58074080944061
998.3481689095497,132.39283108711243
90.55407625436783,100.11292374134064
89.96398532390594,94.55401468276978
94.54191440343857,97.07008558511734
89.17382103204727,94.28917896747589
90.67574101686478,97.8052589893341
88.06763935089111,95.02436065673828
191.40353792905807,67.57746207714081
629.4994418621063,128.50055813789368
1065.7613547444344,151.60864526033401
99.33824902772903,97.66175097227097
89.84115034341812,94.99184966087341
88.36205267906189,94.54494732618332
88.95794534683228,99.524054646492
85.99786657094955,93.966133415699
89.16678190231323,96.09221810102463
295.8356884121895,85.20031160116196
709.6726017594337,100.66139823198318
1130.3415648937225,109.12143510580063
596.7334660887718,87.00653392076492
1032.810376882553,108.41162312030792
88.868299305439,93.00170069932938
85.18620651960373,90.47979348897934
87.91210699081421,91.45889300107956
87.71103358268738,91.64196640253067
90.8609454035759,96.67605459690094
94.21585351228714,96.96914649009705
238.55175280570984,94.985247194767
662.9806641340256,115.85233587026596
1099.8905742764473,111.66442573070526
88.94948256015778,90.14351743459702
90.5814026594162,93.49259734153748
88.75130885839462,90.23069113492966
97.12422436475754,96.15377563238144
87.07117426395416,91.76182574033737
84.5560821890831,90.40791779756546
291.6139848828316,88.01601511240005
707.4689050912857,123.40109491348267
1152.2118002772331,145.3061997294426
87.65970015525818,89.97029983997345
86.01360368728638,91.65239632129669
88.90550696849823,94.96449303627014
101.79741156101227,99.42458844184875
89.59631323814392,92.47768676280975
87.78421765565872,90.75278234481812
359.0281211733818,112.56487882137299
790.9750317931175,138.02496820688248
91.62594223022461,110.83705776929855
699.0538620948792,126.31613790988922
1146.9277752041817,113.51722478866577
85.78272551298141,89.75427448749542
84.9706255197525,88.65937447547913
92.95453971624374,97.00846028327942
88.73547607660294,97.24652391672134
91.34937959909439,93.96562039852142
85.94430792331696,89.66669207811356
306.68720680475235,102.6637932062149
744.8581096529961,128.6058903336525
1184.06403028965,131.213969707489
92.21493238210678,95.45106762647629
89.27283841371536,92.81916159391403
92.60874158143997,102.4652584195137
95.77864688634872,101.70235311985016
99.04055452346802,102.20044547319412
92.83948004245758,91.17851996421814
387.3044171333313,100.56458288431168
771.3083921670914,132.6736078262329
96.73729801177979,81.57870197296143
98.10924452543259,95.85275548696518
88.26118928194046,93.12781071662903
84.39309191703796,89.16290807723999
98.84097987413406,99.56702011823654
90.99087792634964,99.58312207460403
66.14176952838898,100.00523048639297
408.36766517162323,106.55933481454849
835.9065843224525,126.96341568231583
90.37248027324677,98.83151972293854
93.24537587165833,103.10562413930893
650.6752774119377,680.9557225704193
97.12217801809311,100.50782197713852
95.4770849943161,99.74591499567032
149.31199473142624,59.31800526380539
82.50034785270691,86.59165215492249
360.6892405152321,73.23775947093964
87.17214065790176,89.51285934448242
275.9910526871681,75.11994731426239
702.5859518051147,88.30304819345474
1116.477843284607,131.7451567053795
83.0727390050888,87.39026099443436
83.81563186645508,91.97936815023422
83.76352828741074,87.40347170829773
83.95241737365723,95.51158261299133
88.58332431316376,76.85967570543289
90.4752128124237,69.57978719472885
379.2371111512184,55.50288885831833
866.6849954724312,54.816004514694214
59.29888015985489,72.60911983251572
68.83876442909241,66.10623556375504
52.50765472650528,71.23234528303146
76.52854764461517,87.00845235586166
81.01242971420288,89.80157029628754
79.94232445955276,58.391675531864166
119.53720885515213,32.49979114532471
554.7990985512733,62.38590145111084
1005.8389657139778,57.643034279346466
89.63782995939255,37.250170052051544
103.9006924033165,44.58230757713318
113.84656691551208,46.00443309545517
119.23944413661957,54.52055585384369
128.98233377933502,59.277666211128235
121.67022657394409,63.53377342224121
291.3581191301346,53.45688086748123
690.2870718836784,75.08392810821533
144.73407465219498,47.28392535448074
541.255019903183,62.4299800992012
979.1839713454247,77.03802865743637
108.70593011379242,82.2200698852539
77.80126291513443,89.71773707866669
82.61815935373306,86.41784065961838
79.2880529165268,86.8039470911026
78.32793980836868,86.52406018972397
79.27482515573502,87.79817485809326
82.09290319681168,87.20309680700302
388.41078263521194,46.478217363357544
803.3577089905739,97.93929100036621
83.69463688135147,1181.7873631119728
78.3085310459137,86.72946894168854
82.3284165263176,86.87458348274231
79.7023093700409,86.13169062137604
80.2601962685585,88.40680372714996
81.91108280420303,88.45891720056534
81.59897005558014,36.04902994632721
404.1761229634285,64.4168770313263
838.6420547366142,78.50594526529312
86.69998896121979,630.2070110440254
78.64788138866425,86.63011860847473
80.00176566839218,86.33123433589935
75.93064033985138,88.06935966014862
80.54451203346252,85.36248797178268
77.06639093160629,89.37860906124115
96.17926698923111,40.246733009815216
558.4231386780739,48.613861322402954
908.5930123329163,134.24098765850067
439.1328926086426,94.10810738801956
821.6729082465172,115.10609173774719
82.74979341030121,89.17720657587051
84.0666932463646,85.09930676221848
80.84759330749512,84.22740668058395
83.42448383569717,86.52051615715027
82.92638063430786,85.88861936330795
81.13327813148499,84.01472187042236
85.83916836977005,63.752831637859344
510.76807034015656,92.73092967271805
954.2339632511139,83.32103675603867
90.32985210418701,85.85614788532257
80.23875367641449,85.16824632883072
81.24163800477982,85.48036199808121
82.52252739667892,88.66147261857986
84.72942525148392,36.640574753284454
65.47331857681274,67.61968141794205
217.16020727157593,62.98779273033142
642.1440975666046,82.31890243291855
1104.9989967346191,92.85200327634811
123.00190150737762,64.97909849882126
111.02279311418533,69.14320689439774
130.58169198036194,66.26930803060532
83.19600737094879,86.15599262714386
81.27290159463882,85.20909839868546
82.92380273342133,84.96519726514816
171.44469851255417,52.98030149936676
613.0225913524628,71.0524086356163
1026.4134783744812,118.0865216255188
497.99037730693817,105.15762269496918
1022.1222635507584,50.85873645544052
86.79214942455292,86.70785057544708
81.86905640363693,86.31694358587265
80.9089549779892,85.90604501962662
85.04084920883179,86.81115078926086
83.04374635219574,37.34525364637375
80.10264503955841,44.54535496234894
193.27153354883194,73.43146646022797
626.4774352312088,74.30056476593018
1056.5543335676193,117.94466644525528
94.16824018955231,66.10875982046127
90.91213077306747,70.84686923027039
127.0820198059082,60.36298018693924
136.88091498613358,64.93408501148224
142.04981607198715,64.85818392038345
84.14618080854416,85.16881918907166
145.85207319259644,53.165926814079285
544.9659671783447,84.38603281974792
993.0428619384766,117.19713807106018
82.50875061750412,84.89924937486649
83.51063758134842,87.7103624343872
83.90353298187256,86.37446701526642
81.90642762184143,90.26057237386703
80.52032375335693,85.0166762471199
85.0972193479538,88.1997806429863
240.87712639570236,55.752873599529266
677.5470138192177,84.41698616743088
1119.5119022130966,93.4140977859497
592.3107888102531,1075.3192111849785
1067.184688925743,87.00131106376648
80.42758589982986,86.20241409540176
82.26347154378891,45.8475284576416
87.56236165761948,58.23363834619522
80.89927107095718,85.89772891998291
74.06816458702087,70.67283540964127
79.51606351137161,63.520936489105225
296.72196239233017,40.55603760480881
739.3358692526817,61.367130756378174
1141.9307907223701,102.86520928144455
98.24868708848953,73.65931290388107
124.67758452892303,64.78541547060013
92.56950467824936,93.85649532079697
92.94243097305298,93.96556901931763
96.40834993124008,93.37065005302429
90.89227437973022,99.34872561693192
300.7471893429756,99.0678106546402
710.4541201591492,121.4168798327446
1161.2150350809097,104.85796493291855
90.36593759059906,93.5970624089241
92.46183985471725,89.98216015100479
96.88974171876907,99.70225828886032
93.39366102218628,95.45933896303177
93.6925699710846,98.27143001556396
96.8614746928215,95.95252531766891
365.493381023407,72.87661898136139
787.089295566082,129.0027044415474
1278.1292320489883,96.57476794719696
382.2833829522133,80.1056170463562
81.0632916688919,89.36170834302902
384.7521794438362,90.37782055139542
722.9580621123314,127.37493789196014
1169.4049502015114,147.05704981088638
349.9299891591072,117.36701083183289
786.969883441925,139.69711655378342
79.60177445411682,89.54622554779053
82.21566301584244,89.08033698797226
82.75554609298706,92.44745391607285
80.57343435287476,87.55656564235687
81.8543164730072,86.86868351697922
84.41219836473465,92.77380162477493
72.41508036851883,88.04891961812973
499.95396506786346,122.34203493595123
946.4568464756012,146.06115353107452
83.88673740625381,85.91026258468628
80.96262502670288,87.1113749742508
79.24351209402084,89.92348790168762
80.02339404821396,86.01260596513748
83.74827629327774,90.41772371530533
83.56616187095642,92.02583813667297
224.29105061292648,96.31994938850403
655.9789290428162,137.55807095766068
157.90781390666962,92.48118609189987
582.8546996116638,133.34930038452148
1026.7275921702385,147.4754078388214
79.30547374486923,88.49152624607086
83.78935182094574,89.4516481757164
81.06923413276672,88.26376587152481
83.57212233543396,89.6868776679039
80.81501311063766,89.84998691082001
78.4859054684639,88.84809452295303
312.91379112005234,92.28920888900757
742.5096681118011,134.26833188533783
642.4015441536903,653.0254558324814
402.017516374588,116.57548362016678
838.187419295311,139.96158069372177
75.9483031630516,90.49569684267044
76.4341704249382,90.62182956933975
82.45404094457626,87.89695906639099
78.82793033123016,86.59806966781616
85.42380827665329,86.39219170808792
83.98070853948593,92.48129147291183
123.87360566854477,86.22039431333542
553.96849411726,122.29050588607788
998.4523676633835,144.1396323442459
78.86323583126068,89.8227641582489
934.3831188678741,137.13388115167618
90.48000663518906,86.76199334859848
81.44490242004395,85.7030975818634
80.9477955698967,86.44120442867279
82.69168478250504,91.71631520986557
280.786573946476,94.8984260559082
83.17745858430862,92.61854141950607
203.0143479704857,101.92965203523636
633.6842301487923,129.575769841671
1079.0931197404861,142.5358802676201
80.07799655199051,97.55100345611572
85.24787712097168,88.12312287092209
90.30575627088547,86.89824372529984
79.54864197969437,87.76535803079605
77.58951735496521,88.76248264312744
80.92438119649887,87.61261880397797
361.3162667155266,115.35073328018188
795.7271691560745,142.9958308339119
79.11905413866043,87.15994584560394
81.04692554473877,88.4160744547844
81.04981899261475,86.3951810002327
81.33069968223572,85.92930030822754
81.88858932256699,84.9994106888771
76.9464767575264,87.46052324771881
87.8563442826271,88.40165573358536
519.1012161970139,129.8617838025093
970.8260872960091,145.97091269493103
77.51295793056488,87.15304207801819
81.38583070039749,89.76216930150986
79.6667343378067,87.01826566457748
78.5956209897995,86.29337900876999
84.37649667263031,88.45750331878662
81.50839018821716,88.39960980415344
264.8812676668167,98.54473233222961
687.5511578917503,128.44884210824966
196.4060247540474,88.96497523784637
634.5378893613815,126.87011063098907
1089.8737588524818,140.32924115657806
79.87664151191711,86.75335848331451
81.10152024030685,87.78747975826263
84.93740850687027,91.78459149599075
81.38429343700409,88.57870656251907
81.72017902135849,87.13082098960876
79.40908318758011,89.46191680431366
362.39396542310715,100.07003456354141
788.080843091011,137.0671569108963
83.50973415374756,97.93426585197449
78.567631483078,89.52436852455139
80.6075080037117,89.04049199819565
80.29539388418198,86.92660611867905
79.77927547693253,86.03472453355789
82.1341580748558,88.16184192895889
65.65604764223099,94.38095235824585
500.84292221069336,120.2120777964592
944.9948098063469,137.7091901898384
77.57068181037903,89.44731819629669
77.44455450773239,88.00044548511505
79.16943299770355,89.95956701040268
77.0423110127449,88.4576889872551
91.00817960500717,87.89882040023804
81.28906315565109,87.54393684864044
255.73596227169037,96.11603772640228
654.775880753994,134.002119243145
1107.7787551283836,144.4432448744774
88.31764942407608,95.01435059309006
1017.8205723166466,146.69742769002914
81.9714674949646,87.1205325126648
80.10435271263123,90.59964728355408
83.82923895120621,87.55976104736328
82.92514753341675,86.74285244941711
337.79703307151794,119.34996694326401
80.46691685914993,87.19908314943314
278.0808025598526,103.03019744157791
712.0276923179626,129.0093076825142
1164.4575733542442,139.56142663955688
79.10745948553085,89.50354051589966
78.92533671855927,86.13066327571869
82.57521891593933,86.66478109359741
80.856110394001,88.0508896112442
81.60000550746918,88.02999448776245
81.88089156150818,86.67510843276978
417.2357825040817,128.37621748447418
853.5526828765869,141.6693171262741
79.38855481147766,95.94544523954391
79.41042643785477,91.53457355499268
80.76529997587204,91.51270002126694
83.32317143678665,93.04682856798172
77.8070479631424,90.13695204257965
80.01292008161545,89.00507992506027
159.29479449987411,113.3172054886818
593.3336743116379,135.11032569408417
1050.1705417633057,129.45945823192596
76.59841251373291,87.04958748817444
76.52729070186615,85.69570928812027
82.30816298723221,87.54383701086044
83.03204423189163,89.85695576667786
84.44292813539505,88.15007185935974
54.00082844495773,87.09217154979706
341.02270555496216,108.75529444217682
772.1915716528893,144.19642835855484
285.65744602680206,104.52755397558212
724.3453170657158,127.6356829404831
1165.3851974606514,154.3188025355339
80.27607214450836,91.05692785978317
77.98294687271118,86.38705313205719
82.94882541894913,91.1811745762825
84.24771171808243,85.5852882862091
80.86160254478455,87.80539745092392
432.6443801522255,130.70661985874176
877.9252699613571,142.0927300453186
83.91014683246613,98.57185316085815
76.61602050065994,84.99497950077057
79.15589368343353,86.36310631036758
81.34378272294998,87.5452172756195
82.47567301988602,89.11632698774338
81.79355466365814,86.55744534730911
156.42644083499908,112.03655916452408
593.9843220710754,143.38567793369293
1052.0241922140121,147.67980778217316
78.6190614104271,83.02893859148026
78.78894126415253,88.74805873632431
74.75381147861481,86.72718852758408
78.27667498588562,84.55832499265671
78.16755259037018,87.05444741249084
80.13243466615677,84.16356533765793
355.08031791448593,115.28968209028244
865.4161882996559,71.6018117070198
79.84507566690445,98.87692433595657
717.2549520730972,143.20804792642593
622.1278266310692,656.2971733808517
75.9827372431755,85.98026275634766
76.96660751104355,85.92239248752594
82.04347634315491,86.78952366113663
77.93534874916077,105.15765124559402
76.77222400903702,90.11777597665787
76.79309332370758,48.966906666755676
452.99896281957626,139.48303717374802
906.2428475022316,145.3681524991989
78.39374148845673,86.18025851249695
77.4706124663353,84.49238753318787
77.65848177671432,83.89751821756363
76.47635352611542,84.76564645767212
76.33022117614746,85.24377882480621
51.277091681957245,87.12990832328796
220.3539600968361,87.16403990983963
650.7088354229927,139.01316457986832
1101.8227190971375,131.12228089571
77.7515988945961,85.98940110206604
80.10546827316284,88.11653172969818
76.94234192371368,84.09465807676315
79.22320991754532,86.83279007673264
77.66908597946167,85.45991402864456
55.246957778930664,90.67904222011566
416.7498273253441,117.15817266702652
842.0487350225449,133.2302649617195
77.14362335205078,86.20837664604187
79.6464911699295,86.79750883579254
78.75936323404312,84.86963677406311
76.37423861026764,84.95976138114929
77.33910799026489,84.08589202165604
79.08298379182816,86.5640162229538
133.2338554263115,126.69214457273483
598.680727481842,98.26327252388
1026.887600660324,134.94539934396744
545.3524867892265,100.75751322507858
954.0783568620682,157.05164313316345
76.54324018955231,86.41875982284546
78.21311277151108,84.67588722705841
79.10498404502869,85.45101594924927
79.62586200237274,86.20713800191879
78.1107349395752,85.01926505565643
79.11360955238342,85.77539044618607
274.3194806575775,99.25351935625076
729.3033557534218,100.52964425086975
1145.380247950554,137.84075206518173
78.36513155698776,84.11686843633652
78.86800384521484,84.72499614953995
77.38887876272202,83.27812123298645
76.78075069189072,86.49724930524826
79.24562060832977,83.216379404068
479.9743609428406,76.17463904619217
922.6432314515114,96.5417685508728
62.645104110240936,64.4838958978653
68.68499118089676,65.7780088186264
71.37288630008698,64.57011371850967
101.26577830314636,44.47522169351578
94.63867074251175,60.769329249858856
79.95556157827377,65.47043842077255
207.62546736001968,60.540532648563385
565.4793914556503,148.2426085472107
997.3523078560829,159.27669215202332
92.94821447134018,98.51478552818298
898.7661475539207,151.7708524465561
86.51004701852798,97.69495296478271
93.86393421888351,98.87606579065323
90.86682158708572,96.50417840480804
88.25871676206589,92.44528323411942
233.63161480426788,114.40538519620895
87.81951856613159,90.90248143672943
147.15541869401932,113.32558131217957
568.1213154196739,146.24968457221985
1017.0872070789337,160.6167929172516
82.47909724712372,92.22490274906158
87.2769815325737,94.16701847314835
90.87288337945938,96.05211663246155
90.7458107471466,96.62418925762177
89.0077109336853,89.4912890791893
114.8436136841774,90.11838632822037
248.19851964712143,111.87548035383224
669.0534262657166,153.87257373332977
1117.0193269252777,162.86867308616638
86.1332181096077,93.23778188228607
89.63610982894897,100.29089015722275
88.34200602769852,97.15799397230148
91.25290584564209,97.9320941567421
90.60680496692657,99.06019502878189
89.27671152353287,97.5942884683609
335.001610994339,127.77538901567459
772.8185157775879,142.19948422908783
89.3214139342308,99.19658607244492
89.54730653762817,95.67569345235825
90.71621108055115,96.30278891324997
90.55211365222931,96.76188635826111
88.25900685787201,94.37099313735962
87.18690097332001,92.05309903621674
91.0608047246933,97.10619527101517
446.09970086812973,129.36229914426804
881.8065920472145,156.15540796518326
357.79149425029755,130.57950574159622
798.4793860912323,155.6316139101982
91.62928915023804,93.64771085977554
88.39219576120377,97.75680422782898
85.56209468841553,90.19790530204773
86.4719929099083,94.08400708436966
89.4738866686821,96.21111333370209
89.21677976846695,102.76322025060654
47.460673570632935,104.85332643985748
469.79758310317993,141.3324168920517
904.5774807929993,152.57051920890808
88.32139867544174,100.38260132074356
86.78728860616684,90.6577113866806
85.97518277168274,93.17381721735
89.44108194112778,91.79991805553436
92.5359782576561,100.90802174806595
91.74186998605728,99.25713002681732
150.2077580690384,120.25424194335938
583.8776398897171,142.99336010217667
1036.694525718689,151.24947428703308
91.06842881441116,98.63557118177414
86.62631875276566,100.44768124818802
88.79620414972305,96.27779585123062
88.1500933766365,96.73890662193298
89.70800018310547,96.12499982118607
88.59990531206131,97.67709469795227
277.73281157016754,121.23018842935562
689.3097116351128,163.89428836107254
1143.2386094331741,157.07639056444168
606.1115133166313,157.44348669052124
1062.1884043812752,158.42359560728073
85.80230033397675,91.77269965410233
85.731196641922,90.89880335330963
87.58509624004364,91.8589037656784
91.84699416160583,91.89300584793091
91.57288950681686,98.22311049699783
90.9447910785675,97.53520894050598
299.2256892323494,115.5703107714653
727.8775699734688,150.84543001651764
1166.7874958515167,158.7315041422844
90.14141201972961,99.39558798074722
89.47831112146378,94.31868886947632
89.33222085237503,91.90877914428711
143.44712245464325,71.88687753677368
92.93102437257767,93.05097562074661
66.47095793485641,78.17804205417633
356.26986545324326,136.45313453674316
787.4207690358162,160.98623096942902
89.90467381477356,92.48432618379593
92.01857829093933,96.1104217171669
90.46549981832504,92.20150017738342
94.61640590429306,95.03159409761429
85.84131360054016,92.34368640184402
88.99221646785736,93.91478353738785
72.58711349964142,59.393886506557465
435.2010149359703,137.66898506879807
877.3529087305069,162.61009126901627
99.83680987358093,92.97819012403488
780.3957329392433,149.56726706027985
93.80563873052597,117.91636127233505
93.19755327701569,92.59944671392441
90.01448452472687,94.96751546859741
93.07338488101959,95.5196151137352
78.57528966665268,121.16471034288406
90.37419897317886,94.10680103302002
88.48809403181076,92.65990597009659
423.52798640727997,144.99001359939575
861.1418923139572,160.2841076850891
87.27380698919296,91.33719301223755
89.86970740556717,96.13029259443283
94.22460371255875,98.44239628314972
89.78250104188919,93.18049895763397
89.8594029545784,93.86259704828262
92.67731314897537,101.192686855793
74.49524134397507,114.079758644104
513.0531330704689,136.92786693572998
962.944043636322,178.51795637607574
94.76200783252716,104.25699216127396
92.41292107105255,95.9380789399147
85.00881558656693,91.1211844086647
86.62270784378052,89.8962921500206
83.06960308551788,91.57839691638947
87.05349600315094,89.7795040011406
160.77939373254776,116.53660625219345
584.1332916021347,150.3667083978653
1029.765186548233,165.30781346559525
88.58408641815186,92.52691358327866
86.25298547744751,90.78401452302933
84.75588065385818,90.00311934947968
91.12878888845444,94.07421112060547
87.2247285246849,94.75727146863937
87.65262603759766,94.97637397050858
244.71052706241608,120.21447294950485
668.56543135643,155.43456864356995
168.4013307094574,105.35766929388046
588.5152284502983,142.24377155303955
1026.6851248145103,165.61087518930435
82.31702250242233,91.90497750043869
88.70891326665878,99.2730867266655
93.4518079161644,100.140192091465
88.39970886707306,101.95229113101959
87.99460047483444,103.43039953708649
92.23849260807037,99.05750739574432
283.88938665390015,130.03661334514618
700.0952823162079,157.94071769714355
1145.469217300415,189.0677827000618
86.2121850848198,92.6768149137497
118.3820995092392,64.72890049219131
137.2739879488945,61.96701204776764
83.2763209939003,88.63067901134491
82.07621616125107,87.05378383398056
81.33811098337173,86.14288902282715
172.6930058002472,127.34399420022964
643.1588984131813,122.8411015868187
1021.493793964386,195.5992060303688
91.03469043970108,98.91030955314636
87.46359330415726,92.77740669250488
84.41049057245255,93.96050941944122
89.89438277482986,97.82861721515656
90.43327856063843,97.6957214474678
91.43618005514145,92.34081995487213
285.6240849494934,123.00491505861282
703.5339833498001,153.24301666021347
199.9078803062439,120.14711970090866
626.114776134491,146.12622386217117
1069.1916744709015,164.42032551765442
88.08256500959396,95.93643498420715
90.10346269607544,96.932537317276
90.4773678779602,96.1336321234703
92.64625710248947,99.7237429022789
86.5751702785492,91.96182972192764
103.09607243537903,91.69992756843567
307.96997207403183,119.93802791833878
723.934873521328,156.3421264886856
1175.9757670760155,165.9882329106331
93.19967496395111,93.87432503700256
88.92556929588318,97.24143069982529
88.02046251296997,96.27553749084473
88.24535149335861,94.40264850854874
89.1742479801178,94.39975202083588
96.51014643907547,98.08285355567932
400.56904458999634,145.078955411911
827.0709717273712,153.9470282793045
86.94386529922485,95.44413471221924
87.41075527667999,105.1822447180748
95.5976511836052,96.4943488240242
85.80454927682877,90.02845072746277
85.88144785165787,92.65555214881897
84.68034327030182,89.94965672492981
75.57223469018936,124.72376531362534
501.29713237285614,158.0358676314354
949.8920196294785,172.3479803800583
90.87591171264648,95.17908829450607
874.0828043222427,164.69519567489624
89.14070224761963,100.69129776954651
92.08860093355179,94.004399061203
87.77649587392807,95.16850411891937
89.66839492321014,98.64660507440567
199.5232930779457,121.7917069196701
90.80319559574127,95.60480439662933
116.8991060256958,110.6008939743042
536.142010986805,150.59898900985718
969.6259155273438,171.3370844721794
94.14781790971756,100.9081820845604
91.0027214884758,96.4052785038948
87.39463049173355,94.9583694934845
87.06352943181992,91.28947055339813
86.84342712163925,89.48957288265228
88.14332497119904,91.07867503166199
202.99722564220428,125.53877437114716
623.2971345186234,155.20286548137665
1067.8360434770584,163.81195652484894
94.8209417462349,95.01305824518204
94.52684390544891,94.47315609455109
89.21478575468063,91.95221424102783
87.79169225692749,90.5053077340126
90.01658862829208,92.2614113688469
117.40849393606186,83.33250606060028
288.48439186811447,143.01460814476013
703.9883062839508,150.28969371318817
1129.7502271533012,174.95277285575867
88.06713104248047,95.41386896371841
1039.5890325903893,201.33696740865707
88.40692573785782,92.59307426214218
91.85383087396622,93.48016911745071
90.61573076248169,93.58826923370361
91.61862313747406,94.53037685155869
351.25052934885025,145.02647066116333
96.16145324707031,93.30254673957825
247.2554126381874,138.96558731794357
649.796366751194,185.94463324546814
1095.0582637190819,165.7197362780571
90.41315853595734,101.71684145927429
87.3970559835434,94.25094401836395
90.19594597816467,92.24805402755737
93.40284502506256,96.80115497112274
86.16473841667175,90.20626157522202
87.6116669178009,93.40733307600021
310.42955923080444,183.36744076013565
758.7284489870071,188.0115510225296
650.1393537521362,726.5276462435722
393.9414048194885,164.29959517717361
823.1473014354706,166.7236985564232
83.1312181353569,87.071781873703
86.2451046705246,87.21789532899857
88.28500390052795,102.28899610042572
82.1769260764122,87.74907392263412
81.2528218626976,86.35817813873291
81.64471369981766,86.09528630971909
56.90661007165909,126.46338993310928
492.3545093536377,152.70149064064026
87.94941121339798,87.40158879756927
408.02630603313446,154.28869396448135
825.6952223777771,185.17377763986588
80.86510336399078,86.07889664173126
79.99798393249512,85.87201607227325
81.81487184762955,89.36912816762924
80.59576570987701,89.36723428964615
82.00565654039383,87.1233434677124
83.30555087327957,87.7694491147995
91.91844469308853,128.56255531311035
536.9213369488716,142.6886630654335
963.5532343387604,167.14976567029953
81.27912145853043,86.12787854671478
81.83700704574585,86.79199296236038
83.52489376068115,88.47510623931885
82.65778237581253,86.7682176232338
82.38266897201538,88.48833101987839
85.12655735015869,92.81844264268875
259.2584472298622,107.9645527601242
690.3903436660767,135.9796563386917
1173.8752341270447,105.56876587867737
335.4361683726311,142.37883162498474
775.7720578312874,159.35694217681885
101.01597040891647,145.13202959299088
668.0379125475883,155.38908743858337
1114.7258015871048,167.21919840574265
84.69068938493729,89.1973106265068
85.61957830190659,89.38042169809341
84.7514677643776,86.43353223800659
41.53235447406769,90.41164553165436
84.9432482123375,88.5577517747879
84.85213845968246,94.22186154127121
364.1330272555351,143.84797275066376
804.7099198698997,158.12408012151718
81.73181021213531,93.8791897892952
88.97469788789749,88.98830211162567
81.77359640598297,85.70740360021591
82.38748532533646,87.05751466751099
85.24238926172256,93.99861073493958
85.00428265333176,88.27371734380722
66.65517216920853,123.93782782554626
480.52908128499985,156.916918694973
928.3829745650291,161.84002542495728
85.68186604976654,89.04013395309448
82.12977540493011,89.24122458696365
82.00265800952911,87.16434198617935
85.04254657030106,90.38345342874527
85.06344306468964,87.04755693674088
88.51034396886826,91.43365603685379
185.12424206733704,116.96875792741776
607.1641376614571,158.76186233758926
1053.9820228219032,163.09297716617584
83.70690852403641,90.16409146785736
981.542797088623,160.95720291137695
84.5446782708168,93.21332174539566
83.60356974601746,90.58143025636673
84.05045717954636,86.02254283428192
85.42434585094452,92.72365415096283
328.0012356042862,125.96176439523697
85.96713435649872,100.92186564207077
249.339025080204,125.7709749341011
672.8239196538925,155.287080347538
1128.5118053555489,167.39619463682175
88.34769940376282,91.74430060386658
85.64659297466278,90.89040702581406
84.11349111795425,90.77650886774063
86.17037868499756,92.01462131738663
84.59926670789719,88.1777333021164
86.88015478849411,87.06484520435333
351.92004692554474,174.9139530658722
799.4779333472252,168.05906665325165
82.03582346439362,86.9821765422821
87.94671142101288,87.5352885723114
82.94960159063339,86.36539840698242
82.52649247646332,87.88150751590729
84.17638325691223,88.47161674499512
83.14328020811081,85.9677197933197
70.42417579889297,117.03982418775558
480.2410914301872,175.49990856647491
929.631972849369,171.2190271615982
83.87586742639542,87.27213257551193
86.5637885928154,87.47321140766144
81.17768561840057,87.52531439065933
82.82857877016068,87.78242123126984
84.31247538328171,86.72352463006973
83.7973644733429,87.07263553142548
173.65225172042847,150.25474828481674
604.8211408853531,178.49285912513733
1052.9350319504738,168.657968044281
522.9009220600128,174.24707794189453
962.27382427454,177.0591757297516
81.85071271657944,88.03828728199005
83.09460508823395,87.86939489841461
82.72650068998337,86.58749932050705
84.98939597606659,89.38160401582718
82.58428877592087,86.84171122312546
85.17918455600739,87.19181543588638
223.38608080148697,121.59591919183731
645.0369756221771,157.31502437591553
1091.1318607926369,195.99813920259476
84.59774261713028,87.45725739002228
80.98962581157684,85.67737418413162
81.04750418663025,89.87849581241608
86.43839502334595,85.63460499048233
86.57128435373306,86.77971565723419
37.85218459367752,87.6658154129982
340.5770787000656,169.55292129516602
801.8020099401474,165.97499006986618
88.43494611978531,89.10205388069153
85.12189102172852,86.7851089835167
87.19978708028793,91.52221292257309
85.75769078731537,87.89130920171738
86.44558745622635,87.86941254138947
84.05949175357819,88.64450824260712
86.82138276100159,44.030617237091064
413.5272669196129,155.80473309755325
852.6041697263718,162.80283027887344
80.92205691337585,86.1329430937767
770.3319499492645,171.2980500459671
81.87284111976624,87.31315886974335
87.15272772312164,87.21827226877213
83.43262279033661,86.4743772149086
84.08450871706009,88.84149128198624
186.97640293836594,62.209597051143646
85.108303129673,88.891696870327
86.0361904501915,93.90780955553055
462.4840708374977,183.81292915344238
907.3939697742462,195.5310302376747
84.37787890434265,86.80712109804153
82.69576632976532,86.00723367929459
82.42064994573593,88.54235005378723
81.20053362846375,87.92846637964249
82.16742038726807,87.74057960510254
82.5773052573204,87.29369473457336
215.43219059705734,93.40080940723419
611.3050694465637,179.88093054294586
1062.862960755825,168.41403925418854
81.27286005020142,86.13413995504379
80.40575784444809,88.90924215316772
78.53764027357101,87.2763597369194
83.02251613140106,86.27448385953903
85.61740726232529,86.4755927324295
86.49131059646606,87.82368940114975
316.19720834493637,132.7847916483879
740.1441032886505,162.54089671373367
637.813988506794,725.464011490345
81.79786616563797,89.18313384056091
84.46775251626968,85.8102474808693
80.59964615106583,85.84435385465622
78.38052707910538,86.3974729180336
81.38339930772781,89.28360068798065
58.16328412294388,110.05871587991714
479.9442003965378,148.77779960632324
85.18713575601578,91.71986424922943
339.8380317687988,175.12396824359894
792.7119204998016,164.6410794854164
79.84381461143494,85.58218538761139
79.9576945900917,85.59730541706085
84.42357367277145,88.74342632293701
82.05546551942825,85.94353449344635
84.8363469839096,85.94065302610397
82.96925073862076,86.19774925708771
51.50814723968506,144.58385276794434
535.067045211792,104.69195479154587
923.0889379382133,207.50506204366684
87.34982341527939,86.89117658138275
83.03773498535156,87.49926501512527
80.3926249742508,84.88537502288818
88.0255087018013,86.62349128723145
82.453404545784,86.43559545278549
81.79029130935669,90.06170868873596
267.6631801724434,45.892819821834564
607.8140767216682,178.57492327690125
1051.7609701752663,179.27602982521057
83.98585653305054,93.97714346647263
85.4887426495552,89.77025735378265
92.54763066768646,91.00836932659149
85.88251757621765,89.24648243188858
81.58940410614014,92.18759590387344
85.87028735876083,85.64771264791489
373.1871767640114,90.12682324647903
759.7460664510727,166.56893354654312
85.15595489740372,95.34404510259628
677.5288463234901,178.4151536822319
1121.8647332787514,206.83826673030853
80.27463263273239,85.13236737251282
80.49951326847076,90.70348674058914
78.28039413690567,86.53360587358475
42.33927446603775,116.23572552204132
81.73117560148239,87.19482439756393
83.49304968118668,95.69195032119751
382.6439343094826,172.41206568479538
824.4978203773499,193.2431796193123
81.31572163105011,85.0912783741951
80.24461334943771,89.10738664865494
79.4324939250946,86.40150606632233
80.24937623739243,86.9726237654686
81.29025566577911,86.95074433088303
79.25513315200806,89.0968668460846
104.35000920295715,158.31599080562592
538.2798877358437,184.03511226177216
988.8747684955597,194.84823149442673
81.06265026330948,90.69634974002838
80.2875263094902,90.13847368955612
90.27240657806396,88.5985934138298
82.92233687639236,91.15166312456131
83.55420970916748,88.27879029512405
39.22409504652023,85.94190496206284
342.94899040460587,65.82800960540771
687.489883005619,189.28811699151993
1139.8807601332664,199.1562398672104
82.25362455844879,84.31937545537949
1069.0345097184181,207.35449028015137
86.66640174388885,86.94359827041626
81.33628690242767,86.96071308851242
81.24617159366608,87.01382839679718
84.78605669736862,42.10294330120087
399.3999533653259,170.54404664039612
79.79185163974762,87.78214836120605
360.23872154951096,125.68727844953537
795.8526194691658,155.27738052606583
88.28153043985367,88.07046955823898
84.89542919397354,91.32757079601288
84.93530869483948,91.36069130897522
84.38219678401947,89.63680320978165
85.92209178209305,91.78190821409225
80.33196645975113,89.0940335392952
37.29784137010574,143.2581586241722
480.6717212200165,153.25527876615524
916.0996035933495,197.71539640426636
91.26848685741425,85.60151314735413
82.5864006280899,86.17259937524796
83.6452864408493,84.91071355342865
83.00017994642258,85.31482005119324
82.89107435941696,87.73792564868927
83.70796632766724,86.94003367424011
130.87783992290497,213.8991600871086
641.5107250213623,136.0822749733925
1050.5686146616936,203.33838534355164
82.55350512266159,84.63249486684799
81.79639029502869,86.12960970401764
81.35527580976486,85.33072417974472
78.85716933012009,87.64283066987991
79.74904608726501,88.45495390892029
87.23291981220245,85.74908018112183
324.1058220267296,152.85717797279358
757.6087072491646,186.7802927494049
85.31559455394745,101.57340544462204
674.6704952120781,182.16350477933884
1130.3213706612587,203.0866293311119
81.23125231266022,87.0837476849556
79.45612925291061,86.24787074327469
84.69899851083755,86.30000150203705
34.53589177131653,148.61210823059082
83.593785405159,87.9982146024704
85.22667211294174,90.58832788467407
483.43258249759674,67.0124174952507
828.2134618759155,179.1015381217003
79.97534394264221,86.22865605354309
84.55222296714783,85.50377702713013
84.09211069345474,85.40788930654526
80.72500550746918,88.36799448728561
81.98687946796417,86.2911205291748
84.32176649570465,88.01123350858688
104.21365481615067,135.39734518527985
540.6245542168617,171.0054457783699
978.9224397540092,187.6325602531433
80.35232210159302,85.59267789125443
82.15121299028397,85.68278700113297
82.11710846424103,87.93889153003693
82.32298856973648,88.17701143026352
80.14086389541626,91.78613609075546
81.58773905038834,87.19026094675064
267.2576171159744,153.72438287734985
701.0924923419952,171.09250766038895
1146.0213851332664,163.2186148762703
80.37627124786377,85.40072876214981
1078.8791467547417,181.5838532447815
81.36301648616791,97.0439835190773
82.71789819002151,90.37510180473328
80.29477936029434,88.02022063732147
93.53767424821854,64.86832576990128
402.9485885500908,161.47741144895554
86.91448485851288,84.82651513814926
312.34237945079803,175.17562055587769
762.4192751049995,183.2287248969078
80.77415698766708,97.76284301280975
84.03603112697601,86.18596887588501
85.5209172964096,87.44308269023895
83.04180508852005,88.40319490432739
83.54468959569931,86.65931040048599
84.5655762553215,86.49042373895645
43.95746546983719,136.85753452777863
469.99636697769165,167.48463302850723
922.2962489128113,176.8707510828972
95.79913002252579,90.16486996412277
82.11605882644653,85.73594117164612
82.72994267940521,87.76905733346939
82.06583595275879,84.30416405200958
83.18071603775024,87.22728395462036
83.53459864854813,86.57640135288239
179.35248988866806,142.0185101032257
617.8743766546249,162.31162333488464
1059.5422602295876,173.34573978185654
79.1381344795227,85.60286551713943
82.0110090970993,87.30399090051651
82.14389592409134,85.67110407352448
81.5907854437828,89.05721455812454
87.18666505813599,85.62833493947983
82.87456369400024,87.25543630123138
329.9694423675537,158.40155762434006
779.6943150758743,166.41668492555618
263.8821867108345,154.83981329202652
713.626070857048,168.7999291419983
1157.1099521517754,183.3340478539467
82.39082992076874,85.99817007780075
82.5977115035057,84.08828848600388
84.60060346126556,94.75239652395248
84.73249554634094,87.37950444221497
84.71639043092728,86.91260957717896
88.8302834033966,38.298716604709625
397.1101806163788,173.53781938552856
838.2610999941826,169.97890001535416
83.69099938869476,85.23600059747696
84.10089492797852,86.43610507249832
82.75078564882278,88.26721435785294
83.79067081212997,85.67232918739319
79.34955906867981,85.50244092941284
86.0934351682663,85.68456482887268
105.41032940149307,138.29267060756683
533.9322164058685,170.75378358364105
986.3790943026543,175.73290568590164
83.25197148323059,85.87702852487564
83.69987505674362,88.0231249332428
80.31276750564575,85.55723249912262
83.66764342784882,86.4433565735817
83.37352722883224,86.79247277975082
83.6914137005806,89.21558630466461
245.34330707788467,152.89769291877747
761.0302014350891,85.82179856300354
1135.4780749678612,190.24492502212524
80.73995286226273,87.4830471277237
1061.649838745594,162.31316125392914
82.55974161624908,85.32825839519501
85.58063584566116,88.41836416721344
83.23153930902481,88.86046069860458
85.4944321513176,83.98756784200668
386.5343242287636,152.28167575597763
64.61021190881729,86.7787880897522
320.41010743379593,168.36789256334305
796.5610044598579,115.8839955329895
1175.304910004139,184.19608998298645
352.21801710128784,147.46798288822174
779.3498943448067,181.76110565662384
85.22279280424118,94.83220720291138
84.15168809890747,89.6263118982315
85.5985694527626,89.82743054628372
90.23145663738251,91.32454335689545
83.93833893537521,88.98766106367111
87.10722559690475,90.4487743973732
42.73911464214325,142.0198853611946
476.8909959793091,173.4980040192604
929.9298740029335,180.82912600040436
87.32176196575165,84.51223802566528
84.2316682934761,87.34233170747757
89.84555447101593,90.9874455332756
81.92244303226471,86.1885569691658
87.44433361291885,93.98266637325287
87.35422450304031,94.60877549648285
186.7641105055809,151.69888949394226
620.9149958491325,172.60400414466858
107.52888929843903,155.63811069726944
540.8837831020355,170.82021689414978
983.3306749463081,192.7063250541687
82.62956690788269,92.29643309116364
83.3174359202385,88.94256407022476
95.37631475925446,93.05068522691727
84.563223361969,92.62177664041519
84.5661188364029,92.08188116550446
83.80999785661697,91.7650021314621
261.1088781952858,137.46512180566788
689.500758767128,170.03624123334885
1142.8736342787743,189.60736572742462
83.15451157093048,86.14248842000961
84.61939692497253,90.9736031293869
84.91828215122223,92.45071786642075
84.03316575288773,90.72583425045013
84.99904841184616,92.63095158338547
90.98193699121475,92.03606301546097
403.79983246326447,162.08816754817963
837.8027393817902,187.03026062250137
83.49060934782028,91.65739065408707
83.84549152851105,89.85750848054886
82.16237843036652,88.2436215877533
86.51826548576355,91.5377345085144
85.26216381788254,89.46083617210388
86.41206049919128,92.16193950176239
109.95195806026459,140.21504193544388
535.6768499612808,172.37915003299713
982.8277359008789,188.70926409959793
79.36761736869812,89.20638263225555
924.4264916777611,158.3525083065033
87.57735931873322,85.29364067316055
86.11626136302948,89.77173864841461
86.15614527463913,92.12185472249985
85.80702930688858,95.95297068357468
274.161918759346,134.43108123540878
86.29479044675827,90.35420954227448
198.46367251873016,149.03632748126984
628.0965592265129,185.3114407658577
1101.7284438610077,173.92055612802505
82.2673465013504,86.49165350198746
80.99323135614395,87.39576864242554
82.45810145139694,92.35589855909348
83.60998421907425,89.48301577568054
81.90886038541794,94.51713961362839
58.7817365527153,94.19926345348358
365.37662041187286,152.7703796029091
799.4904917478561,175.6385082602501
82.1053671836853,88.24663281440735
80.79224127531052,89.87475872039795
82.37011694908142,94.00088304281235
80.260995388031,91.4430046081543
78.54186618328094,86.32913380861282
82.11773282289505,86.78926718235016
102.62061619758606,146.99038380384445
543.2715206742287,177.76447933912277
960.8494380712509,185.53956192731857
82.29630607366562,88.14769393205643
83.24318397045135,90.08981603384018
85.4500784277916,92.23592156171799
82.80397313833237,90.08502686023712
79.7878520488739,88.52614796161652
81.58672738075256,88.72727262973785
260.07160502672195,141.984394967556
685.6674808263779,180.33251917362213
180.02136605978012,161.83063393831253
610.3202520012856,186.27274799346924
1061.6191253066063,199.63987469673157
82.84499949216843,86.32200050354004
84.08788096904755,86.70911902189255
84.1827637553215,88.98323625326157
84.57464873790741,85.94335126876831
93.5405415892601,88.08945840597153
88.83944833278656,87.67855167388916
336.0643411874771,164.02865880727768
780.4382173418999,189.11778265237808
87.57010924816132,98.20789074897766
81.14704066514969,85.75995934009552
82.53792083263397,87.40607917308807
86.28180021047592,88.49619978666306
86.43267381191254,85.51132619380951
83.54755991697311,87.78644007444382
85.86444401741028,98.45055598020554
455.53333646059036,181.98466354608536
901.0552244186401,192.185775578022
82.20511561632156,86.97988438606262
79.81900471448898,87.32799530029297
85.34087949991226,86.88212049007416
84.65776747465134,85.26723253726959
85.75365996360779,89.17234003543854
84.66354137659073,96.63245862722397
198.72243237495422,160.85156762599945
594.3733648657799,175.14463514089584
1037.0982552170753,197.4567447900772
511.86014926433563,177.80585074424744
953.9370554089546,176.56294459104538
83.45792758464813,86.81907242536545
85.72081285715103,85.22418713569641
79.88970065116882,88.85129934549332
66.8555765748024,89.66342341899872
85.26545757055283,87.91954243183136
85.47134393453598,90.3056560754776
233.99323052167892,153.17376947402954
669.441113114357,174.7448868751526
1121.9619890451431,177.89001095294952
85.27886837720871,86.10913163423538
81.70774966478348,88.03325033187866
82.41363263130188,85.62336736917496
81.676518201828,86.63848179578781
87.34539920091629,91.80260080099106
382.6841903924942,178.5198096036911
829.4280622005463,184.05293780565262
81.67193353176117,87.1070664525032
78.39680975675583,86.34419023990631
85.32568693161011,86.76731306314468
81.04957973957062,85.65342026948929
81.6084595322609,86.66954046487808
83.31434100866318,87.85165899991989
122.24321460723877,146.64578539133072
561.1350895762444,175.69791042804718
1010.5269737243652,184.9000262618065
82.67687100172043,88.63712900876999
83.68075603246689,84.59724396467209
88.01664847135544,86.41035151481628
81.94555622339249,86.25944375991821
82.15143728256226,88.97756272554398
84.8583192229271,86.47568076848984
272.12020790576935,155.28779208660126
697.215102314949,177.48889768123627
190.3659809231758,151.5410190820694
622.4058676958084,182.57513231039047
1068.2607555389404,195.10924446582794
79.44862872362137,85.6253712773323
80.91349977254868,88.30850023031235
84.23138058185577,86.21361941099167
83.75226545333862,86.85873454809189
83.92215305566788,86.9478469491005
43.110068798065186,88.44493120908737
347.29795956611633,155.75804042816162
783.0228444933891,178.86615550518036
82.78573775291443,85.10426223278046
81.6216316819191,88.24936830997467
87.19852179288864,86.80147820711136
83.34841626882553,85.91058373451233
82.49930310249329,86.57469689846039
86.59518897533417,92.64481103420258
40.09807378053665,140.80892622470856
457.04497426748276,174.27002573013306
906.4368621706963,190.34113782644272
79.75476396083832,87.85723602771759
80.99763959646225,85.72436040639877
87.98251640796661,89.94348359107971
83.87341243028641,88.29258757829666
84.02529734373093,89.1047026515007
81.41618758440018,88.17681241035461
181.99307119846344,147.87792879343033
610.0689705014229,168.94902950525284
1055.2578504681587,185.31714951992035
540.1497247219086,177.79527527093887
994.4106002449989,185.57039976119995
80.50647574663162,84.77052426338196
80.43535810709,89.32464188337326
82.82723033428192,89.43276965618134
85.29213011264801,89.3178699016571
88.03700596094131,91.96399402618408
50.85388624668121,90.22111374139786
288.11576133966446,145.58723866939545
729.4516626000404,176.01133739948273
1136.472598195076,191.8234018087387
80.82747930288315,93.57952070236206
81.62635046243668,88.63264954090118
95.79522866010666,85.48277139663696
94.90912199020386,85.62787801027298
81.2830103635788,88.40198963880539
85.6738869547844,91.5101130604744
411.80675905942917,176.3602409362793
848.9026746153831,188.28332537412643
85.36756885051727,97.26143115758896
86.44445598125458,89.81454402208328
81.55834317207336,88.01565682888031
82.54321867227554,89.47578132152557
82.91609567403793,91.49190431833267
87.54796987771988,92.89603012800217
129.7368567585945,146.41214323043823
557.4977521300316,172.33524787425995
997.112646818161,165.96135318279266
78.57752871513367,84.36647129058838
82.37640434503555,85.99359565973282
91.69429469108582,87.13970530033112
80.3082018494606,87.08079814910889
83.14407956600189,83.66992044448853
50.38795304298401,93.2230469584465
280.5568280220032,157.2201719880104
711.9487159252167,189.84728407859802
202.59960240125656,149.9743975996971
636.0284826159477,183.989517390728
1089.8823572397232,194.54364275932312
85.2742492556572,96.0217507481575
87.1851401925087,89.94485980272293
82.87203174829483,90.27596825361252
85.24491137266159,91.75408864021301
81.48979115486145,94.41820883750916
85.71366494894028,90.28533506393433
371.62455719709396,168.85744279623032
771.5905092954636,180.5574907064438
80.8513867855072,106.42561322450638
87.41026151180267,89.99773848056793
84.19013059139252,89.10586941242218
86.82301008701324,87.49198991060257
83.95589524507523,91.91510474681854
83.60677599906921,86.59722399711609
60.646661937236786,152.52033805847168
497.05653154850006,184.27746844291687
946.6694142818451,197.29258573055267
84.11829936504364,88.80870062112808
85.17518454790115,88.28681546449661
84.2150793671608,87.65492063760757
87.58896714448929,91.85603284835815
83.0918557047844,87.83414429426193
82.83474636077881,90.49925363063812
219.57762724161148,153.7923727631569
649.8775177001953,184.88248229026794
1099.2683928012848,198.08360719680786
586.7722659111023,182.15373408794403
1033.4591411948204,196.70685881376266
80.64801853895187,90.75998145341873
80.11289125680923,90.20110875368118
80.05976444482803,86.38423556089401
79.17652040719986,88.32347959280014
84.53138834238052,90.76461166143417
326.9042589068413,175.70574110746384
780.2041401863098,188.98185980319977
79.15101850032806,106.45998150110245
83.52389377355576,93.93910622596741
84.85978907346725,84.54721093177795
82.10368341207504,85.17431658506393
83.0685738325119,87.54142618179321
78.79446357488632,91.81753641366959
49.649332880973816,162.53666710853577
486.04020380973816,180.0147961974144
940.2100763320923,196.43892365694046
79.93394732475281,84.51005268096924
81.82582312822342,86.1921768784523
83.0877133011818,85.596286714077
83.70260548591614,87.26139450073242
79.24148404598236,84.64651596546173
81.37435764074326,87.75564235448837
233.80223149061203,162.10376852750778
670.7691187262535,187.06388127803802
1115.3270020484924,205.32099795341492
84.38488668203354,88.76311331987381
1036.7767822146416,198.16821777820587
83.76067793369293,87.22032207250595
82.80057108402252,86.4214289188385
83.32146173715591,87.04753828048706
85.04735493659973,88.76864504814148
351.77124416828156,191.22775584459305
55.64511847496033,85.76188153028488
301.814003944397,168.74099606275558
729.7988811135292,198.85011887550354
627.2827787399292,762.2172212600708
82.60065615177155,85.5473438501358
82.63953274488449,85.19346725940704
80.60641825199127,85.82058173418045
82.79429417848587,87.13170582056046
81.66717445850372,87.42582553625107
82.09605813026428,99.0899418592453
452.11694729328156,179.71705269813538
308.454294025898,181.45370596647263
754.4381756186485,192.0978243947029
81.42305797338486,97.65194201469421
79.25893884897232,84.92606115341187
84.83581960201263,89.05318039655685
82.59771472215652,85.60628527402878
85.5076072216034,84.62139278650284
82.38150334358215,87.3784966468811
88.06839430332184,94.91260570287704
456.44227904081345,187.92872095108032
912.6861550807953,187.4998449087143
88.70702940225601,85.45997059345245
85.0429374575615,86.99406254291534
83.19281721115112,85.56518280506134
83.93770354986191,85.13629645109177
81.4396008849144,87.80139911174774
83.96149116754532,88.83450883626938
168.53837513923645,168.2216248512268
610.3932641744614,183.8847358226776
95.22815412282944,165.43784588575363
534.8980270624161,188.9729729294777
989.0119004249573,202.6730995774269
83.7917810678482,85.4112189412117
81.42465388774872,86.81634610891342
86.53853833675385,89.7014616727829
83.80043667554855,87.36556333303452
85.1923201084137,86.43667989969254
94.56522929668427,96.1937707066536
233.99416530132294,169.32083469629288
678.1450572609901,186.33594274520874
1121.1479587554932,194.07504123449326
81.20684683322906,84.23815315961838
82.31972789764404,89.58827209472656
80.00760859251022,87.17739140987396
78.9734805226326,86.76751947402954
80.4763531088829,86.98664689064026
82.57122755050659,32.336772441864014
381.0741198658943,186.66588014364243
833.1139915585518,197.23800843954086
78.85787415504456,85.62412583827972
81.95276266336441,87.8622373342514
82.06664061546326,86.26635938882828
80.45850509405136,96.33749490976334
79.49837332963943,89.70562666654587
83.66824805736542,91.68475192785263
133.20713478326797,154.90386521816254
565.8580268025398,184.51197320222855
1016.0459440350533,194.8060559630394
467.45584630966187,188.9141536951065
922.1997177600861,197.83728224039078
80.96159172058105,90.27940827608109
81.87147039175034,89.12752962112427
81.00434392690659,95.44065606594086
59.45221298933029,91.8447870016098
82.12108194828033,90.6199180483818
80.53095138072968,87.82104861736298
232.84781956672668,165.7441804409027
672.6296890377998,193.05631095170975
1123.798567891121,206.23943209648132
80.22745424509048,85.18054574728012
81.10032933950424,87.99267065525055
85.08521020412445,86.78578978776932
84.58609610795975,85.41290390491486
89.90499603748322,96.15100395679474
366.63179391622543,191.25620609521866
821.3386653065681,208.23533469438553
78.4335361123085,84.14046388864517
77.60340994596481,87.72959005832672
82.25427889823914,84.39372110366821
95.97915834188461,85.48384165763855
85.79704815149307,85.5739518404007
83.83594173192978,88.81205826997757
115.6548268198967,155.1421731710434
540.9897167682648,196.32428324222565
993.8446060419083,199.28439396619797
80.27349853515625,87.67150145769119
78.10937494039536,85.16762506961823
83.81524109840393,86.46175891160965
81.18813520669937,86.03286480903625
83.85801964998245,91.25298035144806
79.63890099525452,86.10109901428223
278.6047754883766,175.54322451353073
711.7366440296173,202.1703559756279
213.7955101132393,169.92748987674713
649.668396115303,196.51660388708115
1103.9492709636688,204.55172902345657
79.2291424870491,84.71485751867294
80.21301698684692,87.23098301887512
81.2718917131424,86.26510828733444
84.36676907539368,89.48423093557358
84.16665142774582,92.5553485751152
62.595534443855286,58.738465547561646
378.57942122220993,186.30957877635956
828.7483066916466,196.06669330596924
84.1961920261383,86.15580797195435
82.40208232402802,88.07991766929626
82.51597160100937,85.5580283999443
82.98186314105988,86.96313685178757
85.0397498011589,85.3682501912117
82.67264187335968,87.67935812473297
101.86051017045975,156.73248982429504
542.770389020443,181.67361098527908
985.3652592897415,204.3567407131195
79.3681389093399,92.42786109447479
81.24201613664627,83.22198385000229
83.54089570045471,85.2751042842865
86.11678797006607,85.58621203899384
81.63867396116257,87.26832604408264
81.90055984258652,87.09844017028809
275.8104446530342,159.35555535554886
706.9803290367126,188.79767096042633
1155.6492157578468,205.7767842411995
629.7630869150162,195.55191308259964
1086.173964202404,213.91903579235077
80.67684054374695,86.19415944814682
80.01271212100983,89.50628787279129
81.40457916259766,92.44842082262039
62.86944580078125,101.33355420827866
85.79832011461258,91.60967987775803
378.4520760178566,184.4549239873886
824.3619585633278,199.80504143238068
83.75383919477463,86.376160800457
79.38572669029236,88.18727332353592
82.0366016626358,85.33339834213257
82.07648885250092,85.16451114416122
81.5793759226799,85.05062407255173
82.00826209783554,89.80673789978027
112.32514172792435,152.74885827302933
537.8650343418121,186.02396565675735
984.5909206867218,200.63207930326462
80.759796500206,86.00020349025726
80.79967552423477,84.81132447719574
93.52455806732178,85.92044192552567
80.230448782444,84.88055121898651
80.04833459854126,86.46966540813446
84.07021218538284,86.39378780126572
268.85009825229645,184.5009017586708
705.630985379219,197.68401461839676
1155.5588814020157,204.55111861228943
78.91376096010208,85.84523904323578
1077.3616333007812,213.0823667049408
82.99350953102112,84.20949047803879
82.29239910840988,88.4856008887291
82.51728928089142,87.74171072244644
89.96517753601074,49.49882245063782
406.4120733141899,184.93992668390274
85.06298899650574,89.08501100540161
338.8988751769066,154.3971248269081
763.7907558679581,202.4682441353798
86.07164180278778,99.78135818243027
82.0555379986763,88.27846199274063
82.4094266295433,84.21957337856293
80.63531053066254,87.01368945837021
81.02619415521622,85.02880585193634
86.51008868217468,105.30391132831573
44.60599327087402,138.06100672483444
468.4418724179268,182.4471275806427
913.7597556710243,200.72224432229996
80.9108094573021,93.79319053888321
78.4506910443306,85.21630895137787
78.63856446743011,84.54643553495407
77.62343555688858,85.1545644402504
80.99630290269852,88.65269708633423
78.25717508792877,85.01982492208481
150.46404892206192,161.92495107650757
582.7819302082062,190.53306978940964
1033.6178023815155,204.16019761562347
78.26867312192917,85.34332686662674
78.08654421567917,84.72845578193665
78.90341311693192,83.80058687925339
96.59228432178497,75.685715675354
78.72418415546417,85.38681584596634
45.782055139541626,86.10694485902786
317.78493243455887,190.974067568779
787.9358212351799,220.04517877101898
82.84572285413742,101.39427715539932
690.3116147518158,189.35438525676727
1144.6104889512062,205.0005110502243
81.39135491847992,86.5346450805664
81.67223399877548,84.54976600408554
80.26711702346802,92.64088296890259
46.97399437427521,179.06300562620163
80.32787209749222,86.50512790679932
84.25674879550934,73.52125120162964
410.6116378903389,196.31536209583282
847.355552315712,207.47844767570496
82.54343712329865,88.6055628657341
83.1573235988617,84.38067638874054
80.08521628379822,86.26678371429443
79.68109953403473,84.92990046739578
79.33096718788147,86.68703281879425
80.72384822368622,83.53615176677704
127.09573763608932,175.36626237630844
561.709622502327,200.2533774971962
1014.231495320797,211.80550467967987
80.53037852048874,84.4146214723587
81.40325552225113,85.28174448013306
80.70213884115219,84.13086116313934
80.39001631736755,87.09098368883133
77.96689885854721,84.3471011519432
309.694641828537,174.23035818338394
741.2535246014595,209.2464753985405
644.034411251545,764.2815887331963
336.59453761577606,186.33046239614487
55.30142742395401,86.42057257890701
281.601302087307,169.8806979060173
714.4741770625114,205.59982293844223
1165.0320618152618,220.26393818855286
81.71995413303375,85.20604586601257
81.44583171606064,87.64816826581955
81.29971420764923,85.51528578996658
78.52459669113159,85.03040331602097
81.56446593999863,86.17653405666351
59.14134466648102,113.83965533971786
433.2732262611389,195.6337737441063
886.8681129217148,207.7978870868683
77.31600189208984,85.46199810504913
80.67087364196777,87.29312634468079
80.24775111675262,85.10424888134003
78.60262876749039,84.91637122631073
79.73449772596359,85.46950227022171
82.81036841869354,89.15263158082962
198.647238612175,159.352761387825
626.8351219892502,193.8508780002594
1074.0969967246056,213.92100328207016
80.22988438606262,89.01111561059952
79.13876187801361,85.5642381310463
77.234634578228,85.65436542034149
80.75549966096878,85.83650034666061
80.12938326597214,88.9076167345047
363.9681222438812,191.0508777499199
809.5820075273514,212.9919924736023
82.75189054012299,87.08210945129395
744.2907821536064,189.39421784877777
634.7936646938324,773.3363353013992
80.92553627490997,85.62946373224258
83.46641331911087,89.23858666419983
82.33829689025879,85.1427031159401
83.91617852449417,132.52882146835327
80.62205493450165,85.1179450750351
48.346939980983734,146.41206002235413
456.34983080625534,198.11316919326782
904.7787160277367,209.4802839756012
82.57760089635849,85.68139910697937
84.2464849948883,89.88251501321793
84.43436306715012,87.47263693809509
83.3632430434227,88.56175696849823
81.3841215968132,86.65287840366364
79.72100955247879,93.44599044322968
200.92688918113708,158.3691108226776
626.8557762503624,194.21822375059128
1074.8956562876701,213.01134371757507
80.25053262710571,92.54646736383438
80.5314090847969,85.82159090042114
84.53328514099121,89.09671485424042
83.83216363191605,88.27783638238907
78.65004539489746,89.05295461416245
87.87492328882217,91.71807670593262
353.2858148217201,178.82618516683578
789.9546992778778,215.37930071353912
83.2725744843483,87.15342551469803
81.0344507098198,85.31754928827286
82.64732831716537,104.2216717004776
83.98419934511185,90.1648006439209
85.70807385444641,92.93892616033554
82.37795919179916,87.3800408244133
110.65883803367615,146.95216196775436
499.23572301864624,226.65327697992325
35.09060424566269,157.66939574480057
466.44448161125183,203.12851840257645
908.0763650536537,208.36663496494293
81.37624400854111,89.21675598621368
82.56412202119827,89.65787798166275
87.400998711586,90.15500128269196
97.92086458206177,97.87413543462753
83.46073889732361,87.03926110267639
79.83461701869965,87.35038298368454
208.26249223947525,169.32950776815414
648.9873745441437,184.10462546348572
1093.1202555894852,219.78674441576004
84.19713068008423,84.24686932563782
82.20000404119492,91.02199596166611
81.03588545322418,86.81611454486847
82.16876477003098,87.85023522377014
79.61564028263092,87.97735971212387
63.24751818180084,65.88148182630539
380.93542355298996,175.7315764427185
807.2163140773773,204.87668591737747
81.58919948339462,85.2248005270958
77.03607320785522,82.49992680549622
78.29893958568573,83.36806041002274
78.55980932712555,82.51319068670273
80.32268244028091,87.38131755590439
82.21457433700562,86.3974256515503
164.32845735549927,121.67254263162613
499.0904793739319,181.05752062797546
921.64839220047,189.38860780000687
572.5034068822861,45.38559311628342
814.4873963594437,157.364603638649
85.04628050327301,93.93571949005127
89.88220649957657,89.61879348754883
81.99508935213089,87.35591065883636
83.09097391366959,88.57602608203888
83.40785843133926,89.7581415772438
80.89274907112122,87.514250934124
89.39562827348709,96.34537172317505
417.1205824017525,198.52741760015488
809.2536059617996,202.43239402770996
81.44048953056335,88.92951047420502
81.49937218427658,86.51962780952454
79.55725771188736,84.81274229288101
92.15313965082169,87.92086035013199
83.52602523565292,90.9919747710228
82.67692810297012,86.58307188749313
137.40180653333664,135.4321934580803
470.0708274245262,185.22517257928848
861.3698298931122,213.0001701116562
79.9837076663971,89.404292345047
85.02358269691467,89.21741729974747
81.67546743154526,85.50953257083893
84.21535342931747,90.0626465678215
81.5322373509407,85.74476265907288
83.81212091445923,87.18687909841537
171.03805190324783,135.23994809389114
538.0229268670082,217.34807312488556
991.4508825540543,178.6051174402237
509.3427864909172,1083.2682135105133
901.6976694464684,209.7473305463791
83.25562983751297,93.37437015771866
86.62851309776306,86.81548690795898
85.52040213346481,85.22059786319733
82.39329677820206,87.97670322656631
271.97017151117325,113.9748284816742
83.14004582166672,86.89795416593552
173.99492222070694,169.20907777547836
634.5707976818085,138.76220232248306
1032.7036835551262,204.481316447258
80.85457718372345,86.38742280006409
80.76444309949875,86.55055689811707
80.5083178281784,87.58468216657639
82.08419567346573,90.65580433607101
80.49507474899292,86.9309252500534
52.645950853824615,86.54004913568497
358.9808282852173,157.37017172574997
832.2247050404549,130.0532949566841
81.37657856941223,88.05042141675949
81.30445450544357,88.15854549407959
79.41832876205444,85.19267123937607
80.77319943904877,83.74480056762695
79.12807214260101,85.5949278473854
82.64893937110901,86.31406062841415
122.41080993413925,134.51419007778168
583.413683116436,127.32731688022614
1028.8235498666763,162.4174501299858
79.69928520917892,52.800714790821075
115.42515707015991,51.85384291410446
113.11206209659576,63.01693791151047
134.4299572110176,57.756042778491974
144.72885364294052,59.697146356105804
235.00877380371094,169.36022621393204
644.8457155227661,178.72828447818756
131.47761851549149,173.3923814892769
541.5735508799553,209.77844911813736
987.113450884819,184.64554911851883
100.06038081645966,98.12461918592453
101.87731528282166,102.60268473625183
99.54725688695908,100.95174312591553
98.51318293809891,102.33881705999374
101.75711196660995,103.3908880352974
97.92603570222855,97.2219642996788
136.7989531159401,168.31204688549042
559.3758591413498,182.5131408572197
999.5647748708725,226.6392251253128
103.08569931983948,99.76630067825317
101.56962770223618,99.98537230491638
100.16455149650574,103.02044850587845
101.61247557401657,98.88852441310883
106.22541040182114,110.27458959817886
100.69235575199127,102.43764424324036
144.95327806472778,187.50872194766998
561.45722001791,173.59877997636795
988.5151633620262,220.53983664512634
103.53610575199127,99.90889424085617
105.6130428314209,105.92295718193054
102.37498474121094,108.73501527309418
99.692915558815,107.15908443927765
97.3068420290947,104.91615796089172
94.27274346351624,101.83825653791428
144.58964544534683,183.28035455942154
567.445557653904,204.20344233512878
991.8364877700806,220.08951222896576
524.5984087586403,133.32759124040604
366.9168340563774,146.74916595220566
734.2537165284157,221.50528347492218
81.75659757852554,87.31840240955353
80.12947952747345,85.09252047538757
86.63235205411911,88.81164795160294
82.17124497890472,84.73575502634048
81.0081238746643,85.65887612104416
81.4360037446022,93.48999625444412
47.809879779815674,169.91212022304535
514.4967527985573,164.4832472205162
938.0746235847473,210.01837641000748
78.07649505138397,86.45950496196747
77.32039076089859,85.54960924386978
79.7862611413002,85.25073885917664
79.77013522386551,86.4328647851944
78.94001859426498,88.87498140335083
77.83189409971237,86.28010588884354
291.9447636604309,119.61023634672165
693.4666475057602,152.79335248470306
1072.0435388088226,236.14146119356155
100.45344537496567,101.80555462837219
110.28938728570938,108.95161271095276
101.08834934234619,102.61465066671371
104.31432616710663,104.9076738357544
99.55725538730621,104.21974462270737
103.52316731214523,103.38483268022537
224.3960912823677,184.32590872049332
648.8070120215416,222.06398797035217
91.84892326593399,70.63307672739029
95.97980868816376,69.61119133234024
254.68668580055237,294.01631420850754
723.4865711927414,174.6064288020134
1113.6004601120949,218.9925398826599
84.65834653377533,90.23065346479416
84.51323878765106,88.20976120233536
79.58912241458893,92.57687759399414
80.0560017824173,91.07399821281433
77.70587599277496,88.44212400913239
60.4317507147789,86.95724928379059
467.1006238460541,147.8813761472702
893.7145124077797,164.8784875869751
83.66139060258865,87.57960939407349
84.47927922010422,84.00172078609467
84.79905188083649,47.45994812250137
84.02495574951172,60.88304424285889
88.11984372138977,62.36115628480911
134.49272572994232,127.58127427101135
508.92163306474686,201.7443669438362
932.0725826621056,201.96441733837128
104.66755557060242,103.03644442558289
104.80245047807693,110.60454952716827
103.93539524078369,108.52660477161407
109.80934864282608,106.61665135622025
165.9413247704506,62.1516752243042
84.2407049536705,86.90729504823685
84.15059614181519,82.88640385866165
270.84137254953384,114.91762745380402
705.5482597947121,150.74774020910263
1134.939157962799,179.05984205007553
101.3310661315918,69.64993387460709
141.40795904397964,49.61104094982147
146.50386571884155,64.58913427591324
165.43176817893982,57.45623183250427
79.19515937566757,85.00884062051773
81.41904628276825,85.61795371770859
192.6439318060875,124.6520681977272
628.5178183317184,152.24118167161942
1079.705700814724,151.31329917907715
130.07859098911285,33.08840900659561
123.54448938369751,51.288510620594025
119.84337759017944,63.3966224193573
167.60629850625992,69.22770148515701
174.16423416137695,56.16976583003998
99.96316713094711,104.70383286476135
203.13309019804,200.60890978574753
621.8020106554031,218.67998933792114
1055.8229396939278,252.12206029891968
105.10386425256729,113.26613575220108
940.7367946505547,205.26420533657074
107.25673687458038,104.76126313209534
99.64867925643921,107.68432074785233
100.78158360719681,104.9224163889885
107.71050292253494,105.58649706840515
204.1754429936409,180.69455701112747
107.14138168096542,118.59961831569672
84.20032602548599,184.85567396879196
499.9612457752228,212.87175422906876
919.0392034053802,244.7017965912819
166.65214085578918,59.30985915660858
83.02552884817123,87.67747116088867
83.43641883134842,83.97158116102219
81.01330649852753,86.13469350337982
81.84919553995132,85.24380445480347
87.4820836186409,83.70391637086868
91.28097349405289,64.53402650356293
447.61687111854553,163.53112888336182
891.9527823328972,197.1212176680565
113.82567369937897,60.026326298713684
129.21756154298782,63.44943845272064
101.01645159721375,110.96454840898514
101.1674023270607,104.81359767913818
96.85633081197739,102.21866917610168
109.74724382162094,107.40075618028641
63.713165402412415,155.37983459234238
448.9010776877403,223.2279223203659
879.293018758297,231.22598123550415
101.81395524740219,107.20504474639893
758.872885286808,236.18311470746994
101.41181689500809,105.12418311834335
185.7857404947281,52.641259491443634
98.01066207885742,111.08233791589737
102.19759112596512,106.78240889310837
75.79352658987045,158.9654734134674
104.46346884965897,113.75953114032745
167.79942059516907,64.1635794043541
193.33982837200165,177.25217163562775
664.0457104444504,163.324289560318
1106.4935946464539,172.02540534734726
86.08847332000732,42.22652667760849
106.12835896015167,43.03864103555679
144.70523804426193,30.49876195192337
131.44911301136017,51.106886982917786
148.48799443244934,59.808005571365356
109.75089341402054,105.6941065788269
287.2898562550545,180.76514375209808
306.4609504342079,112.02104955911636
752.5378461480141,126.05415385961533
1149.2627891302109,194.68121087551117
102.56167417764664,39.919325828552246
87.75171536207199,49.656284630298615
84.42407637834549,55.94692361354828
114.78247028589249,60.75452971458435
110.30684924125671,73.04515075683594
80.75767356157303,86.27932643890381
259.70904499292374,118.01295500993729
712.140419125557,153.65558087825775
1119.6467860937119,198.13121390342712
647.8761623501778,146.45783764123917
1074.492530286312,184.76646971702576
76.79589426517487,83.94610571861267
78.11626154184341,88.66173845529556
76.4746265411377,86.1183734536171
83.53599774837494,60.186002254486084
79.67246609926224,88.47653388977051
78.39984983205795,87.58115017414093
360.795223236084,108.57477676868439
788.9495928883553,115.92040711641312
1171.5119654536247,227.26603454351425
317.76277869939804,152.01622128486633
746.564159989357,193.80584001541138
1174.9595201015472,237.79947990179062
265.6553457379341,213.0496542453766
720.0127127766609,217.0982872247696
628.0180776119232,737.9439224004745
650.4514583349228,221.77154165506363
1112.3458137512207,234.72818624973297
82.09318536520004,91.4438146352768
81.50655847787857,86.54844152927399
79.97594058513641,83.56105941534042
32.74132227897644,175.77667772769928
84.45169478654861,93.53030520677567
80.12406784296036,55.579932153224945
377.05745363235474,217.42454636096954
825.7478293776512,233.58517062664032
80.25421518087387,87.9127848148346
80.33459228277206,85.07240772247314
77.21097493171692,87.03002506494522
76.64333701133728,85.35666298866272
75.07569509744644,87.51730489730835
79.89605551958084,85.56594449281693
134.84743070602417,189.44956928491592
565.5568061470985,214.83219385147095
1024.0821660161018,233.01083397865295
75.38352411985397,86.26347589492798
76.61288440227509,85.99811559915543
87.76625561714172,93.60374438762665
81.82865136861801,92.0793486237526
77.46502178907394,86.22097820043564
79.52638983726501,83.32561016082764
303.7917613387108,211.44923865795135
760.0571348667145,221.53486514091492
82.63851177692413,86.13948822021484
78.9218899011612,83.59711009263992
84.29826873540878,84.66473126411438
79.17564243078232,85.49135756492615
77.82901585102081,88.79998415708542
79.78039628267288,88.4046037197113
44.32377231121063,188.93622767925262
478.79314690828323,214.87385308742523
927.6695348024368,236.6634652018547
400.063923060894,214.936076939106
261.3307818174362,218.2802181839943
711.7631621956825,226.10683780908585
1166.0655417442322,238.08245825767517
82.34991073608398,89.52008926868439
80.15228813886642,84.10771185159683
82.00967162847519,89.00732839107513
78.20204937458038,85.29895061254501
77.93041408061981,85.43958592414856
42.6407807469368,147.78621923923492
445.53614950180054,211.33585047721863
903.3005149960518,242.51348501443863
76.91787749528885,85.54512250423431
78.46123951673508,85.38976049423218
78.15261435508728,90.31038564443588
82.51098698377609,92.97001302242279
82.4983611702919,91.7056388258934
80.52274376153946,85.735256254673
209.73312324285507,178.61887675523758
632.1835033893585,248.9454966187477
1077.838885962963,264.53211402893066
78.19626182317734,85.32173818349838
80.70263648033142,86.74136352539062
81.17201763391495,88.16098237037659
84.17739433050156,91.47060567140579
85.59077298641205,91.1492270231247
336.30754667520523,245.63645333051682
781.0919279456139,269.63107204437256
289.04230439662933,182.23569560050964
706.5486881136894,269.04431188106537
608.7590636610985,784.0749363303185
78.35743790864944,88.25356209278107
80.84480649232864,86.5991935133934
81.46217757463455,86.20482242107391
80.7275538444519,89.21644616127014
81.8449267745018,88.11707323789597
44.000306725502014,143.9076932668686
464.7096943259239,193.0123056769371
922.9380759596825,190.98792403936386
77.88844835758209,87.64855164289474
77.85781770944595,84.75318229198456
77.3271843791008,87.11781561374664
78.53754836320877,85.333451628685
96.06191968917847,86.1970803141594
79.40150910615921,90.94949090480804
109.72288727760315,197.3331127166748
547.4882651567459,237.36373484134674
1129.3466377854347,89.52436220645905
79.0380067229271,86.44399327039719
81.34038478136063,87.03061521053314
83.97675949335098,88.04224050045013
80.46314877271652,87.12885123491287
82.59952867031097,88.12247133255005
87.47591197490692,95.50508803129196
256.5753133893013,233.35068660974503
698.6366930603981,249.41930693387985
338.124065220356,1027.8939347863197
673.8524374365807,167.0915625691414
1087.1917997598648,229.0112002491951
81.73517709970474,89.68982291221619
80.85356020927429,84.07243978977203
79.65494644641876,86.58505356311798
82.84732687473297,54.09767311811447
85.22371077537537,84.79528921842575
83.71110790967941,156.12189209461212
398.14349126815796,177.09650874137878
789.8528739213943,248.44312608242035
81.3042568564415,87.4917431473732
81.3466408252716,84.0593591928482
82.15002834796906,39.92397165298462
80.86042076349258,85.60357922315598
78.31079828739166,85.09620171785355
135.08253926038742,243.10246074199677
501.6629102230072,223.00408977270126
947.4282755851746,225.9237244129181
75.50864404439926,86.1583559513092
78.60700225830078,87.15199774503708
78.98337572813034,87.20062428712845
79.58275091648102,86.71424907445908
79.68112605810165,84.76287394762039
82.92852056026459,89.33047944307327
288.9159049987793,309.71409499645233
674.9222742915154,321.2997257113457
1120.8546560406685,226.07134395837784
78.71203017234802,84.99096983671188
80.16340231895447,84.22559767961502
79.26178032159805,83.34921967983246
78.41615575551987,86.7498442530632
82.01553171873093,90.54046827554703
83.24390780925751,100.21909219026566
443.2683115005493,167.30468851327896
877.3677377104759,183.9472622871399
334.31819236278534,141.5158076286316
753.4356076717377,178.5453923344612
1115.0710458159447,263.94695419073105
81.3924732208252,85.9965267777443
84.10286736488342,66.25013262033463
63.59026920795441,67.8167307972908
80.0777536034584,81.77424639463425
81.1211428642273,85.6748571395874
83.92371648550034,87.02028352022171
269.30110800266266,182.82889199256897
679.121544957161,231.89645504951477
1048.165022969246,268.48297703266144
80.35639095306396,86.73660904169083
101.56577223539352,68.9522277712822
83.60914433002472,89.57585567235947
80.07954752445221,88.16145247220993
83.2699322104454,90.47006779909134
36.98031789064407,115.22368210554123
326.83871084451675,218.75428915023804
802.9560989737511,207.0999010205269
103.70249289274216,65.98250710964203
121.7279281616211,62.884071826934814
138.64132088422775,50.69267910718918
126.59171229600906,73.70428770780563
80.24655616283417,85.58644384145737
82.62399435043335,89.17300564050674
80.72239017486572,84.31460982561111
238.1917771100998,194.97522288560867
691.3081729412079,212.65482705831528
190.29656165838242,159.1104383468628
617.3769715428352,190.84602844715118
1063.2343538999557,189.7096461057663
171.07473623752594,64.31426376104355
80.63663947582245,88.93736052513123
79.829010784626,89.98598921298981
86.92738395929337,86.77661603689194
87.32175993919373,90.25224006175995
84.08814233541489,56.3008576631546
130.704529941082,160.12847006320953
568.1369231343269,174.41807687282562
1010.5143204331398,171.800679564476
136.4827203154564,65.73927968740463
112.28514158725739,75.34485840797424
133.1815351843834,73.52246481180191
79.74336969852448,89.21963030099869
77.76774263381958,84.67725735902786
103.53946256637573,158.46053743362427
542.4348320960999,158.93616789579391
958.4962296485901,220.0037703514099
101.74363273382187,75.3313672542572
138.15702271461487,73.08297729492188
86.31185758113861,92.42914241552353
85.78124910593033,89.08875089883804
83.8056526184082,89.95434737205505
79.5350387096405,88.39196127653122
39.57843816280365,159.21856182813644
454.6948221921921,201.32317781448364
866.942231297493,211.05776870250702
370.24460422992706,197.20039576292038
819.0469866991043,177.52701330184937
146.70137494802475,69.68762505054474
151.5957755446434,70.38522446155548
78.9916689991951,84.2123309969902
77.7940446138382,88.07595539093018
77.1894319653511,87.58856803178787
88.43679761886597,49.897202372550964
109.9611679315567,49.92783206701279
363.31954777240753,134.27345222234726
780.6959315538406,177.3410684466362
1216.017356455326,209.24164354801178
253.3982057571411,227.87979423999786
686.607584476471,271.00441551208496
1140.9089658856392,280.2750341296196
85.26734501123428,85.62065500020981
81.08872365951538,84.91127634048462
80.07610636949539,88.97889363765717
80.93448561429977,87.17651438713074
82.79286193847656,87.50313806533813
67.22523438930511,253.34976559877396
414.4166076183319,242.67539238929749
849.8109955787659,252.92900443077087
429.9473806619644,131.6646193265915
769.8047607541084,254.84223926067352
80.8301328420639,91.70786720514297
83.59551239013672,88.20048761367798
78.93489915132523,88.32310086488724
80.49729895591736,87.63270103931427
78.85467267036438,90.97832733392715
84.93504643440247,185.7309535741806
84.08942371606827,292.92957627773285
519.9658023715019,192.92319762706757
928.824180662632,268.11981934309006
77.25654619932175,86.09445381164551
79.41093283891678,82.55206716060638
78.60230332612991,88.65669667720795
78.27567499876022,88.09532499313354
76.7070426940918,88.32995730638504
82.45472061634064,87.52727937698364
158.0170914530754,292.48390853405
616.0044570565224,181.55154293775558
997.6208389401436,269.82316106557846
80.42422664165497,84.85277336835861
82.17160558700562,83.49539440870285
80.4370122551918,87.28598773479462
83.01641869544983,87.18658131361008
83.20781224966049,89.58718776702881
81.97449463605881,87.74850535392761
214.4248675107956,241.39013248682022
644.5042432546616,148.17975676059723
1007.6036246418953,268.5813753604889
78.51800018548965,85.14899981021881
955.5233734250069,231.17962658405304
78.6957488656044,87.34025114774704
80.68412464857101,84.70487534999847
80.4685006737709,86.34649932384491
56.788866102695465,120.78413391113281
375.3322440981865,134.07475590705872
81.57993733882904,87.30906265974045
154.71530544757843,177.46869456768036
609.1656741499901,206.7043258547783
998.988043487072,261.77195650339127
82.10442280769348,85.33957719802856
81.0558032989502,85.55619668960571
83.63618141412735,88.32681858539581
83.40057200193405,88.2474279999733
79.11195343732834,89.01904654502869
81.72932344675064,89.40067654848099
400.10569459199905,214.28330540657043
860.0740560293198,93.64794397354126
621.3394199609756,756.9745800495148
76.21683484315872,85.32116514444351
78.14820092916489,87.98179906606674
78.39557468891144,85.53042531013489
78.14194750785828,86.15305250883102
77.8523234128952,91.8516765832901
120.98769164085388,214.73430836200714
539.217051923275,253.43194806575775
589.9274197220802,500.3135802745819
79.19183844327927,100.53016155958176
74.56820279359818,86.89379721879959
77.5005573630333,87.07244265079498
79.13692682981491,86.975073158741
80.3462969660759,86.48670303821564
85.85381215810776,87.68418782949448
717.624564409256,394.5784355998039
119.40794360637665,171.66505640745163
520.1933324933052,182.9186674952507
940.0137290358543,252.70827096700668
91.05713301897049,89.27586698532104
83.98954713344574,87.32545286417007
85.95895075798035,89.04104924201965
83.1873449087143,86.35065507888794
86.00874000787735,87.77025997638702
80.84813594818115,87.15186405181885
202.61351591348648,170.09048408269882
637.4159091711044,184.06609082221985
1023.6812996864319,265.3737003207207
83.20568513870239,86.8873148560524
81.43407952785492,87.2879204750061
83.68146985769272,88.67053014039993
83.20588213205338,86.5711178779602
83.49026608467102,44.028733909130096
100.36665320396423,59.72534680366516
296.29904359579086,189.92395639419556
744.0834346413612,212.32456535100937
1133.218853712082,267.55814629793167
102.18730795383453,105.21869206428528
99.74973529577255,103.08326470851898
163.16417253017426,64.00282746553421
59.35607308149338,66.69992691278458
71.86242979764938,62.378570199012756
70.25678277015686,64.07621723413467
174.17122668027878,170.9027733206749
635.2886425852776,136.82335740327835
87.53508830070496,143.20591169595718
497.2265352010727,179.2554647922516
844.9370784759521,189.69292151927948
78.46154606342316,87.22345393896103
68.07896399497986,65.90203601121902
99.23334294557571,84.26665705442429
100.20277810096741,85.35222190618515
79.28326898813248,86.2917309999466
102.41865181922913,85.58034819364548
68.90714478492737,63.07485520839691
400.3575630784035,178.19843691587448
836.5489920973778,169.0250079035759
82.66542476415634,86.88957524299622
92.30285823345184,87.90114176273346
87.4742733836174,90.6167266368866
82.1296728849411,88.0743271112442
86.82007110118866,88.30892890691757
82.91947168111801,37.914528369903564
117.7228672504425,60.40713274478912
386.96940702199936,156.32659298181534
795.6608546376228,205.2831453680992
1165.7603028416634,267.9066971540451
81.71070432662964,88.60429567098618
83.80909705162048,41.15390294790268
84.48251169919968,46.92548829317093
84.19193261861801,55.2150673866272
89.90232974290848,65.56067025661469
78.75980800390244,58.40619200468063
291.21150666475296,168.10349333286285
720.2919355630875,176.15206444263458
173.70537662506104,173.18262338638306
585.1008989810944,140.047101020813
998.8663368821144,161.8376631140709
81.94679778814316,95.36820220947266
84.45219218730927,89.2138078212738
82.69957959651947,93.89342039823532
80.35400265455246,87.68299734592438
105.52738165855408,88.49061834812164
96.0148286819458,80.17017132043839
172.0402268767357,141.36777311563492
525.2318333387375,149.0651666522026
966.941280066967,174.44771993160248
81.78168058395386,88.16331940889359
77.93608754873276,89.56491243839264
101.79347085952759,88.0035291314125
83.1699081659317,95.55209183692932
103.71337348222733,84.32362651824951
77.72017347812653,87.5018265247345
76.02254313230515,44.847456872463226
464.67691671848297,128.26708328723907
889.5902991294861,174.797700881958
82.41167151927948,93.12532848119736
78.45504105091095,90.6929589509964
618.8684419393539,820.556558072567
79.11582988500595,87.84717011451721
84.103196144104,54.11880385875702
82.66458076238632,38.11241924762726
108.42997246980667,188.18002754449844
543.9923602938652,221.19263970851898
117.79474240541458,78.35325759649277
470.28213369846344,210.10586631298065
908.3075593709946,216.30444061756134
101.59095412492752,114.81604588031769
96.8754073381424,103.1245926618576
101.4558562040329,110.87814378738403
94.14728313684464,106.16671687364578
103.39470970630646,100.73529028892517
100.80814146995544,108.48785853385925
59.85056573152542,143.1664342880249
402.5429902076721,250.14300978183746
827.6784425377846,262.26555746793747
99.49989748001099,114.22210252285004
104.15434241294861,114.0496575832367
133.14279228448868,78.3392077088356
89.3896701335907,97.66532987356186
110.89610731601715,88.80789268016815
86.9954971075058,98.41250288486481
86.46389657258987,93.12810343503952
260.84130823612213,212.14069175720215
302.21880489587784,175.44819509983063
666.317242026329,242.99775797128677
1071.0646852850914,256.1573147177696
80.33007162809372,90.0959283709526
1107.6694520711899,127.88654792308807
78.00883120298386,86.76916879415512
79.2002078294754,86.57779216766357
84.44758635759354,90.46041363477707
199.2129905819893,87.01000940799713
259.2566645145416,172.50333547592163
78.33711212873459,86.42288786172867
188.58348143100739,156.74951857328415
662.219852566719,154.2251474261284
1009.2252266407013,270.1627733707428
79.69561225175858,86.8793877363205
77.58997923135757,89.94702076911926
74.89234113693237,89.86665886640549
74.17670404911041,84.4352959394455
75.88706964254379,89.55793035030365
84.67043554782867,93.29256445169449
390.99179804325104,178.61920195817947
794.1091824769974,219.83581751585007
1195.8186076283455,253.71839237213135
250.12456035614014,225.616439640522
721.5379326343536,194.46206736564636
1139.7303010821342,255.43669891357422
78.01366776227951,90.24533224105835
1076.3720298409462,234.16497015953064
79.93440389633179,100.64059609174728
79.58777892589569,97.61522108316422
29.298153698444366,89.75784629583359
41.933523416519165,159.76947659254074
511.51390194892883,147.39309805631638
86.68728166818619,55.10871833562851
390.39666414260864,198.6393358707428
884.3850305080414,174.42996948957443
79.44640702009201,102.77559298276901
76.13777512311935,87.78722488880157
77.07014214992523,85.37485784292221
80.42852026224136,90.99847972393036
77.4159072637558,88.15809273719788
77.88427799940109,89.85572201013565
136.18764919042587,176.96035081148148
591.8420114517212,220.89898854494095
986.0333736538887,255.68862634897232
78.13175225257874,84.68224775791168
80.82412868738174,84.5278713107109
87.38550645112991,88.2254935503006
76.81790298223495,85.25609701871872
80.9352730512619,88.89772695302963
303.33602702617645,183.70097297430038
764.1764090061188,164.694590985775
1148.0897795557976,261.94722044467926
77.28116500377655,87.92283499240875
80.50853359699249,90.82446640729904
77.95990139245987,91.05909860134125
78.04027277231216,88.05272722244263
76.71364283561707,85.91635715961456
70.25700974464417,145.7069902420044
477.05839842557907,211.9226015806198
879.4168378710747,233.157162129879
138.2752267718315,66.6327732205391
794.5036076903343,249.75539231300354
341.7905040383339,144.32149595022202
716.7038806676865,213.6481193304062
1139.858257651329,253.40074235200882
78.9016443490982,86.26535564661026
76.29602533578873,85.68397468328476
76.59839481115341,85.67860519886017
78.25376743078232,84.17223256826401
79.63015693426132,83.90684306621552
85.21053665876389,225.45646333694458
464.51295310258865,308.59804689884186
883.7973287701607,240.2776712179184
80.00669783353806,86.49330216646194
80.29108053445816,87.20891946554184
77.79745727777481,84.99854272603989
76.54483073949814,84.9931692481041
77.95820212364197,84.93179786205292
78.59358638525009,86.94341361522675
185.78495860099792,276.1220414042473
656.1613233089447,302.63467669487
74.98908346891403,85.01091653108597
79.16247230768204,88.70852768421173
82.92786848545074,89.59113150835037
77.6002659201622,89.51073408126831
76.47664326429367,88.81935673952103
76.3350116610527,100.20198833942413
332.2483779788017,180.80662202835083
808.1257431507111,158.68925684690475
324.5021197795868,165.23888021707535
717.249493420124,196.8995065689087
588.1808752417564,729.9311247467995
75.48324656486511,43.22075343132019
82.43461281061172,37.91838717460632
44.44098860025406,71.57801139354706
57.09435993432999,77.42364007234573
54.878737807273865,69.39926218986511
66.01411658525467,111.92988342046738
418.5204980969429,206.35050189495087
878.7858824133873,200.6221175789833
114.23628944158554,52.0037105679512
163.83567160367966,51.46032840013504
142.60108196735382,77.49091804027557
73.07094472646713,78.79905527830124
75.70733428001404,72.88566571474075
91.02772063016891,72.21327936649323
95.71911174058914,34.53988826274872
375.31850147247314,158.49649852514267
778.0648894309998,206.8981105685234
713.2013303041458,704.3726696968079
313.2291491627693,188.9928508400917
715.6795268058777,243.116473197937
613.0558960437775,777.2591039538383
654.1182700395584,242.73372995853424
1098.6806444525719,271.4683555364609
76.9460147023201,92.68398529291153
82.11838012933731,93.54761987924576
80.23576438426971,94.19023561477661
86.77914202213287,176.66585797071457
81.1925203204155,90.64147967100143
45.29090070724487,109.30109930038452
396.92727917432785,202.4247208237648
834.322662293911,240.19633769989014
79.84803926944733,87.9859607219696
78.20441472530365,87.57258528470993
79.9337894320488,90.71521055698395
76.64416843652725,87.55983155965805
76.70453798770905,86.48046201467514
80.00793480873108,85.91806519031525
148.58830606937408,191.6896939277649
563.4086762070656,239.53532379865646
989.490048468113,269.9739515185356
78.14343112707138,86.55956888198853
76.31680172681808,87.7761982679367
82.73117703199387,87.2318229675293
75.82956743240356,86.70843255519867
75.61293631792068,87.88706368207932
36.34230178594589,91.82569819688797
295.6446744799614,206.48532551527023
729.6500524282455,246.55294758081436
1158.434440433979,264.009559571743
76.47781550884247,86.67018449306488
1085.983184158802,299.2188158631325
75.19455146789551,88.82444852590561
78.7929236292839,88.35507637262344
77.42929863929749,90.57170134782791
81.43466603755951,140.54733395576477
468.3490427136421,224.70695728063583
50.35441493988037,116.94158506393433
436.15679067373276,187.8062093257904
862.6821674704552,232.46583253145218
76.70653998851776,89.27446001768112
81.02791428565979,89.065085709095
78.59028166532516,92.40971833467484
77.74465721845627,85.60734277963638
77.52802979946136,85.26897019147873
171.02177411317825,174.90422588586807
599.305157661438,206.74984234571457
1035.385582268238,204.91041773557663
107.18901681900024,67.42198318243027
136.38040524721146,56.823594748973846
148.44180113077164,73.81719887256622
82.80067783594131,89.44032216072083
82.973104596138,89.85989540815353
82.14651322364807,88.35348677635193
106.28292381763458,106.53207617998123
411.2704381942749,207.39656180143356
795.6289888620377,216.76101112365723
1172.930426299572,270.9395737051964
79.918925344944,86.98807466030121
100.55532002449036,1151.3156799674034
83.95074313879013,85.6802568435669
80.58512824773788,87.02487176656723
85.9996086359024,86.16739135980606
190.13501393795013,94.27198606729507
240.71567499637604,201.45132499933243
81.14813113212585,95.9998688697815
129.54352778196335,213.97547221183777
543.8460729718208,199.63592702150345
933.0195052027702,235.74049478769302
71.13597750663757,67.79002249240875
57.75436198711395,72.50463801622391
86.4637741446495,88.31422585248947
80.00717264413834,87.34482735395432
79.06854766607285,89.02345234155655
78.40893238782883,90.1290675997734
1204.0443437695503,53.14065623283386
546.7728768587112,197.98612314462662
1019.5022538900375,205.51774609088898
78.1376284956932,84.02937150001526
77.12506854534149,83.61493146419525
81.94648939371109,89.33151060342789
100.98892146348953,64.73307853937149
75.97735852003098,69.20764148235321
91.68774724006653,59.70225274562836
1004.6191884875298,80.71381151676178
542.5516986250877,206.79930138587952
956.6881347298622,206.3118652701378
82.39758557081223,88.13941442966461
81.14401215314865,84.96598786115646
84.37343519926071,100.29356479644775
84.00902163982391,60.69397836923599
63.756474018096924,67.6695259809494
89.98489224910736,84.03410774469376
89.89829921722412,105.10170078277588
466.81171929836273,194.26228070259094
81.81942445039749,89.1815755367279
252.23181116580963,206.67518883943558
700.1832433342934,173.46475666761398
1045.8747010827065,273.9592989087105
78.28815525770187,86.35984474420547
77.59153670072556,86.81746327877045
79.41193741559982,88.6060625910759
78.88033431768417,88.45266568660736
76.1827050447464,86.909294962883
65.8740736246109,87.32792639732361
344.9004346728325,194.71156531572342
788.609815299511,223.96418470144272
626.8012270331383,763.6427729725838
62.36260312795639,65.15539687871933
88.64696621894836,36.90903377532959
112.35633158683777,49.883668422698975
100.97473043203354,54.970269560813904
131.3141222000122,51.68687778711319
136.28249818086624,103.79150182008743
449.7708895802498,242.56311041116714
297.92689287662506,191.0361071228981
683.8402760624886,259.56672394275665
1126.308663725853,280.6343362927437
675.4090418219566,192.1279581785202
1066.9884299635887,256.9375700354576
81.76657247543335,84.01042753458023
35.049948930740356,146.44905108213425
81.1863322854042,508.75766772031784
78.87770736217499,86.54829263687134
366.8290897011757,203.43091028928757
836.7974628806114,208.1285371184349
647.6008567810059,795.1591432094574
238.64793121814728,188.0380687713623
645.8943486213684,256.0126513838768
1076.6967529058456,261.1362470984459
78.8701308965683,94.38986909389496
78.3765178322792,94.90248215198517
77.67789661884308,88.58110338449478
77.01827466487885,86.94572532176971
79.72765117883682,86.73534882068634
79.78906899690628,39.83993101119995
210.81475031375885,243.31424969434738
640.192179620266,246.90182036161423
1042.42064422369,276.08035576343536
79.44409435987473,88.7779056429863
944.2844840884209,272.9935159087181
80.43886715173721,90.5791328549385
78.07424819469452,86.20275181531906
80.22862929105759,89.2523707151413
78.47620582580566,86.02379417419434
210.53858810663223,223.36941188573837
80.08202344179153,87.52997654676437
107.8654454946518,222.50555449724197
494.4449705481529,236.44302946329117
906.7484022378922,269.6215977668762
79.40284913778305,89.63415086269379
81.11323302984238,91.18376696109772
77.91562110185623,85.52937889099121
82.18100434541702,89.52299565076828
79.68638908863068,88.23861092329025
79.23077344894409,87.14022654294968
148.92115569114685,224.6338443160057
528.649659872055,251.0913401246071
972.5080428719521,273.157957136631
77.71845787763596,86.37454211711884
83.07583498954773,86.03416502475739
78.19321912527084,89.52878087759018
78.42160034179688,86.67039966583252
79.90998136997223,90.44201862812042
83.67546874284744,87.5655312538147
177.4409042596817,228.8740957379341
601.4473145604134,250.1266854405403
1029.3617315888405,268.6022683978081
79.57117015123367,85.92882984876633
945.7625612020493,247.77443879842758
80.36104786396027,92.74895215034485
79.84943288564682,89.05856710672379
87.5408228635788,88.49617713689804
83.1202529668808,90.24874705076218
309.5716502070427,123.35434979200363
170.76302552223206,66.86597448587418
136.0844002366066,218.5085997581482
570.6647801399231,247.66821986436844
1014.3561616539955,265.01483833789825
79.76955437660217,87.54544562101364
85.12694001197815,90.59406000375748
79.15232390165329,87.68067610263824
78.2517209649086,89.4522790312767
79.68309879302979,89.11290121078491
52.78147357702255,150.38452643156052
271.88085091114044,240.37814909219742
707.7382373213768,263.0757626891136
1166.9486166238785,268.56938338279724
227.77349853515625,241.85650146007538
677.2988765239716,274.62812346220016
1133.2672571539879,263.6957428455353
80.16263592243195,87.50436407327652
80.52101230621338,88.38698768615723
82.60139989852905,88.02860009670258
77.64378196001053,88.04121804237366
79.09415739774704,88.6458426117897
67.4905543923378,126.17744559049606
363.7549788951874,247.9110211133957
803.8363637328148,264.534636259079
280.73174369335175,255.08425629138947
728.8491232395172,268.41087675094604
647.0585045218468,774.2934954762459
274.58635795116425,238.3576420545578
703.6297380328178,265.4252619743347
1157.2101258039474,278.28987419605255
83.21650511026382,92.6174948811531
82.18588262796402,94.29611736536026
81.84026253223419,90.27073746919632
79.93864023685455,87.93235975503922
80.88901603221893,90.20298397541046
112.72939360141754,107.08660638332367
424.88276493549347,260.9682350754738
874.5191490650177,267.9068509340286
80.09953624010086,92.38146376609802
90.6429249048233,98.59807509183884
84.35235178470612,94.36964821815491
79.82173478603363,88.75226521492004
94.828140437603,99.15385955572128
81.16858834028244,90.64741164445877
91.54496943950653,233.6960305571556
527.6803415417671,258.3196584582329
978.4827080965042,276.146291911602
459.0260826945305,257.91791731119156
911.0694525241852,273.9305474758148
86.55683070421219,89.5361692905426
80.76723343133926,89.67776656150818
81.19960951805115,87.46739047765732
41.816983580589294,87.94301640987396
79.24836909770966,92.0106309056282
83.56973683834076,92.83826315402985
188.96511727571487,231.77588272094727
620.3224891424179,267.658510863781
1074.3668602108955,278.41213977336884
77.53923970460892,88.96076029539108
81.2116129398346,92.34438705444336
78.90299254655838,88.26400744915009
81.595368206501,88.05363178253174
81.4527417421341,87.75125825405121
70.53315508365631,58.59684491157532
328.4655302166939,256.4054697751999
781.619899213314,273.10310077667236
81.84727108478546,94.67072892189026
76.44764810800552,90.53435188531876
78.32401406764984,91.10198593139648
77.12638920545578,86.20661079883575
81.50176680088043,89.84923321008682
81.2121519446373,88.63884806632996
66.64453649520874,235.35546350479126
497.33591771125793,267.1080822944641
962.1393012404442,258.58269876241684
80.14469051361084,91.42930948734283
80.05807584524155,91.0899241566658
81.37945401668549,90.19454598426819
81.33084571361542,87.05815428495407
80.20723044872284,89.97876954078674
78.97160696983337,91.78739303350449
207.75599896907806,244.0030010342598
33.83637398481369,835.5716260671616
142.73174291849136,243.87925708293915
579.0531188845634,265.94688111543655
1028.5034954547882,280.2185045480728
82.82488173246384,89.32311826944351
79.96126735210419,90.40973263978958
79.83764159679413,91.25535839796066
79.71301656961441,90.4899834394455
83.25739753246307,94.40960246324539
280.95516377687454,273.34083622694016
729.9985414743423,276.9644585251808
627.9119210839272,846.9590789079666
78.19631463289261,88.39668536186218
82.25769686698914,93.70530313253403
82.4480831027031,89.99591690301895
79.84347426891327,87.87852573394775
78.62885367870331,89.11314630508423
80.52222907543182,156.6067709326744
429.80659931898117,274.3774006962776
876.1839905381203,287.0940094590187
79.17137533426285,93.69862467050552
80.86275535821915,92.22924464941025
78.81313401460648,89.66786599159241
128.09751385450363,60.16148614883423
84.28889697790146,89.43310302495956
83.09128803014755,90.59471195936203
155.31967628002167,242.01332372426987
581.3440557718277,271.32194423675537
1027.0914365053177,286.204563498497
502.4318130016327,274.5681869983673
952.5491924285889,284.87680757045746
81.99957257509232,89.53742742538452
79.1349583864212,88.10604161024094
77.90034079551697,89.37665921449661
80.30210041999817,88.38389956951141
80.49348402023315,87.2665159702301
206.42486375570297,266.11113625764847
649.8942477107048,278.06875228881836
1112.6046234965324,278.7103765010834
78.22200417518616,89.44499582052231
78.50638997554779,88.97561001777649
78.2527716755867,86.96922832727432
78.88815301656723,89.31484699249268
75.8765361905098,87.54946380853653
76.99390578269958,157.4880942106247
182.6857978105545,242.88820219039917
626.0431663990021,269.2338336110115
1076.753529548645,287.22847044467926
79.29689007997513,89.77710992097855
74.69225591421127,87.28874409198761
78.27262061834335,89.46837937831879
80.83399879932404,91.51800119876862
77.82237374782562,89.84462624788284
59.179745614528656,107.3752543926239
366.85311871767044,263.091881275177
811.9885014891624,277.32649850845337
547.4208825826645,967.468117415905
731.7412696480751,281.33273035287857
630.5816570520401,838.5663429498672
79.58804816007614,88.89395183324814
80.05642926692963,90.75757074356079
77.02581179141998,87.32618820667267
75.81018930673599,243.09681069850922
76.72357159852982,88.05342841148376
78.48894679546356,172.34405320882797
438.9213169813156,270.9116830229759
917.649694442749,264.60930556058884
78.39709585905075,89.78890413045883
78.16247779130936,88.85652220249176
77.85286039113998,85.96013963222504
78.43423968553543,86.64076030254364
80.31062293052673,92.26337707042694
77.0940078496933,90.88699215650558
153.02638119459152,249.25061881542206
599.5327607989311,254.05923920869827
1039.9651432037354,283.8678568005562
75.02752012014389,93.67647987604141
79.90388971567154,90.24411028623581
74.35526365041733,89.38573634624481
75.58263009786606,89.50936990976334
76.70002627372742,91.35597372055054
57.910390079021454,61.53460991382599
336.6567583680153,263.28824162483215
880.6261386871338,161.09586131572723
83.81752198934555,98.01547801494598
75.06489986181259,88.88010013103485
74.33027184009552,89.87372815608978
77.98365515470505,93.03334486484528
77.21304678916931,91.52795320749283
79.55242872238159,94.15057128667831
45.409805715084076,245.51619428396225
472.43518829345703,275.1758117079735
913.5155681967735,285.44743180274963
413.7439448237419,252.9780551791191
837.0273348689079,285.23166513442993
76.53370940685272,91.07629060745239
77.2440904378891,89.29290956258774
78.01047086715698,89.02752912044525
78.40513861179352,91.39086139202118
79.4295237660408,90.03247624635696
74.97290569543839,92.87809431552887
28.479273319244385,227.7987266778946
445.985644698143,277.4223552942276
894.1210181713104,280.95298182964325
77.905408680439,91.66859132051468
77.2077928185463,86.23620718717575
77.7701718211174,87.45282816886902
76.83155298233032,86.94544702768326
79.30093640089035,91.7550635933876
78.43744772672653,91.3965522646904
154.66482996940613,208.52017003297806
548.9862007498741,274.1057992577553
999.1405749320984,286.3784250617027
76.31295096874237,87.46404904127121
79.04232329130173,87.18067669868469
81.5857048034668,88.19329518079758
80.10910958051682,91.51989042758942
79.93049800395966,88.27250200510025
32.399880051612854,153.87711995840073
262.9622555375099,253.09374445676804
741.3206357955933,247.29136419296265
1149.6230250597,287.9879749417305
760.8884001374245,159.42659986019135
1075.339789032936,287.32821094989777
75.62316733598709,95.2668326497078
75.87053835391998,87.85246163606644
75.37591248750687,92.2900875210762
63.34528750181198,280.87671250104904
78.22166353464127,90.01933646202087
90.08006072044373,178.03193926811218
366.8274407982826,245.61755919456482
795.92582654953,265.3151734471321
75.52421098947525,92.54878902435303
76.21558964252472,87.5064103603363
74.8149619102478,89.01803809404373
75.50633561611176,88.49366438388824
76.23471641540527,89.67328357696533
82.18509757518768,86.98090243339539
522.7908645868301,243.37613540887833
985.9822416305542,239.25875836610794
77.09961980581284,86.30838018655777
75.90099322795868,85.09800678491592
77.33336842060089,86.11063158512115
77.22874784469604,86.97425216436386
78.80913013219833,87.98686987161636
77.29651027917862,93.31448972225189
261.28389316797256,223.73310685157776
707.9762833118439,244.2087166905403
1108.3346564769745,288.09234350919724
75.21103686094284,89.71496313810349
74.9574099779129,87.5415900349617
75.42678225040436,89.5362177491188
72.78515470027924,88.88184529542923
72.80954855680466,88.37545144557953
94.05692797899246,133.42507201433182
893.735779106617,174.98622089624405
316.66815823316574,311.8508417606354
763.8595295548439,235.9554704427719
621.4208996295929,789.7271003723145
74.24230915307999,87.25769084692001
74.6006772518158,85.25132274627686
74.62505179643631,89.3739482164383
74.52042543888092,93.12757456302643
72.95278996229172,88.84421002864838
94.19915097951889,157.6888490319252
505.909517288208,216.8864827156067
980.434889793396,205.69611018896103
85.06926494836807,71.26373505592346
91.85363531112671,54.53436470031738
96.45300823450089,56.58399176597595
122.77439647912979,42.485603511333466
124.16877555847168,62.23822444677353
74.43414968252182,71.19585031270981
156.99654525518417,242.6894547343254
570.5029745101929,308.5530254840851
1003.730409681797,265.75059032440186
175.64483672380447,57.44716328382492
95.09526085853577,111.29273915290833
88.97173535823822,102.93526464700699
99.31216734647751,110.05783265829086
168.63261115550995,68.5153888463974
79.9735347032547,99.36046528816223
81.62691497802734,136.05808502435684
460.57829773426056,214.03270226716995
883.1206794381142,235.91532057523727
349.9790618419647,233.57593816518784
777.0034529566765,219.7925470471382
87.56583535671234,70.50816464424133
87.96130573749542,50.63169425725937
65.37571614980698,70.58828383684158
106.23311138153076,68.9338886141777
105.51651895046234,73.68648105859756
110.70790755748749,73.75509244203568
107.39932072162628,91.7856792807579
324.9798080921173,305.5381919145584
756.5982364416122,290.71676355600357
770.1776503324509,834.9513496756554
103.27711117267609,115.57488882541656
114.59857016801834,110.75342983007431
169.25207728147507,78.80292272567749
54.740994691848755,80.25900530815125
60.22837573289871,74.34562426805496
100.21576833724976,44.06223165988922
196.07417690753937,199.7038230895996
625.5255632400513,240.4384367465973
1034.8459615707397,276.525038421154
209.48136430978775,39.462635695934296
99.70982050895691,106.64117950201035
95.05027467012405,102.67272531986237
100.55573546886444,113.7772645354271
96.1922168135643,97.25178319215775
105.66166883707047,118.505331158638
93.70409971475601,256.1099002957344
277.9903143644333,343.76968562602997
80.12569177150726,109.09630823135376
223.02107328176498,334.79392671585083
622.4344488978386,255.10255110263824
1068.1628297567368,260.4491702914238
76.6375806927681,68.02841931581497
88.01494467258453,71.68905532360077
93.70632314682007,73.23867684602737
136.286722779274,66.06527721881866
149.71913987398148,71.3548601269722
164.8180347084999,190.82996529340744
578.0094221830368,232.97157782316208
1019.4608181715012,218.16918182373047
77.8742008805275,37.18079912662506
82.26858150959015,63.00841850042343
87.94195663928986,65.67004334926605
111.65135395526886,62.458646059036255
144.32474410533905,73.58325588703156
120.75617688894272,71.74282312393188
233.39260476827621,212.3293952345848
623.2691441178322,200.93385589122772
1027.4606657028198,240.44633430242538
131.5410451889038,56.92095482349396
134.88142865896225,78.63757133483887
163.92482817173004,75.03817182779312
113.0047516822815,77.42024832963943
69.36322146654129,71.0247785449028
67.3326073884964,70.89039260149002
84.56097859144211,123.30902141332626
460.15935868024826,231.8026413321495
66.46175146102905,82.01924854516983
385.72811657190323,237.14288341999054
857.4385030269623,334.9694969654083
129.01790815591812,72.05609184503555
109.04332560300827,82.27167439460754
136.6607351899147,73.19226479530334
76.96357905864716,72.8884209394455
64.63598442077637,73.91901558637619
74.9943790435791,59.89462095499039
334.6361665725708,209.58583343029022
737.8655441999435,392.0614557862282
1172.018965601921,262.22103440761566
174.2663472890854,50.807652711868286
132.16174215078354,68.91225785017014
79.85358607769012,91.66541391611099
81.61898583173752,88.54801416397095
79.68138533830643,88.6526146531105
80.42778199911118,88.61021798849106
224.8041746020317,227.02982538938522
675.4765651226044,229.9864348769188
1101.371949315071,269.6460506916046
104.58234667778015,68.65865331888199
1016.125747025013,303.5592529773712
98.22415864467621,107.90484136343002
90.54559415578842,99.95440584421158
90.84801906347275,105.76298093795776
92.87242245674133,101.38557755947113
218.15682977437973,285.60217022895813
90.97726535797119,107.87373465299606
128.92868518829346,265.5343148112297
538.3981288075447,289.97287118434906
981.5705560445786,305.44844394922256
105.26197952032089,106.51502048969269
99.62041229009628,115.10158771276474
102.34884494543076,106.35515505075455
99.98529869318008,106.05170130729675
144.4537456035614,67.7492544054985
77.94260811805725,90.79839187860489
45.207996129989624,154.922003865242
432.5653773546219,231.45262265205383
840.0537645220757,286.6122354865074
77.72616451978683,51.27283549308777
80.86255168914795,58.91544830799103
65.60994899272919,72.02105098962784
101.87434166669846,71.71665835380554
114.80773442983627,68.02626556158066
102.23915034532547,107.38984966278076
104.26360946893692,169.3473905324936
420.178062081337,285.13693791627884
844.9625096321106,277.89049035310745
98.74595123529434,105.47604876756668
94.99239903688431,100.96960097551346
1152.7958334088326,279.0561665892601
105.50526440143585,103.0497356057167
94.86369794607162,102.45030206441879
91.94411659240723,105.42588341236115
99.09853512048721,139.47546488046646
386.5309777855873,284.4690222144127
93.12941914796829,100.29558086395264
279.7838352918625,272.66016471385956
705.6422571539879,301.69174283742905
1143.647684454918,256.4633155465126
107.02512639760971,104.41887360811234
96.8825494647026,108.50545054674149
91.1669699549675,106.66603004932404
90.80238038301468,108.60461962223053
102.58779138326645,108.33920860290527
59.685249745845795,109.14775025844574
269.6006858944893,279.9733141064644
681.1061208248138,331.7458791732788
1165.7235590219498,279.48044097423553
288.7524183392525,215.8225816488266
658.1657899022102,263.6492100954056
1113.9501618146896,304.5688381791115
79.01153689622879,90.47046309709549
1043.0729188919067,274.2780811190605
72.11629557609558,88.67970442771912
75.02966094017029,92.58133906126022
77.703040599823,94.18695938587189
49.35740947723389,163.68059051036835
377.56679248809814,288.9702075123787
79.33316570520401,78.63083428144455
376.63554590940475,253.45745408535004
752.6229455471039,295.4330544471741
76.44332057237625,90.88967943191528
77.89469558000565,93.2533044219017
76.27106887102127,92.8029311299324
74.5744418501854,87.14855813980103
74.61681717634201,93.86418282985687
76.99318963289261,93.87681037187576
93.4435515999794,229.01844841241837
488.9879301786423,287.2910698056221
969.9753009676933,277.5616990327835
76.92566877603531,95.70333123207092
78.7280775308609,90.58592247962952
75.82745218276978,89.26554781198502
75.53682714700699,89.25917285680771
74.76620185375214,90.47479814291
76.30857366323471,91.0064263343811
273.2409504055977,240.66704958677292
713.7843335866928,238.38266640901566
1095.142709493637,331.7282904982567
73.29608952999115,89.1479104757309
74.2284609079361,88.43753910064697
72.06882733106613,88.08017265796661
72.68519115447998,89.48080885410309
73.15455251932144,87.97444748878479
55.30891865491867,160.1530813574791
428.7423006296158,262.98069936037064
895.5996730327606,246.19632697105408
74.3280366063118,89.39396339654922
838.4264033436775,244.12959665060043
72.43377023935318,87.62222975492477
71.402135014534,93.81986498832703
72.31550043821335,87.57349956035614
74.00686299800873,93.73413699865341
55.45822811126709,307.3197718858719
95.00159430503845,38.16540569067001
105.26706409454346,222.93693590164185
489.82855159044266,243.0414484143257
917.7419341802597,278.33206582069397
79.6003782749176,45.26962172985077
79.43978470563889,39.689215302467346
85.63118189573288,41.071818113327026
88.84158957004547,56.97341042757034
90.95900493860245,61.37399506568909
119.11242020130157,67.23957979679108
101.85986679792404,226.36213320493698
498.23635971546173,235.44864028692245
936.7248018980026,226.23819810152054
81.30529379844666,52.38070619106293
79.92270654439926,92.65129345655441
85.52110379934311,44.53389620780945
80.65651839971542,69.3614816069603
67.64271461963654,72.06128537654877
68.00938308238983,83.87961691617966
91.19304996728897,177.73395001888275
438.8948046565056,223.82819533348083
832.503605723381,233.27539426088333
634.6122789382935,810.6477210521698
742.7949043512344,241.79809564352036
1149.7915227413177,278.02347725629807
115.40013337135315,71.98786664009094
98.52675366401672,66.52824634313583
114.19138890504837,81.95661109685898
158.28101831674576,101.36698168516159
79.26118540763855,89.66481459140778
76.31479454040527,86.53820544481277
393.14540189504623,51.35559809207916
650.7900190353394,226.4689809679985
151.54525607824326,138.8997439146042
104.20887243747711,54.30912756919861
129.6325136423111,47.664486348629
104.01818400621414,67.53681600093842
114.09081375598907,77.37318623065948
90.19868570566177,89.43131428956985
153.93639355897903,237.8036064505577
619.8610270619392,260.2879729270935
1020.8027116656303,284.30828833580017
84.96733433008194,60.12566566467285
81.55696338415146,51.09103661775589
80.46162205934525,46.22337794303894
89.1622486114502,56.16975140571594
81.9748946428299,63.65410536527634
81.19462656974792,59.230373442173004
216.3412572145462,236.41874277591705
649.3199027180672,264.21709728240967
1060.5765602588654,286.73843973875046
541.1111992001534,247.81480079889297
989.367846429348,276.05815356969833
220.36836045980453,244.7796395421028
642.402980029583,287.8570199608803
1091.9925972819328,297.17440271377563
80.73122447729111,98.60277551412582
78.96985536813736,95.30914461612701
78.1334770321846,89.3665229678154
75.79710149765015,92.20289850234985
76.6467148065567,91.40828520059586
74.53334653377533,220.35565346479416
353.75295758247375,274.84004241228104
787.2875740528107,309.6574259400368
75.56318199634552,90.93681800365448
79.11480110883713,89.38419890403748
74.66941457986832,87.57258540391922
77.98102021217346,93.16697978973389
78.70062673091888,89.50337326526642
69.97632205486298,92.37667793035507
103.56593298912048,356.5260670185089
532.8045489192009,259.32545107603073
950.4501624107361,290.6608375906944
75.63277840614319,91.1642215847969
75.7783989906311,88.09260100126266
77.3500155210495,93.77998447418213
80.14263325929642,88.2633667588234
77.54824948310852,89.58175051212311
82.10096621513367,91.43603378534317
262.0435879230499,316.3084120750427
665.6143040657043,371.4216959476471
97.98298037052155,230.2580196261406
486.146688580513,250.79731142520905
960.8103693127632,187.8926306962967
78.1230406165123,90.41395938396454
75.917664706707,88.82333528995514
75.87827157974243,90.27072840929031
75.54188138246536,90.2171186208725
77.59448897838593,88.9235110282898
79.07310461997986,86.01889538764954
168.68172085285187,243.0962791442871
674.716327548027,229.46867245435715
1033.066936969757,275.67506301403046
78.11955791711807,91.30644208192825
75.87617480754852,88.36482518911362
74.22578698396683,86.79321300983429
77.16739583015442,86.46260416507721
75.88700592517853,88.57599407434464
78.16161686182022,63.523383140563965
393.64125150442123,212.04374849796295
816.7868762016296,245.80612379312515
66.6572305560112,269.26776945590973
474.78392255306244,293.252077460289
866.1526598334312,295.6803401708603
309.7234321832657,278.1655678153038
731.2400971055031,288.42590290308
1165.1447215676308,300.65127843618393
77.93835353851318,87.4506464600563
76.43597704172134,87.04502296447754
81.69265109300613,93.91734892129898
74.58027517795563,89.2537248134613
77.57688570022583,91.460114300251
67.64850270748138,312.2584972977638
487.2941094636917,267.3908905386925
980.1247377991676,195.83826220035553
73.30734479427338,99.32165521383286
72.84195059537888,89.04704940319061
73.22855430841446,89.47544568777084
72.54015755653381,89.8668424487114
74.074756026268,94.35124397277832
82.4613641500473,90.68663585186005
204.71800071001053,230.9109992980957
599.5306273698807,288.2293726205826
1036.8792444467545,318.8987555503845
74.85885322093964,89.6781467795372
73.2454628944397,87.60653710365295
73.61307072639465,89.77592927217484
73.12967854738235,91.18632143735886
74.38530439138412,93.6326956152916
87.58691132068634,77.32008868455887
360.9365220069885,254.06347799301147
786.4151327610016,268.0668672323227
76.94973361492157,91.14326637983322
74.59293335676193,91.48106664419174
72.8855390548706,87.78046095371246
72.23614478111267,88.30185520648956
80.63975286483765,90.36024713516235
101.74938213825226,254.82461786270142
623.0790057778358,212.77199417352676
81.02261918783188,211.33038079738617
494.0202261209488,264.3877738714218
905.6648442149162,305.31715577840805
72.43945783376694,90.83754217624664
74.30806201696396,88.22893798351288
76.2866683602333,89.63933163881302
75.69128203392029,86.2897179722786
76.9849044084549,90.27309560775757
81.40851694345474,93.22048306465149
246.23913246393204,242.46386754512787
942.6447511911392,97.83624881505966
1101.2343599796295,302.43164002895355
75.0099630355835,92.74903696775436
85.71158194541931,98.82641804218292
76.301209628582,59.93979036808014
102.89082193374634,65.51617807149887
84.81443786621094,68.03656214475632
85.05306935310364,106.85393065214157
373.90270310640335,275.6712968945503
783.1033868193626,273.8416131734848
211.45542085170746,301.3035791516304
663.7300288677216,302.78797113895416
554.931647837162,875.1053521633148
606.68825340271,294.6447466015816
1045.1308633089066,311.6101366877556
71.23946750164032,90.6875324845314
71.94006794691086,90.18993204832077
73.86267387866974,92.34032613039017
77.21327835321426,169.26872164011002
74.59888809919357,87.71611189842224
75.80051338672638,99.05248659849167
441.3711141347885,338.18388587236404
824.1657230854034,283.501276910305
73.25533324480057,90.3186667561531
73.88194227218628,87.93205773830414
72.99055218696594,88.47144782543182
71.22915935516357,88.01084065437317
75.92976480722427,87.77323520183563
76.79836863279343,92.47963136434555
200.51798111200333,190.33401888608932
606.9235928058624,249.1144071817398
989.7542039752007,329.875796020031
73.7518122792244,89.63718771934509
75.45241814851761,91.60358184576035
74.17202436923981,89.32797563076019
76.83565992116928,89.90434008836746
75.42627274990082,90.48072725534439
79.73887968063354,92.39112031459808
313.1244916319847,265.0605083703995
786.6221072673798,250.65589272975922
617.8047413229942,834.6762586832047
79.11742514371872,92.62257486581802
80.67105567455292,69.69994431734085
77.87068372964859,77.07331627607346
67.16630434989929,70.8346956372261
72.94092756509781,57.35507243871689
57.54855024814606,168.98744976520538
441.28818291425705,257.32381707429886
900.1738288402557,216.69717115163803
313.39351266622543,270.2364873290062
748.7251953482628,262.29380464553833
1173.9818739891052,281.6671259999275
127.84850680828094,66.37249320745468
150.68014514446259,58.042854845523834
92.86279320716858,99.10020679235458
101.39747315645218,105.23252683877945
99.35717606544495,110.40182393789291
177.74387860298157,103.03412139415741
157.94476228952408,288.98023772239685
523.7955576181412,304.3714423775673
923.7362812161446,298.15171879529953
100.58700901269913,107.85799098014832
97.62066727876663,107.37933272123337
99.5253272652626,107.14067274332047
100.59799462556839,108.6990053653717
136.6326860189438,85.0533139705658
87.74076956510544,77.68423044681549
87.42441093921661,65.8905890583992
350.5140755176544,226.5049244761467
792.1217060089111,272.9142940044403
623.8423384428024,835.7686615586281
80.32096713781357,52.401032865047455
1159.9845995903015,245.8294004201889
114.03822875022888,77.90577125549316
135.25786554813385,87.29713445901871
164.79351496696472,60.87448501586914
76.7166479229927,103.85735207796097
287.02925872802734,220.13774126768112
88.61886984109879,126.88113015890121
228.5244774222374,211.19852256774902
667.0770748257637,262.718925178051
1114.3887031674385,264.64729684591293
133.99738764762878,51.502612352371216
129.69910597801208,45.26389402151108
182.27079886198044,56.22920113801956
151.82343792915344,70.97256207466125
94.32155138254166,72.65944862365723
95.61518567800522,76.01481431722641
67.96480965614319,222.0351903438568
431.14744359254837,299.7235563993454
903.5890910029411,283.98490899801254
79.54971122741699,80.06128877401352
104.04733794927597,63.3226620554924
107.37796235084534,66.1590376496315
128.76458418369293,75.92041581869125
99.87221366167068,122.21978634595871
109.68490105867386,111.55609893798828
46.36859965324402,278.3354003429413
492.27328783273697,267.8757121562958
914.9929513335228,313.34004867076874
99.43464440107346,111.39835560321808
138.69131541252136,67.78968459367752
658.16995626688,833.3850437402725
225.8750255703926,304.623974442482
665.3726328611374,318.66436713933945
1134.1292390823364,323.5007609128952
73.94085109233856,89.13314890861511
74.03145498037338,86.26454502344131
74.01106119155884,96.13793879747391
71.93466591835022,87.26933407783508
75.80226969718933,90.30873030424118
76.70587342977524,203.18212658166885
499.9624813199043,246.9625186920166
880.8310844898224,329.22491550445557
74.06969547271729,99.57830452919006
74.97430044412613,90.93369954824448
75.10092008113861,91.34307992458344
74.48753142356873,91.90146857500076
74.13313966989517,90.92186033725739
80.00175040960312,91.94324958324432
259.7763694524765,218.612630546093
692.4219893217087,244.18901067972183
1070.6046016812325,327.0613983273506
71.08320611715317,91.47179388999939
73.11780738830566,91.90019261837006
71.78141385316849,91.198586165905
71.61302101612091,91.12797898054123
71.96163010597229,93.33336991071701
44.238233625888824,171.37376636266708
409.03185403347015,275.37614595890045
916.5094627141953,227.30453729629517
362.71206879615784,252.7329311966896
765.4126723408699,328.92032766342163
75.13229340314865,111.66370660066605
74.01889765262604,92.66710233688354
77.57150715589523,94.28049284219742
78.32912856340408,93.81887143850327
77.80675250291824,93.58224749565125
75.61937189102173,97.0106281042099
80.76500272750854,234.5859972834587
517.6516263484955,270.3113736510277
924.500247001648,317.146753013134
83.83186930418015,88.18713068962097
80.45851212739944,89.41148787736893
80.04913640022278,91.65486359596252
81.34276896715164,88.62023103237152
80.71039468050003,90.17860531806946
78.04202318191528,90.439976811409
220.96464830636978,220.7203516960144
666.8872743844986,250.49972558021545
1049.4969242811203,309.83607572317123
81.73453444242477,92.45046555995941
79.02917617559433,54.65682381391525
77.87779957056046,99.7692004442215
95.74642151594162,50.73557847738266
119.9100387096405,67.55296128988266
126.64866960048676,67.05533039569855
308.20131146907806,277.3546885251999
225.33025807142258,257.4487419128418
687.9758801460266,249.6361198425293
186.28750413656235,202.37849587202072
586.4701305031776,277.23386949300766
1141.134749174118,177.7172508239746
73.44637078046799,90.81262922286987
73.44399702548981,93.72200298309326
78.88660597801208,96.05839401483536
74.58723485469818,92.56076514720917
74.45495808124542,92.41504192352295
45.934566259384155,96.06643372774124
271.45018512010574,267.62381488084793
716.2998222112656,263.90417778491974
1097.8904439806938,319.8515560030937
49.99806225299835,67.72393774986267
45.53267419338226,72.80032581090927
56.82628643512726,74.85871356725693
65.21290200948715,71.10109800100327
68.98753261566162,63.84546738862991
100.37415939569473,102.84784060716629
350.3909989595413,239.75700104236603
769.6476691961288,255.5933308005333
1135.1263338923454,341.94766610860825
77.23496049642563,61.339039504528046
76.56658160686493,89.63841837644577
81.65523260831833,63.73276740312576
84.11688983440399,45.95711016654968
92.22553092241287,53.71946907043457
84.9082201719284,75.11077982187271
343.8868900537491,261.92810994386673
756.9036403298378,231.24535965919495
1118.493287205696,364.7107127904892
621.1760496497154,251.30495035648346
1066.9146800637245,261.3263199329376
112.11530941724777,50.532690584659576
85.38993066549301,50.70206934213638
115.16658055782318,63.00141942501068
105.53426909446716,51.81773090362549
118.49390864372253,67.39509135484695
145.2696157693863,70.98938423395157
164.73027431964874,290.4367256760597
616.5429662466049,266.62503373622894
1030.0587237477303,253.71927624940872
96.46335476636887,104.74064522981644
99.53406155109406,110.72393846511841
97.199737906456,112.13326209783554
90.3264012336731,106.470598757267
95.13807690143585,106.24992311000824
95.96973884105682,130.0682611465454
169.83740323781967,214.2375967502594
241.22491174936295,208.47908824682236
732.7776084542274,263.53739154338837
1005.4412662982941,349.2057337164879
77.92089903354645,91.87610095739365
72.80752050876617,95.45147949457169
74.43413406610489,92.89886593818665
76.48776417970657,91.8832358121872
38.54037368297577,83.19962632656097
78.01899003982544,61.62900996208191
318.33161014318466,260.4093898534775
764.3112236857414,281.96677631139755
234.23385965824127,261.6551403403282
690.1194774508476,279.67652255296707
1138.50711530447,271.2708846926689
134.4667570590973,54.625242948532104
136.7053934931755,68.94260650873184
153.14803910255432,64.46296089887619
48.219115018844604,72.61388498544693
58.420730888843536,73.6162691116333
72.99134939908981,90.08165061473846
217.69297403097153,232.71402597427368
627.2096040248871,249.21639597415924
1078.6882326602936,263.75676733255386
121.92685955762863,54.203140437603
140.29451006650925,49.37248992919922
157.2731575369835,63.59784245491028
81.99424678087234,100.28475320339203
77.65790301561356,113.76909697055817
76.17353940010071,101.67846059799194
70.26316052675247,251.06983947753906
501.94578862190247,275.6092113852501
950.759413599968,288.5935863852501
78.64505815505981,49.243941843509674
68.75368493795395,66.07931506633759
115.63930106163025,67.11969894170761
129.04492139816284,78.9000785946846
133.8205578327179,80.92044216394424
74.46562391519547,91.16337609291077
72.66823619604111,198.09176379442215
479.9798427224159,262.68715727329254
946.3844609260559,236.30153906345367
392.327076792717,273.4329231977463
862.6017189025879,258.02828109264374
134.67335104942322,80.5486489534378
142.87398606538773,69.70001393556595
81.53906297683716,88.73893702030182
76.53669196367264,38.88930803537369
73.70031440258026,91.96568560600281
84.58692944049835,74.52407056093216
65.45454931259155,93.32345068454742
376.4151676893234,290.8998323082924
762.8937903642654,338.3462096452713
124.79843240976334,83.49656760692596
78.59346014261246,90.61053985357285
73.25708574056625,90.35391426086426
77.0696992278099,91.06030076742172
74.363350212574,93.56264978647232
75.87995952367783,43.08304047584534
81.80258995294571,91.17841005325317
285.6902184486389,319.4037815332413
723.4458572864532,286.05314272642136
1186.8884888887405,306.353511095047
99.4041256904602,125.5958743095398
96.36379164457321,108.89520835876465
92.15844655036926,110.39755344390869
93.8040999174118,105.71490007638931
106.68977409601212,112.73622590303421
96.87346041202545,110.08953958749771
250.00014466047287,343.2958553433418
683.4608208537102,299.6131791472435
134.161498606205,283.6345013976097
566.8811717629433,324.52582824230194
984.7678578495979,316.00914216041565
94.32054203748703,105.51145797967911
95.89222806692123,119.38477194309235
96.24190157651901,107.62809842824936
89.2025808095932,110.89041918516159
94.95923733711243,109.00376266241074
50.67890137434006,111.74709862470627
108.26955842971802,306.91544157266617
525.7112212777138,332.5847787261009
950.6529029607773,359.9390970468521
160.33557653427124,78.51542347669601
144.79627072811127,73.8707292675972
70.12735509872437,94.8356449007988
86.40296411514282,99.13503593206406
72.95657789707184,93.11842209100723
68.99019038677216,70.2688096165657
96.17381125688553,233.90118873119354
443.9304377436638,458.0705622434616
923.6680758595467,313.25792413949966
142.31374442577362,78.1122555732727
74.62681114673615,72.50318884849548
68.34642893075943,74.76457107067108
82.39904659986496,74.72995340824127
74.19267183542252,48.77032816410065
109.61629420518875,54.21770578622818
117.5029131770134,134.34908682107925
353.4075457453728,315.01845425367355
756.2942541241646,373.03974586725235
219.71792888641357,304.43107110261917
656.8635950684547,314.2664049267769
1081.0092938542366,323.45370614528656
95.85897415876389,102.90102583169937
93.81864392757416,101.88435608148575
96.03831362724304,105.73868638277054
99.90600711107254,103.94499289989471
136.1817027926445,86.54029721021652
51.91978532075882,64.56121468544006
99.71338951587677,240.87761050462723
524.3410056233406,249.9739943742752
973.8016127943993,292.049387216568
101.89121824502945,48.052781760692596
94.09284520149231,63.70315480232239
134.72046184539795,57.1315381526947
115.95807927846909,84.4309207201004
151.6587193608284,76.45128065347672
55.694811284542084,76.71318870782852
36.9704310297966,291.17856895923615
468.78204983472824,313.3479501605034
935.5566616654396,285.38733834028244
99.36927229166031,59.352727711200714
120.38589525222778,56.72510474920273
120.883534014225,61.24646598100662
161.21416813135147,52.47183185815811
82.26822221279144,96.01077777147293
76.11697286367416,65.40202713012695
76.15160065889359,132.97839933633804
441.3902041912079,240.74079579114914
96.36881297826767,97.65018701553345
174.66286462545395,278.115135371685
589.8265584111214,263.7664415836334
1006.1942112445831,272.5097887516022
76.71083956956863,92.97516041994095
75.65247344970703,93.64452654123306
75.16810142993927,93.96089857816696
74.40673065185547,92.92626935243607
78.21939790248871,89.79960209131241
77.25414788722992,93.85685211420059
150.25180786848068,303.4341921210289
569.5635521411896,294.97344785928726
935.3761903643608,340.99480962753296
73.24380898475647,90.97819101810455
72.05542528629303,90.05457472801208
74.31305289268494,93.35394710302353
73.66167169809341,90.37432831525803
43.80832105875015,71.17367893457413
79.21310806274414,90.08389192819595
190.30374145507812,262.6222585439682
637.9674089550972,252.60759103298187
1028.3160271644592,469.812972843647
75.25765204429626,77.7043479681015
960.0712686181068,309.0597313642502
80.01295381784439,78.35704618692398
97.15761077404022,73.24938923120499
98.98929113149643,74.39970886707306
83.06100744009018,64.19899255037308
167.3166499733925,284.5713500380516
83.0553308725357,57.05466914176941
40.46105843782425,235.65094155073166
458.0507321357727,292.2642678618431
816.0305281281471,329.52547186613083
75.50915724039078,90.69484275579453
74.65478324890137,89.08621674776077
76.44841313362122,41.180586874485016
77.29804116487503,57.55395883321762
75.73968917131424,41.74231082201004
85.16331803798676,68.48568195104599
82.84598970413208,257.951010286808
447.1586849093437,317.5823150873184
808.8414970040321,296.1955029964447
79.07914626598358,97.06885373592377
78.09579932689667,95.20020067691803
79.40843504667282,96.37056493759155
82.85007560253143,69.59492439031601
95.03173744678497,52.3382625579834
112.1033633351326,76.30363667011261
67.56410020589828,214.84389978647232
444.0987900495529,275.1232099533081
836.0224553346634,430.12554466724396
78.11316406726837,75.1648359298706
77.48078572750092,67.64921426773071
628.7374223470688,782.5955776572227
82.71612775325775,49.04287225008011
86.26875722408295,68.76824277639389
88.84040850400925,61.84359151124954
79.83907520771027,189.1239247918129
412.57678294181824,272.7382170557976
109.50052523612976,57.57447475194931
270.4231637120247,280.5398362874985
702.3287936449051,329.468206346035
1166.6404276490211,278.54457235336304
184.1200514435768,47.4909485578537
95.15369582176208,115.47530418634415
98.67037844657898,121.34862154722214
96.53805619478226,118.60994380712509
101.86872905492783,120.31627094745636
179.58842188119888,69.81857812404633
183.1983100771904,278.3766899108887
578.8070132136345,304.2119867801666
1026.8596797585487,309.6043202280998
75.91235983371735,43.680640161037445
71.96599531173706,56.165004670619965
80.25861871242523,89.0743812918663
73.1463372707367,70.79866272211075
75.82802480459213,73.07897520065308
83.60368919372559,53.76731079816818
174.0273917913437,217.08360821008682
504.9331907629967,405.4558092355728
906.7448893785477,301.99611061811447
63.59350448846817,99.35049551725388
808.0731629133224,306.81583708524704
75.92182838916779,108.22517162561417
72.97545123100281,45.89554876089096
75.89907199144363,96.230928003788
80.48869079351425,63.32630920410156
110.30136531591415,278.9576346874237
68.57698690891266,81.60901308059692
75.88861018419266,230.35238981246948
446.4422434568405,296.3917565345764
268.60754454135895,231.9294554591179
664.4761450886726,311.61685490608215
1126.1947550177574,311.4342449903488
70.45237302780151,91.8626269698143
71.059987783432,92.69901221990585
71.11360704898834,90.49739295244217
72.12923669815063,94.77776330709457
73.44185411930084,94.55814588069916
56.4384668469429,182.41253316402435
459.2140755057335,183.15592449903488
875.8966878056526,276.1033121943474
71.82030010223389,94.97569990158081
70.55891519784927,90.07108479738235
69.90752762556076,90.03647238016129
68.09113836288452,97.68686163425446
71.56974613666534,94.56025385856628
69.99236500263214,96.37763500213623
171.63797479867935,383.9350252151489
630.7475782632828,287.3274217247963
1063.9851990938187,288.366800904274
73.29681307077408,93.92518693208694
998.9994274377823,407.5755725502968
70.81102979183197,55.13397020101547
70.2716389298439,94.30236107110977
94.62125182151794,59.842748165130615
97.85887384414673,59.40112614631653
276.94954258203506,316.88445740938187
71.59419351816177,85.83080649375916
205.96282386779785,278.33317613601685
250.79443562030792,292.96556437015533
703.4960467219353,411.6529532670975
1112.196651339531,358.2473486661911
69.12027359008789,92.73172640800476
68.74788147211075,90.43811851739883
68.89249020814896,91.9585098028183
73.3540962934494,91.29490369558334
56.51770502328873,74.50129497051239
73.20031434297562,183.13268566131592
463.3829291462898,275.8210708498955
220.45621144771576,262.06178855895996
638.8238211870193,311.3981788158417
1048.8584342598915,332.4755657315254
70.30004370212555,112.29295629262924
72.37165397405624,93.18334603309631
68.350261926651,92.87173807621002
68.68186295032501,93.2261370420456
70.45646739006042,92.9695326089859
47.73207688331604,171.37892311811447
413.0996909737587,403.03030902147293
829.9673039317131,314.56969606876373
328.39090406894684,294.4430959224701
753.1655164957047,334.9634835124016
70.49711787700653,96.37388211488724
71.14272862672806,93.2092713713646
69.64033949375153,93.61866050958633
74.80495262145996,94.56604737043381
72.06057244539261,95.8464275598526
73.31718981266022,97.60781019926071
122.00081169605255,224.31418830156326
550.1274234652519,264.4835765361786
996.8840290307999,292.9869709610939
75.95563554763794,80.0813644528389
77.49027156829834,77.47272843122482
81.5988900065422,84.32710999250412
92.09652256965637,72.31147742271423
77.64914935827255,92.29585063457489
77.0168035030365,95.50119650363922
564.1814348101616,100.42956519126892
659.494047999382,309.59995198249817
1124.0456596016884,314.19334042072296
41.54189085960388,76.2361091375351
95.66850101947784,54.090498983860016
131.22213184833527,54.98286813497543
127.29379051923752,68.87320947647095
40.717461824417114,118.301538169384
233.27016639709473,315.6748335957527
656.0818301439285,383.4181698560715
1105.2464891076088,382.30951088666916
95.78115928173065,105.84884071350098
982.2968432307243,361.98115676641464
92.75751787424088,109.5194821357727
97.29218912124634,112.57881087064743
90.06786102056503,108.43313896656036
56.379515409469604,120.15748459100723
216.803180873394,298.84481912851334
96.8748379945755,114.97716200351715
128.55749624967575,299.4795037508011
545.1841621398926,329.7048378586769
979.4228182435036,371.6331817507744
95.8824742436409,115.72752577066422
152.43616968393326,75.1198303103447
70.61927330493927,94.97372668981552
69.70987755060196,93.97612243890762
70.50248110294342,94.58951890468597
73.39008593559265,99.68491405248642
80.33070862293243,284.96429139375687
495.5333414673805,296.3746585249901
928.4559679031372,475.3770321011543
110.62062418460846,86.4353758096695
137.74727326631546,83.66072672605515
70.94833189249039,95.5316681265831
72.66894781589508,101.27605217695236
76.25956916809082,94.77843081951141
71.42319113016129,51.4658088684082
64.0688106417656,200.70918935537338
422.8624328970909,322.4335671067238
851.6560992598534,356.6959007382393
128.94974142313004,72.7912585735321
616.7997841238976,311.3492158651352
1083.09340518713,304.44359481334686
71.79502445459366,92.92697554826736
76.49565172195435,55.67134827375412
81.17830473184586,76.76569527387619
93.17595410346985,107.30604588985443
108.17257750034332,80.58542251586914
141.54121881723404,86.68078118562698
84.79831773042679,318.42368227243423
560.7769361138344,268.6850638985634
1003.2555660009384,282.4474340081215
95.2541976571083,72.13480234146118
80.78884083032608,40.45215916633606
83.30449759960175,93.91750240325928
75.33913367986679,58.62386631965637
81.29976636171341,69.57123363018036
83.35239541530609,79.51760458946228
169.3320596218109,323.03894037008286
593.736686706543,348.48531329631805
1052.752315044403,364.7296849489212
142.91597080230713,87.73202919960022
73.47007882595062,102.89992117881775
78.37470662593842,102.51429337263107
78.15034145116806,105.18265855312347
74.66697335243225,97.03702664375305
75.16359859704971,58.04040139913559
103.42022550106049,264.41377449035645
543.0098522305489,264.4521477818489
976.3784816265106,313.67751836776733
423.26511269807816,313.5688872933388
860.9847659468651,343.7752340435982
130.5194086432457,82.46259135007858
76.27548807859421,98.55751192569733
75.49511587619781,100.24488413333893
72.06774413585663,96.04325586557388
70.91637116670609,99.11962884664536
73.6919960975647,53.19700390100479
74.59663969278336,132.42136031389236
364.9282665848732,295.2577334046364
798.2208936810493,280.8341063261032
86.75552368164062,140.61347633600235
99.56820356845856,123.7837964296341
94.43587654829025,130.98912346363068
91.74855816364288,119.65844184160233
100.17224043607712,126.19775956869125
91.79991263151169,124.55208736658096
44.889603972435,151.2953960299492
279.9612953066826,315.4097046852112
702.4399812817574,328.8190187215805
1140.9556531906128,354.47034680843353
93.80532246828079,130.21367752552032
90.32101202011108,126.43798798322678
94.3737108707428,121.18128913640976
96.02039051055908,113.70160949230194
87.51804882287979,106.88995116949081
45.75571209192276,102.65128791332245
222.69837588071823,331.561624109745
663.8620432019234,359.34095680713654
1094.5267097353935,372.5852902531624
541.7283865809441,349.6426134109497
973.4290503263474,378.6089496612549
90.85172259807587,106.05427742004395
128.96038848161697,84.1126115322113
40.99645131826401,76.05954867601395
72.66007441282272,84.43292558193207
80.04568529129028,78.1383147239685
93.154296875,78.21570312976837
64.98590302467346,300.181096971035
505.5015392303467,327.60946077108383
948.7401751875877,332.4828248023987
106.3298174738884,100.02118253707886
109.73546308279037,75.94953691959381
110.47308510541916,77.04591488838196
155.19270968437195,86.19629031419754
68.92944276332855,49.959557235240936
36.81605917215347,245.350940823555
436.21967858076096,296.20532143116
888.088314473629,341.7076855301857
101.75194662809372,58.322053372859955
82.69458770751953,80.62041229009628
119.28422313928604,80.53077685832977
113.7998663187027,83.55213367938995
132.87151074409485,85.70248925685883
70.75860166549683,101.51839834451675
73.10721373558044,124.2247862815857
382.82782250642776,281.0241774916649
842.5294299125671,280.45257008075714
286.1190440058708,320.25195598602295
770.764655649662,307.9393443465233
1186.5402925014496,336.6637074947357
93.85192054510117,115.00007945299149
95.3125752210617,112.00242477655411
93.23623502254486,111.70876497030258
97.14090150594711,111.59909850358963
97.86060243844986,107.65839755535126
66.11730170249939,64.49369829893112
249.85597985982895,325.0140201449394
662.7236602902412,342.7203397154808
1099.6843390464783,355.01966094970703
96.90401411056519,112.52198588848114
121.23471921682358,79.15428078174591
72.43576049804688,95.2302395105362
74.58238220214844,96.7516177892685
71.93100202083588,45.80899798870087
76.46662926673889,64.36737072467804
164.38927805423737,281.5737219452858
615.053903222084,300.7790967822075
1062.903538107872,309.1154618859291
127.43717104196548,74.6558289527893
135.8787943124771,73.0282056927681
169.96944320201874,67.23455679416656
75.52257096767426,95.08842903375626
73.2062052488327,96.44279474020004
74.16582596302032,103.31617403030396
80.66345137357712,282.9855486154556
542.3830917477608,274.3759082555771
947.640741944313,310.1002580523491
419.00737369060516,293.1586263179779
874.5049946904182,289.9390053153038
78.89161044359207,74.46038955450058
105.5922469496727,70.4077530503273
117.97888225317001,74.96511775255203
130.6805128455162,66.78248715400696
132.77014458179474,74.89585542678833
92.4717692732811,121.51023072004318
103.71044266223907,228.1795573234558
437.13315922021866,315.58884078264236
859.1858432888985,358.22115671634674
97.07249438762665,115.40850561857224
96.86718046665192,111.31881952285767
154.97486466169357,70.96913534402847
76.00997024774551,100.37902975082397
71.72959411144257,96.08440589904785
70.65320950746536,52.92079049348831
68.96582764387131,121.53417235612869
346.4074591398239,293.8885408639908
789.756101667881,326.1688983440399
134.58772802352905,86.15227198600769
150.06735503673553,72.43364495038986
69.45343959331512,95.58356040716171
77.47005397081375,98.60494601726532
70.65268474817276,99.34731525182724
77.6503015756607,47.99869841337204
79.2949275970459,50.61207240819931
291.44054383039474,294.63345617055893
696.9201895594597,324.3768104314804
205.41682088375092,305.1011791229248
588.0994465947151,334.788553416729
1029.6341089606285,344.4578910470009
90.42879921197891,112.99720078706741
84.11046779155731,105.96353220939636
89.0901370048523,113.24286299943924
101.73580032587051,118.63419967889786
96.19648653268814,119.72951346635818
161.75016540288925,69.509834587574
72.19127255678177,212.54872745275497
468.83789360523224,283.7921063899994
915.3725232481956,289.9984767436981
71.5551426410675,44.90785735845566
95.95974969863892,62.615250289440155
107.80837976932526,71.69062024354935
94.21300965547562,89.73099035024643
131.04463857412338,73.89936143159866
122.50527900457382,78.47672098875046
75.5213252902031,166.3866747021675
418.40794706344604,286.20305293798447
859.1635799407959,282.8354200720787
73.29120475053787,49.55979526042938
89.54783284664154,57.23016715049744
91.99045360088348,62.8995463848114
134.08009070158005,44.21590930223465
120.57771426439285,74.53328573703766
153.66834688186646,77.33165311813354
139.01699036359787,246.11200964450836
239.79343390464783,257.57656610012054
673.1240451931953,270.4129548072815
147.64065557718277,266.19334441423416
571.7852686047554,309.56573140621185
1032.9869565367699,275.6610434651375
80.83557987213135,95.38642013072968
69.87122440338135,95.7777755856514
68.94282913208008,91.6311708688736
52.828438341617584,84.33856165409088
58.67806679010391,81.37693321704865
70.37992388010025,97.71407610177994
177.80353558063507,273.5484644174576
657.7071460485458,241.58885395526886
1078.4087650179863,291.62723499536514
68.18437403440475,97.24162596464157
71.79197663068771,100.96602338552475
68.69758570194244,105.63641428947449
99.06519585847855,61.804804146289825
126.543820977211,51.47417902946472
107.4674551486969,64.29154485464096
259.72409772872925,369.95990228652954
665.2398090362549,364.6481909751892
1092.3675073981285,367.98449259996414
93.92119002342224,109.78280997276306
86.02986425161362,108.06313574314117
90.13853853940964,108.71446144580841
98.7282167673111,117.29078322649002
92.50389611721039,116.7931038737297
94.94556176662445,113.66543823480606
189.42422461509705,342.35377538204193
602.5889024734497,380.0970975160599
72.86358088254929,341.4144191145897
485.6952800154686,374.67571997642517
893.599986076355,374.8820139169693
91.93065679073334,111.34634321928024
84.03930991888046,106.44269007444382
84.7399725317955,105.14802747964859
79.64562946557999,105.3353705406189
91.82827800512314,114.48672199249268
91.86295813322067,126.34104186296463
39.58263897895813,325.4543610215187
454.821307182312,348.4206928014755
897.7069477438927,366.2750522494316
87.13060450553894,116.18439549207687
89.92425692081451,123.33474308252335
89.58891135454178,115.93008863925934
84.43855100870132,114.487448990345
94.02719789743423,116.24980211257935
98.803884267807,138.67811572551727
143.54159730672836,229.38440269231796
166.55803936719894,315.366960644722
617.4446521401405,339.4813478589058
1026.3122792840004,388.33572071790695
73.14389562606812,97.52310436964035
75.27052122354507,98.28447878360748
73.74915313720703,98.99184685945511
75.80177742242813,102.16022258996964
70.7814109325409,96.92258906364441
73.39002722501755,97.27697277069092
321.0356577038765,313.353342294693
76.03327649831772,104.72572350502014
251.06788957118988,305.95111042261124
677.7875074744225,341.02749252319336
1151.914132654667,345.12186735868454
108.39376103878021,70.66223895549774
122.61339104175568,77.57160896062851
72.2964397072792,95.01856029033661
70.51606070995331,94.92793929576874
70.14368003606796,96.65331995487213
73.8072982430458,98.1007017493248
221.95293658971786,311.65806341171265
648.5425752997398,323.1984246969223
1087.3372211456299,348.99677884578705
100.83385610580444,78.07314389944077
143.33148485422134,72.01951515674591
126.25511360168457,80.0228863954544
76.30917304754257,106.09882694482803
70.67579209804535,99.41620790958405
72.76641720533371,99.73358279466629
128.37404185533524,324.90295815467834
575.9456710219383,345.7943289875984
1039.1472996473312,338.85170036554337
69.57092887163162,81.6510711312294
74.75354707241058,85.4314529299736
103.7321697473526,75.23083025217056
111.71179831027985,82.13920170068741
137.57941436767578,79.25358563661575
69.540496468544,95.6635035276413
104.16811275482178,303.1838872432709
517.276731967926,325.81726801395416
68.79235988855362,267.2456400990486
452.8459703922272,341.87702959775925
227.35821110010147,114.2157889008522
104.05982899665833,78.31017100811005
133.66746068000793,75.33253931999207
71.35152667760849,103.7414733171463
73.12615317106247,97.46584683656693
83.82780086994171,84.7831991314888
61.973428606987,219.6195713877678
444.04508113861084,276.1779188513756
874.0057054758072,330.6062945127487
85.98433315753937,58.79266685247421
108.44496619701385,64.96203380823135
128.25760108232498,51.502398908138275
138.0882197022438,65.89378029108047
155.49284183979034,86.59915816783905
70.0279855132103,100.69401448965073
37.97059768438339,141.75240230560303
362.0782059431076,298.3107940554619
796.1688184738159,331.3691815137863
71.10804682970047,48.965953171253204
98.27166873216629,81.46833127737045
109.89933770895004,69.37866228818893
88.06296908855438,80.82503092288971
137.7275937795639,76.38340622186661
51.3182458281517,256.2017541527748
390.0739341378212,356.75906586647034
97.12663245201111,82.42836755514145
250.75431579351425,344.9856842160225
685.3079814314842,380.6180185675621
1128.9166451096535,363.8433548808098
91.65430188179016,128.308698117733
99.87496221065521,119.90303778648376
144.89064037799835,92.11035960912704
65.98076575994492,83.18523424863815
65.92337322235107,85.41062676906586
69.99498581886292,61.87501418590546
184.26961708068848,307.0083829164505
629.9152457118034,312.58475428819656
1067.3388649821281,349.66213500499725
163.44648450613022,74.34851551055908
82.74156826734543,85.51843172311783
71.90518015623093,101.79881983995438
64.1988313794136,68.22716861963272
73.51145112514496,71.08054888248444
66.26809352636337,65.39890646934509
155.9327214360237,266.25327855348587
546.4853402376175,455.9766597747803
1027.5020008683205,313.1469991207123
115.3876639008522,60.64833611249924
149.5153467655182,68.02165323495865
969.2167631983757,358.4682368040085
69.3443751335144,101.91462486982346
67.82299095392227,99.23200905323029
70.19160348176956,101.19839650392532
28.022214353084564,160.88578563928604
355.37082159519196,271.31417840719223
56.51642423868179,61.631575763225555
275.6440373659134,313.48496264219284
736.9186562299728,309.65534377098083
1104.8982710242271,397.9167289733887
93.93288689851761,75.28911310434341
128.837515771389,74.71848422288895
126.29713815450668,89.59086185693741
150.0357735157013,79.40822649002075
91.64442557096481,115.83657443523407
88.80912894010544,135.3208710551262
290.3808086514473,360.56419134140015
713.9154762029648,386.32652378082275
1156.1531660556793,431.7718339562416
90.18784534931183,116.12615466117859
82.72251170873642,111.7954882979393
92.16515463590622,122.48384535312653
98.69882524013519,120.78217476606369
92.1225209236145,121.1734790802002
100.78720337152481,120.15679663419724
296.67291182279587,331.1790881752968
179.70889163017273,296.9021083712578
636.7625153064728,318.7194846868515
1027.7041352391243,391.9078647494316
578.7947530150414,297.81724697351456
1082.6803750991821,241.59762489795685
67.80798369646072,96.7110162973404
66.11959493160248,97.19540506601334
64.74719768762589,98.17980229854584
39.03981101512909,163.12618899345398
67.00142455101013,97.22157543897629
55.73903572559357,68.1319642663002
310.6996376514435,291.52236235141754
743.0672407150269,325.5987592935562
1145.4908450841904,399.3801549077034
68.17345541715622,96.88254457712173
65.7640609741211,55.14393901824951
71.07567191123962,49.98032808303833
87.79628652334213,72.64871346950531
95.51490211486816,79.70709788799286
136.23451644182205,211.6174835562706
468.19513922929764,333.21186077594757
178.6025708913803,298.63842910528183
578.2841811180115,367.95581889152527
1020.2637949585915,395.34820502996445
65.7604067325592,99.46159327030182
67.407017827034,97.24198216199875
65.55262660980225,98.98437339067459
67.71722668409348,98.28377330303192
65.99085372686386,100.24914628267288
39.30446010828018,163.89953988790512
397.04208266735077,302.79091733694077
790.3727051615715,364.29429483413696
72.96332788467407,100.27767211198807
749.7389478087425,317.74305218458176
1122.754562318325,403.33843767642975
71.56617802381516,98.6928219795227
71.32381123304367,95.23218876123428
68.265445291996,97.32755470275879
75.17006212472916,277.0699378848076
68.77869194746017,97.86930805444717
74.73931592702866,196.44568407535553
424.99594128131866,311.52305871248245
856.3635706305504,337.26542937755585
70.15819829702377,101.93480169773102
69.80280780792236,98.30719220638275
90.61542654037476,89.51357346773148
81.44640827178955,96.16359174251556
72.35102713108063,96.03697288036346
70.70065146684647,95.55934852361679
46.60527241230011,227.22772759199142
410.41789150238037,325.8601084947586
913.0815091729164,276.010490834713
70.85713124275208,97.03186875581741
71.22575068473816,95.12624931335449
71.27837759256363,97.98162239789963
68.59099584817886,97.15000414848328
71.66161561012268,56.24538439512253
69.45524352788925,78.61775648593903
87.97187691926956,336.861123085022
555.85851085186,314.3824891448021
992.8561321496964,365.8108678460121
93.31676369905472,122.27623629570007
851.8504402041435,381.11155980825424
89.10809278488159,126.87390720844269
98.71577805280685,118.35822194814682
97.47347640991211,118.39752358198166
90.52615559101105,108.30784440040588
73.87483477592468,317.66116523742676
89.02050495147705,114.46049505472183
58.24115300178528,233.5368469953537
377.64583295583725,371.85416704416275
772.7545703053474,363.3754296898842
145.36325633525848,62.91474366188049
73.7683219909668,100.99067801237106
71.82095521688461,94.93804478645325
73.89258879423141,98.05141121149063
73.00222051143646,97.20277947187424
74.98085427284241,49.14914572238922
93.69401794672012,64.30698204040527
290.1019532084465,296.6200467944145
733.4538980126381,333.99010199308395
1196.084829568863,322.58217042684555
120.2707684636116,72.728231549263
104.25369936227798,107.02430063486099
110.16068124771118,98.15331876277924
106.16166460514069,102.98533540964127
99.45863008499146,108.42936992645264
110.4235982298851,56.984401762485504
258.66557759046555,365.42842239141464
689.6285313367844,373.2604686617851
1121.4814992547035,385.11150074005127
101.01946157217026,103.72153842449188
1000.7424340844154,379.2955659031868
199.96541798114777,67.01658201217651
86.28095656633377,85.27404344081879
82.33797401189804,87.92202597856522
45.48681461811066,69.5681853890419
46.17271852493286,69.2902814745903
98.3966304063797,272.5293695926666
139.84234541654587,292.2506545782089
589.3252688646317,295.1197311282158
968.789183974266,367.61981600522995
79.64109724760056,90.59990274906158
79.7900013923645,86.98799860477448
78.95691335201263,87.98708665370941
83.92082005739212,86.00417995452881
79.49573624134064,95.57726377248764
82.95964133739471,61.07735866308212
315.7935484647751,281.5024515390396
759.9794550538063,418.6505449414253
603.0173602700233,885.3536397218704
95.24126356840134,48.2957364320755
122.64917248487473,51.22182750701904
104.13011562824249,61.12888437509537
126.83508622646332,53.90591377019882
116.83700293302536,80.79399704933167
155.94792264699936,131.03407734632492
187.7084874510765,290.7165125608444
650.5984067320824,280.3835932612419
1091.2103107571602,317.9006892442703
86.08453875780106,88.41546124219894
80.65947806835175,83.8765219449997
73.34538286924362,317.04261714220047
508.0312969684601,348.4317030310631
941.1062054634094,369.76479452848434
77.82911533117294,87.89288467168808
79.10702157020569,90.22597843408585
92.58993142843246,93.50206857919693
79.25783956050873,85.81716042757034
78.9997478723526,87.64925211668015
70.90765976905823,63.48134022951126
273.0565662384033,311.4804337620735
697.1314790844917,381.3135209083557
1132.8164008259773,375.1085991859436
79.07731765508652,88.21868234872818
79.26222467422485,89.47877532243729
78.94913333654404,88.73686665296555
79.67203843593597,84.93996155261993
79.2279441356659,87.79105585813522
30.8218435049057,275.7711564898491
533.3777493834496,358.04825061559677
853.989667892456,344.93633210659027
80.23158538341522,97.2874146103859
896.4724993109703,254.28650069236755
78.23341763019562,85.34158235788345
78.03032684326172,87.02567315101624
80.2712407708168,88.15475922822952
81.14222836494446,83.52477163076401
167.45814579725266,277.9858542084694
81.42215663194656,84.63384336233139
56.12607938051224,255.7989206314087
484.44204783439636,289.65095216035843
924.017068862915,324.5019311308861
78.60998231172562,83.64901769161224
77.49991750717163,86.29608249664307
77.70385855436325,83.62814146280289
76.24181163311005,85.31318837404251
76.66976475715637,85.1082352399826
77.76268416643143,88.49731582403183
67.74474585056305,262.66225415468216
446.6716939806938,323.7353060245514
890.65366345644,305.2903365492821
92.67356961965561,83.5304303765297
92.58153581619263,83.49246418476105
80.89749050140381,85.82550948858261
83.0094496011734,84.7875503897667
77.91740703582764,86.87959295511246
99.08437591791153,84.17462408542633
106.67735624313354,218.69264376163483
476.54832059144974,268.3026794195175
873.1983332633972,328.6906667351723
75.19830906391144,82.89369094371796
77.07026255130768,85.74473744630814
1133.164212524891,356.57678747177124
75.70117658376694,83.20582342147827
85.23908030986786,86.83491969108582
79.14706987142563,87.31593012809753
85.88899266719818,245.61100733280182
457.99995201826096,322.8880479335785
62.14993417263031,162.53606581687927
364.0398535132408,305.2561464905739
809.6697741150856,290.4042258858681
634.6517036557198,896.2372963428497
81.26462656259537,36.23537343740463
81.09854012727737,54.80945986509323
88.11747479438782,68.06752520799637
87.91442012786865,75.27057987451553
140.5453418493271,65.38065814971924
64.0642808675766,227.3427191376686
381.6942608952522,342.9167391061783
797.9362602829933,358.0637397170067
185.8442422747612,52.54475772380829
100.90123677253723,105.41376322507858
97.03121638298035,108.17278361320496
107.77318793535233,107.78281205892563
103.07015806436539,114.00384193658829
92.46012485027313,97.39187514781952
98.8490874171257,165.29891258478165
310.7390648126602,375.81593519449234
742.9250237345695,393.25997626781464
1172.9820166826248,393.11098331213
98.20501774549484,115.12898224592209
1039.6499968767166,384.29500311613083
101.89196676015854,101.08903324604034
97.87393856048584,107.29306143522263
95.05991834402084,110.60608166456223
38.57987141609192,154.66212856769562
261.74684101343155,360.58615899086
102.22882831096649,104.73417168855667
129.93380284309387,367.9371971487999
559.7127775549889,370.21322244405746
984.5647527575493,395.58324724435806
105.45474308729172,113.69325691461563
104.60375893115997,110.98824107646942
101.10475242137909,95.32124757766724
103.4387217760086,100.85827821493149
99.77268064022064,101.6723193526268
59.421649158000946,113.09635084867477
70.60762345790863,343.98537653684616
479.9056055545807,363.8733944296837
915.0725646615028,378.42843532562256
100.4615188241005,113.53748118877411
102.72248059511185,104.05551940202713
106.33446723222733,107.61053276062012
103.65045762062073,103.92454236745834
96.37242257595062,98.09057742357254
102.29938995838165,100.1446100473404
53.281355917453766,315.5876441001892
447.3383301496506,358.8286698460579
869.9503010511398,400.364698946476
101.74725866317749,113.86374133825302
94.3962265253067,107.38177347183228
105.26716095209122,81.47283905744553
103.15719389915466,113.65780609846115
107.73217517137527,108.52682483196259
136.19615322351456,71.74884676933289
50.54850971698761,119.6544902920723
335.9564083814621,310.0235916376114
78.90131175518036,85.59768825769424
591.4402284026146,91.5597715973854
680.2741608023643,345.44883918762207
1131.5890986323357,367.3739013671875
213.87242275476456,289.1095772385597
584.2053373456001,373.16466265916824
1045.5582506656647,377.95974934101105
75.07716357707977,89.45983642339706
76.70806509256363,86.60693490505219
77.6719731092453,85.66202688217163
81.6348842382431,85.91911578178406
79.89581578969955,91.30818420648575
56.67372441291809,270.8082755804062
370.17462980747223,278.08437019586563
765.5835418701172,350.34245812892914
79.60246229171753,86.56453770399094
77.54737538099289,83.65662461519241
1151.04829454422,358.28570544719696
77.23421043157578,82.69178956747055
78.84611731767654,86.48688268661499
82.08714056015015,90.04185944795609
57.5700541138649,406.5409458875656
545.681962966919,261.91003704071045
82.29386723041534,301.39113277196884
381.738782286644,348.29821771383286
824.6466974616051,375.98230254650116
81.81461584568024,85.98138415813446
84.83452314138412,91.35147684812546
83.13044655323029,85.66455346345901
79.52036678791046,82.66463321447372
80.07728606462479,87.38571393489838
81.28143739700317,94.57056260108948
68.96735435724258,382.38464564085007
474.0612788796425,334.4027211070061
882.3762347102165,355.7717652916908
77.85815781354904,95.34484219551086
75.24805915355682,86.28894084692001
75.39695745706558,87.04704254865646
75.45285826921463,88.28714174032211
75.15775680541992,88.95324319601059
49.25065612792969,134.15634387731552
228.69655376672745,298.8214462399483
641.1604610681534,347.3945389389992
1116.9574101567268,297.6715898513794
76.40337347984314,86.11562651395798
75.71828293800354,87.28171706199646
75.51518559455872,88.81781440973282
75.18208652734756,89.20591348409653
77.53598713874817,87.16901284456253
136.55488687753677,215.74211311340332
390.1107894182205,451.2042105793953
886.4266908764839,291.185309112072
86.44659513235092,89.4794048666954
754.1315161585808,445.88648384809494
78.39242959022522,92.31257039308548
81.94833773374557,88.38566225767136
78.74525219202042,89.18074780702591
82.37515878677368,86.95684123039246
119.80206441879272,303.7349355816841
77.67397040128708,90.69702959060669
86.41487920284271,264.75212079286575
454.34179627895355,326.0842037200928
917.7317253351212,345.0282746553421
86.78764641284943,62.02735358476639
102.0105682015419,63.804431796073914
136.9554995894432,71.02650040388107
141.51146113872528,75.65453886985779
181.0494355559349,56.06056445837021
94.90385729074478,58.17114269733429
79.71878564357758,154.558214366436
412.4046894311905,314.262310564518
195.7402405142784,269.33375948667526
567.6671513915062,374.8138486146927
1012.6310704350471,382.75792956352234
77.13198745250702,88.20201253890991
75.96588486433029,91.16311514377594
81.87378531694412,88.57021468877792
79.2636958360672,85.75530415773392
76.81960564851761,90.45739436149597
43.6355100274086,180.32848995923996
327.67342215776443,333.7705778479576
723.4323418736458,411.30765813589096
264.1002587676048,329.36174124479294
747.3611699342728,286.5278300642967
1115.3610835075378,370.9909164905548
83.49199736118317,89.43400263786316
80.15991085767746,88.84008914232254
80.53082501888275,91.2291749715805
82.51273798942566,88.67226201295853
42.0686576962471,87.91234230995178
79.53257179260254,216.06042820215225
463.0144909620285,292.0035090446472
898.5534074902534,326.9845924973488
76.53533136844635,86.55666863918304
76.4802371263504,85.37176287174225
74.94414359331131,88.1678563952446
75.667043030262,90.09295696020126
76.24194669723511,89.49905329942703
79.59385615587234,86.57214385271072
185.03876477479935,303.1832352280617
636.5766667723656,316.73733323812485
1071.6705685257912,352.7734314799309
70.02437871694565,64.79062128067017
90.82028698921204,67.77071303129196
109.46920186281204,70.91879814863205
117.15612214803696,80.3068778514862
78.52744650840759,87.34255349636078
187.9173635840416,310.8046364188194
648.7512946724892,304.87770533561707
1092.8452682495117,297.1737317442894
531.9931988716125,323.02480113506317
974.1061071157455,337.7278928756714
108.86507427692413,61.87492573261261
127.29202270507812,73.67097729444504
94.58895611763,104.94804388284683
135.47992360591888,102.13207638263702
99.53508371114731,98.44591629505157
98.9070571064949,96.16694289445877
128.61104714870453,197.221952855587
392.35311019420624,329.4618898034096
764.2241633534431,364.97983664274216
1158.7061699032784,394.441830098629
96.39311945438385,56.53388053178787
86.41207671165466,69.49492329359055
102.83902913331985,57.62397086620331
108.9319811463356,68.40101885795593
135.3399143218994,64.14108568429947
84.58197247982025,123.43602752685547
328.13893073797226,322.1030692458153
732.0839713811874,335.4530286192894
1164.3629519343376,317.0260480642319
123.52987998723984,75.34112000465393
114.7337995171547,69.39520049095154
97.84572595357895,103.93227404356003
98.23571091890335,102.04228907823563
97.34769487380981,97.80030512809753
107.47771632671356,46.04028367996216
180.53477209806442,355.6872279047966
622.1098969578743,321.72410303354263
1037.6288524866104,374.2961475253105
471.90782153606415,351.79617846012115
896.4458020329475,363.2031979560852
92.00172907114029,102.53527092933655
93.3356950879097,97.68230491876602
101.65165716409683,102.4783428311348
60.837773501873016,103.2732264995575
107.412770986557,110.38322901725769
109.52473831176758,110.79026168584824
127.56275141239166,146.5122485756874
333.84179496765137,349.306205034256
744.4719050526619,350.36109495162964
1166.4728235602379,388.34217643737793
110.58474379777908,68.84225618839264
95.47366279363632,101.00733721256256
96.03064030408859,100.19135969877243
96.08660477399826,96.06139522790909
94.25459307432175,100.74540692567825
58.218551099300385,147.5594488978386
264.8115066289902,390.4484933614731
697.2384557127953,398.4285442829132
1144.8134171366692,437.2425828576088
100.99936991930008,129.53763008117676
105.83334296941757,105.3336570262909
108.87031799554825,106.88768196105957
97.37228786945343,100.98071217536926
95.96624511480331,97.42375487089157
74.42919665575027,138.42280334234238
263.6161488890648,380.7918511033058
701.616106569767,350.71789342164993
151.7460736632347,381.4749263525009
576.2660335898399,372.3449664115906
1040.8779937624931,363.8810062408447
95.52697908878326,93.4370208978653
94.71294498443604,95.6210550069809
97.63891619443893,94.1930838227272
100.76988488435745,96.95211511850357
103.56685537099838,105.80314463376999
106.51282733678818,102.41317266225815
157.01281195878983,345.15318804979324
157.05187261104584,335.44812738895416
597.2937733530998,356.09522664546967
1173.3316816091537,258.48331838846207
95.07598584890366,350.4610141515732
516.7259063124657,374.20109367370605
969.9478214383125,389.5701785683632
82.04073691368103,84.86626309156418
81.28364485502243,86.95735514163971
80.02459049224854,95.08640950918198
80.7665109038353,87.80748909711838
81.8034251332283,86.3995748758316
70.26733666658401,102.95466333627701
228.6392387151718,367.11976128816605
677.0651515722275,385.6938484311104
157.1220641732216,376.6929358243942
622.0479760766029,363.45102393627167
1057.6608899831772,392.85811001062393
79.38380098342896,86.172199010849
79.34771484136581,87.11528515815735
81.68063235282898,87.67036765813828
80.66354876756668,86.46645122766495
89.44146639108658,89.76253360509872
84.55340278148651,156.4455972313881
333.20233207941055,364.0566679239273
761.6292398571968,380.6667601466179
76.59315139055252,87.31484860181808
77.27905768156052,87.75794231891632
76.15096032619476,89.18303966522217
78.87286293506622,87.20113706588745
77.72577148675919,89.68122851848602
77.5239366889,88.19906330108643
42.097846269607544,387.67915374040604
396.4317527413368,368.34524726867676
838.3766850829124,390.0673149228096
81.00860852003098,92.14039146900177
82.7495282292366,85.69447177648544
83.11944806575775,87.8795518875122
80.99137246608734,87.4526275396347
80.1952937245369,86.8047062754631
82.69722139835358,89.91377860307693
160.3091295361519,449.0058704614639
591.7170318961143,365.18996810913086
1027.105944633484,384.375055372715
24.81086254119873,764.5031374692917
1037.6637700796127,271.91022992134094
83.10868418216705,87.31731581687927
78.49861752986908,85.01938247680664
80.96252822875977,93.64847177267075
41.66644483804703,273.5745551586151
79.90736329555511,85.79563671350479
82.57527405023575,150.88772594928741
293.9651820063591,288.49781799316406
656.5961036086082,366.51589637994766
1078.8740084767342,398.2739915251732
79.81992393732071,83.84707605838776
81.7458353638649,83.69816464185715
79.43175250291824,84.67824751138687
80.17367696762085,86.10432302951813
80.28459370136261,85.88040632009506
81.62054419517517,200.43645578622818
359.6765082478523,473.027491748333
755.861508846283,383.6194911599159
82.21442836523056,99.60057163238525
79.03038364648819,87.78461635112762
76.40129560232162,85.46870440244675
77.38420176506042,85.48679822683334
77.38410937786102,86.837890625
83.49602085351944,85.15197914838791
85.73794263601303,296.65105736255646
433.03502106666565,337.9099789261818
802.6840300559998,364.6679699420929
85.96199005842209,101.77800995111465
80.40795427560806,85.48104572296143
80.11287379264832,88.49912619590759
79.27979689836502,87.99820309877396
76.20672631263733,87.4232736825943
79.16962987184525,88.66237014532089
69.35653483867645,290.16146516799927
519.0974359512329,327.88456404209137
82.1913378238678,230.7166621685028
449.00625044107437,345.71574956178665
881.8961552381516,383.8638447523117
78.19305872917175,87.76994127035141
78.50896733999252,87.26903265714645
76.17587673664093,87.6571232676506
76.12178748846054,83.00821250677109
166.71651643514633,352.3394835591316
631.217438519001,328.56056147813797
1074.755346596241,348.2636533975601
113.84825176000595,73.85574823617935
88.94115340709686,58.74384659528732
126.55406248569489,66.8359375
141.12798684835434,59.27901315689087
194.99993681907654,69.61106318235397
103.24139159917831,78.40660840272903
85.09366917610168,186.20133084058762
408.11358243227005,326.0344175696373
881.8364982008934,350.7375018000603
78.54142242670059,88.42157757282257
76.44933325052261,88.49466675519943
624.9502480626106,907.9197519421577
77.09922456741333,91.97477543354034
77.67412477731705,87.10387521982193
81.97193998098373,332.5840600132942
538.4728592634201,348.9161407351494
76.7507888674736,281.8412111401558
477.82570242881775,335.6372975707054
909.9936201572418,390.37737983465195
168.51257395744324,62.098426043987274
81.47697931528091,87.26402068138123
80.25590109825134,87.1890988945961
86.79282051324844,85.28117948770523
87.07265138626099,54.797348618507385
52.59157860279083,229.18542140722275
367.7225272655487,370.4994727373123
836.4824666976929,371.64753329753876
123.61239349842072,82.42460650205612
122.0763338804245,119.07166612148285
152.22539019584656,78.4216098189354
62.89379662275314,70.32820338010788
92.32253539562225,79.5304645895958
283.7114925980568,336.25150740146637
713.2685009837151,342.2884989976883
1059.342573106289,359.2494269013405
82.65849965810776,85.6925003528595
82.47442209720612,88.61857789754868
90.29035925865173,88.22864073514938
81.5503301024437,44.78266990184784
89.4582559466362,45.615744054317474
82.92228078842163,86.37471920251846
126.55240029096603,357.7805997133255
79.29347157478333,87.6315284371376
69.09145361185074,236.09354639053345
394.7774296402931,361.9265703558922
790.5374377369881,380.16656225919724
638.1864144206047,912.887585580349
80.55735087394714,85.22064912319183
85.169309258461,87.23769074678421
98.31823867559433,86.8117613196373
82.18923699855804,87.5517629981041
86.59716385602951,85.99483615159988
72.78317898511887,214.1798210144043
351.02512818574905,387.88187181949615
810.1930990815163,345.9919009208679
1165.3040952682495,421.8989047408104
81.12008261680603,86.36091738939285
82.52802681922913,86.67497318983078
81.6219642162323,86.91603583097458
81.60488557815552,85.28411442041397
81.90185135602951,86.15414863824844
54.34586602449417,214.83813399076462
317.1999033689499,333.8930966258049
752.2558310627937,352.33716893196106
1124.2748371362686,415.37316286563873
82.3868236541748,86.87217634916306
1025.0167483091354,410.94525170326233
81.03670746088028,84.72229254245758
83.5936718583107,86.75932812690735
81.4276310801506,90.81336891651154
69.61359751224518,150.9794024825096
234.81868833303452,375.36731165647507
78.98481261730194,88.79218739271164
97.3017663359642,327.2172336578369
534.8757433891296,340.9562566280365
84.0459880232811,324.60201197862625
403.0279083251953,399.5650916695595
842.4918532371521,404.7301467657089
80.7337634563446,93.54423654079437
79.5866613984108,91.19133859872818
80.90156245231628,94.85843753814697
84.19846820831299,91.4865317940712
82.71838986873627,92.07861012220383
43.45931017398834,91.92868983745575
180.71922904253006,329.2617709636688
557.6461520195007,381.35384798049927
1015.9800717830658,402.85292822122574
87.9069795012474,85.7970204949379
79.53788638114929,90.29611361026764
80.8347954750061,85.3702045083046
78.61370623111725,84.8312937617302
79.66962021589279,87.7193797826767
81.92952907085419,152.08947092294693
323.0414423942566,368.7365576028824
751.7823549509048,390.32864505052567
262.39426708221436,364.5687329173088
685.932178735733,406.5858212709427
1122.0620957612991,404.2519042491913
76.5630139708519,82.39898604154587
78.89692187309265,84.89907813072205
77.04683768749237,90.91616231203079
76.78774899244308,83.26725101470947
79.71466076374054,83.85933923721313
72.82657724618912,265.35842275619507
450.3095089197159,375.2844910621643
831.5504149794579,424.8935850262642
81.64432841539383,88.4856715798378
84.95926296710968,85.68873703479767
80.90419483184814,87.68780517578125
79.35012155771255,84.07587844133377
80.25804340839386,84.64895659685135
81.77699708938599,86.16800290346146
109.00099503993988,337.2780049443245
528.9080036282539,308.3509963750839
772.3172272443771,421.75677275657654
88.6691455245018,90.14485448598862
84.92906618118286,91.19993382692337
78.81899583339691,92.92100417613983
79.61690467596054,92.80909532308578
82.04281336069107,89.05018663406372
82.78473562002182,95.51126438379288
77.34167093038559,440.844329059124
497.26757168769836,385.2694283127785
1026.2684816718102,301.45451831817627
106.62452936172485,369.0054706335068
83.58845716714859,85.89354282617569
72.47737693786621,299.4486230611801
452.97828739881516,426.24371260404587
913.1641992330551,397.11280077695847
81.72013753652573,101.61186248064041
78.35106045007706,89.25993955135345
79.46296203136444,88.31503796577454
79.75986987352371,91.59213012456894
83.57578003406525,87.42421996593475
56.39169120788574,72.99830877780914
184.0765978693962,376.05240213871
617.4475151896477,406.66248482465744
1081.9304313063622,396.5145686864853
79.20834386348724,93.42065614461899
80.80225640535355,86.97574359178543
82.84016954898834,84.307830452919
78.71107929944992,85.47392070293427
82.73098850250244,87.30701148509979
81.86089223623276,202.17610776424408
380.10279494524,377.58320504426956
799.4737101793289,427.28528982400894
78.56761866807938,87.69238132238388
79.9935297369957,85.96947026252747
83.03144431114197,112.35755568742752
80.7733525633812,86.0226474404335
79.25526070594788,87.09673929214478
83.33020603656769,86.00379395484924
118.12719821929932,334.02080178260803
456.51618391275406,414.927816092968
50.2761344909668,266.7048655152321
298.98216938972473,462.22183060646057
735.7781754732132,393.2958245277405
626.6320956945419,950.6089043021202
80.09501111507416,90.42298889160156
77.3549177646637,87.36708223819733
79.31882584095001,89.77417415380478
77.83773404359818,87.25426596403122
81.8016477227211,85.6983522772789
89.59957069158554,315.08642929792404
490.618539750576,334.9004602432251
863.7864671945572,403.97353279590607
79.97137528657913,101.6576247215271
78.82428640127182,83.82371360063553
78.01019781827927,87.89680218696594
78.9741061925888,84.58189380168915
80.29002088308334,85.17397910356522
85.88316106796265,86.83883893489838
70.73616135120392,340.61583864688873
500.181125164032,350.63387483358383
879.2190608978271,414.07793909311295
78.38597184419632,91.65002816915512
79.6458849310875,85.81711506843567
80.3137977719307,84.50120222568512
80.07371228933334,83.51828771829605
79.38963049650192,85.1293694972992
175.68654799461365,85.38745200634003
80.55769228935242,352.1833077073097
516.7996779680252,367.25532203912735
906.0226333141327,412.60736668109894
419.3385836482048,366.6804163455963
804.2835462093353,381.60545378923416
78.83945733308792,87.56754267215729
78.17437183856964,83.43762814998627
81.6562848687172,86.8447151184082
80.76740407943726,85.3795959353447
79.10131645202637,84.23068356513977
79.49223256111145,85.34076744318008
66.82615131139755,324.0078486800194
468.30814653635025,324.67385345697403
814.6801446676254,430.3578553199768
79.14305758476257,86.9309424161911
77.01397323608398,86.33802676200867
78.79288399219513,85.07811599969864
78.38579487800598,83.74320513010025
81.75670582056046,84.42729419469833
81.49867111444473,89.31632888317108
121.25860464572906,324.4823953509331
535.7595998048782,352.1854001879692
911.0755618810654,376.0914381146431
78.94649600982666,87.79450398683548
79.61341196298599,88.60858803987503
81.00431877374649,85.7926812171936
80.1702328324318,85.69876718521118
80.76514703035355,87.77285295724869
82.30322629213333,84.5307736992836
128.78415644168854,323.2338435649872
512.4152258038521,341.0477741956711
928.2491409182549,387.509859085083
434.78711330890656,334.6568866968155
896.2320792675018,323.1199207305908
79.58505231142044,88.02594769001007
79.73396623134613,88.3030337691307
80.25287538766861,84.33912461996078
80.58693951368332,88.04206049442291
78.10685431957245,84.2451456785202
79.34776270389557,84.00323730707169
85.5896862745285,288.48431372642517
477.59067553281784,300.7613244652748
78.75958555936813,89.3704144358635
78.70450204610825,82.38749796152115
87.27945232391357,83.38754767179489
77.44643062353134,82.57256937026978
79.13239032030106,86.25660967826843
64.44831174612045,68.92168825864792
903.3932468891144,69.77275311946869
498.72817289829254,354.5318270921707
85.50704622268677,86.30795377492905
84.45198678970337,93.45501321554184
84.89790749549866,88.1580924987793
87.17583984136581,87.36116015911102
81.95477706193924,50.0822229385376
80.67770004272461,60.137299954891205
175.64062750339508,339.37637251615524
626.4195519089699,363.72844809293747
1079.7354838848114,346.11551612615585
61.10974717140198,372.3712528347969
82.2586789727211,84.5373210310936
43.31559032201767,388.01840966939926
483.90849781036377,408.8505021929741
945.8164067864418,415.4605932235718
83.53932577371597,87.46067422628403
79.72525721788406,88.60774278640747
79.44817227125168,87.43982774019241
79.22708421945572,86.06891578435898
77.46900045871735,86.51299953460693
81.22891372442245,65.77208626270294
187.8028393983841,399.1041606068611
638.081757247448,412.43724274635315
1072.9346714019775,436.5833286046982
78.65758520364761,93.8614147901535
80.32549697160721,86.24950301647186
79.06741386651993,86.71058613061905
79.93733197450638,85.65466803312302
79.45724511146545,88.06175488233566
78.79016613960266,207.96883380413055
365.8480767607689,387.1149232387543
802.6449918746948,417.5780081152916
80.57091355323792,103.2430864572525
76.72082310914993,85.33517688512802
617.9987315535545,994.2792684435844
77.07367378473282,83.6493262052536
83.18558406829834,87.57341593503952
69.64953351020813,72.23946648836136
105.63145190477371,329.5905480980873
489.984361410141,410.73863857984543
83.85527735948563,288.8487226366997
482.33718341588974,346.25481659173965
863.8751068711281,428.73589313030243
76.98702293634415,104.4569770693779
78.15492743253708,88.8270725607872
78.63682919740677,84.60317081212997
76.45273274183273,83.69626724720001
76.99063044786453,90.0473695397377
85.36153167486191,89.08346831798553
202.1024278998375,359.32357209920883
654.7513340115547,376.82266598939896
1065.0112338662148,447.17376613616943
77.54915314912796,93.72884684801102
77.58706110715866,85.48593890666962
77.14396721124649,86.98603278398514
79.23687106370926,85.41112893819809
79.79277700185776,88.02222299575806
25.979699969291687,255.7983000278473
381.8876003026962,383.37139970064163
860.739506483078,361.982493519783
52.001315116882324,69.1296848654747
69.9282169342041,67.5727830529213
88.72512900829315,72.60887098312378
102.98503911495209,65.25596088171005
80.89293682575226,89.97706317901611
134.94884020090103,348.64315980672836
588.2647390365601,365.7722609639168
1115.0426678061485,331.62333220243454
418.7478122115135,351.4741877913475
841.6928607225418,337.84313929080963
651.5458188056946,945.4541811943054
79.77260899543762,369.80139100551605
467.1066572070122,392.1713427901268
884.3666867017746,403.5033133029938
69.05260729789734,86.07639271020889
79.44251281023026,64.77948719263077
70.7584193944931,73.9445806145668
75.51732045412064,75.94467955827713
83.87021690607071,69.18478310108185
54.68611615896225,63.9608838558197
182.07602280378342,394.60897719860077
626.4479454159737,386.16405457258224
1079.077860713005,384.1631392836571
85.92976713180542,72.44023287296295
81.57967525720596,70.66132473945618
90.26558429002762,71.62341570854187
88.96948492527008,76.03051507472992
107.56337982416153,67.02962017059326
76.78666198253632,69.12133800983429
218.36055755615234,399.93444246053696
685.399473130703,395.80452686548233
1133.6033850312233,387.35961496829987
615.3072832226753,409.9327167868614
1161.3451906442642,317.50580936670303
74.68010836839676,86.32089161872864
77.60600751638412,88.04199248552322
76.77391850948334,85.39308148622513
56.73782539367676,276.46617460250854
75.33074843883514,88.89125156402588
34.40565001964569,215.5763499736786
361.90655571222305,373.3714442849159
809.59246134758,400.90753865242004
77.90736764669418,84.14763236045837
75.63026857376099,83.48073142766953
75.65016931295395,84.59083068370819
74.09507113695145,83.90492886304855
78.24397832155228,84.84902167320251
78.02289533615112,92.05110466480255
139.06080144643784,422.60619854927063
557.9507037401199,388.84629625082016
994.1366020441055,416.93739795684814
75.9325042963028,87.8634957075119
76.19340580701828,83.51059418916702
79.50930589437485,86.26869410276413
74.69521540403366,83.89778459072113
78.17711162567139,85.60088837146759
56.437021255493164,283.76697874069214
357.12292808294296,422.47007191181183
786.3648269176483,343.1351730823517
629.3837314248085,923.1532685756683
75.4956294298172,86.37437057495117
74.33052694797516,83.87347304821014
74.73742789030075,83.76157212257385
76.34932917356491,86.59467083215714
77.20223557949066,90.3527644276619
97.35114002227783,418.44585996866226
550.037051141262,441.4449488520622
87.63094913959503,385.96205085515976
498.76084542274475,437.92415457963943
919.2057445049286,393.8132554888725
76.4286407828331,85.2753592133522
75.70754599571228,89.84845399856567
81.35644906759262,86.01355093717575
80.39439713954926,89.14260286092758
79.26534283161163,93.40065717697144
81.82247549295425,105.2335245013237
97.47144049406052,321.78855949640274
536.8423761725426,456.8066238164902
924.8983947634697,390.4166052341461
75.89931964874268,68.674680352211
65.97423702478409,69.85876297950745
63.60516405105591,69.48783594369888
58.383082926273346,69.89491707086563
60.791011452674866,69.72698855400085
60.36594247817993,123.20805752277374
166.32985466718674,360.87314534187317
633.7937694191933,466.3732305765152
1036.0536924600601,407.22430753707886
77.94362187385559,89.87137812376022
66.81453710794449,87.09246289730072
62.75944471359253,88.31455528736115
64.39037835597992,79.29462164640427
59.6863009929657,72.7016990184784
60.83632880449295,78.96067118644714
226.54033821821213,350.2736617922783
664.9122928977013,343.08770710229874
1036.8943684101105,394.2906315922737
493.96932780742645,363.2906721830368
939.988242149353,358.7517578601837
108.32315772771835,90.71384227275848
107.30413937568665,85.52786064147949
75.08416056632996,69.91683942079544
175.39909940958023,86.9339005947113
89.75226294994354,87.58073705434799
85.47528249025345,86.76571750640869
57.18023210763931,274.67176789045334
420.3292043209076,339.9487956762314
890.4781799316406,293.7638200521469
82.27410423755646,93.03989577293396
80.85002446174622,85.3729755282402
79.96093744039536,91.96506255865097
80.92485105991364,93.83414894342422
80.09277838468552,99.33322161436081
84.01969504356384,90.07330495119095
81.98362237215042,312.461377620697
496.3165445923805,349.5354554057121
956.0584636330605,366.7935363650322
114.18941223621368,72.7005877494812
99.76333177089691,104.01366823911667
93.91328746080399,100.91971254348755
105.82124656438828,119.84575343132019
165.60023349523544,67.06676650047302
80.3596453666687,98.436354637146
46.416548371315,287.1574516296387
144.06617683172226,328.8958231806755
586.1030904650688,461.9329095482826
78.9939985871315,313.0070013999939
518.9389199018478,456.4130800962448
972.6618439555168,450.59715604782104
88.29276239871979,70.65223759412766
86.97767788171768,69.52232211828232
109.36758327484131,61.65041673183441
82.18348664045334,86.46451336145401
81.68531847000122,92.68468153476715
178.6662369966507,384.2957629561424
653.6871762275696,401.64682376384735
1081.9651527404785,376.867847263813
117.48510497808456,64.73789501190186
146.0960275530815,56.45997244119644
149.5229607820511,65.44003921747208
160.63592511415482,62.23607486486435
89.5623328089714,89.5496671795845
93.95229589939117,90.71470409631729
73.45228004455566,293.7147199511528
85.01016926765442,321.8228307366371
476.0481956601143,373.00680434703827
877.1601253151894,395.7288746833801
82.71604681015015,89.24695318937302
812.2729752659798,421.2090247273445
82.45789867639542,88.1531013250351
81.81182295084,88.37417703866959
81.05175018310547,86.5222498178482
85.66482257843018,91.9101774096489
94.20181483030319,323.53818517923355
475.31482845544815,352.07417154312134
82.74074763059616,219.29525238275528
367.8167120218277,363.9802879691124
756.3906843066216,410.90531569719315
84.8176041841507,91.90439581871033
86.09655231237411,94.422447681427
84.46647465229034,88.68052536249161
83.3943977355957,94.29060226678848
83.63532018661499,91.10467982292175
85.87725430727005,96.80774569511414
90.52617990970612,280.3068200945854
460.36020135879517,362.15779864788055
823.3612473011017,399.76875269412994
82.93625354766846,90.50774645805359
81.14118504524231,85.63681495189667
80.54910486936569,84.87689512968063
82.30903089046478,91.5799691081047
82.0309506058693,87.78304940462112
80.10687965154648,96.20812034606934
86.6998570561409,303.33714294433594
477.9598526954651,353.5211473107338
876.2018868327141,361.15011316537857
79.25884866714478,91.83415132761002
77.8137794137001,87.59222060441971
597.2596989274025,929.2223010659218
79.3716145157814,86.18338549137115
79.00155007839203,85.55344992876053
98.66948664188385,83.94151335954666
150.1144496202469,259.6815503835678
464.819437623024,361.82956236600876
108.83844435214996,147.49455565214157
333.19144290685654,354.4565570950508
798.914392054081,346.0306079387665
647.2113128900528,893.6776871085167
72.7900230884552,358.8029769062996
473.71701216697693,385.54198783636093
921.2539891600609,388.2080108523369
86.60798174142838,100.13401824235916
81.42290145158768,88.66909855604172
84.84981793165207,88.74318206310272
80.75773984193802,89.13126015663147
82.49866044521332,85.42733955383301
99.1847710609436,78.03722894191742
53.48304986953735,243.14595013856888
347.72503513097763,359.75696486234665
766.9099996089935,403.34900039434433
627.1709995865822,951.0880004167557
77.98591727018356,85.45908272266388
1096.5238283872604,416.7911716103554
86.52473658323288,85.99426341056824
78.7286536693573,86.88134634494781
77.30457079410553,85.91842919588089
79.80449670553207,295.5465033054352
85.2504752278328,88.19452476501465
78.5284274816513,179.23057252168655
271.0294482111931,399.48855179548264
727.2893927693367,402.26660722494125
1156.1603165864944,437.9686834216118
77.62523305416107,86.89476692676544
77.69914501905441,86.05985498428345
78.2190597653389,87.11494022607803
80.05297917127609,86.6320208311081
81.49789834022522,86.26210165023804
72.16490757465363,227.68609243631363
388.9628643989563,375.50013560056686
760.1118867993355,399.49911320209503
85.16884273290634,92.14715725183487
82.22379422187805,87.75720578432083
82.15071302652359,85.01528698205948
80.262630879879,84.36636912822723
80.89254921674728,85.2914507985115
81.26447033882141,86.99452966451645
62.80241513252258,313.4755848646164
418.97035187482834,410.60464811325073
852.414283812046,438.56671619415283
79.06422424316406,90.32477575540543
78.58314090967178,84.61985909938812
79.54605478048325,86.84194523096085
82.93597376346588,90.43402624130249
81.0858941078186,86.9141058921814
84.54895663261414,92.65504336357117
41.9209189414978,369.0610810518265
478.7178727388382,373.52312725782394
57.348852813243866,255.83614718914032
352.2938312292099,405.07716876268387
755.4978412389755,423.05815875530243
82.49875611066818,98.37224388122559
79.40673512220383,87.03726488351822
79.11165499687195,89.2403450012207
78.77856916189194,85.07343083620071
80.50148123502731,87.92351877689362
88.11449873447418,88.58950126171112
27.44741427898407,351.07058572769165
394.5603244304657,424.2176755666733
854.7822332978249,414.254766702652
79.45013874769211,90.34586125612259
80.02504402399063,92.47495597600937
77.85995572805405,89.01104426383972
81.50885981321335,91.41814017295837
78.58277654647827,88.15722346305847
83.49068993330002,102.58231008052826
128.26960265636444,398.6563973426819
567.863521695137,413.2484782934189
1029.7334316372871,422.0805683732033
80.12334221601486,92.44965779781342
78.69925099611282,86.04174900054932
78.8661612868309,85.76383870840073
78.5520749092102,88.59592509269714
81.4229884147644,87.94701159000397
84.72090351581573,261.9470964670181
308.2398200035095,413.593180000782
736.3697392940521,416.4822607040405
672.445560336113,408.610439658165
1132.982461988926,397.7765380144119
78.4653713107109,86.75662869215012
77.50327676534653,84.10772323608398
92.31920266151428,93.75479733943939
80.28315025568008,89.25384974479675
79.26507592201233,92.12392407655716
72.74797719717026,264.3270227909088
443.13689398765564,353.27010601758957
834.8228034377098,424.0101965665817
77.28672158718109,90.32427841424942
80.76862329244614,99.10137671232224
81.158531665802,89.41646832227707
82.51044660806656,91.85855340957642
78.77135264873505,88.8776473402977
82.30825877189636,87.28374123573303
159.99517637491226,351.93082362413406
604.6621007323265,368.1338992714882
994.4960280656815,452.50297194719315
82.16394627094269,97.65105372667313
88.49786877632141,91.89113122224808
91.1277956366539,96.31620436906815
84.79573893547058,93.05626106262207
83.85266256332397,98.61133742332458
31.426593601703644,151.5174064040184
278.15051633119583,362.7024836540222
721.7064447999,407.81255519390106
1105.4113854765892,455.682614505291
81.35531318187714,84.21768683195114
1096.671236693859,381.86576330661774
83.9681624174118,46.86483758687973
97.9690927863121,57.45690721273422
94.82201552391052,63.25198447704315
114.4339451789856,180.52905482053757
384.0648732185364,364.36112678050995
161.08379989862442,60.15720009803772
128.40019589662552,360.58180409669876
542.0861343741417,370.95186561346054
999.1980588436127,360.9869411587715
81.40198367834091,86.15301632881165
88.69890493154526,36.59709507226944
80.64482539892197,40.98517459630966
100.5717459321022,62.76225405931473
122.09067076444626,69.03932923078537
96.1095979809761,51.83540201187134
127.75880873203278,354.27819126844406
558.3707340359688,388.44426596164703
1022.6116627454758,356.5363372564316
129.3715912103653,68.73840880393982
145.42852091789246,68.3304790854454
80.83788824081421,84.66311174631119
79.50479274988174,93.79220724105835
78.70969873666763,42.97530126571655
82.30261307954788,37.03038692474365
71.17454648017883,374.19645351171494
520.359471142292,353.39952886104584
971.8413986563683,381.7326013445854
150.91636037826538,67.87963962554932
699.7877616286278,486.54523837566376
1104.9196771383286,395.6183228492737
76.75258737802505,89.21041262149811
79.32749050855637,84.67250949144363
79.42139756679535,55.56060242652893
135.44030648469925,253.26369351148605
126.49723190069199,59.318768084049225
105.10815680027008,198.92884320020676
402.9240863919258,341.1869136095047
167.50071543455124,338.6292845606804
549.2046169638634,422.62838304042816
1000.3175405859947,402.7014594078064
79.52146703004837,83.42253297567368
80.02238082885742,84.97761917114258
78.02228701114655,84.82871299982071
77.06021511554718,83.03178489208221
81.17212015390396,87.49387985467911
49.56203258037567,159.8999674320221
293.58193653821945,354.43706345558167
718.5638507008553,399.32514929771423
1165.9167840480804,409.3242159485817
79.67670905590057,87.76729094982147
80.34462535381317,86.63737463951111
83.8635464310646,92.61845356225967
80.30846631526947,87.5615336894989
81.32738989591599,90.59861010313034
88.19931042194366,247.59768956899643
467.62523102760315,369.57776898145676
879.6261689066887,376.8548310995102
81.6270934343338,89.20590656995773
807.5360116362572,361.90898835659027
86.86993527412415,93.03706473112106
82.017937541008,89.24106246232986
84.79684722423553,93.05515277385712
83.27975994348526,91.83224004507065
36.464676320552826,379.21932369470596
83.39261788129807,88.2753821015358
46.466546058654785,312.1254539489746
452.2454757094383,364.7915242910385
910.4684185385704,353.08758145570755
83.5623414516449,92.54865854978561
83.93226659297943,94.15973341464996
81.58219373226166,33.714806258678436
82.95311707258224,45.50988292694092
83.25004130601883,66.60095870494843
119.06596440076828,55.52703559398651
133.84388905763626,346.35911095142365
583.3458088040352,391.5251911878586
975.7717477083206,444.13625228405
101.54976487159729,114.96823513507843
101.18077081441879,104.28222918510437
104.88473743200302,104.11426258087158
103.46071165800095,102.63228833675385
104.29469108581543,106.61330890655518
98.96166789531708,101.8153321146965
46.94464707374573,386.0553529262543
461.14862126111984,412.7953787446022
883.2235995531082,448.2954004406929
98.55756533145905,102.16443467140198
771.1325298547745,446.90447014570236
646.3745205402374,994.1814794540405
97.856529712677,102.49447029829025
97.69048899412155,104.19851100444794
97.17344760894775,101.27155238389969
103.2854038476944,282.25159615278244
93.65637558698654,94.67762440443039
55.7313717007637,207.10162830352783
295.3433438539505,405.00865614414215
712.936312019825,451.5446879863739
1137.7703030109406,426.52569699287415
96.3642737865448,110.48772621154785
99.88323622941971,103.3207637667656
95.53219765424728,101.61580234766006
95.60714906454086,100.66985094547272
100.58911007642746,100.40988993644714
96.40507715940475,121.52092283964157
249.31305396556854,418.07594603300095
683.1850126981735,432.50098729133606
1119.6849752664566,434.3150247335434
99.87194496393204,101.94305503368378
101.81691062450409,104.09008938074112
92.65086549520493,99.75713449716568
94.5038006901741,102.4961993098259
105.44874602556229,104.86625397205353
107.33772313594818,148.12427687644958
237.89472103118896,413.7902789711952
668.691677749157,421.14232224226
1115.8226236104965,447.510376393795
552.3795986175537,445.9364013671875
990.990565776825,439.69443422555923
103.8805223107338,103.1194776892662
101.82648634910583,108.08251363039017
103.17846763134003,110.043532371521
58.25244057178497,129.0055594444275
94.47541093826294,96.37558907270432
95.14335763454437,93.46664237976074
117.12629848718643,432.15170150995255
544.9782450795174,448.2987549304962
1015.2022085189819,417.2427914738655
114.10916781425476,107.98283219337463
99.22213596105576,106.88986402750015
103.09309762716293,104.48090237379074
97.52007669210434,102.77692329883575
103.74304753541946,113.96095246076584
98.79903131723404,105.34896868467331
85.7079970240593,420.6080029606819
520.5229531526566,430.9400468468666
968.6899278759956,491.1610721349716
97.85797262191772,117.32702738046646
125.65494340658188,75.6230565905571
79.63828712701797,86.54671287536621
80.58320146799088,86.71379852294922
81.50911408662796,63.52688592672348
80.62202781438828,37.17497217655182
82.04798287153244,303.119017124176
471.0309019088745,352.72809809446335
885.123860180378,409.57913982868195
114.56877982616425,73.72722017765045
801.088715493679,397.6702845096588
145.44167017936707,87.09532982110977
84.8130464553833,86.31695353984833
79.4989618062973,84.05703818798065
81.20287644863129,83.81512355804443
65.81581526994705,217.57418471574783
100.79775434732437,32.203245639801025
45.20567959547043,146.77632039785385
285.22560650110245,335.4043934941292
727.1515343785286,365.1264656186104
1190.615456879139,393.1245431303978
154.9123815894127,65.45761841535568
80.41377407312393,97.2152259349823
56.432686269283295,68.62331372499466
70.76760619878769,65.25139379501343
71.50853055715561,68.38046944141388
66.52744668722153,70.06455332040787
232.5663691163063,346.28663086891174
686.1032949090004,349.0077050924301
1134.3822221159935,348.3217778801918
114.45715057849884,69.7838494181633
141.34707856178284,64.31992143392563
80.10744249820709,89.00355750322342
78.55235821008682,88.76264178752899
82.79426485300064,49.372735142707825
120.59117686748505,57.42782312631607
201.27710103988647,329.35289895534515
628.9260217547417,367.3329782485962
1088.3339591026306,359.81404089927673
86.09827846288681,91.56872153282166
84.5614845752716,92.30951541662216
48.247404396533966,259.1235955953598
345.17331969738007,421.5856803059578
799.4892319440842,417.80676805973053
82.15714794397354,94.34385204315186
80.39906430244446,89.10193568468094
80.10297667980194,92.2300233244896
79.01189023256302,90.52610975503922
80.38180083036423,89.98819917440414
81.38400661945343,89.54299336671829
80.90291798114777,270.30108201503754
437.36582458019257,382.9661754369736
845.7927427887917,430.9472572207451
78.47865718603134,94.20634281635284
77.62756311893463,93.33443689346313
79.85146659612656,94.01953339576721
77.98137277364731,91.29662722349167
82.63028407096863,88.86971592903137
79.70519655942917,148.9618034362793
130.61309266090393,432.36890733242035
625.4849959611893,402.8500040769577
1084.188905596733,394.95909440517426
78.33780300617218,86.95819699764252
79.63470220565796,87.4202978014946
75.63560771942139,89.36439228057861
75.65551346540451,85.62248653173447
91.02542132139206,88.4375786781311
85.13836592435837,298.26963406801224
316.3422814011574,535.3987185955048
49.62019646167755,125.69380354881287
304.45510226488113,358.02589774131775
720.8080075979233,393.673992395401
1148.5299260616302,414.67407393455505
78.45783978700638,82.3201602101326
78.99574846029282,85.87525153160095
80.01366752386093,95.41133248806
78.81158602237701,87.52241396903992
80.55350863933563,84.31749135255814
111.6464272737503,262.72457271814346
395.25847214460373,408.0565278530121
809.3694363832474,423.9075636267662
81.70440024137497,89.18459975719452
77.5193060040474,83.94269400835037
77.42821145057678,84.70178854465485
76.89211708307266,86.0708829164505
76.41102528572083,86.1069747209549
85.8559438586235,95.0520561337471
61.41295349597931,357.56904649734497
514.8579323291779,347.179067671299
902.7468490600586,384.1231509447098
81.61876380443573,91.40023618936539
78.86067485809326,88.89932513237
78.60158014297485,87.56541985273361
80.19449311494827,87.86050689220428
76.88140177726746,86.5815982222557
51.91830891370773,82.17369109392166
115.97554206848145,334.4684579372406
528.3464905619621,360.3755094408989
65.32844710350037,265.1525529026985
415.81140327453613,370.429596722126
817.8113809227943,373.8546190857887
78.34928452968597,85.09471547603607
79.14718979597092,88.76081019639969
79.24009698629379,89.01890301704407
80.29701298475266,87.22198700904846
77.74192202091217,85.36907798051834
81.00184768438339,85.20215231180191
54.03988826274872,357.4051117300987
516.7818565368652,353.31214344501495
902.8187710046768,417.16222900152206
79.13470816612244,88.88329184055328
80.07962280511856,83.43837720155716
81.76555436849594,91.04944562911987
79.8774756193161,83.02952438592911
79.71139270067215,83.04760730266571
81.10149639844894,84.78750360012054
141.52846348285675,322.4155365228653
508.6224318742752,373.34056812524796
969.7523773908615,350.4696226119995
79.91933488845825,88.83966511487961
78.88327407836914,84.89372593164444
77.514189183712,83.37481081485748
77.99610096216202,83.98489904403687
77.79302769899368,83.42897230386734
81.97911846637726,89.7798815369606
76.70209723711014,387.39090275764465
531.9250135421753,373.1669864654541
985.8710012435913,350.40699875354767
969.3719212412834,383.5350787639618
76.45800793170929,87.4309920668602
75.34552776813507,91.48747223615646
77.77204209566116,95.76595789194107
55.43762516975403,90.35837483406067
75.65916043519974,89.82283955812454
79.43567538261414,92.24932461977005
81.06519788503647,361.86080211400986
513.8607164025307,380.3242835998535
964.8232407569885,388.4917592406273
82.45176231861115,90.6952376961708
87.71128684282303,65.45571315288544
72.46979659795761,58.36420339345932
134.17230892181396,54.06769108772278
126.8198533654213,67.03114664554596
151.18938887119293,66.40261113643646
101.57825750112534,345.3847424983978
499.83783704042435,382.5331629514694
968.3923498988152,385.070650100708
116.72486078739166,50.36813920736313
108.79837089776993,39.034629106521606
121.00090265274048,36.22009736299515
121.33441829681396,55.183581709861755
159.2779302597046,42.407069742679596
150.70244127511978,77.79655873775482
193.2399703860283,355.31602960824966
161.59173434972763,466.4452656507492
638.5552507042885,335.79674929380417
86.49775713682175,415.59424287080765
538.4792662858963,378.85373371839523
931.1457821726799,402.1702178120613
78.21931409835815,88.92968589067459
80.03183394670486,85.3381660580635
78.51336175203323,86.80163824558258
78.62388443946838,84.30211555957794
78.97540628910065,88.13559371232986
79.34493082761765,54.56206917762756
214.56645596027374,384.80354404449463
675.6029673218727,377.26703268289566
1085.602485537529,412.84251445531845
81.62100756168365,87.06499242782593
82.00853371620178,87.82446628808975
82.17506378889084,88.38093620538712
83.37759000062943,93.17840999364853
81.09910821914673,61.604891777038574
60.30262732505798,176.71637266874313
349.87614554166794,354.80885446071625
801.986675620079,387.4583243727684
151.30020093917847,85.19879907369614
96.521768450737,98.64423155784607
105.37335294485092,108.97864705324173
179.46593642234802,59.053063571453094
77.48396080732346,90.99803918600082
62.390476167201996,67.79452383518219
55.85298836231232,76.8690116405487
226.55550533533096,372.9254946708679
679.7590423226357,377.4809576869011
81.16800940036774,96.25799059867859
79.96352821588516,89.83147180080414
83.70403611660004,467.1099638938904
550.2775518298149,293.5194481611252
881.1480630636215,425.92693692445755
77.79456853866577,92.53943145275116
76.73807466030121,93.24292534589767
77.94158321619034,94.92941677570343
79.21809428930283,89.39290571212769
75.29160916805267,91.30039083957672
46.199117958545685,115.35688203573227
231.51262545585632,374.3943745493889
609.883139193058,453.17286080121994
1073.363648056984,426.9883519411087
78.17816507816315,91.21083492040634
76.71467626094818,86.60132372379303
76.45419371128082,92.02680629491806
77.32370012998581,88.13929986953735
67.56420737504959,91.45379263162613
66.45270907878876,253.73229092359543
444.52621269226074,353.95578730106354
820.0257075428963,442.01129245758057
74.46821981668472,90.73478019237518
78.82072710990906,93.95727288722992
79.46823900938034,92.6807609796524
77.373754799366,89.82924520969391
76.74426358938217,88.27373641729355
79.26277357339859,91.92322641611099
167.9092788696289,362.96072113513947
605.0577822327614,370.3502177596092
109.2782890200615,369.2397109866142
529.2228009700775,380.7221990227699
930.1113307476044,430.11166924238205
87.66587442159653,106.2601255774498
82.42442005872726,91.57557994127274
82.60894465446472,88.39105534553528
85.33047610521317,89.16952389478683
78.8860045671463,85.8189954161644
81.84753155708313,58.41146844625473
201.73606806993484,364.1159319281578
599.346619784832,422.153380215168
1056.1421442627907,460.07985574007034
79.73467683792114,61.08032315969467
71.45520049333572,71.08179950714111
110.23273235559464,63.47026765346527
120.77029252052307,64.11870747804642
139.97283411026,68.3421658873558
166.78636705875397,58.676632940769196
114.10137873888016,332.8426212668419
521.9349304437637,386.6770695447922
983.7484520673752,385.06654793024063
83.35897105932236,92.21502894163132
81.26649981737137,89.53050017356873
79.87601834535599,57.345981657505035
101.37553519010544,64.97646480798721
98.35704916715622,63.79095083475113
91.44857704639435,60.44042295217514
196.13310253620148,392.4408974647522
657.9286175966263,409.49738240242004
78.68962836265564,85.51337164640427
79.72615385055542,90.27284616231918
39.92866402864456,384.29233598709106
422.5401890873909,405.83081090450287
906.2806970477104,386.5533029437065
81.0762135386467,109.18378645181656
74.09374922513962,84.79525077342987
78.0372571349144,87.07374286651611
74.03676235675812,86.24123764038086
79.14726531505585,91.33473467826843
78.60978126525879,54.42721873521805
210.49828749895096,393.70671248435974
604.9048104286194,432.2811895608902
1052.644319653511,475.9106803536415
74.06982731819153,91.02317267656326
75.42032831907272,90.46767169237137
71.95783710479736,89.93116289377213
76.45633429288864,89.52466571331024
66.6598464846611,90.50715351104736
59.14136189222336,291.37763810157776
415.954863011837,400.08213698863983
806.7133696079254,416.4156304001808
76.87988752126694,93.89811247587204
73.73139786720276,92.84360212087631
624.3969116806984,1010.7890883088112
78.54444324970245,91.77055674791336
79.85894948244095,92.9940505027771
50.006461441516876,90.14253854751587
112.30197566747665,386.8470243215561
558.4674835801125,401.75551640987396
46.98599290847778,379.2930070757866
509.98450034856796,387.03349965810776
944.206019282341,385.75598073005676
78.59452784061432,89.97947216033936
88.63105410337448,75.09194588661194
92.72258073091507,76.31441926956177
78.61110419034958,69.4628958106041
68.85162252187729,71.87037748098373
79.33214366436005,48.3158563375473
198.5546731352806,387.1873268485069
632.2751798033714,415.9288201928139
1128.9966866374016,374.9103133678436
126.81127738952637,60.3557226061821
129.27382057905197,61.781179428100586
134.19834750890732,71.7076525092125
150.568912088871,69.82008790969849
103.06847214698792,106.96852785348892
73.51212924718857,70.5618707537651
109.67879378795624,414.91420620679855
526.3265155553818,412.2474844455719
85.93828809261322,487.8017119169235
493.54988580942154,394.2651141881943
890.0865231752396,375.45147681236267
328.86306405067444,397.4709359407425
87.82747459411621,267.7835254073143
405.90099918842316,409.7660008072853
843.7885422706604,432.5264577269554
79.54806393384933,90.5819360613823
79.52858066558838,90.6574193239212
76.6570925116539,91.23090749979019
76.99060082435608,90.2873991727829
80.58211153745651,91.89888846874237
77.45162379741669,101.88137620687485
115.00713390111923,416.8448660969734
565.8386499881744,415.1793500185013
1019.8761759400368,422.7908240556717
76.63469564914703,90.95830434560776
77.18920439481735,89.95879560709
79.29972064495087,91.6622793674469
79.96523052453995,89.92276948690414
78.70674216747284,89.09025782346725
81.79825091362,169.01674908399582
330.5937669277191,358.68423306941986
734.3522884845734,442.2027115225792
447.0737959742546,1148.9082040190697
76.8883011341095,90.1126988530159
77.97980213165283,87.02019786834717
78.29431718587875,87.09468281269073
79.79383027553558,90.26216971874237
89.71860009431839,93.31739991903305
72.40411108732224,278.79988890886307
500.88361501693726,295.189384996891
815.8651330471039,436.57886695861816
313.23564982414246,442.37535017728806
739.0311768054962,434.3028231859207
75.7896853685379,90.6183146238327
83.38119739294052,88.41480261087418
80.6587165594101,90.61928343772888
80.19474959373474,88.26825040578842
78.97227174043655,90.26972824335098
129.34077847003937,330.3252215385437
488.72928833961487,458.6587116718292
962.3398045301437,411.3271954655647
55.59830975532532,74.6236902475357
60.20882773399353,69.124172270298
48.26432907581329,76.97767090797424
47.67083829641342,73.552161693573
42.9663525223732,72.14464747905731
57.335852563381195,264.21914744377136
293.68736386299133,375.29363614320755
704.3898774385452,422.1281225681305
597.7593821287155,969.1476178765297
59.75888580083847,69.38811421394348
53.27738320827484,80.6676167845726
47.979898512363434,76.26010149717331
46.07240802049637,76.22359198331833
49.330921709537506,70.31707829236984
75.36743003129959,449.89156997203827
492.3109459877014,332.94805401563644
889.1994809508324,437.00451904535294
78.3649987578392,89.30100125074387
822.0305131673813,525.9124867916107
80.21602535247803,88.69097465276718
76.66054660081863,87.7854533791542
78.49306416511536,91.34093582630157
153.6760911345482,510.17590886354446
78.47260797023773,96.25039201974869
91.12011343240738,411.49188655614853
549.2116194963455,391.1023805141449
1010.4331259131432,543.307874083519
114.82164257764816,45.3453574180603
113.33916276693344,71.79083722829819
119.30169016122818,74.43930983543396
92.72722917795181,103.86577081680298
97.07881283760071,107.8291871547699
91.94838780164719,109.10761219263077
118.07693195343018,438.34906804561615
552.7064856886864,436.70151430368423
983.9460586309433,461.0719413757324
98.4456222653389,106.44337773323059
102.22317808866501,110.92482191324234
94.0737292766571,97.3332707285881
95.57330411672592,99.68569588661194
95.90589559078217,109.2601044178009
99.55346953868866,105.05753046274185
107.35002875328064,428.1869712471962
520.0895910859108,455.1884089112282
958.4221549034119,431.29984509944916
95.44071817398071,98.2822818160057
95.55032521486282,108.13467478752136
100.69889724254608,108.81910276412964
98.05050963163376,111.7094903588295
95.49407231807709,107.302927672863
107.45663237571716,110.39536762237549
87.27122151851654,384.7657784819603
48.511821031570435,68.95117896795273
78.21434819698334,92.34165179729462
61.52886426448822,476.3041357398033
474.5103783607483,408.23162162303925
960.8608841300011,412.17611587047577
78.48938632011414,88.4356136918068
77.43390190601349,86.3630980849266
77.98841738700867,89.30758261680603
77.83992785215378,87.95607215166092
77.07943856716156,86.60556143522263
52.98695224523544,83.32804775238037
196.46846455335617,428.7175354361534
672.9119831323624,400.49601686000824
1046.9855006337166,499.94049936532974
86.98401653766632,48.14498347043991
84.87252008914948,55.77547991275787
135.16804420948029,42.201955795288086
134.556576192379,69.11042380332947
123.03712946176529,70.86987054347992
44.12966775894165,236.9263322353363
259.6282352209091,434.33476477861404
685.5548104643822,458.9451895356178
1136.5533677339554,448.3356322646141
96.01591926813126,99.0390807390213
1029.2004642486572,438.0405357480049
98.73701339960098,105.18898659944534
156.32858616113663,64.72641384601593
49.698586881160736,71.46741312742233
78.55010503530502,54.78289496898651
167.23461830615997,422.28338170051575
119.04913747310638,74.48786252737045
109.58566063642502,402.80333936214447
158.78928524255753,360.2107147574425
80.513238966465,400.45076102018356
396.71574795246124,421.39625203609467
856.8822569847107,422.6927430033684
78.80777817964554,91.19322180747986
80.69529736042023,88.21270263195038
79.87981712818146,84.89818286895752
79.56433713436127,88.47266286611557
78.91485148668289,87.19514852762222
66.69236767292023,103.71463233232498
173.7838802933693,372.75211971998215
599.8403886556625,375.3276113271713
987.0619072914124,462.7900927066803
77.46742647886276,85.4955735206604
77.94894987344742,85.51405012607574
78.07746917009354,91.38453084230423
77.13298934698105,88.25601065158844
77.53951424360275,86.6084857583046
51.66903454065323,281.3679654598236
256.0566274523735,562.498372554779
611.9272682070732,480.85073179006577
95.5748747587204,368.0371252298355
532.666502892971,358.74049711227417
863.6660831570625,439.90791684389114
79.03560662269592,97.35339337587357
77.53512972593307,86.27987027168274
79.6826519370079,88.24334806203842
78.34817516803741,85.61482483148575
79.45869892835617,89.85630106925964
48.755222618579865,87.78277736902237
71.44001358747482,387.9859864115715
456.4755987524986,421.1724012494087
829.4941992163658,462.3948007822037
82.14172267913818,89.95127731561661
81.30724889039993,87.5257511138916
77.08477926254272,85.26722073554993
79.5832930803299,87.65670692920685
77.37981450557709,87.32418549060822
79.56450998783112,87.93549001216888
84.78606051206589,346.6769394874573
480.32264244556427,422.0293575525284
831.1922456026077,468.47475439310074
77.74676430225372,89.71523571014404
78.4503002166748,89.10569977760315
76.76482218503952,87.5501778125763
76.13433861732483,85.62466138601303
77.85585153102875,86.10714846849442
77.70756936073303,87.53343063592911
60.18812596797943,384.4228740334511
484.7437019944191,378.275297999382
840.650280892849,436.405719101429
336.83381617069244,415.480183839798
760.1483950018883,437.25860500335693
636.9449126124382,1003.4630873799324
102.41136813163757,360.1636318564415
403.5220228433609,460.6819771528244
821.2616094350815,460.09039056301117
79.29812651872635,89.88687348365784
77.11264336109161,86.9063566327095
80.25915962457657,88.79584038257599
82.51868540048599,88.66731458902359
78.49920672178268,88.0937932729721
86.5358549952507,92.57514500617981
57.59043228626251,410.9275677204132
415.73805421590805,413.77994579076767
834.5526390075684,426.57736098766327
76.84815454483032,88.39284545183182
78.55166614055634,87.13333386182785
82.95718747377396,92.06081247329712
79.84671574831009,88.37628424167633
81.53123736381531,88.02476263046265
86.56790167093277,89.17309832572937
47.49346208572388,407.85953789949417
412.12209928035736,478.4519007205963
62.84367573261261,253.50832426548004
287.4912642836571,462.8607357144356
705.0468475818634,481.3801524043083
617.0823687911034,959.8066312074661
81.85992276668549,87.73207724094391
83.26744776964188,87.67855221033096
80.02497136592865,89.88202863931656
82.82149142026901,87.64250856637955
82.65401375293732,89.30998623371124
63.13455104827881,321.6994489431381
384.9671215415001,433.4398784637451
751.8927826285362,478.69921737909317
86.44730854034424,104.34869146347046
79.27984368801117,88.47915631532669
79.18736308813095,90.51663690805435
80.9088813662529,90.48011863231659
80.03840041160583,88.90659958124161
77.88892543315887,86.81507456302643
81.96244752407074,340.31555247306824
460.4249669909477,440.64903301000595
900.8314785957336,461.3345214128494
77.49799191951752,87.89100807905197
76.36750435829163,89.52149564027786
78.60701727867126,87.96598273515701
77.8285362124443,86.43046379089355
80.34705621004105,89.0979437828064
80.93857955932617,98.19042044878006
570.6240969896317,67.08090299367905
626.585619866848,450.4883801341057
1057.6591371893883,479.06286281347275
559.5846527814865,438.37834721803665
992.3801639080048,450.8978360891342
78.86068159341812,85.8613184094429
78.1751999258995,84.50980007648468
89.2117218375206,96.65927815437317
40.840260088443756,267.25273990631104
77.19178366661072,90.99321633577347
81.69129419326782,269.69770580530167
275.6158113479614,427.8281886577606
681.097326874733,476.2546731233597
1145.6328420639038,476.1631579399109
80.89235705137253,87.07064294815063
83.42888516187668,90.57111483812332
79.48340994119644,88.92459005117416
76.83492630720139,87.1460736989975
74.29761290550232,91.73938709497452
52.72214317321777,379.49985682964325
344.51864778995514,442.7963522076607
867.5921577811241,354.3528422117233
74.79466849565506,91.44633150100708
76.27617937326431,88.42782062292099
75.75669085979462,92.81730914115906
78.18219482898712,91.63280516862869
76.58869898319244,91.98530101776123
54.75520879030228,122.24479120969772
140.21773040294647,478.81926959753036
638.3822358250618,323.3947641849518
970.0307592153549,498.74724078178406
79.01127314567566,89.5437268614769
1169.695794403553,213.06420558691025
28.346536576747894,413.356463432312
458.8830575346947,443.1729424595833
909.7155705690384,466.8584294319153
88.49308907985687,89.76591092348099
81.41763055324554,88.17436945438385
81.8801526427269,89.78684735298157
80.10267132520676,91.34232866764069
77.91619551181793,87.54680448770523
40.1377130150795,92.73228698968887
157.19322687387466,444.2517731189728
603.0067408680916,473.5852591395378
1071.3952505588531,448.71574944257736
80.65376698970795,97.92023301124573
80.7642872929573,94.53171271085739
79.8748027086258,95.93919730186462
82.65231835842133,92.62568163871765
86.29883474111557,92.75616526603699
46.39136320352554,253.71963679790497
322.1688788533211,450.6831211447716
773.5383873581886,452.55361264944077
79.40790361166,91.3880963921547
76.18541610240936,89.31458389759064
81.23992425203323,92.31507575511932
79.53544050455093,88.03755950927734
82.31295651197433,90.59504348039627
41.83146798610687,90.0395320057869
49.53397262096405,444.8000273704529
501.4224846959114,461.13351529836655
952.4960032701492,459.7079967260361
431.43952041864395,441.06047958135605
879.4020371437073,453.3759628534317
82.04956096410751,95.85843902826309
80.97508102655411,88.15491896867752
79.36259531974792,87.93340468406677
39.492109537124634,157.09989047050476
85.86161267757416,93.08338731527328
29.9721257686615,104.58287423849106
152.193621635437,437.8993783593178
612.5261594057083,456.45584058761597
1040.0627018213272,461.344298183918
78.17321056127548,89.95578944683075
77.19071233272552,89.80928766727448
81.13521772623062,94.73478227853775
79.65273571014404,94.21826428174973
81.94826596975327,93.40373402833939
45.55878150463104,259.16321849823
313.2992953658104,444.83070462942123
763.9278037548065,467.9791962504387
80.85433542728424,104.99866455793381
78.79685354232788,91.3881464600563
81.48136812448502,91.740631878376
75.94388258457184,89.64911741018295
83.10939472913742,92.24160528182983
83.20214569568634,97.20485430955887
85.16467255353928,274.07632744312286
372.62719959020615,445.18780040740967
821.2197151184082,457.15128487348557
82.6262236237526,93.44877636432648
748.2917388677597,441.46726113557816
81.10625314712524,96.19074684381485
82.51277095079422,95.35822904109955
80.47529661655426,94.35870337486267
82.80780893564224,104.76619106531143
254.58532226085663,281.544677734375
83.10313099622726,92.45286899805069
81.84364956617355,265.5273504257202
378.472154378891,411.3988456130028
836.5076550841331,430.1203449368477
73.69315272569656,89.4738472700119
74.35965496301651,92.80734503269196
75.80315679311752,89.78984320163727
74.19166350364685,89.82733649015427
74.15417152643204,88.51282846927643
81.41167688369751,115.60632312297821
204.91117763519287,327.1818223595619
594.9846827983856,419.97731721401215
1051.3361960053444,428.40480399131775
74.0757087469101,88.83129125833511
77.15020936727524,91.31279063224792
74.88971573114395,92.31428426504135
74.27822428941727,92.0927757024765
76.49872553348541,87.83327448368073
85.07323127985,328.98276871442795
351.6827332377434,418.9832667708397
56.59202128648758,421.7039787173271
478.70253616571426,442.20546382665634
934.1650473475456,442.242952644825
437.23856192827225,426.1324380636215
864.274075627327,462.5959243774414
77.45958417654037,92.48441582918167
77.51409155130386,88.30090844631195
74.93860363960266,88.98639637231827
46.994107484817505,150.48689252138138
75.53160858154297,89.02439141273499
37.10411310195923,207.33988690376282
222.8816350698471,412.4513649344444
597.8441641330719,454.267835855484
1053.9726734161377,466.5083265900612
75.25017774105072,92.95382225513458
78.45268684625626,88.76931315660477
75.48919713497162,92.64080286026001
78.21169704198837,89.9753029346466
77.87720906734467,94.12279093265533
60.52473330497742,403.8832666873932
388.43124973773956,384.7357502579689
828.2077618837357,415.8472381234169
80.59628766775131,92.8107123374939
82.2258152961731,91.99718469381332
79.83536356687546,90.0156364440918
78.2798912525177,86.88710874319077
78.7794114947319,91.25758850574493
76.35218393802643,92.85081607103348
82.92569494247437,406.9623050689697
427.98120760917664,510.81479239463806
825.0727201104164,458.2422798871994
77.33222860097885,90.42677140235901
78.77473723888397,91.55826276540756
79.75624573230743,92.59575426578522
74.2557629942894,88.57723701000214
76.71827214956284,88.74472784996033
29.77378422021866,164.81921577453613
159.1612829566002,495.5047170519829
686.8827899694443,493.7652100324631
133.7342945933342,472.93270540237427
586.4008041024208,483.9331958889961
977.2143160700798,434.84168392419815
78.97283726930618,89.76716274023056
73.00934553146362,86.47265446186066
77.26785343885422,94.9541465640068
77.56436681747437,92.73263317346573
77.93387061357498,93.71412938833237
66.7103761434555,150.04962384700775
323.6728795170784,365.95712047815323
738.5604007840157,401.1055992245674
624.6159201860428,998.9400798082352
79.83746820688248,85.05053180456161
80.00154608488083,34.831453919410706
60.59407240152359,310.0179275870323
403.4265998005867,403.9994001984596
852.5741285085678,413.0368714928627
77.05464375019073,65.03735625743866
94.20216226577759,70.85283774137497
107.16468966007233,62.15031033754349
126.64520734548569,59.31679266691208
125.36772960424423,66.04027038812637
129.01526391506195,62.558736085891724
103.032790184021,399.7822098135948
541.6613282561302,433.1346717476845
957.5498559474945,455.3581440448761
417.8454957604408,414.72850424051285
636.0509273409843,92.20807266235352
457.58743810653687,497.43156188726425
922.9199485182762,461.5990514755249
74.49346393346786,91.76653605699539
76.58496922254562,90.4330307841301
74.75147461891174,93.71252536773682
73.88097858428955,90.00902140140533
76.58348369598389,91.84251630306244
59.674994587898254,131.34400540590286
289.859495639801,404.9555043578148
688.8029967546463,444.8810032606125
591.5254969000816,1009.4565030932426
72.41300010681152,89.54899990558624
73.72749865055084,92.86550134420395
75.9860103726387,93.309989631176
75.63352704048157,91.86547297239304
75.24403476715088,88.9409652352333
77.40954887866974,352.552451133728
462.1500535607338,406.77594643831253
902.3535575866699,437.3504424095154
73.98205804824829,89.86994194984436
73.13055860996246,92.11144137382507
74.88805693387985,90.38894307613373
75.81356036663055,90.90843963623047
74.75806802511215,91.0939319729805
78.03456723690033,89.44643276929855
216.8490760922432,404.29892390966415
705.5335749387741,403.72642505168915
1120.7170800566673,438.4119199514389
654.2905876040459,403.7454124093056
1030.8650992512703,494.35690075159073
146.19762235879898,66.82037764787674
150.49316626787186,59.78483372926712
79.17814666032791,92.08085334300995
45.918669521808624,98.43433046340942
82.23219454288483,91.13780546188354
79.60171914100647,90.54628086090088
133.23122864961624,384.04677134752274
578.3047392964363,402.56526070833206
1034.5262569189072,410.6217430830002
79.59977847337723,66.19722151756287
107.85829079151154,59.53070920705795
130.69080722332,61.90119278430939
142.63433879613876,62.402661204338074
77.46730297803879,90.53169703483582
55.2638236284256,91.8291763663292
108.35533487796783,386.0886651277542
113.65299499034882,377.3470050096512
565.8745172023773,374.49648278951645
1012.8360362052917,406.2929638028145
85.61354553699493,85.96045446395874
78.39005613327026,85.09094387292862
77.24156439304352,92.96243560314178
80.03807294368744,93.9989270567894
76.09258276224136,87.68541723489761
54.64710062742233,151.22389936447144
258.05462634563446,387.5203736424446
737.5911448597908,402.4278551340103
177.68265610933304,417.1513438820839
632.7191761136055,403.7998238801956
1128.6436948180199,388.5223051905632
81.08820682764053,89.30079317092896
79.82771474123001,87.19028526544571
76.77124786376953,90.13475215435028
74.30776274204254,89.04423725605011
75.43726640939713,90.50673359632492
38.51077252626419,264.02622747421265
369.1952873468399,382.84171265363693
828.9718071222305,402.3791928887367
76.45330882072449,90.82469117641449
74.52681982517242,90.47318017482758
78.10032707452774,91.25267297029495
73.96984499692917,89.12315499782562
79.85834938287735,91.73365062475204
79.09885638952255,90.12414360046387
115.07936185598373,362.90263813734055
556.6708768606186,408.45912313461304
1045.170377254486,393.34862273931503
94.16987681388855,44.33012318611145
117.39038550853729,52.03461450338364
95.29892444610596,58.42407554388046
124.87146466970444,54.832535326480865
118.96298480033875,62.85101521015167
112.92650890350342,87.25949108600616
189.98015409708023,393.7408459186554
582.5728158950806,440.42718410491943
1047.3683312535286,412.77966874837875
528.8868642449379,71.4101357460022
940.2554401159286,407.98455983400345
110.23700875043869,33.96699124574661
96.62553828954697,83.87446171045303
84.88406074047089,50.89393925666809
59.79064565896988,108.41235435009003
85.05022269487381,53.5617772936821
82.54886150360107,89.61813849210739
72.5484391450882,385.3405608534813
491.2710092663765,382.06299072504044
942.8625928163528,394.8604071736336
78.38010156154633,95.26789844036102
79.36065948009491,86.78734052181244
79.32421606779099,90.02878391742706
82.37773323059082,92.67726677656174
80.80325216054916,87.41874784231186
77.58096182346344,85.10403817892075
63.654505610466,369.08649438619614
437.7282072901726,390.2537927031517
867.1717507839203,397.1982492208481
88.44830483198166,91.36569517850876
88.68984758853912,86.08815240859985
75.81842231750488,89.70057767629623
77.8729357123375,90.7190642952919
81.28045791387558,89.68254208564758
77.3160029053688,90.7949970960617
89.26054626703262,359.12845373153687
469.55613619089127,390.2028638124466
896.5737242102623,394.68527579307556
84.24024522304535,92.37075477838516
854.368788421154,397.39021158218384
181.8891885280609,306.813811480999
521.1666957139969,414.96330428123474
941.3152080774307,457.94479191303253
79.42573094367981,56.612269043922424
52.090262830257416,71.85373717546463
46.53477793931961,74.89122205972672
55.256296038627625,67.59470397233963
102.60782331228256,34.81817668676376
92.36637610197067,64.35562390089035
184.99590277671814,425.61609721183777
774.2724434137344,362.2825565934181
1053.6050394177437,422.72796058654785
90.47457963228226,95.67342036962509
78.60413825511932,95.06286174058914
78.17767077684402,90.80332922935486
97.58421993255615,100.02678006887436
79.39878439903259,96.04521560668945
95.43530613183975,112.15769386291504
212.0079442858696,384.14005571603775
655.1935214996338,405.6024785041809
1160.6190895438194,336.825910449028
59.24761712551117,71.10438287258148
955.4691337347031,455.5858662724495
58.709646463394165,65.60535353422165
88.11518120765686,91.54981881380081
91.35570847988129,85.38429152965546
82.52230274677277,275.10769724845886
327.1508665084839,470.07113349437714
177.85447311401367,89.18252688646317
84.59523230791092,482.03576773405075
461.1688172221184,433.18418276309967
902.7604060769081,390.99859392642975
78.92595452070236,88.18504548072815
82.42647236585617,90.01852762699127
78.42499190568924,88.24200809001923
78.10951292514801,91.33448708057404
77.33102524280548,88.89097476005554
78.27453458309174,121.70646542310715
166.33004331588745,500.7989566922188
611.5335575938225,417.20744240283966
986.6060692667961,464.24593073129654
76.58658510446548,88.20841491222382
76.62410026788712,87.24689972400665
83.58561545610428,92.02538454532623
79.1591505408287,89.78484946489334
75.82568031549454,90.9153196811676
102.45419079065323,164.174809217453
310.15778279304504,378.3982172012329
681.5273422002792,425.2866578102112
1085.545892894268,460.4911071062088
78.3784350156784,94.19556498527527
76.17395800352097,86.40004199743271
77.54346418380737,85.34453582763672
78.7649741768837,84.47602581977844
78.89349967241287,85.64250034093857
176.35702538490295,186.7919746041298
410.18953865766525,395.79146134853363
795.5780465602875,482.07095342874527
338.0395551919937,408.8494448065758
834.0020609498024,400.2759390473366
76.37157207727432,102.81342792510986
75.03708291053772,85.79591709375381
74.87058955430984,85.40641045570374
82.70211523771286,97.29788476228714
50.27566295862198,409.9103370308876
1276.5151755213737,70.91082447767258
950.0326781868935,454.8373218178749
72.44020211696625,50.37479788064957
65.32870864868164,69.72729134559631
87.06921458244324,65.63478541374207
71.62272769212723,57.858272314071655
91.41929167509079,65.59870833158493
59.95482736825943,82.24817264080048
190.54736995697021,413.21163004636765
632.2138884067535,407.9351115822792
96.04882472753525,415.15517526865005
613.7333472371101,346.0816527605057
939.6028587818146,463.10014122724533
77.00937277078629,96.95262724161148
864.9358813762665,464.60211861133575
76.5263882279396,88.43561178445816
75.45289701223373,89.43610298633575
75.39540368318558,89.28859633207321
66.98790949583054,173.58609050512314
248.58041602373123,423.58658397197723
76.24593460559845,91.45706540346146
197.8564451932907,428.21755480766296
612.8929676413536,446.9960323572159
1049.1704869270325,464.3845130801201
81.55800324678421,87.71999675035477
79.83552873134613,85.14547127485275
78.74205261468887,83.57294738292694
77.74257600307465,84.12942397594452
80.25909960269928,90.75890040397644
49.40761864185333,270.2223813533783
351.57313573360443,431.9638642668724
800.36865067482,468.94634932279587
77.49717539548874,90.05782461166382
77.8486960530281,88.40930396318436
78.01521569490433,84.79978430271149
78.43973469734192,85.20726531744003
80.40225851535797,88.91174149513245
84.23578697443008,99.9502130150795
85.93833774328232,339.02466225624084
478.95686358213425,404.45113641023636
938.1593932509422,413.1736067533493
81.02892553806305,89.24807447195053
86.15845519304276,100.00854480266571
80.99098300933838,96.63901698589325
84.41551089286804,88.84348911046982
74.84204024076462,74.62195974588394
80.21156734228134,37.60343265533447
145.67308992147446,400.93791007995605
601.8766055703163,457.10439443588257
983.0981665849686,499.1798334121704
434.7647340297699,484.3102659583092
863.263315320015,494.9766846895218
94.61488461494446,109.19911539554596
104.87345534563065,106.33054465055466
108.17006379365921,110.6449362039566
97.2246395945549,104.42336040735245
104.0392017364502,119.29379826784134
137.13077187538147,72.31322813034058
80.16774636507034,179.62825363874435
302.6482689976692,412.3877310156822
772.8337855935097,432.5552144050598
1154.7953043580055,461.4456956386566
104.62882268428802,55.63117730617523
110.36834746599197,70.05765253305435
134.51589113473892,58.22510886192322
134.86642891168594,76.8735710978508
168.25596284866333,75.17103713750839
68.86599689722061,84.41100311279297
249.8845036625862,392.8194963335991
675.0310328602791,401.5429671406746
1143.104553103447,427.9324468970299
66.32707631587982,56.209923684597015
120.97460061311722,36.358399391174316
114.6771314740181,70.43386852741241
79.02901440858841,92.28498560190201
76.47252750396729,86.9154725074768
82.43503820896149,109.58296179771423
79.1009349822998,402.8800650238991
502.6014585494995,436.06554144620895
60.247982442379,335.3450175523758
440.76651245355606,423.15948754549026
891.3580396175385,431.8819603919983
103.5795511007309,81.0124489068985
78.56145167350769,85.27254831790924
50.94895714521408,67.19904285669327
61.87446057796478,71.38453942537308
73.79998511075974,77.36701488494873
70.46648508310318,63.959514915943146
91.5580136179924,332.31298637390137
443.6315512061119,407.702448785305
88.41100800037384,399.7189919948578
710.6695327758789,236.57146722078323
964.8540542125702,422.9609457850456
79.89057105779648,88.94342893362045
78.00113892555237,88.24086105823517
78.27766013145447,93.33333986997604
77.79617995023727,94.14782005548477
80.98069959878922,86.92730039358139
81.0912224650383,90.05777752399445
215.14574432373047,421.243255674839
633.0522696971893,438.095730304718
1088.291798710823,449.11420130729675
80.86533904075623,90.17066097259521
971.327861905098,467.2271381020546
80.36438900232315,90.45061099529266
80.16091030836105,90.02508968114853
82.65943992137909,99.98756009340286
96.12300533056259,192.02599465847015
70.80666267871857,575.1753373146057
101.91724270582199,38.89775729179382
28.43627893924713,473.36072105169296
487.43478429317474,461.6022157073021
859.045292019844,449.45470798015594
76.60080146789551,89.25119853019714
78.84031349420547,89.01068651676178
77.80282837152481,87.75217163562775
75.95033758878708,86.1236624121666
76.19084680080414,85.67915320396423
80.85735768079758,176.38364231586456
204.89286696910858,493.03213304281235
638.9293718934059,494.55262809991837
1038.9098873734474,456.7191126346588
77.81741547584534,89.33158451318741
78.09493684768677,89.33206313848495
83.13145381212234,88.07254618406296
78.72298377752304,90.2220162153244
80.92549115419388,85.79650884866714
78.16600894927979,288.9449910521507
345.35051649808884,535.9834834933281
798.2390390634537,505.70596092939377
561.8306630849838,993.1323369145393
80.14524817466736,97.76275181770325
989.8478168845177,479.48518311977386
75.16235852241516,85.78164148330688
83.0878711938858,83.95012879371643
77.62442028522491,93.4865797162056
51.56793165206909,397.9140683412552
352.51144647598267,420.52555352449417
33.08494955301285,196.21105045080185
346.3064549565315,360.08254504203796
762.9909576773643,424.9540423154831
1139.9164797067642,473.26852029561996
100.21200615167618,67.58399385213852
117.04453212022781,63.25146788358688
98.02506059408188,100.73293942213058
94.8586620092392,100.67833799123764
100.85823088884354,97.16076910495758
59.560821771621704,231.80917823314667
270.87538200616837,474.0136179924011
718.337926030159,458.0510739684105
1154.281513094902,459.7364869117737
98.37308305501938,106.66391694545746
102.18764185905457,107.83035814762115
97.40921902656555,105.9427809715271
102.55778503417969,105.57221496105194
97.68635040521622,104.4246495962143
51.49990737438202,224.64809262752533
263.6104644536972,450.7035355567932
690.8880311250687,460.92696887254715
1133.3685978651047,463.2234021425247
114.55317318439484,113.2798268198967
983.3118051290512,465.33519488573074
99.83037853240967,111.78062146902084
96.14395308494568,106.02204692363739
94.49652487039566,102.80047512054443
102.49509346485138,115.35690653324127
204.34668672084808,450.78331327438354
65.90126848220825,111.67273151874542
78.62283670902252,434.63616329431534
498.2514009475708,468.30359905958176
934.1589798331261,464.86002016067505
97.78858351707458,108.61841648817062
94.23214554786682,103.87885445356369
100.97169822454453,106.13930177688599
96.17526268959045,103.84373730421066
97.06382340192795,110.41817659139633
41.87837678194046,96.95562320947647
62.857936561107635,442.71606343984604
467.5055163502693,462.420483648777
896.9870919585228,475.8829080462456
99.9496539235115,104.60634607076645
96.30120933055878,99.99479067325592
104.41176933050156,109.16323065757751
100.05834972858429,106.58865028619766
97.24291843175888,102.47808158397675
70.31648963689804,97.18251037597656
73.01906621456146,396.14693373441696
431.6856397986412,472.2023602128029
863.6482159495354,482.05578404664993
104.66577589511871,103.852224111557
96.98034620285034,96.03765380382538
97.16591149568558,97.27908849716187
99.01648277044296,95.46451723575592
96.99705201387405,95.83594799041748
99.31164014339447,96.07735985517502
63.496234595775604,355.05876541137695
393.0138096213341,472.7821903824806
62.5324028134346,247.00559717416763
330.0129841566086,433.8750158548355
94.05118429660797,419.226815700531
540.55071413517,419.57928586006165
932.1242313981056,487.26476860046387
80.86480349302292,94.17219650745392
83.62232458591461,93.95167541503906
81.97485238313675,90.0811476111412
77.43638902902603,92.85961097478867
90.87993371486664,78.75006628036499
86.6575066447258,175.10149335861206
156.5640851855278,523.4549148082733
623.9156331419945,526.2883668541908
998.2661460638046,458.8628539443016
77.17368054389954,93.34531944990158
80.7102010846138,87.27179890871048
75.93172764778137,87.40227234363556
76.43124330043793,91.38375669717789
76.3377515077591,88.29224848747253
77.78225362300873,309.8487463593483
313.6327532529831,529.3672467470169
778.7242606282234,526.4787393808365
686.038278400898,442.5547215938568
1091.7038125991821,454.68418741226196
68.6293318271637,71.166668176651
77.92386323213577,365.5581367611885
42.08987832069397,390.7801216840744
421.99638932943344,426.7636106610298
892.8109072446823,409.5230927467346
116.60645949840546,48.39454048871994
131.95802587270737,60.116974115371704
110.67958325147629,75.72841674089432
119.71611601114273,71.13688397407532
145.69666135311127,66.4703386425972
143.5472303032875,63.28576970100403
102.17719972133636,145.50780028104782
259.58380341529846,424.93519657850266
682.73134714365,430.8056528568268
1106.4898721575737,508.8801278471947
79.74840062856674,107.75159937143326
78.46992468833923,101.9550753235817
83.28446751832962,42.141532480716705
96.22899401187897,101.67900598049164
88.54257315397263,63.23542684316635
55.30111521482468,232.42088478803635
299.35574728250504,397.6802527308464
716.2263892889023,436.42161071300507
1135.0030145645142,403.12698543071747
83.55761790275574,152.31238210201263
1030.9651533961296,536.1278465986252
144.09470015764236,46.25729984045029
106.96423870325089,33.85076129436493
134.16674506664276,56.888254940509796
145.88926017284393,141.8517398238182
121.18438011407852,364.6116198897362
64.05392551422119,69.7420744895935
60.99845111370087,488.6495488882065
418.2750125527382,418.2979874610901
872.7195891141891,401.021410882473
86.2001223564148,92.13287764787674
79.75565654039383,91.68934345245361
79.56917715072632,37.31982284784317
101.73571532964706,31.228284657001495
94.64224451780319,57.57975548505783
74.91980588436127,70.98819410800934
97.5306226015091,225.87637740373611
355.7891603112221,446.1928396821022
818.8806769251823,568.4523230791092
94.84319770336151,69.86080229282379
92.43572342395782,39.564276576042175
112.93424379825592,45.24975621700287
87.13776242733002,76.89923757314682
91.97031420469284,71.78968578577042
107.76586562395096,67.03113436698914
134.80239880084991,295.65960121154785
452.31994926929474,432.8090507388115
77.65550589561462,434.8634940981865
483.5070251226425,476.16097486019135
40.913548946380615,379.9204510450363
413.0611023902893,438.0688976049423
818.6156286001205,482.8473713994026
82.50415009260178,95.38484990596771
80.18767213821411,91.70032787322998
84.96619039773941,91.79380959272385
84.07571697235107,89.7942830324173
78.76123487949371,90.68376511335373
92.66728067398071,476.77771931886673
569.4078350067139,463.7411649823189
950.2403908371925,512.0566091537476
80.97994363307953,98.1500563621521
80.51549434661865,89.68750566244125
81.3120174407959,90.20698255300522
81.68254035711288,90.92945963144302
83.99606901407242,95.24493098258972
55.34665536880493,96.54134464263916
97.53231090307236,440.9306890964508
517.4389858841896,449.6720141172409
933.7895016074181,463.83949840068817
56.25302058458328,72.98797941207886
90.43758624792099,85.28541374206543
94.5101375579834,70.41586244106293
100.54766339063644,61.13833659887314
73.97220396995544,66.89779603481293
139.56336349248886,419.9726365208626
553.0450145602226,417.21398544311523
955.5815346240997,444.30746537446976
429.8211552500725,417.9378447532654
833.7646742463112,446.38332575559616
76.93122893571854,97.06877106428146
76.81977105140686,87.88422894477844
90.72628045082092,87.55171954631805
74.26285475492477,87.14414525032043
74.28039211034775,87.29360789060593
86.76201516389847,96.29398483037949
96.92754602432251,358.73945397138596
432.6861786842346,538.0358213186264
892.3707019686699,437.16629803180695
50.37028694152832,71.38871306180954
80.40682876110077,89.48217123746872
76.05438756942749,86.87161242961884
76.97991472482681,86.89008527994156
78.25642663240433,85.61357337236404
32.90404713153839,155.5769528746605
58.7926179766655,487.5953820347786
481.9033076763153,521.0776923298836
857.883875131607,418.3561248779297
75.95739459991455,86.22660541534424
78.86391186714172,86.69108814001083
77.58641844987869,86.19158154726028
79.93693828582764,85.15506172180176
79.3254525065422,85.39654749631882
52.1769625544548,88.7300374507904
138.95346695184708,404.6385330557823
536.8049743175507,452.769025683403
985.8234881162643,459.0475118756294
474.0449979901314,444.825002014637
905.7295228242874,478.0114771723747
80.82104831933975,85.51195168495178
86.22758138179779,85.49441862106323
82.63511085510254,44.36588913202286
82.18962901830673,119.58837097883224
96.61414498090744,66.82885503768921
107.00367569923401,51.682324290275574
146.61420446634293,437.97879552841187
577.4087387919426,474.53526121377945
1035.48327678442,465.2207232117653
183.4302214384079,340.53277856111526
483.28072196245193,480.81127804517746
934.0392372608185,476.8117627501488
76.07674872875214,84.92325127124786
74.31625372171402,88.01674628257751
76.94576001167297,86.64723998308182
76.72226685285568,89.31373316049576
77.85177171230316,86.50022828578949
81.72127509117126,169.90872490406036
374.8687882423401,328.2982117533684
673.5162924528122,481.02070754766464
1144.4228001236916,493.5221998691559
76.45931619405746,84.74368381500244
1070.402823984623,499.375176012516
76.40234923362732,85.1156507730484
78.38385796546936,89.04214203357697
41.82636606693268,88.07963395118713
80.30788904428482,353.5251109600067
85.30740946531296,87.98859053850174
75.9920403957367,255.3969596028328
296.47257274389267,437.74842727184296
702.3051528930664,487.45284712314606
1153.9346808195114,471.13931918144226
76.80419933795929,87.71480065584183
77.93371021747589,87.75228977203369
77.39522153139114,97.19677847623825
76.02473264932632,88.25326734781265
49.987288892269135,89.10471111536026
84.61585992574692,325.1061400771141
388.5604174733162,462.2175825238228
755.9479842782021,516.6260157227516
76.98449420928955,88.75650578737259
75.91000664234161,87.4049933552742
75.61351799964905,88.46148198843002
76.29803055524826,87.9609694480896
77.38953983783722,88.29546016454697
80.98227089643478,84.24072909355164
26.814794182777405,424.0742058157921
461.99937558174133,422.87062442302704
805.554974257946,483.4640257358551
77.66448658704758,87.50151342153549
78.96000009775162,84.7619999051094
78.83051836490631,89.7814816236496
78.77404475212097,85.63295525312424
80.97757095098495,89.41142904758453
57.773091197013855,68.2829087972641
109.9578121304512,383.1541878581047
377.6974840760231,512.3765159249306
56.41905987262726,257.0619401335716
270.826696395874,453.0073035955429
681.2513338923454,423.2476661205292
1046.1579169034958,484.1000831127167
80.39844143390656,86.50855857133865
83.67496109008789,86.78703892230988
79.3974814414978,88.12051856517792
80.80400443077087,86.75099557638168
80.67452991008759,89.19747006893158
56.87704646587372,271.77095353603363
408.82054966688156,395.2534503340721
769.6900594830513,493.05094051361084
76.57856857776642,95.16143143177032
76.59607535600662,85.47792464494705
78.94758415222168,90.66341584920883
76.37309509515762,87.03390491008759
74.3356003165245,87.03539967536926
65.98310315608978,89.51689684391022
137.24161058664322,394.2763894200325
574.963111102581,405.3888888955116
1062.6106182932854,400.981381714344
82.0361260175705,93.24187397956848
74.88765549659729,86.39034450054169
76.1271630525589,85.2808369398117
75.10767114162445,84.39132887125015
78.6071760058403,84.0958240032196
75.6806890964508,203.2073109149933
309.69919365644455,453.1718063354492
761.6427058577538,411.87629413604736
225.29020708799362,429.09879291057587
708.178709924221,454.00629007816315
1073.3992159366608,517.4517840743065
77.62071681022644,93.24928319454193
75.6212227344513,88.65677726268768
87.41523444652557,46.56576555967331
113.4512630701065,281.5307369232178
351.3207919597626,523.0492080450058
768.2833878993988,528.7526121139526
94.43193989992142,115.68006008863449
105.39349377155304,107.77250623703003
101.28205496072769,108.45894503593445
104.52262264490128,111.07037734985352
98.94820946455002,100.73779052495956
104.20577639341354,102.16422361135483
80.94633543491364,328.92366456985474
329.14989399909973,513.2951059937477
764.1304531097412,538.6665468811989
98.94500708580017,118.79599291086197
102.9615666270256,115.72243338823318
99.24013769626617,105.11286228895187
101.51769655942917,110.63130342960358
101.0902436375618,110.44675636291504
101.81180757284164,113.66919243335724
85.29238921403885,303.8736107945442
325.60696017742157,465.81903982162476
762.7175203561783,475.02247965335846
100.90207386016846,126.1529261469841
659.2536522746086,514.4313477277756
1064.1232641339302,529.4137358665466
93.49382787942886,97.02517211437225
92.08538216352463,99.22961783409119
98.37994784116745,98.58205217123032
91.06552678346634,255.2864732146263
91.25008416175842,95.84291583299637
98.43463623523712,127.5833637714386
172.91520512104034,500.08479487895966
608.7847609519958,504.23323905467987
1057.0073119401932,506.1596880555153
97.30287140607834,105.58612859249115
95.98744976520538,106.16155022382736
106.74601250886917,108.06898748874664
105.05958688259125,114.55141311883926
100.67014235258102,118.68185764551163
107.33670538663864,128.515294611454
171.2242819070816,506.9787181019783
591.9648558497429,525.7561441659927
1031.9834129214287,549.4235870838165
94.96395862102509,105.35104137659073
97.14851093292236,101.87048906087875
98.90806967020035,99.77793031930923
96.98064363002777,114.87135636806488
93.59119546413422,101.79780453443527
96.59074860811234,150.46525138616562
174.9233067035675,516.0206933021545
637.9039016962051,502.4100983142853
66.84998142719269,438.77801859378815
94.70148473978043,88.53851526975632
80.77499508857727,359.85400491952896
371.12649887800217,514.4105011224747
820.8670377135277,500.3919622898102
80.47755461931229,93.18944537639618
78.79106253385544,88.85593748092651
76.14256191253662,88.0794380903244
77.29006242752075,85.24693757295609
79.16056513786316,90.82143485546112
161.47257822752,434.34142178297043
559.751088321209,511.52691167593
1028.4535996317863,512.1014003753662
78.23012042045593,90.30587959289551
78.0816240310669,90.27037596702576
80.0441352725029,89.77086472511292
78.65464055538177,87.88235944509506
85.57915323972702,88.58684676885605
79.4866595864296,242.9013404250145
349.02317076921463,455.8098292350769
767.7076826691628,482.77431732416153
77.54021030664444,90.16278970241547
77.63271248340607,89.60828751325607
79.83521741628647,90.07178258895874
78.61172366142273,88.44327634572983
79.51923036575317,88.42476963996887
55.13883447647095,89.2131655216217
90.93202781677246,423.9379721879959
549.4862290024757,447.38377100229263
958.0394296646118,491.8675703406334
487.370642721653,426.16535729169846
873.2948434352875,506.94515657424927
75.20105767250061,93.37294232845306
77.56925290822983,90.81974709033966
75.65944761037827,93.17455238103867
77.5656413435936,87.60135865211487
78.32183772325516,91.25116229057312
49.82103389501572,143.27196609973907
226.5972265601158,441.9037734270096
680.1314194202423,447.9795805811882
1143.018615245819,458.5743847489357
108.01682341098785,64.16917657852173
146.08804136514664,58.299958646297455
147.2342523932457,65.3587476015091
81.62190914154053,86.78509086370468
79.89811599254608,87.0838840007782
46.377326130867004,141.5296738743782
198.37554198503494,438.69845801591873
650.5397491455078,417.42325085401535
1101.0939614772797,440.4620385169983
93.7031718492508,58.278828144073486
101.1823770403862,69.53862297534943
118.27259510755539,67.9124048948288
140.16081565618515,57.4871843457222
97.14003896713257,104.08196103572845
55.415303468704224,236.47269654273987
237.28456580638885,440.40043419599533
668.0968182086945,478.10618180036545
1108.8550739884377,493.4049260020256
551.0193386673927,478.55466133356094
987.6096022129059,496.593397796154
102.86786687374115,105.72513312101364
102.18013298511505,113.54186701774597
100.88240611553192,101.6365938782692
104.8066725730896,132.4903274178505
162.11893540620804,66.52906459569931
75.98762965202332,91.27137035131454
77.24582099914551,340.03217899799347
391.9101786017418,427.5898213982582
841.9443842172623,418.36961579322815
78.38758563995361,58.61241436004639
76.5337843298912,86.00321567058563
85.34698408842087,89.19001591205597
61.771185517311096,76.24781447649002
70.71338385343552,73.36161613464355
82.04470175504684,89.9002982378006
108.35794043540955,356.7900595664978
417.6152845621109,440.4777154326439
92.42223906517029,55.799760937690735
118.88344544172287,36.22755455970764
115.0666538476944,59.914346158504486
171.5098775625229,46.76812243461609
102.04514670372009,371.973853290081
413.1904317140579,521.3465682864189
851.9486832022667,512.978316783905
360.64992862939835,463.53607136011124
44.05695867538452,446.276041328907
530.3701670765877,421.24083292484283
912.9233719706535,516.9476280212402
84.45857721567154,95.52342277765274
82.178795337677,88.98820465803146
77.08400076627731,90.17499923706055
78.97120940685272,87.9547905921936
75.91342163085938,91.03057837486267
51.874619364738464,164.82838064432144
703.7410069108009,428.55499309301376
1128.906206190586,466.03879380226135
79.58841061592102,90.63358938694
79.05062311887741,87.11637687683105
76.69583684206009,89.192163169384
80.80603212118149,88.30596786737442
81.0442425608635,88.21475744247437
78.96845465898514,294.03154534101486
404.0586476922035,436.052352309227
879.0198451280594,426.12815487384796
78.88805216550827,89.03694784641266
76.68326097726822,88.0397390127182
77.08746403455734,89.26353597640991
79.73466104269028,86.93233895301819
89.06687206029892,90.93412792682648
89.84209430217743,31.935905694961548
108.24731409549713,442.41968590021133
555.7085310220718,454.58746898174286
1006.5207614898682,418.79323852062225
485.87098985910416,453.64701014757156
923.8322022557259,457.6127977371216
107.8674465417862,116.65155345201492
105.19874131679535,112.46725869178772
107.53002268075943,121.41397732496262
105.89929074048996,108.95270925760269
158.3785598874092,73.47344011068344
76.48825842142105,90.73374158143997
78.81945866346359,181.90254133939743
334.7436602115631,409.9783397912979
766.1668696403503,424.24013036489487
635.9250846505165,978.241915345192
43.31603789329529,473.23996210098267
477.85124319791794,500.1117568016052
940.3304440379143,503.41155594587326
78.754647731781,84.3573522567749
76.32585674524307,86.47014325857162
75.63905829191208,87.82394170761108
79.24825936555862,89.15874063968658
79.26446831226349,88.6235316991806
117.76267230510712,101.88532769680023
207.57486885786057,492.9611311554909
656.1660797595978,502.77892023324966
157.70128566026688,425.74271434545517
590.5694813728333,501.7635186314583
1049.6236976981163,497.5623022913933
79.54691034555435,87.3040896654129
81.04612845182419,89.58487153053284
79.63634634017944,90.97465366125107
76.72654503583908,89.12445497512817
81.90974307060242,89.57125693559647
82.74094623327255,269.96205377578735
302.99814569950104,498.3158543109894
752.2373438477516,507.9846561551094
79.06853657960892,89.06046342849731
75.15973383188248,87.37726616859436
75.2309301495552,88.13906985521317
75.08112925291061,88.78887075185776
75.30131882429123,89.45668119192123
77.44750928878784,91.60749071836472
120.87269914150238,439.5913008451462
515.64789301157,494.98210698366165
961.2201165556908,514.0398834347725
75.7363132238388,85.65268677473068
78.10550582408905,86.61649417877197
87.23270231485367,91.9342976808548
79.08289897441864,86.60310101509094
79.93310952186584,89.08589047193527
78.0963146686554,197.6066853404045
283.3175131082535,445.6634868979454
683.9447246789932,504.0922753214836
1143.2949290275574,517.2050709724426
78.12713885307312,88.5038611292839
1069.4583419561386,513.7096580266953
76.7705420255661,85.71045798063278
76.69473946094513,88.32326054573059
78.30394065380096,93.01005935668945
57.08014535903931,384.27185463905334
483.7263442873955,430.99665570259094
37.46453922986984,312.2954607605934
1249.5367339253426,68.40726608037949
800.2199404239655,470.50205957889557
76.51414149999619,90.15185850858688
79.88333773612976,90.41366225481033
76.27053779363632,88.39746218919754
76.30474072694778,87.43625926971436
78.93294417858124,90.4010558128357
74.93014377355576,47.86585623025894
155.09533405303955,418.7556659579277
571.7045325636864,467.7394674420357
1006.3877290487289,489.81527096033096
76.29292958974838,88.07707041501999
75.08713287115097,89.26386713981628
78.17833280563354,87.50766718387604
77.3055357336998,88.02746427059174
77.34173077344894,88.41826921701431
72.50593566894531,230.32806432247162
321.72616708278656,426.606832921505
765.0753793120384,455.27562069892883
619.9076155424118,1014.7603845000267
106.20192748308182,59.72407251596451
109.88515651226044,69.42984348535538
133.27237731218338,65.17262268066406
144.8256025314331,63.10039746761322
76.43525665998459,85.71274334192276
78.7484523653984,109.93654763698578
258.1346541047096,409.92034590244293
691.1508620381355,427.73813796043396
187.0020626783371,432.3869373202324
574.0734409689903,447.70355904102325
977.4977003931999,467.05829960107803
87.77395153045654,57.4670484662056
96.66019815206528,60.802801847457886
98.36243891716003,67.00756108760834
98.26770824193954,67.23229175806046
111.96993625164032,72.32706373929977
132.208181142807,64.86581885814667
84.2808141708374,303.2931858301163
379.09403508901596,455.3869649171829
842.6852539181709,443.2407460808754
81.21947640180588,89.98352360725403
85.2916983962059,38.24430161714554
82.82692170143127,36.34007829427719
83.28814381361008,48.76785618066788
82.2123612165451,61.60263878107071
94.58058524131775,70.23341476917267
88.24581563472748,395.1621843576431
482.5950430035591,449.86795699596405
944.3342528939247,455.23974710702896
69.8536861538887,414.8493138551712
471.3888872861862,486.75911271572113
943.8690891861916,478.42791080474854
851.9575153589249,485.2094846367836
81.15971618890762,86.970283806324
77.8979252576828,83.36107474565506
82.84013599157333,90.2888640165329
46.26435077190399,162.56864923238754
80.7435594201088,84.6454405784607
83.98277294635773,177.3322270512581
171.3879914879799,419.7050085067749
534.2202068567276,471.7987931370735
981.2364199757576,509.39258003234863
76.14163202047348,84.65436798334122
77.28783136606216,86.15716862678528
77.17504823207855,83.54695177078247
77.26524978876114,83.88275021314621
77.24545615911484,87.38454383611679
78.16867023706436,214.36832976341248
310.27787560224533,561.3691244125366
714.8310755491257,441.4279244542122
77.36628460884094,87.72671538591385
77.41949266195297,89.76450735330582
75.51069855690002,85.67430144548416
76.45389717817307,85.62010282278061
76.78509879112244,83.80790120363235
80.70931273698807,86.7536872625351
79.91052556037903,388.1084744334221
52.44675529003143,563.8682447075844
464.77795523405075,480.5920447707176
891.5731480717659,484.07485193014145
499.8113362789154,390.74466371536255
983.1235268712044,366.5424731373787
77.38172060251236,89.06227940320969
77.17592269182205,89.75007730722427
79.24812716245651,88.52987283468246
68.91233384609222,268.77266615629196
78.33653128147125,87.5154687166214
88.81573450565338,193.83226549625397
161.7029323577881,563.9820676445961
731.8681280016899,320.68787199258804
1020.847333908081,507.65266609191895
76.77153897285461,88.98846101760864
77.00973933935165,92.52726066112518
77.6929440498352,87.32505595684052
77.04314517974854,88.01285481452942
84.04134529829025,91.16265469789505
74.15055590867996,268.44244408607483
382.6117475628853,550.0552524328232
781.3139582276344,462.98304176330566
79.77416104078293,91.72583895921707
80.71737164258957,86.04162836074829
78.56658506393433,86.98941493034363
79.47179156541824,85.13920843601227
77.87700283527374,88.7709971666336
44.653210043907166,88.1057899594307
87.04040879011154,421.34859120845795
516.2976135611534,436.36938643455505
931.8518096804619,480.1111903190613
77.92403823137283,84.2059617638588
925.6072412729263,87.74475872516632
80.91944009065628,88.96955990791321
84.08365368843079,89.76734632253647
86.26786142587662,89.91813856363297
58.099071860313416,161.06792813539505
238.98626935482025,413.03173065185547
84.37348157167435,61.794518411159515
133.05570375919342,445.9812962412834
575.1649168133736,465.8160831928253
1031.8301315307617,463.0958684682846
81.79035639762878,89.20864361524582
82.91856634616852,42.469433665275574
90.30578255653381,63.19421744346619
98.76699203252792,67.73300796747208
115.24619591236115,66.30880409479141
152.11440861225128,118.8665913939476
72.09521049261093,402.40478950738907
494.7594137787819,447.9255862236023
978.720610499382,427.8713895082474
79.58880358934402,87.61519640684128
81.23500168323517,87.6349983215332
93.1041983962059,47.34080159664154
97.8794134259224,62.74958658218384
117.7296434044838,68.73335659503937
88.46785831451416,102.44014173746109
134.6890753507614,484.16392463445663
558.4643495082855,503.9806504845619
988.9626224637032,494.8713775277138
103.83088052272797,109.76111948490143
104.38514345884323,113.41185653209686
95.14141380786896,102.83958619832993
95.80666583776474,99.78633415699005
101.97191941738129,111.10208058357239
79.28417867422104,64.27082133293152
104.07942974567413,474.661570250988
527.335676074028,493.34932392835617
107.72292172908783,388.96207827329636
416.4431692957878,533.0748307108879
869.1634341478348,520.3545658588409
100.80973184108734,100.09726816415787
127.21601390838623,71.37698608636856
80.73264461755753,88.02635538578033
80.4718542098999,87.34314578771591
78.52506422996521,83.54893577098846
87.7642714381218,88.01372855901718
46.854501485824585,302.1084985136986
351.037710249424,457.2582897543907
803.776914536953,464.0750854611397
131.84913337230682,73.83586663007736
107.56939393281937,111.91260606050491
102.14166939258575,108.96933060884476
104.49092304706573,102.47207695245743
103.61918359994888,106.30681639909744
108.2464627623558,105.30953723192215
99.6707614660263,244.49623852968216
284.28002643585205,488.20097357034683
698.0193268656731,503.5546731352806
1136.387596487999,501.40840351581573
104.68186450004578,106.94813549518585
1000.6611285805702,513.2648714184761
107.71538543701172,107.02561455965042
136.04664605855942,72.28735393285751
77.17428702116013,88.8437129855156
90.7654909491539,74.4385090470314
171.18971920013428,458.62528079748154
103.7059662938118,89.75703370571136
91.31557404994965,271.98042595386505
351.9627848267555,460.31521517038345
818.6079888939857,447.132011115551
81.51319098472595,97.80080902576447
78.78939670324326,91.48860329389572
82.63859844207764,50.58240157365799
77.6928020119667,46.95519798994064
96.52400660514832,64.75299340486526
128.02221739292145,64.29178261756897
82.3344292640686,456.83157074451447
513.110654592514,472.7403454184532
61.63005352020264,592.4809464812279
467.27626734972,493.68673264980316
903.57046854496,534.8925314545631
78.84568494558334,88.35731506347656
79.75088840723038,88.93411159515381
79.89808857440948,90.50991141796112
80.37829035520554,85.69670963287354
81.72749352455139,89.08650648593903
79.07669776678085,143.51530224084854
255.7788850069046,442.98011499643326
674.4620900154114,475.14890998601913
634.942310333252,992.2066896557808
588.18050801754,498.76349198818207
1013.7897007465363,541.7842992544174
74.43588906526566,87.6191109418869
75.26708030700684,86.88091969490051
78.17227220535278,88.08672779798508
77.85646939277649,361.810530602932
81.22466778755188,93.14533221721649
79.48187190294266,305.7781280875206
378.42406660318375,430.94693338871
841.3112642168999,483.1887357831001
75.82746386528015,84.93153613805771
77.54766696691513,86.04433304071426
78.41586720943451,83.695132791996
52.58106577396393,69.40093421936035
46.20926719903946,71.06873279809952
113.07566970586777,425.72033029794693
566.5178878307343,462.8161121606827
997.7940881848335,489.37291181087494
76.12527948617935,87.04172050952911
56.308471500873566,85.71052849292755
103.8986673951149,57.63833260536194
83.59987133741379,41.029128670692444
82.78409552574158,62.12290447950363
49.54133713245392,203.73566287755966
198.1316763162613,445.70132368803024
592.2039885520935,472.8890114426613
1045.6282354593277,455.889764547348
84.60849189758301,84.0955080986023
927.2167214751244,473.07927852869034
84.8629914522171,57.71100854873657
92.23220980167389,54.52779018878937
94.73044884204865,50.492551147937775
94.26468920707703,100.38331079483032
145.8000470995903,443.93995290994644
72.0023028254509,81.64669716358185
87.77751874923706,434.24048125743866
482.0167369246483,508.8532630801201
937.9029531478882,507.94904685020447
147.05017042160034,71.9868295788765
153.844407081604,74.02559292316437
76.21308940649033,98.76791059970856
79.04529941082001,96.71470057964325
82.43150758743286,90.36449241638184
91.96671658754349,79.73728340864182
80.35392814874649,348.2390718460083
420.9811693429947,488.4068306684494
871.4054027199745,458.3165972828865
103.10661333799362,67.00438666343689
123.67982840538025,60.41317158937454
126.25104260444641,79.74895739555359
146.93426352739334,77.04673647880554
79.85994613170624,104.73305386304855
92.00613462924957,101.43986535072327
51.65136897563934,436.92263102531433
398.4085653424263,470.92443466186523
55.98372447490692,406.68427550792694
464.8149406313896,507.37105935811996
863.3121618032455,517.0398381948471
386.31036776304245,471.39363223314285
798.2345712780952,524.8024287223816
69.21378195285797,68.99021804332733
60.804980635643005,71.58501935005188
61.96918565034866,74.32681435346603
72.2263851761818,106.08861482143402
69.68758338689804,66.97941660881042
75.6107816696167,88.85221832990646
124.66497367620468,427.87202632427216
582.6451761126518,444.6878238916397
1148.3283768892288,381.13562309741974
66.25256603956223,68.00643396377563
65.26876813173294,67.89823186397552
64.84098309278488,70.95601689815521
76.57919442653656,64.82780557870865
64.5773988366127,72.79260116815567
93.53860402107239,176.99839597940445
266.14786952733994,435.64813047647476
1080.4051294326782,93.37287056446075
1110.200477361679,473.3745226264
79.62373876571655,84.61726123094559
76.19593900442123,87.73006099462509
75.02713578939438,88.47286421060562
75.22832828760147,86.78967171907425
80.37552279233932,90.44047719240189
82.70672780275345,250.36727219820023
377.6489233970642,441.7390766143799
823.3701294064522,460.4268705844879
80.21932703256607,92.70667296648026
744.1985387802124,511.5974612236023
29.439602255821228,429.02239775657654
390.79082131385803,523.2831786870956
870.2520276904106,482.65597230196
79.61923176050186,87.56476825475693
78.84043937921524,93.14156061410904
79.35663843154907,86.7173615694046
80.2808455824852,89.47815442085266
81.22405403852463,86.03594595193863
43.55426347255707,238.44473654031754
132.38646864891052,461.8185313344002
590.9026758670807,480.7823241353035
990.9928966164589,532.8951033949852
86.158132314682,89.65686768293381
80.69334000349045,86.8626599907875
80.58055913448334,85.71644085645676
85.18977117538452,88.88422882556915
35.03899395465851,88.59100604057312
85.01825773715973,319.74074226617813
178.22057884931564,496.66842114925385
626.0328195691109,500.1151804327965
1027.4020963311195,543.4499036669731
78.80835789442062,85.6186420917511
76.93455946445465,85.39844053983688
75.95175856351852,83.4742414355278
78.61596941947937,85.19803059101105
80.54117572307587,89.58882427215576
56.29738211631775,375.7586178779602
250.96258622407913,674.4264137744904
80.86778825521469,304.57621175050735
261.10699462890625,432.48500537872314
682.2532071471214,499.3587928414345
1089.8074160218239,536.8225839734077
82.19362729787827,91.10237270593643
78.91384613513947,86.10515385866165
78.02305328845978,85.81094670295715
84.83525794744492,89.7747420668602
80.31547439098358,88.81452560424805
64.96169972419739,473.6123002767563
389.7748991847038,474.7631008028984
803.1430995464325,528.3949004411697
78.49230057001114,112.35869944095612
76.91650092601776,85.80549907684326
77.1557023525238,85.88129764795303
76.09790098667145,84.847099006176
76.39209794998169,89.45990204811096
26.76029223203659,111.35070776939392
142.5374967455864,463.1675032377243
605.6646865010262,584.3173134922981
987.73588347435,524.8741165399551
76.75308775901794,83.83991223573685
76.28728258609772,86.35971742868423
76.04547959566116,86.25052040815353
77.80269455909729,89.17930543422699
77.67089700698853,88.94010299444199
54.26210296154022,258.58989703655243
291.8153051137924,476.57369488477707
790.1285054683685,436.33449453115463
624.8117113113403,1059.780288696289
686.9769654273987,458.74603456258774
1074.5851619839668,552.895838022232
78.39836192131042,88.39763808250427
78.80355829000473,90.28944170475006
35.17275768518448,92.8092423081398
63.63295567035675,416.57104432582855
79.72415608167648,88.20184391736984
41.42536163330078,370.68563836812973
398.4235753417015,474.2984246611595
835.792777121067,486.7632228732109
99.17897588014603,59.06202411651611
115.14018404483795,64.97081595659256
120.45240312814713,67.52859687805176
151.28464722633362,66.5303527712822
79.9503213763237,89.79067862033844
81.52154338359833,85.8114566206932
82.53875994682312,267.83224004507065
316.05496698617935,496.24203300476074
800.7191803455353,467.0398196578026
644.735388636589,1057.874611377716
29.515544533729553,493.3544554710388
453.6067433357239,531.4852566719055
921.1419450044632,520.5060549974442
497.362166762352,416.9338332414627
835.3223743438721,524.9926256537437
80.58058089017868,88.1974191069603
79.48578202724457,92.66221797466278
82.33598709106445,91.14601290225983
85.01919054985046,129.77680945396423
81.9424039721489,92.31559604406357
52.57060742378235,227.42939257621765
129.2168152332306,474.72718477249146
605.4930235743523,464.2849764227867
1011.5832261443138,522.1207738518715
79.6554285287857,91.5485714673996
79.83863025903702,89.32836973667145
80.00383710861206,88.49716287851334
78.85405552387238,88.97994446754456
83.51826816797256,101.72273182868958
67.21946960687637,259.39153039455414
301.45866537094116,494.2273346185684
725.4568807482719,525.8581192493439
619.8251031637192,1089.7858968377113
78.41630685329437,84.80669313669205
78.71050918102264,90.60449081659317
75.76371675729752,87.68128323554993
78.6699110865593,90.88708889484406
79.92611283063889,92.31388717889786
80.49831479787827,564.705685198307
451.9785040616989,525.9104959368706
893.1987012028694,545.5422987937927
78.60389518737793,83.80310481786728
78.75009787082672,83.63890212774277
78.54429733753204,84.54870265722275
79.39449775218964,84.75350224971771
79.50369894504547,89.53330105543137
79.85290312767029,145.86909687519073
237.29609602689743,440.79590398073196
732.7013159990311,407.00268399715424
178.1805157661438,445.6884842514992
572.4757189750671,515.0242810249329
1013.7879208922386,527.3600791096687
76.80411928892136,87.5468807220459
79.15531092882156,88.04868906736374
86.0785122513771,84.81048774719238
79.79871666431427,88.68228334188461
83.46392637491226,90.53607362508774
81.75714296102524,265.2048570513725
366.44135224819183,423.2806477546692
731.7915686964989,518.2644312977791
634.0117791891098,1049.4702208042145
77.78699392080307,83.82400608062744
78.65519565343857,83.47380435466766
83.67240232229233,86.82759767770767
77.74460220336914,85.03339779376984
78.02080523967743,87.12819474935532
84.1850037574768,418.68499624729156
504.49722522497177,438.3727747797966
975.421437561512,462.9675624370575
81.30863791704178,95.24636209011078
78.34384858608246,87.11815142631531
87.62005060911179,79.8619493842125
113.09925705194473,53.530742943286896
93.6894651055336,69.66153490543365
87.33666998147964,121.38633000850677
58.6863175034523,418.4986824989319
527.0735328197479,428.4454671740532
903.7377731800079,472.46522682905197
386.198974609375,451.7270253896713
817.9931846857071,481.8208153247833
79.01038318872452,88.23061680793762
78.69357770681381,84.88142228126526
78.28377175331116,84.49322825670242
87.33697974681854,92.77402025461197
88.9282038807869,62.59079611301422
78.40843921899796,61.01856076717377
82.9236592054367,458.5753408074379
520.8298743963242,483.2071256041527
980.7351037859917,460.87489622831345
86.92263954877853,416.8933604359627
444.4578584432602,512.8571415543556
883.4180691838264,533.526930809021
80.13826727867126,94.56573271751404
80.15548223257065,86.9005177617073
77.74568980932236,85.99531018733978
81.03989017009735,88.60810983181
80.64909738302231,88.59190261363983
59.906297624111176,292.81570237874985
178.12749302387238,499.50350695848465
627.7356967329979,504.9493032693863
1057.6779096126556,545.6730903983116
79.95411545038223,83.73088455200195
986.8783214092255,541.344678580761
79.26452910900116,83.04947090148926
78.50373101234436,85.92226898670197
81.57610791921616,88.386892080307
55.019313633441925,383.3886863589287
280.5165151953697,476.9084848165512
83.94071853160858,294.2442814707756
664.91812479496,503.43387520313263
1094.4533287286758,523.1576712727547
78.30253911018372,85.95546090602875
80.52374851703644,87.36525148153305
80.52195405960083,85.21904593706131
81.056167781353,89.18483221530914
81.12957066297531,92.53742933273315
82.94177836179733,379.54022163152695
341.9399804472923,571.5410195589066
781.6601870656013,445.6918129324913
1173.6033908128738,536.9706091880798
67.60455042123795,418.7474495768547
435.9917538166046,520.4702461957932
872.5269600749016,539.5660399198532
79.6731629371643,88.80783706903458
804.171370267868,534.050629734993
81.92757654190063,85.86842346191406
83.20479148626328,87.48020851612091
81.77700167894363,88.0569983124733
46.31121414899826,145.18878585100174
132.9764251112938,517.0975748896599
83.4926365017891,46.78436350822449
41.93584448099136,536.787155508995
525.693031847477,525.5109681487083
967.6722159981728,539.7347840070724
82.28140443563461,85.10759556293488
80.68662071228027,85.92437928915024
81.66584920883179,84.74115079641342
76.34905302524567,83.27994698286057
81.12524461746216,86.35575538873672
55.53145128488541,253.13554871082306
269.0106677412987,489.9893322587013
718.1928703188896,503.0471296906471
1148.6540639996529,534.7899360060692
52.81925177574158,67.4587482213974
57.61344623565674,65.18255376815796
64.8716476559639,64.66635233163834
77.92484939098358,64.63015061616898
74.34905415773392,92.50294584035873
73.8102558851242,424.7827441096306
420.60446149110794,532.45153850317
875.0466721057892,523.0463278889656
79.84087401628494,90.73312598466873
83.26507848501205,87.06892150640488
81.94827884435654,92.51472115516663
82.48248487710953,92.70151513814926
86.44468778371811,92.77831220626831
80.72089487314224,138.70610511302948
160.14410412311554,506.85589587688446
596.0493095517159,521.6726904511452
49.97352987527847,66.85947012901306
521.1757354140282,526.9172645807266
977.4329416751862,532.8450583219528
86.50414675474167,102.64385324716568
78.94736516475677,90.23863482475281
82.31556534767151,86.5914346575737
80.36976569890976,90.50123429298401
51.052962481975555,88.33603751659393
65.18015271425247,248.54184728860855
298.8073493242264,484.4886506795883
701.5835618376732,529.37943816185
1149.3227987885475,516.0292012095451
77.57900303602219,85.23499697446823
78.09619837999344,85.49580162763596
79.03939872980118,95.46060127019882
79.66659396886826,93.74040603637695
41.05378991365433,89.39121007919312
82.14399743080139,405.2440025806427
510.21619987487793,459.0248001217842
858.9544413685799,546.2115586400032
80.84264606237411,95.06535392999649
79.30383968353271,87.47516030073166
82.63403421640396,90.45896577835083
81.55823189020157,93.66376811265945
81.07542872428894,91.40657126903534
58.29562717676163,150.89037281274796
188.60882133245468,484.61417865753174
624.3840205669403,503.17197942733765
1056.678235590458,536.0067644119263
80.13943892717361,84.41656106710434
988.7116451263428,541.9923548698425
76.20985001325607,86.90114998817444
79.63404577970505,88.14395421743393
91.22425138950348,85.2577486038208
48.64847558736801,321.0365244150162
424.7206701040268,438.0953298807144
71.43985831737518,254.98514169454575
312.69805389642715,468.2459461092949
704.9922548532486,541.6927451491356
617.5274537801743,1058.0655462145805
86.33965754508972,86.14134246110916
81.72684448957443,86.64315551519394
76.31704217195511,84.05295783281326
78.33423495292664,88.03576505184174
75.33243691921234,85.6125630736351
68.0526351928711,481.5583648085594
516.106834769249,520.4121652245522
947.1780370473862,491.4879629611969
77.52825957536697,85.47174042463303
76.08245587348938,83.28854411840439
77.94964569807053,85.80935430526733
77.3748430609703,86.12615692615509
79.76203572750092,90.81296426057816
86.61123198270798,91.4627680182457
278.8124240040779,436.8725759983063
701.8296227455139,474.83737725019455
1096.5868421196938,542.5991578698158
79.5850635766983,68.15593641996384
86.49026870727539,75.63873130083084
102.95146560668945,63.54853439331055
81.74566388130188,90.14333611726761
77.24387592077255,88.99712407588959
99.03807592391968,335.0539240837097
393.9062791466713,518.3337208628654
868.1074783802032,513.2615216374397
308.60568392276764,536.8943160772324
770.2519022226334,500.87709778547287
150.0471203327179,73.78687965869904
104.00737184286118,111.1586281657219
105.5436555147171,105.32734447717667
85.24492055177689,106.99607944488525
98.59420400857925,108.21979600191116
105.14950275421143,106.53649723529816
109.9987730383873,229.35322695970535
259.90404629707336,514.6889536976814
723.2543087601662,520.3196912407875
87.75528091192245,555.8007190823555
545.1605038642883,418.11749613285065
882.7327046394348,531.2312953472137
80.37891060113907,93.787089407444
78.71011769771576,88.77088230848312
80.96732300519943,87.8656769990921
80.46553802490234,86.16346198320389
81.12974232435226,91.59125769138336
54.0349555015564,306.02004450559616
196.23816859722137,592.984831392765
649.0313760638237,454.4496239423752
1044.6965829133987,531.7294170856476
79.28679156303406,86.50920844078064
1053.0439981222153,491.2330018877983
80.30220478773117,86.38279521465302
78.67041099071503,88.68158900737762
84.83572560548782,90.8872743844986
61.35193204879761,260.2410679459572
320.20217847824097,569.2428215146065
50.069449841976166,274.615550160408
149.8457925915718,582.1722074151039
514.0850617289543,519.5079382658005
929.5463494062424,532.3426505923271
85.47055888175964,86.21544110774994
85.04178673028946,90.75421327352524
80.72499597072601,84.03400403261185
81.90920543670654,83.94279456138611
79.62941944599152,85.2975805401802
68.59067898988724,290.0763210058212
222.56892162561417,587.2260783910751
539.4752653837204,518.2287346124649
978.8434702754021,545.5455297231674
81.26769518852234,85.65830481052399
80.35890114307404,86.53109884262085
89.91210854053497,86.4588914513588
77.5393094420433,85.64569056034088
82.05650985240936,87.64749014377594
52.4057200551033,378.63127994537354
258.6820331811905,593.6319668292999
659.5882684588432,498.1537315249443
1101.6785364151,525.61846357584
79.73175460100174,86.7122454047203
81.04495924711227,98.937040746212
79.52417087554932,86.38282912969589
79.7453750371933,86.99562495946884
80.85359817743301,84.23940181732178
57.31480175256729,320.0741982460022
413.0169953107834,556.4830046892166
50.18119966983795,250.65180033445358
295.29039669036865,491.22860330343246
788.9175997376442,607.3594002723694
620.87980479002,1052.2871952056885
81.78404343128204,84.82695657014847
77.80124813318253,85.79175186157227
93.87346458435059,85.70053541660309
81.482670545578,86.79532945156097
89.94394111633301,84.31505888700485
86.75718569755554,348.65081429481506
398.3294485807419,480.02255141735077
854.6597017645836,473.89529824256897
78.93590342998505,83.32309657335281
81.06316012144089,87.3248398900032
80.45136499404907,85.3276349902153
80.89256411790848,49.71743589639664
82.77976381778717,88.51623618602753
81.77897453308105,89.85102546215057
65.99818712472916,477.7418128848076
483.4044107198715,491.0955892801285
921.9946230053902,516.5423769950867
121.21485596895218,70.09914404153824
127.06507647037506,68.80492353439331
108.98931074142456,114.49268925189972
134.41359347105026,74.80940651893616
99.63324159383774,69.92175841331482
102.07646018266678,73.25653982162476
57.29666727781296,410.51833271980286
427.1088888645172,486.0951111316681
80.53515988588333,515.6678401231766
88.95839089155197,90.18860906362534
90.0866242647171,410.44937574863434
338.9549126625061,494.3400873541832
752.50912296772,527.5648770332336
618.8783733844757,1053.8446266055107
79.7095867395401,87.16141325235367
78.11478942632675,82.92221057415009
79.50199389457703,85.68400609493256
81.11020070314407,83.77779930830002
81.34953916072845,91.94646084308624
53.5517657995224,532.6892341971397
406.0870288014412,463.24697118997574
771.3623180985451,520.0446819067001
83.1385241150856,99.34347587823868
78.19172894954681,84.123271048069
80.44892930984497,87.94007068872452
77.46513617038727,87.21886384487152
80.16733652353287,87.4066634774208
79.62853813171387,182.11246186494827
118.2377399802208,606.2252600193024
497.79094380140305,537.2820562124252
73.47646522521973,423.541534781456
459.32666343450546,497.0063365697861
50.583866596221924,364.69413340091705
389.78506433963776,506.50993567705154
861.6732662916183,486.2537336945534
78.87446963787079,71.86653035879135
82.6506769657135,71.53432303667068
88.42587929964066,77.53612071275711
95.55308926105499,66.09491074085236
85.95929515361786,71.11470484733582
70.82750314474106,55.85749685764313
96.26971918344498,504.5072808265686
567.1569172739983,500.65708273649216
1012.4141182899475,514.2338817119598
75.80132502317429,73.06967496871948
76.76253569126129,75.27446430921555
90.42674851417542,67.10925149917603
83.22095376253128,69.39004623889923
85.46116238832474,71.39083760976791
84.8473688364029,200.67063117027283
363.67857122421265,522.1914287805557
687.6398339867592,509.10116600990295
1143.0080398917198,524.0099601149559
828.8582595586777,46.14174044132233
75.48547780513763,67.38452219963074
69.66868668794632,70.31231331825256
70.57489013671875,73.14810985326767
51.832149505615234,77.51985049247742
67.90335428714752,488.98464572429657
440.8465523123741,567.5054476857185
825.733761370182,512.0072386264801
68.91595327854156,73.0460467338562
772.6741703152657,512.9738296866417
642.0053779482841,1114.901622056961
29.729520797729492,494.0854791998863
440.24672240018845,549.9022775888443
899.3739247918129,546.6080752015114
79.59413284063339,86.88786715269089
80.98134034872055,88.44465965032578
80.92355120182037,89.39144879579544
79.77376049757004,89.6712394952774
80.77195942401886,89.8950405716896
78.71415579319,166.54584419727325
178.0083488225937,516.8616511821747
623.35854190588,538.8824580907822
1090.4117373228073,540.8472626805305
77.31793373823166,89.57106626033783
77.14913165569305,89.98086833953857
84.81333297491074,88.31666702032089
80.62654769420624,90.07745230197906
80.18002098798752,87.30097901821136
68.14121335744858,249.635786652565
259.1944046020508,525.5265954136848
699.1926115751266,548.4913884401321
622.3578104376793,1054.568189561367
610.1890515089035,549.7179484963417
1071.6132495999336,550.2577503919601
80.25845658779144,91.25854343175888
81.73866307735443,88.02033692598343
80.53386622667313,87.72613376379013
28.032062351703644,476.96893763542175
82.23326939344406,86.08173060417175
82.02749562263489,346.4355043768883
333.04369658231735,550.6593034267426
796.171897649765,552.6991023421288
79.9100958108902,88.82990419864655
80.3532885313034,88.68471145629883
81.46248376369476,88.03751623630524
80.16368609666824,90.00331389904022
81.17989003658295,85.78310996294022
45.97509503364563,122.08090496063232
90.86129975318909,522.7867002487183
517.6004989743233,559.9915010333061
981.3577029705048,546.957297027111
83.15290427207947,84.53309571743011
79.89111387729645,83.94288611412048
79.70333307981491,86.50066691637039
79.99853456020355,86.09446543455124
81.25575178861618,86.5222482085228
51.82795965671539,264.93204033374786
217.43728762865067,516.3407123684883
603.4165393710136,560.0094606280327
1033.7298300862312,546.2711699008942
79.54311645030975,85.04988354444504
1037.040315270424,78.10768473148346
77.39058881998062,83.6274111866951
79.49978613853455,84.18521386384964
83.7749930024147,91.81700700521469
61.8662024140358,270.8557975888252
229.34544962644577,525.7465503811836
53.454710721969604,149.8602892756462
148.71200239658356,465.5469976067543
686.2282761335373,388.6417238712311
974.522479236126,536.1425207853317
77.76171147823334,84.88528853654861
79.57491147518158,88.53608852624893
79.99811923503876,86.74188077449799
80.36732739210129,85.55867260694504
46.97753548622131,88.5414645075798
78.84478837251663,199.43321162462234
279.6390441060066,457.1019558906555
624.2303094267845,544.1396905779839
992.0436890125275,545.1053109765053
82.87490141391754,84.27309858798981
80.50211411714554,85.36788588762283
80.40733993053436,84.07366007566452
82.01754754781723,84.27945244312286
81.7187597155571,88.24424028396606
58.17996275424957,328.597037255764
270.881285071373,465.13771492242813
640.6014948487282,548.027505159378
1091.08169901371,550.7153009772301
81.20990347862244,88.16109651327133
79.67010587453842,85.71889412403107
79.9453102350235,85.99868977069855
83.14751601219177,85.98148399591446
84.86772525310516,85.13227474689484
44.29193502664566,350.3930649757385
425.43814384937286,472.8398561477661
800.6213526725769,552.2496473193169
345.28655457496643,619.6954454183578
741.5987564325333,543.6412435770035
79.98594695329666,86.71805304288864
78.7621459364891,84.42285406589508
79.22234344482422,88.75865656137466
66.5355452299118,91.79745477437973
80.44074660539627,86.68825340270996
132.62214422225952,431.65485578775406
560.2503399848938,467.8606600165367
975.1555357575417,510.04746425151825
79.80175656080246,84.99424344301224
78.6329852938652,87.14501470327377
76.81619745492935,82.77680253982544
83.55539429187775,84.2966057062149
79.49760007858276,93.24339991807938
86.14480274915695,197.17119723558426
257.77100974321365,473.5989902615547
707.6402170658112,499.5267829298973
1147.0454330444336,650.8615669608116
105.8766558766365,70.3263441324234
125.41187328100204,67.57012671232224
128.63209056854248,68.81190943717957
141.63033264875412,70.98066735267639
81.81402987241745,94.90797013044357
86.75728470087051,79.50171530246735
105.73653680086136,498.96746319532394
500.604763507843,534.2472364902496
928.7510487437248,533.063951253891
359.1203404068947,548.1396595835686
798.3215932846069,546.5114067196846
101.28183007240295,99.69916993379593
94.76109182834625,99.07090812921524
95.92733824253082,96.55466175079346
105.12858295440674,104.59341704845428
103.7748332619667,102.02116674184799
62.31008195877075,98.31991803646088
80.64133077859879,379.8396692276001
373.50960022211075,531.8043997883797
800.0998669266701,495.9731330871582
101.80211955308914,105.04888045787811
108.50437706708908,102.16262292861938
113.59464359283447,101.9793564081192
94.90789937973022,99.55510061979294
97.64615255594254,90.7788474559784
93.7004234790802,94.94757652282715
98.64369022846222,333.4493097662926
339.47495371103287,539.637046277523
743.1392288804054,551.027771115303
102.48848760128021,98.58451241254807
98.83974951505661,95.30925047397614
107.80001372098923,105.10798627138138
104.280268907547,101.77573108673096
105.8145222067833,103.2784777879715
107.77577412128448,102.52022588253021
55.88505154848099,362.55894845724106
291.5133094191551,546.283690571785
719.3255744576454,549.119425535202
1156.6388447880745,556.1021552085876
584.4151051044464,563.3438948988914
1032.7823603749275,556.6056396365166
98.18861889839172,93.38538110256195
102.42686951160431,101.22013050317764
103.35113424062729,117.40786576271057
98.20142197608948,198.29857802391052
104.71868568658829,102.3743143081665
102.23496055603027,120.85803943872452
119.39923119544983,540.7487688064575
536.4534931182861,548.3065068721771
972.7857595682144,562.1042404174805
101.46801322698593,99.82898676395416
100.92927992343903,103.66272008419037
93.70554316043854,98.5354568362236
104.03679811954498,107.12920188903809
107.23906356096268,106.5399364233017
55.31031709909439,136.30068290233612
79.62357395887375,532.3024260401726
487.0108429789543,591.0081570148468
932.6191166639328,572.1028833389282
100.89639854431152,117.88260143995285
101.41165518760681,101.23534482717514
103.05891239643097,106.8110876083374
104.48216384649277,103.31383615732193
110.27742397785187,107.40757602453232
113.5156883597374,111.89131164550781
68.67995911836624,513.0600408911705
448.16022580862045,535.8767741918564
929.1585005521774,508.41549944877625
82.34502077102661,87.562979221344
83.13944029808044,88.89755970239639
59.044641971588135,385.8803580403328
248.3578382730484,516.7541617155075
700.7820407152176,539.3659592866898
1140.8902615904808,546.5537384152412
81.03746247291565,83.33353751897812
80.5906692147255,86.57633078098297
81.84887886047363,89.43012112379074
82.5120912194252,87.85790878534317
54.14129418134689,129.00770580768585
90.89750325679779,362.95449674129486
475.5807534456253,454.6962465643883
838.7639530301094,549.6250469684601
80.6511583328247,91.20084166526794
81.85235446691513,90.81364554166794
79.07355016469955,95.79744982719421
81.45974713563919,87.96625286340714
81.84694957733154,89.41205042600632
54.38214761018753,157.5628523826599
229.14033848047256,458.4346615076065
674.9705446958542,457.3064553141594
1035.524745464325,551.6972545385361
81.13394916057587,93.75505083799362
1064.0581530928612,462.38684689998627
79.296355843544,90.48164415359497
83.23855358362198,91.90944641828537
86.05176842212677,90.55923157930374
85.03097981214523,315.598020195961
345.8262560367584,475.13774394989014
70.69462060928345,293.21237939596176
194.43388903141022,577.4191109538078
592.1172357797623,457.3457642197609
926.6144979596138,551.8845020532608
82.77971202135086,83.96128797531128
79.90692389011383,82.96307611465454
81.83112823963165,86.74287176132202
79.32933628559113,83.05966371297836
79.97554618120193,86.43145382404327
80.97375977039337,323.4162402153015
275.28701853752136,570.4909814596176
632.6173239350319,473.12267607450485
985.4676327109337,542.7723672986031
82.20687729120255,85.33012270927429
78.87108343839645,88.35091656446457
81.05528104305267,84.96371895074844
79.64548349380493,84.50251650810242
81.82868254184723,84.65331745147705
55.696883857250214,264.65411615371704
328.5100895166397,450.65691047906876
735.0083055496216,483.2696944475174
1109.2465245723724,571.0864754319191
81.74474132061005,85.08825868368149
1028.1689567565918,579.6830432415009
78.87118321657181,85.35181677341461
80.23938250541687,85.87161749601364
72.51461857557297,64.96738141775131
87.80983448028564,359.5611655116081
398.1780545115471,503.118945479393
30.30528998374939,318.3607100248337
337.26650178432465,465.14149820804596
797.8757053613663,466.0132946372032
1173.7439181804657,560.1260818243027
59.35713052749634,416.71686947345734
415.94833558797836,530.2006644010544
860.4275609850883,537.1274390220642
85.62876772880554,86.75923228263855
80.55397480726242,86.24302518367767
79.40318006277084,88.96681994199753
79.27238315343857,85.85861682891846
82.80659008026123,90.45240992307663
43.693796277046204,138.75120371580124
122.41400194168091,530.5299980640411
560.3192173838615,541.3657826185226
1012.3544210791588,548.3305789232254
80.88963490724564,87.25836509466171
942.7578384280205,73.16816157102585
79.14503741264343,82.02196258306503
81.42024010419846,85.35675990581512
82.82556122541428,86.52543878555298
124.52876180410385,316.06423819065094
254.06297665834427,533.7330233454704
80.78320807218552,1093.252791941166
169.50340181589127,527.4035981893539
571.5576008558273,578.1643991470337
1063.6298018097878,550.9821981787682
79.8870062828064,89.13199371099472
81.97720903158188,87.52179098129272
81.19841766357422,88.56158232688904
80.71362644433975,89.21237355470657
83.73104906082153,90.8979509472847
60.52525508403778,407.01174491643906
353.2634605169296,564.8475394845009
846.5396674871445,379.3303325176239
1142.9458706974983,551.8321292996407
80.18507689237595,87.38992309570312
81.55328351259232,87.85471647977829
80.51349228620529,83.81950771808624
81.40069609880447,87.4703038930893
42.898899376392365,90.54510062932968
77.7860918045044,435.1029081940651
437.3022906780243,504.9757093191147
850.5775061845779,524.0324938297272
79.70570576190948,88.44229423999786
79.07390528917313,92.74009472131729
80.73910653591156,87.61289346218109
78.25531023740768,88.8376897573471
82.12350589036942,87.70949411392212
78.30770468711853,139.06329530477524
212.5839017033577,479.8050982952118
664.6921069025993,510.2148931026459
1083.5043101906776,538.791689813137
960.6325216293335,137.0524783730507
1036.7977102994919,646.4802896976471
99.5710991024971,58.55890089273453
64.44030886888504,60.93069112300873
71.60454607009888,335.8774539232254
103.88076078891754,99.26723921298981
57.656024396419525,236.71397560834885
193.08027428388596,523.9377257227898
619.0225226283073,555.4954773783684
1049.761794269085,566.2752057313919
109.53704017400742,108.12895983457565
107.054294526577,99.6497054696083
116.97855174541473,106.44744825363159
106.73582994937897,103.67217004299164
103.6970843076706,103.95091569423676
100.0463535785675,160.47164642810822
165.08160561323166,537.1403943896294
580.5248780846596,552.1981219053268
1007.2821689844131,552.8298310041428
101.92743146419525,108.33156853914261
98.05569565296173,94.8703043460846
110.75695270299911,103.31604731082916
103.16320848464966,100.3917915225029
96.67947220802307,100.98652780056
112.08473950624466,91.35926049947739
65.30638909339905,419.30561089515686
426.61863535642624,517.9183646440506
889.0428496599197,524.9201503396034
345.3000613451004,514.6249386668205
803.1502619385719,524.4047380685806
103.12947648763657,80.57352352142334
96.47974014282227,59.020259857177734
117.56995332241058,63.59704667329788
97.51216566562653,91.33883434534073
83.1957579255104,83.2112420797348
83.04597216844559,93.76802784204483
85.00718319416046,278.881816804409
300.7094079256058,513.4935920834541
744.9856188297272,537.4223811626434
1180.797831594944,582.4981684088707
142.07801681756973,377.4409831762314
427.7792322039604,532.9977678060532
895.9444510936737,518.5555489063263
77.94265240430832,68.79834759235382
69.10684978961945,68.06015020608902
70.51204985380173,69.43195015192032
69.91725295782089,69.43374705314636
82.26745706796646,75.63954293727875
84.39566206932068,260.64233791828156
139.26387107372284,544.1251289248466
593.6140912175179,533.2749087810516
1045.908305823803,542.5366941690445
519.4795095324516,525.5574904680252
968.5337190032005,531.5582810044289
46.36492246389389,70.76507753133774
80.54813063144684,37.691869378089905
84.99034398794174,37.341656029224396
47.63756620883942,456.93643379211426
77.06177884340286,72.80822116136551
69.4299950003624,360.3480049967766
228.85320180654526,543.3317981958389
662.3334095478058,564.4445904493332
1094.8136291503906,583.7053708434105
100.12586271762848,59.24513727426529
85.47507441043854,66.2649255990982
84.88128918409348,67.71071082353592
71.71250766515732,70.28749233484268
85.19178038835526,38.8642196059227
44.93100714683533,347.14299285411835
306.3922200202942,543.6087799668312
754.0934282541275,530.5365717411041
86.18462866544724,66.4453713297844
75.08984160423279,67.89215838909149
71.27305376529694,69.67094624042511
66.04926425218582,68.9687357544899
74.65747314691544,64.45352685451508
73.76767796278,176.26932203769684
107.2098878622055,594.4751121401787
66.57971221208572,271.1422877907753
236.55896604061127,525.6260339617729
751.4832243919373,470.1467756032944
380.592470228672,304.88852977752686
532.6096999645233,577.1873000264168
986.38493257761,586.281067430973
78.93914753198624,84.8948524594307
82.45534926652908,87.63765072822571
85.49075204133987,87.15824794769287
81.43296283483505,87.93703716993332
83.33816748857498,87.73583251237869
86.52138012647629,306.0706198811531
263.6115912795067,443.5724087357521
595.2778022289276,576.7591977715492
1054.738010942936,596.5769890546799
82.04544508457184,82.15855491161346
86.46231704950333,81.463682949543
81.17619597911835,83.30480402708054
81.42806673049927,85.6459332704544
86.56830072402954,87.89469927549362
90.6151916384697,287.23680835962296
168.16212010383606,529.2628799080849
646.3210809230804,469.345919072628
986.572004199028,583.2609958052635
78.60088968276978,82.08411031961441
81.68475645780563,82.51824355125427
80.60263538360596,81.49036461114883
82.85350680351257,84.29449319839478
82.8083883523941,86.43161165714264
68.50426363945007,391.5887363553047
683.2840223908424,546.5119776129723
1137.9978983998299,530.5401015877724
908.9337733983994,267.936226606369
1064.6856493353844,557.7033506631851
81.45452523231506,89.43447476625443
84.39039927721024,86.48060071468353
45.641275227069855,107.4137247800827
71.79913711547852,563.5698629021645
84.18026059865952,86.94873940944672
85.74713563919067,348.5318643450737
308.0710458159447,578.6869542002678
698.0449721217155,498.73302787542343
1111.461839735508,565.8341602683067
79.97271329164505,83.2872866988182
80.81558859348297,84.92441141605377
79.97446060180664,83.17353940010071
80.33733505010605,84.92266494035721
87.75449681282043,85.0785031914711
69.61738193035126,270.27161806821823
299.5902518630028,618.2437481284142
678.9331274032593,553.1218726038933
1159.3700159788132,534.2779840230942
84.5469006896019,84.2490993142128
83.09377580881119,83.60922420024872
81.51164710521698,81.80335289239883
83.70752227306366,83.23747771978378
127.47640997171402,55.5415900349617
52.097284495830536,434.36471551656723
447.29316717386246,516.0028328299522
816.4520680308342,558.8629319667816
83.86994057893753,90.20505940914154
736.7318187355995,563.6751812696457
645.390697479248,1079.740302503109
39.88639414310455,481.9476058483124
509.0812631249428,458.9187368750572
887.221129834652,558.5198701620102
81.52700173854828,85.39899826049805
86.611880838871,83.14811915159225
80.78876262903214,87.21123737096786
83.03963506221771,87.29436492919922
80.49450862407684,87.19049137830734
84.20837706327438,156.49562293291092
625.4511097669601,542.8088902235031
511.6089810729027,1079.4270189404488
81.08286827802658,84.36213171482086
80.5187446475029,84.4812553524971
80.69661957025528,81.7863804101944
79.52049201726913,83.36850798130035
93.27236473560333,89.87663525342941
83.65226757526398,322.7367324233055
300.8481579422951,510.17084205150604
765.2280292510986,543.2909707427025
80.09089118242264,86.4461088180542
78.3227596282959,85.39924037456512
1142.499658048153,549.0373419523239
78.41753000020981,84.06446999311447
79.85440051555634,84.99859946966171
81.66028589010239,58.191714107990265
79.35642820596695,369.16257178783417
89.21842396259308,729.4485760331154
87.3943817615509,177.64161825180054
181.36830908060074,531.8166909217834
587.0452398061752,554.6767601966858
987.3332419991493,559.036758005619
81.69511842727661,81.13788157701492
81.42799544334412,85.48000454902649
86.64187043905258,82.35812956094742
83.8197631239891,84.55123686790466
84.8296982049942,91.74430179595947
59.431575894355774,263.60542410612106
232.14545166492462,540.7795483469963
661.1013299226761,560.3806700706482
1117.963207423687,567.258792579174
82.73208564519882,83.63791435956955
80.96496272087097,83.66503727436066
80.69783872365952,83.76616126298904
84.72571325302124,88.79228675365448
85.90259569883347,92.28240430355072
57.709460854530334,424.5315391421318
397.86733293533325,544.6686670780182
828.4521995186806,573.880800485611
79.27706974744797,89.75993025302887
81.21393686532974,86.37906312942505
80.90880501270294,85.79519498348236
81.25167709589005,85.30332291126251
81.59655094146729,86.81144905090332
52.77342176437378,273.94957822561264
77.54228961467743,610.8837103843689
553.2561540603638,582.3178459405899
78.3590195775032,539.1599804162979
500.14789229631424,581.0191076993942
953.3427659869194,587.6572340130806
81.14863681793213,85.61036318540573
84.17751175165176,90.2854882478714
83.1883875131607,84.49761247634888
82.79125809669495,85.91274189949036
81.74613392353058,86.47586607933044
71.18200135231018,242.33599865436554
239.46987068653107,567.4371293187141
689.7577415704727,561.7972584366798
1136.823608160019,591.6393918395042
81.2034792304039,84.77652078866959
80.77034848928452,82.26665151119232
80.29821795225143,81.66478204727173
80.34708392620087,80.78391605615616
80.46795123815536,86.58804875612259
86.58882051706314,431.2441794872284
412.3206974864006,581.9943025112152
897.6095745563507,551.8904254436493
81.50843971967697,91.769560277462
81.574309527874,84.66669046878815
82.04718631505966,84.69281369447708
85.41006052494049,86.20193946361542
81.9569303393364,88.11706966161728
75.89280247688293,149.62619751691818
178.05167347192764,490.8933265209198
639.9875602722168,528.1604397296906
1056.2014511227608,547.9275488853455
568.8043503165245,475.4926496744156
986.9252191185951,541.240780889988
84.38009303808212,87.65690696239471
77.70496898889542,84.83203101158142
81.93782955408096,86.74717044830322
84.39269715547562,313.4223028421402
87.3655737042427,86.5414263010025
61.39444899559021,273.25355100631714
299.7563102841377,472.31668972969055
760.489185333252,480.19581466913223
1132.000053346157,573.6489466428757
77.00992023944855,87.17607975006104
78.14978224039078,85.29521775245667
81.12264400720596,86.58035600185394
78.02251815795898,82.60848182439804
81.05038678646088,89.68961322307587
83.57925641536713,424.2537435889244
481.49712586402893,494.79987412691116
922.9330074191093,512.8439925909042
77.70187598466873,84.70412403345108
79.91674327850342,84.08325672149658
78.8706111907959,88.94338881969452
79.34448111057281,70.470518887043
78.29835093021393,52.423649072647095
37.18021512031555,195.19078487157822
236.671078145504,469.8479218482971
645.9409409761429,531.4290590286255
1140.2838282585144,635.3631717562675
128.2017084956169,73.76129150390625
146.15659099817276,63.12040901184082
154.90848821401596,63.09151178598404
88.45581436157227,90.87818562984467
80.0397122502327,84.92228776216507
38.346591770648956,136.44940823316574
117.13548612594604,533.3655138611794
575.9043628573418,510.1506371498108
86.13624167442322,467.12175834178925
493.27613043785095,521.8908695578575
943.1200253367424,538.8239746689796
184.98190408945084,87.7580959200859
126.49279057979584,64.7482094168663
151.4287013411522,64.75729864835739
81.68002313375473,85.18997687101364
84.89390850067139,88.42109149694443
42.03379452228546,92.57720547914505
63.46968060731888,409.27131938934326
402.1655667424202,536.463433265686
862.3604525327682,515.1205474734306
83.98234337568283,39.23965662717819
83.69622361660004,67.35877639055252
91.11310344934464,70.12689656019211
129.82797861099243,61.691021382808685
96.13484615087509,99.79215383529663
103.84876257181168,105.59623742103577
83.93267697095871,496.9003230333328
473.2765889763832,542.8714110255241
883.4535366296768,559.3424633741379
103.87045460939407,108.86954540014267
92.2523689866066,92.11863100528717
662.1872727870941,1091.0157272219658
109.60519731044769,104.9868026971817
106.24612510204315,103.84687489271164
104.9040544629097,104.891945540905
51.96999937295914,489.1590006351471
418.6459513902664,567.4820485711098
74.08289188146591,341.5281081199646
318.1117911338806,558.1102088689804
741.622704565525,556.8962954282761
1179.836631000042,550.719368994236
102.7165515422821,107.81944847106934
101.83846634626389,104.19853365421295
106.29338890314102,111.74461108446121
100.35931921005249,102.97468078136444
53.36923170089722,100.59376829862595
107.99116176366806,302.2508382201195
296.01910281181335,537.2018972039223
717.9000247716904,552.9149752259254
1152.5769473314285,552.2190526723862
103.2538697719574,103.08013021945953
102.61579418182373,109.8102058172226
96.44172900915146,91.44827097654343
101.06265139579773,95.38134860992432
96.03557431697845,93.05742567777634
100.87949013710022,275.7505098581314
275.7604107260704,553.4435892701149
686.474338889122,579.6736611127853
1120.2812665700912,589.4037334322929
103.82719868421555,109.7088013291359
98.06112784147263,95.49487215280533
105.49704313278198,105.9849568605423
97.67396873235703,101.78903126716614
99.44288736581802,114.55611264705658
109.02780950069427,250.87919050455093
233.46474081277847,563.1472591757774
646.1036678552628,593.1553321480751
123.33658593893051,567.0894140601158
532.1065165996552,589.2274833917618
980.5424224734306,592.1805775165558
98.55232989788055,96.7066701054573
99.8032511472702,103.86374884843826
154.42516607046127,77.57583391666412
99.9160932302475,106.39790678024292
103.89000594615936,104.72099405527115
109.52993816137314,110.34106183052063
107.24388313293457,604.5341168642044
532.6617968678474,567.6352031230927
963.5797147154808,593.6242852807045
111.64466899633408,120.81833100318909
103.11860436201096,103.28939563035965
93.11051404476166,94.98248594999313
96.82343417406082,100.78756582736969
100.35234552621841,108.38765448331833
47.80827909708023,147.58172088861465
76.42920082807541,551.07179915905
469.9211610555649,589.7268389463425
969.2460862398148,544.7539137601852
81.29622709751129,428.6107729077339
414.085088968277,544.8779110312462
71.4469586610794,359.1640413403511
360.3638225197792,538.1911774873734
818.8746967315674,542.7183032631874
76.73655551671982,85.81844449043274
75.59841674566269,85.91958326101303
79.05327254533768,84.520727455616
76.6751400232315,84.51085996627808
80.72199946641922,84.72200053930283
82.91687369346619,101.93412631750107
151.29775911569595,542.8682408928871
547.5486487746239,559.2843512296677
1016.0225148797035,552.144485116005
48.71837258338928,71.263627409935
70.09823143482208,62.14276856184006
61.9421061873436,69.96489381790161
49.284985184669495,70.71401482820511
53.887861013412476,70.07513898611069
171.10175079107285,344.3242492079735
289.81562465429306,535.8323753476143
733.8264974355698,560.8955025672913
600.2803700566292,1143.829629957676
83.77324348688126,94.89375650882721
80.80111145973206,86.47588855028152
79.45997935533524,88.94802063703537
78.76685166358948,91.97414833307266
85.44371569156647,99.53828430175781
85.32357704639435,597.4534229636192
512.74144500494,490.6105549931526
889.2883122563362,571.896687746048
80.37318885326385,87.79381114244461
821.5310557484627,581.4319442510605
80.05992364883423,85.45807635784149
84.55279785394669,88.48520213365555
81.8776713013649,88.6223286986351
85.42454439401627,181.00145560503006
81.58342325687408,84.17557674646378
49.29729634523392,137.55470365285873
200.25116002559662,483.13783997297287
610.5210301876068,499.16496980190277
992.5679106712341,599.61708933115
82.52279454469681,88.79120546579361
81.62567114830017,90.06032890081406
85.59956777095795,92.43743222951889
81.60946094989777,87.46453905105591
81.6193380355835,88.75066196918488
87.2782107591629,232.49978923797607
316.0470827817917,501.50891721248627
765.9829536676407,505.05304634571075
1163.382839500904,577.4691604971886
96.78172373771667,56.625276267528534
87.5336275100708,62.00437247753143
103.00652545690536,63.457474529743195
113.0534040927887,62.798595905303955
151.10127836465836,51.56672161817551
129.7041593194008,349.9808406829834
350.71406549215317,540.0459344983101
766.9280146956444,554.294985294342
666.567950129509,1072.8580498695374
92.37870669364929,446.27029329538345
88.8886176943779,88.83338230848312
42.972519636154175,380.86048036813736
474.279387652874,426.8316123485565
761.2342673540115,581.0807326436043
82.31814068555832,105.9038593173027
82.99501806497574,85.61598193645477
82.3578884601593,88.42011153697968
84.1637636423111,86.28123635053635
81.59964442253113,86.21435558795929
83.33252263069153,50.42747735977173
88.84340107440948,499.3425989151001
486.7972741127014,583.9067258834839
924.7151479125023,602.2478520870209
85.07702630758286,86.53397369384766
81.38391733169556,87.63408267498016
82.0787963271141,85.5322036743164
81.44168001413345,84.7063199877739
84.13656294345856,86.918437063694
86.1284481883049,190.42655181884766
213.45332515239716,533.1386748552322
679.5012041926384,520.9247958064079
1079.0300775766373,589.7669224143028
81.55895352363586,88.25604647397995
1009.7538286447525,592.6161713600159
80.24570554494858,84.64329445362091
80.88558030128479,85.26241970062256
84.65546262264252,85.49353736639023
54.702357828617096,370.63164216279984
352.6942868232727,508.4907131791115
60.4071980714798,244.23980194330215
265.62212187051773,475.84087812900543
682.9100415706635,494.4229584336281
1068.752938568592,585.135061442852
79.33781081438065,87.08718919754028
78.60768336057663,85.55931663513184
83.78355133533478,81.82644867897034
88.2394443154335,82.22455567121506
82.89834547042847,84.82465451955795
77.25922876596451,344.99977123737335
330.0110920071602,563.3789079785347
793.3539661765099,543.5900338292122
80.67883348464966,88.59816652536392
81.0227016210556,90.10629838705063
77.64456796646118,92.1334320306778
82.63642865419388,87.88257133960724
77.90528738498688,87.48371261358261
69.49014896154404,94.58385103940964
119.40700972080231,512.6109902858734
508.5849254131317,553.9900745749474
973.8538204431534,536.8681795597076
84.14170497655869,63.358295023441315
77.1146200299263,68.49637997150421
122.58852005004883,64.00447994470596
107.19043922424316,62.19756078720093
127.72032660245895,63.5396733880043
93.10029250383377,110.89870750904083
53.07439064979553,509.5736093521118
479.4363443851471,500.30365562438965
897.2062748670578,525.2387251257896
342.3831872344017,530.3028127551079
767.967144548893,532.7558554410934
1166.3660445213318,587.8379554748535
83.37694782018661,39.27205216884613
81.20085591077805,40.35414409637451
66.26774889230728,54.84325110912323
84.12985020875931,84.6851497888565
83.3627478480339,84.249252140522
59.00263452529907,321.6453654766083
276.41960698366165,525.1723930239677
679.3936192989349,508.40338069200516
1083.9225119948387,569.6704879999161
84.69141680002213,90.84458321332932
82.60930943489075,85.35369056463242
79.78620254993439,50.87979745864868
82.94511097669601,52.49988901615143
92.34400272369385,63.63799726963043
60.33492302894592,301.4610769748688
268.16094225645065,488.4880577325821
657.1718786358833,525.38512134552
573.0887750983238,1088.4662249088287
85.4688909649849,86.30810904502869
84.07280015945435,90.33419984579086
85.3236945271492,88.75030547380447
82.09359127283096,85.72140872478485
81.25147926807404,43.230520725250244
75.44640630483627,200.25659370422363
202.4763179421425,511.57968205213547
575.7083317637444,535.6796682476997
30.367269039154053,518.7817309498787
390.7103155851364,547.7156844139099
815.0542793869972,538.5387206077576
639.4352392554283,1100.546760737896
83.89018070697784,90.40681928396225
103.03006607294083,87.32193392515182
82.70703363418579,85.49696636199951
82.19795334339142,85.19004666805267
86.87583339214325,88.53216660022736
61.1637961268425,372.2622038722038
320.7847140431404,552.7332859635353
749.2766751050949,552.7233248949051
1125.8606352806091,585.7313647270203
99.16751492023468,83.85048508644104
87.90043342113495,89.30356657505035
86.81735652685165,84.51564347743988
83.93927884101868,85.28272116184235
85.43120872974396,88.34679126739502
54.70016485452652,321.35483515262604
278.56311851739883,527.0118814706802
682.110069334507,553.6499306559563
1094.5639679431915,576.6390320658684
82.59299355745316,85.57300645112991
95.80787819623947,84.859121799469
82.29879456758499,85.40420544147491
82.69873207807541,86.0042679309845
88.91268515586853,88.58731484413147
54.534572303295135,250.18842768669128
198.11857116222382,522.8814288377762
628.3145008683205,511.59349912405014
68.91646176576614,516.5275382399559
468.6314194202423,544.628580570221
925.8643099069595,540.2286900877953
87.81821978092194,93.08878022432327
104.03215193748474,93.37584805488586
91.22708064317703,93.6059193611145
109.51500594615936,72.66899406909943
88.26693171262741,61.08506828546524
88.5548779964447,84.22312200069427
101.5469633936882,368.9530366063118
353.2049434185028,527.6830565929413
814.3078628778458,541.5811371207237
86.18874418735504,89.27425581216812
83.32863110303879,91.94936889410019
81.70950591564178,67.79049408435822
94.3483737707138,67.53962624073029
91.3032466173172,73.21475338935852
102.9811235666275,74.77887642383575
61.675992131233215,523.5280078649521
531.9088967442513,483.77710324525833
948.1037673950195,524.0262326002121
120.39166593551636,56.719334065914154
141.1245794892311,47.39342051744461
193.2464724779129,61.272527515888214
50.75692170858383,71.44607830047607
57.1927849650383,72.49221503734589
94.05465936660767,97.46334064006805
83.65758115053177,326.4904188513756
375.7794641852379,490.03553581237793
65.27034109830856,283.784658908844
308.6882091164589,503.36679089069366
753.3100872635841,508.85691273212433
651.4869698882103,1039.439030110836
111.25586080551147,80.24413919448853
104.43374973535538,109.36225026845932
100.31372684240341,108.5932731628418
104.50966078042984,99.97133922576904
99.22359681129456,106.66540318727493
102.15952444076538,271.15547555685043
249.9114589691162,532.6815410256386
659.6253888010979,582.4676111936569
1106.3202975988388,576.438702404499
102.51622152328491,100.37277847528458
92.63715928792953,112.65884071588516
96.24005270004272,105.16694730520248
100.65793830156326,106.28606170415878
103.63085132837296,105.96214866638184
108.71577340364456,257.839226603508
250.59571403265,549.626285970211
663.8286484479904,573.9483515620232
1103.2645806074142,568.6054193973541
103.1455409526825,101.4464590549469
100.87848323583603,103.58551675081253
114.57342195510864,105.81557804346085
95.32437497377396,96.91562503576279
98.11329728364944,101.6277027130127
93.30723547935486,184.72876447439194
163.81814789772034,551.4958521127701
580.5140803456306,578.89391964674
44.116011917591095,544.271988093853
461.4429352283478,582.2240647673607
902.0258454084396,582.9181545972824
99.79575502872467,102.9822449684143
90.00964832305908,102.34235167503357
104.55653256177902,107.33246743679047
89.64141976833344,96.70958024263382
105.96631908416748,110.45968091487885
71.62526565790176,129.3377343416214
69.06119960546494,555.0498003959656
496.0721177458763,581.4468822479248
934.7480312585831,586.0849687457085
106.70298510789871,105.27801489830017
101.93592900037766,110.76807099580765
104.29787182807922,103.07212817668915
101.43781167268753,105.54318833351135
100.41074705123901,107.58825296163559
78.05065429210663,48.72734570503235
84.94956183433533,502.2724381685257
454.38647025823593,567.6315297484398
888.1923928260803,567.3076071739197
103.42531734704971,115.35168266296387
110.21324479579926,104.08175522089005
662.5201791524887,1087.7388208508492
91.45995390415192,469.02104610204697
409.2298347353935,562.2511652708054
842.4807236194611,582.7232763767242
79.60160285234451,86.23039716482162
80.11247783899307,82.64652216434479
81.56735479831696,83.67364519834518
80.4482342004776,82.12676578760147
86.736114859581,95.6528851389885
61.524007081985474,159.01399290561676
178.25687718391418,502.57712280750275
543.8767631053925,578.0112369060516
998.5536429286003,585.7233570814133
79.87952554225922,86.04647445678711
81.55640310049057,83.88859689235687
80.15930557250977,86.52569442987442
79.8361850976944,87.14581489562988
81.71606743335724,97.46893256902695
84.72794145345688,269.5320585370064
301.7368043065071,551.0961956977844
682.6736721396446,598.678327858448
1146.5355561375618,601.4084438681602
75.65643292665482,84.26856708526611
78.94529628753662,86.96270370483398
78.15816110372543,96.28483891487122
78.8730251789093,88.40497481822968
81.35575324296951,471.92224675416946
471.19962483644485,552.9473751783371
84.32151782512665,88.7344821691513
366.59039986133575,567.4646001458168
835.2122844457626,582.2507155537605
83.53716564178467,87.96283435821533
83.02904951572418,89.58195048570633
82.61293840408325,86.96106159687042
81.97582602500916,85.45017397403717
80.91170853376389,84.01429146528244
41.070592403411865,107.18940758705139
89.76547485589981,523.605525135994
460.05336087942123,593.6126391291618
903.1562818288803,573.8247181773186
106.3702078461647,109.16679215431213
103.99114435911179,105.00785565376282
99.46507674455643,104.40492326021194
103.14199930429459,108.58000069856644
103.91192555427551,110.25507444143295
57.84784060716629,61.89215940237045
80.56176507472992,508.2712349295616
430.4236896634102,584.9093103408813
862.8786204457283,580.8063795566559
100.27754586935043,108.79645413160324
101.6584677696228,107.23053222894669
95.07638567686081,97.46161431074142
98.80930805206299,114.4876919388771
94.44922691583633,103.73677307367325
105.05214482545853,113.65185517072678
117.98709976673126,426.62390023469925
390.64604860544205,604.4469513893127
799.63800740242,580.5659925937653
257.684943318367,569.8880566954613
685.67686855793,589.8781314492226
1116.020796239376,633.4972037672997
98.73471122980118,101.41328877210617
93.98562723398209,99.25437277555466
103.36653524637222,104.54146474599838
104.5804608464241,109.8265391588211
103.14639741182327,104.77960258722305
105.860320687294,296.17667931318283
236.00025230646133,590.9437476992607
651.6591760516167,639.5258239507675
1091.2980902194977,642.219909787178
103.10500937700272,102.63599061965942
99.30093604326248,104.29206395149231
96.60686504840851,105.0031349658966
99.06278765201569,105.10521233081818
101.331698179245,114.20530182123184
73.54560476541519,307.2323952317238
236.64851474761963,602.4064852595329
650.0844367146492,619.3605632781982
1092.1323601603508,623.7756398320198
104.03129905462265,103.52370095252991
98.56022924184799,98.90277075767517
100.64516150951385,103.28183847665787
100.28410106897354,99.84489893913269
94.60901743173599,95.09398257732391
101.98993718624115,234.6580628156662
185.7968533039093,591.1481466889381
625.1777643561363,573.5632356405258
95.66967225074768,561.5343277454376
513.4755915403366,599.5424084663391
944.5785250067711,604.2174749970436
101.6634407043457,101.28155928850174
103.76537960767746,103.90062040090561
99.2583082318306,103.01969176530838
100.37923419475555,104.1767657995224
98.68615746498108,100.36984252929688
65.95507144927979,134.28492856025696
80.4289979338646,545.0160020589828
480.45794051885605,564.617059469223
915.0418573021889,587.1071426868439
97.27476966381073,103.7632303237915
100.6916851401329,106.32631486654282
96.55359876155853,103.5754012465477
100.74951410293579,102.82548588514328
95.79643851518631,100.99956148862839
50.418350756168365,126.78564924001694
60.29827684164047,550.5527231693268
480.105206489563,577.5617935061455
910.893122792244,572.8658772110939
102.03304809331894,107.98495191335678
101.35898071527481,108.9570192694664
92.25787270069122,97.03912729024887
100.00878262519836,101.12121737003326
100.31571537256241,108.22228461503983
75.1216589808464,75.22934103012085
70.3915907740593,520.4424092173576
443.7905240058899,602.7834759950638
863.7644606232643,618.2915393710136
318.9963769316673,602.3006230592728
746.6183114647865,613.067688524723
1195.1652563214302,596.0377436876297
97.26820403337479,104.65779596567154
100.88912624120712,106.3328737616539
64.770054936409,100.5269450545311
104.81697905063629,104.59002095460892
99.27193784713745,106.15406215190887
59.59785741567612,335.06914258003235
285.92277920246124,556.7262207865715
687.2477075457573,597.8262924551964
1127.406625032425,609.7413749694824
100.78654634952545,101.71345365047455
97.35247832536697,97.23952168226242
94.84439414739609,96.80360585451126
97.4843201637268,104.0156798362732
91.01324337720871,92.65375661849976
102.19016414880753,269.2178358435631
251.6630898118019,557.4849101901054
682.4700006842613,596.8079993128777
1100.4979403018951,598.1310597062111
90.7128666639328,92.45413333177567
103.74177765846252,103.64722234010696
99.86269116401672,104.82230883836746
107.44661372900009,105.51638627052307
100.80853199958801,102.11646801233292
63.96744233369827,302.75455766916275
244.20035618543625,573.9666438102722
663.2102829217911,591.5297170877457
121.83222341537476,542.4637765884399
543.7871417999268,558.1768581867218
975.9450629353523,575.7949370741844
94.04797625541687,99.89702373743057
100.03988546133041,102.0711145401001
97.7538138628006,107.89418613910675
100.54174101352692,106.99525898694992
100.73668003082275,99.22531998157501
98.13660550117493,128.80839449167252
100.60952639579773,551.7974736094475
519.4344409704208,572.9355590343475
960.3893738985062,591.8506261110306
104.5852963924408,106.15570360422134
99.74324697256088,98.55275303125381
93.05017751455307,95.78382247686386
112.06010288000107,97.69889712333679
94.4040339589119,96.94796603918076
99.39595019817352,59.69704979658127
65.0908727645874,545.6861272454262
474.6387931704521,594.2322068214417
912.667722761631,563.3512772321701
98.492631316185,106.76636868715286
92.502545773983,102.4044542312622
98.3464697599411,105.17253023386002
90.72739708423615,97.27260291576385
105.66331475973129,105.46668523550034
63.80323761701584,101.25276237726212
117.12816655635834,476.57583343982697
503.7321019768715,553.8428980112076
53.26229900121689,428.1257010102272
86.73518615961075,90.09781384468079
72.20806938409805,323.1429306268692
276.4599597454071,547.7440402507782
686.8218692541122,596.6041307449341
1130.8137946128845,592.3712053894997
93.54671823978424,93.34228175878525
97.81563419103622,99.1103658080101
97.3445445895195,98.82245540618896
93.78046107292175,96.14553892612457
99.73538833856583,98.06061166524887
105.19032436609268,259.66167563199997
263.7562497854233,554.8917502164841
677.4521718621254,581.6218281388283
1121.3500953912735,600.3159046173096
104.32401192188263,121.6019880771637
100.03792995214462,96.74007004499435
91.1418542265892,97.13714575767517
95.78077358007431,101.27522641420364
96.01270151138306,94.15329849720001
101.13461607694626,239.40238392353058
243.92254030704498,574.5404596924782
650.8594561219215,591.2705438733101
1103.3883699178696,562.519630074501
629.0842709541321,546.5837290287018
1008.0011625289917,597.4438374638557
103.06707578897476,97.02592420578003
91.5400161743164,92.05198383331299
101.88392466306686,101.39407533407211
96.5608263015747,288.9391736984253
107.0707426071167,106.33625739812851
105.37767547369003,173.82632452249527
144.3505973815918,566.7784026265144
546.8245280981064,637.9174718856812
998.7594518661499,606.3325481414795
102.88138484954834,107.37761515378952
95.89231073856354,100.62668925523758
97.64322835206985,104.69077163934708
95.11715602874756,98.32784396409988
105.18208658695221,101.59491342306137
105.06303215026855,115.41796785593033
83.8139836192131,556.4080163836479
504.9719097018242,577.3610903024673
920.2238566279411,581.9251433610916
102.95580530166626,108.76619470119476
98.1147290468216,109.03327095508575
106.97666960954666,107.44933038949966
109.9865934252739,104.3094065785408
104.0525221824646,101.96547782421112
98.61843985319138,61.82556015253067
85.20338797569275,548.4636120200157
433.0463381409645,584.064661860466
843.7042928934097,587.5167071223259
109.99322164058685,111.11777836084366
718.7991491556168,586.606850862503
1166.9950785040855,582.5239214897156
101.52400344610214,105.43899655342102
95.7749428153038,109.41005718708038
103.47087997198105,103.82612001895905
124.49882400035858,359.90717601776123
44.88171046972275,71.78628951311111
82.9275735616684,91.55342644453049
51.93845748901367,399.913542509079
401.9673166871071,521.9216833114624
855.255181312561,521.9298186898232
73.58004367351532,58.9389563202858
56.47990942001343,73.33509057760239
58.91578030586243,77.76921969652176
58.57364922761917,72.96335077285767
76.58451074361801,65.86048924922943
59.631380915641785,95.07161909341812
169.80924928188324,470.06175071001053
597.9481274485588,530.4218725562096
1057.4960144758224,512.5039855241776
80.51577889919281,59.87222111225128
125.4336547255516,57.75134527683258
127.27752411365509,70.74147588014603
159.12141519784927,69.04558479785919
67.35333406925201,221.47966593503952
179.66027903556824,574.0627209544182
590.6511912345886,622.7738087773323
1075.9401050806046,581.6338949203491
81.65763330459595,88.17636668682098
81.83453333377838,86.18346667289734
79.25243610143661,301.30356389284134
255.33634704351425,564.9046529531479
693.2912278175354,583.8747721910477
1131.4311385154724,598.6248614788055
78.18200957775116,85.29899042844772
77.45187878608704,85.51112121343613
80.92474895715714,88.14925104379654
81.0646299123764,88.39837008714676
84.68671602010727,88.85028398036957
91.80761051177979,327.71038949489594
287.52152490615845,571.1444751024246
709.0684345960617,595.1725654006004
1169.7833088040352,596.3276911973953
64.46410793066025,415.4798920750618
337.1410284638405,586.4889715313911
759.6139661669731,598.55203384161
236.6798684000969,566.432131588459
644.7458037734032,598.7921962141991
1101.329692184925,595.8553078174591
80.4695697426796,89.17843025922775
79.8874494433403,91.4085505604744
111.78735584020615,94.76864415407181
80.0193287730217,89.46267122030258
81.91820538043976,93.9327946305275
104.17010122537613,306.7378987669945
283.3840298652649,562.0239701271057
695.3199529051781,598.4400470852852
1153.6078335642815,590.5411664247513
80.24770641326904,89.196293592453
79.96158170700073,88.48341828584671
81.7494570016861,94.10154300928116
78.98133593797684,88.57366406917572
102.86220967769623,88.8597903251648
62.28121304512024,405.92378693819046
332.27213257551193,589.6358674168587
755.5970641374588,602.2359358668327
80.18193763494492,103.2450623512268
78.3588125705719,87.49318742752075
83.14668649435043,90.3903135061264
82.04556387662888,92.30643612146378
81.37043833732605,91.75956165790558
58.51132810115814,86.24867188930511
88.40926414728165,459.77573585510254
399.4382244348526,591.4507755637169
819.3381772637367,584.9958227276802
295.16308003664017,576.7819199562073
712.6920051574707,595.159994840622
1165.2938868403435,602.964113175869
78.32375770807266,88.67624229192734
78.57463014125824,86.55536985397339
65.19654184579849,81.50745815038681
79.98447239398956,89.71952760219574
73.77235001325607,88.802649974823
81.31821465492249,433.31078535318375
390.4590917825699,588.2449082136154
844.0069714784622,591.5670285224915
81.62683564424515,94.29816436767578
78.84170430898666,93.60229569673538
80.5745764374733,89.59342354536057
82.7884481549263,86.08255183696747
79.81632554531097,90.92367446422577
82.53020745515823,142.85879254341125
119.98508828878403,561.736911714077
549.0509672164917,595.5600327849388
1008.3578459024429,599.2901540994644
78.9047201871872,88.16927981376648
78.84058904647827,87.06641095876694
111.37046295404434,70.22253704071045
79.26934790611267,87.37965208292007
81.11221843957901,86.42478156089783
77.10409569740295,311.1549043059349
271.29997885227203,575.8850211501122
707.9398537278175,608.8941462635994
1172.7647231817245,589.1802768111229
82.61249834299088,89.03550165891647
83.15937548875809,88.4336245059967
38.633248925209045,366.2937510609627
305.40213400125504,558.3568660020828
747.7450166344643,598.5509833693504
632.6259182691574,1121.2990817427635
81.69282251596451,93.06717747449875
81.09169000387192,93.07530999183655
80.54656368494034,89.10143631696701
80.33443593978882,88.33256405591965
84.40030854940414,89.48869144916534
41.15118008852005,531.2938199043274
439.5870582461357,590.5989417433739
895.9869387745857,596.1250612139702
82.08881890773773,93.31818109750748
81.46970307826996,86.95629692077637
84.53558057546616,92.18641942739487
81.91546487808228,88.10253512859344
83.74134081602097,87.79565918445587
81.62221819162369,175.54578179121017
148.76212632656097,593.7758736610413
537.2720762491226,593.8939237594604
987.7079581618309,610.2180418372154
80.10784548521042,87.96715450286865
904.9697169065475,621.8642830848694
84.16459232568741,88.09440767765045
79.41547405719757,86.78852593898773
80.241346180439,86.86965382099152
82.77022314071655,287.13777685165405
255.18710315227509,582.3868968486786
56.34597909450531,237.28402090072632
182.8748535513878,576.2731464505196
620.9587230682373,579.1342769265175
1073.7655984163284,609.7714015841484
81.86747521162033,93.70552480220795
81.54535186290741,86.88064813613892
81.00023090839386,88.61076909303665
80.80711179971695,86.748888194561
81.79799073934555,88.27600926160812
45.78987938165665,403.340120613575
336.8737602829933,573.2182397246361
775.6806310415268,576.8933689594269
81.91350483894348,104.73449516296387
82.5893811583519,88.28061884641647
79.26725727319717,84.52874273061752
78.8151302933693,84.75986969470978
83.58399909734726,84.4710009098053
53.09387165307999,107.86812835931778
53.992743492126465,559.1362565159798
495.5776331424713,587.2933668494225
949.7915046215057,594.8564953804016
78.63536381721497,87.67963618040085
77.36723613739014,87.15176385641098
79.93311011791229,92.54788988828659
79.90599179267883,91.13000822067261
88.17587906122208,89.3051209449768
70.66781890392303,246.9611811041832
184.28874617815018,557.7662538290024
560.0957133769989,594.9972866177559
139.60566878318787,453.5603312253952
438.00459384918213,590.0134061574936
833.5715934634209,628.1704065203667
78.674471616745,89.38152837753296
80.42434978485107,87.75965023040771
80.47222971916199,88.2127702832222
78.98210948705673,91.86889052391052
79.67799025774002,89.32200974225998
67.39289593696594,135.9601040482521
63.53182315826416,569.3201768398285
445.467836022377,586.1791639924049
868.0707721114159,584.8182278871536
76.74765753746033,90.6773424744606
77.59153312444687,87.05646687746048
78.9724069237709,87.28659307956696
78.70528453588486,88.40571546554565
78.56716233491898,90.45183765888214
89.94824570417404,70.9967542886734
86.69822508096695,464.20877492427826
397.22718971967697,599.6058102846146
815.1821309924126,608.1698690056801
78.17400455474854,86.93699544668198
78.81387901306152,89.26012098789215
81.39875441789627,89.58324557542801
80.260633289814,87.86936670541763
80.80850780010223,89.98849219083786
67.76240861415863,123.33059138059616
56.865333914756775,603.2826660871506
424.7833620905876,629.8646379113197
873.6822518110275,637.6137481927872
346.63712960481644,626.6218703985214
753.5731041431427,636.2978958487511
85.23197829723358,98.67602169513702
80.03785759210587,88.07314240932465
92.86373519897461,89.26626479625702
67.17065608501434,130.23734390735626
81.10557949542999,88.35742050409317
85.75635558366776,451.63264441490173
397.6552735567093,602.6037264466286
826.943214058876,597.0387859344482
79.21208590269089,89.04691410064697
80.44596099853516,90.83203899860382
80.60384005308151,92.61815994977951
79.00271505117416,87.79328495264053
80.90259265899658,89.43140733242035
103.15346992015839,129.4395300745964
58.07040774822235,605.299592256546
463.3403687477112,614.2526312470436
899.6842884421349,632.5387115478516
78.60116744041443,90.34283256530762
83.44604593515396,90.49895405769348
80.67691868543625,89.00808131694794
77.87279391288757,88.60820609331131
80.10567104816437,87.72732895612717
67.89358377456665,240.40241622924805
109.95955020189285,597.5594497919083
523.3214733600616,632.5115266442299
966.8133987784386,630.4826012253761
418.5083099603653,638.6756900548935
874.6121857762337,636.239814221859
81.71407049894333,91.80392950773239
83.72494804859161,89.9980519413948
80.99382746219635,91.654172539711
86.41170710325241,269.7182928919792
81.95964431762695,89.20735567808151
54.00653749704361,147.84546250104904
70.03549563884735,579.7045043706894
461.138485789299,573.1215142011642
881.296440243721,585.2585597634315
81.39931380748749,93.06268620491028
79.28018736839294,92.38681262731552
123.43906325101852,80.30193674564362
82.68994319438934,90.93905681371689
82.66282397508621,92.31817603111267
79.50672745704651,180.53027254343033
115.64664882421494,580.7603511810303
529.3796231746674,579.3053768277168
958.5934988260269,608.796501159668
77.69540703296661,91.28559297323227
77.61427837610245,88.10872161388397
78.25315117835999,89.26484882831573
78.93002885580063,89.67997115850449
80.10790938138962,91.2070906162262
95.04378581047058,271.08621418476105
231.49866503477097,596.2053349614143
651.1195433735847,638.67645663023
1106.4994222521782,635.8705777525902
77.1952953338623,87.93370467424393
1042.2241652607918,638.8128347396851
77.55004239082336,87.39495760202408
78.83791434764862,90.31108564138412
78.01379060745239,92.52220940589905
78.4136638045311,451.9933362007141
402.57153791189194,35.44646209478378
42.54541349411011,427.39958649873734
307.87029153108597,607.1487084627151
742.9551647305489,644.7308352589607
82.00203967094421,102.92396032810211
79.64091968536377,88.15508031845093
78.85579508543015,86.60720491409302
77.6066722869873,86.98532772064209
79.04354459047318,88.60545539855957
59.79441857337952,79.6325814127922
85.34029114246368,535.7517088651657
446.83317321538925,635.3888267874718
900.2690662145615,636.8429337739944
81.48296231031418,104.33203768730164
79.10484200716019,85.97015798091888
82.18772220611572,89.86727780103683
84.1796024441719,86.46739757061005
79.78348344564438,86.53151655197144
56.21936631202698,252.68763369321823
147.89624667167664,597.8447533249855
585.221127808094,640.778872191906
1042.3980095982552,634.6759904026985
79.20488929748535,84.9441106915474
77.7707690000534,87.71123099327087
79.07664650678635,85.571353495121
79.62452566623688,88.33847433328629
79.98640787601471,87.27259212732315
26.163281798362732,425.0957182049751
308.3771494626999,594.8078505396843
751.5730207562447,621.5379792451859
241.93489944934845,611.2501005530357
675.1677731871605,641.7952268123627
1097.5666531324387,672.8593468666077
75.79852968454361,91.70147031545639
78.58739280700684,92.78360718488693
64.15326070785522,98.10573929548264
78.86712455749512,88.00387543439865
30.109855115413666,540.2601448893547
425.7497253417969,606.1202746629715
869.407594203949,611.9254058003426
78.08447766304016,98.82252234220505
80.16934210062027,90.2936578989029
77.27220630645752,90.22779369354248
76.87507444620132,90.32892554998398
26.310939848423004,89.41106015443802
28.190806925296783,266.64219307899475
132.77468448877335,632.2993155121803
628.0815545916557,582.6394454240799
1049.518432378769,632.2405676245689
73.97330749034882,88.02669250965118
76.09416621923447,90.2758337855339
82.93804115056992,93.02595883607864
76.7629262804985,91.81107372045517
81.18081194162369,85.57918804883957
77.39468449354172,386.6423155069351
774.8224197030067,583.8435803055763
78.85128843784332,94.59371155500412
703.8981565237045,604.8428434729576
1145.3160668611526,611.9059331417084
76.23294532299042,91.80305469036102
24.272671222686768,134.02332878112793
77.54253590106964,565.753464102745
36.24826204776764,551.6777379512787
465.351134121418,579.8348658680916
932.9169955253601,589.5830044746399
78.2048681974411,93.14713180065155
76.28974574804306,87.6742542386055
78.76261687278748,89.68238312005997
74.42048823833466,86.39451175928116
63.874388337135315,89.16161167621613
62.03327292203903,217.74472707509995
161.89518123865128,571.4738187789917
613.1470969319344,562.1309030652046
1015.8230321407318,594.2309678792953
74.98192888498306,85.90707111358643
77.28879702091217,85.69320297241211
75.9656708240509,85.79332917928696
74.6055418252945,86.59845817089081
85.44941002130508,84.06958997249603
72.03329801559448,311.79970198869705
296.37716895341873,576.0118310451508
759.6090621948242,554.4089378118515
1133.675932109356,635.7690678834915
78.6858099102974,84.62919008731842
77.41867822408676,85.91532176733017
76.16954284906387,89.16445714235306
76.0494105219841,44.635589480400085
78.00427550077438,94.86672449111938
94.25514364242554,470.4668563604355
438.4141780734062,584.6968219280243
799.0351061820984,585.4648938179016
236.25004744529724,578.3059525489807
653.2779805064201,598.3330194950104
1128.0848788022995,567.7861211895943
106.27977478504181,68.09022521972656
115.60568672418594,77.19131326675415
79.31067657470703,59.65232342481613
88.09856057167053,58.197439432144165
73.49854063987732,229.94645935297012
179.32350939512253,575.8984906077385
598.0934498310089,555.7035501599312
998.9364404082298,582.3595595955849
81.11333078145981,85.9966692328453
82.73522114753723,85.6907788515091
86.65311509370804,89.99488490819931
81.53303414583206,87.2259658575058
87.74792647361755,63.34507352113724
65.44290941953659,185.40909057855606
157.58282959461212,549.8061704039574
506.3528620004654,596.0541380047798
926.2698059678078,595.4711940288544
82.26170182228088,86.1272981762886
83.71659380197525,87.56140619516373
78.61648881435394,85.01351118087769
83.27439618110657,47.929603815078735
89.19128733873367,57.104712665081024
104.66519623994827,146.2978037595749
107.21216690540314,566.9918330907822
456.111200094223,607.3687999248505
72.62216585874557,409.7668341398239
350.59508752822876,576.9599124789238
741.0870591402054,606.2459408640862
1156.5419561862946,627.0320438146591
78.82984757423401,85.89215242862701
81.87773334980011,86.54926663637161
83.23961931467056,92.33438068628311
79.7315291762352,84.58347082138062
167.18641537427902,86.77658462524414
71.78856408596039,358.4704359173775
241.76254999637604,593.3864499926567
704.4024389982224,591.3755609989166
1107.0423368811607,632.9026631116867
81.97822517156601,86.9287748336792
82.43311393260956,85.95588606595993
81.3880028128624,86.38999718427658
80.8979058265686,34.99009418487549
80.74186134338379,88.68413865566254
62.75178062915802,380.5442193746567
253.59578609466553,589.9602138996124
675.2726970911026,599.4493029117584
1077.7826108932495,626.3653891086578
91.57049745321274,40.57750254869461
88.80340760946274,39.12259238958359
99.03531283140182,65.27868717908859
117.87922197580338,60.04677802324295
101.53815418481827,67.40684580802917
125.38205713033676,303.5069428682327
268.5580468773842,572.904953122139
706.0319393277168,588.1350606679916
156.94989150762558,564.458108484745
520.3858944773674,610.1141055226326
990.4337927699089,579.1232072114944
142.18367964029312,62.07532036304474
121.305593252182,74.52740675210953
154.81651550531387,58.9624844789505
81.23388373851776,91.13611626625061
81.91084009408951,89.97715991735458
82.82887405157089,93.7641259431839
53.69079864025116,377.1792013645172
290.88680428266525,547.6141957044601
740.0077149271965,532.1022850871086
553.1106278300285,1129.6303721666336
84.32452076673508,89.23047924041748
79.61239892244339,90.22060108184814
79.91929870843887,91.83970129489899
79.52223426103592,88.21876573562622
86.82913511991501,89.80086487531662
76.48703414201736,364.4569658637047
334.1089490056038,554.7250509858131
734.9518640637398,594.9741359353065
1133.573790192604,621.9632098078728
75.73274344205856,85.50825655460358
1122.4276107549667,542.4613892436028
79.17855542898178,85.98844456672668
78.7994641661644,86.07053583860397
82.90238642692566,89.81861358880997
37.93128156661987,448.5307184457779
304.1451700925827,597.872829914093
81.86006182432175,275.7699381709099
255.9439423084259,568.9820576906204
698.3988202214241,577.3051797747612
1155.4636972546577,587.4063027501106
118.2895758152008,82.67342418432236
103.66946440935135,105.1815356016159
100.99541026353836,104.98658972978592
95.08032995462418,104.30867004394531
100.64526337385178,104.6327366232872
43.41518050432205,368.51181948184967
245.79611253738403,599.5188874602318
659.8430331945419,630.5459668040276
1093.463954925537,645.0180450677872
105.71587032079697,107.93312966823578
104.5957887172699,107.44121128320694
111.1797222495079,108.91227775812149
104.91267603635788,108.34632396697998
103.36761271953583,114.72438728809357
52.97054713964462,280.2704528570175
198.79547828435898,599.5745217204094
606.0094178318977,622.8985821604729
1046.038340806961,609.9426591992378
98.23427975177765,100.7107202410698
912.4292340874672,641.6627659201622
96.42122340202332,96.30077660083771
91.13514250516891,94.32785749435425
102.86805897951126,101.87294101715088
86.84098398685455,187.08401602506638
113.64790385961533,596.8900961279869
105.63983154296875,52.37916845083237
95.22475302219391,493.4982469677925
425.01265746355057,621.4143425226212
864.1516006588936,618.5513993501663
100.82852190732956,100.1344780921936
105.52442985773087,100.77157014608383
102.44236987829208,103.46563011407852
93.34029251337051,94.84370750188828
101.77720415592194,101.11179584264755
104.10211616754532,101.69388383626938
79.44604533910751,528.6279546618462
393.75298380851746,625.8400161862373
816.1519356369972,631.3670643568039
110.6068525314331,104.52214747667313
98.43177825212479,98.60522174835205
95.1086972951889,96.61330270767212
98.43361449241638,100.89938551187515
98.25953370332718,105.20446628332138
71.39846384525299,103.26753616333008
104.03840309381485,430.998596906662
351.012335896492,617.0796641111374
785.0592731237411,624.5147268772125
662.8292025923729,1137.726797401905
94.8761568069458,96.47584319114685
1085.1090784072876,636.4829216003418
98.71100270748138,99.23199731111526
102.05592691898346,100.68607306480408
102.63986229896545,100.65713769197464
50.316817581653595,404.92418241500854
292.9937387704849,619.9692612290382
104.57867759466171,238.99532240629196
173.5516192317009,604.2813807725906
583.3765497803688,631.994450211525
1025.79447889328,621.9465211033821
101.98942184448242,104.69557815790176
103.01836037635803,101.4066396355629
104.58530449867249,103.58169549703598
103.11323791742325,104.27576208114624
102.88317596912384,103.72782403230667
97.98510134220123,167.0328986644745
101.3300222158432,607.4489777684212
521.2469379901886,616.3640620112419
968.1648562550545,630.0391437411308
104.24878948926926,113.41821050643921
96.79674834012985,96.14825165271759
102.04767602682114,101.85932397842407
101.81759810447693,101.71940189599991
97.86451780796051,102.96848219633102
101.5784342288971,131.88456577062607
74.4033499956131,600.5036500096321
479.6922897696495,638.1227102279663
914.5532343387604,631.316765666008
104.5641673207283,107.08383268117905
785.1301083564758,614.9808916449547
659.2330392599106,1144.8599607348442
95.15100824832916,102.64599174261093
102.0319407582283,103.59905922412872
70.59687155485153,80.5321284532547
65.25580817461014,524.8551918268204
61.4697345495224,104.15926545858383
96.4616956114769,357.5383043885231
269.9156275987625,618.0653724074364
688.0565771460533,630.8144228458405
1126.0855098962784,634.4334900975227
102.22443014383316,103.84956985712051
109.36535680294037,115.24564319849014
103.61530184745789,108.58869814872742
101.31124836206436,110.68875163793564
95.46918380260468,107.82681620121002
76.88709723949432,310.0199027657509
266.97201758623123,581.9729824066162
643.592932343483,647.0550676584244
1084.677851498127,644.65614849329
90.87278598546982,101.51521402597427
85.14269185066223,95.2833081483841
96.041594684124,100.77340531349182
90.68151527643204,95.61548471450806
99.65442824363708,108.30857175588608
90.7943429350853,305.94565707445145
61.657072484493256,424.36092752218246
354.14895021915436,586.0910497903824
826.1598310470581,597.3211689591408
85.41071110963821,103.32928889989853
714.7916048765182,609.5053951144218
1142.7274807095528,637.4575192928314
77.97835922241211,38.65164077281952
81.61922991275787,66.17777007818222
69.99911159276962,99.48188841342926
79.69500303268433,550.9349969625473
121.92687565088272,66.44312435388565
114.71474730968475,443.8402526974678
57.1148236989975,427.82917630672455
348.1067110300064,599.429288983345
813.8025807142258,598.2164192795753
79.77547532320023,96.66852468252182
77.50835913419724,92.49164086580276
75.7032253742218,88.11177462339401
75.71308654546738,91.30491346120834
76.31694793701172,87.9060520529747
44.826816856861115,141.24718314409256
99.68868333101273,559.3473166823387
562.4205464720726,558.1534535288811
1011.1164103746414,584.0865896344185
101.23828089237213,62.3917191028595
90.0631742477417,66.51082575321198
119.16606652736664,65.61193346977234
143.06495714187622,66.32404285669327
141.0198644399643,71.64713555574417
85.77118074893951,61.63681924343109
65.7440682053566,529.2559317946434
447.38394981622696,610.7640501856804
921.0058389306068,593.1421610713005
404.68272215127945,566.8912778496742
844.7306119203568,571.6953880786896
84.9815005660057,55.31449943780899
81.99139773845673,61.19360226392746
93.4642778635025,72.92372214794159
87.64216637611389,182.69183361530304
132.67004823684692,71.3479517698288
97.03194451332092,89.80105549097061
88.15389132499695,512.3651086688042
418.9417902827263,646.0212097167969
860.3957185745239,652.807281434536
102.23965138196945,114.7043486237526
108.04660207033157,97.76739794015884
167.0385318994522,65.62846809625626
125.6414475440979,100.561552464962
103.30036574602127,103.84863424301147
93.53231364488602,107.67068636417389
103.06124269962311,445.19775730371475
375.330164372921,625.316835641861
808.6370764374733,637.1039235591888
664.1290102601051,662.9269897341728
551.1238303780556,522.2651696205139
860.7826988697052,638.6623011231422
527.0895614624023,57.76243853569031
837.6544272899628,614.6225727200508
76.23829889297485,87.3167011141777
77.0641736984253,90.08382630348206
81.81504958868027,89.40795040130615
42.76992440223694,264.13807559013367
230.85380053520203,541.5171994566917
80.54867351055145,156.3023265004158
137.7815460562706,556.8294539451599
494.32843804359436,640.4295619726181
1007.2093040347099,595.1786959767342
74.40517383813858,86.18782615661621
81.39704132080078,88.54695868492126
76.40692138671875,88.61107861995697
76.58479434251785,90.71220564842224
78.02066725492477,89.46033275127411
77.64153963327408,323.48846036195755
337.1703999042511,537.1446000933647
688.3472715616226,632.3007284402847
1148.468153476715,640.9388465285301
77.44202780723572,92.2809721827507
76.85989135503769,90.54810863733292
78.31475484371185,91.2422451376915
79.84261894226074,88.63838106393814
82.51948606967926,58.090513944625854
74.67835193872452,521.6556480526924
509.7262141108513,571.9597858786583
873.9950920343399,649.1709079742432
77.44897758960724,93.23502242565155
75.53384214639664,88.65115785598755
73.76570737361908,87.84429264068604
73.99957180023193,88.94542819261551
78.93543887138367,207.0275611281395
81.05630558729172,226.38769441843033
221.15918296575546,563.1188170313835
665.5030540823936,592.0899459123611
167.420912027359,552.135087966919
618.7447766661644,585.403223335743
1051.8476440906525,602.4293559193611
101.36937892436981,46.20562106370926
110.43424469232559,39.58375531435013
136.48211818933487,77.01788181066513
137.27002143859863,51.89697855710983
99.42892467975616,324.3500753045082
49.2917041182518,436.7092958688736
367.9685698747635,584.698430120945
833.2194361686707,720.5035638213158
79.71130162477493,89.34469836950302
75.16617500782013,88.35282498598099
75.3610429763794,87.87895703315735
75.42691671848297,88.12808328866959
68.20665490627289,131.34934508800507
134.40152102708817,536.8024789690971
599.8933833837509,541.087616622448
1031.5892552137375,584.1517447829247
113.8401306271553,37.641869366168976
112.75800412893295,50.96499586105347
132.39788514375687,51.15711486339569
151.5747713446617,63.66622865200043
168.89967119693756,67.2673287987709
44.15205144882202,109.90494853258133
77.18003952503204,478.8389604687691
412.320952296257,590.3460476994514
82.47887581586838,87.68812417984009
333.7477499842644,571.8072500228882
802.4066243171692,562.1683756709099
76.02750039100647,89.28749960660934
77.51937681436539,90.01762318611145
78.10325312614441,87.56274688243866
77.87312912940979,88.16387087106705
79.1609987616539,89.02400124073029
96.30187463760376,58.69812536239624
74.21875184774399,539.0212481617928
505.3026378750801,570.9743621349335
971.7205055356026,732.8534944653511
166.15740025043488,65.63959974050522
80.4077439904213,88.31425601243973
79.32562744617462,90.9883725643158
78.55850976705551,87.08949023485184
80.05039048194885,89.44960951805115
57.60715687274933,483.0958431363106
420.3030409812927,579.7899590134621
886.5729332566261,569.1310667395592
112.41581779718399,66.3801822066307
124.22270345687866,64.25829654932022
138.15958923101425,69.3964107632637
130.48447108268738,71.21952891349792
94.19836497306824,105.5426350235939
83.96827733516693,104.45872265100479
100.70019268989563,537.3188073039055
433.8961474299431,621.9558525681496
859.2200718522072,650.8529281616211
319.63898861408234,626.9170113801956
782.0379108786583,619.0920891165733
58.69886654615402,543.5411334633827
362.2097302675247,595.7342697381973
808.2935934066772,608.7244065999985
78.73047006130219,89.863529920578
78.72134816646576,94.94465184211731
76.71322816610336,87.37877184152603
75.94610249996185,88.01689749956131
77.0119765996933,88.30302339792252
54.41085493564606,259.79314506053925
71.42085027694702,538.857149720192
438.6717654466629,618.9392345547676
864.4237233996391,619.8552765846252
78.15561151504517,91.34438848495483
76.18448662757874,87.09351336956024
79.26936292648315,86.80563706159592
77.81624591350555,85.47975409030914
80.5481236577034,88.52587634325027
103.24400824308395,146.7009917497635
108.97600972652435,665.0239902734756
487.11696630716324,606.5870336890221
869.2008953094482,661.2621046900749
354.5627763867378,614.9002236127853
761.5367253422737,634.2962746620178
78.21359819173813,93.04540181159973
77.70547592639923,89.14752405881882
80.71535575389862,90.96964424848557
81.0962347984314,161.7007651925087
78.66116201877594,88.7828379869461
88.61606252193451,192.12493747472763
82.58997118473053,502.18802881240845
419.2298958301544,623.8071041703224
825.9618299007416,644.0751700997353
82.08270990848541,98.58329010009766
80.18658900260925,89.7774109840393
80.06646746397018,89.45153254270554
78.83634805679321,89.34865194559097
83.1802328824997,91.9127671122551
84.32012671232224,144.05087327957153
112.2000048160553,579.947995185852
547.4338758587837,581.0111241340637
975.6837456226349,645.1682543754578
80.71261292695999,90.13938707113266
80.37148374319077,92.12951624393463
81.34437221288681,90.28562778234482
78.50326609611511,93.08973389863968
83.86514312028885,93.35785686969757
64.98602151870728,348.1619784832001
291.57089525461197,587.0411047339439
663.1547845005989,638.5312154889107
1125.8506636023521,641.946336388588
76.87854313850403,92.76945686340332
1057.5184172391891,641.8515827655792
77.89929950237274,94.95270049571991
74.03916507959366,89.20183491706848
75.49403035640717,94.468969643116
40.22689288854599,537.1071071028709
467.9777692556381,591.8562307357788
67.135657787323,415.62334221601486
876.2575216293335,72.28047835826874
821.2123818397522,603.0296181440353
76.6852450966835,95.55575489997864
75.9551174044609,88.37888258695602
78.5569788813591,90.96102112531662
80.10484910011292,90.35815089941025
75.8187175989151,91.92228239774704
69.82858681678772,161.3744131922722
116.00544965267181,598.4195503592491
559.4603207707405,610.2986792325974
1032.7661864161491,606.5108135938644
79.70305097103119,88.25894904136658
75.43591791391373,44.509082078933716
87.96478354930878,60.64721643924713
111.60468065738678,60.19131934642792
119.42960172891617,48.97839826345444
61.93949520587921,309.81950479745865
237.83938133716583,597.0316186547279
633.4972932934761,663.2617067098618
1055.5632427334785,651.5107572674751
102.79516923427582,108.77783077955246
94.8060896396637,103.04591035842896
106.90901881456375,118.57298117876053
101.80797111988068,111.15502887964249
118.09589523077011,112.84810477495193
117.10584646463394,223.87515354156494
145.59879684448242,594.7162031531334
544.3487395048141,637.9842604994774
98.28567337989807,527.4923266172409
427.9805964231491,620.4454035758972
866.806512773037,630.2124872207642
99.0194303393364,107.31256967782974
97.04835295677185,103.02564704418182
171.3552764058113,78.18172359466553
102.36521226167679,103.89278775453568
101.0981553196907,108.197844684124
80.73807942867279,68.6509205698967
74.00800496339798,523.269995033741
391.9439356327057,627.352064371109
811.768879711628,641.8791202902794
99.20581048727036,106.72118949890137
102.45672273635864,102.74727725982666
94.09663599729538,101.34836399555206
102.27355360984802,117.48644638061523
96.2844870686531,103.0315129160881
104.5724036693573,104.39059633016586
55.563325107097626,527.5656749010086
368.4252502322197,640.9637497663498
796.9171734452248,660.397826552391
108.24309229850769,128.36890769004822
100.19701582193375,111.50598418712616
96.42994248867035,105.75505751371384
98.45886087417603,120.35613912343979
91.96878534555435,99.53121465444565
99.14570450782776,116.15029549598694
95.9896268248558,463.9173731803894
343.62955218553543,641.2974478006363
775.1024795174599,665.1195204854012
232.24241316318512,660.1835868358612
671.197342634201,643.7656573653221
1082.5962755084038,676.1257244944572
101.7911947965622,124.89380520582199
103.28412365913391,111.71687632799149
105.12705755233765,111.05794245004654
142.15600216388702,69.45399785041809
76.29632157087326,45.14867842197418
85.17719382047653,150.41480618715286
113.40906542539597,591.1829345822334
581.5499338507652,564.3580661416054
1005.2268099188805,605.218190073967
122.12569350004196,63.61530649662018
114.63558578491211,69.88241422176361
93.03446739912033,102.0945326089859
97.5263854265213,109.10361456871033
100.66630929708481,106.61069071292877
85.52824455499649,225.37875545024872
111.52121460437775,609.7017853856087
509.25317203998566,639.876827955246
949.7440873384476,633.5139126777649
104.64399546384811,120.3740045428276
94.72892665863037,104.69707334041595
97.92384046316147,107.9461595416069
106.54577106237411,108.25122892856598
149.90674751996994,68.1302524805069
76.40010076761246,90.32289922237396
79.42797946929932,438.64502054452896
442.864854991436,555.5241450071335
97.37472838163376,340.7912716269493
305.385619699955,612.0223802924156
673.0065400600433,638.8274599313736
1107.7014820575714,636.890517950058
99.30440336465836,98.58359664678574
93.94433856010437,99.98066145181656
101.25126266479492,104.84073734283447
141.22516947984695,76.60883051156998
51.124076426029205,101.9869235754013
84.15297496318817,334.66202503442764
251.29188340902328,625.837116599083
688.3768255114555,631.4941744804382
1094.9237751960754,643.7612248063087
101.95271676778793,107.0842832326889
104.03764063119888,102.96335935592651
96.4175671339035,110.61843287944794
94.6684935092926,99.18250650167465
100.38339680433273,104.4506031870842
99.94831395149231,293.4766860604286
199.94124573469162,624.0407542586327
620.173174738884,648.6978252530098
1058.1460935473442,660.7979064583778
105.47203302383423,106.43596696853638
100.6119635105133,104.75803649425507
106.95589810609818,111.19310188293457
165.2618549466133,80.2571450471878
155.21579498052597,70.93120503425598
52.320132195949554,102.71686780452728
82.34901255369186,550.8179874420166
101.83989548683167,62.178104519844055
106.22080117464066,406.0571988224983
306.47173154354095,629.9162684679031
740.0936517119408,643.3883482813835
77.56253749132156,405.93746250867844
296.9984112381935,632.0015887618065
749.8422882556915,639.6207117438316
78.81516289710999,100.27683711051941
80.5670360326767,86.91496396064758
77.00191110372543,91.72008889913559
79.34578090906143,94.32021909952164
80.57965606451035,94.51434391736984
51.44053190946579,134.5594680905342
42.43340003490448,618.3455999493599
494.8872706890106,621.6127293109894
932.6761479377747,646.7138520479202
77.9080178141594,91.01898217201233
885.380907356739,617.119092643261
77.29777669906616,96.14622330665588
75.51265168190002,88.35734832286835
78.11563891172409,89.71736109256744
50.977516293525696,393.1154837012291
160.062460064888,623.3455399274826
69.51642429828644,113.7235757112503
58.249385952949524,670.4906140565872
381.46339416503906,629.333605825901
782.4363117814064,650.2856882214546
90.4472319483757,96.77576804161072
80.82811367511749,88.28388631343842
80.81999087333679,88.10600912570953
79.40287381410599,86.96712619066238
80.52475410699844,92.78924590349197
47.64563071727753,182.05736929178238
62.24961906671524,549.5653809309006
431.55554842948914,624.2584515810013
814.992486178875,652.9515138268471
76.65135556459427,93.59064441919327
79.84623354673386,95.72776645421982
77.94911551475525,96.06988447904587
77.9219941496849,90.70700585842133
77.91387379169464,95.79012620449066
79.3687436580658,163.46525633335114
150.5646060705185,568.3993939161301
563.0184706449509,684.3885293602943
997.0473422408104,654.0816577672958
76.4102212190628,101.75777876377106
930.6230882406235,74.87591177225113
77.17097103595734,102.97802895307541
76.58784860372543,92.3371514081955
78.95071351528168,95.10528647899628
67.57158279418945,365.11341720819473
285.82350450754166,596.7144954800606
65.92545396089554,243.33354604244232
165.41737174987793,576.2116282582283
478.4834668636322,632.867533147335
943.5123428106308,640.1726571917534
77.1342796087265,88.0697203874588
76.99616008996964,87.98483991622925
78.34003812074661,87.64196187257767
78.33092522621155,86.29907476902008
75.28580820560455,89.28819179534912
71.09267616271973,248.77832382917404
189.9915433526039,598.9164566397667
632.0384102463722,626.312589764595
1066.7532761693,651.9137238264084
74.80014961957932,90.06985038518906
72.2170158624649,85.83798414468765
73.41387403011322,89.67912596464157
72.92373496294022,86.65026503801346
77.67359972000122,89.9364002943039
78.42446959018707,456.6295304298401
412.5833370089531,639.1386629939079
809.372211754322,692.480788230896
75.38208204507828,88.11791795492172
75.42995637655258,86.40504360198975
74.19884186983109,87.15315812826157
76.63471382856369,86.69828617572784
78.03458571434021,87.85541427135468
54.710452139377594,197.51154786348343
139.3323228955269,579.3346771001816
582.6941930055618,593.3978070020676
1070.5190629959106,558.1469370126724
522.9919294714928,589.0450705289841
966.7988393902779,589.7941606044769
53.19872134923935,67.8572786450386
83.4856219291687,32.958378076553345
77.29251432418823,88.18848568201065
77.24740886688232,298.2515911459923
93.72136771678925,57.9276322722435
90.62025094032288,181.7687490582466
82.07527101039886,586.036728978157
512.566150188446,615.4518498182297
964.0770400762558,617.3309599161148
81.30898642539978,42.56101357936859
90.35587430000305,52.7911257147789
88.34878408908844,47.448215901851654
95.11770582199097,54.5492941737175
116.83160918951035,36.16739082336426
59.67653679847717,188.8054631948471
96.22254550457001,566.0924544930458
469.5105420947075,604.600457906723
929.5394202470779,597.2925797700882
80.93935137987137,84.33864861726761
77.208241045475,88.06875896453857
81.2561337351799,45.410866260528564
80.00704002380371,47.141959965229034
87.23892748355865,65.55707252025604
80.32389223575592,125.67610776424408
53.24180430173874,594.7401956915855
437.3628278374672,614.1741721630096
897.6697643995285,625.49723559618
313.69766986370087,621.8763301372528
748.708618760109,617.5133812427521
1124.1265586018562,647.633441388607
78.13644659519196,90.40055340528488
80.61033743619919,48.55666255950928
67.21329271793365,69.69470727443695
81.61221832036972,94.53578168153763
137.82610702514648,70.72989296913147
79.7441435456276,355.40385645627975
315.60602647066116,576.3939735293388
757.6909257173538,609.2730742692947
1137.7378028035164,696.3001971840858
129.58167737722397,73.82632261514664
95.27656370401382,105.92743629217148
97.10149538516998,106.23150461912155
97.3524124622345,104.88758754730225
107.84433621168137,105.06366378068924
70.63228261470795,395.9967173933983
265.5132002234459,666.4867997765541
696.1721231341362,680.1238768696785
1145.2740460038185,649.9669539928436
97.8589705824852,115.77002942562103
93.14688926935196,111.6121107339859
98.93581700325012,111.36118298768997
92.83373373746872,102.85126626491547
103.47466188669205,111.69233810901642
102.07661259174347,341.2003874182701
244.34655195474625,656.6534480452538
664.5054661035538,654.2545338869095
1106.1823817491531,662.558618247509
591.192316710949,661.1786832809448
60.57592475414276,428.3130752444267
287.21479976177216,619.9142002463341
728.13367664814,643.4593233466148
624.3475680351257,1162.9114319682121
76.69145375490189,89.47654622793198
78.96033304929733,91.39166694879532
75.98921757936478,89.27078241109848
76.40709578990936,91.2599042057991
49.86103290319443,101.67596709728241
79.40898114442825,458.7580188512802
342.41991901397705,626.1170809864998
789.0038402676582,628.8111597299576
658.624759554863,1156.9302404522896
43.43577527999878,427.10122472047806
250.01977187395096,629.7392281293869
701.6966805458069,635.6543194651604
131.11459958553314,636.4774004220963
678.6804783940315,551.0975216031075
1020.5803747177124,656.9576252698898
77.0523082613945,91.7426917552948
75.04518818855286,90.28881180286407
52.1292005777359,92.03779941797256
74.58307498693466,89.5829250216484
75.05695188045502,91.48004812002182
77.27083939313889,290.2841606140137
159.70778757333755,634.5152124166489
581.9577262997627,645.0412737131119
1021.6356241703033,656.4573758244514
76.90455669164658,92.89144331216812
75.45242446660995,89.65857553482056
74.81329250335693,90.03770750761032
75.67616021633148,90.43483978509903
77.26104325056076,88.53495675325394
54.806964576244354,377.1180354356766
222.11489433050156,644.1811056733131
645.2358220219612,659.3751779794693
1111.264693915844,656.9943060874939
75.81156152486801,87.20643848180771
75.0444306731224,89.32656931877136
78.4253004193306,91.70469957590103
77.0091804265976,88.34281957149506
84.09407204389572,87.86892795562744
58.30824428796768,389.3587557077408
196.2062268257141,628.7927731871605
627.3101072907448,656.5788927078247
1077.8390058875084,659.8829941153526
535.5708881616592,658.6871118545532
982.7848082184792,660.5661917924881
78.22170001268387,90.31629997491837
79.86057585477829,88.69342416524887
79.64952743053436,91.86847257614136
73.49247252941132,353.4325274825096
80.68838888406754,90.9406111240387
71.34732007980347,242.15367990732193
106.63524121046066,648.9027587771416
599.9041730165482,586.058826982975
975.1180787086487,660.0669212937355
77.77696883678436,92.11203116178513
76.87984293699265,89.19415706396103
77.81572037935257,93.68427962064743
76.77160149812698,90.0263984799385
80.8554881811142,91.42351180315018
74.80937087535858,320.7836291193962
224.04223763942719,635.2907623648643
660.3111160993576,658.1328839063644
1127.20999366045,663.937006354332
74.10986787080765,90.48313212394714
75.78673928976059,88.49026072025299
75.3896147608757,91.6103852391243
76.43748831748962,88.35951167345047
75.85435998439789,44.27564001083374
79.82822412252426,535.1157758831978
394.61609560251236,682.031904399395
912.1259843707085,602.485015630722
76.13585889339447,90.62314110994339
761.2767353653908,663.538264632225
81.02661317586899,98.12038683891296
78.1294938325882,88.03650617599487
77.47336447238922,86.5446355342865
34.74323058128357,255.31276941299438
105.58709055185318,642.2469094395638
79.00396192073822,143.34803807735443
30.199838876724243,677.7631611227989
505.6357179284096,635.5312820672989
941.1085906624794,661.3164093494415
77.87846738100052,85.99153262376785
78.11134320497513,90.33365678787231
78.25122106075287,88.02677893638611
77.46509718894958,89.64590281248093
76.54997205734253,87.93202793598175
53.07784068584442,373.88515931367874
218.82870090007782,636.6342990994453
667.4495686888695,659.0874313116074
1121.4784449338913,655.3735550642014
73.89632058143616,89.80667942762375
75.98118245601654,92.31581753492355
72.82505512237549,90.78594487905502
79.63092231750488,93.29507768154144
43.58580994606018,211.97019004821777
69.28067153692245,510.12632846832275
394.6255438923836,643.560456097126
832.5794243216515,658.7165756821632
73.55328863859177,92.65071135759354
73.19215023517609,90.51084977388382
73.16601175069809,229.59298825263977
72.19487404823303,91.80612593889236
76.3528003692627,90.25819963216782
70.86367201805115,382.7853279709816
122.26253950595856,635.3304604887962
578.4394099712372,629.2085900306702
1018.1342777013779,660.2537223100662
733.3861488103867,445.31785118579865
946.8400194644928,651.3809805512428
75.53589153289795,90.2041084766388
75.5647702217102,91.88022977113724
59.64864480495453,120.75835520029068
77.752512216568,86.26648777723312
75.89258450269699,93.05241549015045
78.21645730733871,399.5055426955223
226.39332354068756,535.8476764559746
603.3121985793114,632.6708014011383
1034.192076742649,654.0489232540131
75.86895442008972,86.48304557800293
75.65683501958847,89.7141649723053
73.81571054458618,87.88828945159912
76.64057928323746,87.84142071008682
83.96552485227585,94.23847514390945
84.01342248916626,369.48757749795914
296.2823584675789,577.8286415338516
668.9032993912697,644.2817006111145
1169.46917283535,591.0668271780014
64.76194947957993,421.12805050611496
285.97584277391434,648.5981572270393
736.3197230100632,663.7732769846916
230.4776006937027,646.1153993010521
640.8585238456726,655.6414761543274
1104.86839812994,657.1686018705368
75.13827049732208,89.71372950077057
75.55614548921585,88.35185450315475
86.51104271411896,66.39695727825165
76.00197917222977,88.60902082920074
29.27096515893936,91.37603485584259
76.28190439939499,352.9030956029892
232.8658448457718,637.7821551561356
647.1547619104385,663.2902380824089
1110.0726360678673,668.687363922596
78.50751376152039,92.69548624753952
76.92639166116714,91.90760833024979
76.4362655878067,90.30473440885544
77.72413808107376,92.25786191225052
59.68906307220459,411.5889369249344
267.550985455513,657.7260145545006
689.8019296526909,658.8640703558922
1142.4238292574883,660.8541707396507
84.86071282625198,105.2332871556282
77.81462746858597,93.5553725361824
81.38150107860565,92.10049891471863
82.72438108921051,95.99761891365051
84.30016869306564,460.0328313112259
333.81108897924423,647.7259110212326
747.4690561890602,656.8449438214302
229.34993714094162,636.9650628566742
639.0268720984459,665.8061279058456
1104.0367462038994,658.8712537884712
82.15762799978256,95.0083720088005
78.1125054359436,93.72049456834793
68.17842042446136,66.74757957458496
79.85633987188339,92.68066012859344
92.31031942367554,98.28168058395386
56.691281855106354,399.8637181520462
211.2202269434929,637.7617730498314
625.1751576066017,650.0848423838615
1085.1850580573082,652.8709419369698
76.99093514680862,90.87806487083435
75.74281114339828,90.12818884849548
76.12269073724747,91.45130926370621
78.3365678191185,92.49543219804764
44.48754954338074,378.30845046043396
191.59054017066956,635.4464598298073
625.7674184441566,655.2325815558434
1083.055292904377,670.8337070941925
76.75116628408432,88.674833714962
76.37204271554947,89.21995729207993
75.03092044591904,89.87707954645157
75.0777912735939,92.3302087187767
106.40266633033752,92.5233336687088
57.08078986406326,358.2902101278305
213.9417209625244,650.5762790441513
636.4526382088661,668.6403617858887
1088.0375381112099,670.074461877346
545.3434371352196,661.989562869072
977.8173827528954,660.6826172471046
79.99427103996277,92.0797289609909
77.02314674854279,90.79285323619843
77.75509715080261,90.3559028506279
84.63502061367035,348.25297939777374
86.60896223783493,97.33503776788712
65.17489093542099,241.78810906410217
101.11082136631012,634.7591786384583
462.60290735960007,650.8790926337242
913.1687813401222,651.6462186574936
80.17969506978989,96.74630492925644
76.70757389068604,94.73642611503601
78.82945281267166,92.24454718828201
79.87633150815964,93.41966849565506
53.03521537780762,90.44678461551666
64.71213817596436,238.1398618221283
112.815065741539,637.8889342546463
522.3989946842194,665.6380053162575
985.0948678255081,660.646132171154
76.56773734092712,91.80326265096664
77.72561454772949,91.01438546180725
84.38449543714523,93.22650456428528
78.32139182090759,92.30860817432404
39.738268077373505,91.07573193311691
88.11916846036911,305.13983154296875
205.05510038137436,627.9078996181488
623.4730278253555,659.9709721803665
1070.0389311909676,651.0910688042641
534.641808450222,671.8401915431023
979.5787172913551,653.4962826967239
78.10660272836685,96.02339726686478
77.13547492027283,89.9945250749588
82.10847264528275,94.65052735805511
65.30442905426025,350.233570933342
76.70337074995041,94.22262924909592
66.80627304315567,250.58272695541382
75.83524471521378,636.3687552809715
464.6422207355499,691.1547792553902
902.0041467547417,669.7738532423973
78.42203658819199,93.2639634013176
74.09891659021378,92.80908340215683
78.23879271745682,96.13220727443695
80.80366939306259,93.93633061647415
75.64755064249039,89.85244935750961
63.19548189640045,254.00851809978485
117.35340851545334,632.7575914859772
527.8823284506798,665.6356715559959
978.8002280592918,655.2187719345093
80.3101212978363,92.67087870836258
76.32101798057556,90.51198202371597
73.71889770030975,90.29810231924057
77.4517719745636,91.08522802591324
77.09264993667603,91.2413500547409
75.97352683544159,327.47247314453125
224.24240469932556,626.6465952992439
663.6592809557915,662.8217190504074
1122.8551591038704,643.9968408942223
75.34703373908997,89.15296626091003
1051.6719084978104,650.5690914988518
78.31178230047226,96.92821770906448
79.13665562868118,96.41834437847137
81.27753466367722,57.556465327739716
49.749426901340485,518.3605731129646
384.9093093276024,640.4246906638145
60.585189044475555,432.0438109636307
310.61406803131104,643.3479319810867
760.1799472570419,631.0970527529716
75.76382148265839,95.66117852926254
75.97870057821274,91.59629940986633
77.41457384824753,91.97442615032196
76.98044800758362,90.8345519900322
77.8973268866539,91.17567312717438
67.94420444965363,224.85079550743103
114.54807913303375,543.8589208722115
488.55795389413834,632.9790461063385
902.8098381757736,643.2461618185043
75.61572390794754,97.10627609491348
75.34759569168091,91.96640431880951
76.11846578121185,93.28953421115875
75.96134227514267,91.66765773296356
81.13825833797455,92.8057416677475
54.66712999343872,398.4808700084686
163.26999771595,619.2670022845268
620.4838613271713,650.720138669014
1071.716723561287,656.2102764248848
78.23326599597931,84.82273399829865
78.14581418037415,83.7981858253479
79.68836522102356,82.88463479280472
81.75092124938965,88.36107873916626
50.84847819805145,164.94752180576324
66.59605121612549,675.3669487833977
476.47163021564484,530.7683697938919
812.6632053852081,638.1147946119308
300.33576929569244,638.7192307114601
735.6753261089325,664.4546738862991
89.32988798618317,95.46711200475693
81.27945864200592,82.42454135417938
82.6740266084671,85.63997340202332
57.60659098625183,170.59740900993347
83.4091528058052,81.57284718751907
54.97071713209152,103.86328285932541
87.88327747583389,671.7827225327492
460.27783662080765,631.5731633901596
909.5803976655006,644.7526023387909
81.47595709562302,82.59904289245605
83.75851464271545,83.0004853606224
85.56107604503632,80.79092395305634
84.14063864946365,81.09936136007309
95.07320231199265,85.68679767847061
75.24581336975098,371.7361866235733
197.8994145989418,584.6925854086876
631.6279754638672,600.335024535656
1007.1146162748337,627.8663837313652
80.60317480564117,82.91582518815994
80.60872948169708,81.33527052402496
79.04028624296188,81.66271376609802
84.12086004018784,81.56413996219635
84.84843665361404,88.28056335449219
38.6329984664917,505.9780015349388
312.138551235199,598.2684487700462
82.02065247297287,95.77534753084183
774.5642048120499,561.3997951745987
1175.883768260479,594.0782317519188
86.85713654756546,392.75386345386505
288.10370272397995,657.3222972750664
732.4612728953362,676.1677271127701
640.004850924015,78.62514907121658
82.47342902421951,84.69357097148895
84.09099507331848,85.5030049085617
83.68856358528137,85.77443641424179
85.1941282749176,84.45387172698975
39.66369020938873,129.50330978631973
34.225263476371765,584.5707365274429
432.47182554006577,645.7501744627953
885.1443853974342,689.54061460495
83.98394775390625,89.09005224704742
96.11951416730881,97.47248584032059
81.55107545852661,84.02292454242706
86.33463555574417,83.49836444854736
84.39626675844193,85.51073324680328
75.53183352947235,262.894166469574
130.1303997039795,673.5546002984047
586.7109650969505,637.0110349059105
1034.2355261445045,652.4694738388062
81.88908612728119,85.25991386175156
78.93820625543594,82.95079374313354
81.4807597398758,85.51824027299881
80.11731761693954,91.80968236923218
82.99286812543869,406.081131875515
316.0364181995392,622.3155817985535
74.56098330020905,353.94001668691635
262.0115319490433,659.2674680352211
711.165086388588,668.7059136033058
79.2132220864296,84.28577792644501
81.34877622127533,84.54022377729416
79.7803356051445,81.8116644024849
78.8978887796402,81.75011122226715
31.088443636894226,280.98455637693405
82.90999382734299,565.7010061740875
473.0455471277237,636.8994528651237
913.5140980482101,677.0969019532204
79.13165467977524,82.48034530878067
78.89720636606216,82.14079362154007
79.717757999897,81.44924199581146
80.96331292390823,80.88768708705902
84.41389364004135,85.21510636806488
78.47545224428177,436.6905477643013
232.31500244140625,729.4809975624084
660.7095575332642,673.9934424757957
1083.3641093373299,685.3028906583786
77.70266079902649,84.64833921194077
79.65321046113968,83.01278954744339
79.1587644815445,81.54423552751541
78.51731753349304,83.46368247270584
33.54187059402466,93.73612940311432
41.76942819356918,674.2115718126297
445.1089997291565,726.836000263691
845.1885580420494,673.8844419717789
420.62110859155655,576.5458914041519
771.3306610584259,687.0773389339447
79.2622172832489,102.25578272342682
77.49076586961746,88.69423413276672
81.20031517744064,82.68868482112885
72.4108715057373,383.4231284856796
79.39742738008499,78.60257261991501
85.92198479175568,172.04201519489288
155.742549598217,687.5914503931999
590.67510420084,712.6218957901001
1100.031652867794,533.0973471403122
78.24120211601257,82.05479788780212
79.3407530784607,80.86324691772461
84.40231084823608,81.9866891503334
86.25987923145294,85.29612076282501
84.63544648885727,82.27155351638794
62.28999924659729,469.9130007624626
294.7775567770004,608.0194432139397
766.0791157484055,601.6238842606544
592.3816794753075,1226.1553205251694
82.86924535036087,86.96375465393066
81.61581283807755,83.42118716239929
89.41838139295578,89.91561859846115
83.53496789932251,83.98303210735321
87.80053210258484,53.736467897892
52.547095358371735,554.0269046425819
405.51667499542236,597.2613250017166
881.1512627601624,628.0707372426987
86.86082941293716,45.82417058944702
88.34840893745422,38.81859105825424
658.7800016999245,1161.6079983115196
35.179476499557495,478.07952350378036
326.0000332593918,631.1669667363167
782.4505853056908,645.1604146957397
82.69714277982712,88.39585721492767
82.77670407295227,85.16729593276978
105.24626356363297,86.38373643159866
83.58482187986374,86.82217812538147
84.31338548660278,85.74261450767517
132.28295159339905,117.10704839229584
81.56551486253738,622.7304851412773
507.38606709241867,651.0579329133034
967.7446258664131,648.2373741269112
80.63919132947922,83.13780868053436
80.8677527308464,84.29924726486206
87.1883128285408,83.47868716716766
83.5458762049675,86.84312379360199
78.792664706707,87.35533529520035
70.4102310538292,374.2937689423561
138.24979430437088,633.8802056908607
564.2363644242287,651.1346355676651
263.8539309501648,68.73906904459
86.30349099636078,88.71450901031494
953.7170528769493,692.5049471259117
81.18561100959778,88.53538900613785
82.56317073106766,88.27082926034927
57.16072475910187,113.24627524614334
83.90828377008438,568.3697162270546
329.6918348670006,674.0861651301384
30.36438626050949,555.3216137290001
436.1109364628792,491.7600635290146
764.338493347168,642.1425066590309
81.43705636262894,83.85894364118576
81.09161281585693,83.35238718986511
81.30117785930634,86.88382214307785
80.6587381362915,83.15526187419891
81.72029787302017,86.18770211935043
28.244856417179108,152.2731435894966
93.63941180706024,561.3045881986618
476.052961230278,636.4280387759209
919.3005114197731,662.3114885687828
79.73208302259445,86.84291696548462
78.12563741207123,85.503362596035
78.94718992710114,83.66381007432938
78.1567479968071,85.25025200843811
81.68030095100403,82.28169906139374
79.65086448192596,415.64613550901413
227.21142131090164,737.7695786952972
633.7729884982109,653.9490115046501
1088.3905433416367,654.9254566431046
83.02510821819305,82.93789178133011
81.53167390823364,82.46832609176636
81.07524126768112,85.53575873374939
80.74780476093292,81.03019523620605
47.56736481189728,176.52463519573212
32.49993336200714,653.8340666294098
413.67249470949173,734.2535052895546
86.2586784362793,93.05632156133652
751.1162588596344,743.0687411427498
84.14082700014114,71.13717299699783
66.96141922473907,67.83458077907562
72.02297878265381,61.71802121400833
66.99153649806976,139.7674635052681
66.40509790182114,590.4459021091461
84.85465574264526,52.6073442697525
78.25021678209305,513.0637832283974
452.4417840242386,608.0212159752846
916.0953418016434,615.4976581931114
75.11889564990997,39.60210430622101
93.05245065689087,32.55954933166504
89.0950071811676,48.70199280977249
109.73056596517563,52.399434030056
120.86613148450851,65.67186850309372
155.31571435928345,141.96128565073013
124.89632898569107,609.1406710147858
528.2170065641403,640.1159934401512
86.09635519981384,265.0516448020935
135.13991183042526,673.898088157177
579.0344814062119,694.280518591404
1031.2620531916618,692.5719467997551
82.54561865329742,84.75038135051727
957.4401869773865,706.8558130264282
81.89074528217316,90.55325472354889
82.54530841112137,88.00969159603119
85.95887368917465,88.33712631464005
69.15043920278549,547.8325607776642
266.9889976978302,681.5110023021698
84.81055742502213,349.43044257164
251.3901082277298,647.4988917708397
673.6366850733757,674.1223149299622
78.55580967664719,86.94519031047821
78.45036846399307,86.51263153553009
79.12292325496674,87.8020767569542
84.62848716974258,93.42651283740997
45.042057514190674,222.99494248628616
76.288609623909,541.8223903775215
469.0351614356041,627.3538385629654
950.6347339749336,599.273266017437
79.45529353618622,88.37870645523071
83.08984839916229,84.61315160989761
82.0224096775055,91.19959032535553
78.49096643924713,83.28703355789185
45.886539578437805,85.70646041631699
83.9471144080162,257.5528855919838
180.47168058156967,609.4353194236755
620.1452503800392,636.392749607563
1004.557815849781,696.4051841497421
80.60037612915039,84.73162388801575
81.21793305873871,85.96706694364548
80.00149184465408,83.8875081539154
81.26705491542816,83.38194507360458
39.698609948158264,89.17139005661011
84.46416872739792,421.92483127117157
319.339744746685,640.5862552523613
773.6423088312149,656.4686911702156
257.6478733420372,39.944126665592194
736.2284396886826,621.4195603132248
87.55281907320023,418.52218091487885
291.5763922929764,663.4236077070236
750.9159662723541,675.0280337333679
633.0885528326035,78.93044716119766
81.39012086391449,83.03587913513184
79.63768088817596,85.71531909704208
81.03224277496338,82.39375722408295
80.88980823755264,86.88819175958633
57.21136498451233,233.69663500785828
82.5689143538475,582.8760856389999
457.37046909332275,660.2775309085846
903.6920241117477,683.178975880146
79.24012750387192,85.22287249565125
79.63468420505524,85.58731579780579
81.17723006010056,90.41476994752884
86.29478842020035,87.18721157312393
69.46734899282455,330.34765100479126
216.65891182422638,650.7490881681442
678.4234789013863,639.5575211048126
1099.8560347557068,685.736965239048
78.3615927696228,86.78640723228455
1033.460146009922,687.9468539953232
77.85470390319824,85.03329610824585
81.18181318044662,46.26218682527542
71.15036255121231,538.4426374435425
436.11993074417114,639.7140692472458
85.06949484348297,436.0225051641464
354.74206030368805,642.3319396972656
747.637617111206,686.9733828902245
87.73618370294571,94.98581629991531
79.6307578086853,85.42424219846725
81.74831318855286,84.69668680429459
83.49387240409851,83.26412761211395
82.18544465303421,84.44355535507202
76.30301111936569,145.45698887109756
65.71556609869003,630.450433909893
529.0181312561035,626.0568687319756
914.6717004179955,692.5122995972633
89.270259141922,84.39574086666107
83.6098490357399,84.87115097045898
81.18941605091095,85.0505839586258
82.17698901891708,86.63701099157333
83.86856406927109,87.18743592500687
42.28213965892792,324.0148603320122
220.32470148801804,609.397298514843
681.7382581830025,613.0947418212891
1070.1148243546486,653.3111756443977
85.89839339256287,89.5646066069603
78.6449613571167,85.5590386390686
83.68854373693466,87.84945625066757
81.52711641788483,82.04688358306885
66.21768414974213,86.87431585788727
49.07624936103821,477.0537506341934
352.8598139286041,633.9741860628128
793.384381711483,635.1906182765961
247.63096338510513,646.888036608696
685.6365423202515,661.7154576778412
1111.8091046214104,694.9688953757286
83.26066952943802,86.1663304567337
81.80323666334152,85.56776332855225
58.88280475139618,148.46819525957108
87.2403776049614,84.53762239217758
87.28952658176422,480.8584734201431
372.1471019387245,655.741898059845
851.4126812815666,642.1423187255859
112.51126742362976,62.80373257398605
125.6458368897438,64.7611631155014
102.20841783285141,103.05158215761185
100.65803575515747,96.28596425056458
105.09064280986786,99.05735719203949
106.31827396154404,52.58872604370117
83.5469017624855,512.3230982422829
364.1085048317909,678.0954951643944
801.0210983157158,694.4789016842842
659.3977034687996,60.10129654407501
110.571318089962,102.65168190002441
105.02193027734756,105.21906971931458
108.69454747438431,104.80645251274109
159.8481712937355,65.18882870674133
105.18823981285095,83.97876018285751
100.15685987472534,268.769140124321
125.77355951070786,636.5404404997826
529.6322454810143,642.7197545170784
941.7679054737091,645.3250945210457
423.36647576093674,622.9865242242813
820.6131427288055,653.5538572669029
82.72970771789551,90.95529228448868
79.42128896713257,82.81971102952957
95.48284810781479,65.83215188980103
96.21040832996368,226.95559167861938
94.7909649014473,71.7090350985527
87.0565180182457,183.09248197078705
120.45107400417328,599.80892598629
542.3646336197853,644.8213663697243
1003.0181997418404,641.8528002500534
117.94978767633438,70.60521233081818
130.40039801597595,58.155601978302
124.27701371908188,70.2049862742424
143.43060684204102,61.21739315986633
104.52918899059296,99.3218110203743
115.18381124734879,194.53818875551224
87.5415905714035,574.1624094247818
146.82534629106522,899.4526537060738
833.2760425209999,643.8909574747086
147.29961770772934,62.476382315158844
97.49160128831863,87.58239871263504
97.05419898033142,84.24280101060867
93.17080307006836,87.33019691705704
97.15843838453293,85.41556161642075
81.88607662916183,83.66892337799072
84.5956512093544,298.77434879541397
191.36125057935715,634.1757494211197
664.6628359556198,645.2441640496254
109.44750052690506,588.3124994635582
486.4351589679718,637.435841023922
949.2377389669418,620.9662610292435
96.24334090948105,89.07165908813477
89.84194928407669,84.43605071306229
86.25456118583679,86.15243881940842
84.4271314740181,84.27586853504181
80.321706533432,83.51129347085953
92.75430744886398,175.1336925625801
104.75994902849197,590.6280509829521
507.821594953537,618.3824050426483
965.5501641631126,618.7838358283043
83.4637343287468,89.25926566123962
83.30331313610077,83.19768685102463
84.252889752388,84.0431102514267
83.25946736335754,38.611532628536224
83.56105428934097,46.91994571685791
84.2706533074379,225.1363466978073
170.53626263141632,588.833737373352
540.0239289999008,632.5500710010529
984.8255460858345,621.5814539194107
86.64612466096878,85.38987535238266
82.18972098827362,88.31027901172638
82.97332012653351,40.30467987060547
91.46189469099045,45.70510530471802
124.2074858546257,57.088514149188995
118.19508707523346,204.10091292858124
157.66371136903763,603.7622886300087
539.392407476902,611.0705925226212
953.2870496511459,622.9899503588676
658.9226325154305,381.8553674817085
827.0962815880775,631.2747184038162
84.74986308813095,87.43513691425323
82.86643594503403,85.6515640616417
84.33602344989777,33.36897653341293
65.82363253831863,198.86236745119095
86.99528354406357,85.11471647024155
53.14985811710358,65.31314188241959
97.24868828058243,376.04731172323227
300.1993131041527,632.3566868901253
715.7239539027214,634.9810461401939
1122.1925550699234,660.1964449286461
78.77318090200424,91.89381909370422
82.31477952003479,85.3702204823494
81.26635372638702,86.04864627122879
79.77197086811066,86.4870291352272
84.66663128137589,90.64736872911453
57.154261469841,369.9757385253906
266.47488379478455,611.5441161990166
698.7404990792274,611.5935009121895
83.93412804603577,273.0098719596863
163.01467925310135,651.9673207402229
600.3172307610512,685.7757692337036
115.04477781057358,636.5842221975327
537.3103349208832,680.0596650838852
999.5198934078217,686.4621065855026
80.17345893383026,90.49254107475281
96.86501532793045,96.43098467588425
83.98257327079773,95.75842672586441
82.65513730049133,91.28986269235611
34.975700318813324,90.06129968166351
51.81526577472687,452.70473420619965
374.1538368463516,549.920163154602
709.2343987226486,683.6546012759209
99.82448208332062,375.3985179066658
282.58904880285263,657.2069512009621
728.372622013092,658.2013779878616
79.52618426084518,84.56581574678421
83.01374423503876,87.43025577068329
84.40930700302124,91.5346930027008
81.0258737206459,87.49212628602982
81.12443608045578,85.52356392145157
79.33400130271912,121.20199871063232
70.61856865882874,577.9004313349724
442.9021335840225,655.764866411686
892.8157007694244,664.5182992219925
372.414263010025,668.8817369937897
826.0678299069405,662.2291700839996
80.33239275217056,88.6306072473526
80.35695588588715,88.71604412794113
116.93752235174179,61.655477643013
83.4250858426094,235.33491414785385
79.59765374660492,86.29234623908997
55.066217720508575,233.9157822728157
93.57278567552567,662.6492143273354
509.07837241888046,689.3656275868416
969.546938419342,694.3790615797043
79.92350339889526,87.26249659061432
83.50306677818298,89.70093321800232
82.67563104629517,91.65736895799637
82.6451975107193,89.40980249643326
85.53976732492447,86.73723268508911
71.49034458398819,377.8806554079056
208.60691231489182,706.8190876841545
666.872478723526,703.2945212721825
1122.5260494947433,707.9179505109787
81.3666165471077,85.65338343381882
81.7971795797348,89.55482041835785
80.06274658441544,88.40025341510773
81.43931251764297,86.338687479496
86.83387982845306,51.68512016534805
83.37644749879837,520.1975525021553
362.1790192127228,689.3389807939529
817.5375841259956,694.2774158716202
80.26515060663223,85.75284940004349
738.0117166042328,696.3222833871841
86.05527919530869,97.05672079324722
84.46785241365433,90.14314758777618
39.27041578292847,93.02658420801163
47.81298506259918,252.872014939785
79.85554814338684,680.7734518647194
86.71312379837036,141.56387621164322
81.88672137260437,575.4092786312103
414.02229022979736,711.1627097725868
868.4728718996048,702.2311280965805
81.90443593263626,93.8545640707016
86.18800228834152,87.45999771356583
84.89757341146469,97.73242658376694
82.58815801143646,89.55984199047089
44.057718217372894,87.90528178215027
44.008275389671326,313.3437246084213
215.8098354935646,587.6531645059586
602.797398686409,656.146601319313
1034.877958536148,684.4550414681435
80.99451863765717,91.56148135662079
78.96307897567749,87.38892102241516
80.7476373910904,86.71536260843277
90.01219606399536,88.37680393457413
76.0007518529892,88.64824813604355
81.26530945301056,443.16069054603577
327.06686794757843,655.1731320619583
757.2774294018745,681.6305705904961
82.8389880657196,90.88401192426682
80.34454894065857,87.0254510641098
1142.5721324682236,689.5378675460815
80.09769576787949,85.60630422830582
81.77025270462036,85.04474729299545
79.51680827140808,158.92819172143936
55.059360802173615,652.1436392068863
505.4539270401001,661.9160729646683
83.01548492908478,542.5035150647163
443.8730519413948,650.6449480652809
854.1016385555267,665.5283614397049
80.99620151519775,91.63379848003387
80.20676320791245,86.57223677635193
84.1013320684433,91.78766793012619
80.71789908409119,85.74510091543198
76.53845089673996,90.73954910039902
71.95201206207275,251.1029879450798
150.86555975675583,651.3384402394295
572.2601146697998,687.998885333538
1032.876669883728,688.6783301234245
81.29122537374496,89.8757746219635
80.92577439546585,85.88822561502457
80.13632529973984,87.400674700737
81.54887962341309,86.21012037992477
80.44345980882645,91.81554019451141
92.58001494407654,424.1799850463867
367.17758297920227,623.1924170255661
758.2571381926537,696.4268618226051
81.4676963686943,107.236303627491
77.01025527715683,88.04474472999573
80.70181089639664,90.72418910264969
78.85636657476425,87.58863341808319
78.78791803121567,91.60108196735382
76.81147003173828,192.89152997732162
106.3730199933052,615.589980006218
569.7865987420082,628.3234012722969
956.4411497116089,701.3548502922058
78.77971374988556,88.86728626489639
926.2492693662643,646.842730641365
81.01482820510864,93.70717179775238
78.81639069318771,88.84960931539536
80.80395567417145,88.0470443367958
81.58751428127289,418.9854857325554
281.46407663822174,632.053923368454
83.54364413022995,292.47435587644577
197.27221655845642,626.4687834382057
635.2597843408585,649.2402156591415
1050.1173517107964,677.2156482934952
82.86392045021057,90.56107956171036
83.18448716402054,85.74051284790039
81.54305911064148,89.47594088315964
76.71561533212662,86.37738466262817
79.87573075294495,455.7912692427635
373.38128423690796,637.3597157597542
834.1648327708244,634.7051672339439
77.22638577222824,85.86561423540115
79.86193925142288,87.93406075239182
84.90449368953705,88.20650631189346
75.37404555082321,49.14395445585251
114.62060099840164,47.546398997306824
85.27517294883728,176.76182705163956
99.05774348974228,626.9412565231323
539.8603205680847,638.6586794257164
940.9958968758583,675.9481031298637
101.15053564310074,107.40546435117722
108.74814164638519,106.97385835647583
103.80976992845535,106.70823007822037
101.70539057254791,101.20260941982269
135.60000729560852,64.01099270582199
83.36595916748047,88.17104083299637
68.24254429340363,488.387455701828
365.52611404657364,650.881885945797
45.21671372652054,390.37528628110886
222.35233855247498,658.5366614460945
631.3579565286636,695.9930434823036
1081.0685672163963,672.5984327793121
100.37018549442291,103.29581451416016
108.80179160833359,98.82720839977264
99.0114016532898,103.63559836149216
98.55501633882523,104.48198366165161
48.44960820674896,93.49439179897308
101.84421277046204,308.93278723955154
200.92483687400818,655.760163128376
605.8564547896385,669.5505452156067
1048.8440595269203,670.1369404792786
102.18366712331772,110.16833287477493
100.81928050518036,102.06971949338913
105.49189418554306,102.7671058177948
97.96053087711334,108.44646912813187
100.30014300346375,106.06985700130463
84.89875936508179,275.45324063301086
171.497377038002,643.1876229643822
551.1700162291527,679.3859837651253
985.6016376018524,672.1943624019623
100.58926349878311,99.6137365102768
99.40987652540207,97.40512347221375
98.47249901294708,95.89850097894669
99.66312617063522,107.54087382555008
96.79874497652054,95.07225501537323
92.06335586309433,201.52964413166046
72.14396673440933,644.8930332660675
495.85357570648193,666.924424290657
108.69219398498535,513.7888060212135
371.976831138134,664.1161688566208
797.2424433231354,686.6845566630363
100.08105719089508,106.67894279956818
100.23566895723343,107.13533103466034
106.68528628349304,112.5547137260437
101.06192755699158,103.60507243871689
93.5685504078865,94.22844958305359
49.74115455150604,65.07484543323517
48.486773788928986,520.1612262129784
315.01137578487396,671.9326242208481
779.2579931020737,658.3710069060326
621.6166406869888,651.7903593182564
101.78925812244415,105.09974187612534
102.20187169313431,112.18612831830978
168.33848053216934,66.47751945257187
77.60350620746613,88.97049379348755
78.51706600189209,85.61293399333954
79.1346173286438,305.42138266563416
239.60317075252533,617.9518292546272
696.9607250094414,621.2612749934196
1155.7072900533676,626.3107099533081
128.8808909058571,40.694109082221985
1005.627494931221,666.2995050549507
106.35508841276169,65.0339115858078
122.34265512228012,67.15734487771988
96.92323952913284,70.00376045703888
82.55912864208221,272.4598713517189
143.32269954681396,672.046300470829
77.8662736415863,180.59572637081146
105.92884081602097,617.8121591806412
67.21392649412155,422.78707349300385
315.2374966144562,641.5215033888817
877.7810645699501,553.6629354357719
88.37963533401489,89.38036465644836
80.27419865131378,86.6148013472557
80.31676989793777,86.83123010396957
81.19333851337433,89.51066148281097
81.1059119105339,87.61508810520172
31.778479039669037,138.88752096891403
82.73004388809204,555.8079560995102
483.0126026272774,631.7453973889351
911.0561645030975,666.7028355002403
79.71072679758072,85.25227320194244
79.69729489088058,83.89470511674881
81.36986482143402,84.07413518428802
79.0424370765686,37.34556293487549
87.77100431919098,83.3019956946373
59.666580975055695,287.57541900873184
132.74615687131882,664.4388431310654
608.0857294201851,627.211270570755
1007.0722947120667,678.4827052950859
82.26385867595673,91.1621413230896
970.8624186515808,669.6935813426971
85.64598816633224,90.0950118303299
85.09659749269485,91.32940250635147
53.269182741642,90.230817258358
33.811755895614624,406.040244102478
84.8003214597702,92.01467853784561
84.7319004535675,282.2500995397568
200.75647443532944,629.2065255641937
636.7250531315804,651.0529468655586
1032.2116276025772,691.0653724074364
80.90319430828094,86.57780569791794
81.13176196813583,84.4982380270958
82.45232623815536,44.97367376089096
102.16189235448837,54.227107644081116
68.55646574497223,74.8695342540741
106.69203799962997,397.6039620041847
249.79166388511658,694.9683361053467
683.3902699947357,720.8137300014496
96.03049850463867,106.8395015001297
94.01910614967346,100.92589384317398
97.13570576906204,104.84629422426224
95.25230967998505,100.58069032430649
100.88891792297363,101.72308206558228
101.70953625440598,371.846463739872
245.82714998722076,681.3588500022888
657.4807632565498,697.8712367415428
1106.9683673381805,694.995632648468
99.80698066949844,105.8410193324089
975.8875929117203,721.7424070835114
102.2632040977478,116.32879590988159
91.89981883764267,105.58218115568161
98.23843562602997,93.31756436824799
94.31904870271683,385.25495129823685
191.7316633462906,699.3053366541862
90.51628637313843,236.5217136144638
78.29990500211716,682.4230949878693
487.13952898979187,724.7864710092545
971.5891495347023,664.7068504691124
27.802210330963135,443.66078966856
291.15977704524994,645.3402229547501
711.7583377361298,685.1856622695923
620.6349014639854,73.29009854793549
77.1034887433052,86.54451125860214
78.14704591035843,88.00095409154892
76.78159976005554,90.92140024900436
80.97415632009506,89.6928436756134
57.4607138633728,137.55728614330292
78.00426203012466,597.7367379665375
560.8248161673546,581.6201838254929
896.8123797178268,685.502620279789
79.94694203138351,95.94105798006058
816.7315124869347,678.3244875073433
78.40407741069794,95.66992259025574
81.1136274933815,91.92337250709534
83.19330185651779,90.62069815397263
70.47689604759216,369.3741039633751
124.57649916410446,637.2575008273125
108.60113680362701,196.5098631978035
43.92079973220825,603.3012002706528
346.7234386205673,684.5535613894463
792.5440009236336,689.0669990777969
82.14361411333084,103.41238588094711
79.46318119764328,90.66581881046295
81.30274367332458,88.45625633001328
80.0313149690628,95.5796850323677
56.25888288021088,88.98111712932587
82.3574446439743,175.7535553574562
62.642093777656555,733.1179062128067
439.8336920142174,680.445307970047
877.9502584338188,698.1797415614128
80.3258228302002,94.80317717790604
79.3313958644867,87.8526041507721
80.70795732736588,90.53304266929626
77.86251991987228,90.34048008918762
83.85013884305954,90.57586115598679
81.22669959068298,398.551300406456
217.12125235795975,697.8607476353645
597.0158058404922,667.391194164753
1035.3363571763039,720.2556428313255
76.73090755939484,92.91609245538712
76.55245566368103,87.05854433774948
78.67000824213028,89.46099174022675
76.84156531095505,89.8984346985817
77.56914728879929,91.72685271501541
79.44570130109787,465.8322986960411
372.4892539381981,746.9737460613251
1066.3468111157417,416.13418889045715
312.11239367723465,633.3136063218117
717.1729536652565,690.4560463428497
80.45751494169235,102.32048505544662
77.7970758676529,90.86992412805557
76.4326319694519,88.08636802434921
79.64218735694885,185.17281264066696
77.09174168109894,86.81525832414627
49.06029796600342,136.91970205307007
47.603849947452545,598.2471500635147
471.7584183216095,655.8715816736221
882.3379791975021,693.9770208001137
77.69553732872009,73.43346267938614
88.60909283161163,73.48290717601776
104.74465250968933,79.16234749555588
79.8065693974495,85.7854306101799
80.25714319944382,86.61285680532455
63.39270889759064,133.08829110860825
81.04727554321289,595.3237244486809
474.4598426222801,647.3551573753357
867.1694333553314,691.700566649437
81.08300161361694,88.30599838495255
77.21858042478561,86.50341957807541
85.5391429066658,89.07185709476471
79.86072313785553,90.34427684545517
81.34728741645813,87.5787125825882
87.11186718940735,231.64613276720047
111.98844349384308,666.1025565266609
578.5880206823349,676.9489793181419
972.6495944261551,712.5174055695534
432.7291879057884,684.1598120927811
880.9207884669304,698.4862115383148
93.88937145471573,96.6486285328865
106.8949738740921,102.17902612686157
98.21560114622116,101.89539885520935
100.00020641088486,247.8517935872078
96.67181450128555,100.80918550491333
96.437415599823,136.02458441257477
63.31402003765106,609.1859799623489
431.9866261482239,683.8103738427162
897.5672147274017,672.0807852745056
100.96081453561783,103.63118547201157
102.3744226694107,106.36557734012604
98.80604523420334,108.63795477151871
95.53466355800629,104.3543364405632
96.3192685842514,97.29173141717911
106.10187655687332,119.19412344694138
67.6454889178276,597.2245110869408
420.9671058654785,677.6818941235542
899.8237578868866,650.2872421145439
84.27865958213806,401.33234041929245
253.89422756433487,681.5127724409103
700.1977958083153,683.0252041816711
610.5979377031326,699.7910622954369
1071.0665063261986,679.210493683815
82.61007642745972,88.96492356061935
81.61564749479294,89.43935251235962
75.04721516370773,75.61978483200073
83.83077245950699,551.5392275452614
83.91693824529648,445.3790617585182
329.2745159268379,660.372484087944
754.2440782785416,672.1999217271805
645.6386641263962,76.4353358745575
956.7197606563568,681.3902393579483
79.96633106470108,85.05066895484924
79.89889806509018,85.71210193634033
82.88646805286407,90.4845319390297
80.09603351354599,85.44096648693085
82.52760487794876,93.24939513206482
47.70018720626831,380.65081280469894
172.7258546948433,656.756145298481
614.3974162936211,664.6755837202072
1037.4410111308098,691.3919888734818
77.37261992692947,86.29438006877899
76.41517871618271,86.0838212966919
75.62473607063293,87.02226394414902
81.05729001760483,89.16570997238159
89.15597313642502,95.066026866436
86.71758395433426,384.4494160413742
212.37122189998627,653.9807780981064
654.5068354606628,663.0291645526886
106.36442357301712,657.5425764322281
525.204058945179,667.7399410605431
989.6546384692192,646.8263615369797
78.36421304941177,87.26478695869446
78.16679227352142,87.51920771598816
80.28351294994354,88.01248705387115
75.8450853228569,87.87691468000412
79.96164047718048,88.50035953521729
75.07928764820099,246.27271234989166
81.54791349172592,676.2480865120888
487.517514526844,692.0564854741096
931.634079515934,699.0509204864502
76.69563859701157,87.93336141109467
76.47919267416,87.03880733251572
76.61575156450272,86.01424843072891
75.91730952262878,88.32369047403336
78.9789205789566,86.09507942199707
98.87348747253418,313.95951253175735
188.06513845920563,676.1388615369797
588.1637729406357,679.7812270522118
1000.8173725008965,688.2376275062561
75.15692412853241,86.52807587385178
76.07047456502914,87.02252542972565
76.55803048610687,89.34996950626373
75.93358558416367,87.4374144077301
57.630904614925385,368.8500953912735
237.76651924848557,635.4364807605743
633.7351179718971,687.5048820376396
591.2596807479858,1146.8143192529678
555.2102791070938,678.8087208867073
982.9568358063698,686.3941642045975
77.7963929772377,85.92560702562332
77.0989505648613,89.12404942512512
66.98126310110092,423.40773689746857
77.07982259988785,86.42017740011215
64.5304468870163,314.3395531177521
173.27703416347504,664.8159658312798
583.1346273422241,677.4023726582527
1026.437182188034,690.1748178005219
77.10976356267929,87.94623643159866
75.41231971979141,86.18068027496338
77.13988697528839,88.61911302804947
76.57245415449142,86.59454584121704
81.94814437627792,87.32985562086105
58.56475132703781,374.58224868774414
244.79339861869812,636.4846013784409
609.2619994878769,685.2380005121231
1036.416593015194,713.3794069886208
87.40421360731125,88.37378638982773
91.7617998123169,88.96120017766953
76.47143638134003,87.58356362581253
75.16201293468475,88.61598706245422
76.29859787225723,87.60840213298798
65.0262086391449,381.52879136800766
240.6807655096054,648.3752344846725
650.6123442053795,684.4806557893753
1099.969922542572,701.5120774507523
567.9025024175644,723.5604975819588
992.0750737190247,712.4069262742996
79.33964955806732,90.2903504371643
85.08621168136597,97.89478832483292
28.727371990680695,504.9756280183792
71.52992969751358,93.59907031059265
49.424489080905914,415.000510931015
279.8760414123535,668.6429585814476
751.269594013691,658.3224059939384
77.5227490067482,86.08825099468231
77.89829725027084,85.23070275783539
77.79384917020798,86.46515083312988
79.81840020418167,87.58859980106354
60.65695542097092,124.49104458093643
68.44150424003601,603.502495765686
468.6880574822426,672.5339425206184
951.4156113862991,667.6213886141777
79.83016669750214,87.1148332953453
77.72471982240677,88.36828017234802
78.06327599287033,85.84372401237488
76.56982845067978,85.85617154836655
77.7423825263977,86.33161747455597
64.37693512439728,347.95606487989426
213.77248746156693,668.4685125350952
680.1120502352715,658.7959497570992
1116.8586418032646,688.6603581905365
120.55021810531616,60.65478187799454
1039.1477949619293,34.24120503664017
99.28339171409607,110.12460827827454
94.90103191137314,101.85796809196472
49.96264559030533,101.14835441112518
74.70825916528702,392.3837408423424
196.36386024951935,701.8221397399902
91.27647399902344,236.77852600812912
104.48708385229111,672.4949161410332
509.6777029633522,693.6562970280647
956.1833165884018,686.2236834168434
93.65292382240295,97.38507616519928
139.28854602575302,95.4344539642334
160.8681435585022,64.55785644054413
82.46716409921646,94.14483588933945
82.19473522901535,87.00926476716995
32.47930645942688,144.57669353485107
33.28188592195511,610.9041140675545
416.5094875693321,642.6945124268532
855.1450710296631,676.0589289665222
85.63263821601868,86.97836178541183
81.12021201848984,42.52878797054291
87.60678660869598,64.68821340799332
111.83536303043365,61.23963701725006
141.0079444050789,61.41805559396744
86.27353566884995,183.20846432447433
129.76012057065964,577.5348794460297
87.78618657588959,394.1028134226799
272.3287733197212,655.9852266907692
676.3733478784561,699.0526521205902
1134.4149276018143,693.3620724081993
668.1255034804344,656.4114965200424
1050.3350749611855,713.8129250407219
76.60063910484314,90.28936088085175
83.99520510435104,91.0417948961258
80.44478207826614,79.51721793413162
39.30335879325867,624.0116412043571
36.3895081281662,532.4804918766022
320.8770818710327,707.5129181146622
813.4196491241455,684.8393508791924
633.3702288866043,78.59377110004425
81.17183822393417,88.29116177558899
78.34541082382202,88.1735891699791
81.22098034620285,100.96401965618134
80.67155081033707,90.94044917821884
78.21512115001678,143.4708788394928
82.5536824464798,600.039317548275
450.8002446293831,705.9957553744316
877.7328286767006,728.1201713085175
87.46040362119675,102.52159637212753
81.89299243688583,92.55200755596161
85.32458120584488,97.62041878700256
81.77416038513184,93.41083961725235
78.00272953510284,93.79427045583725
80.82429599761963,270.8987039923668
146.47687208652496,654.0221279263496
561.2244505286217,652.7385494709015
1017.564019382,671.1959806084633
79.53258395195007,40.39341604709625
955.316149532795,678.0168504714966
102.80371290445328,65.49228709936142
134.62429070472717,63.63470929861069
111.16786181926727,81.05513817071915
67.76683562994003,204.40116435289383
84.75347435474396,589.9875256419182
32.88909310102463,106.48090690374374
87.35786783695221,449.8631321787834
299.9195712208748,753.6724287867546
976.4140513539314,684.3269486427307
75.82661414146423,89.98838585615158
80.18524754047394,90.96275246143341
80.57982045412064,87.30917954444885
78.28939193487167,88.61860805749893
77.0910274386406,89.68597257137299
66.06061631441116,442.4763836860657
190.54820811748505,660.9697918891907
640.8137689232826,654.594231069088
1027.3563373684883,730.1436626315117
65.23291313648224,54.87808686494827
88.15104418992996,69.21895581483841
88.23263585567474,75.7123641371727
70.49719560146332,69.6138043999672
78.92875301837921,439.9602469801903
302.36030173301697,693.9166982769966
771.5148606300354,689.3921393752098
135.40944933891296,44.46055066585541
151.43403947353363,50.36196053028107
130.5571956038475,66.31280440092087
159.9517821073532,58.82521790266037
82.49477380514145,86.04122620820999
57.649339377880096,386.0726606249809
245.82189482450485,675.6231051683426
79.79148030281067,290.74551969766617
117.64809626340866,696.3139037489891
535.6177831292152,676.8632168769836
998.3273539543152,679.5426460504532
83.83394622802734,68.79605376720428
80.63652831315994,38.752471685409546
87.79010027647018,40.321899712085724
88.74069082736969,70.50030916929245
128.32028579711914,45.23571419715881
84.0298975110054,274.43310248851776
131.72153389453888,676.4084661006927
477.2272728085518,722.9397271871567
942.4178836941719,674.1191163063049
81.85046064853668,41.20553934574127
85.43103843927383,64.6989615559578
89.97363293170929,57.47136706113815
87.36821973323822,59.816780269145966
90.87480616569519,45.07019382715225
86.58445632457733,236.67554366588593
99.51510262489319,645.0958973765373
503.2437124848366,693.0522875189781
941.009297311306,699.2877026796341
79.23788356781006,90.15111643075943
856.2244564294815,680.1635435819626
88.2680886387825,48.027911365032196
91.90369117259979,39.874308824539185
119.42726868391037,37.49773132801056
65.82214665412903,131.4358533024788
33.03270035982132,651.0962996482849
60.816257774829865,82.10874223709106
78.28482002019882,515.308179974556
370.14238822460175,718.4126117825508
836.3899583220482,720.6280416846275
698.17352694273,43.30747306346893
1013.4596576690674,719.1713423132896
87.5762232542038,78.9237767457962
92.7667920589447,65.10320794582367
70.45837074518204,74.93062925338745
75.25993752479553,73.51806247234344
86.67906630039215,381.9499337077141
292.5926474928856,633.6853525042534
748.9142177700996,623.1417822241783
76.4073486328125,70.05665135383606
60.93190962076187,69.18009036779404
66.9194627404213,71.50653725862503
59.758031487464905,72.16796851158142
67.63459545373917,128.5324045419693
62.51115292310715,599.9338470697403
459.7577055096626,654.7792944908142
912.9672783613205,694.2367216348648
107.63984382152557,68.74915617704391
827.6824086904526,687.1315913200378
126.26298421621323,48.79301577806473
118.21355378627777,71.9534462094307
152.77413153648376,58.55886846780777
151.1507170200348,187.9412829875946
62.564329981803894,710.1576700210571
79.21895760297775,141.07704240083694
103.81758111715317,538.2394188642502
389.823199570179,701.7138004302979
66.25706952810287,543.001930475235
278.76262789964676,668.9033721089363
702.8431875109673,681.638812482357
1130.1087502241135,698.0212497711182
80.44731760025024,85.95968240499496
79.452885389328,90.41611462831497
79.75545424222946,88.2075457572937
77.11301922798157,87.27598077058792
47.95358145236969,259.67741852998734
49.478133499622345,609.5048664808273
531.0756914019585,701.6093086004257
878.8042765259743,676.3627234697342
76.25484156608582,86.28215843439102
76.98239809274673,87.72160190343857
77.98796391487122,89.25203609466553
76.40153151750565,85.96846848726273
81.55619770288467,93.4258022904396
35.71077001094818,400.1972299814224
163.45732015371323,721.7096798419952
577.3518829345703,654.5551170706749
60.728431820869446,664.5135681629181
494.4009885787964,870.878011405468
1138.0725783705711,470.4824216365814
76.44914847612381,93.73585152626038
73.49170070886612,87.76629930734634
73.07224434614182,88.63175565004349
75.0597876906395,91.25521230697632
82.15834456682205,93.45365542173386
48.21990340948105,376.79909658432007
238.50345069169998,658.0335493087769
704.806026160717,656.749973833561
1077.1815772652626,725.8924227356911
74.2441309094429,84.77586907148361
73.63768261671066,87.15831738710403
76.181232213974,90.09676778316498
73.79878109693527,89.20121890306473
36.61832845211029,130.28867155313492
50.92087495326996,598.0231250524521
450.611427128315,670.2955728769302
900.9329854846001,679.0490145087242
97.0750989317894,56.703901052474976
130.8766896724701,35.937310338020325
139.1422883272171,51.24671167135239
145.4628702402115,66.31512975692749
161.46944856643677,166.0125514268875
47.23468208312988,438.70931792259216
269.3522524237633,666.2967475652695
733.3948177099228,672.8091822862625
188.91838109493256,41.451618909835815
648.2019391655922,673.8350608348846
1004.2644971013069,766.6245028972626
79.60306352376938,96.41493648290634
76.47962546348572,88.98337453603745
83.18919718265533,83.19980281591415
78.52877306938171,64.73022693395615
81.55334371328354,90.8906562924385
65.05891805887222,466.62608194351196
350.0654870271683,686.3235129714012
55.03623241186142,569.3517675995827
261.35681194067,664.3281880617142
751.7703760266304,637.1186239719391
82.39351063966751,74.16248935461044
92.89905607700348,76.89694392681122
74.70194494724274,90.40905505418777
72.411496758461,92.10750323534012
74.25104647874832,92.98995351791382
20.60759609937668,591.9284039139748
306.3551505804062,770.9968494176865
725.6197094321251,702.9722905755043
76.83584010601044,86.94215989112854
1077.9904034137726,708.251596570015
76.16295963525772,87.57804036140442
82.26152831315994,89.66547167301178
51.304147839546204,150.08485215902328
72.32882738113403,662.7271726131439
451.2974154353142,594.5725845694542
72.00798946619034,544.4740105271339
325.30854696035385,730.7274530529976
693.9271995425224,680.7588004469872
77.08631229400635,88.561687707901
74.01887536048889,86.3701246380806
73.2464314699173,85.56856852769852
74.99299603700638,88.65500396490097
83.92555207014084,125.42644792795181
72.89424175024033,534.8467582464218
401.08483880758286,652.3221611976624
810.739445567131,678.7055544257164
79.63400650024414,104.84799349308014
77.32557046413422,87.58242952823639
81.46013218164444,88.22486782073975
52.61570197343826,64.44029802083969
80.1022698879242,86.10073012113571
77.57184159755707,174.65115839242935
55.42940151691437,688.571598470211
534.786971449852,679.0270285606384
936.1815450191498,715.7264549732208
68.33611857891083,46.68288141489029
74.10092628002167,86.88007372617722
75.83613151311874,85.97986847162247
30.41568958759308,89.64031040668488
45.23627978563309,209.09672021865845
107.315898001194,602.8131020069122
454.1185641884804,656.029435813427
82.90317344665527,470.04182654619217
329.24177211523056,668.3512278795242
814.1553745269775,598.030625462532
78.66097009181976,101.04302990436554
78.79654115438461,86.77845883369446
73.35809689760208,88.38290309906006
81.32664895057678,94.19135105609894
76.1167665719986,163.45723342895508
32.69631999731064,672.0626800060272
500.4618822336197,641.2231177687645
903.1894585490227,714.1985414624214
75.75201112031937,90.28498888015747
74.7025665640831,89.89143341779709
76.70711785554886,48.884882152080536
86.45467102527618,67.78632897138596
110.92323923110962,65.63176077604294
80.7438600063324,291.90413999557495
191.3234212398529,642.157578766346
608.4969865679741,698.8550134301186
1015.8175593614578,710.053440630436
103.26816457509995,109.63983541727066
92.16276121139526,97.94823879003525
98.7243572473526,104.5716427564621
101.0269546508789,103.36204534769058
94.80955845117569,101.46744155883789
92.83515870571136,340.6278412938118
149.35977393388748,709.7702260613441
565.1613916158676,738.1526083946228
1010.1670017242432,714.5369982719421
462.5436073541641,712.6963926553726
909.0502076745033,713.5607923269272
98.46282887458801,105.25917112827301
97.321448802948,98.29055118560791
100.17806655168533,107.46893346309662
85.44466590881348,284.66633409261703
94.61627733707428,99.17972266674042
57.085880756378174,229.377119243145
53.739478170871735,665.8345218300819
448.6160811185837,727.8649188876152
889.3626797795296,719.4523202180862
92.94327074289322,101.42772924900055
99.91186970472336,107.6431303024292
105.73247992992401,107.24852007627487
102.9600967168808,106.66890329122543
102.79972088336945,111.29227912425995
56.69533634185791,198.15666365623474
51.49694603681564,651.5580539703369
429.52157175540924,708.7554282546043
845.9172127246857,715.2687872648239
108.4418249130249,115.5581750869751
146.50244706869125,72.31155294179916
74.78743988275528,90.13856011629105
79.8850108385086,93.05898916721344
78.00257301330566,51.25742697715759
56.47213679552078,73.9178631901741
81.95972687005997,488.6332731246948
320.68729960918427,696.2017003893852
802.8778702020645,673.7701297998428
250.4764485359192,720.3015514612198
675.0010546445847,706.4429453611374
74.43656778335571,419.84243220090866
278.2191399335861,665.8538600802422
697.2627248764038,684.4402751326561
78.95987349748611,70.18912649154663
88.00243586301804,66.14556413888931
75.12000054121017,72.41699945926666
74.75456237792969,72.46643763780594
46.44612342119217,127.86887657642365
81.19368702173233,696.0473129749298
424.8472611308098,662.7077388763428
838.1868351697922,734.9061648249626
66.22939932346344,76.73260068893433
80.12395936250687,68.78304064273834
70.18552666902542,72.5364733338356
67.91409522294998,73.30790477991104
61.84569376707077,68.56130623817444
64.09225410223007,380.2587459087372
154.96881532669067,616.5311846733093
602.6783872842789,630.9886127114296
1002.9809405207634,673.964059472084
75.37549722194672,88.97650277614594
898.3440584540367,693.4149415493011
79.73962289094925,95.44637709856033
75.98618018627167,90.99581980705261
78.15773594379425,91.87826406955719
71.27629387378693,422.335706114769
318.0778509378433,639.7371490597725
48.54741322994232,379.6575867533684
256.88596630096436,627.5950337052345
611.6515337824821,737.6444662213326
1078.842092692852,734.379907310009
74.5516607761383,88.0593392252922
77.02021503448486,92.49778497219086
76.67477190494537,87.6032280921936
77.53232842683792,92.11567157506943
49.001893043518066,86.85010695457458
72.93344849348068,542.8255515098572
415.8840040564537,669.7269959449768
857.8895732164383,676.5544267892838
75.15513902902603,91.41986095905304
74.79069554805756,91.70930445194244
73.99925065040588,86.4807493686676
76.15380668640137,87.03119331598282
74.43836361169815,88.13663637638092
25.313920855522156,311.7230791449547
136.56048357486725,659.1615164279938
600.4190423488617,676.00795763731
1002.5546009540558,742.0753990411758
113.61516278982162,55.068837225437164
79.0657109618187,91.3222890496254
78.79426991939545,96.89173007011414
81.06539952754974,66.15760046243668
93.2009647488594,419.5030352473259
262.24460315704346,670.3493968248367
669.0452791452408,664.0467208623886
144.4228559732437,663.8921440243721
567.0575502514839,669.5534497499466
1014.3231228590012,652.7688771486282
68.90368181467056,46.615318179130554
102.63224303722382,38.25675696134567
89.35982084274292,96.02917915582657
104.79140949249268,66.02359050512314
125.79698586463928,76.03601413965225
66.09956240653992,363.10343760252
150.3831785917282,710.0978214144707
562.1857910752296,731.5732089281082
1000.2104139328003,747.215586066246
97.82703077793121,120.50596922636032
99.74063676595688,109.94436323642731
94.1352356672287,106.9567643404007
95.43782389163971,107.09917610883713
94.98041540384293,113.59258460998535
97.9120090007782,312.0689910054207
147.8996044397354,722.0433955788612
571.0922102928162,753.4817897081375
1024.189800977707,742.3651990294456
99.14041268825531,122.85958731174469
97.88704538345337,109.33495461940765
93.7266606092453,117.81033939123154
100.10325622558594,109.24874377250671
94.73785328865051,113.29914671182632
57.244449734687805,362.4785502552986
137.58406299352646,722.4159370064735
555.2006890177727,743.0773109793663
102.13229876756668,624.5527012348175
436.2309112548828,742.6950887441635
881.0525195598602,728.5594804286957
94.18712145090103,119.0338785648346
97.58272296190262,109.41727703809738
96.12532329559326,108.68967670202255
94.46492385864258,108.96107614040375
99.65552067756653,109.25147932767868
58.19911426305771,235.0228857398033
126.31672316789627,622.7392768263817
58.749847769737244,434.6021522283554
318.86640125513077,654.7445987462997
689.8359618782997,728.0340381264687
79.14309906959534,89.81890094280243
75.68665313720703,92.33134686946869
77.11821037530899,92.4737896323204
73.5877645611763,92.54223543405533
77.42631685733795,159.8146831393242
78.02486538887024,602.604134619236
487.54941552877426,672.6175844669342
900.4449682831764,728.3710317015648
74.39452356100082,88.60547643899918
74.01207661628723,92.28492337465286
73.51763266324997,94.61236733198166
74.07918584346771,90.06881415843964
26.02974259853363,93.84125739336014
77.36930477619171,348.87169522047043
229.15285855531693,662.0881414413452
679.0664201378822,666.693579852581
159.40497452020645,656.5950254797935
637.4475322961807,642.0514677166939
1060.1200923323631,686.7499076724052
77.08965587615967,50.35434412956238
81.96730703115463,62.810692965984344
96.62727177143097,53.27972823381424
121.25027388334274,57.933726131916046
118.30025470256805,69.06974530220032
78.12823224067688,434.39076775312424
202.95424538850784,702.1747546195984
632.1152512431145,719.0697487592697
1068.998256266117,715.4647437334061
101.15827071666718,100.39672929048538
100.65227174758911,101.58872824907303
99.99827176332474,102.79772824048996
102.4543007016182,102.17469930648804
58.61531376838684,96.84768623113632
106.53532993793488,321.3166700601578
179.7333515882492,687.0076484084129
595.3933528661728,706.699647128582
1030.7953724861145,709.5016275048256
95.75137883424759,101.65662115812302
97.96738213300705,102.06861788034439
97.83240133523941,110.90859866142273
94.47439694404602,104.52660304307938
104.22740483283997,108.77259516716003
102.94342011213303,318.4825798869133
134.34445351362228,737.8225464820862
547.8754861354828,722.6065138578415
83.97950464487076,607.9084953665733
431.5115008354187,709.9144991636276
882.6715072989464,701.4394927024841
153.2955322265625,66.16846776008606
84.06796443462372,88.06203556060791
84.93193238973618,88.06806761026382
80.7028996348381,91.7041003704071
82.34485906362534,93.0801409482956
30.375824987888336,103.6611750125885
87.51778936386108,500.1672106385231
374.08575505018234,683.6002449393272
817.8207504153252,692.5502495765686
81.42571675777435,41.463283240795135
83.58567959070206,55.48832041025162
81.44965696334839,70.142343044281
125.36963593959808,58.278364062309265
146.19660180807114,60.6363981962204
81.19057351350784,161.99442648887634
60.721581161022186,639.5564188361168
428.32660180330276,704.7103981971741
803.0987119674683,711.9942880272865
100.518723487854,105.05627650022507
98.06771665811539,102.19128334522247
100.39471971988678,102.0862802863121
97.14772576093674,105.94427424669266
101.3817275762558,108.1172724366188
120.7467349767685,91.60526502132416
77.66576808691025,545.0742319226265
339.27178770303726,706.5992122888565
776.4687840342522,712.3642159700394
248.90780460834503,709.2781953811646
69.34789431095123,409.6711056828499
296.1008411645889,661.0291588306427
663.4278056025505,730.1641944050789
81.84174281358719,89.67725718021393
85.79871243238449,95.23928755521774
84.68069624900818,93.22630375623703
81.39666152000427,87.4733384847641
44.42762517929077,136.3503748178482
86.64359617233276,541.0224038362503
389.3405662178993,695.232433795929
792.0945335626602,734.7944664359093
80.25550043582916,86.09649956226349
84.74846631288528,84.04753369092941
81.15042746067047,84.05357253551483
86.95840281248093,48.393597185611725
85.86038815975189,89.5286118388176
50.50236111879349,221.33063888549805
64.62532866001129,684.3196713328362
517.8412977457047,673.510702252388
914.6492674946785,735.2577325105667
84.79223281145096,89.28276717662811
837.7672148346901,728.8617851734161
85.22417879104614,86.8128212094307
80.92114704847336,86.39285296201706
81.13811022043228,87.30688977241516
60.94608002901077,347.66491997241974
194.2920405268669,693.7459594607353
80.80401396751404,274.8629860281944
110.55697721242905,700.6280227899551
558.7919450998306,729.5230548977852
981.2669091820717,740.7330908179283
83.57587230205536,87.10912770032883
81.31084203720093,84.2271579504013
81.8778247833252,85.52917522192001
80.22479182481766,86.0352081656456
54.42175501585007,89.63424497842789
67.61872148513794,398.5482785105705
253.79769390821457,690.3503060936928
712.9396607279778,688.7823392748833
79.83459794521332,85.86840206384659
80.94056552648544,85.81943446397781
81.28553205728531,86.45446795225143
79.11349391937256,86.40550607442856
80.6254580616951,74.72654193639755
83.28541833162308,530.658581674099
409.5563835501671,679.4986164569855
876.5693501830101,695.1156498193741
103.87831497192383,63.584685027599335
120.63129556179047,61.29470443725586
143.5132681131363,68.65273189544678
95.04523748159409,109.12276250123978
102.6122475862503,105.75675243139267
93.36629682779312,108.70770317316055
110.9343694448471,508.4736305475235
312.29847824573517,713.1835217475891
727.7365407347679,717.097459256649
151.93466687202454,684.807333111763
537.4837213754654,718.1272786259651
947.088808119297,711.133191883564
100.67488116025925,104.71411883831024
98.00288259983063,101.79411739110947
102.90390592813492,103.67109405994415
114.61994135379791,105.43605864048004
102.5949649810791,105.16403502225876
83.70003819465637,168.35496181249619
75.15714538097382,573.3238546252251
314.29925912618637,719.4787408709526
722.7933354377747,716.3926645517349
106.89238619804382,101.42261379957199
98.58939522504807,101.52060478925705
104.39839416742325,103.28660583496094
100.94839537143707,102.81160461902618
85.27543914318085,95.09556084871292
74.93557965755463,378.65742033720016
154.35470277071,687.8472972512245
592.6827764511108,687.8362235426903
1033.991793513298,685.7122064828873
143.9848023056984,57.49619770050049
927.0347876548767,685.5212123394012
155.65776336193085,63.54523664712906
85.52319091558456,88.49580907821655
79.18324428796768,90.77975571155548
70.21423894166946,117.41576105356216
104.50438433885574,475.3476156592369
79.11047571897507,88.61252427101135
34.08442664146423,423.766573369503
216.37438398599625,703.0516160130501
694.8133383393288,691.1306616663933
1142.6952962875366,686.5637037158012
79.65226197242737,90.94073802232742
78.27622348070145,83.76177650690079
76.27017486095428,83.97082513570786
76.61612635850906,83.8468736410141
72.27607548236847,125.51992452144623
50.49203658103943,591.2859634160995
407.9300053715706,692.7359946370125
854.9979801774025,709.7980198264122
140.41795349121094,81.50804650783539
160.207949757576,67.03305023908615
81.85039883852005,94.27860116958618
82.84435904026031,92.59964096546173
82.48632174730301,97.84767824411392
80.94328385591507,94.96371614933014
77.75123155117035,498.2857684493065
344.6531841158867,807.2358158826828
250.19609355926514,132.48890644311905
97.76407605409622,96.38392394781113
111.6221399307251,109.21086007356644
105.1531873345375,112.40181267261505
110.55518215894699,111.48281782865524
65.54821044206619,516.8407895565033
103.54124253988266,113.49475741386414
168.5542938709259,250.40770614147186
73.04916632175446,571.5058336853981
274.6911346912384,670.2898653149605
760.7770944833755,649.6849055290222
80.69808256626129,85.11791741847992
82.02405226230621,82.56794774532318
81.50001806020737,82.59198194742203
82.7709830403328,84.22801697254181
80.3209536075592,82.92004638910294
67.35196036100388,79.64803963899612
75.3460493683815,468.5619506239891
368.8770650625229,633.2159349322319
756.0370944738388,666.4439055323601
83.17307764291763,85.19692236185074
78.38903218507767,84.88896781206131
84.9389979839325,86.22800201177597
86.89496284723282,70.58603715896606
93.5739176273346,91.16708236932755
79.0498715043068,573.9881284832954
384.3578221797943,745.3271778225899
862.3517897129059,709.6662102937698
78.4937356710434,51.89526432752609
789.4316995739937,707.7533004283905
101.59267503023148,67.70432496070862
131.23464685678482,63.89535313844681
161.22861647605896,60.66038352251053
101.7040542960167,36.684945702552795
112.53208214044571,444.91291785240173
78.97125750780106,83.32574248313904
84.83522111177444,87.68277889490128
35.2551908493042,381.37480914592743
182.41517281532288,687.0848271846771
667.6871436834335,647.0538563132286
1027.9401171803474,721.1338828206062
78.15507352352142,85.34392642974854
81.39102500677109,83.94197499752045
82.3659855723381,89.22701442241669
79.32293838262558,86.08506160974503
78.98388957977295,90.09111040830612
55.736840307712555,511.3381596803665
366.5818018913269,660.9921981096268
838.9457545876503,669.4242454171181
79.9767057299614,90.20829427242279
82.97065937519073,87.73234063386917
78.74261194467545,84.9983880519867
79.12456464767456,86.70843535661697
77.93351358175278,90.15948641300201
58.16745847463608,239.09154152870178
99.34741371870041,665.875586271286
550.6373667120934,683.3996332883835
1006.0193162560463,685.4246837496758
456.4952675104141,695.8377324938774
924.7112139463425,690.8627860546112
78.77915924787521,83.96184074878693
76.86610716581345,86.078892827034
68.97005069255829,85.60294932126999
36.907998740673065,458.01700127124786
79.29095107316971,83.07904893159866
78.43289160728455,370.17710840702057
236.4278427362442,672.9611572623253
656.5318364501,697.6351635456085
139.14976811408997,54.314231872558594
144.7917281985283,59.764271795749664
165.39571183919907,64.40028816461563
86.57515513896942,91.84984487295151
121.31015425920486,59.98584574460983
59.730487048625946,137.14051294326782
40.39151746034622,589.8494825363159
377.4405685663223,678.1344314217567
834.6565368175507,689.4914631843567
80.0585036277771,87.18349635601044
80.18147259950638,87.13352739810944
80.67544305324554,86.38055694103241
85.59440952539444,87.25659048557281
82.49538743495941,88.05961257219315
79.63735151290894,182.25064849853516
53.52029860019684,682.2017014026642
516.663258254528,682.9487417340279
964.9162203073502,676.1957796812057
92.78018641471863,87.1458135843277
881.6991816163063,669.0408183932304
81.47114193439484,86.7698580622673
80.18710541725159,85.498894572258
81.32906419038773,84.188935816288
56.23102283477783,365.54697716236115
229.48397636413574,662.2940236330032
82.95794153213501,245.89305847883224
137.65589839220047,669.5291016101837
601.5758525133133,663.4611474871635
1065.1998068094254,674.0221931934357
109.47177112102509,63.56522887945175
113.51974111795425,59.998258888721466
154.7917011976242,68.18929880857468
141.1376894712448,59.677310526371
91.07607424259186,51.33092576265335
84.57004415988922,226.50395584106445
77.99013298749924,638.5838670134544
487.4831438064575,667.4228562116623
906.0511822104454,678.6148177981377
83.06415718793869,182.86184281110764
79.66911977529526,87.57188022136688
82.53308689594269,89.78091311454773
80.24907165765762,88.0649283528328
89.81706470251083,88.3119353055954
70.08805739879608,246.96694260835648
107.24911326169968,653.0838867425919
506.8731344342232,677.0528655648232
920.7181771397591,665.4668228626251
81.32414782047272,90.73185217380524
839.3911218643188,671.867878139019
83.90410655736923,86.83689343929291
99.91608107089996,87.63991892337799
99.15009480714798,85.90490520000458
61.052097856998444,247.04090213775635
86.28717565536499,614.712824344635
89.74320065975189,59.145799338817596
50.830237209796906,517.4297627806664
307.28731536865234,688.416684627533
746.0953261256218,672.0336738824844
81.86028945446014,89.8797105550766
82.63325423002243,87.34874576330185
85.83022403717041,91.11377596855164
82.26819574832916,87.67580425739288
103.68816167116165,55.29383832216263
58.94125586748123,536.3177441358566
320.04627841711044,686.1947215795517
783.0213051438332,653.1626948714256
82.17625516653061,87.78674483299255
84.67021954059601,86.5337804555893
82.18318384885788,93.91081613302231
80.19514560699463,88.06385439634323
73.7061316370964,131.25586837530136
42.79314559698105,584.2808544039726
358.08324778079987,693.6937522292137
806.1522835493088,680.2927164435387
85.05224376916885,94.57675623893738
85.51022291183472,94.54577708244324
1093.4842057824135,731.9777942299843
80.3311779499054,87.98482203483582
80.67614090442657,85.97185909748077
71.29917192459106,119.88582807779312
133.27518582344055,504.53981417417526
298.93538922071457,695.9526107907295
101.81842595338821,351.44057404994965
157.59053081274033,675.2424691915512
614.7504841685295,680.4535158276558
1018.7074850797653,697.2925149202347
80.68349713087082,85.16850286722183
75.86147195100784,82.32352805137634
76.13343584537506,81.95956414937973
75.46039593219757,82.55760407447815
68.28734427690506,57.915655732154846
72.56029403209686,418.607705950737
259.12726283073425,668.9287371635437
725.4922153353691,689.1197846531868
78.20210611820221,86.74289387464523
76.15804868936539,83.28595131635666
79.57799541950226,86.99700456857681
79.44294691085815,86.13205307722092
80.71289366483688,137.95310634374619
80.87384229898453,618.9781576991081
453.33079093694687,697.7252090573311
940.8427365422249,683.3792634606361
79.7256823182106,84.33031767606735
78.4226331114769,86.13236689567566
79.06558120250702,86.8604187965393
77.61453235149384,85.20046764612198
78.01547998189926,82.35452002286911
78.0844292640686,358.6935707330704
195.33639013767242,718.2006098628044
700.4783479571342,684.3356520533562
147.9363133907318,696.5836865901947
599.1512730121613,699.9967269897461
999.9792504310608,760.391749560833
100.78728383779526,106.37971615791321
97.50427830219269,100.60772168636322
57.81226021051407,102.42873978614807
99.25024807453156,101.08275192975998
110.3182482123375,109.01575177907944
65.4612620472908,342.09473794698715
135.2872564792633,714.6197435259819
564.1522467136383,745.9407532811165
1014.5352360606194,765.2067639231682
108.02822017669678,106.76777982711792
116.72624111175537,106.32975888252258
98.47926050424576,96.11373949050903
104.71325469017029,111.8787453174591
101.98524481058121,95.27375519275665
142.3862435221672,293.1127564907074
44.752197206020355,429.54480278491974
251.72717535495758,678.2538246512413
683.517132461071,699.3538675308228
642.270083963871,1169.7489160299301
75.9310787320137,85.55092126131058
78.53602242469788,87.1499775648117
75.97396785020828,85.69303214550018
75.33791422843933,86.86508578062057
40.6278578042984,127.6681421995163
51.60280019044876,604.4331998229027
440.00374668836594,677.7172533273697
65.47969877719879,520.9093012213707
355.3076481819153,692.1553518176079
851.0225976705551,660.2734023332596
49.29454356431961,68.92745643854141
56.233488619327545,67.06351137161255
68.48544597625732,69.8285540342331
87.25740951299667,62.390590488910675
86.17736583948135,65.04463416337967
89.41131711006165,224.27268290519714
103.31327688694,672.0567231178284
581.7882375717163,664.859762430191
1016.4861986637115,689.1438013315201
118.33116286993027,47.09483712911606
147.78812330961227,54.74887669086456
180.46709543466568,38.3109045624733
88.2385064959526,85.42749351263046
111.40051251649857,75.63748747110367
66.39361065626144,110.36538934707642
38.64661121368408,608.6863887906075
362.8446769118309,701.6553230881691
834.4316347837448,686.4023652076721
80.77660429477692,88.09339570999146
78.32656615972519,88.34043383598328
77.85752040147781,88.93947958946228
78.57250797748566,88.44549202919006
78.41846060752869,87.22953939437866
27.2454634308815,241.82753658294678
41.25845110416412,684.7785488963127
461.30747270584106,696.5445272922516
892.8945060372353,695.30949395895
390.5724602341652,655.1495397686958
837.437415599823,681.4145843982697
88.41242456436157,93.84657543897629
82.86841136217117,89.46358865499496
84.32639515399933,90.48860484361649
74.37538969516754,243.5686103105545
88.16540968418121,73.66759032011032
71.51142108440399,124.15557891130447
111.22743678092957,533.8655632138252
359.79550045728683,689.4084995388985
813.1415186524391,662.9514813423157
78.35747629404068,87.8275237083435
79.68443369865417,85.14856630563736
80.23439061641693,84.74760937690735
79.76434928178787,83.23565071821213
80.33231920003891,86.370680809021
90.25228053331375,182.54371947050095
92.17226219177246,624.8467378020287
428.7583944797516,685.37160551548
839.0674265623093,696.8025734424591
80.50540429353714,95.08759570121765
77.98038703203201,86.55561298131943
75.40033566951752,71.04366433620453
85.41328364610672,75.73571634292603
98.01724714040756,69.05675286054611
88.21520346403122,220.87779653072357
95.02415800094604,680.1238420009613
531.0541175603867,704.7598824501038
1007.993066906929,822.9329330921173
458.80102187395096,684.345978140831
925.0169658660889,693.5380341410637
103.43691748380661,64.45208251476288
138.09788870811462,59.97611129283905
123.368856549263,59.66814345121384
169.95583593845367,354.37716406583786
77.32191705703735,81.9380829334259
81.90786361694336,86.46313637495041
63.56783264875412,309.89516735076904
175.21079164743423,771.883208334446
654.3337598443031,646.2592401504517
1050.4947094917297,718.3212904930115
83.19065552949905,88.34534448385239
78.53760051727295,90.18539947271347
75.7535492181778,88.58045077323914
78.9874929189682,89.40150707960129
53.36338692903519,534.5616130828857
377.3023347854614,786.3266652226448
880.6302824616432,633.2037175297737
60.771228194236755,57.30277180671692
74.37717890739441,58.30882108211517
82.222137093544,56.44486290216446
73.75313967466354,64.02486032247543
98.28415095806122,88.32784903049469
81.79616665840149,163.592833340168
61.456257820129395,603.0987421870232
914.5733038783073,713.4626961350441
83.08626019954681,89.98773980140686
737.1172246336937,704.9377753734589
79.91919183731079,87.56180816888809
81.82114970684052,91.86385029554367
72.51911371946335,201.0368862748146
114.60510808229446,605.3578919172287
68.32117116451263,82.12282884120941
60.31518143415451,525.6298185586929
292.71624183654785,711.0057581663132
787.3222619891167,643.2897379994392
58.28170728683472,305.1442927122116
97.42366433143616,721.6503356695175
542.2136190533638,724.1933809518814
1003.0965765714645,730.589423418045
81.75654071569443,86.02045929431915
79.87949812412262,86.341501891613
80.31845724582672,91.16254276037216
81.68242835998535,90.35457164049149
84.23238557577133,91.97161442041397
86.87333858013153,427.38466143608093
244.86830151081085,729.5946984887123
709.4542552828789,732.3427447080612
635.2751754522324,728.2248245477676
79.67008954286575,93.8849104642868
83.53403723239899,92.07596278190613
82.75098323822021,165.63801676034927
41.224928200244904,670.6820718050003
53.6078941822052,128.5031058192253
61.249844431877136,577.5281555652618
398.7257924079895,706.6262075901031
847.2557426691055,714.7442573308945
77.24968469142914,89.15731531381607
76.55862808227539,86.57037192583084
78.57157623767853,88.92942374944687
76.19452375173569,88.63947623968124
84.00347524881363,91.16352474689484
78.12644201517105,460.2435579895973
154.3803979754448,691.1756020188332
608.2063636779785,690.348636329174
1040.627313554287,729.0036864280701
78.00926381349564,87.71273618936539
76.24321383237839,84.66378617286682
76.01516288518906,85.29883712530136
77.99111413955688,88.37988585233688
50.42906665802002,104.12693333625793
63.73801630735397,658.1509836912155
316.5649682879448,724.7310317158699
796.9849159121513,730.3110840916634
78.18187320232391,88.07812678813934
76.78682470321655,83.80617529153824
80.20677185058594,84.70122814178467
78.0707197189331,84.78028029203415
78.43466997146606,85.56433004140854
85.0776258111,251.25637418031693
102.60758864879608,853.2254113554955
543.0085410475731,717.3244589567184
992.2064925432205,731.8675074577332
514.3304380178452,686.1695619821548
920.1933825612068,727.1756174564362
78.0583508014679,37.21964919567108
61.67525142431259,91.65774857997894
64.7622001171112,549.8307998776436
72.20015400648117,68.78184598684311
56.84210658073425,404.9348934292793
261.16905653476715,676.3679434657097
725.9600055217743,675.0029944777489
64.53891563415527,70.16408437490463
69.86587524414062,69.09612476825714
73.4168370962143,70.04616290330887
83.11279410123825,62.70120590925217
97.495749771595,99.96725022792816
56.63885176181793,538.9541482329369
336.46593379974365,657.0340662002563
820.9409220218658,766.7440779805183
78.05790573358536,87.51509428024292
80.44186526536942,88.76213473081589
80.56488001346588,86.23211997747421
81.39188873767853,84.05311125516891
51.27384960651398,220.15215039253235
59.84197247028351,599.5280275344849
361.18796187639236,625.4220381379128
777.459979057312,652.0040209293365
82.73195397853851,90.12004601955414
695.2069146037102,657.2190853953362
974.9600459933281,749.9109539985657
82.86102247238159,88.87997752428055
77.50397789478302,84.0160220861435
90.71892821788788,165.39207178354263
62.91688072681427,525.8051192760468
83.05783027410507,91.62716972827911
81.31177586317062,454.1142241358757
294.10172587633133,705.1942741274834
801.0396867394447,796.831313252449
97.49061226844788,54.56538772583008
111.83658736944199,56.497412621974945
118.90357553958893,64.57742446660995
113.71254277229309,64.26845723390579
140.16950887441635,83.51549112796783
119.16350942850113,582.0024905800819
57.3629235625267,431.6190764307976
262.96788454055786,696.4591154456139
732.8688450455666,682.3541549444199
84.05976390838623,85.01423609256744
78.10973274707794,84.05726724863052
78.88169139623642,83.60030859708786
77.57864904403687,83.95935094356537
57.034601509571075,141.68639850616455
64.99169838428497,540.4903016090393
350.5596939921379,667.0143060088158
784.5356973409653,690.1123026609421
272.8256503343582,676.6183496713638
731.4296022057533,665.5503978133202
82.92457920312881,94.5944207906723
78.84454292058945,85.08145707845688
77.4304975271225,86.8655024766922
80.66546756029129,155.46553242206573
77.78747165203094,84.7485283613205
76.31843078136444,77.5145692229271
86.92441725730896,555.1495827436447
332.8434063196182,711.7115936875343
786.2633776664734,726.272622346878
80.33134478330612,88.81665521860123
81.9553057551384,93.2486942410469
82.81927454471588,93.47672545909882
85.25724464654922,86.13175535202026
82.08421069383621,61.470789313316345
116.801178753376,151.1068212389946
115.70216065645218,597.9098393321037
476.9921632409096,701.7678367495537
907.8931295871735,740.7548704147339
158.8311076760292,74.68689233064651
83.9185397028923,88.97046029567719
82.93050402402878,87.23649597167969
83.01646786928177,85.3535321354866
79.80743420124054,87.4335657954216
54.24540442228317,136.58859556913376
83.92537814378738,549.6126218438148
377.0853438973427,710.8036561012268
858.0423167943954,685.1986832022667
99.2572809457779,63.1307190656662
779.4002389907837,693.6377609968185
112.68850433826447,409.23849564790726
57.238602101802826,404.0023978948593
184.76959490776062,711.2114050984383
605.4856231212616,719.7743768692017
1030.0716135501862,741.3363865017891
78.28863316774368,88.49036681652069
80.18858706951141,86.9224129319191
77.73854833841324,85.92845165729523
80.13952451944351,90.30447548627853
84.33748835325241,84.21851164102554
48.090618550777435,412.8163814544678
139.58468163013458,735.6183183789253
587.1156412959099,732.4773586988449
1028.6086450219154,738.483354985714
80.30766928195953,86.87833070755005
921.1896333694458,753.5883666276932
78.47964262962341,90.18735736608505
80.89959955215454,87.60040044784546
92.6896967291832,84.23630326986313
63.10973930358887,347.92726069688797
149.0657451748848,691.9702548384666
70.94876378774643,213.0692362189293
56.92377173900604,677.1682282686234
418.2328022122383,743.1181977987289
887.8377576470375,725.0132423639297
79.73871356248856,90.74228644371033
80.69667828083038,87.11932170391083
80.06064087152481,87.19935911893845
80.35060292482376,90.09339708089828
88.99169313907623,88.67430686950684
82.00466585159302,272.06933414936066
108.10962444543839,733.9083755612373
515.5115831494331,756.5634168386459
985.245533645153,753.3654663562775
77.73948693275452,84.90951305627823
80.8254399895668,85.78456002473831
84.44940501451492,90.1805949807167
79.07237982749939,88.5206201672554
78.60333210229874,114.21166789531708
41.87527912855148,518.1997208595276
240.16525202989578,727.371747970581
694.5292155146599,740.1007844805717
78.3881385922432,82.68686139583588
79.15909028053284,84.877909719944
79.80104923248291,97.95795077085495
82.57300913333893,86.81699085235596
85.28896224498749,275.1010377407074
26.63391101360321,694.4390890002251
549.7948604822159,629.5201395153999
903.176810324192,741.7301896810532
367.76375806331635,731.884241938591
845.9427081942558,734.4832918047905
76.49165958166122,85.34134042263031
76.22660684585571,85.53239315748215
80.71956354379654,91.98343646526337
40.82551825046539,533.7674817442894
79.44946670532227,87.06853330135345
73.49854910373688,84.38945090770721
31.585506856441498,313.04449313879013
82.19045060873032,737.3095493912697
515.6654032468796,755.2045967578888
1050.9553567171097,699.2286432981491
78.83831745386124,85.290682554245
79.3322765827179,89.5567234158516
79.06725490093231,85.78474509716034
83.76421356201172,87.40278643369675
80.44417041540146,102.44482958316803
81.10413551330566,424.969864487648
234.2271028161049,726.8088971972466
804.7020581960678,632.75994181633
79.1159719824791,86.16202801465988
80.05392837524414,84.38907164335251
77.8258838057518,89.48911619186401
79.63483184576035,87.66116815805435
83.68377995491028,147.64922004938126
82.32572418451309,617.6002758145332
878.6656345129013,738.0013654828072
586.6955896615982,535.7484103441238
806.8385513424873,745.0134486556053
79.99951142072678,86.40848857164383
81.12146884202957,85.11853116750717
86.89381796121597,93.2721820473671
54.517795860767365,331.81520414352417
72.34475886821747,74.04424113035202
73.13475626707077,183.19824373722076
57.25778818130493,655.2602118253708
300.5298556089401,674.4141443967819
713.1168209910393,736.2361789941788
81.80779719352722,86.15520280599594
80.37581408023834,86.58718591928482
79.55578869581223,85.44521129131317
79.19676297903061,85.7102370262146
80.57976847887039,203.73523151874542
66.77779668569565,636.2972033023834
660.4557960033417,402.3222039937973
744.3577696681023,736.846230328083
623.8887360095978,79.1852639913559
77.40072786808014,81.74727213382721
81.87668961286545,85.58731037378311
81.98065614700317,86.48234385251999
85.40062403678894,86.28437596559525
87.89460837841034,144.6423916220665
63.8516531586647,601.0193468332291
379.41864162683487,717.0443583726883
859.3946060538292,713.1243939399719
84.16661006212234,95.0743899345398
621.2835400700569,75.16145992279053
77.66550302505493,84.22349697351456
80.36346161365509,88.63653838634491
70.30145639181137,367.80954360961914
107.77745747566223,649.5935425162315
80.28946381807327,238.26553618907928
47.09846895933151,608.3085310459137
360.99953722953796,695.4634627699852
763.530497610569,739.8955023884773
81.17246913909912,91.80953085422516
79.9074358344078,94.81556415557861
81.23440378904343,89.54359620809555
79.41337013244629,85.73562985658646
80.48133248090744,90.16666752099991
53.80829989910126,252.70970010757446
63.264397382736206,753.6236026287079
445.68543368577957,674.1295663118362
861.2714051604271,720.1365948319435
61.2644185423851,71.5305814743042
63.79637694358826,68.94462305307388
61.957339227199554,71.87766075134277
69.76429980993271,64.49370020627975
55.48128378391266,75.31571620702744
57.97523868083954,391.079761326313
134.4311824440956,657.6788175702095
633.9631376862526,632.3518623113632
1035.3270871043205,676.3399128913879
56.13503634929657,72.8279636502266
365.073982834816,49.98101717233658
70.53092831373215,67.50607168674469
70.33888763189316,72.49411237239838
78.86984127759933,113.14815872907639
49.45680212974548,588.9701978564262
82.78484207391739,566.5861579179764
81.77781957387924,89.31418043375015
59.549781799316406,362.8572182059288
217.2477349638939,676.0482650399208
653.1306910514832,704.2773089408875
1065.8826451301575,744.7473549246788
78.71060317754745,87.12339681386948
79.20355987548828,88.01744014024734
80.12452381849289,88.50547617673874
80.00648540258408,87.67851459980011
83.72244429588318,64.66555571556091
37.60439866781235,589.8946012854576
388.5813538432121,689.4006461501122
793.130307495594,766.0736925005913
82.47526627779007,99.61673372983932
80.50622880458832,83.6037712097168
83.5561900138855,85.57380998134613
81.1231449842453,86.59885501861572
82.35810387134552,88.78989613056183
26.075061917304993,315.18493807315826
132.86400789022446,666.949992120266
576.4319657683372,676.641034245491
952.0379229784012,735.7590770125389
84.41987842321396,87.32112157344818
78.50583690404892,86.36416310071945
76.75878942012787,88.79521059989929
79.38274335861206,86.15425664186478
77.82069808244705,86.38330191373825
51.72164344787598,524.203356564045
301.4195901155472,709.3394098877907
75.30254012346268,409.1794598698616
60.908525228500366,418.11047476530075
286.62447041273117,665.9125295877457
711.877422273159,824.6405777335167
78.64233553409576,85.15366446971893
77.17328304052353,87.7517169713974
78.07523095607758,86.2947690486908
75.79017931222916,87.41282069683075
81.7471250295639,133.51187497377396
39.463080167770386,653.3139198422432
430.93902611732483,717.9869738817215
906.7839735150337,728.178026497364
78.70492339134216,85.33207660913467
77.77187538146973,87.57912462949753
79.93282347917557,88.08617651462555
76.85177171230316,86.24022829532623
79.2907230257988,88.67227697372437
49.80268096923828,345.1043190360069
157.4456512928009,684.666348695755
594.9016265273094,713.2093734741211
1040.840608537197,705.8073914647102
132.7225779891014,58.333422005176544
138.71655625104904,75.5234437584877
161.0625725388527,69.6224274635315
77.27900868654251,85.16499131917953
77.80995815992355,88.00504183769226
83.08090478181839,263.733095228672
125.83385461568832,658.2771453857422
532.4398191571236,725.5791808366776
108.11879152059555,615.0852084755898
386.81576985120773,761.1102301478386
823.8097906112671,754.5042093992233
105.69178038835526,105.27121961116791
107.09378677606583,105.66521322727203
104.4397981762886,99.1722018122673
101.30381494760513,98.62218505144119
98.59382325410843,95.0351767539978
103.47683852910995,122.19016146659851
98.61885225772858,570.2331477403641
359.8528666496277,740.2021333575249
784.3838888406754,741.4871111512184
92.84088343381882,95.43711656332016
98.81688499450684,101.68411499261856
99.82889288663864,97.35610711574554
96.71191519498825,95.36208480596542
99.14993089437485,97.7020691037178
98.34694427251816,89.26405572891235
53.78495538234711,569.0480446219444
315.16796749830246,750.2020325064659
766.6249780058861,732.0600219964981
110.00203454494476,103.6649654507637
1057.06904900074,770.652951002121
101.15706288814545,106.4919371008873
101.00106751918793,102.18393248319626
81.0140711069107,87.42992889881134
68.13713318109512,482.0658668279648
251.65013593435287,775.552864074707
113.45814043283463,345.89285957813263
139.7861835360527,733.8618164658546
546.3902105689049,769.0717894434929
990.3662206530571,767.0407793521881
101.39721494913101,95.06578505039215
102.35421454906464,97.05378544330597
158.88522571325302,75.79977428913116
109.4902275800705,106.49177241325378
112.59425294399261,102.79474705457687
110.99628847837448,314.31771153211594
96.43430894613266,741.1206910610199
521.651320874691,747.7566791176796
961.3483221530914,756.7076778411865
115.8973428606987,106.62165713310242
104.02137577533722,98.21962422132492
98.86739075183868,95.76260924339294
97.10140788555145,97.41759210824966
104.42841494083405,97.29358506202698
102.57044500112534,251.18855500221252
58.58345866203308,724.1765413284302
458.0954615473747,764.775538444519
892.663479745388,779.4105202555656
102.49048483371735,106.3615151643753
108.81848752498627,103.44151246547699
667.1075105071068,54.42848950624466
967.2510936260223,768.6369063854218
80.48605823516846,83.01394176483154
80.42502123117447,84.70497876405716
80.67697834968567,197.9890216588974
84.1339339017868,674.3290660977364
48.16490113735199,168.7240988612175
33.73386323451996,647.5451367497444
307.9118255376816,820.0501744747162
787.6837774515152,805.1122225522995
79.17674040794373,83.97025960683823
66.26370602846146,73.62529397010803
64.40567344427109,75.42732656002045
85.58463090658188,75.76736909151077
82.85659259557724,92.5884073972702
53.108552157878876,190.87244784832
66.19551289081573,659.8034871220589
419.35649341344833,724.4585065841675
833.3874683380127,745.3165316581726
81.99142080545425,64.63757920265198
86.74538040161133,64.23661959171295
115.8503748178482,65.79762518405914
133.93635112047195,67.63764888048172
151.3933317065239,77.18066829442978
82.40581768751144,67.6311823129654
50.58492785692215,479.9520721435547
241.35696148872375,768.292038500309
708.7389940619469,719.242005944252
1081.5490035414696,735.9519964456558
583.4679971933365,716.0880028009415
1032.6289590001106,730.723040997982
88.69692063331604,89.39607936143875
80.24588310718536,86.88411688804626
54.18384128808975,83.44615870714188
37.344906270504,491.1740937232971
75.7459534406662,62.03104656934738
105.12898057699203,328.2230194211006
135.4000540971756,701.7849459052086
539.6351010203362,704.8088989853859
997.9621016979218,681.1118983030319
81.12305778265,86.43294221162796
80.56201356649399,85.71698641777039
85.48097497224808,86.55602502822876
133.64194679260254,52.303053200244904
71.00597077608109,57.64302921295166
103.40592133998871,346.13007867336273
182.6968810558319,728.5431189537048
656.227830350399,711.8831696510315
70.60884821414948,430.92815178632736
220.13879841566086,720.0832015872002
634.0587493777275,769.3492506146431
587.8056653141975,731.2863346934319
1026.7066291570663,740.9403708577156
80.81159049272537,87.02140951156616
82.21254825592041,86.47245174646378
53.17051821947098,295.885481774807
42.922508239746094,571.8734917640686
39.34246677160263,188.9905332326889
55.188423335552216,508.5525766611099
267.9413822889328,735.0396177172661
719.8613345623016,764.712665438652
625.6882892847061,79.40471071004868
80.90524059534073,86.15175938606262
81.93620091676712,88.21279907226562
80.48515087366104,86.7558491230011
80.86711001396179,87.07688999176025
69.56506580114365,249.00893419981003
104.04002726078033,808.9229727387428
483.88600891828537,695.7249910831451
888.3979700803757,763.3610299229622
82.1879254579544,92.86807453632355
81.07088321447372,89.46611678600311
79.60184478759766,90.250155210495
79.65180486440659,88.534195125103
81.12676477432251,88.00323522090912
69.56472104787827,395.86027896404266
239.2066714167595,811.1643285751343
772.9786307215691,621.4103692770004
84.00253748893738,77.367462515831
1009.6444967985153,785.3185032010078
81.879454433918,66.74954557418823
74.0214022397995,71.71959775686264
75.51534724235535,124.04065275192261
75.04630416631699,582.4726958274841
422.16926884651184,705.0157311558723
55.219235479831696,522.6337645053864
334.04619961977005,706.6948003768921
737.7611626982689,763.6828373074532
79.93941700458527,442.7085829973221
212.4333746433258,729.5296253561974
670.7043336629868,772.8316663503647
79.35924249887466,85.04775750637054
80.66719752550125,83.12880247831345
80.90215915441513,81.78384083509445
79.45112591981888,86.93787407875061
80.40808814764023,124.68491184711456
81.99405002593994,587.4499499797821
383.2110124230385,749.7149875760078
79.51292896270752,80.93107104301453
1060.8038890957832,74.66011089086533
86.64884746074677,86.53615254163742
78.27181267738342,80.63518732786179
78.96976977586746,81.7892302274704
82.24072366952896,313.48027634620667
116.08667767047882,715.3763223290443
86.5996322631836,1180.9383677244186
86.59358841180801,669.8144115805626
462.1985442042351,767.2274557948112
928.3584913015366,769.752508699894
81.4444414973259,90.90755850076675
82.95740473270416,91.7085952758789
69.26535308361053,87.14164692163467
82.68530517816544,93.68469482660294
139.93926095962524,51.17173904180527
80.67320454120636,415.62279546260834
210.07414782047272,760.7408521771431
685.7531238794327,743.3198761343956
78.92608273029327,89.51791727542877
80.92003917694092,92.83896082639694
80.5799931883812,88.56800681352615
83.7409428358078,96.8510571718216
42.604896783828735,173.41310322284698
34.41385406255722,614.3831459283829
365.42580193281174,747.1851980686188
836.9937499165535,750.1532500982285
77.41369587182999,91.54930412769318
77.77764540910721,85.90735459327698
81.32760447263718,90.7463955283165
78.69155985116959,87.08644014596939
82.83351236581802,87.44348764419556
49.12347549200058,381.6355245113373
259.43144595623016,609.0495540499687
540.7784163951874,786.1295835971832
1003.9563749432564,780.0616250634193
470.54332834482193,756.3636716604233
935.9622822999954,784.8527176976204
80.30923599004745,86.02476400136948
78.13518697023392,84.51181304454803
85.40713435411453,46.147865653038025
77.9010893702507,522.1179106235504
88.22805792093277,90.67994207143784
86.77702277898788,430.8889772295952
188.75299310684204,779.4320068955421
646.7099575996399,775.9760423898697
79.62287658452988,88.43312340974808
81.2458285689354,87.93917143344879
75.61077904701233,88.25922095775604
83.65972864627838,92.30227136611938
85.37668943405151,142.21631056070328
43.87065440416336,635.5923455953598
391.3266079425812,731.1733920574188
857.7095581293106,732.6974418759346
76.37050271034241,82.5374972820282
77.0304508805275,83.50654911994934
77.63540142774582,83.54959857463837
77.38835322856903,84.79664677381516
79.82730603218079,84.19269394874573
78.56126606464386,312.93873393535614
170.2402188181877,712.1117811799049
633.5491825938225,717.5998173952103
1052.6541325449944,729.049867451191
62.75908559560776,77.77891439199448
976.8260404467583,742.9329595565796
86.7099974155426,66.23500257730484
84.1659500002861,70.59404999017715
98.71591258049011,33.50708740949631
103.69087213277817,520.4201278686523
81.83415794372559,396.8688420653343
56.14312595129013,71.82087403535843
76.98809444904327,305.23390555381775
135.38906544446945,723.2029345631599
556.2170280814171,764.1909719109535
1000.2289742827415,756.9750257134438
77.24192637205124,84.296073615551
82.47588366270065,97.22711634635925
79.58085519075394,88.80814480781555
79.25983369350433,95.46216630935669
81.12478864192963,97.5062113404274
80.69174075126648,473.1602592468262
328.7776937484741,703.9993062615395
731.7166438698769,754.3383561372757
82.53758722543716,89.61041277647018
85.19855463504791,86.04244536161423
83.2475255727768,92.49347442388535
85.03749233484268,89.38850766420364
87.99347192049026,177.54252809286118
68.24753111600876,608.4744688868523
353.57453668117523,734.4994633197784
761.2165203690529,766.820479631424
89.30250811576843,94.75249189138412
86.0005412697792,86.7034587264061
1101.994522035122,726.208477973938
85.46949869394302,85.30750131607056
87.03747516870499,88.31452482938766
86.97546255588531,157.7465374469757
80.32149130105972,578.5485087037086
449.87046551704407,695.2585344910622
116.9955021739006,484.74649780988693
276.5995792746544,721.1414207220078
707.8336052298546,695.721394777298
105.21160691976547,63.677393078804016
109.09358656406403,68.99841344356537
134.08757150173187,67.6904284954071
107.35855901241302,106.40044099092484
128.871652841568,109.90634715557098
77.7358865737915,307.9871134161949
153.30415505170822,613.8998449444771
438.3162405490875,731.9617594480515
70.57290494441986,363.02009505033493
120.43593829870224,760.3230617046356
488.93001639842987,745.9399836063385
945.8499842882156,772.9460157155991
84.97394585609436,87.26605415344238
858.485941529274,771.1250584721565
82.23889619112015,89.96510380506516
84.34485679864883,87.15514320135117
104.91195493936539,89.19804507493973
64.29394900798798,362.90905100107193
185.12194669246674,695.0260533094406
61.448950827121735,243.791049182415
72.31402856111526,646.7789714336395
408.52905493974686,720.673945069313
848.2080674171448,720.5509325861931
83.42407727241516,92.94592273235321
82.17804163694382,94.136958360672
84.56000900268555,92.27299100160599
89.94300305843353,74.25999695062637
89.0859807729721,68.9140192270279
76.20895701646805,259.1430429816246
100.34992098808289,664.631079018116
512.0478779673576,721.1371220350266
966.7828388214111,716.5501611828804
79.23883074522018,86.72316926717758
80.84378826618195,80.8962117433548
81.22774595022202,81.8832540512085
79.79471033811569,83.61228966712952
46.96763700246811,415.7363629937172
237.0915989279747,686.7784010767937
658.1225546002388,711.0444453954697
82.96148610115051,84.50151389837265
80.5294554233551,85.06354457139969
81.4674157500267,85.12458425760269
80.22037065029144,85.74262934923172
42.844349682331085,127.0446503162384
35.857299625873566,579.7907003760338
359.36926686763763,719.8527331352234
745.5852264165878,791.6927735805511
260.9861951470375,737.346804857254
687.3131663799286,749.7788336277008
82.28308618068695,91.53291380405426
87.20305079221725,87.01994919776917
59.066026508808136,226.95197349786758
83.24599123001099,85.8480087518692
84.77595627307892,131.52004373073578
86.9739243388176,581.2670756578445
402.9858916401863,741.7921083569527
855.3318681120872,727.2611318826675
83.19584143161774,88.11915856599808
84.33881682157516,85.19818317890167
87.62878376245499,90.33421623706818
90.99175900220871,84.87824100255966
86.80072408914566,86.94027590751648
87.7206916809082,243.55730831623077
105.71465986967087,688.0823401212692
547.6526312828064,696.2733687162399
989.6275998950005,718.0944001078606
85.9555749297142,82.85942506790161
83.46757107973099,82.93942892551422
82.46154117584229,85.03845882415771
83.8995092511177,88.74849075078964
32.041477262973785,86.58852273225784
46.03544795513153,404.3905520439148
173.64041650295258,733.7305834889412
695.7643804550171,692.4026195406914
1050.3693507313728,773.4466492533684
581.5853289365768,716.9706710577011
1043.3193032741547,690.5316967368126
101.79427194595337,50.26072806119919
111.2152413725853,61.30375862121582
71.50521475076675,60.717785239219666
148.77619022130966,443.2048097848892
106.10315895080566,105.04484105110168
174.57919478416443,300.42180520296097
69.31418597698212,421.1118140220642
238.6971544623375,694.913845539093
700.709122300148,709.1988776922226
84.82707053422928,85.654929459095
84.37604433298111,85.77195566892624
86.09201544523239,87.25998455286026
84.5669835805893,84.13701641559601
93.83896833658218,59.809031665325165
90.70394361019135,504.09305638074875
352.4009205698967,717.3580794334412
780.6168907880783,726.2351092100143
87.97930139303207,408.5946986079216
78.47431790828705,407.71068209409714
187.80128544569016,757.0317145586014
85.70224505662918,322.31575495004654
105.88221073150635,761.4517892599106
573.8201736807823,749.9758263230324
1003.9611292481422,781.3158707618713
79.54807871580124,85.46992129087448
81.93103504180908,90.16096496582031
84.25799012184143,85.20500987768173
78.69595789909363,87.10004210472107
52.92385697364807,519.3341430425644
283.5298176407814,723.6371823549271
710.5977783203125,760.7182216644287
611.6647405028343,74.33425951004028
79.54769605398178,86.54430395364761
82.09664726257324,86.27335274219513
81.47960644960403,85.59339356422424
79.99256420135498,89.97043579816818
78.67052054405212,170.97647947072983
50.035470724105835,695.6875292658806
453.918425321579,749.915574669838
895.5793842077255,773.3466157913208
79.77634090185165,87.20465910434723
80.99229669570923,86.10070329904556
81.24525153636932,85.14374846220016
81.57221764326096,82.63178235292435
85.99219262599945,85.13680738210678
53.09716433286667,434.7538356781006
152.44312435388565,767.130875647068
622.8620755672455,770.1559244394302
79.37502747774124,763.9589725136757
565.479975938797,765.1680240631104
1002.6039270162582,785.4890729784966
81.059883415699,84.90311658382416
81.86785119771957,86.52114880084991
36.88081085681915,139.082189142704
81.17179030179977,83.55120968818665
61.164749562740326,166.78025043010712
32.58371436595917,517.3782856464386
265.04166930913925,764.2913306951523
720.7766218781471,735.1873781085014
80.24554294347763,85.75545704364777
81.27550023794174,86.52049976587296
78.93646055459976,83.80453944206238
80.1344193816185,85.08858060836792
66.8683734536171,198.46562653779984
55.177335023880005,691.1936649680138
422.17129760980606,764.625702381134
859.4602789282799,793.798721075058
81.4922422170639,89.08175778388977
82.74520403146744,81.9957959651947
82.70216804742813,81.50183194875717
80.26913219690323,83.89686781167984
80.80129414796829,88.51470583677292
88.27524864673615,362.31675136089325
42.88120025396347,748.1007997393608
509.7641545534134,746.9218454360962
943.4051157832146,763.1308842301369
445.2700711488724,35.322928845882416
863.4860431551933,769.2369568347931
82.64700049161911,93.35399949550629
82.8989627957344,90.26803719997406
60.83791756629944,120.84808242321014
85.60887604951859,411.2981239557266
81.23309499025345,91.04490500688553
77.13405185937881,242.86594814062119
40.1839941740036,746.446005821228
501.3809514641762,736.582048535347
955.0229061841965,754.2370938062668
86.99887609481812,90.48412388563156
81.36184626817703,84.34215372800827
79.28179824352264,82.7552017569542
78.16475290060043,86.61324709653854
81.06570190191269,99.58229809999466
80.89365047216415,549.2363495230675
224.83159244060516,764.8724075555801
652.8065528869629,769.0634471178055
78.5344710946083,86.13152891397476
79.69542694091797,83.86057305335999
80.46738499403,84.47761499881744
81.27534157037735,87.83465844392776
87.3062933087349,272.0087066888809
49.06024342775345,655.2927565574646
364.38720375299454,778.7057962417603
834.2141615748405,798.3598384261131
79.98511147499084,83.31088852882385
80.20106303691864,83.66893696784973
79.89901679754257,82.93498319387436
78.44896912574768,84.58903086185455
59.92410308122635,87.9278969168663
85.12106454372406,380.87793546915054
90.17102354764938,722.1069764494896
482.7199852466583,752.3910147547722
87.6399455666542,642.54505443573
444.76390677690506,736.7180932164192
854.7018941044807,757.669105887413
82.88087177276611,85.138128221035
82.89283847808838,90.70016151666641
86.460797727108,86.48320227861404
81.06577038764954,83.15622961521149
83.20773839950562,83.42226159572601
107.84969782829285,320.909302175045
152.15872114896774,679.6942788362503
591.9487050771713,703.1442949175835
936.5726926922798,803.6873072981834
79.67664855718613,87.7493514418602
82.46660524606705,86.12539476156235
80.5905631184578,86.03943687677383
80.5655203461647,84.87947964668274
92.26360869407654,84.60639131069183
67.81262707710266,365.9463729262352
152.8986440896988,744.8223559260368
511.15271389484406,774.9402860999107
947.2016986012459,768.0203014016151
79.04765278100967,84.21134722232819
79.70860528945923,84.49539470672607
82.34955710172653,98.1874428987503
81.89951550960541,86.93448448181152
87.39346927404404,83.8475307226181
56.12757331132889,422.02042669057846
181.71359980106354,727.8044002056122
604.7456200122833,739.9963799715042
107.62757611274719,701.6684238910675
556.2325899004936,683.2494100928307
918.1895796656609,763.9954203367233
80.35053765773773,86.96446233987808
80.9734936952591,84.323506295681
80.17045331001282,83.06954669952393
80.18356311321259,87.15043687820435
82.49151766300201,85.43348234891891
73.282521545887,307.1994784474373
522.8315352797508,307.705464720726
571.6775223016739,711.0264776945114
1059.8194851279259,670.8845148682594
79.14643549919128,83.87156450748444
78.99238562583923,84.61961436271667
81.44933420419693,88.25566577911377
79.46128922700882,86.31571078300476
83.8802398443222,88.00776016712189
63.856345534324646,423.4776544570923
229.79434382915497,818.7606561779976
621.232363820076,756.3786361813545
1031.0973146557808,792.0146853327751
79.42433977127075,87.77966022491455
82.12228465080261,90.30471533536911
85.31923574209213,110.38476425409317
79.25718206167221,89.4458179473877
104.14013308286667,87.69286692142487
59.634140968322754,531.661859035492
292.0172156691551,719.001784324646
728.918221950531,710.1927780508995
628.313134431839,736.3538655638695
1029.0470805168152,781.4329195022583
80.2451063990593,84.56989359855652
78.3130561709404,85.77994382381439
63.455005288124084,119.61899471282959
69.0609792470932,583.0690207481384
83.10997706651688,81.98302292823792
33.25197672843933,521.5080232620239
246.74498242139816,884.1810175776482
733.5539557933807,709.1680442094803
600.7149154543877,75.69308453798294
76.67187941074371,80.77412062883377
78.33184736967087,83.5391526222229
78.34380823373795,82.47019177675247
88.24475401639938,80.40224599838257
42.016730308532715,190.83526968955994
60.34469622373581,620.2293037772179
416.5046563744545,715.9583436250687
860.3686176538467,731.0013823509216
82.76958084106445,88.13741916418076
81.74553513526917,89.0134648680687
79.68449187278748,86.44650810956955
76.49144226312637,83.60055774450302
82.43038976192474,89.88461023569107
36.33135229349136,376.87264770269394
138.56631988286972,712.0636801123619
586.5042663812637,740.3657336235046
1046.7382094860077,756.2057905197144
81.86215716600418,38.322842836380005
1015.9111063480377,709.4218936562538
116.4050555229187,54.57594448328018
113.47400945425034,58.28599053621292
87.04107582569122,62.56992417573929
74.70219349861145,420.9458065032959
184.97420912981033,719.229790866375
118.6342340707779,230.64376592636108
59.23933517932892,671.9826648235321
420.3064176440239,732.8035823702812
873.9493794441223,748.532620549202
85.77633905410767,92.50166094303131
87.8813282251358,90.69267177581787
85.17233693599701,90.05066305398941
84.81332886219025,85.18567115068436
101.08530175685883,100.10069823265076
142.43037122488022,72.14362877607346
120.94346481561661,62.22353518009186
93.15943056344986,92.96956944465637
88.41242909431458,98.3655709028244
89.05439889431,91.01960110664368
89.4553747177124,96.46962529420853
89.20934915542603,92.14265084266663
86.6843204498291,91.03767955303192
89.0673063993454,93.91469359397888
90.67127585411072,95.62472414970398
89.35025131702423,91.53774869441986
87.51122456789017,94.54377543926239
96.22725749015808,93.19874250888824
91.10927337408066,96.00172662734985
88.45525252819061,93.93274748325348
88.22722315788269,90.49477684497833
94.14727753400803,103.574722468853
113.17835849523544,105.43364149332047
93.70839858055115,100.27260142564774
94.70236641168594,103.79763358831406
90.73434495925903,100.67265504598618
94.28331798315048,103.01268202066422
90.24029743671417,94.48270255327225
88.23326712846756,92.28473287820816
96.35724741220474,98.62375259399414
90.61023366451263,95.98176634311676
87.56721031665802,94.78478968143463
88.7281768321991,94.82782316207886
95.42522758245468,97.61177241802216
145.80831849575043,88.5256814956665
86.9318095445633,81.69819045066833
73.72179245948792,74.51820755004883
70.6237867474556,65.54321324825287
,
,
,
,
,
,
,
,
,
,
,
,
,
,
,
,
,
,
,
,
,
,
,
,
,
,
,
,
,
,
,
,
,
,
,
,
,
,
,
,
,
,
,
,
,
