自估上行时延,自估下行时延
89.0429515838623,85.03104841709137
92.5413071513176,83.8466928601265
88.2986603975296,82.86733961105347
86.8520137667656,82.96198624372482
93.20336705446243,83.27863293886185
86.9977211356163,83.13227885961533
89.25507462024689,82.20792537927628
87.23542892932892,82.80157107114792
92.0667839050293,86.04521608352661
88.65814197063446,83.52785801887512
87.87849694490433,84.78850305080414
94.98685145378113,83.49414855241776
88.72720748186111,84.18079251050949
88.02056229114532,82.05243772268295
88.51991611719131,82.23908388614655
103.33327424526215,91.79672574996948
89.1276450753212,85.63135492801666
88.08900135755539,83.55899864435196
88.29135584831238,82.46864414215088
87.011709690094,82.41529029607773
88.0100622177124,84.1939377784729
91.6744173169136,83.0285826921463
87.74677163362503,82.62422835826874
87.74512523412704,81.95887476205826
89.78048062324524,86.38651937246323
88.4818366765976,83.55416333675385
89.27719187736511,85.40880811214447
89.31154733896255,83.09445267915726
86.49590164422989,84.80009835958481
85.80925351381302,82.22774648666382
86.0846056342125,82.22939437627792
95.56495881080627,88.43504118919373
88.19332230091095,87.17767769098282
88.91367810964584,83.99432188272476
86.48503255844116,82.93996745347977
89.98438662290573,82.07161337137222
88.68573927879333,85.12926071882248
87.66609334945679,82.55590665340424
87.31244724988937,81.72455275058746
88.53380101919174,82.46719896793365
95.36415827274323,88.50584173202515
93.15952467918396,83.5994753241539
89.4908794760704,84.26812052726746
87.28623324632645,82.67676675319672
85.26558709144592,84.32741290330887
87.35593950748444,83.64406049251556
87.29829281568527,82.18270719051361
89.16764664649963,84.64735335111618
91.35100293159485,86.4999970793724
88.27536135911942,84.48363864421844
85.6817154288292,82.85628455877304
88.95806699991226,82.57993298768997
89.9184217453003,85.93357825279236
87.1947745680809,82.45322543382645
87.65512865781784,84.36287134885788
87.56148302555084,81.975516974926
91.02383893728256,88.31116104125977
94.74319845438004,83.84880155324936
88.61255729198456,83.92444270849228
88.03591215610504,82.14908784627914
86.60926592350006,84.48373407125473
89.69961923360825,83.2453807592392
91.5129725933075,82.32102739810944
88.17832899093628,85.19267100095749
87.93568456172943,85.67631542682648
88.65603923797607,82.73296076059341
88.45039463043213,83.75260537862778
87.31874895095825,83.10725104808807
88.74310392141342,87.68189609050751
89.31545716524124,82.75854283571243
87.79581195116043,83.92718803882599
87.84916561841965,82.42783439159393
93.71852141618729,89.4664785861969
88.90188145637512,84.65311855077744
89.56723719835281,83.11776280403137
86.15759229660034,83.30540770292282
86.4339469075203,85.34405308961868
88.37629979848862,83.58670020103455
89.50365483760834,84.6253451704979
88.78101015090942,83.45998984575272
87.79736560583115,87.12763440608978
91.57372134923935,84.61227864027023
86.22007656097412,83.96492344141006
87.81042909622192,83.114570915699
89.80978399515152,85.22821599245071
91.34513825178146,85.97086173295975
86.8794931769371,84.3235068321228
88.74884724617004,83.58415275812149
95.74720472097397,90.71679526567459
93.89356881380081,86.16243118047714
87.05792772769928,84.20107227563858
88.44628131389618,84.5357186794281
87.16663652658463,85.81536346673965
86.08999055624008,83.35400944948196
88.32934403419495,83.98565596342087
87.29069805145264,83.09830194711685
89.80805271863937,89.2659472823143
86.75041037797928,86.36058962345123
89.97076487541199,85.67723512649536
86.00612014532089,84.69787985086441
85.87547248601913,89.73652750253677
98.65082490444183,85.0901750922203
88.61217927932739,84.5728207230568
88.09253418445587,84.1854658126831
99.40589255094528,96.55810743570328
89.55227023363113,86.94872975349426
87.29062741994858,85.76437258720398
87.04898226261139,85.06301772594452
87.86133760213852,87.00966238975525
85.72969192266464,84.1023080945015
86.76504623889923,84.82695376873016
86.48639994859695,85.12560003995895
92.16975462436676,90.44224536418915
88.22311443090439,86.18388557434082
89.51846939325333,86.13053059577942
86.96082520484924,86.85417479276657
88.97717982530594,85.98482018709183
97.36553364992142,88.28346633911133
85.3078870177269,84.58111298084259
88.0102396607399,83.04576033353806
88.78559410572052,85.39940589666367
95.32094997167587,86.17905002832413
86.07830774784088,81.79169225692749
86.74365997314453,80.10734003782272
86.33401364088058,82.442986369133
89.01836723089218,81.9636327624321
85.57171940803528,80.46528059244156
84.44007247686386,82.22592753171921
94.51342749595642,87.39457249641418
87.3627872467041,80.67421275377274
85.71314007043839,80.23085993528366
84.56349271535873,81.13950729370117
89.26584535837173,82.53015464544296
92.30119907855988,82.16180092096329
86.74355202913284,80.10844796895981
85.44590532779694,80.03609466552734
85.61025750637054,81.85274249315262
90.81261253356934,82.28038746118546
87.03297257423401,80.76302742958069
85.16132509708405,80.41267490386963
86.91867727041245,81.7293227314949
90.62103080749512,81.06396919488907
85.4333826303482,81.473617374897
85.61773496866226,80.43826502561569
94.85609036684036,85.01390963792801
84.68845134973526,81.20154863595963
84.75980412960052,79.64719587564468
95.07315665483475,82.33384335041046
86.92350965738297,82.42749035358429
92.8658617734909,81.837138235569
86.53121376037598,80.56078624725342
85.2145665884018,80.32143342494965
86.52791953086853,85.82408046722412
86.65527510643005,82.80672490596771
85.04363042116165,81.5123695731163
88.18998348712921,79.88401651382446
84.87333887815475,83.49666112661362
87.64869153499603,81.07330846786499
84.12904459238052,79.92595541477203
84.07139670848846,80.0946033000946
106.25575333833694,94.11524665355682
91.99412542581558,82.52387458086014
86.14147919416428,80.32152080535889
84.45383328199387,82.56416672468185
87.69318550825119,80.26981449127197
97.50653946399689,82.86446052789688
86.68989217281342,84.9211078286171
84.54024475812912,81.978755235672
88.01959705352783,80.49940294027328
92.18495225906372,83.27904772758484
86.57231020927429,81.57568979263306
84.90366506576538,83.65133494138718
86.4390184879303,80.28298151493073
85.91837173700333,80.007628262043
85.49072390794754,81.10127609968185
84.87807697057724,81.3619230389595
90.08043032884598,84.29056966304779
87.02379018068314,80.86520981788635
84.42814552783966,82.47885447740555
84.38949930667877,82.42450070381165
88.38885241746902,80.5381475687027
96.79420566558838,83.55679434537888
88.16355788707733,81.20844209194183
84.86491018533707,82.95008981227875
84.49226260185242,79.45173740386963
89.45361757278442,82.60138243436813
87.71197462081909,82.06602537631989
84.13632845878601,84.71567153930664
84.07868099212646,80.77331900596619
87.96603363752365,80.60796636343002
84.00138884782791,80.62861114740372
86.92474091053009,85.37025910615921
84.7940936088562,80.4089064002037
86.51444864273071,81.63255137205124
87.79080361127853,80.72819638252258
85.52915757894516,82.433842420578
88.23151022195816,81.58248978853226
98.02686309814453,89.54713690280914
86.50621551275253,81.78978449106216
88.30056941509247,84.58743059635162
85.0219224691391,82.79307752847672
97.68727731704712,84.81372267007828
87.7406365275383,82.14836347103119
86.42399084568024,84.54000914096832
83.79234510660172,80.70765489339828
85.97569769620895,79.91230231523514
84.80704993009567,81.00695008039474
84.89940279722214,82.48959720134735
85.10075569152832,79.9182443022728
88.35811096429825,81.60488903522491
85.3014662861824,80.47653371095657
84.26181882619858,83.36718118190765
88.316171169281,81.20182883739471
100.33252418041229,87.2594758272171
85.33087694644928,81.13212305307388
85.92223018407822,82.3927698135376
85.62358295917511,81.17241704463959
106.4749402999878,93.15505969524384
85.65830683708191,83.13869315385818
85.7856605052948,84.34433948993683
84.26501399278641,80.69698601961136
90.31936627626419,82.43963372707367
84.52172058820724,82.53427940607071
84.20507323741913,83.34992676973343
84.20342522859573,82.85157477855682
85.07177972793579,82.94622027873993
86.55213356018066,81.52186644077301
84.7904863357544,82.41251367330551
85.89983892440796,82.21116107702255
96.95419126749039,86.58280873298645
84.98954421281815,84.26945579051971
86.15389710664749,83.51210290193558
85.11625093221664,81.97674906253815
96.57660746574402,95.60839253664017
88.98297291994095,83.35102707147598
83.81432795524597,83.50067204236984
83.73868006467819,80.83531993627548
84.88503217697144,82.2439678311348
83.75338387489319,81.931616127491
85.93773573637009,82.80326426029205
84.60208833217621,81.13791167736053
93.19344240427017,83.71455758810043
88.26579904556274,80.91920095682144
85.35615402460098,83.14384597539902
87.20650732517242,81.49649268388748
97.24186038970947,85.94313961267471
86.59221297502518,81.35178703069687
86.68256688117981,82.78043311834335
86.4969197511673,81.18908023834229
84.12427216768265,83.96872782707214
87.49262547492981,89.9143745303154
84.69398033618927,88.36001968383789
83.10033285617828,84.56566715240479
83.52468460798264,88.1043154001236
84.85703653097153,84.43996345996857
82.26138889789581,87.8486111164093
85.0747401714325,85.55425983667374
90.64809447526932,87.7789055109024
84.53445488214493,87.61254513263702
86.51481133699417,88.3551886677742
85.21716350317001,85.54283648729324
88.15951472520828,85.69148528575897
82.953866481781,84.28713351488113
83.13821816444397,85.15878182649612
86.02456951141357,84.80843049287796
86.83792197704315,85.2180780172348
86.41127699613571,86.53372299671173
86.001633644104,86.03536635637283
82.22198677062988,84.20401322841644
82.90533822774887,82.22366178035736
84.99569004774094,86.31830996274948
84.95704108476639,87.07995891571045
85.15939319133759,84.84060680866241
91.41774761676788,88.82425236701965
86.58210456371307,84.65889543294907
82.91445910930634,83.60454088449478
83.91181111335754,85.88418889045715
84.87316250801086,85.86683750152588
83.48251444101334,84.94348555803299
83.49986654520035,83.87013345956802
84.73821812868118,83.66878187656403
88.51456993818283,87.63343006372452
84.2909227013588,89.28307729959488
85.01127725839615,88.6367227435112
83.39863020181656,85.00836980342865
84.04498183727264,82.23301815986633
83.43233454227448,84.6416654586792
85.57868605852127,89.01431393623352
83.206039249897,84.7929607629776
87.77939361333847,88.27660638093948
85.87075084447861,84.13024914264679
82.92410373687744,87.16889625787735
84.40345597267151,87.17054402828217
85.95780771970749,86.30219227075577
83.60415977239609,85.76684021949768
83.69451177120209,85.91648823022842
82.67486381530762,84.49213618040085
85.6732149720192,85.19778501987457
89.91156876087189,88.23643124103546
84.83592814207077,88.5340718626976
85.35328048467636,85.8137195110321
86.74063408374786,87.76036590337753
82.62698656320572,84.35401344299316
83.92233806848526,85.67066192626953
84.01269030570984,83.96830970048904
93.77104592323303,95.09995406866074
83.69541013240814,85.39758986234665
84.80376309156418,86.12223690748215
87.41311472654343,86.25288528203964
86.93046700954437,85.71753299236298
85.28081905841827,86.53418093919754
84.27917164564133,87.10982835292816
81.90752297639847,84.00047701597214
82.49787402153015,86.16912597417831
94.0522271990776,44.74477279186249
83.86458843946457,90.5064115524292
83.36294096708298,86.45205903053284
82.54629385471344,85.24970614910126
83.63764536380768,84.62235462665558
81.9869977235794,85.97500228881836
83.15234923362732,85.32865077257156
93.280701816082,94.34929817914963
84.26106172800064,86.59093827009201
87.38841563463211,88.4265843629837
88.36876887083054,85.63223111629486
84.88512146472931,85.55887854099274
86.0314731001854,84.59852689504623
82.75182551145554,84.41517448425293
82.34317702054977,84.80482298135757
83.08252829313278,83.28847169876099
86.11688196659088,90.14211803674698
84.33823853731155,85.62476146221161
82.37359154224396,84.73740845918655
83.35394340753555,85.2030565738678
81.99929594993591,84.83370405435562
82.5346474647522,84.03935253620148
85.12499940395355,86.61500060558319
84.08735251426697,84.70964747667313
86.08470648527145,86.82229351997375
84.97206199169159,86.73093801736832
84.37841480970383,87.01058518886566
89.61776649951935,85.47523349523544
83.615119099617,86.84688091278076
84.09547048807144,87.349529504776
82.31582242250443,84.92517757415771
88.79617416858673,86.29682582616806
88.31090557575226,87.59709441661835
87.64325875043869,84.57974123954773
83.19661140441895,84.82138860225677
82.1029639840126,84.71203601360321
83.582315325737,86.2146846652031
84.59866720438004,86.47533279657364
81.50501883029938,85.66198116540909
86.87337148189545,86.0706285238266
84.16772699356079,86.86927300691605
83.40708035230637,86.92691963911057
85.66443198919296,88.0015680193901
86.69978374242783,85.54021626710892
90.99413520097733,87.46886479854584
82.34448647499084,84.72951352596283
85.60183817148209,85.60216182470322
82.43418949842453,85.67681050300598
88.37654292583466,90.69745707511902
82.17089891433716,86.64310109615326
84.09525072574615,86.64474928379059
82.25960278511047,84.85039722919464
83.07395422458649,84.4080457687378
82.5913063287735,84.72469365596771
83.82965779304504,85.54134219884872
83.32801133394241,87.17198866605759
82.47336542606354,86.24763458967209
84.67671775817871,86.9342822432518
86.69407147169113,86.80592852830887
83.00642484426498,86.73457515239716
90.50477695465088,86.82822304964066
85.57713186740875,85.71986812353134
82.63048619031906,86.48051381111145
86.77683782577515,85.22216218709946
88.62719386816025,91.64980614185333
84.36655122041702,92.20744878053665
84.84590381383896,85.9130961894989
83.77025544643402,85.02574455738068
82.7506074309349,86.2493925690651
84.09995931386948,82.9740406870842
82.17331153154373,85.49368846416473
94.07866495847702,90.77333503961563
83.35402846336365,86.088971555233
83.42738109827042,84.77661889791489
85.53673285245895,88.07426714897156
82.62708520889282,85.70591479539871
86.25543653964996,86.9115634560585
86.69778835773468,85.48621165752411
83.82614052295685,84.67385947704315
82.50949269533157,87.12050729990005
88.5078461766243,91.60315382480621
83.61720246076584,87.7157975435257
84.15255588293076,87.34744411706924
84.57690852880478,86.07109147310257
84.46426129341125,88.60973870754242
82.9626139998436,85.25938600301743
85.49796611070633,88.66803389787674
86.66331952810287,90.9106804728508
82.51267606019974,85.93132394552231
84.21502858400345,86.83997142314911
88.6763818860054,87.0266181230545
82.15673518180847,87.34426480531693
83.58008688688278,87.67891311645508
83.78143841028214,86.06956160068512
85.85478973388672,86.55221027135849
83.64914119243622,85.94285881519318
90.33249491453171,91.81550508737564
84.08985370397568,86.00214630365372
84.45820671319962,86.13279330730438
83.3275591135025,86.6724408864975
81.8999125957489,87.303087413311
83.7132642865181,85.93473571538925
83.32261645793915,85.49238353967667
87.672971367836,90.95602864027023
83.56032836437225,87.64367163181305
82.15068113803864,87.44131886959076
84.29803282022476,87.6659671664238
82.53638446331024,87.83361554145813
82.25673907995224,88.59526091814041
84.55209058523178,87.15190941095352
83.80944168567657,86.5615583062172
87.9547947049141,88.69220525026321
87.06515192985535,93.50884807109833
85.10050857067108,85.89949142932892
83.486860871315,85.12313914299011
85.48621398210526,87.1617860198021
84.03956896066666,87.66343104839325
81.6119225025177,85.23907750844955
85.14827406406403,86.4817259311676
88.14563024044037,89.68736976385117
83.53298860788345,89.67101138830185
83.06834179162979,88.06065821647644
89.56769496202469,86.3223050236702
84.86104995012283,86.58295005559921
89.2484045624733,87.1395954489708
82.37676352262497,85.75323647260666
85.72711491584778,87.62488508224487
85.8174677491188,88.14553225040436
89.77882391214371,90.01817607879639
83.55518180131912,86.53781819343567
84.90553557872772,87.29846441745758
81.97789043188095,87.078109562397
85.08724147081375,86.2647585272789
82.82659369707108,84.82240629196167
82.54694586992264,84.80505412817001
92.32330131530762,93.71469867229462
82.89466369152069,89.12333631515503
83.76301699876785,87.40298300981522
87.85537022352219,87.60862976312637
83.53872442245483,87.53527557849884
83.98107677698135,87.88892322778702
83.5904284119606,85.09557157754898
83.62577998638153,86.78122001886368
84.51313215494156,86.61586785316467
89.75248897075653,90.91451102495193
82.50984966754913,87.78615033626556
84.39620262384415,87.02879738807678
82.3215543627739,86.60544562339783
87.31890672445297,86.86509329080582
81.44725894927979,84.60874104499817
82.22361034154892,87.83138966560364
84.36996281147003,90.01903718709946
85.59031873941422,90.68768125772476
84.92267376184464,87.48532623052597
86.71702891588211,86.96797108650208
85.93738132715225,87.85861867666245
84.6207355260849,88.15726447105408
85.39608711004257,87.01091289520264
87.91443878412247,85.10456120967865
82.78279203176498,87.18120795488358
91.929148375988,52.36785161495209
83.77951151132584,89.4624884724617
84.31386560201645,86.55613440275192
91.86822062730789,93.29777938127518
85.99558132886887,91.80041867494583
82.45693570375443,86.13506430387497
85.15928810834885,84.39671188592911
83.93564039468765,89.93535959720612
85.06399422883987,91.06600576639175
84.87634855508804,87.54965144395828
86.07870095968246,86.86529904603958
83.37305343151093,88.23794656991959
85.05640572309494,86.94359427690506
82.53675752878189,86.61124247312546
84.59010952711105,86.65089046955109
83.82946121692657,86.78153878450394
82.66081261634827,87.72818738222122
84.53016942739487,87.1368305683136
81.89852321147919,85.41647678613663
82.7298749089241,83.60312509536743
81.83922719955444,85.32777279615402
83.54257899522781,87.08842098712921
83.79893332719803,85.6270666718483
80.79728531837463,85.6277146935463
84.16663861274719,90.59236139059067
82.4239929318428,88.24300706386566
87.40334463119507,86.7636553645134
84.3466968536377,87.19030314683914
83.06705003976822,88.1549499630928
82.34340214729309,86.76759785413742
82.71175360679626,86.17724639177322
82.17310506105423,85.91989493370056
84.1894571185112,89.73554289340973
83.18781054019928,86.77518945932388
83.87216472625732,86.29483526945114
83.62951904535294,85.77848094701767
84.94287306070328,87.539126932621
85.97822690010071,85.35477310419083
83.5865815281868,83.28341847658157
85.41893434524536,87.39606565237045
83.30628997087479,90.76871001720428
82.3036435842514,87.6033564209938
86.04299533367157,84.79000467061996
83.83834737539291,87.84665262699127
82.33569985628128,88.75630015134811
83.5380511879921,86.49894881248474
83.074402987957,88.48159700632095
79.27575439214706,84.28024560213089
82.96010631322861,85.50389367341995
87.25445973873138,87.4315402507782
84.04881429672241,85.50718569755554
83.1021676659584,86.24983233213425
85.65552026033401,85.06547975540161
81.74687278270721,93.19712722301483
81.8932237625122,84.40277624130249
81.05857503414154,86.3864249587059
86.39092773199081,93.23907226324081
84.98128324747086,88.14871674776077
86.07163596153259,85.90936404466629
82.12498807907104,88.22601193189621
82.95833945274353,88.83866053819656
84.51169097423553,85.39630901813507
85.58404350280762,87.17595648765564
83.06339532136917,87.38160467147827
82.524747133255,86.16025286912918
87.69010084867477,91.01389914751053
87.50246065855026,93.40353935956955
81.18581372499466,85.75818628072739
81.16616547107697,87.2038345336914
81.4785168170929,85.63248318433762
82.8108680844307,84.5771319270134
82.4942199587822,85.65378004312515
86.88157439231873,92.82242560386658
86.00993448495865,87.15706551074982
87.02628713846207,85.8437128663063
82.52463960647583,87.64236038923264
85.89299088716507,87.81000912189484
83.04034233093262,88.29365766048431
82.01969492435455,87.40630507469177
81.74004703760147,85.59395295381546
82.55339854955673,86.7796014547348
89.79275214672089,93.20724785327911
81.82811319828033,85.15388679504395
83.53046494722366,85.98853504657745
84.82481652498245,87.37918347120285
83.63716840744019,90.06583160161972
84.43252217769623,86.04947781562805
81.44887381792068,86.05112618207932
89.79922789335251,93.14477211236954
85.16758871078491,85.68441128730774
84.62894177436829,87.09305822849274
81.99729353189468,87.11370646953583
87.31164515018463,87.04035484790802
84.0869972705841,85.30200272798538
83.21534866094589,85.8776513338089
81.47270053625107,85.54629945755005
80.87805193662643,88.26994806528091
88.4134052991867,92.66059470176697
82.15276545286179,86.19923454523087
83.11411744356155,85.5338825583458
82.40846908092499,87.92453092336655
82.25882107019424,87.83317893743515
81.73917335271835,85.6128266453743
82.27352440357208,88.18847560882568
88.06887859106064,100.11712139844894
85.32623642683029,87.08076357841492
87.45358818769455,88.1024118065834
82.9159397482872,87.67706024646759
86.13529199361801,86.21570801734924
82.63464307785034,86.43935692310333
83.39199531078339,88.27500468492508
81.05634671449661,87.33165329694748
80.64769810438156,87.92630189657211
89.96105164289474,90.4839483499527
82.79241275787354,85.37458723783493
81.58776587247849,85.96823412179947
82.30711787939072,89.02588212490082
82.38046979904175,85.80553019046783
81.60082137584686,85.58517861366272
81.154172539711,85.60482746362686
90.0045263171196,92.9954736828804
85.05788683891296,91.42311316728592
92.61223912239075,90.60976088047028
82.53659325838089,87.74040675163269
85.88694471120834,100.52005529403687
84.38529574871063,89.80070424079895
84.29064691066742,86.67135310173035
86.91899812221527,85.61800187826157
82.00935190916061,86.26764810085297
89.0627059340477,98.6402940750122
83.59906870126724,89.25293129682541
82.61542272567749,86.95857727527618
81.35477566719055,87.92222434282303
83.33412683010101,85.96187317371368
85.3884796500206,88.55552035570145
81.73883193731308,86.63116806745529
86.60718446969986,92.89281553030014
88.43854087591171,89.93145912885666
91.60389745235443,105.80310255289078
82.12025034427643,86.74974966049194
85.655601978302,87.93639802932739
87.48795336484909,91.55004662275314
81.2823057770729,87.56969422101974
81.92865717411041,87.14534282684326
85.02000844478607,85.29499155282974
81.44436085224152,86.81563913822174
85.96071362495422,87.72428637742996
83.55106741189957,86.83693259954453
83.10541981458664,88.7275801897049
81.82677161693573,87.5992283821106
82.26812332868576,85.82387667894363
82.19247543811798,87.02852457761765
83.32082676887512,87.62417322397232
87.13417983055115,88.62582015991211
90.89253461360931,86.8304653763771
82.88988846540451,87.05411154031754
81.77724087238312,86.59275913238525
81.3305926322937,86.965407371521
82.32994389533997,86.26305609941483
81.43829518556595,85.39470481872559
81.15864634513855,87.06235367059708
85.2129972577095,85.91600275039673
83.0083521604538,88.73264783620834
81.09870481491089,85.01229518651962
80.7830559015274,88.5329440832138
81.16940754652023,86.21959245204926
84.26075905561447,86.59124094247818
81.98110973834991,86.37089025974274
82.97946161031723,87.16953837871552
83.93981474637985,90.02218526601791
90.69816881418228,87.94983118772507
82.32652443647385,88.98847556114197
82.12087738513947,88.47212260961533
81.30422896146774,85.60377103090286
88.07958006858826,87.79041993618011
81.35593211650848,85.36606788635254
82.09528356790543,89.21971642971039
87.14963501691818,87.0363649725914
82.03599035739899,92.42600965499878
84.96034395694733,86.85365605354309
86.68069916963577,90.52230083942413
82.14205092191696,87.33894908428192
85.27040231227875,84.8775976896286
82.75075399875641,86.23124599456787
82.04410636425018,87.49189364910126
86.50645941495895,90.08654057979584
90.85681402683258,92.60718595981598
81.78016805648804,87.42283195257187
89.85352027416229,91.29447972774506
82.75887393951416,85.98212605714798
86.21922600269318,86.92777401208878
85.53358018398285,85.85541981458664
81.41993176937103,87.48706823587418
86.97428303956985,86.80371695756912
86.49063873291016,91.67536127567291
84.17399537563324,86.52900463342667
87.59934991598129,93.43765008449554
81.68970346450806,84.94029653072357
83.72605520486832,86.7939447760582
81.42740654945374,85.6095934510231
84.29575824737549,87.25924175977707
93.071113884449,103.27988612651825
93.21847814321518,90.37352186441422
87.40183544158936,87.93216454982758
83.8441903591156,91.82180964946747
86.91654431819916,87.45345568656921
87.13789892196655,86.39910107851028
84.65425258874893,90.08674740791321
84.93060690164566,88.1243931055069
83.46596264839172,88.84903734922409
88.14931613206863,90.09068387746811
82.75867527723312,87.68532472848892
80.62702852487564,89.29897147417068
82.25538021326065,88.31861978769302
89.49473297595978,88.19026702642441
81.06708663702011,85.80291336774826
81.28743863105774,86.50856137275696
94.7677920460701,92.02920794487
90.00615572929382,88.80884426832199
81.87450838088989,86.40349161624908
83.6888616681099,87.03413832187653
86.16821557283401,86.97978442907333
87.31457006931305,95.05642992258072
82.94292414188385,86.79907584190369
83.79227751493454,87.05972248315811
89.47563064098358,85.95036935806274
88.32598572969437,92.37701427936554
82.56534051895142,88.60165947675705
85.78569322824478,88.32530677318573
84.0430475473404,85.69795244932175
86.0234015583992,86.69959843158722
81.24275535345078,86.57124465703964
83.53810673952103,87.33189326524734
94.61046195030212,92.29653805494308
88.94182193279266,88.39117807149887
85.14417833089828,85.52282166481018
83.43953365087509,87.50546634197235
84.38088810443878,86.95111191272736
87.9172415137291,86.89775848388672
82.95259547233582,87.43640452623367
84.41394996643066,87.4570500254631
90.13430386781693,86.36669611930847
92.00265991687775,89.60834008455276
84.51902318000793,87.72097682952881
89.99937909841537,88.51862090826035
85.10973823070526,87.57626175880432
88.62509286403656,87.74490714073181
83.12344831228256,86.02455168962479
82.64180213212967,88.39619785547256
93.30615746974945,91.8428425192833
91.06351798772812,87.77048200368881
83.91387611627579,86.80812388658524
85.98622941970825,87.88377058506012
84.11358350515366,87.14441651105881
86.85293680429459,86.51806318759918
84.12929087877274,87.74070912599564
82.79364436864853,90.18735563755035
83.49599766731262,85.35600233078003
96.79035025835037,91.04264974594116
83.97471308708191,89.65528690814972
85.25006729364395,87.1009327173233
85.41542291641235,88.38057708740234
84.15477848052979,87.08622151613235
81.91213232278824,85.88486766815186
84.7984858751297,87.4965141415596
97.77884328365326,98.6841567158699
88.48120790719986,89.90779209136963
81.23856168985367,86.29843831062317
86.08891355991364,86.20808643102646
84.42026615142822,86.76473385095596
87.47461944818497,86.2843805551529
82.1759741306305,88.82302588224411
85.00832670927048,87.10367327928543
83.17268073558807,86.9013192653656
82.26403218507767,87.18096780776978
86.0953860282898,90.60861396789551
82.27974283695221,90.46225714683533
84.12909752130508,85.81490248441696
85.8314511179924,87.18754887580872
83.95880490541458,86.42919510602951
86.93915957212448,87.19084042310715
84.40051460266113,85.52548539638519
89.86186921596527,92.47213077545166
85.43322432041168,87.38077569007874
83.00657767057419,88.19742232561111
86.67093110084534,86.34706890583038
87.20728462934494,86.70071536302567
82.79763942956924,86.99936056137085
88.62999325990677,87.72300672531128
86.86834877729416,85.66865122318268
83.90370237827301,86.22629761695862
86.66105741262436,93.32094258069992
83.27041435241699,88.95158565044403
83.97276794910431,84.78723204135895
84.74912160634995,86.93687838315964
83.45047384500504,88.54852616786957
82.5418273806572,87.19917261600494
86.76218056678772,86.51581943035126
87.29753595590591,89.11046403646469
83.40689194202423,86.05510807037354
84.10924589633942,91.48375409841537
81.97759991884232,83.89240008592606
87.80895221233368,87.85704779624939
83.28930568695068,85.76569432020187
81.71365988254547,87.13834011554718
83.5260112285614,87.54798877239227
88.33936214447021,85.067637860775
83.06071811914444,90.21828186511993
81.0210731625557,87.14592683315277
84.27942544221878,86.48057454824448
81.61077946424484,86.8332205414772
82.4981336593628,85.74286633729935
82.57048678398132,88.92951321601868
83.42083895206451,86.95016103982925
89.7701917886734,91.4328082203865
82.34254974126816,86.87945026159286
83.37790268659592,86.78809732198715
84.54325568675995,85.66074430942535
84.1166090965271,87.36639088392258
86.8729635477066,87.60803645849228
84.53831696510315,88.07268303632736
84.62967032194138,86.61132967472076
81.83102345466614,85.33497655391693
88.79237693548203,93.50362306833267
83.84673607349396,88.78326392173767
83.38208991289139,86.0069100856781
88.10244351625443,88.74955648183823
83.11879765987396,86.1402023434639
82.63615268468857,85.15984731912613
85.63450592756271,86.80949407815933
88.52186065912247,88.8491393327713
81.64921820163727,85.9247817993164
82.29657053947449,88.27742946147919
86.33192437887192,86.91007560491562
86.58827942609787,87.54072058200836
85.14263486862183,86.59836512804031
86.529989361763,88.9340106844902
89.10234355926514,86.32265645265579
82.9146980047226,85.30730199813843
89.7100545167923,91.53094547986984
83.80041432380676,89.62558567523956
83.92876875400543,89.1082312464714
88.77912193536758,87.57287806272507
83.66547673940659,86.55552327632904
81.84982973337173,88.85417026281357
88.88518196344376,87.31881803274155
90.16153711080551,91.1534628868103
86.30789351463318,87.22910648584366
82.99124854803085,88.3597514629364
84.8786027431488,85.51039725542068
85.52495783567429,87.32704216241837
80.74531066417694,85.86568933725357
81.3546644449234,87.42333555221558
88.09401619434357,85.38698381185532
83.35137069225311,89.50062930583954
93.164725959301,100.00227403640747
83.44008696079254,89.52291303873062
82.88344091176987,87.54255908727646
81.58579403162003,86.37720596790314
83.60314583778381,86.43485414981842
83.76750022172928,87.93649977445602
80.61685389280319,85.86414611339569
93.35620713233948,90.7177928686142
82.59556692838669,89.60843306779861
81.27892100811005,88.73907899856567
90.94327276945114,87.18572723865509
83.10962682962418,86.85337316989899
81.23697984218597,85.52302014827728
80.82733070850372,88.20866930484772
84.10368204116821,86.63731795549393
86.38003599643707,87.56396400928497
89.6563931107521,94.36260688304901
85.542755484581,89.45624452829361
81.50411117076874,86.55088883638382
84.28046417236328,86.36753582954407
81.4088180065155,86.72118198871613
83.31416964530945,87.46283036470413
82.33052402734756,85.46547597646713
89.44087791442871,93.1701220870018
83.05023467540741,85.44976532459259
83.02958941459656,91.04441058635712
89.23194324970245,86.43405675888062
83.19329822063446,86.38070178031921
85.78465205430984,87.12334793806076
81.8010076880455,85.79099231958389
82.85535967350006,86.16364032030106
81.27971231937408,86.03628766536713
87.94406336545944,86.2959366440773
85.49841910600662,90.4285808801651
81.40377444028854,85.72622555494308
84.40212607383728,87.83787393569946
83.7894795536995,88.08152043819427
89.65783387422562,86.80516612529755
84.89718681573868,86.36181318759918
95.76554358005524,91.28945642709732
85.65290474891663,87.51409524679184
83.1332597732544,89.47874021530151
86.05661344528198,88.66538655757904
84.2769672870636,85.38903272151947
84.68332159519196,86.48367840051651
81.75467610359192,88.65232390165329
85.36502826213837,85.35797172784805
83.03038358688354,86.00661641359329
86.9727373123169,86.69326269626617
87.13709419965744,92.32490581274033
83.69245028495789,85.84554970264435
83.61580491065979,85.9761950969696
85.16915893554688,86.44184106588364
84.2975133061409,87.36848670244217
85.2768662571907,88.1301337480545
99.16522347927094,97.3717765212059
85.5885933637619,89.28140664100647
82.08695030212402,88.52404969930649
81.88230264186859,87.26669734716415
83.4546549320221,87.89834505319595
83.00800788402557,86.2699921131134
84.0063619017601,90.17863810062408
81.06071549654007,86.47628450393677
82.6880670785904,86.64493292570114
81.3344202041626,85.4615797996521
83.12877357006073,90.44522643089294
85.47912901639938,84.03887099027634
84.27348244190216,83.31851756572723
81.4388353228569,82.43116468191147
82.36318761110306,84.91481238603592
82.43554002046585,83.28645998239517
86.3048928976059,83.21410709619522
84.32124954462051,83.84575045108795
83.61560553312302,84.23639446496964
82.98495972156525,83.05204027891159
83.6313129067421,83.75868707895279
82.20266550779343,83.09333449602127
84.44201791286469,84.05798208713531
82.01437044143677,82.96662956476212
81.56872338056564,81.70927661657333
82.17807567119598,82.32192432880402
87.52743065357208,86.47156935930252
82.97178798913956,82.04721200466156
84.85814255475998,83.17885744571686
82.13449573516846,82.4215042591095
82.44784873723984,84.14515125751495
82.63120156526566,82.720798432827
87.38855397701263,84.59344601631165
85.66490918397903,83.3720908164978
83.64426559209824,91.11473441123962
84.67962002754211,82.54237997531891
84.69597351551056,86.71002650260925
82.28832852840424,83.26767146587372
84.34168130159378,87.75131869316101
81.87703412771225,83.28996586799622
81.89338654279709,83.71761345863342
84.44773858785629,82.70026141405106
90.31709486246109,85.20190513134003
82.35145330429077,82.77854669094086
83.01680725812912,82.46519273519516
83.40416020154953,82.9298397898674
82.90251344442368,84.02348655462265
83.10386645793915,82.85813355445862
87.51022064685822,85.56477934122086
84.13757687807083,87.6954231262207
82.22893214225769,84.99306786060333
87.5412854552269,89.3467145562172
86.24363845586777,81.96036154031754
83.85299175977707,82.27700823545456
83.49934536218643,84.01865464448929
83.0536978840828,82.85330212116241
82.60705071687698,82.6699492931366
82.3464041352272,84.43159586191177
85.88176077604294,88.6552392244339
83.99111825227737,82.32288175821304
85.9704726934433,82.23252731561661
84.87682563066483,82.64217436313629
82.91218107938766,83.36481893062592
85.13253396749496,82.92346602678299
88.16788744926453,82.8501125574112
85.20324295759201,83.09275704622269
85.92359900474548,86.44640100002289
82.7369532585144,82.18904674053192
86.62430679798126,83.43169319629669
81.2336597442627,83.48934024572372
82.67701250314713,84.43498748540878
81.73036551475525,82.49163448810577
81.95171856880188,82.21528142690659
83.74507087469101,82.79192912578583
89.05842679738998,88.90457320213318
83.13078570365906,83.61021429300308
82.5181394815445,82.9818605184555
80.57249313592911,82.22450685501099
86.77384567260742,84.4481543302536
82.25320142507553,82.70879858732224
85.10355412960052,86.63644587993622
88.21290892362595,85.60109108686447
85.10026752948761,84.52973246574402
82.83962082862854,83.1043791770935
82.11597400903702,82.62502598762512
83.37332707643509,82.5156729221344
83.26068007946014,84.61031991243362
82.51903343200684,81.70396655797958
83.77638632059097,82.7986136674881
81.99674022197723,82.35525977611542
93.23609608411789,91.26490390300751
85.80746114253998,83.1735388636589
82.60181796550751,82.49018204212189
81.7301709651947,83.2698290348053
83.4135257601738,84.82647424936295
82.31987875699997,82.38412123918533
85.37323129177094,84.53376871347427
87.70558625459671,84.96141374111176
85.27694392204285,84.72205609083176
83.9982984662056,83.07670152187347
82.71865093708038,83.0593490600586
83.23600322008133,83.11699676513672
83.08535623550415,84.8586437702179
82.28770858049393,82.82329142093658
82.71206140518188,83.06593859195709
82.15441364049911,82.52958637475967
83.19076609611511,84.10623389482498
84.52112120389938,84.27487879991531
82.13047707080841,82.2765229344368
83.94383037090302,82.31416964530945
82.44318288564682,83.90881711244583
83.38553553819656,82.33746445178986
85.71688890457153,84.78311109542847
90.64124608039856,85.82275396585464
81.82460570335388,86.69439429044724
85.28595888614655,83.62104111909866
82.52531266212463,81.75268733501434
82.54166513681412,81.51433485746384
83.00301849842072,84.8109815120697
84.70537132024765,84.83162868022919
83.40772372484207,82.50027626752853
83.07207626104355,85.00192373991013
84.29342991113663,84.76357007026672
86.5127843618393,84.35721564292908
82.10414093732834,84.4328590631485
81.71349370479584,84.0275062918663
82.04584640264511,83.43615359067917
83.22819930315018,82.90080070495605
85.41255325078964,83.84744673967361
87.20690882205963,87.23809117078781
82.76130998134613,83.35069000720978
83.16566437482834,82.5743356347084
80.70201772451401,82.4099822640419
82.83037000894547,82.80062997341156
82.58672314882278,84.28327685594559
83.17807638645172,82.41392362117767
86.89942955970764,82.56357043981552
83.21278357505798,82.65921640396118
83.41413676738739,83.69686323404312
84.09749108552933,83.10550892353058
81.81784641742706,82.27415359020233
82.03819990158081,83.38780009746552
83.0745530128479,84.44444698095322
83.44190573692322,83.02009427547455
85.20025885105133,83.87474113702774
95.16161823272705,94.83838176727295
85.06698250770569,85.76601749658585
82.25033861398697,81.82266139984131
83.19369226694107,83.56630772352219
82.65404558181763,81.43795442581177
82.61639946699142,83.64360052347183
83.29975193738937,90.42224806547165
82.983105301857,82.62789469957352
83.75845867395401,83.20354133844376
81.97981160879135,83.65018838644028
87.25516736507416,92.13383263349533
81.25352543592453,83.70947456359863
82.23387861251831,84.39612138271332
81.34323155879974,87.61976844072342
82.54558390378952,84.91741609573364
87.41393601894379,85.45606398582458
84.52328979969025,87.6247102022171
83.66964715719223,88.70035284757614
81.90900242328644,83.77699756622314
81.35135561227798,83.66664439439774
82.49770790338516,84.64929211139679
81.97806018590927,85.05993980169296
82.47541356086731,83.76458644866943
80.45576584339142,85.91523414850235
81.58411830663681,84.34188169240952
83.08147060871124,85.4545294046402
84.30382543802261,88.04917454719543
80.56018221378326,84.30981779098511
82.67053508758545,84.40446490049362
84.09388780593872,85.94311219453812
82.40723985433578,85.2777601480484
84.33159226179123,86.40840774774551
81.53294450044632,83.83705550432205
84.40129941701889,89.87570059299469
83.28865545988083,84.45134454965591
80.65800875425339,84.7309912443161
82.50836104154587,84.47363895177841
80.93271315097809,85.84528684616089
80.00506526231766,84.0509347319603
81.83741718530655,84.66358280181885
81.33476901054382,82.66523098945618
81.40712141990662,84.33287858963013
94.60947555303574,90.35352444648743
82.99683368206024,86.20716631412506
80.30918753147125,83.20881247520447
80.43753981590271,84.6744601726532
81.54689168930054,83.87910830974579
85.74924343824387,87.13975656032562
80.32059675455093,84.47540324926376
84.7279509305954,88.29104906320572
80.54030632972717,83.64469367265701
80.14965790510178,84.72134208679199
82.16601014137268,83.55598986148834
80.27536499500275,85.40863502025604
80.47871696949005,84.22628301382065
82.60506862401962,85.05993139743805
80.7714216709137,83.8215783238411
80.2687737941742,84.49022620916367
86.02712780237198,87.21387219429016
82.24748486280441,84.16051512956619
80.68983805179596,86.69916194677353
82.39219015836716,85.20080983638763
81.39054292440414,83.79545706510544
86.72189593315125,86.1301040649414
80.9982500076294,84.16874998807907
85.12560522556305,88.79939478635788
81.71696096658707,84.17203903198242
82.04931342601776,82.95068657398224
83.97366726398468,83.5083327293396
83.10102081298828,84.12097918987274
82.02537304162979,81.23462694883347
81.61572670936584,83.40227329730988
81.20707905292511,82.82992094755173
83.27943128347397,83.46156871318817
96.7217915058136,91.03720849752426
83.68315947055817,83.24284052848816
82.08951359987259,82.07748639583588
81.45786643028259,83.52413356304169
81.47521877288818,85.85878121852875
84.73257106542587,83.17442893981934
83.24892365932465,83.23207634687424
87.46927988529205,87.30772012472153
83.31963789463043,83.6053621172905
83.35499113798141,81.88500887155533
82.46434497833252,82.99865502119064
84.68469732999802,83.81430268287659
81.33105200529099,81.63094800710678
82.60840821266174,82.3375917673111
82.475761115551,82.33823889493942
82.86411517858505,83.08088481426239
81.6024677157402,81.58253228664398
82.6928226351738,85.14017736911774
80.95117747783661,82.40082252025604
84.50553077459335,83.47646921873093
81.83588415384293,81.60711586475372
85.8712375164032,83.31376248598099
81.27759099006653,81.79640901088715
89.25794720649719,87.3350527882576
83.47830533981323,82.4476946592331
81.05065882205963,83.56034117937088
84.4000113606453,81.87698864936829
81.54636454582214,83.73163545131683
82.63871705532074,81.54728293418884
82.84007108211517,82.08592891693115
81.83842438459396,81.60657560825348
81.6327772140503,84.99722278118134
83.00213015079498,82.4798698425293
83.9624862074852,82.96251380443573
82.49884140491486,82.18715858459473
82.20019507408142,84.20680493116379
85.23554867506027,81.8384513258934
87.40090215206146,84.21109783649445
89.60225611925125,83.78574389219284
89.54461133480072,88.19538867473602
83.52497053146362,81.67802947759628
81.35632461309433,81.93967539072037
82.57767730951309,81.79232269525528
82.7800304889679,83.60996949672699
82.44438374042511,81.94461625814438
82.18273651599884,81.18726348876953
82.2560887336731,81.9479112625122
82.08744150400162,83.11655849218369
81.8077939748764,82.46920603513718
83.15814954042435,83.489850461483
81.3045043349266,83.41749566793442
82.39485716819763,84.0311428308487
81.93021041154861,83.06978958845139
88.6705641746521,83.38543581962585
83.63191717863083,82.12808281183243
89.16627335548401,86.2407266497612
82.1836324930191,82.74236750602722
84.66398674249649,81.55901324748993
82.6803407073021,81.48665928840637
82.21569514274597,84.87730485200882
81.73204809427261,82.21195191144943
83.24940204620361,83.17659795284271
83.45075553655624,82.06824445724487
83.70810943841934,84.7358905673027
81.59646207094193,82.3295379281044
85.74181711673737,83.70218288898468
83.46317321062088,81.48082679510117
83.09052741527557,83.74247258901596
81.66388082504272,81.70711916685104
86.476233959198,82.85776603221893
82.47458732128143,81.93241268396378
89.69494187831879,88.45305812358856
86.24830305576324,83.56569695472717
86.72865909337997,82.38134092092514
82.98701387643814,83.82798612117767
82.54036802053452,82.90363198518753
82.5387214422226,83.62827855348587
82.7960746884346,81.81492531299591
81.49842822551727,83.66857177019119
80.90378093719482,84.63221907615662
83.14313340187073,82.00486660003662
86.28948944807053,85.02551054954529
83.63984662294388,81.73115336894989
84.36020117998123,82.75179880857468
83.09955424070358,82.12344574928284
84.89390778541565,83.16109222173691
87.52126085758209,82.40473914146423
81.31661415100098,83.05438584089279
86.09296894073486,82.8700310587883
82.81332522630692,83.09467476606369
83.75667917728424,82.74432080984116
82.99503326416016,85.37596672773361
81.10438668727875,83.72861331701279
83.73173934221268,82.26826065778732
83.8970929980278,82.58390700817108
82.98844653367996,85.01255345344543
81.41179978847504,82.2172002196312
87.89215505123138,84.82984495162964
81.26051408052444,82.55448591709137
81.68586790561676,83.22213208675385
84.62822133302689,82.29777866601944
85.31157457828522,83.26342540979385
83.1989277601242,81.48707222938538
82.4192806482315,84.80371934175491
86.17663580179214,83.95336419343948
82.21199280023575,82.78800719976425
81.93334650993347,82.233653485775
82.98669958114624,82.93930041790009
84.72505325078964,84.49594676494598
84.20540630817413,81.6285936832428
82.96276128292084,82.2782387137413
81.16511482000351,83.5388851761818
81.79346758127213,81.28053241968155
90.7538293004036,89.11717069149017
81.67818987369537,82.87781012058258
83.89854425191879,83.73045575618744
81.4159010052681,83.39909899234772
101.50625413656235,81.86374586820602
83.65361535549164,81.66138464212418
81.03996878862381,82.70003122091293
85.79733008146286,83.53566992282867
83.29668742418289,82.18531256914139
83.8870416879654,82.81695830821991
82.66339659690857,83.55860340595245
85.51374936103821,82.0972506403923
82.34510344266891,82.13589656352997
81.28745639324188,81.60054361820221
82.21281254291534,84.21418744325638
81.32116508483887,82.17783492803574
91.70853388309479,89.8834661245346
84.72590041160583,82.66309958696365
82.3352564573288,84.73874354362488
82.5176095366478,82.24139046669006
84.62796920537949,83.66803079843521
83.71832203865051,81.87367796897888
82.69867438077927,83.48632562160492
90.36303359270096,86.24696642160416
83.23239010572433,82.45360988378525
81.95274394750595,82.1952560544014
84.13709664344788,84.51190334558487
82.8014503121376,82.05054968595505
82.63280272483826,82.84819728136063
83.65015661716461,82.01684337854385
81.57450985908508,82.77749013900757
81.53486239910126,81.29713761806488
83.16321486234665,82.87378513813019
89.4395700097084,83.41242998838425
82.80792897939682,84.15507102012634
82.21428322792053,81.69371676445007
98.74963676929474,84.01036322116852
82.54399824142456,86.25200176239014
86.3763512969017,84.5316486954689
85.98470640182495,84.94129359722137
82.79807925224304,84.55392074584961
83.50043278932571,82.94456720352173
82.90579223632812,87.57620775699615
80.05214488506317,82.79985511302948
81.23550021648407,83.32049977779388
79.93785190582275,84.97014808654785
81.34320855140686,84.56379145383835
81.249560713768,84.00943928956985
82.72891390323639,84.51208609342575
83.9312789440155,86.17972105741501
81.83663487434387,84.3303651213646
82.64998781681061,83.92501217126846
88.83334064483643,84.2956593632698
82.79470098018646,84.03929901123047
81.40405470132828,84.92994529008865
90.93940931558609,86.83859068155289
82.12279117107391,82.72820883989334
82.25014579296112,83.10085421800613
82.54550212621689,83.41749787330627
82.32185512781143,82.19714486598969
80.48720908164978,83.55079090595245
82.67056345939636,82.01543653011322
80.77992135286331,83.68407863378525
80.87027388811111,83.9447261095047
81.4986275434494,82.64937245845795
88.18199241161346,85.68800759315491
81.95834994316101,86.26465004682541
82.49370342493057,83.6732965707779
83.10305607318878,84.93394392728806
80.98941594362259,82.82458406686783
82.45176833868027,84.75223165750504
88.91212326288223,84.45787674188614
81.59650373458862,83.31149625778198
81.85385864973068,82.57214134931564
81.61121416091919,84.90678584575653
82.14656645059586,82.46443355083466
80.69992166757584,86.1330783367157
81.34727650880814,82.67172348499298
83.52963352203369,83.82136648893356
81.56598675251007,84.08201324939728
80.93434000015259,82.51065999269485
104.89569443464279,87.86330556869507
83.32007247209549,84.90292751789093
82.63242840766907,82.86657160520554
84.48378133773804,83.66521865129471
82.51914191246033,83.0188580751419
81.05449485778809,86.01950514316559
82.56922852993011,84.48577147722244
82.67858290672302,83.2474170923233
82.38093906641006,84.69306093454361
82.36029398441315,83.86170601844788
82.02564758062363,83.21535241603851
81.78300029039383,82.01299971342087
77.59635353088379,84.82964646816254
82.2057096362114,81.99829035997391
82.11106342077255,83.0369365811348
104.906418800354,87.33458119630814
81.64479506015778,86.2252049446106
84.64314770698547,85.7268522977829
84.41949963569641,85.37750035524368
81.65885645151138,83.50814354419708
81.86021256446838,90.71378743648529
105.39556902647018,87.34543097019196
84.41294020414352,86.45705980062485
80.89229559898376,83.51570439338684
82.98264867067337,84.62735134363174
80.94500130414963,83.99999868869781
81.94235318899155,83.74164682626724
81.10870784521103,82.35529214143753
83.34706544876099,85.37593454122543
81.82641816139221,83.24758183956146
80.69477015733719,82.7852298617363
90.78612524271011,85.5278747677803
80.52550339698792,84.80849659442902
82.70885944366455,84.01314055919647
87.00321227312088,84.5697877407074
82.20557278394699,83.12742722034454
80.98192566633224,83.85207432508469
83.99927759170532,83.46372240781784
103.53463298082352,88.65136700868607
81.08799827098846,82.85700172185898
82.60535502433777,85.52464497089386
82.75070744752884,83.0822925567627
82.34206014871597,82.63893985748291
85.00741708278656,83.64158290624619
82.1717699766159,83.8272300362587
82.89312553405762,83.9228744506836
81.48347729444504,85.83152270317078
106.94483184814453,85.40716814994812
89.10920125246048,84.27979874610901
83.66356498003006,84.07643502950668
85.14391845464706,84.15308153629303
88.43827903270721,87.41372096538544
81.97263145446777,84.1003685593605
85.84198826551437,83.89801174402237
85.1553482413292,86.25265175104141
83.61670434474945,83.71729564666748
84.48506343364716,87.94093656539917
81.16841614246368,83.97958385944366
83.62976831197739,86.51823168992996
83.33212250471115,82.63087749481201
82.9414746761322,83.94752532243729
84.56883138418198,83.4121686220169
80.6231837272644,83.33981627225876
84.0285415649414,86.91545844078064
86.08290952444077,85.5830904841423
82.69226390123367,83.82573610544205
84.24562132358551,84.62437868118286
84.46597355604172,83.20002645254135
84.05732637643814,83.683673620224
91.55667835474014,83.83232164382935
84.51704150438309,85.98295849561691
82.0713968873024,83.26260310411453
85.71674942970276,85.69025057554245
82.04910218715668,83.59889781475067
82.93645411729813,83.24954587221146
97.17580598592758,82.95419400930405
83.04416531324387,84.77083468437195
83.24552416801453,82.80947583913803
82.04087555408478,84.40312445163727
83.09422886371613,82.94277113676071
87.5365954041481,86.22140461206436
81.84995144605637,84.79804855585098
85.79330503940582,85.31869494915009
83.86566591262817,83.57833409309387
80.30901771783829,84.69198226928711
84.60337263345718,83.6746273636818
89.21273869276047,86.08426129817963
85.84109687805176,84.15890312194824
85.3204517364502,85.10554826259613
81.42980396747589,83.05119603872299
83.76115560531616,83.46084439754486
84.88850957155228,83.35149043798447
84.53486162424088,84.16713839769363
84.44121885299683,83.37378114461899
82.10657042264938,86.3744295835495
82.73392277956009,83.04407721757889
86.844289124012,86.155710875988
83.24964433908463,84.06535565853119
84.37800323963165,84.1779967546463
86.07935529947281,84.29164469242096
81.70770859718323,87.01529139280319
85.41006046533585,83.77493953704834
88.09342813491821,86.4255718588829
85.0727933049202,83.79720669984818
85.09014958143234,84.61385041475296
83.8285021185875,82.41149789094925
83.99385786056519,84.70914214849472
89.54820960760117,89.00779038667679
84.37956792116165,85.62043207883835
83.91492253541946,84.12207746505737
82.33827406167984,84.62372595071793
85.61562705039978,82.88437294960022
89.37299329042435,85.83100670576096
82.85234880447388,85.61065119504929
98.3137012720108,83.76029872894287
83.1450623869896,83.33693760633469
84.75441789627075,83.37458211183548
85.17877262830734,83.71022737026215
112.06612813472748,86.15687185525894
82.99050080776215,83.34349918365479
98.83985471725464,83.32614529132843
111.04321539402008,91.40178459882736
82.61556732654572,83.29243266582489
82.7609229683876,82.59007704257965
82.07527983188629,84.2207201719284
83.47963738441467,84.22336262464523
83.18198907375336,83.96601092815399
83.75434100627899,82.94965898990631
87.99369555711746,86.65430444478989
83.80706828832626,85.41493171453476
98.62042373418808,85.23157626390457
87.32178604602814,86.32621395587921
85.82013976573944,86.715860247612
86.33749163150787,84.92250835895538
91.09485173225403,90.16514825820923
81.22321403026581,84.77678596973419
84.66557252407074,87.20442748069763
84.81192409992218,83.81807589530945
84.58827823400497,85.41172176599503
82.71663182973862,84.48836815357208
81.58498328924179,90.23001670837402
85.78633457422256,85.04666543006897
83.84068858623505,83.58531141281128
84.09804272651672,84.17995727062225
89.67040914297104,90.03259086608887
84.76076972484589,85.05323028564453
87.11212873458862,85.38787126541138
80.92548108100891,85.13051891326904
85.25583201646805,86.15116798877716
111.40218508243561,85.78281491994858
91.30854451656342,87.74745547771454
86.41890633106232,87.8960936665535
86.95426750183105,89.32373249530792
83.45161885023117,85.88138115406036
81.81996977329254,85.55003023147583
81.07732057571411,84.032679438591
86.40967398881912,85.2203260064125
82.64803338050842,83.2769666314125
84.31438410282135,84.81561589241028
82.38673788309097,82.00326210260391
87.27310091257095,89.44889909029007
84.67945754528046,82.72854244709015
87.02881866693497,85.58218133449554
81.06416976451874,83.69483023881912
82.34052085876465,85.23347914218903
86.30187249183655,82.92012751102448
87.42922699451447,87.42177301645279
85.07658213376999,86.27541786432266
85.77794075012207,86.4800592660904
81.48029261827469,83.94570738077164
82.92364400625229,84.44735598564148
82.662995159626,82.41200482845306
82.36434692144394,89.13565307855606
83.58470320701599,88.56329679489136
81.08305418491364,85.28794580698013
81.85940504074097,81.45559495687485
99.54275810718536,90.99424189329147
82.28113692998886,84.36586308479309
97.26148992776871,88.01651006937027
82.926848590374,84.01715141534805
82.68419986963272,86.68580013513565
83.20155364274979,84.81744635105133
82.79190450906754,82.06009548902512
83.3822608590126,84.48773914575577
83.86261850595474,87.30438148975372
83.19396954774857,84.78703045845032
82.93332123756409,83.93767875432968
82.85767251253128,85.9203274846077
83.02202463150024,85.56997537612915
83.2803800702095,85.99761992692947
81.0197314620018,84.49926853179932
83.33208239078522,84.20491760969162
83.99743813276291,86.66956186294556
86.5327919125557,85.98520809412003
84.69715613126755,85.06184387207031
83.06550765037537,84.50749236345291
83.60185992717743,87.56514006853104
83.95221149921417,84.3257884979248
83.32056313753128,82.21643686294556
85.94791638851166,87.07008361816406
87.66927242279053,86.64572757482529
85.85262620449066,84.77737379074097
84.18398028612137,85.05701971054077
83.62633454799652,83.44766545295715
87.14368855953217,86.41131144762039
85.27104365825653,85.07995635271072
85.14039587974548,85.91560411453247
84.74975055456161,85.00924944877625
86.63710451126099,86.06689548492432
88.3754603266716,86.80853968858719
88.07781898975372,85.86618101596832
85.83617341518402,84.29382658004761
84.0015282034874,87.11047178506851
87.33188092708588,84.35311907529831
85.4792338013649,86.39176619052887
91.56958973407745,90.52241027355194
86.41994851827621,86.56105148792267
83.27030104398727,84.13769894838333
86.65765368938446,84.76834630966187
85.52600902318954,83.10299098491669
85.26536405086517,87.36463594436646
88.9487184882164,85.27328151464462
83.98407292366028,83.31192708015442
85.64842694997787,83.9255730509758
88.12878102064133,85.18621897697449
87.59013742208481,87.27986258268356
87.9954948425293,87.48650515079498
85.27184855937958,84.61715143918991
85.14120352268219,85.54479646682739
90.24955743551254,84.34244257211685
88.5439122915268,84.06708770990372
90.35726916790009,88.10573083162308
89.07862734794617,87.05137264728546
84.16898292303085,83.25701707601547
91.85233575105667,86.11066424846649
82.25869125127792,83.72330874204636
83.14504253864288,85.5399574637413
86.31039524078369,83.42960476875305
84.2157489657402,84.33925104141235
82.23310124874115,83.34089875221252
87.15745252370834,85.82454746961594
86.1738076210022,86.93719238042831
89.0061651468277,86.34583485126495
81.70851975679398,86.49548023939133
84.35487151145935,85.01612848043442
86.03722488880157,84.70277512073517
86.165578186512,86.03842180967331
90.45993489027023,89.13206511735916
85.19929677248001,88.42970323562622
84.04964935779572,84.30235064029694
82.06700211763382,81.58199787139893
82.9723533987999,83.71364659070969
82.26670479774475,83.45529520511627
86.08006203174591,84.38293796777725
83.31941455602646,87.36658543348312
83.53876692056656,83.64523309469223
86.00112330913544,85.68487668037415
85.81348836421967,90.09351164102554
87.97885370254517,84.00214630365372
85.82920742034912,84.0967925786972
84.08656048774719,85.98743951320648
85.08491557836533,84.48908442258835
82.1582670211792,83.97273296117783
89.15562105178833,87.65937894582748
87.85798645019531,88.58701354265213
83.78133863210678,82.21766138076782
85.44669514894485,81.92330485582352
82.18604731559753,83.86895269155502
83.31439822912216,83.24260175228119
85.68175315856934,83.9472468495369
83.86610722541809,83.83789277076721
82.73445945978165,83.58054053783417
83.69681143760681,89.93418854475021
85.12017089128494,88.9168291091919
99.37852758169174,85.04847240447998
78.00488817691803,83.30911183357239
82.13323950767517,83.16276049613953
81.61194741725922,83.44405257701874
89.01731151342392,86.01968848705292
85.73767727613449,87.20632272958755
85.70002990961075,83.96797007322311
86.90138131380081,84.04361867904663
82.82573473453522,84.35926526784897
82.23108583688736,85.97291415929794
85.21044039726257,82.60355961322784
82.09779167175293,83.71620833873749
82.02314281463623,83.08885717391968
86.18849962949753,85.47950035333633
90.77885955572128,87.59114044904709
86.03622621297836,86.37177377939224
84.16457831859589,82.07642167806625
83.6069307923317,86.1900691986084
84.16028666496277,84.63471335172653
83.69663786888123,86.78536212444305
110.47199082374573,87.21300917863846
86.32237160205841,84.84462839365005
84.06172519922256,83.99427479505539
95.20807826519012,83.4219217300415
82.18742966651917,82.86757034063339
82.31478089094162,86.86921912431717
85.12813836336136,83.79786163568497
83.23849016427994,83.63250982761383
82.51384204626083,84.44815796613693
85.27119898796082,84.67280101776123
89.93656426668167,88.95143574476242
85.74993014335632,86.73106986284256
82.73028361797333,85.15971636772156
85.3766353726387,87.08636462688446
84.72699099779129,84.10700899362564
84.37334209680557,83.77565789222717
82.8336951136589,82.62930488586426
88.11005473136902,87.96394526958466
83.66440838575363,85.31759160757065
84.4217638373375,87.05923616886139
85.64211541414261,85.35788458585739
84.47346663475037,88.47053337097168
85.78682279586792,85.15717720985413
82.71117460727692,83.3998253941536
84.50552636384964,83.9384736418724
84.52288210391998,85.3661178946495
83.70623338222504,83.49776661396027
88.46359539031982,85.64740461111069
82.64794927835464,82.14905071258545
83.66330069303513,84.94669932126999
86.34765714406967,83.37434285879135
84.62400925159454,84.28399074077606
84.43736147880554,84.17463850975037
88.78771620988846,87.21228379011154
84.58207029104233,83.41792970895767
84.19142264127731,84.88257735967636
82.65277373790741,84.31122624874115
86.20612627267838,84.3678737282753
85.0934824347496,84.55451756715775
83.90683370828629,83.66816627979279
83.57218581438065,86.05781418085098
87.58854508399963,84.52245491743088
82.3828963637352,82.83910363912582
100.58424925804138,85.6007507443428
83.5276107788086,83.73138922452927
82.80396240949631,85.6040375828743
86.32031452655792,82.38268548250198
84.24566614627838,82.55133384466171
82.76101869344711,84.42398130893707
86.50037133693695,87.72162866592407
82.47972565889359,84.29727435112
84.571080327034,83.74291968345642
83.05143189430237,83.00456809997559
85.32778292894363,84.46921706199646
85.02913933992386,83.5258606672287
82.6394904255867,83.6575095653534
82.67384195327759,84.49315804243088
84.67319309711456,84.21580690145493
86.81955111026764,85.19944888353348
87.85391217470169,86.38608783483505
87.8152727484703,85.55472725629807
84.48062747716904,85.44437253475189
85.5719787478447,83.4280212521553
81.77433001995087,83.55966997146606
84.12468099594116,82.85731899738312
84.34403359889984,87.74896639585495
84.19438683986664,84.02761316299438
85.11873996257782,84.12226003408432
82.50509077310562,82.8089092373848
83.89344209432602,82.47755789756775
88.13179677724838,82.27520322799683
82.00014996528625,83.49885004758835
84.36950135231018,82.50149863958359
93.86785399913788,84.09514600038528
85.53220665454865,83.18979334831238
106.60556012392044,88.56143987178802
88.39993315935135,84.82206684350967
83.083287358284,88.89771264791489
86.58163952827454,83.23336046934128
83.0979915857315,84.82800841331482
82.72634267807007,83.92165732383728
88.11370414495468,87.60829585790634
83.42705994844437,82.55494004487991
87.70241469144821,84.31558531522751
83.59076750278473,81.66923248767853
83.6071184873581,84.91188150644302
84.51247346401215,87.82052654027939
82.10382449626923,81.6191754937172
82.65817576646805,83.58282423019409
91.58152693510056,83.89947307109833
84.5058856010437,83.53111439943314
104.85623955726624,87.3847604393959
85.42760652303696,84.10839349031448
82.59395956993103,83.64704042673111
87.75831753015518,82.35268247127533
83.18266952037811,85.33533048629761
82.60702073574066,83.61497926712036
89.95738780498505,90.22861218452454
89.60374480485916,84.28525519371033
87.04610294103622,87.1758970618248
84.43445527553558,83.751544713974
84.15480786561966,84.12419211864471
85.93015968799591,83.51484030485153
84.53951185941696,82.47948813438416
85.31586492061615,82.8321350812912
87.77622401714325,85.27877599000931
82.88657587766647,82.8914241194725
88.2729287147522,86.00407129526138
85.97629851102829,85.44970148801804
85.51165390014648,89.28534609079361
86.52801030874252,84.13898968696594
84.71136200428009,84.76963800191879
85.45071363449097,81.73528635501862
91.17108339071274,88.71791660785675
83.50244581699371,85.18255418539047
84.94479846954346,84.1102015376091
84.72115021944046,83.3348497748375
85.60850238800049,87.70549762248993
86.49685662984848,81.41114336252213
84.21620851755142,82.56179147958755
83.3255603313446,84.02643966674805
84.0099139213562,84.74908608198166
84.322265625,84.02973437309265
95.24661880731583,86.16038119792938
82.55998820066452,84.3660117983818
83.59534400701523,84.96065598726273
86.3526999950409,82.7393000125885
83.42505264282227,83.31594735383987
88.42340415716171,83.35359585285187
86.88477087020874,86.70822912454605
83.99513018131256,83.00586980581284
85.32548868656158,86.02551132440567
82.583840072155,80.80615991353989
82.63719153404236,85.38080847263336
84.98754626512527,81.90145373344421
83.65189749002457,83.05110251903534
84.1692498922348,86.29375010728836
85.16760867834091,85.42439132928848
83.4439605474472,83.61203944683075
111.21931380033493,93.81668621301651
86.12568610906601,84.91131389141083
83.40104174613953,85.39395827054977
85.64039307832718,83.50760692358017
85.19374459981918,84.32425540685654
86.2300973534584,83.14090263843536
93.69147545099258,89.64152455329895
84.80083638429642,85.69916361570358
85.79918956756592,83.66381043195724
82.13054168224335,82.16545832157135
83.48089289665222,82.87110710144043
88.01624423265457,84.6497557759285
82.4965969324112,81.63340306282043
83.82694810628891,83.0800518989563
84.38130456209183,83.67369544506073
82.95465576648712,83.34234422445297
88.61901414394379,81.93698585033417
86.98836928606033,90.41963070631027
83.11572337150574,82.60627663135529
85.28107732534409,81.7009226679802
82.24242866039276,82.88757133483887
83.81477981805801,85.76022017002106
83.2201316356659,88.24286836385727
92.60648685693741,85.33751314878464
85.69784718751907,84.80215281248093
85.04819816350937,82.84080183506012
82.97255039215088,84.08344960212708
86.50790494680405,82.38109505176544
83.43225634098053,83.86474364995956
84.7446078658104,82.10739213228226
84.3729681968689,83.81203180551529
83.4263197183609,83.12868028879166
95.16667664051056,86.5013233423233
84.12703078985214,85.96596920490265
84.01438480615616,85.92961519956589
85.53173691034317,82.7462630867958
84.7340881228447,82.95191186666489
85.86144030094147,82.87955969572067
83.63779228925705,85.73320770263672
85.20914721488953,85.95685279369354
89.52250653505325,85.38449347019196
84.55786204338074,84.79413795471191
83.50121450424194,85.33278548717499
86.42556637525558,83.57443362474442
87.2939185500145,84.52108144760132
83.1812714934349,80.94872850179672
89.21662896871567,84.63537102937698
85.80798363685608,83.52601635456085
85.56533533334732,84.34266465902328
86.37868827581406,85.9733117222786
87.617043197155,83.80795681476593
85.91139495372772,84.79160505533218
83.53974688053131,82.60925310850143
83.66709834337234,86.31390166282654
84.25845003128052,84.68554997444153
86.10780543088913,85.02119451761246
86.73715949058533,84.13284051418304
89.79051268100739,85.00648730993271
91.06686866283417,84.87813133001328
85.1392353773117,83.43476462364197
83.63758981227875,83.40041017532349
83.83994376659393,83.494056224823
97.24529504776001,85.01470494270325
83.44765412807465,82.83134585618973
84.26000851392746,82.33299148082733
87.14736992120743,87.50063008069992
85.20172888040543,87.021271109581
85.60708111524582,83.15291887521744
84.32743489742279,83.19056510925293
83.82578802108765,82.54521197080612
84.04714268445969,83.74985730648041
84.54449832439423,86.4735016822815
83.22885191440582,81.60514807701111
84.11520546674728,82.42179453372955
87.68755811452866,83.8684418797493
83.18591207265854,82.16608792543411
85.72126305103302,83.01973694562912
85.70061606168747,83.29838395118713
83.8839762210846,82.81902378797531
83.86432868242264,83.24667131900787
84.91868031024933,86.54431968927383
105.69503450393677,87.21296548843384
84.37740576267242,85.0475942492485
85.78375738859177,83.28924262523651
86.76311087608337,82.92188912630081
84.79946428537369,89.75653570890427
82.94581931829453,85.42518067359924
87.62918227910995,83.98181772232056
83.1275384426117,82.24246156215668
84.10689324140549,83.00410676002502
83.6422455906868,86.20975440740585
85.80759692192078,81.30340307950974
84.41694968938828,82.60105031728745
83.71230363845825,82.06569635868073
82.19066298007965,84.3643370270729
83.96801388263702,82.5509861111641
87.15036505460739,85.08963495492935
90.46472895145416,85.05427104234695
83.25808829069138,84.35291171073914
83.14643967151642,82.76156032085419
86.38479322195053,83.2452067732811
87.2171460390091,82.46785396337509
84.04850029945374,83.91449970006943
105.58385336399078,88.04614663124084
81.00822347402573,81.95477652549744
84.26558136940002,82.7524186372757
84.18993729352951,84.1250627040863
83.29928892850876,82.33071106672287
85.46364158391953,82.0543584227562
82.9619932770729,80.83400672674179
86.7943445444107,81.9096554517746
84.44070422649384,82.8002957701683
84.62405651807785,83.04294347763062
86.32641917467117,85.61758083105087
83.95478183031082,83.19421815872192
84.48913443088531,81.88086557388306
87.1544861793518,82.99351382255554
83.07884287834167,84.4031571149826
85.41019409894943,82.03480589389801
108.35354715585709,84.07245284318924
83.90692102909088,83.38907897472382
84.46127384901047,80.35372614860535
83.08862835168839,85.3003716468811
84.97597914934158,80.39402085542679
83.78933209180832,82.19266790151596
84.65768617391586,81.86131381988525
85.65604531764984,81.91895467042923
83.4503967165947,82.45660328865051
84.689748108387,83.34725189208984
89.05811554193497,86.84888446331024
86.22347331047058,90.16552668809891
84.1108267903328,82.46317321062088
84.16517889499664,83.9828211069107
84.16353034973145,82.46746963262558
85.86488234996796,84.30111765861511
95.4372364282608,84.74876356124878
83.34261292219162,82.12038707733154
85.89696675539017,84.64003324508667
84.525321662426,86.30867832899094
84.54167371988297,81.9213262796402
84.67002588510513,82.9599741101265
84.22337919473648,82.53562080860138
85.20373910665512,86.33426088094711
87.47909039258957,82.42790961265564
84.8104413151741,82.07855868339539
83.9767923951149,81.08020758628845
85.56715440750122,86.9518455862999
84.30550771951675,84.8424922823906
85.08185988664627,83.41814011335373
87.72821635007858,83.01278364658356
83.44856929779053,83.9764307141304
92.22493660449982,86.16406339406967
87.79729926586151,84.6097007393837
88.7586522102356,83.55634778738022
83.55300712585449,83.92899286746979
86.23635804653168,84.337641954422
84.90171056985855,82.02428942918777
85.19706273078918,81.9889372587204
84.30542033910751,83.08257967233658
84.74877166748047,81.86222833395004
84.32112318277359,83.03087681531906
85.78248113393784,81.27251887321472
87.59483921527863,86.40416079759598
86.5201935172081,82.9808064699173
83.49954551458359,82.40745449066162
85.10889661312103,80.65110337734222
83.77424770593643,83.44775229692459
85.69859904050827,81.89440095424652
88.10395622253418,87.56204378604889
86.71331143379211,83.32368856668472
78.726243019104,87.8857569694519
80.03243762254715,87.00356239080429
84.24763071537018,85.41936928033829
82.55382370948792,85.07617628574371
81.78701639175415,87.58398360013962
80.16821718215942,88.4617828130722
81.45641028881073,87.00658971071243
84.78260731697083,86.32939267158508
82.03280371427536,92.11519628763199
80.6549985408783,88.54800146818161
79.24019157886505,87.38980841636658
80.63938462734222,89.11961537599564
82.53858184814453,88.47941815853119
78.71577721834183,88.93222278356552
80.74597370624542,89.49502629041672
81.3671686053276,87.72483140230179
79.32236379384995,89.21463620662689
80.07455676794052,85.25944322347641
80.43675136566162,87.82324862480164
80.8359477519989,87.29405224323273
82.97714656591415,86.41285341978073
80.07934111356735,86.04965889453888
81.38653409481049,86.37246590852737
80.10072708129883,84.67627292871475
84.3519315123558,92.68406850099564
82.97412943840027,87.9888705611229
79.00332587957382,87.38567411899567
79.18051880598068,85.85548120737076
78.78371167182922,89.25328832864761
81.36890488862991,86.18709510564804
84.67510306835175,91.41689693927765
80.98229885101318,87.14770114421844
80.10449439287186,87.11750560998917
79.54168730974197,88.90331268310547
80.53288239240646,86.18811762332916
79.3030766248703,85.54892337322235
94.88826942443848,87.74173057079315
79.4904693365097,86.47253066301346
79.81666249036789,86.8683375120163
78.56885552406311,85.87614446878433
87.2260593175888,92.4769406914711
79.18226087093353,87.1517391204834
78.89645701646805,88.21454298496246
80.68465107679367,87.5933489203453
79.23284548521042,89.76815450191498
80.1140388250351,87.21996116638184
83.38423722982407,88.06176275014877
79.74643272161484,88.42056727409363
82.05363011360168,89.20636987686157
79.6188235282898,87.58517646789551
79.85201907157898,88.90698093175888
80.15921235084534,87.26678764820099
79.96641212701797,88.38558787107468
80.7366054058075,86.59739458560944
78.96879851818085,87.16020148992538
80.20199155807495,86.0580084323883
83.56419599056244,92.52880400419235
80.3523942232132,88.51760578155518
81.04858994483948,87.95141005516052
79.22678422927856,86.92221575975418
80.03298050165176,88.89301949739456
79.26517367362976,84.7898263335228
81.70336788892746,89.48263210058212
82.95357757806778,85.04642242193222
81.79777336120605,88.16522663831711
80.25296849012375,86.67303150892258
80.8191614151001,84.51383858919144
78.51535552740097,86.22564446926117
96.22954827547073,87.65945172309875
79.29574817419052,83.81525182723999
82.26894104480743,87.32305896282196
84.35413509607315,84.96086490154266
85.75434499979019,92.44965499639511
80.82054650783539,92.12445348501205
81.6087412238121,86.0952587723732
80.80493503808975,86.9550649523735
79.27812820672989,89.27787178754807
78.64032125473022,86.54467874765396
85.40952461957932,89.4974753856659
80.23572552204132,88.24527448415756
83.0799201130867,88.29007989168167
80.03511357307434,85.59388643503189
81.67530655860901,86.6396934390068
79.64950037002563,84.480499625206
80.69670063257217,91.65529936552048
79.55989372730255,86.31110626459122
78.29208689928055,87.13391309976578
81.61727941036224,88.52972060441971
79.12847340106964,87.07552659511566
83.52767425775528,87.87932574748993
81.44587087631226,84.94312912225723
83.55006551742554,83.59893447160721
81.63426095247269,85.44073903560638
80.23745596408844,82.61454403400421
108.340651512146,86.67834848165512
82.14686489105225,84.22313511371613
81.93606168031693,85.08293831348419
86.37225729227066,84.14574271440506
82.97545123100281,82.85754877328873
79.96864640712738,83.19935357570648
102.99684035778046,83.50215965509415
80.49004203081131,82.89995795488358
79.94523614645004,82.7957638502121
80.1214302778244,82.71056973934174
81.94662415981293,84.40437585115433
85.53182303905487,84.98617696762085
79.52402019500732,87.12397980690002
81.05321460962296,86.11378538608551
79.24941152334213,87.95458847284317
79.83460599184036,86.57339400053024
87.67780184745789,86.65519815683365
95.00300884246826,84.19999116659164
80.44021546840668,86.76378452777863
82.04341095685959,87.80858904123306
79.68360656499863,86.79739344120026
86.86180019378662,84.43519979715347
84.61299937963486,88.31300061941147
79.2532005906105,85.13679939508438
79.33739417791367,85.40360581874847
79.6995878815651,85.61441212892532
80.02578473091125,87.58521527051926
84.5729877948761,86.70401221513748
80.71418529748917,86.37881469726562
79.42837935686111,85.31362062692642
79.25357908010483,91.72842091321945
82.43077254295349,85.31022745370865
85.03397858142853,88.799021422863
83.87818205356598,86.62181794643402
84.55537933111191,87.24162065982819
78.78857612609863,85.841423869133
80.03977024555206,85.07122975587845
79.16096687316895,85.06003314256668
101.61615997552872,86.41984003782272
78.99736207723618,89.22463792562485
79.23055517673492,84.71344482898712
79.66774868965149,85.46225130558014
78.51094275712967,86.41405725479126
82.22514605522156,86.20085394382477
79.95834308862686,85.83765691518784
79.5055404305458,85.93845957517624
80.53473651409149,88.2612634897232
79.34293073415756,86.5280692577362
78.83412432670593,85.23887568712234
83.84532713890076,87.02567285299301
79.74452549219131,87.58847451210022
78.8667197227478,85.1332802772522
78.7659153342247,85.12308466434479
79.14711052179337,85.55688947439194
92.93530386686325,85.60069614648819
83.05750358104706,86.03449642658234
80.10469877719879,87.74630123376846
80.65289318561554,85.43910682201385
79.47809159755707,87.187908411026
103.78528726100922,88.41771274805069
78.75949984788895,85.11150014400482
79.47369700670242,87.80430299043655
80.35389560461044,87.5901044011116
80.27208942174911,84.50491058826447
79.43128627538681,85.21671372652054
84.94148814678192,87.61351186037064
80.9156848192215,89.1763151884079
80.74187934398651,85.33312064409256
80.14107298851013,85.02592700719833
79.76226836442947,84.94173163175583
79.43946832418442,85.43053168058395
79.74666178226471,86.75333821773529
80.99785631895065,85.42814368009567
79.88005071878433,86.08394926786423
78.70524775981903,87.55475223064423
86.28944337368011,87.54355663061142
78.83765470981598,84.25534528493881
80.71785300970078,85.54014700651169
79.91405081748962,87.23394918441772
79.7032465338707,85.42775344848633
79.76844024658203,84.1565597653389
82.46464306116104,86.2753569483757
80.97484064102173,87.67315936088562
79.50503540039062,84.79196459054947
79.84923082590103,84.90976917743683
80.87742680311203,84.30757319927216
94.66662049293518,86.40837949514389
78.54682105779648,86.80517894029617
79.18801528215408,85.95998471975327
82.49421000480652,83.8197900056839
80.45040822029114,85.67959177494049
81.99761319160461,87.13138681650162
80.24881613254547,88.21418386697769
81.25901126861572,85.12998872995377
80.17720955610275,86.65579044818878
80.41140460968018,84.95959538221359
80.6436008810997,85.33839911222458
81.69080477952957,87.56819522380829
79.25800162553787,86.46499836444855
79.32319694757462,85.95480304956436
80.31539404392242,85.14760595560074
80.40059047937393,85.48840951919556
80.94778460264206,85.18121540546417
79.32998478412628,85.13401520252228
79.50717902183533,86.08582097291946
80.03637582063675,87.92762416601181
83.5845707654953,87.25042921304703
83.44577610492706,90.3132238984108
82.34597772359848,87.71002227067947
79.76417511701584,84.71682488918304
80.20037215948105,88.22562783956528
81.59956765174866,85.88143235445023
80.81376278400421,84.31523722410202
85.25095802545547,87.74904197454453
80.85415518283844,84.21984481811523
79.27234995365143,83.11665004491806
80.3385437130928,83.49445629119873
79.60773730278015,83.20626270771027
81.65593081712723,84.86206918954849
74.92612493038177,80.53687506914139
79.0103189945221,85.39668101072311
79.83651220798492,82.5894877910614
79.14270597696304,84.54129403829575
79.09889912605286,83.06810086965561
82.05309611558914,86.85390388965607
83.43429273366928,86.43570727109909
83.6494870185852,85.3505129814148
78.56668198108673,83.39531803131104
83.31887799501419,83.92212200164795
71.94107395410538,77.09692603349686
93.59927427768707,51.06772571802139
81.51746845245361,62.519531548023224
82.45366221666336,60.76833778619766
99.81685602664948,58.14614397287369
120.10404968261719,49.153950333595276
92.28224444389343,61.218755543231964
94.86644220352173,60.91055780649185
85.91463941335678,61.5663605928421
99.98083448410034,54.7601655125618
94.10302883386612,61.1199711561203
97.74322527647018,64.40577471256256
97.90142387151718,63.32057613134384
114.89361822605133,54.90238177776337
104.53481328487396,58.57618671655655
100.95200824737549,61.47399175167084
137.94420665502548,72.79679334163666
82.69649684429169,84.63750314712524
81.70669233798981,82.58930766582489
81.40288710594177,82.91211289167404
82.35708141326904,81.45691859722137
81.10927587747574,85.96572411060333
81.36047047376633,81.06552952528
83.18566596508026,83.55533403158188
84.4558619260788,82.39513808488846
87.68905687332153,83.12594312429428
82.62525469064713,82.72674530744553
86.87645274400711,82.41954725980759
84.03565222024918,84.85334777832031
82.87884849309921,82.69415152072906
82.13104367256165,82.05395632982254
82.67923873662949,82.72876125574112
89.91143637895584,84.58756363391876
82.4406396150589,83.91036039590836
83.43283545970917,81.32616454362869
80.79503065347672,81.77896934747696
82.49122506380081,83.65677493810654
83.2614197731018,84.9425802230835
82.031613945961,81.59838604927063
84.26381009817123,81.84618991613388
82.38600617647171,81.68799382448196
84.00820094347,84.51079905033112
81.90739566087723,81.77860432863235
87.49259358644485,84.24840641021729
85.76179367303848,81.68220633268356
82.06898993253708,86.54201006889343
81.69018685817719,82.53181314468384
81.66438221931458,82.63161778450012
86.60157942771912,84.01042056083679
85.53777998685837,84.44322001934052
81.30797773599625,84.02502226829529
82.20717322826385,85.551826775074
81.34736853837967,81.59763145446777
84.17256325483322,87.17843675613403
81.72075778245926,83.42724221944809
84.04595363140106,82.120046377182
81.65015035867691,81.90584963560104
83.1043450832367,83.56165492534637
84.4115401506424,81.40245985984802
93.79273867607117,85.54126131534576
83.98894107341766,81.41905891895294
83.49913710355759,83.96386289596558
83.15733200311661,81.71266800165176
82.96552693843842,81.5534730553627
80.95672184228897,82.35827815532684
86.13491940498352,30.0880805850029
82.36711752414703,81.72488248348236
81.41531300544739,82.80668699741364
81.03750801086426,82.57449197769165
74.02870255708694,47.87929743528366
81.39089685678482,31.053103148937225
84.27209222316742,30.079907774925232
84.39428949356079,81.03171050548553
85.57148975133896,84.00251024961472
82.08268696069717,81.32431304454803
68.09288513660431,63.83311486244202
68.5670856833458,60.191914319992065
89.65128195285797,39.385718047618866
67.8844764828682,61.30152350664139
67.80167156457901,59.772328436374664
70.51686626672745,63.446133732795715
93.47206354141235,50.39793646335602
76.94526183605194,61.62873816490173
74.75245696306229,59.89554303884506
74.18865180015564,59.18134820461273
98.7368471622467,50.70815283060074
77.67404168844223,59.30795830488205
81.51723718643188,64.18676280975342
78.71343350410461,59.304566502571106
92.87262839078903,47.49737161397934
79.69782358407974,58.46917641162872
99.09702175855637,93.69897824525833
87.70022982358932,91.94777017831802
84.98942559957504,87.97457438707352
84.79562014341354,84.98137986660004
84.54781430959702,85.00818568468094
86.5210091471672,84.55299085378647
89.69820713996887,91.54279285669327
83.5234060883522,86.40259391069412
85.34860092401505,89.83539909124374
87.2117954492569,88.65920454263687
98.8149898648262,92.11101013422012
86.23318421840668,82.47081577777863
88.16938185691833,84.6636181473732
87.90257835388184,85.26342165470123
84.39477509260178,85.30922490358353
83.55396944284439,84.50203055143356
90.0091649889946,95.898835003376
87.79736685752869,92.07263314723969
84.04956591129303,85.50743407011032
84.89276099205017,84.81123900413513
84.18195569515228,86.0040442943573
84.84014987945557,87.56785011291504
90.79534786939621,88.75965213775635
87.23254865407944,85.82345134019852
85.001744389534,83.81325560808182
86.1049399971962,87.13605999946594
93.07813519239426,84.05186480283737
83.97833037376404,85.44766962528229
87.09952628612518,84.04747372865677
84.61072236299515,85.13027763366699
85.93591713905334,85.17408287525177
84.61411160230637,88.77588838338852
84.01230674982071,85.72769325971603
89.2085040807724,88.30949592590332
85.05270344018936,84.07629656791687
91.73089915513992,87.21410083770752
84.20309442281723,87.49990558624268
85.77028912305832,86.69271087646484
104.00348842144012,96.99651157855988
87.81069946289062,86.26430052518845
85.65389668941498,90.60510331392288
83.46109217405319,87.3359078168869
95.13828712701797,84.80671286582947
84.88948196172714,85.1465180516243
87.30767738819122,86.30332261323929
85.0778757929802,88.18112421035767
83.71807169914246,85.05892831087112
83.3402670621872,85.90073293447495
85.14646232128143,84.94553768634796
88.21266013383865,91.47233986854553
84.39085912704468,84.22114086151123
89.82705444097519,87.91394555568695
83.48624914884567,85.36675083637238
84.70044392347336,84.52155607938766
104.50664329528809,94.7703567147255
85.68485414981842,85.72314584255219
85.02905052900314,85.60194945335388
84.11324560642242,90.21975439786911
94.17944079637527,84.87555921077728
87.50463622808456,88.9573637843132
87.36683261394501,86.0401673913002
84.13802844285965,87.76997154951096
84.85222363471985,84.2037763595581
87.23241865634918,85.00758135318756
84.3736143708229,85.3313856124878
90.23581176996231,89.06018823385239
85.54201120138168,83.90098881721497
90.10820668935776,87.37279331684113
84.93440210819244,85.32459789514542
83.68559688329697,85.38840311765671
102.6217959523201,95.61820405721664
84.8190067410469,86.292993247509
85.01420307159424,85.61579692363739
82.11739832162857,84.06760168075562
97.97959280014038,88.5944072008133
85.04678785800934,85.86121213436127
90.1499839425087,84.70201605558395
83.99318039417267,86.45081961154938
86.24437522888184,83.64362478256226
84.32957017421722,86.0964298248291
86.3037651181221,86.04823487997055
97.03696423768997,92.59403574466705
85.58417224884033,85.08282774686813
91.90936887264252,88.33063113689423
83.77256524562836,84.63543474674225
83.5597602725029,85.56923973560333
103.4969584941864,95.92904150485992
93.28617036342621,89.67682963609695
85.18536680936813,85.33363318443298
82.67656368017197,84.60043632984161
95.68775862455368,88.53424137830734
87.23595404624939,83.74604594707489
86.13515084981918,83.10584914684296
83.86834681034088,83.68765318393707
85.19354158639908,82.45445841550827
83.68573707342148,83.07426291704178
83.78893178701401,82.6180682182312
94.78113210201263,97.77386790513992
83.66233968734741,83.41166031360626
90.3395346403122,87.67846536636353
85.20273107290268,87.13126891851425
83.80592703819275,87.32407295703888
90.816126704216,94.14687329530716
92.54832929372787,84.76567071676254
84.96653133630753,82.38546866178513
84.0697278380394,84.91027218103409
104.15492469072342,94.93707531690598
85.75812029838562,84.09387969970703
87.39831638336182,82.30568361282349
83.46451216936111,84.53548783063889
86.36470687389374,82.28429311513901
82.91290235519409,82.92109763622284
84.49709761142731,82.96590238809586
95.4152963757515,97.01070362329483
85.33250325918198,84.01949673891068
93.13969957828522,86.10130041837692
85.28089594841003,82.38610404729843
83.92009109258652,88.0969089269638
84.43128657341003,82.91971343755722
90.7014844417572,83.205515563488
89.24868500232697,83.06531500816345
86.27788251638412,84.61111748218536
93.60407841205597,85.93392157554626
86.28127318620682,83.88572680950165
84.16146993637085,82.55953007936478
83.85766589641571,84.49333411455154
85.46186119318008,85.68613880872726
86.19405698776245,84.02894300222397
85.24225252866745,82.34974747896194
98.06745225191116,108.21054774522781
85.18965870141983,84.53234130144119
92.68185532093048,86.96614468097687
84.4330518245697,85.2709481716156
83.36924701929092,89.50075298547745
83.62044459581375,82.34255540370941
91.16864228248596,88.25735771656036
84.29084199666977,82.70915800333023
83.9860372543335,85.69896274805069
95.77423292398453,88.50376707315445
86.32242774963379,83.270572245121
86.8516235947609,83.27837640047073
84.10282015800476,84.3601798415184
85.35401511192322,82.6639848947525
85.69921046495438,83.67278951406479
90.5054081082344,91.88359189033508
94.92360860109329,98.26239138841629
88.17480725049973,85.02919274568558
93.83400678634644,88.27799320220947
84.73320358991623,85.50779640674591
83.61439895629883,87.55260103940964
85.32859492301941,83.04140508174896
91.56179338693619,86.36420661211014
84.9049933552742,85.44600665569305
94.12018930912018,85.08381068706512
92.70438504219055,83.20261496305466
85.28958010673523,83.32141989469528
87.9107763171196,85.0892236828804
90.36597293615341,86.80102705955505
85.10016906261444,83.19683092832565
85.98036515712738,96.16763484477997
87.34256213903427,83.80543786287308
83.70575803518295,88.92424196004868
83.8639566898346,84.00604331493378
94.39415645599365,91.55084353685379
86.1823536157608,82.00264638662338
84.4695491194725,86.9374508857727
86.14774489402771,87.2592551112175
94.12094354629517,89.41605645418167
93.4651460647583,86.38685393333435
82.29134315252304,84.50465685129166
93.26453852653503,82.80946147441864
85.9047338962555,85.96626609563828
86.89693087339401,82.62106913328171
87.01812702417374,85.05487298965454
85.67732292413712,82.48867708444595
82.96651768684387,82.29348230361938
86.73571360111237,85.91228640079498
84.65390992164612,84.40109008550644
89.46110755205154,86.42789244651794
91.3233072757721,87.41769272089005
85.00050365924835,83.147496342659
84.38269937038422,87.1363006234169
85.07789522409439,82.60810476541519
102.25509560108185,101.37490439414978
87.58030605316162,83.86369395256042
85.49850326776505,84.945496737957
93.6756996512413,83.71330034732819
84.7608951330185,83.48010486364365
87.34509092569351,84.5619090795517
85.26328808069229,87.68071192502975
85.32948392629623,82.42851608991623
84.58167964220047,83.84532034397125
85.94387584924698,82.90812414884567
84.41807216405869,83.91592782735825
90.8352701663971,89.36872982978821
89.10547244548798,86.22752755880356
103.41267466545105,101.31032532453537
99.10788804292679,106.4841119647026
84.61909526586533,82.91790473461151
102.94429475069046,104.70270526409149
86.1215049624443,83.74849504232407
87.1517014503479,88.57129853963852
99.82789766788483,87.28310233354568
85.82109332084656,82.86390668153763
87.42428916692734,87.9087108373642
84.08248507976532,84.54651492834091
84.61267906427383,84.1283209323883
83.19687384366989,82.17312616109848
85.76306915283203,85.10793083906174
83.82926434278488,86.76373565196991
98.67346286773682,94.8455371260643
87.924669444561,87.05733054876328
86.04586511850357,85.8241348862648
84.37206053733826,86.35093945264816
85.8822551369667,82.63574486970901
103.50445359945297,104.34754639863968
86.08866328001022,84.15133672952652
84.58185887336731,89.34514111280441
95.12905430793762,82.85294568538666
83.67724853754044,84.0647514462471
86.78044366836548,86.42455631494522
84.84663927555084,85.00536072254181
84.98683446645737,82.29116553068161
83.53403007984161,83.03996992111206
84.24922490119934,82.80677509307861
84.07441973686218,86.77758026123047
95.6216185092926,94.76738148927689
87.76182508468628,90.66417491436005
83.81002068519592,86.9129793047905
84.26521599292755,87.93878400325775
83.62741112709045,81.57658886909485
101.47060978412628,100.91739022731781
85.2778195142746,82.20318049192429
84.91801530122757,88.34098470211029
94.11421036720276,83.83078968524933
86.94040495157242,83.24459505081177
86.95060056447983,85.66039943695068
86.68379890918732,85.09420108795166
83.17599385976791,81.95400613546371
83.66818863153458,82.62781137228012
84.71538454294205,83.39561545848846
89.41157972812653,88.12542027235031
96.75478011369705,95.20721989870071
89.65598791837692,87.88101208209991
84.81418389081955,86.50081610679626
87.1023787856102,89.76862120628357
82.16957318782806,82.72042679786682
89.17977023124695,92.78322976827621
88.67197126150131,83.05102872848511
86.01617020368576,86.70682978630066
95.65636599063873,83.27063399553299
84.59156048297882,83.20343953371048
86.71475899219513,89.23024100065231
86.16895514726639,83.5160448551178
82.3281501531601,82.57984983921051
83.17234534025192,82.10465466976166
85.33154118061066,82.46545881032944
84.30473637580872,87.12126362323761
94.40793585777283,101.11106413602829
94.17714202404022,89.21085798740387
84.94834232330322,85.03365767002106
82.94053786993027,87.98646211624146
85.28373265266418,84.08626735210419
84.31292736530304,84.07607263326645
87.12012422084808,84.6568757891655
84.8533234000206,93.6466765999794
101.21552002429962,94.33947998285294
82.65171730518341,83.60728269815445
88.60791260004044,86.04108738899231
86.98810869455338,85.60389131307602
82.3323038816452,83.48269611597061
88.17649799585342,84.39750200510025
83.40969276428223,85.46130722761154
83.51188719272614,90.30211281776428
83.48608195781708,83.71791803836823
92.01527881622314,90.7247211933136
84.58147805929184,86.34352195262909
84.46267354488373,87.07432645559311
84.23186838626862,83.60013163089752
86.09506320953369,83.60893678665161
91.06826013326645,88.19073987007141
85.0984617471695,89.01253825426102
93.18265771865845,85.02134227752686
92.65585488080978,92.25114512443542
86.74105054140091,86.29594945907593
87.12224674224854,85.37775325775146
88.65144169330597,88.5155583024025
82.58863687515259,83.94936311244965
85.3768322467804,84.0121677517891
83.29402786493301,88.88997215032578
84.80522245168686,84.41777753829956
94.53741937875748,90.99958062171936
84.86361861228943,87.71038138866425
86.61581391096115,87.62618607282639
91.60700851678848,89.20699149370193
84.78420341014862,84.12279659509659
93.94339978694916,86.8156002163887
85.69459956884384,89.43540042638779
85.11279517412186,84.88620483875275
90.91999006271362,89.3020099401474
87.52318614721298,86.97781383991241
87.14438211917877,86.18861788511276
88.11857724189758,91.80742275714874
83.11077189445496,83.2412281036377
83.28796750307083,84.47103250026703
82.24316316843033,88.01683682203293
82.03135776519775,83.37564224004745
93.93155485391617,94.62444514036179
83.33075475692749,86.92824524641037
83.54495042562485,87.38004958629608
90.16714537143707,90.66685461997986
84.65934193134308,86.47065806388855
93.46553945541382,95.49746054410934
87.12474250793457,90.00425750017166
86.32093822956085,84.36506175994873
89.94213318824768,85.72386682033539
91.04533243179321,87.1576675772667
85.16752851009369,85.8134714961052
82.60372287034988,85.39627712965012
82.26291805505753,83.73708194494247
86.60711359977722,86.46688640117645
82.46930980682373,87.97569018602371
83.99850398302078,83.9824960231781
97.28770214319229,96.78729784488678
85.46490627527237,86.27609372138977
84.75310224294662,87.89489775896072
83.35629785060883,85.71770215034485
83.44149267673492,83.65150731801987
99.71069127321243,99.86230874061584
85.09189945459366,89.44510054588318
90.58409529924393,90.1379047036171
85.13229042291641,86.34970957040787
87.99448698759079,86.50551301240921
85.7086831331253,89.9023168683052
83.75587850809097,87.15012151002884
84.34107345342636,84.47292655706406
84.90726870298386,84.53673130273819
84.75146383047104,88.13653618097305
83.74365842342377,84.57134157419205
98.90285742282867,98.93114256858826
85.67306447029114,87.3649355173111
84.40525996685028,89.24274003505707
83.1934545636177,85.28754544258118
85.03864926099777,86.87035071849823
101.75184768438339,100.09915232658386
84.83705711364746,90.38494288921356
85.42225283384323,84.76374715566635
85.87644749879837,84.62355250120163
86.25764298439026,86.39035701751709
84.1948390007019,85.58416098356247
82.68703377246857,86.12896621227264
83.47522807121277,88.4877719283104
83.96742355823517,83.6995764374733
82.97861909866333,87.80038088560104
83.61781412363052,84.25218588113785
98.37001347541809,97.5189865231514
85.25122082233429,90.28577917814255
85.18741673231125,88.68258327245712
82.06861162185669,86.30238837003708
84.28280621767044,84.29119378328323
104.16400474309921,99.16899526119232
84.80421561002731,89.73378437757492
86.6844111084938,84.221588909626
85.67760628461838,85.17539370059967
98.81780219078064,87.20019781589508
85.66099840402603,86.04200160503387
85.5981929898262,90.6978070139885
84.34938740730286,83.28061258792877
84.84158283472061,83.88041716814041
83.99977803230286,88.79522198438644
83.62197268009186,84.2300273180008
85.27337783575058,89.05962216854095
84.43157404661179,88.93742597103119
82.84976923465729,87.57523077726364
84.95396399497986,84.41703599691391
101.74216520786285,99.86883479356766
86.54937452077866,91.98762547969818
86.33757102489471,85.36642897129059
84.69976830482483,83.35623168945312
87.8039647936821,88.12303519248962
88.01716142892838,86.03783857822418
87.19535565376282,89.30564433336258
88.72455018758774,85.40544980764389
85.56874579191208,84.56125420331955
91.41294062137604,94.90205937623978
85.84913635253906,84.68786364793777
89.54533249139786,92.52966749668121
90.68553149700165,88.166468501091
84.86173176765442,89.39726823568344
88.70592844486237,86.164071559906
84.64312601089478,84.28387397527695
83.8763210773468,87.58667892217636
87.46151852607727,89.59448146820068
92.13871747255325,88.65828251838684
84.38991451263428,85.92608547210693
94.01111072301865,90.24788928031921
87.44730758666992,86.29269242286682
82.53250360488892,83.72649639844894
85.89569854736328,83.23430144786835
85.72089385986328,83.68710613250732
85.54609024524689,85.36090975999832
83.07528513669968,83.73971486091614
86.86347979307175,89.52452021837234
89.31867760419846,86.5333223938942
85.29287737607956,88.09612262248993
82.63607406616211,84.58592593669891
83.88726913928986,83.9647308588028
84.9544643163681,85.37853568792343
88.39066195487976,90.0723380446434
86.21586155891418,85.04313844442368
84.41205883026123,84.0139411687851
84.58925497531891,84.65074503421783
86.84145134687424,85.25154864788055
82.79564726352692,84.59335273504257
83.82484209537506,83.91615790128708
85.87303757667542,87.42396241426468
84.12423342466354,87.46876657009125
86.46842867136002,84.03157132863998
84.73862385749817,83.74337613582611
91.52682107686996,86.67717891931534
85.64902150630951,91.14797848463058
82.62221813201904,85.04478186368942
84.83641338348389,85.51558661460876
86.55160820484161,86.54139178991318
85.32080644369125,89.04919356107712
83.81300592422485,84.11299407482147
86.62020218372345,85.2317978143692
89.9083993434906,84.24060064554214
85.4925948381424,88.48840516805649
86.33779245615005,89.23620754480362
84.45898705720901,85.13401293754578
86.21018260717392,85.2158173918724
84.16537880897522,85.7606211900711
82.84257352352142,87.12042647600174
86.22376865148544,84.49823135137558
90.41896688938141,92.1910331249237
86.30016708374023,88.97683292627335
83.70036578178406,85.7626342177391
82.87856078147888,86.02943921089172
86.38875639438629,84.85224360227585
91.2879553437233,91.58204466104507
84.8171558380127,84.92384415864944
88.62335097789764,85.76464903354645
84.83854806423187,84.64245194196701
87.552743434906,86.20625656843185
88.97093892097473,90.14006108045578
84.59213423728943,84.7408657670021
85.25232940912247,86.19267058372498
84.89252489805222,86.82947510480881
84.36571967601776,83.28228032588959
85.67191475629807,86.38308525085449
94.60911476612091,93.61288523674011
85.1203224658966,90.12067753076553
83.72351938486099,84.22148060798645
83.45671427249908,83.34028571844101
84.78190898895264,84.14509099721909
99.681107878685,100.09689211845398
89.15531498193741,92.21568500995636
85.92451101541519,86.09348899126053
85.3987067937851,86.1012932062149
85.01990193128586,86.31309807300568
86.54909759759903,84.22890239953995
85.48629277944565,85.34770721197128
87.27348798513412,83.9485120177269
84.97068393230438,84.73431605100632
84.1478790640831,85.88912093639374
84.91707366704941,83.71192634105682
94.46527343988419,94.84972655773163
86.9204792380333,90.76452076435089
84.74567544460297,85.73532456159592
84.40487045049667,84.09612953662872
87.24806606769562,85.23193395137787
102.59326636791229,102.51873362064362
86.91747522354126,85.60052478313446
92.50267142057419,90.29332858324051
85.47686821222305,85.93113178014755
85.06106382608414,86.16093617677689
84.7752600312233,86.5207399725914
84.91645526885986,84.52854472398758
84.33465093374252,85.35134905576706
83.04784661531448,87.58115339279175
83.72604131698608,84.88495868444443
85.57023906707764,83.98576092720032
95.39543706178665,93.56756293773651
85.0356433391571,89.77935665845871
85.04584032297134,83.88015967607498
83.87203538417816,87.51696461439133
85.62323045730591,85.22876954078674
102.09642958641052,101.08857041597366
83.64463895559311,85.31836104393005
84.61883443593979,85.67716556787491
85.61103039979935,84.48296958208084
86.04722547531128,85.95377451181412
88.16842091083527,90.51657909154892
83.86461573839188,83.93138426542282
87.85681068897247,85.69818931818008
88.33100682497025,86.68899315595627
83.43420606851578,83.12179392576218
81.92640137672424,84.14859861135483
92.95460087060928,106.89639914035797
89.52180743217468,93.68219256401062
84.64300590753555,84.63499408960342
85.74620163440704,83.42079836130142
85.20139664411545,84.48360335826874
101.80459612607956,102.3624038696289
85.22280460596085,86.70319539308548
84.93700075149536,89.78499925136566
86.05819714069366,85.75580286979675
85.84739190340042,86.48560810089111
88.17358762025833,89.4564123749733
83.42478281259537,84.33521717786789
84.19497799873352,84.17602199316025
85.81617361307144,88.2208263874054
83.64136868715286,84.59963130950928
83.1525639295578,91.40243607759476
85.10775953531265,86.33724045753479
92.24795746803284,91.01204252243042
85.38815724849701,84.35284274816513
83.9733527302742,83.71264725923538
86.70554780960083,86.99745219945908
99.9567500948906,109.89524990320206
85.70896005630493,87.88403993844986
86.83015727996826,85.79984271526337
84.61835408210754,84.75064593553543
85.46254909038544,87.0744509100914
81.7697446346283,84.28525537252426
82.65093946456909,83.05306053161621
85.56913495063782,84.22786504030228
85.98633080720901,85.10566920042038
91.5355269908905,84.65047299861908
83.65672171115875,83.88027828931808
90.82613521814346,95.08086478710175
85.00333821773529,85.60766178369522
83.66253399848938,86.98546600341797
81.987728536129,84.66027146577835
84.29492425918579,86.05707573890686
88.80512195825577,86.34287804365158
87.53832149505615,89.73967850208282
86.17851853370667,85.74748146533966
83.8007173538208,86.84828263521194
102.84791427850723,96.41108572483063
85.13610935211182,84.21489065885544
86.31430470943451,85.01869529485703
84.82450067996979,86.82349932193756
84.03869587182999,84.12730413675308
86.06789118051529,84.74710881710052
85.0230861902237,87.01391381025314
89.94128322601318,93.46671676635742
84.95148360729218,84.14051640033722
83.37067902088165,88.44432097673416
82.17687350511551,85.71112650632858
85.04006916284561,84.79393082857132
90.43926697969437,88.09773302078247
90.07946699857712,87.6425330042839
89.20066380500793,84.70533621311188
90.17485910654068,88.64014089107513
90.83405488729477,88.55494511127472
84.12224996089935,83.89675003290176
92.41044503450394,85.25655496120453
84.27364039421082,87.041359603405
84.76483535766602,84.90116465091705
83.94203078746796,85.27896922826767
87.32422584295273,83.91777414083481
95.27842444181442,95.97957557439804
84.73363012075424,84.96936988830566
82.91082626581192,83.49617373943329
82.07002121210098,84.39297878742218
82.67421656847,86.2337834239006
88.75741404294968,88.29658597707748
84.86161488294601,88.10138511657715
84.16881150007248,89.5171884894371
85.25300639867783,91.52399361133575
87.94920217990875,87.53279781341553
83.77439737319946,83.6886026263237
84.87759274244308,83.69540727138519
83.7587879896164,86.29721200466156
83.82498300075531,84.67501699924469
84.83517801761627,84.42382198572159
85.82837450504303,86.44962549209595
111.5235750079155,99.62342500686646
84.51578289270401,86.98421710729599
84.41597878932953,86.47302120923996
83.7411739230156,84.90682607889175
83.54836875200272,87.87763124704361
95.4105657339096,93.64543426036835
93.49576592445374,86.1342340707779
86.48696607351303,84.03203392028809
84.92316120862961,87.83483880758286
85.95335680246353,85.6766431927681
83.94555217027664,83.4994478225708
85.27074724435806,84.32225275039673
84.22594255208969,85.27405744791031
83.99613744020462,83.57786256074905
83.5813330411911,83.60466694831848
84.88752830028534,86.61247169971466
95.62072658538818,96.54627341032028
85.79793357849121,85.35006642341614
84.3831297159195,83.96887028217316
83.05932492017746,86.95767509937286
83.99652063846588,85.70747935771942
103.47071933746338,99.90028065443039
88.51793074607849,92.03806924819946
85.21412885189056,84.73087114095688
87.07632410526276,87.14667588472366
85.64251989126205,85.46848011016846
83.70871496200562,84.92028504610062
84.86791026592255,83.96508973836899
82.50810521841049,90.7878947854042
84.20330041646957,83.88869959115982
88.75149565935135,91.91450434923172
83.31769037246704,85.16330963373184
95.8838899731636,100.59711003303528
85.87609785795212,86.04990214109421
85.5712942481041,85.03970575332642
82.91548979282379,84.73151022195816
86.07468503713608,86.31431496143341
101.99288606643677,101.84111392498016
87.74509745836258,92.95890253782272
85.92129570245743,85.11570429801941
93.76549065113068,92.32650935649872
92.36868607997894,90.55631393194199
85.54588109254837,84.0281189084053
91.390076816082,91.8129231929779
91.79027259349823,92.46972739696503
84.65246778726578,84.79153221845627
89.1636626124382,89.48533737659454
84.15585803985596,83.8081419467926
92.48105317354202,93.16694682836533
91.39925140142441,87.61974859237671
84.42745178937912,83.42354822158813
86.90164744853973,90.91335254907608
83.87484240531921,85.66215759515762
99.2750409245491,102.00295907258987
94.47025281190872,100.65874719619751
90.59245091676712,91.61054909229279
93.21464729309082,91.72935271263123
89.20684307813644,88.66315692663193
85.66203790903091,86.13496208190918
90.96923297643661,88.58676701784134
83.2754277586937,87.00157225131989
86.98962253332138,83.67637747526169
89.79681831598282,88.88818168640137
85.40001356601715,84.0439864397049
94.41120857000351,93.18179142475128
90.32940691709518,87.68959307670593
85.28360766172409,84.10439234972
87.34980261325836,90.53819739818573
84.97199696302414,86.32400304079056
103.64919757843018,101.49880242347717
94.45640885829926,93.48759114742279
86.35560685396194,84.75539314746857
90.5518017411232,91.07719826698303
86.78499782085419,85.03000217676163
86.44419348239899,84.96380650997162
88.4543896317482,95.00861036777496
81.74258452653885,84.75741547346115
82.49477952718735,85.13522046804428
87.13497477769852,88.92102521657944
84.31216949224472,87.15183049440384
91.80336439609528,89.80663561820984
95.35156267881393,87.05543732643127
85.10276448726654,83.32223552465439
88.14995950460434,88.90504050254822
83.69815438985825,96.57984560728073
101.33835357427597,101.05064642429352
96.20156401395798,96.076435983181
84.93376404047012,86.7882359623909
93.49996107816696,92.48103892803192
84.17815750837326,89.11884248256683
84.2253525853157,83.99664741754532
93.84754770994186,91.07845228910446
83.74674218893051,87.73425781726837
84.49893748760223,85.48306250572205
88.87913316488266,88.76886683702469
85.8163310289383,84.66566896438599
91.32752674818039,90.39547324180603
90.18972527980804,93.36627471446991
84.79292649030685,86.35607349872589
96.5071222782135,90.52987772226334
84.64731800556183,88.37068200111389
83.34351325035095,84.10148674249649
95.3347116112709,95.99828839302063
85.93891245126724,85.74608755111694
93.13410753011703,93.73589247465134
88.07130348682404,89.94769650697708
85.13749867677689,83.43650132417679
78.27769404649734,83.75930595397949
89.65888887643814,89.0831111073494
84.85408371686935,83.9049162864685
85.4952791929245,83.76372081041336
84.35747474431992,84.60652524232864
86.07167202234268,85.50232797861099
95.54487234354019,100.7511276602745
85.50008004903793,85.36991995573044
83.32627660036087,86.15472340583801
83.4294718503952,86.66352814435959
85.01366770267487,84.52333229780197
92.7278659939766,91.5681340098381
83.23906707763672,86.66793292760849
84.06426155567169,86.84273844957352
88.6494574546814,88.70254254341125
85.38165295124054,85.84034705162048
86.00384813547134,84.71815186738968
83.73704344034195,85.9109565615654
87.39623808860779,84.21576189994812
83.40643340349197,86.83356660604477
83.95463067293167,86.87936931848526
84.68682593107224,84.97917407751083
94.60502588748932,104.50597411394119
83.4122309088707,85.55076909065247
83.03342658281326,87.15057343244553
84.65562164783478,85.8263783454895
83.70281684398651,83.55618315935135
93.01101583242416,91.52698415517807
84.41021746397018,84.99778252840042
85.73541218042374,87.72758781909943
86.20860815048218,84.69839185476303
83.77480328083038,85.4101967215538
85.34199869632721,83.3620012998581
84.07519394159317,86.12980604171753
83.9363888502121,83.17461115121841
86.18858414888382,83.94141584634781
84.40277987718582,84.63422012329102
85.41397505998611,87.03102493286133
94.68317633867264,95.11382365226746
84.0643817782402,84.99161821603775
83.83357757329941,84.85042244195938
82.51177263259888,85.85922735929489
83.5969672203064,85.25503277778625
92.16316545009613,93.31883454322815
85.63536667823792,86.14163333177567
84.86856240034103,87.74143761396408
86.97275918722153,85.34324079751968
85.88995504379272,84.96104496717453
85.36415094137192,85.2468490600586
84.24534630775452,87.53265368938446
85.052541077137,85.947458922863
83.74773693084717,84.19626307487488
85.48093181848526,84.14806818962097
83.01012670993805,88.9348732829094
94.63132590055466,103.18267410993576
87.69753354787827,89.04246646165848
83.7267330288887,87.88326698541641
81.99792861938477,86.33607137203217
84.65612351894379,85.436876475811
106.77832269668579,100.79667729139328
82.3635311126709,85.4334688782692
85.37372642755508,86.64527356624603
91.4399219751358,90.54107803106308
86.02411705255508,84.03088295459747
83.31231242418289,84.7796875834465
81.56451016664505,86.4914898276329
84.09270536899567,84.29529464244843
85.15990114212036,83.61809885501862
83.28109699487686,87.58890300989151
86.3842922449112,87.42970776557922
82.80348807573318,84.77151191234589
89.49868506193161,85.96431493759155
84.71288502216339,88.63911497592926
86.1490808725357,86.07191914319992
84.29027634859085,84.59872364997864
84.92268538475037,87.5413146018982
88.34088069200516,85.75211930274963
90.53607672452927,88.48292326927185
86.3992720246315,84.87872797250748
82.5014705657959,87.12752944231033
83.67966568470001,85.4313343167305
84.67185986042023,83.8461401462555
85.01605594158173,85.46594405174255
84.02625101804733,84.34474897384644
84.98144602775574,85.61155396699905
86.23264211416245,84.5083578824997
91.18784034252167,90.386159658432
83.99504065513611,84.89395934343338
84.09823620319366,85.8637638092041
84.05343103408813,83.76156896352768
86.12984073162079,87.44415926933289
86.16003650426865,87.50696349143982
84.26223140954971,84.66376858949661
85.82942974567413,88.07757025957108
83.46962535381317,84.25337463617325
82.99882066249847,86.5761793255806
83.75001591444016,84.54598408937454
83.76021188497543,84.94278812408447
84.58640718460083,84.41359281539917
85.1516021490097,87.06939786672592
83.32979732751846,83.50320267677307
92.37699389457703,87.51100611686707
85.38819360733032,84.8338063955307
84.38038903474808,87.73061096668243
83.8715837597847,84.14541625976562
83.67199128866196,86.77300870418549
85.59018641710281,86.7258135676384
85.48938167095184,84.41861832141876
85.14757657051086,84.20342344045639
82.97377264499664,86.08222734928131
85.15096807479858,88.46103191375732
84.05016261339188,84.33783739805222
92.70935952663422,94.99364048242569
86.38655483722687,85.4844451546669
86.02775007486343,84.91724991798401
83.40794563293457,84.49905437231064
93.28914457559586,94.95185542106628
87.18835031986237,89.81164968013763
85.0695458650589,86.11545413732529
84.24674093723297,83.73525905609131
88.63814812898636,88.25085186958313
85.6303499341011,87.09165006875992
90.56754493713379,92.1184550523758
83.98574012517929,87.3112598657608
83.1439356803894,84.22606432437897
85.45213085412979,87.4378691315651
83.92532551288605,84.37167447805405
84.13952094316483,86.17547905445099
84.98371613025665,86.53528386354446
86.38291102647781,86.37708896398544
84.3561065196991,85.031893491745
97.25530570745468,95.90969431400299
82.37851333618164,85.84348666667938
85.814708173275,88.05629181861877
84.12190306186676,85.23009693622589
99.33609920740128,95.40490078926086
90.17929768562317,88.24670231342316
88.70849752426147,86.0685024857521
91.2376937866211,88.90930622816086
84.17488867044449,85.39911133050919
83.33408534526825,85.53591465950012
84.43728023767471,88.63671976327896
84.44847524166107,84.14452475309372
83.43967092037201,87.54132908582687
83.87586843967438,85.01213157176971
90.14606541395187,87.14993458986282
83.95326441526413,83.54673558473587
95.59346359968185,93.49853640794754
88.73367154598236,88.58132845163345
84.80086731910706,86.51513266563416
87.38506263494492,85.1339373588562
99.95125824213028,94.93774175643921
90.85045647621155,88.63054352998734
85.99165642261505,88.41634356975555
83.53885161876678,84.40514838695526
84.95704644918442,85.78295356035233
84.5602433681488,85.23675662279129
85.68243879079819,84.9105612039566
85.22963428497314,83.27036571502686
84.44383001327515,83.87116998434067
83.9730252623558,85.19397473335266
85.20622026920319,85.07177972793579
83.49441576004028,85.09858423471451
93.11561423540115,109.62438577413559
88.49782055616379,85.48417943716049
85.50801688432693,86.15898311138153
85.31521171331406,83.68478828668594
99.97340804338455,92.84059196710587
91.280606508255,88.29239350557327
86.6058064699173,86.85719352960587
83.98800158500671,83.77099841833115
83.9431962966919,84.61280369758606
85.39839255809784,85.91660743951797
89.2605876326561,93.86941236257553
84.01178312301636,84.91421687602997
84.87397879362106,84.60702121257782
84.20017403364182,84.05882596969604
88.02536910772324,86.67863088846207
84.22156447172165,84.85343551635742
87.69476264715195,97.26923733949661
94.20596385002136,87.31303614377975
84.12316274642944,87.67283725738525
88.50535744428635,83.9406425356865
99.75555694103241,94.1514430642128
92.04375582933426,96.78924417495728
85.23995751142502,89.96404248476028
91.91715413331985,90.50784587860107
88.74234920740128,84.29365080595016
83.21754479408264,84.1354551911354
85.06074070930481,86.42125928401947
86.68293714523315,87.11406284570694
85.65613514184952,86.34386485815048
83.75933128595352,83.4626687169075
85.10352629423141,85.76747369766235
84.63272142410278,83.8482785820961
83.79191607236862,84.74508392810822
94.0051138997078,89.01188611984253
83.75731247663498,88.35468751192093
85.19351077079773,85.97248923778534
99.37170720100403,94.09229278564453
101.51190781593323,98.87809216976166
85.87411665916443,89.36588335037231
90.97731280326843,88.13368719816208
87.3765087723732,84.51249122619629
84.31370639801025,85.16829359531403
84.15790194272995,87.47209805250168
85.13109761476517,85.21990239620209
84.25229358673096,83.45070642232895
84.13448852300644,83.38451147079468
84.34768390655518,85.57731610536575
85.54387891292572,87.08512109518051
84.22107362747192,84.14892637729645
98.52827173471451,89.6747282743454
84.81647354364395,85.96052646636963
87.73466873168945,87.76533126831055
105.15286481380463,97.4761351943016
100.97906494140625,99.68793505430222
86.95227402448654,90.17772597074509
85.33347028493881,85.46252971887589
85.64066529273987,85.56333470344543
83.44786077737808,84.99713921546936
85.53205585479736,86.52394413948059
83.56125104427338,84.45674896240234
83.42444676160812,84.61255323886871
83.82364249229431,83.86235749721527
84.92683750391006,85.59216248989105
85.15903282165527,84.6189671754837
84.31822770833969,84.44077229499817
97.47642803192139,94.4115719795227
83.83962935209274,88.38237065076828
86.75782442092896,85.57517558336258
104.60102146863937,94.21297854185104
100.7602214217186,99.4437785744667
86.47543048858643,87.52456951141357
85.80062621831894,84.47737377882004
85.8668218255043,83.67017817497253
84.15501832962036,90.67798167467117
84.29521304368973,87.24178695678711
85.58340781927109,83.804592192173
83.68760305643082,83.8313969373703
83.54979860782623,84.02420139312744
84.72699373960495,85.84700626134872
85.79318881034851,85.15181118249893
84.91538769006729,84.54861229658127
101.53658699989319,97.66641300916672
84.88079380989075,88.28620618581772
84.55798923969269,85.18301075696945
100.2911856174469,96.35681438446045
105.61638522148132,105.43861478567123
86.92459440231323,91.09440559148788
92.91579043865204,90.8252095580101
87.94498550891876,88.3140144944191
83.93718200922012,83.4888179898262
84.61437857151031,85.10762143135071
85.05157363414764,86.0974263548851
84.65376925468445,86.67923074960709
85.10996413230896,84.70603585243225
84.93516039848328,87.47183960676193
83.4083554148674,83.96164458990097
78.82654994726181,83.39545005559921
100.61474931240082,101.92225068807602
83.81095504760742,89.33704495429993
84.5251504778862,85.19684952497482
102.6843473315239,99.75965267419815
95.34354585409164,96.52745413780212
93.20574986934662,89.94225013256073
90.03094899654388,97.85705101490021
85.06014358997345,85.10685640573502
84.18234026432037,87.67065972089767
82.82253569364548,86.49246430397034
82.03673040866852,84.59226959943771
83.4919261932373,86.06307381391525
85.61412221193314,84.31187778711319
84.99431782960892,88.24668216705322
83.78351277112961,84.67948722839355
84.49770766496658,83.87229233980179
99.87790602445602,97.12209397554398
84.94511216878891,88.88888782262802
85.15830856561661,87.30369138717651
99.74450570344925,94.36749428510666
86.45870196819305,84.0962980389595
94.54290038347244,93.64209961891174
88.48010063171387,83.66789937019348
84.82429599761963,84.78770399093628
84.14949190616608,84.10950809717178
83.27068746089935,86.76631253957748
85.20788240432739,83.14411759376526
84.38507807254791,84.39292192459106
83.95127308368683,84.06772691011429
85.88746935129166,87.40853065252304
84.02866417169571,85.47233581542969
84.2428589463234,88.2571410536766
100.9200576543808,94.02494233846664
88.2262659072876,87.49573409557343
85.08946406841278,84.5955359339714
100.41466104984283,95.84433895349503
86.94385802745819,84.98214197158813
99.52905642986298,100.02694356441498
85.00225573778152,86.03474426269531
85.55045056343079,87.32054942846298
83.98764717578888,87.14335280656815
83.96084237098694,86.55815762281418
83.89703810214996,86.73196190595627
84.90723383426666,85.33276617527008
86.01043164730072,86.26656836271286
87.63262724876404,86.6073727607727
83.93982285261154,85.0041771531105
83.63501816987991,84.71698182821274
91.6462140083313,84.98278599977493
91.8424122929573,94.0655876994133
84.74161142110825,87.35138857364655
100.80880773067474,95.54319226741791
84.61500465869904,84.90399533510208
91.44120335578918,94.11579662561417
93.09940356016159,90.45659643411636
82.79459941387177,84.14940059185028
85.13979482650757,84.08320516347885
87.59398990869522,86.07201009988785
85.67918705940247,85.3958129286766
84.33838194608688,83.49561804533005
94.1625771522522,84.16942286491394
83.82177400588989,87.04822599887848
82.88796907663345,84.4640309214592
85.15816414356232,83.34083586931229
88.8913608789444,84.62763911485672
89.08655840158463,91.15344160795212
88.28275763988495,85.99524235725403
100.96095371246338,96.9290462732315
85.36015045642853,84.9738495349884
94.70434921979904,99.61065077781677
91.30655282735825,91.19244718551636
85.29874837398529,85.01525163650513
84.21694511175156,85.39405488967896
85.19114309549332,86.49385690689087
85.07133859395981,83.96466141939163
82.97153359651566,93.30646640062332
87.59372854232788,84.11027145385742
82.5119241476059,85.95107585191727
84.7451194524765,84.81088054180145
85.08831399679184,84.42968600988388
89.43250966072083,84.4934903383255
92.36870628595352,93.00129371881485
86.87990629673004,85.17609369754791
102.07510250806808,93.96189749240875
84.30829918384552,84.69170081615448
100.17149865627289,101.64450132846832
86.79270666837692,87.67029333114624
84.67390304803848,86.47509694099426
85.61010122299194,84.88989877700806
84.95429688692093,87.52770310640335
85.5214918255806,90.72050815820694
82.51368659734726,84.41231340169907
86.70888084173203,87.03211915493011
87.22007715702057,90.09592282772064
83.95227265357971,83.54772734642029
83.4634672999382,83.72253268957138
89.2516638636589,85.06333613395691
93.11486214399338,97.01513785123825
88.90206515789032,89.54193484783173
100.04326218366623,96.66073781251907
85.29445844888687,85.44654154777527
103.10065788030624,105.36234211921692
87.68586778640747,87.01813220977783
85.08506554365158,85.35893446207047
85.07726335525513,85.12573665380478
86.3474583029747,86.55954170227051
84.26565325260162,84.77134674787521
82.59084796905518,84.81615203619003
86.52804362773895,90.2319563627243
83.29823970794678,85.64676028490067
85.03043532371521,83.19156467914581
84.42963027954102,84.32836973667145
88.40382581949234,85.20717418193817
94.74702560901642,101.25197440385818
85.92523175477982,87.1857682466507
101.7694280743599,95.76757192611694
83.79862409830093,84.79437589645386
103.12382286787033,105.98717713356018
91.560034096241,91.77196592092514
85.47822964191437,87.94777035713196
83.7674251794815,84.36257481575012
82.35162049531937,85.00037950277328
84.41781598329544,84.78518402576447
83.81701165437698,87.08998835086823
86.30920708179474,84.57879292964935
82.57940405607224,87.1615959405899
83.97859913110733,84.24340087175369
85.50879389047623,84.36120611429214
90.25998961925507,89.05501037836075
93.21518903970718,100.65481096506119
85.46639508008957,88.34860491752625
103.34659135341644,96.61540865898132
88.96978747844696,84.80921250581741
99.99798810482025,104.72301191091537
110.2121974825859,103.86180251836777
85.07539403438568,87.05360597372055
84.1235910654068,86.19140893220901
83.74478644132614,86.2922135591507
85.32898145914078,85.56001853942871
85.7481763958931,83.51082360744476
86.14737164974213,84.29762834310532
84.26856768131256,85.87843233346939
85.85376250743866,83.72023749351501
84.160959482193,85.41304051876068
92.32015585899353,85.7178441286087
94.55235612392426,95.44664388895035
85.06356227397919,86.14043772220612
101.68475872278214,97.07524132728577
86.84395480155945,86.601045191288
107.11415153741837,106.03384846448898
93.93935436010361,87.30164563655853
90.69055396318436,86.88344603776932
83.9047498703003,85.07625013589859
84.87894493341446,85.97405505180359
85.51914048194885,88.4248595237732
84.5293350815773,84.54466491937637
89.33653062582016,85.40446937084198
82.43972736597061,86.89327263832092
84.98692262172699,85.34507739543915
85.33111757040024,83.53788244724274
86.67531329393387,84.00968670845032
96.1865114569664,97.49848854541779
90.78971844911575,86.02528154850006
115.26292032003403,99.23607969284058
94.47811937332153,90.52188062667847
85.22831571102142,85.4926843047142
94.40651339292526,89.20448660850525
86.30571299791336,86.34128701686859
86.40991008281708,88.53508991003036
82.38310700654984,85.46989297866821
86.46730309724808,84.84669691324234
87.23849827051163,88.54050171375275
85.48969322443008,83.64030677080154
83.85188859701157,86.33411139249802
84.49208384752274,84.06391614675522
86.48427903652191,85.34972095489502
92.586474776268,90.35652524232864
83.8206724524498,85.82832753658295
91.25686979293823,89.94713020324707
105.86006981134415,93.76893019676208
92.42626643180847,89.62973356246948
88.95546287298203,93.24853712320328
96.31766086816788,93.7563391327858
85.88486129045486,86.93013870716095
83.54305785894394,87.86394214630127
83.10925316810608,85.35374683141708
103.03764390945435,104.38735610246658
86.90083914995193,84.76616084575653
82.92903608083725,87.95896393060684
83.42223125696182,84.18876874446869
87.32142573595047,83.28957426548004
89.51762121915817,84.74237877130508
84.36182010173798,87.17517989873886
90.98301774263382,89.01698225736618
104.36421793699265,95.74678206443787
85.91241770982742,86.43958228826523
83.34861397743225,85.28138601779938
98.22981137037277,94.16018861532211
84.50001102685928,85.7779889702797
84.76920807361603,88.0637919306755
85.31740379333496,85.12659621238708
84.79059940576553,86.85740059614182
84.4677956700325,85.1242043375969
85.92299342155457,84.9470065832138
82.19318920373917,85.73281079530716
85.16638433933258,83.53661566972733
84.49257898330688,84.37842100858688
91.55877697467804,85.8862230181694
84.56897234916687,85.67202764749527
93.26517152786255,90.3828284740448
105.40537285804749,94.46462714672089
86.10057002305984,84.3424299955368
84.59376579523087,85.90623420476913
98.95696431398392,98.43303567171097
86.33617156744003,84.7918284535408
87.51436799764633,85.76263201236725
84.74756324291229,88.49343675374985
85.03575843572617,84.427241563797
83.82395321130753,83.37904679775238
85.09414780139923,84.20285218954086
83.23434400558472,88.41365599632263
83.22654062509537,86.1444593667984
84.51573807001114,84.9292619228363
88.67393451929092,84.86306548118591
84.75913017988205,86.96386981010437
97.08432847261429,97.11867153644562
104.65053623914719,97.60846376419067
85.71673423051834,84.95026576519012
84.43093007802963,86.62406992912292
99.70112878084183,103.26187121868134
84.91533821821213,86.08466178178787
85.46353554725647,86.01846444606781
83.64073085784912,86.35926914215088
85.42792648077011,83.96007353067398
84.143121778965,84.41287821531296
85.22831702232361,84.40168297290802
83.12751203775406,86.31648796796799
83.86070704460144,83.71329295635223
85.05590206384659,86.18409794569016
88.40109765529633,84.4329023361206
82.94829249382019,85.36670750379562
98.77349138259888,96.67050862312317
104.89569938182831,99.56730061769485
84.1838971376419,84.46410286426544
83.12009304761887,86.41590696573257
86.51150405406952,86.96949595212936
85.09670066833496,85.53329932689667
84.53289604187012,89.70710396766663
84.4510914683342,83.77090853452682
84.20328676700592,84.44571322202682
86.10248160362244,87.34151840209961
82.81767857074738,95.31332141160965
83.43887346982956,83.48712652921677
85.32006853818893,83.23593145608902
89.90526413917542,85.28073585033417
85.41545951366425,86.54854047298431
95.31465834379196,95.81434166431427
105.41786646842957,95.48913353681564
86.91006451845169,85.885935485363
82.43925994634628,85.37474006414413
95.56145894527435,100.7905410528183
81.86866825819016,87.52033174037933
84.9718668460846,85.97213315963745
84.79706478118896,87.53693521022797
84.90026015043259,84.26673984527588
83.33745521306992,84.10754477977753
86.42165118455887,85.85634881258011
83.96984654664993,85.90115344524384
81.73904168605804,84.46395832300186
84.56423622369766,85.9907637834549
86.66843163967133,84.99856835603714
82.7716264128685,86.46937358379364
92.31882429122925,94.77317571640015
104.97803121805191,93.57796877622604
86.60022974014282,84.77077025175095
84.64742493629456,86.2045750617981
100.73162430524826,101.39737570285797
86.50183314085007,86.164166867733
87.32703059911728,85.69096940755844
82.83822673559189,85.4587732553482
84.10842138528824,84.35457861423492
84.19261717796326,86.88138282299042
84.9998128414154,83.98118716478348
83.5100085735321,86.22999143600464
83.02120405435562,83.10779595375061
84.16239887475967,83.6166011095047
88.57959449291229,86.36540549993515
83.8867900967598,84.39120990037918
90.78598707914352,95.95401293039322
86.53039020299911,85.02660977840424
87.1705858707428,86.25641411542892
90.51378208398819,92.74521791934967
89.894984126091,86.58601588010788
84.22018510103226,89.26081490516663
84.26838040351868,85.7136195898056
83.9455760717392,83.62842392921448
84.23377138376236,83.93222862482071
87.1889665722847,86.58903342485428
85.3661624789238,85.33683753013611
85.28435796499252,85.19664204120636
87.03655415773392,83.50044584274292
87.80675053596497,85.13924944400787
85.31594544649124,84.85005456209183
85.58714121580124,84.02485877275467
107.39333909749985,94.31066089868546
85.81153893470764,85.46646106243134
84.13773488998413,85.6952651143074
95.33293002843857,91.90806996822357
92.58412945270538,88.97087055444717
84.35432887077332,86.53467112779617
82.56852453947067,87.65347546339035
84.80172026157379,84.17927974462509
83.20191514492035,84.3540848493576
88.67511057853699,89.08388942480087
83.59230780601501,88.20269221067429
83.43750256299973,84.13749742507935
85.4296977519989,84.4783022403717
88.16289240121841,84.20810759067535
83.2650876045227,84.75291240215302
82.25828331708908,85.00171667337418
111.15648150444031,99.32451850175858
85.22368288040161,85.86931711435318
84.93687897920609,87.11812102794647
90.26307445764542,91.08892554044724
92.99627321958542,94.04072678089142
93.34047412872314,86.91952586174011
84.62866979837418,85.40833020210266
84.361865401268,84.30513459444046
84.29806143045425,84.8499385714531
85.16025644540787,84.78374356031418
84.745452105999,84.88354790210724
85.58964765071869,84.89235234260559
84.30384284257889,84.54815715551376
88.59203791618347,83.9819620847702
84.34323310852051,85.11976689100266
83.44742876291275,83.33057123422623
110.73462784290314,99.17237216234207
85.28283095359802,84.7351690530777
84.49802666902542,86.44697332382202
87.3412219285965,85.51077806949615
93.07442301511765,91.81457698345184
85.82562446594238,84.67337554693222
85.3548196554184,87.05318033695221
82.62501519918442,85.04198479652405
83.93221014738083,85.06878983974457
84.92440503835678,85.27959495782852
84.23060137033463,87.3983986377716
84.66779631376266,83.73920369148254
86.15999108552933,84.41400891542435
87.09618628025055,83.5518137216568
86.57038044929504,84.76361954212189
86.00657624006271,84.6044237613678
112.99877607822418,100.50122392177582
85.36198312044144,87.02801686525345
89.61317956447601,85.92482042312622
82.84537768363953,84.65462231636047
102.13357639312744,99.1994236111641
86.8667853474617,86.81821465492249
84.24798148870468,89.75201851129532
82.46217715740204,84.81582283973694
85.80637234449387,84.58262765407562
85.16856998205185,87.44243001937866
84.14276576042175,86.89523422718048
83.70896089076996,83.36503911018372
85.29315632581711,84.63284367322922
88.30435174703598,87.80664825439453
84.24154651165009,86.59245347976685
83.69574284553528,84.63725715875626
112.33694124221802,104.86805874109268
87.36514663696289,85.67185336351395
84.56134361028671,87.03165638446808
90.90553849935532,89.48346149921417
102.97173696756363,99.93526303768158
83.44594591856003,85.85105407238007
85.1781410574913,85.35885894298553
84.46733695268631,85.03366303443909
84.68153184652328,84.59646815061569
85.33972692489624,85.12327307462692
84.16492336988449,87.05707663297653
83.1761184334755,84.28688156604767
85.59431391954422,84.55468606948853
87.4195094704628,85.21049052476883
84.65270453691483,90.16229546070099
82.05190032720566,84.35609966516495
97.03630930185318,87.50069069862366
85.75050568580627,86.28649431467056
90.68670040369034,88.51629960536957
103.3278996348381,101.28310036659241
84.87510871887207,89.04989129304886
84.59030449390411,86.76169550418854
89.08150035142899,86.15849965810776
82.59269487857819,84.8893051147461
85.71388983726501,90.35911017656326
84.3910853266716,85.12691468000412
84.40228003263474,85.35671997070312
84.04247605800629,83.80852395296097
87.14567095041275,84.18732905387878
84.21186625957489,85.4731337428093
82.44506376981735,84.16593623161316
93.11446875333786,86.8485312461853
84.58866798877716,87.24433201551437
84.0248629450798,84.10513705015182
101.73906195163727,99.01993805170059
85.19427001476288,86.30572998523712
83.90846651792526,85.20253348350525
82.14166212081909,84.46933788061142
84.4298569560051,84.1621430516243
88.29305279254913,85.2439472079277
83.39524930715561,87.14075070619583
83.62844407558441,83.6865559220314
86.71363914012909,85.26836085319519
87.74283397197723,85.77616602182388
81.43902885913849,85.04297113418579
83.89322412014008,84.32877588272095
103.92341989278793,93.05858010053635
97.3966178894043,87.43638211488724
86.38881820440292,89.22218179702759
84.45501470565796,85.0079852938652
102.1692134141922,101.47878658771515
86.439424097538,87.59757590293884
84.57962018251419,85.64237982034683
82.2758156657219,83.91018432378769
84.71201056241989,85.26898944377899
85.649205327034,85.44479465484619
83.52940088510513,86.78559911251068
84.54059606790543,86.31140393018723
85.60679167509079,83.80120831727982
87.9329868555069,86.54901313781738
82.59018194675446,85.9648180603981
82.6203773021698,85.12062269449234
105.70557302236557,92.62842696905136
89.84477096796036,88.22922903299332
84.61497038602829,87.05202960968018
87.29216569662094,87.57783430814743
86.32236033678055,88.34563964605331
90.7955584526062,87.59444153308868
85.02875834703445,85.5272416472435
82.57595473527908,84.99904525279999
84.49415051937103,86.39484947919846
84.6523465514183,85.36565345525742
84.68254327774048,87.6874567270279
86.50773841142654,85.82626157999039
84.25893372297287,85.98206627368927
89.47313189506531,85.91486811637878
83.61332738399506,85.83067262172699
82.6985228061676,85.06147718429565
101.5057185292244,93.71628147363663
99.34891831874847,91.20608168840408
85.4901202917099,87.52887970209122
86.01831609010696,87.07368391752243
85.71451181173325,84.87748819589615
89.2067106962204,90.44128930568695
84.9029107093811,86.98608928918839
83.76510673761368,84.14289325475693
84.96130180358887,85.48269820213318
84.63849753141403,86.17650246620178
84.18669313192368,86.35130685567856
82.97488832473755,85.39611166715622
84.98508602380753,87.18191397190094
88.45928210020065,84.83671790361404
84.61747747659683,90.34452253580093
82.66567301750183,85.31632697582245
101.82486909627914,94.21213090419769
96.83506941795349,93.62793058156967
88.79027581214905,86.7657241821289
84.39347195625305,85.93952804803848
87.20066678524017,86.26333320140839
89.84086441993713,88.60313558578491
84.92506396770477,88.05593603849411
82.62125968933105,84.65674030780792
83.70645463466644,84.01554536819458
85.40264928340912,86.85735070705414
83.85684567689896,87.68015432357788
82.51604092121124,85.26195907592773
85.3792359828949,83.67676401138306
87.83343106508255,84.88856893777847
84.69562554359436,84.80437445640564
81.85482090711594,85.01517909765244
102.95801794528961,93.54198205471039
96.70921874046326,94.97578126192093
86.14642518758774,88.26157480478287
86.56462049484253,87.1573795080185
84.62981563806534,84.14718437194824
94.34501492977142,94.1739850640297
83.00321716070175,86.73778283596039
81.7544133067131,84.00458669662476
84.00660806894302,86.10439193248749
84.35080313682556,86.55719685554504
84.3059988617897,86.6950011253357
83.2791942358017,84.62780576944351
84.58638918399811,83.69061082601547
88.70858442783356,87.06941556930542
84.29277890920639,86.57722109556198
82.72897404432297,84.60402595996857
98.8141702413559,93.74182975292206
99.08436995744705,95.73063004016876
85.94657737016678,89.84942263364792
85.2717735171318,86.8392264842987
88.26496875286102,90.4580312371254
99.34916895627975,103.65083104372025
84.67537754774094,88.45462244749069
84.63057374954224,83.64842623472214
83.45476931333542,85.30423069000244
84.66896671056747,84.05303329229355
83.62516343593597,87.50483655929565
83.71035850048065,86.45664149522781
84.12755334377289,84.42744666337967
89.48974829912186,84.15825170278549
83.55594325065613,86.3700567483902
82.56713885068893,84.33986115455627
102.76233452558517,95.19966548681259
96.08853447437286,94.61546552181244
86.35874098539352,87.6592590212822
84.20193791389465,84.31606209278107
85.8791333436966,85.25086665153503
113.81633478403091,105.2026652097702
85.53054511547089,87.50645488500595
83.42974144220352,86.19925856590271
85.73693704605103,88.94806295633316
83.30313485860825,85.36286514997482
77.99933087825775,85.68566912412643
77.93552660942078,82.37947338819504
85.16872143745422,85.20127856731415
89.75391656160355,87.32008343935013
90.11611241102219,85.45788758993149
82.20130795240402,85.90969204902649
103.98950362205505,96.60349637269974
91.01770466566086,96.00029534101486
88.91790926456451,90.67409074306488
82.59510791301727,85.34889209270477
82.68030315637589,88.46869683265686
102.20950204133987,104.14249795675278
86.44271194934845,88.53928804397583
84.13790822029114,87.21309179067612
88.15151125192642,92.62548875808716
85.45770955085754,84.61529040336609
84.69190567731857,87.73409432172775
90.25710088014603,85.07589912414551
83.56529623270035,86.89770376682281
84.31649214029312,84.77650785446167
105.77068865299225,101.21031135320663
85.54088604450226,85.53311395645142
90.97808349132538,89.54091650247574
85.89628255367279,84.25171744823456
85.25848078727722,87.7605192065239
103.17668098211288,100.32331901788712
84.42788982391357,89.62711018323898
86.10508590936661,85.0979140996933
82.91228145360947,84.71671855449677
89.68247717618942,89.65152281522751
83.24867224693298,85.15832775831223
84.88886719942093,85.01913279294968
84.45506232976913,86.45193767547607
88.05825752019882,84.1637424826622
86.58745259046555,85.31954741477966
82.89464849233627,87.51335150003433
104.4058443903923,94.07615560293198
86.5640419125557,84.80595809221268
89.14823925495148,89.29576075077057
86.27144074440002,86.72955924272537
84.87363648414612,86.38536351919174
100.73583602905273,100.91216397285461
86.9870457649231,92.03095424175262
85.01724344491959,85.90975654125214
86.45343893766403,83.8795610666275
87.64963483810425,90.12836515903473
83.30883038043976,89.52516961097717
85.09702533483505,85.58897465467453
84.29322081804276,85.63377916812897
85.93241566419601,84.36358433961868
82.29561018943787,86.29738980531693
83.3238056898117,84.50819432735443
104.53900188207626,90.88699811697006
85.0681984424591,85.3398015499115
91.19039702415466,95.0696029663086
84.44159972667694,85.78040027618408
86.41479617357254,85.918203830719
84.22199177742004,86.2230082154274
87.51018899679184,93.5258110165596
83.81738764047623,84.64561235904694
84.6615822315216,85.0414177775383
91.13477861881256,90.05022138357162
85.49697405099869,87.42802596092224
83.93416982889175,86.34383016824722
82.88936561346054,85.31463438272476
87.9185603260994,84.26743966341019
90.5037551522255,86.05224484205246
84.80995064973831,84.13404935598373
105.04314637184143,91.71585363149643
86.49834322929382,84.26165676116943
95.93554216623306,97.41745781898499
83.48274928331375,86.74025070667267
82.1969456076622,87.78505438566208
84.55914175510406,87.29185825586319
89.14433920383453,89.96666079759598
84.28453862667084,86.21546137332916
85.36873477697372,86.59326523542404
89.36193144321442,89.13906854391098
84.6681272983551,87.8308727145195
84.80932211875916,87.93267786502838
81.9115177989006,84.55148220062256
89.86771303415298,88.0222869515419
84.28590875864029,86.41809123754501
80.87010431289673,84.64889568090439
104.02929973602295,91.84170025587082
85.53949648141861,84.33150351047516
98.2906956076622,100.2083044052124
84.93090319633484,86.43909680843353
84.03509908914566,84.53890091180801
84.17529410123825,85.23270589113235
88.83349162340164,90.1105083823204
83.38169199228287,84.95130801200867
83.15088713169098,85.08911287784576
88.64308243989944,91.41191756725311
83.39527702331543,87.45672297477722
85.79347205162048,85.0395278930664
83.39766800403595,84.08433198928833
88.77886348962784,86.9621365070343
86.40005791187286,86.32194209098816
83.2822534441948,84.64374655485153
105.23644882440567,93.68955117464066
85.35864734649658,85.23335266113281
93.92484629154205,98.61215370893478
83.269052028656,86.69394797086716
83.00124871730804,88.33175128698349
92.77144539356232,85.67255461215973
92.89364540576935,100.68135458230972
83.45984733104706,88.52115267515182
82.28504341840744,85.47495657205582
89.42523843050003,88.4077615737915
83.41743403673172,88.67456597089767
83.59462851285934,84.553371489048
82.10482406616211,84.94917595386505
88.57901847362518,84.66198152303696
84.81221330165863,86.57678669691086
90.04540878534317,84.5295912027359
111.74060875177383,97.85139125585556
90.76980566978455,84.23019433021545
94.15100479125977,96.14499521255493
88.21661412715912,89.08038586378098
82.7281459569931,85.51185405254364
83.55467408895493,84.85232591629028
100.32620596885681,103.13679403066635
87.48574876785278,86.53225123882294
84.64627784490585,84.26072216033936
90.34380632638931,88.13719367980957
83.17033463716507,86.77366536855698
85.16486239433289,84.79913759231567
82.00939124822617,84.73160874843597
89.78091871738434,84.38608127832413
89.18144708871841,86.55855292081833
82.87897545099258,83.38102453947067
104.90950328111649,91.38749670982361
91.56903290748596,84.35596710443497
83.43356132507324,88.02943867444992
88.46409058570862,93.73990941047668
90.17862367630005,92.85737633705139
82.17215377092361,85.25284624099731
99.72168588638306,108.72331416606903
82.6602293252945,87.6367706656456
83.61675810813904,84.38324189186096
88.36928629875183,90.0567137002945
87.52981507778168,88.08218491077423
83.02234274148941,86.23565727472305
82.16487115621567,85.37312883138657
86.80639892816544,84.34160107374191
84.09592711925507,88.3670728802681
84.18245577812195,84.89254420995712
104.7689858675003,94.15801411867142
86.20651590824127,87.29348409175873
82.3850446343422,87.09695535898209
89.35957378149033,88.04742622375488
83.3531061410904,84.25789386034012
84.40163439512253,83.43036562204361
101.56316703557968,106.28883296251297
83.14871031045914,86.31428968906403
84.34624016284943,85.0807598233223
89.61677122116089,88.16022878885269
83.90729981660843,88.12970018386841
85.08582818508148,84.98917180299759
81.46835684776306,84.68064314126968
94.12788498401642,85.46411502361298
83.30641400814056,87.26758599281311
83.00394266843796,85.97705733776093
102.62647145986557,92.90952855348587
85.2870010137558,84.95299899578094
83.48452943563461,85.81247055530548
92.08905953168869,88.89294046163559
82.8415932059288,85.13940680027008
85.48312395811081,84.81287604570389
99.1996556520462,105.7083443403244
84.61919832229614,88.0298016667366
84.13072806596756,86.75827193260193
89.5682567358017,89.727743268013
83.33978563547134,87.54921436309814
84.1673133969307,84.49968659877777
93.40084207057953,85.61815792322159
83.96837151050568,83.88362848758698
84.035899579525,86.22310042381287
83.56642800569534,85.06357198953629
104.85595661401749,96.29104340076447
84.0904865860939,87.72451341152191
83.56601494550705,86.30498504638672
91.70654618740082,92.86645382642746
83.36708426475525,86.46591573953629
84.13761448860168,86.56538552045822
103.33514821529388,104.4418517947197
87.29169428348541,88.4113057255745
83.50822520256042,86.45577478408813
89.79775595664978,88.6842440366745
83.53228396177292,89.57971602678299
84.432812333107,85.78918766975403
82.62934130430222,84.37065869569778
85.75286954641342,85.78413045406342
92.33939754962921,86.69860243797302
83.5179260969162,84.1860738992691
107.04845571517944,92.9885442852974
86.74498653411865,84.42201352119446
85.03551536798477,87.20548462867737
95.76904767751694,96.91495233774185
82.81858921051025,86.84741079807281
86.03411829471588,84.18788170814514
84.80564731359482,85.82435268163681
88.42817848920822,88.81182152032852
83.12671315670013,87.59628683328629
90.30524182319641,89.39875817298889
84.50177121162415,87.60922878980637
85.77329927682877,84.57870072126389
83.08082807064056,83.91817194223404
84.90835613012314,83.94364386796951
91.30988413095474,86.17211586236954
85.13541263341904,85.62358736991882
102.09194147586823,93.27805852890015
85.14147144556046,84.5065285563469
83.87499964237213,85.23600035905838
98.85053211450577,96.03846788406372
83.28907471895218,88.35992527008057
85.2636050581932,86.88439494371414
84.70213377475739,86.37286621332169
90.93566566705704,88.74933433532715
84.66919761896133,85.2558023929596
85.94172686338425,87.61427313089371
84.08225482702255,85.82374519109726
84.3357829451561,85.10821706056595
83.10731190443039,84.39268809556961
82.58183979988098,84.3991602063179
92.03836745023727,92.36863255500793
87.36489534378052,83.59810465574265
105.61742526292801,91.67857474088669
84.79695481061935,85.74104517698288
83.53048288822174,87.61651712656021
97.09801524877548,94.99398475885391
82.99955576658249,87.66744422912598
84.4750846028328,85.50791537761688
84.61561298370361,86.73538702726364
89.42414391040802,89.68685609102249
85.08467763662338,85.43432235717773
90.09720772504807,87.66279226541519
84.23873728513718,87.66926270723343
84.69426548480988,84.30573451519012
82.31679445505142,84.51520556211472
85.05132257938385,85.7996774315834
87.26785105466843,87.88014894723892
86.39137989282608,84.12762010097504
111.56990849971771,100.85609149932861
85.67443841695786,85.62156158685684
82.88996684551239,86.61003315448761
97.957499563694,101.48650044202805
89.2470406293869,89.88195937871933
84.6655746102333,92.481425344944
84.51110303401947,87.00689697265625
95.44963485002518,90.14336514472961
86.48017060756683,85.13082939386368
91.38170009851456,87.8782998919487
83.57822859287262,86.81077140569687
79.09075665473938,81.6872433423996
78.28828591108322,83.67471408843994
85.3178146481514,86.53418534994125
90.1073425412178,86.35565745830536
84.86087107658386,84.67612892389297
104.72539949417114,98.49860054254532
87.329929292202,86.35507071018219
90.35945850610733,85.80754148960114
85.5379866361618,84.94301337003708
88.38351762294769,91.63448238372803
81.43205046653748,84.41894954442978
83.22257870435715,88.25842130184174
99.40111249685287,102.1718875169754
83.74665611982346,87.12434387207031
91.59218454360962,90.99981546401978
84.84471446275711,88.52628552913666
82.15324300527573,84.38375699520111
86.07277143001556,84.76022857427597
82.95529973506927,85.6197002530098
86.78182762861252,87.2371723651886
84.46035587787628,84.35464411973953
102.60188448429108,94.6761155128479
84.55841547250748,84.0155845284462
81.4399442076683,87.24405580759048
84.28547191619873,83.41752809286118
93.37200236320496,87.84999763965607
85.08853828907013,85.87446171045303
85.78506630659103,88.08493369817734
100.83459949493408,103.53640049695969
86.23514288663864,86.67285710573196
91.24767285585403,89.04832714796066
85.85120087862015,87.11179912090302
83.10472923517227,86.00727075338364
85.20925825834274,84.54974174499512
86.05378669500351,84.50121331214905
84.84431439638138,88.89668560028076
83.8748426437378,83.75515735149384
102.75637114048004,92.42862886190414
84.86090075969696,84.78609925508499
84.80042886734009,87.2925711274147
84.47895681858063,86.57704317569733
92.8984904885292,100.58450949192047
85.42802572250366,85.58997428417206
85.44055390357971,87.68944609165192
99.7120863199234,103.63991367816925
84.4456297159195,87.48037028312683
90.4571590423584,88.24584096670151
84.28468811511993,88.40031188726425
85.4822159409523,85.05578404664993
83.49374663829803,84.3392533659935
84.11727434396744,83.75372564792633
88.92580223083496,85.98219776153564
83.90033036470413,85.04366964101791
104.74585860967636,91.93914139270782
84.48038828372955,85.00161170959473
94.73191660642624,87.6010833978653
92.81944864988327,85.7555513381958
97.40498149394989,104.53901851177216
85.28752356767654,87.34247642755508
82.39205175638199,86.45994824171066
98.68158316612244,98.57741683721542
85.32312619686127,86.89887380599976
91.31665831804276,89.99834167957306
84.25418722629547,86.85681277513504
86.02571535110474,84.5112846493721
83.96424514055252,85.94375485181808
84.25277316570282,86.78322684764862
94.2473024725914,87.03069752454758
85.03683090209961,85.18516910076141
103.3073593378067,100.22864067554474
83.7828893661499,84.68011063337326
83.38841778039932,85.64958220720291
84.10294556617737,84.21205443143845
95.46747761964798,95.77352237701416
85.99801748991013,86.79798251390457
85.21354877948761,86.08245122432709
100.76308196783066,104.71891802549362
86.75662636756897,87.33637362718582
88.25015765428543,88.00984233617783
83.05768674612045,87.44231325387955
84.90321516990662,85.30078482627869
85.15574431419373,84.62225568294525
86.42727327346802,83.5907267332077
89.86480218172073,86.69019782543182
83.72933280467987,84.49366718530655
103.64886152744293,95.81513845920563
83.6793909072876,85.72860908508301
83.0799195766449,88.16108042001724
84.92544740438461,86.00055259466171
95.49197989702225,98.34102010726929
89.9865238070488,88.88347619771957
85.77605414390564,85.92794585227966
85.41758280992508,84.3594172000885
89.07811278104782,88.79288721084595
87.05264526605606,87.74335473775864
85.47217386960983,85.74982613325119
84.57670223712921,85.12729775905609
82.718230843544,85.02276915311813
85.69375872612,84.45524126291275
83.46428918838501,86.25671082735062
81.95781701803207,84.43018299341202
101.52634543180466,92.88165456056595
90.29687547683716,84.2581245303154
83.47540432214737,86.1905956864357
85.06193220615387,84.71606779098511
95.64746403694153,100.94453597068787
84.5860024690628,88.26599752902985
85.70953297615051,86.66146701574326
91.7950621843338,92.53793781995773
89.8815923333168,88.17340767383575
88.74512523412704,89.55087476968765
83.46065467596054,87.372345328331
84.08418220281601,84.37881779670715
85.35571092367172,86.38628906011581
82.96024161577225,83.53975838422775
84.89776968955994,86.30623030662537
82.76129734516144,84.53470265865326
102.4778254032135,92.3191745877266
83.9153550863266,84.65864491462708
83.2238832116127,85.72111678123474
85.29041063785553,83.46858936548233
91.06293988227844,93.14206010103226
91.35247594118118,89.66652405261993
86.29000961780548,86.30299037694931
83.57953768968582,85.73546230792999
90.83306777477264,89.8149322271347
87.89960038661957,87.95139962434769
83.39412915706635,85.40287083387375
84.70165783166885,87.00134217739105
85.15818679332733,85.48981320858002
85.29971504211426,86.81028497219086
96.88624513149261,94.81775486469269
85.0837749838829,84.37922501564026
102.41030329465866,90.8486967086792
83.55183309316635,85.18916690349579
85.13736188411713,86.02863812446594
83.77988976240158,85.44211024045944
84.64341849088669,83.93058151006699
91.21094846725464,87.0300515294075
85.00048327445984,86.98051673173904
84.1980117559433,84.37598824501038
93.61754262447357,96.5494573712349
89.944080889225,89.38891911506653
83.23361074924469,87.71038925647736
85.09813863039017,83.38386136293411
84.96166759729385,85.5933324098587
83.75219589471817,86.56280410289764
94.0787261724472,90.45827382802963
91.29425448179245,89.42774552106857
105.2327829003334,89.61921709775925
83.30031251907349,84.71868747472763
84.60784101486206,87.17015898227692
83.91636902093887,84.00963097810745
81.89189767837524,84.96010231971741
91.60743296146393,90.37456703186035
85.98996728658676,85.56603270769119
83.64949554204941,84.64650446176529
102.3650279045105,101.76397210359573
88.45157247781754,92.64142751693726
86.241102039814,84.73989796638489
85.9206303358078,85.43236964941025
83.09915971755981,84.34684026241302
83.4436885714531,86.53731143474579
87.91921722888947,84.5437827706337
84.20874512195587,83.27325487136841
102.99827349185944,99.2427265048027
83.89980310201645,88.63819688558578
84.65233325958252,84.42166674137115
82.79386126995087,87.65013873577118
86.76839023828506,84.6016097664833
95.02192252874374,99.57107746601105
85.14446079730988,84.70753920078278
85.30498975515366,84.4540102481842
103.27952259778976,102.60947740077972
96.73606956005096,94.9309304356575
84.69259929656982,86.54740071296692
86.27812731266022,86.59087270498276
84.19765615463257,83.82134383916855
84.6361842751503,86.14181572198868
87.57371282577515,83.75928717851639
83.32624071836472,84.45075929164886
104.54276925325394,94.6982307434082
83.83230113983154,88.68569886684418
83.39982974529266,84.3601702451706
86.0413584113121,84.27364158630371
84.31288743019104,84.24311256408691
97.04642111063004,103.39757889509201
83.85596132278442,85.64503866434097
84.9044908285141,87.31750917434692
102.41602277755737,104.04697722196579
88.53956770896912,90.09043228626251
83.97709631919861,84.17090368270874
84.5816251039505,85.69637489318848
89.77915418148041,84.68384581804276
84.6986820101738,85.74531799554825
92.5622102022171,86.36378979682922
84.90773832798004,84.9252616763115
104.23526811599731,96.17273187637329
83.39479899406433,85.67920100688934
84.74032801389694,84.2046719789505
84.84485644102097,83.72914355993271
83.69038510322571,84.23561489582062
95.81291794776917,96.48308205604553
86.1774633526802,85.11953663825989
84.15199345350266,87.6070065498352
102.75652569532394,101.7804743051529
87.62007021903992,95.54592978954315
83.37260007858276,85.90439993143082
84.84812867641449,85.55887132883072
84.11965656280518,86.30634343624115
85.55718451738358,86.40581548213959
93.45871329307556,89.596286714077
85.45224189758301,85.89975810050964
103.24177139997482,92.40622860193253
82.86430168151855,85.2836983203888
85.89483016729355,84.4561698436737
84.57335913181305,84.33364087343216
84.47488725185394,84.4691127538681
98.61642473936081,99.68057525157928
86.57296615839005,86.50103384256363
84.77049505710602,83.43350493907928
101.61502718925476,105.92197281122208
92.38657408952713,93.40942591428757
89.67710667848587,88.50889331102371
90.96663475036621,88.70036524534225
84.12616342306137,84.41083657741547
86.19469177722931,88.13930821418762
90.20522171258926,87.38677829504013
85.92175006866455,84.15224993228912
99.4522784948349,92.80772149562836
82.00180858373642,84.44319140911102
83.53233724832535,85.46766275167465
92.24786907434464,85.01213091611862
82.75939780473709,84.81360220909119
93.49393153190613,103.30206847190857
89.4874741435051,86.06852585077286
84.81400614976883,85.18599385023117
84.47453486919403,83.72946512699127
92.0230667591095,97.08793324232101
83.27659994363785,85.39040005207062
84.34312808513641,84.80387192964554
84.7446563243866,84.20034366846085
85.09018516540527,85.6878148317337
86.82371383905411,85.36028617620468
86.15124410390854,86.97775590419769
101.84777212142944,94.3002278804779
83.78630489110947,89.49169510602951
84.77983385324478,85.27616614103317
86.21736228466034,84.28263771533966
83.85889095067978,84.08510905504227
85.76042199134827,88.64657801389694
90.32795530557632,90.8950446844101
86.04348808526993,84.27051192522049
84.8140161037445,83.79598391056061
93.69654762744904,97.04345238208771
82.83807981014252,84.60592019557953
84.48060828447342,85.31539171934128
83.54813665151596,84.32286334037781
84.9856647849083,86.62533521652222
88.92319333553314,85.55780667066574
86.04672104120255,84.23127895593643
102.87424921989441,92.08875077962875
82.34878188371658,87.24421811103821
85.23131012916565,83.36168986558914
84.72483855485916,85.35016143321991
84.47736704349518,84.5036329627037
85.76689529418945,85.25210469961166
89.66842633485794,88.5725736618042
78.82795840501785,83.80204159021378
80.78448575735092,82.34451425075531
91.46301686763763,98.53698313236237
83.14155012369156,85.93244987726212
84.91307854652405,85.41992145776749
85.46260607242584,84.05639392137527
84.38213413953781,87.5258658528328
88.07966238260269,87.79233759641647
82.83218985795975,85.00181013345718
97.32471823692322,93.43328177928925
85.28124809265137,87.03375190496445
85.08977574110031,84.55822426080704
86.28730487823486,84.93469512462616
83.92883306741714,84.53416693210602
84.75536328554153,87.50363671779633
91.6558946967125,91.04710531234741
84.59442847967148,84.44257152080536
85.7359561920166,84.78204381465912
103.59948861598969,116.3815113902092
88.8150292634964,89.90697073936462
85.16056048870087,83.78343951702118
83.76608836650848,83.69791162014008
83.12961667776108,86.59238332509995
92.67914521694183,90.1548547744751
82.96867328882217,83.6063266992569
101.99920308589935,91.57479691505432
84.76973271369934,85.71126729249954
85.46726107597351,84.75473892688751
81.83178943395615,83.79921054840088
85.58431750535965,85.0636824965477
85.70684599876404,86.36715400218964
96.83037883043289,95.66962116956711
84.54591852426529,86.67608147859573
85.91044688224792,86.10855311155319
106.99598067998886,110.94901931285858
84.82252341508865,87.75147658586502
85.13105249404907,83.88794749975204
82.93958085775375,84.78241914510727
84.69210886955261,86.88189113140106
86.98163831233978,85.07436168193817
84.10516679286957,83.87683320045471
101.46869456768036,92.21630543470383
85.3882246017456,87.13077539205551
83.65975272655487,84.54424726963043
89.7642810344696,83.82871896028519
84.627809882164,84.68619012832642
85.26934003829956,89.84165996313095
96.11487305164337,93.79212695360184
84.70041161775589,83.70558840036392
84.69393968582153,85.5470603108406
105.91047209501266,107.40452790260315
84.29201292991638,86.70698708295822
84.67454248666763,84.47345751523972
84.98307144641876,84.73892855644226
84.19959998130798,85.9854000210762
95.32212889194489,85.34387111663818
84.40865761041641,85.66534239053726
101.47618621587753,92.61681377887726
84.4877158999443,88.16028410196304
84.38924407958984,84.79575592279434
85.21577233076096,85.26522767543793
86.87630134820938,83.67969864606857
91.59182965755463,86.57517033815384
96.30636245012283,95.95163756608963
84.98590248823166,89.88509750366211
85.05343168973923,83.94656831026077
109.47196400165558,109.17503601312637
84.48550754785538,86.53349244594574
84.36703664064407,84.66996335983276
85.65756714344025,85.47243285179138
83.94609534740448,86.36790466308594
90.68162405490875,91.11537593603134
86.39715218544006,86.08484780788422
100.00068086385727,92.20231914520264
86.08721154928207,88.15278846025467
84.4147402048111,87.19625979661942
84.96426862478256,84.64773136377335
93.25379878282547,92.83920121192932
85.72833573818207,90.08666425943375
93.48086899518967,98.01913100481033
87.30740857124329,87.84059143066406
86.74593740701675,84.25406259298325
108.27647095918655,111.22352904081345
87.58501398563385,87.50798600912094
86.09654325246811,86.40345674753189
84.6640722155571,84.16892778873444
84.49060070514679,86.56439930200577
85.29913079738617,84.73786920309067
85.31165933609009,84.63334065675735
102.50818824768066,93.28781175613403
86.35371899604797,86.98028099536896
97.53324747085571,85.81975251436234
87.28477668762207,90.23322331905365
84.59330880641937,85.3686912059784
83.91983813047409,88.63516187667847
92.28437101840973,100.45662897825241
87.3889108300209,89.16608917713165
85.17844277620316,86.26555722951889
108.43197572231293,107.56902426481247
90.85052007436752,91.05647993087769
86.51105290651321,85.84094709157944
84.59658133983612,84.53241866827011
85.4421095252037,86.53989046812057
86.1946387887001,85.7123612165451
84.87416768074036,87.0898323059082
103.9976966381073,95.89230334758759
85.06522738933563,87.36177259683609
86.31675618886948,85.5532438158989
88.62628573179245,83.94871425628662
85.26781433820724,84.73318564891815
83.26034325361252,86.22065675258636
83.8468724489212,84.50412756204605
99.34040367603302,89.06759631633759
86.88993781805038,87.0000621676445
90.3094682097435,93.43153178691864
91.81999909877777,87.93900090456009
87.4995334148407,87.57546657323837
88.40006256103516,85.58093744516373
88.72759145498276,87.6244085431099
90.85012125968933,87.70587873458862
85.78864979743958,84.21235018968582
101.50417906045914,93.71782094240189
86.20170909166336,90.24329090118408
84.89823782444,83.95376217365265
84.76276606321335,86.31223392486572
84.34829497337341,83.68970501422882
84.10082376003265,85.76917624473572
85.39135271310806,86.59064728021622
89.55088400840759,86.6341159939766
103.63642209768295,104.34457790851593
104.24196887016296,101.36903113126755
90.36451089382172,88.98748910427094
84.82204443216324,84.49395555257797
85.20357292890549,84.185427069664
85.38210213184357,85.8768978714943
96.44963103532791,88.93936896324158
84.33215928077698,84.05684071779251
100.15868854522705,95.8963114619255
84.83721846342087,85.86578154563904
82.2017468214035,84.05725318193436
83.10327434539795,85.26772564649582
83.33680230379105,83.36619770526886
84.42233085632324,85.89166915416718
87.24986112117767,83.6211388707161
91.39139360189438,92.84960639476776
84.86592853069305,86.44907146692276
89.06445705890656,90.6955429315567
92.8909877538681,90.33201223611832
86.0325226187706,83.98647737503052
83.93305104970932,85.36294895410538
83.7225791811943,85.16642081737518
84.7341079711914,86.95089203119278
86.76563584804535,83.34636414051056
102.05516541004181,91.07483458518982
84.80769449472427,85.58030551671982
83.22722274065018,84.6427772641182
88.84975147247314,84.74224853515625
84.97328191995621,84.76771807670593
84.0218106508255,84.60718935728073
83.23834031820297,83.31765967607498
97.47287338972092,97.36112660169601
85.74441474676132,85.03458523750305
90.2549432516098,90.11405676603317
102.23047643899918,100.41752356290817
85.37201851606369,86.47998148202896
86.69954711198807,86.72645288705826
85.08107554912567,85.39992445707321
83.35260450839996,84.23939549922943
85.69813269376755,84.13486731052399
103.83966195583344,96.95633804798126
84.48119115829468,87.25980883836746
83.97471976280212,83.84028023481369
86.9872482419014,84.73575174808502
84.96177697181702,85.07522302865982
82.82530581951141,88.04469418525696
83.41183590888977,83.18016409873962
96.36836844682693,93.8726315498352
86.93590778112411,86.02709221839905
90.28143662214279,95.18156337738037
100.94096970558167,106.89203029870987
84.21251511573792,88.3984848856926
83.57604438066483,87.27495563030243
83.38457226753235,86.89342772960663
96.87910163402557,92.00989836454391
84.87163037061691,83.33236962556839
104.86515909433365,93.85684090852737
89.17368793487549,84.90031206607819
83.62921577692032,84.40678423643112
86.19774436950684,84.58025562763214
86.1732730269432,83.77172696590424
85.36980319023132,88.00119680166245
83.01133507490158,84.0626649260521
96.39386773109436,96.84613227844238
86.92441028356552,87.0015897154808
89.62193953990936,89.6370604634285
103.94847339391708,103.12652659416199
86.10901802778244,86.44698196649551
84.15754914283752,85.08345085382462
115.87307757139206,105.31192243099213
88.36760747432709,89.3183925151825
85.08313566446304,84.91786432266235
107.59466403722763,96.20233595371246
84.5321935415268,86.89280647039413
87.37772184610367,85.4932781457901
84.79725033044815,83.72074967622757
84.12477856874466,84.1352214217186
84.4503071308136,85.69669288396835
83.4438374042511,84.20316261053085
97.69736987352371,101.1176301240921
86.20991033315659,86.56908965110779
87.3694394826889,89.50056052207947
101.56597155332565,99.30402845144272
86.13451558351517,85.58748441934586
86.92304790019989,83.6689521074295
86.69457656145096,89.39742344617844
84.33710563182831,84.18189436197281
84.57063376903534,83.59536623954773
102.60216265916824,95.95483732223511
84.8176920413971,85.03430795669556
83.44022011756897,83.76277989149094
87.6927490234375,84.3072509765625
85.05727732181549,85.2397226691246
85.17980599403381,87.28219401836395
84.1733347773552,84.67766523361206
83.72286516427994,90.42613482475281
90.49339705705643,86.87660294771194
88.11792957782745,89.62407040596008
104.86946195363998,104.55653804540634
85.91901278495789,85.061987221241
85.39354139566422,84.36545860767365
87.14606964588165,85.66893035173416
85.28859859704971,86.13740140199661
84.00412678718567,83.4588732123375
99.867655813694,93.98434418439865
84.5281857252121,85.24981427192688
89.05871379375458,87.97828620672226
86.94124233722687,83.59575766324997
85.52777183055878,84.2502281665802
83.26129996776581,88.86870002746582
83.36583018302917,84.52316981554031
86.26635831594467,84.95564168691635
90.38988941907883,88.05411058664322
87.49442172050476,89.2645782828331
102.54295349121094,104.04904651641846
90.31549960374832,85.9075003862381
84.36303150653839,84.0249685049057
84.69055932760239,88.23544067144394
91.70208770036697,84.81591230630875
85.39961689710617,83.13738310337067
89.74514555931091,85.40385442972183
83.75667428970337,84.72432571649551
84.49120157957077,83.21179842948914
83.8187301158905,83.12626987695694
86.18225860595703,84.70674139261246
85.04678791761398,85.32421207427979
83.57631665468216,83.99768334627151
85.51484656333923,83.63315343856812
90.98937773704529,88.64062225818634
88.16791051626205,94.85008949041367
84.51343905925751,85.65256094932556
92.33997017145157,88.17902982234955
83.37050276994705,86.03649723529816
83.82803082466125,85.46896916627884
89.8205594420433,89.80944055318832
89.94408851861954,87.11191147565842
88.34461677074432,85.39638322591782
83.46814554929733,84.42185443639755
84.3506732583046,83.76032674312592
84.67720246315002,85.15579754114151
83.4297302365303,83.64426976442337
84.07225847244263,86.37274152040482
83.58378863334656,84.50921136140823
84.96531754732132,86.45968246459961
94.25484895706177,94.09615105390549
93.3423884510994,91.84361153841019
85.4829216003418,85.73907840251923
92.31045305728912,90.19054692983627
83.65498638153076,86.67801362276077
85.85251468420029,86.4244853258133
82.93904435634613,83.5989556312561
81.56157368421555,82.69742631912231
93.49910312891006,86.2598968744278
83.99363219738007,85.06236779689789
87.00515955686569,88.14284044504166
87.10968869924545,83.46431130170822
85.23321759700775,83.69278240203857
83.42974615097046,84.73625385761261
84.49827635288239,83.50172364711761
82.52880465984344,84.45319533348083
98.9663365483284,97.81066346168518
88.60787749290466,91.74412250518799
84.39840590953827,83.91659408807755
91.59493720531464,88.77506279945374
85.218470454216,83.55952954292297
84.45199954509735,87.6030004620552
84.50152814388275,87.22047185897827
86.25405859947205,85.70894140005112
92.32158887386322,88.38141113519669
86.50011819601059,85.07288181781769
90.19764590263367,88.91335409879684
85.91417467594147,85.27182531356812
84.88870340585709,83.42729657888412
90.51123148202896,86.50776851177216
85.0597614645958,85.69823855161667
82.8692901134491,83.96470987796783
95.82482451200485,98.15617549419403
88.13436406850815,90.79263591766357
85.71989339590073,86.26210659742355
101.50942540168762,103.5085746049881
84.35396534204483,84.20003467798233
84.2184933423996,87.26250666379929
86.58202254772186,84.15797746181488
85.81655126810074,85.18344873189926
88.36608040332794,91.43091958761215
84.58060908317566,86.32639092206955
82.72313702106476,84.35086297988892
85.73466575145721,84.56133425235748
83.9321945309639,83.88280546665192
85.07472324371338,85.8152767419815
84.45725518465042,84.17274481058121
85.72778385877609,84.38421612977982
98.36931592226028,97.33368408679962
87.58485740423203,88.65614259243011
84.78138619661331,84.69961380958557
101.18391871452332,102.18708127737045
84.58446007966995,84.41653990745544
85.46598893404007,84.86701107025146
89.97851759195328,88.37348240613937
88.1760465502739,85.60295343399048
88.72557771205902,88.2014222741127
87.6811066865921,85.28189331293106
85.74863529205322,83.56636470556259
85.00216448307037,83.70183551311493
87.43969267606735,84.65330731868744
84.59922230243683,86.77077770233154
86.09275269508362,84.31524729728699
86.88228106498718,84.91371893882751
97.542813539505,102.47618645429611
92.8883546590805,92.74164533615112
84.71488755941391,85.97011244297028
102.81941998004913,101.53158003091812
85.25796210765839,86.09403789043427
85.4914939403534,88.8975060582161
92.85602271556854,84.47797727584839
86.73755145072937,86.31744855642319
92.6390813589096,87.43491864204407
84.81760948896408,86.53339052200317
87.14514058828354,89.5038594007492
85.32266914844513,83.36133086681366
87.70619744062424,84.21980255842209
85.12472677230835,84.7272732257843
85.48825764656067,83.58474236726761
84.14878618717194,83.9802138209343
83.99431455135345,84.00568544864655
94.24684566259384,93.36415433883667
85.51837855577469,83.72262144088745
97.8269105553627,101.00708943605423
84.74545139074326,87.14354860782623
86.86898058652878,87.13101941347122
89.08551007509232,84.21148991584778
87.89403879642487,89.9769611954689
91.16456925868988,87.1134307384491
86.80709779262543,86.15690219402313
90.04062646627426,88.20037353038788
82.90515512228012,82.76284486055374
84.13868319988251,83.65731680393219
83.94721138477325,85.71978861093521
86.34774261713028,83.67125737667084
84.50827121734619,83.23272877931595
86.90879893302917,84.23920106887817
94.79133015871048,91.65366983413696
84.91386473178864,86.45613527297974
100.03739702701569,101.27760297060013
86.5309407711029,84.83905923366547
86.54347109794617,87.29052889347076
91.94400036334991,83.74099963903427
85.73352873325348,84.37747126817703
90.44905841350555,89.58694159984589
85.18458706140518,85.2054129242897
88.12211549282074,84.6188845038414
84.29964649677277,84.25535351037979
85.60917526483536,83.57682472467422
84.12070423364639,85.21329575777054
84.24423253536224,82.55276745557785
85.10776048898697,83.31823951005936
86.87828922271729,84.12071079015732
96.92782139778137,97.47917860746384
87.92135882377625,84.35664117336273
101.5818932056427,104.93710678815842
88.42643839120865,86.46256160736084
83.71696996688843,85.65303003787994
94.02550029754639,88.38249969482422
87.29702860116959,87.31497138738632
91.511559009552,84.87644100189209
84.43108761310577,86.56791239976883
86.70261532068253,84.90838468074799
86.04814445972443,84.37885558605194
84.94867241382599,86.32832759618759
83.2572010755539,84.81679892539978
82.2317288517952,83.63827115297318
86.09625643491745,83.58974355459213
84.1077846288681,84.85421538352966
98.12031668424606,101.2506833076477
86.42885708808899,87.33014291524887
83.3853868842125,84.89361310005188
91.3039180636406,87.06608194112778
87.27945166826248,87.9065483212471
87.10598081350327,84.17201918363571
86.69250869750977,84.73449128866196
87.14803850650787,85.9249615073204
86.29056668281555,87.93243330717087
92.08009505271912,89.51190495491028
83.99962371587753,84.38937628269196
88.6591522693634,85.22884774208069
83.56068098545074,85.088319003582
84.628209233284,83.4647907614708
85.1217371225357,84.52726286649704
86.41126555204391,83.08873444795609
99.97879803180695,102.35420197248459
85.91633778810501,84.82366222143173
83.61386704444885,84.42313295602798
90.36639785766602,87.6516021490097
85.52693128585815,86.04706871509552
85.37245982885361,86.60954016447067
87.23698824644089,85.83701175451279
86.65651828050613,85.62248170375824
84.85304707288742,86.25795292854309
89.19857531785965,89.07942467927933
84.54310393333435,86.36389607191086
84.25963240861893,83.574367582798
87.62316101789474,84.50683897733688
84.80168902873993,84.79031097888947
85.60921704769135,83.59378296136856
84.28874659538269,83.98925340175629
100.50527966022491,105.18072032928467
88.64582180976868,89.16917818784714
86.32435321807861,86.1936467885971
94.96688467264175,91.10711532831192
87.38542085886002,88.89257913827896
92.67495042085648,87.15704959630966
88.8724792599678,85.51652073860168
87.18100959062576,83.92999041080475
83.19253814220428,84.51046186685562
84.15006566047668,83.90593433380127
83.62459391355515,83.85640609264374
82.80312252044678,83.54887747764587
82.48165106773376,84.7773489356041
87.34617924690247,84.69082075357437
85.85770738124847,83.36429262161255
99.93779039382935,99.82220959663391
84.78235095739365,88.99464905261993
83.47988027334213,84.98311972618103
101.93641287088394,99.47058713436127
86.09695547819138,88.55104452371597
91.20148414373398,91.00251585245132
87.51001346111298,88.2689865231514
91.78154391050339,85.75645607709885
83.64507228136063,85.1889277100563
104.17460054159164,95.04739946126938
84.16912919282913,84.4608708024025
86.10665780305862,84.3193421959877
85.86018681526184,84.8818131685257
84.05671536922455,83.35028463602066
87.0692435503006,83.6347564458847
84.7287728190422,84.8822271823883
99.53730833530426,103.36969166994095
91.27084976434708,85.5061502456665
85.07938313484192,84.99361687898636
103.35091578960419,102.50108420848846
85.84445989131927,86.26654011011124
85.13398879766464,84.34701120853424
87.47951793670654,87.57648205757141
109.06504821777344,93.78695178031921
90.89257729053497,86.23742270469666
91.38610512018204,90.20689487457275
90.30563640594482,86.73136359453201
87.74316918849945,93.88583081960678
85.64469885826111,88.02330112457275
85.56322759389877,83.34377241134644
93.76075631380081,88.72024369239807
87.29128509759903,85.41271489858627
90.76581293344498,88.28918707370758
91.6303454041481,87.20265460014343
84.67987859249115,84.09912139177322
104.59841096401215,101.29058903455734
86.98095571994781,86.79704427719116
83.27048486471176,86.93251514434814
87.59701377153397,89.45798623561859
88.22054415941238,84.01945585012436
83.75107264518738,86.76792734861374
90.11460083723068,88.84839916229248
98.73812991380692,83.3728700876236
85.89765799045563,83.45334202051163
85.63218677043915,85.0158132314682
85.25571554899216,82.81828445196152
93.10124373435974,89.60275626182556
85.39177376031876,83.42322623729706
88.71830344200134,93.5226965546608
93.09983551502228,93.34516447782516
85.5003696680069,83.97963035106659
103.47590291500092,100.6350970864296
85.50644707679749,90.6785529255867
96.68497568368912,91.44502431154251
88.77150350809097,85.82149648666382
88.13503396511078,85.45796602964401
84.03556215763092,84.25943785905838
85.93608951568604,83.4889104962349
85.61561810970306,83.8473818898201
84.98014670610428,84.92785328626633
85.06567513942719,87.30432486534119
87.11520314216614,83.66279685497284
95.44073158502579,88.87426841259003
85.19426107406616,84.80573892593384
88.40978968143463,90.97921031713486
94.69932299852371,95.59667700529099
85.35986232757568,86.28813767433167
86.25394135713577,87.19005864858627
91.37747037410736,88.03052961826324
87.8709990978241,86.64800089597702
89.0315290093422,83.91347098350525
83.95106017589569,87.08693981170654
85.88858789205551,84.20341211557388
94.6411167383194,86.95088326931
86.48664480447769,84.1983551979065
85.79417341947556,86.3538265824318
82.95470124483109,82.95329874753952
93.33722895383835,87.53277105093002
85.47875827550888,84.22524172067642
86.80628615617752,93.24971383810043
95.33681911230087,93.99718087911606
86.6073607802391,85.55963921546936
101.39689630270004,96.76910370588303
91.83544248342514,91.96055752038956
83.4769749045372,84.07902508974075
88.2485038638115,84.08449614048004
90.79803442955017,87.99896556138992
83.90256261825562,85.00543737411499
93.59909099340439,88.41890901327133
83.59261971712112,87.37038028240204
84.93814837932587,84.69185161590576
91.37567746639252,84.30932253599167
79.49920600652695,82.18579399585724
92.3627342581749,89.69326573610306
86.61526262760162,84.86573737859726
84.57179087400436,87.13220912218094
97.14032346010208,96.50767654180527
84.5398645401001,85.42213547229767
86.25639313459396,83.74360686540604
103.36092454195023,90.78707545995712
83.48345839977264,82.84954160451889
89.95898824930191,89.244011759758
91.86051887273788,83.97348111867905
91.02104729413986,85.25795269012451
91.55057603120804,87.30142396688461
85.19210475683212,83.0308952331543
84.85263293981552,83.64736706018448
87.03116202354431,89.3768379688263
86.20969086885452,83.29030913114548
93.00021976232529,90.35278022289276
85.9937481880188,83.65525180101395
84.67127686738968,84.45772314071655
96.73981058597565,96.66818940639496
87.3993518948555,84.5086480975151
87.65288215875626,84.53311783075333
91.77541309595108,93.55758690834045
87.21294569969177,85.06405431032181
88.3734747171402,85.25552529096603
93.60800498723984,82.74499499797821
88.28653317689896,85.21346682310104
83.65006184577942,84.55393815040588
88.49559086561203,83.35640913248062
85.80411958694458,83.23288041353226
83.81564861536026,85.12935137748718
84.30917710065842,83.57982289791107
90.06170558929443,89.04829442501068
85.12923419475555,84.05576580762863
85.64176201820374,85.28423798084259
98.37629437446594,98.32770562171936
89.3878373503685,87.66716265678406
87.1223680973053,83.9706318974495
94.83789885044098,92.53210115432739
88.12743330001831,83.74256670475006
87.60196286439896,88.23003715276718
87.81849294900894,83.90350705385208
83.38602113723755,85.72497886419296
86.00855004787445,85.52744996547699
85.66907858848572,82.53492140769958
85.18160700798035,84.43039298057556
86.28613579273224,84.32486420869827
84.853664457798,84.40533554553986
93.68019330501556,88.17180669307709
86.80272376537323,83.67827624082565
84.3152522444725,84.46174776554108
86.04978221654892,84.35721778869629
93.7833132147789,86.14168679714203
86.55484765768051,83.57515233755112
99.41937929391861,102.95062071084976
85.96791917085648,85.14308083057404
87.59144842624664,85.76055157184601
88.54797852039337,85.19302147626877
82.68950659036636,85.94049340486526
92.99803465604782,87.90896534919739
84.84356266260147,82.06443732976913
85.79909110069275,83.86790889501572
86.20062029361725,84.68837970495224
84.4161484837532,83.47285151481628
92.74367624521255,87.33132374286652
85.8482049703598,83.96779501438141
84.74873387813568,85.78826612234116
85.61226403713226,83.62773597240448
91.82779550552368,87.11720448732376
86.95132857561111,83.93767142295837
103.94486063718796,104.29613935947418
84.21640300750732,86.67259699106216
105.87593269348145,89.10506731271744
86.72046267986298,85.46453732252121
83.12199074029922,85.17400926351547
90.50451827049255,88.79248172044754
86.59104657173157,83.85395342111588
85.65857470035553,84.43442529439926
85.0041031241417,85.01489686965942
85.55263143777847,83.74336856603622
93.24915951490402,89.28684049844742
86.48368924856186,83.60831075906754
85.68121749162674,83.83778250217438
83.98974698781967,82.47325301170349
94.09427809715271,93.47972190380096
87.97681230306625,83.74518769979477
102.47034478187561,102.75265520811081
85.31588762998581,85.75911235809326
87.71641832590103,86.02458167076111
86.3209485411644,84.80905145406723
83.94447696208954,83.77852302789688
85.95600497722626,85.37699502706528
83.72753274440765,84.64246726036072
86.73906111717224,83.38993889093399
86.2145904302597,86.65640956163406
85.44811910390854,83.384880900383
94.1456470489502,88.13235294818878
85.62117594480515,87.26782405376434
84.24370408058167,87.44129592180252
87.01523321866989,83.50376677513123
98.11976712942123,96.49223285913467
87.74230766296387,85.96069234609604
103.92184114456177,103.59715884923935
91.93338352441788,86.17761647701263
89.05691337585449,87.51708662509918
85.3464440703392,83.70955592393875
85.3949722647667,87.21602773666382
87.40750062465668,84.75949937105179
85.40102976560593,83.0249702334404
85.33955836296082,83.43944162130356
85.33208733797073,87.01991266012192
85.23361510038376,83.85938489437103
90.28214329481125,83.5698567032814
84.22067672014236,83.55732327699661
85.58420491218567,84.52679508924484
84.44773596525192,84.38526403903961
97.5152695775032,94.55873042345047
89.30481070280075,88.36118930578232
102.00234490633011,104.14565509557724
84.86688786745071,88.92911213636398
85.65641760826111,86.78858238458633
84.87194782495499,83.96205216646194
82.55047756433487,85.76452243328094
94.02500623464584,89.4189937710762
85.3705342411995,82.5174657702446
83.73506170511246,85.19093829393387
83.82158887386322,86.95641112327576
84.24011552333832,84.00088447332382
87.36364287137985,87.63635712862015
82.5051703453064,85.86482965946198
85.49769729375839,85.8903027176857
86.04722565412521,86.08177435398102
91.59675586223602,97.68024414777756
84.94229185581207,87.87270814180374
98.10182178020477,103.99017822742462
85.55836063623428,89.014639377594
84.19988894462585,91.3551110625267
82.45341581106186,84.88058418035507
87.4099423289299,87.01605767011642
90.62546825408936,89.74553173780441
86.32199484109879,84.62200516462326
84.53852182626724,84.25847816467285
84.1050488948822,87.76395112276077
84.32157588005066,83.80742412805557
85.6481027007103,85.05489730834961
82.04862922430038,84.8403707742691
83.24615556001663,89.51284444332123
83.09168189764023,85.66731810569763
93.02921116352081,97.74778884649277
87.13474708795547,87.75525289773941
83.98027402162552,87.42772597074509
87.45480167865753,94.10119831562042
84.55833125114441,89.3486687541008
86.8298579454422,87.65114206075668
83.13838458061218,86.41661542654037
84.81791090965271,85.62708908319473
84.86643719673157,86.04156279563904
86.0269644856453,85.86303550004959
85.29749095439911,86.5175090432167
82.05001759529114,84.15298241376877
83.80354428291321,85.75245571136475
82.55607086420059,84.0369291305542
82.14259964227676,87.78340035676956
82.65412586927414,85.14287412166595
95.79565560817719,102.29634439945221
88.17819434404373,87.61780565977097
84.37572371959686,88.95827627182007
86.70225155353546,90.7607484459877
84.97378033399582,91.41521966457367
81.65230745077133,87.23669254779816
83.55283397436142,89.18716603517532
84.45436054468155,85.32363945245743
84.72488737106323,85.47911262512207
86.07041454315186,85.7815854549408
84.65694105625153,86.65805894136429
83.11246746778488,86.18353253602982
86.01399379968643,86.43000620603561
82.06252014636993,84.99247986078262
84.64904654026031,86.99895346164703
86.9195728302002,86.65342718362808
81.39509892463684,83.91890108585358
90.11062663793564,90.16637337207794
84.60415649414062,87.13584351539612
87.48668467998505,92.6613153219223
83.38821440935135,91.33378559350967
84.60374134778976,85.82225865125656
82.67126774787903,85.88473224639893
90.86779397726059,90.53920602798462
84.49232083559036,88.08267915248871
84.63284742832184,85.7001525759697
85.27437406778336,86.48362594842911
86.10190057754517,85.80609941482544
85.9654266834259,85.21957331895828
82.40295344591141,86.22604656219482
85.89647972583771,86.08452028036118
85.35300755500793,86.07299244403839
83.75453466176987,85.20946532487869
88.6550624370575,91.71493756771088
86.9635945558548,90.11040544509888
98.03012359142303,103.0058764219284
83.93166291713715,89.2163370847702
83.92518961429596,90.44481039047241
85.45571649074554,89.9882835149765
96.30124312639236,90.92075687646866
85.86876964569092,84.6502303481102
83.306296646595,84.85970336198807
83.07782340049744,88.9591765999794
82.58934950828552,84.37365049123764
88.3608769774437,87.08312302827835
82.70640349388123,86.38659650087357
83.43993020057678,85.91106981039047
86.84245645999908,87.60254353284836
83.48298305273056,84.33201694488525
94.36551123857498,95.46848875284195
84.39604663848877,91.01095336675644
98.81657612323761,104.59242385625839
88.01311540603638,90.28388458490372
89.41364258527756,92.38235741853714
84.87016898393631,86.55583101511002
91.21469557285309,94.09930443763733
85.82022267580032,84.64277732372284
83.49874949455261,85.27925050258636
89.45527595281601,93.61872404813766
85.7268026471138,83.7731973528862
87.99832952022552,85.70567047595978
88.82485687732697,90.28714311122894
83.63238340616226,86.16361659765244
90.38491040468216,91.02208960056305
84.17543709278107,86.21356290578842
96.35396629571915,98.68303370475769
90.90350180864334,95.5414981842041
99.49003279209137,104.10296720266342
89.46457624435425,90.5914237499237
91.93910443782806,92.78289556503296
84.61863213777542,89.14136785268784
90.01915925741196,94.18484073877335
86.78968620300293,86.78431379795074
85.0052130818367,84.1977869272232
96.33274018764496,93.66825979948044
84.45526689291,84.71073311567307
88.17179346084595,84.69920653104782
87.6093201637268,90.63067984580994
84.89984673261642,91.36015325784683
92.48537337779999,90.86662662029266
84.40490067005157,85.11409932374954
95.37943053245544,95.54656946659088
88.94796752929688,95.07103246450424
98.62649708986282,103.42950290441513
88.82303768396378,95.02796232700348
94.31656551361084,92.64643448591232
89.53309226036072,87.17090773582458
90.9696187376976,92.04738128185272
86.05714523792267,84.49985474348068
84.88267183303833,85.09832817316055
91.04319888353348,92.80880111455917
82.99972540140152,84.70427459478378
88.10425198078156,86.22874802350998
88.06077837944031,90.68022161722183
84.29430502653122,86.74169498682022
90.67783242464066,91.71116757392883
84.3753592967987,84.84764069318771
96.33088886737823,98.798111140728
102.91742557287216,94.32357442378998
98.07795524597168,104.1080447435379
78.64549428224564,89.05950570106506
87.00802201032639,87.24997800588608
90.76154899597168,89.94245100021362
91.75407594442368,91.1159240603447
85.06360292434692,87.12139707803726
84.37112945318222,85.18387055397034
84.42065614461899,89.28234386444092
84.3771830201149,84.77081698179245
86.27870965003967,86.31429034471512
83.82623636722565,84.74676364660263
83.39476281404495,86.42023718357086
85.44328963756561,86.59371036291122
87.10381656885147,86.2661834359169
97.24534630775452,96.71765369176865
85.33188515901566,90.76111483573914
99.97241532802582,105.95258468389511
85.79995548725128,94.33004450798035
86.7944837808609,87.05851620435715
85.32401043176651,86.04598957300186
86.39153760671616,88.1634624004364
85.16206473112106,90.26293528079987
85.10059171915054,85.28840827941895
84.87211871147156,87.31288129091263
84.14364564418793,85.37535434961319
82.26717221736908,86.90082776546478
84.35269904136658,85.70330095291138
85.1052256822586,87.20977431535721
85.0427520275116,86.3452479839325
82.31427866220474,84.81572133302689
95.80780798196793,108.97019201517105
86.45034551620483,91.21765446662903
84.31387412548065,85.11312586069107
89.41740149259567,98.80459851026535
83.80093109607697,86.31006890535355
85.86745780706406,87.52054220438004
90.34298467636108,86.10101532936096
81.42951375246048,84.81148624420166
84.14504104852676,86.24395895004272
84.24956780672073,86.65843218564987
84.9100946187973,85.81290537118912
84.27362167835236,85.31837832927704
83.26614832878113,83.7508516907692
85.31567496061325,87.18332505226135
84.4762013554573,86.54279863834381
83.61772781610489,86.51127219200134
87.42625433206558,85.77774566411972
86.71578377485275,92.41421622037888
83.96831279993057,87.43868720531464
86.53684026002884,95.2041597366333
85.15936934947968,86.89663064479828
84.57889586687088,87.27310413122177
91.75742280483246,89.40857720375061
83.80594968795776,88.12005031108856
85.39247626066208,86.36752372980118
94.51500308513641,91.40999692678452
83.74952954053879,85.06447046995163
84.94705587625504,84.12694412469864
84.19958263635635,88.11541736125946
83.21210986375809,86.69589012861252
86.05663645267487,85.22036355733871
83.47716325521469,84.78283673524857
85.96969050168991,86.36330950260162
86.83321791887283,96.20278209447861
84.97474670410156,85.06125330924988
88.56127512454987,98.16072487831116
84.11080586910248,85.12919414043427
86.0863327383995,86.96966725587845
91.33885955810547,90.7361404299736
83.2943867444992,85.31561326980591
85.39991360902786,85.71208637952805
83.39244043827057,88.49555957317352
83.94196754693985,85.13203245401382
85.78749394416809,87.19350606203079
84.15102088451385,84.58997911214828
87.44154757261276,85.79945242404938
84.43507421016693,84.78792577981949
84.18660086393356,85.14639914035797
87.51412761211395,85.22687238454819
90.3406577706337,97.58534222841263
83.89019376039505,85.07280623912811
98.10572332143784,103.02427667379379
84.00625950098038,86.17874050140381
85.12978672981262,89.31521326303482
85.47531336545944,86.969686627388
84.69084000587463,88.01315999031067
84.14736676216125,85.50163322687149
84.41789358854294,87.95210641622543
84.31842041015625,85.51457959413528
85.46094757318497,87.11305242776871
85.454474568367,84.4525254368782
85.55900138616562,85.77499860525131
85.071528673172,86.96547132730484
83.19405561685562,85.12094438076019
91.78058248758316,84.33041751384735
91.23711216449738,101.0408878326416
84.93364864587784,90.78835135698318
98.15017926692963,103.55382072925568
85.56871819496155,88.04228180646896
85.24724525213242,86.3627547621727
87.70477193593979,89.51822805404663
84.2722989320755,85.26470106840134
85.91382628679276,84.54917371273041
82.66635328531265,88.94464671611786
86.38187992572784,83.96912008523941
86.18940645456314,87.53259354829788
84.75793391466141,84.77906608581543
83.93646049499512,85.7865394949913
84.87398719787598,87.14401280879974
84.108513712883,84.26148629188538
88.25004070997238,85.61995929479599
93.35457122325897,102.38542878627777
83.2931062579155,86.61389374732971
97.76863604784012,103.4543639421463
83.39117485284805,88.03482514619827
84.64370232820511,88.85629767179489
88.3412297964096,92.93677020072937
84.24175661802292,88.40724337100983
82.95728302001953,86.94971698522568
82.74681025743484,89.14118975400925
83.81533759832382,87.16666239500046
86.38186413049698,87.3951358795166
84.41339099407196,85.53160899877548
83.53591734170914,87.9090826511383
84.04744476079941,87.08155524730682
83.87497144937515,88.12502855062485
90.27549833059311,86.78050166368484
90.84302937984467,99.28697061538696
85.20756620168686,87.64443379640579
98.4230951666832,102.98390483856201
83.58363372087479,85.93536627292633
82.83616083860397,87.55383914709091
91.27368766069412,91.50331234931946
85.10121428966522,85.45478570461273
84.72374111413956,85.2392588853836
83.25426769256592,87.39473229646683
84.48779457807541,87.7152054309845
86.55532133579254,86.14767867326736
86.03084832429886,84.35815167427063
84.48737519979477,87.90162479877472
85.33290243148804,85.46309757232666
85.0114289522171,84.6925710439682
84.30095589160919,84.64404410123825
90.20148694515228,96.26051306724548
84.89902299642563,88.4339770078659
98.24455231428146,102.32944768667221
86.6080910563469,86.1879089474678
85.23161888122559,86.52738112211227
84.13314592838287,87.36785405874252
83.97867304086685,88.83732694387436
83.37919992208481,86.34280008077621
85.13172721862793,90.86827278137207
85.16125416755676,87.54174584150314
85.28478109836578,87.23321890830994
85.3903084397316,89.83169156312943
85.25283545255661,86.19116455316544
83.96936219930649,86.77163779735565
84.51888871192932,84.9081112742424
84.56741499900818,84.82058501243591
85.15394401550293,93.77305597066879
85.38747560977936,89.48252439498901
98.28800791501999,108.56299209594727
86.337546646595,88.71745336055756
84.73807495832443,86.87192505598068
84.65760177373886,88.65639823675156
85.52212846279144,85.97787153720856
83.51565533876419,84.80034464597702
83.13918226957321,90.75081771612167
84.03970944881439,88.18229055404663
86.23623621463776,86.33776378631592
85.48876297473907,84.95423704385757
83.18628960847855,85.86871039867401
86.86481636762619,89.820183634758
83.0993430018425,84.62265700101852
85.4078693985939,85.13013058900833
82.40039616823196,89.37660384178162
85.15392625331879,90.21607375144958
84.92545557022095,93.44554442167282
88.56698405742645,91.43301594257355
87.26351398229599,88.29148602485657
91.55404180288315,92.07495820522308
85.19556850194931,85.02643150091171
84.74509513378143,86.31090486049652
83.01562225818634,88.4293777346611
85.47314924001694,86.98985075950623
86.2246761918068,86.81232380867004
83.8482033610344,84.72579663991928
84.67472982406616,87.19527018070221
85.3342564702034,86.33074355125427
96.73578375577927,87.2262162566185
85.3403103351593,84.1586896777153
81.68683671951294,88.33316326141357
86.5313640832901,92.54263591766357
86.52489393949509,91.25310605764389
87.14842247962952,91.11157751083374
83.99295204877853,87.48804795742035
91.15347838401794,90.5875216126442
84.70200496912003,85.14899504184723
85.25153195858002,86.13646805286407
83.39305889606476,87.43994110822678
82.9605860710144,86.29841393232346
82.95411288738251,87.28688710927963
84.31864029169083,84.4043596982956
85.53416699171066,85.87383300065994
83.10069352388382,85.7133064866066
84.76122027635574,86.29377973079681
95.21774691343307,85.81925308704376
81.76727342605591,90.5477265715599
92.98280245065689,99.75819754600525
87.53134053945541,92.32065945863724
91.89586979150772,92.38213020563126
82.6483998298645,86.59160017967224
106.32692700624466,95.96907299757004
85.74645459651947,85.38254541158676
85.64698195457458,86.0370180606842
83.97450906038284,88.2664909362793
84.1530357003212,87.79196429252625
82.90556222200394,86.66843777894974
84.54708850383759,86.10091149806976
82.1706150174141,86.36638498306274
85.84914129972458,85.96585869789124
83.56466764211655,85.49033236503601
85.26219427585602,86.90480571985245
84.42272090911865,85.91127908229828
92.39725035429001,97.13974964618683
85.98378837108612,94.07221162319183
95.58731973171234,98.04168027639389
88.74885660409927,86.80814337730408
88.29738402366638,87.55461597442627
83.73491144180298,88.82008856534958
85.74743884801865,86.28956115245819
87.44396603107452,90.2780339717865
85.52949267625809,86.39550733566284
87.48701930046082,88.05098068714142
84.23954612016678,84.72345387935638
88.10307317972183,86.61892682313919
87.98559975624084,87.27340024709702
84.97912621498108,85.39087378978729
84.78665280342102,86.71334719657898
84.46617984771729,86.34882014989853
93.34870970249176,95.44829028844833
86.87924689054489,92.56575310230255
102.24277633428574,101.62722367048264
88.68031418323517,91.91168582439423
90.84184163808823,92.27015835046768
84.07536828517914,87.03563171625137
91.27289658784866,89.70910340547562
83.26542317867279,87.06757682561874
84.33394968509674,87.53605031967163
83.82647651433945,86.04352349042892
86.09800362586975,85.17899638414383
85.72153037786484,86.42646962404251
84.71405726671219,86.30394273996353
85.6525838971138,85.53241610527039
85.943110704422,85.20588928461075
85.67663836479187,83.93436163663864
95.65117007493973,94.90382993221283
89.94171059131622,89.55828940868378
102.73124575614929,98.12075424194336
91.706787109375,87.7012128829956
94.08831542730331,94.07768458127975
86.48984354734421,84.10315644741058
86.46437525749207,84.83162474632263
86.12490385770798,86.41209614276886
86.97548806667328,83.13551193475723
84.74701589345932,85.01198410987854
85.98054337501526,84.59245663881302
85.17807102203369,84.02492898702621
86.80159848928452,85.1054015159607
85.07312774658203,84.27887225151062
99.30666053295135,106.82333946228027
89.72720140218735,90.80979859828949
103.34873616695404,99.03926384449005
87.86127883195877,85.63772118091583
85.44780975580215,86.47819024324417
85.36733770370483,83.85466229915619
86.15686571598053,85.71313428878784
85.72439414262772,84.8866058588028
84.21792203187943,85.94907796382904
86.02644920349121,86.91855078935623
86.16697686910629,83.46202313899994
85.43950510025024,86.8014948964119
85.80303305387497,86.01196694374084
85.07356083393097,85.96243917942047
85.41908931732178,85.37591069936752
84.35761684179306,87.66038316488266
83.1111449599266,85.44485503435135
96.4556759595871,90.32232403755188
105.30121302604675,107.2547869682312
86.47975558042526,86.1872444152832
85.75028663873672,86.30471336841583
84.76381433010101,83.3481856584549
85.75634157657623,85.74365842342377
84.63886904716492,84.9721309542656
84.4653970003128,84.20060300827026
84.97792464494705,87.33707535266876
86.00845193862915,83.49154806137085
85.09397971630096,83.9610202908516
84.05050724744797,87.33849275112152
84.54403513669968,84.06696486473083
86.27856284379959,84.92543715238571
82.66109043359756,84.93190956115723
111.2656175494194,83.36438244581223
92.66614830493927,90.35285168886185
104.06768906116486,99.1923109292984
89.24623334407806,87.45776665210724
90.03576356172562,90.2792364358902
86.71429175138474,84.17370826005936
85.41182106733322,88.55117893218994
84.44234907627106,86.87265092134476
84.56587678194046,88.30512320995331
86.07740372419357,87.64459627866745
87.01493179798126,84.96706819534302
85.48945945501328,87.95454055070877
85.20598727464676,86.31201273202896
83.51451569795609,84.26348429918289
84.45204299688339,87.08495700359344
84.68557095527649,85.11042904853821
82.30909866094589,84.22690135240555
96.26662993431091,94.73437005281448
96.66716575622559,85.75883424282074
96.14169657230377,90.39530342817307
90.04323202371597,89.5307679772377
83.23976027965546,87.26023972034454
86.56628841161728,85.76571160554886
86.8928160071373,86.43918401002884
85.64634388685226,86.07565611600876
86.75087147951126,85.7121285200119
83.61539942026138,83.64360058307648
83.75592678785324,87.26207321882248
83.99145483970642,85.60154515504837
85.16898328065872,82.86801671981812
86.4595115184784,84.89248847961426
84.89703923463821,84.76996076107025
99.01956689357758,82.86843311786652
99.56909954547882,95.48690044879913
85.84063977003098,83.82636022567749
91.6671701669693,90.94382983446121
86.58670216798782,86.76529783010483
85.45023149251938,86.67876851558685
85.68475848436356,85.20424151420593
84.03028631210327,83.98871368169785
84.85681354999542,84.92018646001816
83.22034078836441,85.77865922451019
87.13986867666245,83.61913132667542
84.46639710664749,85.97760289907455
84.46092426776886,85.74307572841644
87.45445191860199,82.82454806566238
83.8359797000885,88.90502029657364
85.10750710964203,84.614492893219
84.78603446483612,84.7319655418396
100.89156597852707,95.03543400764465
85.3661059141159,91.85589408874512
107.39663672447205,98.65936326980591
84.7981749176979,86.36982506513596
86.73470318317413,83.63529682159424
85.59923315048218,86.99376684427261
85.98176085948944,87.61123913526535
85.67928874492645,85.35871124267578
99.11681687831879,88.71718311309814
87.48034554719925,82.85265445709229
85.56687319278717,87.61912679672241
84.98640114068985,84.99459886550903
85.81292933225632,86.76107066869736
86.39945751428604,85.39754247665405
85.41098576784134,84.86701422929764
85.53351330757141,83.09548670053482
96.19404548406601,95.23195451498032
89.3545851111412,85.47941488027573
101.31011760234833,98.57788240909576
92.37865871191025,87.71434128284454
85.37219113111496,83.83180886507034
86.30971920490265,83.72628080844879
84.35824823379517,86.67775177955627
84.0927763581276,85.86922365427017
84.08730500936508,83.0986949801445
86.00583350658417,85.64216649532318
84.83336180448532,83.8886381983757
84.97489058971405,83.89610940217972
85.41241896152496,82.58658105134964
86.27694725990295,84.33505272865295
85.67747563123703,84.43452435731888
87.20700389146805,83.4399961233139
100.64553642272949,92.0394635796547
86.36107802391052,84.97192198038101
105.31761050224304,102.57138949632645
89.6811535358429,90.53984647989273
85.84168249368668,84.12131750583649
87.31721121072769,83.72078877687454
86.21773970127106,86.1342602968216
85.65626806020737,84.93673193454742
87.63079679012299,84.4622032046318
85.23532509803772,82.67267489433289
85.52485311031342,83.75314688682556
84.90738195180893,87.29661804437637
85.77191030979156,83.28408968448639
86.24643874168396,84.40156126022339
85.49896681308746,84.83503317832947
86.52949506044388,86.06350493431091
96.94902843236923,96.43997156620026
92.10857045650482,86.1124295592308
104.52810668945312,99.91589331626892
85.28064996004105,86.163350045681
86.29317897558212,90.31782102584839
86.41670763492584,84.17529237270355
85.53923606872559,85.92276394367218
89.03276407718658,86.41223591566086
86.23029267787933,83.88070732355118
85.20582085847855,82.47917914390564
85.9213490486145,87.09765094518661
84.87787806987762,83.69712191820145
85.57440668344498,82.64759331941605
95.91993522644043,83.28306478261948
88.04346352815628,84.66053646802902
86.35199177265167,84.90800821781158
89.19752115011215,90.00747883319855
92.93105345964432,86.25394654273987
102.07258981466293,104.07541018724442
87.19513303041458,86.081866979599
84.74566221237183,83.71833777427673
86.22019016742706,85.48380982875824
84.88071858882904,85.1572813987732
83.57724612951279,86.03375387191772
87.75577485561371,87.8552251458168
86.74930328130722,83.95469671487808
84.50183176994324,84.46116822957993
85.58836048841476,83.46763950586319
85.30388879776001,88.75211119651794
86.42641758918762,84.12858241796494
86.2719458937645,84.39405411481857
84.9324739575386,85.71552604436874
88.96300280094147,84.48199719190598
93.8085355758667,88.72846442461014
104.58007264137268,99.75392735004425
91.3506166934967,93.83438330888748
87.1041448712349,82.80385512113571
85.6156735420227,85.3843264579773
85.66520154476166,86.07679843902588
84.99172919988632,85.26827079057693
85.8372568488121,86.49674314260483
88.08878606557846,84.1702139377594
84.62031489610672,86.15768510103226
84.03984272480011,84.72015726566315
84.45837086439133,87.02162915468216
85.82289832830429,84.69510167837143
88.85342717170715,85.62757283449173
87.95795863866806,86.94904136657715
89.859490275383,88.56650972366333
95.4630246758461,94.79497534036636
105.36456644535065,100.96943354606628
94.48711061477661,90.19788938760757
84.11064088344574,88.3333591222763
86.19716846942902,86.09983152151108
86.5236964225769,85.12430357933044
85.40522426366806,85.92677575349808
87.04775160551071,85.73024839162827
88.46627914905548,84.73672086000443
84.62680703401566,87.35419297218323
86.97233414649963,83.2686658501625
85.28086197376251,85.09013801813126
98.68138962984085,85.74461036920547
82.17491734027863,84.28808265924454
87.6694445014,89.01655548810959
88.10697358846664,90.78302639722824
94.80450797080994,93.2334920167923
86.48304629325867,87.90595370531082
89.58657652139664,88.28342348337173
86.37711030244827,88.71588969230652
84.38863956928253,86.18536043167114
88.01216703653336,85.72883296012878
86.43169647455215,84.34630352258682
86.53622436523438,85.0377756357193
84.95475226640701,85.00724774599075
84.4302796125412,86.62572038173676
88.81280714273453,87.53819286823273
84.76933532953262,83.6566646695137
84.59586352109909,86.21913647651672
84.14539104700089,89.85460895299911
84.87891852855682,83.65708148479462
88.15044724941254,86.71955275535583
100.6249817609787,93.80101823806763
87.08252155780792,87.25147843360901
90.02005249261856,88.05394750833511
85.58758503198624,88.17141497135162
85.50711351633072,84.34488648176193
85.92664128541946,84.48135870695114
84.64216929674149,85.48783069849014
88.13569778203964,88.34530222415924
85.57422679662704,86.11077320575714
84.4747542142868,86.06324577331543
84.78228145837784,83.79071855545044
85.66581243276596,83.33418756723404
86.17634028196335,85.50765973329544
85.48586767911911,86.1251323223114
85.07139539718628,84.65060460567474
88.67692387104034,88.08207613229752
98.09645813703537,93.62654185295105
88.32999968528748,88.78100031614304
97.41653090715408,98.00946909189224
86.85406494140625,84.73893505334854
84.62459403276443,85.26340597867966
86.61812174320221,84.10387825965881
82.55664932727814,85.59135067462921
86.60617768764496,92.04282230138779
87.93270665407181,86.49329334497452
85.4812348484993,86.29676514863968
85.04876345396042,82.78423655033112
84.07929164171219,83.77170836925507
86.2768195271492,85.83418047428131
83.64034730195999,84.87765270471573
85.67087477445602,84.92112523317337
95.62740367650986,91.27959632873535
95.73293745517731,91.60106253623962
87.96647697687149,90.05252301692963
108.77500933408737,102.0959906578064
85.71254974603653,85.63945025205612
87.46607834100723,86.23892164230347
84.51460665464401,85.1883933544159
85.95213449001312,86.21386551856995
86.09466207027435,85.59133791923523
86.2541897892952,83.06081020832062
79.28471714258194,87.60428285598755
79.13024443387985,81.77675557136536
84.9567723274231,85.0432276725769
85.82129997015,88.79070001840591
83.03582805395126,84.83317196369171
85.60435539484024,82.7286446094513
90.74588429927826,86.64311569929123
92.55441504716873,88.50158494710922
90.52894908189774,89.74905091524124
101.46748435497284,100.7735156416893
88.79402750730515,89.66897249221802
85.3245575428009,85.3794424533844
85.52108609676361,85.21891391277313
93.20061433315277,84.63338565826416
85.91514366865158,84.21385633945465
85.11367219686508,83.38732779026031
85.01420110464096,86.87579894065857
86.39672899246216,83.91827100515366
85.51925665140152,82.68474334478378
91.40178549289703,89.61621451377869
83.30231392383575,86.40068608522415
86.83384197950363,83.7031580209732
96.62337160110474,93.09962838888168
90.20890200138092,84.47509801387787
98.96143287420273,95.55656713247299
101.93696892261505,101.45203107595444
92.52351289987564,85.68148708343506
93.99804419279099,88.13095581531525
86.56557238101959,84.37842762470245
83.26310068368912,86.38589930534363
94.92262953519821,88.41037046909332
83.34215861558914,83.50984138250351
92.11368781328201,89.18231219053268
87.44021570682526,83.410784304142
86.65674352645874,83.39925646781921
90.48227244615555,87.9617275595665
83.4948006272316,85.41319936513901
87.06232964992523,83.19667035341263
91.16685909032822,89.09214091300964
86.14238852262497,84.37661147117615
101.07991915941238,100.97508084774017
107.66645658016205,105.22354340553284
88.80799919366837,89.8590008020401
91.87552964687347,88.38447034358978
88.2770586013794,87.14994138479233
87.01058715581894,85.47141283750534
91.09611630439758,87.7928836941719
85.86764514446259,86.78035485744476
93.2321737408638,91.2688262462616
84.78070145845413,86.62629854679108
87.79322981834412,83.96677017211914
90.76775932312012,88.02824068069458
83.35428792238235,86.64671206474304
88.51381611824036,82.9491838812828
93.43334549665451,91.60365450382233
85.64887499809265,83.77712500095367
102.86440736055374,99.4685926437378
108.57995063066483,99.9380493760109
88.00049561262131,87.66650438308716
94.66002547740936,90.3949745297432
82.20955640077591,86.36444360017776
87.20208448171616,84.42691552639008
89.43661284446716,90.98938715457916
84.30114096403122,85.77285903692245
87.38666862249374,92.20533138513565
84.69519639015198,85.52680361270905
86.24472415447235,86.84827584028244
89.66325259208679,91.44774740934372
92.58278065919876,92.23221933841705
83.48330873250961,85.6266912817955
89.62483751773834,89.68916249275208
86.98936587572098,87.2876341342926
106.14989912509918,100.035100877285
104.01344376802444,96.3385562300682
86.48899155855179,92.71500843763351
87.75952339172363,90.46247661113739
84.62305164337158,87.8579483628273
87.43157988786697,84.88342010974884
92.52418076992035,93.5318192243576
84.2947108745575,85.39028912782669
85.39923858642578,86.98976141214371
92.43076628446579,90.01423370838165
88.59029453992844,92.07670545578003
85.50982213020325,85.58317786455154
94.42935061454773,93.29364937543869
87.42287969589233,84.98412030935287
105.84241300821304,100.56558698415756
87.53895288705826,87.5170471072197
89.84748381376266,90.89351618289948
91.3410165309906,91.56598347425461
84.13154482841492,87.16545516252518
87.43807250261307,86.80192750692368
90.06160074472427,91.90039926767349
85.4081289768219,86.05587100982666
89.95665663480759,92.48834335803986
86.22818398475647,85.30981600284576
87.14671182632446,84.59328818321228
91.52924025058746,89.69275975227356
84.02376794815063,88.82923203706741
86.73929566144943,85.33570432662964
101.4358252286911,95.19417476654053
92.02135473489761,85.05164527893066
108.40388667583466,98.42911332845688
95.9534319639206,92.41656804084778
90.24296283721924,89.77503716945648
90.4964941740036,89.46750581264496
84.15602147579193,86.02897852659225
89.40954905748367,87.85045093297958
91.8100762963295,91.70892369747162
85.3776039481163,88.08539605140686
90.92613130807877,91.3328686952591
84.4196588397026,84.43234115839005
85.17218667268753,85.82781332731247
87.29571402072906,95.50028598308563
83.88224124908447,87.82175874710083
85.04176849126816,85.12423151731491
100.94329643249512,115.42770355939865
85.0658255815506,87.28617441654205
107.78235918283463,99.10664081573486
96.03490197658539,94.42809802293777
96.45343619585037,94.69356381893158
90.09596937894821,90.12703061103821
84.99649667739868,86.6885033249855
90.02702450752258,85.60297548770905
88.33555203676224,90.4054479598999
85.25507938861847,86.05992060899734
90.59960651397705,91.06639349460602
86.64913409948349,85.77686589956284
86.66166239976883,87.04233759641647
90.54418987035751,90.78981012105942
89.85171699523926,92.63028299808502
88.71624433994293,85.37675565481186
99.07977372407913,94.88322627544403
85.5543023943901,85.50169759988785
92.25183022022247,92.0261697769165
90.85636019706726,88.42063981294632
104.79389643669128,98.33510357141495
92.78843885660172,92.8225611448288
84.66996711492538,86.92203289270401
87.34849506616592,86.03950494527817
88.06402271986008,89.76897728443146
85.7435502409935,85.33044975996017
90.08907771110535,92.83692228794098
84.47060465812683,85.28839534521103
87.13113188743591,89.20286810398102
90.56865900754929,92.43034100532532
88.17318606376648,90.56681394577026
83.42571294307709,87.70228707790375
100.53124129772186,95.19175869226456
86.82077014446259,86.62422984838486
93.7402976155281,91.74070239067078
101.65983062982559,93.82216936349869
100.7273668050766,96.49563318490982
90.25791090726852,92.94608908891678
86.80743902921677,88.52656096220016
89.00396698713303,90.36603301763535
88.88649439811707,89.16950559616089
86.06502193212509,88.43497806787491
90.18754935264587,93.73845064640045
82.90407645702362,86.70692354440689
82.30460399389267,85.6583960056305
90.13113176822662,89.57286822795868
84.79265975952148,87.11534023284912
87.39618706703186,86.84481292963028
100.01971530914307,94.81428468227386
82.75424367189407,84.87575632333755
92.43177080154419,92.86422920227051
95.07430189847946,92.07369810342789
104.41884464025497,98.2471553683281
91.11638861894608,92.1616113781929
92.1786373257637,80.35736268758774
97.04528397321701,84.19471603631973
95.70893031358719,83.19906967878342
91.01957666873932,77.85142332315445
97.21922296285629,83.8737770318985
91.49286913871765,77.32213085889816
91.69251525402069,77.97348475456238
98.17016136646271,84.1448386311531
92.03680753707886,81.46319246292114
95.51445364952087,80.50354635715485
107.51010048389435,87.56289952993393
91.71074748039246,77.0492525100708
92.46639394760132,79.2566060423851
107.62904244661331,85.42695754766464
110.43969714641571,90.52330285310745
92.01035112142563,80.30464887619019
90.57999759912491,80.17900240421295
96.77964395284653,82.60835605859756
91.2762902379036,78.79870975017548
91.93893659114838,78.89406341314316
91.25058269500732,80.89841729402542
94.70822888612747,77.69877111911774
90.37187498807907,81.4981250166893
92.47852116823196,79.29847884178162
94.12316733598709,87.20983266830444
92.3968134522438,85.69518655538559
106.48646026849747,88.86553972959518
94.40810745954514,79.70289254188538
91.44175398349762,79.2812460064888
101.75140273571014,85.93259727954865
107.5070573091507,90.45494270324707
94.26271170377731,81.40328830480576
90.09235835075378,80.12964165210724
94.73700511455536,83.24499487876892
89.34465169906616,78.50834828615189
91.50629824399948,79.40070176124573
90.74394458532333,83.92305541038513
90.33159071207047,83.6304093003273
93.30923694372177,80.50476306676865
91.97288352251053,80.50911647081375
106.41352963447571,87.64247035980225
91.33517581224442,79.09082418680191
107.4048222899437,89.76117771863937
91.27247023582458,79.2095297574997
91.23111653327942,82.00988346338272
104.33876496553421,86.29123502969742
112.77841991186142,90.96258008480072
92.16407597064972,82.37292402982712
92.30772292613983,80.69127708673477
96.45236957073212,84.45463043451309
88.8560162782669,79.90298372507095
91.70366287231445,78.57333713769913
90.79230922460556,81.41169077157974
92.56695538759232,78.11904460191727
91.04460233449936,79.32639765739441
91.55924862623215,79.2927513718605
92.46189475059509,81.74110525846481
89.66254091262817,79.28245908021927
104.78818768262863,88.28581231832504
92.19083458185196,78.41916543245316
91.76148092746735,79.88651907444
107.05312925577164,85.96387070417404
93.82778257131577,81.20921742916107
97.36043083667755,84.91656917333603
95.98607957363129,86.4949204325676
98.14972621202469,84.49827378988266
92.27637255191803,81.52062743902206
92.0860196352005,86.19098037481308
91.84166610240936,82.3243339061737
91.72631233930588,79.23568767309189
90.70495891571045,80.61004108190536
91.79360508918762,79.68839490413666
91.17825186252594,84.91374814510345
92.50789803266525,79.21510195732117
107.46654599905014,90.31145399808884
97.59219288825989,84.42580711841583
92.95883935689926,81.41116064786911
104.06648814678192,84.5635118484497
96.78414261341095,83.32585740089417
97.81779217720032,83.97920781373978
92.42544168233871,86.64955830574036
97.45808935165405,85.74591064453125
91.52873653173447,79.71226346492767
91.30238324403763,81.49361675977707
92.8350300192833,81.5529699921608
90.25767630338669,85.74232369661331
90.49432277679443,80.44967722892761
91.7679693698883,79.32403063774109
98.26461660861969,87.06938338279724
93.00126302242279,80.62873697280884
104.73790991306305,89.85509008169174
86.64155703783035,79.58044296503067
93.13820385932922,80.73279613256454
90.8008503317833,80.71814966201782
95.1674981713295,83.85050183534622
99.05214774608612,83.44785225391388
90.93779683113098,80.76620316505432
98.11844372749329,85.75155627727509
90.41109073162079,79.51490926742554
92.09273743629456,80.70426255464554
90.62538403272629,80.2636159658432
90.47403037548065,81.19396960735321
91.58067673444748,78.97432327270508
91.98432350158691,80.40467649698257
100.03597009181976,86.50102990865707
91.12461704015732,80.70938295125961
106.17626374959946,89.3797362446785
90.50591081380844,80.08708918094635
92.48255759477615,81.51744240522385
89.5712041258812,79.40979588031769
95.56785160303116,83.63514840602875
108.56450229883194,91.71349769830704
90.74515569210052,81.23584431409836
98.61180281639099,86.59119719266891
90.66444957256317,82.72455042600632
90.58609628677368,79.8959037065506
105.2487444281578,92.3622555732727
90.05939507484436,80.79260492324829
89.96304196119308,80.99995803833008
89.44069015979767,80.48530983924866
98.80733680725098,80.24766319990158
90.50698345899582,79.36301654577255
102.6696298122406,92.97837018966675
90.20327639579773,79.64872360229492
91.53292298316956,81.15307700634003
91.28756952285767,79.5824304819107
102.48721772432327,87.06778228282928
107.96487212181091,91.96012789011002
90.0545261502266,82.98247385025024
95.9201729297638,86.44982707500458
90.21281945705414,82.63918054103851
90.468465924263,81.40253406763077
87.39011257886887,81.85088741779327
90.6087589263916,79.85424107313156
89.56840652227402,79.08059346675873
89.17505311965942,80.89894688129425
92.8756994009018,82.79130059480667
88.35234588384628,79.98165410757065
105.07099258899689,92.50400739908218
90.82563960552216,79.69136041402817
104.7302862405777,91.5667137503624
90.85593283176422,81.05206716060638
103.64758121967316,89.2044187784195
107.82923609018326,91.6337639093399
91.65888965129852,85.67411035299301
94.74653685092926,87.604463160038
90.05818331241608,81.94181668758392
90.99882984161377,79.81517016887665
89.77347654104233,82.2645234465599
87.6201239824295,79.71287602186203
92.69077026844025,84.40122973918915
94.40941697359085,86.71958303451538
92.1830632686615,87.55793672800064
90.7717096209526,80.46929037570953
105.24935591220856,92.32364410161972
97.81900250911713,84.54999750852585
91.22364908456802,81.53635090589523
90.72029536962509,82.15070462226868
101.27094382047653,87.08105617761612
111.73059862852097,98.9364013671875
88.5962523818016,82.62574762105942
96.37089931964874,89.74010068178177
89.90354627370834,81.26245373487473
94.45619302988052,80.98880696296692
87.84084087610245,85.2151591181755
88.78148740530014,81.3675125837326
89.90713375806808,80.44486624002457
88.51478052139282,80.98521947860718
99.52942699193954,88.43457299470901
87.04307347536087,79.77192652225494
103.18772023916245,91.31227976083755
90.10936689376831,81.44563311338425
90.3100135922432,81.76498639583588
89.10165995359421,81.47134006023407
102.45030814409256,91.32769185304642
105.29796296358109,91.14603704214096
90.58961659669876,84.39038342237473
100.01326417922974,86.26473581790924
92.2119112610817,80.84308874607086
90.19055765867233,80.62544232606888
99.20420438051224,89.11079561710358
91.23785096406937,79.9281490445137
90.65949732065201,81.89550268650055
90.50814408063889,80.3808559179306
91.54179042577744,82.14420956373215
90.46243685483932,84.11156314611435
104.36608326435089,89.91191673278809
89.4737298488617,81.5262701511383
91.2283765077591,82.58562350273132
89.31802278757095,80.81197720766068
102.6476714015007,90.8533285856247
106.58832633495331,91.98567366600037
90.06598031520844,83.10101968050003
94.35762721300125,87.75237280130386
88.6132737994194,81.05372619628906
90.88691979646683,80.5390802025795
88.84656643867493,81.72743356227875
86.21321272850037,80.87978726625443
89.48685896396637,80.90214103460312
87.26050537824631,81.60949462652206
92.2751515507698,81.89184844493866
89.956798017025,80.89520198106766
101.95344442129135,91.26955556869507
88.61509090662003,82.27290910482407
90.31573790311813,82.27726209163666
89.4593842625618,81.05861574411392
104.36303281784058,92.34096717834473
95.67468839883804,87.78931158781052
95.87433862686157,86.12566137313843
93.35198801755905,86.83401197195053
90.12563467025757,81.57836532592773
90.54728138446808,81.11871862411499
90.39492815732956,82.0670718550682
88.44757467508316,80.18242532014847
88.49922096729279,82.16777902841568
87.88386726379395,81.0611327290535
98.30551367998123,89.43448632955551
88.33916050195694,81.67983949184418
102.15080678462982,91.90619319677353
89.44245314598083,81.61354684829712
90.49410003423691,82.39489996433258
87.0277464389801,80.99125355482101
87.85639292001724,81.55060708522797
91.72304058074951,84.7959594130516
93.53469032049179,90.44730967283249
93.15933954715729,86.15466046333313
87.8049864768982,83.17701351642609
90.0966329574585,83.53236705064774
88.0562795996666,83.14772039651871
89.99592590332031,85.3180741071701
87.82557225227356,82.67442774772644
87.63621842861176,82.1227815747261
97.0218648314476,90.31113517284393
89.75851172208786,84.00048828125
102.42115819454193,91.92984181642532
89.04680466651917,83.10019534826279
91.61745142936707,86.86354857683182
87.4840978384018,82.21990215778351
88.10974425077438,81.63125574588776
95.01339203119278,85.9676079750061
94.49104225635529,85.32395774126053
92.26469123363495,87.47630876302719
87.92733776569366,83.57266223430634
88.9049841761589,82.18701583147049
88.90163087844849,84.63636910915375
87.8242774605751,81.1767225265503
88.33792382478714,81.45807617902756
87.51957017183304,81.79542982578278
91.23721641302109,83.59578359127045
88.52986294031143,81.19213706254959
105.63750928640366,90.38149070739746
87.70815604925156,82.07084393501282
88.74080282449722,82.03719717264175
88.49644923210144,86.0415507555008
93.30709570646286,82.82290428876877
97.26574462652206,89.82725536823273
106.37339925765991,92.79360073804855
94.16605359315872,87.63094639778137
88.47670036554337,81.70829963684082
88.38034671545029,82.61965328454971
88.63599330186844,83.95700669288635
88.5766396522522,81.64536035060883
88.7202860713005,83.03871393203735
87.41993254423141,82.35806745290756
92.28657895326614,84.36042106151581
88.39422553777695,81.69877445697784
106.11287212371826,91.62812787294388
89.33051890134811,81.22448110580444
89.56716549396515,86.63683450222015
85.37881189584732,81.95518809556961
87.63345831632614,84.3105416893959
98.25910699367523,88.83289301395416
112.16276198625565,95.83623802661896
93.15941804647446,88.87758195400238
88.63706487417221,81.9739351272583
88.55871117115021,83.31128883361816
88.62935763597488,85.22264236211777
85.57000386714935,81.577996134758
87.6396501660347,82.60034984350204
86.96929639577866,82.62370359897614
94.07694280147552,89.3490571975708
87.88758933544159,83.5014106631279
108.53223550319672,92.22676450014114
88.58388221263885,83.52811777591705
89.41352880001068,82.7724711894989
88.50117510557175,83.53582489490509
88.81282150745392,82.28017848730087
109.14247059822083,93.11752939224243
109.73112779855728,97.5468721985817
95.78178244829178,89.7912175655365
87.16742914915085,84.05457085371017
86.97907537221909,82.94792461395264
87.456722676754,83.58027732372284
96.11936902999878,81.99163097143173
87.69001531600952,81.31098467111588
86.796661734581,83.94433826208115
95.95930808782578,90.68869191408157
95.63995462656021,86.48904538154602
105.08060097694397,93.77039903402328
86.89224773645401,81.83075225353241
89.51789426803589,83.48210573196411
86.6625406742096,82.56045931577682
87.32418686151505,82.60081315040588
98.24683564901352,88.23516434431076
106.50249010324478,99.03450989723206
96.1841441988945,88.64985579252243
88.23579090833664,83.35720908641815
87.34243762493134,82.89756238460541
89.19008421897888,85.27191579341888
87.42773079872131,82.10926920175552
99.01637721061707,84.68762278556824
86.66102355718613,82.7659764289856
90.60066992044449,85.0843300819397
86.78231644630432,83.05168354511261
104.85196274518967,94.83203727006912
88.57060915231705,85.42939084768295
88.28925585746765,83.91474413871765
85.48890227079391,83.4180977344513
89.70754849910736,85.36645150184631
96.1671970486641,94.05580294132233
105.25485211610794,93.93014788627625
97.62150597572327,89.58149403333664
87.52515286207199,82.5668471455574
89.20679944753647,85.84820055961609
87.77744626998901,82.11155372858047
87.38309264183044,82.18990737199783
87.17673909664154,85.87926089763641
100.41338557004929,85.69761443138123
90.11303198337555,84.16496801376343
87.96167850494385,82.53832149505615
110.73532509803772,93.91367489099503
87.61997181177139,89.2690281867981
88.00461846590042,82.23638153076172
90.687264919281,83.88773506879807
89.62691122293472,84.66908878087997
100.90056025981903,91.6364397406578
105.82321602106094,94.84378397464752
93.48587036132812,91.57012963294983
86.64851707220078,82.90748292207718
88.44116365909576,85.48483633995056
106.86281085014343,92.15518915653229
85.52545726299286,85.49354273080826
87.22610348463058,83.19989651441574
87.88874983787537,85.5742501616478
97.8483961224556,87.07860386371613
86.97404265403748,83.23095732927322
110.48768919706345,93.1603108048439
88.02133584022522,86.86766415834427
87.85098242759705,82.72301757335663
85.7916287779808,84.69037121534348
86.80627501010895,83.73172497749329
86.33892148733139,84.40207850933075
100.83457070589066,94.517429292202
100.10922461748123,93.00177538394928
81.54887288808823,85.80212712287903
87.0455191731453,85.17648082971573
88.35616582632065,83.43983417749405
89.0378121137619,85.6661878824234
89.75545853376389,85.28054147958755
88.3821052312851,86.28389477729797
95.58175158500671,87.34324842691422
87.85539811849594,85.23660188913345
106.25904458761215,92.72195541858673
87.45969122648239,85.67030876874924
87.88133823871613,83.2486617565155
86.39498460292816,83.19701540470123
86.8926311135292,83.79336887598038
85.36927753686905,86.29672247171402
91.49492478370667,87.74507522583008
99.36157464981079,91.78642535209656
86.82122296094894,86.58677703142166
88.66887003183365,87.31212997436523
87.99851679801941,84.6124832034111
86.56816351413727,83.56183648109436
86.3978099822998,83.73219001293182
90.65345627069473,86.69754374027252
89.42710250616074,85.36889749765396
88.01574891805649,83.55825108289719
108.0123952627182,94.70960474014282
84.48904168605804,87.82495832443237
87.06068819761276,82.53231179714203
84.22233462333679,83.92566537857056
87.97798109054565,84.31801891326904
86.97462785243988,85.22937214374542
98.76627689599991,90.80772310495377
99.05893051624298,97.77406948804855
86.2965789437294,84.94542104005814
88.31122559309006,85.59677439928055
84.67687219381332,85.10012781620026
85.8025187253952,85.95648127794266
86.65116512775421,84.57083487510681
87.49881160259247,86.5751883983612
90.60645794868469,84.37554204463959
87.08310443162918,83.91589558124542
106.61675071716309,96.17924928665161
89.76139724254608,85.88660275936127
86.4980440735817,83.5939559340477
88.34569334983826,83.1173066496849
84.71333974599838,83.9726602435112
86.17198622226715,88.3840137720108
100.48263454437256,93.25836545228958
110.68228900432587,98.9847109913826
97.69694191217422,87.21105808019638
86.97058832645416,88.04741168022156
86.70723509788513,85.36576491594315
85.8708815574646,83.64811843633652
84.73752790689468,84.85547208786011
87.01117449998856,86.4518254995346
95.08182102441788,90.56617897748947
86.35546779632568,84.29353219270706
107.96211439371109,94.25988560914993
90.06976145505905,88.74523854255676
87.38040971755981,84.4335902929306
89.98805630207062,84.34594368934631
85.0207028388977,86.01629716157913
87.01734960079193,85.8156504034996
99.36499869823456,93.45000129938126
112.71265357732773,100.78734642267227
86.69130700826645,85.56869298219681
87.4459536075592,88.461046397686
85.84960055351257,91.20639944076538
86.69724702835083,83.87575298547745
84.91589349508286,86.28710651397705
85.63453996181488,86.56946003437042
95.48318648338318,90.42481350898743
83.81183308362961,84.61416691541672
100.95648157596588,95.41451841592789
85.67512798309326,86.36287200450897
84.59677469730377,84.36622530221939
87.29542118310928,83.81457883119583
86.12606739997864,84.85593259334564
84.30671393871307,87.36028605699539
100.50636237859726,91.02963763475418
114.04001778364182,103.12598222494125
85.88867181539536,85.88932818174362
85.62531834840775,91.33868163824081
85.93596541881561,87.76803457736969
87.52461242675781,86.16038757562637
85.2802591919899,85.5157408118248
86.55390560626984,87.76109439134598
88.30855250358582,85.87544751167297
85.39819878339767,86.3798012137413
106.61584538221359,93.34715461730957
85.53849226236343,86.10950773954391
84.49713844060898,83.70686155557632
84.78978461027145,84.72921538352966
87.4154309630394,85.71356904506683
84.43007731437683,85.97792267799377
101.38972568511963,89.98127430677414
110.71838092803955,99.81861907243729
86.78903430700302,87.84096568822861
85.895681142807,88.40031886100769
84.02132737636566,83.97767263650894
88.96197366714478,87.14802634716034
85.84762048721313,84.54137951135635
84.75126671791077,89.13773328065872
86.339912712574,86.95708727836609
86.0585588812828,85.0534411072731
104.2022055387497,95.44579446315765
86.64385235309601,87.9681476354599
90.80549848079681,85.74950152635574
86.02414453029633,87.53085547685623
85.5017911195755,85.77520889043808
87.22043740749359,86.26156258583069
100.71608680486679,91.3759132027626
109.26774245500565,103.75025755167007
87.61539673805237,87.2536032795906
86.445043861866,86.92495614290237
86.23769044876099,85.63230955600739
85.14233726263046,86.6176627278328
86.785983979702,87.10301601886749
84.89263010025024,86.36636990308762
93.24127614498138,89.53672385215759
85.38492238521576,85.11407762765884
105.97356897592545,95.062431037426
84.85921585559845,91.32578414678574
83.70686203241348,85.03313797712326
86.42550820112228,85.40749180316925
85.18115448951721,85.24584549665451
83.28780096769333,86.9341990351677
85.83944737911224,85.14255261421204
110.76109564304352,99.68290436267853
86.20274943113327,85.77925056219101
85.36439627408981,94.37560373544693
83.37904268503189,85.54595732688904
84.76468908786774,85.66131091117859
85.03833544254303,87.49866455793381
85.44198155403137,87.26201844215393
93.19762778282166,90.87737220525742
86.8602739572525,87.73172605037689
110.8749207854271,97.45807921886444
86.87156814336777,88.7954318523407
87.55221503973007,85.46678495407104
84.69586181640625,87.76613819599152
85.7485082745552,86.19649171829224
87.43609970808029,90.21190029382706
84.4877467751503,91.27125322818756
83.94739282131195,85.608607172966
86.48103892803192,87.35296106338501
84.90268510580063,86.04231488704681
84.32533103227615,86.00866895914078
86.9129769206047,87.5870230793953
84.57662272453308,85.59037727117538
103.66426861286163,93.20573139190674
82.75391465425491,88.17208534479141
83.52756071090698,84.10243928432465
82.13520675897598,85.2537932395935
90.37185317277908,93.14714682102203
93.27550077438354,92.70549923181534
83.03014707565308,85.32085293531418
95.67479455471039,104.47320544719696
85.50344508886337,90.99555492401123
83.74109184741974,90.01790815591812
82.4417377114296,84.81826227903366
85.73338377475739,86.41461622714996
84.56202960014343,86.78897041082382
85.18867552280426,89.08832448720932
104.85132157802582,86.83467841148376
84.16196781396866,85.87403219938278
104.0286146402359,96.24938535690308
83.67326080799103,88.82673919200897
84.29790651798248,84.81209349632263
86.77655273675919,91.09344726800919
84.73519974946976,87.94980025291443
84.7138461470604,88.60215383768082
83.43149197101593,85.1055080294609
99.92813909053802,104.77586090564728
87.14578974246979,93.46521025896072
85.6054368019104,91.52456319332123
82.80508321523666,87.93591678142548
83.54172962903976,89.29127037525177
83.96437549591064,87.92462450265884
83.29302150011063,89.66997849941254
93.34466743469238,90.26633256673813
88.06331342458725,87.36268657445908
102.50395941734314,99.19904059171677
84.44460535049438,89.61139464378357
84.05225259065628,86.89274740219116
82.80689835548401,84.95210164785385
83.11754411458969,87.16045588254929
81.89219009876251,87.5158098936081
86.6288360953331,88.29716390371323
102.34748351573944,106.28251647949219
94.78813409805298,103.67486590147018
86.26478415727615,95.25321584939957
82.68743079900742,85.40456920862198
84.22107708454132,87.33492290973663
84.29072296619415,88.37527704238892
81.73136925697327,89.04663074016571
91.85701513290405,93.97598487138748
85.61266112327576,88.60933887958527
101.38630694150925,98.57569307088852
83.86395287513733,90.78404712677002
83.82359886169434,85.7134011387825
81.31924486160278,88.82875514030457
84.03789067268372,87.09210932254791
82.86753696203232,89.42946302890778
82.82618284225464,86.96981716156006
98.78583025932312,106.21416974067688
103.35448235273361,106.29251766204834
99.22213780879974,107.5188621878624
80.27379041910172,84.52320957183838
83.63943648338318,86.10056352615356
83.54308259487152,90.12291741371155
83.37272876501083,90.29327124357224
87.20237499475479,86.79762500524521
84.62502133846283,87.63497865200043
103.65766787528992,94.49033212661743
85.19031411409378,90.7906858921051
82.85396003723145,85.12703996896744
81.66460645198822,86.77939355373383
83.03125262260437,88.22774738073349
82.45389837026596,87.3061016201973
83.80054420232773,85.86545580625534
100.55619215965271,104.46180784702301
95.55284368991852,96.44715631008148
84.78949558734894,90.28450441360474
83.82314211130142,89.23285788297653
84.55878847837448,87.34821152687073
83.61143463850021,92.11056536436081
83.81108051538467,87.52291947603226
86.65972644090652,87.69327354431152
83.85937237739563,87.17762762308121
104.11501830816269,96.83098167181015
83.64766442775726,92.03833556175232
86.08831024169922,87.07868975400925
83.34395736455917,85.60104262828827
83.48760336637497,88.78939664363861
83.44624948501587,89.46075052022934
82.23889577388763,87.46510422229767
100.36454355716705,106.67245644330978
96.2871961593628,104.63880383968353
84.85784822702408,94.75415176153183
82.0574945807457,85.51650542020798
82.40514039993286,86.90985959768295
83.0497864484787,88.9502135515213
84.00843244791031,92.17656755447388
87.43007832765579,95.03292167186737
82.44472408294678,88.40727591514587
101.44137006998062,98.22562992572784
84.28901582956314,90.5439841747284
83.37766188383102,86.52933812141418
86.61530786752701,86.84769213199615
82.57395529747009,88.00004470348358
82.8656011223793,89.11539888381958
82.84424722194672,88.32275277376175
87.32189327478409,95.12210673093796
95.0215408205986,105.83045917749405
85.5731930732727,92.55580693483353
82.25483965873718,87.44916033744812
84.76948583126068,85.04651415348053
82.96813255548477,87.23486745357513
82.55777889490128,88.29422110319138
92.42442518472672,90.55757480859756
78.23507136106491,86.65392863750458
100.10171812772751,92.97228187322617
85.83836531639099,90.27263468503952
96.66801172494888,91.88798826932907
84.68265801668167,85.54034197330475
88.97530454397202,87.80269545316696
83.43395215272903,90.06604784727097
83.42959827184677,86.55140173435211
91.0742444396019,92.35175555944443
105.53289252519608,106.09610748291016
86.91854536533356,93.67445462942123
83.43319243192673,86.14080756902695
85.53983926773071,85.60716074705124
84.61048579216003,88.29651421308517
83.21813261508942,87.02286738157272
85.34277880191803,87.13822120428085
80.98842513561249,87.45657485723495
113.92907184362411,97.49692815542221
84.31371867656708,90.1682813167572
84.53136533498764,85.89363467693329
83.25101161003113,85.23098838329315
83.44965821504593,88.71634179353714
81.8913049697876,86.25769501924515
80.62795120477676,86.743048787117
86.62359750270844,92.56140249967575
97.00924623012543,99.17675375938416
87.57890039682388,91.97709959745407
82.63054859638214,84.46245139837265
84.01519531011581,85.83680468797684
87.60484176874161,87.43215823173523
82.08148849010468,88.10351151227951
86.61513483524323,87.66286516189575
82.20378190279007,92.09221810102463
104.6634287238121,97.20757126808167
82.84407597780228,90.59992402791977
83.83972245454788,86.67827755212784
82.96636891365051,85.5526310801506
88.62901556491852,87.62998443841934
79.42166370153427,88.39333629608154
83.38030987977982,87.74969011545181
94.87695634365082,93.82704365253448
94.42760467529297,97.16439533233643
89.36925756931305,93.55674242973328
83.66090655326843,87.1720934510231
83.47155338525772,85.6384466290474
84.19020003080368,91.45779997110367
82.50184661149979,87.40615338087082
92.49749320745468,92.59550678730011
89.82714128494263,95.50585871934891
107.91579228639603,97.08420771360397
84.68944054841995,90.73655945062637
84.20408779382706,85.49891221523285
82.36673456430435,89.05926543474197
82.75238156318665,87.04361844062805
82.34102803468704,87.6039719581604
82.39267486333847,85.21932512521744
91.27732211351395,92.49967789649963
94.2549701333046,101.44802987575531
88.25162309408188,93.17437690496445
83.9882720708847,86.32672792673111
81.72491866350174,86.14508134126663
82.5735656619072,88.31643432378769
83.14321219921112,86.96778780221939
90.08385914564133,91.97114086151123
82.08050578832626,85.73449420928955
101.53915220499039,94.47984778881073
83.94279950857162,90.46520048379898
81.88344609737396,86.65355390310287
81.34209454059601,86.9729054570198
84.41274148225784,86.21725851297379
81.76038819551468,89.12861180305481
82.57103484869003,85.79896515607834
92.03068155050278,91.35831844806671
95.72933030128479,94.73266971111298
92.63298410177231,98.94001591205597
82.96263509988785,89.03636491298676
82.20028203725815,85.92871797084808
84.58492940664291,92.13707059621811
86.21157795190811,90.67842203378677
87.13322579860687,87.47777420282364
99.51887506246567,101.37112492322922
108.43953222036362,95.7824677824974
90.88018268346786,95.2868173122406
89.63583278656006,93.19816720485687
81.8724815249443,86.27451848983765
83.51712918281555,88.14987081289291
81.47577625513077,88.57922375202179
81.34242260456085,89.0095773935318
92.04306882619858,90.82793116569519
91.55671709775925,101.12828290462494
101.07237035036087,104.31762963533401
81.53102403879166,86.33997595310211
80.10067081451416,86.54732918739319
94.11631935834885,97.05068063735962
83.64897137880325,88.57302862405777
86.10861867666245,88.42838132381439
82.3442662358284,86.67373377084732
104.97091323137283,97.19608676433563
85.50356096029282,87.84743905067444
86.46220803260803,91.70379197597504
85.01385456323624,86.63414543867111
83.64050155878067,89.433498442173
80.9881483912468,87.54885160923004
81.66979515552521,87.0342048406601
93.75844168663025,93.3895583152771
86.86508876085281,96.70891124010086
100.50973933935165,95.98926067352295
83.3213923573494,86.99360764026642
80.33503931760788,87.38696068525314
83.31268638372421,88.53831362724304
83.23533296585083,88.1906670331955
87.78697955608368,90.52802044153214
81.02362698316574,86.88437300920486
103.18727374076843,95.20272624492645
80.42392146587372,89.41007852554321
80.2715682387352,87.35843175649643
83.30521476268768,87.34378522634506
84.72686159610748,89.2551383972168
80.48250836133957,87.12949162721634
85.03415524959564,90.29984474182129
102.82580184936523,93.08119815587997
82.78444856405258,86.32555145025253
95.559097468853,104.49690252542496
85.94475024938583,87.83424973487854
80.03339838981628,86.57760161161423
81.69504529237747,87.80395472049713
81.6546921133995,88.17830789089203
97.16933876276016,92.86766123771667
83.55498605966568,86.89001393318176
99.90263366699219,97.85636633634567
80.89828085899353,88.36071914434433
80.82092750072479,86.53107249736786
82.35357439517975,86.90542560815811
84.86822128295898,87.76177871227264
82.38286817073822,90.91313183307648
80.13851499557495,86.32448500394821
91.61616152524948,93.38383847475052
82.05680805444717,87.57319194078445
98.70145630836487,104.89154368638992
81.4931116104126,87.91388839483261
83.65575897693634,87.93624103069305
82.72640633583069,88.71859365701675
80.8150532245636,90.66694676876068
98.55169993638992,87.39230006933212
81.12234681844711,87.50765317678452
101.24699413776398,96.71500587463379
83.09564113616943,89.49635887145996
84.66628789901733,91.79671210050583
82.64393490552902,87.31906509399414
81.91758173704147,90.02741825580597
81.46922850608826,88.17977148294449
81.26187539100647,86.59012460708618
91.48052215576172,94.3344778418541
81.43916887044907,87.94983112812042
101.19481772184372,106.0271822810173
81.3944725394249,88.97552746534348
80.00111997127533,87.36888003349304
81.57176697254181,89.89123302698135
81.41941386461258,89.24658614397049
85.06406044960022,88.23193955421448
82.41170752048492,89.18029248714447
100.51935487985611,97.75764513015747
81.6260017156601,88.92899829149246
86.95564824342728,91.24835175275803
82.26629519462585,87.25170481204987
81.55894213914871,87.03305786848068
81.83258891105652,91.40741109848022
82.03323620557785,88.48576378822327
90.65888297557831,95.35911703109741
82.19152933359146,87.566470682621
102.48418629169464,105.58881372213364
82.9058403968811,87.96415960788727
78.4944880604744,87.94951194524765
82.56513506174088,89.2128649353981
80.3767819404602,89.5312180519104
86.63242870569229,92.77557128667831
81.9610755443573,89.85392445325851
102.95672351121902,98.28327649831772
82.82437062263489,89.17562937736511
81.46801716089249,87.19898283481598
81.20466411113739,94.55433589220047
82.29331094026566,90.92868906259537
80.28995764255524,88.59904235601425
80.43360430002213,87.60239571332932
91.4672509431839,91.68074905872345
81.87089741230011,87.35110259056091
97.33054691553116,104.20645308494568
87.23420131206512,92.33979868888855
79.50685125589371,87.75214874744415
81.59549820423126,90.25550180673599
80.48114502429962,89.5368549823761
90.56979185342789,96.2272081375122
81.1214388012886,89.04556119441986
102.43308591842651,95.15991407632828
82.20573329925537,93.83026671409607
80.18437969684601,95.66762030124664
80.56902688741684,89.11597311496735
82.49167382717133,89.58332616090775
78.9133208990097,90.66167908906937
79.92796754837036,89.90603244304657
97.20161437988281,95.35338562726974
86.30926084518433,91.37673914432526
93.93490940332413,102.97209060192108
87.83856248855591,93.32843750715256
81.03821164369583,91.36978834867477
79.84885865449905,89.2071413397789
80.41950553655624,91.59949445724487
82.65615206956863,87.51084792613983
79.63279914855957,89.08820086717606
100.64844608306885,96.14755392074585
79.99609315395355,89.4479068517685
83.78873974084854,92.11826026439667
81.00738781690598,88.01161217689514
81.78103470802307,87.51496529579163
80.01768177747726,91.92731821537018
80.05132859945297,87.57867139577866
89.32497525215149,93.28602474927902
80.5436218380928,88.97537815570831
91.42827028036118,100.36772972345352
90.64692330360413,96.89007669687271
78.66157400608063,89.78242599964142
92.02722102403641,90.65777897834778
79.48686820268631,89.8281317949295
81.35251498222351,88.0544850230217
80.461161673069,96.28083831071854
105.1978091597557,97.24719083309174
80.7304562330246,99.04754376411438
83.70910304784775,92.80989694595337
81.35274982452393,89.68425017595291
80.68239670991898,90.41060328483582
80.80704349279404,91.35895651578903
80.3406902551651,87.62230974435806
88.24433690309525,93.32966309785843
82.74098348617554,90.35201650857925
80.38463044166565,89.92936956882477
95.91827881336212,105.47072118520737
81.4889320731163,89.4190679192543
81.33557915687561,90.68242084980011
89.90622621774673,90.53777378797531
85.64387285709381,92.8751271367073
83.2505195736885,89.73048043251038
98.98716694116592,98.21583306789398
80.39081394672394,90.96118605136871
78.77546072006226,88.61253929138184
78.97610712051392,87.56089287996292
81.86075401306152,88.5652459859848
78.80140167474747,92.34659832715988
80.03804832696915,89.59095168113708
89.36769479513168,93.44730520248413
93.78600066900253,108.01099932193756
97.87465333938599,104.08834666013718
79.27830684185028,89.12969315052032
81.82895416021347,90.65204584598541
79.21460115909576,96.17339885234833
101.00724798440933,94.08575201034546
80.37389481067657,91.55210518836975
107.3705421090126,99.35245788097382
76.75518983602524,89.13381016254425
89.76983791589737,90.84116208553314
81.35848498344421,89.36351501941681
82.35413193702698,92.07186806201935
80.05377918481827,94.8162208199501
81.05042612552643,90.5795738697052
88.63907277584076,95.1209272146225
81.82071936130524,91.03228062391281
79.98336637020111,89.75763362646103
101.66401571035385,104.22398430109024
78.82667142152786,90.11732858419418
80.34231871366501,91.93568128347397
78.78196543455124,92.40203458070755
79.94461226463318,90.35038775205612
83.23725897073746,91.26274102926254
103.10390621423721,97.9140937924385
82.19355618953705,92.69644379615784
86.61520284414291,94.58879715204239
79.86984932422638,90.3151506781578
81.25549626350403,90.61550372838974
79.71414321660995,91.1368567943573
80.21078997850418,89.04921001195908
87.92943668365479,97.62656331062317
78.33308309316635,89.88991689682007
81.66173022985458,91.80126976966858
98.08337950706482,104.98962050676346
77.8950343132019,90.88296568393707
76.70568114519119,93.03531885147095
80.53532773256302,91.46467226743698
79.77197462320328,90.91302537918091
85.11962163448334,92.24937838315964
96.48727893829346,99.34672105312347
81.16792619228363,93.86807382106781
83.44257307052612,93.29842692613602
79.90021979808807,90.02478021383286
77.6938665509224,89.8061334490776
81.1525132060051,91.42148679494858
78.9261605143547,90.81383949518204
86.1078069806099,94.20719301700592
80.52945339679718,88.85954660177231
78.52610033750534,90.12189966440201
100.02174878120422,106.01525121927261
80.51840460300446,92.50059539079666
77.7550522685051,93.00394773483276
78.43669897317886,93.76730102300644
85.63634580373764,95.34565418958664
81.92799282073975,90.812007188797
98.92464005947113,97.59335994720459
80.087287068367,91.57971292734146
79.19493359327316,88.78606641292572
79.76458036899567,90.4014196395874
76.7422268986702,88.81277310848236
78.31287354230881,90.87212646007538
79.91952031850815,91.0244796872139
87.32316690683365,95.49083310365677
80.91181337833405,91.56918662786484
78.7604603767395,92.81453961133957
96.20110911130905,105.96589088439941
80.69776386022568,95.21023613214493
77.08141124248505,91.82558876276016
78.96705770492554,91.29194229841232
85.75870484113693,94.44429516792297
82.55235183238983,94.3736481666565
95.880999147892,100.54400086402893
79.45164597034454,91.32635402679443
80.3182925581932,90.31170743703842
78.49893987178802,91.70406013727188
77.01458632946014,89.52341365814209
78.1222328543663,95.24876713752747
78.43187975883484,89.79012024402618
82.20652639865875,94.99747359752655
77.05417287349701,93.24182713031769
77.3278197646141,93.82018023729324
95.97246915102005,106.45353084802628
83.48712694644928,95.03087306022644
86.20577555894852,91.07222443819046
78.40442222356796,92.5575777888298
79.45706921815872,90.02493077516556
79.93471640348434,92.2142835855484
96.80036383867264,100.71763616800308
79.31601041555405,91.49898958206177
86.40465706586838,95.7813429236412
80.28930395841599,94.17369604110718
79.82295060157776,90.03004938364029
80.52259749174118,91.23740249872208
80.94524472951889,92.01875525712967
85.71789139509201,96.8921086192131
79.47353851795197,91.34146147966385
80.58018565177917,94.15981435775757
85.37383335828781,100.90416663885117
87.92448377609253,96.81551623344421
75.9951343536377,93.22686564922333
78.47278100252151,91.87921899557114
79.95042788982391,90.51257210969925
79.798075735569,95.2939242720604
96.64572334289551,100.27927666902542
80.23537057638168,95.76562941074371
83.76801753044128,96.52798247337341
79.0976642370224,91.43933576345444
77.44631093740463,91.81368905305862
78.64495784044266,92.87304216623306
78.69760501384735,92.11739498376846
86.17525154352188,97.17774844169617
90.46789860725403,94.62610137462616
80.27754557132721,91.11045444011688
77.94119203090668,92.11380797624588
85.73284024000168,102.76715975999832
76.34148997068405,92.99251002073288
79.3001366853714,92.47786331176758
85.3337836265564,95.63021636009216
80.08843046426773,93.39356952905655
96.32507795095444,99.11892205476761
81.26572495698929,92.79027503728867
78.78037190437317,92.16362810134888
77.7770192027092,96.46398079395294
75.97666603326797,92.15333396196365
76.91731268167496,93.3426873087883
76.67195975780487,90.6060402393341
81.094606757164,96.92339324951172
79.480253636837,91.59474635124207
79.10490095615387,93.78409904241562
78.36054784059525,90.47245216369629
111.20919704437256,101.82880294322968
76.75985151529312,95.0541484951973
78.38649833202362,92.79950165748596
83.23414540290833,97.22885459661484
79.24879240989685,94.02820760011673
95.81843960285187,100.71856039762497
79.48208665847778,93.98091334104538
78.9217334985733,89.96626651287079
77.91838020086288,92.35961979627609
75.06302672624588,93.93697327375412
78.13367319107056,95.64532679319382
77.72132045030594,90.35267955064774
84.77396702766418,98.07803297042847
79.86161416769028,92.06338584423065
78.9872612953186,93.62373870611191
76.55790787935257,91.07109212875366
89.68355679512024,101.79744321107864
88.56920951604843,94.87579047679901
77.93485671281815,93.82414329051971
80.8015034198761,90.34649658203125
80.39115035533905,91.62784963846207
97.3307973742485,100.22520262002945
80.16044437885284,94.376555621624
84.25009113550186,95.13990885019302
78.30073773860931,91.08826225996017
77.24138432741165,91.29561567306519
77.23703169822693,94.11496829986572
78.36367857456207,92.37732142210007
82.28632521629333,96.88167476654053
78.91097235679626,90.29202765226364
78.70361942052841,94.09238058328629
80.6062661409378,91.87373387813568
92.52991503477097,105.00808495283127
78.63656836748123,92.91943162679672
88.92921566963196,94.5337843298912
80.20186275243759,91.42613726854324
77.23550999164581,94.48549002408981
97.67715728282928,101.58284270763397
79.30180448293686,93.71619552373886
80.68745124340057,95.8865487575531
78.29509824514389,93.16890174150467
77.21674484014511,91.35725516080856
77.89739173650742,93.76860827207565
78.28303867578506,90.6799613237381
83.98268514871597,95.24031484127045
76.867331802845,92.68766820430756
76.97497868537903,94.59902131557465
79.23062628507614,90.99137371778488
89.80027490854263,101.43972510099411
77.4639276266098,95.18507236242294
77.77457535266876,93.4854246377945
95.99222248792648,97.00777751207352
79.15486967563629,95.1411303281784
98.8365170955658,102.34848290681839
78.68516421318054,93.7598357796669
77.92081105709076,91.85618895292282
77.67745780944824,90.93454217910767
76.54410457611084,93.38189542293549
79.3917515873909,94.62624841928482
77.53639870882034,90.42660129070282
85.90204530954361,97.57995468378067
79.6026918888092,93.86130809783936
82.26433897018433,92.53066104650497
78.96498674154282,91.2570132613182
94.66463541984558,100.6133645772934
80.40128982067108,95.30271017551422
78.69393819570541,95.6210618019104
87.24558568000793,95.36641430854797
81.07423305511475,93.8697669506073
94.75688058137894,102.4851194024086
79.12252759933472,92.6924723982811
78.65617454051971,93.30682545900345
77.52282130718231,98.53317868709564
75.96346783638,93.37053215503693
80.18211501836777,93.78188496828079
77.49276214838028,91.37823784351349
83.78440880775452,96.15959119796753
80.89205539226532,91.08994460105896
79.40670347213745,92.46329653263092
77.43935018777847,94.31964981555939
82.78799724578857,100.41600275039673
82.72864735126495,96.84635263681412
78.13229668140411,93.64570331573486
89.12894439697266,96.90905559062958
78.99459165334702,94.72740834951401
97.9352393746376,100.972760617733
78.46888649463654,93.3651134967804
84.40853363275528,101.55446636676788
77.18318033218384,93.22481966018677
75.9008269906044,90.95017302036285
76.97147363424301,92.82452636957169
78.98612076044083,90.5318792462349
84.25976753234863,100.40723246335983
78.84841537475586,91.35458463430405
74.65906250476837,93.22993749380112
78.0447091460228,91.36329084634781
76.744355738163,91.88564425706863
84.66700387001038,104.14799612760544
80.58865487575531,95.55934512615204
81.26930218935013,91.41569781303406
79.50694954395294,95.10405045747757
97.61459696292877,102.57040303945541
78.29524403810501,92.44475597143173
97.51289075613022,99.87610924243927
78.3055374622345,91.23146253824234
74.41318380832672,90.56881618499756
79.00183045864105,92.10916954278946
78.51647782325745,92.55752217769623
82.32812470197678,97.1538752913475
78.8977718949318,90.9912281036377
78.338418841362,92.43958115577698
76.39006567001343,92.35093432664871
79.83071237802505,94.2252876162529
88.9933608174324,101.3026391863823
78.86001372337341,94.12198626995087
88.15266215801239,100.81033784151077
79.20330947637558,91.90669053792953
97.34895712137222,100.31904286146164
79.69560414552689,92.35939586162567
77.93325108289719,92.49274891614914
85.89289778470993,97.2371022105217
79.1475448012352,93.18545520305634
75.40319138765335,92.61480861902237
80.9358382821083,94.95216172933578
82.19148480892181,95.42051523923874
76.63213181495667,91.60886818170547
84.12877875566483,97.7982212305069
76.66142547130585,91.30157452821732
83.56507211923599,95.7319278717041
101.70872104167938,103.99527895450592
80.39037430286407,95.79462569952011
85.70102167129517,97.00197833776474
78.91966897249222,95.96833103895187
98.47131645679474,98.08368355035782
94.61596363782883,100.60703635215759
77.81561040878296,90.57338958978653
83.97925716638565,97.61374282836914
77.8259037733078,93.69209623336792
78.67455071210861,94.36344927549362
87.61519753932953,95.75580245256424
84.4628455042839,95.72215449810028
78.884492456913,90.98550754785538
82.56613981723785,97.45286017656326
78.11778622865677,91.86321377754211
85.52143305540085,96.16356694698334
84.85108196735382,100.33391803503036
91.29173469543457,95.33826529979706
81.2693822979927,91.69361770153046
79.78402960300446,92.23397040367126
106.7616770863533,98.12732291221619
77.79532396793365,93.13167601823807
84.45697057247162,96.17302942276001
77.86161732673645,95.3983826637268
77.31926429271698,92.51273572444916
77.3909108042717,92.9060891866684
79.5155593752861,91.55844062566757
84.56820583343506,98.30179417133331
78.04485255479813,92.69514745473862
77.5224991440773,93.2735008597374
77.72214555740356,90.68485444784164
77.70079272985458,91.20720726251602
88.78944128751755,105.71055871248245
81.89609456062317,94.64090543985367
96.22574228048325,92.10725772380829
77.29638957977295,95.20361042022705
93.92203682661057,97.68996316194534
75.34468376636505,93.32231622934341
83.87733042240143,94.90066957473755
77.29897719621658,91.44202280044556
76.94362407922745,91.87137591838837
78.66227066516876,92.65372931957245
80.36191767454147,90.37908232212067
85.83956468105316,100.43843531608582
78.15021151304245,91.33178848028183
76.51685845851898,94.24214154481888
79.10550516843796,90.04249483346939
77.76815229654312,90.60284769535065
88.3378005027771,100.34719949960709
80.07545340061188,94.07254660129547
80.79410117864609,94.11389881372452
82.65974849462509,92.65525150299072
97.15639573335648,99.23360425233841
76.22604286670685,94.2179571390152
77.87068945169449,90.05531054735184
77.73633629083633,90.16966372728348
80.86298328638077,90.82201671600342
76.98862993717194,95.53037005662918
80.15127682685852,91.88572317361832
83.3139237165451,96.2970762848854
77.88357031345367,92.26342970132828
74.95421701669693,93.9717829823494
77.76486337184906,90.17913663387299
78.50251030921936,94.2574896812439
97.44315958023071,106.51984041929245
82.38381540775299,95.67218458652496
82.19446450471878,93.4905354976654
80.28311222791672,95.84688776731491
100.22375977039337,100.90524023771286
76.31240665912628,91.68659335374832
79.38305330276489,91.02394670248032
78.65670078992844,91.36129921674728
78.74534720182419,89.77265280485153
79.75999373197556,93.70300626754761
78.36764097213745,89.66935902833939
83.99328762292862,96.04471236467361
83.06293433904648,92.43606567382812
75.96658116579056,93.07041883468628
80.6482281088829,90.7587718963623
76.34787499904633,90.83712500333786
88.15852379798889,107.78547620773315
84.89517664909363,101.01082336902618
80.18782615661621,93.27517384290695
78.20247328281403,96.27852672338486
88.58812063932419,98.13487935066223
77.76876729726791,92.37923270463943
82.72841393947601,97.30858606100082
78.41006082296371,90.49793916940689
80.18270742893219,93.46529257297516
78.2723543047905,93.3206456899643
78.28700131177902,90.99099868535995
90.91264802217484,95.88335198163986
78.7042949795723,91.0917050242424
77.45994186401367,91.3180581331253
76.2525885105133,90.22941148281097
78.60023504495621,90.2147649526596
75.59688228368759,92.12511771917343
90.42653059959412,104.49946939945221
84.08918249607086,93.05881750583649
80.01082974672318,93.69317024946213
97.95147716999054,100.80752283334732
79.02212411165237,94.58987587690353
89.16677105426788,96.44522893428802
78.92141962051392,92.98558038473129
78.7700663805008,90.43393361568451
78.54371291399002,93.9752870798111
78.98435992002487,92.90464007854462
80.94400680065155,94.85299319028854
78.97665345668793,90.70834654569626
77.8613001704216,92.67569983005524
77.94994729757309,91.77205270528793
79.14959424734116,90.42340576648712
76.77524083852768,90.94675916433334
89.38288933038712,104.00611066818237
81.24954187870026,92.87945812940598
83.17118936777115,93.82881063222885
97.51883691549301,100.33216309547424
78.58948469161987,93.57751530408859
80.99313306808472,90.46986693143845
80.15578031539917,93.52921968698502
78.28142762184143,89.66257238388062
79.90707457065582,91.59292542934418
79.36672174930573,90.18927824497223
82.73236846923828,98.17363154888153
76.8030149936676,89.38198500871658
79.31766140460968,91.88533860445023
78.05530792474747,90.50069206953049
78.88395476341248,92.02304524183273
75.91760116815567,90.43439882993698
91.02424997091293,100.19775003194809
80.00190317630768,93.53409683704376
91.16555041074753,100.1684495806694
97.8471976518631,98.7458023428917
78.19384431838989,91.75015568733215
79.15349078178406,90.06950920820236
78.61313766241074,89.44286233186722
78.71978425979614,89.90921574831009
78.51243114471436,93.78456884622574
79.65707778930664,89.26892220973969
85.42972469329834,93.49527531862259
79.57437115907669,92.38862884044647
77.1820177435875,91.48498225212097
79.67766463756561,90.17433536052704
80.73031157255173,92.95568841695786
75.68895870447159,90.53304129838943
89.5746078491211,103.68539214134216
81.36626082658768,92.207739174366
80.84390830993652,91.32309168577194
97.87755572795868,99.8074442744255
79.57720237970352,91.16379761695862
85.12884908914566,94.77915090322495
79.9024960398674,89.15350395441055
78.73114275932312,90.13785725831985
78.37678974866867,91.73521023988724
79.74243658781052,89.23856341838837
86.5350831747055,95.00191682577133
79.54973006248474,90.35826992988586
76.82337665557861,90.9906233549118
79.72702300548553,90.43997699022293
80.22267001867294,89.14632999897003
76.44131678342819,90.22468322515488
90.93796491622925,99.28403508663177
84.26761811971664,91.73238188028336
83.0782658457756,97.16273415088654
97.94491338729858,99.66608661413193
80.42256164550781,92.46643835306168
86.28820830583572,94.60079169273376
81.72885513305664,89.34514486789703
80.26250225305557,92.53449773788452
79.14714968204498,91.51885032653809
79.18079662322998,88.98620337247849
83.73244333267212,95.56455665826797
80.45009016990662,90.04890984296799
78.6507368683815,91.18226313591003
79.23938328027725,89.6126167178154
79.42003065347672,88.87496936321259
85.63867723941803,90.73132276535034
92.20932579040527,100.97667419910431
83.53797894716263,92.05402106046677
81.12762635946274,89.79837363958359
97.17927539348602,96.63572460412979
77.60092222690582,91.63907778263092
79.37456893920898,90.14343106746674
79.57521575689316,93.16578423976898
78.94086247682571,88.65113753080368
79.17850941419601,90.3404905796051
80.19315654039383,89.9368434548378
85.83780324459076,96.60719674825668
81.33344978094101,90.44455021619797
77.44009637832642,90.70790362358093
78.97374284267426,88.41525715589523
83.89538961648941,89.27061039209366
81.98403638601303,91.33096361160278
108.48068481683731,108.64931517839432
87.4033392071724,92.3016607761383
81.89898955821991,94.95301043987274
96.4126370549202,98.54936295747757
79.09528362751007,91.81271636486053
82.47993016242981,89.31606984138489
79.08757704496384,89.04242295026779
78.54622334241867,89.45377665758133
78.72787010669708,93.1611298918724
80.77851700782776,91.60948300361633
85.9971638917923,96.14983612298965
90.58681052923203,91.87718945741653
76.89745730161667,90.71354269981384
89.96810382604599,89.27389615774155
79.8527512550354,91.18524873256683
77.60839802026749,90.4846019744873
94.84504652023315,114.89595347642899
101.3217009305954,97.1782990694046
82.52235090732574,90.25564908981323
99.7219986319542,97.61100137233734
79.9026455283165,91.65235447883606
84.41729193925858,93.4527080655098
79.28393894433975,90.01206105947495
79.502585709095,87.9964143037796
83.03623294830322,90.64876705408096
80.21688044071198,89.83811956644058
82.58452719449997,88.89747279882431
80.46917390823364,90.60582607984543
83.72382056713104,91.44317942857742
79.66446715593338,88.57553285360336
80.23511362075806,91.19088637828827
76.82376039028168,89.82523959875107
89.52340769767761,103.81059229373932
92.42705982923508,98.92494016885757
84.25671154260635,93.18828845024109
99.78935939073563,98.45064061880112
76.84100604057312,91.25099396705627
87.17065262794495,94.64434736967087
79.35229939222336,89.14770060777664
81.12594604492188,88.68905395269394
80.28859263658524,92.76740735769272
82.30323934555054,88.34476065635681
81.4288859963417,90.12611401081085
81.55453246831894,91.94546753168106
78.12517929077148,90.74482071399689
80.38082593679428,88.93417406082153
81.33947271108627,93.4385272860527
80.04011929035187,89.97988069057465
79.40576606988907,90.260233938694
96.40141516923904,94.6355848312378
83.6390689611435,91.61993104219437
101.875716984272,101.71728301048279
78.94636416435242,92.6646358370781
81.81201082468033,89.74298918247223
80.19765746593475,89.74734252691269
80.84230411052704,90.23169589042664
81.874951004982,91.69904899597168
81.46459794044495,89.2764020562172
85.58924448490143,90.37275552749634
82.02989149093628,90.84010851383209
80.192538022995,91.01046198606491
79.50418454408646,88.32981544733047
80.85183125734329,87.75916874408722
80.95847767591476,88.54052233695984
81.14012432098389,90.48887568712234
91.95177322626114,96.43722677230835
84.79842609167099,91.40457391738892
98.11007398366928,95.85292601585388
80.84672057628632,89.93027943372726
86.8993672132492,93.28663277626038
82.08001428842545,89.5689857006073
79.90966093540192,89.6083390712738
81.27530765533447,92.24269235134125
80.23495429754257,89.67204570770264
82.58360064029694,88.56539934873581
82.48624753952026,87.42075246572495
80.83389413356781,89.7761058807373
80.96054100990295,88.77945899963379
84.04918813705444,88.91381186246872
80.19383502006531,87.45416498184204
85.09648185968399,92.4955181479454
100.7601323723793,98.75886762142181
83.18178701400757,91.33721297979355
97.93743497133255,98.48856502771378
81.10008198022842,91.84491801261902
91.46572870016098,94.55227130651474
76.81437563896179,88.3706243634224
82.23602253198624,89.68997746706009
80.86266940832138,90.63733059167862
81.95131593942642,87.51168406009674
84.96496272087097,89.14503729343414
82.09160977602005,88.27839022874832
80.5692566037178,89.87574338912964
82.06490308046341,88.24909693002701
81.7655501961708,87.38344979286194
80.96419686079025,89.0908031463623
81.81284475326538,92.09415525197983
96.90149396657944,93.28350603580475
84.54614895582199,91.06485104560852
100.9677973985672,96.14320260286331
80.88944441080093,89.27655559778214
87.31209099292755,92.42890900373459
85.30773794651031,88.37726205587387
83.48938482999802,91.93661516904831
81.30003160238266,89.01396840810776
81.27767837047577,88.00032162666321
80.9963247179985,89.78167527914047
82.82497155666351,87.84102845191956
80.2106181383133,89.84438186883926
81.22526454925537,87.3487354516983
79.94291162490845,87.42608839273453
80.84755998849869,88.09644001722336
82.21420657634735,89.58279341459274
92.93185520172119,94.08714479207993
84.53950875997543,89.34949123859406
102.8511568903923,98.48384308815002
80.77180409431458,91.22719591856003
83.12045073509216,87.23154926300049
83.22709774971008,88.17990225553513
82.72374475002289,88.99925523996353
92.09039151668549,90.3906084895134
80.93803811073303,88.94996190071106
85.49068462848663,88.86231535673141
83.87433129549026,87.68066871166229
81.11197793483734,89.48102205991745
81.53462463617325,88.00337535142899
83.90027195215225,88.26672804355621
81.13691866397858,87.80708134174347
81.81856536865234,89.88543462753296
112.31521517038345,95.01878482103348
89.31087100505829,90.02212899923325
95.99252051115036,96.85947948694229
82.13616794347763,92.64183205366135
97.53981477022171,97.88618522882462
82.64746159315109,88.48253840208054
85.12410831451416,89.7268916964531
82.12075519561768,90.25024479627609
81.17240196466446,86.6785980463028
85.98404824733734,87.34995174407959
86.7206951379776,90.13130486011505
82.51334178447723,89.56165820360184
82.87898832559586,86.32501167058945
82.3756353855133,87.51336461305618
82.37128204107285,88.0727179646492
83.33092874288559,89.09507125616074
100.58657765388489,98.78442233800888
88.71123278141022,93.88076722621918
96.3378826379776,96.570117354393
98.25953012704849,96.9254698753357
94.83017706871033,93.72582292556763
85.91782438755035,87.24817562103271
83.04447138309479,88.06652861833572
84.20711863040924,92.07088136672974
81.03676545619965,86.14823454618454
81.69941198825836,88.89358800649643
86.9740589261055,88.17494106292725
83.89570653438568,88.30829346179962
82.85435318946838,88.36764681339264
84.442999958992,88.14900004863739
84.03164678812027,88.46835321187973
85.21329361200333,89.73170638084412
100.22794198989868,96.80905801057816
96.85359817743301,92.01640182733536
103.59025055170059,95.40974944829941
84.86389714479446,89.04310286045074
91.58354413509369,92.02845585346222
85.30119115114212,85.56980884075165
84.18683809041977,87.36916190385818
84.38548475503922,88.48451524972916
82.2151311635971,86.52486884593964
89.22977775335312,91.43622225522995
85.05942589044571,86.6445741057396
83.2230726480484,86.6849273443222
82.18071919679642,86.54028081893921
84.38136607408524,85.24863392114639
82.54401248693466,87.27098751068115
84.54065907001495,88.83034092187881
104.83230823278427,96.50069177150726
99.53196358680725,92.26403641700745
103.50961703062057,95.93438297510147
84.67226403951645,88.9747359752655
83.00191068649292,86.4240893125534
86.25855779647827,85.22344219684601
83.36520445346832,85.72779554128647
84.2868509888649,87.80614900588989
97.01579076051712,92.46520924568176
83.5124374628067,87.95056253671646
85.4710841178894,86.3249158859253
90.2637311220169,90.40226888656616
85.20437794923782,88.20262205600739
90.75602436065674,93.35497564077377
88.04767113924026,90.65532886981964
96.28532004356384,91.49267995357513
107.04097265005112,97.70002734661102
83.59261947870255,89.29638051986694
83.38426595926285,85.8557340502739
90.36191248893738,90.45308750867844
83.50655871629715,84.97544127702713
90.05820542573929,93.40379458665848
87.35085290670395,89.13114708662033
88.31049919128418,86.31950080394745
95.49114626646042,90.00885373353958
83.2457926273346,87.97520738840103
83.66843897104263,86.53556102514267
88.94208526611328,89.87291473150253
85.25273138284683,90.19126862287521
90.41537761688232,91.88062238693237
87.74602419137955,90.49497580528259
99.70467293262482,92.70232707262039
105.47932636737823,94.28067362308502
83.25297302007675,88.21002697944641
91.74861967563629,91.17738032341003
91.24526661634445,90.12573337554932
84.7219130396843,86.3700869679451
89.77455961704254,91.04044038057327
88.6212067604065,89.13679325580597
87.0998529791832,87.12214702367783
92.984499335289,88.73750066757202
83.42614579200745,87.14885419607162
83.73579210042953,85.33820790052414
88.65743815898895,89.17456185817719
84.93308436870575,84.97491562366486
88.59473079442978,90.9782692193985
88.8873770236969,89.4096229672432
100.86502557992935,90.31997442245483
101.69467902183533,93.30532097816467
84.32032597064972,87.1986740231514
91.35397237539291,90.48002761602402
92.71961915493011,89.76138085126877
85.21626615524292,84.04273384809494
89.54591310024261,91.30708688497543
90.50455957651138,89.21744042634964
86.13020598888397,85.38879400491714
93.18185257911682,88.78114742040634
85.43749922513962,85.61850076913834
87.23014563322067,83.88185435533524
88.42979198694229,92.2552080154419
86.6664382815361,85.5365617275238
89.79208475351334,90.81891524791718
88.2327309846878,89.04526901245117
98.32237929105759,89.80862069129944
104.22503215074539,98.29396784305573
85.09167915582657,86.68632084131241
85.90332567691803,84.55967432260513
91.12097209692001,89.08202791213989
83.72861838340759,84.16138160228729
90.29926460981369,92.38673537969589
88.47891092300415,88.50208908319473
87.25355780124664,84.07944220304489
98.82420486211777,88.52779513597488
84.67185133695602,86.77214866876602
86.35249775648117,83.86950224637985
91.68314409255981,88.1328558921814
87.17879045009613,84.39520955085754
88.73043704032898,89.51056295633316
89.83808386325836,88.3289161324501
101.24073350429535,89.92626649141312
110.51538759469986,93.5406123995781
85.54803562164307,86.63696438074112
87.24768227338791,85.52931773662567
94.44832861423492,90.62567138671875
86.61097502708435,83.70502495765686
89.92162173986435,89.726378262043
89.41826820373535,88.32273179292679
100.13591438531876,83.12408566474915
96.59556084871292,89.18243914842606
84.79520720243454,88.00079280138016
86.0688533782959,84.74614661931992
91.6395001411438,88.5644998550415
83.96814703941345,83.43885296583176
89.92779326438904,91.1092067360878
87.7204395532608,89.94656044244766
99.90208697319031,98.52491301298141
109.11974048614502,101.43625950813293
86.44938760995865,87.42061239480972
91.98203366994858,89.85096633434296
92.71967953443527,90.24332046508789
84.60432577133179,84.69167423248291
89.19297188520432,90.75202810764313
91.83761787414551,89.10738211870193
85.11126458644867,86.86973541975021
95.69991099834442,89.67108899354935
84.82655692100525,86.13744306564331
89.7662028670311,85.99279713630676
91.03984862565994,88.05215138196945
88.66649454832077,83.98250544071198
90.0321404337883,90.1708595752716
87.63978630304337,88.21221369504929
102.37643378973007,97.47556620836258
108.94708728790283,100.05291271209717
83.60873556137085,86.61226445436478
92.29138147830963,88.56061851978302
92.28702741861343,89.21297258138657
84.78367322683334,85.55032676458359
87.74231922626495,90.33168077468872
85.0899652838707,84.28003472089767
86.40061122179031,84.09938877820969
93.84125727415085,85.49174273014069
86.26390421390533,85.64309579133987
86.018550157547,84.62844985723495
85.57019609212875,83.05880391597748
87.2518418431282,83.85915815830231
86.02548784017563,86.43751215934753
86.05913358926773,85.82986640930176
101.3327813744545,97.22221863269806
113.51443552970886,101.78156447410583
89.36208665370941,89.67391335964203
86.02573251724243,86.12326747179031
86.1323783993721,83.25562161207199
86.62902414798737,83.81497585773468
83.55067014694214,85.67132985591888
85.91731631755829,84.49068367481232
87.56096225976944,84.06803774833679
93.29860830307007,85.31239169836044
88.57225447893143,86.22374552488327
86.38290065526962,83.3390993475914
89.3605465888977,83.60145342350006
87.81919252872467,84.86580747365952
86.42683851718903,85.4991614818573
87.10848438739777,83.07651561498642
97.69713181257248,97.33986818790436
115.50778514146805,99.95521485805511
85.44843661785126,85.97756338119507
86.07408273220062,84.8509172797203
86.75572884082794,84.2812711596489
87.21537464857101,83.72962534427643
87.00702059268951,84.38097941875458
86.0596666932106,83.83033329248428
86.86931264400482,83.49968737363815
93.64395862817764,83.74504137039185
87.04660433530807,88.34139567613602
86.5242503285408,83.43774968385696
87.76189625263214,81.97910374403
87.33154201507568,83.92745798826218
86.19918775558472,83.83881223201752
86.24983358383179,84.343166410923
88.3024794459343,83.32852053642273
116.79812723398209,97.6838727593422
85.81277841329575,86.07622158527374
95.04942452907562,87.54257547855377
86.63807052373886,84.08392947912216
86.30171650648117,82.66228348016739
86.18636238574982,93.01763761043549
92.71900814771652,85.54099184274673
90.10365438461304,82.80234563350677
92.82330065965652,82.04769933223724
90.2449466586113,84.47805333137512
88.37059283256531,83.14740717411041
85.5142388343811,83.76276117563248
87.99188476800919,83.04411524534225
88.61853188276291,85.25246810913086
86.79917824268341,82.05282175540924
89.75782436132431,85.24217563867569
103.42147320508957,97.81952679157257
88.43512499332428,85.65587502717972
94.37577098608017,86.80822902917862
86.55841702222824,82.31358295679092
87.64606273174286,82.29793727397919
88.51270872354507,83.39429128170013
87.54635471105576,82.26864528656006
89.33900052309036,81.79099947214127
93.0936467051506,81.79535329341888
89.0712930560112,84.29970693588257
88.14193886518478,83.17306113243103
84.67558473348618,81.25141525268555
88.04123079776764,82.18076920509338
87.9818764925003,83.24012351036072
86.58852231502533,81.94847768545151
88.88116830587387,82.41483169794083
113.63681656122208,98.30718344449997
87.92946833372116,84.79353165626526
89.25911492109299,80.16688507795334
87.55076146125793,80.46723854541779
89.91740757226944,83.3235924243927
89.17305397987366,83.40094602108002
89.13270020484924,81.03429979085922
89.53634649515152,78.94565349817276
94.40199291706085,80.59800708293915
87.99063915014267,80.34236085414886
88.8012855052948,80.34671449661255
87.03893184661865,78.77606815099716
87.29457819461823,79.59442180395126
95.82722496986389,90.00577503442764
102.21187174320221,78.3981282711029
93.04251879453659,81.47648119926453
113.8901686668396,96.8138313293457
88.7008211016655,84.63217890262604
90.54846853017807,78.84053146839142
88.87811553478241,79.08488446474075
88.83776259422302,78.8852373957634
90.57440936565399,81.35159063339233
91.01505613327026,78.1519438624382
90.52970284223557,78.89629715681076
99.2293496131897,78.14165037870407
90.59599596261978,85.07100403308868
90.8886427283287,78.18535727262497
89.08828920125961,78.48571079969406
90.76893550157547,77.95306450128555
98.09858268499374,88.79041731357574
89.9282294511795,77.81277054548264
93.68387711048126,81.42712289094925
95.28718012571335,81.41681987047195
96.94982898235321,83.6611710190773
88.33547562360764,78.62852436304092
90.05312240123749,79.02087759971619
96.16076922416687,80.93223077058792
91.37941598892212,78.26958400011063
92.06006294488907,78.69893705844879
94.29671049118042,78.35128951072693
91.95935696363449,82.04064303636551
89.86400377750397,77.54399621486664
88.54465043544769,78.77034956216812
91.98529696464539,78.95970302820206
97.4629437327385,86.85205626487732
96.05159026384354,78.61540973186493
91.93623822927475,81.37876176834106
97.50254160165787,88.83045840263367
98.29619181156158,83.90780818462372
89.06883865594864,80.85716134309769
90.34348505735397,77.6385149359703
91.00613164901733,78.06786835193634
89.02077835798264,88.42322164773941
93.23842483758926,77.14957517385483
97.79007172584534,77.13492828607559
90.15671813488007,78.26928186416626
92.93136483430862,76.2916351556778
90.70401191711426,78.10998809337616
94.92365908622742,79.04034090042114
100.19730645418167,88.61769354343414
91.37895441055298,80.45404559373856
96.13460183143616,81.86639815568924
102.70090633630753,89.74409365653992
92.62255847454071,79.02644151449203
90.2292058467865,77.39979416131973
91.04085260629654,77.27414739131927
92.2214994430542,82.7785005569458
91.68114620447159,76.87485378980637
94.23279333114624,76.48920667171478
98.50644028186798,78.73455971479416
90.72408711910248,78.45991289615631
91.94373387098312,76.16826611757278
91.75438058376312,76.63461941480637
94.49102699756622,79.86097300052643
99.26467418670654,85.3833258152008
92.4643207192421,77.27567929029465
97.25696796178818,81.15103203058243
101.61927276849747,89.60272723436356
92.74592489004135,81.47707509994507
92.14857184886932,78.09242814779282
92.73721873760223,79.26178127527237
90.97486591339111,79.60013407468796
91.73051238059998,75.91848760843277
89.85515880584717,78.8108412027359
97.81480515003204,81.74119484424591
91.90345150232315,78.50454849004745
91.93609803915024,77.95190197229385
90.58074420690536,76.51125580072403
104.9293903708458,75.94160962104797
97.66603690385818,86.33396309614182
92.4586831331253,74.80131685733795
93.63933020830154,79.67466980218887
117.80297911167145,96.93802088499069
103.55763274431229,89.79336726665497
99.79528504610062,84.57571494579315
92.43993204832077,76.3390679359436
92.15757894515991,77.3614210486412
94.04222548007965,78.66077452898026
93.22287213802338,76.68312788009644
93.77551859617233,77.68848139047623
98.36416530609131,78.70983469486237
91.97081196308136,76.7881880402565
92.87545812129974,77.05054187774658
98.22310435771942,76.92489564418793
94.44175052642822,78.72524946928024
111.10439693927765,87.61860305070877
92.71104329824448,76.38195669651031
94.57769000530243,79.08930999040604
112.46233707666397,86.66666293144226
102.99598580598831,86.85601419210434
111.54763919115067,84.19336080551147
91.6732861995697,75.78971379995346
94.33593285083771,75.53406715393066
93.70257955789566,79.3534204363823
93.55022591352463,79.24577409029007
100.63987267017365,77.15712732076645
98.11651986837387,77.17948013544083
92.87316620349884,76.49783378839493
93.12781351804733,76.65018647909164
94.43845981359482,74.48654019832611
95.78610610961914,74.36089390516281
99.93075293302536,86.84624707698822
95.85239917039871,76.14660084247589
94.5710461139679,79.07695388793945
112.84569317102432,87.98730683326721
105.60134196281433,86.10265803337097
92.87399411201477,78.68100589513779
93.111641228199,76.37035876512527
93.25528812408447,78.3187118768692
94.10393506288528,74.95206493139267
98.1185816526413,74.52941834926605
98.94053173065186,77.3194682598114
95.7881800532341,75.93481993675232
93.76582723855972,74.56817275285721
95.59447437524796,74.03452563285828
107.35112130641937,83.29787868261337
94.7177683711052,76.19123160839081
98.54641509056091,76.78758490085602
116.39406257867813,92.0319374203682
106.6867111325264,84.85028886795044
106.3863645195961,78.05763548612595
94.3270121216774,77.76598787307739
94.84165942668915,74.45434057712555
95.26430642604828,77.1256935596466
94.66695320606232,76.3510468006134
103.79260009527206,77.13239991664886
101.93724799156189,73.13675200939178
96.72989505529404,76.32610493898392
94.79954183101654,73.92145818471909
93.05518841743469,73.74081158638
96.53383499383926,73.18916499614716
100.9924818277359,82.97051817178726
95.85912853479385,75.86287146806717
97.92877531051636,74.71922469139099
116.73942321538925,80.98257678747177
111.25507164001465,90.87492835521698
108.10272604227066,86.0642739534378
93.82137513160706,73.6426248550415
95.7990220785141,75.12797790765762
96.22067028284073,76.2053297162056
94.53131783008575,72.93168216943741
96.80496430397034,74.49103569984436
100.02361112833023,73.4023888707161
94.77925765514374,77.07274234294891
95.9229046702385,73.11409533023834
93.17955106496811,74.56144893169403
95.9521980881691,73.935801923275
100.28284507989883,83.163154900074
95.09349173307419,74.22250825166702
95.9231385588646,75.46686142683029
111.89978617429733,79.67421382665634
113.95143485069275,89.71456515789032
111.00308948755264,83.95991051197052
94.51873940229416,76.37026059627533
95.68138694763184,73.59661304950714
96.12103390693665,74.24896609783173
95.72868061065674,73.34431940317154
97.6883270740509,73.3126729130745
104.07297372817993,72.87102627754211
95.92062026262283,73.5043797492981
96.76926696300507,72.36073303222656
97.7279144525528,72.5680855512619
97.50256180763245,72.16443818807602
101.1832087635994,82.07579123973846
97.27185547351837,72.41314452886581
98.84150218963623,74.93549782037735
113.83814936876297,80.60685062408447
113.53779792785645,88.62920206785202
108.77445328235626,87.42854672670364
97.21510511636734,72.54389488697052
96.95275193452835,74.84324806928635
97.20739889144897,75.4586011171341
97.24104565382004,72.44395434856415
95.4776925444603,71.1143074631691
105.60333955287933,71.00766044855118
96.85898625850677,73.66001373529434
96.20663291215897,72.12636709213257
104.64827930927277,71.74172067642212
110.05092626810074,73.89307373762131
102.97357314825058,81.73042684793472
97.72921997308731,70.45678001642227
98.16886669397354,77.22013330459595
114.14651411771774,79.5014858841896
111.34616261720657,88.4318373799324
109.99081742763519,82.87918257713318
97.6164698600769,72.19853013753891
96.29711699485779,70.62788301706314
97.86876380443573,72.72423619031906
96.45741039514542,71.48758959770203
102.30505698919296,70.41694301366806
102.46770340204239,71.16229659318924
96.61134994029999,72.3696500658989
98.58999675512314,70.9480032324791
97.84464383125305,71.19135618209839
108.80429071187973,73.49170929193497
110.05187249183655,87.67012751102448
89.5033511519432,79.27464884519577
91.13982939720154,79.73017060756683
108.60930597782135,87.79669404029846
104.69077962636948,96.3832203745842
104.71622747182846,92.06177252531052
92.25968700647354,80.70231300592422
89.86016249656677,80.54783749580383
90.75663995742798,82.41036003828049
92.31911909580231,84.32988089323044
93.27059894800186,81.54540103673935
94.75807702541351,79.59292298555374
89.67255586385727,79.84544414281845
90.97703433036804,78.9679656624794
88.63151347637177,78.8314865231514
91.17499297857285,78.9730070233345
98.29447132349014,88.11352866888046
89.09694987535477,81.10705012083054
94.36342823505402,84.08157175779343
101.7779027223587,86.50009727478027
102.48837840557098,90.25162160396576
106.55083876848221,92.94916123151779
89.1142982840538,83.92270171642303
89.13977605104446,80.34222394227982
90.49825310707092,80.94674688577652
94.24573147296906,86.43926852941513
89.3822106719017,80.19078934192657
92.61168944835663,80.14731055498123
90.58116972446442,80.08483028411865
89.44064795970917,79.522352039814
88.3371274471283,79.92287254333496
90.0846072435379,80.63839274644852
94.96208542585373,90.07491457462311
89.2845646739006,82.10543531179428
91.90204375982285,80.59795624017715
96.0195209980011,81.75847899913788
83.34099626541138,78.47300374507904
99.47846901416779,90.5035309791565
88.78192842006683,82.36707156896591
89.25240296125412,80.10059702396393
88.03688132762909,81.11111867427826
90.76535773277283,84.6606422662735
89.19883728027344,79.39416271448135
92.8533171415329,79.6456828713417
88.02779692411423,80.17620307207108
88.36827725172043,79.85472273826599
87.89375674724579,81.81024324893951
101.75223392248154,80.08076608181
95.11171239614487,88.35228759050369
88.13719058036804,80.1038094162941
90.77267009019852,82.09732991456985
91.33614766597748,81.31185233592987
86.86262780427933,81.39737218618393
104.07210046052933,89.59389954805374
89.87555807828903,81.42044192552567
88.99403470754623,80.80196529626846
88.68551260232925,82.64648741483688
92.80399161577225,85.1400083899498
90.7734705209732,81.0215294957161
93.31794810295105,79.08905190229416
88.93642777204514,81.304572224617
87.98090624809265,80.37109375
88.15438634157181,79.9576136469841
89.1058646440506,79.95013535022736
104.89134287834167,90.25765711069107
86.7118222117424,81.65817779302597
92.07130062580109,82.74369937181473
89.31877303123474,84.79222697019577
88.58525294065475,83.54474705457687
112.79572701454163,104.27827298641205
94.59917920827866,83.10482078790665
88.88365066051483,80.91234934329987
89.20612859725952,83.64587140083313
93.47260743379593,84.23139256238937
95.38708651065826,80.55791348218918
94.81956243515015,79.66143757104874
87.54904133081436,82.06195867061615
88.9265188574791,80.75948113203049
89.06299728155136,81.1040027141571
90.08847445249557,81.7815255522728
91.63295191526413,91.2010480761528
100.71343070268631,81.04556930065155
89.31290936470032,84.18609064817429
97.74638563394547,87.6246143579483
86.27186489105225,81.57913511991501
106.6493381857872,99.46266180276871
96.3787921667099,90.10320782661438
89.29325896501541,81.65174102783203
89.3927366733551,82.82926332950592
91.77021610736847,87.48878389596939
87.12869572639465,80.81530427932739
94.72917455434799,82.19782543182373
88.29165410995483,83.46834588050842
88.35313308238983,81.4798669219017
89.5646122097969,82.28738778829575
87.57109016180038,82.02090984582901
95.76356810331345,90.23643189668655
87.88103967905045,81.59996032714844
92.59351724386215,83.74048274755478
93.08099347352982,83.28900653123856
95.34746718406677,91.59753280878067
107.48392766714096,99.8670723438263
101.94276756048203,96.1872324347496
94.30122423171997,89.16177576780319
99.77169287204742,92.98830711841583
91.25916254520416,82.14783746004105
91.43263864517212,85.3813613653183
85.8111183643341,83.33688163757324
87.61359912157059,82.64540088176727
87.5840790271759,84.39792096614838
88.20255887508392,84.98244112730026
98.15403836965561,91.84596163034439
87.3825187087059,81.04348129034042
89.77899706363678,84.98000293970108
90.9894739985466,82.93552601337433
99.12694084644318,90.8550591468811
109.7443978190422,104.31060218811035
101.23284596204758,100.2481540441513
93.07330697774887,86.62969303131104
87.59878128767014,84.62321871519089
91.73626065254211,86.0787393450737
88.37274014949799,83.12825983762741
89.78721809387207,81.86178189516068
86.25569874048233,81.9103012084961
86.4671795964241,83.79182040691376
85.21465969085693,80.35934031009674
85.38914012908936,84.24085986614227
94.50662016868591,91.02937984466553
85.82910001277924,81.81989997625351
89.07757687568665,83.96042311191559
88.82405418157578,81.50894582271576
89.51653379201889,86.2794662117958
111.13500601053238,104.56899398565292
103.1234547495842,98.9695452451706
86.35191124677658,86.07308876514435
88.69339030981064,85.10360968112946
91.2918706536293,89.81912934780121
88.70734930038452,84.27465069293976
91.41782653331757,81.52717345952988
86.01730573177338,82.51969426870346
86.33978581428528,84.01221418380737
87.12426644563675,81.94973355531693
91.96474647521973,83.70225352048874
95.1382257938385,92.01077419519424
86.44070589542389,83.35529410839081
89.26318323612213,86.49581676721573
95.51165986061096,82.41434013843536
86.2031399011612,82.42686009407043
110.34061169624329,104.12338829040527
105.16105395555496,96.83894604444504
88.39051467180252,84.10948532819748
87.95299351215363,86.88000649213791
90.29347294569016,87.16852706670761
85.91195356845856,84.42104643583298
89.75243264436722,84.80356734991074
85.9999126791954,82.72208732366562
86.80339258909225,91.38160741329193
90.01387041807175,81.91212958097458
87.96634900569916,85.42265099287033
91.36182755231857,92.26817244291306
87.22030735015869,82.89069265127182
89.15378499031067,84.16121500730515
90.0312619805336,84.83973801136017
87.42674148082733,82.59125852584839
87.65622192621231,84.6587780714035
100.05269432067871,96.48530566692352
86.50315535068512,85.62584465742111
86.04763382673264,86.37836617231369
90.38811403512955,86.38988596200943
88.45059353113174,84.60440647602081
90.12407225370407,82.37592774629593
88.76055157184601,85.33144843578339
86.28603142499924,83.60296857357025
89.31151193380356,81.72548806667328
101.07899230718613,84.8480076789856
92.69647133350372,93.37752866744995
87.27695137262344,82.9640486240387
94.97042948007584,82.82657051086426
88.73590278625488,83.26409721374512
88.76238203048706,84.2936179637909
86.39886164665222,84.30513834953308
99.77633082866669,96.85466915369034
88.85679107904434,86.82820892333984
94.37074726819992,88.87025272846222
87.71122390031815,85.04877609014511
91.12570178508759,83.00429821014404
86.68818032741547,85.25581967830658
87.82465982437134,86.32334017753601
99.98013877868652,90.2418612241745
88.63561886548996,83.88338112831116
95.73509776592255,92.93090224266052
86.44557821750641,83.60942178964615
89.87905633449554,86.60294365882874
87.95953273773193,86.72546726465225
86.5780126452446,85.84798735380173
93.06549400091171,89.35950601100922
101.55396646261215,99.3900335431099
92.43242090940475,88.6235790848732
87.03089076280594,83.45010924339294
93.15037059783936,88.18262940645218
86.02684986591339,84.2691501379013
91.34932965040207,82.85467034578323
84.96780967712402,83.97719031572342
85.41929030418396,85.15470969676971
85.61077040433884,82.426229596138
87.19125127792358,84.62274873256683
92.53272998332977,92.57927000522614
85.74421054124832,81.81178945302963
86.43468880653381,85.19431120157242
106.609166264534,93.07583373785019
86.67164605855942,84.10635393857956
88.30912709236145,86.41387289762497
104.09359562397003,96.9434043765068
90.84104537963867,94.10395461320877
84.75551629066467,85.15248370170593
91.4469964504242,89.47800356149673
88.28747421503067,85.5825257897377
110.1839462518692,98.79705375432968
86.52440613508224,85.80859386920929
86.54988354444504,86.61711645126343
86.168361723423,82.46163827180862
87.21184170246124,85.75015830993652
96.8123209476471,92.26267904043198
85.72680097818375,83.03319901227951
88.43627941608429,87.58172059059143
90.86975675821304,84.40824323892593
85.65423613786697,85.5117638707161
86.49471753835678,84.37628245353699
104.92719054222107,101.9428094625473
95.76763933897018,99.04736065864563
86.23810213804245,84.66889786720276
92.83758157491684,89.64441841840744
86.43706101179123,86.191938996315
96.6855400800705,85.74045991897583
86.17402029037476,89.01197969913483
85.88450080156326,84.85649919509888
85.61397910118103,84.29302090406418
88.04645836353302,87.11954164505005
94.8689381480217,93.1310618519783
87.20941853523254,83.92058145999908
88.32689648866653,87.0981035232544
90.6673732995987,84.55462670326233
86.17485290765762,87.67714709043503
85.27333217859268,85.63366782665253
103.22580426931381,98.90419572591782
101.41724747419357,93.8607525229454
86.35070866346359,88.00129133462906
95.24718737602234,89.23481261730194
85.60566514730453,83.15333485603333
91.77914309501648,84.01685690879822
84.24962151050568,83.93537849187851
85.51609987020493,81.9109001159668
84.98557871580124,84.03342127799988
84.04805845022202,84.02594155073166
95.07353693246841,92.7414630651474
84.34001678228378,84.6409832239151
87.23549437522888,84.56050562858582
93.631971180439,84.368028819561
86.74944943189621,84.80555057525635
96.66392230987549,94.76207768917084
101.22738057374954,104.014619410038
97.08583319187164,94.80316680669785
88.09329354763031,91.24070644378662
91.85877043008804,91.3812295794487
86.12524878978729,84.18875122070312
91.85472708940506,82.95927292108536
86.43520575761795,84.04579424858093
86.66568386554718,82.72331613302231
84.46816259622574,82.54983741044998
85.91964215040207,83.06235784292221
106.94612139463425,94.07387858629227
84.69260078668594,83.23239922523499
87.49707853794098,86.41092145442963
93.6335551738739,85.95944482088089
85.65903359651566,86.32296639680862
85.9245120882988,84.03848791122437
101.15498548746109,100.642014503479
97.27243626117706,96.00556373596191
86.87189638614655,86.46110361814499
89.73037457466125,87.02762544155121
91.51585137844086,89.87314862012863
91.92932373285294,84.93967628479004
99.81418991088867,105.27781009674072
91.26564830541611,91.40035170316696
95.77310889959335,93.874891102314
97.63257205486298,94.75642794370651
85.49105054140091,85.620949447155
88.01552939414978,86.07647061347961
89.70900654792786,89.79199343919754
86.12248629331589,91.15451371669769
84.22296661138535,87.16603338718414
101.5444410443306,104.77055895328522
96.40288907289505,99.67111092805862
85.81734991073608,86.33065009117126
91.86182981729507,92.08217018842697
90.7393069267273,93.5576930642128
90.17177516222,84.21722483634949
85.71625399589539,88.41374599933624
87.81573414802551,85.98026585578918
84.6562135219574,84.25178647041321
85.29269307851791,85.55930691957474
95.96717256307602,91.44082742929459
87.121652841568,84.06434714794159
88.68412989377975,87.38987010717392
90.00660562515259,85.12339437007904
85.25408524274826,88.85691475868225
85.27956593036652,86.85043406486511
85.21203863620758,93.60296136140823
96.92250937223434,103.92849063873291
84.96697026491165,86.99602973461151
92.34544795751572,90.28455203771591
86.40692746639252,86.9070725440979
91.15440618991852,89.40059381723404
87.92088574171066,86.30111426115036
84.96536600589752,85.0536339879036
84.4538442492485,84.23115575313568
85.4613226056099,87.72467738389969
93.07980155944824,91.99519842863083
84.88228130340576,84.6727187037468
86.87175869941711,88.647241294384
90.35923540592194,88.01176458597183
86.25471431016922,85.52228569984436
85.87319499254227,89.18180501461029
85.89967048168182,84.39732950925827
95.01714450120926,102.13085550069809
88.67260664701462,86.45739334821701
91.95707893371582,90.4689210653305
86.07555866241455,87.35044133663177
90.86103624105453,85.43596374988556
85.95951664447784,85.96548336744308
86.41099774837494,88.1250022649765
84.60347801446915,85.08152198791504
87.33295828104019,87.92704170942307
90.93243724107742,91.30856275558472
84.66191506385803,84.93108493089676
88.50239187479019,87.05360811948776
90.52686756849289,88.25013244152069
84.40534687042236,85.29865312576294
85.2268276810646,86.55017232894897
84.49330604076385,85.765693962574
102.98177814483643,103.38822185993195
90.48822903633118,92.30777096748352
91.68070036172867,89.44829964637756
86.05818086862564,86.55281913280487
90.50965929031372,86.78634071350098
85.09113943576813,86.35386055707932
84.54162043333054,86.53137958049774
85.71610015630722,85.0058998465538
86.26058030128479,91.59241968393326
91.43305993080139,91.38094007968903
84.36654007434845,85.52245992422104
89.74401468038559,91.40398532152176
91.69548964500427,90.89651036262512
85.44396758079529,86.40903240442276
86.20944601297379,85.73555397987366
86.19892418384552,85.67207580804825
105.24239468574524,102.88760530948639
95.2488426566124,99.343157351017
93.42330294847488,89.65169703960419
85.17078113555908,86.75521886348724
89.80726045370102,86.41473954916
83.2957404255867,86.500259578228
86.35822087526321,86.49377912282944
83.4957013130188,84.72729867696762
98.40918111801147,89.71981889009476
92.45365798473358,91.8243420124054
84.73813784122467,83.61286216974258
88.6536157131195,87.08738428354263
87.49309200048447,87.59990799427032
84.53757065534592,87.79642933607101
85.54505032300949,86.32594966888428
85.1625297665596,84.0404702425003
104.02199870347977,102.01600128412247
95.69544583559036,100.7685541510582
93.27690547704697,94.35309451818466
88.83938175439835,87.808618247509
90.19785839319229,88.83914160728455
83.16733855009079,87.99866145849228
83.9718189239502,86.69618105888367
84.92229878902435,84.31770122051239
84.4107791185379,87.18122088909149
105.3992589712143,93.02574104070663
86.22073823213577,85.66726177930832
87.71021497249603,87.51278501749039
90.75369036197662,86.93130964040756
89.29816895723343,84.55383104085922
83.43464863300323,87.80535137653351
84.83012855052948,83.76187145709991
103.2815974354744,107.25440257787704
95.9740441441536,101.39595586061478
92.12950307130814,93.31449693441391
85.70998078584671,87.08601921796799
88.51345986127853,87.6155401468277
83.76193988323212,88.49806010723114
85.78741717338562,87.49058282375336
84.73889589309692,89.53910410404205
84.24637424945831,90.16162574291229
94.82685482501984,97.08114516735077
82.74033147096634,86.11066854000092
85.97081059217453,87.51118940114975
86.95928812026978,88.09671187400818
85.83676826953888,87.1452317237854
84.49224919080734,86.9527508020401
84.62872898578644,87.39027100801468
95.93120151758194,99.95779848098755
94.88265496492386,96.11634504795074
102.21149867773056,106.2515013217926
95.44095182418823,102.85504817962646
93.65141898393631,95.82958102226257
86.39887607097626,90.60012394189835
85.12835437059402,86.87164562940598
84.09883487224579,88.14216512441635
93.42031580209732,97.02368420362473
82.90879666805267,86.40620332956314
86.23127460479736,88.15772539377213
85.12675154209137,87.96624845266342
83.67123156785965,89.16176843643188
83.73371303081512,91.04428696632385
83.630191385746,86.05580860376358
102.85866540670395,98.95633459091187
92.47709739208221,101.20890259742737
100.83655387163162,109.53544610738754
84.60201907157898,88.86098092794418
89.42449802160263,95.57650196552277
82.68997824192047,86.44002175331116
82.30845874547958,86.02554124593735
82.90793931484222,87.8140606880188
83.3034200668335,88.21457993984222
90.884900867939,94.68909913301468
84.26238185167313,86.8666181564331
83.5838605761528,91.65713942050934
84.23933809995651,89.88966190814972
84.78381729125977,88.3831827044487
85.58729690313339,87.87670308351517
88.24177569150925,88.7942243218422
100.89724111557007,101.93575888872147
95.51568585634232,102.55831414461136
94.50413918495178,99.79186081886292
84.75161337852478,86.50738662481308
91.72109228372574,90.98190772533417
86.39457023143768,86.17942976951599
86.40304869413376,86.13495129346848
84.48252493143082,85.81247508525848
88.45400297641754,91.10199701786041
92.94248008728027,93.8355199098587
84.28295904397964,84.62504094839096
87.14143699407578,87.15456300973892
83.85191422700882,86.79608577489853
85.8403931260109,89.32660686969757
84.47786772251129,84.76413226127625
84.85434699058533,85.01565301418304
87.65781962871552,87.76818037033081
88.10929250717163,87.26170748472214
99.68976128101349,100.97623872756958
86.45722877979279,91.39477121829987
89.44570451974869,87.31429547071457
85.71218222379684,85.5288177728653
84.1076608300209,85.2083391547203
84.83614069223404,84.4958593249321
86.34361952543259,89.7493804693222
89.86909830570221,92.35290169715881
84.46857833862305,85.84642165899277
84.71705657243729,87.00594341754913
85.14953517913818,87.90646481513977
84.69301402568817,84.19598597288132
83.97849386930466,85.74350613355637
84.74497365951538,85.58902633190155
84.7694524526596,89.80354756116867
95.01792472600937,95.37107527256012
102.72838360071182,100.54861640930176
83.64384281635284,86.78315716981888
92.74331986904144,92.55268013477325
85.49079936742783,86.52820062637329
81.66427892446518,86.8177210688591
86.17175740003586,88.73624259233475
86.28923630714417,88.22876369953156
90.79671531915665,91.79528468847275
83.97019529342651,85.88180470466614
86.92167335748672,86.37432664632797
84.59615051746368,87.33084946870804
85.2506297826767,87.02737021446228
84.79510909318924,86.77889090776443
84.48758912086487,85.99441087245941
89.21606808900833,86.13593190908432
100.92654097080231,98.64745903015137
107.30498868227005,102.62201130390167
85.64444518089294,88.17055481672287
89.89292311668396,93.8670768737793
83.95540207624435,86.6005979180336
83.20188170671463,84.87111830711365
85.17235964536667,86.38364034891129
86.10583800077438,88.11616200208664
89.89031571149826,95.40568429231644
85.06479531526566,86.43620467185974
84.36826968193054,87.42873030900955
90.43074643611908,89.27425354719162
83.419224858284,85.76677513122559
85.07370448112488,84.87129551172256
85.97018426656723,85.47481572628021
85.66166347265244,89.20833653211594
101.85413587093353,99.9798641204834
104.89858293533325,100.6574170589447
85.81304055452347,89.16895943880081
90.1155172586441,89.66148275136948
83.69699597358704,84.78400403261185
89.13047558069229,88.8705244064331
84.7299554347992,86.25204455852509
84.47643512487411,87.46756482124329
93.35391068458557,94.16308933496475
84.4723910689354,84.76760894060135
86.09086906909943,85.94613093137741
90.24634462594986,88.25365537405014
81.47582364082336,85.00617635250092
85.55630427598953,94.09169572591782
83.82278329133987,86.73221671581268
82.66326040029526,89.63373959064484
99.35473310947418,102.2182669043541
103.04718214273453,103.48981785774231
83.24063783884048,89.148362159729
89.025115609169,90.27188438177109
84.68059468269348,86.93040531873703
83.68607407808304,87.3499259352684
81.93555390834808,87.9544460773468
84.2380331158638,88.8539668917656
92.20751303434372,95.56948697566986
83.84499305486679,86.85900694131851
86.09247189760208,88.40752810239792
85.357950091362,88.95604991912842
83.2914302945137,87.26356971263885
83.59491044282913,86.14508956670761
88.97238785028458,92.19361215829849
85.09085935354233,89.02114063501358
102.1713200211525,107.56867998838425
103.58676773309708,99.488232254982
85.14922487735748,93.07377511262894
89.15570086240768,93.4372991323471
83.88517600297928,86.94882398843765
84.1696549654007,87.32934504747391
86.27013421058655,89.97086578607559
86.05461239814758,90.02038758993149
93.45009154081345,96.71590846776962
85.95757138729095,88.76542860269547
86.35404986143112,88.66595011949539
85.06352841854095,88.51047158241272
85.38600718975067,89.96599280834198
84.35648512840271,90.29251486063004
83.15896260738373,86.93403738737106
83.64744186401367,92.77855813503265
101.70991599559784,101.95708400011063
103.21736389398575,105.68963611125946
92.00182151794434,93.20117849111557
90.6382966041565,91.10170340538025
84.90477383136749,88.37322616577148
84.09725260734558,87.14374738931656
83.91873109340668,89.02526891231537
85.1672089099884,89.68479108810425
90.19268763065338,97.64131236076355
86.16216707229614,93.26383292675018
83.57664489746094,88.4603551030159
84.6951231956482,88.41587680578232
83.36860251426697,87.07539749145508
82.37508273124695,87.69891726970673
84.51256221532822,88.5064377784729
84.03703993558884,89.51696008443832
100.61951220035553,101.8064877986908
104.60696005821228,107.05903995037079
89.26241499185562,93.5515850186348
89.86288744211197,90.43411254882812
84.57236450910568,87.0006355047226
82.52484339475632,88.53115659952164
83.16132247447968,87.33867752552032
85.64880156517029,89.88819843530655
93.4342799782753,97.71372002363205
84.16375857591629,87.07724142074585
85.41123628616333,88.23676371574402
83.95571434497833,95.26628565788269
82.94419372081757,88.40780627727509
83.09867286682129,90.0863271355629
83.18015187978745,88.6718481183052
83.61363124847412,90.09036874771118
102.36110281944275,102.62089717388153
94.18255239725113,100.79944759607315
105.65202116966248,100.14397883415222
109.77046412229538,104.22853589057922
85.83291685581207,89.33408313989639
81.63639324903488,90.02960675954819
83.0698721408844,88.96712785959244
84.61335074901581,88.53464925289154
97.32482677698135,100.26817321777344
82.66529661417007,88.79870337247849
97.9497674703598,100.2532325387001
92.49422442913055,101.70977556705475
85.40869611501694,92.98030388355255
85.89716583490372,88.97283416986465
84.29263836145401,86.20736163854599
85.11411356925964,88.51588642597198
82.1585922241211,89.56340777873993
97.87006860971451,96.77893137931824
94.61753433942795,95.08646565675735
89.08699691295624,90.96800309419632
85.72347611188889,87.64652389287949
82.73095607757568,88.06604391336441
81.53443628549576,86.66956371068954
84.09691512584686,89.45908486843109
92.67839109897614,100.32260888814926
83.23986452817917,89.68613547086716
86.15434074401855,89.01165926456451
84.19881838560104,89.26418161392212
83.68729764223099,87.6097023487091
81.25077772140503,87.89822226762772
82.38625806570053,85.83574193716049
83.37573653459549,87.99526345729828
82.9932159781456,88.17378401756287
103.0736910700798,101.44330894947052
96.02614694833755,96.64085304737091
89.55160796642303,92.4853920340538
85.31808644533157,87.27491354942322
83.99156469106674,86.80543529987335
84.46104443073273,86.40895557403564
84.07952374219894,90.21747624874115
92.95700311660767,95.19099688529968
84.74248272180557,87.18451726436615
86.1379604935646,87.02903950214386
82.60843843221664,90.65156155824661
84.48491823673248,88.01508176326752
82.14039766788483,87.61860233545303
102.0358772277832,97.33412277698517
84.59835660457611,89.49464339017868
83.06883591413498,86.63516408205032
109.53830808401108,101.3316919207573
95.60175657272339,102.62124341726303
90.46021527051926,94.78078472614288
83.00469279289246,86.79230719804764
82.01117289066315,86.89582711458206
85.5366525053978,87.11134749650955
83.24713015556335,88.8078698515892
92.97660964727402,97.76339036226273
85.7060899734497,88.4049100279808
94.1205689907074,94.43543100357056
83.44204825162888,90.87295174598694
87.44952720403671,92.75447279214859
85.08600723743439,87.39599275588989
83.11148649454117,87.99951350688934
83.39596575498581,88.62203425168991
80.90344542264938,86.76255458593369
106.40991806983948,106.68208193778992
94.43536692857742,99.35963308811188
83.8318253159523,90.1681746840477
83.63530415296555,91.29069584608078
81.66078394651413,88.45021605491638
83.33426266908646,87.07373732328415
86.65673744678497,88.43626254796982
92.99721670150757,97.89178329706192
82.37369692325592,87.88530308008194
92.43717592954636,94.28582406044006
83.8136522769928,99.3903477191925
80.21013134717941,87.88286864757538
81.19861161708832,87.06038838624954
82.59409195184708,87.12790805101395
81.80557096004486,88.17542904615402
82.9790506362915,87.48394936323166
95.06697034835815,98.24802964925766
85.75942885875702,92.4635711312294
84.98890775442123,88.45609223842621
85.38438713550568,87.189612865448
83.59586346149445,87.22013652324677
84.88034224510193,88.5456577539444
95.49782115221024,95.52017885446548
84.35629922151566,90.75470077991486
90.12277781963348,95.30322217941284
83.9262558221817,89.11074417829514
86.32273519039154,89.65826481580734
81.86721521615982,87.3557847738266
83.37369525432587,91.10730475187302
84.56617391109467,90.87882608175278
82.05465358495712,87.90834641456604
110.61712628602982,108.60487371683121
94.49457108974457,98.63542890548706
84.96403139829636,90.25796860456467
83.15650981664658,86.28749018907547
82.57098942995071,90.46601057052612
84.2814691066742,89.62553089857101
84.3809477686882,91.54505223035812
93.11042648553848,97.13057351112366
85.74790650606155,89.23509347438812
104.19838607311249,96.91261392831802
83.18686473369598,88.9981352686882
85.86134421825409,87.56565576791763
82.31282430887222,87.35417568683624
82.05930507183075,87.34769493341446
83.51178455352783,89.59921544790268
83.98226374387741,88.5367362499237
108.11773681640625,108.25226318836212
95.53218483924866,96.04181516170502
89.05864083766937,93.44135916233063
83.5281189084053,88.04588109254837
81.77659875154495,87.79840123653412
83.5240787267685,88.43992125988007
84.19755786657333,92.09844213724136
92.42703700065613,95.9989629983902
87.32251644134521,88.95548355579376
96.79299396276474,97.07700604200363
84.92947363853455,90.40352636575699
86.76995182037354,93.2670481801033
82.44343209266663,86.85356789827347
86.33991223573685,87.99308776855469
83.18039125204086,87.56160873174667
82.0758712887764,88.53512871265411
92.05279475450516,93.55820524692535
99.85526287555695,101.2927371263504
84.0847344994545,91.2102655172348
81.03621363639832,87.59278637170792
82.8586927652359,88.49330723285675
83.53217124938965,90.59682875871658
90.46565109491348,94.73834890127182
85.13913089036942,92.15686911344528
93.46060937643051,98.46439063549042
86.43108934164047,89.36591064929962
84.9555686712265,91.19143134355545
82.46304869651794,88.33295130729675
83.58152866363525,87.84447133541107
89.29300826787949,88.1889917254448
82.16948765516281,87.47851234674454
106.67695981264114,107.43504017591476
86.4054137468338,90.57458627223969
101.26488447189331,97.82711553573608
84.08634513616562,89.58065485954285
94.07482475042343,87.44417524337769
81.67530435323715,89.30669564008713
85.14478367567062,90.24421632289886
93.30026298761368,96.99573701620102
81.88174277544022,87.8412572145462
90.49922096729279,96.57577902078629
87.24669909477234,91.95730090141296
81.97617775201797,88.96782225370407
81.14965784549713,87.94334214925766
82.8051375746727,88.37986242771149
85.51561659574509,93.22538340091705
83.70809632539749,87.0879036784172
91.88157480955124,97.52542519569397
89.57404786348343,91.99995213747025
101.72951257228851,98.97448742389679
84.05097204446793,87.56002795696259
81.22545117139816,86.16454881429672
82.65693080425262,95.99006921052933
85.0544103384018,88.87258964776993
93.76488888263702,94.9581111073494
84.95636743307114,89.0796325802803
88.7048459649086,95.05515402555466
90.35932499170303,89.01067501306534
84.88480401039124,88.4481959939003
81.02128356695175,87.71871644258499
83.58476305007935,90.74923694133759
84.73924142122269,91.29775857925415
84.57972115278244,87.01327884197235
90.40220093727112,92.98679906129837
98.64967042207718,97.18432956933975
100.65712440013885,103.6028755903244
83.57158344984055,89.2814165353775
82.5040630698204,88.25493693351746
81.88154202699661,87.76645797491074
83.59202122688293,89.07397878170013
94.26550072431564,96.19749927520752
84.08797949552536,88.89402049779892
90.11245912313461,98.36854088306427
83.76793879270554,89.7680612206459
86.71941804885864,93.09458196163177
82.74589723348618,87.81010276079178
83.41837722063065,87.83962279558182
83.61085647344589,90.42514353990555
82.526336312294,88.62266367673874
91.7178128361702,93.11518716812134
104.02128583192825,102.71971416473389
95.0837333202362,98.3242666721344
84.05419260263443,90.53880739212036
82.135671377182,88.49432861804962
82.21615016460419,88.45084983110428
84.20462918281555,90.38837081193924
91.95210832357407,96.86289167404175
85.29258638620377,94.48441362380981
91.22506594657898,95.36793410778046
84.49254554510117,89.71145445108414
82.99902528524399,87.50097471475601
82.37650448083878,87.04949551820755
82.8279846906662,86.9690153002739
86.70546382665634,90.3315361738205
81.39694029092789,87.47305971384048
90.589419901371,92.24458009004593
105.022893846035,106.16310614347458
100.12234091758728,103.04465907812119
84.3147988319397,90.66720116138458
81.91327702999115,87.71472299098969
92.16175544261932,86.70824456214905
84.77923238277435,90.49776762723923
90.71371161937714,94.50928837060928
83.86819106340408,94.8168089389801
95.35667061805725,98.06932938098907
83.2891508936882,89.13684910535812
86.48162966966629,87.49937033653259
86.63710951805115,88.38189047574997
83.53258913755417,87.96741086244583
84.6320680975914,88.55293190479279
83.15754741430283,87.91545259952545
90.20202767848969,91.94597232341766
102.09749960899353,101.14250040054321
101.53094774484634,98.46905225515366
84.16740536689758,89.96159464120865
83.00888270139694,87.80711728334427
96.05236226320267,89.65163773298264
81.76284068822861,90.86615931987762
93.64031940698624,96.1926805973053
85.07279777526855,90.37120223045349
89.59827548265457,95.71572452783585
83.99475336074829,88.67124664783478
86.1692323088646,87.2197676897049
83.43471175432205,88.04728823900223
82.42319160699844,87.92880839109421
83.54167062044144,89.01432937383652
81.54815024137497,88.15484976768494
84.87062925100327,87.27737075090408
103.48810082674026,103.7708991765976
100.180548787117,98.30045121908188
84.1320070028305,91.62699300050735
83.30548560619354,88.2315143942833
83.18296414613724,87.37203586101532
95.35644221305847,89.79055780172348
93.69692134857178,94.76607865095139
86.31540113687515,88.79559886455536
90.9888790845871,88.41812092065811
85.88435852527618,89.94864147901535
88.63183736801147,92.86716264486313
84.3253173828125,88.84168261289597
83.77679741382599,88.53920257091522
82.191277384758,89.82672262191772
82.97575855255127,86.74624145030975
86.5202397108078,88.55376029014587
100.19271409511566,99.23228591680527
92.51516342163086,99.4478365778923
89.78163123130798,92.06936877965927
83.58510220050812,87.82289779186249
82.92558234930038,87.59341764450073
81.09906107187271,90.5119389295578
94.93954080343246,94.54245918989182
86.24302053451538,88.05397945642471
91.0084980726242,88.4905019402504
84.73797756433487,89.09502243995667
80.6154574751854,86.976542532444
83.43793815374374,87.711061835289
86.38841652870178,89.49958348274231
85.8218924999237,90.8811075091362
82.36637103557587,87.07862895727158
85.07685196399689,89.05214804410934
101.82532596588135,101.17567402124405
88.12778037786484,88.94621962308884
94.63425171375275,96.45874834060669
83.30771213769913,87.6172878742218
83.77819067239761,89.99880933761597
81.41467070579529,90.64032930135727
92.64415055513382,96.5778494477272
85.8366305232048,89.42236948013306
89.62111097574234,89.13688904047012
80.55459183454514,88.03740817308426
81.98707151412964,88.27192848920822
80.16055172681808,90.39444828033447
81.29703158140182,88.29496842622757
82.97151166200638,88.04648834466934
81.94199246168137,87.91000753641129
85.81847339868546,87.12552660703659
95.85883325338364,98.16016674041748
83.7912905216217,92.28270947933197
82.46576935052872,90.92323064804077
82.32324957847595,90.0277504324913
94.36772960424423,103.72527039051056
83.07920867204666,90.1797913312912
99.88168907165527,99.41431093215942
83.13016748428345,88.55583250522614
94.52564811706543,89.58535188436508
86.82912892103195,87.74487107992172
82.50260823965073,90.4233917593956
84.67608779668808,87.82291221618652
86.4425681233406,90.35343188047409
90.7650488615036,92.30895113945007
81.82652932405472,87.33947068452835
93.87100553512573,95.92499446868896
96.58147031068802,93.01052969694138
82.86592775583267,90.31807225942612
82.89240777492523,88.10759222507477
81.12088453769684,89.60111546516418
92.0363644361496,95.48263555765152
84.74684464931488,87.82815533876419
90.4953241944313,95.69067579507828
83.53880435228348,88.83219563961029
98.60128515958786,92.97271484136581
85.23776561021805,86.53923439979553
82.7072462439537,88.45875376462936
82.91872727870941,91.22927272319794
86.11120688915253,91.7227931022644
87.91368585824966,95.69731414318085
86.6251653432846,90.00483465194702
105.44664043188095,102.64535957574844
98.36108928918839,92.69391071796417
84.40454530715942,88.5214546918869
82.56001853942871,86.66198146343231
82.1234980225563,91.5815019607544
93.94497722387314,99.11102277040482
84.39645636081696,89.38154363632202
92.38493448495865,94.78106552362442
83.61441504955292,90.1075849533081
84.89989501237869,87.54510498046875
82.49837523698807,86.53862476348877
84.02385425567627,87.80914574861526
82.45633435249329,88.69066566228867
83.61281549930573,88.79518449306488
88.0262953042984,92.12170469760895
80.95977514982224,87.46622484922409
100.39224851131439,104.58875149488449
99.08469533920288,98.61830466985703
84.46214580535889,87.90885418653488
83.22862547636032,88.197374522686
83.88310360908508,89.83889639377594
93.81658136844635,96.73841863870621
83.91706073284149,87.84293925762177
92.145538687706,97.96546131372452
83.35701847076416,89.21798151731491
84.82549875974655,87.67350125312805
85.75997918844223,89.09202080965042
84.11845868825912,87.56654131412506
82.8279390335083,88.50506097078323
83.11342024803162,87.75657975673676
91.36190038919449,92.60209959745407
81.4803797006607,86.81762027740479
99.57885283231735,105.95814716815948
97.12330090999603,97.35869908332825
83.01975959539413,86.40624040365219
82.17423874139786,87.65976125001907
82.10771936178207,89.89328062534332
95.1321993470192,97.38580065965652
85.04767745733261,88.80432254076004
91.60915488004684,93.92784512042999
83.22863507270813,87.86436492204666
83.77211511135101,91.93188488483429
82.85359591245651,86.72140407562256
82.97107738256454,87.54692262411118
83.77455842494965,89.35544157028198
80.96703910827637,87.21796089410782
95.84452033042908,92.21047967672348
83.31400096416473,87.94499903917313
103.95147478580475,101.56752520799637
94.38391822576523,97.30108177661896
84.24237734079361,88.92362266778946
81.45385468006134,86.50914531946182
82.4043338894844,90.26166611909866
96.18981373310089,97.51318627595901
85.10429209470749,89.33970791101456
95.1477700471878,99.72222995758057
82.21024960279465,90.7337504029274
89.23572993278503,91.11527007818222
86.55820906162262,89.64579093456268
81.99068510532379,87.17531490325928
92.23916590213776,87.13083410263062
83.46764558553696,85.69835442304611
97.10512560606003,94.30287438631058
80.8336051106453,87.49939489364624
107.98907828330994,103.43692171573639
96.47752231359482,100.72647768259048
89.07797980308533,92.21902018785477
82.78745120763779,90.35954880714417
82.72093057632446,89.87106943130493
91.85840970277786,96.64259028434753
96.25288796424866,89.91311204433441
93.92736595869064,98.48063403367996
85.39684581756592,88.47315418720245
83.71932554244995,90.46567445993423
85.41080433130264,87.8291956782341
83.91828233003616,91.43271768093109
82.9997626543045,87.92623734474182
85.11824321746826,87.36375677585602
89.88472318649292,92.8382768034935
81.59520208835602,89.16479790210724
106.74967604875565,103.10132396221161
84.27613055706024,90.50186944007874
93.74560326337814,94.08739674091339
86.1780675649643,89.46993243694305
82.53654664754868,89.3334533572197
90.58102571964264,94.19597429037094
86.0515044927597,91.20749551057816
91.72498172521591,95.3860182762146
85.17746043205261,92.41653954982758
82.18294060230255,87.63105940818787
83.6354210972786,88.21757888793945
83.97590118646622,87.93109881877899
84.03838104009628,87.31361895799637
82.19286173582077,86.95513826608658
89.83034247159958,90.83665752410889
80.81881952285767,86.95918047428131
106.17729359865189,106.41470640897751
85.68474686145782,88.5372531414032
96.65421742200851,97.32778257131577
83.3286754488945,88.30232453346252
83.98315507173538,89.64684492349625
91.34163480997086,93.84336519241333
87.94211328029633,88.61388671398163
98.57858914136887,97.47741085290909
83.67806923389435,89.50693076848984
84.4815484881401,86.96345150470734
82.85902935266495,88.06697064638138
83.77351003885269,88.3194899559021
83.77999025583267,88.73900973796844
83.71247094869614,87.24952906370163
90.03495061397552,91.94704937934875
81.54243123531342,86.40256875753403
105.8828986287117,104.30210137367249
87.7973502278328,89.64764976501465
96.19281929731369,96.82518070936203
85.03327721357346,87.11572277545929
85.13275730609894,87.44124269485474
92.71323615312576,94.52676385641098
86.14671385288239,88.90828615427017
89.50519222021103,95.54980778694153
84.4016723036766,89.28432768583298
89.96415215730667,91.59184783697128
84.48963361978531,86.52936637401581
83.83011412620544,86.92888587713242
84.59659445285797,87.32940554618835
82.65907508134842,86.39592492580414
92.09155601263046,91.4634439945221
86.69203579425812,87.326964199543
85.16151684522629,95.3194831609726
91.63199228048325,93.94300770759583
98.50845628976822,96.88054370880127
87.36791276931763,90.02008724212646
85.39339137077332,89.27360862493515
91.03087013959885,97.67412984371185
85.88934850692749,87.81465148925781
99.7108262181282,96.12317377328873
82.45830464363098,90.26369535923004
84.11378544569016,89.01621454954147
85.84226614236832,87.1757338643074
87.44274508953094,87.11325490474701
87.65322178602219,89.43877822160721
82.49370241165161,86.87629759311676
89.74218332767487,90.35181665420532
82.30366373062134,88.86233627796173
82.18114459514618,87.44885540008545
103.42961770296097,98.2373822927475
94.62106740474701,97.52693259716034
84.25852471590042,88.1684752702713
83.74700146913528,93.08699852228165
90.10548132658005,95.65351867675781
85.11196029186249,89.0730397105217
101.21243786811829,95.62156212329865
83.44091767072678,90.44708234071732
87.151398062706,86.97760194540024
86.3818787932396,86.45212119817734
83.85135573148727,87.31564426422119
86.15483576059341,90.4561642408371
83.55031555891037,87.819684445858
94.11279559135437,99.70120441913605
82.62027597427368,88.49072402715683
90.44175642728806,95.48324358463287
106.65322941541672,98.42077058553696
97.93767738342285,98.39532262086868
84.38913261890411,93.48186737298965
85.63761216402054,88.8073878288269
92.5140910744667,95.94890892505646
86.4665697813034,89.08943021297455
94.52804785966873,95.15695214271545
84.48052740097046,89.02047258615494
84.35700762271881,87.2539923787117
84.16148889064789,87.1355111002922
83.25996971130371,89.70303028821945
83.21145045757294,87.67754954099655
82.77393132448196,87.26306867599487
88.04041230678558,94.83058768510818
86.86189252138138,85.52710747718811
81.66537344455719,88.83462655544281
102.07984554767609,98.06815445423126
94.49429416656494,95.87570583820343
84.13175559043884,90.55424439907074
83.23023474216461,88.21276527643204
88.42271333932877,88.3352866768837
83.80019217729568,87.66280782222748
95.066670358181,97.84032964706421
92.51815038919449,89.2788496017456
93.30262744426727,92.04837256669998
83.95810759067535,86.05989241600037
84.20558911561966,87.88641089200974
82.21306985616684,90.10193014144897
82.1835503578186,88.03944963216782
90.7640318274498,92.51296818256378
83.38151115179062,87.33948886394501
86.66699200868607,87.999007999897
102.60046309232712,98.52953690290451
98.08891320228577,98.68908679485321
87.8363664150238,90.42263358831406
108.32483994960785,107.60116004943848
99.31331884860992,88.18668115139008
89.76479685306549,92.14320313930511
104.58627444505692,101.57972556352615
84.87175369262695,88.55524629354477
84.76723313331604,86.9737668633461
86.45971351861954,87.46628648042679
103.44819355010986,93.42180645465851
82.65967398881912,88.52532601356506
83.74015355110168,86.6488464474678
91.56163340806961,92.10436660051346
83.43911397457123,86.04188603162766
84.46459448337555,89.73840552568436
104.4350665807724,96.67693340778351
84.05352330207825,89.44647669792175
90.63499635457993,92.64400362968445
82.21546453237534,89.84053546190262
91.25994247198105,94.44405752420425
90.2104207277298,87.382579267025
98.55089575052261,97.4671042561531
85.09437549114227,88.2756245136261
82.19485634565353,87.39814364910126
85.25833636522293,93.89066362380981
86.09781664609909,87.06818336248398
82.49329674243927,87.19170325994492
81.55577772855759,88.23922228813171
88.39625924825668,92.10374075174332
82.1817392706871,86.00326073169708
83.07722020149231,91.8297798037529
102.17669433355331,100.9343056678772
84.70214921236038,89.83485078811646
97.1536192893982,94.32738071680069
83.42107665538788,89.17292332649231
94.83455508947372,97.07244491577148
86.4340301156044,89.54696989059448
93.86750721931458,98.68849277496338
84.83698755502701,90.19901245832443
84.62146860361099,91.41553139686584
83.35094994306564,85.90805006027222
83.85743129253387,87.4565686583519
83.16191166639328,89.56108832359314
83.83539140224457,86.14660859107971
90.84187138080597,93.58312863111496
83.81235063076019,86.31764936447144
84.35683035850525,88.68016964197159
101.88230383396149,97.28469616174698
85.90775817632675,89.46224182844162
105.54422867298126,112.8267713189125
88.01468580961227,88.48631417751312
90.68815928697586,94.34884071350098
87.13963729143143,87.5823627114296
102.49811542034149,96.0948845744133
89.70959508419037,89.04940491914749
90.19807535409927,91.5799246430397
83.85255533456802,86.81344467401505
84.7670361995697,86.65896379947662
82.07051587104797,92.2994841337204
84.68799602985382,86.08900398015976
88.30647665262222,92.00852334499359
83.2769564986229,85.87104350328445
83.93143731355667,88.08656269311905
98.32791250944138,95.13508749008179
90.24237090349197,89.42462909221649
98.17583584785461,96.56516414880753
84.2752885222435,89.81771147251129
91.1337661743164,94.62623381614685
86.3082445859909,89.3967553973198
93.72172284126282,97.3892771601677
84.04420286417007,88.06779712438583
91.40268290042877,90.74531710147858
83.68716365098953,86.81283634901047
84.63864368200302,85.6753563284874
81.42412412166595,90.03887587785721
83.13460540771484,85.69839459657669
93.91908639669418,97.61791360378265
83.92656660079956,86.79643338918686
84.15604728460312,88.362952709198
84.01452738046646,86.42947262525558
93.42900329828262,96.23799669742584
98.67646396160126,94.63753604888916
83.14692097902298,90.0390790104866
92.61639887094498,94.01360112428665
85.41987663507462,95.02412337064743
94.98235511779785,95.92464488744736
92.91483491659164,93.54716509580612
85.5893161892891,85.16968381404877
83.92979687452316,86.29220312833786
83.65827667713165,86.47072333097458
82.81375706195831,87.7962429523468
82.72823774814606,86.41976225376129
91.56871855258942,91.80228143930435
89.87219887971878,86.09080111980438
82.39867979288101,91.56532019376755
83.49716031551361,85.76183968782425
103.0976345539093,100.21736544370651
98.40007764101028,98.32192236185074
83.92553460597992,88.70346540212631
90.72901260852814,98.75298738479614
85.62448984384537,88.93051016330719
98.55796843767166,94.42403155565262
83.45344823598862,93.47155177593231
84.6459292769432,86.48307073116302
83.11641091108322,86.71658909320831
84.88289242982864,87.13610756397247
89.70437186956406,89.96262812614441
82.89685022830963,86.40014976263046
92.2743307352066,94.04066926240921
84.94781070947647,86.68218928575516
84.12129127979279,87.71170872449875
84.33177155256271,86.01922845840454
102.54224532842636,98.04975467920303
106.79068964719772,97.76531034708023
85.13114613294601,93.84985387325287
93.28562271595001,92.76937729120255
85.38610005378723,90.66989994049072
97.17057645320892,93.60742354393005
83.25105547904968,89.35994452238083
87.53653627634048,91.96346372365952
84.35801714658737,87.64198285341263
84.75449687242508,85.94950312376022
83.11297750473022,87.14602249860764
86.63845747709274,85.8975425362587
91.36793732643127,92.59506267309189
83.33841848373413,87.45858150720596
84.8628990650177,87.9321009516716
84.64837908744812,86.12862092256546
101.09985274076462,101.10414725542068
97.70029944181442,94.85570055246353
90.18775528669357,93.21924471855164
92.04622757434845,95.6937724351883
86.22070467472076,87.63129532337189
96.17218232154846,94.62381768226624
85.17866146564484,87.02533853054047
91.14914131164551,92.77685868740082
84.48862224817276,86.67737776041031
85.1811021566391,86.79989784955978
82.28158277273178,88.7004172205925
84.19606417417526,87.32293581962585
88.22154474258423,91.14845526218414
84.52502501010895,83.75297498703003
85.45750564336777,86.93049436807632
86.14998209476471,88.4620178937912
104.36045563220978,100.84354436397552
84.99690890312195,87.83609110116959
89.59737855195999,97.44062143564224
95.10384851694107,96.95215147733688
87.48132461309433,90.444675385952
97.82180166244507,94.49419832229614
85.34728080034256,88.44871920347214
85.77976155281067,87.73823845386505
85.65724205970764,85.43475794792175
83.83072090148926,85.46527910232544
81.50520181655884,87.29179817438126
83.40068298578262,85.65531700849533
90.70416414737701,92.24083584547043
83.35864460468292,86.25235539674759
83.21812558174133,88.74487441778183
83.91060614585876,86.29339385032654
102.49107891321182,98.0279210805893
84.60953199863434,88.79746800661087
96.1170037984848,97.90199619531631
96.25346112251282,99.9685388803482
89.03793793916702,87.92506206035614
95.78541511297226,93.69558489322662
86.44089490175247,87.78110510110855
86.2813755273819,86.84862446784973
83.51085668802261,86.13714331388474
84.62933802604675,85.59366196393967
82.46881872415543,89.19818127155304
84.236299097538,86.43070089817047
90.29778045415878,90.77621954679489
85.54626083374023,84.95373916625977
84.96074205636978,86.91025793552399
84.78222197294235,86.34677803516388
103.4556959271431,98.98830407857895
82.8521476984024,86.44485229253769
95.08061933517456,94.27138066291809
92.69907772541046,97.98592227697372
88.46555387973785,85.96144610643387
100.639031291008,95.21296870708466
84.88751083612442,88.835489153862
93.15299159288406,92.71700841188431
88.27147161960602,88.09952837228775
85.12995129823685,88.90704870223999
81.17443138360977,88.54756861925125
83.19991236925125,86.30008763074875
91.65139371156693,92.05260628461838
84.71387457847595,85.41612541675568
84.60935539007187,87.63064461946487
85.80183535814285,86.16116464138031
102.56830501556396,96.0986949801445
84.4457568526268,87.22124314308167
108.86764246225357,109.22635751962662
90.24409580230713,90.8859041929245
103.34456467628479,99.67443531751633
92.25903129577637,89.22296869754791
91.41349625587463,93.5115037560463
84.67997324466705,85.72802674770355
85.63145166635513,85.75654834508896
83.17493140697479,87.75006860494614
85.6824117898941,86.90958821773529
88.89289093017578,91.12510907649994
84.03037023544312,85.82162976264954
84.94485133886337,86.50014865398407
84.4513310790062,85.51066893339157
95.64380604028702,92.43119394779205
87.70626699924469,92.4787330031395
99.23173183202744,101.99026817083359
95.2941871881485,90.5018128156662
88.06066286563873,89.2723371386528
95.45613890886307,94.9138610959053
86.00061911344528,87.94338089227676
86.36009991168976,86.49290007352829
86.44057881832123,88.4854211807251
84.65105772018433,85.88594228029251
86.010537981987,88.11946201324463
83.35101842880249,87.50198155641556
91.98749929666519,90.8095006942749
85.17898017168045,86.11701983213425
85.00146090984344,88.25753909349442
85.11994051933289,86.80705946683884
84.77442103624344,89.4655789732933
98.13389617204666,94.01510381698608
97.43635112047195,95.85964888334274
96.6658079624176,88.42719203233719
86.91428512334824,91.30771487951279
100.77276259660721,96.44923740625381
85.94624125957489,89.534758746624
86.78672176599503,85.12027823925018
86.7202017903328,86.35379821062088
84.89368242025375,86.34731757640839
84.067163169384,86.95083683729172
84.51864385604858,86.64735615253448
92.26712340116501,89.5488765835762
86.30960184335709,85.39339816570282
85.44708275794983,86.53391724824905
84.75056171417236,86.86043828725815
84.96204221248627,85.98295778036118
102.19051420688629,97.95848578214645
97.49396276473999,96.95003724098206
91.51942044496536,86.46157956123352
87.04489856958389,90.1401014328003
96.75637257099152,100.74462741613388
87.94784879684448,89.12615120410919
91.47332620620728,92.50767379999161
86.33280670642853,85.07519328594208
84.78328561782837,87.36471438407898
81.32776272296906,90.06123727560043
79.26024097204208,84.2197590470314
93.24972170591354,92.36227828264236
92.29320222139359,85.85479778051376
85.35668402910233,89.58931595087051
82.54816430807114,86.65483570098877
86.09164428710938,88.83335572481155
102.0631160736084,95.77088391780853
102.64356464147568,102.61543536186218
87.98301541805267,89.20198458433151
88.80549150705338,88.52750849723816
103.16396886110306,99.96603113412857
86.68944776058197,91.51355224847794
89.25292760133743,89.8770723938942
86.0744087100029,88.2215912938118
86.48788928985596,85.86311066150665
83.90336918830872,88.39263081550598
90.78833067417145,90.87866932153702
86.27580904960632,86.59419095516205
89.45028960704803,90.12371039390564
82.32776963710785,85.00623035430908
84.33425056934357,87.57274943590164
100.41572469472885,97.02927529811859
85.64417660236359,90.5398234128952
90.8556507229805,92.36734926700592
90.30611974000931,87.74888026714325
97.53559470176697,99.50140529870987
87.09807395935059,87.65992605686188
83.92055368423462,85.98644632101059
84.61303424835205,85.47996574640274
84.87851440906525,86.12048560380936
84.32999509572983,89.85400491952896
85.22647470235825,88.18152529001236
92.3809534907341,91.93304651975632
88.46343404054642,85.42556595802307
86.1739131808281,87.88208681344986
83.05039328336716,84.8016067147255
84.09487390518188,85.77612608671188
99.50934553146362,97.08265447616577
85.20180296897888,89.02019703388214
99.83827543258667,94.51272457838058
92.45673388242722,88.08026611804962
95.92620992660522,100.27779006958008
86.65568906068802,90.30731093883514
84.08916962146759,85.94783037900925
86.3366482257843,87.34835177659988
85.45512735843658,87.30487263202667
85.01660776138306,86.7413922548294
84.80208867788315,85.71591132879257
91.14156991243362,89.94943010807037
85.37205016613007,84.07294982671738
85.58153140544891,88.58446860313416
90.08901184797287,87.13298815488815
83.94849246740341,87.3665075302124
104.1219602227211,103.45203977823257
88.35041069984436,88.66758930683136
99.8208801150322,94.29011988639832
88.25433713197708,86.20866286754608
98.20581305027008,99.83118695020676
88.28629231452942,86.86170768737793
91.97877222299576,92.61322778463364
83.6532529592514,85.69874703884125
86.71573281288147,86.67426717281342
84.2592134475708,86.81478655338287
85.34069430828094,85.25230568647385
92.16217321157455,91.50482678413391
87.09565073251724,85.12734925746918
85.02813124656677,87.02786874771118
88.99761193990707,87.44638806581497
86.95009273290634,84.93890726566315
101.73456561565399,97.63543438911438
86.53802138566971,88.25897860527039
99.39749175310135,95.0475082397461
96.40395045280457,93.48504954576492
97.26242625713348,98.4225737452507
87.56590551137924,88.45309448242188
92.24038463830948,91.35261535644531
85.15486514568329,85.21613484621048
85.14234459400177,85.54265540838242
84.79782462120056,89.05417537689209
84.73030489683151,85.23269510269165
89.08878588676453,91.70721411705017
84.00426608324051,86.43973392248154
84.54774701595306,86.95225298404694
87.88822758197784,84.09277242422104
85.89570677280426,86.51129323244095
115.51317912340164,96.80182087421417
87.31663250923157,89.96036750078201
98.58310252428055,97.8608974814415
87.4055604338646,88.11343955993652
101.32003557682037,96.27296441793442
86.90151458978653,87.52548539638519
83.20399403572083,85.50000596046448
86.76747411489487,89.73352587223053
86.1809532046318,84.67004680633545
92.78043276071548,85.49756723642349
86.45391118526459,84.67508882284164
92.98039108514786,89.72360891103745
86.15287148952484,84.73512852191925
86.1983512043953,88.06164878606796
89.2048305273056,84.703169465065
85.74931007623672,84.99168992042542
97.90478426218033,95.35521572828293
91.20724076032639,93.07075923681259
97.84370613098145,95.73029386997223
88.70216482877731,86.83383518457413
101.876640021801,102.30935996770859
88.01311725378036,86.70988273620605
84.68659597635269,84.96140402555466
86.67507600784302,85.95392400026321
85.7375550866127,85.39144492149353
84.15303492546082,85.64396506547928
86.32651489973068,84.67348510026932
93.44399005174637,91.59300994873047
87.52546936273575,86.69753062725067
86.66194880008698,85.48605120182037
88.6874275803566,84.44157242774963
86.34290719032288,85.2310928106308
85.55338472127914,85.5946152806282
104.20885789394379,102.03214210271835
99.14130663871765,91.5066933631897
88.31476438045502,90.05523562431335
99.06323915719986,95.75176084041595
88.03271675109863,88.41128325462341
111.03919625282288,100.47880375385284
87.04667377471924,85.61932623386383
85.33215099573135,85.76084899902344
85.26463049650192,87.06836950778961
84.27211046218872,84.07988953590393
89.24159061908722,89.4804093837738
83.63706970214844,85.21393030881882
86.8295493721962,87.98545062541962
88.89302933216095,84.82897067070007
100.60350912809372,84.37749087810516
85.62898683547974,88.7040131688118
103.56145948171616,101.82654052972794
100.82790839672089,97.8570916056633
90.94636648893356,86.4246335029602
96.62084114551544,99.86115884780884
102.90431755781174,96.87268245220184
94.0787963271141,91.86620366573334
88.69727605581284,85.22972393035889
91.5557552576065,87.20324474573135
85.433234333992,84.91876566410065
86.21771413087845,85.19028586149216
94.63219326734543,90.33080673217773
86.36167132854462,85.1573286652565
87.6831505894661,86.42784941196442
92.35762882232666,84.51337116956711
86.23410880565643,83.83889120817184
90.92658799886703,90.46241199970245
103.41505968570709,102.7699403166771
94.14451062679291,93.28148937225342
96.00297820568085,92.40402179956436
96.5474494099617,96.41555058956146
90.59092682600021,87.74207317829132
86.83940547704697,87.64259451627731
88.8268831372261,88.00611686706543
88.26035743951797,89.25764256715775
85.32283681631088,86.06516319513321
88.21931582689285,84.28168416023254
91.96679556369781,91.1442044377327
89.14027541875839,85.1557245850563
92.6107547879219,90.74124521017075
91.19223409891129,84.10376590490341
89.7907133102417,85.94928669929504
90.1311907172203,88.25680929422379
107.06466329097748,102.08333671092987
92.71911245584488,91.83588755130768
102.70758485794067,93.6624151468277
102.25204110145569,97.98795890808105
85.64751696586609,88.09248304367065
85.02599853277206,86.03000146150589
86.38448029756546,86.70851969718933
85.33696115016937,86.84903883934021
85.37944310903549,87.76855689287186
87.99388974905014,85.34011024236679
89.94537079334259,87.53662919998169
87.9338521361351,84.78814786672592
84.77433413267136,84.4856658577919
89.13281548023224,90.25518453121185
107.64028888940811,101.95271110534668
84.2217383980751,85.22326159477234
100.82121163606644,91.99378836154938
95.92066884040833,95.8013311624527
86.92714869976044,85.36885130405426
87.97162973880768,88.71337026357651
87.20111209154129,85.53988790512085
97.7635926604271,87.90340733528137
85.3260748386383,85.95192515850067
86.88855594396591,84.77844405174255
93.11803537607193,93.52996462583542
86.51451760530472,85.83848237991333
86.55699890851974,85.44200110435486
86.7494803071022,85.19451969861984
84.20096236467361,85.39103764295578
88.83844357728958,92.86555641889572
107.36391711235046,98.63608288764954
85.4633681178093,87.46263188123703
99.451839864254,92.45616012811661
97.34829783439636,93.48570215702057
86.61377608776093,85.86722391843796
87.54725784063339,89.0457421541214
96.36873978376389,87.79726022481918
85.83921694755554,88.21678304672241
86.1236976981163,86.39430230855942
86.81617945432663,86.05382055044174
88.87866055965424,89.32533943653107
86.47814357280731,83.09585642814636
85.31862509250641,87.90437489748001
87.19610714912415,86.37789285182953
85.48058950901031,86.00041049718857
89.8770706653595,92.10392934083939
107.92054486274719,97.59745514392853
91.01999413967133,90.62800586223602
96.91546642780304,94.4165335893631
98.34891766309738,96.72508233785629
87.26339817047119,89.56960183382034
84.47487992048264,84.89612007141113
84.62936210632324,84.75963789224625
85.80284351110458,85.04815649986267
82.86532485485077,89.37467515468597
85.11380791664124,84.14619207382202
92.60228806734085,90.6577119231224
87.25676637887955,83.4832336306572
86.20924746990204,88.05075252056122
88.67872881889343,85.06127119064331
85.59321111440659,84.75778889656067
101.7476915717125,95.60430842638016
108.64416664838791,100.09683334827423
87.9846156835556,92.03338432312012
105.08408480882645,94.91491520404816
105.59054017066956,97.13145983219147
89.15302187204361,86.47597813606262
87.62350058555603,84.61649942398071
87.92697995901108,87.25802004337311
103.15645891427994,96.25054109096527
88.42293775081635,85.76206225156784
87.8184158205986,86.03358417749405
92.62189537286758,87.655104637146
87.51737731695175,84.38962268829346
88.67285871505737,86.53114128112793
93.30933821201324,83.67266184091568
87.37181758880615,86.33118242025375
92.54529821872711,88.82370179891586
105.55277389287949,100.35422611236572
92.37522530555725,93.08777469396591
99.17769318819046,95.56230682134628
102.98215216398239,94.16684782505035
88.69163119792938,86.86336880922318
96.69911098480225,89.92988902330399
88.94659000635147,83.4234099984169
90.3430689573288,86.11993104219437
86.10954815149307,84.64945185184479
84.950026512146,86.27197349071503
84.91950649023056,85.50549352169037
86.7049885392189,85.11001145839691
87.43346923589706,88.56653076410294
88.7739474773407,84.67005252838135
84.63342595100403,84.60757404565811
93.82590591907501,88.76709407567978
88.18438559770584,86.48261439800262
107.37586176395416,98.54913824796677
97.53230828046799,94.5606917142868
100.48276680707932,93.72023320198059
88.15624576807022,86.30675423145294
95.38572537899017,90.09527462720871
86.81920450925827,86.68179547786713
87.62168478965759,84.30331522226334
88.20416384935379,84.90783613920212
87.6556424498558,84.84535753726959
87.01412135362625,85.02387863397598
87.94660449028015,84.9973955154419
87.50908476114273,85.84291523694992
93.25756454467773,83.39143544435501
86.48704385757446,83.69895613193512
93.17852360010147,87.17247641086578
90.77800220251083,85.40699779987335
107.50747835636139,102.71452164649963
98.42092961072922,100.28107041120529
101.96638762950897,99.49661237001419
88.63986015319824,86.19413983821869
88.812340259552,86.79765975475311
91.46781951189041,86.03218048810959
88.32729703187943,83.98770296573639
88.7967768907547,88.14722311496735
88.0272569656372,83.97374302148819
88.53373664617538,84.31826335191727
85.947214782238,83.82978522777557
84.62169748544693,86.23030251264572
92.12817895412445,83.5198210477829
86.93265956640244,83.51234042644501
91.30913865566254,87.85686135292053
94.31661868095398,90.51638132333755
105.15609288215637,103.78790712356567
89.42354893684387,94.4474510550499
110.35602283477783,104.7739771604538
89.12248092889786,86.9335190653801
88.73995995521545,85.03804004192352
86.93243956565857,85.45656043291092
88.92091900110245,83.115081012249
87.9473984837532,86.83160150051117
85.02787679433823,85.13912320137024
86.59035688638687,87.9836431145668
89.68983501195908,92.40216499567032
86.06731194257736,88.22868806123734
98.99979227781296,87.00020772218704
88.19227212667465,84.02972787618637
88.23775047063828,86.93024951219559
94.7812329530716,92.68176704645157
100.73171079158783,103.65628921985626
84.29417073726654,96.7418292760849
109.5426481962204,105.67935180664062
88.88310819864273,87.26489180326462
96.64958620071411,89.88741379976273
89.49006533622742,83.38093465566635
87.70054477453232,87.87345522642136
88.52202469110489,86.84797531366348
89.43750423192978,86.63749575614929
88.09198254346848,85.37101745605469
88.46946173906326,85.66053825616837
84.71694159507751,87.41205841302872
92.85342437028885,83.05357563495636
87.21290409564972,86.19509589672089
91.62738239765167,87.48361760377884
95.67086219787598,89.01413780450821
106.86333626508713,101.17366373538971
84.53778886795044,93.14821112155914
112.13726484775543,107.2887351512909
88.03272604942322,89.44827395677567
96.79920482635498,89.40479516983032
89.54668378829956,84.63931620121002
87.83216190338135,83.79783809185028
94.50564187765121,89.47635811567307
93.14112097024918,84.7278790473938
88.68559992313385,84.62840008735657
89.93307840824127,84.38092160224915
84.60755789279938,86.9664421081543
91.68904036283493,83.25595963001251
84.39951854944229,83.4894814491272
90.99900186061859,87.94599813222885
100.78348183631897,86.69751816987991
102.77195584774017,104.95004415512085
85.22341114282608,90.81258887052536
111.58188480138779,105.25111520290375
86.88534712791443,88.13265287876129
84.02282637357712,83.84817361831665
87.67830657958984,84.02669340372086
87.9257841706276,82.79621583223343
87.3962630033493,84.99273699522018
86.86574214696884,83.98625785112381
86.53922200202942,83.64577800035477
89.13870269060135,83.37929731607437
85.99718368053436,84.7618163228035
96.33766448497772,83.4763355255127
85.49313962459564,85.08086037635803
90.51962113380432,87.96237885951996
95.76710158586502,86.06689840555191
101.69957602024078,101.6894239783287
87.81703358888626,93.33096641302109
109.12150609493256,105.67449390888214
88.94296914339066,88.37203085422516
87.58044797182083,85.23555201292038
87.45692718029022,86.30307281017303
88.88940608501434,83.90559393167496
87.04488551616669,85.76911449432373
86.31136626005173,85.39263373613358
86.13284659385681,84.21815341711044
87.89932632446289,83.97067368030548
87.27680641412735,84.98219358921051
92.45028334856033,82.45671665668488
93.06876438856125,84.04223561286926
91.96424561738968,86.68375438451767
95.17472696304321,86.76927304267883
103.09020286798477,102.2797971367836
85.78166049718857,91.2923395037651
109.08513516187668,102.80286484956741
88.57359731197357,91.22240269184113
92.35807573795319,88.73392426967621
87.60655587911606,84.17144411802292
86.44703644514084,82.9979635477066
87.78751790523529,87.58248209953308
89.2579995393753,83.53900045156479
87.28247952461243,84.47652047872543
84.95596009492874,84.19103991985321
84.55544036626816,86.12955963611603
91.61892181634903,83.36307817697525
86.70040279626846,84.28159719705582
92.26288437843323,87.3671156167984
95.04736584424973,88.80463415384293
103.59084129333496,101.24215871095657
89.65429437160492,95.21670562028885
106.67976373434067,99.80223625898361
88.8892268538475,91.05377316474915
93.91570597887039,87.2692940235138
87.73818552494049,86.48481446504593
86.81866645812988,83.73633354902267
87.4561465382576,84.52585345506668
87.18462616205215,83.8713738322258
86.26610749959946,85.56789249181747
88.55058681964874,86.6904131770134
93.46506720781326,89.4989327788353
92.60154324769974,85.7314567565918
85.5340245962143,85.61297541856766
91.94850564002991,86.81049436330795
101.26998710632324,90.06301289796829
86.63046711683273,84.2035328745842
99.95094245672226,100.04905754327774
93.53986018896103,94.16413980722427
87.91633230447769,86.08366769552231
87.97881281375885,87.78018718957901
86.9122924208641,85.0877075791359
87.53077304363251,86.22822695970535
86.94525176286697,83.38774824142456
87.30473172664642,83.56626826524734
89.1082119345665,85.16978806257248
85.89268893003464,84.40431106090546
94.71417063474655,83.39682936668396
85.85065180063248,83.20534819364548
92.39413368701935,90.67886632680893
95.56861478090286,86.07938522100449
97.40909522771835,87.20190477371216
99.91557151079178,101.13942849636078
97.81203150749207,95.83596849441528
97.55950623750687,96.84749376773834
89.82597017288208,86.4520298242569
88.7034495472908,85.31555044651031
87.1729285120964,83.17907148599625
87.75440865755081,88.20859134197235
86.71336781978607,83.50863218307495
87.33084762096405,83.76215237379074
83.56032907962799,85.38467091321945
93.97481006383896,82.72918993234634
86.50028985738754,82.90671014785767
91.9517713189125,88.53022867441177
94.92125201225281,85.59674799442291
87.79973310232162,83.38626688718796
100.5832108259201,99.9157891869545
96.23967015743256,93.5203298330307
98.56114512681961,97.29085487127304
93.88260692358017,95.74639308452606
86.96408808231354,85.7769119143486
86.47056996822357,84.80643004179001
86.58905112743378,84.70694887638092
87.6145327091217,83.5884672999382
86.14001262187958,82.04498738050461
87.75849288702011,86.8535071015358
87.52497488260269,86.41902512311935
98.51345634460449,83.67254364490509
86.89093774557114,83.72006225585938
93.23141938447952,86.91758060455322
95.44190073013306,85.66909927129745
88.0233803987503,83.84761959314346
100.54785740375519,102.47014260292053
98.27731382846832,95.25968617200851
100.74778860807419,98.30821138620377
99.05125260353088,91.4307473897934
89.8167331814766,88.36826682090759
86.75021332502365,83.101786673069
85.72069489955902,84.2063050866127
87.2271756529808,83.62482434511185
88.82765650749207,85.21034348011017
89.13013702630997,82.6288629770279
86.82261604070663,84.64038395881653
92.36609345674515,82.94790655374527
90.28057545423508,83.7934245467186
90.91805511713028,87.37894487380981
98.49853664636612,89.90846335887909
86.74701803922653,84.99398195743561
101.73449504375458,102.08050495386124
97.59395056962967,92.88704943656921
94.84142744541168,96.60357254743576
85.0528918504715,86.76210814714432
87.24437284469604,85.73662716150284
90.21485358476639,83.45214641094208
87.3323346376419,86.6676653623581
88.17281407117844,86.32618594169617
90.50920963287354,86.60279035568237
93.21968775987625,83.05831223726273
89.43016862869263,84.84783136844635
93.75164717435837,87.02535283565521
96.27812814712524,86.49987185001373
85.95160973072052,83.52939027547836
100.0140860080719,100.65291398763657
103.22454506158829,101.14545494318008
96.84301871061325,101.82298129796982
96.35048174858093,91.64951825141907
89.7459614276886,89.14303857088089
90.03044003248215,84.09855997562408
87.70492047071457,87.8690795302391
97.06339973211288,87.917600274086
93.44088017940521,83.09611982107162
86.89235609769821,83.40364390611649
87.30683726072311,83.91516274213791
89.75731873512268,83.16768127679825
87.94979786872864,82.69720214605331
94.2172782421112,86.93072175979614
95.22375911474228,84.44324088096619
87.2672393321991,82.88076066970825
101.66371595859528,102.4102840423584
104.55917584896088,99.23682415485382
96.97465229034424,97.74834769964218
93.27811574935913,90.20388424396515
90.74759519100189,87.0494047999382
88.38407468795776,84.17192530632019
86.46455383300781,83.96044617891312
93.32403421401978,90.13896578550339
88.83151465654373,85.11348533630371
86.72699505090714,84.14400494098663
86.93747651576996,86.24752348661423
90.11095720529556,83.01804280281067
84.30443894863129,83.14156103134155
91.60791993141174,86.91208004951477
92.7804006934166,85.58959931135178
85.17688196897507,83.7861180305481
100.27635914087296,103.74264085292816
95.59781974554062,96.19818025827408
100.23429328203201,105.56170672178268
96.66775393486023,92.1652460694313
84.04523086547852,83.80676913261414
83.60771000385284,82.24428999423981
84.93019086122513,85.94080913066864
88.91767293214798,91.78632706403732
88.57315480709076,84.00084519386292
86.82163298130035,83.55036705732346
89.45811456441879,85.15388542413712
91.27959322929382,84.1464067697525
88.52707433700562,82.00992566347122
90.07155483961105,87.57744514942169
99.98503625392914,96.77396374940872
90.04751563072205,82.82148438692093
100.5549910068512,101.6490089893341
105.02544885873795,107.19655114412308
96.56891793012619,98.94908207654953
94.7053827047348,93.62661731243134
89.50885313749313,85.49014687538147
86.94233161211014,84.18766838312149
85.98581123352051,87.53218877315521
93.62329137325287,91.41470861434937
88.9447660446167,81.2582339644432
88.65524446964264,83.86375552415848
87.42172527313232,84.44927471876144
92.78020459413528,81.88579541444778
85.62068462371826,83.28631538152695
90.53516536951065,86.07583463191986
93.61664634943008,86.42035365104675
85.71612703800201,83.87587296962738
89.14960718154907,83.81339281797409
115.12007963657379,105.41792035102844
90.94054055213928,89.17045944929123
107.52201384305954,94.58898615837097
92.899469435215,91.54453057050705
91.72094774246216,87.26005226373672
90.67342752218246,88.86457246541977
98.16190421581268,88.07909578084946
91.37238442897797,88.53461557626724
90.43486338853836,84.87913662195206
94.07134258747101,86.29865741729736
95.02944707870483,85.72955292463303
90.09143942594528,90.24156057834625
93.00443053245544,89.18056946992874
96.9744240641594,88.30357593297958
90.88741731643677,87.96458268165588
90.94941228628159,87.69858771562576
90.70133352279663,92.70566648244858
110.30031406879425,101.94068592786789
91.60326415300369,91.26773583889008
82.96025401353836,84.0947459936142
90.61425185203552,88.8117481470108
88.7132483124733,90.98975169658661
85.31224548816681,84.35475450754166
86.68824344873428,84.92275655269623
84.84323966503143,86.34276032447815
90.238236784935,83.61476320028305
84.41023486852646,86.81176513433456
88.39823162555695,88.2497683763504
92.07122939825058,87.44777059555054
84.5952262878418,84.95977371931076
89.32322138547897,88.13977861404419
118.21919840574265,101.24480158090591
85.39115512371063,87.71984487771988
107.36014151573181,99.60185849666595
101.23710596561432,91.80089402198792
88.78009521961212,85.738904774189
87.45208615064621,92.88091385364532
92.90308314561844,94.46691685914993
87.2430808544159,87.44291913509369
85.50807774066925,87.56692224740982
90.14407533407211,88.00492465496063
92.33506375551224,88.10893625020981
85.74805521965027,86.75094479322433
90.06905311346054,91.07894688844681
96.83505237102509,93.8509476184845
89.9890508055687,90.38194918632507
88.06904983520508,89.85795015096664
87.61798256635666,97.99301743507385
102.51297318935394,104.78302681446075
115.44491934776306,70.83208066225052
79.98772919178009,87.93827080726624
82.40173172950745,84.9512682557106
57.75873786211014,56.09326213598251
70.63574409484863,56.86425590515137
75.80774450302124,57.74725550413132
89.14873778820038,49.98226219415665
87.59773391485214,58.198266088962555
89.23472952842712,57.95127046108246
94.11072564125061,55.556274354457855
110.85772109031677,51.64227890968323
97.65971553325653,61.63728445768356
119.07370889186859,51.00129109621048
94.83769094944,36.84730905294418
126.88165920972824,46.41534078121185
85.23846781253815,88.52053219079971
81.31944185495377,80.81055814027786
84.76942282915115,81.80457717180252
93.59040635824203,81.85359364748001
90.59738886356354,81.7366111278534
81.45437145233154,85.67462855577469
81.81235748529434,82.55764251947403
79.74535292387009,87.07064706087112
80.89934867620468,84.34265130758286
81.2573390007019,82.03966099023819
82.74432861804962,83.58967137336731
82.45431935787201,84.13768064975739
81.01631009578705,82.00268989801407
83.4663006067276,82.6256994009018
83.99028700590134,83.73171299695969
81.60724353790283,84.44775646924973
89.72522979974747,84.79377019405365
83.24919563531876,84.82480436563492
80.25618404150009,82.26281595230103
81.94717240333557,82.79382759332657
81.76816207170486,83.34383791685104
82.16315764188766,82.11484235525131
82.44714879989624,81.96085119247437
82.24913799762726,84.78786200284958
80.90313237905502,81.54086762666702
80.85312157869339,82.07187843322754
82.8781104683876,81.67688953876495
82.84810197353363,82.91189801692963
81.31709605455399,81.34990394115448
80.91508120298386,82.80791878700256
97.62506991624832,84.74593007564545
81.09403795003891,85.18396204710007
85.87801218032837,84.65898782014847
80.97698843479156,84.72801154851913
80.5939816236496,82.29601836204529
81.96997141838074,84.01202857494354
82.08695888519287,82.56104111671448
81.51895374059677,82.66704624891281
81.15394645929337,82.40105354785919
82.0869402885437,83.54305970668793
81.38893300294876,83.3700670003891
80.57991343736649,81.62308657169342
80.60490089654922,82.46909910440445
80.31489074230194,84.2231092453003
82.33888632059097,81.97611367702484
81.40087676048279,82.32112324237823
95.96186649799347,83.96313351392746
80.94983112812042,84.79016888141632
84.3078054189682,88.65419459342957
87.88877522945404,86.87122476100922
83.41275656223297,82.73524343967438
82.15974587202072,84.82125413417816
80.57373780012131,82.13126218318939
80.2087327837944,82.84626722335815
85.15972304344177,82.32227694988251
82.27571302652359,83.59428697824478
80.98570662736893,82.40229338407516
80.34369432926178,82.32330566644669
79.84967756271362,81.22432243824005
93.52267426252365,84.84732574224472
80.67665576934814,81.58234423398972
86.31263679265976,80.90936321020126
89.98561292886734,90.27338707447052
84.45457988977432,83.60142010450363
81.2945659160614,81.46543407440186
82.373555123806,82.60744488239288
81.10254520177841,81.69345480203629
81.53453880548477,82.29946118593216
81.2255340218544,81.49746596813202
84.54552733898163,82.39847266674042
82.29251796007156,81.13248205184937
86.63251078128815,82.27448922395706
80.82350134849548,81.13949865102768
83.95949244499207,82.04050755500793
84.9654831290245,81.27551686763763
85.15647655725479,82.49052345752716
79.42246639728546,80.28153359889984
82.07645851373672,81.94254148006439
84.43444627523422,80.97255373001099
83.43942898511887,83.6145710349083
85.31740885972977,82.053591132164
90.06339901685715,30.84360098838806
83.92138069868088,29.893619298934937
83.92736876010895,29.312631249427795
85.41535770893097,80.4546422958374
79.60634016990662,81.30065983533859
85.31632924079895,81.51767075061798
79.56231850385666,82.56668150424957
81.97631114721298,81.85668885707855
84.35330206155777,81.18469792604446
83.97029536962509,81.45570462942123
84.51328802108765,82.89371198415756
82.0932804942131,80.92471951246262
81.46926963329315,82.34473037719727
84.3832625746727,82.19173741340637
91.20425242185593,83.53674757480621
87.08023262023926,81.69676738977432
87.95721316337585,32.57978683710098
84.29619455337524,35.25980544090271
83.37718141078949,83.90181857347488
85.97517055273056,81.67282944917679
78.61015230417252,81.42584770917892
79.50614219903946,81.32785779237747
83.38213258981705,85.45186740159988
83.35112428665161,80.59287571907043
85.37511616945267,81.60588383674622
83.23310762643814,81.11789238452911
79.51810020208359,82.46389979124069
85.02409243583679,80.62490755319595
80.52908170223236,82.80391830205917
84.25806921720505,81.53793078660965
85.76405072212219,85.38494926691055
84.58503234386444,80.87796765565872
89.3130213022232,84.16897869110107
86.20800316333771,82.29199683666229
79.3799838423729,82.76701617240906
79.64597225189209,82.77902776002884
80.78196120262146,82.20003879070282
80.93595325946808,81.97104674577713
78.88594627380371,83.28005373477936
78.78193873167038,84.75606125593185
80.15793418884277,81.213065803051
85.79392772912979,82.37307226657867
83.65191775560379,83.16308224201202
84.45391201972961,81.6570879817009
80.1089009642601,81.37309902906418
85.65189206600189,82.8491079211235
95.26788276433945,86.15811723470688
79.97785592079163,82.54114407300949
88.40984511375427,84.84915488958359
83.13782626390457,82.49117374420166
80.99581575393677,84.7621842622757
80.18781054019928,82.10918945074081
80.04480528831482,82.15819472074509
81.06980097293854,84.11519902944565
85.79879534244537,84.96120464801788
85.98978942632675,84.10321056842804
80.05178320407867,85.20821678638458
79.96477925777435,84.62722074985504
79.89577513933182,87.69522488117218
80.38377076387405,82.61522924900055
81.26076602935791,83.18323397636414
80.50776064395905,83.36323934793472
83.64275306463242,35.19024693965912
81.11174303293228,31.99925696849823
59.13673388957977,60.511266112327576
51.605723321437836,63.80127668380737
66.79671776294708,50.14728224277496
80.72971361875534,33.753286361694336
80.16070878505707,84.09829121828079
80.00070387125015,83.12929612398148
79.19869554042816,86.95030444860458
55.6726878285408,58.42031216621399
67.86468374729156,46.951316237449646
54.432675540447235,59.71632444858551
57.82667112350464,57.395328879356384
68.68466210365295,53.315337896347046
58.802651822566986,58.56834816932678
85.14163786172867,30.87736213207245
55.814624547958374,60.13037544488907
68.70961999893188,48.920379996299744
65.10361641645432,58.95138359069824
57.68361163139343,58.18638837337494
57.78260827064514,59.53239172697067
71.10360395908356,47.76739603281021
58.813599944114685,61.00140005350113
59.00459581613541,59.9024041891098
60.10358947515488,59.21141052246094
76.09058332443237,46.687416672706604
55.15257811546326,61.49542188644409
57.658573508262634,58.93342649936676
63.16456973552704,58.021430253982544
75.17056226730347,51.42143774032593
66.32455277442932,59.67444723844528
67.6275464296341,61.98345357179642
90.62153017520905,49.78646981716156
83.2075207233429,60.75547927618027
101.14551419019699,50.41048580408096
76.98551046848297,70.99648952484131
82.75050675868988,70.7324932217598
101.9225023984909,59.94849759340286
119.18849676847458,71.94150322675705
102.95349317789078,63.5285068154335
112.31048744916916,65.9485125541687
86.8914846777916,43.831515312194824
76.45247477293015,63.43652522563934
76.18045783042908,68.74554216861725
71.16845339536667,66.14554661512375
97.76744377613068,81.2135562300682
109.56942343711853,58.91157656908035
94.37241888046265,65.96158111095428
90.11940860748291,72.10259139537811
93.66140526533127,63.930594742298126
103.22340178489685,54.609598219394684
96.21139854192734,65.93660145998001
94.81039369106293,65.04260629415512
103.39038735628128,59.165612637996674
131.21038287878036,44.325617134571075
83.73537886142731,66.02362114191055
88.03837496042252,67.9806250333786
117.1183677315712,57.93763226270676
82.40713959932327,93.98086041212082
79.63613194227219,94.12286806106567
87.25312262773514,105.93187737464905
85.5001055598259,88.83289444446564
83.96910017728806,89.95689982175827
81.60509473085403,91.70990526676178
82.31509000062943,93.59290999174118
82.5060847401619,86.9939152598381
82.99307841062546,87.45192158222198
82.42507261037827,89.05592739582062
87.02406769990921,94.04993230104446
85.15906208753586,87.43293792009354
83.53605663776398,87.31494337320328
103.46804618835449,60.827953815460205
84.77104544639587,88.76695454120636
81.68403369188309,84.94596630334854
87.04202449321747,89.80997550487518
82.51099890470505,89.91500109434128
82.8129814863205,66.22401851415634
81.81995993852615,69.6440400481224
103.41794449090958,60.193055510520935
88.31292867660522,70.35307133197784
109.48591303825378,55.162086963653564
94.69590359926224,64.3410964012146
107.94189846515656,63.53910154104233
103.31789350509644,63.53310650587082
123.49188715219498,52.5821128487587
138.95988184213638,58.87311816215515
110.22587698698044,64.92212301492691
85.76887536048889,91.43512463569641
101.29286831617355,100.44713169336319
89.22586363554001,90.07113635540009
84.34878754615784,92.66921246051788
95.68777108192444,113.0532289147377
83.1387368440628,95.08326315879822
89.79272973537445,92.31927025318146
85.92772442102432,90.70127558708191
80.76771652698517,90.58428347110748
81.42271268367767,88.76328730583191
87.00170874595642,87.75729125738144
82.61970388889313,88.5102961063385
85.12569749355316,90.72730249166489
91.76069343090057,94.98030656576157
97.8226888179779,88.41831117868423
81.92068350315094,88.52231651544571
97.81667584180832,97.9053241610527
82.13767075538635,89.7153292298317
98.66165733337402,108.17134267091751
83.74261862039566,95.73938137292862
93.00760424137115,104.47439575195312
84.56857168674469,90.83842831850052
90.01856327056885,93.9254367351532
83.96955770254135,89.90044230222702
83.03155159950256,91.4314484000206
80.74154508113861,88.2774549126625
87.28454041481018,89.4934595823288
82.34553527832031,91.44946473836899
86.07452994585037,89.11147004365921
95.80252516269684,95.73447483778
81.91951841115952,87.76548159122467
103.12951332330704,90.35148668289185
102.15450567007065,99.01249432563782
80.69749873876572,88.83950126171112
85.59844291210175,92.71655708551407
95.65942287445068,104.08057713508606
83.9433845281601,94.77861547470093
93.04137450456619,96.60662549734116
82.5303646326065,88.91463536024094
83.85035866498947,90.66764134168625
81.44935393333435,89.08764606714249
86.51134717464447,91.22965282201767
82.90534269809723,89.63065731525421
86.8563352227211,91.16166478395462
91.04832851886749,96.85967147350311
91.29432392120361,89.48267608880997
83.85631692409515,95.44068306684494
99.86230790615082,102.63769209384918
81.10930347442627,89.16869652271271
104.61528998613358,115.42171001434326
81.9542505145073,94.24974948167801
86.68223941326141,100.44676059484482
89.93021553754807,95.57078444957733
92.15819585323334,96.52680414915085
82.20018649101257,90.02081352472305
83.37318176031113,90.86781823635101
80.71317505836487,92.30582493543625
85.77417117357254,88.92982882261276
81.48416709899902,87.97783291339874
85.5461637377739,91.69383627176285
93.34815847873688,96.76284152269363
83.50315314531326,91.31184685230255
85.56514698266983,96.88085299730301
98.99613559246063,98.68886440992355
83.09513050317764,88.81186950206757
99.56411731243134,109.34288269281387
82.90307486057281,95.0039251446724
81.96506661176682,94.70193338394165
99.08204823732376,100.60295176506042
89.88500517606735,93.48599481582642
83.2799961566925,90.27600383758545
83.43298941850662,90.90001058578491
80.34698218107224,89.2830178141594
88.7239745259285,88.70202547311783
82.37796622514725,88.14103376865387
86.86496007442474,90.72803992033005
91.85195231437683,96.5730476975441
85.21094620227814,90.27105379104614
82.32793700695038,88.98706299066544
97.7039293050766,101.20307070016861
81.43292248249054,90.17907750606537
102.80890649557114,104.95009350776672
83.03686511516571,88.79613488912582
83.65485417842865,95.62314581871033
96.78983163833618,98.11716836690903
89.81479352712631,96.31520646810532
84.26478350162506,90.16121649742126
84.82677298784256,92.59922701120377
82.62976455688477,89.70423543453217
85.67175382375717,88.08624619245529
81.04874795675278,86.59925204515457
86.3877363204956,90.16726368665695
93.20872950553894,99.34727048873901
81.02972263097763,89.35927736759186
79.66571468114853,87.63028532266617
94.17170757055283,100.77329242229462
81.9186999797821,87.1933000087738
107.1646803021431,107.35331970453262
91.15263617038727,94.64336383342743
79.75062245130539,92.11837756633759
97.75760501623154,102.83439499139786
92.11556559801102,98.32943439483643
83.97355663776398,91.32344335317612
85.42454808950424,92.61345189809799
82.5035412311554,92.14445877075195
89.36253333091736,91.3974666595459
85.55252403020859,93.98347598314285
88.78051406145096,90.92148596048355
98.06450825929642,98.60149174928665
88.77450001239777,92.53949999809265
88.04049211740494,92.55250787734985
96.87948375940323,100.76851624250412
87.57147777080536,94.20652222633362
99.26246571540833,103.97853428125381
95.58243560791016,107.71256440877914
88.12541043758392,92.26258957386017
95.78038829565048,98.77561169862747
108.82334583997726,67.4356541633606
88.8103376030922,89.24466240406036
82.50231683254242,94.40568315982819
80.82331019639969,90.19468981027603
85.81030118465424,88.37469881772995
81.87229532003403,87.97870469093323
84.93428945541382,91.80671054124832
90.75428330898285,101.42971670627594
83.59427642822266,89.70172357559204
84.452268242836,90.8447317481041
96.1992581486702,98.8937418460846
85.48225152492523,94.146748483181
84.73024326562881,90.64075672626495
106.9762270450592,106.98677295446396
83.61118406057358,97.99881595373154
96.52516198158264,99.08583801984787
90.9571253657341,96.1348746418953
82.55611580610275,87.3878841996193
82.7291077375412,90.28989225625992
82.10510057210922,87.96889942884445
88.79709231853485,88.88890767097473
80.65508216619492,86.69791781902313
86.79007649421692,90.80292350053787
90.62907010316849,96.3519299030304
82.95006293058395,89.08693706989288
81.5490550994873,92.02494490146637
92.68504703044891,98.14895296096802
85.89404082298279,97.01295918226242
83.56703388690948,90.30296611785889
101.12901759147644,99.1119824051857
81.17197221517563,91.92002779245377
98.71495461463928,100.89604538679123
88.4619129896164,91.85308700799942
84.89390164613724,93.10609835386276
94.47389197349548,98.5071080327034
90.99787986278534,97.00112015008926
90.20885932445526,95.49514067173004
84.9928508400917,90.5071491599083
88.81284362077713,90.83415639400482
97.43083387613297,99.60716611146927
85.75082409381866,91.19317591190338
90.20181661844254,92.59418338537216
100.96780347824097,96.88519650697708
91.02879697084427,94.36020302772522
91.94178712368011,90.79921287298203
105.44877314567566,102.53422683477402
124.00972479581833,57.453275203704834
87.55249297618866,64.11350703239441
79.79946613311768,88.73753386735916
76.2684571146965,85.1395428776741
74.08945572376251,86.67054426670074
74.50245898962021,85.7015410065651
78.267449259758,87.06555074453354
73.88544726371765,87.65155273675919
74.50144124031067,86.97855871915817
90.3604444861412,86.93655550479889
74.88443231582642,85.07756769657135
79.98343110084534,86.14656889438629
77.78640788793564,86.6585921049118
74.82841068506241,85.63358932733536
74.00141423940659,86.62758576869965
85.3783695101738,89.02963048219681
74.40234673023224,87.54165327548981
78.00134575366974,90.20265424251556
88.78532963991165,91.566670358181
74.71730899810791,85.13469099998474
73.76031005382538,87.53568994998932
75.26631444692612,84.90068554878235
76.66131341457367,88.04268658161163
77.40831166505814,85.31468832492828
75.84030663967133,87.65969336032867
73.84630990028381,85.2646901011467
74.07530158758163,88.11069840192795
79.45129185914993,85.34570813179016
80.45728302001953,88.82071697711945
73.24126505851746,84.99973493814468
75.4322692155838,85.16073077917099
87.84523278474808,89.82076722383499
75.38920420408249,86.81479579210281
75.48719793558121,86.9208020567894
88.82717835903168,90.76682168245316
73.92515343427658,88.96384656429291
74.93215590715408,88.03184407949448
73.4741547703743,86.22884523868561
78.25815552473068,86.70484447479248
73.19015020132065,92.55084979534149
74.93715286254883,87.15484714508057
76.29514688253403,86.59285312891006
74.56014972925186,84.73585027456284
79.51114624738693,86.5268537402153
93.31313788890839,90.35386210680008
70.91112244129181,85.27287757396698
69.58412474393845,83.45287525653839
91.14608651399612,91.89091348648071
82.72605621814728,89.29194378852844
73.65803635120392,85.98896366357803
92.92302513122559,90.89097487926483
75.24399650096893,88.77400350570679
77.58398723602295,89.6560127735138
73.7009836435318,85.33501636981964
75.79998433589935,88.62601566314697
83.36198222637177,84.97101777791977
83.607974588871,87.11402541399002
75.13296735286713,86.36703264713287
73.93497049808502,85.32402950525284
79.01496922969818,85.78103077411652
77.03994852304459,89.21905148029327
76.73094874620438,85.97305124998093
73.58894920349121,84.76305079460144
87.52094262838364,87.73805737495422
75.48990881443024,91.41709119081497
77.12587767839432,85.91112232208252
88.5398536324501,91.31214636564255
74.23083192110062,85.51016807556152
74.47683364152908,86.83716636896133
74.92783015966415,85.9241698384285
88.39783143997192,89.43616855144501
73.93981528282166,89.2081847190857
71.53880882263184,88.07219117879868
83.19281393289566,88.12118607759476
73.03179746866226,87.37520253658295
77.81578487157822,88.92521512508392
76.30377924442291,90.3072207570076
74.51377362012863,87.93122637271881
73.74176973104477,88.03623026609421
83.06276565790176,89.77123433351517
75.25374859571457,89.02425140142441
73.68574976921082,89.24025022983551
80.48873448371887,90.03026551008224
78.58671778440475,89.09928226470947
73.3887111544609,89.03728884458542
72.52571362257004,86.60528635978699
75.40070348978043,86.50629651546478
74.61170208454132,87.37029790878296
79.95069795846939,89.03030204772949
72.30870312452316,87.83929687738419
79.03669387102127,88.07530617713928
78.3576762676239,87.16032373905182
75.30765455961227,90.39534544944763
72.9076578617096,87.24134212732315
71.50565528869629,87.16134470701218
79.60361683368683,91.04438316822052
82.66557681560516,91.35242319107056
74.8195618391037,87.69843816757202
85.69554847478867,89.39645153284073
74.33252829313278,92.72347170114517
74.13451987504959,88.58848011493683
74.95552158355713,87.3784784078598
77.16551125049591,87.81648874282837
77.85650461912155,89.10649538040161
75.45449805259705,88.04550194740295
85.14649736881256,89.15050262212753
73.28248488903046,88.10751509666443
77.84348183870316,88.61951816082001
79.20147550106049,89.31752449274063
82.04145795106888,88.07054203748703
78.23143374919891,87.82356625795364
73.9234266281128,88.4655733704567
84.09539020061493,92.79360979795456
77.0283716917038,88.28662830591202
84.83033329248428,94.4476667046547
77.22530627250671,91.83069372177124
84.73129361867905,92.47270637750626
76.31126928329468,88.53973072767258
77.85425567626953,90.73774433135986
74.434250831604,88.25074917078018
77.1812487244606,93.00375127792358
78.81724220514297,90.47875779867172
76.87823784351349,87.8057621717453
80.94023001194,89.63277000188828
83.96422010660172,89.53577989339828
77.86020910739899,90.04779088497162
76.68120038509369,89.13379961252213
78.24319475889206,90.14680522680283
83.97117429971695,94.84382569789886
75.79115217924118,92.54184782505035
88.6301377415657,102.4608622789383
81.95210486650467,92.54889512062073
85.34709137678146,92.59790861606598
74.5380756855011,89.22192430496216
80.56307286024094,90.4749271273613
78.62406647205353,89.94993352890015
73.44506281614304,93.16593718528748
76.9880621433258,89.95593786239624
73.56805855035782,88.8579414486885
77.29705291986465,89.1669470667839
78.9690443277359,91.17895567417145
73.06803339719772,88.61696660518646
77.90703421831131,89.92496579885483
78.21002662181854,90.10497337579727
86.97500914335251,96.58099085092545
79.59198445081711,91.46301555633545
77.00497770309448,88.60502231121063
83.69695115089417,100.6730488538742
94.16587680578232,93.68512320518494
73.00485134124756,88.90114867687225
78.9748505949974,89.21114939451218
75.07284820079803,88.42715179920197
72.17185151576996,89.05114847421646
74.82585108280182,87.76714891195297
75.53585624694824,88.0011437535286
78.13485532999039,89.64314466714859
75.89983624219894,88.78616374731064
72.59083956480026,89.03916043043137
77.35684323310852,88.42115676403046
77.34383773803711,89.91516226530075
90.88779127597809,92.74220871925354
78.91176056861877,92.75523942708969
78.69475656747818,87.52624344825745
81.92374634742737,90.27925366163254
76.55972421169281,90.57027578353882
80.49072295427322,95.91627705097198
83.12771952152252,92.18828046321869
81.09571236371994,90.40328764915466
80.71370613574982,92.99029386043549
81.90469932556152,92.0213006734848
83.33669197559357,96.51530802249908
78.06468212604523,92.52831786870956
83.86667865514755,92.79932135343552
79.00267219543457,91.14532780647278
82.69366496801376,91.78733503818512
84.75565630197525,90.65234369039536
88.05764096975327,96.53435903787613
79.65662038326263,91.1763796210289
80.25461357831955,88.9853864312172
82.65060430765152,93.81239569187164
82.82358592748642,92.3074140548706
76.34757167100906,92.4114283323288
81.55756616592407,92.96143382787704
79.9525608420372,93.41843914985657
77.10655266046524,92.31944733858109
77.98254722356796,90.96045279502869
80.34054160118103,96.51045840978622
80.273532807827,91.5234671831131
81.63152706623077,92.3504729270935
79.19251835346222,98.99248164892197
80.47551095485687,93.3944890499115
81.61150449514389,93.38849550485611
81.34049558639526,100.80750441551208
79.53148066997528,94.6535193324089
79.59347397089005,40.22152602672577
84.78446179628372,97.27153819799423
81.90144109725952,50.26455891132355
56.944435358047485,63.09256464242935
81.78443253040314,59.10456746816635
80.91942644119263,55.709573566913605
80.51841861009598,52.796581387519836
76.15441197156906,58.21658802032471
82.5674050450325,61.83959496021271
67.5743960738182,66.46260392665863
120.00538694858551,47.586613059043884
62.493380308151245,65.28461968898773
83.72237402200699,58.963625967502594
81.67236721515656,62.12363278865814
95.085353910923,61.396646082401276
105.49933677911758,58.55666321516037
124.13532876968384,42.902671217918396
100.21431457996368,81.87768542766571
129.3512834906578,53.90871649980545
90.98626571893692,64.97673428058624
111.97325521707535,61.4707447886467
102.88724672794342,61.797753274440765
117.41123628616333,38.032763719558716
98.69522786140442,61.34177213907242
101.75721698999405,58.83578300476074
90.17121440172195,64.40278559923172
139.1582075357437,46.119792461395264
88.31220066547394,64.66879934072495
103.18919056653976,58.84780943393707
104.04718190431595,60.915818095207214
120.72016680240631,72.1878331899643
140.37314319610596,73.42285680770874
99.95391643047333,57.916083574295044
85.44089645147324,67.28110355138779
88.59486359357834,54.21913641691208
68.34185254573822,65.00914746522903
69.51483529806137,63.393164694309235
72.11383056640625,63.0341694355011
85.67582654953003,53.25117343664169
92.92282181978226,62.09617817401886
77.3908177614212,65.62718224525452
81.37881261110306,63.491187393665314
105.58780771493912,50.33719229698181
68.4277845621109,64.38721543550491
71.60077732801437,64.40022265911102
77.05077135562897,63.02322864532471
92.40876311063766,53.79423689842224
85.3787425160408,64.14025747776031
85.43973106145859,63.746268928050995
93.72372215986252,69.86927783489227
110.93370938301086,53.75129061937332
94.75470459461212,64.20929539203644
104.50170183181763,65.4252981543541
79.91470152139664,94.3262984752655
77.47569781541824,98.45030218362808
83.20369499921799,89.7773050069809
94.43268597126007,94.7343140244484
77.25268214941025,92.098317861557
82.592678129673,93.22232186794281
78.85767060518265,91.95732939243317
82.19766515493393,92.26533484458923
79.11065763235092,93.09234237670898
76.80265456438065,95.42034542560577
87.40064924955368,96.20935076475143
79.18462640047073,90.00037360191345
86.06161987781525,97.0863801240921
84.84559547901154,97.52540451288223
76.33259040117264,91.83440959453583
82.91258752346039,91.30941247940063
85.28957694768906,94.63642305135727
80.97957426309586,95.00142574310303
83.46856480836868,92.10643517971039
76.1035612821579,92.61843872070312
83.18455821275711,90.4274417757988
95.57855051755905,96.32844948768616
80.3075481057167,90.32245188951492
80.18354028463364,91.61345970630646
79.04153770208359,90.47646230459213
83.51053059101105,95.35946941375732
84.21952015161514,46.14947986602783
74.43050944805145,62.79249054193497
63.04649877548218,66.45350122451782
91.27448457479477,57.09451538324356
60.11445766687393,66.810542345047
72.25044572353363,64.23055428266525
82.88643580675125,36.57656419277191
80.05942642688751,38.16357356309891
78.8244104385376,89.2685895562172
83.01540172100067,88.558598279953
78.89239114522934,88.71960884332657
77.56538277864456,49.12061721086502
76.47737526893616,87.22562474012375
84.18836796283722,86.40463203191757
85.8053606748581,86.63963931798935
76.1993448138237,89.04065519571304
87.20633316040039,92.71966683864594
80.527308344841,89.63969165086746
85.18129765987396,89.0787023305893
85.52028262615204,95.40471738576889
78.45226007699966,89.38073992729187
81.05124908685684,88.41175091266632
77.53824138641357,88.40575861930847
76.47123450040817,91.06576550006866
78.23622745275497,88.15277254581451
77.7982160449028,89.68378394842148
79.54420566558838,89.10379433631897
79.49519914388657,93.80180084705353
77.37119126319885,88.14680874347687
78.8031833767891,90.51081663370132
79.16117078065872,88.65382921695709
77.59316235780716,89.64783763885498
85.58114874362946,92.30785125494003
79.75412726402283,89.24687272310257
78.77811568975449,90.53688430786133
79.50610095262527,92.7708990573883
73.08707875013351,89.7289212346077
79.18506652116776,95.20393347740173
78.52505838871002,94.41994160413742
75.67905157804489,97.15394842624664
78.48204410076141,93.25895589590073
91.35803699493408,90.3279629945755
79.32702976465225,93.09997022151947
78.57302331924438,93.46297669410706
78.43101608753204,94.12398391962051
77.3640079498291,91.11899203062057
77.90700143575668,91.29699856042862
77.09799057245255,93.27200943231583
88.15997171401978,100.78502827882767
78.60994762182236,93.63105237483978
79.0599393248558,93.29206067323685
87.65892446041107,104.48907554149628
78.42389899492264,93.07610100507736
80.57788813114166,96.82911187410355
79.82488065958023,92.61911934614182
79.4238732457161,94.65012675523758
81.05986642837524,92.66313356161118
80.41786020994186,93.47113978862762
93.18285328149796,93.41014671325684
83.87384551763535,102.49615448713303
78.71383690834045,93.61916309595108
80.75682896375656,94.61317104101181
80.44782215356827,93.96017783880234
80.9358139038086,99.24918609857559
91.40479916334152,103.44720083475113
103.92975574731827,75.57024425268173
96.56474423408508,69.50925576686859
104.31172490119934,56.57727509737015
70.91068762540817,61.40431237220764
69.50867736339569,60.97332262992859
62.533667623996735,61.42933237552643
62.61365741491318,50.40434259176254
76.65664875507355,89.65835124254227
77.32964062690735,88.83735936880112
88.0956289768219,89.51637101173401
78.52661246061325,89.15838754177094
77.75560390949249,88.2453960776329
76.65059447288513,89.57240551710129
77.21158617734909,88.01141381263733
77.08757710456848,88.57842290401459
84.31656450033188,92.27643549442291
78.0075415968895,88.03045845031738
78.29153090715408,88.04246908426285
81.50151515007019,92.85048484802246
77.24749386310577,88.99350613355637
81.36548346281052,93.96851652860641
76.9454762339592,87.81452375650406
77.34046787023544,90.02953213453293
75.58646041154861,87.15353959798813
81.68545281887054,90.53654718399048
79.41343253850937,89.28956747055054
78.47542077302933,89.69157922267914
77.7594096660614,89.5365903377533
77.00639963150024,88.41960036754608
76.10539174079895,88.35760825872421
77.70338344573975,91.20461654663086
84.32136726379395,94.36463272571564
80.80734431743622,89.26565569639206
78.88832986354828,90.093670129776
86.59831422567368,94.27268576622009
77.80829215049744,92.0257078409195
80.03528219461441,88.61271780729294
91.70927441120148,88.29172557592392
77.0302659869194,89.89673399925232
80.62825447320938,88.57574552297592
76.3382465839386,88.69875341653824
79.7882388830185,90.19276112318039
80.1102300286293,89.01976996660233
78.98622173070908,90.0877782702446
79.58521318435669,87.87878680229187
78.61020600795746,87.66879397630692
79.98619347810745,92.75480651855469
77.76918143033981,94.67481857538223
79.18316894769669,94.61283105611801
76.72615939378738,89.81084060668945
86.52813786268234,105.23086214065552
77.4791117310524,95.521888256073
83.633092045784,97.6629079580307
79.30607515573502,101.58292484283447
89.01606279611588,93.24293720722198
76.94705575704575,91.57094424962997
76.00905114412308,92.43494886159897
77.83004581928253,90.28095418214798
77.33604091405869,91.60795909166336
74.04603660106659,89.8429633975029
76.75503313541412,89.85496687889099
77.07602906227112,89.1459709405899
73.73102456331253,90.17697542905807
76.27402079105377,91.63297921419144
84.46500837802887,95.09099161624908
79.2679950594902,92.52900493144989
80.25598907470703,93.26301091909409
81.77997350692749,95.36902648210526
78.41496014595032,93.27003985643387
78.42195558547974,91.28204441070557
77.7609515786171,92.5350484251976
94.3409474492073,92.10405254364014
81.21693879365921,90.5980612039566
79.64893472194672,91.25806528329849
79.21092939376831,94.52907061576843
79.1429260969162,91.80207389593124
78.59392195940018,90.31407803297043
76.17291808128357,90.02908194065094
77.36491417884827,92.54208582639694
77.72291058301926,91.25908941030502
89.08090209960938,95.56709790229797
85.32687878608704,96.33912122249603
114.62985581159592,44.31414419412613
100.24784010648727,70.77115988731384
107.34582895040512,67.70917105674744
103.62982374429703,66.88917624950409
84.5238226056099,54.5681774020195
105.048812687397,75.37618732452393
75.90763419866562,89.40836578607559
74.33862888813019,91.346371114254
78.5856265425682,91.5253734588623
74.73962217569351,88.50037783384323
76.44961911439896,88.71638089418411
76.01161378622055,88.8403862118721
79.49960887432098,90.50139111280441
79.24559313058853,90.69840687513351
92.43658143281937,91.41541856527328
83.1465517282486,92.02044826745987
82.30153864622116,91.55046135187149
75.21352231502533,94.10047769546509
79.6645165681839,91.1314834356308
83.33750480413437,89.94049519300461
86.99248909950256,51.56351089477539
68.83148217201233,61.076517820358276
64.22547769546509,63.82952231168747
71.54647243022919,63.71252757310867
80.25746822357178,51.13153177499771
74.13244968652725,60.90355032682419
75.93444627523422,87.63855373859406
79.33043664693832,89.92856335639954
70.20742583274841,43.163574159145355
110.67642205953598,72.43557792901993
83.42241114377975,47.18858885765076
83.55839908123016,38.812600910663605
73.8983873128891,40.1026126742363
99.79238253831863,70.89261746406555
69.03937864303589,63.29462134838104
72.65637344121933,41.62062656879425
77.55136805772781,51.96663194894791
123.70636409521103,50.75763589143753
74.36019456386566,90.75180542469025
77.40319275856018,90.74580723047256
76.53818345069885,89.94281655550003
75.41517925262451,92.27082073688507
79.08817517757416,88.9678248167038
77.11315673589706,90.64684325456619
77.82214796543121,89.01185202598572
77.01314324140549,90.61685675382614
76.42712944746017,93.86887055635452
91.28512221574783,68.36387777328491
86.55011469125748,69.98688530921936
94.63010746240616,52.443892538547516
85.09910124540329,67.12289875745773
88.4950921535492,64.26490783691406
92.48109012842178,68.5919098854065
109.26608103513718,52.75291895866394
91.32707512378693,68.72792488336563
91.70306998491287,63.703930020332336
89.45006114244461,70.17893886566162
107.91905575990677,52.28394424915314
86.85204762220383,68.25995236635208
97.45003980398178,65.0309602022171
76.0300281047821,42.35797190666199
97.03601616621017,73.64898383617401
70.67300117015839,46.73499882221222
75.43797814846039,43.93302184343338
85.81297427415848,91.77802574634552
108.80197030305862,71.29102969169617
85.15896010398865,45.322039902210236
89.40595698356628,44.5750430226326
89.74494951963425,43.45805048942566
119.84394484758377,68.4340551495552
90.51694232225418,47.63105767965317
96.1709354519844,46.088064551353455
83.97291958332062,49.415080428123474
119.42490196228027,72.42709803581238
113.41189813613892,42.79210186004639
100.89889013767242,77.30410987138748
92.27585977315903,71.89114022254944
101.20785170793533,58.16214829683304
91.93584150075912,76.32315850257874
104.71882832050323,78.53917169570923
80.83681786060333,96.01518213748932
78.99080431461334,92.19419568777084
83.36780214309692,92.78019785881042
76.07779258489609,91.47820740938187
78.37879019975662,91.30620980262756
83.23778796195984,94.37321203947067
78.61378026008606,90.6452197432518
81.43477672338486,92.23122328519821
80.70076769590378,91.5782322883606
80.3357652425766,93.05323475599289
81.89776247739792,90.65823751688004
85.53375047445297,97.48524951934814
83.02073609828949,92.73926389217377
81.78672230243683,94.12127768993378
77.27371549606323,90.68928450345993
82.70571184158325,92.57228815555573
76.3226946592331,90.52930533885956
81.06868940591812,91.46731060743332
92.26067906618118,90.96132093667984
75.78567570447922,92.49332427978516
80.51367092132568,92.20832908153534
77.90866219997406,91.3503378033638
79.93365740776062,94.84434258937836
77.42064332962036,89.39435666799545
75.7786391377449,89.29536086320877
79.74763560295105,91.41936439275742
78.03162544965744,91.26537454128265
80.01862198114395,89.25837802886963
80.5806086063385,94.03039139509201
80.04959869384766,95.76540130376816
77.70359551906586,91.98140448331833
79.85757786035538,94.58642214536667
78.47556906938553,94.0624309182167
75.81456059217453,45.33343940973282
78.22855794429779,92.69744205474854
78.65955466032028,39.672445356845856
76.87054669857025,36.296453297138214
86.46854221820831,50.51245778799057
77.06653428077698,94.2104657292366
76.46253210306168,95.70446789264679
77.17153072357178,96.36446928977966
77.84452044963837,38.21147954463959
79.406518638134,36.81648135185242
76.190509557724,97.45749044418335
75.5115053653717,75.58149462938309
95.79449206590652,55.14950793981552
68.09748458862305,69.43951541185379
108.5294743180275,69.00752568244934
72.92443519830704,75.53856480121613
105.30142575502396,52.291574239730835
94.32541978359222,59.71158021688461
70.88641345500946,69.5765865445137
78.81939452886581,63.27360546588898
103.95438075065613,43.9706192612648
82.64536798000336,93.53863203525543
79.65134882926941,90.86665117740631
81.73234164714813,98.28565835952759
77.97833424806595,95.48366576433182
84.96632885932922,94.18167114257812
78.30532282590866,95.00867718458176
96.36731243133545,53.595687568187714
78.04027593135834,37.53372406959534
83.73126751184464,89.28773248195648
85.47824251651764,100.42975747585297
80.54022258520126,93.05277740955353
83.74921256303787,38.06578743457794
80.70020520687103,33.85579478740692
80.89219802618027,94.66380196809769
75.17519050836563,93.91780948638916
73.88518106937408,44.42981892824173
79.9461720585823,95.97882795333862
84.8591639995575,92.56583601236343
82.4031571149826,98.504842877388
85.76014935970306,95.36885064840317
80.85914289951324,101.75185710191727
79.93913650512695,96.89286351203918
92.48312270641327,98.92387729883194
122.37809455394745,65.04790544509888
80.27289950847626,90.11610049009323
89.18588095903397,92.31411904096603
77.4878500699997,91.38214993476868
77.49383985996246,90.45016014575958
79.48183709383011,89.61016291379929
77.61782723665237,88.71617275476456
78.99381905794144,89.3391809463501
82.85180997848511,88.27719002962112
78.0807980298996,88.38220196962357
78.86479020118713,89.06120979785919
78.61177986860275,89.51822012662888
78.13577210903168,89.36422789096832
80.36376464366913,88.58023536205292
79.68475371599197,88.27824628353119
88.43174332380295,92.66125667095184
80.14172434806824,89.6922756433487
77.6107165813446,88.27828341722488
83.69069868326187,92.49430131912231
77.27068424224854,90.11831575632095
78.90667760372162,93.50132238864899
82.19067186117172,90.06932812929153
76.30766129493713,90.95233869552612
77.20165520906448,91.0753448009491
79.46765100955963,90.97634899616241
74.93664544820786,88.22935456037521
75.90564060211182,90.83535939455032
74.67063170671463,88.32836830615997
78.30662733316422,95.15637266635895
76.68362271785736,88.74337726831436
79.48561835289001,90.06938165426254
81.28860455751419,93.76739543676376
82.97958999872208,93.16940999031067
75.04157555103302,88.53342443704605
85.60255032777786,91.49044966697693
77.38653033971786,87.90946966409683
74.55851876735687,91.07148122787476
74.32451456785202,98.93448543548584
75.58950901031494,86.66949099302292
79.55850040912628,89.60849958658218
77.80549627542496,36.43550372123718
81.5894844532013,89.59551554918289
77.85446709394455,87.57153290510178
76.12045806646347,87.76854193210602
73.21844643354416,88.81855356693268
76.89144176244736,87.75755822658539
75.89743530750275,86.4545646905899
81.94041675329208,87.63358324766159
77.31740009784698,92.03559988737106
77.65639019012451,88.99260979890823
78.97737729549408,90.7086226940155
83.31635785102844,89.16464215517044
76.02633702754974,95.28866297006607
76.10632741451263,86.2266725897789
77.63132071495056,90.75767928361893
75.00731295347214,88.04868704080582
79.47630846500397,89.33869153261185
80.40830206871033,88.79569792747498
78.69229608774185,87.71470391750336
73.51328498125076,87.87571501731873
75.51928180456161,92.18471819162369
78.63627189397812,87.12372809648514
76.36426192522049,87.57973808050156
82.68624550104141,89.36975449323654
75.13622575998306,90.88277423381805
76.27121669054031,87.61678332090378
78.99921053647995,88.55578947067261
78.72819131612778,89.6418086886406
75.5121773481369,90.02482265233994
75.221171438694,87.8708285689354
75.89516413211823,86.90183585882187
79.84515780210495,87.28484219312668
75.55515265464783,90.38884735107422
81.63514715433121,87.08785283565521
76.53014075756073,86.45085924863815
75.4801339507103,86.8158660531044
75.83912813663483,91.10587185621262
80.41912388801575,86.09987610578537
78.70211863517761,87.83488136529922
79.67108869552612,88.32791131734848
77.27006036043167,89.61893963813782
75.20205056667328,89.0749494433403
74.20804512500763,88.19995486736298
80.95501565933228,90.35998433828354
79.53500217199326,88.90899783372879
76.22599172592163,87.88500827550888
75.99198395013809,87.71201604604721
75.3129768371582,86.74302315711975
72.76297014951706,90.01502984762192
74.21296602487564,86.54603397846222
76.44195741415024,88.66904258728027
74.46595281362534,86.31204718351364
75.67593801021576,89.9910619854927
75.403932929039,89.07706707715988
74.29992753267288,86.31207245588303
72.80591928958893,87.528080701828
77.10788804292679,93.02111196517944
76.15087646245956,87.8121235370636
73.78686958551407,86.8801304101944
78.23684823513031,98.04115176200867
81.74383044242859,90.1461695432663
75.00882095098495,88.47317904233932
75.19981396198273,87.48518604040146
73.55780726671219,88.09019273519516
73.50779974460602,90.43620026111603
77.40278625488281,88.93021374940872
74.83577919006348,86.49822080135345
76.41577559709549,87.01122438907623
74.58776724338531,87.76323276758194
74.11276060342789,86.99923938512802
74.45174849033356,86.43725150823593
76.88374346494675,87.3572565317154
77.112708568573,92.44329142570496
75.52569794654846,88.49330204725266
74.45769053697586,86.85630947351456
78.13066333532333,88.18433666229248
77.1926463842392,90.45635360479355
78.58763819932938,86.3943617939949
75.03763139247894,87.57336860895157
74.61762571334839,87.17837429046631
74.56760907173157,90.11639094352722
74.64860463142395,86.33339536190033
75.3216005563736,86.84539943933487
75.23459583520889,87.72840416431427
75.70358085632324,88.90741914510727
75.54257452487946,90.40142548084259
76.4005675315857,87.74643248319626
75.55456095933914,86.87043905258179
86.15354508161545,96.45745491981506
74.12253147363663,91.61846852302551
73.27752780914307,92.29647219181061
78.22752034664154,93.99447965621948
73.04851138591766,98.09948861598969
74.70250886678696,89.42749112844467
76.91250663995743,89.31049335002899
74.3445046544075,91.02549535036087
74.90650254487991,39.112497448921204
74.30149954557419,87.45850044488907
73.6214924454689,87.581507563591
74.75749069452286,87.63150930404663
75.20848685503006,40.30951315164566
75.86248379945755,90.35951620340347
74.47947919368744,90.5575208067894
73.9674756526947,91.86652433872223
77.49146717786789,62.30453282594681
78.64645707607269,87.79854291677475
74.44845288991928,87.34754711389542
78.676444709301,37.157555282115936
71.7564332485199,55.55756676197052
55.817428290843964,64.32957172393799
73.36142456531525,53.75057542324066
67.38642048835754,66.89257949590683
85.22541707754135,53.422582924366
73.65741336345673,65.15758663415909
76.46041005849838,64.15058994293213
75.42940586805344,63.886594116687775
92.15739727020264,55.50960272550583
93.18139457702637,64.37360543012619
93.1323875784874,65.14561241865158
101.80438601970673,75.88061398267746
118.73637020587921,64.92962980270386
102.37234950065613,79.59065049886703
114.15634578466415,75.52865421772003
93.94033485651016,101.24466514587402
85.61329036951065,110.86870962381363
112.76726847887039,72.78873151540756
92.16226214170456,69.65273785591125
89.81624579429626,63.572754204273224
104.04523926973343,50.36276072263718
89.14323556423187,64.59776443243027
88.53822934627533,63.128770649433136
84.89522725343704,65.90077275037766
96.86521631479263,58.37578368186951
85.66721034049988,64.25878965854645
77.67320728302002,70.19679272174835
88.19820362329483,65.6347963809967
96.50019323825836,62.88780677318573
77.98817092180252,66.0308290719986
80.58716601133347,64.69183397293091
78.53716266155243,66.70283734798431
85.37614583969116,60.401854157447815
63.54912608861923,66.079873919487
74.37111949920654,54.55588048696518
63.09810960292816,64.93889039754868
78.86410647630692,60.28389352560043
68.00010097026825,69.27889901399612
65.46909666061401,69.43890333175659
62.493095219135284,72.26590478420258
82.574089884758,55.889910101890564
64.70908147096634,64.51291853189468
66.65907883644104,61.50692117214203
67.59207600355148,64.35292398929596
79.76406651735306,59.80993348360062
58.65904712677002,66.562952876091
57.72104185819626,66.37195813655853
57.0600391626358,66.1429608464241
85.53002446889877,41.15597552061081
72.924001455307,90.075998544693
77.48600202798843,88.0509979724884
76.6029953956604,89.86000460386276
79.9059928059578,34.02000719308853
78.85598647594452,42.27401351928711
80.26897722482681,93.28602278232574
83.44196897745132,89.13203102350235
83.59596025943756,91.10803973674774
77.54594683647156,93.86105316877365
76.38593912124634,86.37306088209152
77.89293241500854,87.31106758117676
84.2129157781601,95.50908422470093
79.4408940076828,87.20710599422455
75.83588337898254,86.49711662530899
75.74987626075745,87.30612373352051
86.84786117076874,94.1891388297081
76.57683598995209,88.18216401338577
89.65681171417236,94.65818828344345
80.06978297233582,90.4482170343399
77.48377305269241,92.0912269949913
77.21276551485062,90.65823447704315
76.90375673770905,92.65224325656891
76.37274920940399,88.8122507929802
77.22974246740341,91.89925754070282
75.77373492717743,89.37426507472992
79.87172847986221,90.12827152013779
76.43372052907944,92.15927946567535
82.64370548725128,98.11629450321198
83.4826830625534,93.16531693935394
77.52566510438919,88.54733490943909
77.34665602445602,88.50534397363663
86.8526383638382,97.6473616361618
77.02561116218567,94.27138882875443
78.77260023355484,92.48739975690842
77.55658787488937,92.25841212272644
76.93257975578308,92.12242025136948
77.10557198524475,88.2464280128479
77.20456570386887,88.72143429517746
76.24755764007568,92.01244235038757
75.9385507106781,92.87644928693771
76.90754449367523,88.03645551204681
76.30153858661652,88.17946141958237
80.9015331864357,92.28446680307388
75.79652494192123,90.09247505664825
84.06151229143143,93.62348771095276
76.71548968553543,89.6175103187561
75.77748107910156,88.53751891851425
87.04246687889099,96.01353311538696
78.41844284534454,89.00755715370178
78.75842946767807,91.79757052659988
76.26441770792007,88.45758229494095
80.25241035223007,91.74758964776993
76.6833975315094,91.07560247182846
78.94939059019089,91.51360940933228
76.47338223457336,89.17461776733398
77.8323745727539,92.00162541866302
76.911366045475,89.43963396549225
72.12235760688782,90.47164237499237
74.73835062980652,89.59464937448502
81.3563442826271,91.12565571069717
84.7703287601471,97.54567122459412
79.96030652523041,92.3546934723854
78.7822944521904,96.19970554113388
87.06527853012085,92.89772146940231
76.47925519943237,89.48374480009079
78.04024386405945,92.75575613975525
78.4542321562767,90.6577678322792
77.77522438764572,94.00277560949326
77.67021578550339,89.6267842054367
75.45320844650269,88.78679156303406
78.12620282173157,93.35479718446732
76.42819339036942,92.29380661249161
76.6571871638298,88.49081283807755
76.05118054151535,90.78181946277618
77.46517437696457,90.96082562208176
75.360167324543,89.4358326792717
87.05215573310852,93.89284425973892
78.33513420820236,88.84986579418182
77.30412358045578,91.39887642860413
85.699109852314,94.42989015579224
78.74208635091782,90.92391365766525
78.7850729227066,91.08492708206177
77.08806073665619,91.91193926334381
82.3170525431633,93.51694744825363
77.11903995275497,89.1599600315094
78.27303063869476,88.91196936368942
78.35302048921585,90.25797951221466
80.7110116481781,92.45598834753036
77.43900066614151,88.32099932432175
75.62999320030212,88.64700680971146
75.91399019956589,87.54800981283188
75.382987678051,91.02401232719421
86.44497710466385,90.37002289295197
79.15495377779007,88.77204620838165
75.38294792175293,88.80205208063126
85.59293496608734,99.59206503629684
84.20990777015686,91.62309223413467
79.15988463163376,88.93211537599564
92.46287208795547,95.25912791490555
75.1908563375473,93.25314366817474
77.40085238218307,88.89614760875702
77.9618490934372,87.94515091180801
78.33884334564209,88.84715664386749
79.8268352150917,91.04316478967667
77.03682887554169,88.72217112779617
76.13482481241226,87.73517519235611
78.10382109880447,88.58217889070511
76.88781636953354,89.59318363666534
89.9868061542511,91.27319383621216
77.82578283548355,89.13721716403961
76.18377858400345,88.90822142362595
77.6897736787796,90.5142263174057
86.02976357936859,90.95223641395569
85.73874121904373,90.7982587814331
95.67072886228561,89.10627114772797
74.54771721363068,91.97128278017044
77.53471499681473,89.44728499650955
78.37471145391464,90.73728853464127
75.73270738124847,88.50929260253906
77.71970224380493,89.59429776668549
77.37469834089279,88.36630165576935
76.5096949338913,90.12030506134033
77.34869050979614,90.37330949306488
77.33668780326843,89.5893121957779
83.15767645835876,93.62032353878021
80.08965969085693,90.18834030628204
78.37264889478683,88.70035111904144
78.65663915872574,93.80536085367203
76.5516282916069,96.26237171888351
76.0766196846962,92.29338032007217
80.60161292552948,89.82438707351685
75.69960927963257,91.81839072704315
77.85460621118546,90.25639379024506
76.24959129095078,89.93640869855881
76.95858800411224,91.31841200590134
76.48357963562012,91.05342036485672
75.5265760421753,90.01042395830154
78.58857369422913,91.41142630577087
74.76056426763535,88.94243574142456
77.6375623345375,91.34443765878677
78.77255308628082,95.33844691514969
75.79754358530045,89.40645641088486
79.58154040575027,88.03045958280563
82.58753091096878,90.11646908521652
79.07452583312988,91.75847417116165
77.63651204109192,91.82648795843124
75.36550742387772,89.22749257087708
81.27850496768951,90.01749503612518
79.19249510765076,88.30850487947464
78.7164871096611,89.52351289987564
75.11147803068161,88.51852196455002
75.78347533941269,91.95652467012405
78.27247321605682,89.13552677631378
79.57446306943893,90.49953693151474
80.91345262527466,90.69754737615585
78.95644336938858,89.65455663204193
77.61143177747726,93.20456820726395
79.32042425870895,89.99457573890686
76.36341327428818,89.48758673667908
75.24041020870209,89.22258979082108
87.20940387248993,96.88359612226486
77.8453899025917,90.30361008644104
78.79538309574127,88.3706169128418
75.50537431240082,88.64262568950653
77.77037155628204,89.80362844467163
78.59136891365051,88.01963108778
75.61635851860046,88.38464146852493
79.15935617685318,89.72964382171631
75.68334585428238,88.27865415811539
75.449343085289,87.93965691328049
78.49134105443954,88.34165894985199
76.27633100748062,89.16866898536682
81.05932515859604,93.75567483901978
78.52931076288223,92.15668922662735
75.97930419445038,89.7976958155632
82.05929917097092,89.71870082616806
76.88028633594513,90.8417136669159
80.49727761745453,91.05772238969803
78.57726645469666,88.5707335472107
76.49126273393631,90.45273727178574
80.49726086854935,88.3547391295433
80.09525090456009,88.75574910640717
79.13924843072891,87.50875157117844
77.40424013137817,90.89175987243652
75.04023796319962,88.62676203250885
79.37923127412796,90.26876872777939
77.21922796964645,87.65177202224731
78.55822652578354,89.49777346849442
77.50821739435196,88.93578261137009
80.0892134308815,93.33678656816483
78.72420626878738,87.7567937374115
75.08219575881958,90.02780425548553
80.16318917274475,91.35581082105637
77.65017473697662,88.7748252749443
74.80416977405548,88.15783023834229
79.16216778755188,88.85583221912384
75.02015769481659,89.51684230566025
77.5821561217308,88.3258438706398
78.60714745521545,88.02285254001617
75.22414356470108,90.36885643005371
74.84014111757278,88.10385888814926
74.9401381611824,87.89386183023453
79.61213529109955,89.35086470842361
75.4521256685257,92.5478743314743
74.58712232112885,88.17187768220901
81.00111520290375,91.75788480043411
75.32210302352905,89.2338969707489
76.0500990152359,89.83890098333359
78.31508749723434,93.81391251087189
74.45107662677765,89.52992337942123
78.93807274103165,88.5979272723198
74.85206270217896,90.23993730545044
79.24706065654755,87.67893934249878
76.06805151700974,88.85794848203659
75.79604887962341,87.61195111274719
81.35804533958435,91.6979546546936
74.82703524827957,89.39596474170685
79.85103332996368,88.75996667146683
75.17202377319336,89.40197622776031
74.6590216755867,91.72897833585739
75.25802040100098,87.83397960662842
78.48700898885727,93.1799910068512
78.21599912643433,88.60000085830688
76.62899106740952,90.31600892543793
77.46798658370972,93.1430134177208
86.8259779214859,91.56302207708359
82.07296359539032,88.89003640413284
78.65195995569229,90.38504004478455
78.88095098733902,88.73004901409149
77.36794799566269,87.79805201292038
78.81994557380676,88.08805441856384
78.2689357995987,89.28606420755386
79.2759318947792,87.61306810379028
78.37492227554321,87.941077709198
79.89891934394836,88.60108065605164
81.14591562747955,88.81708437204361
77.65090709924698,88.33009284734726
84.17589950561523,93.13810050487518
77.92287737131119,89.74412262439728
77.61487209796906,90.70012789964676
78.30586951971054,88.80613046884537
81.99685537815094,91.96614462137222
78.78084594011307,88.84915405511856
65.00984215736389,51.268157839775085
55.8488404750824,62.837159514427185
58.57683891057968,61.81216108798981
47.934829235076904,64.2691707611084
79.60682600736618,38.39217400550842
75.72481644153595,91.27618354558945
58.28581362962723,56.454186379909515
54.0148121714592,67.02218782901764
61.77980500459671,55.35019499063492
58.766803085803986,64.88019692897797
57.38478887081146,72.26321113109589
57.18678289651871,69.05321711301804
75.37878173589706,55.27021825313568
59.60678082704544,67.65221917629242
69.00177448987961,70.09122550487518
82.95176565647125,65.65923434495926
98.34676480293274,57.116235196590424
95.68576335906982,66.18423664569855
88.45175552368164,62.19624447822571
95.12474477291107,52.9492552280426
95.87073665857315,52.350263357162476
79.22973054647446,63.01126945018768
80.16172116994858,62.70927882194519
75.85171324014664,56.07328677177429
84.41470569372177,51.75329428911209
72.58669745922089,62.83930253982544
75.46368420124054,66.20331579446793
58.89566260576248,65.60433739423752
76.30865424871445,55.24634575843811
62.036648988723755,62.90735101699829
61.654633939266205,70.27136605978012
80.01161044836044,87.89538955688477
77.33360147476196,39.296398520469666
76.802594602108,39.04940539598465
75.80758172273636,85.67441827058792
76.38857436180115,87.5554256439209
84.52456748485565,90.19843250513077
76.86356180906296,86.65543818473816
76.88755416870117,87.22244584560394
76.41254657506943,86.60645341873169
77.12154060602188,90.91445940732956
78.36853301525116,87.96446698904037
85.28251844644547,113.19948154687881
81.08449596166611,88.6185040473938
75.29448479413986,89.20551520586014
74.83847999572754,85.92151999473572
87.12146437168121,88.95253562927246
77.55344241857529,87.18755757808685
76.26243358850479,90.60756641626358
76.47342693805695,89.84157305955887
77.46041995286942,87.90958005189896
77.20741403102875,90.55158597230911
77.52840578556061,89.54559421539307
81.88639932870865,86.0586006641388
77.59539240598679,87.32960760593414
77.50938528776169,88.11961472034454
76.7743791937828,88.4296208024025
77.26237034797668,88.3306296467781
82.54635781049728,89.41764217615128
78.10733968019485,87.89266031980515
76.55833053588867,90.38666945695877
79.15632528066635,87.95467472076416
83.20030921697617,89.74469077587128
77.22429060935974,87.7197093963623
77.41628247499466,89.1397175192833
78.60727453231812,87.42972546815872
76.09526181221008,86.53573817014694
78.1382549405098,86.78774505853653
77.38424748182297,89.05975252389908
79.96424096822739,89.23975902795792
77.39623308181763,88.34476691484451
76.18022739887238,87.46677261590958
76.63122022151947,88.46177977323532
77.00821286439896,86.71478712558746
77.05020475387573,89.22679525613785
87.40819102525711,89.03580898046494
77.61817020177841,91.39982980489731
73.16116142272949,89.26483857631683
80.72314709424973,88.64785289764404
77.22912609577179,88.12287390232086
76.86511927843094,90.61688071489334
76.96311503648758,89.8148849606514
75.76511037349701,90.23488962650299
75.21610671281815,89.70989328622818
76.38910293579102,90.46289706230164
75.21009820699692,89.29090178012848
75.21609431505203,91.45090568065643
84.72208970785141,89.03691029548645
75.2280861735344,90.2719138264656
75.56808233261108,89.21091765165329
75.83207947015762,88.29692053794861
80.76507180929184,92.6799281835556
82.25206112861633,89.11893886327744
81.61105650663376,89.81494349241257
79.63504761457443,92.4019523859024
81.0670365691185,92.87796342372894
76.9990263581276,38.46397364139557
58.375022530555725,63.142977476119995
59.54801768064499,64.80398231744766
61.29501259326935,65.8539873957634
79.09800976514816,52.97699022293091
65.15900641679764,68.02599358558655
73.70200234651566,67.31599766016006
78.6149987578392,65.75500124692917
89.50999474525452,52.04600524902344
81.36799228191376,65.41000771522522
95.244988322258,66.86701166629791
97.47297620773315,72.63802379369736
99.83095407485962,56.132045924663544
83.15194928646088,67.36705070734024
96.99094444513321,68.95405554771423
109.5159318447113,75.03906816244125
112.24391001462936,59.274089992046356
98.63889557123184,70.86110442876816
92.14489006996155,66.46510994434357
92.8368861079216,67.84811389446259
112.71288150548935,55.99011850357056
93.71887707710266,68.70712292194366
100.11387223005295,68.44112777709961
96.48986828327179,65.64013171195984
106.44086533784866,60.50413465499878
101.48386085033417,69.79413914680481
95.0078558921814,66.32414412498474
108.77384543418884,72.22615456581116
109.89081990718842,56.16518008708954
88.39681196212769,65.23218804597855
98.2358078956604,70.5601921081543
111.79879677295685,75.8502032160759
118.17477416992188,61.973225831985474
85.86577117443085,91.96722882986069
84.00175672769547,91.665243268013
79.21175241470337,89.73324757814407
82.60674679279327,91.43125319480896
80.70473921298981,89.33226078748703
81.21073353290558,91.51126646995544
82.1607283949852,90.46827161312103
78.79772138595581,90.37027859687805
80.00671607255936,91.23328393697739
81.04971206188202,94.9692879319191
85.59370410442352,92.44429588317871
83.1916880607605,94.91931194067001
79.90068256855011,89.8013174533844
83.74167591333389,92.33332407474518
87.33966571092606,93.79033428430557
80.10465037822723,91.98734962940216
79.4626442193985,89.63035577535629
88.76563864946365,96.80836135149002
79.104627430439,90.71037256717682
82.36962217092514,91.13037782907486
77.89461541175842,90.25338459014893
80.25260961055756,92.19239038228989
79.18460410833359,89.11139589548111
77.83859783411026,89.16140216588974
77.02959167957306,89.56340831518173
74.88758683204651,87.14941316843033
84.91257679462433,91.86542320251465
80.28856176137924,89.89643824100494
80.05355560779572,90.63144439458847
81.39354974031448,88.8844502568245
86.23353785276413,90.74846214056015
77.40552270412445,92.33547729253769
82.37451589107513,90.94048410654068
79.97350978851318,94.10149019956589
82.51650130748749,94.96549868583679
79.33748835325241,96.36651164293289
77.52848196029663,89.37851804494858
77.25647455453873,89.6695254445076
78.9844696521759,88.58953034877777
77.02846544981003,89.41653454303741
79.10846000909805,87.79953998327255
80.02145504951477,88.21854496002197
85.10144436359406,45.39755564928055
87.97842907905579,90.7985709309578
77.6884218454361,87.77457815408707
82.25041472911835,57.12058526277542
80.79340267181396,70.15159732103348
69.39138758182526,58.08961242437363
75.04538059234619,57.71361941099167
53.903375685214996,64.11462432146072
70.55837118625641,58.515628814697266
85.89736497402191,47.121635019779205
51.1433544754982,64.68964552879333
73.55734848976135,62.88665151596069
75.04434204101562,58.639657974243164
75.8113374710083,49.448662519454956
72.3713316321373,59.14666837453842
54.452326476573944,62.918673515319824
95.29231649637222,80.61568349599838
115.11229890584946,46.96170109510422
92.11829274892807,57.066707253456116
112.69828754663467,62.1717124581337
128.59427469968796,70.90672528743744
114.5072557926178,52.214744210243225
119.01324528455734,58.56075471639633
100.92623883485794,64.57276117801666
116.80323338508606,60.32676661014557
125.60622721910477,49.52377277612686
92.4822193980217,71.25878059864044
116.91421401500702,66.807785987854
113.40120923519135,64.41379076242447
110.96320486068726,62.665795147418976
116.39520019292831,61.03079980611801
95.75219631195068,68.78380370140076
91.96892881393433,66.18007117509842
68.15991473197937,66.87708526849747
73.31391113996506,65.07408887147903
72.46789008378983,67.1611099243164
73.51187348365784,55.10012650489807
54.23986119031906,62.056138813495636
79.06085067987442,33.19914931058884
81.17784112691879,87.52515888214111
78.62783271074295,91.53816729784012
77.67082345485687,88.64417654275894
78.17681574821472,88.21218425035477
81.53580784797668,88.52019214630127
76.39279931783676,88.68120068311691
76.47379130125046,91.06420868635178
74.71978217363358,87.16921782493591
81.89278012514114,88.21821987628937
83.12076646089554,90.74923354387283
79.29374992847443,88.53925007581711
77.74474138021469,89.45925861597061
81.8987295627594,95.50827044248581
80.70071017742157,90.35428982973099
79.31769675016403,87.62630325555801
78.89868575334549,87.86031424999237
78.6076757311821,87.65032428503036
81.13266843557358,90.3493315577507
77.84265923500061,87.60234075784683
80.21865111589432,87.66934889554977
80.83564120531082,87.97935879230499
78.17563331127167,91.60236668586731
77.55162525177002,87.91037476062775
75.81661760807037,87.99738240242004
77.8596134185791,87.45438659191132
82.10660016536713,94.39339983463287
79.00258350372314,88.05341649055481
80.45257216691971,88.76942783594131
81.1985582113266,88.800441801548
82.4645454287529,91.31245458126068
85.0265212059021,87.64047878980637
78.53251081705093,88.28248918056488
81.44550144672394,89.01749855279922
82.85949105024338,89.95550894737244
81.21748006343842,87.65351992845535
82.27946943044662,89.03553056716919
81.61845797300339,89.14154201745987
78.56944954395294,89.22855043411255
82.14944130182266,89.27755868434906
81.15542948246002,87.93757051229477
78.82742112874985,88.1165788769722
83.40741336345673,91.53658664226532
79.43239307403564,87.99360692501068
78.5123879313469,90.52461206912994
81.03638476133347,94.40661525726318
83.58037203550339,93.82662796974182
81.3633593916893,87.9326406121254
79.35134989023209,87.87065011262894
77.3763377070427,88.80966228246689
82.6593331694603,89.96966683864594
74.33232891559601,90.44567108154297
80.91332525014877,89.34667474031448
76.88132220506668,89.24767780303955
75.64731925725937,91.7236807346344
78.93131572008133,87.92068427801132
74.28831315040588,87.43368685245514
76.90630984306335,91.51969015598297
81.65330082178116,43.791699171066284
77.47328734397888,89.04371267557144
77.73928046226501,90.74171954393387
82.337267100811,87.97673290967941
88.7142528295517,98.34174716472626
81.01723021268845,90.427769780159
78.00322329998016,89.66177672147751
82.7132163643837,88.56378364562988
80.27520990371704,89.7607901096344
75.94820380210876,91.4217962026596
79.7872017621994,92.98979824781418
77.81219959259033,89.77980041503906
78.9101972579956,109.2928027510643
80.28718721866608,90.00881278514862
79.923180103302,100.46581989526749
79.26317399740219,98.71882599592209
89.21316337585449,105.39783662557602
76.2381381392479,94.3558618426323
80.2621346116066,93.79286539554596
81.34212535619736,94.2138746380806
83.88511526584625,99.78188472986221
110.4280891418457,68.33091086149216
61.35990613698959,57.36209386587143
49.7739035487175,65.09609645605087
66.61290180683136,56.68309819698334
49.04490119218826,66.02909880876541
53.51390039920807,62.6530995965004
55.72389990091324,62.480100095272064
68.47089916467667,49.1961008310318
53.921897649765015,62.74510234594345
54.0018966794014,66.22110331058502
61.19289618730545,63.6591038107872
72.7918906211853,59.87510937452316
53.92688465118408,66.53511536121368
64.08188354969025,62.5661164522171
63.22287493944168,73.57312506437302
73.89586633443832,85.86413365602493
74.86486446857452,88.6531355381012
76.1488630771637,87.09213691949844
78.1358613371849,71.25213867425919
79.7538605928421,87.43113940954208
77.78385883569717,85.47514116764069
91.99385797977448,71.22814202308655
75.44485700130463,36.77814298868179
75.15385615825653,44.60514384508133
88.06785476207733,41.41414523124695
123.1478413939476,72.00015860795975
87.32083517313004,42.754164814949036
96.04883271455765,39.76616728305817
105.12883126735687,38.908168733119965
122.89381974935532,73.8281802535057
97.84481245279312,37.50718754529953
73.53581166267395,66.18618834018707
93.67780870199203,76.50719130039215
80.7828060388565,38.34719395637512
80.47380548715591,36.61819452047348
104.07280468940735,63.372195303440094
86.35680067539215,89.88419932126999
112.75079786777496,89.78620213270187
98.40579295158386,39.53920704126358
150.78176814317703,45.42223185300827
97.99171876907349,69.04528123140335
91.36769825220108,66.13230174779892
109.59668838977814,67.45931160449982
92.84261256456375,92.84238743782043
94.29354876279831,70.94745123386383
80.83652776479721,63.32947224378586
70.28750866651535,68.13949131965637
66.71850335597992,65.0034966468811
63.02150112390518,74.20049887895584
69.69448459148407,69.28751540184021
57.68145936727524,71.31854063272476
68.26145654916763,62.386543452739716
49.86045295000076,66.8995470404625
47.2744482755661,66.91155171394348
44.89044016599655,68.90555983781815
76.878433406353,42.250566601753235
78.12642455101013,90.28157544136047
75.44641089439392,94.73858910799026
78.82340842485428,91.49259155988693
80.01439768075943,64.6156023144722
76.79838836193085,91.20261162519455
80.9333843588829,44.307615637779236
69.34637176990509,43.96762824058533
105.79736983776093,69.85063016414642
68.39636152982712,51.58563846349716
115.46435499191284,44.09164500236511
123.47034829854965,40.62265169620514
93.6423447728157,64.98665523529053
72.908338367939,62.23966163396835
98.84033453464508,63.844665467739105
119.45732778310776,38.35767221450806
110.33431828022003,88.11068171262741
76.69112408161163,94.69787591695786
78.03112155199051,91.72787845134735
74.7221211194992,95.25887888669968
85.83911561965942,96.04988437891006
84.25209188461304,93.52490812540054
78.05508351325989,99.8329164981842
77.30207848548889,91.82792150974274
73.80807614326477,93.52492386102676
78.72207432985306,88.66692566871643
77.0050698518753,88.23493015766144
74.30706661939621,90.13693338632584
77.25806379318237,89.12993621826172
73.02306228876114,91.03193771839142
77.51106053590775,89.32193946838379
81.44305688142776,89.427943110466
82.09704887866974,89.99495112895966
80.40003246068954,89.8409675359726
77.75702679157257,89.53897321224213
75.07902544736862,90.17997455596924
80.56601762771606,96.1009823679924
75.68300873041153,89.37299126386642
90.63400536775589,90.92199462652206
79.6950033903122,69.63799661397934
77.81200164556503,95.92799836397171
75.93000012636185,45.32999986410141
78.26899939775467,89.67500060796738
73.3119980096817,89.85400199890137
74.48499691486359,89.14500308036804
74.19499415159225,88.84200584888458
75.55299234390259,44.22500765323639
78.39798098802567,93.5650190114975
78.60797071456909,46.35502928495407
73.59496492147446,89.77503508329391
80.21296101808548,59.5650389790535
78.23795354366302,39.54104644060135
76.3909443616867,54.75705564022064
82.19393938779831,42.52906060218811
111.0149342417717,71.281065762043
90.2609310746193,37.23806893825531
86.24892747402191,54.02807253599167
91.55192601680756,40.634073972702026
112.48291784524918,70.73808217048645
100.84190756082535,39.3070924282074
75.75390011072159,44.727099895477295
88.68688929080963,43.22011071443558
119.24888724088669,70.25111275911331
84.08787494897842,74.30112504959106
85.38985639810562,47.313143610954285
109.56284546852112,38.32615453004837
101.32783377170563,72.20916622877121
82.68682038784027,54.296179592609406
81.41379863023758,53.012201368808746
74.605788230896,44.135211765766144
106.59377723932266,62.684222757816315
90.06172889471054,51.400271117687225
73.6047180891037,65.691281914711
72.66670882701874,68.35129117965698
80.9867012500763,63.1052987575531
92.3086930513382,51.673306941986084
70.2406764626503,57.83432352542877
79.09765934944153,43.124340653419495
94.51164770126343,34.9143522977829
98.18464529514313,72.59335470199585
79.32062941789627,63.93837058544159
81.3446056842804,52.34039431810379
61.128605008125305,70.70439499616623
67.22759479284286,57.29140520095825
77.62257862091064,88.26742136478424
78.4065689444542,87.87243103981018
77.81855988502502,87.79144006967545
77.39955127239227,88.73044872283936
77.81254130601883,87.3164587020874
77.68953144550323,88.03246855735779
84.3435218334198,89.30447816848755
77.92350995540619,91.1684900522232
78.40360403060913,98.05839598178864
78.89622569084167,36.08477431535721
71.75884979963303,61.22215020656586
79.21447712182999,35.76752287149429
87.57609987258911,67.08990013599396
61.939717054367065,71.91228294372559
56.57934093475342,66.51365906000137
93.53496557474136,40.854034423828125
56.76759123802185,63.30540877580643
59.98221701383591,66.35178297758102
61.19684225320816,65.78515774011612
77.35546708106995,53.589532911777496
63.25409281253815,65.24490720033646
58.82071894407272,65.34528106451035
88.14634358882904,58.85365641117096
95.04596918821335,45.194030821323395
63.130574345588684,87.59042567014694
92.17917990684509,68.96982008218765
102.20780146121979,58.180198550224304
98.88542544841766,49.44757455587387
91.9890444278717,74.97495555877686
68.96265465021133,73.13034534454346
82.1582778096199,59.91672217845917
94.35390144586563,47.349098563194275
86.14252704381943,57.356472969055176
82.80215311050415,59.40284687280655
65.01577800512314,61.78022199869156
98.4714030623436,49.955596923828125
79.35202872753143,61.37097126245499
64.95565485954285,63.6923451423645
87.33627939224243,58.42272061109543
83.62489968538284,49.13410031795502
73.35852038860321,82.43847960233688
95.07212603092194,75.14987397193909
106.37874990701675,63.19525009393692
114.96337354183197,35.88862645626068
93.80799233913422,74.67300766706467
89.9296024441719,77.92239755392075
109.99521493911743,64.37478506565094
117.61783617734909,52.14116382598877
90.44346117973328,64.76053881645203
97.19408416748047,58.28591585159302
84.14970850944519,64.81229150295258
106.17933255434036,50.06166744232178
103.09695905447006,59.01304095983505
86.27458417415619,58.13241583108902
100.9712056517601,60.26979434490204
117.2768315076828,46.315168499946594
102.52945190668106,82.04454809427261
138.15005671977997,76.47894328832626
66.73547345399857,64.2275265455246
76.4120956659317,50.66190433502197
59.33072221279144,63.68727779388428
88.00834274291992,94.82465726137161
83.92595279216766,89.31404721736908
68.9365781545639,49.91542184352875
50.170204162597656,66.86779582500458
83.51382666826248,35.98617333173752
82.65344876050949,89.75355124473572
82.49807274341583,32.926927268505096
82.97169637680054,90.54630362987518
87.77932024002075,91.68367975950241
81.8999400138855,91.50606000423431
81.24455231428146,91.99644768238068
84.51417523622513,86.4118247628212
83.48879307508469,91.25220692157745
79.70241528749466,96.31558471918106
85.49103724956512,62.71296274662018
81.53865432739258,91.18334567546844
77.5862734913826,102.39572650194168
81.33789944648743,92.73610055446625
82.16352081298828,64.76247918605804
79.23014342784882,93.36285656690598
80.44376695156097,103.40823304653168
80.99239075183868,94.63760924339294
81.15001553297043,60.46098446846008
82.34663945436478,86.46836054325104
80.32026320695877,93.53173679113388
80.4978865981102,88.81711339950562
79.82350873947144,54.899491250514984
78.96313261985779,92.1288673877716
79.45575517416,98.28424483537674
76.85538130998611,96.18161869049072
79.42200469970703,59.15199530124664
82.96863049268723,92.9573695063591
87.01724910736084,114.44575089216232
82.63886332511902,98.62013667821884
83.90948456525803,57.36951541900635
78.93810671567917,86.59989327192307
80.44873315095901,89.69926685094833
80.10835897922516,88.33664101362228
81.61798393726349,46.5670160651207
77.05561643838882,89.14838355779648
75.25024843215942,86.32375156879425
77.26188057661057,85.62811940908432
83.01251304149628,68.65348696708679
81.412144780159,86.6798552274704
105.59077072143555,63.83522927761078
89.6933827996254,98.91761720180511
81.12999951839447,90.20400047302246
77.78862476348877,86.63737523555756
80.46624881029129,90.4237511754036
84.73586797714233,88.07813203334808
83.24649155139923,87.382508456707
83.96111750602722,87.61288249492645
83.95374149084091,84.49125850200653
79.79736852645874,86.88763147592545
78.32699239253998,88.37700760364532
77.2446169257164,84.347383081913
80.29224187135696,86.52275812625885
75.54386711120605,86.7151328921318
81.23949891328812,86.92750108242035
78.3241246342659,86.86087536811829
79.13174551725388,90.10925447940826
77.56836527585983,87.28463470935822
82.74498248100281,90.29201751947403
80.0706085562706,86.66939145326614
83.28523004055023,90.43676996231079
78.83284670114517,86.81515330076218
79.0664689540863,89.74853104352951
77.98409175872803,85.88690823316574
79.12371861934662,89.43128138780594
80.08034348487854,88.43865650892258
78.25697004795074,88.0950299501419
78.74959540367126,84.25040459632874
75.03722250461578,86.07277750968933
78.41885364055634,85.89614635705948
74.7814793586731,86.49652063846588
79.79211181402206,86.31888818740845
81.26573407649994,88.60526591539383
79.72035229206085,87.1316477060318
79.1209767460823,88.00902324914932
81.3166031241417,84.75739687681198
81.3262260556221,93.09877395629883
76.28184503316879,87.19915497303009
79.16347706317902,90.2635229229927
79.30310356616974,87.64089643955231
79.03672909736633,87.01827090978622
79.15835410356522,86.60064589977264
78.74298012256622,90.01601988077164
79.80860584974289,86.50539416074753
78.37522971630096,86.40177029371262
79.88585531711578,87.48514467477798
77.47148168087006,86.47451835870743
75.75910723209381,86.5548927783966
78.0287355184555,89.65526449680328
80.02136325836182,86.0896367430687
77.58798652887344,89.74601346254349
79.3756148815155,84.30838513374329
82.09123635292053,88.96476364135742
80.60185414552689,86.73214584589005
78.3704788684845,86.4245211482048
78.58610451221466,86.50689548254013
78.41173005104065,84.77426993846893
78.4033562541008,85.93064373731613
78.70998305082321,88.47501695156097
78.23960906267166,84.37139093875885
78.34223502874374,87.15776497125626
73.42786073684692,85.07213926315308
79.84548723697662,85.09851276874542
78.48611259460449,87.23588740825653
80.2557355761528,89.39226442575455
79.06335526704788,86.52964472770691
78.16597998142242,88.70402002334595
77.91860049962997,84.91539949178696
82.11422431468964,88.44177567958832
82.6428399682045,89.37616002559662
78.1724584698677,87.95754152536392
79.09008318185806,87.14991682767868
79.26770943403244,83.95529055595398
78.83433574438095,86.09166425466537
77.84496170282364,89.11803829669952
78.7445895075798,85.71941047906876
78.27321594953537,87.00478404760361
79.00684118270874,85.82715880870819
78.47946745157242,85.79853254556656
80.89809376001358,87.54590624570847
81.26071500778198,88.31428498029709
79.88233536481857,86.39466464519501
78.6709600687027,89.10703992843628
79.4775875210762,83.76341247558594
78.47021234035492,85.58578765392303
81.05483597517014,89.09416401386261
82.56545746326447,88.58354252576828
74.57608217000961,86.49791783094406
77.7537140250206,84.7462859749794
79.31933975219727,86.42066025733948
79.71996581554413,88.54003417491913
79.08159214258194,83.84440785646439
80.94421714544296,86.35178285837173
80.19584339857101,87.7111566066742
77.11346566677094,86.66353434324265
78.14409160614014,88.11590838432312
81.94971412420273,93.54928588867188
81.68333172798157,87.96566826105118
79.10095304250717,90.45504695177078
78.74157160520554,86.12942838668823
79.71519714593887,88.74780285358429
80.00381809473038,93.866181910038
80.34744071960449,93.13355928659439
80.35806167125702,86.10493832826614
79.79468530416489,87.31631469726562
79.37931030988693,85.37968969345093
79.5939365029335,88.59106349945068
79.93756192922592,85.19143807888031
80.39318764209747,84.4768123626709
79.82981067895889,86.52218931913376
79.3964352607727,86.99256473779678
80.6670600771904,85.6299399137497
80.56568205356598,84.74931794404984
85.39130079746246,87.8676992058754
80.99490857124329,89.95009142160416
80.13453274965286,85.5324672460556
80.0161582827568,84.92884171009064
83.73077923059464,88.76922076940536
80.62939542531967,87.12960457801819
79.78901916742325,84.93298083543777
80.11364376544952,85.77435624599457
79.92126774787903,85.04173225164413
79.52489233016968,87.88210767507553
80.18351745605469,85.09348255395889
80.95314300060272,86.10285699367523
79.87176811695099,86.07323187589645
78.21639412641525,85.85860586166382
80.67002010345459,84.68097990751266
79.75564432144165,84.98535567522049
86.35826551914215,87.52973449230194
80.18388378620148,86.74111622571945
80.28750777244568,85.00849223136902
80.15013200044632,85.64686799049377
83.60574960708618,87.93225038051605
79.52336847782135,89.624631524086
79.62699127197266,84.81800872087479
79.59961533546448,86.28838467597961
80.51824015378952,85.35175985097885
79.1398634314537,86.89713656902313
83.78048801422119,88.95951199531555
78.60611253976822,85.44988745450974
84.69073754549026,86.10526245832443
80.90535753965378,86.77964246273041
79.58298355340958,86.65801644325256
80.09360975027084,84.99939024448395
83.6782318353653,88.95076817274094
78.37385201454163,86.16314798593521
83.36647814512253,85.39352184534073
78.65510356426239,85.25289642810822
80.8507319688797,87.11226803064346
78.80535173416138,88.39764827489853
85.2979765534401,86.0910234451294
80.8086017370224,84.91339826583862
77.2632247209549,85.5327752828598
79.23785603046417,88.02214395999908
79.22948151826859,84.64151847362518
80.07310611009598,85.2968938946724
80.36173188686371,84.91526812314987
80.48435741662979,88.47964257001877
78.9209817647934,86.82101821899414
81.78260314464569,88.05039685964584
83.86821538209915,86.52078461647034
79.80483740568161,89.23316258192062
77.72246134281158,85.01853865385056
79.21409153938293,85.4149084687233
82.41071259975433,87.88628739118576
81.01433098316193,87.2076690196991
81.11695510149002,85.32704490423203
79.29457920789719,85.00142079591751
80.5462054014206,84.71379458904266
79.9818297624588,88.23917025327682
80.17845487594604,86.1735451221466
80.59707969427109,85.90292030572891
79.49570542573929,85.02229458093643
78.8033310174942,86.32666897773743
80.59195548295975,86.88904452323914
80.73158013820648,85.2494198679924
82.4472017288208,88.18279826641083
84.38381814956665,88.30218183994293
80.52343618869781,93.84656381607056
79.20105600357056,91.66994398832321
84.8596727848053,90.04832720756531
81.70328694581985,90.16671305894852
80.76990246772766,85.7850975394249
79.46652376651764,88.55247622728348
80.27314913272858,89.57885086536407
81.39477223157883,86.2352277636528
80.22039663791656,85.0386033654213
80.69402199983597,86.49197798967361
79.75964719057083,85.99935281276703
78.62227177619934,85.13672822713852
83.24389123916626,85.70010876655579
80.88451546430588,85.87448453903198
83.52513778209686,88.78986221551895
81.70275485515594,86.20524513721466
80.23137402534485,85.43462598323822
80.204998254776,87.68400174379349
84.84562146663666,92.93137854337692
80.91123861074448,86.64376139640808
81.90385907888412,86.89214092493057
80.13748198747635,84.82651799917221
79.33310616016388,87.61189383268356
80.62173080444336,86.10026919841766
80.5023564696312,85.2946435213089
75.8829814195633,86.35801857709885
81.39361137151718,87.5883886218071
81.03423827886581,84.65076172351837
77.28586214780807,87.64013785123825
77.11149126291275,86.9445087313652
81.93611752986908,90.76688247919083
76.79873895645142,85.23726105690002
80.40236854553223,86.8196314573288
76.96899807453156,86.77200192213058
76.84962838888168,88.11237162351608
79.56425309181213,87.91674691438675
79.0748780965805,87.57312190532684
77.06750643253326,86.74749356508255
76.39313650131226,87.99586349725723
76.88476639986038,89.48523360490799
76.93239653110504,87.58560347557068
78.1100264787674,87.6859735250473
76.306656062603,88.06434392929077
77.68728566169739,86.92371433973312
77.2169161438942,88.09908384084702
80.48654544353485,87.9574545621872
80.4041605591774,91.2998394370079
77.35978496074677,87.47321504354477
75.64841395616531,88.12958604097366
76.1590451002121,88.11895489692688
77.18767559528351,88.49732440710068
79.217300593853,88.83869940042496
76.32092571258545,87.84607428312302
76.9055552482605,87.83544474840164
76.65618622303009,88.26981377601624
76.22281754016876,88.83318245410919
75.90044909715652,86.84055089950562
75.50408071279526,88.0519192814827
76.92171221971512,89.91128778457642
75.50634378194809,87.19665622711182
77.83197546005249,90.63102453947067
77.19360572099686,87.30539429187775
81.48323142528534,93.01676857471466
79.12285405397415,88.39514595270157
78.0414816737175,86.68051832914352
76.01511216163635,88.98488783836365
78.48874318599701,92.52925682067871
80.3143640756607,90.22263592481613
79.99198853969574,88.08201146125793
78.33561885356903,88.47938114404678
77.21625071763992,90.96874928474426
78.98688143491745,88.40211856365204
77.68251252174377,88.16948747634888
76.02714413404465,87.13985586166382
79.14877581596375,88.77722418308258
77.88140708208084,90.155592918396
78.91103839874268,88.05296158790588
80.58766877651215,89.50433123111725
78.24629831314087,90.4197016954422
86.81292372941971,92.15007627010345
78.8785452246666,90.12045478820801
77.29717427492142,90.07282572984695
78.14180481433868,89.45119518041611
82.04143053293228,97.92156946659088
79.90304958820343,89.61495041847229
79.96967828273773,88.62232172489166
79.2763079404831,88.79669207334518
79.10193836688995,88.30506163835526
81.37256878614426,90.887431204319
76.23519885540009,88.50580114126205
79.3938302397728,47.27316975593567
77.57146161794662,87.57753837108612
78.60009205341339,88.75190794467926
82.37072241306305,88.7782775759697
84.02934914827347,35.303650856018066
82.4839751124382,94.923024892807
79.90259951353073,89.06140047311783
77.61622929573059,88.12377071380615
82.92385977506638,72.05714023113251
79.9714862704277,92.76951372623444
90.70511102676392,41.48088896274567
80.43773531913757,47.00726467370987
64.46636611223221,54.607633888721466
75.12499511241913,59.18900489807129
75.85862618684769,60.0303738117218
66.68325757980347,64.50074243545532
103.80588901042938,49.45311099290848
89.8165203332901,54.72047966718674
102.51214975118637,56.079850256443024
97.85678136348724,62.44021862745285
125.83041197061539,48.28158801794052
130.67403268814087,71.21496731042862
125.75863653421402,63.01936346292496
80.25107818841934,94.52692180871964
80.81669342517853,89.83130657672882
81.97530108690262,90.56069892644882
81.11590605974197,90.56909394264221
80.07153326272964,88.35446673631668
80.17416077852249,90.78883922100067
79.574786901474,87.4262130856514
79.25141578912735,88.06258422136307
77.87404483556747,87.16395515203476
82.80966079235077,99.5603392124176
78.76528996229172,90.23471003770828
82.6089203953743,99.22407960891724
82.19454872608185,91.82445126771927
85.00117075443268,89.75782924890518
84.78877454996109,93.1912254691124
85.4113929271698,90.56960707902908
81.53302150964737,96.05997848510742
85.61765104532242,90.14134895801544
88.3882582783699,94.16774171590805
82.99084758758545,95.32315242290497
85.68647074699402,63.794529259204865
96.53110110759735,63.48689889907837
91.11572581529617,65.03227418661118
89.70035654306412,67.55864346027374
86.30398458242416,65.52901542186737
104.88861060142517,59.00038939714432
91.39924210309982,62.56375789642334
98.83587509393692,67.46112489700317
104.95750492811203,68.94949507713318
122.98713338375092,58.43886661529541
91.20075196027756,107.68724805116653
82.69336092472076,87.73263907432556
76.62998586893082,88.3890141248703
73.28861856460571,88.22938144207001
88.92924576997757,94.7367542386055
83.53285425901413,93.33814573287964
83.11747747659683,89.54952251911163
79.3131011724472,90.37189882993698
79.32372844219208,88.30627155303955
82.66735857725143,87.33264142274857
79.60498279333115,89.39601719379425
80.57861000299454,90.6623899936676
78.58923536539078,87.1887646317482
80.37786364555359,91.53013634681702
82.36949282884598,87.77850717306137
85.12111735343933,90.58288264274597
83.66873562335968,96.05426436662674
78.51336121559143,87.76463878154755
79.9869863986969,88.19901359081268
81.55261570215225,87.20638430118561
78.24924123287201,92.34375876188278
85.38886672258377,93.83313328027725
81.14048361778259,87.52551639080048
78.89111173152924,87.55188828706741
81.86474025249481,87.37525975704193
80.89436531066895,86.91963469982147
83.64599215984344,90.5020078420639
80.54561734199524,31.84338265657425
79.03724879026413,38.36975121498108
82.32587736845016,88.89612263441086
79.89250111579895,87.31049889326096
86.79213052988052,45.28186947107315
75.48874801397324,73.47425198554993
75.31337296962738,60.98262703418732
91.80600160360336,58.19399839639664
106.51962560415268,45.90537440776825
76.0682538151741,61.24674618244171
98.70786958932877,69.12513041496277
108.71948337554932,62.207516610622406
105.26710760593414,52.30789238214493
103.31473648548126,58.574263513088226
88.82536453008652,64.24863547086716
103.55799341201782,61.738006591796875
134.420623421669,45.41237658262253
100.69125264883041,62.6247473359108
114.73888146877289,58.151118516922
112.43451088666916,59.56548911333084
139.6111388206482,45.62886118888855
132.95576238632202,74.39623761177063
86.42937076091766,92.70062923431396
87.99598997831345,95.02301001548767
85.8026168346405,95.53038316965103
79.83224385976791,97.96475613117218
98.17586654424667,101.65713346004486
89.33547174930573,98.33152824640274
83.8640963435173,93.72890365123749
84.98572266101837,93.55227732658386
83.51434969902039,89.7626503109932
87.19197738170624,96.01102262735367
94.31460678577423,95.92639321088791
90.380235850811,94.67576414346695
91.83586347103119,94.77613651752472
88.2164916396141,96.13550835847855
97.70912009477615,98.95787990093231
95.24932312965393,101.8806768655777
90.70294564962387,99.27805435657501
91.80657136440277,98.19242864847183
84.11420077085495,94.47879922389984
97.42082262039185,103.54117739200592
86.8584269285202,97.99457305669785
85.66405194997787,93.79794806241989
88.36067879199982,94.51032119989395
83.57430613040924,97.62869387865067
86.86393404006958,94.54406595230103
91.39256298542023,97.6254370212555
85.42219072580338,95.09680926799774
89.80281805992126,95.90118193626404
86.22044628858566,96.39055371284485
99.67607188224792,99.08292812108994
85.87169522047043,94.81230479478836
99.06731736660004,100.30268263816833
99.3749172091484,99.64408278465271
90.05254393815994,101.61445605754852
84.04416877031326,92.28883123397827
104.36978727579117,107.0002127289772
88.65839380025864,97.80460619926453
85.6880185008049,93.03498148918152
88.84664857387543,99.43135142326355
83.7082776427269,88.19772237539291
88.25690644979477,97.26209354400635
98.65653824806213,98.3814617395401
83.9451670050621,93.35183298587799
88.84379631280899,95.37820369005203
86.7434229850769,95.23757702112198
99.12504661083221,100.74495339393616
88.17267525196075,96.73532474040985
100.09129500389099,103.77970498800278
88.82389122247696,98.62110877037048
88.16751605272293,100.2584839463234
81.38214230537415,91.39585769176483
95.61576133966446,107.62623864412308
88.29235392808914,98.89264607429504
84.83997577428818,93.40002423524857
90.10960322618484,94.27939677238464
93.78723096847534,97.76776903867722
90.39085906744003,94.16414093971252
96.75348794460297,96.52451205253601
87.87511640787125,91.80988359451294
92.51574468612671,98.3922553062439
86.39636778831482,94.97363221645355
97.12899589538574,99.83400410413742
90.1766242980957,94.43437570333481
103.81824576854706,104.57075423002243
133.4578309059143,65.22716909646988
88.54345685243607,99.56854313611984
115.62807941436768,60.89092057943344
98.56370025873184,105.41729974746704
86.8152956366539,95.83270436525345
83.82592016458511,91.80407983064651
86.337546646595,94.27345335483551
85.20017468929291,88.76382529735565
86.821801841259,96.40119814872742
93.61043059825897,94.31656938791275
88.3800602555275,94.89793974161148
90.18668919801712,95.99831080436707
91.10531824827194,95.37668174505234
96.67094272375107,110.4960572719574
86.92257207632065,93.83642792701721
103.02519458532333,99.41880542039871
88.86978679895401,94.38921320438385
89.91741281747818,93.93458718061447
81.46503865718842,90.25696134567261
95.92066389322281,109.59833610057831
93.76426720619202,104.19773280620575
83.49787271022797,97.15012729167938
84.98949992656708,95.95450007915497
83.05612796545029,94.61087203025818
91.25175595283508,96.41524404287338
97.24338352680206,97.3116164803505
89.69901144504547,94.31998854875565
87.94963771104813,96.32736229896545
88.5532653927803,106.03873461484909
100.61989206075668,101.7691079378128
87.50052094459534,96.01747906208038
106.23414343595505,110.95085656642914
97.09673416614532,104.08926582336426
90.60735154151917,97.855648458004
85.06197661161423,93.51202338933945
92.48060494661331,96.1303950548172
103.4352257847786,105.43477421998978
90.55781412124634,94.81318587064743
96.7894315123558,91.69056850671768
85.96805310249329,92.7179468870163
88.75567984580994,94.55932015180588
97.5253072977066,96.52969270944595
87.18493527173996,91.50006473064423
90.99156481027603,95.48943519592285
93.05819165706635,95.29280835390091
99.62381494045258,99.69018507003784
88.85744249820709,95.99455749988556
99.99806481599808,100.14993518590927
91.4896634221077,102.28833657503128
90.50028866529465,97.59171134233475
84.97391563653946,91.54408437013626
96.81854230165482,97.25545769929886
104.3291631937027,104.48583680391312
91.26576453447342,97.60423547029495
90.86838376522064,93.8716162443161
82.01000994443893,90.99099004268646
89.83463722467422,98.66536277532578
96.7342649102211,97.95073509216309
87.3378935456276,97.1631064414978
90.2365203499794,95.91047966480255
89.8031495809555,95.21485042572021
98.36977469921112,99.77822530269623
89.95440137386322,91.82359862327576
99.31702363491058,110.51697635650635
89.846624314785,103.28337568044662
87.5982500910759,99.14274990558624
83.7008780837059,92.44712191820145
89.23050421476364,99.78849577903748
104.53712564706802,107.11087435483932
84.06572526693344,97.43427473306656
87.59534859657288,98.08965140581131
91.97697365283966,101.50402635335922
92.2275995016098,92.99440050125122
98.49722701311111,96.9097729921341
98.1378522515297,95.60214775800705
93.48247796297073,94.57352203130722
89.49310356378555,96.41489642858505
98.31872779130936,98.86627221107483
95.0143541097641,94.26364588737488
108.02497148513794,103.10402852296829
128.77655547857285,66.39044451713562
93.97318148612976,97.89781850576401
83.24280107021332,87.92419892549515
96.01242941617966,95.57957059144974
109.85604000091553,106.49496001005173
88.8221845626831,93.32581543922424
83.40681082010269,87.76018917560577
87.17643809318542,92.28656190633774
95.61306571960449,97.46093428134918
85.2356920838356,89.19030791521072
91.17131835222244,94.32768166065216
92.20094591379166,93.59505409002304
95.36056816577911,97.12143182754517
90.53719490766525,93.4068050980568
105.82580506801605,103.28519493341446
95.59538626670837,105.03461372852325
88.29100298881531,104.35699701309204
97.56163036823273,95.956369638443
90.09025675058365,92.70474326610565
100.84287393093109,104.71312606334686
86.35347372293472,90.18352627754211
92.19609946012497,94.95190054178238
83.18872570991516,86.49527430534363
88.81135332584381,92.61464667320251
99.08098065853119,97.104019343853
85.31360703706741,89.66739296913147
89.12123662233353,92.73176336288452
86.51986318826675,94.16413682699203
100.49448907375336,99.65351092815399
88.78311586380005,93.23588413000107
92.03474307060242,93.96625691652298
91.01795065402985,95.83304935693741
86.71357709169388,88.95242291688919
91.74320322275162,93.0707967877388
103.75381869077682,103.89418131113052
83.5604099035263,92.29059010744095
85.86803448200226,92.26196551322937
88.65666168928146,91.06533831357956
91.26028764247894,94.40671235322952
97.65991353988647,96.30408644676208
88.4665407538414,91.21845924854279
92.921167075634,96.91183292865753
91.70979130268097,95.34520870447159
96.86841279268265,94.76058721542358
89.76803922653198,92.73096078634262
85.31566607952118,92.01733392477036
91.30086433887482,101.7181356549263
85.60748726129532,89.13351273536682
95.84011244773865,95.32588756084442
112.7767283320427,104.70427167415619
132.56530225276947,56.08269774913788
96.98274445533752,89.81325554847717
79.01235336065292,87.30264663696289
81.44998162984848,88.9400183558464
87.23761051893234,48.558389484882355
86.13724052906036,87.49275946617126
81.3328692317009,90.94413077831268
80.38049960136414,86.23050040006638
83.68075972795486,89.6902402639389
79.39438998699188,86.90161001682281
83.96101707220078,92.4089829325676
118.04564398527145,37.195356011390686
81.40827476978302,51.406725227832794
84.78890544176102,64.74809455871582
92.22653317451477,36.774466812610626
121.31014716625214,71.37485283613205
78.5987673997879,71.9012326002121
115.38739585876465,45.0566041469574
88.51002502441406,63.1579749584198
125.40865463018417,47.83134537935257
101.42028349637985,65.87671649456024
93.24591422080994,66.42208576202393
95.866544008255,72.3364560008049
138.69317245483398,47.91782754659653
100.83280020952225,67.77819979190826
95.9734274148941,69.45257258415222
100.0770503282547,111.94194966554642
83.86564511060715,102.43135488033295
83.80127274990082,89.43972724676132
84.62689995765686,91.132100045681
83.97052901983261,93.28747099637985
95.90815204381943,111.25884795188904
89.08475375175476,105.41424626111984
80.46537119150162,98.42362880706787
86.45799827575684,95.54100173711777
95.76562452316284,111.43837547302246
93.70125156641006,92.07574844360352
92.23187953233719,108.17612046003342
82.4455059170723,96.18449407815933
97.69713431596756,98.96886569261551
80.92976158857346,88.31123840808868
84.38438922166824,86.33661079406738
96.2480098605156,112.56699013710022
85.33261060714722,94.3903893828392
82.19523692131042,97.47276312112808
85.72486728429794,92.48013269901276
86.53149276971817,90.78350722789764
97.43111491203308,117.99488508701324
92.23770982027054,99.74429017305374
84.21133315563202,100.49266684055328
82.98196309804916,92.2780368924141
96.06559270620346,99.58240729570389
89.9102194905281,97.75678050518036
86.0698504447937,98.72714954614639
86.13547867536545,93.82752132415771
101.2011045217514,98.40989547967911
84.19373404979706,94.62126594781876
95.94536155462265,96.88863843679428
96.7889848947525,112.63701510429382
88.37458497285843,94.71841502189636
83.69920963048935,91.0407903790474
87.2838386297226,92.67916136980057
83.424465239048,91.94553476572037
99.12008959054947,103.47291040420532
117.18668466806412,65.81331533193588
78.21514159440994,89.45085841417313
81.0967710018158,91.12622898817062
79.83039891719818,95.02260106801987
78.19202995300293,88.41897004842758
78.90666162967682,89.48233836889267
79.3802922964096,88.60170769691467
84.16892063617706,89.88707935810089
78.23454242944717,85.98745757341385
81.67117214202881,87.05082786083221
82.99679565429688,91.7802043557167
81.67441684007645,87.52958315610886
80.74104273319244,87.59195727109909
83.49167090654373,86.54432910680771
79.39129710197449,86.27470290660858
82.92192357778549,35.15307641029358
78.5795465707779,86.06845343112946
80.55317610502243,86.76082390546799
79.23080414533615,87.7131958603859
85.51943379640579,67.38756620883942
80.86306232213974,86.74693769216537
79.92968994379044,87.05231004953384
80.75531882047653,86.91168117523193
83.87694507837296,69.45605492591858
80.68357390165329,84.77842611074448
78.39820277690887,85.50879722833633
83.96382462978363,88.05417537689209
82.03144657611847,56.48755341768265
79.44807082414627,87.47692918777466
79.57069832086563,84.91030168533325
81.34132623672485,85.89967375993729
81.73995012044907,68.94504988193512
87.1765713095665,87.00842869281769
85.02119451761246,35.071805477142334
80.97682011127472,85.93117988109589
101.9314494729042,69.69855052232742
77.95270437002182,87.04729562997818
110.9919621348381,65.97003787755966
80.36621820926666,60.46778178215027
99.76483863592148,60.827161371707916
121.07244873046875,85.72355127334595
77.95388585329056,64.17611414194107
77.7711426615715,65.26585733890533
109.72673851251602,89.14426147937775
81.070317029953,86.79968297481537
79.0809428691864,85.58605712652206
78.16556715965271,85.88943284749985
79.1201959848404,88.84180402755737
78.79782462120056,84.4611753821373
81.88245403766632,87.44954597949982
79.00407749414444,88.34792250394821
79.5147076845169,87.20629233121872
78.30433714389801,85.19566285610199
78.77796578407288,83.05603420734406
77.954594373703,86.39740562438965
86.18820142745972,91.5337985754013
83.10582166910172,87.44917833805084
78.89444673061371,87.12355327606201
79.44207239151001,87.53892761468887
83.1566971540451,92.88130283355713
77.55531698465347,89.48068302869797
79.60294729471207,84.39605271816254
77.05857509374619,86.51542490720749
78.53219836950302,87.83780163526535
80.04382765293121,85.82617235183716
78.12845695018768,87.3535430431366
80.82308650016785,87.28691345453262
78.85371500253677,88.38728499412537
77.73434507846832,87.84065490961075
82.57897591590881,85.25502407550812
77.29260623455048,86.20739376544952
82.13723176717758,98.62176823616028
74.75885605812073,63.48214393854141
75.43648505210876,68.45251494646072
75.63111370801926,65.01688629388809
90.10574179887772,104.63525819778442
93.74536329507828,77.04963672161102
88.97898173332214,65.31801825761795
93.23061174154282,65.19538825750351
109.96324145793915,65.92575854063034
93.473867893219,66.06313210725784
101.98449862003326,68.05250138044357
81.10712963342667,92.74587035179138
56.3017578125,72.21624219417572
61.620018005371094,66.10198199748993
76.53864878416061,70.16535121202469
99.71627235412598,64.41472762823105
88.81889516115189,68.42210483551025
94.64452135562897,63.541478633880615
93.84015101194382,64.56684899330139
110.424780189991,51.27821981906891
106.93540513515472,70.13859486579895
81.2610267996788,90.57197320461273
80.66065484285355,93.72834515571594
80.4682844877243,33.14271551370621
82.94091498851776,92.66908502578735
57.673544108867645,64.62245589494705
64.37017351388931,63.98182648420334
85.73279958963394,53.452200412750244
68.29942721128464,65.96057277917862
65.56905472278595,62.745945274829865
70.22768437862396,66.47531563043594
113.73830968141556,65.90969032049179
97.21192300319672,72.63907700777054
106.53755003213882,64.25844997167587
103.62217718362808,63.37782281637192
119.55880457162857,48.8111954331398
91.55142891407013,88.89257109165192
85.52504044771194,91.45695954561234
89.22066688537598,88.5563331246376
86.86129432916641,90.37870568037033
85.0569218993187,87.11007809638977
87.43855005502701,90.8764499425888
83.59717792272568,90.21782207489014
85.05180424451828,88.04019576311111
83.67443293333054,85.97456705570221
82.9990622997284,88.90793770551682
83.93569076061249,87.6563092470169
90.39031857252121,87.96068143844604
81.75294011831284,87.46905988454819
83.449567258358,85.60643273591995
79.03419518470764,86.09480482339859
82.23082482814789,88.54717516899109
84.03744983673096,59.11155015230179
79.64107382297516,36.45192617177963
81.16970127820969,42.53429871797562
90.97732824087143,58.09767174720764
81.26595604419708,45.753043949604034
84.2395852804184,41.94641470909119
82.4532122015953,86.26878780126572
86.16783702373505,46.24016296863556
88.47446197271347,85.02553802728653
83.9480819106102,86.51491808891296
83.79271179437637,85.06028819084167
110.28433430194855,56.88166570663452
78.90595573186874,65.64904427528381
97.73158138990402,53.41541862487793
97.37541157007217,115.79158842563629
84.51601201295853,97.50298798084259
88.48864161968231,97.95535838603973
99.05527222156525,106.40672779083252
88.99189925193787,92.08210074901581
93.5585281252861,99.81147187948227
88.1061572432518,98.8938427567482
101.26478290557861,102.56821709871292
91.6464136838913,98.09458631277084
93.08304417133331,100.21395581960678
90.00067520141602,103.4063248038292
87.96688562631607,94.57011437416077
90.0695064663887,93.02249354124069
85.50613462924957,93.04986536502838
88.72076058387756,97.11223942041397
94.9903793334961,101.32362067699432
85.40898877382278,95.18301123380661
87.19661748409271,98.63538253307343
92.55924719572067,101.56975281238556
86.94087648391724,96.8921235203743
91.78550291061401,102.7334970831871
87.77712941169739,90.48287057876587
96.89875173568726,108.11924827098846
86.37338197231293,96.47961801290512
88.56801134347916,93.52398866415024
90.11664134263992,94.14335864782333
100.46026158332825,117.35473841428757
86.89686393737793,96.04713606834412
91.01849055290222,94.88850945234299
91.99312108755112,88.39687889814377
89.18874853849411,91.53325146436691
95.71737205982208,101.22662794589996
81.69097781181335,89.19802218675613
88.05360561609268,91.48339438438416
93.4352343082428,101.02876567840576
82.76086211204529,89.59113788604736
85.15949189662933,96.61750811338425
83.43012058734894,87.25487941503525
94.9227482676506,107.3932517170906
89.43337631225586,107.45562368631363
90.40600484609604,96.79799515008926
89.43563234806061,98.86136764287949
92.27184891700745,104.82115107774734
86.57846212387085,97.69953787326813
81.14409601688385,93.11490398645401
88.02672797441483,101.32627201080322
100.89994370937347,107.71205627918243
90.35455471277237,94.12744528055191
91.30917990207672,101.24582010507584
89.4868078827858,93.606192111969
92.33043879270554,98.002561211586
85.99006468057632,88.6399353146553
101.96369075775146,102.79630923271179
90.64131850004196,93.24768149852753
91.20694559812546,96.33005440235138
89.49557495117188,99.80042505264282
82.82120436429977,93.40079563856125
98.33182573318481,110.7801742553711
90.08342796564102,102.73157203197479
83.81605219841003,95.18394780158997
90.9196805357933,107.56231945753098
87.81830894947052,96.01469105482101
114.19993072748184,102.09606927633286
87.24753838777542,95.21546161174774
96.77716690301895,100.92683309316635
91.63879734277725,102.21220266819
93.26142656803131,102.96157342195511
84.4940555691719,92.46794444322586
94.72668594121933,100.84631407260895
93.08931517601013,97.2436848282814
91.22994470596313,96.27005529403687
90.53757351636887,96.4254264831543
86.26920354366302,99.30379647016525
105.1698266863823,112.40417331457138
88.86542969942093,94.83857029676437
84.82105791568756,90.32694208621979
86.62768733501434,98.98431265354156
90.98931658267975,98.4546834230423
90.72294020652771,104.20305979251862
93.3075538277626,96.24744617938995
96.46618139743805,98.92281860113144
94.32980901002884,96.22619098424911
90.6354370713234,99.51156294345856
88.14706540107727,90.29693460464478
114.04669260978699,102.80530738830566
85.83432239294052,94.34967762231827
92.60495036840439,101.11804962158203
90.31957972049713,94.8104202747345
83.38520801067352,94.81779199838638
107.58182972669601,109.08517026901245
90.38942641019821,96.83357357978821
84.10305380821228,90.8779461979866
88.87368273735046,103.90531724691391
89.64231270551682,94.9686872959137
91.82093507051468,105.43906491994858
87.31254470348358,98.02145528793335
91.15617316961288,94.95482683181763
90.14780116081238,99.96319884061813
87.62243002653122,104.46956998109818
81.8740525841713,92.1269474029541
95.16167998313904,109.68932002782822
92.89530837535858,99.27169162034988
88.10893827676773,93.90906172990799
88.30556839704514,93.7324315905571
87.01919800043106,96.79580199718475
89.8554225564003,112.97757744789124
85.51505196094513,93.07694804668427
88.45067989826202,100.95532011985779
84.90631031990051,91.83368968963623
91.17693489789963,103.52706509828568
87.90953856706619,90.36846143007278
88.68016839027405,96.57983160018921
89.11579883098602,93.25420117378235
90.38642591238022,100.87357407808304
82.63704949617386,88.06595051288605
94.98167788982391,100.90732210874557
85.64030766487122,100.21169233322144
85.55893796682358,101.53406202793121
84.99556797742844,100.949432015419
83.48819917440414,97.19780081510544
100.58981907367706,109.92718094587326
89.749420940876,97.1575790643692
81.2420466542244,85.64695334434509
89.93767380714417,94.025326192379
87.81830024719238,91.44069975614548
103.62492197751999,103.18907803297043
93.3765280842781,91.54947191476822
89.7771503329277,92.79684966802597
89.69377952814102,89.6202204823494
88.24240893125534,99.40559107065201
83.66003358364105,86.33996641635895
98.02366238832474,97.53233760595322
91.49728804826736,96.20771193504333
88.84091740846634,89.75208258628845
90.05554604530334,91.25945395231247
83.26917511224747,88.67482489347458
102.55879634618759,111.70120364427567
89.60639834403992,103.22760164737701
83.37602561712265,84.38297438621521
87.7196541428566,96.29834586381912
86.13828271627426,89.84371727705002
97.66690492630005,93.55509507656097
89.99350541830063,95.00749456882477
91.3181294798851,98.92287051677704
89.88475716114044,101.83824282884598
89.52438467741013,99.97561532258987
84.35001569986343,88.31598430871964
95.34264421463013,99.6753557920456
90.05627155303955,92.98072844743729
87.4009000658989,87.0990999341011
90.07752853631973,90.16347146034241
84.29215776920319,86.22584223747253
102.08078110218048,106.04921889305115
89.49938404560089,93.61161595582962
83.1020097732544,90.65699023008347
91.05763971805573,93.34936028718948
90.42026633024216,93.35773366689682
95.44888651371002,101.03211349248886
89.49748879671097,93.29951119422913
92.39711463451385,92.41788536310196
88.07374238967896,90.55525761842728
95.62136995792389,96.2666300535202
85.13199084997177,84.20100915431976
96.93961906433105,99.04238092899323
87.37624686956406,91.8827531337738
88.38687455654144,91.16812545061111
87.87950271368027,89.71449726819992
85.05713027715683,84.94386970996857
106.40075117349625,104.32124882936478
90.8923499584198,94.1076500415802
84.47797626256943,87.6520237326622
90.26560312509537,92.51239687204361
86.99823087453842,89.09376913309097
93.32385432720184,103.39814567565918
98.14945638179779,102.66454362869263
92.30906230211258,92.13593769073486
91.50468701124191,92.73631298542023
91.57131266593933,97.0586873292923
83.24793761968613,84.6780623793602
94.92556595802307,94.6484340429306
86.63919395208359,94.19380605220795
85.33582186698914,85.97917813062668
90.27245092391968,90.35754907131195
84.98607885837555,86.12392115592957
100.63728541135788,105.69571459293365
91.74089688062668,85.27710312604904
90.10352295637131,90.600477039814
86.96615022420883,89.08984977006912
84.53277760744095,87.85622239112854
99.48839801549911,102.95760196447372
90.62800163030624,90.83599835634232
88.19362741708755,89.32437258958817
92.55625426769257,95.92474573850632
83.58588129281998,84.52511870861053
95.133509516716,95.42149049043655
89.57013750076294,91.91086250543594
85.93276530504227,84.9372346997261
88.22139286994934,91.11260712146759
85.71302133798599,90.32397866249084
90.29764878749847,91.35035121440887
84.11586827039719,91.88413172960281
91.71849554777145,92.02150446176529
89.74812316894531,89.82587683200836
91.57375001907349,92.75924998521805
107.02937084436417,105.98962914943695
92.2439678311348,96.94203215837479
90.2905952334404,91.7094047665596
92.15422230958939,98.80877768993378
85.14584976434708,84.66915023326874
95.99047809839249,93.82452189922333
90.27810627222061,96.25889372825623
83.51173430681229,89.39626568555832
91.24436289072037,90.4226371049881
83.19899249076843,89.59700751304626
89.37662225961685,90.91937774419785
106.38724410533905,113.51975589990616
84.24984610080719,88.45315390825272
89.46447491645813,95.83252507448196
86.64210391044617,91.39489609003067
84.70773142576218,85.88426858186722
97.57035052776337,101.94864946603775
92.37795662879944,95.3630433678627
91.09158420562744,91.13041579723358
91.10321229696274,100.45278769731522
80.5768415927887,87.05415838956833
98.0684706568718,94.524529337883
86.987100481987,93.56889951229095
84.16372990608215,87.05827009677887
90.507359623909,91.50964039564133
84.3149875998497,91.50001239776611
90.43661570549011,90.48938429355621
87.42183631658554,88.43016368150711
86.69146227836609,94.51253771781921
86.498091340065,90.74290865659714
83.71272051334381,94.51027947664261
102.14834368228912,105.5736563205719
92.41994571685791,94.692054271698
86.81857293844223,96.58942705392838
90.18120062351227,99.42979937791824
83.95082813501358,87.60517185926437
99.313456594944,95.40854340791702
88.56508582830429,94.2309141755104
88.61271488666534,92.57228511571884
88.06734418869019,93.00665581226349
80.98597186803818,91.05102813243866
87.05260092020035,96.3923990726471
102.45222228765488,111.58477771282196
81.37082499265671,89.1491749882698
88.41745299100876,95.23054701089859
86.04008221626282,91.94191777706146
84.03171074390411,91.95028924942017
97.4493288397789,109.5496711730957
91.1459356546402,94.11306434869766
94.04556375741959,93.10343623161316
89.35219234228134,100.0918076634407
84.08481931686401,87.45218068361282
96.02144873142242,98.86755126714706
88.25507748126984,94.91192251443863
86.85770642757416,87.97529357671738
89.35033410787582,92.63066589832306
81.49096167087555,90.39803832769394
88.61259126663208,91.38740873336792
86.07780873775482,88.79219126701355
93.34843724966049,94.9485627412796
89.0990641117096,92.80693590641022
85.2766917347908,87.81630825996399
98.38030678033829,106.17469322681427
94.03891509771347,96.29408490657806
99.7535429596901,95.43245702981949
91.50517135858536,102.79082864522934
86.08979952335358,89.81820046901703
98.02742809057236,98.08557188510895
90.85205781459808,95.31494218111038
87.14068502187729,93.89631497859955
94.1143137216568,93.51568627357483
83.80994313955307,90.13505685329437
90.15457201004028,93.38342797756195
85.28579270839691,94.49120730161667
89.46442210674286,102.12857788801193
84.01205152273178,94.48794847726822
95.207683801651,96.64431619644165
147.1918929219246,55.93710708618164
91.83151924610138,95.61248075962067
91.89814686775208,100.58285313844681
84.61277318000793,90.40522682666779
109.21640276908875,112.41359722614288
87.89303052425385,97.58796948194504
85.94165986776352,93.11434012651443
87.37828987836838,95.86271011829376
83.01791965961456,96.83408033847809
86.02855008840561,86.82244992256165
100.44717019796371,109.34882980585098
85.40176790952682,96.50523209571838
141.3013909459114,72.29060906171799
79.25682258605957,86.63217741250992
79.41545188426971,90.73254811763763
86.3890774846077,104.53692251443863
84.95469188690186,100.1923081278801
82.57731229066849,88.99668771028519
85.60593956708908,105.44906044006348
80.37556684017181,90.10443317890167
81.9241943359375,90.89080566167831
83.12082237005234,86.69517761468887
80.81544756889343,84.44355243444443
79.7340744137764,84.0629255771637
83.96670323610306,91.77329677343369
84.53332686424255,83.80067312717438
87.0629478096962,87.56705218553543
80.75856447219849,84.81643551588058
80.1951932311058,86.61980676651001
80.22482198476791,86.12817800045013
82.56845098733902,85.41354900598526
78.69007670879364,85.12492328882217
87.79270297288895,90.63229703903198
85.76632404327393,85.58467596769333
81.20395112037659,86.29604887962341
87.08457922935486,90.34142076969147
84.72520697116852,87.33079302310944
82.67983496189117,87.91216504573822
85.46846181154251,87.75353819131851
83.14608979225159,85.92891019582748
82.89771842956543,88.39828157424927
87.03734642267227,85.94365358352661
85.01096618175507,88.76603382825851
84.37458425760269,94.12541574239731
79.42120492458344,87.43079507350922
80.78383415937424,89.80816584825516
79.0544627904892,85.81553721427917
79.84309232234955,86.48990768194199
87.05771750211716,93.96128249168396
80.49433898925781,87.20966100692749
79.13396733999252,91.05103266239166
78.07159608602524,85.81840389966965
80.54422402381897,89.30777597427368
79.16585296392441,87.09314703941345
78.54748207330704,93.34151792526245
83.48411273956299,87.92388725280762
80.12374031543732,90.07925969362259
80.17236852645874,86.21763145923615
84.3499972820282,86.4470027089119
91.30461585521698,44.787384152412415
78.44523358345032,42.53676640987396
78.56685936450958,34.87714064121246
79.54048889875412,49.21951109170914
81.16211777925491,39.967882215976715
102.95074278116226,52.88325721025467
95.36835980415344,64.74264019727707
83.15798550844193,62.86101448535919
73.53861451148987,65.35038548707962
114.84524315595627,49.8207568526268
69.83787220716476,65.40312778949738
91.14450269937515,61.35549730062485
94.15513265132904,57.21586734056473
94.01776283979416,53.704237163066864
92.10239267349243,62.99060732126236
92.76102137565613,58.60997861623764
105.82764810323715,83.70935189723969
90.486259162426,97.66174083948135
85.68188387155533,91.76211613416672
94.56251019239426,94.25148981809616
98.09213107824326,104.5558689236641
100.47373992204666,111.04526007175446
95.98434668779373,96.57065331935883
81.10597437620163,90.91302561759949
82.67260336875916,87.53139662742615
89.7752336859703,92.70576632022858
82.54586464166641,88.2691353559494
82.0744948387146,87.09150516986847
83.1411257982254,84.24787420034409
81.74375540018082,88.3672446012497
84.18138653039932,89.87461346387863
81.89501732587814,89.02998268604279
94.44264107942581,104.65035891532898
82.87925070524216,89.50874930620193
79.90887594223022,88.0171240568161
84.12350654602051,87.06249344348907
81.91213375329971,84.86586624383926
101.4037566781044,104.76224333047867
97.2843633890152,94.0116366147995
87.29599195718765,96.88900804519653
82.84361952543259,88.47138047218323
89.83624821901321,89.7757517695427
81.8828781247139,87.65312188863754
82.65350723266602,89.88349276781082
84.77613663673401,83.87286335229874
84.37876331806183,89.02923667430878
82.40739005804062,88.33360993862152
85.56601989269257,88.35998010635376
101.33663845062256,105.36736154556274
85.58822965621948,89.05977034568787
82.76485484838486,89.86414515972137
82.79448360204697,89.79751640558243
82.546113550663,84.41688644886017
101.20473456382751,105.12826544046402
99.12333869934082,94.96966129541397
81.91096472740173,91.20003527402878
82.90259337425232,88.44840657711029
94.91422128677368,94.67877870798111
82.46185147762299,87.9271485209465
92.45448100566864,94.43451899290085
85.27911138534546,86.81288862228394
82.10474121570587,89.91325879096985
82.11637032032013,88.69962966442108
81.38600009679794,87.02099990844727
100.4886234998703,105.45537650585175
83.7042236328125,91.24077636003494
82.51085132360458,86.36014866828918
83.94748109579086,84.29351890087128
82.55010843276978,84.07889157533646
101.43172812461853,98.9022718667984
95.3493270277977,86.31767296791077
81.04595196247101,85.78704804182053
82.27857732772827,84.57342267036438
89.27120441198349,91.96979558467865
83.17083257436752,87.21816742420197
82.51446014642715,88.80053985118866
83.26508897542953,87.28991103172302
81.38771718740463,89.5382828116417
82.69434535503387,86.6756546497345
88.53897255659103,90.4990274310112
105.38259196281433,92.1544080376625
83.43018001317978,88.60681998729706
83.95980685949326,85.35619312524796
82.06343388557434,87.30756610631943
83.22106170654297,86.53793829679489
97.38068234920502,100.15631765127182
112.63128352165222,97.31271648406982
82.47587794065475,92.3761220574379
84.33850419521332,86.49449580907822
90.3491320014,90.33586800098419
81.85975861549377,87.43624138832092
84.40738648176193,87.07361352443695
83.01101386547089,85.76698613166809
83.44764047861099,89.55235952138901
82.69926631450653,93.30073368549347
82.3948946595192,86.84610533714294
101.94251257181168,98.79848742485046
86.21310591697693,90.95389407873154
87.46372956037521,88.33227044343948
93.03035515546799,92.5626448392868
85.76298314332962,87.38501685857773
88.73661160469055,95.13338840007782
106.74722838401794,93.1047716140747
81.73982363939285,90.6121763586998
83.82444673776627,87.00855326652527
89.66907280683517,93.07192718982697
82.3826994895935,87.5253005027771
82.856325507164,88.79167449474335
83.01595318317413,87.05904680490494
82.67457461357117,87.30742537975311
82.24020153284073,87.53779846429825
81.43682914972305,86.00817084312439
101.74344897270203,98.86755102872849
83.47604250907898,91.57995748519897
82.02366977930069,88.04933023452759
84.99829894304276,85.90970104932785
81.74892860651016,86.67707139253616
88.4825581908226,89.98044180870056
108.21517533063889,97.58082467317581
91.94777059555054,96.84822940826416
85.71839344501495,89.837606549263
92.2840204834938,89.28997951745987
83.31364804506302,86.68735194206238
86.17627489566803,85.87972509860992
81.14989829063416,86.88710170984268
82.8265250325203,88.15447497367859
82.35615211725235,86.88484787940979
79.97777992486954,88.54022008180618
96.04340207576752,94.93759793043137
105.07299816608429,102.53800183534622
84.04658979177475,89.52741020917892
83.35321497917175,96.10978502035141
84.69784247875214,99.9311575293541
87.44947242736816,103.18052756786346
110.79309350252151,108.29890650510788
85.30368572473526,97.78831428289413
84.70431047677994,96.629689514637
98.39893311262131,108.69306689500809
83.03956151008606,92.10843849182129
92.43919050693512,108.43080949783325
83.87581884860992,95.16118115186691
81.99744629859924,96.42855370044708
83.73107343912125,88.6209265589714
80.85270071029663,88.22229927778244
82.03032886981964,87.02467113733292
82.16254317760468,85.9124568104744
84.37617182731628,92.06782817840576
83.4618027806282,87.26019722223282
89.26842963695526,100.54657036066055
114.09404641389847,100.03595358133316
82.04964143037796,90.09835857152939
82.83826214075089,90.99573785066605
93.38589233160019,95.63310766220093
84.04452109336853,89.75147891044617
87.31414937973022,92.87085062265396
86.25077664852142,88.56422334909439
83.26140463352203,89.88659536838531
85.58703327178955,88.87596672773361
95.20866119861603,93.17933881282806
93.42328715324402,89.50271284580231
107.71190357208252,100.1030964255333
118.01848691701889,67.83251309394836
80.17693865299225,87.41506135463715
78.16956806182861,88.33043193817139
82.10619938373566,92.54180061817169
88.09881699085236,103.90118300914764
82.83143204450607,89.79756796360016
79.5650572180748,87.67694276571274
86.03768515586853,91.01731485128403
78.5853129029274,88.78468710184097
78.0779418349266,90.6260581612587
79.60657125711441,88.26342874765396
79.98819822072983,93.27080178260803
79.12882739305496,87.68617260456085
80.10245776176453,89.43554222583771
83.44608628749847,93.99791371822357
84.62371277809143,91.61728721857071
53.74633324146271,59.30966675281525
64.2009647488594,54.2070352435112
71.35959672927856,60.381403267383575
90.87022924423218,48.88877075910568
82.13984858989716,58.4151514172554
82.92846536636353,61.36753463745117
94.84609180688858,59.227908194065094
110.93171679973602,52.421283185482025
95.12734317779541,62.557656824588776
99.72997134923935,58.97302865982056
103.92660266160965,59.2213973402977
81.62223201990128,92.96976798772812
107.79985266923904,68.9411473274231
116.31031948328018,85.11568051576614
76.6167722940445,90.08622771501541
80.36839824914932,91.11260175704956
76.56502455472946,89.62097543478012
76.4276567697525,88.73934322595596
77.30828982591629,88.09971016645432
75.61592209339142,93.73607790470123
80.08954924345016,89.24445074796677
79.02617341279984,90.39982658624649
78.38780438899994,87.68619561195374
78.17643511295319,38.47156488895416
78.11306583881378,85.90593415498734
78.16069710254669,84.95030289888382
78.26432764530182,88.97667235136032
80.16395878791809,41.28104120492935
79.98858749866486,87.67741250991821
77.27721899747849,85.62978100776672
77.88085055351257,88.28614944219589
83.077476978302,61.534523010253906
78.42110276222229,85.94989722967148
78.83873254060745,85.42026746273041
79.05335980653763,90.74264019727707
78.11998873949051,89.43601125478745
76.44561457633972,61.555385410785675
85.16023617982864,64.6927638053894
83.05885726213455,60.737142741680145
94.55147778987885,54.72652220726013
81.1181052327156,66.21589475870132
83.20273399353027,60.96426600217819
83.26836413145065,66.63863587379456
100.64998680353165,91.27701318264008
81.88261634111404,83.98838365077972
91.85624587535858,58.77275413274765
92.36687475442886,63.89312523603439
125.87749856710434,40.362501442432404
90.01812195777893,73.05587804317474
81.2697491645813,90.00825083255768
82.94637829065323,97.31262171268463
102.34600669145584,69.85699331760406
81.20963823795319,37.49436175823212
94.59026312828064,50.68773686885834
92.48987948894501,47.25112050771713
88.77850651741028,58.87049347162247
80.1031329035759,69.78586709499359
73.89175671339035,61.40424329042435
74.60638356208801,61.22661644220352
95.61701339483261,54.4939866065979
76.4796342253685,63.77936577796936
84.60126370191574,59.28673630952835
85.94489306211472,60.091106951236725
115.54851686954498,70.97048312425613
107.81913459300995,73.29186540842056
86.18075954914093,95.76324045658112
84.43338477611542,94.93761521577835
84.94401210546494,98.27798789739609
106.63963264226913,68.54536736011505
88.224260866642,94.83173912763596
84.34587723016739,100.89412277936935
83.17150127887726,97.7914987206459
83.84912896156311,89.63287103176117
81.61875814199448,90.82524186372757
81.12938690185547,88.14761310815811
83.0480163693428,101.91598361730576
85.058644592762,89.07135540246964
82.328269302845,92.33773070573807
83.69089698791504,91.21710300445557
88.81252110004425,99.7434788942337
83.80414134263992,89.7138586640358
86.29676693677902,91.98023307323456
82.17839622497559,92.47060376405716
84.83702445030212,101.56997555494308
76.58865195512772,89.96734803915024
83.71027779579163,87.2157222032547
82.49889749288559,86.90810251235962
81.58352339267731,92.0274766087532
82.42815041542053,86.77684956789017
81.78977960348129,86.19122040271759
82.6524076461792,85.49559235572815
79.60703319311142,87.44796681404114
80.69266271591187,91.9743372797966
85.31429117918015,85.01970881223679
80.73291432857513,87.02608567476273
83.26154106855392,88.20145893096924
84.58715975284576,92.5798402428627
81.59778153896332,92.93921846151352
79.49740815162659,91.8915918469429
83.41503471136093,93.52796530723572
81.85266178846359,93.16633820533752
88.49328619241714,96.71171379089355
81.2629047036171,86.18209528923035
82.40253311395645,46.282466888427734
93.0431599020958,59.30884009599686
83.31378728151321,85.57521271705627
80.10141491889954,83.5275850892067
80.18604463338852,87.70295536518097
80.86367362737656,83.65432637929916
87.50430274009705,83.97769725322723
85.21792662143707,90.02207338809967
82.54455471038818,91.140445291996
85.42517882585526,43.185821175575256
63.26879674196243,63.19320327043533
59.96542102098465,59.1825789809227
92.69804954528809,43.17295044660568
73.13367700576782,56.95832300186157
70.45929700136185,68.20670300722122
77.28591573238373,63.78908425569534
137.83354133367538,42.59245866537094
94.77016741037369,63.3228325843811
98.50279349088669,62.6822065114975
71.0504201054573,60.67157989740372
94.54304707050323,59.82695293426514
73.1266747713089,61.1683252453804
79.02730309963226,59.009696900844574
83.12993139028549,50.314068615436554
87.23355805873871,54.41444194316864
93.8551812171936,72.92281877994537
93.606798350811,63.68920165300369
96.45042270421982,59.58557730913162
124.64605069160461,48.81694930791855
98.34267729520798,61.08332270383835
110.6503010392189,71.51669895648956
105.64091694355011,72.80308306217194
136.8375405073166,49.92145949602127
121.38617086410522,58.429829120635986
110.61879825592041,60.25220173597336
115.20342701673508,63.53757297992706
85.45505952835083,92.4709404706955
115.76168209314346,62.905317902565
95.7543153166771,112.07968467473984
84.87593674659729,88.43906325101852
83.64556831121445,90.68743169307709
98.5451951622963,102.69580483436584
91.18579339981079,93.01820659637451
86.01041811704636,89.5445818901062
88.16904491186142,94.40495508909225
92.68067342042923,89.33732658624649
94.22829359769821,95.30870640277863
86.14689075946808,93.40910923480988
93.69351953268051,96.63948047161102
91.55614721775055,89.1838527917862
88.10477650165558,90.19122350215912
88.74440360069275,90.79159641265869
87.71803271770477,91.17096728086472
82.32492125034332,88.13807874917984
86.59454709291458,98.25745290517807
95.66017293930054,100.41382706165314
96.15277469158173,99.88422530889511
83.58940440416336,90.50259560346603
81.15603429079056,88.99196571111679
89.81466370820999,90.2783362865448
95.34428638219833,97.67471361160278
92.03988689184189,91.57211309671402
95.16149544715881,95.48650455474854
86.32112228870392,90.14287769794464
83.14575165510178,89.65124833583832
80.82338070869446,90.01061928272247
83.29701155424118,89.11098843812943
80.52964097261429,88.26635903120041
82.61427444219589,87.53372555971146
84.03290581703186,86.30009418725967
82.9315305352211,90.80846947431564
97.57315409183502,95.22384589910507
80.91675645112991,85.23124355077744
86.22338497638702,86.38761502504349
82.60501247644424,89.26498752832413
92.87464159727097,89.40335839986801
93.718270778656,96.04072922468185
95.06289172172546,90.77010828256607
94.14749610424042,91.5745038986206
84.93612343072891,87.48987656831741
82.15075212717056,91.84924787282944
81.17938131093979,85.19061869382858
82.96801030635834,88.80898970365524
85.18263858556747,86.96636140346527
98.3602666258812,93.26973336935043
85.50089693069458,87.1841030716896
83.10352677106857,87.41547322273254
97.67014902830124,93.18285095691681
82.93975269794464,88.61624729633331
83.85838174819946,87.03161823749542
84.90601140260696,87.48298859596252
88.3786404132843,86.95435959100723
92.55627059936523,92.81372940540314
95.25188946723938,94.98811054229736
96.63349747657776,95.97750252485275
84.81112676858902,86.6148732304573
90.50675696134567,94.49324303865433
86.12838625907898,87.96361374855042
82.02801543474197,91.249984562397
81.22464525699615,89.75735473632812
85.67927497625351,86.41372501850128
82.11590284109116,88.12509715557098
84.45953118801117,88.55846881866455
98.58115470409393,99.56684529781342
83.59275609254837,87.27724391222
84.58438366651535,86.563616335392
84.24301189184189,91.97798812389374
88.5506409406662,85.57935905456543
87.0242691040039,89.19773089885712
94.60888606309891,96.48411393165588
95.48949140310287,92.5835086107254
87.20411914587021,89.98088085651398
86.696748316288,92.06325167417526
81.7073764204979,84.75562357902527
82.21800541877747,90.11499458551407
84.58063590526581,85.25236409902573
94.4992658495903,95.05673414468765
85.13889420032501,86.13910579681396
83.48252403736115,87.55447596311569
97.73414325714111,98.61785674095154
84.24474585056305,87.77325415611267
85.07137352228165,86.91162645816803
84.08100163936615,89.97399836778641
95.18363082408905,89.92736917734146
86.26926004886627,87.8977399468422
93.39088106155396,93.8681189417839
100.93849092721939,99.70950907468796
89.76411962509155,91.99488037824631
86.2187482714653,85.9842517375946
83.87837624549866,85.28862375020981
83.72300398349762,88.98099601268768
84.95563292503357,85.69336706399918
85.18826216459274,91.07173782587051
82.42089027166367,88.8381097316742
81.83952260017395,92.73547738790512
83.62714868783951,93.89085131883621
107.39777082204819,113.97222918272018
83.46436989307404,89.03563010692596
84.0490015745163,89.91399842500687
89.85563242435455,86.05136758089066
86.07025969028473,87.72574031352997
90.006880402565,97.2891196012497
94.8884893655777,102.16751062870026
89.10211884975433,91.4348811507225
83.79874742031097,89.90525257587433
82.19837683439255,86.80262315273285
80.8570066690445,89.97699332237244
84.32963627576828,87.26236373186111
84.17426532506943,87.47373467683792
84.29589265584946,92.87110733985901
85.0285227894783,89.6744772195816
85.85415238142014,87.14584761857986
94.55077654123306,103.65322345495224
85.89438027143478,89.60561972856522
81.79400765895844,90.94599235057831
88.45263755321503,85.95436245203018
89.92626547813416,97.40673452615738
91.14088869094849,99.17411130666733
96.76249927282333,97.42250072956085
87.9031280875206,91.98587191104889
83.11775708198547,86.84624290466309
81.86838585138321,83.50061416625977
83.3420147895813,91.60198521614075
83.50164437294006,86.12835562229156
83.43827384710312,86.11772614717484
83.89290279150009,86.9030972123146
94.45953249931335,90.37446749210358
82.71016210317612,89.1958379149437
97.66578471660614,103.70421528816223
86.25038605928421,83.93461394309998
82.28001374006271,90.2389862537384
89.4576426744461,87.02435731887817
84.63427120447159,88.8467288017273
93.70089089870453,97.15110909938812
98.02650064229965,105.95449936389923
85.24112892150879,87.90787106752396
93.06675785779953,96.22924214601517
83.33638840913773,88.47861158847809
92.71701991558075,99.48598009347916
85.28365063667297,87.67934936285019
83.90527904033661,92.48372095823288
84.34290862083435,87.26909136772156
83.55653792619705,90.72146207094193
84.21516716480255,87.9318328499794
102.05979096889496,104.03320902585983
86.90338796377182,93.35561203956604
84.67301714420319,94.56698286533356
86.33164519071579,86.90935480594635
82.63927578926086,90.23072421550751
99.55789893865585,111.27610105276108
103.66150200366974,102.56149798631668
81.80110919475555,93.19989079236984
82.86673802137375,87.67026197910309
84.9713683128357,89.67763167619705
83.88799685239792,90.44500315189362
84.39962542057037,83.19237458705902
93.7802545428276,96.55274546146393
84.88288342952728,87.57911658287048
89.3205132484436,85.03148674964905
82.66514277458191,91.05785721540451
96.35976719856262,105.10323280096054
85.07437121868134,93.11062878370285
81.7330014705658,96.19199854135513
88.17063075304031,87.53336924314499
82.21726107597351,89.11573892831802
89.95088994503021,94.51211005449295
103.68351304531097,103.53848695755005
84.50911718606949,88.34288281202316
83.05674469470978,89.0172553062439
82.40137356519699,88.45162642002106
82.65200328826904,91.06999671459198
83.64463245868683,85.65136754512787
82.98826116323471,88.34473884105682
82.94389122724533,87.76010876893997
82.71352052688599,85.28647947311401
84.13215035200119,86.68284964561462
85.54236716032028,94.47663283348083
82.40499502420425,90.54000496864319
88.80362409353256,87.80637592077255
83.31425386667252,89.7957461476326
82.69588214159012,87.6181178689003
99.78050357103348,104.42249643802643
83.56910943984985,92.0788905620575
84.32073909044266,85.1422609090805
85.64636772871017,89.24263226985931
83.98999744653702,87.91700255870819
84.260626912117,85.1473730802536
83.17825770378113,89.28474229574203
82.20788782835007,87.2551121711731
81.66251784563065,85.55948215723038
81.46914649009705,86.974853515625
95.96176952123642,104.42723047733307
86.30537182092667,93.93462818861008
83.05699843168259,90.18400156497955
89.41962563991547,84.09937435388565
93.85625278949738,94.99474722146988
84.62588047981262,86.92911952733994
97.91450452804565,99.91849547624588
86.35211485624313,92.42688512802124
84.04774230718613,86.84125769138336
84.00237131118774,90.25662869215012
86.67999917268753,89.70900082588196
83.32062727212906,85.82837271690369
84.18225681781769,87.78074318170547
90.00888711214066,91.62111288309097
87.1115158200264,90.81448417901993
89.80714416503906,86.30385583639145
105.63276815414429,105.40423184633255
87.75436294078827,95.63363707065582
88.91299021244049,94.75200980901718
96.6836166381836,89.55738335847855
84.60124492645264,90.54675507545471
88.13087385892868,91.73912614583969
108.75349861383438,110.26550137996674
83.5791083574295,90.10689163208008
91.42173808813095,94.0222619175911
88.59936708211899,88.36363291740417
90.01799786090851,92.53800213336945
91.69462889432907,92.65637111663818
85.74225866794586,86.57174134254456
91.16088706254959,92.98711293935776
87.52351486682892,90.77248513698578
83.66414391994476,88.18785607814789
103.4527662396431,104.73323374986649
86.18536758422852,90.90763241052628
89.54799389839172,93.6750060915947
94.33562070131302,89.07137930393219
84.64324903488159,90.4497509598732
89.1358757019043,89.27212429046631
106.40549677610397,104.70550322532654
89.62010508775711,92.67589491605759
88.20473033189774,93.31326967477798
83.75235778093338,87.46964222192764
87.85598659515381,96.92301338911057
89.42161500453949,88.94938498735428
93.45124357938766,93.93775641918182
89.68387025594711,87.70512974262238
86.97249978780746,93.21250021457672
92.65012848377228,86.94287151098251
90.73475807905197,95.37724190950394
100.85638153553009,99.68061846494675
89.9409863948822,93.41001361608505
96.22961276769638,88.60338723659515
85.63023924827576,89.7217607498169
90.17686581611633,88.97113418579102
107.89148771762848,105.47951227426529
87.97609257698059,88.48690742254257
90.3757175207138,91.68028247356415
84.515345454216,87.50265455245972
89.3409731388092,92.21302688121796
88.94560045003891,93.14739954471588
85.47422796487808,87.52577203512192
91.85485690832138,88.46014308929443
87.69848567247391,93.04151433706284
82.8211145401001,89.64188545942307
93.2757431268692,91.90925687551498
106.28736692667007,101.4916330575943
91.11196219921112,97.27703779935837
95.49358487129211,90.59941512346268
85.54121172428131,83.79178828001022
91.1258374452591,90.80016255378723
107.82145661115646,95.90054339170456
87.81405651569366,91.11194348335266
89.73167979717255,88.08232021331787
82.02030658721924,86.97969341278076
89.40093344449997,95.1730665564537
88.56056022644043,91.21743977069855
85.23818790912628,84.00281208753586
90.4338151216507,99.67718487977982
89.01844125986099,93.00055873394012
84.97406780719757,85.78493219614029
92.55869543552399,87.68230456113815
106.73530924320221,97.11569076776505
90.33889973163605,96.5131002664566
92.14552372694016,88.33547627925873
94.43415063619614,93.43584936857224
92.85277396440506,89.33222603797913
102.54839646816254,96.6926035284996
96.41100317239761,90.47799682617188
89.95860439538956,88.0973955988884
82.41422975063324,84.49377024173737
90.18385499715805,89.68714499473572
88.34248161315918,94.76851838827133
104.83831459283829,100.99568539857864
89.45993536710739,87.37306463718414
91.48856073617935,89.23343926668167
106.0171794295311,104.53782057762146
87.30577093362808,98.65622907876968
94.50239551067352,87.40560448169708
87.88302314281464,86.50497686862946
91.06064903736115,89.99535095691681
98.51527446508408,98.0587255358696
105.15589052438736,97.93610948324203
91.3894881606102,97.14751183986664
84.9741096496582,84.35989034175873
92.72573506832123,94.68226492404938
91.05035591125488,88.30064409971237
84.96898198127747,83.97501802444458
89.12760776281357,89.20539224147797
88.1382332444191,92.87976676225662
84.7608579993248,84.09214198589325
92.64148396253586,90.2095160484314
107.85610139369965,97.56989860534668
88.79269087314606,98.83730912208557
94.04431611299515,87.21568387746811
90.60994100570679,86.50105899572372
97.2325649857521,87.91643500328064
109.77919083833694,98.31280916929245
100.14180463552475,90.098195374012
96.85640740394592,88.18059259653091
85.2930303812027,90.83696961402893
88.65565598011017,89.56634402275085
89.79628199338913,97.81471800804138
86.15890836715698,84.119091629982
88.63153523206711,94.9794647693634
93.40216106176376,95.6528389453888
83.3017869591713,83.66021305322647
88.68341332674026,88.4835866689682
107.5080309510231,96.62196904420853
90.4266220331192,94.99937796592712
95.80724668502808,87.85975331068039
85.65187191963196,85.404128074646
89.19949704408646,88.24550294876099
96.65412390232086,95.27187609672546
100.83173882961273,91.7052611708641
90.74933809041977,91.89866191148758
86.48296248912811,84.31403750181198
88.88258689641953,91.89541310071945
87.26421296596527,94.68078702688217
85.69984030723572,89.09615969657898
89.7664657831192,87.80753421783447
87.16609245538712,93.1489075422287
90.73171818256378,95.15628182888031
91.13134449720383,92.51665550470352
108.03196293115616,99.57903707027435
95.68955647945404,100.66244351863861
97.62618201971054,93.74381798505783
87.08180892467499,87.97319108247757
90.79643392562866,93.33356606960297
97.214051425457,98.30394858121872
102.11366909742355,91.66433089971542
92.4762669801712,97.9317330121994
88.06089234352112,86.53110766410828
91.46051847934723,94.02048152685165
90.65714460611343,89.41785538196564
88.31577032804489,86.4802296757698
92.7893950343132,92.58060497045517
90.5040203332901,92.82997965812683
88.12464529275894,85.78235471248627
91.6552722454071,93.80772775411606
114.72089022397995,99.14910978078842
144.37946861982346,51.9715313911438
101.85309559106827,105.49790441989899
87.40071415901184,87.76528584957123
91.09733897447586,93.01466101408005
95.32996642589569,97.50303357839584
98.13758462667465,94.49241536855698
89.64718621969223,93.7788137793541
84.06581431627274,89.21218568086624
88.31744074821472,95.75655925273895
85.55006885528564,92.76493114233017
81.67269694805145,83.53130304813385
88.64532488584518,90.11367511749268
84.78595232963562,90.49204766750336
81.37057942152023,87.07342058420181
97.17720764875412,92.91479235887527
106.3358262181282,98.1631737947464
89.18041807413101,102.1345819234848
94.04304152727127,95.5309584736824
88.5726689696312,92.39033102989197
90.157295525074,91.41670447587967
96.61192297935486,100.48007702827454
105.06754070520401,103.87745928764343
91.57813763618469,105.06986236572266
84.64476156234741,84.98523843288422
89.13638770580292,96.69661229848862
86.0920158624649,91.6119841337204
84.67863672971725,86.47036325931549
87.8683231472969,89.77967685461044
87.07700914144516,85.45999085903168
84.1926931142807,86.82630687952042
86.3823789358139,89.229621052742
87.85006356239319,87.85393643379211
104.91073930263519,99.83026069402695
90.37839019298553,88.58560979366302
85.55007296800613,91.09792703390121
91.12775653600693,92.90824347734451
94.67044126987457,90.77355873584747
96.37911862134933,93.21388137340546
87.79077744483948,90.89422255754471
83.35045856237411,88.33354145288467
82.65214276313782,90.18085724115372
94.95382767915726,99.02817231416702
86.66151314973831,85.76348686218262
83.85119938850403,87.55580061674118
83.91188526153564,89.440114736557
83.49057000875473,85.86142998933792
83.31025642156601,85.5967435836792
87.0739431977272,89.57305681705475
102.56061720848083,105.7723827958107
92.43526893854141,90.19373106956482
85.69995260238647,91.52204740047455
91.01963835954666,94.8513616323471
97.43132305145264,89.25367695093155
90.10300719738007,93.97099280357361
107.84867411851883,95.65132588148117
112.8903181552887,69.1096818447113
82.8950035572052,89.8089964389801
116.38068461418152,61.118315398693085
82.58918786048889,84.81781214475632
78.2428731918335,85.48012679815292
84.96956342458725,90.91943657398224
85.28924816846848,85.52575182914734
85.38693416118622,85.50206583738327
84.22462034225464,84.03437966108322
87.91430026292801,91.08569973707199
80.1959742307663,89.24702578783035
82.16466158628464,85.74333840608597
51.50234603881836,67.90465396642685
67.47003102302551,52.084968984127045
52.381716668605804,64.08028334379196
88.99839377403259,87.42760622501373
82.05806475877762,86.07093524932861
87.50873613357544,91.6402638554573
87.62342017889023,87.74657982587814
86.94310510158539,83.50089490413666
85.04079073667526,84.07020926475525
88.52747458219528,87.8625254034996
87.6791580915451,86.44984191656113
87.35084247589111,87.33415752649307
87.93052738904953,83.01447260379791
90.82320493459702,92.02779507637024
83.40286028385162,95.33813971281052
81.1115448474884,95.5934551358223
80.85623240470886,93.64376759529114
85.89792311191559,86.93507689237595
85.6066090464592,89.30039095878601
87.51928877830505,97.31471121311188
83.54194682836533,88.77305316925049
82.52862972021103,92.15737026929855
81.90331411361694,93.98568588495255
79.20500010251999,90.40699988603592
80.35768765211105,90.25331234931946
119.43636745214462,55.87863254547119
98.10705357789993,67.5219464302063
88.42773598432541,58.128264009952545
90.06610029935837,67.28589969873428
81.05277180671692,83.92922818660736
80.77945870161057,84.9795413017273
83.24714636802673,83.47485363483429
98.8818371295929,67.2101628780365
81.7565216422081,88.40947836637497
85.4652019739151,93.40479803085327
87.98887377977371,87.23312622308731
90.36355823278427,69.65444177389145
80.33124589920044,88.46475410461426
71.26193290948868,44.47906708717346
74.63662278652191,44.548377215862274
102.90131103992462,69.78368896245956
84.31299966573715,37.40900033712387
87.29968929290771,39.7193107008934
88.43437623977661,41.26962375640869
96.64205527305603,45.708944737911224
104.75873917341232,43.667260825634
111.76342809200287,52.58857190608978
81.63795989751816,89.76904010772705
82.73564803600311,89.22735196352005
79.83233165740967,86.8336683511734
87.28201222419739,90.16298776865005
81.76868641376495,86.93631356954575
79.38436847925186,90.31863152980804
78.46305602788925,88.96294397115707
79.22674512863159,88.82825487852097
78.71343398094177,86.71356600522995
79.90312361717224,86.93087637424469
79.05581194162369,85.59218806028366
77.93150109052658,85.80949890613556
78.3991909623146,87.56380903720856
82.53287422657013,90.33712577819824
82.81655651330948,89.3694434762001
85.33924394845963,88.62375605106354
78.56593298912048,88.04506701231003
78.83062303066254,82.03937697410583
79.77931141853333,88.18368858098984
86.2469887137413,91.36401128768921
80.899667263031,89.98933273553848
81.81235319375992,74.7056468129158
80.2610410451889,85.6459589600563
77.58072835206985,89.49327164888382
80.77041721343994,87.6735827922821
82.12710613012314,71.0018938779831
78.90979486703873,87.8122051358223
78.98948377370834,88.40051621198654
78.30917197465897,40.783828020095825
118.05485594272614,72.72414404153824
87.91053825616837,36.36746174097061
92.39722549915314,38.47377449274063
95.86391401290894,45.877085983753204
132.49860203266144,68.68639796972275
91.94729179143906,59.73770821094513
100.47097206115723,69.23202794790268
98.49464535713196,69.43135464191437
109.8693253993988,52.64867460727692
100.0970087647438,56.82899123430252
102.26769310235977,66.67630690336227
99.21737504005432,58.967624962329865
114.77806431055069,61.96293568611145
100.3377468585968,59.29125314950943
93.8984295129776,59.36057049036026
91.64411467313766,60.614885330200195
131.07379084825516,64.24020916223526
110.67145401239395,57.43954598903656
99.99113148450851,65.95286852121353
98.1068127155304,57.83718729019165
121.7415035367012,61.38749647140503
99.32118439674377,59.9578155875206
109.12186014652252,66.06313985586166
112.97853219509125,71.59546780586243
79.98303949832916,92.07296049594879
78.83873105049133,87.03126895427704
79.99142217636108,86.74757784605026
78.57111328840256,87.02188670635223
79.27980428934097,87.35019570589066
79.30349516868591,86.93750482797623
78.6781856417656,86.74781435728073
79.40487688779831,86.02112311124802
78.63156831264496,48.86843168735504
84.50724995136261,96.43775004148483
79.43793094158173,88.37706905603409
89.78030347824097,68.94169652462006
78.37799489498138,35.90000510215759
107.8683614730835,71.89063853025436
81.67004466056824,88.94195532798767
82.37873208522797,88.45426791906357
80.75342106819153,87.09857892990112
83.07310849428177,87.31589150428772
80.76279658079147,88.86620342731476
80.80448460578918,87.75051540136337
80.73517328500748,89.72682672739029
82.14786159992218,87.85213840007782
81.7825493812561,90.2174506187439
83.97223252058029,89.47276747226715
62.19891440868378,63.15208560228348
80.6712788939476,32.79172110557556
81.08296263217926,32.65703737735748
82.32964146137238,85.48535853624344
54.926324009895325,67.03667598962784
80.17200911045074,58.38399088382721
80.08369994163513,62.748300075531006
83.27339088916779,57.762609124183655
87.89008235931396,60.0729176402092
106.61777049303055,54.25322949886322
92.64045631885529,60.5445436835289
96.99614322185516,65.68785679340363
99.7798318862915,65.90516811609268
112.87651753425598,52.77148246765137
112.3261969089508,71.15580308437347
85.90487325191498,86.40912675857544
110.57554572820663,61.68245428800583
84.06223499774933,86.8627650141716
82.14191180467606,82.59908819198608
80.73859667778015,83.7054033279419
88.29927808046341,89.8127219080925
83.3779519200325,83.8260480761528
81.45663565397263,82.20936435461044
83.99831891059875,82.8536810874939
81.05900031328201,85.10799968242645
82.02668577432632,87.06631422042847
83.71637010574341,83.54262989759445
84.40705525875092,83.76094472408295
81.09573721885681,82.49626278877258
82.36042386293411,85.62157613039017
86.58710581064224,85.22789418697357
82.7957815527916,82.81521844863892
84.68946254253387,84.16153746843338
81.84214341640472,84.21285659074783
82.6258270740509,84.3751729130745
80.33251279592514,86.25948721170425
85.61619234085083,84.16180765628815
82.0648684501648,86.06513154506683
81.40355283021927,84.35544717311859
80.96423715353012,82.55576282739639
80.949922144413,82.550077855587
81.71360743045807,84.89739257097244
80.32929348945618,82.63370651006699
81.01898062229156,83.90601938962936
80.46866631507874,82.51333367824554
80.97335267066956,85.11864733695984
91.81203484535217,83.83696514368057
81.94570833444595,85.14629167318344
89.37739211320877,83.86360788345337
80.86307781934738,83.50792217254639
82.34976291656494,82.18823707103729
83.15044701099396,81.905552983284
84.0251287817955,83.90087121725082
83.17780667543411,84.69119334220886
82.73848932981491,82.00151067972183
81.92817264795303,82.42382735013962
80.69285815954208,82.41814184188843
81.10554379224777,87.02445620298386
82.18322896957397,81.92777103185654
80.8919130563736,82.25708693265915
80.74859917163849,82.58440083265305
80.64228594303131,87.61771404743195
85.42496716976166,85.35303282737732
81.81864392757416,83.34835606813431
84.02732533216476,82.67667466402054
85.12400978803635,84.96799021959305
83.40669333934784,83.29630666971207
84.226378262043,83.45862174034119
87.89805847406387,83.99094152450562
84.71772438287735,88.19027560949326
85.68540674448013,82.12959325313568
80.67108798027039,82.58791202306747
86.49077141284943,83.41622859239578
82.95845127105713,84.30054873228073
82.72213464975357,82.70386534929276
82.78281766176224,83.03218233585358
84.3435007929802,82.37949919700623
81.51418220996857,87.37481778860092
90.74184566736221,86.22115433216095
94.93149375915527,86.08750623464584
96.99115765094757,88.0818423628807
81.23782688379288,86.18817311525345
82.7415099143982,87.57249009609222
84.87619298696518,87.75380700826645
86.23286753892899,93.69313246011734
81.23754113912582,87.46545886993408
84.96522527933121,85.66477471590042
81.15490782260895,84.73409217596054
84.2885913848877,85.24740862846375
82.75727516412735,86.35372483730316
79.83595913648605,84.73904085159302
81.82164603471756,85.25235396623611
82.6593302488327,88.2476697564125
82.60901391506195,84.50198608636856
87.81769186258316,91.27530813217163
84.67436397075653,88.64063602685928
82.54904586076736,87.9129541516304
81.6277306675911,86.74226933717728
86.33641612529755,85.42258387804031
82.11909997463226,84.91790002584457
88.3647792339325,93.48722076416016
85.83144497871399,87.29655504226685
83.1331198811531,84.8658801317215
82.13879925012589,85.06620073318481
81.9204815030098,86.11651849746704
81.4251657128334,85.05583429336548
85.44885140657425,84.95914858579636
82.04553544521332,84.19446456432343
80.53322005271912,86.50477993488312
81.92590659856796,85.59209340810776
88.33758687973022,89.92041313648224
85.89825975894928,86.3797402381897
83.4399356842041,87.18906432390213
80.53761774301529,86.8503822684288
80.39430207014084,85.60569792985916
82.89898788928986,85.13801211118698
81.62567341327667,88.42932659387589
86.57535231113434,91.40664768218994
82.08002376556396,85.3829762339592
82.95470559597015,86.78529441356659
83.57038623094559,86.05961376428604
81.29706740379333,86.6279326081276
82.08075219392776,86.06824779510498
80.04743659496307,84.67356342077255
80.9231219291687,87.52087807655334
82.22480648756027,88.1461935043335
83.80349016189575,87.86350983381271
88.04816907644272,90.41483092308044
81.71984165906906,88.02015835046768
81.09551966190338,86.66448032855988
81.78520488739014,84.955795109272
81.64188885688782,86.15411114692688
83.77657270431519,86.57542729377747
83.83625149726868,91.237748503685
83.04492646455765,86.02907353639603
81.93860918283463,85.30139082670212
81.35129219293594,86.8897078037262
81.96597570180893,84.49602431058884
80.85966020822525,84.60333979129791
84.08734422922134,93.28365576267242
82.33202701807022,88.22297298908234
81.20771116018295,85.99528884887695
80.82439571619034,85.88060426712036
87.16207617521286,90.11592382192612
82.03675186634064,87.83324813842773
81.301438331604,87.16156166791916
85.36112183332443,85.74987816810608
80.25480622053146,84.37419378757477
81.35149133205414,88.22250866889954
90.26417171955109,91.06882828474045
85.30584347248077,84.45315653085709
83.81052178144455,87.00347822904587
82.44520312547684,90.90579688549042
82.67188560962677,85.01311439275742
81.39956921339035,86.21243077516556
79.42325270175934,84.67074728012085
81.4459382891655,86.88806170225143
80.72862368822098,87.23437631130219
81.49230927228928,84.74769073724747
86.18299013376236,89.92900985479355
85.20566433668137,90.94233566522598
82.2103425860405,88.36465740203857
84.38102573156357,89.82197427749634
83.2757077217102,85.05829226970673
81.9463900923729,88.0536099076271
86.34006905555725,91.86293095350266
85.80874335765839,87.98825663328171
83.31242722272873,86.44657278060913
82.42910921573639,87.81189078092575
84.13679003715515,89.4182099699974
84.93847161531448,87.19152837991714
80.36914998292923,86.13185000419617
81.83683401346207,87.31116598844528
80.73051857948303,84.99148142337799
82.38320434093475,87.33879566192627
87.55488455295563,93.92711544036865
81.46655136346817,88.81044864654541
83.45323622226715,86.91776376962662
80.90291875600815,84.59808123111725
81.66560512781143,84.53739488124847
78.19028848409653,84.29171150922775
82.32296681404114,87.78703314065933
82.19864070415497,85.6713593006134
85.5003250837326,87.92567491531372
84.17200499773026,90.27299499511719
79.95368599891663,85.36031401157379
83.19937086105347,90.80062913894653
80.77905505895615,85.12894493341446
81.46874022483826,87.12425976991653
80.76942449808121,84.82257550954819
82.29310917854309,85.35589081048965
87.20478981733322,91.1092101931572
81.19046252965927,86.66153746843338
81.56614488363266,85.37785512208939
81.44082802534103,85.94717198610306
81.65050917863846,85.27649080753326
81.56219184398651,89.08680814504623
87.12287157773972,88.48912841081619
82.77554434537888,86.83545565605164
81.41022288799286,85.92377710342407
85.09890586137772,86.36309415102005
83.82658803462982,85.32141196727753
88.14527004957199,87.2427299618721
80.68795067071915,84.553049325943
81.00763475894928,87.0663652420044
79.69731914997101,84.67268085479736
84.14700388908386,85.79799610376358
86.41067653894424,94.3303234577179
82.3783495426178,91.01065045595169
83.79003119468689,85.17296880483627
81.77671152353287,85.02028846740723
81.98439568281174,84.94160431623459
80.7860791683197,86.34392082691193
87.66175925731659,91.24624073505402
82.7394312620163,87.0565687417984
83.56011229753494,85.56988769769669
80.7687919139862,89.26820808649063
83.73647576570511,87.46852421760559
82.16615837812424,85.88884162902832
81.13384157419205,86.38415843248367
80.99152541160583,88.82447457313538
81.27420961856842,84.39379036426544
85.35189437866211,87.00010561943054
88.19056868553162,92.16143131256104
84.19524240493774,89.06375759840012
81.32892292737961,86.98507708311081
84.07460564374924,84.94339436292648
82.08028894662857,85.12471103668213
83.17697185277939,92.11902815103531
88.6266496181488,91.63235038518906
83.13031947612762,88.33168053627014
81.17299801111221,86.21600198745728
83.08568048477173,92.50831949710846
82.38636291027069,84.65063709020615
83.79804515838623,85.25695484876633
80.65472781658173,87.34527218341827
84.5484122633934,86.91458773612976
80.62709504365921,85.63190495967865
83.46477425098419,85.96022576093674
90.34045141935349,90.27054858207703
83.08512115478516,90.09887886047363
84.46080249547958,84.63119751214981
81.20648437738419,86.38551563024521
81.58116936683655,84.91883063316345
81.19785249233246,89.78414750099182
79.92453753948212,84.40846246480942
89.09521633386612,93.75578367710114
81.21188986301422,84.54811012744904
81.43857133388519,86.9494286775589
82.184255361557,85.90874463319778
80.31793862581253,85.25506138801575
83.2306227684021,85.71337723731995
84.10630571842194,89.11669427156448
80.38797986507416,84.90802013874054
81.07866317033768,86.9963368177414
87.60133582353592,94.6206641793251
89.01400262117386,90.67099738121033
82.90767163038254,86.53632837533951
84.91135138273239,87.55064862966537
81.01003289222717,84.89696711301804
82.25471603870392,88.98528397083282
81.79639887809753,88.7406011223793
105.04207390546799,91.67992609739304
83.3797355890274,88.5272644162178
85.31141287088394,90.76258713006973
82.76009267568588,85.29490733146667
83.61677598953247,88.77122402191162
79.95446038246155,85.56353962421417
81.36714398860931,88.81885600090027
82.26082891225815,87.33117109537125
81.46851128339767,88.8084887266159
83.88119494915009,87.63680505752563
89.367870926857,92.59512907266617
82.68754214048386,85.8684578537941
80.06222325563431,85.3447767496109
80.14090710878372,87.74709290266037
81.7205901145935,89.37240988016129
87.68727505207062,86.05272495746613
89.15594762563705,92.64105236530304
82.12361925840378,86.5623807311058
81.72030007839203,89.27969992160797
82.4289835691452,85.9780164361
80.54466795921326,85.60333204269409
80.16135257482529,87.04364740848541
80.81303769350052,88.92696231603622
80.42972242832184,85.82927757501602
84.04540771245956,89.67659229040146
82.49409192800522,87.63490808010101
90.40676945447922,91.00123053789139
82.31843745708466,88.97756254673004
83.41611915826797,90.7498808503151
81.05080217123032,85.1721978187561
81.83248698711395,91.16751301288605
81.31917077302933,86.14282923936844
89.28784757852554,89.78715240955353
84.38451534509659,91.11548465490341
81.0372000336647,88.12879997491837
82.93088412284851,85.45811587572098
79.65856498479843,85.0834349989891
79.10725063085556,86.50374937057495
81.35293686389923,90.59206312894821
81.28362196683884,85.14237803220749
83.26930743455887,87.04469257593155
82.62699127197266,87.20700871944427
90.79766845703125,93.01733154058456
82.06233650445938,84.9196634888649
82.82501745223999,88.4709825515747
80.95970213413239,85.3172978758812
82.5203845500946,87.5906154513359
82.74706846475601,85.23393154144287
88.10374408960342,88.78525590896606
81.18241345882416,86.59558653831482
81.31709742546082,87.81290256977081
81.80377840995789,86.10422158241272
79.8454624414444,86.06253755092621
81.09114843606949,84.94585156440735
83.0958326458931,88.701167345047
80.340516269207,86.30648374557495
79.53120243549347,84.17279756069183
80.53488725423813,86.0941127538681
92.058562874794,90.51543712615967
82.73022842407227,90.67777156829834
80.54991054534912,89.6720894575119
81.27659523487091,85.29740476608276
83.20728003978729,86.64371997117996
79.97196286916733,87.73203712701797
91.9756407737732,87.87535923719406
80.14730930328369,86.09269070625305
80.31899291276932,88.45900708436966
81.58267760276794,85.71332240104675
81.19936221837997,86.078637778759
81.57404786348343,85.20395213365555
83.06073212623596,90.56926786899567
82.08441704511642,88.37958294153214
83.38410300016403,87.89289700984955
86.05578798055649,86.99921202659607
94.4134606719017,92.34653931856155
82.54713147878647,86.84186851978302
84.92181557416916,89.05918443202972
88.44550210237503,93.40649789571762
83.46818697452545,88.1788130402565
87.38087302446365,88.13712698221207
96.08954799175262,90.98445200920105
87.96421426534653,88.6647857427597
84.41389429569244,93.3271057009697
82.84457844495773,87.02642154693604
109.84825652837753,58.37274348735809
89.72394609451294,92.44205391407013
80.17362356185913,86.7523764371872
85.45630931854248,88.65469068288803
80.33099335432053,85.26200664043427
86.05767768621445,88.57132232189178
89.45235228538513,91.54864770174026
81.82602483034134,87.69197517633438
83.05370825529099,86.50229173898697
81.57739448547363,88.29260551929474
82.35907912254333,88.34392088651657
83.82776439189911,87.30223560333252
90.12844163179398,97.46355837583542
94.09610480070114,89.31089520454407
84.00777316093445,93.19522684812546
82.03145802021027,90.3385419845581
84.55514067411423,87.12985932826996
80.61482572555542,86.05117428302765
84.4165090918541,87.8794909119606
82.1801928281784,86.54180717468262
84.40687894821167,86.88912105560303
83.54156339168549,86.62543660402298
92.62024247646332,94.21275752782822
82.34790885448456,87.22709113359451
82.20358991622925,89.20341008901596
80.96827524900436,88.9957247376442
84.26896131038666,92.73003870248795
85.47764748334885,88.18835252523422
81.92633330821991,87.46266669034958
95.35701060295105,93.88398939371109
89.8986748456955,92.08232516050339
81.79335474967957,87.670645236969
83.63104009628296,88.23895990848541
81.6357262134552,88.47527378797531
87.08541250228882,91.9335874915123
86.34809702634811,88.42790299654007
81.4457820057869,86.9422180056572
90.06146764755249,92.30853235721588
154.02913683652878,54.50686317682266
76.33059924840927,65.00240075588226
87.26128476858139,63.79371523857117
84.30297154188156,63.62202847003937
96.58565676212311,52.76634323596954
85.90534406900406,61.909655928611755
89.83603292703629,62.033967077732086
95.80370742082596,69.06729257106781
93.62237375974655,52.414626240730286
81.10905814170837,64.37194186449051
86.373748421669,61.70025157928467
97.8774396777153,62.307560324668884
114.75413030385971,54.19086968898773
98.48081690073013,67.70518308877945
100.07750463485718,63.4964953660965
111.93419468402863,70.25080531835556
93.45769840478897,95.07930159568787
97.721331179142,63.92666882276535
90.6150067448616,60.73599326610565
85.56368631124496,66.6023136973381
99.45837223529816,51.134627759456635
85.42506021261215,61.518939793109894
89.91174632310867,59.42125368118286
86.65742886066437,65.84257113933563
96.60710805654526,53.17089194059372
81.61179566383362,62.6112043261528
82.19048148393631,61.9205185174942
83.54717206954956,63.508827924728394
96.16285747289658,52.98514252901077
86.05654907226562,62.59245091676712
89.57924044132233,61.901759564876556
87.97392225265503,60.657077729701996
87.27459341287613,46.78040659427643
84.81623530387878,88.35076469182968
85.63490790128708,88.1420921087265
80.49258631467819,87.97041368484497
79.49726814031601,89.39273184537888
80.85395228862762,87.03504770994186
79.61763566732407,86.40036433935165
86.38231378793716,89.63668620586395
80.86798411607742,88.91001588106155
80.77966403961182,88.22033596038818
79.19234573841095,83.51165425777435
83.36401772499084,86.3769822716713
79.6456892490387,88.63231074810028
78.92837619781494,86.42362380027771
78.67406386137009,86.19693613052368
81.99374586343765,88.58025413751602
83.2764258980751,92.24257409572601
83.65110659599304,92.10789340734482
83.9897849559784,89.58421504497528
80.14246022701263,88.1905397772789
78.53614377975464,88.9088562130928
79.44782888889313,87.21817111968994
77.4705138206482,83.17648619413376
80.68019956350327,86.70980042219162
63.22188049554825,57.27811950445175
74.98162513971329,55.463374853134155
72.02331340312958,59.86568659543991
73.56500172615051,60.37899827957153
75.93968963623047,60.59631037712097
99.64937543869019,55.7396245598793
92.8570562005043,68.32794380187988
95.02773630619049,60.99026370048523
92.47742253541946,60.299577474594116
106.52010703086853,52.75789296627045
96.5247939825058,67.93920600414276
97.89948177337646,63.04451823234558
90.14415889978409,94.59584110975266
81.09481996297836,90.61018002033234
82.78350108861923,85.7534989118576
78.7141826748848,86.69281733036041
78.34987038373947,88.05812960863113
77.8915582895279,87.42344170808792
79.98824518918991,87.54875481128693
79.28892940282822,86.06307059526443
78.29461419582367,87.39138579368591
80.57630056142807,88.62669944763184
80.09998112916946,91.3630188703537
78.82666450738907,85.28333550691605
81.9433513879776,85.07564860582352
84.54003942012787,88.49696058034897
82.67472469806671,86.52927529811859
78.73441284894943,86.56158715486526
80.05509960651398,37.722900390625
69.02178144454956,51.46021854877472
57.95346421003342,61.43653577566147
60.47615045309067,58.820849537849426
57.29583591222763,62.278164088726044
70.17151725292206,50.5884827375412
60.99020582437515,59.898794174194336
65.53189325332642,61.00510674715042
71.53658056259155,60.88941943645477
85.2082651257515,52.216734886169434
79.12094575166702,65.43505424261093
78.69962829351425,60.78237169981003
80.31531631946564,61.81468367576599
97.13500428199768,50.197995722293854
87.99169194698334,60.17530804872513
88.95937967300415,61.63362032175064
101.24206745624542,63.07393252849579
114.20974922180176,68.30925077199936
102.60242891311646,68.30357110500336
101.18111526966095,65.79988473653793
108.8718027472496,57.57319724559784
79.96949189901352,95.56750810146332
80.19617962837219,86.37882035970688
81.84886693954468,87.52213305234909
82.29754996299744,90.59045004844666
80.21023523807526,93.71576476097107
83.4379191994667,95.43208080530167
85.34959918260574,89.26140081882477
81.28028583526611,87.70071417093277
83.35896795988083,102.82603204250336
81.62365019321442,94.76534980535507
79.10934084653854,86.35265916585922
81.4290302991867,90.1819697022438
81.98971253633499,102.6032874584198
80.1053968667984,86.54360312223434
78.59108072519302,86.46391928195953
76.65177047252655,83.4962295293808
81.54546135663986,85.45453864336014
76.75414544343948,83.33885455131531
81.01783609390259,84.44516390562057
78.63351505994797,83.4404849410057
78.10220330953598,92.32479667663574
81.92189079523087,94.91210919618607
77.62956899404526,86.70343101024628
83.09625965356827,85.8657403588295
77.04594284296036,100.75005716085434
77.34763479232788,83.31936520338058
80.44532364606857,92.77767634391785
76.78300791978836,83.7729920744896
78.8246950507164,95.50930494070053
76.84737575054169,82.81862425804138
77.53806591033936,84.46293407678604
80.9497561454773,83.66124385595322
77.7144387960434,85.50756120681763
81.44112974405289,84.55887025594711
77.04350090026855,90.7164990901947
79.69619220495224,85.06280779838562
78.71887266635895,95.76212733983994
80.77955889701843,84.73844110965729
77.02524268627167,87.9377573132515
80.78893423080444,88.9520657658577
81.01562440395355,88.20637559890747
77.33530861139297,86.88669139146805
80.78399848937988,84.1410014629364
80.32668191194534,94.19231808185577
77.49836522340775,87.79763478040695
80.00305545330048,85.99694454669952
77.89573740959167,90.1772626042366
77.30942815542221,91.54257184267044
76.48011940717697,82.90888059139252
77.74381166696548,83.25618833303452
81.3785007596016,101.86149924993515
77.8091841340065,85.52481585741043
84.62887382507324,95.6111261844635
79.17055010795593,93.32944989204407
76.95323586463928,84.49176412820816
81.08792018890381,91.30207979679108
77.79660564661026,83.51839435100555
80.76329606771469,83.56970393657684
77.11998128890991,82.73201870918274
78.68066966533661,93.44933032989502
79.90835523605347,82.9626447558403
77.59803915023804,85.60596084594727
81.58372956514359,83.0092704296112
77.79241347312927,85.24458652734756
76.42610454559326,84.16589546203613
79.83879375457764,85.01320624351501
81.76947778463364,83.87852221727371
80.10716634988785,90.76283365488052
77.09385144710541,83.49814856052399
78.13553941249847,90.40146058797836
80.41822546720505,86.98877453804016
76.55290895700455,85.42909103631973
80.5756003856659,85.47939962148666
80.52528494596481,83.67871505022049
77.27097088098526,83.61802911758423
79.81165909767151,94.07634091377258
79.8353436589241,89.34965634346008
81.24803358316422,89.49296641349792
75.82671672105789,87.65528327226639
75.97940784692764,90.15059214830399
80.18809854984283,87.20090144872665
77.00778436660767,87.43621563911438
80.12347412109375,90.04252588748932
81.64715337753296,88.42684662342072
76.9848382472992,85.6081617474556
80.95252114534378,90.60347884893417
81.01220232248306,86.80179768800735
77.72188776731491,88.70411223173141
77.37357521057129,87.21742480993271
77.3052629828453,87.39873701334
78.23595070838928,86.20904928445816
86.75863337516785,95.83336663246155
79.48631054162979,88.29168945550919
78.06499218940735,86.25000780820847
77.16167902946472,87.89332097768784
78.05536532402039,89.40763467550278
77.56105279922485,88.0869472026825
80.26874071359634,87.7682592868805
77.2364291548729,86.2635708451271
78.51911634206772,88.38888365030289
77.0058046579361,87.01219534873962
80.82448500394821,88.47151499986649
77.42216461896896,89.31883537769318
80.55685013532639,90.3311498761177
77.1355373263359,87.10546267032623
76.71522575616837,87.04477423429489
77.38591378927231,87.33608621358871
77.09360212087631,89.70239788293839
81.08028304576874,88.86371695995331
77.64096242189407,87.1370375752449
78.81264901161194,86.46535098552704
78.35433655977249,90.25766342878342
77.72902417182922,86.95597583055496
79.51171326637268,86.95028674602509
77.33139967918396,87.50160032510757
76.65108752250671,88.70091247558594
78.61877584457397,87.88122415542603
79.382459461689,89.24754053354263
77.73914045095444,86.92685955762863
77.92982548475266,90.29317450523376
80.08151286840439,87.12148714065552
77.56819981336594,87.78380018472672
76.49888801574707,86.98311197757721
77.31957668066025,88.40342330932617
79.76826030015945,86.13973969221115
77.38394224643707,85.00505775213242
78.18462938070297,85.27837061882019
78.24531090259552,87.86668908596039
78.02699863910675,85.39800137281418
77.60668575763702,85.06031423807144
77.90737372636795,85.50062626600266
76.94906049966812,87.38393950462341
77.69574880599976,83.80525118112564
79.88443177938461,87.68956822156906
78.094113945961,84.27688604593277
76.91280037164688,88.25419962406158
77.21448838710785,84.80451160669327
79.57017582654953,84.33682417869568
76.63086402416229,84.99913597106934
79.15455228090286,88.99444770812988
86.45523554086685,85.98976445198059
76.86791652441025,84.83608347177505
76.44660520553589,84.51739478111267
77.1732936501503,86.77070635557175
77.45498186349869,84.50701814889908
78.23766785860062,85.50233215093613
77.72435426712036,35.460645735263824
73.22904193401337,51.78995805978775
63.62273025512695,61.11826974153519
74.59041076898575,62.001589238643646
76.15109318494797,61.40490680932999
96.32278007268906,52.011219918727875
84.10446661710739,60.00653338432312
85.7951529622078,61.61284703016281
88.18884092569351,74.94115906953812
102.63752728700638,43.936472713947296
104.27220636606216,75.96879363059998
106.48088550567627,60.31511449813843
78.59657526016235,90.23742473125458
82.56426495313644,97.93673503398895
82.2539536356926,92.69004637002945
83.90764212608337,89.00035786628723
81.11532992124557,91.47767007350922
81.67601317167282,96.49098682403564
83.84770101308823,90.22629898786545
84.49938297271729,92.49961704015732
79.33806264400482,89.45793735980988
82.56474906206131,94.56425094604492
83.06943786144257,88.83756214380264
81.20412427186966,90.03687572479248
82.72780948877335,93.5131905078888
79.47249817848206,94.00850182771683
84.66318213939667,91.87481784820557
79.8538624048233,90.57313758134842
78.653549015522,89.99445098638535
80.25123727321625,96.00776273012161
80.60792535543442,91.1140746474266
78.74261426925659,87.42438572645187
82.82130229473114,87.54969769716263
77.71499061584473,95.2110093832016
78.03367936611176,88.16932064294815
85.98335909843445,90.4606409072876
77.3030377626419,87.67796224355698
79.08572524785995,90.2662747502327
79.62741333246231,89.24258667230606
78.83510208129883,88.45989793539047
79.98878902196884,86.9552109837532
78.32647752761841,90.39452248811722
81.85016059875488,90.11183941364288
79.85584181547165,90.36715817451477
76.35952907800674,85.41847091913223
79.56821769475937,87.22778230905533
79.66590601205826,85.64909398555756
79.22559487819672,88.31140512228012
79.52628302574158,85.3427169919014
82.66097122430801,87.54202878475189
79.66565948724747,85.77834051847458
82.09634625911713,87.5326537489891
80.36102658510208,37.3249734044075
70.51370143890381,57.11629855632782
70.83339011669159,58.0556098818779
63.9860782623291,65.64292174577713
93.07507008314133,99.850929915905
90.15372747182846,103.05027252435684
82.34341192245483,93.30558806657791
92.18109780550003,98.28190219402313
93.77778542041779,95.4432145357132
88.78347390890121,91.79052609205246
87.49216055870056,94.61983942985535
79.92284828424454,93.17015171051025
87.51953667402267,93.44346332550049
91.45122265815735,99.80777734518051
101.02889943122864,108.47010058164597
88.99756360054016,98.85443639755249
87.3722494840622,94.40475052595139
82.54393607378006,91.73406392335892
87.47462648153305,95.76637351512909
85.70131325721741,95.4096867442131
98.18798369169235,104.97901630401611
93.98864287137985,108.34435713291168
83.7713133096695,90.89468669891357
91.36799770593643,97.50200229883194
93.92868137359619,95.07031863927841
89.06336724758148,90.95563274621964
88.19805043935776,95.82094955444336
87.92942070960999,94.71857929229736
104.54509568214417,105.13990432024002
103.03075242042542,107.39424759149551
87.07241004705429,96.05658996105194
87.13309621810913,93.88490378856659
96.00878089666367,95.89821910858154
86.69846659898758,93.94953340291977
84.74015295505524,90.92584705352783
88.57783967256546,93.4771603345871
98.17551970481873,104.76848030090332
80.84717780351639,94.20882219076157
88.03686207532883,103.74013793468475
96.72754848003387,95.01345151662827
89.60223525762558,92.50876474380493
89.69891941547394,94.6330806016922
97.37160384654999,100.9253961443901
87.24628764390945,95.38371235132217
88.02897417545319,94.60102581977844
101.62665671110153,97.59634327888489
92.6863145828247,100.20168542861938
87.67299747467041,95.29100251197815
87.19568276405334,89.93431723117828
94.86736959218979,103.35463041067123
84.48305624723434,92.44294375181198
90.41374385356903,98.90125614404678
104.32642376422882,104.80357623100281
85.25708264112473,94.11291736364365
93.07576781511307,99.8862321972847
93.91445273160934,97.84454727172852
90.21982276439667,96.40917724370956
94.81750428676605,100.97849571704865
90.50819051265717,95.62280946969986
90.21587824821472,98.52412176132202
101.55455839633942,105.57644158601761
89.02220886945724,99.66379112005234
85.93389558792114,96.91710442304611
83.93858247995377,89.93241751194
87.57327002286911,106.55672997236252
82.16995561122894,91.92204439640045
87.28564435243607,95.45435565710068
95.55032485723495,107.63567513227463
85.03698658943176,95.01901340484619
92.52267158031464,97.55132842063904
93.95435416698456,93.60264581441879
96.4210399389267,94.70796006917953
89.49972575902939,93.44427424669266
94.52341103553772,95.16258895397186
89.0650964975357,93.69390350580215
87.69978165626526,92.52221834659576
102.33346235752106,102.18453764915466
89.70811516046524,95.77288484573364
87.39879924058914,95.45320075750351
87.14448165893555,90.2995183467865
85.83416712284088,92.49883288145065
83.72785198688507,90.97514802217484
86.84453815221786,91.84146183729172
96.82921862602234,103.6147813796997
80.59387683868408,91.25812315940857
91.26556032896042,97.80843967199326
94.93724542856216,95.98875457048416
89.051931142807,88.03906887769699
87.96461588144302,95.83138412237167
92.5813017487526,97.82569825649261
88.25198870897293,95.24801129102707
91.312673330307,94.94632667303085
99.68835419416428,104.53464579582214
87.58100634813309,100.28899365663528
88.32669150829315,92.41430848836899
85.0173744559288,88.87162554264069
88.00306057929993,93.81093943119049
83.28574669361115,89.97325330972672
88.56743264198303,93.93256735801697
98.40611040592194,106.09388959407806
83.78077244758606,89.4782275557518
93.80545628070831,94.82554370164871
99.40214049816132,92.67185950279236
88.3138222694397,91.14917773008347
88.92950719594955,94.29249280691147
97.26819199323654,97.73180800676346
89.01387941837311,92.41212058067322
89.55456674098969,94.1294332742691
100.33824545145035,100.84675455093384
91.1758942604065,96.36110574007034
86.7925775051117,93.74442249536514
90.46326053142548,95.83373945951462
90.68994349241257,92.55105650424957
83.65762811899185,90.63837188482285
90.18131321668625,92.00368678569794
97.31599122285843,98.62900876998901
82.83865332603455,89.56834667921066
92.51033705472946,94.78566294908524
95.14501881599426,93.57698118686676
88.53770130872726,88.55429869890213
90.0983864068985,96.03061360120773
94.95507055521011,98.4519294500351
88.10775738954544,91.85424262285233
89.18744230270386,91.73955768346786
101.9511199593544,98.5488800406456
85.89977091550827,104.15522909164429
84.44145399332047,89.725546002388
83.63113707304001,88.96086293458939
84.19182080030441,89.88117921352386
90.19650512933731,93.93249487876892
84.27618944644928,87.22481054067612
108.42886638641357,111.03513360023499
86.41551864147186,92.60348135232925
85.9751985669136,98.71080142259598
88.70288175344467,88.52011823654175
86.72556883096695,90.51543116569519
83.11825281381607,88.36274719238281
92.030936896801,102.17306309938431
85.86962115764618,89.38937884569168
82.61530500650406,89.38569498062134
90.89698421955109,92.21401578187943
100.82764971256256,105.70935028791428
88.25830274820328,91.37069725990295
83.4299835562706,91.03301644325256
84.84267044067383,90.25032955408096
84.66135549545288,93.87564450502396
81.94404149055481,91.370958507061
95.28272014856339,98.36527985334396
90.6573714017868,92.15762859582901
92.6440441608429,97.91195583343506
92.5737235546112,91.44427645206451
95.59740972518921,102.62459027767181
84.06509238481522,91.30490761995316
92.64477854967117,96.31822144985199
85.68646550178528,96.81453448534012
83.89415162801743,88.43884837627411
84.65883868932724,89.0821613073349
102.49651777744293,108.46648222208023
88.61315804719925,90.48084193468094
85.59883892536163,90.95716106891632
84.25152140855789,89.52547860145569
85.31220680475235,94.42879319190979
84.50188833475113,88.99811166524887
85.00657343864441,89.9014265537262
99.38125169277191,102.65574830770493
89.18289774656296,95.83610224723816
91.78057515621185,89.53442484140396
88.76625889539719,88.17874109745026
81.60394287109375,87.76505714654922
92.55362737178802,100.7803726196289
90.05831235647202,99.40468764305115
88.87799614667892,96.38100385665894
83.6236829161644,87.22831708192825
100.14736098051071,113.7606390118599
86.1330132484436,89.05198675394058
85.08269423246384,91.58430576324463
86.14237695932388,90.1356230378151
89.59105706214905,96.68594294786453
81.87474083900452,91.29325914382935
83.54542654752731,89.21357345581055
93.23610246181488,107.30089753866196
88.53675884008408,96.92624115943909
90.83844119310379,99.12555879354477
87.63912707567215,91.78787291049957
82.10681056976318,91.1711894273758
90.01849800348282,109.83250200748444
86.28318583965302,94.05081415176392
87.15687209367752,93.19412791728973
82.75455701351166,91.31844300031662
98.13023728132248,101.49876272678375
84.50589287281036,93.47610712051392
85.99157756567001,99.87942242622375
82.64426511526108,89.8367348909378
82.3529531955719,93.29504680633545
80.82064092159271,88.53135907649994
78.7333282828331,89.08167171478271
90.60800814628601,99.13299185037613
88.16866916418076,95.92433083057404
90.04335242509842,92.04864758253098
86.77103984355927,92.3959601521492
83.4047235250473,90.65027648210526
89.52041149139404,101.66458851099014
82.85909980535507,93.14090019464493
82.41978740692139,90.48821258544922
81.75747257471085,90.31652742624283
100.39114981889725,108.97885018587112
91.26679712533951,91.41920286417007
82.25247013568878,90.28452986478806
90.10915446281433,94.9278455376625
80.44783914089203,97.96016085147858
82.24852681159973,91.04847317934036
87.32821202278137,101.06178796291351
97.42489010095596,104.27810990810394
89.81854593753815,95.49645406007767
92.62023037672043,92.47276961803436
85.77191764116287,92.96908235549927
80.72060626745224,92.35239368677139
94.282295525074,99.86670446395874
85.15698438882828,93.58301562070847
82.77267104387283,90.15332895517349
81.64835923910141,90.33364075422287
97.39404183626175,103.80995815992355
80.34269803762436,94.28730195760727
83.01438468694687,91.39361530542374
83.24106961488724,90.44393038749695
90.70875710248947,94.42024290561676
85.10244119167328,92.63755881786346
83.3301253914833,96.26387459039688
96.42679816484451,100.92520183324814
130.9684470295906,57.17955297231674
80.26892811059952,89.48907190561295
83.5516003370285,92.59639966487885
83.8902816772461,90.73971831798553
83.74696481227875,93.67903518676758
82.23265016078949,92.4523498415947
80.27533739805222,90.22466260194778
79.18702399730682,90.10997599363327
90.15470367670059,99.42029631137848
85.27137047052383,98.54462951421738
80.36804938316345,88.53895062208176
84.18773502111435,92.03426498174667
82.48841977119446,91.49258023500443
105.25209480524063,66.65490520000458
78.83159285783768,91.76140713691711
97.81727695465088,97.99772304296494
82.91393119096756,94.52906882762909
102.06760913133621,68.52539086341858
78.61397206783295,87.01602792739868
77.28565698862076,89.88134300708771
78.25334423780441,87.96865576505661
77.22103118896484,88.9269688129425
77.11471909284592,94.66328090429306
79.97138381004333,92.97261619567871
79.8830634355545,89.06093657016754
77.79474836587906,89.4642516374588
77.7444349527359,89.21856504678726
79.17511296272278,91.36188703775406
77.42079859972,90.93120139837265
77.29648470878601,91.92651528120041
81.91215270757675,92.29184728860855
78.10182428359985,90.19417572021484
78.21750956773758,89.65249043703079
77.98119378089905,88.8698062300682
79.72687870264053,88.99512130022049
78.17655736207962,91.89744263887405
78.70024424791336,88.94875574111938
74.20393270254135,87.96206730604172
77.52461558580399,89.92038440704346
78.1772813796997,94.13771861791611
81.03396034240723,97.76303964853287
82.01963979005814,92.8133602142334
80.26532649993896,90.6976734995842
81.23301094770432,92.35898905992508
81.81269615888596,90.83630383014679
80.68638056516647,88.57161945104599
88.8210431933403,101.2709568142891
85.71470028162003,95.80429971218109
80.27537006139755,93.42862993478775
81.13205587863922,99.51594412326813
77.3957427740097,88.78925722837448
77.548430621624,91.8405693769455
81.44311845302582,89.85388153791428
77.83680421113968,87.73819577693939
76.8034895658493,89.78951042890549
78.47516918182373,91.09883081912994
81.72083497047424,95.13216507434845
78.37350660562515,88.73849338293076
81.0081924200058,88.26980757713318
77.97587662935257,90.26512336730957
77.1665563583374,89.29744362831116
79.22523427009583,91.57076573371887
76.93391561508179,88.76908439397812
97.42059886455536,104.3384011387825
80.64725548028946,90.3157445192337
80.83693516254425,91.75506484508514
80.87962222099304,93.60237777233124
79.21730107069016,93.00569891929626
81.64798820018768,92.11101180315018
76.33767634630203,88.9953236579895
79.12135899066925,91.87964099645615
82.21804165840149,93.26395833492279
82.1487123966217,98.66628760099411
80.72738736867905,94.17961263656616
81.5090702176094,91.26792979240417
81.40375357866287,93.55924642086029
79.68643772602081,89.77656227350235
79.57912141084671,89.40187859535217
80.52879804372787,91.52620196342468
85.33046644926071,104.13353353738785
80.59414380788803,95.88785618543625
81.80182880163193,97.21617120504379
80.1225124001503,99.4344876408577
78.94119840860367,94.57780158519745
80.09488677978516,93.03511321544647
81.08057355880737,94.30842643976212
100.34425354003906,69.00674647092819
107.31193727254868,57.89106273651123
96.31661319732666,69.5343868136406
86.8962898850441,64.82571011781693
83.86397534608841,63.89502465724945
92.25765985250473,54.94634014368057
80.74434512853622,63.737654864788055
76.34102982282639,68.30697017908096
69.67871367931366,65.00628632307053
74.7203796505928,61.81662034988403
85.5400459766388,90.88595402240753
78.76771801710129,93.21428197622299
78.58740395307541,91.24659603834152
79.777090549469,90.90890944004059
78.20777636766434,89.66322362422943
77.56446361541748,90.88053637742996
80.7721517086029,89.57984828948975
82.11083710193634,92.76016288995743
79.7265048623085,93.71749514341354
77.50918716192245,89.91681283712387
76.9028725028038,90.8931275010109
78.5925435423851,87.35145646333694
75.8752309679985,88.3277690410614
77.3059144616127,88.82408553361893
77.5706040263176,90.50339597463608
107.40728908777237,94.61071091890335
81.43093603849411,88.99506396055222
81.71362018585205,91.39737981557846
79.55229812860489,89.8367018699646
80.09396409988403,92.9440358877182
78.28364819288254,87.66035181283951
78.21433681249619,88.74866318702698
80.83001804351807,89.87298196554184
79.40870010852814,87.86829990148544
82.80238258838654,90.14161741733551
79.2700577378273,89.11794227361679
81.92274087667465,89.00225913524628
79.46542340517044,90.2755765914917
79.71110790967941,88.95689207315445
95.17879235744476,67.97020763158798
94.94247806072235,65.29852193593979
99.59614324569702,58.97885674238205
86.39582449197769,65.84517550468445
86.78950828313828,67.0804917216301
87.72019040584564,66.77880960702896
104.44787484407425,56.03412514925003
91.65655934810638,64.99144065380096
88.47524392604828,65.09775608778
87.35092544555664,66.57507455348969
100.89261251688004,55.25538748502731
99.00829374790192,71.78870624303818
97.06796568632126,67.6900343298912
96.40664827823639,67.88935172557831
123.11533391475677,47.06966608762741
94.6020148396492,68.95398515462875
100.75470268726349,66.31929731369019
98.75938332080841,65.51861667633057
117.85606414079666,63.12493586540222
94.3427363038063,69.87926369905472
90.42241406440735,65.76358592510223
93.20410400629044,66.66589599847794
107.13478720188141,54.14321279525757
88.49146950244904,62.39753049612045
93.12615805864334,68.05884194374084
103.40784639120102,70.14715361595154
107.87652975320816,58.679470241069794
102.67621099948883,73.56378901004791
100.10788196325302,75.15211802721024
95.85356080532074,70.1834391951561
105.8582438826561,58.493756115436554
108.89993226528168,47.28506773710251
92.97861981391907,64.78138017654419
93.74230605363846,65.92369395494461
99.69197118282318,58.21502882242203
83.73364788293839,66.61835211515427
82.18232905864716,65.90967094898224
82.03901374340057,65.77498626708984
101.15570205450058,56.41929793357849
84.19738733768463,64.59961265325546
84.7020732164383,68.52092677354813
82.41075164079666,66.2562483549118
89.41443556547165,54.75156444311142
86.53111696243286,69.37688302993774
85.6657942533493,64.39020574092865
84.76247429847717,67.16252571344376
100.47116005420685,46.19583994150162
84.84584391117096,66.48715609312057
88.6295273900032,65.74147260189056
84.0042125582695,64.88578742742538
95.10087549686432,58.4181244969368
87.60655027627945,73.46844971179962
82.61122977733612,65.72177022695541
83.3749133348465,65.64408665895462
93.10159730911255,50.2504026889801
75.62528306245804,61.67071694135666
75.92597180604935,61.426028192043304
79.6346584558487,61.013341546058655
92.76934611797333,50.452653884887695
67.3110141158104,64.81898587942123
60.16768765449524,61.85031235218048
81.98636490106583,84.27263510227203
82.06603747606277,85.26696252822876
79.5517247915268,84.89227521419525
77.90841275453568,84.2575872540474
77.469098508358,83.54990148544312
77.34377932548523,85.10022068023682
78.0154482126236,86.96555179357529
80.35412430763245,86.60887569189072
78.22880101203918,87.88319897651672
77.88248026371002,90.748519718647
76.72016328573227,84.8548367023468
77.98385226726532,88.05314773321152
79.04454004764557,87.71445995569229
77.53022521734238,93.02477478981018
78.07191079854965,89.53908920288086
81.31756955385208,94.03443044424057
78.34124076366425,89.54775923490524
78.84492492675781,89.59907507896423
77.90561205148697,86.31638795137405
77.89130049943924,85.88569951057434
77.37798863649368,85.54801136255264
76.7716714143753,87.7283285856247
79.1663516163826,88.8346483707428
78.85503375530243,86.90396624803543
80.73071873188019,87.80628126859665
76.51240569353104,88.20859432220459
83.64709413051605,88.62990587949753
77.59677386283875,85.44022613763809
77.91646236181259,85.91653764247894
77.9401506781578,89.93084931373596
78.33283978700638,85.62916022539139
81.0045115351677,98.55048847198486
76.43619126081467,88.50880873203278
76.36586701869965,91.65313297510147
77.00055664777756,85.2594433426857
77.30124604701996,84.73575395345688
77.60293424129486,84.74906575679779
76.21862375736237,86.63337624073029
79.1313082575798,85.14769172668457
76.41299146413803,84.19800853729248
76.76968032121658,85.26731967926025
81.16336917877197,88.05863082408905
76.66805613040924,83.72094386816025
76.6547446846962,84.75225532054901
77.45543324947357,85.30356675386429
78.4231213927269,85.35387861728668
76.96480864286423,83.62719136476517
78.82148885726929,85.17751115560532
82.78917163610458,83.82182836532593
81.20085579156876,85.27914422750473
80.87254405021667,85.66345596313477
79.43323194980621,84.52976804971695
82.47491693496704,85.17308306694031
81.35060513019562,85.7603948712349
91.16928988695145,87.21971011161804
83.93396008014679,83.91803991794586
81.41964709758759,83.67235291004181
80.09133666753769,85.48266333341599
80.48502290248871,84.8299770951271
76.60171288251877,83.12128710746765
77.27240282297134,84.61659717559814
76.92509204149246,85.50090795755386
77.96678030490875,84.31021970510483
84.69345736503601,84.97254264354706
81.97613245248795,85.28286755084991
85.55481994152069,86.92618006467819
65.41250252723694,63.791497468948364
68.34319126605988,65.95280873775482
71.79188054800034,67.93111944198608
94.79656863212585,55.2594313621521
81.26424390077591,67.36575609445572
70.93591248989105,63.23108750581741
67.73659372329712,62.96640628576279
77.92627590894699,55.942724108695984
61.54296034574509,62.3460396528244
68.19564509391785,60.267354905605316
60.53332930803299,63.1506707072258
68.74201369285583,55.757986307144165
57.59969985485077,64.42030012607574
58.86237990856171,65.61962014436722
55.99705421924591,64.00194579362869
67.05773615837097,57.92426383495331
55.802419781684875,63.99358022212982
64.71510565280914,62.48789435625076
61.349789798259735,62.83621019124985
82.31747555732727,44.274524450302124
58.10015505552292,67.39984494447708
52.71582704782486,62.840172946453094
80.22050660848618,36.613493382930756
79.00318825244904,33.70081174373627
78.0818720459938,84.77012795209885
78.12355703115463,85.2094429731369
79.99924182891846,84.22275817394257
77.96592706441879,88.18207293748856
78.80461221933365,84.06638777256012
88.532290995121,96.44970899820328
84.35096633434296,85.44503366947174
79.61464911699295,88.4403508901596
79.52733367681503,84.49166631698608
78.45801973342896,83.61598026752472
76.99970495700836,84.09329503774643
76.48638993501663,86.38461005687714
86.12007069587708,92.41692930459976
82.14374244213104,85.48525756597519
78.66642129421234,88.94457870721817
81.39410418272018,89.97589582204819
78.95478850603104,90.71221148967743
83.07047462463379,89.50452536344528
80.33415842056274,87.18484157323837
80.06084269285202,93.12415730953217
82.2885280251503,86.43347197771072
85.47820430994034,92.9667956829071
83.35287445783615,89.33212554454803
81.11655563116074,89.64244437217712
81.34423893690109,90.11876106262207
80.01592195034027,93.24307805299759
81.15060526132584,90.6833947300911
82.00628930330276,95.82671070098877
84.0479685664177,91.72903144359589
82.90464270114899,94.42835730314255
81.89131784439087,90.62668216228485
82.13599920272827,95.60400080680847
79.17868161201477,89.11831837892532
80.1273683309555,88.44563168287277
80.04005253314972,89.16394746303558
79.58173656463623,94.53026342391968
83.1414225101471,88.30257749557495
81.55410069227219,91.4268993139267
80.57777088880539,90.58922910690308
82.97145664691925,92.06554335355759
81.93814098834991,91.39485901594162
80.55482321977615,89.14917677640915
81.98550641536713,91.27349358797073
80.84219008684158,96.12080991268158
82.10587483644485,90.06112515926361
88.3145512342453,101.66744875907898
84.54122418165207,90.9217758178711
80.80490535497665,94.58309465646744
82.14358985424042,88.93041014671326
80.53727519512177,90.70372480154037
80.39395940303802,90.19904059171677
80.93564009666443,93.97135990858078
81.90332400798798,90.02267599105835
131.7780030965805,83.98099690675735
78.06046146154404,87.9765385389328
78.65814542770386,87.8058545589447
78.10683274269104,86.31916725635529
78.94451743364334,89.92448258399963
77.08020287752151,89.12379711866379
76.88088977336884,90.97111022472382
75.42257767915726,89.15142232179642
83.6492572426796,91.92474275827408
76.89493405818939,87.21606594324112
79.14062035083771,89.4703796505928
77.18230670690536,85.16969329118729
77.61299306154251,85.61000692844391
77.34067940711975,88.12332057952881
79.1593651175499,87.26663488149643
76.887051820755,86.46494817733765
77.48373878002167,86.3862612247467
83.97041696310043,91.43758302927017
78.73409104347229,88.17290896177292
78.05377542972565,84.15022456645966
81.31746023893356,88.21953976154327
76.43411493301392,89.93688505887985
77.5687928199768,90.46920716762543
77.23948001861572,89.11251997947693
82.85515087842941,93.07084912061691
80.15682631731033,88.93617367744446
79.10550951957703,90.74649047851562
77.29519587755203,90.16780412197113
79.7628818154335,92.97811818122864
76.89756751060486,89.34343248605728
80.29125440120697,87.7827455997467
78.98093807697296,86.55606192350388
78.74462431669235,89.12537568807602
82.25030153989792,88.58369845151901
78.58798015117645,89.3560198545456
78.49966603517532,88.57333397865295
77.96835345029831,87.71764653921127
77.15804034471512,88.43495965003967
77.49572783708572,88.98627215623856
77.27841353416443,89.59258645772934
79.50510090589523,88.9198991060257
80.78778791427612,89.95321208238602
79.34746986627579,87.89253014326096
78.57515448331833,88.77684551477432
80.2838408946991,89.62415909767151
77.84452486038208,88.60047513246536
79.60821264982224,93.50278735160828
80.44589763879776,87.5171023607254
80.24658131599426,85.8084186911583
83.99226063489914,88.82273936271667
83.20093816518784,87.65106183290482
80.44661968946457,86.96038031578064
81.2843028306961,88.01169717311859
82.49398577213287,88.19201421737671
80.1276673078537,88.70633268356323
78.72435009479523,84.62664991617203
80.93303114175797,90.04896885156631
76.6977031826973,89.20929682254791
77.27639365196228,87.94560635089874
81.94807803630829,92.88592195510864
75.97175860404968,90.52924138307571
75.40144687891006,85.24655312299728
75.99913656711578,91.1858634352684
75.04082685709,85.68217313289642
77.21251702308655,88.95448297262192
82.45719891786575,89.85680109262466
77.6848783493042,89.20412164926529
79.63356709480286,89.66243290901184
82.54620677232742,88.56479322910309
77.36588495969772,88.09711503982544
81.16657084226608,90.7224291563034
77.00425320863724,88.5317468047142
81.58293050527573,88.60206949710846
80.58761310577393,87.85638689994812
81.59329199790955,91.29570800065994
80.68997406959534,87.75402593612671
78.23264986276627,88.2303501367569
79.29233402013779,88.13366597890854
79.74101799726486,89.36998200416565
78.4877023100853,89.36429768800735
76.75138884782791,85.89761114120483
83.57107096910477,88.20692902803421
80.2977465391159,91.86825346946716
78.70943021774292,89.1045697927475
80.23311650753021,92.8778834939003
77.34980356693268,87.65119642019272
77.35348641872406,89.29451358318329
77.93317431211472,90.90082567930222
90.80785346031189,90.43314653635025
78.66451340913773,89.40948659181595
79.2241958975792,91.60880410671234
76.9518837928772,88.28911620378494
75.4005731344223,86.54342687129974
76.73826211690903,88.07673788070679
82.02095144987106,89.81204855442047
79.13763469457626,87.2333652973175
80.47632092237473,89.93167906999588
85.83299958705902,90.94500041007996
77.57767134904861,88.47832864522934
76.23135858774185,87.3246414065361
75.99404925107956,87.81995075941086
77.1287402510643,86.83425974845886
76.57843232154846,90.95856767892838
75.08312427997589,89.08387571573257
80.0318095088005,94.02419048547745
78.40748602151871,91.33351397514343
77.93016397953033,92.86583602428436
77.89785295724869,88.12014704942703
80.08853381872177,86.85646617412567
78.46321952342987,91.29578047990799
78.5419015288353,92.06909847259521
81.0475846529007,88.32341533899307
76.69927304983139,89.05972695350647
84.35295742750168,90.99904257059097
76.22764068841934,92.40235930681229
76.04733192920685,91.61966806650162
75.97802346944809,89.66997653245926
77.72371536493301,89.62828463315964
82.24740487337112,90.28959512710571
77.53009694814682,88.17390304803848
80.40478384494781,94.28021615743637
87.7984601855278,91.14653980731964
81.02513092756271,90.14186906814575
78.97481346130371,88.22918653488159
81.79349368810654,88.35450631380081
79.94617801904678,89.05282199382782
80.74785631895065,91.12214368581772
80.88253808021545,92.26646190881729
81.62722051143646,89.39077949523926
83.55789870023727,91.3121013045311
81.71157389879227,92.9554260969162
79.21625638008118,91.17274361848831
82.92393457889557,91.27906543016434
78.96561509370804,95.14538490772247
81.6382994055748,93.5657005906105
82.66098427772522,89.30201572179794
78.36966973543167,88.85233026742935
85.57732671499252,94.51467329263687
79.1749877333641,89.99101227521896
80.29167348146439,90.02432650327682
79.20335656404495,92.92564344406128
78.43004059791565,89.34695941209793
77.80572599172592,89.06527400016785
102.19841194152832,95.28258806467056
74.2600948214531,87.86990517377853
79.85677355527878,90.86522644758224
88.51044219732285,91.1385577917099
79.47711807489395,92.20788192749023
78.05580228567123,92.66619771718979
77.6534875035286,87.79051250219345
77.64017313718796,91.24882686138153
77.38585871458054,87.42914128303528
82.03754371404648,89.68445628881454
83.50522261857986,90.73477739095688
80.34389758110046,90.39610242843628
78.60758262872696,88.31741738319397
78.74226713180542,88.51673287153244
77.65395230054855,88.23404771089554
78.01063734292984,91.35936266183853
78.60832220315933,88.66867780685425
78.07600861787796,87.60899138450623
78.76569414138794,88.1783058643341
84.8823721408844,95.33962786197662
77.66404801607132,90.5569519996643
78.372731924057,88.59026807546616
77.84041637182236,88.49258363246918
77.99410092830658,89.02489906549454
76.40578651428223,88.28021347522736
78.96647137403488,89.12652862071991
88.69315069913864,90.93684929609299
80.16081535816193,92.95118463039398
79.66549867391586,88.27950131893158
78.91118043661118,89.1638195514679
77.04486501216888,89.75113499164581
76.88255029916763,91.87544965744019
77.96223586797714,90.25976413488388
78.11492305994034,88.18007695674896
78.97160995006561,89.60239005088806
83.3652896285057,92.76371037960052
78.2769672870636,89.5190327167511
77.2816509604454,87.84734904766083
78.52833807468414,88.19466191530228
77.92202317714691,90.17097681760788
77.59270918369293,87.8332908153534
79.69039309024811,88.84660691022873
82.99106866121292,90.41593134403229
80.29174387454987,89.48525613546371
77.09442937374115,87.5545706152916
79.48711478710175,88.97488522529602
78.32579815387726,88.41620182991028
77.90448319911957,90.57651680707932
79.90816712379456,89.38783288002014
80.69084995985031,85.88315004110336
80.36253267526627,85.37746733427048
84.8862087726593,92.98379123210907
79.48388332128525,90.83211666345596
80.37656617164612,89.32643383741379
78.43825197219849,87.80274802446365
78.83093756437302,90.03906244039536
80.91061925888062,88.9043807387352
80.02629536390305,87.34470462799072
86.23397308588028,87.8400269150734
80.79464358091354,89.22335642576218
80.50232714414597,88.34867286682129
79.10000908374786,87.76999092102051
77.919693171978,90.52430683374405
79.77637958526611,89.5386204123497
79.65106397867203,91.29293602705002
79.19374859333038,86.39925140142441
79.32743400335312,85.1905660033226
83.85111129283905,90.66688871383667
78.55878794193268,85.5142120718956
78.06447124481201,89.10252875089645
77.62415897846222,85.87484103441238
76.98084706068039,88.07415294647217
77.81953537464142,87.77346462011337
78.12022060155869,88.87977939844131
81.03190183639526,91.57809817790985
79.35157656669617,90.25942343473434
78.17126041650772,86.23573958873749
81.34394317865372,89.19405680894852
77.29162538051605,87.46737462282181
80.37131136655807,90.7026886343956
80.22699671983719,85.80900329351425
78.08368408679962,88.61931592226028
79.73637115955353,90.9846288561821
81.6310521364212,87.6649478673935
78.07973235845566,86.58626765012741
77.973419547081,89.24858045578003
76.57110595703125,91.05889403820038
77.13179314136505,90.55420684814453
76.50648152828217,87.80851846933365
78.548171043396,90.43382894992828
77.75685358047485,90.66914641857147
79.89153730869293,92.38646268844604
78.0262171626091,90.21578282117844
76.77090483903885,88.78409516811371
76.94259411096573,90.53940588235855
77.00328290462494,91.07171708345413
78.48997169733047,88.65902829170227
77.45665842294693,86.85834157466888
78.62834745645523,89.18665254116058
79.70702970027924,90.57097029685974
79.58171331882477,88.02928668260574
77.42039746046066,85.76460254192352
77.81408435106277,89.18591564893723
94.91076761484146,87.75523239374161
77.43543529510498,85.99156469106674
80.99411982297897,87.76488018035889
77.74080228805542,86.14919769763947
84.2074830532074,92.06951695680618
79.06516253948212,86.41683745384216
78.77284675836563,85.54215323925018
79.14753258228302,86.70346742868423
78.67122066020966,86.51377934217453
74.87990844249725,83.00909155607224
74.71859592199326,83.59740406274796
72.94428169727325,83.31371831893921
86.5239469408989,95.90205305814743
81.45462018251419,86.39737981557846
82.20029783248901,87.42970216274261
77.87197655439377,85.35102343559265
77.6546630859375,87.2533369064331
77.78835153579712,88.41464847326279
78.77503842115402,85.33596158027649
77.44672071933746,87.10927927494049
84.39538073539734,91.10461926460266
82.60406082868576,89.22993916273117
77.55274283885956,89.94725716114044
77.29842972755432,89.09057027101517
79.15411746501923,88.1588825583458
78.30780446529388,85.30319553613663
79.01549142599106,85.16950857639313
78.05817991495132,85.64582008123398
80.636863052845,89.58513695001602
80.5865409374237,91.54345905780792
79.77622264623642,87.59377735853195
78.57790863513947,87.46009135246277
78.02659088373184,90.78840911388397
76.27227735519409,84.93172264099121
77.84996432065964,90.6860356926918
78.83664971590042,88.73735028505325
83.28631365299225,91.45468634366989
79.32799261808395,89.89400738477707
77.73967742919922,90.03732258081436
75.52236354351044,87.03363645076752
81.23105031251907,88.10194969177246
77.40273571014404,86.43126428127289
78.4254247546196,84.77757525444031
77.83811104297638,86.36488896608353
79.4727965593338,93.2312034368515
79.56947934627533,87.24552065134048
81.01916348934174,87.27783650159836
80.18984651565552,89.01415348052979
82.3615288734436,89.47147113084793
76.64419078826904,89.68880921602249
89.09387892484665,88.5541210770607
75.26554834842682,88.47645163536072
80.28823328018188,89.74876672029495
83.10788691043854,87.74411308765411
77.18656539916992,89.18443459272385
77.78425252437592,90.51174747943878
77.0109394788742,90.56306052207947
82.51562815904617,85.79937183856964
79.35431236028671,89.05368763208389
81.33999508619308,88.40100491046906
76.60367912054062,90.93232089281082
78.70136505365372,91.57663494348526
76.37304955720901,87.84895044565201
79.02573895454407,87.27026104927063
76.32642728090286,89.50657272338867
76.4801150560379,88.77988493442535
76.00280010700226,87.5521999001503
75.19249087572098,88.73350912332535
82.17917329072952,95.13582670688629
79.79485076665878,85.37114924192429
78.70753383636475,86.57046616077423
77.52621328830719,86.28778672218323
81.06890428066254,88.30109572410583
80.18358486890793,87.40741515159607
85.98526811599731,87.73673188686371
77.63895189762115,86.26904809474945
79.56864070892334,90.59735929965973
57.72232151031494,71.61167848110199
64.9670061469078,68.95799386501312
62.04668551683426,69.63831448554993
76.05136787891388,55.245632112026215
73.61205941438675,67.27794057130814
73.18974167108536,66.3652583360672
71.49142563343048,63.916574358940125
84.97809767723083,54.596902310848236
70.8347760438919,67.31422394514084
75.15446418523788,63.143535792827606
71.5481545329094,67.30484545230865
83.05183976888657,49.818160235881805
68.94652843475342,61.757471561431885
66.78421831130981,61.104781687259674
70.43690830469131,60.74909168481827
81.4045974612236,53.373402535915375
83.70527672767639,67.01672327518463
69.04395163059235,62.38204836845398
70.10463958978653,62.692360401153564
80.34932535886765,52.64967465400696
70.98400968313217,63.23799031972885
79.67369663715363,72.97530335187912
73.419378221035,63.41362178325653
81.66498303413391,77.40901696681976
66.05764985084534,68.99735015630722
64.48833292722702,65.95466709136963
65.38301926851273,64.78398072719574
81.2207081913948,56.24229180812836
73.63339740037918,70.53360259532928
81.63708692789078,63.58391308784485
76.88377702236176,70.33922296762466
97.7584639787674,62.464536011219025
101.15214085578918,75.84785914421082
90.41580510139465,66.15819489955902
85.60648763179779,66.0785123705864
120.64817333221436,63.42582666873932
97.57785594463348,74.75514405965805
92.36053556203842,70.82446444034576
85.99521589279175,69.00478410720825
117.12990069389343,59.59209930896759
106.83757716417313,93.8844228386879
88.99023562669754,67.9537643790245
86.18091762065887,64.52308237552643
104.37060350179672,56.86939650774002
95.87528842687607,58.17971158027649
96.38097661733627,68.28702336549759
98.14366179704666,70.96733820438385
117.03734642267227,57.09165358543396
122.11702591180801,85.93897408246994
67.15750712156296,73.17549282312393
67.42219549417496,62.89180451631546
76.92688322067261,72.64711678028107
63.1545627117157,61.549437284469604
59.196250200271606,65.93374979496002
64.27493739128113,67.70706260204315
114.55762505531311,90.12737494707108
75.46930652856827,67.78969347476959
87.58598852157593,63.693011462688446
80.60867643356323,63.7243235707283
123.0023643374443,40.05263566970825
86.28505373001099,63.918946266174316
93.71474242210388,64.52525758743286
78.14642786979675,69.51957213878632
108.24411499500275,71.03388500213623
90.21179515123367,68.78920483589172
90.56747484207153,48.0615251660347
93.70216184854507,45.463838160037994
123.50284922122955,68.6441507935524
75.11854016780853,71.39945983886719
78.43821662664413,67.70878338813782
70.33288758993149,67.4641124010086
89.59557557106018,55.848424434661865
77.17523646354675,62.65776354074478
61.19890373945236,67.80109626054764
83.40658098459244,35.445419013500214
80.50425833463669,96.69874167442322
77.7119328379631,89.56406718492508
86.58761775493622,91.98638224601746
84.31529378890991,102.07470619678497
86.78294092416763,98.90305906534195
88.5286215543747,96.43437844514847
89.5882488489151,65.18975114822388
89.42693370580673,63.833066284656525
100.06161993741989,55.439380049705505
82.10230267047882,60.323697328567505
89.32998675107956,68.6330132484436
76.46367228031158,64.31432771682739
89.4503567814827,56.32764321565628
81.58503824472427,75.47096174955368
75.60771924257278,66.72528076171875
77.16840785741806,65.48059213161469
89.70909661054611,47.03090339899063
75.76978182792664,66.93321818113327
80.0714699625969,62.00253003835678
74.39115577936172,62.256844222545624
82.56184214353561,38.01215785741806
83.6785232424736,72.19247674942017
67.83120936155319,72.50179064273834
91.92889761924744,58.88610237836838
130.43358671665192,35.084413290023804
99.216277718544,59.15472227334976
108.1649678349495,65.16803216934204
106.00365382432938,51.75634616613388
160.7303357720375,34.56566423177719
124.56901293992996,77.72798705101013
88.924689412117,53.29731059074402
103.05937206745148,36.07062792778015
105.8230527639389,82.3809472322464
91.99473470449448,39.70826530456543
93.83241027593613,92.83358973264694
103.54677730798721,81.13922268152237
88.82845896482468,43.98654103279114
88.3141320347786,65.90786796808243
111.48578405380249,70.9022159576416
115.47715085744858,68.72684913873672
125.38883435726166,66.53716564178467
93.37551194429398,80.08748805522919
162.12119722366333,38.11880278587341
125.32887983322144,71.46712017059326
103.14955043792725,108.03644955158234
83.58002656698227,72.16097342967987
90.4907049536705,53.61929506063461
75.44038063287735,62.48461937904358
77.72305977344513,65.07294023036957
91.7467474937439,51.346252501010895
83.23340547084808,56.914594531059265
78.34809422492981,63.31790578365326
75.51976025104523,68.92423975467682
82.37644243240356,71.47455757856369
92.80712026357651,62.84087973833084
77.49680519104004,64.07619482278824
82.15049237012863,67.55350762605667
77.78417217731476,63.789827823638916
100.51085484027863,48.04414516687393
57.42349582910538,67.0575041770935
63.446177303791046,69.23782271146774
69.34085726737976,62.90014272928238
77.54954218864441,56.765457808971405
70.61022454500198,64.76077544689178
82.83691561222076,68.05308437347412
66.54460006952286,65.86239993572235
85.82828533649445,52.13471466302872
76.81297653913498,67.79802346229553
75.92965543270111,65.07034456729889
77.89733672142029,60.01066327095032
93.60601663589478,49.54298335313797
76.55469632148743,62.926303684711456
78.8003802895546,60.58861970901489
78.45306122303009,61.06493878364563
89.47674506902695,53.245254933834076
75.74042099714279,64.1475790143013
63.33808022737503,68.42191976308823
61.897759318351746,65.41724067926407
74.42144328355789,60.48555672168732
80.20412790775299,50.14787209033966
71.98681235313416,61.624187648296356
68.3804960846901,65.95250391960144
82.45918196439743,50.466818034648895
71.72286605834961,60.74013394117355
71.09854435920715,67.79045563936234
72.1952206492424,68.13777935504913
92.73790371417999,51.20709627866745
74.81658881902695,67.31341117620468
76.56127226352692,64.06772774457932
75.28895437717438,65.10004562139511
92.25663846731186,50.92936152219772
76.39191883802414,61.86708116531372
73.95363539457321,67.00936460494995
72.86635500192642,64.54064500331879
99.31708419322968,45.01591581106186
75.5818145275116,64.45418548583984
77.38454413414001,63.91245585680008
76.18627113103867,65.01772886514664
93.85900121927261,55.881998777389526
77.56872773170471,63.839272260665894
76.25944751501083,72.85155248641968
69.80216294527054,62.54983705282211
87.49289083480835,60.11810916662216
75.4436200261116,63.87137997150421
76.52334612607956,70.55065387487411
77.86206901073456,70.00793099403381
89.7197961807251,52.891203820705414
77.52252501249313,63.69947499036789
74.6762461066246,64.93475389480591
63.21895509958267,64.70704489946365
76.55768322944641,54.42331677675247
64.97041094303131,63.732589066028595
66.8661413192749,65.09685868024826
72.31587213277817,61.424127876758575
89.65560376644135,53.97439622879028
78.27233296632767,66.06066703796387
83.1110572218895,68.75894278287888
88.46978372335434,60.79021626710892
80.71550846099854,69.83949154615402
71.98023569583893,68.33376431465149
69.04196059703827,72.84703940153122
72.991690158844,75.3963098526001
109.96142464876175,55.02057534456253
101.63315695524216,63.9218430519104
108.60188245773315,71.86111754179001
87.51542717218399,86.20657283067703
77.44713509082794,89.96086490154266
77.82386320829391,87.9921367764473
78.86658781766891,87.52341216802597
77.61331397294998,87.7756860256195
77.65603631734848,88.78996366262436
77.69776576757431,87.37623423337936
84.63047730922699,93.33252269029617
79.45019543170929,89.88280457258224
79.69692128896713,90.56207871437073
79.88764768838882,88.70435231924057
80.31937319040298,89.47662681341171
84.04709988832474,88.72990012168884
80.23882460594177,89.35417538881302
79.72654908895493,87.68145090341568
83.41627371311188,90.71272629499435
80.21899390220642,91.72500610351562
80.16971898078918,89.515281021595
80.0644446015358,87.30555540323257
83.2171688079834,87.59683120250702
78.05689215660095,86.51710784435272
79.59962052106857,94.38137948513031
77.8833475112915,88.83865249156952
82.0560632944107,94.01793670654297
81.65478789806366,88.6052120923996
81.23451066017151,91.4694893360138
78.94323205947876,89.27876794338226
79.52296036481857,87.56903964281082
77.02968865633011,87.45131134986877
80.44242113828659,90.00157886743546
78.67015254497528,86.56984746456146
81.28787410259247,95.10112589597702
80.92359620332718,88.78040379285812
79.02132111787796,88.9416788816452
77.50904870033264,87.76895129680634
78.06977957487106,86.46722042560577
78.55750775337219,87.0344922542572
77.95223671197891,88.88076329231262
78.8659633398056,87.98703664541245
82.27867394685745,90.12932604551315
74.45039290189743,72.14160710573196
85.41912496089935,56.135875046253204
96.5178554058075,64.72214460372925
77.85757797956467,65.06842201948166
77.5853054523468,65.95169454813004
93.77602553367615,55.64897447824478
82.6707558631897,60.181244134902954
86.30647593736649,73.3785240650177
82.88619112968445,64.57680886983871
94.22491925954819,61.9590807557106
83.0646481513977,64.08335185050964
80.88537585735321,64.76362413167953
78.05710405111313,64.62789595127106
91.48882281780243,55.67717719078064
75.05055403709412,63.22744596004486
91.29728239774704,76.77671760320663
94.09899425506592,70.56800574064255
103.25371098518372,61.43228900432587
85.35143405199051,65.27756595611572
83.59816026687622,64.23483973741531
78.14088672399521,63.98911327123642
96.53561514616013,58.98338484764099
77.20834296941757,64.90265703201294
79.49106466770172,62.65593534708023
62.81178522109985,63.63221478462219
74.29951441287994,57.88648557662964
57.1202427148819,60.80575728416443
50.73697233200073,63.57802766561508
76.97043061256409,90.60256940126419
49.310160517692566,69.37483948469162
50.148895263671875,62.27710473537445
66.32162702083588,66.38237297534943
82.80935543775558,56.72864454984665
87.3330894112587,61.72291058301926
83.20982307195663,65.10517692565918
90.77055668830872,62.970443308353424
117.05429112911224,59.093708872795105
83.72702604532242,93.71797394752502
63.13974595069885,75.84125405550003
83.57247292995453,69.74352705478668
100.41020035743713,56.773799657821655
85.87892937660217,69.21307063102722
82.75665575265884,64.85534423589706
85.03938525915146,65.34961473941803
98.74911522865295,59.639884769916534
86.4028457403183,66.31915426254272
86.94557511806488,65.38742488622665
78.69228130578995,103.52971869707108
107.2360098361969,49.24599015712738
81.22273659706116,65.01926344633102
80.43146079778671,65.2715392112732
86.6221953034401,67.00680470466614
99.40692365169525,56.89007633924484
82.13465088605881,63.217349112033844
77.80637800693512,65.26662200689316
87.3690989613533,71.77990102767944
100.22581708431244,57.14518290758133
91.73255127668381,65.65744870901108
89.97827917337418,67.3917208313942
84.59500586986542,64.88599413633347
95.71273279190063,58.917267203330994
81.57046020030975,64.46753978729248
77.53818732500076,65.40581268072128
107.1189079284668,81.49309206008911
108.86562258005142,63.80137741565704
89.94534528255463,69.07365471124649
87.04307091236115,64.6049290895462
88.73379671573639,64.78420329093933
93.9435185790062,59.167481422424316
81.69024604558945,65.55075395107269
78.17697113752365,63.71102887392044
88.55368912220001,70.7603108882904
96.37440168857574,59.21859830617905
78.93612384796143,65.8978761434555
78.58884930610657,67.92915070056915
78.07658064365387,65.97841936349869
98.45331513881683,58.824684858322144
86.88504934310913,64.46695065498352
84.44577354192734,67.8872264623642
92.13748717308044,70.43651282787323
105.92120462656021,63.04279536008835
93.90793573856354,69.51806426048279
98.98866415023804,74.40133583545685
98.01238995790482,70.72861003875732
109.51811861991882,60.66688138246536
99.35684925317764,70.73615074157715
105.40057927370071,68.08142071962357
91.09028965234756,103.79871034622192
120.30098456144333,64.68101543188095
77.3615220785141,92.67547792196274
80.88624334335327,91.63275665044785
78.29897022247314,89.03402978181839
77.47169888019562,91.47230112552643
76.7544264793396,89.35557353496552
77.40815651416779,89.38684344291687
81.3218612074852,91.12213879823685
78.45858120918274,94.52341878414154
76.63031017780304,88.12868982553482
76.48803520202637,90.69796478748322
76.08676552772522,86.76623445749283
78.49949711561203,88.8335028886795
75.45023012161255,86.97576987743378
76.39996320009232,87.52603679895401
78.55368900299072,91.22331100702286
74.22641652822495,92.38458347320557
76.67714911699295,84.61985087394714
75.90388208627701,87.31711792945862
75.61361485719681,87.0893851518631
74.87834817171097,88.62065184116364
74.55108171701431,89.2629182934761
74.87181514501572,84.2391848564148
80.27327120304108,60.15272879600525
75.64900434017181,84.72199565172195
75.61773639917374,86.84526360034943
84.01818972826004,68.88981026411057
83.57991510629654,85.81008487939835
78.56664460897446,86.41435539722443
81.63305735588074,56.25494259595871
75.34378468990326,55.119215309619904
71.47851693630219,62.280483067035675
68.84197449684143,67.75002551078796
79.00143104791641,86.29456895589828
75.06988227367401,70.85711771249771
77.27778571844101,68.66621428728104
78.0065141916275,85.93848580121994
80.88224351406097,86.54475647211075
81.05395650863647,88.07504349946976
70.22667616605759,71.050323843956
79.30640256404877,86.28559744358063
78.51612859964371,87.24287140369415
77.1708551645279,85.25614482164383
80.13958472013474,54.76841527223587
78.6443133354187,86.6506866812706
76.91004312038422,85.08995687961578
84.84076243638992,91.10223758220673
79.49548017978668,60.39251983165741
76.63120698928833,86.64679300785065
76.74793708324432,85.99306291341782
76.23466330766678,87.56133669614792
78.74038934707642,70.61161065101624
80.2661172747612,85.86488270759583
75.97483992576599,85.34016007184982
63.036566615104675,53.16743338108063
83.31928819417953,70.05071181058884
62.08501201868057,88.67398798465729
77.46073883771896,86.31726115942001
78.17046934366226,86.18153065443039
74.52819848060608,69.10180151462555
66.84710681438446,68.76389318704605
66.11282980442047,58.09117019176483
64.97055745124817,67.1034425497055
64.42128551006317,61.54271447658539
78.68501543998718,51.2959845662117
68.61674410104752,60.47525590658188
66.56747311353683,61.63652688264847
84.70218849182129,87.44481152296066
88.72688460350037,88.49511539936066
78.08557790517807,87.71142208576202
77.47930651903152,88.92869347333908
77.07803457975388,88.25496542453766
77.86176466941833,86.04623532295227
77.75549447536469,88.81750553846359
77.70622396469116,88.9597760438919
77.58295303583145,87.69504696130753
82.60667705535889,91.50432294607162
79.39139139652252,89.3316085934639
77.19310116767883,87.0478988289833
78.16183125972748,87.35716873407364
77.81455463171005,88.0374453663826
79.61728513240814,89.01271486282349
80.79001426696777,88.35798573493958
78.60974460840225,90.18525540828705
80.17146563529968,91.93953436613083
78.49219214916229,86.82280784845352
77.59092456102371,87.65007543563843
76.1336539387703,86.60734605789185
76.88038581609726,89.30461418628693
77.90411758422852,85.87288242578506
76.05884915590286,87.14515084028244
76.73158204555511,86.17641794681549
81.97830933332443,89.59669065475464
77.87203365564346,88.47996634244919
78.34075886011124,88.95524114370346
80.01348918676376,89.56051081418991
76.6682186126709,89.25778138637543
81.87695038318634,87.71504962444305
79.79067933559418,88.74632066488266
69.38840794563293,61.500592052936554
79.07913506031036,62.938864946365356
79.21486181020737,72.35913819074631
81.3315926194191,62.81640738248825
95.11532205343246,53.16267794370651
90.95505648851395,67.87894350290298
86.86778289079666,63.799217104911804
87.44851356744766,61.886486411094666
100.36124575138092,51.564754247665405
89.45896846055984,64.63403153419495
88.51969480514526,65.60930520296097
94.65542858839035,63.51057142019272
107.99516242742538,55.87483757734299
96.24189233779907,69.22110766172409
93.50762498378754,70.84537500143051
66.56181508302689,52.06818491220474
74.69752430915833,40.39647567272186
127.09698045253754,69.79101955890656
76.80670845508575,64.89729154109955
78.12643826007843,76.92856174707413
81.9111739397049,68.40382605791092
103.52790981531143,60.17609018087387
109.99663364887238,77.48436635732651
72.20617860555649,62.07182139158249
69.58190280199051,60.881097197532654
82.1796286702156,50.56037133932114
80.00035750865936,50.12864249944687
67.136086165905,62.90091383457184
68.10481333732605,63.06118667125702
77.72253906726837,52.98146092891693
66.76526391506195,64.40173608064651
68.86398935317993,62.655010640621185
60.75771474838257,71.09328526258469
74.3384416103363,53.08755838871002
63.029170989990234,61.711829006671906
61.21989905834198,65.16910094022751
62.57762622833252,73.20037376880646
72.97235059738159,53.63864940404892
62.66307616233826,71.52192384004593
61.31680065393448,63.33119934797287
55.21152067184448,62.38047933578491
74.82824957370758,54.46775043010712
62.26097655296326,64.36902344226837
64.72970396280289,61.215296030044556
62.10543143749237,62.43156856298447
73.8521580696106,52.647841930389404
63.48788398504257,75.43811601400375
60.60460603237152,66.02539396286011
60.83233314752579,61.68666684627533
70.11506009101868,53.161939918994904
57.93678820133209,62.564211785793304
55.92351633310318,70.31748366355896
55.559243738651276,70.36675626039505
68.30597162246704,62.45302838087082
60.55169862508774,68.17030137777328
60.18742126226425,62.108578741550446
53.54514306783676,71.32485693693161
66.43986934423447,56.04113066196442
60.83459657430649,61.94340342283249
52.13632392883301,61.510676085948944
48.34705150127411,72.57994848489761
77.77877980470657,91.0002201795578
48.432506680488586,67.67849332094193
80.51222914457321,89.894770860672
46.368953824043274,70.63004618883133
70.39368259906769,50.71731740236282
79.25713694095612,92.09386307001114
78.89286589622498,88.92113411426544
78.30559402704239,41.768405973911285
76.14531767368317,93.42868232727051
74.2060496211052,88.95995038747787
75.026784658432,89.12121534347534
73.12551802396774,72.26348197460175
75.9642522931099,88.22074770927429
76.48898786306381,89.52901214361191
70.90272361040115,45.43127638101578
105.90845966339111,70.2035403251648
94.67318725585938,60.17781275510788
104.41991519927979,52.50608479976654
112.07364976406097,50.056350231170654
76.41321593523026,88.06878405809402
79.01094800233841,90.82205200195312
79.27667635679245,89.16832363605499
78.11540311574936,89.40359687805176
82.12013238668442,92.65686762332916
82.08985418081284,98.28114581108093
77.15057277679443,89.53342723846436
78.87930119037628,91.13969880342484
81.4960275888443,88.52197241783142
78.70575219392776,90.20224779844284
76.80448114871979,87.67751884460449
81.18021082878113,86.63478916883469
79.35193985700607,90.64706015586853
81.74766618013382,90.04833382368088
81.03138846158981,89.59861153364182
78.1291109919548,89.2788890004158
77.91283917427063,94.99516081809998
75.28856599330902,87.69243401288986
79.99829822778702,88.79870176315308
77.1330246925354,86.21797531843185
82.41775339841843,90.5082466006279
76.38647550344467,86.79952448606491
80.79920363426208,91.01479637622833
77.73192870616913,90.93607127666473
77.64365619421005,90.46734380722046
80.68738621473312,89.34961378574371
78.89711219072342,86.8248878121376
78.23584067821503,87.00515931844711
79.98256731033325,89.98043268918991
76.84029650688171,89.86370348930359
81.36402428150177,94.43197572231293
79.05574560165405,92.72225439548492
78.04247188568115,91.1055281162262
75.32620030641556,90.80379968881607
76.33193463087082,90.72306537628174
76.8756657242775,88.53233426809311
75.2883968949318,88.63760310411453
74.90512591600418,85.50287407636642
77.18785834312439,86.9971416592598
77.15758979320526,87.71241021156311
66.64432245492935,52.651677548885345
62.35505622625351,65.5529437661171
69.32379114627838,63.04720884561539
72.93952405452728,63.467475950717926
90.89025801420212,55.20174199342728
84.59999227523804,62.21500772237778
75.8837109208107,69.98728907108307
76.09243279695511,64.27856719493866
87.45116168260574,52.012838304042816
73.28989142179489,64.65410858392715
74.88862293958664,65.57537704706192
79.30135172605515,68.0516482591629
95.3990786075592,52.72992140054703
81.57181376218796,66.8911862373352
99.17054259777069,78.55145740509033
102.36127233505249,68.63872766494751
90.60800302028656,94.39199697971344
79.5397225022316,88.07127749919891
78.48944920301437,87.41755080223083
78.25517642498016,99.54082357883453
78.16790407896042,91.40609592199326
79.63663232326508,89.62236768007278
81.6243566274643,98.54264336824417
79.11207872629166,88.81492125988007
78.39480566978455,90.4571943283081
79.75253450870514,91.45146548748016
78.7772621512413,89.70473784208298
78.50498926639557,89.68001073598862
79.73271518945694,91.5082848072052
80.59044152498245,89.85455846786499
79.85616928339005,94.9958307147026
78.43589317798615,92.49010682106018
77.96062272787094,92.53937727212906
79.42835092544556,90.626649081707
78.13807904720306,89.73192095756531
79.9778066277504,90.76319336891174
79.81653326749802,91.68346673250198
79.76626056432724,89.7697394490242
77.90198630094528,94.02401369810104
79.38971370458603,88.25828629732132
79.46843880414963,95.21556121110916
78.99416536092758,90.80283463001251
79.23989337682724,90.68510663509369
79.9866219162941,94.88337808847427
78.80735033750534,92.6366496682167
80.331079185009,91.31592082977295
82.44780325889587,96.36619675159454
78.41752862930298,91.91647136211395
77.88625758886337,100.66874241828918
79.91098463535309,91.49701535701752
78.65771305561066,92.47228693962097
77.75444084405899,90.85555917024612
78.61317014694214,91.49882984161377
77.56289649009705,89.65810352563858
81.49462288618088,94.56137710809708
78.51934534311295,91.27765464782715
80.02507477998734,98.25292521715164
77.14180135726929,96.26619863510132
78.75853091478348,95.88846909999847
76.93125933408737,97.58674067258835
77.82598829269409,97.21101170778275
79.88771843910217,97.13128155469894
79.48544609546661,95.64355391263962
79.93616926670074,95.60183072090149
77.77489274740219,93.50210726261139
79.83662205934525,96.36737793684006
77.87935030460358,95.97264969348907
78.75608050823212,96.52191948890686
77.09480905532837,96.59019094705582
77.61953800916672,96.80646198987961
79.27326500415802,95.61573499441147
78.222991168499,92.31400883197784
78.41372007131577,92.51227992773056
78.30844807624817,91.41355192661285
76.57417750358582,93.35182249546051
77.82090753316879,93.42109245061874
77.1226373910904,93.00736260414124
77.3693670630455,92.0376329421997
79.26409429311752,94.31090569496155
77.71382027864456,93.67417973279953
79.683549284935,93.96545070409775
77.5042735338211,91.58972644805908
78.49100375175476,92.37899625301361
77.81173187494278,92.57726812362671
77.63246184587479,93.0535381436348
78.23019111156464,92.67680889368057
85.86591744422913,98.02308255434036
78.37163436412811,95.92436563968658
75.93235981464386,93.38164019584656
76.60609298944473,91.07990700006485
81.09182399511337,92.68417602777481
78.45055216550827,91.73544782400131
76.6782813668251,93.93271863460541
77.85101282596588,91.27798718214035
79.28274011611938,93.94025987386703
80.08546555042267,97.5825344324112
77.79419410228729,95.74280589818954
80.04092293977737,91.88507705926895
76.73164737224579,92.82335263490677
77.88537693023682,91.15162307024002
80.24310564994812,94.9788943529129
78.50783520936966,91.76916480064392
76.69856536388397,92.18943464756012
79.90829366445541,94.03570634126663
77.98901867866516,94.973981320858
78.12374573945999,93.20925426483154
77.42647349834442,90.94352650642395
78.13620239496231,91.34579759836197
78.0119315981865,91.95106840133667
76.73966073989868,89.68633925914764
83.91238677501678,98.95761322975159
77.91810327768326,91.6368967294693
78.40582716464996,93.53917282819748
79.31855547428131,90.05144453048706
77.30628353357315,94.00871646404266
77.75601214170456,89.44798785448074
78.50273978710175,91.6452602148056
79.1384671330452,89.47253286838531
78.01519536972046,89.70780462026596
78.42792081832886,93.81307917833328
77.60064363479614,91.88135635852814
77.55037206411362,89.07962793111801
79.22310024499893,89.70389974117279
78.61782705783844,88.86417293548584
79.86455577611923,91.08044421672821
78.27728301286697,89.46371698379517
77.37601011991501,95.79098987579346
80.47473627328873,93.61826372146606
77.14646220207214,92.42753779888153
79.0041897892952,91.05181020498276
78.49191629886627,89.63908368349075
79.90464532375336,90.13235467672348
77.46637219190598,91.4046277999878
78.69410282373428,90.63889718055725
78.45982962846756,89.24417036771774
79.98255413770676,92.8684458732605
78.54527735710144,92.64072263240814
77.9950042963028,89.8939957022667
78.18673199415207,89.99926799535751
78.89545738697052,88.97454261779785
77.86418551206589,91.54281449317932
77.55591291189194,89.81508708000183
78.15364038944244,88.77235960960388
79.45636755228043,92.65563243627548
82.14609056711197,94.40790945291519
78.78181725740433,89.10618275403976
79.28754496574402,89.54545503854752
77.4052682518959,90.89073175191879
77.87399476766586,92.12600523233414
76.28672307729721,89.36127692461014
77.45845127105713,89.78054875135422
80.26117634773254,91.66482365131378
75.41489923000336,91.73310077190399
76.25463277101517,89.24536722898483
79.64836275577545,91.46163725852966
78.47008907794952,88.88191092014313
77.60481524467468,90.13518476486206
78.14754277467728,90.07445722818375
77.65327173471451,88.6617282629013
78.97499591112137,90.50700408220291
77.60971921682358,90.2602807879448
80.78244817256927,88.45855182409286
78.36217653751373,90.63782346248627
77.25690227746964,88.72509771585464
77.44763004779816,90.8113699555397
78.52835941314697,91.71264058351517
76.03308641910553,89.76291358470917
80.18781334161758,91.66418665647507
78.24853765964508,88.76946234703064
79.55126655101776,90.39273345470428
78.9269934296608,91.85100656747818
78.76571989059448,90.19728010892868
75.97544693946838,90.37555307149887
77.77817624807358,88.907823741436
76.95090460777283,88.91909539699554
79.14162814617157,93.65437185764313
76.1843529343605,93.3156470656395
78.3010842204094,91.90191578865051
79.43681252002716,91.30418747663498
77.31253391504288,90.37246608734131
77.57726192474365,92.32973808050156
77.39899003505707,89.39800995588303
78.64471715688705,89.87428283691406
81.11344081163406,92.83055919408798
78.67516219615936,92.26883780956268
77.90289026498795,90.07810974121094
76.83461862802505,89.2213813662529
76.67434704303741,90.02965295314789
78.03107345104218,92.41292655467987
78.61180138587952,90.74019861221313
78.22852921485901,88.71547079086304
81.27125161886215,92.06174838542938
77.90697240829468,91.22302758693695
77.80169999599457,90.71729999780655
77.10342824459076,89.19257175922394
84.23915433883667,92.05684566497803
76.52287888526917,93.03312110900879
79.06460684537888,91.45339316129684
78.23733407258987,91.42966592311859
75.20705342292786,91.79394656419754
78.56378453969955,90.60321545600891
78.18051022291183,91.83748978376389
78.40923810005188,90.79476189613342
77.08096408843994,92.34403592348099
77.06969249248505,93.39430749416351
78.74142152070999,91.12957847118378
78.69115018844604,90.77084982395172
79.47487306594849,92.2101269364357
77.92559540271759,92.20440459251404
76.72832399606705,89.88367599248886
77.86305105686188,90.95194894075394
78.33077150583267,89.90922850370407
81.2454988360405,92.47650116682053
77.30622553825378,90.23077446222305
77.53395462036133,91.83604538440704
81.04067808389664,111.84832191467285
83.93439447879791,93.39860552549362
78.14511466026306,90.3178853392601
76.77984154224396,90.81315845251083
79.15556955337524,89.17743045091629
76.29129642248154,93.43170356750488
77.35202604532242,92.09197396039963
77.28375405073166,89.4752459526062
79.51247769594193,95.02452230453491
78.12919974327087,93.66680026054382
77.80192744731903,89.14207255840302
77.62265229225159,90.60034769773483
77.31338292360306,91.05661708116531
77.20811176300049,91.95888823270798
76.25083953142166,97.43416047096252
76.62757307291031,89.44742691516876
78.13230186700821,94.94169813394547
78.80502450466156,100.19497549533844
79.92274814844131,96.1892518401146
79.40947395563126,92.59052604436874
77.84119915962219,94.43580085039139
74.10592526197433,93.41207474470139
77.48265826702118,91.16534173488617
78.54338735342026,88.16061264276505
83.5681084394455,91.96889156103134
75.72182631492615,94.35117369890213
77.37555706501007,90.64244294166565
90.45628261566162,95.09871739149094
77.18400329351425,93.57499670982361
78.09673565626144,93.1432643532753
78.06646341085434,89.89653658866882
79.22019201517105,90.5398079752922
79.151915371418,100.49708461761475
79.93563234806061,103.54636764526367
76.60735285282135,98.46564716100693
77.50208246707916,96.62691754102707
78.08181095123291,97.95418906211853
78.81053864955902,99.2074613571167
77.55626720190048,97.18373280763626
77.58099538087845,98.08600461483002
82.34671652317047,102.98728346824646
80.20343387126923,101.2215661406517
79.82115995883942,98.92084002494812
77.62287878990173,96.98812121152878
79.18460714817047,98.74139285087585
77.54133474826813,99.03166526556015
76.53006118535995,98.2299388051033
76.96079057455063,99.74320942163467
77.83751952648163,98.10748046636581
84.91624408960342,103.56475591659546
79.73795759677887,97.3370423913002
79.65068650245667,98.79331350326538
77.61941224336624,96.65858775377274
78.903140604496,99.55985939502716
77.70486903190613,96.49913096427917
77.34059822559357,96.56740176677704
77.60532426834106,97.69067573547363
83.20304900407791,103.66695094108582
80.37677109241486,98.32722890377045
77.82649940252304,94.26650059223175
77.14722853899002,94.62977147102356
77.57895809412003,93.95804190635681
76.67768681049347,92.41531318426132
79.07241529226303,93.3535847067833
75.50413978099823,92.38486021757126
80.89886784553528,98.39713215827942
73.55259197950363,94.50340801477432
74.11432540416718,92.62667459249496
74.56405997276306,91.87994003295898
73.97779381275177,99.24420619010925
74.13152724504471,98.66447275876999
74.45126074552536,89.69673925638199
75.99499452114105,88.0600054860115
81.98171949386597,92.24028050899506
75.98744350671768,90.41955649852753
77.14217638969421,88.95082360506058
79.83191162347794,88.44408839941025
76.15363955497742,90.77236044406891
75.4553719162941,91.24762809276581
75.23909986019135,89.07590013742447
75.57783257961273,90.3481674194336
80.65855824947357,94.1194417476654
76.25728112459183,91.72571885585785
73.1140124797821,89.70098751783371
75.80474764108658,88.23225235939026
75.31047981977463,89.68852019309998
74.89121264219284,88.18278735876083
75.69294559955597,88.43705439567566
75.99467825889587,88.50532174110413
81.33440232276917,96.99859768152237
79.50612646341324,89.06787353754044
76.12285822629929,88.32014179229736
78.86958587169647,90.24041414260864
76.22831946611404,89.97668051719666
76.21505200862885,87.69194799661636
77.55478429794312,90.37221568822861
74.26351004838943,87.90248996019363
84.95423728227615,93.52676272392273
78.7749559879303,91.89104402065277
52.72568601369858,68.40431398153305
45.379414081573486,67.39858591556549
62.92214846611023,52.79985153675079
50.87288182973862,69.12711817026138
58.04461485147476,64.36238515377045
58.957349479198456,67.31965053081512
74.96407955884933,74.6659204363823
78.5988101363182,45.530189871788025
80.27253711223602,89.69046288728714
74.40727114677429,45.42672884464264
90.6170060634613,72.99399393796921
88.39973449707031,90.9142655134201
78.59145927429199,87.24154072999954
74.57918739318848,88.34781259298325
121.4549190402031,70.08208096027374
95.73864448070526,49.316355526447296
104.87437868118286,60.384621322155
84.43511265516281,75.95388734340668
104.77484434843063,57.78115564584732
91.24357599020004,67.12642401456833
97.71130758523941,65.75069242715836
101.62503778934479,66.72696220874786
91.42676800489426,100.6282320022583
83.72948741912842,46.974512577056885
84.55021572113037,90.69078427553177
80.55594283342361,90.90705716609955
77.85867077112198,91.69732922315598
80.47440201044083,91.59959799051285
73.407131254673,57.24186873435974
81.91186308860779,90.99513691663742
112.54758781194687,50.00741219520569
76.55329793691635,76.3907020688057
88.61501628160477,70.53298372030258
86.02874684333801,64.34225314855576
107.82948035001755,56.058519661426544
95.5392102599144,61.66378974914551
90.21193879842758,66.38106119632721
88.51466834545135,65.59733164310455
137.42739242315292,64.75760757923126
75.50691795349121,43.51108205318451
77.92065078020096,90.96834921836853
76.11137914657593,88.7216208577156
83.21011197566986,68.97588801383972
79.14183908700943,92.04416090250015
75.33257347345352,38.16742652654648
77.09830737113953,40.753692626953125
92.32603430747986,72.39696568250656
79.14676535129547,91.09523463249207
70.22649079561234,64.86650919914246
76.73222380876541,41.675776183605194
94.73795646429062,42.225043535232544
76.68868327140808,65.2943167090416
56.49041712284088,64.25058287382126
54.60614424943924,66.65285575389862
98.01987510919571,74.25712490081787
102.11859661340714,38.45540338754654
82.32732439041138,44.2466756105423
76.26005852222443,46.94394147396088
113.932785987854,52.16021400690079
71.34551167488098,43.80248832702637
77.48124623298645,45.685753762722015
73.24597400426865,48.106025993824005
124.32570725679398,67.84129273891449
84.72042167186737,52.649578332901
91.6701318025589,48.58886820077896
74.7508504986763,44.02714949846268
93.90456569194794,77.1324343085289
76.04029124975204,90.64570873975754
85.15701597929001,40.84298402070999
77.51474487781525,90.48525512218475
94.22446668148041,54.66453331708908
93.87816375494003,50.04783624410629
83.97587633132935,100.06112366914749
81.9446040391922,93.59139597415924
81.74733179807663,93.91966819763184
78.25305998325348,92.46894001960754
78.94378978013992,91.01921021938324
79.30152022838593,90.79147976636887
78.56724858283997,94.32175141572952
85.2759622335434,104.20503777265549
81.76367276906967,93.08832722902298
79.38039821386337,93.15660178661346
81.44212585687637,94.76187413930893
103.24484622478485,67.53415375947952
109.12058001756668,70.13941997289658
76.27410978078842,91.02189022302628
84.29881310462952,102.03518688678741
82.19252824783325,95.28947174549103
76.53125339746475,88.22774660587311
77.62998455762863,92.33201545476913
73.72871816158295,90.14128184318542
75.08645260334015,87.74754738807678
74.48018616437912,95.64781385660172
74.44991904497147,96.29108095169067
76.27065122127533,99.24734878540039
81.5173768401146,97.76062315702438
75.6160973906517,90.95890259742737
76.13982439041138,95.69317561388016
78.79355055093765,91.48444944620132
76.46627640724182,87.97872358560562
77.76800680160522,90.25099319219589
74.56973558664322,86.83726441860199
79.85446119308472,102.51653879880905
83.06317967176437,94.69582033157349
80.1059000492096,92.35709995031357
86.11262023448944,73.29537975788116
101.26634758710861,58.17865240573883
77.10507386922836,66.87692612409592
79.03780519962311,66.40719479322433
73.61653286218643,64.47546714544296
69.17825973033905,72.22874027490616
85.44298094511032,92.2790190577507
79.80069839954376,91.6623015999794
79.45442003011703,90.30457997322083
90.01614689826965,70.20585310459137
78.2258734703064,90.38612651824951
79.65760326385498,90.0283967256546
80.05133181810379,89.59566819667816
81.13205993175507,76.44194006919861
92.11878442764282,69.32521557807922
100.421515583992,49.63448441028595
96.35324835777283,58.332751631736755
118.56297296285629,70.04802703857422
93.845703125,42.07929688692093
91.99943536520004,47.72156465053558
93.11716842651367,46.08683156967163
123.49289977550507,71.54410022497177
92.79561984539032,49.81638014316559
57.078337252140045,66.82866275310516
78.05379241704941,90.90920758247375
77.29952293634415,85.62547707557678
78.2312508225441,92.47174918651581
76.86697894334793,91.30002105236053
76.81670832633972,46.238291680812836
88.32343095541,91.34356904029846
77.1991496682167,90.13485032320023
77.66787886619568,90.42512112855911
76.63760870695114,55.58539128303528
77.531340777874,88.39465922117233
81.96307289600372,89.92592710256577
75.15380591154099,89.92019408941269
76.56753897666931,61.26646101474762
84.75926327705383,92.90873670578003
82.31998246908188,89.31001752614975
87.64071065187454,62.58228933811188
123.8494416475296,54.81655836105347
86.3551715016365,95.49582850933075
113.19489461183548,72.30510538816452
78.20043748617172,90.18856251239777
77.59516555070877,91.44183444976807
103.3418864607811,101.455113530159
78.95858013629913,92.68941986560822
79.186310172081,90.12768983840942
78.95103895664215,93.32596105337143
79.30976831912994,90.82023167610168
79.53749841451645,89.94450157880783
95.82121574878693,102.86378425359726
111.66091203689575,69.13608795404434
93.33262467384338,83.66737532615662
101.09733498096466,81.14266502857208
74.88103604316711,66.19296395778656
87.59076827764511,53.15023171901703
76.74450361728668,66.47849637269974
87.26923853158951,68.30576145648956
87.73697292804718,65.61402708292007
102.42870759963989,58.23829239606857
108.28639632463455,93.50960367918015
74.49509137868881,90.4119086265564
76.9458179473877,102.46118205785751
82.69154852628708,73.86245149374008
75.14228135347366,87.93071866035461
74.9450169801712,90.36998301744461
80.00575184822083,108.95724815130234
89.04848688840866,71.7095131278038
79.50595343112946,45.217046558856964
76.32568120956421,51.10031878948212
102.59141325950623,73.8355867266655
70.74414563179016,49.940854370594025
78.82487869262695,47.546121299266815
63.07161498069763,67.2623850107193
78.72534847259521,52.163651525974274
75.71207958459854,71.36192041635513
72.99580657482147,66.52319341897964
72.77954030036926,64.53545969724655
88.74827295541763,53.32572704553604
86.4570072889328,58.37499272823334
88.25974178314209,61.75825822353363
88.3404752612114,62.29052472114563
100.75320893526077,51.98779106140137
92.86994379758835,68.81505620479584
93.02467411756516,71.95832586288452
86.34438794851303,65.63661205768585
90.591113448143,53.908886551856995
74.00484126806259,66.12515872716904
70.63956809043884,65.58243191242218
67.70029574632645,64.46570426225662
87.96702367067337,52.033976316452026
69.69374763965607,70.38025236129761
61.97746658325195,64.39253342151642
57.68719220161438,68.23880779743195
69.13792151212692,55.67707848548889
54.53264993429184,67.24635004997253
57.0013764500618,57.202623546123505
79.95109927654266,92.5119007229805
76.6048281788826,36.228171825408936
79.87056249380112,91.37043750286102
83.15428674221039,95.04971325397491
52.776742458343506,70.03825753927231
63.09747660160065,90.5515233874321
66.17721098661423,61.156789004802704
69.10894471406937,62.44705528020859
82.81767964363098,70.38532036542892
77.95341110229492,47.0645889043808
74.01514106988907,44.98485893011093
74.68787270784378,48.57112729549408
108.43460756540298,70.60239243507385
84.64334177970886,48.02265822887421
89.9080747961998,44.16492521762848
98.21080303192139,38.88119697570801
111.45752274990082,68.24647724628448
76.98223602771759,87.85176396369934
82.9319469332695,98.42005306482315
82.69765454530716,90.2663454413414
74.66537761688232,72.57462239265442
75.48610609769821,88.88489389419556
81.76983481645584,90.0631651878357
77.33056306838989,90.92843693494797
79.67029184103012,61.77470815181732
83.65800595283508,97.74999403953552
84.81171834468842,90.5032816529274
81.66944289207458,90.75755709409714
81.21216714382172,59.76983284950256
78.384894490242,90.98610550165176
81.3716208934784,89.48037910461426
79.50734257698059,88.41865742206573
78.25406920909882,91.69093078374863
77.87079757452011,89.51820242404938
84.69051986932755,90.97548013925552
79.32623243331909,90.24676758050919
78.49895596504211,90.6120440363884
77.48668277263641,92.6243172287941
80.52940881252289,93.52659118175507
82.36913520097733,94.68786478042603
81.46686047315598,93.05113953351974
83.52858799695969,95.74941200017929
94.62630701065063,94.4106929898262
90.96601396799088,94.1089860200882
84.21271848678589,92.01028150320053
84.81042605638504,98.30057394504547
82.42715191841125,92.75684809684753
82.58087998628616,93.25212001800537
82.1796036362648,91.54239636659622
79.38932776451111,95.18467223644257
88.95105010271072,100.99394989013672
107.34574282169342,71.877257168293
81.407277405262,42.90772259235382
108.96799206733704,66.93900793790817
84.93669372797012,71.67530626058578
98.65214663743973,50.86685335636139
102.32388114929199,65.69411885738373
87.14460968971252,93.39239031076431
77.55833345651627,89.16466653347015
89.24906623363495,89.23293375968933
77.77379125356674,91.18920874595642
77.09452605247498,92.72047394514084
77.22926044464111,89.8817395567894
77.25299370288849,95.56100630760193
74.79672831296921,89.5182716846466
60.11745846271515,78.36454153060913
60.8451823592186,73.52581763267517
79.535913169384,62.79708683490753
70.3566467165947,67.7353532910347
67.47337502241135,65.78562498092651
71.14610761404037,65.76089239120483
86.04084032773972,53.16315966844559
79.583575963974,63.69442403316498
90.79330229759216,74.4656977057457
83.466015458107,68.07098454236984
96.61974120140076,48.6402587890625
75.19946491718292,63.448535084724426
68.63118726015091,69.05381274223328
66.72991263866425,62.58508735895157
80.19863897562027,60.04236102104187
62.68536341190338,65.07363659143448
61.37709105014801,68.25290894508362
67.99281257390976,69.8581874370575
94.98054265975952,43.592457354068756
77.59727692604065,66.93872308731079
80.47401005029678,67.09998995065689
82.8507371544838,68.26026284694672
91.98546469211578,55.79253530502319
79.02819204330444,66.56380796432495
85.21991127729416,71.63208872079849
77.91062539815903,66.16337460279465
89.30434900522232,54.97265100479126
72.86707526445389,66.96692472696304
69.8908035159111,68.79419648647308
69.41552948951721,68.38147050142288
81.40325844287872,57.37574154138565
73.96399128437042,68.18400871753693
74.30272173881531,65.62227827310562
74.03144007921219,70.5615599155426
73.07414102554321,54.75985896587372
73.96784156560898,87.08715844154358
77.04856336116791,86.08143663406372
75.86829090118408,85.63070911169052
73.48602068424225,89.25497931241989
75.32475292682648,85.58224707841873
85.64545959234238,94.85354042053223
80.13317322731018,89.12682676315308
77.71289777755737,90.78710222244263
76.0146255493164,85.70737445354462
75.89135694503784,90.57264304161072
77.04509091377258,84.76990908384323
75.84682273864746,90.80117726325989
76.79755300283432,86.29544699192047
77.54328221082687,90.90071779489517
87.23498946428299,105.58001053333282
77.20369720458984,93.05530279874802
77.1354249715805,90.90157502889633
77.41915130615234,88.35884869098663
76.66488021612167,91.85311979055405
78.28261244297028,93.7913875579834
78.436343729496,90.65565627813339
88.94206202030182,92.81693798303604
78.81877154111862,88.51522845029831
77.95349454879761,96.9535054564476
75.49622243642807,92.1707775592804
75.96595174074173,90.79404824972153
81.11968219280243,90.89931780099869
75.79140877723694,91.9485912322998
80.42713916301727,91.3508608341217
76.7288663983345,90.2711336016655
89.08658587932587,101.26541411876678
92.0732793211937,93.18572068214417
75.4309903383255,91.30900967121124
76.84471905231476,91.87728095054626
76.03544700145721,90.38955301046371
75.80017721652985,91.71782279014587
80.1959068775177,95.32309311628342
82.94163036346436,101.02036964893341
79.61434656381607,96.551653444767
77.93607187271118,96.41692811250687
75.60780090093613,92.57719910144806
75.20652973651886,92.73847025632858
80.34226047992706,94.00973951816559
75.92199063301086,94.76400935649872
76.13172096014023,94.75827902555466
75.91445237398148,91.54854762554169
90.51217430830002,96.0058256983757
81.46388500928879,95.29611498117447
74.85761123895645,90.30938875675201
76.25234073400497,89.46965926885605
77.86907052993774,90.35292947292328
78.50479799509048,91.19820201396942
75.51052522659302,89.65647476911545
82.72024619579315,93.98375380039215
74.18896967172623,92.2370303273201
73.60270237922668,102.86129760742188
73.92343646287918,98.9665635228157
75.74317049980164,92.68282949924469
77.52690178155899,91.67709821462631
74.81063449382782,93.57836550474167
69.53836995363235,92.38763004541397
76.54410672187805,92.5108932852745
84.86482471227646,96.802175283432
82.5925304889679,94.01746952533722
77.95125007629395,89.95674991607666
79.08597779273987,90.76602220535278
77.98070406913757,98.40829592943192
76.96842837333679,97.49457162618637
76.51116061210632,90.78583937883377
77.33088886737823,72.31611114740372
84.30060976743698,65.3853902220726
92.19533550739288,56.36066448688507
81.86706972122192,70.20693027973175
84.59479922056198,67.73720079660416
86.26852732896805,66.8794726729393
107.8852567076683,54.57774329185486
84.26098650693893,65.25701349973679
88.9337175488472,64.21528244018555
97.03143858909607,71.0425614118576
93.57513970136642,62.20286029577255
76.96987223625183,68.21612775325775
80.67860704660416,65.65439295768738
83.62934255599976,64.88865745067596
101.56107848882675,54.216921508312225
87.25281172990799,65.67418825626373
86.94254273176193,65.42745727300644
101.20826691389084,74.4407330751419
118.2139920592308,62.08200794458389
82.05253684520721,93.24346315860748
78.65125870704651,91.94174128770828
79.24898564815521,93.41701436042786
77.47771525382996,94.68928474187851
78.0574443936348,92.36855560541153
78.04417425394058,91.10382574796677
82.2168984413147,99.9871015548706
85.9636173248291,91.96238267421722
78.2653386592865,94.30866134166718
82.10406625270844,91.07993376255035
78.49979376792908,89.11120623350143
79.52452212572098,94.4574778676033
93.82524490356445,64.43275511264801
96.8319661617279,51.94603383541107
87.0036952495575,66.73730474710464
97.78742337226868,54.39757663011551
87.57115787267685,65.13184213638306
90.31789237260818,63.1631076335907
90.41662687063217,64.32437312602997
105.7923611998558,62.02263879776001
95.05809485912323,68.3679051399231
92.61882907152176,64.51017093658447
90.73556381464005,64.0054361820221
119.42729473114014,65.96270525455475
104.97001844644547,67.97498154640198
93.60574507713318,69.89525490999222
95.64847904443741,66.98152095079422
108.72821325063705,50.79078674316406
63.15994828939438,49.34005171060562
77.97287797927856,90.73112201690674
77.51560580730438,89.48439419269562
78.26233834028244,88.4786616563797
76.28706699609756,90.63893300294876
76.53279930353165,92.33620071411133
77.44653284549713,90.66446715593338
75.15626138448715,91.30673861503601
78.21699464321136,89.41200536489487
78.14872080087662,95.4612792134285
76.02544856071472,89.64155143499374
77.34518152475357,91.80181849002838
75.94391095638275,89.55608904361725
83.3756445646286,91.01235544681549
76.75237488746643,89.93362510204315
77.75810706615448,92.77889293432236
83.04182660579681,89.38417339324951
74.78854876756668,95.43445122241974
76.40528172254562,90.29871827363968
81.3740137219429,87.75598627328873
79.67573875188828,91.37926125526428
79.20046645402908,92.81753355264664
80.5391925573349,86.34980744123459
78.26691675186157,88.8060832619667
78.56864422559738,90.11535578966141
83.98236215114594,92.53563785552979
76.39608186483383,93.45591813325882
75.05081361532211,89.02418637275696
76.75954604148865,89.53645396232605
76.20927792787552,92.88272207975388
80.36300951242447,90.24799048900604
77.01773875951767,88.76026123762131
82.70846515893936,96.88453483581543
75.30718749761581,90.17481249570847
79.5909206867218,89.4090793132782
78.4106474518776,92.69935256242752
77.73137432336807,90.30462568998337
76.9781021475792,89.53989785909653
75.35483437776566,90.60816562175751
76.76756691932678,90.32443308830261
76.88429743051529,88.87470257282257
80.85402405261993,93.83197593688965
78.63674545288086,89.64125454425812
76.53147548437119,91.98752450942993
77.0932070016861,87.92479300498962
78.65393716096878,91.40106284618378
45.95566779375076,71.63633221387863
56.647397577762604,67.0566024184227
64.6351243853569,71.60587561130524
81.82584768533707,58.026152312755585
73.40557831525803,69.96542167663574
78.98531210422516,68.12568789720535
77.3810406923294,72.30495929718018
92.55277192592621,56.72522807121277
85.1695049405098,66.57149505615234
83.54623144865036,69.5097685456276
88.06996321678162,69.11503678560257
119.7236880660057,63.07231193780899
77.24822932481766,86.58477067947388
75.43894296884537,91.33905702829361
74.68566960096359,90.59233039617538
73.8214031457901,94.06759685277939
76.69713801145554,91.87686198949814
73.86987149715424,89.98212850093842
80.2086009979248,90.43939900398254
75.28932625055313,91.87767374515533
74.40505802631378,88.31694197654724
74.374791264534,88.03320872783661
75.41752481460571,87.52747517824173
74.25625723600388,95.16974276304245
74.55899095535278,89.9230090379715
75.34172463417053,86.95427536964417
75.06945806741714,89.6705419421196
79.66818678379059,93.2208132147789
79.1369099020958,87.01109009981155
75.32864111661911,89.56035888195038
74.53737425804138,88.61062574386597
74.78410816192627,88.19689184427261
74.8278357386589,85.65416425466537
74.88857001066208,89.22242999076843
78.35730028152466,88.6056997179985
74.95602744817734,95.61897253990173
74.36876004934311,89.18723994493484
75.28249496221542,92.21850502490997
75.7702294588089,88.78677052259445
75.33096480369568,93.41003519296646
74.72469872236252,86.18230128288269
75.11943262815475,90.19456738233566
74.79316508769989,91.48583489656448
79.40889406204224,94.05310595035553
76.93361634016037,96.69538366794586
77.36534518003464,91.22765481472015
76.46407544612885,90.46192455291748
76.80380445718765,92.19719552993774
79.08653670549393,94.28346329927444
74.77727031707764,88.98172968626022
98.1349989771843,93.93800103664398
75.58570247888565,89.65429753065109
74.66543489694595,91.77856510877609
73.19016921520233,89.88383078575134
74.86190509796143,92.84109491109848
80.12762022018433,89.61337977647781
78.29934233427048,89.55265766382217
77.76907104253769,92.28692895174026
75.66279911994934,88.1692008972168
78.65042972564697,104.79457026720047
78.21214878559113,92.34385120868683
74.68087583780289,92.78212416172028
74.18661051988602,91.51738947629929
74.1543459892273,94.0296540260315
73.69807767868042,90.3209223151207
78.70381027460098,88.6851897239685
78.2095410823822,91.14245891571045
78.64126724004745,93.89573276042938
75.49899303913116,91.55600696802139
74.94972503185272,90.90227496623993
73.32445859909058,88.73054140806198
74.64619368314743,92.05780631303787
75.83692812919617,88.3300718665123
74.60166233778,86.62033766508102
74.3113963007927,90.29960370063782
74.26213073730469,90.36786925792694
80.71185797452927,94.14014202356339
76.77258467674255,89.09641534090042
75.66831767559052,91.18368232250214
76.63605070114136,91.4189493060112
77.86478328704834,92.26421672105789
76.68551617860794,90.90748381614685
78.9322499036789,87.1607500910759
79.23396843671799,90.78503155708313
76.4626932144165,87.4453067779541
74.93042474985123,90.27257525920868
76.71415823698044,85.15584176778793
68.4238909482956,94.13110905885696
50.54062443971634,65.34837555885315
58.84235644340515,67.89764356613159
60.59008824825287,64.9849117398262
75.0958200097084,41.793179988861084
82.11954337358475,106.76845663785934
71.10725724697113,71.0227427482605
72.35398650169373,73.4800134897232
112.26671862602234,63.51128137111664
89.95844900608063,71.4675509929657
88.68617981672287,68.4808201789856
84.52491092681885,71.9200890660286
86.64734894037247,72.85165107250214
82.4500777721405,88.5509222149849
84.2708090543747,71.15619093179703
96.70254021883011,40.27945977449417
84.06027191877365,69.88472807407379
83.10300105810165,85.6559989452362
81.68173122406006,66.24326878786087
93.61446434259415,44.848535656929016
84.82419049739838,100.76880949735641
71.34791052341461,69.04108947515488
51.92763841152191,95.73936158418655
88.45236092805862,82.60363906621933
50.75409531593323,74.72790467739105
46.90782415866852,91.16517585515976
66.72855639457703,68.38244360685349
117.64227038621902,89.22872960567474
91.44399178028107,48.778008222579956
95.33872354030609,45.846276462078094
99.84445595741272,55.673544049263
120.27618658542633,73.13081341981888
95.65291380882263,70.19908618927002
94.65864562988281,45.00835436582565
92.12737411260605,110.07662588357925
121.07710152864456,71.01589846611023
90.43482381105423,75.54617619514465
85.7185315489769,46.91046845912933
83.31725943088531,49.275740563869476
115.11899089813232,70.62200909852982
87.06972175836563,46.50527822971344
90.22345113754272,36.75754886865616
76.11817836761475,47.27082163095474
99.99390381574631,87.33909618854523
77.98162138462067,90.6853786110878
77.48080617189407,56.94519382715225
76.18953603506088,88.90246397256851
84.51026600599289,92.60073399543762
77.62699550390244,91.68800449371338
85.87372726202011,71.18127274513245
83.11945122480392,110.82454872131348
54.38516807556152,103.65183192491531
55.22489470243454,92.59010529518127
124.74862211942673,50.43637788295746
63.5883526802063,93.28264731168747
80.63008236885071,88.33191764354706
81.19281435012817,88.1781856417656
104.8522624373436,96.18573755025864
86.13498502969742,66.36501497030258
82.34471756219864,64.63628244400024
121.22144889831543,47.26055109500885
81.26418101787567,66.21781897544861
81.843914270401,71.97108572721481
91.81264609098434,68.70535391569138
91.81937754154205,74.71862244606018
65.67609697580338,66.87990301847458
85.40480798482895,47.81819200515747
100.39726257324219,79.45473742485046
86.66116064786911,46.54283934831619
86.87087547779083,96.01812452077866
86.68405795097351,80.98194205760956
78.47924280166626,68.72375720739365
97.42997199296951,64.21802800893784
81.6946896314621,83.21231037378311
107.49639999866486,46.5586000084877
84.35512965917587,66.94187033176422
90.87885165214539,73.58414834737778
89.7735812664032,56.98541873693466
84.96431130170822,62.49868869781494
87.24804264307022,69.17695736885071
109.75376099348068,58.74623900651932
89.44546455144882,66.46253544092178
93.5621926188469,70.04880738258362
92.80892199277878,72.04307800531387
111.09165275096893,59.87134724855423
93.65338408946991,71.34661591053009
99.19611567258835,71.6548843383789
98.97984623908997,79.29815375804901
115.94857668876648,56.366423308849335
117.15829634666443,92.30570363998413
86.55300658941269,104.40999341011047
80.55872309207916,96.2012768983841
86.76844930648804,100.04655069112778
79.5511766076088,89.5408234000206
82.55690568685532,92.9610943198204
79.3416355252266,90.51036447286606
97.1613500714302,106.0416499376297
81.42604470252991,93.62895530462265
86.83976405858994,88.80823594331741
77.51149129867554,88.87650871276855
77.59222096204758,99.9817790389061
77.4679503440857,91.18004965782166
78.84468096494675,91.32231903076172
77.0534108877182,89.42758911848068
78.07814127206802,90.79285871982574
77.95487058162689,90.06412941217422
94.01559317111969,94.05840682983398
80.63230884075165,88.62669116258621
77.91603475809097,91.89796525239944
79.29276442527771,88.42923557758331
79.31649434566498,88.92350566387177
78.06321889162064,86.75078111886978
82.51394581794739,89.63505417108536
90.94466000795364,94.03633999824524
77.3583692908287,94.77063071727753
74.9380995631218,94.04390043020248
78.5178330540657,93.83316695690155
77.98756045103073,95.79143953323364
85.25228971242905,90.08171027898788
79.07201874256134,87.92698127031326
76.89274716377258,92.45825284719467
85.06547743082047,89.3965225815773
85.0901979804039,95.83580201864243
83.03991311788559,94.58908689022064
83.54564076662064,103.34235924482346
82.64436721801758,92.8376327753067
87.79809594154358,96.57190406322479
82.69381904602051,96.75118094682693
83.8475478887558,102.06045210361481
89.09427005052567,104.40672993659973
87.11797624826431,93.14102375507355
85.47570127248764,93.24729871749878
84.49943017959595,99.1485698223114
80.89416015148163,93.95683985948563
80.12289041280746,92.93310958147049
83.97961992025375,90.39038008451462
86.06035017967224,106.49564981460571
83.08507978916168,93.61892020702362
91.90580129623413,44.53919869661331
79.98551195859909,94.73748803138733
81.21323955059052,37.286760449409485
77.8679701089859,94.72502988576889
83.6876967549324,93.7203032374382
84.98942637443542,92.62157362699509
78.03215616941452,93.3938438296318
88.94487988948822,46.96112012863159
55.580591678619385,76.78840833902359
53.290318846702576,65.54268115758896
64.16704845428467,59.31495153903961
48.042776703834534,69.34522330760956
80.15950483083725,37.08149516582489
78.7212330698967,91.11276692152023
81.96796363592148,34.68003636598587
78.7516940832138,90.30430591106415
89.36841666698456,40.94558334350586
52.208128213882446,69.81187176704407
99.7688558101654,46.54614418745041
52.01558530330658,68.15141469240189
81.20631575584412,62.23768424987793
53.69304549694061,69.78795450925827
87.29277491569519,48.41122508049011
69.50249618291855,75.68350380659103
68.80321025848389,69.0857897400856
63.568933844566345,69.56106615066528
80.94466364383698,59.88833636045456
67.91339272260666,67.08560729026794
65.27112340927124,69.80287659168243
71.90585392713547,66.98214608430862
87.81958508491516,57.90241491794586
74.14131146669388,75.35968852043152
84.46202838420868,76.33497160673141
98.87473440170288,71.84826558828354
107.95445895195007,66.69354104995728
77.47818404436111,70.5398159623146
76.984914124012,68.03408586978912
77.43464505672455,69.6213549375534
91.16237664222717,59.967623353004456
91.05709713697433,87.12790286540985
120.89680629968643,68.69619369506836
92.64353686571121,68.80146312713623
103.27826672792435,64.72173327207565
92.00699627399445,69.1410037279129
95.40172743797302,70.48727256059647
96.59245502948761,67.44454497098923
123.37518382072449,45.253816187381744
95.0109149813652,68.71108502149582
112.38763773441315,77.59436225891113
85.93034094572067,99.68165904283524
105.12106329202652,110.04493671655655
90.62678450345993,102.68721550703049
89.70751404762268,98.81148594617844
83.78724104166031,100.39875894784927
81.75497162342072,96.39202839136124
130.61269575357437,85.29430425167084
85.60020750761032,96.65879249572754
82.80993235111237,95.7650676369667
82.53765910863876,92.94434088468552
82.1723867058754,95.08661329746246
84.77211654186249,91.80288344621658
82.53684401512146,92.29715597629547
82.78257209062576,93.3834279179573
82.30730229616165,91.52569770812988
107.83202302455902,104.0939769744873
110.92970538139343,67.73729461431503
85.04643195867538,93.4345680475235
99.64514684677124,70.33585315942764
100.44687795639038,70.57112205028534
101.69460451602936,73.17639547586441
127.07033222913742,58.52266776561737
127.07605689764023,78.5539430975914
85.8035746216774,100.47342538833618
81.14229810237885,98.8937019109726
81.81502670049667,96.81397330760956
80.83975613117218,90.9382438659668
101.54947835206985,78.76552164554596
81.27721208333969,101.53778791427612
78.52393168210983,96.43906831741333
79.1596629023552,93.67433708906174
90.14738410711288,113.05661588907242
89.24409276247025,98.79290723800659
79.97280591726303,93.60119408369064
78.70053517818451,89.98446482419968
79.02125746011734,93.99774253368378
79.84198600053787,91.64001399278641
79.29271578788757,92.70728421211243
89.02043962478638,95.44256037473679
80.21214866638184,93.65885132551193
80.5138755440712,92.6901244521141
78.77860450744629,93.49939548969269
78.11733561754227,91.95666438341141
81.08706468343735,91.7649353146553
78.46279257535934,91.42620742321014
78.37552285194397,93.6984771490097
78.15925413370132,92.37674587965012
80.27698343992233,94.02001655101776
88.67170321941376,95.31029677391052
80.58441233634949,95.02658766508102
79.09014105796814,90.63185894489288
79.5958713889122,92.44212859869003
79.54559928178787,93.93540072441101
79.99632680416107,94.3746731877327
89.31705033779144,97.57194966077805
81.13776326179504,95.27023673057556
77.9214900135994,94.50450998544693
77.85222083330154,99.85077917575836
78.35795134305954,92.6780486702919
78.95668178796768,91.24631822109222
79.03641217947006,93.25958782434464
79.80114287137985,92.97585713863373
79.2338742017746,91.93312579393387
80.2766038775444,93.74139612913132
86.44832330942154,93.49467670917511
80.02903872728348,95.28596127033234
82.03476095199585,93.48323905467987
81.59648686647415,96.44151312112808
80.02821409702301,91.2867859005928
81.03394210338593,91.91105788946152
84.427669942379,96.99733006954193
88.04438483715057,93.75161516666412
81.42110228538513,91.68989771604538
79.7608289718628,95.1281710267067
79.13655757904053,90.32644242048264
80.04928648471832,90.48671352863312
80.57401299476624,91.48098701238632
78.67274087667465,94.79025912284851
80.1604722738266,93.08152770996094
82.46119993925095,92.33480006456375
84.54191941022873,92.51408058404922
84.32563734054565,96.91536265611649
81.09035974740982,90.11264026165009
81.61508905887604,90.38491094112396
80.06481575965881,91.65718424320221
79.86754548549652,92.87345451116562
79.7062760591507,90.71972393989563
88.80499857664108,95.14000141620636
84.9397120475769,89.33828794956207
80.37144142389297,92.10955858230591
79.45116978883743,90.58483022451401
82.30889892578125,93.41310107707977
80.44462794065475,94.35137206315994
77.26535725593567,91.23464274406433
79.75208985805511,93.63691014051437
82.36981743574142,91.59418255090714
92.19053918123245,101.84746080636978
80.15925234556198,102.87874764204025
80.05298221111298,89.5200178027153
81.2627140879631,89.36628592014313
80.62044322490692,89.1015567779541
79.01517289876938,98.68782711029053
80.85390365123749,89.20109635591507
85.76762425899506,93.32437574863434
80.34734284877777,91.50465714931488
83.77907180786133,92.86892819404602
79.35880249738693,89.73319751024246
80.80953246355057,91.30146753787994
81.35226035118103,91.49973964691162
78.85798972845078,97.79001027345657
78.16072189807892,91.22827810049057
82.22145062685013,90.74154937267303
84.89416772127151,94.53183227777481
82.02988624572754,94.10011374950409
79.38760888576508,90.22339111566544
77.80033528804779,88.34766471385956
79.60206496715546,87.98993504047394
78.82979291677475,92.20620709657669
75.41052174568176,87.44147825241089
81.47124540805817,88.30575460195541
78.10696357488632,87.81903642416
78.42769157886505,91.516308426857
83.24842119216919,87.62257879972458
78.69815027713776,87.09784972667694
79.24087876081467,94.77712124586105
77.56160855293274,91.30839145183563
78.17833769321442,87.80266231298447
80.90706515312195,87.18593484163284
82.43078625202179,89.90221375226974
79.60450685024261,99.17449313402176
77.9622358083725,95.51976418495178
79.28296458721161,42.45903539657593
80.5476940870285,89.06330591440201
77.68342310190201,40.2245768904686
77.94815272092819,96.5528472661972
60.97187441587448,74.7131255865097
44.82959532737732,71.30040466785431
82.6133285164833,54.94267147779465
64.97105741500854,65.25194257497787
70.82878792285919,59.542212069034576
62.48251760005951,64.88748240470886
90.96924757957458,44.36375242471695
72.08598071336746,61.63601928949356
68.81470918655396,64.42629081010818
91.20842730998993,66.99457269906998
121.02914130687714,59.488858699798584
84.14686465263367,99.53813534975052
105.20858174562454,71.40341824293137
101.1583109498024,71.28568905591965
122.09004139900208,56.61295861005783
82.35477155447006,91.99622845649719
92.21248352527618,95.99051648378372
82.7551960349083,100.94880396127701
82.79892247915268,97.81307750940323
79.89665126800537,90.01134872436523
82.43938094377518,95.22661906480789
79.11211001873016,90.90588998794556
82.59984052181244,92.1411594748497
82.45656961202621,90.87643039226532
80.61129879951477,90.9627012014389
90.39401668310165,102.69798332452774
95.73369389772415,98.00630611181259
85.22140270471573,97.09359729290009
87.57812875509262,100.71787124872208
82.45485526323318,93.230144739151
85.75658315420151,98.98441684246063
84.31831246614456,96.66368752717972
94.12103462219238,104.6569653749466
83.8677288889885,100.65227109193802
87.74245488643646,105.97854512929916
82.13718277215958,100.10281723737717
85.77291226387024,101.65208774805069
99.98263317346573,76.36936682462692
121.72936135530472,59.02963864803314
92.73508608341217,72.80191391706467
84.96281147003174,70.29618853330612
77.46853309869766,63.90146690607071
89.88225501775742,67.50674498081207
58.36896824836731,69.66803175210953
57.52369582653046,71.90330415964127
79.39942145347595,91.71157854795456
79.99815100431442,34.74284899234772
80.0028800368309,94.58911997079849
88.54660326242447,93.63839673995972
84.82931697368622,99.22568303346634
82.52104318141937,98.0529568195343
84.85977184772491,95.23222815990448
81.92149949073792,93.35550051927567
82.18622720241547,95.12777280807495
82.71094942092896,98.12205058336258
81.29067653417587,93.02432346343994
81.92640346288681,96.9805965423584
80.17213124036789,90.53086876869202
98.52984517812729,102.48815482854843
78.42552024126053,93.13147974014282
76.67125004529953,95.14374995231628
77.67798149585724,90.52601850032806
77.6087127327919,90.594287276268
78.50344461202621,89.88555538654327
80.32516318559647,95.82383680343628
75.71888941526413,92.0031105875969
75.20662295818329,91.14537703990936
75.08235788345337,89.95464211702347
74.86609220504761,89.91190779209137
77.35382682085037,89.46117317676544
76.2665582895279,96.40044170618057
76.01329100131989,88.8757089972496
77.05602341890335,94.51797658205032
77.98775398731232,93.80824601650238
80.36347848176956,102.65452152490616
79.01820516586304,96.35279482603073
79.05993813276291,96.49506187438965
75.51067125797272,96.19332873821259
77.8134052157402,98.81659477949142
75.7631402015686,94.0328598022461
86.50987017154694,94.39712983369827
120.29359066486359,45.92840933799744
82.37329810857773,61.4607018828392
60.93401551246643,71.52798449993134
86.88473683595657,92.76326316595078
85.81645208597183,89.20154792070389
81.9701731801033,91.69582682847977
79.49490475654602,89.56109523773193
85.57463300228119,94.16636699438095
80.00635915994644,92.30764085054398
82.93807792663574,46.080922067165375
87.12980169057846,92.44519829750061
79.04251801967621,91.2724819779396
84.3632459640503,90.58175402879715
87.51697665452957,93.07502335309982
84.93070650100708,91.45829349756241
90.45443707704544,92.32356292009354
63.36816358566284,77.33583641052246
72.18786841630936,61.23813158273697
86.30458360910416,94.06541639566422
84.62530547380447,88.11469453573227
80.00203031301498,88.46096968650818
83.47076207399368,96.36223793029785
79.62449145317078,95.89350855350494
78.35222125053406,97.4987787604332
80.50595098733902,90.82704901695251
96.43767565488815,39.50632435083389
88.49938380718231,88.83361619710922
84.74609845876694,91.91990154981613
83.73382616043091,88.63717383146286
86.22055405378342,97.16844594478607
80.17128330469131,93.3467167019844
82.34401446580887,94.84198552370071
63.942742466926575,80.02025753259659
88.05844587087631,39.90455412864685
84.04614490270615,91.00985509157181
85.18086630105972,93.37413370609283
81.03859376907349,95.07140624523163
87.0633237361908,95.67667627334595
81.68005126714706,88.8749487400055
82.77878284454346,91.51821714639664
82.26550948619843,90.38249051570892
94.77223372459412,39.85776627063751
79.72293692827225,89.61106306314468
80.20866131782532,89.308338701725
85.65939146280289,95.56260854005814
84.22112011909485,101.20487987995148
84.54185110330582,92.81014889478683
84.75058180093765,90.84141820669174
65.0533082485199,79.48369175195694
70.31801134347916,59.81198865175247
85.74972134828568,92.99027866125107
88.14445048570633,98.78154951334
85.50217938423157,98.88682061433792
85.3229096531868,97.93609035015106
81.69863879680634,96.44836121797562
87.31536757946014,90.59163242578506
86.04409629106522,90.15990370512009
96.69782119989395,44.69117879867554
58.81453162431717,70.38846838474274
107.70923799276352,72.86476200819016
107.60396659374237,69.52603340148926
122.94269663095474,56.53830337524414
106.43042248487473,69.32957756519318
109.88115388154984,68.50784611701965
140.83087426424026,65.22412574291229
120.24456369876862,62.14543628692627
98.380291223526,72.26870876550674
104.77502083778381,108.18897914886475
105.8357486128807,109.49725139141083
123.52648067474365,57.028519332408905
123.6812008023262,41.448799192905426
102.29793572425842,71.53606426715851
120.61865472793579,39.36334526538849
118.01809698343277,68.12890303134918
88.09778779745102,38.69821220636368
97.72124326229095,47.778756737709045
93.81342679262161,44.52057319879532
106.00313532352448,68.14386469125748
83.73184841871262,88.69415158033371
79.36757892370224,88.05942106246948
80.37330061197281,89.31169939041138
95.24903494119644,66.56596505641937
77.01476466655731,88.11523532867432
83.6314907670021,89.2765092253685
76.34021818637848,87.3447818160057
108.66094779968262,69.02405220270157
93.16667181253433,53.81432819366455
106.24639707803726,43.438602924346924
101.69712716341019,43.22887283563614
132.16585767269135,67.96414232254028
101.30158597230911,41.03141403198242
144.78931593894958,35.48868405818939
113.57854622602463,48.700453758239746
84.26926928758621,70.50973069667816
108.42199224233627,45.42900776863098
106.1687228679657,48.07227712869644
134.82345700263977,73.10254299640656
107.99618953466415,46.0598104596138
107.05691838264465,45.721081614494324
80.30340868234634,89.08559131622314
76.88313329219818,90.54286670684814
85.49985861778259,94.50014138221741
79.48757547140121,92.58642452955246
76.3442901968956,89.89570981264114
80.33202022314072,91.14897978305817
79.0417468547821,90.4582531452179
77.25047552585602,90.65652447938919
85.51618582010269,88.6688141822815
80.87390339374542,88.92209661006927
80.45462834835052,88.61937165260315
80.90435457229614,89.26264542341232
79.22408092021942,89.03491908311844
78.00880765914917,91.21319234371185
77.42153215408325,88.98646783828735
81.57526051998138,90.14673948287964
78.37698632478714,89.84501367807388
79.549713909626,93.6542860865593
83.33343487977982,90.74056512117386
85.58015310764313,90.62384688854218
79.30887222290039,90.04312777519226
77.18459689617157,94.53840309381485
75.8753269314766,89.12367308139801
78.08505833148956,89.63694167137146
78.40474689006805,92.66825312376022
78.54047441482544,94.47752559185028
79.1762027144432,92.4347972869873
77.14493125677109,91.46606874465942
76.39166074991226,89.9793392419815
77.3043920993805,91.56560790538788
75.0881222486496,92.39387774467468
78.37185263633728,91.86814737319946
77.54458117485046,94.64041882753372
76.8093119263649,93.70968806743622
85.05603647232056,92.03596353530884
79.7097539305687,90.84624606370926
77.43748021125793,90.1915197968483
77.14720946550369,92.42579054832458
82.94993966817856,89.16206032037735
82.56666308641434,91.93433690071106
84.59038496017456,101.77961504459381
83.0410965681076,93.77390342950821
83.82482147216797,90.12017852067947
79.88654685020447,89.33545315265656
76.46527498960495,94.14572501182556
76.26800554990768,89.06499445438385
77.7377370595932,87.70726293325424
76.46446490287781,86.7395350933075
77.0631954073906,87.9368045926094
77.08792638778687,94.56107360124588
88.5376506447792,97.05434936285019
77.04336988925934,93.51163011789322
78.86409783363342,90.59790217876434
78.70382583141327,92.00017416477203
77.6535564661026,92.77244353294373
79.45628476142883,90.09971523284912
78.184013068676,90.50198692083359
83.81869208812714,96.68030792474747
76.36241263151169,90.54558736085892
80.40414386987686,91.09485614299774
76.5588727593422,89.97812724113464
76.4346034526825,91.49139654636383
75.88533562421799,90.0036643743515
79.63206386566162,91.03593611717224
77.15679109096527,96.93620890378952
75.66152203083038,90.7274779677391
82.53824478387833,92.16575521230698
80.04396653175354,93.21503347158432
80.58669149875641,89.1173084974289
78.96341675519943,91.64858323335648
80.09814274311066,90.47585725784302
76.8638716340065,92.19212836027145
80.33260291814804,88.63139706850052
79.70831853151321,98.88468146324158
78.47304546833038,87.85995453596115
77.96077567338943,91.68822431564331
80.09550416469574,91.03349584341049
78.32323384284973,90.76876616477966
74.81096333265305,89.1340366601944
72.48369479179382,88.01530522108078
78.10042232275009,91.95457768440247
77.21814692020416,91.48585307598114
81.07487219572067,91.10912781953812
79.11759436130524,90.43740564584732
77.92031991481781,88.50568008422852
76.55604898929596,87.85195100307465
77.39477103948593,88.56822896003723
79.30850028991699,89.19149971008301
77.3322286605835,95.09277135133743
81.05995523929596,96.12504476308823
77.3996816277504,92.47131836414337
78.36741232872009,86.05758768320084
79.15214151144028,88.84785848855972
78.76786822080612,93.06513178348541
76.88560026884079,90.0953997373581
76.81733214855194,88.1276678442955
76.97106409072876,88.62093591690063
76.60679692029953,90.57820308208466
82.09352511167526,93.05347490310669
79.89624381065369,96.10375618934631
80.30897009372711,94.61602991819382
77.09270083904266,43.92529916763306
76.49315613508224,85.59984385967255
57.23988777399063,63.87211221456528
88.44860625267029,58.42139375209808
83.75132989883423,66.95267009735107
96.48006045818329,40.223939538002014
90.37379425764084,43.88520574569702
124.287526845932,71.36147314310074
102.57126051187515,47.85473948717117
98.81698751449585,49.97801250219345
107.37971836328506,53.177281618118286
145.32844930887222,50.80055069923401
112.46518099308014,44.96181899309158
107.48890513181686,50.66009485721588
103.68062537908554,45.44937461614609
134.85235637426376,68.83264362812042
105.87708973884583,41.41891026496887
101.97482144832611,40.858178555965424
100.57354754209518,46.111452460289
127.70927107334137,76.06872892379761
84.3259990811348,65.52600091695786
77.29472881555557,66.35327118635178
77.61545825004578,71.55154174566269
84.0651878118515,53.08281219005585
68.71991688013077,64.46608310937881
63.909646451473236,71.9223535656929
62.7123738527298,66.45462614297867
79.45910227298737,72.78189772367477
84.31683140993118,94.9601686000824
87.39655488729477,96.14044511318207
82.40227180719376,96.18972820043564
77.8339986205101,71.31400138139725
111.357716858387,82.14128315448761
80.53126925230026,88.28373074531555
79.85199755430222,93.42600244283676
85.20862483978271,95.79137516021729
78.64035248756409,91.85964751243591
78.90508526563644,89.57591474056244
79.651815533638,89.62518447637558
76.15854370594025,90.89745628833771
76.18227827548981,88.4287217259407
81.46599704027176,89.03500294685364
80.6016988158226,87.5103011727333
80.34742259979248,92.65257740020752
79.26114869117737,88.44285130500793
86.28484636545181,93.30715364217758
76.86557227373123,89.85642772912979
80.66730636358261,88.31369364261627
81.65403693914413,92.56696307659149
80.60476738214493,92.21023261547089
72.56275087594986,107.93824911117554
74.22306275367737,104.46193724870682
77.3474480509758,98.67055195569992
72.1388201713562,95.34217983484268
71.41221070289612,93.86578929424286
73.46260064840317,100.79639935493469
68.290991127491,99.06100887060165
69.43338692188263,94.4926130771637
69.81778228282928,94.01521772146225
69.90517741441727,95.9648225903511
70.73357278108597,95.91542720794678
75.70996087789536,93.40103912353516
73.63134890794754,94.07265108823776
71.2737432718277,105.67125672101974
69.954136967659,96.06486302614212
73.1895324587822,97.34746754169464
71.3319274187088,44.51907259225845
56.568320631980896,64.83867937326431
64.00770443677902,75.08529555797577
74.1510916352272,73.70090836286545
77.4974872469902,58.68751275539398
121.10388273000717,74.2661172747612
71.45027357339859,76.4387264251709
69.61266833543777,76.14633166790009
72.05206114053726,76.81793886423111
91.97245401144028,67.34254598617554
84.85584884881973,79.25515115261078
95.16623604297638,82.53776395320892
93.80962377786636,77.13537621498108
74.95302051305771,99.26997947692871
96.61440873146057,81.60759127140045
57.96064633131027,75.2053536772728
62.69704246520996,75.9699575304985
72.96843951940536,61.179560482501984
66.48283207416534,73.68416792154312
68.18121784925461,71.4297821521759
68.08361351490021,73.5273864865303
83.56000936031342,66.43999063968658
72.81440538167953,80.74159461259842
65.19879126548767,76.46920871734619
62.65618658065796,73.14081341028214
55.558583319187164,82.03441667556763
46.82537078857422,70.21062922477722
97.51915228366852,61.40684771537781
66.56954610347748,55.74445390701294
70.13894110918045,59.453058898448944
73.24533551931381,108.34766447544098
103.98072654008865,75.35227346420288
86.40111684799194,53.70988315343857
89.26649904251099,49.974500954151154
87.59489315748215,51.47910684347153
124.53428846597672,75.70671153068542
99.65868282318115,50.285317182540894
106.56107532978058,62.030924677848816
91.0014676451683,75.88753235340118
102.81086379289627,64.07813620567322
96.50926095247269,78.73173904418945
80.98565274477005,106.44034725427628
111.3880313038826,65.18596869707108
82.01326656341553,58.50573343038559
66.74766135215759,74.27033865451813
68.91005802154541,72.51594197750092
70.12745183706284,74.72454816102982
85.86284571886063,60.637154281139374
69.98722809553146,78.12377190589905
65.38961786031723,68.6473821401596
66.32901287078857,68.6529871225357
76.86140704154968,58.157592952251434
62.24480128288269,68.97819870710373
66.61019504070282,75.03780496120453
59.40158808231354,66.91341191530228
50.80398225784302,75.08501774072647
73.8487685918808,103.42823141813278
71.08415269851685,95.08184731006622
98.3205429315567,75.84645706415176
74.75993818044662,53.00006181001663
79.44033515453339,54.70766484737396
88.78673058748245,53.620269417762756
114.68912547826767,76.84687453508377
111.42551273107529,77.90748727321625
81.04989165067673,74.30210834741592
76.7112837433815,78.23371624946594
86.46467500925064,77.18232500553131
71.05306816101074,74.87393182516098
67.02945899963379,79.7675409913063
65.30185306072235,98.7541469335556
59.01924645900726,80.86975353956223
71.41703188419342,96.82396811246872
74.09741872549057,124.64458125829697
72.5178062915802,100.90819370746613
72.86420047283173,97.43179953098297
72.24759423732758,98.529405772686
43.70598900318146,72.31301099061966
61.794382989406586,59.57661700248718
67.6777715086937,68.118228495121
75.06216007471085,66.3828399181366
66.22355306148529,69.96244692802429
94.30994790792465,66.02305209636688
77.9163429737091,66.9906570315361
85.24473536014557,69.79226464033127
87.31412643194199,70.55687355995178
100.62351906299591,58.043480932712555
83.76691198348999,70.60408800840378
96.53930622339249,57.73869377374649
94.81169533729553,76.63230466842651
105.71407371759415,59.414926290512085
86.89546519517899,81.47653478384018
99.77785754203796,68.11014246940613
101.14325034618378,68.76274967193604
109.56464236974716,56.95335763692856
111.8180268406868,80.62597316503525
72.66522932052612,94.59377068281174
69.9196144938469,98.89538550376892
74.61801087856293,96.75198912620544
72.7053998708725,97.66460013389587
74.57179176807404,94.54020822048187
70.78818064928055,97.52681934833527
70.9135634303093,96.62443655729294
78.8519578576088,68.77704215049744
78.06935089826584,69.11564910411835
64.74972277879715,72.78727722167969
68.46709913015366,58.34790086746216
77.40648478269577,97.4635152220726
78.04887181520462,97.24712818861008
77.3222559094429,97.32574409246445
74.87164968252182,99.03435033559799
80.73803496360779,103.26196503639221
75.38141816854477,98.489581823349
76.68980950117111,98.77219051122665
74.27820235490799,104.22179764509201
73.79159414768219,97.3014058470726
74.0079875588417,96.6950124502182
73.46638083457947,96.68161916732788
72.85077345371246,99.0202265381813
74.7151672244072,97.43283277750015
78.2475603222847,96.3444396853447
81.48394352197647,102.01605647802353
77.58932453393936,98.42867547273636
72.41771566867828,93.37828433513641
73.15410953760147,92.56889045238495
73.64850336313248,100.20349663496017
80.9028891324997,103.44911086559296
88.21227037906647,97.93572962284088
81.22564446926117,100.81035554409027
74.59102702140808,97.61297297477722
77.56742286682129,106.69157713651657
75.5808094739914,99.47419053316116
80.66919553279877,97.33180445432663
78.92258334159851,99.26241666078568
76.88097018003464,101.1560298204422
84.2273576259613,97.55064237117767
74.98174899816513,105.25925099849701
79.7731322646141,99.74586772918701
77.63851088285446,102.01048910617828
80.31890052556992,100.64509946107864
75.25828993320465,97.03871005773544
75.71567994356155,100.41432005167007
76.76607090234756,102.47392910718918
75.53846317529678,97.55353683233261
79.49685138463974,98.9481486082077
74.80623120069504,92.58176881074905
72.31961971521378,100.7533802986145
72.4810112118721,94.68498879671097
73.79140162467957,94.98659837245941
73.23079127073288,93.8432087302208
73.1511806845665,97.58881932497025
74.05357158184052,94.03842842578888
74.67896151542664,93.95103847980499
75.65434509515762,105.82565492391586
75.00172966718674,97.5352703332901
73.60812020301819,94.29887980222702
78.3065111041069,95.00848889350891
73.5609011054039,94.1430988907814
75.48129177093506,95.85170823335648
73.99568170309067,96.89331829547882
77.30506783723831,99.28793215751648
72.54045170545578,97.08954828977585
73.59084302186966,99.0761569738388
75.2892324924469,94.913767516613
73.89562141895294,94.77037858963013
78.7430111169815,94.40598887205124
73.44139647483826,92.50260353088379
73.41778713464737,91.82321286201477
74.43017643690109,91.53182357549667
79.66656148433685,98.77843850851059
74.06894373893738,97.02405625581741
74.86033403873444,93.73166596889496
73.79972302913666,94.88627696037292
81.57211017608643,97.3528898358345
78.19749397039413,98.26650601625443
73.17288219928741,96.03011780977249
83.4282693862915,101.31273061037064
73.90364700555801,93.6143530011177
77.26903587579727,95.3979641199112
74.68942302465439,93.60557699203491
68.53681057691574,95.37018942832947
70.88320541381836,95.28279459476471
71.9716004729271,96.95539951324463
70.52099514007568,94.81200486421585
70.16439074277878,97.3166092634201
74.56678146123886,99.4882185459137
76.08016574382782,97.88183426856995
71.24255573749542,95.62844425439835
71.1079506278038,95.42904937267303
81.56534564495087,96.193654358387
71.05974042415619,94.43925958871841
75.70413535833359,97.42586463689804
78.49552696943283,62.80147302150726
71.82291257381439,96.02808743715286
74.61430305242538,97.12669694423676
73.05369281768799,94.37230718135834
73.99308413267136,94.95191586017609
83.59947663545609,94.51252335309982
70.5568636059761,98.18413639068604
77.20025962591171,95.46674036979675
78.97264897823334,96.47135102748871
70.46804141998291,96.58795857429504
85.94443094730377,47.7215690612793
76.27280819416046,97.13419181108475
74.89719885587692,44.19580113887787
71.72559410333633,55.886405885219574
72.49798798561096,99.37201201915741
74.84538340568542,47.83961659669876
77.50676888227463,72.67823112010956
85.85314625501633,59.90585374832153
80.86753660440445,64.04046338796616
65.17692679166794,70.24907320737839
83.13431864976883,65.30968135595322
94.61070758104324,53.4252924323082
80.90209716558456,68.07990282773972
96.32349234819412,65.65850764513016
82.59588152170181,66.16411846876144
82.64627242088318,58.37172758579254
95.8266573548317,74.72934263944626
121.32102853059769,51.84497147798538
107.66741758584976,65.75758242607117
133.77480912208557,54.78119087219238
94.43520039319992,74.02679961919785
108.80159676074982,63.62440323829651
132.96298277378082,84.53801721334457
63.75317698717117,81.70982301235199
54.98957198858261,74.99142801761627
55.65096688270569,76.22003310918808
71.0713620185852,66.1316379904747
86.58575695753098,41.173243045806885
69.41415232419968,75.32784765958786
76.64954799413681,76.09145200252533
81.36594277620316,64.65205723047256
92.36133766174316,51.786662340164185
87.89272081851959,67.84727919101715
61.222105979919434,58.72189402580261
70.67949551343918,53.37550449371338
87.95188593864441,79.77011406421661
55.54805409908295,60.044945895671844
104.3394376039505,77.32756239175797
71.35282802581787,46.3131719827652
67.23161089420319,51.045389115810394
94.1710017323494,73.80999827384949
65.64739459753036,50.018605411052704
72.64278745651245,46.135212540626526
102.31757390499115,56.40442609786987
72.60895937681198,58.3720406293869
84.14910852909088,80.96189147233963
65.72726088762283,74.92173910140991
102.22164475917816,78.09335523843765
78.71603125333786,102.41296875476837
69.87742155790329,43.325578451156616
82.41081303358078,103.7751869559288
80.38620281219482,79.42879718542099
49.92638409137726,96.8316159248352
76.42177593708038,75.94822406768799
58.5831623673439,60.730837643146515
76.83754152059555,97.73645848035812
81.79593294858932,96.40806704759598
89.99432516098022,76.48767483234406
74.82271838188171,99.6962816119194
78.42910540103912,102.44189459085464
83.09049159288406,45.48450839519501
115.35825407505035,44.45674592256546
95.68664485216141,49.83235514163971
124.88503611087799,43.558963894844055
112.28742665052414,45.10157334804535
122.7078189253807,56.34718108177185
106.35121029615402,59.55578970909119
71.92060267925262,69.09839731454849
102.82299488782883,51.04800510406494
94.66937959194183,77.9606204032898
80.5157481431961,75.11325186491013
83.91813778877258,67.69286221265793
93.80252903699875,56.660470962524414
70.20391541719437,73.9620845913887
74.69930750131607,77.09669250249863
56.89869844913483,74.30530154705048
96.93008297681808,79.38491702079773
78.85044276714325,54.259557247161865
48.21583145856857,71.93116855621338
83.21121990680695,41.76978009939194
79.9286082983017,53.05339169502258
69.27499920129776,65.89100080728531
78.06639117002487,48.0076088309288
81.54378354549408,101.56821644306183
75.72317469120026,44.628825306892395
87.1065644621849,50.44843554496765
73.52793109416962,80.97206890583038
79.94831883907318,97.77368116378784
80.09170734882355,104.68629264831543
102.30909276008606,77.61690723896027
82.7674890756607,102.19651091098785
80.72487509250641,95.20112490653992
86.47826039791107,52.26273965835571
80.89963382482529,94.04436618089676
78.6170226931572,93.73497730493546
83.33341252803802,94.01758748292923
79.56980121135712,113.2451987862587
79.19419229030609,100.30580770969391
82.6525844335556,106.69941556453705
77.75797581672668,101.61202418804169
78.19736659526825,100.89463341236115
93.6557502746582,101.43624973297119
107.63210958242416,79.47889041900635
86.18249118328094,107.0575088262558
73.75087428092957,99.28512573242188
76.56126552820206,93.16073447465897
85.72265666723251,98.31334334611893
79.31004631519318,96.59695369005203
93.37943226099014,116.37956774234772
84.41180264949799,97.53319734334946
76.53519189357758,95.00080811977386
78.82758247852325,98.76541751623154
78.45197147130966,97.32602852582932
80.68736517429352,97.60863482952118
77.2567612528801,94.0392387509346
74.52915513515472,100.1008448600769
81.80154740810394,96.5304526090622
77.55593943595886,94.68406057357788
85.64432489871979,106.31867510080338
85.52769827842712,95.01030170917511
79.56008523702621,99.40391474962234
73.23947709798813,100.33352291584015
78.71586912870407,97.34013086557388
92.85925281047821,71.2517471909523
130.1126393675804,62.83136063814163
105.59001356363297,72.52098643779755
78.82540673017502,100.00859326124191
83.30179280042648,94.01220721006393
76.24118226766586,96.79581773281097
75.86557388305664,92.91242611408234
82.26796650886536,93.62103348970413
74.26335775852203,92.5696422457695
76.0917500257492,96.24224996566772
76.49314177036285,93.24685823917389
82.08152681589127,95.23347318172455
76.20590329170227,93.77509671449661
80.92229384183884,95.02070617675781
73.62168550491333,91.87731450796127
76.98707813024521,92.03092187643051
75.2414687871933,105.33253121376038
85.53185367584229,95.61514633893967
83.67522996664047,91.43577003479004
78.15161687135696,102.49638313055038
81.22100615501404,95.14899384975433
78.27139496803284,96.89560502767563
79.43378579616547,94.32621419429779
85.72517728805542,92.66482269763947
76.95956826210022,93.18743175268173
78.52895921468735,99.58204078674316
78.72835075855255,96.34664922952652
86.5197337269783,104.83326625823975
80.56910735368729,102.50489264726639
81.13849627971649,101.23250371217728
77.1328849196434,93.79211509227753
101.4432687163353,64.59373128414154
95.28966057300568,67.72833943367004
127.85904401540756,55.25195598602295
111.20641708374023,72.14658290147781
55.551622092723846,71.37337791919708
52.542396903038025,63.550603091716766
73.38979226350784,89.01820772886276
71.23518735170364,93.98681265115738
71.21258389949799,92.02841609716415
72.85498124361038,39.848018765449524
71.98037606477737,58.44662392139435
78.99376159906387,97.32123839855194
78.39514291286469,94.5848571062088
76.16393458843231,92.8550654053688
76.9723305106163,92.93366950750351
77.96772569417953,92.1612743139267
75.9631175994873,100.09188240766525
82.56950443983078,97.57949554920197
78.72989964485168,95.71310037374496
78.670294880867,96.45970511436462
78.86869043111801,100.66830956935883
79.97408598661423,95.06191402673721
76.43248176574707,97.45551824569702
73.00187736749649,97.83112263679504
74.86727392673492,101.09572607278824
71.91766953468323,92.02633047103882
75.78305733203888,92.34694266319275
72.33344727754593,93.40655273199081
72.21684217453003,59.875157833099365
72.28623729944229,95.02876269817352
74.05863332748413,96.08936667442322
73.38702934980392,94.79797065258026
82.90041887760162,78.65458112955093
82.32180553674698,110.56719446182251
74.2431937456131,101.01580625772476
72.70058864355087,90.2814113497734
73.95498371124268,102.87801629304886
48.315773367881775,69.18522661924362
50.032168328762054,65.5228316783905
68.43456435203552,57.677435636520386
53.521960496902466,66.79303950071335
63.16535061597824,72.26064938306808
82.97474098205566,56.543259024620056
84.84013575315475,58.89986425638199
72.7055315375328,65.22046846151352
80.70092695951462,68.1140730381012
72.64032334089279,66.80467665195465
116.61671167612076,62.939288318157196
107.81509393453598,68.98190605640411
107.53248643875122,77.80051356554031
75.84170717000961,102.65829282999039
77.44809317588806,95.19990682601929
97.81246864795685,65.61253136396408
78.71486568450928,92.97013431787491
72.76525288820267,94.30774712562561
75.6126480102539,99.3873519897461
72.71904474496841,100.20695525407791
78.3054301738739,107.9895698428154
74.65381741523743,96.29118257761002
74.81521207094193,96.14778792858124
72.0316076874733,100.4673923254013
74.49000489711761,94.37999510765076
73.3553940653801,95.8486059308052
76.07179009914398,95.59420990943909
83.69717961549759,95.4878203868866
74.15456336736679,93.78943663835526
75.27895748615265,95.3680425286293
76.23735308647156,96.83664691448212
75.58374845981598,97.00925153493881
75.41314399242401,93.30985599756241
75.29653984308243,94.38846015930176
76.29193484783173,94.82006514072418
77.19332993030548,95.25167006254196
80.83671534061432,100.089284658432
80.85009443759918,98.16790556907654
79.14148128032684,97.3035187125206
74.13687521219254,94.12312477827072
74.83427006006241,90.20272994041443
72.79266613721848,87.94833385944366
68.54706209897995,91.93393790721893
82.39445292949677,97.976547062397
73.44484442472458,94.88915556669235
48.680239737033844,65.98676025867462
90.34163498878479,42.60336500406265
70.81802946329117,66.94097054004669
83.38742554187775,63.22457444667816
77.95682179927826,68.17317819595337
115.93321824073792,74.04878175258636
87.79861491918564,63.72038507461548
95.25600725412369,64.87399274110794
85.99239140748978,67.56460857391357
119.91177076101303,44.032229244709015
92.3331601023674,64.01883989572525
78.79155272245407,62.06044727563858
80.3599426150322,65.30705738067627
122.42933511734009,38.21866488456726
79.22072166204453,49.279278337955475
81.04809868335724,89.11790132522583
92.53887152671814,75.9981284737587
81.93565362691879,64.02634638547897
98.28204423189163,51.08795577287674
91.99943381547928,50.79656618833542
78.03182005882263,65.13517993688583
65.71220761537552,69.39879238605499
67.24359005689621,64.663409948349
79.62796556949615,44.79803442955017
81.06735384464264,96.19164615869522
80.59874242544174,94.47525757551193
79.89113265275955,91.62786734104156
80.57051694393158,40.57748305797577
93.58390361070633,93.69309639930725
76.83827668428421,94.43972331285477
82.01766806840897,91.7413319349289
78.47143715620041,90.88156282901764
49.29882788658142,62.84817212820053
79.58561170101166,92.266388297081
75.78400254249573,93.21499747037888
76.9273931980133,90.88760679960251
83.10777741670609,96.65122258663177
76.69415128231049,95.82284873723984
76.91153913736343,89.68046087026596
77.35092204809189,98.07507795095444
74.01331204175949,100.89368796348572
75.21170336008072,102.52929663658142
85.4840897321701,99.38591027259827
82.2204681634903,91.89053183794022
77.34485822916031,95.52514177560806
75.6172496676445,99.64175033569336
77.74264216423035,98.55435782670975
75.77403378486633,44.67096620798111
73.69542771577835,94.28657227754593
76.30182284116745,96.07017713785172
74.22221654653549,97.46378344297409
76.66061186790466,90.63538813591003
81.22999823093414,92.39900177717209
76.79937869310379,94.83062130212784
76.16476887464523,91.59423112869263
51.40015947818756,66.3588405251503
51.78455173969269,69.03144824504852
64.48294371366501,57.94305628538132
84.83033460378647,93.42966538667679
76.00971549749374,96.36128449440002
77.85610723495483,96.45889276266098
71.4435026049614,75.7404974102974
82.71689701080322,36.54210299253464
88.87829035520554,65.69570964574814
76.26168352365494,93.75631648302078
92.92407619953156,74.3349238038063
75.16047126054764,92.41452872753143
82.11225515604019,97.85074484348297
84.84763664007187,75.83736336231232
72.30602782964706,43.02797216176987
79.7398129105568,93.98218709230423
101.55020689964294,80.91279309988022
94.19259709119797,50.23340290784836
85.79897743463516,51.62602257728577
81.2013663649559,61.77963364124298
70.60375535488129,63.97024464607239
98.71014833450317,56.69785165786743
81.87154227495193,70.44345772266388
64.51393461227417,67.55906540155411
88.00932663679123,56.30467337369919
64.3557186126709,59.53328138589859
80.6471101641655,71.68588984012604
76.73549741506577,95.0235025882721
73.06387448310852,64.71412551403046
71.87326389551163,75.71973609924316
69.96065580844879,72.46534419059753
53.7710480093956,70.9329519867897
80.59844017028809,56.048559844493866
97.11282628774643,76.83217370510101
66.75519859790802,68.30080139636993
78.60258829593658,70.00941169261932
78.87497758865356,60.107022404670715
87.27737027406693,62.27862972021103
92.17976140975952,65.19023859500885
55.304153978824615,73.13984602689743
78.78054481744766,61.81245517730713
82.12693953514099,43.72406047582626
52.45633000135422,69.93366998434067
89.6727164387703,47.734283566474915
88.70508360862732,98.79491639137268
79.44047248363495,94.11452752351761
81.32386231422424,39.008137702941895
74.43025487661362,89.90274512767792
77.79565066099167,43.59334933757782
85.12403786182404,77.63596212863922
51.73041075468063,72.06658923625946
67.9097990989685,79.53420090675354
75.53519135713577,47.00280863046646
86.28858244419098,54.89641755819321
78.28397446870804,43.531025528907776
81.01936268806458,36.832637310028076
81.25574731826782,43.392252683639526
77.34313762187958,90.10186237096786
77.35653054714203,89.69946944713593
84.9989150762558,50.53708493709564
85.47628968954086,45.135710299015045
75.10066729784012,63.14033269882202
66.83605635166168,61.62694364786148
50.55344796180725,66.66955202817917
88.97383987903595,54.50816011428833
76.28322893381119,67.27177107334137
111.11260944604874,58.05439054965973
93.27398627996445,67.3740137219429
86.02837312221527,63.397626876831055
96.30076330900192,63.31023669242859
86.49915248155594,60.29684752225876
60.21654111146927,68.87645888328552
85.80393093824387,54.77006906270981
71.59532272815704,63.60867726802826
63.20171403884888,68.83628594875336
71.12210464477539,65.34089535474777
87.91348439455032,42.957515597343445
69.77885681390762,67.98014318943024
84.23624444007874,38.98575556278229
73.2506320476532,65.52736794948578
74.02302104234695,48.51397895812988
113.92540568113327,68.48259431123734
117.41979485750198,76.91320514678955
80.32201248407364,96.10298752784729
78.31740009784698,93.05359989404678
83.68178570270538,95.13221430778503
78.99217611551285,93.3588238954544
78.4315670132637,90.9764329791069
80.0749574303627,94.8330425620079
76.84734958410263,93.46765041351318
76.4717418551445,89.10125815868378
80.87413370609283,91.68086630105972
96.48051398992538,95.24148601293564
78.62288081645966,91.58011919260025
79.39627146720886,89.93772852420807
77.89066088199615,88.20133912563324
78.81205242872238,109.11394757032394
79.67744040489197,92.15655958652496
96.59882462024689,94.17917537689209
86.26019221544266,99.2028077840805
82.68057680130005,95.15342319011688
82.82396417856216,95.54603582620621
83.44835448265076,95.58864551782608
82.40574514865875,92.76025485992432
83.23413479328156,93.48786520957947
93.7485254406929,94.38147455453873
84.68791455030441,94.84908545017242
88.6822960972786,98.98470389842987
94.45566582679749,100.60133415460587
80.283038854599,98.62396115064621
76.31543254852295,92.18556743860245
82.8468286395073,92.11617136001587
76.54622024297714,96.58377975225449
75.80061519145966,95.12538480758667
86.75800597667694,96.1859940290451
86.40138465166092,97.72861534357071
83.7297785282135,94.04922145605087
77.76116836071014,98.59083163738251
80.66356414556503,90.39143586158752
77.89896023273468,94.02603977918625
76.09735095500946,97.06864905357361
78.42674648761749,93.31425350904465
75.60713762044907,94.78186237812042
74.69353473186493,97.74946528673172
87.02292531728745,108.18107467889786
77.09130489826202,94.46469509601593
81.49370068311691,94.33929932117462
76.13709020614624,94.73290979862213
77.52048593759537,99.53451406955719
78.08888071775436,90.50311928987503
79.6592692732811,91.65573072433472
76.59765660762787,91.29134339094162
82.46305251121521,91.31394749879837
77.73544818162918,47.89355182647705
78.24884450435638,43.028155505657196
79.22624039649963,93.05175960063934
86.16563731431961,47.87136268615723
77.1240331530571,70.22796684503555
75.52542966604233,91.3075703382492
77.5768256187439,79.6271743774414
99.92221492528915,69.03978508710861
101.41760516166687,70.98939484357834
83.96799170970917,92.08700829744339
78.03738635778427,59.01861363649368
129.42178165912628,41.52321833372116
85.5641741156578,64.4358258843422
117.94756472110748,70.66343528032303
113.7579545378685,44.79704546928406
123.90034985542297,72.91365015506744
126.52574443817139,40.58625555038452
119.81713408231735,39.20086592435837
98.14552730321884,52.48447269201279
144.10292267799377,71.6750773191452
120.19031751155853,36.38368248939514
106.90771025419235,43.18428975343704
122.1061047911644,36.374895215034485
128.42987543344498,70.08912456035614
85.03048408031464,69.41351592540741
81.39587557315826,70.88112443685532
76.61326211690903,66.4247378706932
94.90364736318588,69.18835264444351
86.30602771043777,65.69297230243683
96.37541860342026,55.86558139324188
85.74181318283081,67.74118679761887
89.27320557832718,63.67079442739487
83.50859987735748,68.54640012979507
99.66999340057373,53.256006598472595
84.47938466072083,64.76161533594131
80.53077751398087,65.728222489357
82.78417134284973,65.80782866477966
85.33452081680298,92.83147919178009
79.79289215803146,90.78110784292221
82.26928299665451,95.97171700000763
79.94967067241669,94.86432933807373
79.20405983924866,93.72194015979767
76.21645194292068,90.59754806756973
81.10083538293839,90.97316461801529
84.02221477031708,92.73778522014618
76.34960132837296,94.09439867734909
77.49299496412277,91.47000503540039
79.95038592815399,93.2346140742302
77.22377681732178,91.03522318601608
76.99617117643356,91.18882882595062
77.47256779670715,92.73043221235275
83.20896309614182,97.9030368924141
76.77735882997513,93.3516411781311
79.01375222206116,108.449247777462
79.98914045095444,91.08385956287384
78.67052960395813,90.29347038269043
75.38692206144333,88.31707793474197
79.04931670427322,43.673683285713196
80.04471063613892,90.78928935527802
79.81709963083267,93.23890036344528
76.66348576545715,54.44751423597336
89.63987755775452,75.26712244749069
111.33827072381973,97.5877292752266
92.61166578531265,42.79633420705795
71.10606002807617,90.85693997144699
82.00845402479172,45.56554597616196
79.2448478937149,39.53415209054947
85.55424326658249,42.02075672149658
85.12263530492783,92.43236470222473
99.59902518987656,70.78997480869293
83.0573992729187,41.92360073328018
120.4957845211029,39.22621548175812
100.38017636537552,52.100823640823364
131.48656916618347,73.92143082618713
122.81496268510818,38.926037311553955
114.47635716199875,44.968642830848694
103.78574633598328,86.62125366926193
132.7631219625473,60.05287802219391
79.64634650945663,89.1876534819603
83.23374062776566,90.3222593665123
79.98813199996948,93.56786799430847
77.9645231962204,96.40647679567337
78.16391623020172,94.37408375740051
79.01030963659286,93.80469036102295
79.00470286607742,97.49529713392258
77.814093708992,96.25990629196167
76.58648580312729,91.54251420497894
78.19387978315353,92.01012021303177
74.70727026462555,90.4417297244072
80.66466706991196,89.83533293008804
84.54905939102173,91.22894060611725
78.93245005607605,46.67854994535446
71.37184220552444,68.46215778589249
101.99622851610184,42.614771485328674
96.01062256097794,62.805377423763275
69.91201293468475,63.642987072467804
62.31440877914429,64.18559122085571
104.77180480957031,38.283195197582245
73.08219528198242,62.52880471944809
74.02159065008163,64.40440934896469
72.90497994422913,63.05802005529404
101.9373773932457,32.46962261199951
96.59877043962479,70.53022956848145
95.15015387535095,64.12884610891342
105.32954752445221,74.74445247650146
75.26878476142883,91.5642152428627
74.76318103075027,88.05081897974014
79.59257715940475,89.92642283439636
78.21696466207504,99.67203533649445
74.91535609960556,43.8446438908577
78.11475217342377,92.77424782514572
79.81214702129364,95.27985298633575
83.91853737831116,92.32246261835098
76.26592701673508,39.29007297754288
79.09331768751144,95.42468231916428
77.58870893716812,91.57829105854034
75.67710417509079,93.00889581441879
78.1894998550415,50.38450014591217
79.01888900995255,120.7221109867096
82.14228016138077,94.54271984100342
81.60066854953766,94.64033144712448
83.8360624909401,72.60793751478195
77.38645797967911,93.79854202270508
78.56684958934784,93.10015040636063
61.358237624168396,72.58676236867905
71.50162070989609,52.8883792757988
68.23701256513596,66.07798743247986
65.30540680885315,63.0465931892395
66.43080079555511,63.069199204444885
87.98119628429413,53.29580372571945
72.82858663797379,63.3574133515358
78.45297718048096,63.733022809028625
75.33637303113937,63.645626962184906
92.71976602077484,51.41023397445679
92.47415369749069,72.93384629487991
89.33953404426575,66.97546595335007
93.20492660999298,64.70207339525223
111.64432138204575,63.81867861747742
94.71371215581894,65.17628782987595
103.68910902738571,63.847890973091125
90.74049800634384,106.72250199317932
80.3268718123436,98.69112819433212
83.78626322746277,92.084736764431
83.0766550898552,93.47834491729736
83.22004735469818,93.37295264005661
79.64144033193588,100.10055965185165
79.22783350944519,88.54916650056839
85.3902268409729,88.07277315855026
78.62561559677124,91.44838440418243
81.02801066637039,99.0649893283844
86.13439851999283,101.03260147571564
82.7947758436203,95.4452241063118
82.08616864681244,96.06183135509491
80.39656049013138,101.45443952083588
78.72495478391647,93.12704521417618
80.73834884166718,90.37265115976334
82.91873723268509,96.37726277112961
78.52512270212173,93.0118772983551
82.57551723718643,91.4624827504158
78.55191123485565,91.04108875989914
82.58430707454681,91.15669292211533
78.35570061206818,92.2172994017601
75.53709715604782,90.57490283250809
75.42049431800842,86.96950566768646
73.95288944244385,88.54711055755615
78.68728131055832,89.10871869325638
87.60867047309875,90.59532952308655
53.84405303001404,69.24794697761536
48.7844432592392,68.12355673313141
64.98283672332764,57.739163279533386
79.9042301774025,40.31876981258392
82.78662043809891,64.3243795633316
69.87501102685928,77.75398898124695
83.11039537191391,64.48260462284088
97.79078602790833,60.35821396112442
70.30418002605438,67.19581997394562
71.68757265806198,67.66342735290527
99.60896176099777,66.89103823900223
89.25234538316727,67.93365460634232
98.85773605108261,66.4562639594078
81.82828360795975,97.85671639442444
79.19467025995255,99.39832973480225
79.24506187438965,95.12593811750412
77.48044764995575,92.07455235719681
77.99484032392502,92.00615966320038
77.13723456859589,91.60276544094086
81.5766299366951,92.73837006092072
79.27502167224884,96.03997832536697
76.73341166973114,39.433588325977325
73.82080727815628,90.9571927189827
84.09320116043091,91.48079884052277
77.45959615707397,90.78140383958817
76.97199165821075,46.805008351802826
79.8933846950531,91.903615295887
77.40677654743195,91.40822345018387
76.15556752681732,53.10343247652054
71.70595592260361,67.2010440826416
52.55333912372589,76.98366087675095
102.02971857786179,70.6552814245224
109.78308868408203,51.1419113278389
81.61247277259827,52.85152721405029
90.79185837507248,47.02214163541794
77.67623394727707,99.82376605272293
112.55961239337921,61.107387602329254
124.46200454235077,72.87099546194077
97.73439645767212,65.71060353517532
91.50679075717926,71.4562092423439
104.24318391084671,54.55281609296799
92.03357726335526,68.817422747612
128.49297136068344,63.93402862548828
96.8943652510643,65.05063474178314
103.64875912666321,56.59224086999893
101.81114941835403,71.3188505768776
101.99052733182907,106.0834726691246
82.13389307260513,98.25610691308975
83.16628551483154,95.09371447563171
87.32767969369888,91.19132030010223
82.15607273578644,90.25192725658417
86.29846489429474,92.46053510904312
95.77484619617462,107.28115379810333
96.91821241378784,101.93378758430481
84.83860528469086,91.1243947148323
81.29699963331223,93.35100036859512
80.6253941655159,95.13460582494736
80.76778984069824,93.3802101612091
87.68918508291245,92.29281491041183
81.40657913684845,90.42742085456848
82.66097503900528,91.35802495479584
81.7113676071167,90.10363239049911
97.20575523376465,111.66424477100372
82.90513104200363,92.20686894655228
84.51052564382553,94.9154743552208
82.4879207611084,91.64307922124863
82.5933148264885,90.7026851773262
81.36570858955383,93.63429141044617
95.78609997034073,105.17590004205704
96.26346796751022,101.94053202867508
89.42485964298248,96.5561403632164
81.58625161647797,91.41374838352203
81.30264657735825,91.2333534359932
81.61304187774658,89.42395812273026
86.42243671417236,89.65056329965591
80.75183069705963,89.95216929912567
82.11722445487976,94.88277554512024
83.4076178073883,89.33338218927383
94.84700679779053,97.31899321079254
81.19438111782074,92.87961888313293
84.42977553606033,89.64422446489334
81.79517006874084,91.48282992839813
92.97556561231613,96.17343437671661
82.35895586013794,88.84504413604736
95.28034418821335,98.68365579843521
97.05271124839783,101.20628875494003
87.54810416698456,89.02589583396912
81.44949799776077,89.19850200414658
91.22289174795151,91.12910825014114
82.05028611421585,92.35671389102936
87.58267962932587,88.91732037067413
80.20807528495789,89.45892471075058
80.25847113132477,87.77952885627747
83.86486530303955,87.33913469314575
89.9882550239563,94.64074498414993
81.50162625312805,87.10937374830246
82.7010201215744,88.92897987365723
85.14041483402252,87.54458516836166
81.72780686616898,88.97619313001633
81.20420002937317,88.85079997777939
101.9395882487297,102.37441176176071
104.63794392347336,103.08405607938766
95.9663297533989,93.38467025756836
87.9057188630104,85.7972811460495
83.10410898923874,88.17289102077484
83.00749921798706,86.2525007724762
89.4088905453682,85.81310945749283
83.18228167295456,85.50371831655502
83.65867352485657,88.06432646512985
84.02306538820267,87.16093462705612
98.537448823452,100.35155117511749
84.92181462049484,88.06018537282944
86.25020384788513,93.13979613780975
86.42959290742874,88.45940709114075
86.34998315572739,87.65001684427261
83.71537178754807,88.41362822055817
101.39575356245041,100.12324643135071
102.18711167573929,96.83188831806183
87.4044998884201,85.39250010251999
83.78788977861404,90.00811022520065
82.41328030824661,87.36471968889236
82.79667162895203,86.87032836675644
97.58706325292587,95.50493675470352
87.6574559211731,86.9355440735817
83.8738483786583,88.58915162086487
82.12824147939682,84.63175851106644
93.5856232047081,98.89537680149078
85.04398769140244,86.43801230192184
92.3543746471405,88.1466253399849
85.05276030302048,87.85523968935013
84.140152156353,89.61884784698486
83.72754222154617,87.43945777416229
103.8699244260788,106.83307558298111
101.84728014469147,94.68971985578537
88.37967032194138,88.51032966375351
79.50406181812286,86.51493817567825
85.3314539194107,89.94654607772827
82.30784475803375,86.32215523719788
86.21123617887497,86.1597638130188
81.48362731933594,86.22037267684937
80.01501792669296,89.52098208665848
82.39841067790985,86.9525893330574
96.70880258083344,93.45819741487503
101.29617983102798,92.79582017660141
88.40154141187668,91.63445860147476
84.82293117046356,92.54706883430481
93.18832296133041,89.08967703580856
83.23871439695358,86.59428560733795
101.80809682607651,100.08090317249298
99.19145345687866,101.28954654932022
87.87184143066406,88.61015856266022
83.10723453760147,90.78176546096802
83.02862632274628,92.41537368297577
82.65301847457886,87.75398153066635
87.94441038370132,89.49958962202072
86.77280384302139,90.54219615459442
82.87819683551788,89.15780317783356
84.94759112596512,88.44140887260437
79.9239838719368,90.39101612567902
95.15936583280563,94.9696341753006
98.84071862697601,96.73328137397766
90.33510756492615,89.62789243459702
96.58949881792068,96.61550122499466
93.76989006996155,93.82410991191864
145.82027369737625,62.716726303100586
80.94447606801987,86.81552392244339
78.25386333465576,88.30213665962219
77.84125828742981,90.5657417178154
77.3546530008316,90.36734700202942
78.57204860448837,88.18695139884949
78.01144278049469,87.13655722141266
78.41383850574493,88.51216149330139
79.797234416008,92.33176559209824
76.6066306233406,87.81836938858032
78.25102639198303,90.02797359228134
80.93141740560532,89.2915825843811
87.7778069972992,41.0191929936409
77.6242008805275,35.83879911899567
77.84159719944,93.8624027967453
107.59038203954697,32.94661796092987
119.73376309871674,64.1002368927002
111.22915291786194,61.326847076416016
81.76054471731186,91.83245527744293
83.92293685674667,61.3560631275177
80.04632753133774,93.5826724767685
82.78272026777267,88.9952797293663
82.72211301326752,91.57388699054718
81.23450487852097,59.87549513578415
79.91589677333832,86.62110322713852
82.17028838396072,86.77471160888672
84.70167380571365,98.63132619857788
98.58605444431305,72.74694555997849
80.85844379663467,92.77155619859695
82.53783309459686,93.03616690635681
85.77322262525558,92.09577739238739
81.56561321020126,95.02738678455353
95.077996134758,68.86600387096405
81.64736825227737,86.27763175964355
86.0307582616806,95.33824175596237
79.52614897489548,96.67785102128983
82.76154112815857,85.47845888137817
83.79393202066422,88.07606798410416
80.2153240442276,85.76667594909668
84.37671542167664,88.51228457689285
80.92710757255554,85.70189243555069
80.31049889326096,86.836501121521
85.49088501930237,90.50811499357224
80.9682629108429,89.80973708629608
80.11065393686295,88.94434607028961
80.32804465293884,87.06095534563065
83.87843561172485,85.80656439065933
79.7618265748024,89.84917342662811
91.60921227931976,95.5577877163887
84.73359030485153,90.58140969276428
81.54297679662704,90.47502321004868
81.11236929893494,91.55463069677353
79.6817626953125,90.7262372970581
79.6201583147049,96.06484168767929
79.54155421257019,89.95844578742981
78.33294886350632,89.29705113172531
81.60534447431564,88.45065551996231
80.10073751211166,88.30626249313354
90.42812520265579,91.49687480926514
78.05350089073181,89.42849910259247
78.23389619588852,88.45110380649567
80.80229085683823,89.06770914793015
78.834681391716,87.27631860971451
79.8290748000145,91.29992520809174
92.47246319055557,91.78753679990768
79.9668396115303,89.2361603975296
80.50023204088211,87.90876793861389
77.86462426185608,90.09737575054169
78.5630202293396,87.99197977781296
78.8734148144722,93.40458518266678
79.94281005859375,89.05718994140625
81.23420625925064,92.19279372692108
79.30260002613068,93.95639997720718
82.11199235916138,88.83200764656067
88.0693793296814,90.39262068271637
91.50975692272186,46.69424307346344
80.57915115356445,97.21784883737564
81.25854468345642,96.98245531320572
78.56893873214722,86.02406126260757
80.48933309316635,89.41766691207886
96.37272083759308,44.97927916049957
81.2750945687294,92.70590543746948
80.8444852232933,90.52651476860046
80.63587683439255,91.12412315607071
80.53826761245728,88.31373238563538
79.51465910673141,95.17134088277817
81.37904983758926,90.21195018291473
82.33744060993195,92.14355939626694
78.64783269166946,85.96316730976105
80.34622752666473,88.83877247571945
92.50861513614655,91.8433848619461
87.31798934936523,87.47901064157486
81.59037864208221,85.816621363163
77.38176983594894,89.41523015499115
80.96816146373749,86.14283853769302
81.13055223226547,85.5354477763176
94.3669353723526,41.87406462430954
88.62030923366547,89.61969077587128
79.37470126152039,86.34829872846603
81.87009298801422,87.27890700101852
80.06848531961441,86.56151467561722
77.1188777089119,87.6771222949028
80.0392717719078,88.03372824192047
79.59066545963287,92.8913345336914
81.80805891752243,86.91494107246399
80.48745274543762,87.56754726171494
83.03784251213074,89.01815748214722
85.77422481775284,89.78177517652512
80.58360308408737,87.89839690923691
78.76399171352386,89.9030082821846
79.61138552427292,85.79661446809769
82.1057790517807,90.6912209391594
92.86016565561295,44.01083433628082
84.91054338216782,89.92245662212372
86.73793011903763,90.41006988286972
85.80732136964798,88.3776786327362
79.41371488571167,88.43828511238098
86.74111026525497,32.27588975429535
81.45850539207458,93.06049460172653
86.28690046072006,91.62009954452515
85.93029642105103,91.51470357179642
83.07369112968445,89.63030886650085
86.21608448028564,89.41291552782059
90.6184709072113,92.25152909755707
83.50184881687164,88.79415118694305
87.97923803329468,84.70576196908951
84.08462762832642,86.89637237787247
82.95001846551895,87.4939815402031
93.834403693676,49.647596299648285
82.38477915525436,32.5782208442688
83.95417147874832,85.39782851934433
85.05956327915192,87.21843671798706
81.59195727109909,84.16804271936417
52.27235150337219,61.56164848804474
83.32174581289291,85.54825419187546
81.55813723802567,89.38686275482178
81.1265315413475,83.63246846199036
74.91792643070221,58.60007357597351
81.50632178783417,86.08667820692062
90.37071132659912,36.99928867816925
83.05109143257141,84.33790856599808
89.08348059654236,87.6755194067955
84.31887036561966,86.03312963247299
82.05526125431061,88.11173874139786
96.08765041828156,51.65434956550598
85.56302738189697,33.63997262716293
84.48441743850708,89.21958255767822
84.42380905151367,86.52119094133377
83.1962018609047,84.52579814195633
82.50559669733047,85.2714033126831
88.63099104166031,84.90600895881653
81.32938426733017,87.09661573171616
86.65777802467346,88.58322197198868
86.67117255926132,87.18082743883133
83.48156762123108,86.03843235969543
102.69795113801956,89.4690488576889
84.60032099485397,86.58467900753021
86.59571135044098,88.16428864002228
82.34910279512405,87.05789721012115
82.26949578523636,87.06350421905518
99.7468832731247,36.56811672449112
90.31525659561157,86.5547434091568
84.36663949489594,86.70836049318314
84.54603099822998,87.47196900844574
103.5594180226326,61.4405819773674
112.05481171607971,56.223188281059265
82.86421012878418,86.06078988313675
121.22960007190704,49.23339992761612
84.11382389068604,84.1281760931015
82.57121640443802,87.66978359222412
82.15860736370087,86.34139263629913
87.39497953653336,94.53102046251297
80.98134708404541,95.05465292930603
84.51373821496964,90.70826178789139
81.41612505912781,90.02887493371964
89.26351565122604,91.66248434782028
86.05389273166656,89.09410727024078
84.66027706861496,89.61672294139862
79.0626659989357,89.65933400392532
81.52106130123138,87.83093869686127
80.3124543428421,87.55854564905167
82.69584947824478,90.63815051317215
82.94923961162567,95.34576040506363
79.98262578248978,88.66637420654297
80.62501060962677,85.02298939228058
91.24939781427383,61.52860218286514
88.7077876329422,61.27421236038208
132.85117661952972,63.05682337284088
81.97539871931076,84.87660127878189
79.43279486894608,84.30820512771606
79.61319082975388,88.75780916213989
83.31158649921417,89.22541350126266
78.52898353338242,82.93401646614075
81.56037735939026,83.95762264728546
68.53777021169662,59.27722978591919
84.49516695737839,54.615833044052124
79.82356381416321,59.21343618631363
85.57695966959,59.329040348529816
91.75835627317429,57.39064371585846
110.56775099039078,53.5062490105629
92.19214183092117,66.77085816860199
98.66853791475296,66.47946208715439
104.94093525409698,64.04106479883194
89.51032835245132,93.82267165184021
84.85771858692169,85.55028140544891
83.18511426448822,86.51888573169708
50.27350878715515,64.19049119949341
66.76790428161621,54.5470957159996
62.52230107784271,60.866698920726776
73.12769424915314,67.44530576467514
75.56808590888977,61.93191409111023
92.59948027133942,54.49251973628998
86.77887672185898,62.313123285770416
91.51627260446548,66.35472738742828
90.45566737651825,66.30433261394501
101.50605255365372,54.90194743871689
82.68544089794159,64.09255909919739
79.53283196687698,68.70816802978516
93.71321904659271,47.34278094768524
84.26348841190338,91.94151157140732
80.55387371778488,88.44612628221512
79.27126556634903,89.43273442983627
82.28465926647186,86.974340736866
81.4460506439209,89.6459493637085
79.42244166135788,89.29955834150314
87.95383006334305,87.24916994571686
79.07921475172043,84.93878525495529
79.18560814857483,87.09239184856415
80.47699999809265,84.6719999909401
89.41538792848587,88.47361207008362
80.33676582574844,91.94023418426514
78.09115529060364,88.92684471607208
86.0495468378067,86.48745316267014
83.95092749595642,85.66007250547409
86.70530790090561,87.14669209718704
83.84868878126144,90.7993112206459
85.26907074451447,88.56392925977707
80.15345472097397,88.12454527616501
79.62884539365768,88.46315461397171
85.47623771429062,91.4497622847557
80.47162985801697,90.56637012958527
84.70701718330383,90.71898281574249
82.49840182065964,83.70459818840027
81.9747946858406,89.30320531129837
79.22918647527695,86.53081351518631
79.39056903123856,89.20243096351624
80.7369629740715,90.24403703212738
78.38035696744919,46.564643025398254
77.39375245571136,88.68024754524231
78.33314830064774,86.48185169696808
77.75354421138763,86.5794557929039
77.71194022893906,72.12105977535248
81.65133160352707,90.47866839170456
81.66471868753433,85.59428131580353
96.11750501394272,69.62249499559402
78.8862875699997,40.31771242618561
80.56567722558975,83.84232276678085
89.07906538248062,68.9389346241951
106.85245841741562,70.33254158496857
85.64385569095612,92.85614430904388
98.08223539590836,66.565764605999
113.16962707042694,59.81137293577194
108.4060218334198,60.03897815942764
100.73341232538223,69.11758768558502
105.4508067369461,63.36319327354431
79.70520532131195,89.60879468917847
88.23759531974792,94.1884046792984
84.39897763729095,93.47102236747742
79.89337235689163,92.51362764835358
79.83276814222336,95.07423186302185
81.5501639842987,90.68983602523804
84.87955701351166,90.73244297504425
80.6329453587532,93.3670546412468
81.72034019231796,50.79765981435776
82.4377349615097,86.58126503229141
80.11812949180603,86.77187049388885
81.70552450418472,85.35047549009323
78.86691981554031,73.41008019447327
82.38131403923035,85.41568595170975
80.35670816898346,88.53229182958603
85.68510401248932,86.0368959903717
105.14349907636642,75.17150092124939
84.28588944673538,91.63911056518555
91.79927575588226,38.57072424888611
95.72066748142242,37.05733251571655
124.97406107187271,72.96993893384933
83.72945630550385,80.14154368638992
93.64984333515167,73.75715667009354
97.81123065948486,66.72476935386658
113.62162405252457,62.064375936985016
106.04201912879944,68.53198087215424
107.36941313743591,70.4445868730545
87.49481010437012,95.15318989753723
87.08220529556274,89.43579471111298
85.85460031032562,92.83039969205856
87.27599555253983,39.39100444316864
83.51238584518433,90.85861414670944
84.8207813501358,92.36421865224838
101.09416806697845,39.57283192873001
69.66253584623337,68.63346415758133
63.45491921901703,68.45308077335358
92.37530422210693,31.476695775985718
101.01867109537125,70.05632889270782
118.55005896091461,72.17194104194641
94.10141897201538,71.93558102846146
130.13280421495438,36.27419579029083
93.99819380044937,61.168806195259094
103.67858898639679,71.09941101074219
78.78483462333679,88.86416536569595
80.14922958612442,88.9607704281807
79.366623878479,85.94837611913681
79.43501871824265,87.24998128414154
78.68941313028336,86.90258687734604
78.7228074669838,98.33319252729416
85.55019760131836,91.6168023943901
90.04457968473434,96.43642032146454
81.03997099399567,95.97902899980545
81.64636415243149,104.742635846138
81.71575897932053,94.85924100875854
84.08114945888519,91.77185052633286
82.14953565597534,96.998464345932
85.31092536449432,73.18907463550568
86.84331917762756,88.63868081569672
52.63471460342407,71.99528539180756
52.37010967731476,76.22189033031464
66.17950391769409,60.43149608373642
57.06389939785004,65.02910059690475
64.18829447031021,66.68270552158356
65.3866890668869,64.33531093597412
86.56708371639252,53.78391629457474
90.70947116613388,78.53052884340286
105.87085396051407,83.0911460518837
104.29324167966843,69.74375832080841
117.08363425731659,58.91636574268341
133.15302592515945,56.03297406435013
131.14841616153717,54.53758382797241
111.66180378198624,104.54219621419907
81.8781481385231,104.60385185480118
85.70653998851776,86.10746002197266
90.09092998504639,87.78007000684738
82.19632309675217,91.15567690134048
81.39571815729141,92.30828183889389
83.44611370563507,89.79488629102707
82.77450913190842,87.05949085950851
82.26890420913696,87.1940957903862
85.9302989244461,88.08770108222961
97.62868392467499,108.92631608247757
85.66105204820633,95.69094794988632
83.71144193410873,88.97355806827545
83.11383521556854,90.25616478919983
93.72022747993469,90.20577251911163
86.78862130641937,87.7843787074089
101.5250096321106,102.21599036455154
86.14837288856506,95.70262712240219
82.43976378440857,88.96723622083664
98.56515753269196,103.990842461586
84.33855068683624,88.47644931077957
84.57294428348541,90.79605573415756
80.67933768033981,87.54266232252121
87.229731798172,87.5662682056427
80.59612661600113,89.08987337350845
86.4425213932991,92.15047860145569
89.9749127626419,90.21108722686768
104.54329204559326,96.66070795059204
83.96366208791733,90.18333792686462
81.53305435180664,90.59694564342499
90.38044786453247,90.65655213594437
87.80084186792374,87.4401581287384
106.79522836208344,101.79677164554596
85.38358497619629,87.0054150223732
82.98897308111191,87.17702692747116
88.48336809873581,88.75663191080093
81.68376398086548,87.61423599720001
82.54815977811813,89.82284021377563
83.93255442380905,87.04944556951523
92.31594842672348,98.9620515704155
84.16334301233292,90.30065697431564
85.990738093853,90.93526190519333
84.87413316965103,87.10686683654785
93.3135222196579,103.11147779226303
84.03089439868927,87.89410561323166
84.84128725528717,93.99271273612976
93.0956791639328,93.66332083940506
85.27507436275482,89.09492564201355
98.08546286821365,106.91553711891174
84.20983105897903,91.29016894102097
89.55622345209122,88.18377655744553
89.27361696958542,88.85538303852081
85.76901000738144,91.675989985466
83.22640419006348,92.16259580850601
85.31379908323288,88.50120091438293
87.27219349145889,85.87580651044846
83.06358820199966,86.41741180419922
85.65098172426224,89.6820182800293
84.8673751950264,87.35362482070923
104.04776161909103,106.84123837947845
85.2281322479248,87.73486775159836
86.96352475881577,89.33247524499893
91.14491641521454,88.98608356714249
85.49131047725677,89.97168952226639
104.28169971704483,98.58830028772354
85.07405829429626,91.53794169425964
83.38345021009445,88.54254978895187
91.98984491825104,87.69515508413315
83.92823660373688,87.58976340293884
83.86762952804565,89.24337047338486
82.91802334785461,87.46997666358948
83.65441745519638,88.7355825304985
83.37081134319305,88.12818866968155
83.99620515108109,90.02279484272003
84.39860045909882,87.78639954328537
91.13398694992065,98.64301306009293
83.48035651445389,87.94564348459244
83.58674776554108,88.85825222730637
96.93414038419724,101.86285960674286
95.74353361129761,95.5714663863182
102.16392034292221,99.76207965612411
97.5292838215828,92.48871618509293
84.59867489337921,87.75332510471344
86.77806895971298,88.499931037426
83.31046265363693,87.30053734779358
82.71285778284073,88.34314221143723
82.85525238513947,87.23574763536453
88.2206472158432,86.7793527841568
84.73504209518433,87.26495790481567
86.30343514680862,89.36256486177444
85.40982842445374,89.07217156887054
94.36821323633194,99.02078676223755
85.2145847082138,90.35941529273987
83.63497620820999,90.88302379846573
94.27837044000626,89.25762957334518
85.36576455831528,87.43023544549942
97.4531489610672,101.02785104513168
90.39251685142517,96.08848315477371
84.33190870285034,85.46409130096436
94.32730287313461,95.4876971244812
85.52569729089737,89.02930271625519
82.15109074115753,89.09090924263
85.55348527431488,86.35451471805573
83.26987874507904,88.1751212477684
83.80127280950546,89.90172719955444
85.18566697835922,90.35133302211761
84.7550619840622,89.81893801689148
94.39844870567322,95.93555128574371
83.09681814908981,89.23718184232712
85.12821012735367,95.81578987836838
100.36460220813751,97.11739778518677
90.89699494838715,92.71500504016876
97.1513820886612,102.03461790084839
82.2017492055893,91.1872507929802
82.30714017152786,87.17485982179642
87.11753231287003,89.41946768760681
84.55692464113235,87.75907534360886
83.92231976985931,88.52268022298813
85.84271377325058,88.47228622436523
98.72610801458359,95.3658919930458
84.31350207328796,86.79749792814255
85.75289678573608,90.06110322475433
84.02629172801971,87.64070826768875
93.33567726612091,97.40532273054123
84.55304652452469,91.37295347452164
83.32643866539001,88.59956133365631
99.24583125114441,97.12416875362396
92.11122411489487,92.01777589321136
91.36561220884323,99.44938778877258
96.00898706912994,103.84301292896271
84.26335471868515,88.10664528608322
85.90574812889099,87.7782518863678
82.90114152431488,87.06085848808289
83.10053616762161,89.08546382188797
84.51993077993393,86.83106923103333
83.84932374954224,86.3916762471199
82.21471869945526,91.2482813000679
84.89411348104477,91.01288652420044
83.74050813913345,87.59149187803268
105.88389199972153,107.48610800504684
88.95325201749802,93.02774798870087
82.98563808202744,94.90436190366745
97.51703053712845,101.38996946811676
91.03042370080948,92.96957629919052
83.89681714773178,92.4931828379631
97.61320477724075,100.29379522800446
84.33056938648224,89.31743061542511
87.80696296691895,87.6380370259285
83.89435464143753,88.0316453576088
82.31574827432632,88.70325171947479
85.19914257526398,86.7818574309349
87.13853514194489,89.8434648513794
85.00392878055573,86.73707121610641
87.38732308149338,92.55667692422867
87.06771618127823,88.32128381729126
85.15611034631729,88.19688963890076
95.8904977440834,100.79450225830078
92.18286472558975,95.29913526773453
95.17725694179535,93.58274304866791
95.33864665031433,113.05035334825516
81.9270413517952,87.5739586353302
98.4584282040596,106.18957179784775
87.36079108715057,89.84320890903473
89.48518252372742,87.7368174791336
85.07257467508316,87.29742532968521
82.71596902608871,89.28403097391129
84.1373638510704,87.02963614463806
82.29875838756561,87.3122416138649
83.40415251255035,87.8548474907875
92.28854614496231,93.47145384550095
85.04194068908691,85.90205931663513
84.79733294248581,89.01766705513
97.03171765804291,100.83828234672546
92.30508440732956,93.12091559171677
90.33746808767319,90.31153190135956
85.12786173820496,86.9271382689476
84.58625543117523,87.52474457025528
97.76664227247238,102.30835771560669
84.7620038986206,89.9419960975647
96.23839443922043,98.02160555124283
76.06578719615936,89.45321279764175
81.35718089342117,87.29081910848618
83.27857393026352,86.62942606210709
87.30996859073639,87.89303141832352
83.91636276245117,89.84363722801208
85.66975611448288,88.99624389410019
88.7021496295929,87.3898503780365
84.99354374408722,88.5244562625885
94.72892898321152,100.40007102489471
92.3162893652916,94.20171064138412
113.05267989635468,103.74332010746002
99.62207019329071,101.50892978906631
87.32046204805374,87.45753794908524
103.110848903656,108.75815111398697
87.6992124915123,90.24578750133514
91.6756021976471,87.8243978023529
83.57799404859543,89.08900594711304
84.49838727712631,88.50161272287369
83.45677870512009,89.87722128629684
89.80317306518555,94.8448269367218
86.83556634187698,88.25743365287781
90.49695867300034,90.94704133272171
91.45435047149658,88.91564953327179
89.76474457979202,89.957255423069
96.22312587499619,99.961874127388
106.2904908657074,106.50550907850266
88.95288234949112,93.78711766004562
89.55927556753159,88.05272442102432
84.16466969251633,89.18733030557632
103.54905724525452,104.33994275331497
83.6544206738472,88.17857933044434
88.66881144046783,91.77618855237961
86.4592045545578,88.79979544878006
82.93659770488739,89.47140228748322
86.20899230241776,88.9390076994896
86.59238594770432,86.35161405801773
105.19877856969833,103.31922143697739
91.65717273950577,89.17682725191116
91.98456543684006,87.25543457269669
96.70295894145966,99.3530410528183
103.104343354702,102.74665665626526
96.19171303510666,96.77028697729111
88.39010411500931,89.96089589595795
87.08949673175812,88.91050326824188
85.56588977575302,90.61911022663116
98.986277282238,101.36472272872925
86.8706414103508,89.68535858392715
88.64303416013718,92.52296584844589
83.82342779636383,87.82557219266891
85.20682042837143,94.84817957878113
86.3872139453888,86.83478605747223
85.60460686683655,89.4513931274414
94.89600092172623,94.9379990696907
89.18639552593231,90.64660447835922
88.77479040622711,88.91020959615707
83.43618208169937,88.36081790924072
99.39355939626694,101.69844061136246
101.5739238858223,103.0180761218071
93.7913167476654,92.17168325185776
94.15670996904373,98.25129002332687
83.1521047949791,88.58889520168304
100.83149307966232,106.31650692224503
88.01964473724365,87.8313552737236
86.10803806781769,91.02196192741394
80.58343082666397,86.86056917905807
86.1348248720169,86.05117511749268
82.1852199435234,87.38878005743027
99.84661382436752,89.1713861823082
89.00800669193268,86.02899330854416
85.92939746379852,90.01560252904892
93.86878019571304,98.72421979904175
94.14115035533905,95.43284964561462
84.08054250478745,87.53045749664307
87.18593519926071,86.96106481552124
83.589326441288,87.22567355632782
97.80571514368057,100.9722848534584
87.7270804643631,89.68091952800751
96.16647189855576,102.51852810382843
85.17986571788788,87.37513428926468
86.60125988721848,92.49174010753632
83.13265132904053,87.94134867191315
82.66504406929016,86.87195593118668
83.38243865966797,87.74756133556366
91.54383182525635,91.77116817235947
84.94622588157654,86.99777412414551
85.49661922454834,90.0403807759285
96.80600321292877,102.43499678373337
98.931367456913,100.12463253736496
83.11074411869049,87.81525588035583
84.97613561153412,88.37586438655853
85.08252865076065,87.6774713397026
87.61392033100128,94.97807967662811
100.3683003783226,103.37169963121414
87.32566475868225,89.09933525323868
84.28405672311783,86.75294327735901
82.63145041465759,89.84954959154129
82.86584448814392,87.37415546178818
98.15823698043823,99.24976301193237
85.52362990379333,87.8103700876236
91.13002002239227,92.90797996520996
83.99441307783127,86.30158692598343
86.08180642127991,88.62119358778
85.05919808149338,87.95980191230774
99.77558523416519,101.14941477775574
89.04795634746552,92.34004366397858
85.72834652662277,89.17865347862244
92.11173784732819,88.79526215791702
81.88512772321701,90.54087227582932
98.5475161075592,103.80548387765884
90.17187875509262,92.01312124729156
88.07426518201828,92.38873481750488
84.60665398836136,92.33834600448608
83.21204710006714,87.78795289993286
83.33643960952759,86.86756038665771
84.03482866287231,88.18717133998871
88.58522260189056,90.52577739953995
83.46961694955826,87.64238303899765
93.94601148366928,94.79498851299286
85.25540345907211,90.50359654426575
98.39879047870636,97.7682095170021
87.94916236400604,91.10583764314651
81.85155510902405,88.77844488620758
89.95795059204102,88.13504940271378
83.45234251022339,91.0286574959755
101.85573035478592,98.83026963472366
88.57209342718124,92.4649065732956
85.23448473215103,88.98851525783539
87.35887771844864,90.43812227249146
81.6492702960968,87.38772970438004
89.84866452217102,87.20733547210693
84.9540581703186,87.37894183397293
89.41245150566101,92.64354848861694
84.53684532642365,87.6111546754837
84.43923878669739,88.3577612042427
83.76663041114807,86.3063696026802
101.18801712989807,109.49698287248611
87.10938960313797,92.79761040210724
94.06778061389923,94.60021936893463
92.80217325687408,86.66082674264908
83.79756623506546,89.73943376541138
98.79295456409454,99.00304543972015
87.58332031965256,88.60167968273163
84.87471389770508,88.05128610134125
82.63010692596436,89.1298930644989
82.97650164365768,86.65349835157394
81.82289218902588,87.28810781240463
84.91028720140457,87.57071280479431
90.1086819767952,91.03931802511215
82.34507781267166,88.06292217969894
84.52447128295898,90.91952872276306
80.38986337184906,87.5731366276741
104.68125057220459,103.05874943733215
84.06461781263351,92.4533821940422
81.67200917005539,88.9209908246994
90.83340162038803,89.37059837579727
85.73579412698746,92.95020586252213
103.19318109750748,102.39981889724731
97.85454261302948,101.2194573879242
90.3859314918518,89.94706851243973
85.17732208967209,93.48867791891098
87.24671506881714,89.3822849392891
87.0761046409607,88.88689535856247
85.08849829435349,91.15150171518326
92.23189198970795,92.2121080160141
87.19028627872467,87.49571371078491
85.96168076992035,89.00031924247742
85.34607422351837,89.8209257721901
105.52646124362946,101.17753875255585
115.0398216843605,63.97917830944061
78.07104164361954,88.31795835494995
79.95543080568314,86.80356919765472
81.39482289552689,88.71617710590363
88.24219191074371,93.20280808210373
82.69957256317139,91.00442743301392
83.4539652466774,89.97203475236893
82.41235774755478,90.92164224386215
80.66574960947037,88.44525039196014
87.03113341331482,91.83986657857895
81.85952478647232,89.93647521734238
81.48391884565353,89.96008116006851
82.31231367588043,89.16968631744385
84.12270802259445,93.7292919754982
81.96910095214844,88.38289904594421
86.1674913764,97.49950861930847
87.81087577342987,92.48512423038483
81.97226673364639,91.30473327636719
82.6526552438736,90.49534475803375
85.35104739665985,91.85295259952545
92.8824343085289,93.65456569194794
84.97081446647644,92.80718553066254
83.28020352125168,99.60879647731781
82.81259459257126,92.28040540218353
80.88098722696304,94.39701277017593
82.63538008928299,91.49361991882324
83.70477312803268,93.4802268743515
81.01416492462158,94.05983507633209
83.52755910158157,89.36044090986252
88.6339527964592,95.64404720067978
81.70334136486053,91.87165862321854
90.4017283320427,98.30227166414261
85.19210863113403,93.56689137220383
88.4104973077774,93.73850268125534
87.9418808221817,89.33511918783188
87.23327285051346,94.95172715187073
87.80165719985962,93.40134280920029
84.44504076242447,94.81495922803879
84.3664311170578,91.65156888961792
83.24982249736786,94.45317751169205
82.83721369504929,98.21878629922867
83.03560656309128,94.51939344406128
83.79099953174591,94.82100045681
83.91439026594162,95.4006097316742
84.2057843208313,97.83021569252014
85.68317699432373,90.00282299518585
81.78856831789017,90.24843168258667
95.15395623445511,95.10604375600815
94.53730642795563,101.60969358682632
86.2546768784523,89.41132313013077
86.04606747627258,88.9349325299263
84.72546023130417,90.69953978061676
89.7398442029953,94.37215578556061
83.60522419214249,91.89477580785751
82.54461586475372,87.75238412618637
82.78000891208649,89.1079910993576
81.60840058326721,88.96559941768646
82.75079333782196,86.67520666122437
83.30218678712845,87.97581321001053
81.25957900285721,94.09242099523544
83.86597210168839,89.7270278930664
82.91636347770691,94.47263652086258
79.18975448608398,86.32924550771713
80.70214825868607,88.94585174322128
87.54953449964523,91.7844654917717
84.43291252851486,90.0290874838829
82.18830263614655,87.97869735956192
81.34969425201416,89.24330574274063
82.12208694219589,87.82291305065155
107.63547402620316,98.43852597475052
82.40783923864365,90.35116076469421
83.38423198461533,92.72676801681519
81.45362377166748,89.49137622117996
81.96701806783676,88.34798192977905
84.18441182374954,99.37158817052841
81.97580516338348,89.89519482851028
81.19219940900803,87.9378005862236
79.46459245681763,88.27540755271912
79.86698603630066,87.44701397418976
80.02938014268875,89.15561985969543
94.69076436758041,91.93923562765121
81.18513834476471,88.40686166286469
79.77253091335297,89.26346909999847
81.1019241809845,90.58407580852509
84.2443175315857,88.82968246936798
88.03570485115051,93.01929515600204
80.58708661794662,88.46891337633133
79.1744789481163,91.88152104616165
85.7608682513237,92.2391317486763
82.03326177597046,86.83573824167252
81.34465616941452,88.32234382629395
82.57904815673828,91.84595185518265
79.83443999290466,89.40656000375748
78.99583327770233,90.06016671657562
74.5832262635231,85.7127737402916
82.31861197948456,89.08938801288605
102.79499930143356,93.81600069999695
80.73437911272049,90.87662088871002
83.1737704873085,88.58522951602936
79.15016382932663,91.86883616447449
83.40455740690231,89.7074425816536
89.73292863368988,92.8410713672638
82.02331060171127,87.92068940401077
82.8516993522644,89.8513006567955
85.94008922576904,91.05991077423096
79.97148156166077,87.17551845312119
81.89287304878235,88.71812695264816
79.83126527070999,86.90873473882675
83.62365782260895,87.98734217882156
85.08105009794235,86.73394989967346
80.05843961238861,86.27556037902832
86.34883207082748,88.72516793012619
90.08421611785889,89.76678389310837
84.43059343099594,88.55040657520294
84.55498152971268,89.92501848936081
83.49537110328674,90.39362889528275
83.02776223421097,89.41723775863647
101.63414812088013,94.45885187387466
106.18449938297272,92.68650060892105
129.08683890104294,55.76616108417511
79.72905135154724,85.62294864654541
86.13143664598465,86.18356335163116
83.73782593011856,92.79917407035828
82.28721690177917,99.34178310632706
84.43060767650604,91.32839232683182
83.27800446748734,90.8519955277443
81.21739560365677,91.72760438919067
79.08278900384903,90.47321099042892
84.98518162965775,89.49681836366653
78.57256346940994,86.00143653154373
77.69696056842804,89.4520394206047
82.9323581457138,91.93764185905457
78.94675374031067,94.09024626016617
84.2741476893425,92.20685231685638
79.65854305028915,90.11945694684982
82.15393698215485,94.36606299877167
79.74032908678055,32.406670928001404
63.30972385406494,58.450276136398315
61.657121777534485,65.28787821531296
73.35551476478577,66.25548523664474
66.59091049432755,69.13208949565887
63.43729943037033,67.02470058202744
66.46969556808472,67.40030443668365
83.50109100341797,64.18290901184082
81.62648105621338,71.22551894187927
85.50987148284912,64.86012852191925
82.32026046514511,74.36473953723907
94.66665083169937,57.777349174022675
92.81004738807678,63.708952605724335
102.82344037294388,66.47355961799622
109.3548309803009,63.47816902399063
81.25722479820251,94.77977520227432
80.88261967897415,92.74738031625748
83.6740140914917,90.65898591279984
83.26039838790894,89.99860161542892
85.03379333019257,93.1332066655159
81.19518381357193,89.89681619405746
83.35757952928543,92.01342046260834
83.35197520256042,90.2780247926712
80.66136783361435,94.33863216638565
83.45276147127151,96.82523852586746
78.61514407396317,91.21885591745377
78.75753998756409,96.76046001911163
82.25293558835983,91.26606440544128
78.13632690906525,93.67867308855057
89.0577203631401,96.16527962684631
80.05210256576538,92.0218974351883
78.12149727344513,95.24850273132324
81.8198933005333,100.25410670042038
79.12928432226181,87.81471568346024
82.79168075323105,89.96831923723221
86.52607083320618,88.43592917919159
80.0774649977684,88.25653499364853
81.75685942173004,89.16814059019089
78.95625126361847,88.93274873495102
82.06264680624008,91.27035319805145
83.44603854417801,87.53496146202087
81.99642950296402,97.5215705037117
82.9548214673996,87.06417852640152
83.45021206140518,88.55078792572021
85.14760720729828,87.99939280748367
80.2729964852333,86.52300351858139
81.56438797712326,84.26961201429367
80.67078161239624,88.0712183713913
79.09117305278778,83.96482694149017
81.15956699848175,85.24743300676346
77.61795800924301,84.17804199457169
81.21875208616257,84.55924791097641
81.58414000272751,83.08285999298096
87.07953453063965,81.95846545696259
78.12892627716064,87.24107372760773
77.92032366991043,83.22767633199692
84.5827174782753,40.06528252363205
49.633100628852844,63.14489936828613
64.9604966044426,54.26150339841843
50.1228883266449,62.1731116771698
59.56228017807007,72.86371982097626
62.298669040203094,63.35033094882965
72.33006030321121,55.24393969774246
60.63945531845093,64.50854468345642
61.35684669017792,64.43915331363678
61.72224277257919,67.51875722408295
81.14363753795624,53.5973624587059
66.73003005981445,63.99196994304657
70.92842680215836,63.57057321071625
75.29381960630417,61.964180409908295
99.64121681451797,42.4327831864357
84.58060872554779,58.15939128398895
82.61299455165863,62.75700545310974
74.7743746638298,62.28162533044815
88.1767635345459,50.69423645734787
70.0411536693573,60.99584633111954
67.35254335403442,62.16745662689209
61.92091923952103,64.0050807595253
87.06329488754272,85.82470512390137
82.31767624616623,82.08932375907898
82.46106845140457,83.29793155193329
77.90046000480652,83.6185399889946
79.74685317277908,83.36414682865143
81.11224579811096,82.22075420618057
82.4226348400116,82.42936515808105
80.2880192399025,85.10098075866699
81.1534098982811,85.0505900979042
82.07480108737946,83.50019890069962
87.67918854951859,84.05981147289276
80.45357418060303,83.12142580747604
80.0209669470787,84.49703305959702
80.23935985565186,82.14964014291763
80.60375225543976,83.52524775266647
84.3951388001442,84.1968612074852
82.16852271556854,86.31347727775574
80.06991136074066,87.1890886425972
80.19530338048935,82.00769662857056
79.93169593811035,83.49530404806137
83.98207825422287,88.44392174482346
83.3094527721405,92.5975472331047
81.23084461688995,86.5281553864479
81.35423630475998,83.99676370620728
80.16462761163712,87.83537238836288
79.75202000141144,83.80298000574112
86.08140337467194,88.93859660625458
80.87178784608841,84.22121214866638
80.21818029880524,85.42981970310211
80.02857500314713,84.41642498970032
