自估上行时延,自估下行时延
85.11696630716324,87.1230337023735
87.77269876003265,84.13530123233795
84.53843057155609,85.07356941699982
85.28516322374344,87.73383677005768
82.56889629364014,87.89410370588303
84.39062994718552,85.22137004137039
84.19236218929291,87.17763781547546
83.90309488773346,87.22690510749817
87.73056721687317,92.95443278551102
98.1062947511673,91.72670525312424
83.98299819231033,88.31300181150436
81.41573095321655,86.36226904392242
83.92146652936935,87.59653347730637
84.09519308805466,89.53380692005157
100.71191793680191,104.1950820684433
84.05161261558533,89.3733873963356
84.872345328331,85.9236546754837
83.91708040237427,86.4529196023941
84.71881330013275,87.74418669939041
83.63354343175888,86.18145656585693
90.88027518987656,112.1757248044014
85.71899873018265,87.85400128364563
81.61473035812378,87.49626964330673
84.36146312952042,83.82353687286377
87.07119393348694,89.83580607175827
90.63392567634583,87.27407431602478
89.04765212535858,90.4333478808403
81.86837011575699,86.03862988948822
80.57810026407242,83.29189974069595
84.1038288474083,85.63717114925385
83.8135592341423,96.03844076395035
90.19028437137604,86.03171563148499
85.27000087499619,87.0069991350174
85.79572933912277,84.05627065896988
85.91345995664597,87.08654004335403
81.84519201517105,85.43280798196793
84.96192479133606,85.90707522630692
83.43165397644043,85.38334602117538
85.06738513708115,86.65461486577988
84.44411659240723,85.20388340950012
84.74684804677963,85.95615196228027
89.92058116197586,84.46841883659363
87.70430666208267,88.12969332933426
84.78402608633041,88.2339739203453
84.54975301027298,84.0242469906807
83.77948278188705,85.23951721191406
83.17421358823776,88.38178640604019
90.23594027757645,86.63505971431732
84.44566059112549,85.2393394112587
83.48939001560211,85.08560997247696
85.79112023115158,85.96787977218628
82.6128516793251,87.35014832019806
89.39758068323135,87.32541930675507
84.01430076360703,84.07769924402237
86.22503060102463,87.96096938848495
85.11976236104965,85.67723762989044
84.25549405813217,86.09650593996048
89.67022615671158,86.38677382469177
88.04694998264313,87.75005000829697
83.66367089748383,85.9663290977478
86.4484007358551,84.60859924554825
87.21313142776489,85.00886857509613
83.47885137796402,89.07714861631393
89.35557734966278,84.64442265033722
84.54729807376862,89.60170191526413
83.85002720355988,86.07697278261185
82.44875699281693,86.29224300384521
84.82548862695694,85.89751136302948
83.5352190732956,87.09478092193604
85.2269497513771,85.73705023527145
81.32568162679672,88.8963183760643
93.18341344594955,85.61258655786514
89.13514399528503,88.4028559923172
88.99287563562393,85.50712436437607
94.31359088420868,88.27940911054611
84.5802943110466,87.49470567703247
83.9000204205513,86.5989795923233
82.38774389028549,85.42625612020493
82.91347706317902,89.1975229382515
95.29020076990128,88.56279921531677
85.98090898990631,89.18509101867676
83.06163763999939,84.3273623585701
83.56736934185028,86.74663066864014
81.79710227251053,87.31389772891998
95.82183426618576,86.25316572189331
83.18056547641754,86.7644345164299
82.96429985761642,89.07370012998581
85.32203143835068,86.32596856355667
89.53749030828476,87.44250971078873
95.34121006727219,96.2517899274826
82.66190963983536,88.81909036636353
83.6686401963234,89.05435979366302
84.8593687415123,87.80663126707077
85.45910042524338,89.50389957427979
98.59482157230377,99.03517842292786
83.34151166677475,88.63948833942413
81.97724270820618,87.8927572965622
85.78097659349442,87.97802340984344
81.69370573759079,87.34229427576065
84.49744057655334,89.02255940437317
88.50317370891571,89.44182628393173
81.54590576887131,88.89809423685074
82.46064078807831,86.96635919809341
81.85537683963776,87.18162316083908
86.52811193466187,88.02688807249069
91.3488387465477,96.48416125774384
80.80054706335068,88.40345293283463
86.15827858448029,88.37872141599655
82.51600456237793,87.98399543762207
80.89273965358734,88.62526035308838
94.1034688949585,100.06353110074997
85.16517180204391,91.29782819747925
82.50489389896393,88.77310609817505
82.69562584161758,90.80437415838242
81.03635960817337,88.88964039087296
83.65309208631516,89.9939079284668
83.27082431316376,88.63717567920685
79.27655786275864,93.31544214487076
84.32029283046722,92.64270716905594
85.03002798557281,89.74697202444077
87.25976306200027,90.35223692655563
95.15448939800262,97.51251059770584
81.53118467330933,92.07981532812119
81.96391254663467,87.9070874452591
83.30364745855331,88.14235252141953
80.08738082647324,89.96861916780472
92.59310865402222,93.14689135551453
85.35881322622299,89.27118676900864
81.73554456233978,86.1534554362297
83.61227864027023,94.20272135734558
80.60001194477081,87.60398805141449
83.47674524784088,87.37525475025177
82.74147439002991,85.07252562046051
81.84120744466782,88.41779255867004
84.71793884038925,87.4300611615181
83.61267042160034,88.48032957315445
86.74940240383148,85.9355975985527
85.34813678264618,92.52186322212219
83.92886865139008,91.3501313328743
84.87959837913513,88.02840161323547
83.90332931280136,87.50367069244385
82.94706171751022,87.32993829250336
93.49079114198685,93.02720886468887
84.05249381065369,88.31750619411469
81.78122234344482,85.51577764749527
82.26895308494568,89.02704691886902
79.73768585920334,89.0023141503334
83.04141974449158,88.10758024454117
82.51015162467957,85.61984837055206
82.2578861117363,87.31711387634277
82.67061924934387,85.9953807592392
84.49135440587997,90.04464560747147
86.59108871221542,85.48291128873825
79.83782225847244,86.64317774772644
82.54855507612228,91.95144492387772
82.6092848777771,86.87171512842178
81.87501925230026,85.73598074913025
81.90075254440308,89.04424744844437
81.94348382949829,94.68651616573334
86.63521426916122,92.84678572416306
82.01194077730179,85.65505921840668
81.92567557096481,87.20332443714142
79.89540880918503,88.25359117984772
82.67914420366287,88.1918557882309
82.5738770365715,86.81412297487259
83.35861212015152,88.90138787031174
84.25434756278992,88.17165243625641
83.68608129024506,88.7769187092781
86.95081585645676,90.88218414783478
81.60655003786087,87.48744994401932
82.38928133249283,93.35071867704391
81.15600657463074,87.15899342298508
84.14274168014526,86.54225832223892
81.96447515487671,86.79452484846115
89.21220916509628,85.84379082918167
84.10694295167923,91.07905703783035
81.14967316389084,86.40532684326172
81.41640883684158,87.8615911602974
80.77414292097092,88.52185708284378
84.33587723970413,88.27612274885178
81.91560882329941,87.32439118623734
80.12634307146072,87.98565691709518
86.55807930231094,87.81092071533203
83.08381342887878,88.28718656301498
87.64554840326309,89.28045159578323
81.57828348875046,87.62571650743484
89.5470090508461,95.98999094963074
80.7937199473381,87.6142800450325
82.02245306968689,89.47754693031311
82.91818672418594,86.76781326532364
81.05392056703568,86.3170794248581
86.50365167856216,92.40334832668304
82.65837854146957,86.02662146091461
81.86911165714264,88.29788833856583
86.87484467029572,97.14315533638
81.45558017492294,87.91541981697083
81.31431359052658,86.59368640184402
80.3020493388176,88.43895065784454
86.01178532838821,86.11721467971802
81.6655193567276,90.09348064661026
85.30225509405136,86.54974490404129
80.67898988723755,89.35901010036469
89.51771748065948,96.20328253507614
82.17242950201035,86.40057051181793
82.71616345643997,88.59883654117584
80.6488966345787,87.50010335445404
81.91363143920898,87.04836857318878
85.95836210250854,90.93163788318634
80.68608689308167,86.6839131116867
83.69182252883911,90.99317747354507
81.66155797243118,88.70844203233719
82.57529145479202,88.16470855474472
81.72901213169098,88.9559878706932
81.58774530887604,87.59725469350815
83.63147974014282,87.10952025651932
82.63821369409561,88.65878629684448
88.95794731378555,87.07805269956589
80.89068156480789,88.4053184390068
89.0634097456932,95.36259025335312
82.3481228351593,87.79987716674805
81.3358564376831,87.97914355993271
80.69359117746353,88.67640882730484
81.27432698011398,87.85567301511765
93.11505669355392,96.68194329738617
81.86076045036316,87.10223954916
82.01549220085144,89.35450780391693
84.67022520303726,89.64377480745316
82.10295581817627,87.82404416799545
81.81268912553787,89.37231087684631
82.28141570091248,87.32958430051804
81.84315121173859,86.71284878253937
82.12788671255112,89.50211328268051
87.61562156677246,87.45837843418121
81.64035439491272,88.39764559268951
91.38708162307739,97.01991838216782
82.9677882194519,88.95821177959442
81.23351854085922,88.10048145055771
80.81325370073318,89.72374629974365
81.30098783969879,85.95701217651367
93.73371475934982,101.59928524494171
80.99941796064377,86.6675820350647
81.22814989089966,89.38285011053085
80.32688421010971,88.82111579179764
83.66661804914474,88.51838195323944
81.52435064315796,88.32764935493469
83.7350851893425,87.43191480636597
82.72281384468079,87.83318614959717
82.02454978227615,88.8274502158165
86.97628462314606,86.76471537351608
81.53801935911179,88.16598063707352
82.13675433397293,89.9002456665039
83.32748621702194,90.72751379013062
81.11221247911453,87.86878752708435
80.80294805765152,87.45505195856094
80.19868421554565,87.09731578826904
94.52041053771973,99.44358944892883
80.93410438299179,87.06589561700821
81.75483566522598,88.11516433954239
81.48356938362122,89.25743061304092
83.54630398750305,89.65869599580765
84.70003497600555,89.28196501731873
80.85376727581024,88.40523272752762
82.65650111436844,88.54649889469147
82.08922988176346,88.22577011585236
87.09496414661407,86.57203584909439
80.87969845533371,87.60230153799057
79.10843354463577,88.83556646108627
84.89216732978821,89.10783267021179
82.37989795207977,90.95310205221176
81.53463226556778,88.46536773443222
80.02236777544022,86.44063222408295
93.95409607887268,100.24890393018723
81.07179892063141,87.28020107746124
81.8005320429802,88.2914679646492
80.15826588869095,91.32273411750793
81.70299917459488,87.4830008149147
83.00473296642303,87.44026702642441
81.47446572780609,89.76653426885605
83.35020107030869,86.90879893302917
84.02393186092377,88.90206813812256
87.97366434335709,86.48833566904068
80.27739822864532,89.96360176801682
81.95013374090195,89.43886625766754
82.88186502456665,90.34013497829437
82.62959444522858,88.88940554857254
84.33932960033417,91.54967039823532
79.54906392097473,86.85793608427048
96.7967923283577,102.12920767068863
83.2294899225235,90.49351006746292
80.27221924066544,88.2647807598114
82.2419525384903,88.83304744958878
81.74768668413162,89.10431331396103
81.7724180817604,89.19058191776276
81.22315210103989,88.60984790325165
80.65588492155075,86.36211508512497
82.60562080144882,89.37537920475006
85.85335487127304,87.01764512062073
82.50808864831924,88.30691134929657
80.66282385587692,89.65217614173889
93.76054555177689,90.75745445489883
82.526242852211,88.60275715589523
82.10697335004807,85.89302664995193
82.92870622873306,83.64529377222061
81.63843655586243,88.04656344652176
89.25516110658646,86.85583889484406
82.89187866449356,87.22012132406235
84.80561000108719,87.7873899936676
83.57133960723877,88.05866038799286
82.48506844043732,86.8299315571785
81.34280014038086,85.65719985961914
83.73853319883347,85.03946679830551
84.93026387691498,90.18073612451553
85.80599439144135,86.95300561189651
87.47872519493103,85.31627482175827
82.26344829797745,86.94055169820786
98.52917116880417,88.91582882404327
85.33187079429626,92.39012920856476
82.48559725284576,86.25440275669098
81.73332911729813,84.84067088365555
82.2020616531372,87.88993835449219
89.1537846326828,88.88421535491943
85.36250168085098,87.89649832248688
83.96223217248917,87.59376782178879
83.28296273946762,87.47603726387024
82.65969252586365,87.22830748558044
81.96242427825928,88.00057572126389
82.78315770626068,86.67884230613708
82.84588241577148,88.28411757946014
89.12961268424988,85.22138732671738
82.96933299303055,86.23466700315475
81.58706319332123,86.85793679952621
92.22278648614883,90.35121351480484
86.06148958206177,88.25251042842865
81.21620917320251,87.1907908320427
81.723941385746,84.3880586028099
82.0256729722023,86.73432701826096
88.45739716291428,87.28260284662247
82.3161136507988,86.84988635778427
84.1008443236351,88.82515567541122
85.73657268285751,86.81942731142044
82.70629835128784,86.5347016453743
82.89802819490433,86.10297179222107
82.66176080703735,86.44823920726776
83.26149344444275,88.14550656080246
86.67522436380386,86.82477563619614
84.25595551729202,88.20704448223114
81.87368702888489,88.18231296539307
82.45342004299164,84.43457996845245
88.81214368343353,89.05885630846024
82.42886346578598,85.09013652801514
83.41659343242645,84.49040657281876
80.23832380771637,87.6326761841774
97.96704685688019,90.10795313119888
83.43573939800262,86.08326059579849
81.88646984100342,92.6315301656723
88.81919687986374,85.829803109169
83.67692309617996,87.56407690048218
84.57265150547028,88.53934848308563
84.24537980556488,88.99562019109726
85.1961053609848,88.15589463710785
86.59083539247513,84.94616460800171
85.65356421470642,88.06943577528
81.27029067277908,84.35970932245255
84.14802348613739,83.352976500988
90.43074601888657,89.49425399303436
85.10345953702927,87.24754047393799
83.49918937683105,85.5558106303215
82.8209211230278,88.10607886314392
103.19664001464844,92.37735998630524
84.11032593250275,87.5376740694046
80.95005536079407,86.64194464683533
87.67878186702728,88.61721813678741
83.42650377750397,87.75949621200562
83.32123279571533,89.86376720666885
83.71696108579636,88.3390389084816
82.66669183969498,87.55530816316605
85.08142668008804,84.08557331562042
82.73615860939026,86.20884138345718
81.64988970756531,84.83211028575897
85.08162170648575,85.12137830257416
92.03234261274338,92.02265739440918
85.07604956626892,88.18295043706894
83.3407774567604,84.64022254943848
80.9405084848404,87.17149150371552
96.48323130607605,89.77576869726181
83.82292717695236,86.89907282590866
81.60665565729141,87.42934435606003
86.33638334274292,87.20161664485931
81.008105635643,86.3978943824768
82.19983512163162,86.83716487884521
84.9295666217804,84.94143337011337
80.52729678153992,88.6947032213211
86.34902811050415,84.53997188806534
82.7997595667839,86.88524043560028
82.28749227523804,85.19450771808624
83.33122515678406,84.29877483844757
92.00394892692566,90.92205107212067
82.21465718746185,87.97134280204773
83.49738955497742,84.50161045789719
82.20812124013901,89.88387876749039
101.23284131288528,92.93415868282318
84.16453194618225,89.16846805810928
86.07826310396194,85.77273690700531
85.23298960924149,85.2480103969574
83.6287157535553,87.35328423976898
81.98644554615021,85.30955445766449
84.60417991876602,84.54382008314133
81.35091406106949,86.98208594322205
86.89464592933655,85.62335407733917
82.82737708091736,88.52562290430069
83.33311069011688,84.51888930797577
81.43184369802475,86.03115630149841
93.178566634655,94.54343336820602
80.61126857995987,87.40773141384125
80.87699848413467,85.75300151109695
80.80973082780838,86.78426915407181
85.908462703228,90.07353729009628
83.062185049057,90.80781495571136
81.64191192388535,84.24608808755875
97.88964456319809,85.10935544967651
83.84137135744095,86.75162863731384
82.47710281610489,84.89389717578888
84.59383594989777,84.88716405630112
81.00756740570068,87.84343260526657
87.18030142784119,83.85669857263565
82.46503210067749,88.57196789979935
84.04576504230499,83.56523495912552
83.90349769592285,85.26350229978561
92.09522205591202,93.0157779455185
82.0829291343689,88.4170708656311
82.88466256856918,84.26333743333817
82.94739377498627,87.53460621833801
81.95412385463715,85.786876142025
85.23785215616226,88.91014784574509
81.48558032512665,84.68241965770721
85.78731042146683,85.6386895775795
84.57103741168976,90.89096260070801
82.39276880025864,86.0522311925888
83.95450073480606,84.26749926805496
80.5712342262268,86.79776579141617
87.24496740102768,85.86603260040283
83.51069861650467,90.71230137348175
83.12842839956284,85.03857159614563
83.93016165494919,84.08783835172653
93.23288553953171,93.6741144657135
85.8135934472084,88.11240655183792
84.33831715583801,84.55068284273148
83.12304800748825,86.32195198535919
83.07277983427048,84.05622017383575
85.0425106883049,89.08648931980133
84.30823791027069,84.22976207733154
85.55496782064438,86.76003217697144
83.82069432735443,87.19730567932129
86.51242566108704,86.9325743317604
83.4441590309143,89.85184097290039
82.96888494491577,87.06711506843567
87.0866168141365,84.54238319396973
84.25934940576553,88.2776505947113
82.08108305931091,84.36391693353653
82.75381749868393,83.83818250894547
83.63054978847504,86.35045021772385
83.73027938604355,89.49272060394287
81.75400823354721,83.652991771698
80.038738489151,86.42526149749756
83.47047126293182,84.60352873802185
85.45820134878159,90.06079864501953
82.96492964029312,85.33107036352158
84.52666121721268,84.91833877563477
90.34838944673538,87.15261054039001
81.9281216263771,85.90487837791443
86.80585443973541,85.93614554405212
83.34858787059784,88.63341212272644
88.46532064676285,83.45967936515808
82.7130497097969,87.15795028209686
83.0157823562622,84.55921763181686
83.2075143456459,83.51548564434052
84.15724486112595,86.82375514507294
84.79297351837158,89.42802649736404
82.50370216369629,84.73729783296585
86.4354333281517,87.10156667232513
82.86816108226776,83.05783891677856
103.59588581323624,95.5321142077446
83.80658614635468,85.10041385889053
84.92431396245956,85.64968603849411
83.78204143047333,86.0509585738182
82.58477288484573,86.11822712421417
84.53550386428833,85.02049612998962
85.22723680734634,87.84676319360733
90.39996838569641,84.2110316157341
82.59169495105743,87.8333050608635
82.11642909049988,83.40257090330124
85.36316221952438,87.17383778095245
81.86989241838455,88.35310757160187
89.04361772537231,88.95738226175308
82.99433213472366,85.54266786575317
83.11106234788895,85.85193765163422
83.69179403781891,85.23520594835281
103.43851870298386,97.74648129940033
83.87121665477753,85.29578334093094
86.74794471263885,86.62205529212952
82.51266992092133,86.46833008527756
82.1114010810852,86.99859893321991
83.19213509559631,84.02986490726471
82.66086709499359,86.4301329255104
95.44559413194656,88.38740587234497
82.19231432676315,88.73268568515778
82.97704583406448,83.5039541721344
81.3347738981247,86.40622609853745
83.48950862884521,90.0284913778305
91.53323692083359,95.5597630739212
84.07594519853592,87.53505480289459
83.93367499113083,90.36232501268387
81.8854067325592,86.67059326171875
101.5211318731308,103.94186812639236
81.934829890728,89.49117010831833
83.86756157875061,92.46643841266632
84.59529089927673,88.99670910835266
81.3610223531723,88.17597764730453
83.31175649166107,86.5582435131073
84.91049110889435,90.57050889730453
86.34222334623337,86.80477666854858
88.03495615720749,95.39104384183884
83.48568457365036,86.84831541776657
82.6954146027565,86.87858539819717
82.9791464805603,89.9278535246849
88.94887387752533,92.45912611484528
81.49258542060852,86.4344145655632
83.16531896591187,85.64968103170395
83.4490522146225,86.86494779586792
101.52977919578552,104.22922080755234
84.31347572803497,87.27852427959442
86.24620419740677,89.80979579687119
84.60393005609512,88.52506995201111
81.74066025018692,87.22233974933624
83.67239218950272,89.345607817173
84.01212334632874,87.2288766503334
85.96285045146942,86.50014954805374
82.43258476257324,90.04941523075104
84.77131998538971,86.08068001270294
82.98205506801605,87.83294492959976
83.2837883234024,88.30821168422699
93.55051320791245,95.894486784935
83.20521652698517,89.31378346681595
82.00694870948792,87.1040512919426
81.21668201684952,88.3023179769516
102.77841049432755,101.49958950281143
87.85911279916763,89.10288721323013
93.25383883714676,87.41216117143631
80.50156652927399,89.73943346738815
81.13729953765869,88.5477004647255
80.03303128480911,86.17096871137619
81.55776542425156,86.51623457670212
85.69349646568298,86.56650352478027
83.68122971057892,90.15177029371262
81.72496473789215,85.9230352640152
86.67569696903229,86.52830302715302
103.90341430902481,101.2995857000351
91.92908382415771,89.73791617155075
89.26778960227966,85.65821039676666
85.25550675392151,86.78149324655533
84.13323611021042,84.0887638926506
89.45396745204926,89.91603255271912
93.03469157218933,86.391308426857
86.50339883565903,84.718601167202
81.80712217092514,87.58287781476974
87.92385214567184,84.57714784145355
84.83757591247559,83.94042408466339
83.91830801963806,84.02669197320938
88.1830403804779,83.48395961523056
84.00477015972137,90.12522983551025
83.88150119781494,82.80449879169464
83.83123177289963,85.94576823711395
92.13495314121246,89.45804685354233
86.12266772985458,85.37833225727081
90.12838631868362,85.16761368513107
84.04210221767426,84.3098977804184
83.67883169651031,84.9321683049202
92.61156284809113,89.92643713951111
105.26528030633926,90.12371969223022
88.19696176052094,85.7280382514
81.01868569850922,86.87031430006027
83.7094179391861,86.2895820736885
84.58614909648895,85.65385091304779
102.87086325883865,90.31413674354553
91.80354577302933,85.75345420837402
83.25326824188232,88.24573177099228
82.92600029706955,84.05499970912933
83.87773191928864,83.8632680773735
81.84746098518372,86.74653899669647
83.5561945438385,83.99880546331406
89.34091830253601,85.0670816898346
82.12463647127151,86.70836353302002
81.24236816167831,84.47963184118271
90.36009955406189,89.13990044593811
99.77381765842438,90.2071823477745
88.57649624347687,85.84950375556946
82.47121614217758,86.63978385925293
82.5519472360611,85.50405275821686
86.52067911624908,83.4613208770752
85.47140991687775,85.43559008836746
83.38614094257355,86.09585905075073
86.09587144851685,89.47812855243683
83.11959916353226,86.19440084695816
85.18232959508896,84.24367040395737
82.68905878067017,92.12594121694565
83.49179118871689,84.23020881414413
97.47851020097733,90.55848979949951
86.89220005273819,85.57079994678497
87.91791707277298,84.52708292007446
100.5592120885849,93.40278792381287
97.32488632202148,89.67511367797852
86.51657849550247,88.74242150783539
84.76430052518845,88.97769945859909
85.51103186607361,87.1929681301117
85.44276040792465,85.0012395977974
84.67148959636688,82.75451040267944
84.41822099685669,86.7667790055275
84.10995358228683,83.09404641389847
88.78367853164673,83.16132146120071
81.78941065073013,86.13658934831619
82.68414384126663,85.51985615491867
97.37686359882355,92.92013639211655
89.6785546541214,84.67344534397125
83.51827639341354,85.66672360897064
88.06200742721558,87.7159925699234
104.7897281050682,89.06227189302444
91.14740526676178,84.51859468221664
82.71012455224991,86.80887544155121
85.64185500144958,84.89514499902725
87.59358751773834,85.66641247272491
84.06231951713562,84.3636804819107
84.03105175495148,87.65394824743271
84.8157821893692,87.9802178144455
83.13751405477524,83.93748593330383
83.75424498319626,84.61575502157211
83.50197565555573,87.66502434015274
84.15570640563965,87.34329360723495
96.57042747735977,92.24557250738144
85.94612354040146,86.1098764538765
82.04585272073746,83.89914727210999
89.95958441495895,87.57741558551788
85.02131247520447,85.12768751382828
89.71303403377533,86.99096596240997
83.16275531053543,87.00324469804764
84.81748706102371,86.60751295089722
85.84222048521042,85.49077951908112
84.70095467567444,84.29904532432556
83.76268696784973,82.95931303501129
83.49041402339935,86.54658597707748
83.49814563989639,84.61285436153412
83.46688032150269,83.64411967992783
82.91661214828491,86.36038786172867
85.18334496021271,84.61265504360199
95.35606551170349,91.88393449783325
84.26976269483566,85.00723731517792
83.40549224615097,82.02050775289536
88.54122567176819,89.27277433872223
82.95495879650116,82.69204121828079
91.8326844573021,84.14931553602219
82.3934069275856,87.05059307813644
83.56713902950287,87.5998609662056
86.3508728146553,84.90812718868256
86.69060558080673,84.86539441347122
83.8823391199112,82.7096608877182
84.79607284069061,88.20392715930939
85.32080662250519,82.69719338417053
83.90053993463516,82.8584600687027
86.81427347660065,90.09172654151917
85.63600695133209,83.43799304962158
86.45773828029633,87.24626171588898
85.8704674243927,86.96253257989883
83.45119559764862,83.04880440235138
88.80992835760117,88.67207163572311
85.57466232776642,82.92533767223358
90.78538662195206,86.14061337709427
85.06910717487335,85.74589282274246
82.72383779287338,86.42516219615936
83.61957210302353,87.14042788743973
81.79230487346649,83.48669511079788
86.11303788423538,81.99796211719513
84.95276981592178,89.2322301864624
83.99650228023529,82.50349771976471
85.35423338413239,83.08976662158966
83.54496449232101,83.60203552246094
83.33069545030594,83.63330453634262
87.15042561292648,83.75557440519333
86.15715157985687,84.2128484249115
84.9968808889389,83.44711911678314
95.04061287641525,87.27438712120056
85.0103412270546,82.37865877151489
90.81206494569778,89.02093505859375
87.15178143978119,83.90321856737137
85.23151218891144,84.63748782873154
89.05324202775955,82.22375798225403
82.68897253274918,84.64402747154236
83.39970630407333,82.06329369544983
87.16543936729431,83.7425606250763
95.24517250061035,89.68082749843597
86.02890473604202,82.58109527826309
82.96163940429688,83.42736059427261
85.63536930084229,84.99463069438934
84.8451024889946,83.67389750480652
85.20283222198486,83.4641677737236
83.96856027841568,85.38343971967697
95.14229160547256,85.48870837688446
84.96302157640457,81.66697841882706
98.17174351215363,88.38225650787354
84.75244408845901,82.54355591535568
84.75917547941208,86.79582452774048
86.1919077038765,83.25309228897095
85.4016398191452,82.93236017227173
84.03737235069275,85.07362765073776
85.67310559749603,83.9568943977356
91.21683841943741,82.20916157960892
86.0935708284378,82.4064291715622
84.09930449724197,82.45569550991058
84.14303600788116,85.20896399021149
91.48276978731155,90.7762302160263
92.60049360990524,87.91750639677048
87.58820205926895,81.4667979478836
93.13193237781525,84.33206760883331
81.78566455841064,83.51033544540405
100.06938916444778,89.83761084079742
84.15108704566956,82.73791295289993
85.5828173160553,84.97218269109726
86.88554722070694,83.20745277404785
86.35528057813644,83.089719414711
85.43501418828964,82.17598581314087
86.55274718999863,83.76325279474258
87.6144797205925,82.49652028083801
87.49121075868607,82.71278923749924
83.3129415512085,83.22505843639374
87.00366538763046,84.23633462190628
85.2873957157135,82.74860429763794
91.31311899423599,91.26088100671768
85.11482906341553,82.23617094755173
93.9365599155426,86.41544008255005
91.40529298782349,88.00170701742172
102.15301722288132,89.19898277521133
86.28871524333954,82.52628475427628
86.18344390392303,83.09355610609055
87.07917767763138,87.12482231855392
85.30691039562225,82.47008961439133
85.29564380645752,82.53835618495941
85.4123729467392,82.27162706851959
87.71510517597198,84.13589483499527
86.77126443386078,83.39473557472229
87.5549927353859,81.5370072722435
94.39571350812912,88.9192864894867
92.08641815185547,84.15458184480667
98.09315001964569,85.24084997177124
85.87688159942627,81.41911840438843
99.62360471487045,87.15339529514313
86.16729950904846,86.20270049571991
86.71002966165543,83.17797034978867
96.9767637848854,89.11623620986938
89.39623039960861,82.65976959466934
99.68096309900284,93.96803689002991
84.85369342565536,82.75830656290054
85.91541683673859,82.89958316087723
83.81115007400513,82.00384992361069
86.65088295936584,84.86811703443527
85.24861496686935,82.36238503456116
94.71834117174149,88.5586588382721
85.53905272483826,83.14594727754593
98.52778279781342,83.9912171959877
87.01551514863968,82.13248485326767
100.5772352218628,90.27476477622986
94.86092638969421,88.2500736117363
83.3496522307396,84.98434776067734
86.96638518571854,84.58961480855942
92.67611873149872,86.52688127756119
85.84885221719742,82.09514778852463
84.74458593130112,84.81041407585144
93.02831643819809,88.74868357181549
89.42304629087448,81.7619537115097
87.9297742843628,82.9592257142067
84.89950221776962,82.85949778556824
86.36823493242264,81.40876507759094
90.46796250343323,85.10603749752045
86.43667751550674,86.02632248401642
100.51740330457687,83.37159669399261
85.39412981271744,81.10587018728256
85.49386256933212,82.11813741922379
86.9435927271843,82.83440726995468
97.87532222270966,89.5876777768135
88.27105444669724,81.67294555902481
92.2777847647667,87.88921523094177
88.24751687049866,81.06748312711716
86.40124934911728,82.33975064754486
83.59297776222229,82.14802223443985
85.52471160888672,81.40028840303421
86.27244448661804,82.04255551099777
85.77817702293396,82.40682297945023
92.7289103269577,91.30808967351913
85.79064333438873,81.91235667467117
88.01937395334244,83.38762605190277
104.41510099172592,89.73389899730682
87.7908319234848,80.89316809177399
85.14956474304199,84.62843525409698
87.41529440879822,82.49170559644699
97.47702437639236,89.92997562885284
84.66875666379929,81.79424333572388
91.37848967313766,87.93551033735275
83.97721856832504,81.89278143644333
87.90895015001297,83.03404986858368
84.15668135881424,81.21331864595413
86.44141167402267,85.57758831977844
87.39214372634888,83.05285626649857
85.36187392473221,81.93612605333328
84.7746062874794,80.85539370775223
85.68833845853806,81.32966154813766
88.21306818723679,86.84193181991577
98.21979421377182,83.53920578956604
92.9665202498436,90.86647975444794
87.39924830198288,83.76775169372559
89.25697576999664,82.53902423381805
99.93070018291473,94.32929980754852
85.76942753791809,83.28557246923447
90.94315892457962,89.7798410654068
85.48589265346527,85.3841073513031
85.3626240491867,84.15537595748901
86.6293540596962,82.92664593458176
86.32008528709412,83.9019147157669
87.53081458806992,82.82118541002274
84.85154432058334,85.24145567417145
85.61627495288849,82.49372506141663
90.45600408315659,82.58099591732025
97.48172116279602,87.66627883911133
97.45041954517365,87.41958045959473
86.17914474010468,85.1908552646637
87.29587411880493,83.18512588739395
103.89559042453766,89.43840956687927
99.4942741394043,96.76572585105896
93.61200350522995,89.29599648714066
88.43273317813873,86.08526682853699
87.5494596362114,82.87554037570953
86.03818643093109,84.9628135561943
85.02591562271118,83.88208436965942
89.71664720773697,83.67135280370712
88.57536870241165,83.01763129234314
85.60009980201721,84.88090020418167
87.58883076906204,85.91116923093796
88.52056032419205,84.1274396777153
97.63727766275406,86.89972233772278
95.75497269630432,89.89302730560303
84.35470032691956,83.83129966259003
88.95243030786514,84.67656970024109
103.18114364147186,89.39285635948181
99.55783355236053,90.22016644477844
89.3045591711998,83.9914408326149
85.40428680181503,83.94771319627762
86.76201713085175,82.07098287343979
84.75074648857117,83.00925350189209
93.99747693538666,92.00252306461334
88.33620637655258,84.6447936296463
85.76893490552902,82.58206510543823
86.5156661272049,84.16933387517929
87.7823960185051,82.23660397529602
88.76912635564804,82.78587365150452
97.99784755706787,86.03915244340897
104.70754551887512,92.53345447778702
85.93627041578293,80.82172960042953
88.16500061750412,83.44599938392639
107.85671651363373,93.62528347969055
99.4923996925354,90.34060031175613
88.73912823200226,84.29687178134918
87.41185677051544,84.03114324808121
87.71558606624603,85.78441393375397
86.99931401014328,84.85268598794937
84.00604510307312,83.43895488977432
87.95677572488785,82.91422426700592
86.57450586557388,82.33349412679672
86.30223727226257,83.53076273202896
92.937968313694,89.21003168821335
87.77769893407822,83.20330107212067
103.61841917037964,89.95558083057404
96.1981098651886,87.0978901386261
86.57483810186386,86.94416189193726
86.52556723356247,82.56643277406693
104.23528635501862,92.00571364164352
99.07497435808182,93.33302563428879
87.35870450735092,86.78829550743103
86.23542642593384,82.67157357931137
86.65015763044357,81.36884236335754
85.74888741970062,82.91811257600784
88.40261739492416,83.63438260555267
87.79834908246994,81.86865091323853
86.34207767248154,83.3989223241806
86.82980966567993,83.87419033050537
86.91054075956345,81.64545923471451
85.67527198791504,82.32472801208496
94.58998990058899,83.91101008653641
98.96569037437439,84.60830962657928
90.24941515922546,89.32458484172821
88.46014451980591,81.26185548305511
106.39285725355148,89.86714273691177
100.3055340051651,90.80446600914001
87.42326068878174,81.6137393116951
86.65199077129364,81.49600923061371
87.45472091436386,80.2122790813446
86.79344993829727,81.8725500702858
85.37418103218079,79.94081896543503
89.99191099405289,79.78608900308609
87.07164216041565,79.70535784959793
85.80037385225296,81.10662615299225
87.3251041173935,82.11889588832855
96.25783467292786,82.31616532802582
85.6895661354065,82.34743386507034
97.53029215335846,85.58170783519745
88.09201747179031,82.7229825258255
87.39374661445618,84.0872533917427
86.10447788238525,81.58152210712433
101.57320302724838,98.6117969751358
97.37592709064484,89.60507291555405
89.12365680932999,80.98834317922592
86.24038767814636,82.74061232805252
87.58011746406555,84.67888253927231
86.01284694671631,83.28315305709839
88.24157732725143,85.27742266654968
88.6363074183464,81.93769258260727
86.60504031181335,84.46795970201492
87.14877170324326,82.31322830915451
87.63750314712524,82.15949684381485
87.01323574781418,83.07876425981522
101.66796034574509,88.88703966140747
89.04468184709549,82.65931814908981
88.8284113407135,83.06058865785599
85.74314087629318,83.2398591041565
101.26686733961105,95.04713267087936
89.43959188461304,84.78240811824799
87.87232047319412,81.6456795334816
87.54505205154419,83.00994795560837
87.29278063774109,83.54021936655045
93.28051233291626,89.08948767185211
86.45324343442917,82.52875655889511
87.3299754858017,83.1700245141983
88.7437071800232,84.1452928185463
87.67643862962723,81.69456136226654
85.23817014694214,81.72582983970642
86.18890136480331,82.14409863948822
108.38062185049057,90.17537814378738
87.10932379961014,86.77967619895935
87.18905293941498,85.18194705247879
86.95478349924088,82.7112165093422
102.70150971412659,94.31749027967453
87.89323049783707,82.75476950407028
88.19596016407013,84.41503983736038
88.92468827962875,82.72431170940399
85.1904137134552,83.6055862903595
84.62214469909668,84.82185530662537
94.5538757443428,89.1491242647171
87.57960736751556,83.77239263057709
87.51233381032944,84.80366617441177
99.81406146287918,90.09293854236603
84.48679202795029,84.34620797634125
88.49352365732193,83.78447633981705
105.92524075508118,88.6477592587471
87.87594413757324,83.45705586671829
87.69767308235168,79.83932691812515
86.66640222072601,82.49959778785706
117.4511227607727,96.17887723445892
88.01281321048737,86.08018678426743
86.61154448986053,84.9254555106163
87.35827493667603,83.84472507238388
87.36500245332718,86.39499753713608
85.77873402833939,82.51726597547531
88.5444638133049,84.60453617572784
87.3471936583519,82.31880635023117
86.46392607688904,82.70207393169403
87.56365609169006,81.97334390878677
88.9953870177269,81.68961298465729
88.5761188864708,83.9238811135292
107.63883954286575,86.97316044569016
99.57053482532501,93.63346517086029
88.72426265478134,83.44273734092712
84.74999368190765,83.41700631380081
88.7803925871849,84.53460741043091
87.26812118291855,85.74987882375717
86.6268520951271,85.11414790153503
85.0775837302208,84.23741626739502
86.80531561374664,80.47168439626694
87.18304473161697,83.44695526361465
86.29977571964264,82.97822427749634
87.63950777053833,83.67549222707748
87.79423707723618,82.61376291513443
87.24496656656265,83.47703343629837
90.75069582462311,82.47130417823792
114.8684139251709,97.24258607625961
88.89410895109177,80.34789103269577
89.14082914590836,84.58117085695267
87.68355864286423,82.55744135379791
98.34495985507965,95.2100401520729
87.70368832349777,83.7793116569519
86.46841788291931,84.1425821185112
87.82714813947678,86.58085185289383
88.40787667036057,81.18612331151962
101.15460658073425,88.49439340829849
90.14233726263046,81.19066274166107
88.37006682157516,81.44493317604065
88.46979558467865,80.1782044172287
86.64252543449402,82.13547456264496
88.11125606298447,79.57374393939972
109.8029762506485,87.40002375841141
91.43867194652557,83.72832804918289
91.0193874835968,81.81361252069473
90.06310838460922,81.67789161205292
90.2055030465126,81.10949695110321
88.56323200464249,85.80776798725128
88.34695333242416,84.63504666090012
87.66768318414688,83.25731682777405
102.32341319322586,88.60358679294586
88.62514305114746,81.54085695743561
88.66887080669403,84.3681291937828
87.37860262393951,82.97339737415314
88.33033221960068,81.70766776800156
86.55806183815002,83.34993815422058
88.61978566646576,80.36221432685852
94.84851789474487,81.29948210716248
93.7812425494194,80.9227574467659
86.30596053600311,86.47203946113586
86.03469067811966,83.18830931186676
87.47309166193008,85.24890834093094
89.6638172864914,92.03918272256851
88.3745459318161,84.40445405244827
86.3622767329216,81.15672326087952
87.4980074763298,81.66899251937866
87.61473655700684,82.12526345252991
88.54746675491333,85.80453324317932
86.98019731044769,83.33580267429352
98.07892858982086,92.14307141304016
88.10365122556686,85.09934878349304
89.73938238620758,83.61261761188507
95.98611390590668,83.12388610839844
93.71484220027924,82.15515780448914
92.09156060218811,80.33343940973282
87.46828979253769,81.58671021461487
105.7710120677948,95.5249879360199
91.1847293972969,80.75927060842514
87.65445274114609,79.71654725074768
88.88318371772766,83.04281628131866
87.66591447591782,79.740085542202
87.96964257955551,81.25335741043091
95.14237362146378,85.22862637042999
88.14810407161713,83.64789593219757
89.83983385562897,85.21516615152359
86.58656287193298,81.74543714523315
88.3522909283638,81.70270907878876
89.3040223121643,83.41797769069672
101.82775330543518,86.6532467007637
104.07547807693481,98.49852192401886
89.2671936750412,81.76980632543564
90.05092269182205,83.83807730674744
99.05765163898468,84.9243483543396
92.26738256216049,82.86161744594574
90.60710954666138,82.04089045524597
89.57683670520782,84.96016329526901
87.9905681014061,82.12143188714981
87.58929991722107,82.15170007944107
89.67003190517426,81.07096809148788
85.56476265192032,83.54623734951019
86.68249571323395,81.94750428199768
87.74322456121445,81.05177545547485
87.8989560008049,81.8970440030098
90.01568621397018,84.98431378602982
93.9114198088646,82.21858018636703
93.19614553451538,90.37885445356369
89.40485805273056,82.81714195013046
86.78158503770828,83.71841496229172
98.5473164319992,90.28568357229233
100.33104383945465,93.39095616340637
88.13476914167404,83.73623085021973
88.80748915672302,84.56351083517075
88.81322014331818,83.00177985429764
88.89394962787628,80.90305036306381
88.15967971086502,81.32232028245926
87.70341295003891,82.8155870437622
86.98714476823807,80.40185523033142
87.04887646436691,80.87712353467941
87.53660702705383,83.75939297676086
90.43233066797256,85.60466933250427
95.12405997514725,82.06194001436234
99.4067816734314,89.61121833324432
90.54347491264343,85.27152508497238
87.49419963359833,84.37680035829544
103.1669288277626,88.92607116699219
100.35864841938019,91.04835158586502
88.6983488202095,85.22765117883682
87.07507663965225,92.75892335176468
87.24780768156052,82.0661923289299
97.03153955936432,91.65346044301987
97.79826998710632,86.8317300081253
87.71099942922592,87.14100056886673
88.12473058700562,82.46726942062378
91.81645971536636,82.62754029035568
86.69318234920502,82.67681765556335
88.80991411209106,84.46708589792252
94.46564561128616,82.81335437297821
99.47136741876602,87.30663257837296
90.2740648984909,89.07793509960175
88.70579272508621,83.33020728826523
100.17552161216736,88.26847839355469
106.42323851585388,92.00376147031784
88.28092765808105,89.70007234811783
87.32465195655823,84.69434803724289
84.60838240385056,81.89161759614944
87.46711498498917,84.01488500833511
87.88084483146667,83.693155169487
87.57157528400421,81.59442472457886
87.15130597352982,80.51469403505325
97.10303539037704,88.48996460437775
88.05376535654068,79.9282346367836
88.70749521255493,82.90250480175018
99.75222623348236,84.76777374744415
95.86894625425339,85.70505374670029
92.9486516714096,82.38434833288193
88.58537077903748,80.97062921524048
99.90610021352768,87.40789979696274
105.41281723976135,90.16118276119232
88.01150321960449,84.21049678325653
89.55522978305817,87.5197702050209
88.65395933389664,83.40204066038132
87.45669013261795,82.71030986309052
89.38941961526871,83.94458037614822
87.22814893722534,83.19785106182098
86.93787974119186,79.58112025260925
88.35260850191116,79.29639148712158
88.87733852863312,80.36466145515442
88.60606771707535,81.69093227386475
100.48279798030853,85.83220201730728
96.19152969121933,89.69747030735016
91.6432529091835,82.54274708032608
87.14897346496582,85.11002653837204
101.19270437955856,91.30729562044144
103.21742534637451,92.33757466077805
88.6681205034256,84.60987949371338
88.28584879636765,86.78915119171143
86.60657757520676,83.9494224190712
87.96530967950821,83.12769031524658
86.93403995037079,81.67696005105972
87.10677111148834,84.02322888374329
87.52150231599808,82.88649767637253
85.78623169660568,81.9907683134079
89.32996243238449,82.87403756380081
89.24369126558304,87.64530873298645
96.76842266321182,83.9535773396492
88.92315435409546,81.85484564304352
92.78087759017944,88.92312240600586
87.04659807682037,86.06440192461014
101.57132858037949,92.18767142295837
110.61504781246185,98.4409521818161
89.3067392706871,84.78626072406769
87.57146674394608,87.33553326129913
88.83719390630722,83.69980609416962
89.73191684484482,82.56408315896988
87.86864686012268,84.05735313892365
86.76437866687775,83.29162132740021
86.73311066627502,82.26688933372498
85.29584085941315,82.50115913152695
87.20857292413712,82.73542708158493
90.71430194377899,83.89569807052612
94.37003219127655,81.59296780824661
86.70876467227936,84.18023532629013
97.8444836139679,87.08151638507843
86.85118967294693,86.11181032657623
101.61692053079605,90.327079474926
94.66064447164536,87.6913555264473
93.66634976863861,88.72265022993088
88.95106756687164,86.27193242311478
89.8457961678505,83.15320384502411
97.94552212953568,90.99947786331177
87.76525235176086,84.36374765634537
87.64198517799377,84.39401483535767
86.75971668958664,81.99928331375122
86.13744801282883,81.60455197095871
89.53790992498398,85.62809008359909
109.06264048814774,86.0663595199585
88.14337176084518,82.15262824296951
98.4460916519165,87.14690834283829
87.43379336595535,87.77020663022995
102.71752232313156,90.94847768545151
87.35425436496735,82.86774563789368
93.47097784280777,83.91702216863632
89.16269600391388,87.29930400848389
89.74342423677444,81.94157576560974
87.04515242576599,81.8428475856781
90.32988303899765,82.92911696434021
88.83661496639252,85.94138503074646
88.17534756660461,83.28665244579315
94.49807822704315,88.92892175912857
88.72581040859222,82.81118959188461
90.41754025220871,84.36045974493027
95.4972705245018,85.76172947883606
86.72600519657135,82.05199480056763
96.62072944641113,85.9162705540657
87.77543550729752,84.57556450366974
102.9121642112732,88.1808357834816
85.91789627075195,82.95210373401642
90.4246232509613,85.05637675523758
89.1893464922905,85.03265351057053
88.71507620811462,82.54492378234863
87.07280194759369,82.33519804477692
88.20853275060654,82.79046726226807
90.03026330471039,84.39573669433594
87.016994535923,83.37100547552109
84.30172717571259,83.53127282857895
88.9384588599205,81.65454113483429
89.3701901435852,83.96280986070633
94.52492135763168,83.1600786447525
96.64165359735489,88.72834640741348
98.37037628889084,92.01862370967865
86.59908336400986,88.99391663074493
106.04981452226639,88.0431854724884
85.778544485569,82.96245551109314
91.67327105998993,87.06672894954681
88.36498761177063,86.80101239681244
85.42671644687653,81.4982835650444
86.26744663715363,83.69555336236954
88.84717762470245,81.96682238578796
85.27990943193436,84.75809055566788
90.89764088392258,82.69535911083221
84.01437413692474,81.5226258635521
90.8721051812172,82.9238948225975
89.37883275747299,83.5101672410965
95.42256450653076,82.8364354968071
94.91029596328735,82.75670403242111
87.58302515745163,85.36197483539581
89.49675363302231,84.52224636077881
104.05848127603531,92.95951873064041
97.71321350336075,88.87978649139404
101.25693941116333,91.68906056880951
87.20663839578629,84.84836161136627
87.89936769008636,83.80463230609894
87.6080914735794,82.35490852594376
87.7268214225769,84.53317856788635
86.69555389881134,82.87844610214233
88.73828691244125,84.15071308612823
87.67101794481277,82.38498204946518
86.86275053024292,82.26724946498871
88.79548168182373,85.2425183057785
102.28221392631531,90.4207860827446
86.84494507312775,82.54405492544174
90.31367629766464,82.9263237118721
87.43040347099304,86.47559654712677
103.77013182640076,87.41386818885803
86.62886393070221,83.01913607120514
102.35758727788925,92.95741271972656
88.0302831530571,87.95071685314178
87.92601335048676,83.6299866437912
98.50574159622192,90.43825840950012
89.19747167825699,82.67352831363678
87.14820379018784,84.42579621076584
88.56193298101425,84.23406702280045
86.54966330528259,82.8393366932869
88.4073948264122,82.64760518074036
90.04412347078323,84.4928765296936
96.47585487365723,83.33814513683319
103.11258804798126,91.03541195392609
89.48931908607483,82.69568091630936
88.42104679346085,86.68995320796967
101.88977146148682,90.31322854757309
87.65550285577774,82.3804971575737
102.60722357034683,92.78177642822266
89.66891801357269,87.27608197927475
88.80464708805084,83.80635291337967
87.6813702583313,83.3186297416687
87.26210117340088,82.94289880990982
86.56383395195007,84.65816605091095
86.3665663599968,82.00343364477158
95.98429840803146,89.73870158195496
87.19403195381165,82.48996806144714
91.18176233768463,86.9472376704216
93.72549390792847,83.07050609588623
90.51022642850876,84.06477355957031
85.42395776510239,83.41004222631454
95.02168065309525,91.6253193616867
100.23238778114319,91.89761221408844
84.75611817836761,84.3538818359375
104.76384514570236,91.9041548371315
85.99153792858124,88.30446207523346
86.55426609516144,83.33473390340805
84.52399843931198,82.64400154352188
86.10272932052612,84.43427067995071
86.46145755052567,85.7045424580574
87.3381884098053,82.86581158638
86.38191884756088,83.82208114862442
87.53665101528168,82.83434897661209
90.24638140201569,85.12461858987808
95.97511267662048,82.87688732147217
98.42484545707703,89.27815455198288
85.8585764169693,83.345423579216
92.62330329418182,95.58069670200348
101.57401603460312,90.77798396348953
97.11674571037292,87.12325429916382
93.42047518491745,89.19052481651306
89.44519293308258,87.46180707216263
86.61792051792145,83.77107948064804
87.95764583349228,81.8203541636467
85.14937752485275,82.14762246608734
86.15610861778259,84.89989137649536
85.99484074115753,84.37515926361084
86.39057230949402,81.55442768335342
87.15630275011063,82.45569723844528
90.77403366565704,83.83796632289886
101.85376590490341,86.5532341003418
90.5444985628128,81.58450144529343
86.27423024177551,82.5417697429657
91.5019559264183,96.88704407215118
103.63767272233963,89.7873272895813
96.58940279483795,90.02259719371796
88.44713485240936,81.90486514568329
91.37886255979538,86.65813744068146
86.94158571958542,85.11341428756714
89.52131700515747,80.31168299913406
88.21303963661194,81.60196036100388
87.99776780605316,85.78123217821121
87.59550034999847,81.44049966335297
86.7682324051857,80.85976761579514
86.12696254253387,81.61303746700287
89.04069417715073,82.36630582809448
96.8434266448021,81.76757335662842
88.60915666818619,83.22484332323074
88.299884557724,83.05111545324326
92.91860783100128,97.60039216279984
104.01631861925125,95.02068138122559
87.65304666757584,82.06995332241058
86.40077883005142,83.95122116804123
89.23950976133347,87.85249024629593
84.78323608636856,83.51376390457153
98.56696909666061,91.5440309047699
85.09169864654541,83.64830136299133
85.857430934906,85.03156906366348
86.6231637597084,83.00683623552322
84.07389640808105,81.94410359859467
86.4136278629303,81.86437213420868
89.10535913705826,84.26564085483551
93.79709076881409,82.8879092335701
86.63582408428192,82.30817592144012
84.86455291509628,82.44944709539413
86.7602841258049,85.75871586799622
90.67401427030563,87.8629857301712
85.99474143981934,82.61625856161118
88.51947009563446,84.35052990913391
101.06318712234497,93.62181288003922
85.34688794612885,84.91211205720901
84.0386198759079,83.4603801369667
83.48934990167618,84.36265009641647
85.77408194541931,85.3369180560112
85.90981340408325,83.33118659257889
95.28554481267929,89.58345520496368
84.90427720546722,83.26272279024124
88.02200829982758,88.23799169063568
95.026740193367,85.95425981283188
84.144471347332,85.22552865743637
84.65120124816895,83.34879875183105
86.43493211269379,85.39806789159775
101.57065951824188,94.50334048271179
85.61437755823135,83.68162244558334
87.21310842037201,84.04589158296585
103.58982717990875,94.59517282247543
86.50451964139938,84.86648035049438
87.12124991416931,84.06475007534027
84.7749775648117,83.29802244901657
89.52270740270615,86.53229260444641
86.80743789672852,83.98956209421158
84.99816924333572,82.94583076238632
85.76390045881271,83.31009954214096
87.15962982177734,86.22937017679214
97.42536115646362,89.81563884019852
98.5420932173729,90.90190678834915
90.0298240184784,83.22917598485947
85.62855523824692,85.8894447684288
105.80227583646774,92.79072415828705
85.47498208284378,84.85901790857315
86.48071146011353,85.22228854894638
103.8584286570549,94.8455713391304
86.0871188044548,84.39488118886948
91.00084948539734,88.25915050506592
84.24658036231995,84.36441963911057
87.01231199502945,85.9316880106926
87.07403934001923,85.054960668087
85.48876863718033,83.17823135852814
86.5134984254837,83.20950156450272
92.09322720766068,85.53577280044556
96.71195769309998,83.8630422949791
85.40268832445145,84.81931167840958
86.9824196100235,84.36958038806915
85.10014986991882,85.95485013723373
106.29187053442001,95.43012946844101
96.35357081890106,92.09042918682098
87.60029917955399,85.8807008266449
106.84801506996155,95.68898493051529
88.20570278167725,91.86729723215103
87.74942934513092,83.91757065057755
84.18215841054916,83.6888415813446
85.78088968992233,85.7571102976799
88.0466206073761,85.250379383564
87.94135189056396,89.59564810991287
87.63208335638046,86.07091665267944
90.34281313419342,87.00918686389923
94.92254495620728,85.20645505189896
85.85527622699738,84.75572377443314
86.84400677680969,85.06399321556091
88.55273401737213,86.46526598930359
106.46745347976685,96.12554651498795
86.88115394115448,85.65684604644775
86.96088421344757,85.6131157875061
112.28160178661346,98.1813982129097
86.54827719926834,86.67472279071808
96.60900551080704,92.76099449396133
84.26373648643494,84.21726351976395
84.65946859121323,85.74753141403198
84.0551992058754,83.61180078983307
84.7649302482605,92.0320697426796
84.86366099119186,83.98833900690079
90.57338982820511,86.16661018133163
93.52412104606628,84.14187896251678
85.43785089254379,84.13614910840988
83.92558062076569,85.31441938877106
85.30231183767319,87.32768815755844
105.14303255081177,95.76496744155884
86.18473315238953,85.98126685619354
86.06245470046997,86.27154529094696
94.97617465257645,92.91282534599304
91.03688073158264,89.09211927652359
85.56259942054749,85.27040058374405
84.17932939529419,84.44967061281204
85.94606047868729,87.2399395108223
89.97078937292099,83.9182106256485
94.9215207695961,92.17147922515869
85.68725138902664,84.66474860906601
89.61898201704025,87.4930180311203
98.66271322965622,90.93028676509857
85.83544385433197,84.07155615091324
84.045175075531,83.91782492399216
85.66190665960312,86.15209329128265
103.26262217760086,92.81237781047821
104.12032037973404,86.15767961740494
87.58903914690018,81.94796085357666
87.2247668504715,86.08923316001892
95.02748990058899,85.60151010751724
86.60820698738098,82.669793009758
86.67093449831009,83.23706549406052
92.28766310214996,85.39733690023422
85.99739170074463,82.6316083073616
85.81912291049957,84.53287708759308
86.34285289049149,83.21214711666107
88.66458117961884,85.26141881942749
93.9863110780716,87.55168890953064
90.28904122114182,89.59995877742767
85.90577006340027,86.48322993516922
85.68949955701828,86.94050043821335
93.3632276058197,90.2487723827362
88.62794303894043,83.22405695915222
97.26366049051285,82.75433951616287
82.82638794183731,83.91461205482483
88.8881111741066,85.46388882398605
86.63482975959778,83.95717024803162
83.14155799150467,83.50644201040268
86.6662882566452,85.61171174049377
85.3760175704956,82.06798243522644
92.21574598550797,88.41325402259827
86.92647594213486,85.18452405929565
90.95120334625244,84.80879664421082
103.08693462610245,84.82106536626816
85.09266448020935,82.61033552885056
84.34039431810379,82.01160567998886
86.01312327384949,85.94987672567368
101.81585311889648,92.83214688301086
98.28457832336426,90.95542168617249
85.92129707336426,83.56070291996002
86.65002506971359,84.90597492456436
93.06374740600586,90.45525258779526
85.25446420907974,82.57853579521179
85.42819392681122,85.07180607318878
88.50792282819748,85.43607717752457
85.69965142011642,83.41134858131409
91.76138174533844,88.14561825990677
85.41611087322235,87.28788912296295
89.21883815526962,86.07816183567047
91.39156818389893,84.6264318227768
95.97229832410812,83.9537016749382
89.4230260848999,85.90997391939163
85.00275266170502,83.66324734687805
101.49048107862473,89.74951893091202
94.9231967329979,87.31680327653885
90.70790439844131,85.55209559202194
87.8436308503151,86.97136914730072
106.0903490781784,92.27965092658997
78.76876401901245,81.43423599004745
88.59149354696274,87.27950644493103
93.24522185325623,87.75477814674377
84.69595164060593,86.06404834985733
86.83168065547943,84.31631934642792
89.72740507125854,89.86559492349625
100.73412901163101,91.00787097215652
84.12885677814484,86.09414321184158
86.69058501720428,83.38341498374939
84.19731360673904,84.32168638706207
96.53704261779785,90.6119573712349
95.50576204061508,89.71623796224594
85.99345910549164,84.78454089164734
86.77818417549133,85.40781581401825
101.24690073728561,92.17809927463531
86.66058963537216,83.28341037034988
83.87131708860397,84.22168290615082
84.39604771137238,84.49395227432251
85.69777649641037,82.50522351264954
95.07550638914108,91.4064936041832
86.47023755311966,84.97376245260239
88.56896585226059,87.39403414726257
90.77869564294815,83.05430436134338
84.19241404533386,84.45458596944809
84.49514490365982,82.96785509586334
84.89087563753128,88.97912436723709
97.98960798978806,89.67739200592041
92.34733057022095,87.91166943311691
84.55803698301315,83.64696300029755
85.74876713752747,85.78823286294937
102.01448947191238,94.78251051902771
86.24318826198578,83.07181173563004
85.39791542291641,83.15808457136154
82.90464466810226,84.39235532283783
83.33637636899948,83.38562363386154
84.15710961818695,82.6938903927803
83.71984124183655,83.85515874624252
89.02157425880432,84.51542574167252
87.71330541372299,83.10169458389282
94.88703656196594,91.48396342992783
84.4297656416893,83.73623436689377
85.621497631073,84.78650236129761
97.53522729873657,88.92777270078659
92.0589514374733,89.07004857063293
85.029656291008,83.2673436999321
85.96138548851013,84.3716145157814
102.3191083073616,92.99589169025421
84.8818085193634,84.00719147920609
85.40653955936432,85.79746043682098
83.61627048254013,85.36572951078415
82.45600312948227,83.1179968714714
81.83273577690125,83.87126421928406
83.93146622180939,84.06853377819061
86.16019731760025,85.67380267381668
85.75892984867096,85.35207015275955
83.91365820169449,84.66134178638458
83.58638882637024,83.78461116552353
83.55612087249756,87.37087911367416
97.30285310745239,94.03114688396454
101.93857884407043,97.13542115688324
87.16628706455231,87.05571293830872
81.896016061306,87.67798393964767
102.42073786258698,98.39426213502884
87.42743849754333,84.66556149721146
84.74816530942917,84.08483469486237
84.64289551973343,84.87510448694229
84.44562727212906,84.27637273073196
83.06335872411728,83.0106412768364
85.01408922672272,84.31891077756882
92.09482026100159,88.31317973136902
93.13854593038559,86.97245407104492
84.84727680683136,84.87372320890427
83.66900599002838,83.97999399900436
85.13773542642593,85.34326457977295
101.36646717786789,91.8185328245163
83.00319814682007,84.8678018450737
84.93492764234543,84.51007235050201
83.57065558433533,86.42934441566467
88.24338656663895,85.97761344909668
96.3791167140007,93.67588329315186
84.84984344244003,85.52115654945374
84.2445752620697,86.88542473316193
83.21330541372299,84.45269459486008
83.88703733682632,84.09396266937256
83.70776832103729,83.64423167705536
86.23249995708466,85.2305000424385
87.77623146772385,86.27976852655411
86.41194760799408,86.44005239009857
82.60367459058762,83.85932540893555
86.25740599632263,86.26059401035309
98.1721368432045,91.17986315488815
83.0298684835434,84.21113151311874
87.03659737110138,90.89040261507034
81.3203192949295,87.64268070459366
87.12204879522324,92.06295120716095
82.35177659988403,84.85222339630127
83.35750371217728,84.56749629974365
83.10523521900177,88.35876476764679
79.8709664940834,86.44403350353241
92.78369909524918,91.1973009109497
83.30843150615692,84.56156849861145
85.37116289138794,88.42583709955215
87.41389608383179,85.79010391235352
84.69862174987793,87.11637824773788
82.18635231256485,84.5736476778984
83.97008466720581,85.71491533517838
95.88381630182266,93.41218370199203
87.07554972171783,84.2574502825737
87.78527748584747,88.71372252702713
90.7919951081276,87.06000488996506
87.07572680711746,86.1832731962204
84.97145521640778,86.76954478025436
82.58818084001541,84.48581916093826
83.20591115951538,89.51608884334564
83.52664250135422,87.0843575000763
82.86737275123596,85.78162723779678
84.9101032614708,84.96089673042297
89.56382644176483,88.82517355680466
84.34854525327682,86.63245475292206
97.20725786685944,97.1257421374321
85.39894825220108,89.13905173540115
94.71965724229813,94.28034275770187
109.26234823465347,92.97765177488327
81.75007176399231,88.78692823648453
93.8127875328064,93.42821246385574
81.35548400878906,88.25551599264145
88.12120997905731,87.36079001426697
98.70092791318893,91.11307209730148
82.55962091684341,84.60737907886505
81.91835087537766,87.73064911365509
81.81307798624039,85.44592201709747
81.87580817937851,84.88419181108475
83.0485383272171,86.17446166276932
86.0542664527893,88.27873355150223
82.93099677562714,85.71700322628021
87.88170331716537,88.52629667520523
81.81341660022736,85.66758340597153
82.8391455411911,87.04985445737839
97.27087378501892,97.69212621450424
89.66660434007645,91.88939565420151
94.08032351732254,95.88267648220062
80.03102254867554,87.57997745275497
87.4817521572113,89.07424783706665
100.08047062158585,94.19752937555313
86.67915922403336,85.44984078407288
81.90787994861603,87.11112004518509
81.85860902070999,85.88239097595215
81.03133970499039,85.28366029262543
81.59307032823563,85.73992967605591
86.22980117797852,87.04819881916046
93.47653144598007,86.31946855783463
85.33525967597961,86.16574031114578
83.74798357486725,85.93701642751694
83.68070983886719,87.37529015541077
96.13143813610077,92.60956186056137
81.34116864204407,89.84383136034012
92.06988829374313,93.52211171388626
81.6875883936882,88.16441160440445
87.15631461143494,87.63968539237976
113.27403354644775,99.22596645355225
85.55771511793137,86.57128489017487
83.02744424343109,87.49055576324463
81.36717146635056,85.3928285241127
80.66990208625793,85.94109791517258
81.37963193655014,85.32436805963516
85.29336261749268,88.4846373796463
81.92909276485443,85.94090723991394
82.80582255125046,86.91617745161057
80.57154947519302,85.89145052433014
82.81827861070633,88.3107213973999
95.28800559043884,93.63799440860748
81.5907364487648,85.72426354885101
92.33745384216309,91.68054616451263
84.86215168237686,88.41584831476212
87.21986848115921,89.16813153028488
97.94857907295227,91.31042093038559
84.08526575565338,86.22973424196243
84.68399327993393,88.72300672531128
83.20872074365616,87.10627925395966
90.9554512500763,92.39554876089096
79.16618049144745,86.09381949901581
83.70891135931015,88.60608863830566
81.56764078140259,86.93235921859741
80.90736871957779,93.35163128376007
83.41309571266174,85.93890428543091
79.40182316303253,88.83917683362961
95.4815508723259,96.03644913434982
80.9132816195488,85.49271839857101
83.29001224040985,89.5609877705574
86.13073551654816,89.7212644815445
86.3774516582489,87.71554833650589
98.30917078256607,91.48682922124863
84.98185312747955,88.2771468758583
80.7105724811554,90.56742751598358
84.19829869270325,87.17170131206512
80.65002888441086,88.64697110652924
80.24875915050507,86.78824084997177
83.95848965644836,89.0045103430748
81.55722039937973,87.49777960777283
91.32295072078705,94.43604928255081
80.06967979669571,86.2453202009201
82.46440893411636,90.33059108257294
99.4711344242096,94.84386557340622
81.82986396551132,86.54113602638245
81.63259255886078,86.2574074268341
85.3603150844574,90.37968492507935
85.46003246307373,87.9659675359726
82.24376183748245,86.44123816490173
93.0531525015831,94.03984749317169
79.35485702753067,90.77414298057556
85.87958765029907,91.1934123635292
81.12631750106812,86.2246824502945
86.15204709768295,88.38495290279388
80.02877748012543,87.54622256755829
82.77550739049911,88.66849261522293
81.15223628282547,87.47676372528076
81.88196498155594,88.04503500461578
106.386678814888,101.53832119703293
91.1534081697464,92.77259182929993
82.0481396317482,86.30386036634445
87.5358636379242,93.5571363568306
86.46857464313507,92.64342534542084
81.06730431318283,87.15569567680359
87.5730282664299,88.37097173929214
79.69075548648834,91.30924451351166
80.03048592805862,86.04351407289505
80.20421677827835,87.01878321170807
82.04294782876968,86.91905218362808
83.67868024110794,88.24631977081299
80.944411277771,86.33258873224258
82.45014244318008,88.2338575720787
81.0498697757721,89.06113022565842
79.27860134840012,89.42539864778519
96.02533322572708,92.90066677331924
81.55106472969055,88.0049352645874
79.59379649162292,87.49820351600647
85.43352091312408,96.0484790802002
84.3292293548584,90.22777062654495
89.72296214103699,88.14603787660599
80.8966903090477,89.47330969572067
80.75441873073578,90.11558127403259
82.37215048074722,88.03484952449799
78.84188133478165,88.56611865758896
79.27461528778076,87.76338469982147
82.63234776258469,93.0526522397995
79.43508052825928,87.52891945838928
81.07081270217896,88.05918729305267
78.98454248905182,87.34945750236511
78.84227532148361,90.04572468996048
94.79400837421417,96.52199161052704
82.37373965978622,87.60726034641266
81.39847022294998,87.97152978181839
86.81219381093979,99.03980618715286
85.85490107536316,90.29209893941879
80.49163097143173,99.87836903333664
92.46035522222519,91.94664478302002
81.11505776643753,90.64394223690033
77.1767892241478,87.916210770607
79.29452526569366,87.63147473335266
79.31925958395004,88.56974041461945
83.13999152183533,90.7850084900856
82.35072386264801,90.01927614212036
80.4494559764862,90.79054403305054
78.75218516588211,90.00681483745575
79.57391768693924,89.6670823097229
96.45064908266068,96.43935090303421
79.4933757185936,88.35762429237366
79.0921077132225,89.05589228868484
85.02483302354813,92.99416697025299
84.47454190254211,90.78445810079575
79.77827423810959,88.36972576379776
89.35799837112427,93.45600163936615
79.19770270586014,91.65329730510712
79.88943427801132,88.29556572437286
79.15516775846481,88.40083223581314
79.47589927911758,91.63510072231293
82.81563115119934,91.07336884737015
79.85936260223389,87.2336373925209
82.08709281682968,91.22690719366074
79.66782355308533,90.01717644929886
79.26655209064484,92.08444792032242
99.86627638339996,98.3927236199379
80.74292397499084,88.9980760216713
77.87865364551544,87.88034635782242
89.2173810005188,96.98561900854111
85.87207651138306,91.70092350244522
78.48980450630188,88.991195499897
91.8855294585228,97.37447053194046
78.98422902822495,93.44177097082138
79.56495982408524,90.58304017782211
78.16369104385376,89.3923089504242
77.92842191457748,87.68257808685303
85.1761583685875,90.36084163188934
79.62688648700714,89.57711350917816
81.89262115955353,94.01537883281708
82.06534683704376,89.78565317392349
78.51707828044891,92.72392171621323
96.7078143954277,100.62618559598923
79.4365445971489,93.74945539236069
79.72027713060379,90.64972287416458
85.54101002216339,96.6439899802208
86.14073926210403,95.24826073646545
79.25746876001358,88.79753124713898
90.54119288921356,98.88380712270737
78.9738957285881,94.2291042804718
82.23962539434433,96.14837461709976
79.04235857725143,91.56864142417908
79.21608930826187,88.95191067457199
81.44482308626175,91.96417689323425
78.61655592918396,93.10544407367706
79.56828498840332,91.41371500492096
77.83300876617432,89.75999122858047
79.54374051094055,92.2162594795227
97.10547304153442,97.89452695846558
81.81520509719849,89.05479490756989
79.46893268823624,89.2710673213005
78.12466239929199,91.57933759689331
85.53739219903946,93.36960780620575
78.84012079238892,90.4748792052269
91.99584412574768,102.06015586853027
78.70454204082489,99.44345796108246
76.67427170276642,88.8447282910347
79.86600506305695,89.9859949350357
78.4837372303009,89.9242627620697
82.69346797466278,90.97353202104568
76.86619997024536,88.11580002307892
80.0029359459877,90.46106404066086
79.86066401004791,94.51033598184586
79.20038628578186,91.11461371183395
91.11312180757523,98.62687820196152
81.99084955453873,94.76915043592453
81.16357880830765,92.29942119121552
80.17030769586563,90.60769230127335
85.71303325891495,95.84196674823761
77.53476136922836,91.96623861789703
78.52249103784561,93.44050896167755
78.86122089624405,94.73077911138535
76.25694906711578,88.33505094051361
78.72568321228027,88.57031679153442
78.15841525793076,90.06458473205566
83.60914933681488,97.09485065937042
78.04188418388367,91.73611581325531
82.269615650177,98.08138436079025
76.72034460306168,91.07565540075302
77.30107694864273,91.06892305612564
87.88080209493637,99.08219790458679
78.96253401041031,89.22346597909927
78.93126654624939,90.9567334651947
77.78999942541122,91.35800057649612
91.75872272253036,103.05627727508545
80.54342979192734,90.84657019376755
76.66015696525574,90.59884303808212
80.66688561439514,95.61111438274384
77.28361093997955,89.25238907337189
76.9933413863182,90.67265862226486
76.4440723657608,94.79592764377594
82.0258036851883,92.23419630527496
75.06853485107422,89.67246514558792
78.96326696872711,92.9437330365181
79.59899598360062,89.32600402832031
76.97672635316849,92.2092736363411
88.96445292234421,96.36854708194733
77.82218599319458,90.47381401062012
77.49591910839081,89.56008088588715
77.2786511182785,91.40634888410568
91.19237542152405,98.39962458610535
79.03308945894241,89.9859105348587
77.00181728601456,91.01618272066116
79.86054891347885,97.04645109176636
76.29327648878098,89.09672349691391
78.3730074763298,91.68199253082275
77.93473702669144,89.25026297569275
81.08846879005432,92.5215312242508
77.09620022773743,89.126799762249
80.47293275594711,91.80506724119186
77.97866237163544,92.33633762598038
78.33639168739319,93.6446083188057
91.76912462711334,100.48987537622452
79.42385530471802,90.02114468812943
78.24458587169647,92.19941413402557
77.30731552839279,92.50768446922302
86.36903011798859,99.89096987247467
77.76372289657593,90.19927710294724
78.15844970941544,89.93355029821396
96.79516839981079,99.18683159351349
76.83785033226013,90.86514967679977
75.7325769662857,90.82242304086685
79.48030549287796,91.89069449901581
82.74603581428528,92.08696419000626
76.67876648902893,90.50623351335526
80.29549670219421,91.24150329828262
77.3022232055664,91.27277678251266
76.95594722032547,93.22805279493332
94.83267760276794,96.7033224105835
78.32140892744064,91.56759107112885
77.67913776636124,90.78386223316193
80.81486839056015,98.57413160800934
86.95159596204758,96.64240401983261
80.9573102593422,91.67268973588943
77.37102997303009,91.20297002792358
91.32174861431122,99.86325138807297
76.67943876981735,92.98656123876572
75.2791645526886,91.09083545207977
79.50789242982864,92.32510757446289
81.08762168884277,93.20837831497192
77.2973523736,90.05464762449265
81.24908113479614,93.04791885614395
76.69880217313766,90.9671978354454
76.79853171110153,93.7394682765007
86.65626192092896,99.67773807048798
76.29299199581146,92.22600799798965
85.12429183721542,84.76470816135406
83.35506027936935,87.55193972587585
88.80882996320724,86.22917002439499
87.83659410476685,86.96040588617325
82.90035551786423,83.37764447927475
98.89111977815628,92.3868802189827
84.08485871553421,84.7301412820816
86.24162375926971,84.68337625265121
82.76939153671265,84.00860846042633
90.22216135263443,88.6108386516571
88.71193087100983,84.36206912994385
84.12969386577606,84.01930612325668
83.87846302986145,86.01053696870804
82.57323330640793,86.0577666759491
96.50800323486328,94.36299675703049
83.31277376413345,84.22422623634338
83.52454352378845,84.45645648241043
82.49731373786926,87.83668625354767
88.13508373498917,85.47591626644135
88.77384918928146,85.9851508140564
86.48660719394684,85.84739279747009
98.36536902189255,92.65263098478317
84.65211004018784,84.92188996076584
82.30887711048126,84.04212290048599
83.169646859169,83.66335314512253
92.99441659450531,87.06258338689804
86.35417872667313,86.55282127857208
85.12194907665253,87.65505093336105
83.77971708774567,86.35128289461136
83.88048672676086,85.72951328754425
94.87125772237778,92.29574227333069
84.19402891397476,83.23097109794617
84.9438003897667,84.05519962310791
84.41556984186172,86.54643017053604
87.92533963918686,85.90866035223007
90.95210385322571,88.62189614772797
83.88685202598572,84.50114798545837
89.65561300516129,91.58538699150085
87.73836839199066,85.35463160276413
82.98813056945801,84.14186942577362
87.42289787530899,85.07710212469101
87.00466024875641,87.73533976078033
100.42142993211746,90.98557007312775
88.6712002158165,85.18079978227615
83.79096949100494,84.20903050899506
82.29973846673965,85.86626154184341
96.82750862836838,95.52449136972427
83.92927914857864,83.42272084951401
84.8260486125946,85.30295139551163
82.5018173456192,86.57218265533447
91.34458690881729,86.73041307926178
92.40834629535675,88.77665370702744
85.56509363651276,84.73090636730194
83.05585962533951,88.57414036989212
87.50862461328506,85.21337538957596
82.68538534641266,84.83361464738846
85.39714920520782,84.75085079669952
86.16591942310333,86.35308057069778
81.06269097328186,88.54830902814865
87.25746184587479,86.76153814792633
87.80322670936584,87.01177328824997
81.97899597883224,85.39100402593613
91.57976925373077,91.47523075342178
82.40354281663895,84.39345717430115
81.46831542253494,83.93868458271027
83.21708858013153,86.63391143083572
86.09685963392258,85.71814036369324
95.67962670326233,88.78337329626083
85.54037302732468,88.27462697029114
81.99314093589783,89.4328590631485
83.46591049432755,87.23808950185776
81.62267744541168,83.34032255411148
82.13144892454147,86.8505510687828
85.38022202253342,88.41577798128128
79.66699528694153,85.87000471353531
83.5657674074173,86.54523259401321
80.11153799295425,85.4444620013237
80.23031026124954,91.1016897559166
99.536083817482,99.5559161901474
84.4518575668335,87.7521424293518
83.53563088178635,86.4093691110611
80.08140397071838,87.25259602069855
83.23817712068558,86.92882287502289
95.56194055080414,99.19705945253372
87.21868109703064,89.37331891059875
84.65344315767288,90.95755684375763
86.01420414447784,89.022795855999
82.59796386957169,84.12503612041473
83.30972671508789,87.31927329301834
86.66949880123138,89.23750120401382
81.1792705655098,84.74672943353653
82.65104413032532,84.84895586967468
81.30781549215317,86.74818450212479
81.57658779621124,88.44241219758987
97.65936118364334,92.54463881254196
82.20513474941254,88.73886525630951
82.1209077835083,87.34209221601486
80.25968158245087,87.86931842565536
87.73145520687103,88.37954479455948
83.79622900485992,86.36977100372314
87.45299124717712,89.9730087518692
83.48074942827225,88.55725055932999
101.52651339769363,88.56648659706116
81.1462534070015,86.13174659013748
81.50601989030838,84.8629801273346
85.29279285669327,87.13220715522766
81.7095655798912,86.84543442726135
84.40433901548386,84.37366098165512
81.72710871696472,88.95789128541946
82.01488173007965,85.56011825799942
94.80065470933914,93.58834528923035
87.06942796707153,83.22757202386856
79.6702007651329,85.77479922771454
80.93797469139099,87.56202530860901
87.7797486782074,86.40525132417679
82.54852163791656,86.74747836589813
84.13228958845139,88.40571039915085
81.28805643320084,87.08194357156754
99.48282068967819,94.27617931365967
82.7135591506958,85.34244084358215
81.81533002853394,84.33366996049881
87.67609995603561,87.87990003824234
79.90686851739883,87.35313147306442
83.85964131355286,86.88135868310928
82.38741040229797,86.890589594841
83.47018146514893,87.62181854248047
98.95995247364044,96.53904753923416
83.59872251749039,85.45727747678757
86.9044930934906,86.26250690221786
88.93126308917999,91.77173691987991
90.42203140258789,88.04096859693527
84.61579877138138,86.21820122003555
91.88356178998947,88.70843821763992
84.80031776428223,86.56968224048615
99.7900783419609,94.15392166376114
82.87281918525696,86.23818081617355
83.73458677530289,86.58041322231293
87.76135575771332,90.57264423370361
83.56712448596954,86.3778755068779
85.92689383029938,89.60910618305206
82.9176595211029,86.41634047031403
84.64842814207077,87.79557186365128
99.01019757986069,94.80480241775513
85.70396828651428,87.31503170728683
85.0267379283905,85.99126207828522
83.6105078458786,87.5934921503067
88.95227706432343,86.32572293281555
83.92404681444168,88.00195318460464
94.67380893230438,92.43719106912613
84.70155853033066,89.650441467762
99.85732060670853,94.28967940807343
85.71906054019928,87.20793944597244
84.87582737207413,86.4581726193428
87.62459564208984,92.52240437269211
84.2823656797409,87.30963432788849
84.32813543081284,87.65386456251144
84.8919033408165,86.83009666204453
84.58667367696762,88.17332631349564
98.85444313287735,93.47855687141418
85.10321348905563,86.3217865228653
83.94698286056519,85.40501713752747
81.88075244426727,90.9892475605011
87.0015224814415,85.27647751569748
81.02829325199127,84.47170674800873
93.24005490541458,91.3329451084137
82.74980282783508,87.26919716596603
94.44356697797775,88.31543302536011
86.48932081460953,86.86267918348312
83.70308810472488,84.00191187858582
89.19285649061203,86.60314351320267
82.0346263051033,86.2613736987114
82.24639755487442,85.82660245895386
82.83016586303711,85.41083413362503
84.52393478155136,90.06806522607803
98.38470309972763,91.59729689359665
82.89347231388092,84.01352769136429
85.69824254512787,85.2637574672699
83.26301151514053,87.03298848867416
89.30978089570999,86.11621910333633
79.53955084085464,87.55144917964935
94.03031635284424,89.96868366003036
84.04006242752075,90.38693755865097
85.8258239030838,85.1741760969162
85.3345890045166,91.12841099500656
83.45435547828674,84.54564452171326
89.13012391328812,85.79487609863281
90.95389193296432,88.5641080737114
82.31466120481491,85.2043387889862
84.3424306511879,84.21356934309006
86.23920059204102,88.94479942321777
96.28597044944763,90.1400295495987
84.23974084854126,85.70525914430618
82.5445100069046,95.12248998880386
82.81228345632553,91.33571654558182
87.70905488729477,87.01194512844086
80.42282843589783,86.5951715707779
88.56059437990189,86.43940562009811
85.16235196590424,88.59664803743362
84.98611736297607,85.86588263511658
87.43988287448883,89.78311711549759
84.31864559650421,83.64435440301895
89.21641427278519,85.48758572340012
82.83618372678757,88.95981627702713
86.19695550203323,87.02604448795319
85.90972429513931,83.53527569770813
82.65949273109436,86.08150726556778
95.70426189899445,95.07273811101913
82.39903175830841,85.6199682354927
83.44480204582214,84.68519794940948
81.10157263278961,84.65742737054825
90.68434149026871,88.70465850830078
80.00911033153534,86.32488965988159
81.70188248157501,85.79811751842499
84.69264924526215,89.60435074567795
84.34941530227661,85.15058469772339
92.50717973709106,89.60382026433945
81.95993447303772,85.20706552267075
90.48770552873611,85.27229446172714
81.79247868061066,87.20752131938934
84.57824778556824,85.19875222444534
85.16201293468475,85.8939870595932
82.17078095674515,85.60721904039383
97.60555267333984,91.78344732522964
84.33632606267929,87.31067395210266
82.49409729242325,86.4509027004242
81.3908703327179,87.27612966299057
87.73364371061325,87.26635628938675
80.13041752576828,86.23958247900009
81.60319066047668,85.56380933523178
96.94495582580566,94.88804417848587
87.65770041942596,88.5092995762825
97.38845825195312,94.68554174900055
85.65719997882843,84.63980001211166
78.03596597909927,84.61203402280807
83.50773340463638,84.45526659488678
83.70250236988068,86.35349762439728
82.73026823997498,83.67773175239563
84.9240375161171,84.83596247434616
95.69180703163147,89.8831929564476
84.03357654809952,83.91142344474792
83.50534588098526,83.84665411710739
81.94011580944061,85.28188419342041
89.31988602876663,86.2181139588356
82.38365638256073,84.22734361886978
86.41142630577087,83.82957369089127
107.95718985795975,90.67181015014648
84.22592151165009,84.99707847833633
98.80868268013,88.48831731081009
85.6494260430336,84.40557396411896
90.43719357252121,86.74780642986298
82.53796166181564,84.46203833818436
82.12072986364365,86.04527014493942
82.14849746227264,84.03650254011154
81.13826674222946,84.87973326444626
99.74103629589081,92.03796368837357
83.45280438661575,86.04719561338425
84.55457329750061,83.46342670917511
82.04434299468994,84.7886570096016
88.0721126794815,85.64988732337952
81.46988207101822,83.60411792993546
83.60865151882172,84.81834846735
91.59841406345367,44.95658594369888
87.1251649260521,84.31783509254456
98.59792238473892,89.29107761383057
85.05066192150116,85.02333807945251
83.31942719221115,87.40357279777527
83.49419605731964,84.0418039560318
82.44796550273895,84.84903448820114
82.8817338347435,85.26526618003845
83.85450369119644,85.3864963054657
98.17827385663986,90.26672613620758
85.96404486894608,84.79395514726639
85.58481520414352,83.43418478965759
84.48258566856384,84.554414331913
89.47235494852066,86.69364506006241
81.94512510299683,84.61087489128113
83.86089444160461,84.3621055483818
83.73966526985168,85.20433473587036
88.74843156337738,84.21456843614578
101.4431871175766,94.53881287574768
85.45092260837555,83.65907740592957
88.84969085454941,90.63230913877487
83.93246054649353,84.66053944826126
83.2002300620079,85.98476994037628
83.96799683570862,85.29100316762924
83.64376705884933,87.50423294305801
96.91253733634949,92.73646265268326
85.79130810499191,85.20869189500809
86.72607803344727,84.0329219698906
85.91984844207764,85.98715156316757
89.22461831569672,89.12638169527054
82.73438632488251,85.74761366844177
83.59415632486343,85.79384368658066
84.21392679214478,84.63707321882248
85.63069200515747,85.99830800294876
97.56644815206528,93.39755183458328
85.53718906641006,86.8328109383583
85.6009549498558,85.02804505825043
86.66672450304031,83.31527549028397
83.2304937839508,91.10250622034073
84.51726239919662,83.92673760652542
84.58203154802322,88.23296844959259
98.3868015408516,90.33519846200943
83.78456914424896,84.3824308514595
84.23733925819397,83.83566075563431
85.43210870027542,85.14289128780365
89.2928791642189,85.67012083530426
82.11664873361588,85.23535126447678
84.38441753387451,84.18958246707916
82.00418788194656,86.99581211805344
90.64295154809952,87.00504845380783
84.6147078871727,85.94129210710526
87.78947204351425,84.69152796268463
83.70623522996902,84.515764772892
82.77100455760956,85.26599544286728
83.55677366256714,86.2762263417244
84.82554119825363,84.19245880842209
83.6493114233017,88.79568856954575
94.97208136320114,89.54591864347458
83.6118516921997,84.8881483078003
83.50962156057358,85.93537843227386
83.75938671827316,84.72261327505112
93.80415773391724,88.28884226083755
82.22092723846436,83.52007275819778
84.61869657039642,84.3073034286499
85.46046727895737,85.31653273105621
94.4322259426117,87.90077406167984
83.88497084379196,89.43002915382385
86.9317352771759,85.55026471614838
85.62550073862076,85.3374992609024
84.87526845932007,85.60673153400421
83.55003774166107,84.91296225786209
84.28180587291718,83.62619411945343
82.84657543897629,85.06142455339432
85.22534650564194,85.29265350103378
81.64211595058441,86.28488403558731
83.3728859424591,84.22011405229568
85.28865271806717,86.69234728813171
86.81641715765,86.61058282852173
85.32518529891968,84.8608146905899
83.59295529127121,87.37004470825195
83.87972486019135,85.13927513360977
94.38848692178726,87.83351308107376
82.80522960424423,85.95477038621902
88.22199404239655,85.35300594568253
85.39575725793839,89.65824276208878
84.31252670288086,83.50247329473495
83.98829406499863,84.95570594072342
82.14605855941772,84.53994143009186
83.56182825565338,85.27117174863815
85.71859800815582,83.15140199661255
83.43136817216873,84.75463181734085
84.44013774394989,83.87486225366592
85.11590695381165,86.47709304094315
89.60667687654495,87.91332310438156
81.6884458065033,84.97755420207977
86.29021501541138,84.82078498601913
84.92798566818237,84.97801434993744
95.15974849462509,90.37725150585175
84.6504921913147,88.20250779390335
102.4182499051094,90.02675008773804
84.35298556089401,85.1660144329071
85.73275381326675,84.80424618721008
85.87052077054977,86.03647923469543
83.52728831768036,84.37971168756485
87.22105801105499,85.0749419927597
88.74882280826569,86.67717719078064
86.79459232091904,83.68640768527985
84.54436272382736,84.77063727378845
90.86813259124756,90.77986741065979
87.561902821064,88.45609718561172
84.6256719827652,84.07632803916931
84.24644178152084,83.73455822467804
83.94021266698837,84.67078733444214
94.93097347021103,87.68002653121948
85.49572253227234,86.56027746200562
99.37348061800003,90.23651939630508
86.29122132062912,86.67277866601944
82.8549872636795,85.16301274299622
84.12375473976135,85.04424524307251
88.59451907873154,91.55348092317581
82.45528793334961,85.85871207714081
90.5940568447113,85.12794315814972
83.9918263554573,84.13817363977432
83.48159521818161,84.75840479135513
83.73136419057846,84.76863580942154
89.72113370895386,86.99986630678177
84.85990387201309,83.89909613132477
84.90667289495468,83.72332710027695
84.89744335412979,85.01155662536621
85.70221209526062,83.50178790092468
86.52497738599777,86.78902262449265
98.97873538732529,88.83626461029053
87.46947610378265,88.97552388906479
80.14424520730972,88.18875479698181
84.00500583648682,89.55099415779114
83.42177283763885,87.24522715806961
84.30054545402527,91.19945454597473
84.68031644821167,85.17168354988098
84.15208810567856,84.12591189146042
82.14185696840286,85.35714304447174
81.0946296453476,84.55337035655975
84.9184028506279,85.09959715604782
83.90917646884918,85.88782352209091
82.17794877290726,85.98905122280121
83.37172186374664,89.01727813482285
81.12149411439896,85.47150588035583
84.908263027668,86.81473696231842
99.15702348947525,92.76897650957108
82.88876509666443,87.59323489665985
82.69353383779526,86.75046616792679
86.31430387496948,87.74269610643387
81.19207125902176,86.04792875051498
84.99784243106842,88.70615756511688
85.11761462688446,85.91938537359238
81.34838831424713,84.96561169624329
80.1531623005867,85.62383770942688
81.01493614912033,87.1150638461113
86.43070948123932,87.73629051446915
83.18048220872879,86.85651779174805
82.44824916124344,85.2927508354187
79.62402248382568,87.41297751665115
82.16979640722275,85.21820360422134
90.53056460618973,92.71043539047241
94.57631289958954,93.64568710327148
83.2140599489212,88.2849400639534
80.94582790136337,86.35017210245132
88.75059640407562,87.65540361404419
83.50035661458969,85.35064339637756
83.71412563323975,87.11987435817719
85.0188981294632,87.00010186433792
81.86066854000092,86.91733145713806
81.16544103622437,85.38955897092819
79.71121448278427,86.82578551769257
85.38698774576187,86.4840122461319
84.78476226329803,86.47423774003983
82.49753445386887,85.70546555519104
86.22830808162689,91.62269192934036
78.77408093214035,84.46691906452179
94.46884697675705,89.60615301132202
81.38459450006485,87.20740550756454
84.67136174440384,91.75463825464249
83.25412899255753,85.06087100505829
83.89190047979355,87.0520995259285
83.12366580963135,86.17233419418335
81.57743799686432,87.03456199169159
84.36421000957489,94.45078998804092
85.37298208475113,85.7570179104805
79.51075547933578,86.76724451780319
80.90852868556976,87.57347130775452
86.88030141592026,88.19369858503342
82.37107229232788,85.49892771244049
82.15784507989883,86.89715492725372
82.61161887645721,87.37038111686707
81.89739263057709,84.9916073679924
93.44315963983536,91.74184036254883
80.28490650653839,86.34409350156784
85.64667445421219,86.70532554388046
81.91444116830826,85.08555883169174
87.47821152210236,88.65078848600388
83.02397030591965,87.90202969312668
83.32873886823654,89.54126113653183
82.78250735998154,85.97649264335632
85.21728056669235,86.44871944189072
84.46705389022827,86.18094611167908
80.73482644557953,86.74617356061935
84.87359935045242,85.49640065431595
81.14237320423126,86.45162683725357
81.63214528560638,86.79385471343994
79.25191903114319,87.08108097314835
81.42769372463226,86.77630627155304
94.32545930147171,90.61854070425034
80.70520758628845,90.05379241704941
83.69497591257095,88.4530240893364
80.6297425031662,84.11125749349594
86.82351249456406,85.89848750829697
81.81327831745148,84.1677216887474
81.74905133247375,85.88094866275787
82.20282411575317,85.1681758761406
79.21159303188324,84.47340697050095
81.14536559581757,84.76163440942764
82.50613760948181,86.77086240053177
85.29391133785248,86.30008864402771
81.96868515014648,83.64231485128403
82.05145871639252,84.35554128885269
87.11522829532623,89.69877171516418
84.23598897457123,84.76401102542877
92.68874925374985,90.94025075435638
83.71650075912476,85.98749923706055
95.55826181173325,90.32973819971085
100.67800164222717,90.65499836206436
94.09473705291748,85.33126294612885
89.49248373508453,87.50751626491547
87.40823751688004,86.73976248502731
87.28799778223038,85.91600221395493
88.27875673770905,92.61024326086044
77.86152225732803,81.7684777379036
81.03728979825974,85.2037101984024
90.1380587220192,84.6579412817955
84.62782746553421,84.46417254209518
84.00759583711624,87.62240415811539
84.94236743450165,86.29863256216049
83.69213783740997,85.77086216211319
82.7749086022377,86.46509140729904
87.15467423200607,86.97532576322556
107.84842604398727,102.35557395219803
84.56016105413437,86.36583894491196
88.6629284620285,87.41207152605057
83.96769446134567,88.38430553674698
84.30946159362793,85.96753841638565
83.6702309846878,84.36676901578903
86.92000019550323,93.30199980735779
81.72477090358734,83.44222909212112
83.34454065561295,85.06245934963226
88.11230850219727,84.09069150686264
84.08407777547836,84.24892222881317
83.72384697198868,83.98015302419662
86.02861768007278,85.41638231277466
84.40838831663132,83.88861167430878
83.67515587806702,88.15784412622452
88.20292121171951,85.31507879495621
108.08267277479172,91.04732722043991
102.1094086766243,90.3905913233757
85.78517240285873,85.97482758760452
84.21993720531464,84.00306278467178
85.39470624923706,84.93729376792908
85.47747534513474,85.46652466058731
92.06124395132065,85.16075605154037
85.7920086979866,86.37499129772186
83.9117733836174,87.82922661304474
88.40254163742065,87.7454583644867
80.68930912017822,85.49569088220596
86.3270772099495,86.37692278623581
81.65184551477432,85.20115447044373
83.62361544370651,84.67338454723358
84.8733845949173,87.70061540603638
90.88214766979218,89.54485231637955
105.25989240407944,94.42410761117935
85.62063109874725,87.54536890983582
88.9083942770958,86.25860571861267
85.06515616178513,85.71284383535385
85.55492323637009,86.46407675743103
87.80469113588333,84.41730886697769
91.2774561047554,91.87154388427734
81.84022200107574,84.58477801084518
83.77599096298218,85.18800902366638
89.00675791501999,83.73324209451675
85.163525223732,85.57647478580475
84.91329354047775,84.42070645093918
89.33006167411804,87.63293832540512
85.65282624959946,83.95817375183105
84.66259431838989,86.76440566778183
92.28235477209091,90.01464521884918
103.60609579086304,91.26490420103073
93.28183734416962,84.75516265630722
86.01259636878967,84.87640362977982
84.72535771131516,84.6276422739029
85.47412294149399,85.6178770661354
81.46489083766937,84.79510915279388
87.36165755987167,84.84134244918823
83.70442533493042,86.18457466363907
84.36219203472137,86.54580795764923
86.7969611287117,84.05503886938095
85.91572445631027,84.49127554893494
93.48149037361145,84.55650961399078
87.34125989675522,85.45474010705948
84.11002731323242,85.612972676754
84.00679552555084,86.62220448255539
91.81255865097046,89.48444133996964
91.28430527448654,86.78969472646713
92.07006925344467,85.5959307551384
85.11682391166687,85.69817608594894
84.8845883011818,85.05941170454025
85.39335459470749,86.97664541006088
86.58712166547775,83.94887834787369
85.188889503479,84.38511049747467
85.51265597343445,85.46934401988983
84.65041887760162,85.070581138134
87.86318677663803,85.32181322574615
85.72495096921921,84.53404903411865
107.23369985818863,101.58130013942719
90.87242674827576,87.0915732383728
83.67718541622162,84.6378145813942
87.889952480793,88.8150475025177
95.15770852565765,108.00929147005081
95.33244967460632,88.00055032968521
87.00921177864075,85.52878820896149
86.88797563314438,84.61302435398102
85.766741335392,84.51125866174698
86.42351025342941,85.15048974752426
87.71028000116348,83.32671999931335
83.14504933357239,85.63195067644119
83.08082014322281,86.95717984437943
85.86659008264542,84.30040991306305
88.43136018514633,87.25363981723785
85.47612845897675,83.33787155151367
83.02289754152298,84.53310245275497
84.2346675992012,85.04233241081238
81.98443830013275,83.90356171131134
82.77220922708511,90.15379077196121
83.81697970628738,83.99702030420303
95.40074753761292,89.65525245666504
86.0755124092102,86.85048758983612
87.69527459144592,85.91572540998459
83.89003717899323,85.79596281051636
85.49180674552917,85.61919325590134
87.7225701212883,83.1854298710823
87.91633987426758,85.91666013002396
82.25810998678207,84.26089000701904
84.60088062286377,86.4731193780899
88.96165174245834,87.686348259449
83.74842029809952,85.51157969236374
86.34918814897537,86.18781185150146
83.43195742368698,84.71604257822037
82.88472765684128,83.96627235412598
83.67149758338928,87.08750241994858
82.07026696205139,83.67073303461075
105.91202992200851,97.47697007656097
98.95777916908264,88.2822208404541
88.74452084302902,84.977479159832
96.30828005075455,91.32071995735168
84.42903733253479,85.23796266317368
85.90080499649048,83.8771950006485
83.16857409477234,84.42342591285706
81.86334264278412,84.43365734815598
87.72311109304428,86.60988891124725
89.47287976741791,84.39712023735046
83.51964926719666,83.332350730896
87.06441742181778,85.0095825791359
84.81418746709824,84.77881252765656
87.13795614242554,84.34304386377335
83.98072648048401,85.77927350997925
82.9704966545105,84.38150334358215
103.64625829458237,93.24274170398712
104.11800175905228,92.17899823188782
89.20074015855789,86.41025984287262
85.00650095939636,84.90149903297424
85.73726689815521,91.81773310899734
86.78303503990173,83.36496496200562
83.49580186605453,84.59719812870026
88.74556958675385,85.1074303984642
83.79133784770966,85.24566215276718
86.80010497570038,83.19989502429962
83.40187525749207,85.5621247291565
85.11364442110062,85.07135558128357
83.1974139213562,85.10058605670929
81.33418452739716,82.68281549215317
84.28895545005798,88.08204454183578
83.03772473335266,84.68427526950836
99.9914880990982,91.13851189613342
98.75923085212708,93.1107691526413
87.47197026014328,85.39902973175049
84.0727322101593,84.27826780080795
83.45249992609024,84.91750007867813
85.62826919555664,83.96473079919815
82.08103901147842,84.04796099662781
82.7568091750145,84.81719082593918
85.26557856798172,85.29042142629623
88.01534843444824,86.37365156412125
84.2651162147522,83.69888377189636
82.93988424539566,83.4111157655716
84.54165315628052,84.73634684085846
82.86542314291,83.07957684993744
83.55919361114502,85.32880640029907
83.80896377563477,84.6540362238884
99.28172165155411,90.77427834272385
99.08546537160873,89.58053463697433
87.81620454788208,86.29479545354843
83.95496612787247,84.24803388118744
85.03773373365402,86.184266269207
84.34350103139877,84.00849896669388
82.18627017736435,83.48072981834412
83.80603873729706,84.52796125411987
83.85080808401108,85.09319192171097
88.54557693004608,84.82442307472229
83.49934601783752,84.4276539683342
84.71111607551575,84.02988392114639
84.12788617610931,85.87211382389069
81.34065616130829,83.21534383296967
84.53342443704605,86.42857557535172
84.46919268369675,84.16080731153488
103.88495314121246,95.22604686021805
97.83769845962524,91.8103015422821
87.6994411945343,85.96755880117416
83.89320141077042,84.01379859447479
84.19796758890152,84.74703240394592
83.688736140728,83.42226386070251
87.88250380754471,85.13549619913101
83.02127301692963,84.44172698259354
82.43804198503494,85.5069580078125
88.05781012773514,87.83118987083435
85.28757774829865,83.87842226028442
84.50134563446045,83.61065435409546
81.3991157412529,85.8978842496872
82.46288001537323,83.666119992733
83.8796506524086,84.89934933185577
82.85042065382004,83.57457935810089
100.61918991804123,92.04781007766724
90.46095043420792,84.79704958200455
91.24769932031631,85.78930068016052
84.68245482444763,84.447545170784
82.11722046136856,84.38177955150604
84.99698895215988,84.85601103305817
84.5797575712204,85.95724242925644
84.421526491642,84.24447351694107
86.0412946343422,86.17970538139343
97.19906270503998,87.67193728685379
86.67083150148392,86.68116849660873
87.16060018539429,85.00639981031418
81.79936492443085,85.10763508081436
83.66013479232788,83.65486520528793
83.65090256929398,88.03409743309021
83.14067268371582,84.24832731485367
90.05644232034683,86.55455768108368
87.17720687389374,85.17479312419891
91.18596398830414,85.38903599977493
83.75072103738785,83.86127895116806
83.6664891242981,85.09351086616516
84.21225821971893,85.0287417769432
84.49802559614182,84.48197442293167
84.15579169988632,84.25120830535889
82.9975597858429,86.66844022274017
87.45132941007614,87.17867058515549
85.03409832715988,84.31790167093277
84.80186527967453,83.9191347360611
92.95863479375839,85.35536521673203
93.5974041223526,84.84659588336945
83.05017387866974,85.09682613611221
82.18994408845901,83.66205590963364
90.01371437311172,86.04228562116623
91.63247907161713,87.20052093267441
90.71623063087463,84.96976935863495
85.48398596048355,84.90501403808594
82.84475320577621,85.13624680042267
85.4095207452774,85.2944792509079
83.08528727293015,84.34071272611618
83.96405595541,84.53594404459
83.73282498121262,85.0831750035286
83.03759515285492,84.6854048371315
85.80536437034607,84.50863564014435
84.74013155698776,92.09286844730377
82.76790046691895,85.86209952831268
83.40567058324814,84.01932942867279
84.15544086694717,85.49255913496017
83.68321168422699,84.39078831672668
98.46998053789139,90.90101945400238
101.33074152469635,89.18825846910477
97.54248356819153,89.71651643514633
85.495226085186,84.39277392625809
85.94999241828918,85.99600756168365
83.84675985574722,84.18924015760422
83.41152864694595,84.32947134971619
83.79029846191406,84.32070153951645
84.79906767606735,85.99693232774734
82.10483682155609,82.50616317987442
87.85310798883438,85.18389201164246
82.69487202167511,84.06312799453735
81.48163878917694,86.20236122608185
83.97240668535233,85.2495933175087
101.57317525148392,89.81582474708557
96.26793837547302,87.82506161928177
104.14767676591873,90.94632321596146
84.82240968942642,84.84359031915665
84.59117633104324,87.3538236618042
91.78494489192963,85.91905510425568
88.18271178007126,85.15028822422028
85.13547891378403,83.97552108764648
84.25524681806564,85.96675318479538
83.07901471853256,85.86498528718948
85.12478399276733,84.24521601200104
84.708551466465,85.97744852304459
84.84732037782669,85.7456796169281
82.15209025144577,83.38490974903107
83.95686012506485,85.0991398692131
83.91062957048416,84.552370429039
93.71539920568466,85.43360078334808
95.11316132545471,89.33183866739273
98.75190073251724,89.52609926462173
92.61164039373398,84.20235961675644
87.17640471458435,85.45259529352188
82.90716481208801,83.03683519363403
84.63893312215805,83.6210668683052
84.44370234012604,86.57529765367508
83.23047208786011,84.28852790594101
91.92424190044403,84.31675809621811
83.0630110502243,83.51098895072937
86.49777901172638,83.79822099208832
82.91454839706421,85.01245158910751
82.18231749534607,83.67068248987198
84.3570876121521,84.21591240167618
82.07085782289505,90.20814216136932
95.0236274600029,84.9763725399971
93.97639071941376,95.83760929107666
100.26313364505768,89.38486635684967
84.41987317800522,90.37612682580948
85.4666383266449,85.25636166334152
84.45640498399734,83.74759501218796
83.26117223501205,84.0898277759552
84.603939473629,83.78506052494049
92.8346997499466,90.4613002538681
84.91745108366013,84.43354892730713
86.16721475124359,86.46278524398804
85.08398181200027,83.898018181324
85.29574978351593,86.35225021839142
91.63851803541183,83.13948196172714
86.2212872505188,89.0757127404213
82.50805735588074,84.51094263792038
95.57282644510269,91.35417354106903
87.65559542179108,82.97440457344055
99.73834651708603,88.92865347862244
89.04308718442917,84.43891280889511
86.06984758377075,84.7811524271965
83.02361416816711,89.77238583564758
83.40238296985626,83.8556170463562
84.7271516919136,84.05084830522537
86.19791841506958,85.50508159399033
83.3366841673851,84.10731583833694
85.32745218276978,83.87654781341553
85.70621514320374,88.90478485822678
85.32697606086731,90.84002393484116
83.1497386097908,84.90526139736176
103.51049739122391,95.32350260019302
88.26022696495056,88.96277302503586
106.43598175048828,95.95301824808121
93.01873070001602,85.55526930093765
90.49049371480942,85.54650628566742
92.44424802064896,87.611751973629
83.00800216197968,85.28799784183502
85.09076988697052,84.50123012065887
87.82253831624985,89.10346168279648
85.07130640745163,84.02069360017776
84.39507502317429,84.64092499017715
83.31184315681458,83.44715684652328
84.61661297082901,84.86538702249527
84.1063826084137,84.72561740875244
85.74515151977539,85.29084849357605
86.38390964269638,84.02309036254883
85.28167116641998,88.62532883882523
83.88343769311905,85.02456229925156
94.65120697021484,85.53379303216934
84.38197636604309,83.84002363681793
94.03874009847641,87.42425990104675
92.54848837852478,85.67451161146164
82.35324662923813,84.53575336933136
91.62101542949677,84.39698457717896
90.72278290987015,84.9252170920372
84.0835497379303,84.26845026016235
85.59231805801392,85.70468193292618
82.82408547401428,86.51091450452805
84.14685332775116,84.03814667463303
87.58162266016006,88.54837733507156
83.12838715314865,85.39161282777786
83.3401551246643,83.14084488153458
83.45992314815521,85.26307690143585
84.20969372987747,84.82730627059937
98.36646342277527,90.05953657627106
84.72723346948624,85.04976654052734
94.29199463129044,91.26400536298752
98.11573541164398,93.81026458740234
83.92049258947372,85.3015074133873
83.1332591176033,86.99674087762833
86.69802767038345,86.22797232866287
84.00279593467712,83.99720406532288
83.56656593084335,85.96943408250809
93.79733574390411,84.12866425514221
85.90010583400726,96.80389416217804
84.4828707575798,83.70212924480438
83.78764188289642,84.19435811042786
82.22241204977036,83.68458795547485
83.26818180084229,88.04581820964813
83.8139517903328,84.31604820489883
98.2677213549614,90.88127863407135
86.20249050855637,84.48250949382782
95.1742537021637,88.28874629735947
98.49799233675003,93.96500766277313
83.80174094438553,85.01225900650024
85.25650656223297,84.3184934258461
86.5422745347023,84.47572547197342
84.25504064559937,84.76295936107635
83.98580974340439,84.88419026136398
85.64357525110245,83.39442473649979
84.13434547185898,83.62565451860428
86.4941155910492,84.54288440942764
82.37388557195663,84.77511441707611
92.15965497493744,85.32134503126144
85.77942281961441,84.99757719039917
83.78919154405594,84.2478084564209
97.4459622502327,91.44303774833679
84.10273170471191,84.11926829814911
95.42649430036545,88.90650570392609
99.58323675394058,90.21276324987411
83.61097878217697,87.14802122116089
84.48974525928497,84.8802547454834
87.14651447534561,88.35348552465439
83.60028350353241,84.0107164978981
85.4610526561737,85.27994734048843
85.04382061958313,83.80817937850952
86.94158852100372,85.85541146993637
90.7093557715416,89.04864424467087
84.16312491893768,86.30087506771088
85.52289545536041,83.93910455703735
83.25466537475586,88.8013346195221
83.07843488454819,84.3095651268959
90.71720516681671,85.74579483270645
92.85597515106201,83.5520248413086
89.9937396645546,88.69126033782959
101.8914903998375,88.96050959825516
85.289231300354,85.95076870918274
88.05799543857574,84.73900455236435
86.47376042604446,84.47123956680298
83.25952798128128,87.77747201919556
83.88029819726944,85.0637018084526
84.79606801271439,83.1849319934845
85.41683757305145,85.9351624250412
84.22160637378693,84.42639362812042
83.76737600564957,85.6026239991188
83.42414569854736,84.44585430622101
82.65591329336166,86.17808669805527
84.21968048810959,84.3723195195198
91.08044910430908,84.86355090141296
84.07121807336807,83.18878191709518
86.70898747444153,83.75401252508163
100.36674630641937,88.54125368595123
85.1524857878685,84.5505142211914
89.32825249433517,83.43074750900269
91.07802027463913,84.7549797296524
89.25378781557083,85.72821217775345
83.66955584287643,85.09044420719147
87.23332333564758,86.15467667579651
85.76208680868149,85.4239131808281
85.52985537052155,84.60014462471008
83.55662375688553,86.88737624883652
82.8433935046196,83.00860649347305
87.3901629447937,88.48083704710007
82.08393305540085,84.2680669426918
97.24070280790329,92.33329719305038
84.87947291135788,83.43552708625793
87.70224142074585,83.22275859117508
100.80399817228317,90.51000183820724
84.71973657608032,85.44626343250275
87.17349749803543,83.58550250530243
91.03426420688629,87.74373579025269
91.93203222751617,89.17896777391434
83.81080055236816,88.4481994509697
91.74556994438171,83.772430062294
83.60633987188339,83.11566013097763
82.52211004495621,84.66288995742798
83.45788085460663,85.19011914730072
83.2626503109932,83.77434968948364
81.17942136526108,84.91357862949371
85.48419106006622,84.88680893182755
96.95595914125443,90.8780408501625
85.64972925186157,84.35027074813843
85.30649840831757,84.04450160264969
94.3712550997734,89.31374490261078
90.15799415111542,86.43500584363937
86.88975125551224,86.20324873924255
92.49051719903946,90.84248280525208
84.29627650976181,84.03672349452972
84.30404514074326,87.76895487308502
86.22081387042999,86.13118612766266
84.21158295869827,83.51141703128815
85.10935246944427,84.05764752626419
84.13611972332001,84.28988027572632
91.05188971757889,83.17011028528214
83.41366028785706,87.45733970403671
83.86643028259277,84.52256971597672
94.3942004442215,84.54979956150055
82.0499706864357,83.35702931880951
86.59673917293549,83.23726081848145
96.55049759149551,86.80150240659714
91.76223683357239,86.6267631649971
86.0859939455986,82.7100060582161
91.53876179456711,91.01623821258545
85.10352993011475,83.02547007799149
91.05729687213898,90.60970312356949
82.60306596755981,84.97093403339386
87.68583303689957,83.83316695690155
86.39860087633133,84.06439912319183
83.83336967229843,88.31463032960892
84.30413949489594,83.30586051940918
84.6659083366394,84.68609166145325
86.4706780910492,83.49232190847397
93.59044831991196,86.61255168914795
93.54421716928482,84.54878282546997
93.5899863243103,84.46601366996765
93.67273890972137,87.54926109313965
91.38548511266708,90.31851488351822
84.80124193429947,83.79075807332993
88.82900869846344,90.7079913020134
83.39277583360672,85.49622416496277
83.53154236078262,84.8944576382637
84.83731120824814,83.403688788414
84.6230816245079,83.82091838121414
86.09485077857971,83.33014923334122
83.41962116956711,84.34037882089615
83.11339056491852,83.46160942316055
84.99215972423553,88.26684027910233
84.38992804288864,82.90707194805145
97.97269701957703,90.78630298376083
98.296466588974,89.81453341245651
87.02722871303558,85.10177129507065
92.92598700523376,88.6490129828453
97.34173029661179,91.82526969909668
96.4244737625122,84.94552624225616
89.95124012231827,84.40075987577438
83.6270083785057,86.31699162721634
85.06277787685394,84.80822211503983
86.08954459428787,84.79945540428162
86.30231070518494,86.86468929052353
84.44108009338379,84.22691988945007
86.22684979438782,86.36515021324158
83.99461871385574,83.33838129043579
83.33738815784454,86.53361183404922
83.1061584353447,86.83884155750275
90.11392813920975,88.21907186508179
83.77069634199142,84.17330366373062
86.05846393108368,83.83053606748581
86.91923016309738,86.74776983261108
99.48298972845078,89.22101026773453
79.3247280716896,82.21227192878723
85.4814937710762,87.3145062327385
85.10125428438187,85.74974572658539
85.40702188014984,84.4259781241417
94.322789311409,87.82521069049835
83.42455631494522,83.61244368553162
82.08132493495941,85.15867507457733
84.35009443759918,84.48390555381775
85.91486418247223,84.34413582086563
83.75663381814957,85.57636618614197
83.6364039182663,86.71559607982635
87.90417456626892,85.1138254404068
83.30194538831711,83.56905460357666
85.06971347332001,84.37428653240204
85.91148054599762,86.79151946306229
99.34724003076553,87.74575996398926
87.00398099422455,83.42201900482178
89.23474568128586,85.06125432252884
84.16951102018356,86.83048897981644
84.97527891397476,86.72972106933594
84.74204832315445,83.75695168972015
83.5478173494339,83.67418265342712
84.44558799266815,85.62841200828552
83.30635803937912,82.58264195919037
92.37012881040573,82.79587119817734
86.28689908981323,85.50910091400146
84.38766926527023,85.5373307466507
85.34143912792206,83.39856088161469
82.62820982933044,83.74179017543793
86.4699776172638,83.17802238464355
105.60874307155609,99.65025693178177
101.76650470495224,89.41949528455734
86.1642394065857,83.52176058292389
85.52400541305542,85.17999458312988
84.19977414608002,85.07822585105896
84.24554258584976,83.84745740890503
84.42131197452545,84.6336880326271
85.89308094978333,83.90391904115677
88.58684688806534,86.85715311765671
83.66960936784744,84.40439063310623
84.56737720966339,83.37662279605865
83.00214457511902,87.92385542392731
86.38191372156143,85.59908628463745
90.37168300151825,91.4803169965744
94.899453997612,82.98954600095749
88.61122286319733,85.905777156353
84.23198997974396,85.39801001548767
102.51875066757202,89.88924932479858
88.17548269033432,86.32451730966568
84.35124748945236,88.42675250768661
86.71101433038712,87.32498568296432
83.75778096914291,83.4652190208435
85.72954869270325,84.65945130586624
90.42331176996231,89.0956882238388
87.54407548904419,88.51192450523376
84.58984243869781,83.57715755701065
84.89461129903793,83.25338870286942
84.60637956857681,85.72662043571472
83.81914752721786,85.47685247659683
93.17991733551025,88.63508266210556
82.59568780660629,83.86731219291687
86.43845474720001,84.09854525327682
85.2442198395729,86.10878014564514
96.32697761058807,87.76602238416672
106.66871839761734,93.35028159618378
91.64047765731812,83.00752234458923
84.92724370956421,86.59075629711151
85.76901119947433,82.95298880338669
85.44477891921997,85.99922108650208
86.76854115724564,84.19445884227753
86.11030972003937,84.79669028520584
82.4710783958435,85.12192159891129
86.31384831666946,83.50115168094635
84.84061694145203,88.25138306617737
84.22038704156876,85.48361295461655
86.15515667200089,83.78984332084656
83.73792678117752,83.6890732049942
86.26469504833221,84.2533049583435
90.5334615111351,91.6705384850502
95.5232230424881,89.55077695846558
90.90296751260757,85.78303247690201
86.02272421121597,84.255275785923
83.99349015951157,87.89450979232788
85.89225840568542,84.21874159574509
92.2160222530365,83.7839777469635
85.63279104232788,84.12720894813538
86.67756026983261,85.04443973302841
83.81633043289185,86.90566956996918
83.19610053300858,82.989899456501
84.90787076950073,84.88812923431396
89.47264122962952,87.23135876655579
87.22241169214249,84.44358831644058
82.13918256759644,84.49081742763519
86.51695185899734,84.0190481543541
89.7307180762291,90.97328191995621
91.88648074865341,85.26151925325394
91.63623201847076,87.23376798629761
87.23798859119415,83.4100114107132
87.30175387859344,86.80824613571167
84.03351998329163,82.94848001003265
84.45028674602509,84.60571324825287
82.10705488920212,83.44794511795044
84.09682375192642,85.84817624092102
83.40259367227554,83.31940633058548
90.13336384296417,83.75563615560532
89.10513192415237,88.91286808252335
88.96589428186417,85.03410571813583
97.52966225147247,88.9323377609253
82.90943223237991,83.79356777667999
85.32620060443878,84.30379939079285
84.27896785736084,85.14703214168549
83.84373718500137,83.15626281499863
93.87049967050552,84.18450033664703
86.26825261116028,84.54674738645554
85.29601812362671,85.14798188209534
83.35978651046753,83.38021349906921
83.01755553483963,83.94544446468353
85.54432421922684,83.56667578220367
86.72009211778641,84.85390788316727
83.69186145067215,83.32613855600357
83.66363155841827,82.72436845302582
84.52440178394318,86.90159821510315
86.27417182922363,86.3548281788826
98.78293979167938,89.27306020259857
92.93970918655396,83.94829082489014
86.50447833538055,83.06952166557312
84.68024492263794,84.4687550663948
85.11501383781433,83.66298615932465
102.32677286863327,88.0442271232605
88.48451435565948,84.75648564100266
86.64027935266495,86.8957206606865
84.20504552125931,83.34995448589325
82.6578141450882,83.24918586015701
85.77958381175995,83.9814161658287
86.750353038311,85.08364695310593
84.57412189245224,83.4628781080246
83.93489021062851,83.10210978984833
87.22165948152542,87.44534051418304
87.37842780351639,85.43557220697403
87.07219594717026,86.59380406141281
83.87696534395218,84.21503466367722
84.18273478746414,83.94626522064209
84.28450232744217,84.91949766874313
84.015271961689,82.74372804164886
109.96903371810913,95.0689662694931
95.2737752199173,85.26422476768494
85.9675378203392,86.7354621887207
83.69830411672592,84.13369590044022
85.67007285356522,85.99592715501785
85.43884062767029,83.8581593632698
86.42860859632492,86.7933914065361
84.95637720823288,84.15562278032303
88.22414791584015,85.27485209703445
85.49191838502884,84.71108162403107
88.29768824577332,86.18431174755096
86.39945584535599,84.24854415655136
83.51922678947449,86.24077320098877
89.36099624633789,82.9360037446022
85.03676217794418,88.37123781442642
84.91653096675873,82.36146903038025
101.07329148054123,90.74170851707458
88.73002398014069,89.14097601175308
85.68378829956055,86.52021169662476
83.76655608415604,83.34444391727448
94.1823257803917,83.4106742143631
85.41409599781036,83.67890399694443
85.71786552667618,84.5591344833374
84.63563585281372,83.51336413621902
85.94040673971176,85.05959326028824
86.37517684698105,84.16282314062119
87.17994618415833,85.5420538187027
95.07771503925323,87.88528496026993
84.23448497056961,83.30251502990723
87.74325412511826,83.70174586772919
87.75202000141144,84.63598001003265
86.390789270401,82.51621073484421
99.34454870223999,93.21145129203796
88.77928829193115,84.88771170377731
82.9170532822609,86.91594672203064
84.09282201528549,84.24117797613144
85.69359064102173,83.2324093580246
87.14736038446426,86.12963962554932
85.47113174200058,85.88086825609207
85.23890095949173,84.07509905099869
93.54467064142227,83.6223293542862
85.40444231033325,84.52155768871307
85.74721384048462,85.25278615951538
89.25598353147507,89.74401646852493
83.33875423669815,83.8092457652092
84.01452368497849,83.91147631406784
84.8572918176651,85.3467081785202
88.81006157398224,84.15293842554092
91.24481612443924,87.53318387269974
90.84657031297684,84.35742968320847
85.22533053159714,87.99666947126389
85.23409789800644,83.85790210962296
85.31686645746231,84.01613354682922
85.91863548755646,83.15536451339722
87.22340494394302,84.97959506511688
83.56517487764359,85.76782512664795
84.5559446811676,83.88805532455444
84.34271532297134,87.17528468370438
90.33248543739319,88.7595145702362
85.47125440835953,84.80674558877945
94.2210243344307,84.09397566318512
85.82279253005981,83.14020746946335
85.9425607919693,84.53843921422958
84.6553304195404,83.34566956758499
86.55209445953369,84.00290554761887
93.48785775899887,87.01214224100113
85.34860932826996,89.59639066457748
83.8763764500618,82.53162354230881
84.82914626598358,82.9488537311554
84.94891566038132,82.8660843372345
85.03168594837189,86.69131404161453
86.26245611906052,85.62554389238358
84.49322557449341,84.02477443218231
82.87299543619156,84.77500456571579
88.65976428985596,92.3032357096672
87.28053200244904,84.9604679942131
83.52930170297623,83.4886983036995
87.42707121372223,83.60992878675461
85.9168364405632,85.71216356754303
84.83360630273819,84.37039369344711
94.3613755106926,84.60162448883057
103.55513912439346,90.25986087322235
86.06388413906097,86.38111585378647
84.59165024757385,82.42734974622726
85.37742060422897,89.71457940340042
83.53418970108032,86.55781030654907
82.91396099328995,87.88303899765015
83.05273216962814,86.3922678232193
84.67250150442123,86.49449849128723
82.1442722082138,85.78172779083252
85.48604393005371,91.7169560790062
91.36581325531006,91.52318674325943
84.37458372116089,84.97741627693176
87.47535145282745,90.61664855480194
84.8361166715622,88.14488333463669
88.30788785219193,85.22911214828491
84.57665330171585,86.01534670591354
92.86341804265976,92.85858196020126
93.35316783189774,90.36783218383789
84.45493531227112,86.87906467914581
94.92670726776123,85.51729273796082
83.86047786474228,88.13852208852768
84.72124963998795,87.8147503733635
83.49101942777634,86.00998055934906
83.7767893075943,86.76021069288254
82.69255977869034,85.5474402308464
86.0543310046196,95.70566898584366
91.39510142803192,90.14089858531952
99.31287354230881,92.81712645292282
87.56164294481277,86.69735705852509
86.163409948349,87.74359005689621
86.17218136787415,86.30981862545013
85.66194999217987,85.85605001449585
95.57871425151825,90.84728574752808
87.30945658683777,90.57954341173172
87.28122109174728,86.94077891111374
84.58699119091034,85.37600880861282
84.40976232290268,85.31123769283295
84.19653338193893,87.74746662378311
77.74230390787125,84.4056960940361
84.52907413244247,84.7479258775711
83.53884530067444,90.48015469312668
86.250617146492,92.93438285589218
92.55638712644577,88.44461286067963
85.65715783834457,85.43584215641022
87.11092722415924,86.11207276582718
84.91569519042969,87.21330481767654
90.10946613550186,84.96353387832642
83.82223182916641,86.23276817798615
98.47899442911148,95.24300557374954
88.32173430919647,90.97526568174362
83.44149965047836,87.55850034952164
88.91326439380646,87.08673560619354
86.4410285949707,87.94797140359879
81.89479631185532,88.05020368099213
84.49556636810303,84.87543362379074
84.07833564281464,86.40266436338425
82.10510605573654,84.8388939499855
85.48487704992294,90.9601229429245
88.5316476225853,91.80235236883163
95.59541839361191,93.88558161258698
85.91918623447418,86.11781376600266
84.46495407819748,87.7210459113121
85.43672281503677,85.28527718782425
85.7974916100502,87.66550838947296
83.65726113319397,86.2127388715744
91.92502558231354,90.46297436952591
85.19378370046616,86.25021630525589
84.64755207300186,86.90844792127609
86.80532050132751,85.39967948198318
84.64609062671661,86.27990937232971
84.63686090707779,86.21513909101486
84.14563000202179,85.28036999702454
84.46939951181412,87.06760048866272
87.36716896295547,95.05883103609085
87.09893941879272,94.64306056499481
86.07071071863174,87.578289270401
87.30147969722748,87.21752029657364
83.81024837493896,89.43075162172318
88.30001896619797,86.92198103666306
96.25378441810608,88.06121557950974
87.74355661869049,87.10844337940216
93.95632034540176,94.8026796579361
83.44606804847717,89.01693195104599
84.9738376736641,89.3221623301506
83.13060688972473,86.7023931145668
84.23237931728363,86.78562068939209
83.14915060997009,83.9438493847847
82.84292197227478,83.95307803153992
84.66569447517395,88.20330554246902
86.17446660995483,94.49153339862823
89.85123711824417,92.14876288175583
82.24900817871094,87.23299181461334
83.97877657413483,85.20522344112396
90.13654440641403,95.88145560026169
82.27431517839432,85.22468483448029
83.93208575248718,86.36391425132751
82.51585739850998,87.41114258766174
94.43062257766724,94.66137742996216
84.4773690700531,87.0236309170723
94.61513835191727,86.82886165380478
83.56890845298767,85.48709154129028
83.78168076276779,86.95931923389435
83.58745276927948,84.43254721164703
82.72522330284119,84.53477668762207
81.0849951505661,86.89600485563278
87.00176727771759,93.03523272275925
85.32553994655609,85.84146004915237
86.14931082725525,85.11068916320801
84.54708057641983,85.67491942644119
85.92584824562073,86.9071517586708
88.50961989164352,85.56538009643555
86.42539125680923,84.79660874605179
83.63816303014755,85.19483697414398
92.29492551088333,92.61207449436188
83.45167404413223,84.84432595968246
84.8124452829361,84.4835547208786
83.0812172293663,84.60478276014328
84.57098996639252,86.46601003408432
84.04276239871979,84.6422376036644
91.10753202438354,85.96646797657013
81.0793029665947,85.99469703435898
87.7540762424469,90.96792376041412
84.74484837055206,85.34715163707733
84.47562104463577,85.11637896299362
87.13239163160324,85.1086083650589
85.40116029977798,86.17283970117569
80.83493185043335,84.6090681552887
85.60370302200317,84.58129698038101
82.07647496461868,84.86852502822876
93.78824025392532,93.04575973749161
84.14898866415024,85.87001132965088
86.15776014328003,86.37923985719681
86.00052851438522,86.98147147893906
83.91629844903946,85.76970154047012
82.27607023715973,85.48192977905273
83.11984103918076,84.52915894985199
81.83161294460297,87.44638705253601
88.06338310241699,90.86361688375473
87.03415364027023,90.63284635543823
89.91392546892166,84.71607452630997
85.53369623422623,84.35530376434326
85.17246526479721,86.80953472852707
92.90323674678802,84.318763256073
84.22600638866425,84.86599361896515
83.47577810287476,84.7832219004631
97.91053318977356,93.49546682834625
84.5312750339508,87.0797249674797
84.68804305791855,85.62695693969727
83.41981357336044,88.13618642091751
84.55758541822433,89.60941457748413
83.80635792016983,84.3226420879364
82.52012884616852,83.92487114667892
82.95490103960037,88.74909895658493
86.61167019605637,90.1473298072815
94.28744238615036,90.99055761098862
84.61121279001236,88.38878720998764
84.82298249006271,87.51001751422882
84.98075169324875,86.94524830579758
82.32252311706543,85.06647688150406
98.88629400730133,84.4467059969902
87.54406553506851,84.49393445253372
99.47882080078125,94.28017920255661
86.52455741167068,86.90144258737564
84.42232364416122,86.61467635631561
86.98609322309494,90.49490678310394
82.27286529541016,85.74513471126556
84.02363735437393,85.1073626279831
81.12340742349625,86.65359258651733
80.42917895317078,84.86682105064392
85.97495186328888,90.28404814004898
85.70672446489334,85.70127552747726
83.62249618768692,85.11750382184982
87.16826677322388,85.53473323583603
84.8810338973999,87.76696610450745
91.48280465602875,85.77719533443451
84.30557548999786,84.97142452001572
84.85134708881378,84.75965291261673
101.2681091427803,97.10189086198807
83.59184545278549,88.27915453910828
94.34161245822906,86.97338753938675
83.86838406324387,86.5016159415245
83.80415660142899,86.49284338951111
82.5349292755127,84.79907071590424
82.45070225000381,84.29029774665833
81.68147552013397,84.72552448511124
87.89424681663513,90.45775318145752
85.36601716279984,85.83798283338547
83.70778799057007,85.80921202898026
85.84655791521072,85.80144208669662
83.57832556962967,86.16267442703247
82.10509723424911,85.54290276765823
83.4098687171936,85.62713128328323
85.9936408996582,85.58135908842087
88.89141088724136,86.64558911323547
88.77017468214035,88.54482531547546
83.85293483734131,86.99806517362595
83.5097051858902,87.36029481887817
83.53747701644897,86.14752298593521
82.9912480711937,84.02775192260742
94.07401913404465,86.0739808678627
84.19379073381424,87.56520926952362
86.51756232976913,90.6124376654625
95.52633506059647,89.82566493749619
84.88710725307465,84.964892745018
85.61787635087967,85.93712365627289
82.9796450138092,87.76235496997833
82.69141608476639,85.36358392238617
85.01518851518631,84.24381148815155
84.96895968914032,84.43904030323029
84.14373070001602,85.76326930522919
99.17049413919449,91.95750588178635
84.06823658943176,89.91276341676712
83.37400436401367,89.51499563455582
84.5127745270729,87.04322546720505
82.1875451207161,84.59045487642288
83.10431742668152,85.09968256950378
82.76109033823013,85.12790966033936
88.84486126899719,90.93313872814178
90.07463371753693,92.53536629676819
93.76940596103668,86.26759403944016
86.00017631053925,85.7408236861229
83.11994552612305,86.19505447149277
102.35171812772751,95.66728186607361
87.41549068689346,87.52850931882858
90.23926293849945,85.51973706483841
83.19303381443024,90.95596617460251
91.44279885292053,92.00220113992691
85.04355031251907,86.49344968795776
84.70132064819336,88.39267933368683
83.85808944702148,89.04991054534912
84.62586200237274,86.46713799238205
82.35763382911682,86.71736615896225
82.64340603351593,85.59759396314621
90.43017649650574,93.57082349061966
88.62394803762436,89.45005196332932
83.92871594429016,90.66328406333923
84.90148401260376,89.7655159831047
82.44725471735,88.2567452788353
99.01102608442307,95.65497392416
94.53879779577255,86.38720220327377
88.88056814670563,92.65643185377121
82.83433955907822,87.4806604385376
93.0471054315567,88.34289455413818
85.42584985494614,90.38915014266968
84.4536190032959,86.97238099575043
84.88739085197449,87.3896091580391
82.82216185331345,86.45483815670013
82.70193254947662,85.0200674533844
83.80370503664017,87.43729496002197
89.77547585964203,90.70552414655685
84.74724668264389,86.49375331401825
84.42201781272888,87.41098219156265
87.44978833198547,86.60521167516708
86.29255557060242,88.68944442272186
91.63432776927948,92.99567222595215
85.38409954309464,86.4499004483223
87.02287012338638,91.79212987422943
93.64264100790024,87.0983589887619
96.244404733181,91.255595266819
100.06715369224548,87.02484631538391
84.76091468334198,86.33108532428741
83.34468430280685,88.30431568622589
84.81645542383194,87.16554456949234
82.62122583389282,86.34177416563034
83.22299706935883,85.14800292253494
88.41676741838455,91.95323258638382
89.27753931283951,92.64846068620682
83.24931138753891,86.00968861579895
84.74007946252823,88.77892053127289
82.00785160064697,92.17714840173721
97.29462367296219,93.20537632703781
85.72939598560333,87.32660400867462
84.42316699028015,85.18783301115036
84.85793632268906,88.4940636754036
95.2927023768425,93.68829762935638
80.49521052837372,89.35678946971893
81.2269828915596,87.181017100811
92.42075490951538,86.32024508714676
96.55852746963501,86.45947253704071
82.28930008411407,85.06169992685318
89.02107125520706,92.07092875242233
91.4378433227539,88.98815667629242
84.6496153473854,86.31238466501236
84.6033838391304,85.06361615657806
82.44515460729599,85.70184540748596
96.02892589569092,90.76807409524918
83.22169744968414,85.83230257034302
85.5454689860344,85.74953103065491
84.33223569393158,88.07476431131363
99.32299989461899,92.93600010871887
86.05373883247375,87.05726116895676
84.71049892902374,86.91850107908249
80.20227003097534,87.28072994947433
81.72804069519043,87.54895931482315
84.75681191682816,85.44718807935715
83.26458436250687,86.01341563463211
89.05235552787781,91.48564445972443
86.37512624263763,86.73587375879288
94.32789748907089,86.87510251998901
87.44866728782654,86.86633270978928
76.9394383430481,84.28356164693832
95.54021006822586,90.84878993034363
84.04897999763489,85.65501999855042
84.22475165128708,85.53524833917618
83.56652224063873,86.8584777712822
97.48228508234024,92.38771492242813
87.71402496099472,89.35997503995895
83.83478903770447,89.01721096038818
81.91655975580215,87.78644025325775
88.11133301258087,88.09266698360443
80.78610575199127,86.02789425849915
83.25887870788574,85.79712128639221
87.6186488866806,91.95535111427307
83.2754191160202,84.9285808801651
87.95118570327759,86.45681428909302
85.16394716501236,84.94705283641815
81.37671649456024,85.34528350830078
98.29348653554916,93.91051346063614
96.93125277757645,85.45774722099304
97.84801656007767,91.91098344326019
88.28278148174286,89.19921851158142
84.82755124568939,89.19044876098633
96.22531354427338,90.58868646621704
84.25305265188217,87.54294735193253
81.74282163381577,85.99717837572098
83.65959072113037,85.710409283638
83.50136137008667,84.12763863801956
83.9191312789917,85.63786870241165
90.31689935922623,89.59110063314438
90.45466804504395,90.32333195209503
87.5554381608963,85.75956183671951
86.80520248413086,84.54679751396179
88.61096972227097,90.48203027248383
97.98974013328552,92.36125987768173
85.72051066160202,84.501489341259
100.30328094959259,88.64071905612946
82.40504956245422,85.03895044326782
83.28382074832916,84.28917926549911
105.20058292150497,90.44741708040237
91.04232805967331,89.58767193555832
81.53309559822083,88.91090440750122
84.87486588954926,84.75413411855698
83.21763604879379,83.18936395645142
84.00440603494644,83.32959395647049
88.32717484235764,90.07982516288757
90.15094530582428,92.58905470371246
85.97571498155594,86.6732850074768
84.42848014831543,85.10851985216141
82.4182493686676,86.19175064563751
90.03901958465576,91.2199804186821
84.1217908859253,85.00820910930634
87.37056118249893,88.31343883275986
84.3983291387558,85.82367086410522
82.98209828138351,84.98190170526505
97.97185969352722,92.6581403017044
88.3515972495079,87.63040274381638
81.39736706018448,85.69563293457031
83.18313705921173,84.46486294269562
93.02590763568878,87.97409236431122
84.36767798662186,84.46532201766968
88.93244504928589,93.32655495405197
84.45921522378922,84.78078478574753
87.02398550510406,89.27301448583603
83.3297506570816,84.30024933815002
81.87452095746994,86.55047905445099
92.05029034614563,92.83870965242386
83.78206104040146,84.4779389500618
89.04983180761337,90.85716819763184
84.46560090780258,85.99739909172058
82.99337089061737,84.06262910366058
95.48313426971436,88.01686573028564
92.06687706708908,88.34112292528152
80.68664228916168,85.94335770606995
83.08341294527054,84.06458705663681
83.07418417930603,83.36981582641602
84.37995439767838,86.13804560899734
90.295723259449,93.14827674627304
84.6934934258461,83.52850657701492
96.10926425457001,86.35273575782776
83.56302934885025,84.69597065448761
82.01579827070236,86.09520173072815
91.09856861829758,90.90043139457703
83.81233787536621,87.07666212320328
89.02410906553268,88.1608909368515
85.1628782749176,86.41112172603607
85.50564855337143,83.9203514456749
95.88439172506332,87.18960827589035
97.2081304192543,87.84786957502365
81.45688915252686,87.8941108584404
83.37365972995758,84.29234027862549
82.82742983102798,83.72857016324997
85.4471994638443,84.51580053567886
88.82596641778946,91.67303359508514
84.3357360959053,83.51626390218735
85.36250728368759,85.2294927239418
81.89027172327042,89.40672826766968
81.69404184818268,85.30495816469193
99.55581158399582,94.35118842124939
92.52758210897446,86.21341788768768
87.20335215330124,85.0376478433609
82.89711982011795,86.28788018226624
79.70188987255096,83.66811013221741
103.43365055322647,94.3443494439125
95.38638257980347,88.02061742544174
83.0981410741806,86.75285893678665
82.88491010665894,84.20708990097046
83.39467978477478,84.47532021999359
84.71844905614853,84.85655093193054
89.48621618747711,92.27378380298615
91.62498462200165,88.48701536655426
85.50375360250473,88.5332463979721
84.90151917934418,84.13548082113266
81.83728468418121,85.29371529817581
99.27105355262756,91.28494644165039
83.53882360458374,84.44317638874054
84.49259436130524,84.65540564060211
82.74236357212067,86.5166364312172
83.02813351154327,84.28686648607254
111.51889616250992,92.12910383939743
95.8426296710968,88.9533703327179
82.9073897600174,86.62961024045944
82.76815861463547,83.71284139156342
82.70292896032333,84.14907103776932
83.04470026493073,84.62129974365234
89.4054696559906,90.05753034353256
86.56223964691162,88.80876034498215
86.12600749731064,89.94699251651764
84.50677305459976,84.08622694015503
81.55254173278809,86.07745826244354
95.72730946540833,91.34669053554535
83.01407968997955,83.31892031431198
86.96785020828247,85.75414979457855
84.0686177611351,87.61638224124908
82.39238739013672,84.27461260557175
102.12414962053299,91.59885036945343
96.03887671232224,89.3861232995987
90.95563077926636,90.5073692202568
82.98339885473251,85.14660114049911
92.39916914701462,84.97083085775375
81.14894062280655,85.31305938959122
91.24970978498459,91.3422902226448
84.51848089694977,84.48151910305023
84.99025070667267,85.41674929857254
81.92601728439331,84.92698270082474
83.54478740692139,85.71421259641647
96.20255625247955,92.46444374322891
83.52632731199265,85.01167267560959
85.33109956979752,84.87190043926239
83.26586812734604,85.178131878376
82.8856383562088,84.50336164236069
97.00540143251419,88.97659856081009
100.73713964223862,91.09686034917831
84.24588114023209,89.25411885976791
86.9766491651535,84.09735083580017
84.11541849374771,83.60658150911331
83.51318883895874,83.83981114625931
87.29895740747452,91.57104259729385
85.01172757148743,87.2102724313736
94.77949768304825,85.81250232458115
82.14126408100128,83.69273591041565
84.31603413820267,85.38696587085724
95.43580216169357,89.74919784069061
85.00057178735733,86.16642820835114
84.06434309482574,84.65765690803528
83.83311188220978,85.90788811445236
84.08288192749023,84.60211807489395
84.66565132141113,84.64934867620468
96.90514862537384,89.35385137796402
84.4329035282135,85.43809646368027
90.81167137622833,84.35432863235474
85.09944051504135,84.06855946779251
88.1622064113617,90.94779360294342
85.96797674894333,85.458023250103
84.12474542856216,85.61625456809998
83.05951315164566,84.86648684740067
83.6982831954956,89.37571680545807
109.80005139112473,97.01494860649109
95.93782061338425,85.87717938423157
91.66959142684937,85.64540857076645
85.23435813188553,86.37764185667038
83.5571278333664,83.81287217140198
85.13989770412445,88.63710230588913
94.3706613779068,88.73933863639832
88.00941234827042,87.34258764982224
82.83417016267776,87.51882982254028
83.76793777942657,84.34306222200394
89.16570776700974,84.9632922410965
89.43447536230087,90.19552463293076
83.16524302959442,84.40875697135925
85.47000920772552,86.71499079465866
85.84977442026138,84.46522557735443
85.59953910112381,85.97546088695526
95.21930593252182,92.13269406557083
85.11607426404953,85.17992573976517
84.55184257030487,84.80015742778778
84.46761095523834,88.95838904380798
81.45837968587875,83.8936203122139
93.57814878225327,86.27385121583939
100.8089109659195,89.04208904504776
90.00365453958511,88.86734545230865
84.90040868520737,84.41459131240845
84.00217509269714,84.81182491779327
84.13994377851486,84.6180562376976
90.20571118593216,91.0542888045311
82.32447981834412,84.285520195961
87.01924735307693,84.92475265264511
82.84301245212555,86.98998755216599
82.77778136730194,85.33321863412857
97.04554897546768,91.89845103025436
85.73931556940079,86.2416844367981
83.78608310222626,84.473916888237
83.8678514957428,85.81614851951599
81.91462087631226,84.69637912511826
84.77439028024673,83.68760973215103
106.85815072059631,94.06784927845001
94.5888779759407,90.67012202739716
83.72762340307236,84.51237660646439
94.10739034414291,85.504609644413
85.3381587266922,84.25484126806259
88.6059262752533,91.22807371616364
83.65169531106949,85.05230468511581
86.29046386480331,85.8215361237526
88.26223015785217,85.40476983785629
84.02999794483185,85.9140020608902
96.87276577949524,94.72023421525955
81.99253553152084,84.78546446561813
83.24230515956879,85.66569483280182
82.71406871080399,85.98993128538132
81.48183512687683,84.72216486930847
84.02760225534439,92.47239774465561
104.61135923862457,98.14864075183868
91.91608452796936,90.60291546583176
85.01682311296463,85.22417688369751
85.9515910744667,86.71440893411636
85.25735968351364,83.90964031219482
88.45112711191177,90.97487288713455
81.64489603042603,84.29910397529602
97.07966381311417,87.383336186409
82.92243003845215,84.96656996011734
83.52319949865341,85.77280050516129
96.1429677605629,91.9490322470665
89.87373751401901,84.66226249933243
88.06850510835648,86.39449489116669
84.89227372407913,87.71872627735138
81.2710434794426,84.83995652198792
83.4098128080368,85.01618719100952
106.1405730843544,95.78442692756653
97.668297290802,92.3327026963234
83.17704176902771,85.3419582247734
84.03780835866928,85.20319163799286
84.24957644939423,86.52742356061935
92.85134434700012,91.81565564870834
82.73011338710785,84.15788662433624
83.90688365697861,87.55611634254456
82.54465293884277,86.43634706735611
82.97942423820496,86.59357577562332
99.19219332933426,95.64080667495728
84.7009624838829,86.7060375213623
88.59873354434967,86.12326645851135
87.73650360107422,91.05949640274048
81.35627400875092,85.32772600650787
83.47704344987869,86.89295655488968
103.93080204725266,96.40319794416428
87.92053312063217,92.93046689033508
84.31827682256699,86.84872317314148
82.60504639148712,85.78395360708237
83.87381607294083,85.40418392419815
90.16058397293091,93.91441601514816
81.87235283851624,86.6646471619606
86.04811906814575,87.56388092041016
82.37088149785995,93.29511851072311
85.50964778661728,90.54635220766068
92.6294133067131,91.50058668851852
81.93518233299255,84.93581765890121
84.57395249605179,83.87104749679565
84.5637201666832,86.0292798280716
81.31348955631256,85.53851044178009
85.5622587800026,87.93674123287201
99.10902094841003,92.09497904777527
92.43176472187042,89.92023527622223
88.20051318407059,85.89148682355881
85.32127296924591,85.47572702169418
83.60704183578491,84.39295816421509
88.74480944871902,93.01319056749344
82.93957948684692,84.33842051029205
83.05934923887253,94.97765076160431
81.56811994314194,86.19088006019592
88.13289231061935,89.68210768699646
93.64166301488876,93.21033698320389
85.44643288850784,86.73856711387634
83.40020287036896,85.98879712820053
83.13097429275513,87.25802570581436
81.08474463224411,85.0262553691864
82.63051456212997,85.29548543691635
92.12128365039825,89.69471633434296
86.61005294322968,88.77794706821442
88.37881356477737,87.7871864438057
83.75757497549057,85.59342503547668
82.19234520196915,86.21465480327606
88.27511686086655,91.90988314151764
84.2108873128891,86.41911268234253
83.47865587472916,89.3733441233635
89.98742526769638,86.41957473754883
83.73719549179077,87.37380450963974
101.3009649515152,97.0870350599289
83.73573631048203,86.43026369810104
84.00450700521469,85.45849299430847
81.97627848386765,87.91272151470184
81.02204948663712,86.57095050811768
83.08681839704514,89.154181599617
86.61358773708344,87.47841227054596
88.06735616922379,90.00664383172989
84.90911662578583,90.4238833785057
82.80687999725342,86.02711999416351
80.27864944934845,87.18435055017471
87.62142091989517,93.00857907533646
80.9451921582222,86.49980783462524
81.32396274805069,87.62103724479675
83.48173236846924,85.57426762580872
84.2675034403801,88.5284965634346
94.09127098321915,91.87172901630402
82.85904204845428,86.58495795726776
82.1638131737709,85.87318682670593
81.85858470201492,88.08541530370712
79.77435618638992,85.91064381599426
81.74712771177292,85.78987228870392
89.29289889335632,88.56010109186172
94.93066418170929,92.71633583307266
90.88440537452698,92.70859462022781
82.00415658950806,87.07084339857101
81.66092801094055,86.65307199954987
87.52169996500015,92.27430003881454
82.36347150802612,85.89452850818634
85.29923951625824,88.16376048326492
83.28900927305222,91.67399072647095
82.00178045034409,87.5912195444107
96.88155096769333,96.08144903182983
91.94532245397568,87.72067755460739
86.12109452486038,85.73190546035767
81.16686677932739,87.29713320732117
81.15663486719131,86.19436514377594
82.92540627717972,88.092593729496
86.98917746543884,90.12182253599167
98.72094392776489,96.50105607509613
90.61767846345901,94.36332154273987
99.03443050384521,86.81656950712204
82.13620138168335,89.43879860639572
86.7739725112915,91.96602749824524
80.24574440717697,86.23525559902191
84.42151480913162,88.57748520374298
82.26428264379501,88.38371735811234
81.43905127048492,87.09794872999191
97.94782191514969,93.16317808628082
83.32759320735931,86.91340678930283
85.22672754526138,82.6622724533081
84.938969373703,84.84003061056137
83.55820542573929,83.1267945766449
85.69644623994827,83.11955374479294
92.16668617725372,86.7593138217926
99.50891977548599,91.91708022356033
92.2771247625351,88.1118752360344
86.04434621334076,83.88265377283096
86.44158685207367,82.78141313791275
90.94982850551605,88.27217149734497
84.06907004117966,83.37492996454239
87.3363111615181,85.64568883180618
86.4925519824028,83.56244802474976
85.11179322004318,86.40620678663254
98.52803409099579,90.87896591424942
87.87027436494827,83.4087256193161
93.1185153722763,86.585484623909
86.99775630235672,83.78024369478226
83.07999777793884,85.82700222730637
86.03323912620544,83.2077608704567
91.44848072528839,86.9405192732811
100.16071593761444,91.00628405809402
95.50292009115219,89.03507989645004
86.54713904857635,85.26786094903946
86.0183789730072,84.35162103176117
92.74861842393875,89.63938158750534
84.55386036634445,83.83513963222504
86.52510064840317,83.6418993473053
85.66234123706818,82.50365877151489
86.43058323860168,84.12441676855087
98.08782321214676,88.70917677879333
86.0760645866394,83.03393542766571
86.65930503606796,83.17469495534897
84.29754650592804,84.01845347881317
82.95378798246384,82.8802120089531
85.59102833271027,83.44497168064117
89.80426996946335,84.45573002099991
101.05250638723373,92.79949361085892
95.26471138000488,92.79028862714767
88.67992895841599,87.02307105064392
85.85516625642776,83.21883374452591
101.30840826034546,90.39559173583984
88.63064932823181,85.99835067987442
87.36188894510269,85.63811105489731
86.61012929677963,85.14787071943283
84.78536993265152,84.51063007116318
96.47961062192917,90.40938937664032
87.30185168981552,84.12314832210541
87.36609202623367,84.74490797519684
85.81832933425903,83.56967067718506
84.43857109546661,83.28342890739441
83.76181262731552,83.49718737602234
90.8810544013977,84.58194559812546
99.14828944206238,93.55471056699753
87.76750534772873,85.13949465751648
88.7397398352623,87.40926015377045
86.02597761154175,83.4190223813057
89.92221838235855,93.16978162527084
84.67146134376526,83.49453866481781
86.77270197868347,86.52429801225662
88.63294410705566,83.46005588769913
86.71518576145172,85.54381424188614
101.63042604923248,94.92457395792007
86.34366726875305,84.02733272314072
90.88790822029114,83.92709177732468
85.82214933633804,86.23285067081451
85.60838967561722,83.13261032104492
85.1726301908493,83.17936980724335
90.10587096214294,85.50512903928757
85.2261136174202,86.23688638210297
87.77235132455826,86.08064866065979
89.72458320856094,85.53541678190231
86.82482039928436,84.08217960596085
90.09206116199493,88.90693885087967
86.89730352163315,84.28769648075104
87.33154278993607,85.57545721530914
86.57977896928787,86.56822103261948
85.14402061700821,84.63297939300537
97.37426221370697,90.16173779964447
86.53150433301926,85.91349565982819
85.33674508333206,84.81225490570068
88.0849866271019,88.72901338338852
88.66822731494904,85.18477267026901
85.60146808624268,83.41753190755844
87.66571015119553,88.35328984260559
83.85895293951035,84.16004705429077
87.55219042301178,86.76280957460403
93.83842295408249,89.88357704877853
85.73664551973343,85.26435446739197
87.41088670492172,89.68211328983307
82.91912716627121,82.8958728313446
83.81636810302734,85.25763189792633
83.12060952186584,83.28639048337936
87.94485020637512,84.31514978408813
97.74809104204178,89.56590896844864
83.46033257246017,84.24266743659973
84.82057321071625,82.93842679262161
85.27381533384323,86.44818466901779
84.5600574016571,83.68094259500504
83.60529792308807,85.89470207691193
89.44753938913345,85.23846060037613
85.324782371521,84.52621763944626
92.37102031707764,88.75897967815399
90.97224324941635,92.6767567396164
85.49846684932709,84.87253314256668
90.45170748233795,94.04829251766205
84.90394878387451,84.28205120563507
84.39318913221359,84.2918108701706
84.51342952251434,84.06057047843933
84.55867141485214,85.0893285870552
98.69691175222397,91.3770882487297
82.4451532959938,83.18484669923782
85.28739488124847,85.84260511398315
84.16563653945923,84.24136346578598
84.59987843036652,84.19612157344818
85.59011870622635,84.79988127946854
89.8013596534729,86.04964035749435
85.05160093307495,86.37439906597137
98.63283640146255,91.10716360807419
92.27104544639587,89.5059545636177
86.74226677417755,85.86773324012756
91.71450638771057,91.1564936041832
87.12874794006348,85.07425206899643
85.60098749399185,85.99201250076294
84.64622908830643,83.00177091360092
86.7834706902504,91.36452931165695
98.69971084594727,91.50328916311264
87.02295219898224,84.90304780006409
85.69819438457489,84.00580561161041
85.33643537759781,84.92356461286545
84.6226772069931,84.43432277441025
89.1119179725647,84.07308202981949
92.87915271520615,88.60184729099274
83.46239423751831,86.27960574626923
98.45162791013718,92.14137208461761
89.14483869075775,90.2991613149643
85.39406436681747,86.5879356265068
87.34630435705185,88.94869565963745
83.76254767179489,84.71845233440399
85.62278854846954,85.8212114572525
84.92702966928482,83.46097034215927
84.32427126169205,85.2117287516594
103.46251147985458,93.46348851919174
83.4887524843216,128.65924751758575
88.96099293231964,85.26200705766678
90.0612342953682,85.34576570987701
84.31047630310059,82.7825236916542
84.39271819591522,84.19928181171417
89.73495972156525,84.46904027462006
84.20620226860046,85.33079773187637
97.5284343957901,92.23056560754776
91.53664636611938,90.92535364627838
88.24886584281921,85.47313416004181
89.46110332012177,91.7978966832161
87.89534449577332,83.88265550136566
85.34858340024948,86.48441660404205
84.78182303905487,90.64317697286606
85.23506408929825,89.44993591308594
101.09530520439148,92.25569480657578
83.27054619789124,86.78545379638672
86.42678731679916,86.20321267843246
83.65802884101868,87.73097115755081
83.94327133893967,87.05572867393494
90.39651036262512,96.47348964214325
93.47874915599823,114.96625083684921
84.3569917678833,87.25300824642181
97.34722793102264,98.50477206707001
83.83743989467621,88.40356010198593
86.88267892599106,89.0803210735321
88.22391670942307,92.98008328676224
86.86215943098068,88.67484056949615
86.38939982652664,90.18560016155243
85.3416395187378,86.08436048030853
84.46088117361069,87.74311882257462
99.15512365102768,92.08587634563446
88.27436488866806,87.7816351056099
85.5226058959961,86.01439410448074
83.03084796667099,87.22815203666687
84.20609027147293,85.4229097366333
83.17733210325241,87.04466789960861
90.77857381105423,85.90642619132996
84.76781487464905,86.80618512630463
93.99804908037186,91.53895092010498
88.65526574850082,91.25273424386978
92.97849184274673,87.98550814390182
89.61672168970108,91.43927830457687
85.93996232748032,85.3750376701355
82.46620059013367,84.51579940319061
84.65943801403046,85.46956199407578
85.29767894744873,90.8313210606575
97.37991935014725,89.69408065080643
84.74016016721725,85.0188398361206
88.82239961624146,84.06560039520264
85.25663888454437,85.70636111497879
85.04287946224213,83.90112054347992
86.42211186885834,84.37488812208176
91.54134964942932,84.45865035057068
84.86359065771103,85.74640935659409
83.87283110618591,83.47916889190674
89.88006740808487,85.69293260574341
92.6302906870842,87.29570931196213
90.87851506471634,96.5654849410057
87.42375284433365,85.83524715900421
89.09898883104324,85.41901117563248
86.86622375249863,86.29977625608444
86.22646218538284,86.36553782224655
101.49370002746582,94.48629999160767
83.15094119310379,85.47805881500244
85.54818111658096,84.50781887769699
87.16742104291916,86.05457895994186
90.82366043329239,84.50933957099915
85.16589397192001,83.51910603046417
89.95213383436203,84.90086615085602
84.0703753232956,85.89162468910217
83.6906156539917,85.86438435316086
96.19884914159775,90.48615086078644
94.44805926084518,90.19994074106216
91.25228029489517,91.95071971416473
86.44551700353622,84.90648299455643
89.21375346183777,93.19324654340744
84.81499016284943,85.27800983190536
83.43423062562943,85.88176935911179
101.49747043848038,96.09452956914902
84.00671195983887,84.71628803014755
85.79195129871368,84.07804870605469
87.54119163751602,86.05180835723877
85.51242733001709,85.0805726647377
85.65066713094711,84.83133286237717
89.93590694665909,86.28609305620193
85.9261474609375,86.35185253620148
84.28638690710068,84.32461309432983
98.70262098312378,91.68637901544571
94.93282347917557,92.51217651367188
92.47804003953934,90.48495995998383
86.30127835273743,85.21772164106369
88.95751518011093,86.19048482179642
85.44774967432022,86.8672503232956
85.41798782348633,86.099012196064
101.55622726678848,90.44277274608612
84.34246844053268,85.08353155851364
83.29570776224136,83.70429223775864
84.65494787693024,85.49205213785172
85.25618875026703,84.53981125354767
86.06142896413803,86.05057102441788
91.86566948890686,88.22633051872253
92.83690983057022,85.31109017133713
84.88214981555939,84.15485018491745
97.94638311862946,92.6096168756485
95.21359044313431,88.37840956449509
95.14780813455582,94.05519187450409
85.50804537534714,85.732954621315
88.23927938938141,85.63172060251236
85.67351633310318,83.71548366546631
88.21775585412979,86.6712441444397
103.48599547147751,92.44000452756882
85.36423540115356,84.70976459980011
85.81747281551361,84.05352717638016
84.58471238613129,85.63728761672974
84.9259540438652,87.64704596996307
84.21319353580475,83.47280645370483
90.79543417692184,86.87156581878662
85.22967517375946,87.10432481765747
85.0159159898758,85.55808401107788
98.57915025949478,91.86484974622726
95.10635501146317,88.5606449842453
93.28057187795639,94.77442812919617
87.06780445575714,86.98819553852081
86.50103968381882,86.14696031808853
83.50927609205246,84.98972392082214
83.96251553297043,89.03748446702957
103.22975409030914,90.97424590587616
82.66399496793747,84.9100050330162
84.72823542356491,85.30876457691193
84.07047551870346,86.04152446985245
86.50471663475037,84.64428335428238
85.43895453214645,84.65504544973373
89.85419303178787,85.4248069524765
85.39843076467514,86.39756923913956
83.944670855999,85.555329144001
97.17489856481552,93.10310143232346
88.72011053562164,87.38988947868347
96.52534139156342,92.40065860748291
85.64457213878632,86.6704278588295
86.93080967664719,86.42119032144547
85.0130472779274,85.06095272302628
83.91028618812561,86.497713804245
101.34452611207962,91.89647388458252
85.05576658248901,85.92523342370987
85.12100690603256,84.39799308776855
84.27624785900116,85.81675213575363
86.45148944854736,84.95551055669785
84.03472709655762,83.9852728843689
90.76496750116348,85.40203249454498
87.32820802927017,86.28279197216034
84.15144795179367,85.10755205154419
84.0296882390976,85.93231177330017
91.70492213964462,86.68407785892487
97.28714680671692,95.95385318994522
88.62937569618225,86.24162429571152
86.28561007976532,86.34438991546631
88.33084684610367,88.61315315961838
86.37608098983765,87.04991900920868
100.77331924438477,94.05968075990677
82.96655941009521,85.47744059562683
88.36379909515381,84.59820091724396
85.74303877353668,87.55296123027802
84.84328025579453,86.1747197508812
83.38951903581619,84.24048095941544
90.43475884199142,85.23224115371704
84.3689991235733,87.68700087070465
85.24723988771439,85.2337601184845
84.64448010921478,85.31751990318298
91.1167151927948,85.55128479003906
100.1619423031807,96.30105769634247
87.74416494369507,89.05283504724503
85.86339741945267,86.32160258293152
86.59362584352493,86.31337416172028
86.32386219501495,87.36113780736923
103.36909878253937,91.51890122890472
84.58133804798126,84.12166196107864
83.68257677555084,85.22542321681976
86.52381610870361,86.06918388605118
84.19905585050583,84.94894415140152
84.92929470539093,85.21870529651642
90.12353432178497,89.00646567344666
85.37277460098267,87.57222539186478
84.5470141172409,84.78598588705063
84.05525368452072,86.14774632453918
93.52648591995239,87.34351408481598
101.10870683193207,95.22429317235947
86.8579216003418,86.30807840824127
88.27415001392365,86.42984998226166
84.94938576221466,85.40361422300339
85.43862420320511,85.7653757929802
100.50286340713501,92.73813658952713
87.47410237789154,85.78489762544632
84.77833896875381,86.16566103696823
84.97257775068283,85.71342223882675
85.68381750583649,84.61218249797821
84.97005623579025,85.01094377040863
90.05229610204697,84.63270390033722
84.02353566884995,89.84646433591843
84.77277612686157,87.17122387886047
83.78101742267609,85.99698257446289
99.04925030469894,93.95174968242645
103.70445948839188,96.42454051971436
86.71267223358154,86.5283277630806
86.53590512275696,87.3150948882103
85.43414199352264,84.58485800027847
85.8303804397583,86.22461956739426
98.80261868238449,92.4943813085556
87.97685939073563,88.57814061641693
86.3180992603302,88.08890074491501
85.04933941364288,87.17266058921814
83.03857684135437,88.23842316865921
87.88081401586533,85.06418597698212
93.09205114841461,86.79594886302948
85.74929070472717,89.13970929384232
84.47953057289124,85.74246942996979
84.93277072906494,85.10522925853729
100.47800207138062,94.31799793243408
98.31920325756073,95.44079679250717
89.51242196559906,85.98757803440094
87.81665283441544,86.42334717512131
85.39988696575165,85.72911304235458
84.85312569141388,88.20287430286407
97.39836484193802,92.56463515758514
84.46160507202148,86.00139492750168
86.5628434419632,84.58515655994415
82.88608300685883,86.2439169883728
84.57932341098785,84.71667659282684
85.38356226682663,86.15343773365021
92.00380229949951,84.94119769334793
84.9380424618721,86.82095754146576
82.83528256416321,85.94371742010117
85.51052182912827,84.82347816228867
98.75875049829483,92.98224949836731
99.10096114873886,95.1590388417244
87.42317682504654,86.3168231844902
86.35740864276886,87.73459136486053
83.60664510726929,84.13335490226746
85.59588235616684,86.1441176533699
103.19712257385254,97.43287742137909
85.22435879707336,85.25764119625092
85.21459835767746,84.58240163326263
90.5188381075859,85.57316190004349
84.54607719182968,85.47292280197144
83.9433171749115,84.96368283033371
90.48855763673782,85.40044236183167
84.83079552650452,86.00420445203781
88.56103587150574,84.90196412801743
83.25427037477493,84.43172961473465
98.66950404644012,93.44149595499039
94.28871405124664,96.17428594827652
88.53894221782684,87.68405777215958
86.4351697564125,86.12083023786545
89.85140240192413,86.42759758234024
86.00763779878616,91.34436219930649
96.45987606048584,92.55812394618988
82.50611680746078,87.82788318395615
82.272356569767,84.89364343881607
84.22659629583359,85.47740370035172
84.9758363366127,85.32116365432739
85.27907735109329,85.88692265748978
91.39931780099869,85.7866821885109
83.6115573644638,85.81444263458252
84.98879808187485,85.49220192432404
85.09003883600235,84.13096117973328
101.22826594114304,96.28973406553268
95.58947098255157,95.11452901363373
89.9676958322525,87.47730416059494
87.04992347955704,86.87607651948929
85.02115845680237,84.77484154701233
85.34439396858215,85.89660602807999
97.20463287830353,91.70336711406708
86.43487095832825,85.6211290359497
84.14610809087753,84.7788919210434
83.78534853458405,87.67865145206451
84.79258912801743,84.11441087722778
85.20882946252823,83.82817053794861
90.01306933164597,84.96793067455292
84.9663091301918,86.71869087219238
83.23354876041412,84.3964512348175
83.66779059171677,85.2952094078064
84.43603104352951,86.36096894741058
98.88826793432236,94.31573206186295
90.50749152898788,87.75150847434998
89.70071667432785,86.53928333520889
85.70994740724564,87.55005258321762
85.68118292093277,89.9858170747757
98.4854229092598,92.44057708978653
83.97566324472427,86.17333674430847
84.48290169239044,85.81209832429886
86.39914172887802,86.43385827541351
85.53638136386871,85.0746186375618
85.47162038087845,85.12137961387634
91.5718582868576,84.57614171504974
84.56208944320679,86.60391056537628
83.8483282327652,86.42967176437378
84.68956851959229,84.45843148231506
84.38280814886093,84.67219185829163
95.98404490947723,93.45995509624481
97.64126753807068,88.82173246145248
87.37148505449295,87.25851494073868
83.9347186088562,90.69528138637543
86.14695656299591,87.056043446064
95.39619493484497,91.32580506801605
84.53443032503128,85.70656967163086
85.24666947126389,85.45733052492142
84.49490880966187,86.11609119176865
79.59614902734756,82.71885097026825
82.71538949012756,85.34061050415039
89.98262947797775,85.92437052726746
85.63886952400208,86.9351304769516
84.00010907649994,84.49989092350006
85.69334894418716,85.65865105390549
83.96058571338654,85.372414290905
101.98782032728195,94.43917965888977
96.77303421497345,89.85596579313278
87.59624791145325,91.99575209617615
83.49348068237305,85.30251932144165
86.20571768283844,86.86828231811523
101.34395730495453,95.43404269218445
89.3521980047226,85.16680198907852
84.73143661022186,85.65756338834763
85.70267629623413,86.52032369375229
87.11791574954987,88.92008423805237
84.55215620994568,85.1328437924385
90.65339666604996,85.21760332584381
84.73463642597198,87.93136358261108
85.29887610673904,85.75612390041351
85.38211184740067,86.89588814973831
84.83435046672821,85.59164953231812
102.91758334636688,96.8604166507721
95.55479395389557,95.27820605039597
90.28500854969025,86.41799145936966
87.01623785495758,87.55876213312149
85.59747111797333,87.23452889919281
97.36570793390274,92.61629205942154
86.79994863271713,85.77505135536194
86.69718652963638,85.24781346321106
84.5944259762764,86.44257402420044
85.08366602659225,84.52733397483826
84.20390611886978,85.35209387540817
90.08214581012726,85.25085419416428
82.60938549041748,87.24261450767517
83.91362595558167,84.2533740401268
85.10686731338501,84.5971326828003
84.78210633993149,84.25489366054535
100.25333833694458,100.61666166782379
95.00154584646225,89.2384541630745
88.99275976419449,88.396240234375
84.74199080467224,85.44400918483734
84.62022709846497,87.6387729048729
96.2214605808258,90.5945394039154
84.85869985818863,86.43730014562607
84.86693459749222,84.61406540870667
90.15317434072495,86.05082565546036
83.43941342830658,86.7455865740776
83.39165312051773,86.57134687900543
90.6968936920166,85.32210630178452
84.37113398313522,86.8498660326004
84.28737419843674,86.32362580299377
85.20261514186859,85.05638486146927
86.11885398626328,84.71414601802826
100.90508782863617,95.35491216182709
89.1352927684784,88.8647072315216
91.21751737594604,88.26348263025284
89.26374518871307,84.82925480604172
84.04997718334198,86.9330227971077
100.48321568965912,93.12778431177139
85.39945381879807,85.50854617357254
84.70369285345078,84.59330713748932
84.7119329571724,87.04706704616547
85.44217360019684,84.8908264040947
85.50641196966171,85.66058802604675
88.86664932966232,86.18935066461563
85.35688960552216,86.62511038780212
83.16112905740738,85.46887093782425
84.35437035560608,86.49762964248657
100.39961034059525,99.0443896651268
98.33384484052658,96.92515516281128
87.56405961513519,86.97294038534164
99.33228999376297,89.26071000099182
85.89551210403442,85.65948790311813
84.49674928188324,85.87325072288513
95.85698878765106,93.97701120376587
83.9582285284996,84.65277147293091
84.83746713399887,84.7375328540802
84.5307070016861,86.98829299211502
83.26094663143158,85.07205337285995
82.91718691587448,85.28681308031082
91.36942738294601,87.83357262611389
84.43466693162918,87.76933306455612
85.64590752124786,89.26209247112274
83.4881471991539,85.28985279798508
84.29238474369049,86.37461525201797
91.92961913347244,95.23638087511063
90.86484062671661,87.2471593618393
91.7800680398941,88.18293195962906
101.93729001283646,95.00870996713638
86.40752655267715,86.62947344779968
100.89776527881622,97.6202347278595
87.70200514793396,85.74199485778809
84.35824429988861,85.17875570058823
84.12648445367813,87.05951553583145
83.39272493124008,85.5322750210762
83.32796609401703,86.26403391361237
90.87320631742477,85.58979368209839
84.6224457025528,87.32155430316925
84.4276864528656,86.51831352710724
84.08392691612244,85.82407307624817
85.29516619443893,85.63083380460739
82.35940635204315,87.64059364795685
89.51664125919342,86.59535872936249
94.9498650431633,91.3461349606514
85.4210816025734,89.33791840076447
84.70731431245804,87.44068568944931
96.01155316829681,92.8954468369484
86.46478796005249,84.97921204566956
88.04702347517014,85.82297652959824
84.61025822162628,87.35274177789688
87.69349604845047,86.41850394010544
84.99773585796356,86.15026414394379
89.37697398662567,89.56802600622177
88.97721260786057,86.94778740406036
84.85645067691803,85.08854931592941
84.36469042301178,85.52430957555771
86.02092814445496,85.68207186460495
83.14016705751419,89.37783294916153
89.00040233135223,88.31459766626358
94.6196259856224,91.75037401914597
84.59084278345108,87.79815721511841
84.76607763767242,89.67792236804962
95.31131690740585,94.18868309259415
86.7455547451973,86.73544526100159
84.71678799390793,85.24621200561523
85.50302624702454,87.18197375535965
83.53026431798935,84.69173568487167
84.37150406837463,84.8694959282875
88.02774429321289,87.25025570392609
84.94298279285431,88.24101722240448
87.58122324943542,88.62177675962448
83.66446214914322,86.74253785610199
83.98770141601562,85.4382985830307
89.31093686819077,92.72606313228607
98.48516935110092,91.18083065748215
96.75338077545166,91.17361921072006
85.65059518814087,88.23840481042862
85.84282737970352,87.30417263507843
98.12906378507614,99.77793622016907
83.86030220985413,85.34369778633118
83.96053683757782,85.79846316576004
85.24777513742447,86.99422484636307
83.20001310110092,85.61498689651489
88.24625271558762,86.60674726963043
92.06848752498627,86.48751246929169
84.37372195720673,87.23827803134918
87.0479593873024,85.00704061985016
87.16719698905945,85.4808030128479
85.41643345355988,86.17656654119492
88.51767218112946,91.61232781410217
99.83990716934204,93.17809283733368
100.62610828876495,91.28089171648026
88.24532359838486,87.04967641830444
86.40255439281464,89.18944561481476
94.05979186296463,93.2742081284523
86.49303019046783,86.22896981239319
84.55626499652863,86.77673500776291
84.250503718853,87.19349628686905
84.888742685318,85.46425729990005
83.97098231315613,86.38101768493652
105.645214676857,102.42878532409668
84.56142348051071,87.03157651424408
82.82966303825378,83.81833696365356
83.94790321588516,87.75509679317474
85.54914283752441,85.61785715818405
86.83638364076614,89.90561634302139
96.06661653518677,101.35938346385956
90.22282755374908,90.59217244386673
89.37905764579773,86.17694234848022
85.05328887701035,87.53871113061905
100.83952844142914,96.36347156763077
86.32976830005646,84.4292317032814
83.65200871229172,84.62499129772186
91.49425029754639,88.17174971103668
87.53949010372162,85.40450990200043
84.30773228406906,86.39626771211624
87.83397334814072,85.2760266661644
84.0652146935463,85.67578530311584
86.12845593690872,89.72254407405853
82.95169633626938,84.64130365848541
84.62693732976913,83.98506265878677
86.5981792807579,89.25382071733475
97.66241693496704,98.20858305692673
88.42963492870331,92.81136506795883
87.40086603164673,89.76513397693634
85.78010088205338,87.27689909934998
98.36234056949615,93.84265941381454
85.55558055639267,84.38841944932938
84.39682137966156,84.64017862081528
81.75706148147583,85.64993852376938
84.21030223369598,85.71569776535034
83.86654335260391,85.57745665311813
89.35577833652496,84.29122167825699
87.19801741838455,86.24698257446289
93.6322580575943,87.31274193525314
84.75149923563004,86.0825007557869
84.27774047851562,83.96225953102112
88.34198063611984,94.50901937484741
95.70221620798111,98.5007838010788
85.91343504190445,89.60356497764587
89.07066637277603,90.9663336277008
84.50489634275436,86.71710366010666
97.40213620662689,92.87586379051208
85.11437797546387,88.3486220240593
88.41861909627914,84.80338090658188
84.25985825061798,86.25814175605774
83.41709637641907,85.02690362930298
82.44433790445328,85.05666208267212
86.59957838058472,85.17742162942886
82.45981955528259,86.33518046140671
82.89406079053879,86.75393921136856
83.58830142021179,84.78269857168198
82.26354265213013,83.44145733118057
92.17878299951553,87.8582170009613
83.92802339792252,86.86897659301758
89.78826141357422,90.04573857784271
92.50048822164536,93.24051177501678
84.02671182155609,90.34328818321228
92.0359514951706,96.02004849910736
84.17319321632385,85.52980679273605
84.05143457651138,84.94756543636322
85.2816755771637,86.43932443857193
83.90091687440872,83.98708313703537
85.11315888166428,87.27484112977982
89.28839927911758,85.37760072946548
85.00163984298706,86.49936014413834
83.73088014125824,85.73211985826492
83.31412142515182,86.09387856721878
83.39636200666428,85.51063799858093
83.58960390090942,89.15139609575272
84.91284489631653,84.16115510463715
91.14408230781555,92.18991768360138
93.05930852890015,92.03269147872925
84.67853140830994,88.1544685959816
97.77977222204208,90.94322776794434
85.95401293039322,84.67498707771301
83.6292530298233,84.20474696159363
84.1924939751625,85.62250602245331
86.4237334728241,85.79926651716232
84.85797494649887,85.17902505397797
91.21821635961533,84.67078363895416
84.7264518737793,87.44054812192917
83.91969358921051,84.69130641222
87.27993524074554,90.01606476306915
85.82517635822296,85.58182364702225
87.8894185423851,92.46258145570755
85.13766074180603,86.1953392624855
90.53589844703674,92.64910155534744
91.06212109327316,92.40087890625
84.47734773159027,87.6886522769928
101.76358759403229,95.2174124121666
83.19782781600952,86.33917218446732
83.37406891584396,84.95993107557297
84.01131051778793,85.09968948364258
81.31555134057999,83.88744866847992
88.49079239368439,84.74920761585236
89.33303195238113,88.25996804237366
83.93326663970947,87.54773336648941
84.83050680160522,85.57649320363998
83.83874690532684,85.9022530913353
82.10698717832565,86.26401281356812
88.26322758197784,93.58877241611481
83.86346566677094,84.82053434848785
102.76069730520248,95.5163027048111
94.65889275074005,92.86010724306107
89.38910329341888,90.48189669847488
99.43433487415314,92.91766512393951
86.0535751581192,86.50242483615875
84.15381473302841,85.12318527698517
84.16305410861969,88.46694588661194
92.17029279470444,85.97670722007751
84.7725321650505,86.28346782922745
91.26277041435242,86.81222957372665
84.34400981664658,86.98899018764496
82.83425080776215,87.38774919509888
84.49049085378647,86.0835091471672
81.55473095178604,85.16826903820038
84.33997166156769,87.71502834558487
84.20021086931229,86.09478914737701
104.17244118452072,94.53255879878998
84.9016466140747,87.48735338449478
89.18887966871262,89.58912032842636
95.64111024141312,92.09988975524902
85.74234890937805,86.6096510887146
85.73158687353134,85.7124131321907
82.51782673597336,87.11217325925827
82.52606636285782,84.80693364143372
85.46130710840225,87.74369287490845
87.56154716014862,85.97545284032822
86.92178589105606,87.00421410799026
91.61502611637115,85.07097387313843
82.75326651334763,84.83873349428177
81.13150733709335,85.68349266052246
85.26974833011627,86.82325166463852
83.09298747777939,85.98101252317429
102.69321805238724,94.97378194332123
84.53542423248291,93.22357577085495
89.0616574883461,91.06734251976013
99.45988857746124,93.33711141347885
84.70912754535675,85.95887243747711
84.03136694431305,85.85663306713104
82.74360704421997,88.55239295959473
81.99284642934799,85.56315356492996
85.87108618021011,85.98091381788254
88.71232318878174,86.76867681741714
82.9615620970726,89.2414379119873
86.19280284643173,86.30719715356827
83.0160431265831,85.29995685815811
81.61728417873383,85.56871581077576
97.60652524232864,91.41247475147247
92.20676475763321,86.07023525238037
102.47399741411209,93.08000260591507
86.00120311975479,87.23879688978195
92.84243232011795,91.98956769704819
101.22265422344208,93.14834576845169
84.74889320135117,85.58410680294037
85.01613277196884,87.59486722946167
82.48737353086472,86.43862646818161
82.84861278533936,85.76338720321655
87.40929216146469,88.20170783996582
84.75052917003632,86.34147083759308
90.87076896429062,90.0552310347557
83.52700924873352,85.95499074459076
89.5542505979538,91.98274940252304
85.32148879766464,86.88251119852066
98.31172174215317,97.83627825975418
84.67193752527237,87.2910624742508
92.03216844797134,94.74583154916763
104.39138841629028,99.20061159133911
85.65962713956833,87.41537284851074
84.12986612319946,84.35013389587402
86.45410764217377,88.91689234972
82.94334733486176,83.72365266084671
82.39658743143082,84.8254125714302
88.34982776641846,85.04017221927643
83.63506883382797,86.54993116855621
85.1623113155365,84.35668867826462
83.02255141735077,85.29344856739044
84.78979301452637,85.32120698690414
82.7050348520279,88.20196515321732
84.25127625465393,84.32372373342514
87.50051593780518,88.2784840464592
92.96098208427429,96.31701791286469
98.15520650148392,87.6597934961319
90.03244072198868,91.63355928659439
83.89367407560349,84.43932592868805
85.43891376256943,86.72808623313904
92.89115160703659,85.38684839010239
87.02939295768738,90.39660704135895
88.81563413143158,84.83236587047577
83.11987525224686,86.3431247472763
84.59111666679382,84.64988332986832
83.69235843420029,85.56764155626297
83.23759931325912,85.00340068340302
86.94984030723572,88.23515969514847
85.5510806441307,84.50491935014725
88.61431956291199,87.53368043899536
87.58655405044556,88.0814459323883
90.46478414535522,93.99821585416794
98.30601161718369,88.95398837327957
84.96224522590637,88.29675477743149
85.43348425626755,84.60251575708389
83.03372484445572,88.61327517032623
82.89496600627899,83.95703399181366
83.64420652389526,85.115793466568
88.02244693040848,84.79155308008194
83.43868792057037,85.22831207513809
93.20592898130417,84.90507102012634
83.1951693892479,85.1928306221962
82.944411277771,84.90758872032166
96.13865214586258,95.76934784650803
84.96189224720001,84.03810775279999
88.45113307237625,84.77086693048477
91.64536672830582,95.02263325452805
88.11559343338013,93.53240656852722
96.06882327795029,91.54217672348022
83.78105908632278,85.64494091272354
85.0852980017662,84.65470200777054
82.38953858613968,85.3884614109993
82.41677832603455,84.2312216758728
84.29501664638519,88.90798336267471
86.50725328922272,84.6037467122078
86.5154944062233,86.46550559997559
86.57873606681824,84.88326394557953
83.53297513723373,84.7080248594284
81.93021684885025,84.68178313970566
88.27045887708664,93.21054112911224
91.90969973802567,84.53530025482178
91.17693853378296,85.15706145763397
95.53717017173767,97.48182982206345
84.10138875246048,88.77061128616333
96.29362642765045,88.27937358617783
84.00685620307922,84.43814378976822
84.62609618902206,84.29990381002426
84.98533600568771,86.4216639995575
83.58657550811768,84.72742450237274
83.87281501293182,85.79418498277664
83.97405576705933,84.08094424009323
85.35229730606079,85.85170269012451
84.19453793764114,85.21346205472946
83.40677779912949,87.03822219371796
82.58101892471313,84.41798108816147
85.4972596168518,89.5027403831482
84.78250002861023,85.47649997472763
88.01374000310898,85.26425999403
96.3919717669487,97.88602823019028
84.80719286203384,87.83980715274811
105.51943004131317,96.20256996154785
86.06566405296326,89.26833593845367
84.72190177440643,84.9080982208252
90.95214223861694,88.30785775184631
83.03438079357147,85.2436192035675
84.17262148857117,84.32737851142883
84.25486117601395,85.57913881540298
83.76310259103775,89.77389740943909
89.23434507846832,84.46965491771698
83.2805854678154,84.49841451644897
81.86182695627213,84.39717304706573
88.33306795358658,89.01893204450607
83.69330823421478,85.2876917719841
86.64554876089096,89.26045125722885
95.82178151607513,95.2162184715271
84.95900624990463,88.55899375677109
99.7822413444519,95.99575865268707
86.60546261072159,88.96853739023209
85.05770045518875,86.40429955720901
83.78894108533859,86.41505891084671
92.89018082618713,90.2038192152977
84.49042212963104,85.12057787179947
84.81366282701492,84.77833718061447
85.3769034743309,86.27009654045105
83.92314451932907,84.63185548782349
84.65338599681854,85.0866140127182
81.66162806749344,84.33837193250656
90.37386965751648,94.51513034105301
83.17811125516891,86.74688875675201
87.74235135316849,83.83164864778519
100.89958363771439,99.41641634702682
84.75880616903305,87.40819382667542
97.00804132223129,97.34395867586136
86.64626634120941,92.31773364543915
84.02450323104858,85.30849677324295
84.90274345874786,86.07825654745102
82.5779841542244,84.514015853405
82.73422574996948,85.87677425146103
83.78046613931656,87.09053385257721
82.34370756149292,86.58129245042801
93.12994742393494,85.68505257368088
83.86018681526184,85.76881319284439
83.51742827892303,84.3165717124939
91.43266922235489,93.32633078098297
84.20090925693512,89.92909073829651
89.3751489520073,87.19885104894638
90.6613837480545,94.20861625671387
84.04061675071716,88.73738324642181
98.10384964942932,96.17315036058426
83.90907633304596,85.8509236574173
84.80531686544418,84.74968314170837
84.2035584449768,87.33344155550003
82.76679825782776,84.25120174884796
83.83003890514374,88.13196110725403
84.76527881622314,84.77172118425369
81.95851939916611,85.42948061227798
83.13376128673553,84.51423871517181
84.93799984455109,84.58100014925003
82.27924048900604,84.33175951242447
86.64048111438751,88.28651887178421
91.61172074079514,86.14827924966812
84.02696073055267,84.89903926849365
88.85019958019257,84.83480042219162
85.59843897819519,88.54956102371216
97.38467103242874,95.81832897663116
88.48589617013931,86.73610383272171
84.36413091421127,85.87586909532547
83.11437171697617,87.31162828207016
82.52961272001266,84.50838726758957
84.55685353279114,85.09214645624161
84.78709429502487,87.02890568971634
83.16533452272415,85.79766547679901
83.24757689237595,91.15942311286926
84.71881812810898,87.22518187761307
82.30105715990067,84.82794284820557
87.68029832839966,88.5787016749382
83.96653890609741,84.42246109247208
87.30777895450592,86.02622103691101
84.27901721000671,88.36898279190063
88.78825706243515,89.24874293804169
104.51849287748337,103.09350711107254
87.93372565507889,91.47327435016632
88.16496235132217,84.8170376420021
83.89519864320755,88.69780135154724
82.6254403591156,86.39355963468552
83.4856824874878,84.75431752204895
87.71592497825623,87.24707502126694
86.07616513967514,90.29483485221863
84.02840620279312,85.65659379959106
90.96364736557007,86.88935261964798
80.3418892621994,84.71411073207855
97.42513185739517,92.96386814117432
83.52537405490875,87.23362594842911
88.51461380720139,87.79938620328903
86.54185080528259,86.77314919233322
89.10508954524994,96.80191045999527
93.81731933355331,88.42268067598343
88.45655906200409,88.97044092416763
83.96379572153091,84.77620428800583
87.1390351653099,89.24996483325958
92.57327222824097,84.22372776269913
90.04451435804367,85.49248564243317
84.14575606584549,87.02124392986298
84.17299765348434,91.7730023264885
81.18123960494995,84.61576038599014
83.4114825129509,86.90451747179031
83.91972595453262,85.0992740392685
91.92796850204468,94.20203149318695
83.52921116352081,84.61878883838654
86.42645180225372,88.81454819440842
85.89668941497803,87.69631057977676
94.68292647600174,100.98307353258133
90.80314922332764,87.82685077190399
89.49638795852661,91.5226120352745
78.83762449026108,83.79237550497055
83.7168641090393,89.0991358757019
86.0021048784256,85.2938951253891
83.19634282588959,85.9886571764946
84.88958638906479,87.27641361951828
83.37882834672928,87.41617166996002
92.53607004880905,84.48292994499207
82.30331140756607,86.25268858671188
86.05155342817307,85.2064465880394
93.72779458761215,88.58720541000366
84.56903547048569,85.98596453666687
86.94727545976639,85.55172455310822
82.99351251125336,86.50648748874664
93.38975030183792,101.07224971055984
93.84297341108322,88.54502660036087
88.72120833396912,95.98179167509079
86.10043656826019,85.93656343221664
83.4226781129837,89.66932189464569
82.04292058944702,85.95607942342758
84.07016253471375,87.74583745002747
84.24440383911133,86.64459615945816
83.6426453590393,86.32135462760925
85.18788814544678,85.2941118478775
83.86212998628616,87.45287001132965
84.44437289237976,84.5186271071434
85.0826136469841,89.4173863530159
91.8508563041687,88.1501436829567
86.54409670829773,86.14090329408646
84.42233490943909,86.57766509056091
96.98657268285751,99.10642731189728
91.77279645204544,87.83920353651047
88.7250326871872,97.53496730327606
84.51126211881638,85.46973788738251
84.3525025844574,89.59149742126465
82.6767441034317,85.87925589084625
84.14698594808578,85.79701405763626
84.47122877836227,86.43777120113373
86.36847203969955,86.33652794361115
82.43171101808548,85.69828897714615
83.9579530954361,87.74504691362381
84.20719474554062,85.07080525159836
91.54943716526031,98.80256283283234
83.14968007802963,84.75731992721558
87.01092129945755,85.19407868385315
101.00015878677368,93.40784120559692
92.60139518976212,101.88060480356216
100.44261932373047,94.1313806772232
90.11685526371002,94.105144739151
83.57008415460587,85.76391583681107
83.18932455778122,89.73567545413971
87.9015673995018,84.70943260192871
85.29880905151367,84.94219094514847
84.8250515460968,87.35894846916199
82.13029503822327,86.86970496177673
85.26853674650192,85.52746325731277
84.31377726793289,87.18622273206711
84.78501898050308,84.1969810128212
91.4412612915039,94.29973870515823
84.3195042014122,85.58649581670761
87.29174435138702,87.50525563955307
84.63298231363297,86.88601768016815
84.14122188091278,89.80277812480927
92.76046186685562,88.85053813457489
88.47269624471664,92.39830374717712
85.11092680692673,86.7230731844902
83.52616667747498,88.21483331918716
94.60840797424316,85.13159203529358
86.13565045595169,84.77134954929352
86.2548925280571,86.46710747480392
83.35613358020782,85.38486641645432
83.60537523031235,86.2466247677803
92.26161694526672,89.10938304662704
85.23285859823227,84.4341413974762
85.94509983062744,88.55590015649796
83.84134185314178,84.7316581606865
87.66458159685135,85.39041841030121
82.95081943273544,90.36418056488037
85.16406166553497,86.35593831539154
89.78230154514313,88.45769846439362
85.45753747224808,92.67246252298355
86.68877440690994,88.73822557926178
85.34501242637634,87.82198756933212
85.55625545978546,84.83174455165863
81.95349645614624,85.71350353956223
86.01773864030838,88.48226135969162
83.54497957229614,85.45502042770386
90.90422171354294,86.24377828836441
83.76446002721786,86.47553998231888
83.49470269680023,87.31929731369019
85.76294535398483,86.84805464744568
83.9201870560646,85.72881293296814
87.01942604780197,85.47957396507263
84.26866298913956,88.86033701896667
83.33390367031097,85.96309632062912
100.545141518116,92.10285848379135
84.73837023973465,87.87262976169586
85.11760717630386,90.12339282035828
85.03284567594528,86.98615431785583
85.68908655643463,87.68091344833374
83.88332676887512,87.09867322444916
82.72456872463226,88.99743127822876
84.36281019449234,86.2861897945404
81.9080520272255,85.83194798231125
82.86029326915741,85.78670674562454
83.46153146028519,88.50146853923798
90.71077471971512,91.69722527265549
95.27401703596115,87.46598297357559
86.2832579612732,87.99474203586578
85.38349694013596,87.78350305557251
84.37373924255371,85.97826075553894
103.60397619009018,99.8770238161087
97.76119357347488,90.79480642080307
91.78743070363998,94.97156929969788
83.18465793132782,89.37134206295013
84.8038991689682,87.54810082912445
83.53414034843445,86.27985966205597
84.02438271045685,88.75361728668213
83.14362168312073,85.96637833118439
85.18886440992355,85.19913560152054
87.47610676288605,89.22889322042465
83.59434950351715,88.47965049743652
92.01059168577194,91.32240831851959
84.03683370351791,86.42516630887985
87.08207434415817,86.56492567062378
83.23931211233139,88.13168787956238
83.76655387878418,86.66044610738754
83.94900906085968,89.54999095201492
92.55024540424347,93.26475459337234
84.91046988964081,87.23753011226654
83.73271030187607,85.24828970432281
86.74195319414139,84.6480467915535
84.2501939535141,88.58380603790283
84.40643632411957,85.5565636754036
83.85867881774902,86.23332118988037
84.40492099523544,87.7440789937973
83.78316402435303,86.86483597755432
88.32940083742142,87.02359914779663
83.2626404762268,86.58935952186584
89.04887986183167,85.98812013864517
85.18711698055267,88.47988301515579
86.3243590593338,85.43464094400406
103.35159242153168,98.55540758371353
84.56281000375748,93.91719001531601
91.48004412651062,94.16895586252213
82.98826897144318,90.16073101758957
95.14351099729538,85.98548901081085
83.17075109481812,85.68024891614914
85.51299375295639,89.30300623178482
84.65023517608643,85.4787648320198
82.56647729873657,85.98852270841599
85.96371948719025,86.96328049898148
83.24996083974838,87.4360391497612
86.33120357990265,88.68679642677307
84.35944658517838,86.64155340194702
86.60868722200394,87.67031276226044
84.48692548274994,90.08807450532913
83.55116736888885,86.57883262634277
105.83640545606613,99.73759454488754
84.67762333154678,89.74837666749954
90.63085687160492,91.94314312934875
82.73207741975784,90.85992258787155
83.74031859636307,85.98268139362335
83.8595603108406,85.80743968486786
83.53380215167999,89.28019785881042
83.33904331922531,86.01295667886734
92.71828520298004,87.70871478319168
83.5965284705162,86.71847152709961
85.51177036762238,89.37722963094711
91.63101184368134,92.36898815631866
84.43625378608704,86.11974620819092
86.38949418067932,86.22250580787659
83.45273131132126,87.54726868867874
83.79497170448303,85.66902828216553
107.0442066192627,103.82779341936111
84.29342049360275,89.68857949972153
90.37465637922287,91.40234363079071
83.23488241434097,89.20911759138107
83.74312388896942,85.38587611913681
82.12236648797989,89.35963350534439
83.68560743331909,86.94339257478714
82.99084931612015,85.30515068769455
82.86909228563309,84.76090770959854
84.56333440542221,85.0486655831337
83.73757696151733,87.81842303276062
91.04281520843506,90.7161847949028
93.95805758237839,85.20794242620468
83.55930125713348,86.44069874286652
85.27154296636581,87.3404570221901
82.6307834982872,84.40621650218964
91.93602657318115,86.65697342157364
86.48126697540283,87.74073302745819
90.00750172138214,93.91749829053879
86.49773222208023,86.61326777935028
84.11696976423264,84.73503023386002
81.64321082830429,85.6527891755104
84.33745288848877,94.90254712104797
84.47569590806961,84.84030413627625
83.96593827009201,84.5530617237091
87.71418106555939,89.09981894493103
84.98242408037186,88.0735759139061
86.97166550159454,85.21333450078964
88.68390738964081,87.09409260749817
83.61814439296722,84.7158555984497
84.25538563728333,86.50361436605453
84.4866275191307,84.90237247943878
99.38386780023575,94.30113220214844
83.76210820674896,88.88589179515839
83.80734634399414,88.17365366220474
83.00058645009995,87.77641355991364
84.69482582807541,86.37917417287827
81.51806753873825,84.61193245649338
83.71130990982056,88.49269008636475
85.46055215597153,85.9654478430748
82.8577932715416,85.55020672082901
83.86603647470474,84.89296352863312
84.0412774682045,87.40372252464294
86.21551948785782,85.5064805150032
83.61276108026505,87.36823892593384
87.67700219154358,86.78599780797958
83.40724140405655,87.11175858974457
84.24848395586014,85.13951605558395
95.16472733020782,86.20527267456055
93.22896599769592,91.95703399181366
85.44019097089767,88.98580902814865
87.87542885541916,87.51357114315033
93.16066318750381,87.54233682155609
82.98390537500381,85.5350946187973
84.97314792871475,86.48885208368301
83.94538962841034,85.81461036205292
83.91663199663162,85.84236800670624
83.05487459897995,85.46412539482117
84.1371174454689,87.47388255596161
91.5333599448204,92.07664006948471
83.96760195493698,86.43939805030823
85.14384472370148,87.33915531635284
87.98508602380753,88.10691398382187
85.23432642221451,84.52567356824875
94.4645681977272,86.25743180513382
94.63980740308762,93.8791925907135
83.74002915620804,89.88997083902359
91.54526644945145,91.51073354482651
84.20149379968643,86.90950620174408
82.15373599529266,85.66026401519775
84.73597973585129,87.19002026319504
84.48622179031372,85.16177821159363
92.01246500015259,86.28353500366211
83.79870814085007,85.38629186153412
84.38095051050186,85.50804948806763
90.53719180822372,88.8878082036972
82.28643441200256,86.34256559610367
82.98067843914032,86.9463215470314
80.85892009735107,86.97507989406586
85.5891625881195,85.83683741092682
100.0794049501419,93.66259503364563
97.60564178228378,102.30135822296143
84.85486280918121,88.60813719034195
90.86309862136841,90.22990137338638
85.03832614421844,88.2016738653183
82.82456785440445,85.75043213367462
84.99980843067169,88.98219156265259
84.82205039262772,85.21394962072372
83.23829245567322,85.11370754241943
77.98653566837311,86.58646434545517
83.51377731561661,87.8932226896286
84.44801950454712,87.08898049592972
92.06826269626617,85.08073729276657
82.6505052447319,85.83149474859238
85.45474576950073,87.30425423383713
83.81498700380325,85.05601298809052
86.49022966623306,86.45477032661438
94.0904678106308,94.22453218698502
84.59868681430817,88.75231319665909
91.47792339324951,90.87407660484314
86.35614335536957,89.97685664892197
88.4933813214302,87.15461868047714
84.4846214056015,88.31237858533859
85.34386152029037,87.19313848018646
83.1121032834053,87.01789671182632
84.06434524059296,85.62065476179123
85.27758634090424,86.57541364431381
85.87782818078995,86.88217180967331
83.62707018852234,85.05892980098724
84.46831023693085,86.51368975639343
86.29154640436172,86.96845358610153
83.61378633975983,86.07121366262436
98.04902642965317,94.06197357177734
108.55726158618927,97.66573840379715
84.9544608592987,90.17553913593292
92.85069584846497,93.05530416965485
89.58191442489624,88.56608557701111
81.42415660619736,86.90984338521957
86.78439885377884,93.23460114002228
85.40364241600037,92.15235757827759
82.63388520479202,87.21811479330063
81.93812900781631,87.1728709936142
80.92837309837341,88.03462690114975
89.2706168293953,94.60138314962387
82.25985997915268,86.96214002370834
85.32310205698013,87.10289794206619
83.18334048986435,89.00165951251984
83.04358422756195,86.12341576814651
82.25582784414291,87.22617214918137
100.45006090402603,104.43893909454346
87.08726674318314,91.5417332649231
90.18850463628769,95.95949536561966
95.89973151683807,92.95126849412918
80.96397060155869,87.83302938938141
83.26821374893188,89.212786257267
82.92445641756058,86.76054358482361
82.71170008182526,86.65929991006851
82.79294317960739,86.799056828022
83.41318613290787,87.84581387042999
91.81042885780334,93.22657114267349
100.540671646595,93.31132835149765
85.40091425180435,90.26608574390411
83.59415298700333,89.29484701156616
83.30639684200287,88.21260315179825
84.4436399936676,86.70436000823975
81.76688402891159,86.75111597776413
88.183125436306,92.16887456178665
87.09936207532883,86.56763792037964
85.88460224866867,90.63339775800705
81.4678425192833,87.97715747356415
84.1240867972374,89.44991320371628
83.68733060359955,87.9606693983078
90.82557439804077,88.63742560148239
83.37081748247147,87.51718252897263
84.65706044435501,89.23193955421448
84.2763039469719,86.96369606256485
83.06254833936691,86.9564516544342
83.57078957557678,88.2062104344368
83.74602961540222,90.7719703912735
82.71727174520493,87.57872825860977
82.76251459121704,87.92248541116714
80.47375720739365,87.48824280500412
85.00099951028824,92.79500049352646
82.2322387099266,87.28676128387451
88.66647863388062,93.53752136230469
83.61970835924149,88.75129163265228
84.3309463262558,89.24305367469788
83.9321893453598,87.10581064224243
82.88543260097504,86.57856738567352
83.15267676115036,86.1073232293129
81.2169200181961,90.63507997989655
85.03916239738464,86.83083760738373
93.25140619277954,86.93359380960464
84.25864851474762,87.64735150337219
83.19388782978058,88.30611217021942
82.77613186836243,86.72386813163757
83.43237507343292,88.64162492752075
82.38561886548996,88.09638112783432
86.41185933351517,95.47714066505432
81.58709704875946,86.65290296077728
90.68833619356155,94.10766381025314
82.28956085443497,89.24743914604187
83.70479935407639,87.86920064687729
83.04704123735428,90.06495875120163
81.96128439903259,86.11171561479568
84.00752830505371,87.45547169446945
81.79377073049545,88.72422927618027
89.4500133395195,92.41998666524887
84.55125802755356,86.52274197340012
87.1515007019043,86.99649930000305
83.67873823642731,88.48826175928116
82.482980966568,87.01601904630661
95.06522458791733,89.24977540969849
88.27746820449829,86.83353179693222
99.06470715999603,102.65829282999039
82.20092386007309,91.187076151371
92.00716251134872,93.28983747959137
82.99638652801514,88.81861346960068
83.65262866020203,89.03237134218216
84.4758672118187,87.43113279342651
84.20611083507538,87.42288917303085
82.2703555226326,86.93264448642731
82.85259932279587,87.92540067434311
88.76784378290176,92.4911562204361
82.79508757591248,87.4829124212265
85.69232648611069,89.88167351484299
83.6265658736229,88.39243412017822
81.93080747127533,88.34619253873825
83.42105060815811,88.65294939279556
83.13329428434372,88.27470570802689
96.73453330993652,99.56246668100357
84.9267508983612,89.94324910640717
112.19498652219772,102.5270134806633
85.09220534563065,90.51979464292526
84.5074452161789,90.65855479240417
84.53468573093414,87.94731426239014
83.59892976284027,86.93907022476196
85.88417184352875,87.70882815122604
86.57841122150421,88.18158876895905
86.41965216398239,87.85734784603119
85.81689476966858,87.23810523748398
83.9551328420639,86.11886715888977
83.315374314785,90.14762568473816
88.58261805772781,86.32538193464279
83.9618592262268,88.09414076805115
82.451102912426,87.01189708709717
100.83033972978592,102.94766026735306
83.5045518875122,88.03244811296463
94.54978692531586,94.87621307373047
80.37300735712051,89.0339926481247
84.08525043725967,88.24774956703186
84.72249323129654,87.57350677251816
92.99073731899261,89.26826268434525
84.22198009490967,86.46401989459991
85.39622014760971,88.75177985429764
87.2384632229805,87.09553676843643
83.06170445680618,86.99529552459717
85.14294618368149,87.63505381345749
86.52218794822693,88.23681205511093
84.86342704296112,86.6545729637146
86.68766784667969,90.6093321442604
86.50990808010101,90.08209192752838
95.24014031887054,100.87085968255997
84.39635717868805,89.49164283275604
92.83059418201447,93.09440582990646
88.63581401109695,93.19718599319458
83.57005095481873,88.30094903707504
80.9482890367508,87.9397109746933
81.03153318166733,87.52446681261063
83.7987774014473,86.16422259807587
81.93602007627487,87.76697993278503
90.42726361751556,92.31373637914658
93.86050724983215,88.15849274396896
84.51774817705154,87.15025180578232
83.98898720741272,87.86301279067993
83.14523029327393,87.74376970529556
84.67147374153137,86.12452626228333
82.68071609735489,89.95028388500214
84.04816716909409,89.28483283519745
83.9464083313942,87.07259166240692
85.10164797306061,90.15635204315186
85.23988753557205,88.50011247396469
84.0451295375824,89.51087045669556
86.27537298202515,86.42762702703476
82.6536106467247,88.36438935995102
80.88485413789749,88.57814586162567
88.04109728336334,91.36590272188187
84.90134137868881,86.08065861463547
85.83558249473572,87.34941750764847
82.86282396316528,88.39717602729797
85.00006699562073,86.61093300580978
94.91630923748016,89.76969075202942
87.31255215406418,86.13144785165787
96.83979141712189,97.21620857715607
87.20001244544983,92.0219875574112
84.07825118303299,87.03274881839752
85.49448996782303,91.28251004219055
83.63172966241837,90.10827034711838
87.19697177410126,87.89602822065353
85.16721433401108,86.83178567886353
83.56445783376694,87.36154216527939
82.98069649934769,89.85330349206924
87.22993785142899,89.73306214809418
82.90418148040771,86.2068185210228
84.24642354249954,87.86557644605637
85.95866400003433,88.98633599281311
86.1149070262909,86.71809297800064
85.40114939212799,86.46985059976578
83.92839324474335,89.14660674333572
81.39963638782501,90.43436360359192
82.90787714719772,90.18512284755707
91.37911820411682,88.58488178253174
91.18335503339767,93.50164496898651
84.13557958602905,88.62342041730881
82.32982069253922,87.81917929649353
83.54106271266937,87.86593729257584
83.19730460643768,86.17269539833069
81.57654839754105,88.29445159435272
83.23279213905334,87.04520785808563
84.53803527355194,87.27796471118927
83.56527692079544,87.13872307538986
82.92451930046082,87.50048071146011
82.74775838851929,87.17824161052704
84.81100153923035,87.39199846982956
84.07924407720566,87.45775592327118
85.36548364162445,88.04251635074615
82.31772297620773,91.14427703619003
86.67796301841736,86.85903698205948
91.55719774961472,92.09080225229263
83.62041991949081,89.4905800819397
83.4246615767479,86.01933842897415
92.85990333557129,90.54709666967392
84.31314611434937,86.78085386753082
80.74638801813126,87.64261198043823
91.6996306180954,95.37536936998367
84.18887466192245,86.81112533807755
83.6601169705391,87.17288303375244
82.66935843229294,87.71964156627655
83.4916021823883,86.17539781332016
85.37084567546844,87.3701543211937
82.34208750724792,87.8799124956131
81.0903303027153,91.44666969776154
100.93256831169128,98.36343169212341
84.95878511667252,87.83721488714218
90.78302156925201,94.38397842645645
82.05024588108063,90.61675411462784
84.09448826313019,88.83051174879074
83.30772906541824,87.30327093601227
84.33397042751312,87.66502958536148
84.6012145280838,87.97278547286987
92.23945796489716,92.79754203557968
92.4336986541748,86.99330133199692
83.01494073867798,87.07705926895142
81.67218065261841,88.77181935310364
84.06942200660706,84.50457799434662
81.79966592788696,85.70033407211304
82.51190900802612,86.09909099340439
81.87215149402618,88.18384850025177
95.38038748502731,97.95261251926422
84.4436047077179,86.81539529561996
90.89784181118011,93.01115816831589
83.88606590032578,91.11293411254883
83.93230789899826,87.86369210481644
83.40355062484741,87.33744937181473
82.96679240465164,87.42220759391785
81.64203470945358,88.11696529388428
85.83627730607986,86.90572267770767
83.84452056884766,86.35947942733765
83.70476031303406,87.81423968076706
98.43500232696533,99.54699766635895
102.2212450504303,96.00075495243073
89.04448711872101,92.34451287984848
85.08872997760773,87.52127003669739
83.28197342157364,90.90202659368515
98.6622074842453,100.48679250478745
86.54042536020279,89.44157463312149
96.10365688800812,99.56334310770035
84.90886920690536,89.33213078975677
87.17710918188095,88.378890812397
85.59134840965271,87.96365159749985
83.02558916807175,86.89941084384918
84.88683265447617,91.4841673374176
88.93207377195358,89.06792622804642
84.53231424093246,86.85568577051163
86.55855369567871,86.51444631814957
85.91979056596756,87.96920943260193
86.03903126716614,87.75696873664856
86.25127285718918,85.08272713422775
84.75851339101791,93.36948662996292
92.82275420427322,89.52824580669403
105.21998596191406,94.76201403141022
95.32119011878967,89.93780988454819
83.40443068742752,85.04056930541992
88.72666758298874,91.82933241128922
85.99490237236023,87.39409762620926
84.20614159107208,84.99685841798782
86.86238187551498,87.30361813306808
82.42662370204926,86.51737630367279
91.91686522960663,91.06513476371765
88.55410611629486,96.01889389753342
87.48834526538849,84.56665474176407
85.47857874631882,88.59542125463486
85.76382005214691,88.3461799621582
86.60606050491333,86.91193950176239
88.20730036497116,87.4596996307373
82.19654035568237,86.41445964574814
110.87177485227585,95.61022514104843
84.19498425722122,87.58301573991776
84.64822232723236,86.96277767419815
90.9894608259201,90.86253917217255
86.2016943693161,88.65130561590195
93.63593357801437,87.27106642723083
82.57017409801483,84.0598258972168
82.98541569709778,89.40358430147171
91.12265753746033,93.0993424654007
89.20589983463287,86.14610016345978
87.23313921689987,86.11886078119278
82.42637813091278,87.3516218662262
85.52761995792389,86.01038002967834
87.60986071825027,88.6681392788887
83.3031017780304,84.39989823102951
86.51534307003021,86.94765692949295
98.50457227230072,92.66142773628235
85.44701486825943,86.6819851398468
102.15924620628357,91.89575380086899
93.59345465898514,88.79454535245895
83.9166933298111,84.99030667543411
87.387934923172,84.16706508398056
85.22917634248734,88.95582365989685
86.57141470909119,85.78058528900146
98.33964562416077,86.10535436868668
85.95888662338257,85.69011336565018
84.46612685918808,86.86687314510345
89.6223675608635,86.00663244724274
91.39060872793198,86.44239127635956
90.93584942817688,86.73015058040619
85.1660897731781,86.57391023635864
85.17532962560654,84.01067036390305
87.18256640434265,89.61343359947205
87.74680161476135,86.36419838666916
91.66203600168228,95.55996400117874
90.30126011371613,85.14373987913132
83.82750177383423,88.74649822711945
83.44674390554428,84.97825610637665
82.8079868555069,86.60001313686371
87.14823019504547,87.49876981973648
84.2124650478363,87.00953495502472
85.12870752811432,85.35329246520996
84.37694865465164,86.82605135440826
84.7371895313263,93.20681047439575
96.597432076931,85.34756791591644
90.12467396259308,86.02332603931427
82.72491586208344,88.45908415317535
86.04915821552277,86.54384177923203
87.7233955860138,88.34960442781448
85.78763151168823,86.17536848783493
93.40686589479446,92.42713409662247
90.39608758687973,86.63991242647171
85.47832751274109,85.74267250299454
85.61757016181946,84.5504298210144
85.23681092262268,88.0411890745163
90.07805120944977,90.21794879436493
83.43829214572906,87.4317078590393
84.29853397607803,85.34946602582932
86.86277496814728,87.45322501659393
84.92601543664932,85.42598456144333
92.04625713825226,87.26874285936356
86.29549866914749,83.22450131177902
86.24773889780045,84.86326110363007
85.66298013925552,81.94801986217499
108.06021600961685,90.62478399276733
86.03143274784088,83.4505672454834
92.37266707420349,89.99733293056488
90.64088815450668,87.89611184597015
85.92712807655334,82.73987191915512
84.97236877679825,81.78763121366501
83.77761024236679,85.00038975477219
88.87685179710388,86.64114820957184
87.09009170532227,83.98390829563141
85.06032425165176,83.51267576217651
85.34656471014023,87.43043529987335
86.54080617427826,88.219193816185
82.90104752779007,82.15495246648788
83.96428871154785,84.29471129179001
84.60252892971039,84.26847106218338
83.99976921081543,81.94423079490662
98.63800501823425,87.80699497461319
83.34922325611115,84.35477674007416
88.3214573264122,89.04954266548157
92.68068188428879,84.83731812238693
93.70791900157928,82.79208099842072
85.69815903902054,81.4508409500122
83.27939993143082,84.31260007619858
91.45564144849777,88.87835854291916
87.81488168239594,85.0181183218956
86.4351214170456,82.84387856721878
84.92436230182648,83.37163770198822
90.83960336446762,82.90039664506912
90.62684386968613,82.15115612745285
87.30208534002304,83.32791465520859
84.66132539510727,86.48667460680008
83.7065663933754,81.86743360757828
95.99280196428299,90.21119803190231
85.27902162075043,83.96197837591171
85.65826165676117,84.34273833036423
94.48050129413605,88.90849870443344
85.13773798942566,82.14026200771332
86.71997863054276,82.55802136659622
83.43121993541718,84.82778006792068
86.03246176242828,83.17153823375702
95.31870150566101,84.36629849672318
85.78993481397629,84.02506518363953
87.59417593479156,83.79482406377792
85.17741632461548,83.17558366060257
87.5736580491066,83.25934195518494
85.71189850568771,82.21410149335861
84.16513741016388,88.63186258077621
83.72837883234024,81.5116211771965
98.92161399126053,91.74438601732254
86.78282904624939,83.90317094326019
85.14206963777542,85.74693036079407
90.11430728435516,87.94169270992279
84.64054560661316,83.15545439720154
85.14878672361374,85.20321327447891
83.88002729415894,84.47197270393372
91.14726787805557,89.07573211193085
86.37750869989395,83.4744912981987
84.03374636173248,82.05925363302231
83.83798694610596,84.29101306200027
82.8662281036377,81.50477188825607
92.33646994829178,82.49653005599976
92.3087112903595,82.58028870820999
84.39095282554626,84.05404716730118
83.76919412612915,81.5828058719635
100.83343124389648,88.74156874418259
86.26764684915543,82.75135314464569
85.7758868932724,83.55811309814453
96.22912174463272,91.697878241539
85.99634629487991,83.78265368938446
85.54158681631088,81.97741317749023
84.9938274025917,87.13617259263992
91.33506751060486,87.64593249559402
86.62230783700943,86.60069215297699
85.48153728246689,82.96246272325516
85.619777739048,86.4922222495079
83.3500172495842,88.9459827542305
85.2842584848404,82.14074152708054
85.08850008249283,85.09649991989136
88.89373952150345,84.03226047754288
84.75397980213165,83.96802020072937
107.17021417617798,87.71878582239151
88.17743080854416,84.63656920194626
85.96466916799545,85.33233082294464
98.12090355157852,88.04609644412994
86.09112721681595,85.00087279081345
86.6003674864769,81.97363251447678
86.51660805940628,84.57639193534851
87.57984948158264,82.97515052556992
85.5880896449089,82.78291034698486
86.46632981300354,82.44067019224167
84.67856931686401,84.69143068790436
91.39081102609634,83.59018898010254
91.76905155181885,83.41594845056534
90.2402932047844,83.22170680761337
85.19353383779526,84.32446616888046
86.79477536678314,82.79822462797165
84.89601618051529,82.04898381233215
89.51425606012344,86.28174394369125
85.0784941315651,89.08850586414337
96.79072946310043,89.02427053451538
95.48395210504532,83.46104788780212
85.30719137191772,83.72980862855911
87.40843230485916,84.96156769990921
91.93467366695404,84.08332633972168
84.31291568279266,86.70508432388306
82.71115458011627,82.84484541416168
84.57139658927917,84.37360340356827
83.87563812732697,84.7913618683815
85.56887918710709,82.33812081813812
85.11412131786346,82.20087867975235
84.10336309671402,84.0066369175911
83.74260485172272,82.49839514493942
88.73284751176834,83.56415247917175
85.4440867304802,84.11191326379776
83.97132480144501,84.32567518949509
95.84856075048447,90.35343927145004
85.04278391599655,84.67921608686447
84.16302591562271,84.1519740819931
85.2442689538002,84.51473104953766
96.8455097079277,88.24649029970169
93.70575022697449,85.59024977684021
84.32499182224274,84.48900818824768
83.649234354496,84.22276562452316
83.80547672510147,82.95452326536179
85.25771844387054,83.42728155851364
86.69195908308029,83.82704091072083
83.64520007371902,83.15179991722107
82.87444347143173,82.42055654525757
84.0876869559288,83.07931303977966
98.99311059713364,89.97088938951492
107.40832555294037,90.2586744427681
85.75053840875626,83.91646158695221
85.90677666664124,83.01922333240509
90.41401600837708,87.82598400115967
101.42325699329376,91.13274300098419
90.71768927574158,83.65331071615219
84.46693116426468,83.99706882238388
89.45717281103134,86.91482716798782
92.90941339731216,84.23858660459518
93.93565285205841,87.63734716176987
84.4448915719986,83.77810841798782
83.87813234329224,83.26986765861511
85.94137465953827,83.2236253619194
101.8386041522026,93.51239585876465
91.81080931425095,85.8381906747818
92.91104346513748,85.97695654630661
89.883271753788,83.7097282409668
84.1325044631958,82.3684955239296
84.84374016523361,85.80425983667374
92.51798129081726,82.75801867246628
87.17522078752518,83.71277922391891
84.55345702171326,83.07554298639297
90.35869789123535,84.1973021030426
90.05194026231766,83.42905974388123
90.63518023490906,83.2168197631836
91.82842016220093,84.87557983398438
84.20665955543518,88.60834044218063
83.91890078783035,81.60009920597076
95.9641420841217,83.10985791683197
101.97236996889114,87.49063003063202
85.22157859802246,84.445421397686
83.58181738853455,83.04718261957169
85.94205248355865,81.59494751691818
85.28328162431717,83.179718375206
87.71751993894577,85.78248006105423
88.76375764608383,83.58924233913422
88.06799626350403,86.09900373220444
85.37223201990128,83.94176799058914
86.76947164535522,84.13752835988998
85.40671229362488,82.31528770923615
85.98895305395126,82.5650469660759
86.96119338274002,82.87180662155151
84.39543437957764,84.32656562328339
83.40367466211319,82.28232532739639
84.93091785907745,83.38408213853836
101.17915117740631,90.48784881830215
85.9283629655838,85.20163702964783
88.17760157585144,84.37839841842651
102.53783643245697,86.6291635632515
85.00906276702881,83.99093723297119
85.60930293798447,91.18669706583023
95.96954226493835,88.95545774698257
87.10778158903122,83.59521842002869
84.87501853704453,84.30898147821426
85.40225446224213,85.2277455329895
84.54049569368362,81.94150429964066
82.90073668956757,84.00626331567764
87.03897821903229,84.03602176904678
83.36121791601181,84.26778209209442
82.46245992183685,83.75954008102417
82.80370146036148,83.6772985458374
101.38693481683731,89.18706518411636
86.52414387464523,85.38285613059998
87.45837956666946,84.2076204419136
94.28160858154297,85.94039142131805
89.88282668590546,84.43217331171036
86.48306357860565,84.92393642663956
92.51030218601227,87.8596978187561
96.22254067659378,85.88845932483673
84.60177773237228,82.95522224903107
84.10901725292206,86.59398275613785
83.00725889205933,82.95674109458923
84.64450079202652,83.85549920797348
87.59774297475815,83.16225701570511
83.6619822382927,84.85701775550842
83.65122258663177,83.90377742052078
86.17846441268921,83.09953558444977
92.96369683742523,87.01730316877365
86.60192012786865,87.250079870224
89.77615755796432,83.70384246110916
94.93338906764984,86.08561092615128
84.71960878372192,84.44739121198654
83.63485169410706,84.55014830827713
84.45909529924393,83.06090468168259
87.59633803367615,83.86666196584702
84.51157611608505,82.06242388486862
84.05681961774826,83.96118038892746
86.4180645942688,81.97193539142609
93.66630971431732,83.79669028520584
90.23055422306061,84.52944576740265
80.18379580974579,88.53920418024063
83.15404158830643,82.91895842552185
83.81128776073456,82.07871222496033
82.22653102874756,83.12546896934509
86.3647728562355,85.56122714281082
87.35400950908661,83.90499049425125
98.34424132108688,87.95175868272781
87.09245276451111,83.33254724740982
85.489690721035,84.36130928993225
84.03593111038208,83.1500688791275
93.71016651391983,87.2148334980011
86.64540213346481,84.83659785985947
85.76464134454727,87.1063586473465
82.12388229370117,84.87611770629883
83.02212357521057,83.99687641859055
89.16036504507065,86.46963495016098
84.48260414600372,83.7393958568573
83.62084519863129,83.67515480518341
95.33308774232864,83.05591225624084
83.78532820940018,82.90067183971405
90.34956520795822,85.46543478965759
89.48779547214508,84.80820453166962
97.77302658557892,53.48597341775894
87.17124354839325,83.2737564444542
84.86448109149933,85.48751890659332
84.92772006988525,82.70127993822098
86.32495784759521,84.08304214477539
84.51819550991058,83.74080449342728
83.48943585157394,84.82556414604187
85.20167589187622,83.48332411050797
84.48791635036469,86.62408369779587
85.97815805673599,83.85584193468094
84.96739822626114,84.64360177516937
84.17963975667953,82.28336024284363
84.57688117027283,83.03511881828308
84.62212175130844,82.45187824964523
96.20435708761215,89.29564291238785
90.23057287931442,84.30542713403702
96.75780749320984,84.1861925125122
89.08103728294373,83.17796272039413
86.42327159643173,86.1147283911705
83.9875123500824,83.08748763799667
92.81075125932693,88.98624873161316
86.09598743915558,83.73701256513596
84.90122801065445,85.1547719836235
84.98346918821335,82.8685308098793
86.41771048307419,83.30528950691223
89.62895101308823,86.61104899644852
84.95219039916992,88.2698096036911
86.21943056583405,82.18756943941116
86.2846707701683,84.21632921695709
84.45891106128693,82.50408893823624
99.0781455039978,91.81085449457169
90.56835454702377,84.04264545440674
84.11359339952469,82.84940659999847
89.38083046674728,84.15616953372955
84.14806270599365,85.75893729925156
85.69330036640167,82.75069963932037
100.10953426361084,87.5394657254219
90.39576405286789,83.41923594474792
85.0700010061264,86.18899899721146
91.57924127578735,84.01375871896744
91.32848006486893,83.54251992702484
87.13272005319595,84.70127993822098
83.6219607591629,84.84103924036026
84.63120192289352,83.4987980723381
86.49144285917282,82.58255714178085
84.10968321561813,82.7233167886734
104.65491515398026,89.86308485269547
97.20112210512161,85.24287790060043
83.57936018705368,84.16063982248306
94.71759361028671,87.04140639305115
86.55981713533401,87.01418286561966
84.4380539059639,83.11794608831406
88.63129061460495,85.99870938062668
85.32552462816238,82.41647535562515
87.61076420545578,85.98123580217361
84.84100526571274,82.32499474287033
96.23824614286423,81.92775386571884
92.69148606061935,87.03151392936707
85.38472652435303,84.61527347564697
84.3379665017128,81.84703350067139
82.49420773983002,81.98679226636887
88.41044783592224,88.2385521531105
100.89435654878616,93.14164346456528
90.51450026035309,85.30049973726273
82.4486757516861,84.62532424926758
93.41984581947327,87.67315417528152
85.78000098466873,86.70199900865555
85.21317535638809,83.69382464885712
86.49934959411621,85.62965041399002
82.76752138137817,85.0104786157608
83.77569687366486,85.24230313301086
86.13587498664856,84.01212501525879
83.94105243682861,83.91194754838943
84.18922883272171,86.99677115678787
83.27240335941315,86.65359663963318
82.05758035182953,83.73841965198517
91.3807578086853,85.37824219465256
81.66693031787872,83.48106968402863
97.13798958063126,91.95501041412354
89.12713491916656,86.77986508607864
82.11730909347534,85.14169090986252
94.4954782128334,88.65152180194855
86.09663408994675,88.82836592197418
85.79080778360367,83.43219220638275
94.48398369550705,87.29401630163193
85.17715525627136,84.06384474039078
83.88833022117615,86.48166978359222
87.30550760030746,87.64049237966537
89.71967625617981,86.50232374668121
85.54385185241699,84.01214814186096
83.45902889966965,87.50397109985352
82.467205286026,83.06979471445084
82.01238340139389,83.46861660480499
82.33556109666824,82.99743890762329
87.23273521661758,88.34126478433609
95.01890152692795,86.31409847736359
92.84107196331024,83.47292804718018
94.59124153852463,87.31675845384598
87.48839622735977,87.66060376167297
87.34756964445114,82.70743036270142
84.24474400281906,85.55125600099564
84.12391716241837,83.78308284282684
84.96509391069412,88.03490608930588
89.34326577186584,88.17373424768448
90.88944309949875,86.1665568947792
92.119619846344,84.28838014602661
85.0717967748642,86.66820323467255
83.0249742269516,83.19702577590942
83.92215025424957,84.02284973859787
83.26332515478134,83.80967485904694
82.64250361919403,86.61749637126923
93.46467781066895,87.14632219076157
88.04784804582596,83.54415196180344
94.22301530838013,89.44298470020294
88.10116767883301,86.76883232593536
84.97933930158615,84.83466070890427
93.13651305437088,87.58548694849014
83.82968443632126,85.31831556558609
82.91185176372528,89.99514824151993
83.64302730560303,84.09897267818451
84.63320398330688,83.81179600954056
84.91838085651398,84.6556191444397
84.85255807638168,85.31344193220139
83.7317356467247,83.23126435279846
81.70291364192963,85.83408635854721
82.41409093141556,84.80790907144547
83.60726898908615,85.29973101615906
98.68944084644318,86.69855916500092
86.92060112953186,83.41339886188507
85.40977346897125,84.05222654342651
87.362946331501,88.02605366706848
86.96411734819412,86.22088265419006
85.43529105186462,84.694708943367
83.46246284246445,83.76053714752197
83.61763900518417,86.1593610048294
81.9778163433075,84.28118366003036
86.26499426364899,84.10600572824478
84.47717195749283,83.91282802820206
83.41034960746765,86.20065039396286
84.95552748441696,83.74747252464294
81.20470595359802,84.12929403781891
83.76888346672058,83.08411651849747
84.05406165122986,84.64993834495544
105.52523136138916,92.86276865005493
85.03338062763214,86.96661937236786
82.98655545711517,83.92044454813004
89.25472909212112,89.63527089357376
85.57689702510834,84.36710298061371
86.21506947278976,87.89593052864075
82.98223304748535,84.42476695775986
84.28640973567963,86.78659027814865
85.36958491802216,84.70541507005692
84.35876071453094,86.30723929405212
85.4599369764328,87.07706302404404
82.89411187171936,85.45788812637329
82.95828855037689,84.4307114481926
86.42846655845642,84.03353345394135
89.40064406394958,83.45135593414307
83.35282218456268,87.55417782068253
106.13899099826813,95.26900899410248
88.75814127922058,88.2238587141037
84.04431426525116,83.73268574476242
94.08948469161987,90.26251530647278
86.30164110660553,84.55035889148712
86.27281349897385,85.35618650913239
82.18798613548279,82.496013879776
85.71516132354736,87.15483868122101
81.5943353176117,84.22066468000412
91.74950939416885,85.24949061870575
83.79568088054657,83.92731910943985
83.52585810422897,86.99214190244675
83.71903425455093,83.03896576166153
88.20921140909195,83.58678859472275
84.1063888669014,82.63461112976074
83.46656757593155,86.1824324131012
106.45673847198486,95.32126152515411
85.6678860783577,85.23911392688751
83.63905996084213,84.26794004440308
94.759226500988,89.53677350282669
84.69338250160217,83.41861748695374
87.31255465745926,86.20644533634186
84.5247254371643,83.66027456521988
78.71789968013763,84.07810032367706
82.74407613277435,85.64392387866974
83.43725258111954,83.87674742937088
84.35342848300934,83.44257152080536
83.38060456514359,85.56439542770386
83.59278064966202,83.6302193403244
83.21195596456528,84.0660440325737
83.49712997674942,86.03887003660202
88.1353075504303,87.38369244337082
104.82947814464569,92.39352184534073
86.28162413835526,83.29237586259842
83.64179837703705,83.78420162200928
95.59396773576736,92.33103227615356
84.67711997032166,84.97188001871109
84.79629182815552,84.814708173275
84.39746522903442,85.75053477287292
83.6646420955658,85.35435789823532
85.09881913661957,83.60518085956573
85.05199640989304,84.02300357818604
83.76317399740219,82.84782600402832
83.03135067224503,87.80164933204651
82.59452903270721,83.27647095918655
82.19470655918121,85.93429344892502
82.27788388729095,85.00011610984802
81.48906147480011,85.54693853855133
106.79422825574875,93.72377175092697
84.72837269306183,85.14162731170654
82.90354377031326,84.2634562253952
95.65171325206757,92.82828676700592
86.2708665728569,83.56213343143463
85.05703800916672,88.68396198749542
85.08421015739441,83.39678984880447
85.44438672065735,86.48161327838898
83.8965647816658,83.0104352235794
85.2757413983345,84.81625860929489
83.56191682815552,83.58708316087723
83.94109350442886,89.20790648460388
84.11527043581009,83.75472956895828
80.77144771814346,85.52455228567123
82.37262588739395,84.25737410783768
82.88080447912216,85.69319552183151
91.51897430419922,91.33302569389343
89.7491437792778,84.4548562169075
83.49831414222717,84.26068586111069
93.85848355293274,90.03051644563675
87.42163819074631,85.68836182355881
86.98580777645111,85.03319221735
83.6239767074585,83.6730232834816
84.9281530380249,86.274846971035
83.32632970809937,84.97067028284073
90.01850700378418,85.85149300098419
85.91668349504471,86.8993164896965
84.22085928916931,86.70514070987701
83.35903751850128,85.34496247768402
82.47821432352066,84.24378567934036
83.96739155054092,83.94060844182968
83.8275699019432,87.00643008947372
92.85474640130997,84.66425359249115
88.78791552782059,84.3970844745636
89.29708296060562,83.46191704273224
85.06425726413727,86.36174273490906
88.57242971658707,85.24257028102875
87.24759584665298,87.38240414857864
83.94176781177521,84.04123216867447
86.26394331455231,92.3470566868782
84.88411730527878,83.44988268613815
86.2062925696373,84.14470744132996
86.21446758508682,83.91453242301941
85.25964146852493,85.48035854101181
86.67581856250763,88.97318142652512
82.81299543380737,83.22400456666946
82.8221692442894,84.01183074712753
80.99634635448456,86.16965365409851
90.19051784276962,85.439482152462
94.01368927955627,88.19031071662903
86.16985028982162,83.68214970827103
85.45502454042435,87.17397546768188
90.79719626903534,87.99880373477936
83.62036049365997,86.88063949346542
84.49953156709671,82.57546842098236
88.56270802021027,85.32629197835922
86.4598838686943,89.26211613416672
83.93105888366699,87.80894112586975
84.34623342752457,84.57876658439636
84.46640872955322,85.27459126710892
83.8625853061676,83.693414747715
85.61276096105576,84.66623902320862
82.17593616247177,83.34206384420395
84.33311349153519,90.40888649225235
89.80329042673111,86.19670957326889
101.82945895195007,88.98454105854034
85.57960540056229,83.16139459609985
83.25377887487411,86.94922113418579
95.72494673728943,90.75605326890945
89.12309551239014,88.4149044752121
84.44526344537735,84.66573655605316
84.36143857240677,88.43456143140793
84.38761395215988,84.24238604307175
82.35979062318802,84.30820935964584
85.10796701908112,83.9100329875946
84.50514096021652,85.7168590426445
83.958316385746,83.89368361234665
87.83649379014969,83.03350621461868
83.71566528081894,83.45133471488953
83.7788422703743,86.94315773248672
90.36101824045181,85.21198177337646
99.20318752527237,89.59381246566772
88.58133560419083,84.08466440439224
85.18150585889816,88.18849414587021
95.4126747250557,88.23532527685165
87.17982649803162,85.81917351484299
82.22499614953995,84.66400384902954
82.8631722331047,89.69182777404785
84.09434574842453,83.46065425872803
93.00952219963074,83.67547780275345
82.60969859361649,84.88930141925812
83.85887455940247,85.84412544965744
82.92305099964142,84.31794899702072
84.04222822189331,83.47577178478241
83.84740388393402,83.22659611701965
83.83658009767532,85.31141990423203
89.90075618028641,84.65524381399155
97.3169258236885,89.62807416915894
86.32407408952713,83.84192591905594
87.35124641656876,85.92575359344482
94.93341439962387,87.69558560848236
87.27556496858597,87.90943503379822
83.72773402929306,85.71626597642899
84.43990898132324,85.72709101438522
83.46708434820175,84.01491564512253
85.08626061677933,85.91373938322067
85.37142962217331,83.90557038784027
84.08360362052917,85.10139638185501
84.01777958869934,82.96422040462494
83.84195530414581,82.82604467868805
83.96113097667694,85.11286902427673
84.96830862760544,85.51269137859344
88.34748446941376,85.07851552963257
99.96665525436401,87.77334475517273
85.34480059146881,84.72819942235947
85.00097322463989,85.36802679300308
97.58414196968079,91.34185802936554
87.16629523038864,85.40770477056503
85.02646380662918,83.93653619289398
83.73863798379898,87.15036201477051
84.1178143620491,83.32718563079834
86.55098909139633,83.2820109128952
82.37516272068024,83.5708372592926
85.71633797883987,87.3586620092392
84.53951448202133,82.83148550987244
85.08469039201736,84.67530959844589
84.2038666009903,84.25913339853287
83.54504454135895,87.58395546674728
88.60922080278397,86.16877919435501
97.89438962936401,87.78961038589478
84.29153990745544,84.93046009540558
82.39271134138107,85.60628867149353
91.03087931871414,86.09812068939209
92.22403657436371,90.4799634218216
81.49120384454727,84.72979617118835
83.31537967920303,85.83362030982971
82.97155570983887,83.1034442782402
82.75773215293884,83.22426784038544
83.20990961790085,86.69709038734436
84.18108451366425,85.4669154882431
84.57826101779938,84.27373898029327
85.34543561935425,85.83956438302994
83.63160938024521,83.64639061689377
84.26978659629822,86.76821339130402
90.51896268129349,84.61003732681274
84.93413937091827,83.71386063098907
86.20131129026413,85.53868871927261
85.35847687721252,85.93752312660217
85.08865225315094,83.83734774589539
90.1708248257637,85.18117517232895
92.47499120235443,84.61700880527496
85.09516149759293,85.77583849430084
84.7143365740776,84.67466342449188
91.14751332998276,83.48148667812347
83.76768863201141,85.546311378479
82.99886500835419,87.26013499498367
84.37704163789749,83.47495836019516
85.36621820926666,83.02278178930283
85.30039316415787,83.88460683822632
84.9195699095726,85.41343009471893
89.4837452173233,86.20125478506088
84.39992046356201,87.19307953119278
87.18608993291855,84.4619100689888
85.56425929069519,85.56574070453644
86.94243520498276,82.66856479644775
92.43260526657104,89.64139473438263
84.01476114988327,83.5592388510704
87.54193705320358,85.42106294631958
84.49411165714264,84.67188835144043
85.28028774261475,85.0717122554779
82.62146371603012,85.87753629684448
83.16763985157013,85.64736014604568
83.93481707572937,84.12118291854858
87.18299323320389,85.7050067782402
83.04416733980179,83.43783265352249
84.20034509897232,86.20665490627289
89.8385221362114,85.93947786092758
84.49469834566116,83.20930165052414
95.63186794519424,93.38613206148148
85.32602381706238,85.84097617864609
85.50019979476929,84.29480022192001
95.32436817884445,88.0276318192482
84.85052168369293,83.4824783205986
82.3216964006424,87.10330361127853
85.45987230539322,83.02212768793106
84.89304852485657,83.62395149469376
85.03222405910492,85.15377593040466
83.42939937114716,85.033600628376
84.17757630348206,83.13642370700836
84.50075286626816,82.72124713659286
84.49092763662338,84.2510724067688
86.03610509634018,88.68589490652084
89.69228208065033,84.90071791410446
82.92245924472809,85.05954074859619
96.06062632799149,89.17937368154526
87.2717757821083,85.96822422742844
87.66994798183441,85.09005200862885
95.14111787080765,90.96988213062286
84.90827184915543,88.44372814893723
83.43544715642929,88.08255285024643
84.33262306451797,82.77837693691254
88.65579634904861,83.71520364284515
82.49696916341782,83.92903083562851
83.4681447148323,85.21685528755188
85.03232145309448,84.30067855119705
84.98449885845184,82.84850114583969
86.78967440128326,86.98832559585571
85.72385030984879,85.9621496796608
88.39902234077454,85.76797765493393
83.31419950723648,83.57480049133301
98.60036903619766,91.23363095521927
88.21951067447662,87.78048932552338
86.41268450021744,85.58731549978256
95.38385409116745,87.13514590263367
85.20700305700302,85.99699693918228
84.82617723941803,86.15482276678085
85.37235176563263,84.6656482219696
90.13952732086182,83.2874726653099
84.01770359277725,83.6302964091301
83.1368800997734,85.9741199016571
84.03505730628967,82.96594268083572
83.43123322725296,85.10576677322388
85.69840675592422,83.59759324789047
87.33658123016357,86.94041877985
89.14175641536713,87.4882435798645
84.42793393135071,84.64606606960297
99.47210210561752,88.37989789247513
82.03625100851059,85.37074899673462
85.41542541980743,82.49257457256317
95.21959507465363,89.83640491962433
84.56074696779251,83.99425303936005
85.27291983366013,85.80108016729355
82.61409515142441,85.97790485620499
84.45626872777939,83.19173127412796
83.00144386291504,82.8315561413765
84.01061898469925,85.36138099431992
84.37079566717148,84.98220431804657
83.21197187900543,82.73302811384201
84.97814559936523,83.22485440969467
85.32032185792923,84.43867814540863
92.4034972190857,85.52250277996063
85.02166783809662,83.38533216714859
96.8638356924057,87.52516430616379
86.24298524856567,87.66501474380493
89.75015676021576,83.04484325647354
93.42532622814178,88.37167382240295
85.1934843659401,83.97351562976837
84.68265450000763,86.61434549093246
102.43182647228241,89.16117352247238
85.94000309705734,86.76299691200256
87.39217698574066,84.6628230214119
85.75235366821289,88.52464634180069
83.44552916288376,82.8134708404541
83.13970595598221,85.52729403972626
77.4438813328743,81.79711866378784
80.10005867481232,83.30694133043289
90.25723421573639,86.03876578807831
83.35841190814972,83.6605880856514
92.88458329439163,88.63341671228409
87.3367400765419,89.01425993442535
83.54891115427017,83.6180888414383
87.46508407592773,87.94291591644287
86.36225247383118,86.10174751281738
82.6294214129448,85.96357858181
96.78559571504593,90.32440429925919
85.92377138137817,83.81722861528397
87.7279481291771,90.97505187988281
83.97812324762344,87.57887673377991
83.7632994055748,86.4407005906105
83.69747549295425,86.02452450990677
83.72464746236801,87.14535254240036
85.7878235578537,89.19317644834518
90.36999785900116,86.81500214338303
83.21217441558838,85.54782557487488
83.66435098648071,87.02064901590347
87.06152200698853,88.41947799921036
85.03269284963608,86.09730714559555
85.3738664984703,87.95913350582123
91.5500339269638,88.1539660692215
85.81719368696213,86.88680630922318
90.17736583948135,93.63763415813446
87.37053924798965,86.7774607539177
86.74971264600754,91.93528735637665
83.57288861274719,87.63111138343811
83.59906631708145,86.01193368434906
88.7922425866127,85.09675741195679
83.87541192770004,86.71758806705475
84.67958861589432,87.52441138029099
90.0947636961937,86.59023630619049
84.73294121026993,85.91505879163742
82.55511766672134,86.12888234853745
91.8412880897522,89.82371193170547
89.59045267105103,86.57554733753204
85.71062403917313,86.82737594842911
94.6627893447876,90.55921065807343
86.54194337129593,89.3840566277504
90.10611468553543,93.57988530397415
84.42829060554504,87.3117094039917
87.65846687555313,92.89653313159943
90.11164283752441,88.44335716962814
83.89781439304352,86.52818560600281
85.70199006795883,85.35300993919373
84.04316532611847,86.1228346824646
83.97734159231186,87.41065841913223
90.67051726579666,87.23648273944855
83.73469281196594,86.5973072052002
82.29886919260025,85.47913080453873
98.71403926610947,94.08196073770523
86.13018959760666,86.64781039953232
88.5093622803688,86.93563771247864
94.0725262761116,91.77947372198105
86.4516789317131,87.80832105875015
98.60785120725632,102.59614878892899
87.65302085876465,89.27297914028168
83.43919575214386,86.00580424070358
85.94737178087234,88.84862822294235
84.08554726839066,85.266452729702
83.00072342157364,85.88827657699585
83.61990022659302,86.75109976530075
85.18407499790192,87.26092499494553
90.93224823474884,87.47375178337097
86.51541984081268,87.52158015966415
81.98659187555313,85.19840812683105
100.82876014709473,94.98723983764648
87.20590674877167,86.81209325790405
87.45607674121857,87.24792325496674
96.68524241447449,90.73975759744644
88.84239614009857,91.08360385894775
96.4805628657341,93.29743713140488
90.28473824262619,87.08526176214218
87.86691439151764,86.42908561229706
82.57909119129181,87.40190881490707
84.45726710557938,86.74573290348053
84.03944301605225,86.32955700159073
84.45562016963959,87.48937982320786
84.63079702854156,87.62920296192169
89.19397193193436,86.5650280714035
85.70214837789536,88.96385163068771
84.21132349967957,86.47467648983002
98.25649112462997,98.18850886821747
87.30064254999161,88.53135746717453
86.42081326246262,88.70818674564362
94.79897880554199,88.23802119493484
88.47413355112076,88.43286645412445
96.2423043847084,95.2576956152916
85.1204805970192,86.23151940107346
90.666657269001,88.3533427119255
81.93283206224442,88.62216794490814
84.3300090432167,86.03999096155167
83.59818536043167,88.36481463909149
83.6243611574173,86.19063884019852
83.59553855657578,87.58946144580841
87.1597146987915,85.10028529167175
83.76089185476303,85.20310813188553
84.01006823778152,84.9159317612648
100.29623758792877,96.94476240873337
86.61938661336899,86.95461338758469
86.64455723762512,86.92844277620316
89.89472168684006,89.8652783036232
86.80988550186157,88.70911449193954
99.68805462121964,93.1449453830719
85.93822979927063,86.1927701830864
85.40940290689468,86.44359707832336
85.1755787730217,88.15642124414444
84.22175467014313,84.8162453174591
83.91493105888367,86.60306894779205
84.62710618972778,87.50189381837845
84.17228311300278,88.93871688842773
89.58745789527893,86.18954211473465
83.54063403606415,85.58836597204208
84.67781060934067,87.65518939495087
100.88997912406921,95.55402088165283
85.49212604761124,88.10187393426895
85.77729761600494,91.55570238828659
83.97047019004822,85.91852980852127
89.96064072847366,89.9103592634201
94.59880989789963,92.86419010162354
88.34698230028152,88.13401770591736
85.33715707063675,85.95884293317795
83.58633327484131,86.54366672039032
84.35351091623306,85.77648907899857
84.75068765878677,86.71231234073639
84.7968624830246,85.81513750553131
83.97103887796402,88.58396112918854
88.64621567726135,85.81678432226181
84.82039338350296,85.75360661745071
86.27356922626495,86.50443077087402
92.09673929214478,92.34826070070267
95.27090322971344,86.87709677219391
87.92706739902496,88.42393261194229
81.9362388253212,86.19376116991043
91.1114091873169,90.70359081029892
96.58156877756119,97.12143123149872
83.21974438428879,86.68725562095642
85.98792016506195,86.25307983160019
82.49609565734863,88.44790434837341
83.78227281570435,87.34772717952728
83.1794496178627,85.65355038642883
84.37262505292892,85.22037494182587
82.36180192232132,86.98919808864594
89.68497920036316,85.64802080392838
88.36015665531158,87.47384333610535
91.14532768726349,85.92767232656479
89.80250203609467,88.8644979596138
88.2736691236496,91.48633086681366
86.6338375210762,87.66316246986389
82.58600950241089,88.26499050855637
99.3911783695221,91.9978216290474
97.34332925081253,95.19267076253891
85.57450330257416,88.31449669599533
90.4716796875,85.91832029819489
87.73885589838028,88.40914410352707
84.48803335428238,86.03096663951874
83.27420991659164,87.09579008817673
85.04138606786728,85.08761394023895
83.16156363487244,87.15443634986877
88.2987397313118,86.53426027297974
84.23291766643524,93.9160823225975
84.25909292697906,88.03690707683563
84.50926953554153,86.84273046255112
91.92344015836716,89.59355986118317
87.32160097360611,88.0863990187645
85.08877122402191,86.67022877931595
91.22693932056427,90.82906067371368
97.2160964012146,92.46890360116959
86.79926824569702,86.70173174142838
87.86244189739227,88.80455809831619
84.31461679935455,90.12938320636749
86.23079299926758,86.3432070016861
84.3129693865776,86.53803062438965
84.95114541053772,85.51185458898544
82.47732228040695,87.42867773771286
95.24549853801727,87.16150146722794
92.10567635297775,91.28332364559174
84.09585279226303,85.60814720392227
88.7700292468071,91.65597075223923
102.09319841861725,94.20280158519745
86.56434226036072,89.28765773773193
82.31351321935654,85.4274867773056
92.48868244886398,91.75231754779816
94.95883679389954,94.7811632156372
86.63500475883484,87.64299523830414
87.3831759095192,93.44982409477234
84.18834680318832,88.14565318822861
84.89952164888382,85.52547836303711
85.4086964726448,86.25830352306366
84.67487215995789,87.89812785387039
81.90604734420776,89.14995265007019
86.87722378969193,85.38177621364594
84.58940011262894,86.59559988975525
83.78357523679733,87.73642474412918
85.86575108766556,90.098248898983
101.07691937685013,94.83008062839508
86.15906542539597,92.69293457269669
85.68623727560043,88.83176273107529
95.08340513706207,92.67659485340118
95.31355500221252,96.38944500684738
87.5627276301384,89.1412723660469
86.88589704036713,86.46610295772552
84.69007182121277,88.53292816877365
84.77324670553207,86.68975329399109
85.11342149972916,86.58957850933075
86.76958906650543,86.63741093873978
82.96376466751099,89.14723533391953
87.97193998098373,87.99106001853943
84.85111576318741,87.48188424110413
83.73029106855392,86.17770892381668
84.904465675354,88.52153432369232
102.0056301355362,95.68036985397339
87.54976969957352,90.09823030233383
84.46693950891495,89.1820604801178
91.10410934686661,94.32189065217972
99.0382673740387,99.29573261737823
86.37943816184998,89.15756183862686
90.5736135840416,86.63038641214371
84.95178890228271,88.32621109485626
86.08896386623383,85.9290361404419
84.7831397652626,87.08686023950577
83.81031465530396,85.96768534183502
85.33649092912674,87.57050907611847
87.21466612815857,85.58133387565613
85.1488407254219,86.68415927886963
83.97201526165009,85.89798474311829
83.22118937969208,87.63081061840057
104.41435647010803,94.27064353227615
88.46049392223358,92.24350607395172
85.22766107320786,86.45733892917633
82.7168357372284,87.94916427135468
97.50400745868683,93.73799252510071
88.03017371892929,86.45182627439499
90.74234193563461,96.16565805673599
88.12151724100113,85.76848274469376
84.66669267416,87.40830731391907
84.87786692380905,86.15913307666779
101.59003382921219,101.22496616840363
82.96917772293091,88.642822265625
87.1433539390564,84.37464606761932
84.55953049659729,89.88546949625015
85.17770618200302,88.85829383134842
93.26088029146194,92.70211970806122
88.9251936674118,93.44480633735657
84.45136398077011,85.99163603782654
82.18254089355469,90.07645910978317
96.597716152668,98.75328385829926
86.56888073682785,87.3741192817688
90.80005490779877,93.47794508934021
87.06723070144653,87.21076929569244
85.66840595006943,86.1645940542221
87.52858263254166,86.823417365551
84.36975973844528,85.05624026060104
81.85993784666061,89.51106214523315
87.3131160736084,86.687883913517
84.26529210805893,86.068707883358
82.29246830940247,86.76353168487549
88.22564524412155,93.97735476493835
88.0488213300705,91.59917867183685
82.31598788499832,89.73901212215424
78.14015281200409,82.67584717273712
90.31532686948776,87.22167313098907
105.00748896598816,98.52851104736328
86.99763828516006,89.00236171483994
90.50580883026123,92.19819116592407
83.77398467063904,92.65201532840729
82.80016028881073,86.73683971166611
84.60433614253998,86.30266386270523
84.26151156425476,86.7944884300232
81.06568855047226,88.45231145620346
81.8148677945137,84.83413219451904
82.8410484790802,86.25195151567459
81.8862275481224,86.1137724518776
95.08040761947632,93.97559237480164
85.82858729362488,87.13341271877289
92.1527573466301,88.86624264717102
83.51192480325699,88.19207519292831
82.6681016087532,88.38689839839935
104.08527171611786,101.43472826480865
84.24042522907257,89.37057477235794
89.23060142993927,89.49239856004715
82.38677912950516,87.11322087049484
82.41395950317383,87.47604048252106
86.84813719987869,86.59686279296875
84.41131228208542,86.14368772506714
81.23448973894119,87.59851026535034
89.07566809654236,85.16533190011978
82.1958436369896,85.34115636348724
82.14902347326279,87.05497652292252
84.19420266151428,87.60279732942581
83.64638006687164,85.61261993646622
99.26555126905441,94.17844873666763
83.2367085814476,89.15129142999649
83.46788507699966,86.57011491060257
107.38305336236954,100.11694663763046
89.07620614767075,90.60879385471344
83.95538073778152,85.61861926317215
83.38855767250061,86.57344233989716
84.30473411083221,85.95426589250565
84.83091050386429,86.7610895037651
81.95108616352081,86.49391382932663
84.12626647949219,89.37373352050781
86.15244209766388,85.95855790376663
85.1786202788353,85.48737972974777
82.11379534006119,86.42420464754105
87.89897406101227,92.0630259513855
83.40815490484238,86.24084508419037
100.10132503509521,95.23167496919632
82.18347495794296,89.83552503585815
81.89565050601959,86.58534950017929
107.718820810318,95.85517919063568
86.11597263813019,87.92102736234665
89.66114330291748,85.59885668754578
81.5953214764595,87.84867852926254
83.08550137281418,86.02649861574173
84.2596777677536,87.40732222795486
84.06485247612,87.41714751720428
80.55403089523315,87.26096910238266
86.50721031427383,86.7337896823883
82.49639070034027,87.41060930490494
82.3375706076622,87.03242939710617
90.16074919700623,95.2642508149147
85.66992861032486,85.2930713891983
100.64009827375412,97.6739017367363
82.13023918867111,86.09176081418991
81.08241474628448,87.97258526086807
95.85059386491776,93.09340614080429
86.28476905822754,86.43823093175888
86.16294091939926,86.7990590929985
82.22711485624313,87.6058851480484
82.69829481840134,86.00570517778397
82.54047131538391,87.05252867937088
84.28865224123001,85.72934776544571
87.7788320183754,92.90616798400879
87.47201085090637,86.41698914766312
82.88819223642349,87.000807762146
82.69237154722214,87.36262845993042
83.08955150842667,87.22544848918915
83.59773188829422,87.75326812267303
101.16190427541733,96.83809572458267
83.9100512266159,87.27494877576828
82.80722564458847,87.37677437067032
91.18640279769897,92.55459719896317
91.60257518291473,89.32442480325699
93.05473411083221,88.64926588535309
83.11790329217911,87.25209671258926
93.56015253067017,93.47684746980667
87.2723137140274,87.37568628787994
97.1324771642685,93.82952284812927
94.7516303062439,87.85836970806122
85.77880364656448,86.25819635391235
84.49097728729248,87.76902270317078
84.88715624809265,88.42684376239777
82.34033536911011,85.69566464424133
101.86650574207306,96.72549426555634
83.04264813661575,90.79135185480118
82.93982583284378,87.43117415904999
94.05900400876999,92.29299598932266
98.23317867517471,91.19282132387161
86.40833032131195,90.46166968345642
83.41750508546829,88.23149490356445
90.25767922401428,89.50132077932358
86.39584195613861,87.45515805482864
82.86801505088806,85.44798493385315
82.57919377088547,87.67980623245239
84.71737331151962,85.76362669467926
86.61455392837524,84.64444607496262
81.65972834825516,87.1912716627121
89.24190783500671,92.33109217882156
94.26908791065216,85.9909120798111
97.18525594472885,95.03774404525757
86.86040687561035,86.80759310722351
84.42257887125015,86.81742113828659
97.28375661373138,94.49424338340759
100.16192978620529,93.6350702047348
84.8370845913887,87.32891541719437
83.58626019954681,88.19273978471756
85.42743623256683,84.36856377124786
87.74792808294296,92.60307192802429
90.53510051965714,87.05789947509766
85.19127541780472,88.01372456550598
83.51444977521896,89.06055021286011
88.4856259226799,96.05237406492233
85.51180243492126,85.39519757032394
87.90897679328918,88.3680232167244
87.91714376211166,88.86085623502731
87.37031275033951,93.59368723630905
99.93348729610443,93.08551269769669
94.1646540760994,93.8353459239006
90.09780848026276,86.29119151830673
83.86598509550095,86.89301490783691
88.02216011285782,85.86683988571167
80.82633227109909,84.80366772413254
84.15050828456879,86.77649170160294
83.51068526506424,86.56431472301483
86.3138627409935,85.53713726997375
81.86004132032394,86.49295872449875
83.09021806716919,85.52078193426132
84.93139547109604,87.75260454416275
83.2725727558136,85.1154272556305
87.04074573516846,87.36625427007675
86.71591401100159,87.89508599042892
87.05708527565002,87.47991472482681
92.30626022815704,94.65673977136612
93.5554296374321,89.99957036972046
90.5635838508606,85.78841614723206
82.9607565999031,89.7432433962822
92.7469253540039,86.60507464408875
83.6621013879776,86.17089861631393
87.05927807092667,87.1997219324112
87.28945451974869,87.13554549217224
87.31663137674332,84.68336862325668
83.89880973100662,85.78619027137756
82.90798646211624,86.29601353406906
82.95216310024261,89.6588369011879
81.55334115028381,85.92765885591507
86.0625171661377,87.34548282623291
97.47768479585648,95.83731520175934
86.02283728122711,87.70016270875931
96.58701127767563,94.042988717556
93.52117919921875,89.34982079267502
88.56633150577545,87.30466848611832
83.6114981174469,87.22250187397003
85.6196721792221,87.62032783031464
84.55384761095047,84.85415238142014
86.34002405405045,86.73397594690323
83.95920062065125,87.79979938268661
100.68937712907791,90.69962286949158
86.53155100345612,88.26544898748398
84.24272620677948,86.29427379369736
98.8069035410881,95.50809645652771
82.11108005046844,85.61091995239258
85.30425590276718,86.23174411058426
100.60942304134369,96.7795769572258
86.13656973838806,87.90043026208878
97.40374445915222,92.68925553560257
85.35591983795166,86.42208015918732
87.10508614778519,85.54291385412216
85.24325507879257,86.44274491071701
84.45543080568314,85.65556919574738
82.94460356235504,85.22239643335342
85.85977560281754,87.12122440338135
83.8689494729042,87.07605051994324
86.80212610960007,90.77187389135361
87.05130338668823,86.26269662380219
83.56047934293747,85.18052065372467
90.12365621328354,91.89434379339218
93.03983330726624,88.22016668319702
86.21400958299637,85.52599042654037
99.9451761841774,93.51782381534576
85.86032551527023,88.08367449045181
100.8874984383583,97.59450155496597
86.58066898584366,85.60433101654053
89.255839407444,88.46616059541702
84.1530049443245,86.735995054245
83.84617787599564,86.30182212591171
84.57735419273376,85.8866457939148
86.36353009939194,85.74846988916397
85.00070661306381,86.07329338788986
87.32388311624527,88.52811688184738
86.55505895614624,86.22394102811813
86.78523343801498,85.78876656293869
86.88541013002396,89.79958987236023
84.50458753108978,85.73541247844696
85.88376367092133,87.87523633241653
98.89193052053452,92.96006947755814
89.53007692098618,86.06292307376862
102.11224365234375,92.9437563419342
88.60241883993149,91.56458115577698
93.51758229732513,92.5194177031517
86.71173918247223,86.90026080608368
85.68191277980804,88.6700872182846
84.45008724927902,87.10691273212433
83.0692629814148,85.44973701238632
84.57743829488754,85.77456170320511
88.14161533117294,88.61838465929031
85.31579303741455,85.3322069644928
85.10196900367737,85.17603099346161
87.8881459236145,86.8158540725708
83.06232285499573,88.2706771492958
85.20049780607224,89.05850219726562
102.35766434669495,92.5873356461525
82.5878078341484,88.26419216394424
99.0399854183197,91.62601459026337
84.38116610050201,87.21083390712738
94.68633532524109,89.92466467618942
82.69449311494827,87.93450689315796
98.11067187786102,96.44532811641693
84.8228509426117,86.71514904499054
81.57102942466736,84.35497057437897
83.30220991373062,86.30979007482529
85.86538928747177,89.13461071252823
83.00257009267807,86.75642991065979
83.47374778985977,87.50625222921371
90.50092786550522,91.24007213115692
81.01010882854462,86.4168911576271
86.98128688335419,87.27871310710907
94.85945224761963,91.2695477604866
87.70160329341888,90.29939669370651
96.67277544736862,90.68022453784943
86.45795327425003,88.0790467262268
94.65112006664276,88.86687994003296
84.30827552080154,91.50672447681427
82.03845369815826,85.49854630231857
81.89863294363022,85.00936704874039
83.72081333398819,85.79618668556213
83.60099297761917,85.91800701618195
94.83116990327835,89.05783009529114
86.28334712982178,86.03065288066864
84.47752356529236,85.76447641849518
95.50370049476624,92.18229949474335
83.62387853860855,86.17312145233154
87.5380546450615,87.01694536209106
82.08322471380234,86.37877529859543
88.79539948701859,89.16660052537918
104.60056906938553,95.10343092679977
85.92374408245087,86.02125591039658
95.30191391706467,90.42008608579636
87.73606872558594,86.17093127965927
85.28224110603333,84.42175889015198
86.84541600942612,86.78458398580551
85.35358929634094,88.5904107093811
84.65776455402374,87.19323545694351
86.20394152402878,88.22205847501755
85.24811899662018,85.69588100910187
85.35029500722885,85.18670499324799
85.19047206640244,88.9385279417038
90.51464658975601,85.67135339975357
87.11482262611389,85.6811773777008
84.03098893165588,86.41401106119156
89.81716060638428,89.72083938121796
100.82432842254639,94.9526715874672
86.57350295782089,86.46349704265594
89.76767003536224,88.34332996606827
88.55283111333847,92.46516889333725
83.3760017156601,84.6239982843399
84.18117672204971,85.46682327985764
85.81935143470764,86.19964855909348
84.90152716636658,87.02447283267975
85.59470468759537,87.40529531240463
86.91688024997711,86.71111977100372
84.88805443048477,85.11094558238983
89.52723091840744,88.06576907634735
82.8494074344635,85.02059257030487
87.30257827043533,87.06842172145844
85.68075275421143,85.80024725198746
97.81992071866989,93.4770792722702
104.0500739812851,96.13592600822449
85.89124923944473,84.75675076246262
84.67642515897751,84.89657485485077
88.70359778404236,88.18440222740173
83.69376635551453,85.56623363494873
84.36793440580368,87.03906559944153
85.5441102385521,85.30788975954056
85.21828627586365,86.30071371793747
84.9854628443718,84.8105371594429
85.38264030218124,84.72835969924927
83.98381727933884,84.47918272018433
89.30699390172958,89.56400609016418
83.55616563558578,84.27783435583115
88.71234101057053,87.38065898418427
84.49851191043854,85.09448808431625
99.93268018960953,95.23431980609894
101.31083160638809,94.02216839790344
86.9120061993599,86.45799380540848
85.88318121433258,86.76581877470016
92.13235020637512,88.44164979457855
97.19550949335098,89.52649050951004
83.3896821141243,85.2033178806305
84.60185605287552,85.21414393186569
86.16503250598907,87.79696750640869
84.15420877933502,84.7707912325859
84.77438527345657,85.05961471796036
87.68956249952316,85.92143750190735
94.41973555088043,92.35726445913315
82.5769117474556,85.10908824205399
89.97308701276779,85.10091298818588
91.79626214504242,85.11073786020279
100.17543143033981,95.39856857061386
100.8125821352005,94.42741787433624
86.76675444841385,86.64124554395676
84.51492977142334,84.96707022190094
93.22710001468658,89.90289998054504
84.55025607347488,86.48674392700195
84.87342947721481,85.33057051897049
84.93660521507263,84.693394780159
84.88878148794174,87.16621851921082
92.58295810222626,84.9720419049263
84.92513406276703,85.7048659324646
83.9883114695549,86.36368852853775
99.38548856973648,93.22551143169403
83.59766489267349,84.9953351020813
85.84683990478516,88.33816009759903
89.02201408147812,85.53398591279984
99.99218499660492,97.95181500911713
102.57533752918243,93.49866247177124
86.15751159191132,87.39848840236664
84.88768798112869,84.64931201934814
96.39585536718369,89.52914464473724
84.79300493001938,87.05899506807327
87.59817546606064,85.9398245215416
86.38334745168686,85.80165255069733
85.33652228116989,85.92247772216797
83.86369943618774,85.65530055761337
86.59387516975403,85.628124833107
87.1380529999733,83.71294701099396
88.0912315249443,88.29776847362518
94.09940952062607,87.04859048128128
86.7195855975151,93.54041439294815
84.76376295089722,87.92123705148697
104.51392889022827,103.04207110404968
101.59607416391373,100.05292582511902
85.36325085163116,92.67374914884567
90.76042848825455,89.49857151508331
97.45359933376312,96.23140066862106
84.12875586748123,88.14924412965775
84.93393141031265,88.38206857442856
86.01610887050629,87.0768911242485
84.06128680706024,88.03171318769455
84.82846403121948,86.41253596544266
86.11464196443558,89.10735803842545
83.75181955099106,86.8031804561615
92.63099712133408,93.75800287723541
81.86117571592331,86.06482428312302
83.44435453414917,88.18664544820786
84.93353182077408,85.86246818304062
110.28384292125702,99.30915707349777
88.14301657676697,88.59798341989517
83.94819366931915,85.64480632543564
92.56736689805984,97.15463310480118
85.16752576828003,88.85047423839569
84.2507004737854,86.7492995262146
87.05487543344498,86.05612456798553
85.69305223226547,88.34394776821136
85.99822920560837,85.98377078771591
84.11640530824661,87.21659469604492
83.25458353757858,87.28241646289825
94.46676254272461,94.42223745584488
83.12293893098831,86.56306105852127
87.13111567497253,88.36888432502747
83.82429200410843,86.37870800495148
84.79546964168549,86.96253037452698
103.2116464972496,98.86335349082947
89.88682222366333,90.61317777633667
84.95100063085556,88.58699935674667
94.92117148637772,96.93082851171494
94.89232248067856,91.64467751979828
86.77149724960327,86.78450274467468
85.70566618442535,86.98033380508423
85.13984316587448,87.15715682506561
85.64802175760269,86.70397824048996
85.1012014746666,86.38079851865768
85.51637929677963,86.94662070274353
87.43255543708801,90.06844455003738
81.69873118400574,86.61526882648468
82.558908700943,87.1250913143158
82.16108745336533,87.0619125366211
82.53926587104797,88.96173411607742
97.23244267702103,96.73055732250214
83.7226151227951,86.7773848772049
94.2297922372818,88.88120776414871
84.09096884727478,86.9830311536789
97.21014505624771,90.03085494041443
83.53231918811798,85.98468083143234
84.81949734687805,89.55050265789032
84.19767528772354,86.15432471036911
94.79785376787186,87.88614624738693
83.38103026151657,86.10096973180771
83.4632095694542,87.57379043102264
87.49038857221603,87.28761142492294
83.84956729412079,86.18743270635605
84.26574343442917,86.66025656461716
84.95892161130905,90.17007839679718
84.91109901666641,86.77390098571777
83.63242667913437,87.62757331132889
83.84360456466675,88.1003954410553
86.38878208398819,89.48121792078018
92.10095620155334,90.8430438041687
86.83111780881882,91.09488219022751
86.5242908000946,88.32670921087265
83.51446294784546,87.652537047863
83.59664285182953,86.10635715723038
82.99382120370865,86.87617880105972
85.9290000796318,88.44199991226196
93.1591762304306,92.00782376527786
93.88935297727585,86.07364702224731
83.6935328245163,88.23246717453003
84.53471159934998,89.42728841304779
83.98888969421387,86.25211030244827
87.63421428203583,90.71678572893143
84.6053899526596,90.3946100473404
94.96656894683838,87.99743103981018
95.80674129724503,92.93325871229172
86.62989950180054,88.4071004986763
87.62007266283035,89.15792733430862
88.20224541425705,92.4457545876503
87.63642370700836,87.80757629871368
84.47760033607483,88.35439968109131
83.46777802705765,89.23622196912766
91.12395590543747,90.56104409694672
84.48413383960724,87.21986615657806
85.43731105327606,87.30368894338608
84.27848607301712,88.33251392841339
83.93466371297836,86.87933629751205
84.35899150371552,95.58500850200653
85.8671686053276,90.96683138608932
86.89434331655502,90.3286566734314
92.77251553535461,94.00448447465897
85.04067474603653,89.05232524871826
85.23285126686096,91.80414873361588
85.20402705669403,85.79497295618057
83.82420521974564,86.75079476833344
83.33238500356674,86.3156149983406
86.04356390237808,89.54843610525131
86.4037418961525,87.57725811004639
84.02392041683197,87.8470795750618
85.77309811115265,87.15390187501907
83.61427503824234,88.9227249622345
85.10345262289047,86.84054738283157
83.47177845239639,91.36122155189514
83.44395607709885,91.59404391050339
86.2291350364685,86.49186497926712
104.94130516052246,95.57769483327866
84.85646200180054,89.95753800868988
89.5316396355629,88.74536037445068
84.48481249809265,87.97818750143051
85.34499156475067,87.95100843906403
84.27916717529297,122.44383281469345
86.45434576272964,88.23165422677994
86.05452454090118,87.35347545146942
83.97070008516312,86.23329991102219
85.47887861728668,87.33612138032913
84.72705340385437,89.17994660139084
84.66123026609421,86.17176973819733
84.06755381822586,92.91444617509842
83.70573002099991,88.51726996898651
86.75090849399567,86.99009150266647
95.05408072471619,93.8339192867279
83.95123797655106,86.4917620420456
83.60941118001938,88.53958880901337
84.67258834838867,85.901411652565
95.14376676082611,88.35623323917389
83.11494547128677,86.51505452394485
85.86312353610992,87.58087646961212
98.24229979515076,92.09070020914078
84.23247694969177,86.37952303886414
84.20265609025955,87.1483439207077
85.34083461761475,88.56616538763046
83.05301278829575,85.83598721027374
84.53233063220978,93.26366937160492
85.41150426864624,88.5334957242012
85.90067917108536,86.46932083368301
97.33484727144241,94.01615273952484
86.45400017499924,90.56399983167648
86.07317382097244,90.31482619047165
84.69335335493088,86.80664664506912
84.79353135824203,86.68746864795685
82.8387098312378,86.91929018497467
85.40288835763931,87.85611164569855
94.31906497478485,93.29193502664566
94.38224416971207,85.96975582838058
85.68742269277573,86.77557730674744
84.47359985113144,90.30440014600754
84.4627760052681,86.11122399568558
102.6929544210434,111.82604557275772
88.2381283044815,93.79787170886993
85.9873017668724,88.99369823932648
84.45947825908661,86.52252173423767
85.70765697956085,87.6443430185318
87.64183270931244,91.00616729259491
85.9840082526207,88.25699174404144
85.26918464899063,85.11981534957886
85.03736233711243,83.96263766288757
84.17553871870041,85.49146127700806
83.88671457767487,85.79828542470932
81.67289221286774,87.5681077837944
81.55106860399246,82.5039314031601
83.93024379014969,88.94075620174408
84.73442018032074,86.56157982349396
82.3905975818634,84.42340242862701
102.06677550077438,92.15622448921204
88.81494778394699,90.3700522184372
85.26811522245407,88.26988476514816
86.10929226875305,84.7427077293396
85.76646900177002,85.62353098392487
93.57064038515091,88.46735960245132
91.18879854679108,87.62520146369934
85.62396794557571,86.32103204727173
85.07614493370056,84.58985507488251
83.62232166528702,85.6006783246994
84.57449752092361,87.96250247955322
85.17467522621155,84.54632478952408
84.55385279655457,84.26114720106125
87.13602858781815,85.86397141218185
85.86620116233826,86.0967988371849
84.04137724637985,85.53262275457382
100.17955529689789,92.5054447054863
102.50272583961487,92.77527415752411
86.7328730225563,92.23012697696686
85.70404660701752,84.94395339488983
95.41622257232666,85.97277742624283
97.16539162397385,89.50160837173462
86.1555427312851,87.0494572520256
89.57071775197983,87.02128225564957
85.05989426374435,85.84710574150085
83.38407039642334,86.94992959499359
84.65124702453613,86.05375295877457
90.19642424583435,87.89657574892044
85.0935999751091,85.73940002918243
86.32377344369888,85.32422655820847
86.49894958734512,88.4280503988266
84.136126101017,84.77087390422821
101.05230468511581,90.29969531297684
106.2634739279747,96.60652607679367
84.8096175789833,90.82038241624832
85.76179420948029,85.6262058019638
88.19697070121765,86.08202928304672
95.20413434505463,88.7218656539917
86.17528885602951,89.74971115589142
83.9804647564888,85.07553523778915
95.19264209270477,84.60435789823532
84.42281800508499,87.31718200445175
84.05999487638474,88.29200512170792
92.60517078638077,89.48682922124863
83.55834639072418,84.51565361022949
85.67752200365067,86.56247800588608
82.35269504785538,88.37030494213104
84.41687107086182,84.06512892246246
101.57304865121841,91.22395133972168
103.7482168674469,94.60378313064575
85.12736284732819,89.78163713216782
85.41253763437271,84.95846235752106
85.8837109208107,84.57928907871246
96.78088003396988,87.59011995792389
85.88203412294388,94.21096587181091
85.27920919656754,84.81379079818726
85.28738683462143,86.24961316585541
84.79556173086166,88.00043827295303
84.30373841524124,86.27026158571243
89.44191521406174,87.11408478021622
94.30109095573425,87.17990905046463
86.05026590824127,85.43073409795761
86.17044085264206,86.55255913734436
84.15961825847626,84.43238174915314
100.26079612970352,95.68420386314392
103.50896620750427,95.064033806324
84.98010683059692,90.05689316987991
89.09928268194199,87.49271732568741
86.6454581618309,86.00254184007645
97.28262728452682,88.62437272071838
86.45777887105942,89.59822112321854
85.02095472812653,86.29304528236389
84.47413152456284,84.48886847496033
85.02030795812607,86.75769203901291
89.62048214673996,86.15751785039902
87.90665543079376,85.16734457015991
85.63682878017426,83.97417122125626
86.03500378131866,86.85499620437622
86.9501793384552,87.69882065057755
85.38435536623001,85.41164463758469
104.87353253364563,92.23746746778488
103.62269198894501,95.95130801200867
86.88983625173569,91.46116375923157
86.62101203203201,88.26798796653748
85.64718788862228,84.8338121175766
92.85935634374619,89.84464365243912
87.86750948429108,89.72449052333832
85.22768151760101,85.97531849145889
86.27285772562027,85.33814227581024
83.50403428077698,84.08896571397781
84.69721102714539,88.30278897285461
96.83538782596588,90.3506121635437
90.3795639872551,84.87943601608276
86.81373864412308,87.85226136445999
86.58191227912903,88.56608772277832
83.2750888466835,85.7249111533165
101.02426677942276,91.69773322343826
102.77343374490738,92.28256624937057
88.41057521104813,90.14442479610443
85.91974818706512,84.22925180196762
94.20492458343506,86.07207542657852
82.99109852313995,85.43390148878098
91.38827115297318,90.64772886037827
84.89744234085083,85.39955765008926
86.47961968183517,83.61338031291962
82.96879655122757,85.51220345497131
85.68097400665283,89.87502598762512
95.20715123414993,89.16284877061844
103.62332636117935,91.04267364740372
88.72450172901154,85.62849825620651
87.08467602729797,89.10132396221161
84.92585295438766,85.68614703416824
98.32303088903427,89.88096910715103
91.81320279836655,88.76179718971252
89.56136322021484,90.8826367855072
87.82953310012817,85.43046689033508
85.6707067489624,84.14429324865341
84.56788283586502,85.13611716032028
91.68705409765244,92.88694590330124
85.17722022533417,84.37877976894379
94.27839630842209,88.98160368204117
85.415571808815,85.02942818403244
85.20174860954285,87.02025139331818
99.76592510938644,90.179074883461
86.34710055589676,88.55989944934845
87.52227592468262,86.27372407913208
85.01245188713074,87.37654811143875
85.835628926754,84.68237107992172
99.69480562210083,91.99019438028336
85.81498116254807,84.72201883792877
90.37815380096436,94.01084619760513
83.85032296180725,83.92767703533173
86.74749737977982,85.79050260782242
83.34767335653305,83.54132664203644
92.61484163999557,89.82915836572647
85.17899870872498,87.41300129890442
85.78017276525497,85.47882723808289
85.51034861803055,84.54465138912201
85.70352530479431,87.57447469234467
89.1567012667656,84.41729873418808
95.53587675094604,86.16812324523926
88.69204837083817,84.84495162963867
87.3482192158699,87.02178078889847
84.83739572763443,85.03260427713394
102.19757306575775,95.78342694044113
86.50274938344955,84.18225061893463
96.63991916179657,93.34108084440231
87.13007688522339,85.85192310810089
87.39825010299683,85.49174988269806
85.35042679309845,83.76057320833206
94.83959656953812,90.54940342903137
86.03275120258331,85.91124880313873
85.89392572641373,85.31007426977158
85.6611008644104,84.59789913892746
85.37327665090561,86.60872334241867
95.47445213794708,89.76654785871506
90.18562716245651,84.38837283849716
86.10079473257065,83.69420528411865
83.79496943950653,85.87203055620193
86.15514636039734,84.10385364294052
103.31132405996323,91.30067592859268
86.67149996757507,84.58750003576279
100.49466878175735,95.50533121824265
86.78081691265106,87.9791830778122
86.54799073934555,84.06300926208496
86.48216652870178,84.59183347225189
95.8043361902237,91.30566382408142
85.55349141359329,83.81550860404968
85.74766594171524,85.30733406543732
85.84884148836136,84.42915850877762
85.48701721429825,85.75398278236389
95.47519451379776,88.3758054971695
86.41036891937256,85.81163108348846
87.49253660440445,86.71146339178085
85.44570642709732,87.68429356813431
82.10187983512878,83.89812016487122
99.79505610466003,92.79794389009476
84.47023117542267,84.64076882600784
104.79339957237244,97.96560043096542
86.61654144525528,86.14245855808258
96.17971307039261,86.37528693675995
85.37388861179352,85.737111389637
99.43705868721008,90.65594130754471
86.31521427631378,87.40678572654724
86.6023878455162,84.95361214876175
87.3325588107109,84.92744117975235
85.5437308549881,88.62226915359497
89.14490801095963,84.79909199476242
85.09808272123337,83.71691727638245
86.64325559139252,84.04274439811707
85.92843025922775,85.90456974506378
82.56660586595535,85.35939413309097
104.09378349781036,90.49921649694443
88.76895952224731,87.65704047679901
101.12812823057175,97.33487176895142
86.97027653455734,86.01172345876694
86.10844951868057,85.91055047512054
84.78362566232681,85.45837432146072
94.05079436302185,90.20820564031601
88.52194875478745,86.01505124568939
97.06712251901627,84.72887748479843
84.59429675340652,84.05470323562622
85.34347152709961,85.82352846860886
87.72164785861969,85.22335213422775
86.76682412624359,85.56717586517334
86.08899813890457,85.26300185918808
84.98617273569107,86.21682727336884
86.23634946346283,84.13365054130554
99.68852615356445,92.58847385644913
88.32570338249207,93.72929662466049
101.03887265920639,94.18312734365463
87.52802228927612,87.56497770547867
85.53619575500488,85.50080424547195
86.80437248945236,85.69562751054764
86.99653059244156,86.44746941328049
87.69070196151733,87.73529803752899
86.95787197351456,85.13412803411484
85.61404800415039,84.38495200872421
84.30822438001633,87.71077561378479
93.14940178394318,89.25759822130203
93.87957882881165,85.08342117071152
86.85075229406357,84.48124772310257
84.35892814397812,85.58407187461853
83.46010553836823,86.7618944644928
102.15428507328033,96.34571492671967
83.42046231031418,88.70853769779205
98.09663558006287,98.38536441326141
84.3637883067131,91.06221169233322
85.50096732378006,86.90603268146515
84.8061466217041,86.26785337924957
83.75832432508469,90.0186756849289
90.00749814510345,90.89950186014175
84.18366223573685,87.20633774995804
86.26483994722366,87.88316005468369
82.97701573371887,85.3929842710495
92.5221933722496,89.53380662202835
85.75237172842026,83.70962828397751
85.48254615068436,85.62845385074615
83.93572402000427,85.87927597761154
83.83390092849731,84.51909905672073
104.30407798290253,93.3249220252037
83.7562564611435,85.57574355602264
84.9324358701706,89.43856412172318
88.94061136245728,87.6343886256218
86.2997864484787,85.31121355295181
85.25296384096146,85.95103615522385
83.94714093208313,87.66485905647278
95.52830892801285,90.23069107532501
86.74046742916107,86.90753257274628
86.95264405012131,85.63935595750809
84.31281942129135,85.26118057966232
89.26499718427658,85.47500282526016
87.58817237615585,83.9678276181221
85.83834791183472,86.16265207529068
84.3835232257843,88.45047676563263
84.7616975903511,85.31330239772797
101.28787297010422,91.2301270365715
85.00005090236664,86.09294909238815
85.86022746562958,86.84377253055573
90.81339716911316,89.66860282421112
95.37656027078629,87.25243973731995
86.31073796749115,90.02226203680038
84.28191661834717,88.42108339071274
94.86508584022522,89.3579141497612
85.3542411327362,88.20175886154175
84.4924144744873,86.1185855269432
81.87059223651886,86.92640775442123
88.24876916408539,84.4362308382988
84.68294656276703,84.7420534491539
86.11712408065796,85.71587592363358
83.36729973554611,87.18970024585724
84.11647588014603,83.64352411031723
100.08665204048157,94.74634796380997
86.11382853984833,85.94217145442963
85.30700385570526,85.85899615287781
100.51917213201523,92.07382786273956
85.9153214097023,86.23167860507965
86.92349767684937,84.446502327919
84.7466744184494,88.03032559156418
95.79284471273422,87.9301552772522
97.57799845933914,92.9580015540123
83.14317297935486,86.3198270201683
82.00234895944595,85.83065104484558
96.32652658224106,92.41447341442108
86.7227047085762,84.75829529762268
86.54588121175766,86.80611878633499
83.31405752897263,86.22394245862961
85.76623511314392,84.62276488542557
102.12641286849976,91.00358712673187
85.52358984947205,84.7174101471901
86.08676826953888,86.33923172950745
101.57693654298782,94.83006346225739
86.80708301067352,85.8229169845581
85.35225719213486,85.44374281167984
89.13843357563019,89.49156641960144
95.03560441732407,89.9263955950737
85.58175790309906,87.69724208116531
85.94193309545517,85.0410668849945
83.33910924196243,88.14289075136185
98.36528635025024,89.85671365261078
93.70646458864212,86.62653541564941
87.06664109230042,85.82235890626907
85.24181705713272,86.05418294668198
84.45399385690689,85.49100613594055
100.90617114305496,94.59382885694504
89.37734818458557,87.10365182161331
83.77452558279037,86.61447441577911
101.30169355869293,92.14230644702911
83.56884104013443,85.50515896081924
84.92901873588562,84.64498126506805
82.93719631433487,87.32180368900299
94.68636626005173,90.38763374090195
88.56452292203903,86.8604770898819
86.68469297885895,84.72330701351166
83.67386817932129,85.77113181352615
87.3110443353653,85.46595567464828
84.302221596241,87.71677839756012
85.99439775943756,85.87560224533081
84.59557366371155,86.99742633104324
82.6967493891716,84.43325060606003
103.14892691373825,92.57207310199738
82.97210502624512,86.99089497327805
84.61028242111206,85.3527175784111
109.26645314693451,93.1405468583107
86.2925905585289,85.31740945577621
85.30176454782486,86.29123544692993
82.84694176912308,87.91205823421478
85.115119099617,84.32988089323044
92.54929268360138,86.98870730400085
88.87146121263504,86.33153879642487
82.3056378364563,86.95336216688156
87.77681654691696,86.70418345928192
86.06298893690109,84.1220110654831
86.34916371107101,85.1688362956047
82.98733860254288,88.2906613945961
85.18051487207413,84.59748512506485
105.59569132328033,98.25630867481232
87.91986680030823,85.618133187294
89.42704272270203,86.46095728874207
102.89820671081543,94.67479330301285
96.27735364437103,87.51864635944366
88.00852745771408,86.06647253036499
82.84870457649231,87.11329543590546
85.28388220071793,86.21611779928207
97.55105185508728,90.76394814252853
91.54120987653732,91.49679011106491
85.95638638734818,94.67261362075806
92.53956204652786,92.8314379453659
86.3797345161438,87.52626550197601
86.77691036462784,87.31508964300156
83.34108579158783,86.34391421079636
98.97826182842255,93.63173818588257
96.04243832826614,90.64256167411804
88.69961059093475,86.83738940954208
84.1147871017456,85.57021290063858
100.06695944070816,92.45104056596756
90.50111144781113,89.57288855314255
85.73228406906128,85.91571593284607
88.27746194601059,88.20453804731369
84.35963898897171,85.2503610253334
104.31280797719955,90.98319202661514
92.2469631433487,90.68003684282303
89.84813809394836,88.85586190223694
93.33731460571289,93.03368538618088
83.90048223733902,83.58051776885986
88.16865813732147,86.38634186983109
88.02883315086365,89.80516684055328
84.6290100812912,85.77798992395401
99.63818788528442,94.4928120970726
86.94136607646942,87.55763393640518
89.52454340457916,93.34545660018921
85.16172021627426,86.63327980041504
89.07789278030396,85.86710721254349
89.64206159114838,87.74693840742111
86.07623702287674,87.73876297473907
87.88041418790817,86.87858581542969
98.98058331012726,91.20341670513153
91.78673589229584,87.82526409626007
86.16490942239761,88.48409056663513
95.3950868844986,86.67891311645508
97.69926297664642,85.0227370262146
87.0044367313385,89.03256326913834
85.04961341619492,85.67238658666611
88.22478997707367,86.05321002006531
100.50996309518814,99.08203691244125
86.59214121103287,87.20385879278183
86.86031866073608,87.5286813378334
86.5354955792427,84.77950441837311
84.2368273139,87.78117269277573
83.81900233030319,87.10599768161774
86.47517967224121,84.74682033061981
96.76234883069992,90.73865115642548
90.69550222158432,85.41549777984619
83.53667563199997,86.90732437372208
82.54585218429565,83.97314780950546
87.85002374649048,86.24297624826431
87.65519720315933,86.86380279064178
89.33037167787552,87.92962831258774
83.11554300785065,84.51445698738098
112.290720641613,91.709279358387
84.521897315979,86.387102663517
61.36207449436188,88.9149255156517
83.68525069952011,84.09174931049347
108.2674207687378,91.8245792388916
86.4805708527565,89.53842914104462
86.32074445486069,87.51225554943085
86.36692029237747,86.800079703331
96.76409101486206,89.21790897846222
92.6052423119545,87.52375769615173
85.85441452264786,91.03458547592163
88.86259096860886,89.06240904331207
86.88976764678955,85.1662323474884
85.04494166374207,84.76905834674835
86.3131183385849,86.55688166618347
84.43229478597641,84.54870522022247
105.08947259187698,90.188527405262
85.4306503534317,86.49534964561462
86.10582709312439,89.72817289829254
85.42900133132935,85.07099866867065
112.53017055988312,93.24782943725586
86.09332001209259,86.16567999124527
85.41649574041367,89.15750426054001
86.59067124128342,84.94632875919342
93.15584367513657,88.7151563167572
93.07100087404251,84.42899912595749
84.44917166233063,86.58782833814621
88.60634678602219,89.93065321445465
88.66951811313629,89.34948188066483
85.77069121599197,85.95230877399445
86.66786670684814,85.2771332859993
86.73104327917099,85.47295671701431
99.55422067642212,93.01977932453156
85.37739843130112,87.7336015701294
85.40457475185394,85.79942524433136
83.68975085020065,85.40324914455414
100.27191931009293,91.80208069086075
86.132069170475,86.64493083953857
83.65924507379532,86.43275493383408
82.02042198181152,85.12857800722122
95.08359932899475,85.30540066957474
94.31377267837524,87.85222733020782
82.85894125699997,87.67705875635147
98.71911776065826,92.46688222885132
88.37628930807114,85.29071068763733
86.95746350288391,84.67153650522232
84.87364012002945,86.14435988664627
90.10381746292114,86.08118253946304
102.25999575853348,91.3130042552948
84.02717357873917,84.87982642650604
84.2583515048027,85.63064849376678
83.30352985858917,85.17747014760971
100.4787009358406,93.29929906129837
86.68984872102737,88.86515128612518
84.68002200126648,87.26397800445557
84.52219891548157,86.18180108070374
86.12237614393234,85.08162385225296
98.79754716157913,89.66545283794403
87.8057033419609,87.73129665851593
83.29587376117706,86.42612624168396
98.3600497841835,90.73295021057129
84.94222277402878,85.85477721691132
84.54239970445633,88.36460030078888
84.60657715797424,85.18942284584045
102.85475534200668,94.10724467039108
86.41993343830109,85.48806655406952
84.77911192178726,86.77688807249069
83.97228956222534,89.34171044826508
100.68446034193039,92.72253966331482
85.59960895776749,86.25239104032516
84.34878343343735,88.72421658039093
84.96796089410782,84.69803911447525
85.12513774633408,85.43086224794388
100.54030781984329,91.01569217443466
85.08545684814453,89.93254315853119
89.66863304376602,89.68336695432663
88.17680937051773,85.58219063282013
85.36998254060745,85.76001745462418
85.06315988302231,86.73284012079239
84.5163363814354,84.46566361188889
100.5985141992569,94.67948579788208
86.73569148778915,85.76430851221085
83.35486900806427,86.73713099956512
83.67904698848724,84.30295300483704
92.52021932601929,88.8677806854248
87.51038128137589,87.19361871480942
85.57355332374573,88.77844667434692
83.71172994375229,85.2692700624466
84.23890668153763,85.40909332036972
100.11707746982574,90.17892253398895
83.92123192548752,88.00376808643341
90.46640878915787,91.95859122276306
88.03158527612686,86.4324147105217
86.8357583284378,84.88724166154861
83.80593395233154,86.11906605958939
84.46311020851135,85.87088978290558
102.84128898382187,93.47371101379395
83.34946739673615,85.15053260326385
89.28364396095276,87.38235604763031
83.8658190369606,87.28118097782135
93.20699644088745,86.40400356054306
88.71616864204407,86.949831366539
83.94633775949478,86.46066224575043
84.32451409101486,84.87848591804504
85.55569142103195,86.11130857467651
106.34186035394669,91.49113965034485
85.1280049085617,88.85399508476257
84.19218015670776,85.49381983280182
85.25535637140274,85.24564361572266
85.44852936267853,86.90347063541412
84.58670628070831,86.65329372882843
88.07688266038895,84.2751173377037
102.36206090450287,91.58193910121918
85.03723847866058,93.1477615237236
84.98941403627396,86.10258597135544
86.942591547966,88.77940845489502
83.13576990365982,86.30923008918762
97.1079421043396,92.26305788755417
84.52309727668762,88.25490272045135
84.80927342176437,85.2657265663147
97.74245017766953,85.84954982995987
97.36261349916458,89.73038649559021
81.14876568317413,90.27723431587219
83.2859400510788,86.84405994415283
91.66411572694778,86.77888429164886
83.95128852128983,85.7717114686966
82.16246551275253,86.5585345029831
84.76364260911942,85.21835738420486
101.14182132482529,93.32017868757248
84.31699991226196,85.66400009393692
84.84417808055878,87.91482192277908
83.05535662174225,86.48064339160919
85.04553443193436,84.39846557378769
101.38770431280136,93.46429568529129
84.8218504190445,90.03014957904816
87.71802669763565,86.79997330904007
84.26420027017593,85.67979973554611
95.36437356472015,91.87562644481659
87.40953642129898,90.64546358585358
89.99170559644699,89.1932944059372
96.46387964487076,89.81412035226822
85.60205245018005,85.71294754743576
85.257228910923,86.81577110290527
84.48840522766113,85.15959477424622
99.73758316040039,96.87341684103012
85.24576079845428,85.03223919868469
85.25393849611282,87.22706151008606
82.81711608171463,83.99688392877579
85.23329424858093,85.11870574951172
102.08258712291718,103.50941288471222
83.2397438287735,87.70525616407394
85.78492146730423,86.36407852172852
90.1450983285904,86.00390166044235
87.65327030420303,90.49472969770432
90.12343901395798,91.0415610074997
85.20661544799805,88.33038455247879
85.25178951025009,86.17421048879623
84.48196715116501,89.96203285455704
95.3791446685791,86.26885533332825
104.51732283830643,93.98267716169357
85.80350059270859,85.93749940395355
84.86767596006393,86.33632403612137
83.13485342264175,86.40214657783508
83.4020317196846,84.31996828317642
109.48420035839081,95.75679963827133
86.12233603000641,91.26666396856308
85.59351134300232,88.36948865652084
84.52768850326538,85.86031150817871
89.77686721086502,87.13013279438019
93.84003496170044,93.38196504116058
88.94118869304657,87.6328113079071
86.19036370515823,89.60563629865646
86.06853675842285,86.04146325588226
91.021713078022,90.51528692245483
91.47489035129547,85.692109644413
100.46406799554825,91.86893200874329
84.00924527645111,86.32375472784042
85.74042236804962,88.85257762670517
82.63659834861755,85.73340165615082
96.20177632570267,85.24322366714478
103.81993925571442,93.9950607419014
88.08808022737503,92.65291976928711
88.50324910879135,88.07075089216232
85.10342293977737,85.43257707357407
89.42760050296783,86.4063994884491
96.28776830434799,91.65723168849945
83.33292251825333,87.44507747888565
88.65509730577469,90.45490270853043
86.700270652771,85.00272935628891
84.82044714689255,87.56855285167694
83.84662479162216,87.52337521314621
98.04080331325531,96.96019667387009
84.90098112821579,85.37801885604858
84.50115728378296,86.77684271335602
82.1203356385231,86.41666436195374
83.29551339149475,84.24148660898209
100.6926782131195,93.28832179307938
85.57182592153549,90.98417407274246
85.81999915838242,86.494000852108
97.88417434692383,86.13482564687729
89.35635203123093,86.18164795637131
95.8825204372406,92.93247956037521
96.59467446804047,91.75732553005219
87.80684894323349,85.89715105295181
85.38802170753479,88.94497829675674
85.11919713020325,87.36180287599564
84.81237280368805,84.28062719106674
100.22755068540573,93.9014493227005
83.92172706127167,85.28227293491364
82.55990368127823,87.94109630584717
84.1970819234848,84.69191807508469
84.66825753450394,85.72074246406555
92.17642515897751,88.76757484674454
89.22258114814758,90.98141884803772
84.17474961280823,85.69625037908554
84.46092635393143,89.63207364082336
90.87610310316086,85.30889689922333
95.01427447795868,92.41172552108765
91.98542946577072,92.01557052135468
97.25260210037231,88.46939790248871
86.18677401542664,87.05322599411011
84.82495039701462,87.1940495967865
84.90712708234787,85.5558729171753
101.21130055189133,98.02969944477081
82.96147871017456,85.94652128219604
84.17265874147415,88.7713412642479
83.27383863925934,85.7631613612175
83.24501830339432,86.9769816994667
80.97519773244858,86.02480226755142
85.72437274456024,93.03462725877762
83.67654550075531,86.50745451450348
85.85172402858734,89.51827597618103
89.47090220451355,87.30709779262543
86.69122660160065,87.88277339935303
85.82940077781677,89.11559921503067
84.2445757985115,86.9594241976738
85.06775289773941,90.19124710559845
90.57593238353729,87.8120676279068
103.67710036039352,98.02589964866638
86.64827287197113,87.92572712898254
88.26744794845581,89.78855204582214
82.01662629842758,88.09437370300293
85.96980702877045,85.99419295787811
83.6069843173027,86.54101568460464
94.2081578373909,98.23684215545654
83.95631462335587,91.06168538331985
85.18749207258224,86.88650792837143
87.93667185306549,86.87832814455032
94.14884746074677,99.37015253305435
87.39700531959534,89.12099468708038
84.36817663908005,92.575823366642
82.96935164928436,88.15964835882187
84.23652774095535,88.63247227668762
81.42970675230026,86.75429326295853
98.01288026571274,96.46911972761154
81.13205963373184,86.8119403719902
84.77023786306381,89.08276212215424
83.05541557073593,86.68458443880081
94.9895943403244,89.9174056649208
83.64577126502991,86.53822875022888
95.13594710826874,102.56705290079117
84.16310209035873,90.89189791679382
84.74527955055237,89.80972045660019
88.36445641517639,86.69054359197617
85.07663559913635,89.23836439847946
93.95481359958649,95.45218640565872
84.96398556232452,87.7590144276619
85.19415992498398,87.73184007406235
83.44333827495575,87.26066172122955
85.13651716709137,87.88148283958435
100.60769486427307,94.57830512523651
84.68986922502518,87.14313077926636
82.9390459060669,88.80095410346985
85.94722509384155,86.58877491950989
83.69640237092972,86.26659762859344
83.31558245420456,87.6474175453186
98.61975771188736,99.37924230098724
84.8509110212326,89.39008897542953
91.74708795547485,87.67791205644608
85.43044483661652,88.34755516052246
99.14261674880981,99.13538324832916
86.65077370405197,90.12622630596161
86.78894728422165,90.24805271625519
84.00012421607971,90.2028757929802
83.7873033285141,87.52769666910172
100.1664816737175,94.39051830768585
83.4336569905281,87.12234300374985
84.7378351688385,89.52216482162476
82.8380115032196,87.7729884982109
83.5321916937828,88.15380829572678
83.50337129831314,88.01562869548798
96.4375468492508,100.4514531493187
82.001704454422,87.53629553318024
82.06488353013992,88.34211647510529
87.22106355428696,87.96393644809723
87.13724082708359,88.17775917053223
92.75641393661499,93.87358605861664
95.17156952619553,92.23543047904968
83.97674351930618,88.19025647640228
82.81792157888412,88.57107841968536
90.5670999288559,86.76590007543564
99.64927810430527,99.5167219042778
84.39845305681229,86.65654695034027
82.88763272762299,87.2963672876358
82.71181321144104,87.10318678617477
86.66399306058884,86.79900693893433
85.02416759729385,86.5308324098587
96.79134064912796,100.63465934991837
83.74449449777603,88.05250549316406
82.75267213582993,92.24732786417007
88.98284965753555,87.60915035009384
84.93602973222733,89.52797025442123
95.83320242166519,94.22279757261276
85.39736247062683,90.99263751506805
84.81153732538223,91.78046268224716
84.48771548271179,88.53128451108932
83.86589342355728,86.07910656929016
99.8740730881691,93.53392690420151
86.19458001852036,84.63941997289658
88.94126957654953,87.50373041629791
85.29795557260513,84.4230444431305
86.23064440488815,84.86335557699203
84.32833272218704,85.18966728448868
100.22301572561264,97.90698426961899
85.30267614126205,86.2523238658905
84.1233622431755,85.93163776397705
89.92604899406433,85.6119509935379
84.07873851060867,87.67926150560379
100.64042383432388,95.65557616949081
90.16508972644806,92.20591026544571
82.98577404022217,88.49622595310211
85.97246211767197,87.54553788900375
86.23814994096756,86.4288500547409
103.61383759975433,94.9231624007225
86.26752060651779,85.26947939395905
87.12521028518677,89.2447897195816
85.96489799022675,84.09110200405121
95.06258547306061,86.1414145231247
83.77227365970612,86.06072634458542
101.51795542240143,101.72204458713531
86.33960819244385,91.12339180707932
86.49329346418381,85.33970654010773
88.55397999286652,86.11202001571655
86.09766840934753,88.2363315820694
100.95535266399384,96.93364733457565
89.72001945972443,92.24298053979874
90.92870247364044,86.08929753303528
87.15738648176193,86.8796135187149
88.16307199001312,85.74392801523209
98.83575195074081,93.14524805545807
86.84144228696823,84.787557721138
86.58813261985779,87.81986737251282
83.7598203420639,86.11017966270447
87.48851019144058,85.38248980045319
84.92019945383072,85.67280054092407
87.12888944149017,87.6481105685234
87.28257405757904,88.47642594575882
94.71525818109512,86.58074182271957
90.73894411325455,87.02005589008331
86.02263259887695,87.75536739826202
100.13931512832642,92.82268488407135
88.88597589731216,88.92802411317825
85.44765692949295,85.05234307050705
86.86034452915192,89.08465546369553
91.0700334906578,85.07796651124954
95.87272292375565,93.59027707576752
88.63740861415863,87.6955913901329
87.23609524965286,86.6349047422409
86.22278118133545,85.66621881723404
84.09847110509872,85.95652890205383
87.14215987920761,85.41384011507034
82.90684932470322,86.46315068006516
95.96753400564194,93.29146599769592
93.1962018609047,87.1007981300354
91.12688982486725,84.44611018896103
89.54057681560516,87.49642318487167
81.2322667837143,84.69473320245743
90.31095284223557,87.48404717445374
86.4656348824501,88.25636512041092
84.89732128381729,87.7876787185669
95.4580067396164,90.94899326562881
99.22369080781937,96.9433091878891
87.76638036966324,84.82561963796616
82.93906307220459,87.4499369263649
82.88975286483765,87.57324713468552
83.28344118595123,84.69755882024765
84.6421285867691,85.93287140130997
85.183817923069,86.13018208742142
100.43050158023834,97.58749842643738
84.08516359329224,90.82283639907837
92.27485036849976,86.15014964342117
88.24453455209732,88.31146544218063
92.47221952676773,89.4537804722786
96.36689776182175,88.17010223865509
86.48356276750565,87.2574372291565
86.40293365716934,83.44906634092331
105.76062136888504,92.14737862348557
85.15530329942703,83.14169669151306
86.62399071455002,87.85800927877426
85.55567890405655,84.5933210849762
84.8753672838211,83.55063271522522
86.0300549864769,84.91494500637054
85.81374245882034,85.52025753259659
106.9294211268425,92.5705788731575
84.89807003736496,84.98992997407913
90.77475541830063,84.57624459266663
86.78044098615646,87.01555901765823
86.60112816095352,86.15787184238434
97.90380591154099,89.63319408893585
87.07546919584274,86.12853080034256
85.13715416193008,86.93784582614899
86.95784193277359,86.41315805912018
99.27852416038513,91.38847583532333
87.69221210479736,86.62378787994385
87.23389703035355,88.09910297393799
85.90658187866211,84.57541811466217
91.87526911497116,85.10673087835312
86.1579572558403,84.58104276657104
85.64564543962479,89.42835456132889
103.54032391309738,91.62567609548569
87.04697996377945,85.21302002668381
91.1446658372879,83.94833415746689
87.20635277032852,86.70164722204208
85.34103947877884,86.25096052885056
95.75471687316895,88.04128313064575
87.27837944030762,83.8326205611229
89.80406296253204,87.89993703365326
92.45774108171463,84.06125891208649
99.31542479991913,90.38957518339157
89.78410941362381,84.30989056825638
86.47379434108734,85.17320567369461
89.03548204898834,83.27951794862747
84.57816982269287,83.4958301782608
84.73185658454895,86.48914343118668
84.90554547309875,84.83645451068878
102.2992252111435,92.25577479600906
94.32288402318954,86.17611598968506
90.99556785821915,83.6524321436882
88.64925450086594,87.36874550580978
86.58194100856781,85.12205898761749
100.30961894989014,87.74538105726242
110.29727363586426,104.01772636175156
86.59895813465118,86.73504185676575
87.2526428103447,84.54335719347
97.25832968950272,91.51867032051086
84.41301625967026,83.99398374557495
86.69669938087463,87.6373006105423
85.77638673782349,83.46461325883865
86.37407284975052,83.08892714977264
94.93575251102448,88.62024748325348
86.9604240655899,86.29857593774796
101.2620998620987,93.97890013456345
86.85975682735443,86.13924318552017
90.06943982839584,86.48556017875671
87.66812574863434,87.90587425231934
87.04381185770035,83.56718814373016
106.16149288415909,90.85750710964203
93.7971533536911,88.4068466424942
85.69083428382874,87.45716571807861
87.34452027082443,84.17347973585129
99.64720660448074,93.8897933959961
84.52389198541641,86.18110799789429
86.06657856702805,86.45242142677307
85.18326580524445,84.1687341928482
85.89295357465744,83.90404641628265
86.00864094495773,85.00935906171799
85.40432929992676,86.1516706943512
92.50200980901718,89.05299019813538
88.5636796951294,87.15932029485703
90.45835745334625,84.48664253950119
86.79704248905182,89.81395751237869
86.96972787380219,84.64127212762833
92.45740902423859,87.95059096813202
90.01808005571365,86.22191995382309
86.24575978517532,86.62424021959305
85.64144551753998,84.15555447340012
106.42413121461868,91.83486878871918
99.22681701183319,84.7741829752922
85.58350276947021,84.4344972372055
84.29418909549713,85.39181089401245
85.35487669706345,83.68212330341339
86.91656255722046,83.7514374256134
84.94024854898453,85.31875145435333
86.44593459367752,84.14706540107727
90.08061271905899,86.34438729286194
89.97629380226135,86.32070618867874
86.35197979211807,87.5180202126503
85.59866136312485,82.71633863449097
87.99434661865234,86.32065337896347
92.1110207438469,87.74197924137115
88.44969457387924,90.51330542564392
90.15837526321411,83.72962474822998
110.03505820035934,91.29894179105759
88.80074310302734,84.92225688695908
86.73142766952515,88.63857233524323
86.70111310482025,85.07788687944412
94.66879987716675,85.83120012283325
86.58248507976532,84.45451492071152
85.08817201852798,87.61582797765732
83.90885925292969,84.14614075422287
99.15553790330887,90.93746209144592
94.27120345830917,85.0977965593338
86.36988282203674,88.90711718797684
85.46856832504272,84.86443167924881
91.27125334739685,85.84074664115906
96.55492866039276,89.15007132291794
88.81858950853348,88.18041050434113
93.99227237701416,85.02672761678696
103.53495621681213,94.39204376935959
86.18864077329636,84.81235921382904
86.39732563495636,85.58367437124252
85.44101250171661,84.18898749351501
82.66870045661926,83.64629954099655
83.13638705015182,83.54761296510696
85.60607469081879,85.63492530584335
83.37076151371002,85.1472384929657
115.46943938732147,96.75256061553955
98.49308651685715,90.50591349601746
86.77675819396973,90.24224179983139
86.98644363880157,85.03155636787415
86.2701296210289,85.95187038183212
94.12780785560608,90.90919214487076
85.42946976423264,90.88453024625778
87.91715317964554,83.04584681987762
101.5518388748169,92.68816113471985
88.5585246682167,87.08947533369064
85.1202102303505,86.8797897696495
89.10689610242844,82.44910389184952
86.00158196687698,86.776418030262
85.52526611089706,84.28973388671875
85.60595214366913,86.45004785060883
86.74063909053802,83.07436090707779
103.33931654691696,94.95668345689774
91.45597165822983,85.39602833986282
86.25765770673752,86.63034230470657
85.63434398174286,85.06865602731705
97.78802961111069,86.65597039461136
97.40470373630524,90.05829626321793
85.46636635065079,88.23663365840912
87.26805198192596,84.7869480252266
101.05173736810684,99.05926263332367
85.13142400979996,84.8315759897232
85.52610951662064,89.02889049053192
87.51379573345184,83.65220427513123
85.96348226070404,84.980517745018
85.67316836118698,85.34583163261414
85.17885529994965,85.78314471244812
86.8335429430008,85.59245705604553
103.94922035932541,93.19877964258194
103.78887748718262,86.34012252092361
86.18356317281723,88.59443682432175
84.87425011396408,86.88474988937378
86.58393579721451,86.37906420230865
95.92261135578156,88.83538866043091
85.52127504348755,91.60772496461868
83.87895959615707,86.47304040193558
102.93964296579361,91.54035705327988
88.64932888746262,84.14667111635208
83.0630150437355,86.52998495101929
84.56870150566101,84.85729849338531
85.07438868284225,83.72161132097244
84.71007424592972,83.75392574071884
84.12276113033295,85.74723887443542
85.09144848585129,84.46355152130127
102.78212463855743,93.58787536621094
90.26978081464767,85.49021917581558
88.79446756839752,87.61353242397308
83.26315343379974,84.21884655952454
88.97183853387833,86.93516147136688
95.14451205730438,89.81848794221878
85.22417277097702,87.92282724380493
85.58185708522797,86.5841429233551
101.97654277086258,91.94845724105835
85.2052293419838,84.1837706565857
85.35891443490982,86.84508556127548
83.88259309530258,83.87640690803528
86.88927990198135,84.57372009754181
84.96796602010727,85.05003398656845
85.45565265417099,85.50734734535217
85.38734066486359,86.88965934515
103.96801924705505,94.69898074865341
90.75067549943924,89.00832450389862
86.6633608341217,87.28063917160034
87.50304788351059,84.77395212650299
88.12073397636414,86.25026601552963
93.07040858268738,89.13359141349792
88.3170679807663,85.55393201112747
86.17474722862244,86.41825276613235
98.06943118572235,93.06056880950928
86.22311216592789,84.61088782548904
87.02479845285416,86.41920155286789
82.1604854464531,85.67351454496384
84.83317309617996,84.20482689142227
83.6898592710495,84.93914073705673
84.97354686260223,85.24845314025879
85.72023469209671,84.98376530408859
106.31891119480133,92.66308879852295
93.78756105899811,87.37943893671036
86.01524192094803,91.68875807523727
83.65092742443085,84.68307256698608
88.67461287975311,86.7323871254921
84.07029587030411,85.76370412111282
86.6119778752327,91.20202213525772
85.82165616750717,85.47434383630753
98.0493375658989,91.0426624417305
84.96302455663681,85.5559754371643
86.4877102971077,85.58628970384598
84.84439760446548,84.9326024055481
85.6470832824707,84.46391671895981
84.26376765966415,84.27323234081268
84.95445430278778,88.67454570531845
85.88614064455032,84.3358593583107
84.76282578706741,85.99617421627045
94.30550771951675,86.8424922823906
86.68118697404861,86.91081303358078
83.68687230348587,85.46112769842148
87.19355875253677,87.0844412446022
85.84724199771881,84.04175800085068
95.88892024755478,90.1840797662735
94.30258446931839,88.21541553735733
102.32726323604584,96.24673676490784
88.59194993972778,86.00005006790161
87.35763621330261,88.84636378288269
85.14032232761383,84.41467767953873
85.72001057863235,85.09398943185806
82.94869601726532,84.977303981781
85.51038324832916,85.17461675405502
85.70007020235062,84.87292981147766
86.09475469589233,84.7382453083992
103.63843238353729,90.8625676035881
87.06909346580505,91.04090654850006
84.48377931118011,84.77622067928314
86.17446404695511,88.0295359492302
84.47614753246307,85.5978524684906
103.6118249297142,97.0921750664711
85.72847872972488,88.01252126693726
97.67816239595413,92.70983761548996
88.81384897232056,85.4451510310173
88.22753411531448,88.51346588134766
84.56621944904327,86.82278054952621
84.8129072189331,85.41009277105331
84.59659188985825,84.29240810871124
81.93527793884277,85.82372206449509
80.03396439552307,82.89303559064865
82.6686497926712,84.0353502035141
107.04532808065414,98.63967192173004
85.06898009777069,89.33801990747452
84.92666536569595,85.57333463430405
88.39535063505173,88.47464936971664
86.99503350257874,86.26496648788452
96.77770400047302,93.40729600191116
87.4503653049469,88.27263468503952
98.17804771661758,90.54495227336884
83.9607350230217,86.55626499652863
85.61542016267776,89.23657983541489
84.17610639333725,85.00889360904694
84.88679414987564,84.91020584106445
83.85548043251038,84.82951956987381
84.58316773176193,87.73183226585388
85.25585502386093,84.2821449637413
85.66854226589203,86.09045773744583
107.10022109746933,92.825778901577
87.30987685918808,91.74512314796448
84.96356153488159,85.7214384675026
87.56224685907364,88.58575314283371
85.56793087720871,85.11806911230087
96.22160565853119,91.18539434671402
86.20826667547226,89.12473332881927
103.69595009088516,93.98904991149902
86.66463351249695,87.76136648654938
87.07831424474716,89.66268575191498
84.80599796772003,85.43500202894211
85.96068400144577,85.2063159942627
84.02036702632904,84.58963298797607
84.47105306386948,86.28794693946838
85.49573892354965,85.83726108074188
87.92742568254471,88.42457431554794
108.96910208463669,95.3628978729248
84.4197546839714,90.50524532794952
89.05543607473373,86.62956392765045
87.93212008476257,87.51287990808487
82.73380160331726,84.45119839906693
97.61048084497452,90.85351914167404
92.28214329481125,87.79185670614243
99.38082897663116,93.32317101955414
91.97851532697678,84.61348468065262
86.96620154380798,87.40379846096039
83.93588680028915,84.49111318588257
85.32957196235657,86.48442804813385
83.20625603199005,86.68374395370483
85.48993974924088,88.43706023693085
84.62462437152863,86.78237563371658
85.81631070375443,84.22168928384781
108.15398758649826,92.79001241922379
86.8456404209137,90.58035957813263
84.16632503271103,84.94467496871948
88.6340109705925,86.60598903894424
83.58569347858429,84.45230650901794
93.99836951494217,91.00163048505783
86.09703069925308,87.64396929740906
99.04671394824982,98.13828605413437
84.73840010166168,85.3555998802185
87.96608537435532,86.21891462802887
83.69377136230469,85.25022864341736
84.55145764350891,84.7635423541069
83.09414207935333,84.86885792016983
83.50782895088196,87.14117103815079
84.54951649904251,84.54248350858688
85.7041962146759,85.23980379104614
109.83887267112732,95.25312733650208
87.08552247285843,91.32147753238678
87.38820725679398,84.75979274511337
86.91189259290695,86.90210741758347
83.80657660961151,87.5084233880043
84.73826080560684,86.83573919534683
89.13294327259064,86.86705672740936
98.37962257862091,94.49037742614746
83.79330974817276,86.44769024848938
86.13199603557587,87.88600397109985
85.87868171930313,85.99231827259064
85.47636765241623,85.04163235425949
86.11205184459686,85.81394815444946
85.1737385392189,86.65926146507263
84.99441981315613,87.15358018875122
85.11110669374466,84.1488932967186
109.2277843952179,98.14221560955048
85.47443372011185,92.08156627416611
83.14611864089966,85.35288137197495
86.39280253648758,86.99519747495651
85.10248416662216,88.30451583862305
83.20117002725601,87.79882997274399
93.44684910774231,89.03415089845657
99.50851535797119,93.176484644413
85.16220164299011,86.37479835748672
85.74288588762283,89.0901141166687
83.41457176208496,85.82542824745178
84.67925864458084,84.70874136686325
84.59394443035126,85.01805555820465
85.4886314868927,86.56836849451065
87.5853168964386,85.32168310880661
83.57400315999985,85.92599684000015
96.80068510770798,92.69931489229202
87.7513542175293,89.78564578294754
84.072036921978,84.59496307373047
87.54072266817093,89.32927733659744
86.99040454626083,87.37959545850754
88.27409023046494,86.72590976953506
102.02176666259766,90.47923332452774
102.73042446374893,95.76957553625107
91.94010746479034,87.07789254188538
85.11279314756393,88.88820683956146
85.34047818183899,85.49252182245255
84.71716207265854,85.74683791399002
85.24084675312042,85.42615324258804
84.95053380727768,86.92046618461609
84.88222032785416,85.74777966737747
86.14690715074539,85.37209284305573
89.7635949254036,87.38440507650375
92.65827596187592,90.76772403717041
83.9789507985115,86.07604920864105
86.87363523244858,89.25536477565765
85.91631722450256,86.56568276882172
85.36700320243835,87.29999679327011
94.81768238544464,89.44331759214401
98.91534769535065,92.21365231275558
85.18003302812576,87.96796697378159
87.12971794605255,86.9252820611
83.02439779043198,87.344602227211
85.88308310508728,85.78391689062119
85.27676665782928,85.57423335313797
84.31945163011551,86.75454837083817
85.3251388669014,85.766861140728
82.71982485055923,85.89017516374588
88.54151272773743,85.99648725986481
99.30618989467621,95.84181010723114
83.36684721708298,87.26215279102325
86.0585333108902,88.86746668815613
81.87921613454819,84.76878386735916
84.80990260839462,89.80009740591049
96.14958035945892,89.42441964149475
101.32223880290985,97.8257611989975
84.86492449045181,88.50507551431656
82.14860779047012,87.62939220666885
87.45129436254501,84.41970562934875
87.10398125648499,86.15501874685287
84.70266580581665,85.70433419942856
84.15335232019424,86.38464766740799
84.84404003620148,85.11895996332169
85.70172536373138,87.63227462768555
90.33641046285629,85.69958955049515
101.04708749055862,96.26791250705719
84.81174474954605,86.44725525379181
86.76143020391464,87.36756980419159
88.73011362552643,88.4918863773346
84.3657990694046,87.50420093536377
96.20447546243668,88.64752453565598
97.72913759946823,93.86386239528656
86.79082268476486,87.09817731380463
83.4625079035759,86.46249210834503
83.78319442272186,85.03180557489395
85.88088154792786,85.04411846399307
84.86856633424759,91.14943367242813
84.17125123739243,87.82974874973297
86.41793686151505,84.3230631351471
84.01562345027924,85.72437655925751
88.836310505867,86.75668948888779
103.50898760557175,97.8430123925209
84.5696410536766,87.57835894823074
86.50132417678833,88.4236758351326
84.56400495767593,86.43699502944946
84.68069106340408,87.8023089170456
102.27837002277374,90.6666299700737
95.35802853107452,92.1599714756012
90.77171385288239,85.15528613328934
85.11039900779724,93.8346009850502
83.43108522891998,85.99491477012634
83.84377175569534,85.67422825098038
85.51645517349243,88.57654482126236
84.31914120912552,86.99685877561569
84.41682732105255,88.21317267417908
84.86651480197906,85.41148519515991
88.79920202493668,86.01679795980453
101.60088020563126,99.4551197886467
83.42153573036194,86.74446427822113
87.16821986436844,89.01778012514114
84.39590030908585,85.77109968662262
83.29058146476746,87.48741853237152
88.85126340389252,88.2587366104126
94.43193238973618,87.90206760168076
86.88260924816132,86.08139073848724
83.18429344892502,90.37170654535294
84.15198069810867,85.43901932239532
84.76966726779938,86.100332736969
85.25735050439835,85.83564949035645
86.87303584814072,87.55196416378021
89.28672176599503,85.28727823495865
84.36640852689743,85.98559147119522
89.1130959391594,84.92390406131744
101.93377411365509,97.9552258849144
83.92142826318741,86.93057173490524
90.83411377668381,92.01788622140884
87.52479308843613,87.1972069144249
83.864477455616,89.04352253675461
84.90716481208801,85.66683518886566
91.09784597158432,88.64315402507782
86.32552182674408,91.02547818422318
82.72021079063416,90.22478920221329
83.42989933490753,87.45910066366196
85.75058686733246,86.32341313362122
84.51527208089828,85.98472791910172
86.35395836830139,89.68204164505005
86.0636458992958,86.6393541097641
84.44033461809158,84.5416653752327
88.87202256917953,85.42497742176056
97.45170444250107,100.54829555749893
84.21736592054367,87.3576340675354
89.46404975652695,93.03695023059845
84.69073289632797,86.40126711130142
82.88141930103302,87.76558071374893
82.25810652971268,86.05589348077774
95.00479072332382,93.05120927095413
90.39946353435516,87.54453647136688
82.73814928531647,88.94685071706772
82.76283705234528,88.47816294431686
83.50952506065369,86.36147493124008
84.58921253681183,85.07778745889664
82.59490126371384,86.86809873580933
84.24859046936035,85.73240953683853
84.9582771062851,83.67172288894653
89.66796314716339,86.05503684282303
93.3766456246376,97.77135437726974
84.79031187295914,90.32068812847137
86.29598927497864,89.33401072025299
83.52367347478867,86.79032653570175
83.64136207103729,88.34063792228699
92.77604955434799,85.4089504480362
91.01040202379227,85.97159796953201
86.1630887389183,88.07691127061844
84.24377691745758,86.10822308063507
85.15746623277664,84.76853376626968
82.40415477752686,86.61484521627426
84.76184356212616,87.96115642786026
83.98953104019165,87.82646894454956
85.10621970891953,85.39378029108047
89.130908370018,85.61109161376953
92.00659823417664,88.95640176534653
84.54928630590439,87.0437136888504
87.60996896028519,89.68603104352951
87.09765189886093,87.80934810638428
85.12233674526215,89.5256632566452
83.75702452659607,85.55697548389435
92.92970842123032,94.10729157924652
84.51038187742233,95.56461811065674
83.57106965780258,94.02193033695221
85.46475774049759,88.29324227571487
84.95244514942169,87.51055485010147
83.05113190412521,87.87486809492111
82.77882301807404,89.68317699432373
84.0445128083229,89.5664871931076
82.90220183134079,89.76479816436768
89.11089146137238,87.44410854578018
98.09858083724976,99.19741916656494
96.64126473665237,98.7297352552414
86.07292377948761,91.59307622909546
81.00460755825043,90.58739244937897
76.62129712104797,87.0447028875351
82.27498632669449,87.15101367235184
96.42966359853745,93.7183364033699
84.84232652187347,90.74967348575592
83.01501488685608,89.89298510551453
82.9467037320137,86.73829627037048
84.41439110040665,88.21360886096954
84.56908047199249,89.78291952610016
83.11276948451996,88.16523051261902
84.43245816230774,87.45654183626175
82.97614645957947,87.04285353422165
89.14783543348312,86.64916455745697
95.33851903676987,95.95748096704483
105.45619350671768,95.76680648326874
86.12783795595169,91.35316205024719
85.2635206580162,88.68047934770584
85.34320652484894,89.50779348611832
84.75689440965652,87.48410558700562
97.0215715765953,93.83042842149734
90.8792285323143,91.73177146911621
82.32890570163727,92.6340942978859
83.11259025335312,85.3134097456932
84.41527533531189,87.84472465515137
85.97595983743668,87.3010401725769
83.2966457605362,90.14835423231125
85.22833251953125,85.77166748046875
84.88201922178268,89.15498077869415
90.51770585775375,89.26029413938522
91.91239166259766,89.01360833644867
99.49207013845444,94.26692986488342
86.99772369861603,92.98327630758286
84.63340502977371,87.40359497070312
85.41708970069885,88.37991029024124
89.03377676010132,87.4842232465744
87.29846370220184,87.6455363035202
94.73114311695099,89.5658568739891
84.08782142400742,89.00417858362198
84.01950263977051,85.96249735355377
84.85819005966187,89.08580994606018
82.32687503099442,88.70912498235703
85.57356172800064,87.77843827009201
85.59824866056442,86.66075134277344
83.0669332742691,87.37806671857834
89.47961765527725,86.03838235139847
90.24530267715454,92.05169731378555
103.08398115634918,95.24901884794235
90.55363041162491,93.41036957502365
83.78030627965927,87.94169372320175
84.28599292039871,88.17600709199905
84.73767870664597,87.6333212852478
87.39136326313019,86.81263673305511
99.80404162406921,95.17795836925507
83.7907007932663,89.24629920721054
87.90838623046875,87.0356137752533
83.5810711979866,87.34592878818512
83.3267570734024,86.63524293899536
83.03644305467606,88.0185569524765
83.91312950849533,86.32787048816681
83.23281687498093,85.52618312835693
89.53549683094025,86.79750317335129
95.50318336486816,92.959816634655
102.06586068868637,97.56413930654526
89.92251354455948,91.3544864654541
83.57719242572784,87.33080756664276
83.9898766875267,90.306123316288
84.69856357574463,85.94843643903732
86.87124907970428,86.88775092363358
98.1189249753952,96.01207500696182
82.67958205938339,90.52441793680191
83.70326483249664,88.22273516654968
83.3949511051178,87.01204890012741
107.19662725925446,102.30337274074554
87.05426394939423,90.81673604249954
83.31994777917862,85.14405220746994
85.93663555383682,87.86036443710327
90.14532202482224,89.1876779794693
96.31800955533981,93.86699044704437
100.76868915557861,101.89831084012985
87.6633460521698,90.28165394067764
85.53902846574783,86.44297152757645
83.58171439170837,87.28828561306
84.43940043449402,87.44859957695007
87.26008784770966,89.36891216039658
95.43276882171631,97.78923118114471
83.10443407297134,90.21056592464447
83.29512172937393,85.66687828302383
84.15280842781067,84.6051915884018
87.01049560308456,85.43250441551208
82.55318111181259,87.61281889677048
83.07786875963211,84.66313123703003
82.3245580792427,87.19344192743301
91.42224752902985,87.7257524728775
117.40993344783783,86.88606655597687
94.2306158542633,102.95438414812088
87.9402785897255,89.09672141075134
85.05696034431458,85.38703966140747
83.35964739322662,88.6593526005745
89.53233605623245,86.59766393899918
84.92702436447144,87.53697562217712
98.63570415973663,97.06829583644867
83.28936916589737,94.21063083410263
86.27705645561218,86.51994353532791
84.02373856306076,87.16226142644882
84.9924253821373,86.32257461547852
86.25711178779602,87.02088820934296
83.74379867315292,85.81120133399963
83.89848721027374,85.52751278877258
88.05217629671097,86.8188236951828
91.05786454677582,91.68313544988632
83.28655326366425,86.30644673109055
86.99523860216141,96.44876140356064
84.77892112731934,87.48007887601852
84.21060991287231,87.41939008235931
84.56829679012299,86.07970321178436
87.09198427200317,87.74101573228836
95.45066577196121,95.1603342294693
85.75233209133148,90.06266790628433
83.96201831102371,86.5569816827774
88.04170668125153,87.03229331970215
85.32538795471191,86.10161203145981
83.68307435512543,87.52092564105988
85.61376386880875,88.64523613452911
83.7314503788948,88.36054962873459
88.82913702726364,88.33686298131943
99.29882615804672,93.09117382764816
83.39651250839233,85.82548749446869
99.42119234800339,97.74580764770508
84.75985658168793,88.70314341783524
82.84054267406464,89.51245731115341
91.6972296833992,86.26577031612396
82.4999173283577,85.51908266544342
92.82060098648071,96.27239900827408
84.08526873588562,92.82273125648499
84.10895425081253,90.35404574871063
83.207634806633,87.86636519432068
82.9723225235939,85.69467747211456
85.79301112890244,87.39198887348175
82.0946968793869,84.86730313301086
86.60138255357742,86.71361744403839
89.05206799507141,87.28193199634552
96.64975702762604,93.92424297332764
82.39544540643692,86.39955461025238
99.60512554645538,102.80187445878983
84.83378618955612,89.7962138056755
82.82047182321548,92.4565281867981
82.86416059732437,86.2108393907547
86.05384784936905,89.22315216064453
85.00453668832779,85.95846331119537
87.21422183513641,91.43377816677094
90.94190639257431,86.91009360551834
83.2995896935463,87.75541031360626
83.26827836036682,86.49072164297104
83.92296725511551,89.33603274822235
81.90965616703033,86.47934383153915
82.37834483385086,86.13965517282486
90.75403314828873,85.59696686267853
91.40872174501419,89.64727824926376
84.84040927886963,85.67759072780609
102.29008758068085,100.39491242170334
85.11074638366699,91.13025361299515
84.67243278026581,88.95756721496582
87.69612050056458,87.89587950706482
87.72080844640732,89.0011915564537
89.09749323129654,89.42150676250458
91.49217796325684,96.19382202625275
89.05285274982452,89.61414724588394
83.37353974580765,86.73846024274826
84.78622841835022,84.99177157878876
84.9779172539711,87.35608273744583
90.85360395908356,86.23839604854584
81.65529173612595,86.65870827436447
89.7909784913063,87.58002150058746
92.59266465902328,88.05433535575867
81.80335396528244,88.9376460313797
96.41903513669968,99.80196487903595
81.96169584989548,88.66730415821075
80.63438302278519,89.550616979599
82.71407145261765,86.95192855596542
86.18275874853134,87.63124126195908
84.13344550132751,86.55155450105667
89.0651284456253,97.50887155532837
82.73780101537704,87.42919898033142
89.9104882478714,90.14551174640656
82.56417101621628,86.8058289885521
84.08786022663116,86.72613978385925
81.6675472855568,87.77645272016525
84.19223594665527,90.49276405572891
85.93892341852188,86.06207656860352
95.85161203145981,92.49938797950745
92.56129992008209,85.45770007371902
105.82697868347168,102.1550213098526
83.40563809871674,87.53836190700531
83.41132336854935,88.01367664337158
83.17701131105423,86.4529886841774
85.51669842004776,85.50230157375336
86.46538591384888,86.07061409950256
90.58306896686554,98.69493103027344
84.75574231147766,87.68925768136978
85.82777053117752,89.96822947263718
88.25945556163788,87.6095444560051
85.04414087533951,87.88285911083221
86.73482620716095,92.67217379808426
102.94351345300674,93.63048654794693
87.43120193481445,87.06879806518555
103.99287760257721,96.80412238836288
84.8505271077156,87.6494728922844
84.31921178102493,88.94078820943832
98.25089859962463,89.0831013917923
85.21858328580856,87.55841672420502
82.61326760053635,87.10773241519928
103.43494516611099,93.69505482912064
84.56959873437881,87.18940126895905
83.3902839422226,88.33171606063843
83.11896985769272,87.45603013038635
84.03165769577026,88.80234229564667
82.0553457736969,85.85065424442291
82.41403323411942,88.12396675348282
85.7707211971283,86.37727880477905
94.83240985870361,89.81559014320374
82.19009733200073,85.49490267038345
101.88077485561371,96.84122514724731
87.20142650604248,88.81657350063324
83.04010659456253,88.0898934006691
86.93579363822937,86.2312063574791
85.79248017072678,86.96651983261108
88.7801593542099,87.08984065055847
97.04583901166916,92.84316098690033
92.62449896335602,94.52350103855133
83.96418404579163,87.29481595754623
86.06287002563477,87.58512997627258
83.71655660867691,88.0994433760643
82.9442447423935,88.38975524902344
82.22792917490005,86.8280708193779
85.52961683273315,86.13638317584991
92.53630512952805,89.14969485998154
83.93099302053452,86.77400696277618
86.84267920255661,89.69332081079483
89.0343564748764,87.81664353609085
83.42903274297714,88.42296725511551
81.98972028493881,89.78727972507477
89.66340625286102,88.0595937371254
84.53908634185791,87.64591366052628
92.02675920724869,94.58524078130722
86.58742195367813,89.22757804393768
83.33410257101059,89.83289742469788
82.46878963708878,87.47521036863327
82.27147805690765,89.00652194023132
91.29616719484329,87.57483279705048
85.17185479402542,86.7541452050209
86.54754227399826,87.08145773410797
99.6462294459343,94.07677054405212
83.74391651153564,86.08908349275589
90.36159992218018,92.28640007972717
101.77426445484161,98.0407355427742
84.52091360092163,92.14608639478683
82.21159809827805,86.84340190887451
85.75428450107574,89.46771550178528
84.79797130823135,87.07302868366241
81.8596585392952,87.8443414568901
87.95734167098999,89.54265832901001
83.31501466035843,89.88898533582687
80.63569927215576,87.10530072450638
82.45638650655746,88.210613489151
83.09107273817062,86.11192727088928
82.50475597381592,86.99524402618408
87.4174433350563,88.56355667114258
99.86813139915466,93.40986859798431
91.37381970882416,87.70018029212952
86.56450653076172,88.78749346733093
101.34818077087402,95.42881923913956
78.33583253622055,90.42316746711731
81.85951912403107,88.95548087358475
92.06920623779297,92.33879375457764
88.37089163064957,87.0921083688736
83.17357903718948,87.69742095470428
94.66025793552399,91.26574206352234
85.72091776132584,89.27808225154877
83.9126027226448,86.80939728021622
84.41828912496567,88.655710875988
87.73897510766983,86.98302489519119
85.28166061639786,86.71833938360214
88.17734438180923,86.84165561199188
95.14503139257431,88.07696861028671
88.90971916913986,88.23828083276749
84.93440461158752,87.5835953950882
103.42207849025726,93.70792150497437
85.77872920036316,91.12827080488205
91.89641398191452,87.30758601427078
86.1430995464325,88.20890045166016
84.7967848777771,88.31421512365341
86.61747056245804,90.58652943372726
93.12314838171005,89.89585161209106
85.20181220769882,88.85318779945374
84.22749644517899,87.3655035495758
82.93718242645264,94.17481756210327
87.83087021112442,86.72512978315353
83.41155713796616,87.79244285821915
85.54624450206757,85.87975549697876
91.77393221855164,89.54106777906418
82.76162058115005,86.68337941169739
95.50830662250519,90.30669337511063
96.2539701461792,91.48602986335754
85.74162822961807,90.35037177801132
81.15531075000763,89.78968924283981
84.01299387216568,88.61700612306595
84.2036805152893,87.37031948566437
84.28336560726166,88.69763439893723
100.9180418252945,91.50695818662643
84.0357033610344,89.24229663610458
83.6343885064125,88.08761149644852
84.17607325315475,88.28592675924301
86.68275845050812,87.05824154615402
85.42944598197937,86.47855401039124
85.58213293552399,86.58386707305908
97.773821413517,95.54117858409882
82.13150864839554,86.68349134922028
86.15619522333145,88.36280477046967
97.30987042188644,95.59812957048416
84.16752904653549,91.99947094917297
81.33921498060226,87.73478502035141
85.34589904546738,90.32110095024109
84.94358330965042,90.37041670084
85.46827036142349,89.45772963762283
96.1039497256279,91.67405027151108
84.88761103153229,88.05738896131516
83.59629392623901,87.49570608139038
82.95398044586182,89.5650195479393
88.97766751050949,87.48433250188828
83.57635545730591,87.60864454507828
86.74904268980026,85.84395730495453
97.77372992038727,95.26427006721497
83.42641860246658,85.98058140277863
85.47010391950607,89.03089606761932
96.4757793545723,95.17222064733505
87.33243590593338,93.11056411266327
81.63511574268341,88.51288425922394
84.06780070066452,89.28419929742813
83.60948783159256,86.81551218032837
82.74517422914505,89.05082577466965
95.08485287427902,90.52714711427689
85.27451384067535,89.53948616981506
83.46619552373886,89.292804479599
83.97188138961792,91.2501186132431
81.62556850910187,87.20743149518967
81.98424971103668,86.27575027942657
85.48993748426437,87.02906250953674
92.92162603139877,89.48637396097183
88.77831518650055,87.75868481397629
86.0440029501915,89.88199704885483
89.64168095588684,91.89531904459
85.64735019207001,91.88864982128143
82.74603253602982,87.42096745967865
83.08571887016296,86.2852811217308
83.35040491819382,87.53859508037567
83.56009244918823,92.19990754127502
90.49177128076553,92.62022870779037
90.57043993473053,88.22556006908417
83.68811774253845,88.40488225221634
82.91580492258072,91.32519507408142
81.57049256563187,86.22650742530823
84.81617921590805,87.46182078123093
87.9148633480072,88.0851366519928
93.80954897403717,89.02345103025436
82.37023693323135,86.59176307916641
84.3759234547615,89.06707656383514
82.56760841608047,87.5063915848732
89.16629129648209,91.40870869159698
89.96796596050262,86.94003403186798
84.8986502289772,88.73034977912903
83.59032917022705,90.39067083597183
81.76301515102386,89.29298484325409
83.45370262861252,87.95429736375809
91.58938109874725,88.6696189045906
85.68805199861526,88.90494799613953
82.47073715925217,89.492262840271
81.60642510652542,87.48657488822937
81.96411293745041,86.3508870601654
85.43279975652695,88.08520025014877
97.84548687934875,94.87651312351227
81.98117470741272,87.22182530164719
86.41285997629166,87.23514002561569
82.73354190587997,88.06245809793472
98.40522176027298,97.8717782497406
82.98587930202484,90.14412069320679
83.88056373596191,87.36043626070023
84.2372482419014,86.46575176715851
81.94693464040756,91.97806537151337
91.15662062168121,89.19537937641144
93.97729873657227,91.1897012591362
85.96495980024338,90.405040204525
84.43364524841309,88.9553547501564
82.18033254146576,87.02366745471954
80.46402114629745,88.01797884702682
86.39570885896683,86.14129114151001
98.4563964009285,92.48860359191895
82.29608458280563,87.50091540813446
83.91177123785019,87.43922877311707
82.80645447969437,88.1555455327034
99.70213502645493,97.81686496734619
85.31879192590714,89.18120807409286
86.04647505283356,88.97152495384216
84.38615828752518,87.11484169960022
81.18784481287003,87.51515519618988
82.50853139162064,87.60346859693527
91.44021052122116,91.59678947925568
83.70487129688263,88.49912869930267
84.37755453586578,88.47444546222687
92.4762407541275,87.20975923538208
85.59292769432068,87.25907230377197
86.76561343669891,86.40138655900955
93.66030073165894,88.69269925355911
82.94298839569092,86.61201161146164
83.11567467451096,86.9393253326416
81.01035839319229,87.10064160823822
100.07103687524796,96.39096313714981
83.79969227313995,88.57130771875381
85.54537546634674,92.32362455129623
84.20005965232849,87.11494034528732
82.42774593830109,88.79425406455994
83.19343322515488,86.04756677150726
92.58810567855835,91.52289432287216
83.87176620960236,90.81323379278183
84.08045089244843,89.36354911327362
84.9011372923851,87.24686270952225
84.87082487344742,87.00117510557175
86.39351224899292,86.01348775625229
93.38688760995865,88.27911239862442
86.48557329177856,92.55142670869827
83.45425701141357,89.71274298429489
99.53393650054932,99.09506350755692
82.31759434938431,92.51540565490723
84.00827831029892,88.3057217001915
85.75496333837509,88.07903665304184
81.85364872217178,93.55335128307343
81.65533697605133,86.78966301679611
90.3090169429779,91.1909830570221
85.09267914295197,88.40732085704803
83.67336249351501,89.23463749885559
83.30904847383499,88.41395151615143
84.62873423099518,88.11226576566696
88.50441837310791,89.23658162355423
94.91810464859009,96.89689534902573
84.38579106330872,86.68720895051956
83.8554755449295,87.38552445173264
81.93515932559967,87.06484067440033
98.66283810138702,97.6511619091034
92.07649600505829,89.77550399303436
100.37917989492416,95.06582009792328
89.45886427164078,86.76413571834564
82.63055092096329,87.81344908475876
82.84023785591125,86.25276213884354
92.67891716957092,90.50608283281326
84.90757757425308,91.8704224228859
83.06126129627228,87.84573870897293
84.17794632911682,87.45105367898941
84.79463231563568,87.44536769390106
88.50431728363037,89.90368270874023
100.38000321388245,92.15699678659439
83.03469038009644,87.52130961418152
84.57637518644333,87.68162482976913
83.86105823516846,91.04694175720215
98.29173803329468,95.35526198148727
82.96439737081528,89.3126026391983
83.78608042001724,86.26991957426071
87.49575918912888,89.83924078941345
84.8334431052208,87.94455689191818
91.50612771511078,86.4758722782135
91.0858079791069,90.7101920247078
85.09247517585754,92.16752481460571
82.93115484714508,89.43884515762329
83.56584167480469,87.28615832328796
82.25653040409088,86.70546960830688
87.72621715068817,88.58878284692764
90.9719027876854,87.89809721708298
86.16259241104126,86.41040760278702
82.92827785015106,87.38672214746475
79.45296221971512,88.10203778743744
90.75464433431625,90.96835571527481
87.68631213903427,87.66568785905838
84.28499406576157,88.2900059223175
84.67867636680603,89.41332364082336
81.55636322498322,86.29663676023483
82.39505171775818,85.64194828271866
90.10473895072937,88.89526104927063
92.70242255926132,91.46357744932175
82.44909143447876,89.64290857315063
91.1777776479721,86.80422234535217
80.86846762895584,86.7805323600769
85.170156955719,91.18184304237366
92.21284365653992,89.0101563334465
81.84853321313858,86.15246677398682
86.3352187871933,88.868781208992
82.6189027428627,88.28809726238251
82.34659081697464,87.52340918779373
100.11227190494537,91.49972808361053
82.95093727111816,88.84606271982193
83.19762206077576,91.19137793779373
80.90730786323547,86.50069212913513
83.097995698452,87.38300430774689
81.6036816239357,87.34131836891174
94.85035794973373,92.07664203643799
82.61501777172089,87.42198222875595
82.06570225954056,88.3972977399826
81.81238901615143,86.05861097574234
81.96607649326324,89.44192349910736
94.49076372385025,93.1582362651825
92.2364531159401,88.41154688596725
83.48313665390015,88.34986335039139
85.9328208565712,91.1591791510582
82.40150719881058,87.54249280691147
109.68518435955048,97.64781564474106
84.54283827543259,88.1421617269516
82.919524371624,89.33947563171387
81.01721221208572,85.85278779268265
83.76390224695206,88.55109775066376
81.51058965921402,86.47141033411026
93.4612683057785,92.70573168992996
91.33692640066147,92.2370736002922
82.06460899114609,86.89839100837708
81.83029681444168,86.18870317935944
80.16898089647293,90.83101910352707
96.23066842556,91.19533157348633
79.07035708427429,86.85664290189743
82.85304290056229,86.8329570889473
79.72872716188431,89.14127284288406
84.67941123247147,85.76558876037598
107.61109000444412,94.62990999221802
82.28274351358414,89.2542564868927
83.23342853784561,89.72957146167755
83.22111529111862,85.44588470458984
83.70780164003372,87.53219836950302
80.58448588848114,86.98951411247253
95.42316424846649,95.59583574533463
80.9098219871521,88.25617802143097
82.06450814008713,86.69449186325073
82.12519693374634,87.54080307483673
82.2418869137764,89.03511309623718
90.34057486057281,87.75142514705658
76.38326400518417,84.81973600387573
84.9639487862587,87.8330512046814
82.85862535238266,87.8083746433258
80.71631252765656,90.28368747234344
113.79598969221115,100.63001030683517
82.41263777017593,89.8283622264862
83.47332239151001,90.04467761516571
86.83101004362106,84.85398995876312
92.5596951842308,85.99630481004715
81.87937945127487,86.02762055397034
94.51505696773529,97.24394303560257
83.68771386146545,84.9602861404419
84.19339579343796,85.08460420370102
83.82907998561859,84.37492001056671
83.64976394176483,89.387236058712
92.28445035219193,88.04854965209961
86.0681362748146,84.1358637213707
85.18582075834274,90.03717923164368
84.9135028719902,86.86449712514877
85.03018766641617,85.65481233596802
110.8138627409935,99.53813725709915
87.41151416301727,85.29148584604263
83.8431932926178,87.60080671310425
81.81187784671783,83.83512216806412
83.429563164711,84.03343683481216
82.65724831819534,85.17575168609619
94.44092446565628,91.35607552528381
83.150583922863,84.4604160785675
103.52626556158066,93.825734436512
83.97594875097275,85.57905125617981
83.25963240861893,87.53636759519577
101.06231755018234,92.10368245840073
83.99300289154053,83.65399712324142
82.03668707609177,84.27831292152405
84.35737156867981,87.0506284236908
83.67805683612823,83.63694316148758
114.16473692655563,95.85426306724548
85.46738857030869,85.03261142969131
82.88007217645645,87.00892782211304
82.86675852537155,84.63224148750305
82.65044385194778,84.42355614900589
83.52612847089767,84.17587155103683
93.6068018078804,93.5971981883049
87.64946222305298,86.07253777980804
84.67413836717606,85.8818616271019
83.4018224477768,84.54317754507065
82.85250687599182,87.33249312639236
101.04319268465042,94.14180731773376
99.25187748670578,88.74712252616882
84.20256209373474,88.3344379067421
83.13424563407898,86.53275436162949
89.12193179130554,85.47106820344925
113.92360943555832,100.48339056968689
85.33725845813751,84.92274153232574
83.76893997192383,86.3610600233078
82.12662494182587,83.89237505197525
82.76131069660187,85.51668930053711
80.89699691534042,84.28900307416916
85.51367700099945,88.17132300138474
93.18535554409027,87.05464446544647
85.61802446842194,84.32597553730011
85.56870597600937,84.82029402256012
83.16638660430908,88.70361340045929
94.11707216501236,87.08692783117294
83.52975785732269,85.34124213457108
82.03544199466705,85.03855800628662
82.96812534332275,86.68087464570999
81.67681050300598,85.43518948554993
105.16448926925659,92.28051072359085
86.9481611251831,86.62683886289597
84.60083848237991,89.2131615281105
80.9405226111412,84.15147739648819
86.07620817422867,84.18379181623459
82.97088903188705,84.19611096382141
83.56857585906982,86.41242414712906
94.5932520031929,87.98074799776077
87.96891736984253,84.30908262729645
83.97459977865219,84.80240023136139
84.01728338003159,86.00071662664413
92.96796876192093,88.03203123807907
83.67665439844131,90.71134561300278
85.62833762168884,88.2246623635292
81.0590198636055,87.0329801440239
84.08270561695099,84.13829439878464
94.25539046525955,89.41060954332352
96.63207042217255,90.66392958164215
84.00873863697052,86.9172613620758
83.7354166507721,89.59658336639404
92.35310137271881,85.8498986363411
83.32178699970245,85.47521299123764
82.92047280073166,89.69052720069885
93.64815139770508,87.77784860134125
84.56181621551514,85.53118377923965
82.95549911260605,84.91450089216232
84.18318295478821,86.79681706428528
100.18886888027191,91.10613113641739
83.15855479240417,85.5074452161789
86.86823827028275,85.39076173305511
80.68892049789429,88.36707949638367
84.26760518550873,84.63939481973648
92.77329188585281,91.2447081208229
102.31697177886963,91.49802821874619
89.19262433052063,88.99237567186356
83.5683081150055,85.74569189548492
83.49999350309372,84.48100650310516
81.76567953824997,84.9003204703331
84.23436695337296,88.5246330499649
94.29604607820511,88.88895392417908
91.78270918130875,87.38429081439972
83.17739301919937,85.15560698509216
83.59107756614685,87.4649224281311
100.09676343202591,93.45923656225204
83.63944900035858,84.99055099487305
82.4591343998909,85.18786561489105
81.37381887435913,87.97918111085892
81.35950535535812,85.52849465608597
92.58919209241867,92.893807888031
99.70586627721786,94.38713371753693
85.00652068853378,91.10447931289673
84.62420427799225,83.89479571580887
82.74089020490646,84.79610979557037
84.74657487869263,85.53142511844635
84.77125763893127,87.06174236536026
95.12793302536011,92.72306698560715
87.35559034347534,89.55140966176987
84.19626998901367,86.11972999572754
81.94195228815079,86.59504771232605
93.65163785219193,86.31136214733124
91.50932282209396,84.49067717790604
83.25600874423981,84.20799124240875
83.94669276475906,86.47930723428726
84.04537212848663,84.91762787103653
93.94005805253983,94.93094193935394
101.8157370686531,90.85126292705536
83.63639152050018,89.048608481884
81.58607488870621,83.50592511892319
85.27676010131836,85.6852399110794
82.13444483280182,85.25355517864227
83.01112991571426,88.26687008142471
95.64680963754654,88.61219036579132
84.83747005462646,85.829529941082
84.78715002536774,86.37884998321533
81.55283206701279,86.6331679224968
92.00251823663712,86.86748176813126
83.65720444917679,85.06579554080963
84.43988907337189,87.2441109418869
84.29757332801819,86.99842667579651
83.61925774812698,85.67774224281311
95.82794463634491,92.54205536842346
101.79662072658539,92.51837927103043
82.8762731552124,89.54872685670853
82.41895890235901,85.82104110717773
82.99964410066605,87.00035589933395
84.87533020973206,84.16166979074478
84.34401559829712,86.11898440122604
92.62769228219986,88.74230772256851
88.22635400295258,86.68164598941803
84.10203319787979,84.00996679067612
81.82971668243408,86.00328332185745
100.85440325737,94.36759674549103
90.28608858585358,86.10291141271591
84.49577182531357,86.74622815847397
85.33445507287979,86.99854493141174
83.82114046812057,84.14085954427719
94.27182686328888,90.19017314910889
104.5745050907135,93.57449489831924
82.26515179872513,90.42084819078445
82.6598356962204,91.50716429948807
93.36852061748505,84.7794793844223
82.5972061753273,85.75479382276535
85.95389252901077,85.67510747909546
84.92357856035233,85.07742142677307
94.31825476884842,90.36774522066116
84.32391220331192,84.71308779716492
81.45959687232971,87.28140312433243
98.465283036232,91.88771694898605
97.69296872615814,90.30703127384186
84.1246532201767,84.91234678030014
83.16733807325363,86.92566192150116
82.82102483510971,85.67897516489029
93.43871253728867,89.6362874507904
103.7953912615776,90.18560874462128
82.43104255199432,87.23495745658875
82.6777275800705,85.8222724199295
83.608413875103,84.61358612775803
82.7070996761322,84.51390033960342
83.45378530025482,86.52721470594406
85.9594709277153,84.5405290722847
105.68814784288406,89.25685214996338
85.15580129623413,87.51019871234894
82.10648107528687,87.46751892566681
95.57516658306122,87.75783342123032
84.6738532781601,86.47414672374725
83.29053920507431,84.85746079683304
84.12922370433807,86.77777630090714
82.26490843296051,83.84609156847
98.06659525632858,91.35940474271774
96.36927384138107,89.5007261633873
82.98693192005157,88.21706807613373
80.78761434555054,84.21138566732407
82.8683003783226,83.85369962453842
83.55898600816727,84.68201398849487
81.65667027235031,87.2503297328949
82.45935642719269,83.6336435675621
96.4470362663269,87.59096372127533
83.02669560909271,85.43630439043045
81.14338082075119,87.57861918210983
91.33406746387482,86.35193252563477
91.26575464010239,84.64124536514282
84.64243942499161,85.22856056690216
82.87012374401093,85.44487625360489
85.46780955791473,84.90219044685364
97.45549482107162,96.39650517702103
86.81317830085754,90.66782170534134
96.09685319662094,90.82914680242538
82.75051653385162,85.37848347425461
82.77520304918289,84.76179695129395
82.98389005661011,84.40510994195938
83.78557473421097,95.9724252820015
83.53325963020325,83.63374036550522
97.01993876695633,86.79406124353409
88.84059661626816,85.73340338468552
82.88327753543854,87.52372246980667
100.79696267843246,93.22203731536865
85.28364944458008,86.16135054826736
83.84433460235596,85.48766541481018
82.79501926898956,85.9639807343483
84.59770429134369,83.7912957072258
97.10339146852493,89.35960853099823
84.07107818126678,90.83492183685303
98.89275467395782,92.20024532079697
85.78641051054001,84.84158951044083
83.51509100198746,84.81790900230408
81.98377734422684,83.79422265291214
84.2294642329216,86.34353578090668
84.14314991235733,84.6898500919342
95.68582725524902,88.14717274904251
84.32148838043213,85.8075116276741
84.71717095375061,86.54282903671265
98.88885688781738,90.92614310979843
83.54254376888275,85.75345623493195
83.9192281961441,84.72977179288864
83.07191079854965,87.68708920478821
82.59659481048584,85.32940518856049
95.56528061628342,91.35971939563751
83.27596735954285,86.83603262901306
101.72564280033112,92.57135719060898
83.1752895116806,87.8247104883194
91.86597388982773,85.15202611684799
82.0946604013443,84.86833959817886
83.30434721708298,90.34465277194977
84.1420333981514,85.6529666185379
96.408711373806,88.24028861522675
83.9503710269928,86.80862897634506
82.08605533838272,86.00694465637207
93.90674048662186,87.00025951862335
83.32042706012726,86.47657293081284
84.45511245727539,84.28588753938675
85.23879688978195,86.44620311260223
81.725481569767,84.53251844644547
96.97316771745682,90.2498322725296
88.42285370826721,86.02114629745483
100.81752306222916,92.71947693824768
76.63817435503006,82.30682563781738
83.10686033964157,84.15313965082169
81.96454614400864,86.7764538526535
83.56223380565643,85.99276620149612
84.51291978359222,84.48708021640778
110.07459545135498,90.01840454339981
86.6542534828186,87.9577465057373
81.21493303775787,87.8590669631958
90.94261968135834,87.20538032054901
83.80030626058578,84.55069375038147
83.52899193763733,85.13800805807114
83.01667642593384,86.78032356500626
81.87336164712906,85.57063835859299
96.12004870176315,92.37995129823685
83.32973462343216,84.54026538133621
99.78041225671768,92.33158773183823
83.34106487035751,84.86193513870239
84.43975043296814,85.89424955844879
83.68543565273285,86.57356435060501
83.58111953735352,85.8258804678917
83.58580499887466,84.04319500923157
84.46249151229858,85.74150848388672
96.43117094039917,88.97582906484604
81.10383945703506,91.7671605348587
92.36952543258667,90.53847455978394
91.8372095823288,84.01479041576385
83.71389555931091,84.43410444259644
83.181580722332,86.44741928577423
84.28026223182678,84.51573777198792
97.24994868040085,94.71405130624771
86.49563562870026,85.43036437034607
100.53931325674057,95.7386867403984
84.58096259832382,86.25203740596771
83.88264799118042,84.06135201454163
82.26033419370651,84.86966580152512
83.59802085161209,86.47497916221619
84.40070688724518,84.61729311943054
83.25839340686798,87.61260658502579
96.44907110929489,89.45792889595032
81.63973319530487,88.5272668004036
99.83041977882385,90.50158023834229
84.65210562944412,86.90389436483383
87.71278661489487,84.76821339130402
82.97747051715851,86.15152949094772
83.4091522693634,84.57184773683548
97.748839199543,91.12216079235077
84.73652565479279,84.78247433900833
101.57520478963852,93.6477952003479
83.9698548913002,88.21514511108398
85.03053969144821,88.41346031427383
84.16622668504715,83.79677331447601
84.98691302537918,85.73508697748184
84.8815987110138,85.52540129423141
83.22128570079803,84.70571428537369
93.91196322441101,88.94003677368164
86.62162554264069,90.87837445735931
93.57130271196365,87.29869729280472
84.2439877986908,85.16401219367981
84.24967217445374,87.26932781934738
85.64335525035858,86.09664475917816
80.70503628253937,85.20196372270584
98.74872297048569,89.27027702331543
85.19840866327286,86.09759134054184
100.51808106899261,94.68491894006729
86.06173133850098,85.27126866579056
91.67841219902039,84.85858780145645
82.57309931516647,84.11190068721771
81.89478492736816,86.45821505784988
83.88047045469284,83.9525295495987
82.53515845537186,85.35384154319763
96.17083728313446,94.0891627073288
80.28649568557739,87.04650431871414
92.31218260526657,88.57781738042831
83.72486931085587,85.81213068962097
83.7675547003746,84.71444529294968
83.55123913288116,88.911760866642
87.83392077684402,84.20207923650742
97.3956071138382,90.41939288377762
89.41929316520691,86.4867068529129
84.09297794103622,87.8340220451355
91.3756577372551,94.58734226226807
83.75232928991318,85.3216707110405
81.66601490974426,85.16798508167267
84.4497013092041,86.31029868125916
83.58438694477081,84.80461305379868
92.38707345724106,86.70692652463913
95.04075163602829,90.20124834775925
83.11941361427307,87.32458639144897
99.36710000038147,91.42989999055862
82.9457836151123,85.6652163863182
84.30346894264221,85.32553106546402
83.06815296411514,86.44884705543518
82.83383560180664,86.68516439199448
99.52452301979065,90.23447698354721
84.69720876216888,84.56179124116898
83.66589516401291,86.8331048488617
98.74657267332077,90.16142731904984
83.82622838020325,84.56377160549164
83.46191251277924,87.35408747196198
86.00359678268433,90.32940322160721
85.1762827038765,83.76871728897095
82.71896952390671,84.83603048324585
96.33564847707748,89.38635152578354
102.15630960464478,98.58469039201736
102.05099552869797,94.94900447130203
92.98268169164658,84.51731830835342
85.61836802959442,84.21463197469711
83.49405187368393,87.1349481344223
83.96373164653778,84.5182683467865
99.89441871643066,95.91958129405975
88.5671055316925,89.35889446735382
83.86979067325592,87.57520931959152
99.5414668917656,91.62453311681747
82.56611973047256,85.22988027334213
82.29380440711975,83.61319559812546
83.65148586034775,86.21951413154602
84.76817113161087,84.0098288655281
83.99685794115067,87.11514204740524
97.65053462982178,89.23846536874771
87.00819426774979,87.32480573654175
93.73587727546692,85.91212272644043
83.85256099700928,85.31443899869919
84.22824639081955,85.53075361251831
83.04893046617508,85.71006953716278
81.29561197757721,84.35238802433014
101.02329832315445,88.8287016749382
102.52998435497284,92.80401563644409
85.88666945695877,88.33433055877686
101.50434494018555,89.12565505504608
83.62099558115005,85.12000441551208
83.73768103122711,83.81731897592545
83.0213674902916,87.42363250255585
84.73105311393738,85.638946890831
83.51373946666718,84.78126055002213
85.31642687320709,85.03557312488556
91.80410742759705,92.36289256811142
92.16177785396576,88.32022213935852
83.51945793628693,83.62954205274582
85.28414297103882,84.2338570356369
88.01182633638382,89.45117366313934
83.46150732040405,85.03849267959595
100.52319473028183,91.01380527019501
82.25087958574295,86.45312041044235
81.01656663417816,87.42743337154388
105.68924278020859,89.60675722360611
91.6758913397789,86.10210865736008
83.44157773256302,84.92942225933075
81.05726391077042,88.33073610067368
85.7859496474266,85.04805034399033
82.93963670730591,84.33836328983307
84.37132412195206,84.36867588758469
92.0620025396347,97.1409974694252
98.86466073989868,91.33933925628662
86.22234350442886,90.98165649175644
82.2460275888443,84.01297241449356
83.95571422576904,88.72928577661514
94.48039489984512,95.4456050992012
103.15208142995834,107.21791857481003
82.50976741313934,85.19423258304596
83.62745290994644,89.15054708719254
99.4291313290596,92.12686866521835
94.87878596782684,86.25121402740479
83.10747170448303,86.00352829694748
83.07615906000137,88.25684094429016
84.11884433031082,86.06715565919876
90.29153043031693,88.30146956443787
83.03821748495102,85.42578250169754
95.82089692354202,90.75310307741165
95.9375547170639,91.21044528484344
85.7032385468483,85.48176145553589
85.33892184495926,87.08807814121246
83.43660748004913,86.06339251995087
98.16428828239441,93.4467117190361
98.00397503376007,92.62602496147156
86.87966078519821,85.39733922481537
84.05234718322754,85.74365282058716
100.98402482271194,91.20097517967224
84.26667749881744,85.64032250642776
92.64436209201813,85.65263789892197
90.44604462385178,89.59095537662506
84.24772250652313,86.01127749681473
85.19840890169144,84.82059109210968
84.40709537267685,86.0369046330452
92.35777282714844,89.73522716760635
96.14043444395065,90.24756556749344
92.0361179113388,86.22288209199905
84.02280282974243,85.43919718265533
93.28848892450333,85.74851107597351
85.20215976238251,84.02084022760391
101.4108459353447,96.7931540608406
86.08353132009506,88.0834686756134
83.75621765851974,88.26278233528137
105.92789733409882,91.66510266065598
84.08254873752594,83.71445125341415
85.64323425292969,85.81976574659348
95.2599213719368,88.25807863473892
83.02560579776764,83.80839419364929
84.17829263210297,87.02470737695694
87.05497962236404,88.31502038240433
94.5236566066742,92.53134340047836
93.88131785392761,88.30368214845657
87.70200091600418,87.53899908065796
84.54068285226822,85.75531715154648
84.36236870288849,91.00863128900528
85.55304950475693,86.89195048809052
99.7057357430458,94.23826426267624
86.0084216594696,84.63957834243774
89.0881078839302,87.26389211416245
94.61278688907623,86.79421311616898
83.51313173770905,84.91286826133728
84.59281951189041,92.1101804971695
81.93250435590744,83.8094956278801
85.08619201183319,85.87780797481537
84.01787835359573,83.53812164068222
93.59755629301071,91.29144370555878
102.97321540117264,90.09978461265564
87.6828989982605,84.6131010055542
83.65158319473267,83.29241681098938
84.30626857280731,88.15773141384125
82.31195467710495,83.76204532384872
100.26164054870605,90.84935945272446
88.47032576799393,84.73267424106598
84.03301239013672,85.8929876089096
83.79669916629791,86.98030084371567
110.28537505865097,88.86262494325638
83.34603297710419,89.2469670176506
85.12871807813644,86.33328193426132
81.35740464925766,83.23559534549713
83.45609146356583,84.34090852737427
84.9617782831192,84.27922171354294
92.76345723867416,88.9025427699089
101.75011813640594,92.65588188171387
86.77580231428146,85.96519768238068
84.59548515081406,84.81251484155655
84.50817137956619,86.21382862329483
83.29185420274734,86.13314580917358
98.27954173088074,90.59145826101303
86.3592272400856,84.51177275180817
83.95791232585907,86.26408767700195
83.96359866857529,84.38840132951736
100.41427433490753,88.78972566127777
84.75292998552322,85.13607001304626
82.22161638736725,88.00038361549377
82.44930362701416,83.71669638156891
100.232990026474,85.767009973526
84.47967463731766,84.85332536697388
85.98535931110382,88.75564068555832
98.26903527975082,86.87996470928192
85.58971357345581,84.68928641080856
82.15039837360382,83.58960163593292
84.02708548307419,85.76891452074051
85.86677289009094,83.54122710227966
97.83445769548416,89.59154230356216
87.3771453499794,85.84485465288162
83.43883168697357,86.91316831111908
85.38851994276047,84.53748005628586
98.95019894838333,90.3828010559082
84.28985911607742,84.7291408777237
86.25754475593567,87.24245524406433
81.4682303071022,84.71776968240738
84.26991802453995,85.00808197259903
84.3126050233841,84.16939496994019
75.63329195976257,84.1447080373764
101.06496995687485,90.32403004169464
94.97763574123383,85.72536426782608
82.74331939220428,84.12668061256409
83.7490062713623,86.88199371099472
84.14368963241577,84.1353103518486
99.53737711906433,96.42562288045883
86.28406339883804,84.73393660783768
86.14174991846085,84.96825009584427
82.01843667030334,83.629563331604
103.04211378097534,90.53188621997833
83.49276787042618,85.67423212528229
84.12745475769043,85.87154525518417
83.07814145088196,83.73685854673386
83.95382767915726,83.99017232656479
84.18151289224625,83.89148712158203
80.26219969987869,85.27480030059814
107.9718787074089,97.04712128639221
85.93954038619995,84.98545962572098
82.76122349500656,84.66477650403976
83.97091019153595,85.60408979654312
81.4385969042778,83.04240310192108
99.55628407001495,90.98071593046188
85.4689691066742,84.64203089475632
83.84465485811234,85.9883451461792
83.68434137105942,85.11165863275528
102.20901876688004,89.60598123073578
90.78867101669312,83.69332897663116
89.49735713005066,89.2616428732872
82.13304424285889,83.88595575094223
83.41673022508621,84.3982697725296
84.92241710424423,86.33658289909363
79.87310427427292,86.66389572620392
112.58278322219849,92.99221676588058
88.90344113111496,85.652558863163
83.44512015581131,83.90587985515594
85.54380470514297,89.93719530105591
82.41949075460434,83.83950924873352
98.499176800251,94.09282320737839
85.33886206150055,87.08713793754578
84.6415484547615,85.02645152807236
86.03623390197754,87.13076609373093
111.41190868616104,88.71809130907059
83.25055944919586,84.56344056129456
85.18224465847015,91.22475534677505
80.76193153858185,83.03406846523285
86.52661901712418,84.91738098859787
84.40430462360382,88.68869537115097
84.42799067497253,86.18300932645798
102.45166951417923,91.21533048152924
87.01332831382751,86.89467167854309
84.31500935554504,85.40699064731598
83.09969514608383,86.54930484294891
82.5853818655014,82.9136181473732
99.14806705713272,93.03793293237686
86.43075227737427,85.01324772834778
84.696437895298,85.76656210422516
84.49812340736389,83.48387658596039
101.26380103826523,89.75619894266129
84.78745472431183,85.15754526853561
83.70014065504074,86.81785935163498
82.55782741308212,84.14617258310318
92.10051357746124,86.78748643398285
85.12519949674606,83.30080050230026
80.14988607168198,85.01711392402649
103.4135650396347,89.10343497991562
88.67922097444534,87.19077903032303
80.90690124034882,84.92509877681732
82.96858704090118,86.5124129652977
80.77127397060394,84.91372603178024
99.23896074295044,97.797039270401
86.00464618206024,84.90335381031036
83.80633300542831,85.52666699886322
84.05301439762115,84.89198559522629
96.6506924033165,88.33030760288239
87.15734946727753,84.95465052127838
85.2930279970169,87.50397199392319
80.83471447229385,82.94228553771973
84.32240116596222,83.73259884119034
86.49508762359619,85.11591237783432
82.03777468204498,86.31422531604767
109.08045315742493,98.73454684019089
97.80910921096802,87.83989077806473
85.49979066848755,84.9442093372345
83.0414764881134,85.51352351903915
83.3071637749672,84.65483623743057
98.86885052919388,94.74214947223663
88.35553646087646,84.58846354484558
84.5092231631279,87.60077685117722
84.66390877962112,84.22509121894836
83.90959346294403,85.83040654659271
91.22357332706451,86.55442667007446
85.04425942897797,83.73374056816101
85.43894386291504,84.57905614376068
82.05562734603882,86.37037265300751
89.10395693778992,95.22904306650162
84.31363505125046,83.09336495399475
82.6713210940361,87.95767891407013
97.54700833559036,85.65699166059494
105.44269502162933,91.50230497121811
87.67037951946259,85.88562047481537
89.84206330776215,90.56493669748306
84.08875012397766,86.61424988508224
83.37243509292603,83.83056491613388
101.08211088180542,89.08388912677765
84.27276426553726,85.94923573732376
82.14944976568222,84.59155023097992
85.45113629102707,84.10386371612549
82.04982209205627,85.54317790269852
87.24050843715668,94.61149156093597
95.28319418430328,94.45780581235886
96.32587093114853,89.98912906646729
84.35053247213364,83.50146752595901
89.96721810102463,89.03378188610077
84.80590504407883,84.60109496116638
99.38659006357193,90.46640992164612
87.18827277421951,89.2187272310257
83.65695756673813,87.23204243183136
83.86664462089539,86.41135537624359
93.66832882165909,86.79467117786407
100.4150053858757,88.43699461221695
85.79165625572205,86.22734373807907
84.01934123039246,83.9446587562561
83.91402691602707,85.78997308015823
86.6787126660347,82.84028732776642
89.77739971876144,86.2596002817154
95.04208552837372,92.04991447925568
96.0287617444992,89.60123825073242
83.12742400169373,85.03957599401474
83.63410973548889,86.2548902630806
83.60179603099823,83.8242039680481
93.95948165655136,90.54051834344864
87.55816543102264,86.3868345618248
82.74885207414627,85.69514793157578
83.19853907823563,84.19046092033386
85.24122643470764,89.73877358436584
103.00690412521362,89.64109587669373
84.43855506181717,87.32044494152069
82.90724116563797,84.18575882911682
95.15392804145813,86.38307195901871
83.62261319160461,84.71138679981232
85.16530054807663,86.31569945812225
100.11498594284058,98.68101406097412
104.6216629743576,96.93433701992035
85.64531898498535,84.87268102169037
84.65200489759445,88.64499509334564
82.6196916103363,84.89830839633942
98.95837813615799,89.2256218791008
87.4460638165474,83.86793619394302
85.2857494354248,86.01125055551529
81.73543572425842,84.46856427192688
82.27912110090256,87.40687888860703
100.3217962384224,90.99320375919342
82.99444955587387,85.61755043268204
83.81413406133652,83.83386594057083
91.15281802415848,85.47618198394775
84.2704935669899,83.89650642871857
81.79417997598648,86.44682002067566
102.26286631822586,94.36613368988037
103.84254395961761,90.02745604515076
85.40420496463776,83.4467950463295
84.13188964128494,86.64511036872864
84.80457645654678,83.84342354536057
98.69926291704178,93.05973708629608
86.6129475235939,85.55405247211456
85.13763403892517,85.25236594676971
83.75432062149048,83.46867936849594
81.31500709056854,83.77799290418625
99.65468502044678,90.03031498193741
84.03033691644669,90.28466308116913
82.77702218294144,83.48297780752182
85.35670739412308,86.05129259824753
84.36239159107208,84.58160841464996
82.64507800340652,84.66892200708389
93.78076440095901,93.57023561000824
99.71244013309479,91.6755598783493
84.34809613227844,84.1889038681984
84.6867807507515,88.09121924638748
89.15546798706055,83.34453201293945
103.21715384721756,91.44884616136551
86.25983560085297,85.38816440105438
82.26552021503448,86.77147978544235
84.03120613098145,83.9127938747406
82.25889283418655,89.40710717439651
101.50557088851929,89.4754291176796
85.91922187805176,90.24777811765671
84.4429075717926,84.53909242153168
84.00459462404251,85.57040536403656
84.89928025007248,83.91671973466873
81.940966963768,86.11403304338455
94.52165424823761,93.27434575557709
94.84133356809616,88.54666644334793
83.82899498939514,84.50400501489639
83.44567859172821,87.83232140541077
81.89536345005035,88.80763655900955
101.75405031442642,90.09794968366623
86.74073445796967,88.03626555204391
84.4874193072319,84.90158069133759
83.12310576438904,83.58089423179626
92.53579258918762,85.20520740747452
99.85646450519562,89.4585354924202
85.97311717271805,89.95188283920288
89.96079832315445,88.1872016787529
85.37448424100876,83.92251574993134
85.39816910028458,83.84283089637756
86.4038542509079,85.85514575242996
97.4285404086113,93.38645958900452
91.78521710634232,89.19578289985657
86.73688304424286,85.46811693906784
86.14956295490265,85.60943704843521
85.47024697065353,84.34575301408768
99.25293093919754,90.59906905889511
87.77761417627335,83.90738582611084
83.4693004488945,85.47569954395294
83.51098138093948,83.74801862239838
81.12766808271408,83.40933191776276
84.3003551363945,83.77264487743378
94.04703575372696,88.24896425008774
84.25670301914215,83.46629697084427
100.54038792848587,91.29361206293106
85.58307266235352,83.65792733430862
84.0147590637207,86.04124093055725
97.44644528627396,93.64655470848083
84.48913013935089,85.8998698592186
95.95780557394028,88.37519443035126
85.31546753644943,89.48053246736526
85.89515113830566,89.04984885454178
97.56783705949783,89.58016294240952
87.62952172756195,85.24147826433182
85.72720164060593,84.88379836082458
83.97388809919357,83.13711190223694
83.14657330513,84.07542669773102
83.43025851249695,84.03374147415161
98.32493650913239,90.58306348323822
83.73759114742279,84.76240885257721
84.35427755117416,84.36772245168686
83.85996282100677,83.6220371723175
84.01464968919754,87.50435030460358
95.09433615207672,91.55366384983063
96.47002166509628,88.75197833776474
94.93869751691818,88.02430248260498
84.61135917901993,85.74064081907272
88.96904200315475,84.34595799446106
100.04872763156891,92.8592723608017
86.03541201353073,87.5015879869461
83.31909835338593,85.14290165901184
84.36178547143936,82.73021453619003
81.23847150802612,83.57652848958969
85.6691581606865,83.84884184598923
99.9358349442482,90.04716503620148
88.80053806304932,85.07046192884445
85.47135370969772,84.91764628887177
84.45716947317123,84.04183053970337
84.27698862552643,88.77801138162613
96.43080860376358,93.88419139385223
83.75062775611877,85.26837223768234
98.9954365491867,88.68956345319748
86.72222673892975,91.27677327394485
91.32004398107529,88.21595603227615
99.4358646273613,91.13813537359238
77.27468293905258,83.28031706809998
85.02050310373306,86.01649689674377
83.13632309436798,87.30867689847946
81.43814384937286,86.61885613203049
83.7759639620781,85.07603603601456
101.66977375745773,92.0712262392044
82.3785628080368,84.04743719100952
83.25338280200958,88.09861719608307
83.40620183944702,84.38979816436768
83.85502260923386,86.44097739458084
97.00884121656418,91.4731587767601
82.95865887403488,84.70934110879898
97.85146671533585,91.35253328084946
86.93025833368301,86.60574167966843
84.0280773639679,86.37892264127731
94.05089831352234,90.24510169029236
86.20471620559692,85.59228378534317
84.5615348815918,87.04946511983871
83.36235374212265,84.22964626550674
89.5901745557785,84.83582544326782
81.2619941830635,83.90600579977036
101.04380494356155,93.32619506120682
83.08559167385101,84.78440833091736
83.77640974521637,86.76159024238586
84.44722878932953,90.20077121257782
85.24904888868332,87.4739511013031
99.6048686504364,95.35813134908676
84.33268642425537,84.61131358146667
95.15249466896057,92.05150532722473
84.93528610467911,87.34271389245987
87.25510436296463,83.7818956375122
98.14792340993881,91.48107659816742
85.63474184274673,86.58725816011429
84.8245615363121,85.86043846607208
83.62638211250305,83.70761787891388
80.11220276355743,83.96179723739624
80.32102310657501,83.34597688913345
100.47383511066437,95.87816488742828
89.94162380695343,89.52037620544434
94.03944337368011,86.979556620121
83.67326188087463,86.1597381234169
87.10408169031143,85.83991831541061
99.07189702987671,93.72410297393799
83.0587152838707,84.5342847108841
96.54552465677261,89.93647533655167
85.23531889915466,87.07868111133575
89.5361378788948,86.31586211919785
99.70795768499374,89.0330423116684
85.71277642250061,85.24922358989716
84.82859635353088,85.05940365791321
83.5184166431427,85.6845833659172
82.33923548460007,84.21676450967789
83.51005256175995,85.71194744110107
101.97786420583725,91.30013579130173
83.27864968776703,85.07235032320023
91.76646757125854,92.71553242206573
86.69628500938416,86.8587149977684
84.7561052441597,87.26189476251602
95.40992546081543,96.2190745472908
91.69274413585663,85.95625585317612
94.62355124950409,89.89544874429703
88.10934275388718,88.6676572561264
84.4661580324173,88.51484197378159
96.11897772550583,94.67702227830887
87.95779621601105,85.06020379066467
85.75861555337906,89.66638445854187
81.33843618631363,84.64356380701065
81.08425694704056,85.04574304819107
81.14407724142075,85.2999227643013
101.25988727807999,94.18411272764206
83.4866613149643,85.97633868455887
84.9914790391922,85.1005209684372
83.97829538583755,84.79970461130142
83.37211561203003,88.68388438224792
100.54393720626831,93.91906279325485
82.73375606536865,86.35924392938614
83.46057313680649,86.0204268693924
93.57638442516327,90.46061557531357
82.95218467712402,85.01081532239914
100.66100388765335,90.35799610614777
103.01782041788101,91.48317956924438
84.55864161252975,85.2923583984375
85.10146141052246,87.8615385890007
81.21728146076202,84.35671854019165
84.9261001944542,84.25889980792999
89.28291416168213,90.40308582782745
92.02771997451782,85.74928003549576
84.55152642726898,84.26347357034683
86.1493467092514,84.90665328502655
85.35816550254822,85.25383448600769
92.39998507499695,85.56301492452621
88.66380244493484,87.76219755411148
83.15061467885971,84.97938531637192
104.17342591285706,98.15957409143448
84.45622324943542,86.98777675628662
93.77604156732559,91.37295842170715
85.70686161518097,89.18213838338852
83.74868047237396,85.95431953668594
84.17949992418289,83.95050007104874
91.11032050848007,84.35267949104309
85.43013519048691,84.42186480760574
83.93495392799377,86.76904606819153
102.1627641916275,90.39323580265045
84.68554818630219,85.7964518070221
84.37536668777466,83.66163331270218
83.99218618869781,88.15581381320953
90.88600713014603,86.26299285888672
84.18682569265366,86.96117430925369
84.85864049196243,85.56735950708389
94.43745189905167,92.0265480875969
86.51524817943573,84.53975182771683
95.15106612443924,91.18293386697769
83.82288348674774,86.4191164970398
82.99370270967484,85.20929729938507
82.53552359342575,84.05647641420364
82.61434471607208,86.6636552810669
96.3231651186943,87.91783487796783
83.53198409080505,86.37501591444016
101.55479645729065,90.40820354223251
96.55958265066147,84.53341734409332
84.74939948320389,84.1386005282402
87.56921863555908,86.63378137350082
92.50103890895844,89.42496109008789
84.28385829925537,84.67914170026779
83.76967525482178,83.65632474422455
99.53348582983017,91.05851417779922
83.20528072118759,85.51671928167343
97.93210047483444,96.54889953136444
85.78892016410828,86.26607984304428
82.92373991012573,85.81726008653641
83.41056060791016,83.92243939638138
82.74838030338287,85.08561968803406
84.60519874095917,85.95080125331879
83.31401801109314,85.90798199176788
102.61482912302017,89.1631708741188
85.39761233329773,84.80638766288757
84.73643219470978,83.52356779575348
84.79625356197357,88.5737464427948
93.04207330942154,89.16192668676376
99.9358925819397,91.13910740613937
84.49571084976196,84.13328915834427
94.00052165985107,90.44347834587097
84.98631811141968,86.17968189716339
100.93613857030869,95.82286143302917
86.62695860862732,85.96604138612747
85.59477776288986,86.79422223567963
85.43259716033936,85.43740284442902
83.34441775083542,83.72958225011826
84.31323856115341,85.52076143026352
83.18805813789368,85.38594186306
102.26687031984329,90.26912969350815
83.0126525759697,86.33934742212296
83.40646982192993,84.20453017950058
84.26328855752945,87.55171144008636
93.84310519695282,89.24989479780197
85.84792387485504,85.94907611608505
81.48174148797989,86.29525852203369
92.33855360746384,90.08744639158249
86.06534051895142,85.9526594877243
100.663156747818,94.15184324979782
82.50097596645355,85.31302404403687
86.41279464960098,88.16120535135269
87.06661289930344,83.878387093544
84.08943313360214,84.18856686353683
83.74225252866745,83.07174748182297
82.04407149553299,86.06692850589752
100.2718814611435,89.91411852836609
85.25766944885254,85.29833054542542
81.13348710536957,83.77451288700104
84.21130752563477,88.19569247961044
93.32812696695328,87.96787303686142
85.25794517993927,85.22305482625961
89.89276081323624,84.75423920154572
96.58256143331528,91.45343858003616
91.81035107374191,85.8006489276886
95.83416646718979,90.60983353853226
84.00498551130295,87.99501448869705
84.21380543708801,87.24819457530975
83.10762518644333,83.7263748049736
90.8534460067749,83.9425539970398
84.00626581907272,83.82673418521881
83.86308109760284,85.2849189043045
101.75689405202866,89.57610595226288
85.11367857456207,84.20132142305374
80.93349713087082,83.67750287055969
84.80831861495972,87.9136813879013
93.74013805389404,87.74286192655563
85.78095698356628,84.62604302167892
83.13777297735214,84.25122702121735
84.55059224367142,86.63540774583817
92.81440514326096,87.9445948600769
98.65220141410828,91.73579859733582
86.0840145945549,84.87998539209366
84.43983316421509,87.43016684055328
83.371650993824,85.51734900474548
81.91247153282166,84.54952847957611
84.38128852844238,87.61871147155762
82.3851084113121,86.29989159107208
101.90891909599304,88.75808089971542
97.46870040893555,85.16029959917068
83.75151914358139,84.58148086071014
84.51633507013321,87.31666493415833
95.65015524625778,88.75684475898743
84.91497391462326,85.21502608060837
82.23479014635086,83.54320985078812
84.35061007738113,85.53738993406296
92.59642016887665,89.68157982826233
100.50921791791916,92.86178207397461
83.86503475904465,85.11596524715424
83.88885343074799,86.25914657115936
83.7826714515686,84.95732855796814
84.65848928689957,83.36051070690155
84.36630696058273,85.89269304275513
84.72312623262405,85.27687376737595
96.48693639039993,87.66106361150742
87.88172602653503,86.69327396154404
82.88654112815857,84.09545886516571
84.68636304140091,85.64663696289062
93.54418134689331,86.10481864213943
95.14199900627136,85.10000097751617
96.60980898141861,96.68619102239609
85.05860996246338,88.68139004707336
90.68488365411758,92.27911633253098
96.20768731832504,92.84731268882751
86.63848865032196,85.45451134443283
84.86530143022537,84.98569858074188
87.48111778497696,84.62988221645355
83.41193586587906,87.51406413316727
89.45475602149963,87.56424397230148
100.73756694793701,93.13343304395676
81.11236172914505,83.83263826370239
85.09818142652512,94.40181857347488
92.06700003147125,85.21099996566772
87.05281859636307,91.55818140506744
87.55763626098633,84.33136373758316
91.9694492816925,88.641550719738
98.2892444729805,89.48875552415848
102.83103835582733,95.26096165180206
86.28085386753082,85.18214613199234
83.32267212867737,86.99232786893845
83.53148925304413,85.06051075458527
81.98130822181702,84.18669176101685
84.70812821388245,83.77287179231644
82.39794743061066,85.71305257081985
83.10576862096786,86.07823139429092
101.00058102607727,89.09241896867752
81.39336943626404,85.49463057518005
85.36218845844269,85.8228115439415
88.47800672054291,85.37399327754974
88.81582319736481,87.23917680978775
87.28363692760468,84.64236307144165
84.23345047235489,86.63754951953888
95.70126271247864,88.61373728513718
101.11405628919601,92.42394369840622
82.63687187433243,85.9931281208992
84.47469049692154,86.39530950784683
86.20250916481018,85.14949083328247
91.28132820129395,84.25567179918289
85.30514580011368,85.63985419273376
84.97596555948257,87.0060344338417
84.22178512811661,84.79721486568451
93.87459635734558,87.12540364265442
77.3423861861229,82.63861382007599
84.3842042684555,89.46679574251175
90.51902252435684,86.64697748422623
84.46884042024612,89.56815958023071
87.88065665960312,84.47034335136414
82.94047486782074,86.799525141716
94.46428787708282,86.99871212244034
97.67308074235916,90.56791925430298
82.3818953037262,84.13710469007492
84.44171386957169,85.42828613519669
83.29853224754333,85.5344677567482
83.85935199260712,86.32664799690247
84.99417263269424,84.00582736730576
83.4799912571907,86.7230087518692
84.72581219673157,91.88518780469894
110.15662384033203,90.06537616252899
87.30941271781921,84.46758729219437
85.3332325220108,87.27776747941971
86.91205149888992,85.47694849967957
85.45387065410614,86.93512934446335
83.12468701601028,84.02231299877167
84.92650377750397,85.36949622631073
97.24731451272964,95.77168548107147
98.14010310173035,92.15589690208435
81.55191850662231,86.39208149909973
85.11273926496506,85.96126073598862
85.7845589518547,83.49244105815887
82.99337726831436,84.4696227312088
84.7941951751709,83.7978048324585
83.07701367139816,86.64498633146286
81.30383431911469,84.69616568088531
105.3826454281807,89.32035458087921
81.7214263677597,83.90757364034653
84.63324564695358,88.95875436067581
89.99106442928314,85.749935567379
93.77288466691971,86.26411533355713
82.53770190477371,84.18429809808731
82.98652130365372,85.56847870349884
90.39834153652191,84.52765846252441
109.42215478420258,100.39284521341324
83.29795157909393,85.83304840326309
85.22876608371735,86.84623390436172
84.47358304262161,86.8414169549942
83.2754020690918,84.03959792852402
83.63222074508667,83.90577924251556
85.26603943109512,85.38196057081223
86.71586042642593,83.85813957452774
101.9056670665741,88.72433292865753
85.41045427322388,84.81154572963715
83.95327430963516,87.89872568845749
89.60609370470047,85.35690629482269
86.48091208934784,86.18608790636063
83.8377286195755,84.27327138185501
84.17654860019684,85.45345139503479
83.25436806678772,84.59663194417953
113.74117970466614,96.98082029819489
82.18997585773468,84.55002415180206
85.60279363393784,87.47120636701584
83.40461307764053,83.61438691616058
83.57543408870697,85.5915659070015
84.8582524061203,86.51274758577347
83.17706882953644,90.39593118429184
83.57188653945923,85.89111346006393
102.00269830226898,89.55330169200897
82.69248360395432,84.60351639986038
82.45630377531052,87.32169622182846
85.27612292766571,85.92787706851959
86.16994094848633,84.84905904531479
84.41575664281845,84.95524334907532
82.77257597446442,86.15342402458191
83.31439679861069,84.72260320186615
110.22620856761932,95.92179143428802
84.69500380754471,84.65699619054794
94.40381371974945,91.18918627500534
88.87161242961884,86.22138756513596
93.43142539262772,84.27257460355759
85.2692437171936,84.37875628471375
83.311064183712,86.2999358177185
82.83488529920578,87.01711469888687
104.0806936621666,89.8083063364029
85.86347615718842,86.1555238366127
84.60828816890717,86.8537118434906
88.63210624456406,85.68289375305176
90.6929240822792,89.0100759267807
85.06774055957794,83.74625945091248
89.40656071901321,89.57443928718567
88.44838184118271,85.62561815977097
112.39819049835205,95.6578094959259
80.6979848742485,86.48601514101028
90.27780413627625,86.5741958618164
83.35662287473679,84.79237711429596
83.54644334316254,86.52655667066574
86.25526267290115,83.91173732280731
83.64908212423325,85.14691787958145
82.85790342092514,83.93909657001495
95.01072317361832,85.98927682638168
99.29253220558167,89.61346781253815
85.02032083272934,86.79367917776108
89.04413986206055,87.14186012744904
84.60395836830139,85.39604163169861
84.16477507352829,84.20522493124008
82.33559447526932,85.12640553712845
88.98941600322723,83.93658399581909
109.55022412538528,93.3387758731842
82.49901914596558,84.7789808511734
87.11483824253082,85.86616176366806
83.60165733098984,84.12034267187119
84.29147613048553,83.98652386665344
83.0002932548523,84.68470674753189
83.63511317968369,85.3468868136406
81.84293496608734,83.71206504106522
86.01475429534912,85.28124570846558
102.24256122112274,90.14743876457214
85.43234694004059,88.3646530508995
88.86216485500336,84.28583514690399
93.90498054027557,85.3730194568634
85.00279712677002,83.55320286750793
84.543616771698,86.64038324356079
85.23442822694778,85.52557176351547
111.16423946619034,100.05676054954529
84.65203183889389,87.90396815538406
84.47084951400757,85.91815048456192
84.10566699504852,84.13533300161362
85.79648727178574,84.13051271438599
85.85530579090118,85.23669421672821
85.00912564992905,85.67587435245514
85.1249447464943,84.20805525779724
85.07476145029068,84.6112385392189
102.28357046842575,91.865429520607
84.84335601329803,88.00764399766922
90.385174036026,86.02182596921921
86.55699217319489,85.09200781583786
83.8028085231781,83.82719147205353
83.65962862968445,84.91437137126923
85.3314488530159,83.3735511302948
112.65126067399979,93.20073932409286
85.30305474996567,85.80694526433945
86.21587204933167,88.6551279425621
83.77668929100037,84.00131070613861
82.91150945425034,83.4224905371666
84.97132712602615,83.95467287302017
86.36514699459076,91.52385300397873
85.8149648308754,85.79703515768051
91.5787815451622,85.31021845340729
105.04659169912338,90.8424082994461
89.77337431907654,86.559625685215
89.76018565893173,86.09281432628632
89.5980030298233,85.8089969754219
83.5668157339096,84.00818425416946
84.71863520145416,89.5403648018837
82.61345481872559,83.68354517221451
106.8952676653862,94.58573234081268
93.32606309652328,87.91493690013885
85.42286586761475,86.89113414287567
84.66868376731873,83.90431624650955
91.95250308513641,83.78849691152573
85.16132205724716,84.98767793178558
83.85014194250107,87.46385806798935
84.1889613866806,83.55203860998154
83.02678030729294,84.19521969556808
104.71758502721786,90.31941497325897
91.53636687994003,87.03663313388824
91.04118472337723,84.71781527996063
84.54700368642807,84.84199631214142
84.47781950235367,84.43018049001694
83.70463889837265,86.27636110782623
89.80245757102966,83.32754242420197
97.9182721376419,92.97072786092758
95.09008300304413,88.2429170012474
86.79787576198578,90.44312423467636
88.00669252872467,84.28930747509003
84.51151221990585,83.97048777341843
85.14633107185364,84.00266891717911
81.87315130233765,87.18184870481491
87.23096978664398,86.78903019428253
91.53178799152374,86.02421200275421
103.18359643220901,92.00140357017517
91.07837980985641,86.62562018632889
90.19419467449188,87.34280532598495
85.31001317501068,86.54198682308197
84.7228291630745,84.88917082548141
84.9126489162445,87.05035108327866
83.4734680056572,84.87853199243546
101.31128716468811,90.37371283769608
96.79809749126434,89.29490250349045
86.41289246082306,87.66010755300522
83.82671022415161,84.02628976106644
86.99752849340439,84.6884714961052
85.00234425067902,83.6086557507515
80.97016370296478,85.62283629179001
85.54898405075073,83.8770159482956
83.66480249166489,84.20619750022888
101.44761437177658,90.94038563966751
92.43439877033234,89.28860121965408
89.3832157254219,87.70978426933289
90.49903500080109,96.61196500062943
82.89285176992416,84.01414823532104
82.89767134189606,85.52832865715027
81.51449060440063,83.96750938892365
100.68530917167664,95.53669083118439
96.46912091970444,89.23587906360626
85.0839136838913,86.7120863199234
83.81173062324524,84.2252693772316
84.26055037975311,86.79444962739944
92.45136797428131,87.49363201856613
81.4741877913475,85.28481221199036
84.4050076007843,84.87299239635468
86.57582587003708,86.4981741309166
103.89663589000702,90.49236410856247
91.12341743707657,86.65458256006241
89.07223480939865,85.74176520109177
86.91105318069458,85.43994683027267
83.85986882448196,92.8071311712265
82.53168874979019,86.72731125354767
84.29650831222534,83.87049168348312
100.3563277721405,91.80967223644257
96.7501380443573,89.00886195898056
85.79192423820496,86.57807576656342
84.0557392835617,83.46226072311401
84.96855944395065,83.56844055652618
84.80637723207474,84.9346227645874
82.3671966791153,84.87380331754684
84.11301755905151,84.33098244667053
83.65483725070953,85.29016274213791
95.51164889335632,89.5073511004448
101.57244008779526,92.07555991411209
90.31723898649216,86.16476100683212
85.28505581617355,85.91794419288635
85.19787108898163,84.20912891626358
81.88869088888168,85.48330909013748
84.22651129961014,83.75548869371414
98.9343318939209,92.08466809988022
97.1621435880661,90.134856402874
87.12993615865707,91.16706383228302
88.52375304698944,87.97724694013596
84.13957273960114,86.3974272608757
82.23639249801636,84.63360750675201
85.03821164369583,87.20278835296631
86.00603145360947,84.32796853780746
83.01085031032562,84.74814969301224
83.62666922807693,86.15133076906204
108.0394800901413,93.01551991701126
88.21126627922058,86.28973370790482
84.1790834069252,87.54391658306122
84.3689004778862,83.96509951353073
82.79872024059296,86.62627977132797
84.58154040575027,84.38145959377289
100.75335937738419,92.28364062309265
95.77716952562332,89.11283046007156
85.31896317005157,87.53303682804108
85.50877809524536,84.4542219042778
84.19859850406647,84.91240149736404
84.90741723775864,83.96258276700974
82.50523638725281,87.27276360988617
83.2320567369461,84.69394326210022
87.10787546634674,85.24412453174591
85.96369588375092,84.83230412006378
109.17350596189499,92.4204940199852
92.51129114627838,90.00770884752274
89.20110869407654,85.94789129495621
84.33491855859756,85.66408145427704
81.22873878479004,85.34426122903824
79.90055900812149,83.32144099473953
90.55437731742859,87.39062267541885
98.33618408441544,91.7008159160614
91.19296991825104,87.77003008127213
83.56877398490906,85.02422600984573
85.42459189891815,84.29740810394287
84.98540872335434,88.53259128332138
81.63922888040543,85.95377111434937
82.60704869031906,85.94895130395889
84.14786863327026,84.35113137960434
86.15368920564651,83.93831080198288
107.1214988231659,95.6755011677742
89.14428097009659,87.22571903467178
86.9460985660553,85.42490142583847
84.8029135465622,83.47508645057678
83.51073324680328,88.65526676177979
88.4415534734726,86.70644652843475
96.13137227296829,95.27562773227692
84.95219165086746,85.06680834293365
96.88300305604935,92.264996945858
84.59179753065109,83.98220247030258
83.26361495256424,83.9783850312233
84.4524337053299,85.7315663099289
81.86525362730026,84.78374636173248
83.53707206249237,84.07392793893814
85.07889086008072,86.82910913228989
83.71370816230774,83.60129183530807
112.79151886701584,93.07848113775253
90.09330344200134,86.054696559906
84.95012038946152,85.51287961006165
84.10293501615524,83.52606499195099
81.20075470209122,85.63224530220032
88.77957391738892,87.77642607688904
99.65539437532425,91.10360562801361
98.86321383714676,92.35878616571426
95.0540246963501,91.29797530174255
85.42882120609283,83.34917879104614
85.98963975906372,86.2333602309227
84.95745658874512,83.59854340553284
81.20227587223053,84.50072413682938
84.1340896487236,84.68091034889221
84.06390875577927,84.15709125995636
82.49472844600677,83.41227155923843
109.351538002491,92.85146200656891
95.91231966018677,87.93968033790588
85.73213285207748,84.87986713647842
84.47694784402847,85.04005217552185
83.51976758241653,88.66523241996765
90.02458590269089,87.49441409111023
113.62140464782715,92.47059535980225
84.14522433280945,84.74377566576004
94.5580347776413,88.20096522569656
83.69183015823364,83.60416984558105
85.43764996528625,83.30235004425049
84.31346088647842,83.05753910541534
81.31728076934814,86.49671924114227
85.34110087156296,82.84389913082123
83.79091864824295,84.04208135604858
83.51773887872696,84.20426112413406
111.11554807424545,97.16245192289352
89.39732992649078,85.52767008543015
87.51414662599564,85.87485337257385
84.99996203184128,85.31503796577454
81.02378189563751,85.81021809577942
85.87960213422775,88.00839787721634
96.38541996479034,92.33758002519608
84.63123899698257,86.31376099586487
97.50604903697968,90.91995096206665
85.75184017419815,83.91515982151031
83.55265885591507,85.05834114551544
85.0574786067009,84.20152139663696
83.72929793596268,85.12270206212997
83.7341176867485,85.15388232469559
84.36893683671951,83.7430631518364
83.92875701189041,85.64424300193787
108.87856304645538,92.8064369559288
89.55034536123276,86.89465463161469
86.77716171741486,90.74083828926086
87.20797747373581,83.9030225276947
82.61979645490646,85.547203540802
90.7186159491539,89.96738404035568
100.07443457841873,90.77756541967392
83.50525456666946,86.90174543857574
96.45506489276886,91.23093509674072
84.4408587217331,87.37314128875732
84.68767541646957,84.85032457113266
100.21048390865326,88.80851608514786
82.75227528810501,88.43372470140457
84.75709235668182,84.3729076385498
84.18791151046753,84.55308848619461
83.11873137950897,83.69626861810684
108.45753824710846,94.37646174430847
97.66531872749329,88.0196812748909
85.65212190151215,86.86687809228897
86.30493694543839,84.13906306028366
83.512755215168,87.11624479293823
91.18457442522049,87.27842557430267
99.43038976192474,98.19961023330688
90.99120497703552,94.49079501628876
96.75600630044937,91.70799368619919
83.57480138540268,84.7021986246109
84.46862041950226,85.0863795876503
86.67743849754333,85.48856151103973
82.49625790119171,86.94674211740494
83.74307709932327,85.47992289066315
84.33989465236664,86.06710535287857
82.82571369409561,83.63728630542755
90.90453344583511,86.76146656274796
103.9473437666893,96.90465623140335
85.89612948894501,86.63987052440643
81.49394118785858,86.45005881786346
81.31376111507416,92.33423888683319
96.37358069419861,87.38541930913925
101.8983981013298,97.08460187911987
85.60621392726898,88.5787860751152
98.72302323579788,93.72297674417496
87.61681485176086,85.40218514204025
81.75062662363052,87.95337337255478
86.18144249916077,88.04055750370026
80.7782593369484,85.86874067783356
83.98807853460312,84.79092144966125
85.26989710330963,85.00810289382935
82.14571529626846,89.54028469324112
89.24253404140472,86.4794659614563
110.06234341859818,99.17765659093857
88.1961241364479,88.98887586593628
82.12793427705765,84.65006572008133
83.65075266361237,88.90424734354019
89.4145712852478,89.26942873001099
99.6053899526596,92.91361004114151
87.35121011734009,88.81578987836838
84.48602950572968,85.68197047710419
101.61984044313431,93.21315956115723
84.55063438415527,87.67136561870575
84.92545002698898,85.29654997587204
83.69026845693588,86.62473154067993
87.30608624219894,84.80491375923157
87.34790480136871,84.39309519529343
83.50171798467636,86.2582820057869
88.74653631448746,87.011463701725
107.40034681558609,96.56265318393707
87.75712960958481,90.46587038040161
86.46494317054749,85.86805683374405
84.96976208686829,90.4192379117012
88.95658093690872,90.63641905784607
101.83139884471893,95.92760115861893
85.37321728467941,93.21878272294998
84.82303702831268,88.17696297168732
97.08784717321396,93.5791528224945
82.3326388001442,85.38936120271683
110.18943965435028,100.9955603480339
103.06519865989685,107.5828013420105
105.42097860574722,99.28202140331268
86.31477558612823,87.07422441244125
82.9685931801796,86.8274068236351
88.6584130525589,91.48958694934845
100.25622522830963,100.33677476644516
86.76101624965668,86.18398374319077
83.94982957839966,84.41917043924332
84.4186475276947,86.6933524608612
90.05346697568893,89.29853302240372
97.63228684663773,91.64571315050125
86.80310666561127,95.76989334821701
83.82692563533783,85.96907436847687
93.7207390666008,95.00126093626022
85.22653651237488,85.29246348142624
84.32335186004639,85.08464813232422
83.25417011976242,86.22782987356186
84.18498933315277,84.87101066112518
86.02280902862549,84.42119097709656
83.91662979125977,85.08237022161484
91.99544960260391,86.98555040359497
100.11226546764374,105.18473452329636
86.65406131744385,86.21693867444992
84.56587564945221,84.32212436199188
83.75569599866867,87.04030400514603
88.7055156826973,88.60948431491852
99.284334897995,96.36366510391235
82.4741553068161,85.35884469747543
81.21997439861298,86.46502560377121
91.22478926181793,95.8122107386589
86.04459369182587,83.49240630865097
83.36441105604172,84.67258894443512
83.14723181724548,88.44476819038391
85.44805181026459,85.40394818782806
85.28587120771408,85.38112878799438
84.45769041776657,83.72730958461761
94.09251117706299,91.66648882627487
100.81932604312897,104.79167395830154
86.47311890125275,86.86088109016418
85.62493360042572,87.94806641340256
84.40875321626663,91.03624677658081
93.61657464504242,91.4014253616333
96.23339504003525,92.10060495138168
83.88621574640274,86.70678424835205
83.2250348329544,87.75796514749527
89.76585006713867,97.0121499300003
87.03065145015717,88.19134855270386
84.05446827411652,85.59453171491623
82.94728875160217,94.77471125125885
87.61910825967789,87.361891746521
86.56892764568329,88.63507235050201
83.74074894189835,92.74125105142593
94.2445684671402,92.38443154096603
103.54638242721558,102.17661756277084
88.161172747612,89.59682726860046
85.42698609828949,87.1670138835907
86.41280746459961,93.12519252300262
91.26862812042236,92.23037189245224
101.44044905900955,94.04055094718933
84.81627070903778,87.20272928476334
87.21009165048599,90.99390834569931
101.78890424966812,100.730095744133
87.75670629739761,87.5582937002182
86.57652390003204,89.20147609710693
84.52534484863281,91.3816551566124
90.5491653084755,87.50583469867706
87.53498619794846,88.26101380586624
85.22580689191818,87.83019310235977
96.72962647676468,90.82537353038788
106.0874342918396,104.39456570148468
90.35221087932587,92.03778910636902
82.56001365184784,89.14398634433746
84.749835729599,89.9541642665863
93.29165720939636,92.30034279823303
100.40847760438919,95.40652239322662
82.56029748916626,87.38370251655579
85.0101181268692,90.74888187646866
93.45993345975876,101.41006654500961
89.27872908115387,99.36827093362808
83.76553881168365,91.34546118974686
83.91936010122299,89.15563988685608
90.90518087148666,87.96481913328171
84.76100218296051,86.01599782705307
83.8598238825798,85.51017612218857
92.56764441728592,89.9503555893898
88.29546451568604,87.4455354809761
102.18927681446075,100.6627231836319
84.12006747722626,89.39893251657486
85.05088818073273,91.26411181688309
87.31470835208893,94.5182916522026
101.67153012752533,94.49546986818314
83.93535035848618,88.06364965438843
86.47717225551605,90.26382774114609
83.7789933681488,88.31400662660599
96.48680812120438,99.5871918797493
85.58460485935211,91.74839514493942
86.53342539072037,95.31757462024689
85.68724483251572,88.38775515556335
86.22906625270844,89.06693375110626
85.08488589525223,88.19211411476135
93.70170724391937,92.00229275226593
117.7065212726593,61.70047873258591
126.13733947277069,80.13966053724289
81.32794350385666,87.24705648422241
80.09176516532898,91.03823482990265
82.0215859413147,86.62641406059265
84.32340550422668,86.63959449529648
76.53222674131393,83.5047732591629
80.05504721403122,86.07395279407501
79.78286731243134,85.64313268661499
82.52768474817276,86.75031524896622
85.21849060058594,88.0225093960762
80.85329365730286,89.05470633506775
88.59811305999756,86.38388693332672
81.84393072128296,86.37806928157806
79.7567492723465,87.68725073337555
81.83456927537918,89.18343073129654
80.34038996696472,86.64161002635956
94.12320238351822,88.6917976140976
80.31299805641174,87.78000193834305
80.15081804990768,88.51518195867538
82.43463867902756,86.75136131048203
85.99445885419846,87.59854114055634
79.90627706050873,89.18672293424606
79.7270964384079,88.88490355014801
79.65691751241684,87.26808249950409
87.55073112249374,89.65326887369156
80.01953065395355,86.61146932840347
81.50535070896149,87.75364929437637
79.1391693353653,86.34183067083359
81.62599062919617,86.96700936555862
80.61281061172485,87.05418938398361
81.11763030290604,88.47536969184875
79.2524505853653,85.11754941940308
94.40426188707352,89.87273812294006
81.57605874538422,86.31194126605988
79.47087889909744,87.66012108325958
81.3086987733841,90.95030122995377
84.86951839923859,87.20448160171509
81.87333333492279,86.82966667413712
84.69314897060394,88.08385103940964
82.16196674108505,85.04303324222565
88.42577713727951,95.4822228550911
81.65258169174194,87.56941831111908
79.9544005393982,88.32459944486618
80.73622125387192,85.11577874422073
78.68504160642624,85.40595841407776
80.87586319446564,87.17913681268692
81.88068330287933,88.76731669902802
80.08950263261795,85.9654973745346
93.70531672239304,92.40668326616287
80.56211596727371,88.27188402414322
81.15893632173538,92.50706368684769
80.57275652885437,86.61324346065521
84.07757693529129,86.70042306184769
80.11939656734467,86.08560341596603
79.99321734905243,89.48678267002106
83.79503756761551,85.46496242284775
87.76384872198105,89.90315127372742
80.43465560674667,86.99134439229965
80.40247559547424,87.69052439928055
79.44429582357407,85.53770416975021
79.1721174120903,85.531882584095
80.26893925666809,86.45406073331833
81.55176001787186,89.93023997545242
79.38957929611206,84.96242070198059
93.58039438724518,88.08660560846329
80.64019131660461,86.41480869054794
81.31201130151749,89.576988697052
81.4468297958374,86.72017019987106
83.48865044116974,86.67834955453873
80.04847151041031,86.34052848815918
79.46029233932495,87.79870766401291
80.02111405134201,87.40488594770432
89.67392349243164,94.17707651853561
81.66172742843628,86.71027255058289
78.90654671192169,86.389453291893
80.74436813592911,85.9586318731308
81.37918716669083,86.3428128361702
79.90300565958023,86.7269943356514
80.44482642412186,87.99917358160019
80.72664666175842,85.06935334205627
94.08346110582352,94.11953890323639
81.79225844144821,87.00374156236649
79.87207561731339,87.38792437314987
82.1538969874382,86.49410301446915
83.73271661996841,88.84028339385986
81.29353594779968,87.02146404981613
82.00235313177109,89.03464686870575
79.67416644096375,84.84383356571198
89.03098112344742,91.9880188703537
86.42477989196777,88.59422010183334
80.9115896821022,87.88641029596329
80.693410217762,86.78858977556229
81.32822930812836,86.31977069377899
79.8510474562645,86.61195254325867
80.30086755752563,87.90313243865967
79.8246876001358,85.00931239128113
92.71749877929688,91.96750122308731
83.94429135322571,87.4627086520195
79.85710340738297,86.23489660024643
82.08492338657379,86.4160766005516
85.95974212884903,87.18825787305832
80.89055949449539,86.66444051265717
80.98737931251526,88.45562070608139
80.49319916963577,86.35880082845688
79.12701934576035,86.74298065900803
87.74283391237259,88.92316609621048
81.11863994598389,87.95536005496979
83.08645915985107,87.09854084253311
80.48027718067169,86.03772282600403
80.35609650611877,87.34790349006653
80.15691697597504,93.62108302116394
81.77273827791214,85.15326172113419
81.92655622959137,87.11144375801086
91.11536645889282,90.47663354873657
80.65816915035248,87.4158308506012
82.7189878821373,85.91201210021973
89.35280525684357,87.49919474124908
80.59861594438553,85.66038405895233
81.17743211984634,89.19256788492203
84.49724853038788,86.85475146770477
80.78006654977798,87.01693344116211
87.06187844276428,88.49312156438828
83.15968561172485,88.45131438970566
81.49750298261642,88.27949702739716
80.59532302618027,86.12667697668076
87.41514325141907,87.63985675573349
83.64296394586563,88.45103603601456
82.2217835187912,85.72321647405624
82.76360023021698,87.29239976406097
90.76841115951538,87.54658883810043
81.08821606636047,90.26478391885757
84.74103343486786,87.18496656417847
84.24584698677063,87.43915301561356
80.75066405534744,86.06433594226837
80.23748427629471,90.4665157198906
80.94630515575409,86.48069483041763
83.39512610435486,86.82787388563156
88.41793942451477,92.4520605802536
79.6447440981865,88.20625591278076
80.28056359291077,87.46143639087677
78.82238322496414,87.30761677026749
81.53020507097244,90.15479493141174
81.94302648305893,89.92797350883484
80.16984730958939,87.47815269231796
83.52666676044464,88.17733323574066
87.97647696733475,93.06052303314209
81.79528373479843,86.81571626663208
81.24509567022324,88.10690432786942
83.28691536188126,88.21308463811874
80.60673570632935,88.1342642903328
80.9445550441742,87.33344495296478
79.6713752746582,84.93862473964691
81.62119591236115,86.39680409431458
90.97800797224045,92.55899202823639
81.50081288814545,86.27618712186813
80.21063143014908,86.43736857175827
81.88245117664337,85.85954880714417
82.88727051019669,93.78072947263718
82.68808966875076,86.4789103269577
82.04491084814072,87.88108915090561
83.88273149728775,87.33926850557327
90.05354171991348,89.09445828199387
80.55934435129166,85.68065565824509
86.45316410064697,88.88083589076996
84.88398170471191,86.98701828718185
81.09179854393005,88.77820146083832
80.15361630916595,86.47738367319107
80.23243737220764,85.63856261968613
80.27425926923752,86.35574072599411
88.70407193899155,90.72092807292938
82.11687844991684,88.51312154531479
81.1216983795166,86.47130161523819
82.01551604270935,86.8364839553833
81.48333418369293,89.6466658115387
80.76615434885025,86.64184564352036
82.41897594928741,86.50702404975891
82.44179475307465,87.03820526599884
94.15060591697693,91.36739408969879
81.22940850257874,87.71459150314331
81.84522676467896,88.04277324676514
84.66504621505737,87.59295380115509
79.55986577272415,88.36713421344757
80.80468738079071,87.19531261920929
79.99550950527191,85.56049048900604
80.907330930233,88.55566906929016
89.94914668798447,90.49485331773758
82.8429496884346,86.11905032396317
83.03376626968384,87.2072337269783
81.9085865020752,86.46141350269318
80.4314079284668,90.21559208631516
80.17722952365875,86.63777047395706
83.83105075359344,87.14994925260544
84.00286936759949,87.16413062810898
95.3406782746315,91.1603217124939
80.7704753279686,87.0255246758461
81.18329346179962,87.79770654439926
84.22511267662048,86.18188732862473
79.84193181991577,88.89906817674637
80.27275317907333,86.37624680995941
81.22157537937164,87.38942462205887
79.74439734220505,86.58860266208649
87.17621052265167,89.24978947639465
86.07001179456711,88.85698819160461
82.83382058143616,87.90617942810059
81.59763938188553,86.69836062192917
80.0284594297409,88.26754057407379
80.75628036260605,86.31771963834763
83.59410178661346,86.20289820432663
83.37692219018936,97.12307780981064
94.23372513055801,92.35927486419678
81.12752443552017,87.37247556447983
82.29834258556366,88.27565741539001
85.10016065835953,87.36383932828903
79.7159772515297,88.82102274894714
81.55479741096497,86.76120257377625
79.65161788463593,88.03338211774826
81.71243888139725,87.7325611114502
85.23625999689102,87.82073998451233
89.20307338237762,90.11192661523819
82.1338786482811,87.0701213479042
81.04569858312607,87.89830142259598
83.4215190410614,88.89348095655441
81.33333909511566,87.49966090917587
80.89416092634201,87.60583907365799
84.02898174524307,87.10001826286316
92.0336999297142,90.65130007266998
87.55749827623367,87.49750173091888
82.4513076543808,88.12269234657288
84.53012812137604,87.4148718714714
82.88594824075699,88.07605177164078
81.20676785707474,87.29423213005066
81.74758839607239,86.71541160345078
82.77140671014786,86.59959334135056
81.35022443532944,88.3897755742073
89.33703643083572,88.56996357440948
81.82384085655212,87.36115914583206
86.21666073799133,89.78233927488327
81.20447343587875,87.79652655124664
84.63429415225983,87.77270585298538
83.1761149764061,86.76888501644135
85.3669331073761,87.1340668797493
82.37174957990646,87.295250415802
90.67256420850754,89.45743578672409
84.58436781167984,88.13763219118118
89.40418368577957,88.48381632566452
82.92800027132034,87.90499973297119
80.95081889629364,87.0851811170578
81.34563958644867,84.98836040496826
80.18246102333069,86.94653898477554
82.02228164672852,88.57071834802628
89.69309425354004,89.69590574502945
85.82790064811707,87.52409934997559
82.92471182346344,84.83428817987442
82.55952841043472,87.34747159481049
81.13834738731384,85.23165261745453
85.1991685628891,86.57783144712448
84.61098772287369,86.38801229000092
82.52380472421646,87.86519527435303
92.97261887788773,90.37838113307953
85.44041830301285,89.87458169460297
84.50123447179794,86.12876552343369
89.11705338954926,87.40194660425186
82.30787283182144,86.54412716627121
80.44169461727142,85.66930538415909
81.52051657438278,86.8684834241867
82.13733845949173,87.51066154241562
90.06815505027771,89.37684494256973
83.12795513868332,85.53904485702515
81.63277369737625,84.36722630262375
81.17459279298782,87.17640721797943
81.53141278028488,84.76458722352982
83.7772325873375,85.40776741504669
86.93005037307739,88.40294963121414
81.37886691093445,85.95313310623169
89.34767991304398,88.59632009267807
86.7224789261818,86.75852108001709
86.09829670190811,85.54970329999924
85.71411323547363,87.30488675832748
82.88493156433105,84.85606843233109
82.35375016927719,84.18324983119965
81.50557005405426,85.30842995643616
81.08538949489594,88.37761050462723
87.2022026181221,94.98379737138748
88.85500609874725,86.97899389266968
82.41481417417526,84.73318582773209
82.49363297224045,89.41336703300476
81.07345199584961,85.1305480003357
82.59527260065079,85.92172735929489
83.30509006977081,87.009909927845
83.49490731954575,86.22709268331528
95.18472075462341,92.79627925157547
89.67052173614502,88.21747827529907
88.76833540201187,90.36066460609436
83.94015198945999,90.89284801483154
88.61197251081467,88.03602749109268
84.41378778219223,88.29021221399307
84.56660801172256,88.54439198970795
82.64542531967163,88.26257467269897
84.11324727535248,89.64575272798538
93.8210619688034,90.2899380326271
85.45586609840393,86.78513389825821
82.18268567323685,89.66831433773041
80.1515109539032,87.53448903560638
82.21233731508255,90.4366626739502
86.93915897607803,88.43184101581573
81.29497557878494,93.72302442789078
98.42979216575623,90.97720783948898
109.58258616924286,65.10141384601593
87.77241414785385,88.33858585357666
121.8332290649414,51.85177093744278
80.0968701839447,89.36512982845306
80.5656948685646,86.15630513429642
81.77351647615433,85.24448353052139
78.00033622980118,87.96166378259659
78.41316217184067,87.91983783245087
87.65898048877716,88.1000195145607
86.03478819131851,86.11421179771423
78.5396112203598,88.31238877773285
78.67443645000458,85.45656353235245
78.06726312637329,86.5247368812561
82.184086561203,86.35391342639923
78.39190542697906,87.29309457540512
90.63772237300873,87.25127762556076
81.67952740192413,89.26447260379791
87.01834720373154,84.90765279531479
81.4851586818695,88.40384131669998
79.73197966814041,86.76802033185959
82.73680353164673,87.00419646501541
79.37062388658524,90.61137610673904
81.26444762945175,91.3835523724556
79.25026792287827,87.10073208808899
90.3850861787796,87.57691383361816
82.5748919248581,87.88810807466507
81.3207106590271,87.54928934574127
78.7885365486145,86.1184634566307
78.36736339330673,86.0576366186142
83.44718742370605,85.59081256389618
79.61900478601456,87.36299520730972
97.60482406616211,90.48817592859268
82.07262390851974,88.35337609052658
83.57744657993317,89.81055343151093
84.11926871538162,88.63973128795624
82.6430903673172,86.80090963840485
85.70291209220886,87.72308790683746
80.65273553133011,85.88426446914673
80.67656219005585,89.82343780994415
80.7553893327713,87.448610663414
93.24120706319809,90.83279293775558
79.83901160955429,88.38298839330673
78.75184160470963,90.10115838050842
80.01467376947403,90.78032624721527
77.6125060915947,87.53549391031265
87.48833179473877,88.25266820192337
84.78914684057236,90.19185316562653
97.92395550012589,90.53904449939728
94.66974502801895,89.58925497531891
82.97053843736649,86.06646156311035
81.60534989833832,86.93265008926392
80.60916948318481,86.57483053207397
81.22699099779129,86.79300898313522
82.58281272649765,86.02818727493286
81.79063379764557,87.41236621141434
81.81445497274399,87.0745450258255
91.41226953268051,88.95773047208786
84.8620713353157,86.61892867088318
82.6068839430809,87.85611605644226
81.0197012424469,86.44329875707626
82.35852229595184,88.53147768974304
83.8993388414383,88.11866116523743
83.33115476369858,88.57684522867203
81.90897303819656,86.60902696847916
89.6557879447937,87.40021204948425
84.733593583107,83.28440642356873
83.01640695333481,86.00159305334091
81.17022413015366,84.36677587032318
85.36004275083542,86.25095725059509
82.84586161375046,84.43213838338852
82.72068113088608,85.1483188867569
82.85549998283386,85.08850002288818
84.97231417894363,89.30568581819534
89.99512302875519,86.00487697124481
82.5189311504364,85.90706884860992
81.96774762868881,90.81025236845016
82.36156851053238,84.7114315032959
83.97838425636292,84.37461572885513
81.94520115852356,86.73979884386063
82.96902197599411,83.19797801971436
92.34383511543274,85.84116488695145
85.75663620233536,89.39136379957199
83.20645034313202,89.44154965877533
81.6932687163353,83.23373126983643
82.36408996582031,84.02491003274918
83.57290798425674,83.53809201717377
82.24472469091415,89.44127529859543
81.80454361438751,82.65845638513565
81.73536390066147,89.48663610219955
88.4441784620285,84.9628215432167
84.57898634672165,91.69901365041733
81.28780382871628,83.04619616270065
81.42162382602692,82.52237617969513
84.09344124794006,85.0735587477684
83.04325670003891,86.8647432923317
83.19607603549957,86.63792395591736
92.12688928842545,86.24411070346832
85.22369039058685,83.94230961799622
84.5245012640953,89.43849873542786
81.17731738090515,82.84068262577057
83.960136115551,82.90886390209198
81.33595716953278,83.81204283237457
82.0077782869339,85.12222170829773
81.69759863615036,83.17240136861801
81.35041928291321,83.29658073186874
91.67023342847824,93.40276658535004
83.545041680336,86.63995832204819
83.05085968971252,87.04214030504227
81.46267849206924,87.20332151651382
86.72649657726288,85.77350342273712
82.54731273651123,87.2866872549057
83.2741334438324,84.33786654472351
93.50094550848007,88.72105449438095
87.54274904727936,86.60525095462799
85.97356414794922,87.11943584680557
85.49738228321075,85.44661772251129
84.74319911003113,85.25780087709427
84.47001910209656,85.64098089933395
83.82683944702148,86.6541605591774
85.18366014957428,85.5943398475647
84.55848211050034,85.51551789045334
93.0262964963913,88.2697035074234
84.40210121870041,87.96889877319336
84.12892019748688,84.81607979536057
84.18973898887634,86.53326100111008
85.7305577993393,86.21344220638275
83.81037336587906,86.18962663412094
85.00019454956055,85.2408054471016
93.61601042747498,87.90198957920074
85.06481397151947,85.52718603610992
84.92263132333755,87.02236866950989
83.79745131731033,84.40554869174957
83.96827083826065,85.69672918319702
84.25209093093872,95.02590906620026
86.88591253757477,86.50308746099472
84.4837332367897,85.10826677083969
83.58155381679535,84.43744617700577
92.29036903381348,88.59863096475601
84.44317471981049,86.35282528400421
84.70699381828308,85.2740061879158
84.1378121972084,86.71418780088425
87.3456260561943,87.82037395238876
82.72243618965149,88.59356379508972
79.89326012134552,85.56973987817764
95.75008171796799,88.60191828012466
89.16188210248947,87.61511790752411
81.55569922924042,86.11030077934265
81.44952845573425,84.55047154426575
81.6023576259613,86.73064237833023
84.83018332719803,84.76281666755676
86.076003074646,87.14699691534042
85.50682371854782,85.19717627763748
83.47464513778687,89.71135485172272
91.12746214866638,86.92853784561157
85.07627016305923,86.4607298374176
84.9700893163681,85.47391068935394
83.88290983438492,85.39509016275406
86.86972683668137,85.22327315807343
86.92954128980637,88.440458714962
83.58236312866211,84.86163687705994
91.79117786884308,87.1908221244812
87.25898468494415,88.07401531934738
85.44880443811417,87.27219557762146
82.95462518930435,84.84237480163574
84.42245012521744,86.26354986429214
85.2792694568634,86.81373053789139
115.41308093070984,50.75291907787323
98.34490120410919,58.4520987868309
99.84872674942017,60.169273257255554
112.03954929113388,65.79445070028305
85.56236839294434,87.34463161230087
85.14118945598602,87.24681055545807
85.07201039791107,84.98298960924149
88.28082859516144,86.59017139673233
82.74864035844803,85.95435965061188
90.77246350049973,85.98653650283813
86.90628057718277,86.24171942472458
85.4110951423645,86.14390486478806
80.37991511821747,85.21308487653732
83.75474065542221,85.70825934410095
80.59256052970886,84.31443947553635
83.31938445568085,83.60661554336548
82.86220270395279,97.10079729557037
83.16302400827408,85.28097599744797
82.37184464931488,87.12815535068512
88.3206644654274,86.12333554029465
87.2524762749672,88.39652371406555
82.20128977298737,86.87271022796631
83.03910946846008,85.8498905301094
85.0449286699295,83.93707132339478
82.58574563264847,84.91425436735153
84.12756711244583,82.5014328956604
83.63338541984558,85.81061458587646
86.34120404720306,86.13979595899582
84.21701753139496,86.65398246049881
83.03683638572693,84.68616360425949
82.96765768527985,88.1803423166275
81.00947993993759,87.54652005434036
82.34730213880539,88.0406978726387
86.8711234331131,84.49987655878067
82.26494443416595,88.16105556488037
83.75076615810394,83.65623384714127
87.57158607244492,87.00341391563416
82.92740333080292,83.10959666967392
84.06222409009933,83.58577591180801
85.67804259061813,85.062957406044
83.03485810756683,85.85414189100266
82.09567898511887,83.51532101631165
85.97049516439438,85.99250483512878
89.82731145620346,86.35868853330612
85.03612619638443,86.72287380695343
84.46694606542587,86.33005392551422
84.63876813650131,84.15823185443878
86.5685915350914,89.023408472538
83.66641080379486,85.62958920001984
84.24523401260376,85.45776599645615
84.75005722045898,86.91594278812408
86.16287988424301,85.20712012052536
87.77870112657547,90.42529886960983
87.19151800870895,85.60548198223114
90.0663383603096,91.87766164541245
89.44215703010559,86.11384296417236
84.37297171354294,86.60902827978134
104.13678425550461,59.64121574163437
85.15961211919785,84.34038788080215
88.07241690158844,85.55758309364319
84.46522778272629,86.66377222537994
82.98904752731323,84.15895247459412
77.97586876153946,82.35713124275208
79.66568922996521,82.51831078529358
83.55951124429703,84.75548875331879
81.82333135604858,83.62066864967346
83.55115360021591,83.2638463973999
83.03697514533997,83.20302486419678
85.3757945895195,87.38320541381836
83.12160980701447,82.99039018154144
88.66343080997467,89.55856919288635
85.37224954366684,89.83175045251846
83.04306721687317,85.47493278980255
82.93788796663284,84.56311202049255
83.21970862150192,83.07729136943817
90.20651549100876,85.70148450136185
82.34032219648361,84.3626778125763
83.41914248466492,84.3028575181961
81.73896378278732,80.31703621149063
85.59578168392181,83.55221831798553
82.4895988702774,84.13940113782883
83.54941898584366,84.39358103275299
83.14823538064957,85.94476461410522
86.07905530929565,84.21694469451904
89.80586373806,87.58313626050949
83.27366989850998,82.65233010053635
86.2224897146225,84.59151029586792
89.02430844306946,84.42069154977798
82.47412341833115,84.6748765707016
82.36694324016571,85.07705676555634
86.20476460456848,84.64723539352417
94.28457272052765,89.34442728757858
86.56637704372406,87.00662297010422
84.47919487953186,84.64980512857437
84.46501576900482,84.64598423242569
81.59983772039413,84.5291622877121
85.93865841627121,86.19134157896042
83.75747835636139,85.48252165317535
83.37329930067062,82.86670070886612
84.21211928129196,83.56488072872162
94.75493079423904,87.87606918811798
84.83373749256134,84.88826251029968
84.06055796146393,85.3654420375824
88.36137545108795,85.52662456035614
86.089191198349,86.98480880260468
84.70401215553284,84.70198786258698
84.69082802534103,84.25317198038101
95.492640376091,89.98935961723328
85.44144356250763,85.8925564289093
85.89126056432724,86.90473943948746
83.67307984828949,85.32692015171051
85.23390066623688,86.87709933519363
92.07272171974182,87.66827827692032
85.89154124259949,85.60745877027512
86.74836045503616,85.28863954544067
84.64318096637726,85.74681901931763
92.66599613428116,89.8900038599968
88.35580152273178,84.79219847917557
84.78661864995956,87.0843813419342
88.19843453168869,87.30156546831131
88.74124902486801,86.22175097465515
84.28306311368942,84.45793688297272
84.39888435602188,86.26811563968658
95.77369850873947,88.13330149650574
90.3154987692833,87.81350123882294
84.951316177845,84.67868381738663
85.8451360464096,85.19286394119263
94.49795573949814,85.91004425287247
85.83577680587769,86.40522319078445
85.35859698057175,86.65940302610397
84.99441856145859,88.35858142375946
84.59124112129211,86.35275888442993
93.59605425596237,88.14394575357437
93.13785469532013,87.56614530086517
83.62465506792068,84.32034492492676
85.9434717297554,88.38952827453613
84.37428027391434,87.62471973896027
85.13809585571289,84.34290415048599
81.93991202116013,84.13408797979355
95.57472425699234,89.2582757472992
90.61651521921158,89.19748479127884
85.2323232293129,83.87867677211761
85.01514333486557,84.20785665512085
84.70496433973312,85.46103566884995
82.78378462791443,85.19721537828445
82.54860550165176,83.26639449596405
83.23842632770538,83.66857367753983
82.35424709320068,84.3307529091835
82.11906951665878,84.99193048477173
90.60488480329514,86.54311519861221
82.75768184661865,84.96431815624237
88.7264996767044,84.64450031518936
82.7123155593872,84.65768444538116
81.29213678836823,84.48686319589615
82.53695845603943,85.16704154014587
83.55977976322174,83.51322025060654
92.36159133911133,93.69440865516663
83.625397503376,83.55960249900818
84.59421867132187,83.96178132295609
84.93203592300415,89.03096407651901
83.77085256576538,92.80414742231369
82.83067268133163,87.94732731580734
83.52049404382706,83.57250595092773
82.35831552743912,86.02968448400497
84.16013830900192,85.41386169195175
86.51595282554626,90.81704717874527
84.42875224351883,83.7572478055954
116.28554999828339,98.12145000696182
94.90131616592407,87.85768383741379
87.51712024211884,93.48287975788116
89.44792878627777,90.66207122802734
87.24873781204224,86.21326220035553
96.05054974555969,87.68945026397705
85.79635465145111,85.72164535522461
87.00417613983154,85.84682387113571
85.75099432468414,84.97200566530228
85.16281366348267,88.83718633651733
85.90863537788391,84.94336462020874
90.74745607376099,85.06754392385483
87.47326916456223,88.43373084068298
86.57108634710312,87.26291364431381
93.90989851951599,88.46110147237778
85.74769657850266,88.78930342197418
89.47451269626617,88.0994873046875
124.03532099723816,49.39067900180817
83.48396271467209,85.29303729534149
79.84078395366669,84.91721606254578
83.08661240339279,85.006387591362
93.7394255399704,87.18557447195053
79.33723390102386,84.86676609516144
78.60206228494644,85.26893770694733
77.69989347457886,85.67110651731491
80.87555772066116,87.05044227838516
88.18705135583878,67.36894863843918
79.74330520629883,66.27469480037689
95.78513205051422,64.76986795663834
84.81278681755066,87.29821318387985
95.70660054683685,90.95939946174622
83.13839590549469,86.62060409784317
88.9572165608406,86.59778344631195
86.75803250074387,85.38896751403809
83.79985404014587,85.49614596366882
83.02767366170883,84.15732634067535
82.18049615621567,84.81950384378433
83.22231459617615,84.33268541097641
101.28794598579407,87.10105401277542
86.77475053071976,89.87324947118759
83.87156367301941,86.1274363398552
82.58038222789764,86.73461776971817
83.47420239448547,88.78479760885239
88.46102201938629,84.44697797298431
88.79883980751038,84.90416020154953
93.56264919042587,87.0103508234024
83.82745331525803,85.82154667377472
84.49826830625534,84.3347316980362
82.52208876609802,84.23691123723984
83.65690898895264,85.6770910024643
81.05073016881943,83.63526982069016
82.53755152225494,84.22144848108292
83.50437194108963,84.16162806749344
95.86219334602356,86.87980663776398
89.71900820732117,86.02299177646637
86.57481503486633,87.6661849617958
83.85762733221054,85.0863726735115
82.12244552373886,90.95255446434021
82.18226635456085,84.00373363494873
84.44608861207962,83.75691139698029
82.59890830516815,86.2520917057991
94.77072232961655,87.80327767133713
83.44352757930756,85.39147239923477
82.70634770393372,83.77465230226517
85.61916416883469,86.34383583068848
82.77298200130463,87.22801798582077
82.59180283546448,84.37119716405869
82.18962460756302,83.71837538480759
82.71244609355927,84.37955391407013
81.29226571321487,85.50473427772522
89.57407605648041,88.6299239397049
88.7828779220581,86.29112207889557
84.12068492174149,88.41631507873535
82.08850312232971,90.98549687862396
82.03832298517227,84.64667701721191
83.82114392518997,84.03085607290268
85.0849621295929,83.63703787326813
90.57077425718307,89.24322575330734
83.83558225631714,84.55241775512695
82.37739926576614,84.21560072898865
82.93821805715561,83.50678193569183
84.12803727388382,88.7979627251625
82.07785546779633,83.66314452886581
82.21167582273483,84.28832417726517
83.82849371433258,85.61550629138947
82.44430935382843,90.85169064998627
83.1151282787323,84.40287172794342
88.97194391489029,88.84305608272552
84.902752161026,84.1892478466034
81.90757048130035,89.12842953205109
83.13539063930511,85.41960936784744
82.25121015310287,87.84078985452652
82.47802895307541,85.94797104597092
93.1498247385025,86.99917525053024
84.6546242237091,85.47537577152252
82.93744039535522,83.84055960178375
82.83125925064087,83.20674073696136
81.68707859516144,86.5529214143753
92.34089815616608,83.9361018538475
82.1607174873352,83.50628250837326
81.92453628778458,84.87146371603012
82.63335663080215,85.32964336872101
83.7121753692627,83.62082463502884
89.58699095249176,85.35700905323029
85.25879883766174,83.31520116329193
82.26361459493637,84.3103854060173
83.0284332036972,82.95356678962708
81.95925253629684,83.59574747085571
83.2790659070015,85.5179340839386
85.15388125181198,87.49411875009537
93.806695997715,85.87730401754379
84.92250204086304,87.89149796962738
84.52132081985474,84.73867917060852
83.71014016866684,85.7338598370552
83.06696075201035,84.93203926086426
86.38678103685379,87.37221896648407
82.46660107374191,84.57139891386032
82.32242053747177,86.65857946872711
82.75324124097824,84.65375876426697
92.4620561003685,87.77894389629364
84.68886303901672,85.94013696908951
84.13868242502213,87.60231757164001
81.8095029592514,83.94949704408646
81.87032276391983,83.50067722797394
85.19013392925262,85.45786607265472
87.08395266532898,89.97104734182358
91.42276149988174,86.05923849344254
83.61256736516953,85.35043263435364
85.02538585662842,86.88261413574219
83.88120526075363,86.80379474163055
85.49702453613281,85.89097547531128
83.687843978405,85.70115602016449
86.65466463565826,86.77033537626266
85.5304839015007,86.43151611089706
85.25830340385437,87.42769658565521
90.91011780500412,88.21888220310211
86.35992777347565,87.86207222938538
84.58774620294571,86.57925379276276
85.05556559562683,85.44543439149857
85.48638534545898,85.6066146492958
85.89820486307144,86.60179513692856
84.47802251577377,86.8009774684906
93.70383667945862,85.25916332006454
85.32063961029053,85.56936037540436
85.91745734214783,85.76754266023636
87.5882738828659,88.7627260684967
83.57609242200851,85.6469075679779
84.61791229248047,88.80908769369125
84.54873275756836,85.74826723337173
86.47855341434479,91.705446600914
83.72437328100204,85.07162672281265
93.2661863565445,88.65881365537643
85.10499262809753,85.78400737047195
84.09181064367294,86.87218934297562
85.22563081979752,86.66236919164658
85.3044501543045,86.62054985761642
87.47626739740372,89.65373259782791
84.94408571720123,88.96291428804398
88.85590493679047,87.18109506368637
83.9167230129242,85.50827699899673
95.29254466295242,88.6334553360939
84.1123640537262,87.72163593769073
86.95018690824509,85.75381308794022
83.43600761890411,86.50799238681793
84.83083218336105,87.85416781902313
84.55765479803085,88.68334519863129
87.74747866392136,90.41852134466171
86.67829984426498,86.61770015954971
83.60911846160889,86.53888154029846
80.74394220113754,88.72005778551102
82.58276575803757,84.4922342300415
82.12358748912811,84.96841251850128
84.14740467071533,86.63059532642365
82.04122775793076,85.90277224779129
86.28704750537872,85.97295248508453
81.40286087989807,84.78313910961151
91.05568367242813,84.72131633758545
84.2275065779686,85.60649341344833
82.60332584381104,84.49067413806915
85.29314690828323,85.09685307741165
81.68596827983856,83.7770317196846
84.59878891706467,85.58621108531952
81.17761039733887,83.71038961410522
87.20142984390259,84.52057015895844
86.35323983430862,85.6647601723671
83.67405742406845,86.64094257354736
90.19787639379501,83.85812360048294
87.27670031785965,84.61329966783524
85.7255232334137,83.60747677087784
87.6743431687355,86.14065682888031
85.47616028785706,84.93083971738815
82.85579764842987,84.95820236206055
69.81655186414719,59.14644813537598
71.82136797904968,61.51163202524185
84.3441841006279,49.67381590604782
72.40600609779358,61.44699388742447
84.18782716989517,59.3861728310585
78.76665014028549,62.25134986639023
94.99347198009491,48.173528015613556
88.79429107904434,62.18670892715454
68.33709383010864,60.328906178474426
69.56491482257843,58.732085168361664
84.32773870229721,50.22726130485535
74.01855897903442,59.16644102334976
78.9683809876442,57.16161900758743
73.34320324659348,62.4347967505455
101.25502556562424,46.2819744348526
78.8158467411995,57.75815325975418
79.04266947507858,61.364330530166626
82.26948553323746,63.4895144701004
92.86830043792725,50.03969955444336
85.00212222337723,60.09087777137756
122.78494465351105,53.25205534696579
128.04876518249512,58.11723482608795
108.92458760738373,48.33441239595413
95.89140909910202,63.4225909113884
95.13822591304779,60.00977408885956
86.73503512144089,60.857964873313904
105.20286113023758,50.094138860702515
86.6146793961525,60.82932060956955
86.21250420808792,61.76949578523636
83.32932311296463,61.59767687320709
99.76014840602875,48.75885158777237
89.76397275924683,60.06902724504471
89.3797921538353,62.138207852840424
81.92260670661926,61.614393293857574
91.63042223453522,48.40657776594162
78.7652416229248,58.752758383750916
105.78905892372131,54.451941072940826
76.42387676239014,60.00212323665619
82.05769407749176,48.57130593061447
67.10050761699677,62.65949237346649
69.94313561916351,62.77886438369751
85.18895381689072,48.015046179294586
89.94823634624481,43.29176366329193
86.50068670511246,86.68531328439713
84.86232620477676,85.35967379808426
79.66314667463303,51.2628533244133
84.42696613073349,84.18303388357162
88.72878533601761,86.43721467256546
84.69660168886185,84.21139830350876
83.92341750860214,87.37258249521255
83.57722407579422,86.3497759103775
86.93404132127762,85.43695867061615
83.67985963821411,83.91314035654068
83.44367629289627,84.6303237080574
82.9104950428009,84.44150495529175
82.67531740665436,85.1766825914383
83.55113768577576,84.28286230564117
83.05595642328262,86.24104356765747
85.6717717051506,89.99522829055786
83.91658920049667,86.54641079902649
81.32940745353699,84.02159255743027
84.61223036050797,86.51776963472366
83.46904981136322,85.7529501914978
82.9178671836853,87.45213282108307
83.18268781900406,88.02131217718124
85.0575042963028,88.07249569892883
83.5443200469017,88.32567995786667
84.56813848018646,88.22886151075363
80.10895657539368,86.28004342317581
80.78078138828278,83.42221862077713
84.34060645103455,83.97339355945587
83.34642392396927,88.98657608032227
82.64824122190475,85.3157587647438
83.68906307220459,85.16293692588806
87.26787739992142,88.4541226029396
83.7176902294159,87.30030977725983
83.51850914955139,88.8694908618927
86.57932668924332,88.82767331600189
84.19614285230637,85.65685713291168
83.4599586725235,88.5410413146019
83.33477747440338,84.10922253131866
85.11759442090988,86.40140557289124
83.03040939569473,85.93359059095383
87.05322653055191,87.53977346420288
83.2240389585495,85.49696105718613
84.89685720205307,84.90014278888702
83.25267487764359,84.33932512998581
84.75749188661575,87.63150811195374
84.87330746650696,84.57069253921509
80.43512451648712,84.50987547636032
98.38394492864609,88.56105506420135
81.11075347661972,89.44424653053284
80.31857699155807,85.81042301654816
82.63940274715424,85.1945972442627
84.84722089767456,84.83777910470963
83.53803879022598,90.07296121120453
82.5978571176529,86.32714289426804
84.69567322731018,85.39632678031921
84.4234887957573,86.4655112028122
86.00230580568314,87.38669419288635
83.8401243686676,85.08587563037872
83.80794376134872,83.8220562338829
83.16476172208786,84.94623827934265
84.28057968616486,86.95942032337189
83.04539847373962,83.86360150575638
83.95721834897995,85.50678163766861
83.27703696489334,83.7599630355835
97.0408536195755,88.47714638710022
81.89667022228241,83.23232972621918
84.21748888492584,85.2275111079216
80.59330576658249,83.35169422626495
83.11512738466263,84.88387262821198
83.95394551753998,85.39805448055267
84.19975936412811,86.59624063968658
83.260567009449,86.61043298244476
85.76538026332855,89.03161972761154
82.9551951289177,84.30380487442017
88.81201195716858,83.61398804187775
82.79882746934891,85.1091725230217
82.83964669704437,85.08535331487656
83.32646459341049,86.28453540802002
83.5542825460434,85.26171743869781
83.04010152816772,85.44089847803116
84.47091805934906,85.88108193874359
85.10573267936707,87.28326731920242
84.90655213594437,83.31544786691666
83.91136837005615,86.55163162946701
81.76818686723709,85.00981312990189
82.3470070362091,85.6529929637909
84.74082243442535,85.407177567482
82.59863692522049,84.97636306285858
83.82545483112335,86.76754516363144
80.60727405548096,84.22572594881058
82.96509808301926,83.53590190410614
86.85791766643524,84.30908232927322
83.38173592090607,84.76626408100128
84.10855442285538,84.05744558572769
82.0953716635704,86.5166283249855
83.13719469308853,83.91880530118942
84.6230086684227,87.22899132966995
82.7948249578476,83.57517504692078
85.02164232730865,85.25635766983032
83.13746029138565,84.89953970909119
84.42027854919434,86.04172146320343
83.8890967965126,83.92590320110321
90.44891238212585,85.99608761072159
82.361721098423,84.17527890205383
83.6255384683609,85.42946153879166
81.74135506153107,83.88764494657516
82.46917456388474,84.71682542562485
83.47399300336838,85.39700698852539
85.08981221914291,88.5211877822876
82.13163077831268,85.6463692188263
83.00645017623901,84.28954982757568
82.19726866483688,87.63673132658005
85.46008437871933,87.11291563510895
82.74389904737473,86.70110094547272
82.69271975755692,84.73328024148941
83.99453711509705,84.80246287584305
83.81335610151291,85.5936439037323
84.004174888134,85.27382510900497
85.93498998880386,88.04701000452042
84.55079931020737,86.80120068788528
82.64861512184143,85.96338486671448
83.32043439149857,84.10656559467316
82.36225408315659,86.91574591398239
81.97807383537292,84.78092616796494
83.01889395713806,85.99810606241226
85.50571382045746,88.29028618335724
84.5665323138237,84.80346769094467
83.57135140895844,84.27964860200882
84.53916680812836,87.0158331990242
83.11798137426376,85.40001863241196
82.01180130243301,85.46919870376587
83.90562123060226,84.57537877559662
84.16943854093552,86.83056145906448
83.67425698041916,83.95574301481247
86.47607386112213,84.9499261379242
83.27688378095627,85.14811623096466
83.42970103025436,86.79229897260666
82.15751779079437,84.52748221158981
82.36633658409119,84.93066340684891
83.57515662908554,85.48184335231781
81.94897621870041,85.88302379846573
82.43679451942444,85.82320547103882
87.03361350297928,84.91138648986816
82.3724308013916,85.1285691857338
86.26524716615677,88.51275283098221
84.17805767059326,84.39694231748581
82.77487516403198,84.6141248345375
84.00269305706024,84.4413069486618
81.71050930023193,88.49249070882797
82.36433112621307,85.67366886138916
80.4241538643837,83.51984614133835
85.04097467660904,83.45902532339096
81.17579114437103,84.82520884275436
81.1246132850647,84.44938671588898
81.55543553829193,83.74056446552277
81.11525797843933,86.69974201917648
80.84307950735092,85.12092047929764
80.6439038515091,83.76309615373611
81.44572526216507,83.14827471971512
83.00554782152176,84.17945218086243
82.34336769580841,85.30463230609894
80.01518815755844,86.15081185102463
81.00201106071472,89.60998892784119
81.6178332567215,81.03016674518585
80.77065432071686,83.41434568166733
81.646475315094,81.4465246796608
81.26229631900787,82.42370367050171
82.45211845636368,84.19588154554367
81.58693516254425,83.71006482839584
83.18375617265701,83.44524383544922
82.5965775847435,82.66242241859436
80.97139889001846,82.10260111093521
80.73522228002548,83.50477772951126
81.40704542398453,81.70395457744598
80.81986832618713,85.90213167667389
80.93569004535675,82.6203099489212
82.68151259422302,86.17048740386963
82.57533091306686,83.36966907978058
81.15414923429489,82.0308507680893
84.49297159910202,82.24802839756012
81.05379462242126,83.76220536231995
76.57661604881287,80.14538395404816
80.72943896055222,81.77056103944778
83.10425925254822,82.95074075460434
80.44307899475098,85.20492100715637
80.40990167856216,81.95909833908081
85.0267134308815,84.32528656721115
82.68053150177002,87.61646848917007
80.42535215616226,86.70464783906937
82.56017363071442,84.21782636642456
80.5829929113388,86.34300708770752
81.47681325674057,84.57818675041199
82.0746340751648,87.3143659234047
84.6724516749382,85.05054831504822
81.47326743602753,84.60073256492615
81.92308676242828,84.22591322660446
83.20490735769272,90.75809264183044
81.00672882795334,84.66027116775513
81.47454911470413,85.02545088529587
84.2943667769432,84.96463322639465
81.94718140363693,87.55281859636307
80.34100306034088,84.41899693012238
87.1238249540329,84.52517503499985
81.09163969755173,84.01936030387878
82.33646190166473,85.45953810214996
80.32328242063522,83.82471758127213
84.95710372924805,84.46789628267288
82.31492465734482,84.7040753364563
81.9857457280159,86.23625427484512
85.56556272506714,86.41643726825714
82.03337794542313,83.55962204933167
80.63119918107986,85.25780081748962
81.63502150774002,85.64197850227356
82.01084250211716,84.97115749120712
81.29266422986984,85.13233578205109
84.85348081588745,84.71951919794083
82.17329728603363,85.9557027220726
81.34511643648148,85.74688357114792
81.23893803358078,87.07606196403503
87.44675743579865,85.92324256896973
80.26757264137268,84.73342734575272
81.97539418935776,85.93260580301285
82.4992144703865,84.57478553056717
83.81803506612778,84.12596493959427
80.86085563898087,88.78714436292648
83.5686736702919,84.74532634019852
81.40749031305313,83.87050968408585
81.22731047868729,84.36468952894211
82.95513141155243,89.34186857938766
81.27395170927048,85.7070482969284
83.48277336359024,85.03622663021088
83.5985918045044,84.80840820074081
81.15940713882446,88.007592856884
82.1452283859253,84.16877162456512
81.87304705381393,84.14595293998718
80.6918677687645,84.4001322388649
83.7526804804802,88.30231952667236
83.1444942355156,83.33650577068329
84.29441004991531,83.50158995389938
81.22132480144501,86.4816752076149
85.16824251413345,85.36775749921799
86.85615479946136,84.64484518766403
82.30206507444382,84.10493493080139
82.41498100757599,83.51101899147034
83.1028978228569,86.21310216188431
82.62281328439713,83.06218671798706
82.12473177909851,83.43026822805405
89.3306452035904,84.18835479021072
82.98055320978165,85.27844679355621
82.6864681839943,84.29453182220459
82.02138590812683,83.44061410427094
82.15330213308334,84.51369786262512
86.24822044372559,85.01077955961227
82.62013697624207,83.10186302661896
83.10405373573303,85.13694626092911
82.12397027015686,83.46802973747253
81.23788785934448,87.52211213111877
89.03480046987534,85.13019955158234
82.83371204137802,84.9812879562378
84.35462963581085,83.81237035989761
81.65254634618759,84.90245366096497
82.13546532392502,83.14153468608856
82.36038166284561,86.30661833286285
86.28829687833786,85.63670313358307
85.06820237636566,87.20979762077332
81.05111461877823,85.44888538122177
83.94203072786331,84.35396927595139
83.51794534921646,83.48205465078354
85.00185996294022,85.79414004087448
81.1337713599205,83.40322864055634
82.96968847513199,84.23531150817871
82.50860559940338,82.9733943939209
83.0105220079422,85.06447798013687
86.64143562316895,85.87756437063217
85.9393435716629,85.8566564321518
84.90425837039948,83.81774163246155
81.68517595529556,84.81582403182983
82.83509331941605,83.73890668153763
83.85501098632812,83.49698901176453
83.43092715740204,83.4020728468895
84.84083986282349,85.69716012477875
83.08375024795532,83.62024974822998
81.28966826200485,82.9703317284584
81.75358480215073,83.44941520690918
82.88650304079056,86.18849694728851
82.36841732263565,84.53758269548416
82.64933323860168,84.05466675758362
81.61424970626831,83.42275029420853
82.91216772794724,85.23683226108551
85.80308043956757,85.77091956138611
85.10098814964294,84.52801185846329
87.58489817380905,84.61810183525085
81.43881231546402,85.39518767595291
83.12573105096817,84.39226895570755
81.7016469836235,84.7983530163765
84.29556477069855,86.01843523979187
87.07547694444656,85.90452307462692
81.91138982772827,83.90361016988754
85.59830665588379,84.84569334983826
83.99022144079208,84.10277855396271
83.28713792562485,85.89686208963394
80.97505539655685,85.93194460868835
83.67997127771378,84.5970287322998
81.92388796806335,83.31711202859879
81.6108061671257,86.05619382858276
90.9277235865593,84.81327641010284
92.8746372461319,87.4223627448082
84.04254508018494,84.75345492362976
86.35945975780487,85.82654023170471
82.12037634849548,84.47162365913391
83.06729364395142,85.08070635795593
81.9572097659111,83.8387902379036
85.3111252784729,88.63287472724915
81.99803566932678,84.11196434497833
81.68595200777054,84.18404799699783
84.24386811256409,84.55213189125061
80.44978308677673,84.95821690559387
81.52570074796677,84.25229924917221
82.80561172962189,83.91738826036453
84.3435280919075,84.93347191810608
81.80944573879242,84.46855425834656
84.03336435556412,83.63363564014435
85.75727790594101,84.9457221031189
82.37018918991089,84.59281080961227
84.13210487365723,86.05289512872696
87.0230216383934,84.29197835922241
81.89493900537491,84.49406099319458
85.35985684394836,84.43614315986633
86.6587702035904,86.37822979688644
84.43768113851547,84.80331885814667
82.82859653234482,84.3934034705162
81.51551467180252,84.7064853310585
81.62943208217621,85.22256791591644
81.33534967899323,84.0916503071785
86.57726567983627,84.12573432922363
83.87617838382721,83.30982160568237
82.84109443426132,86.12190556526184
81.69401347637177,83.08298653364182
87.65992718935013,85.2660728096962
82.38383638858795,83.65216362476349
82.38575398921967,87.74424600601196
81.99967086315155,84.6493291258812
84.6495885848999,83.88741141557693
82.28050523996353,85.8494947552681
86.6714181303978,86.86558187007904
82.74832767248154,87.21567231416702
82.02724343538284,84.509756565094
83.75115877389908,85.06284123659134
82.05007427930832,86.24592572450638
83.47799050807953,85.67000949382782
82.83190703392029,84.00109297037125
83.1298235654831,83.49917644262314
81.03974121809006,85.27525877952576
84.07865881919861,84.25534117221832
95.43157088756561,86.84542912244797
83.0454808473587,84.19551914930344
82.54739755392075,86.06360244750977
82.86431503295898,84.8206849694252
82.81023222208023,84.318767786026
86.31314903497696,84.59485095739365
85.79606008529663,87.36993992328644
83.70497268438339,86.16502732038498
83.20788663625717,84.38511335849762
85.3758031129837,84.99419689178467
82.43371659517288,85.60328340530396
83.2686339020729,84.434366106987
83.2525492310524,84.89545077085495
82.66146492958069,85.17153507471085
82.49738281965256,85.5586171746254
81.66530162096024,83.40769839286804
85.4822164773941,85.99878352880478
84.04012656211853,84.23787343502045
81.8940440416336,85.06795597076416
83.74796032905579,84.19703966379166
83.30487614870071,84.02812385559082
84.71479314565659,86.34120684862137
89.17970150709152,87.46829849481583
84.81161314249039,84.26338684558868
81.33152747154236,85.2234725356102
81.81544476747513,85.86955523490906
83.00236314535141,86.12663686275482
83.59728121757507,85.16171878576279
83.48819714784622,84.34580284357071
86.41611307859421,84.17588692903519
81.54802495241165,85.65597504377365
81.4019426703453,84.02405732870102
86.40385681390762,86.98514318466187
81.88676595687866,84.91023403406143
81.70368337631226,85.88931661844254
84.00160068273544,85.18339931964874
81.9115149974823,83.8844850063324
82.13543260097504,83.97556740045547
85.48934668302536,86.71465331315994
87.89925557374954,84.32374441623688
83.14116889238358,84.80283111333847
84.51408541202545,83.67191457748413
82.55300080776215,85.7989991903305
82.74091851711273,85.16708147525787
82.44583505392075,87.27616494894028
83.18875306844711,85.25624692440033
84.00467139482498,85.36532860994339
82.15558815002441,84.08541184663773
87.28750264644623,86.3424973487854
84.40040963888168,87.8775903582573
82.71732276678085,87.56067723035812
81.31124049425125,84.41075950860977
81.61015748977661,84.77884250879288
83.2790761590004,85.38792383670807
83.5959934592247,87.09000653028488
86.6529067158699,84.66209328174591
83.41481667757034,85.69718331098557
81.47173327207565,86.43626672029495
82.76965153217316,87.34134846925735
82.51256859302521,84.83943140506744
82.6254842877388,84.5775157213211
83.20140171051025,84.48259830474854
81.70331865549088,88.61068135499954
82.29823690652847,84.71976310014725
86.30015271902084,85.57084727287292
86.83906477689743,85.7899352312088
85.04497402906418,86.0290259718895
83.30588781833649,85.0821121931076
82.69780403375626,84.71019595861435
83.86572229862213,84.39327770471573
96.21962779760361,95.29837220907211
85.49951553344727,85.79648447036743
82.87142539024353,88.40557461977005
85.39233815670013,86.9416618347168
84.52424997091293,87.27175003290176
81.1741669178009,86.028833091259
85.12008160352707,86.21291840076447
87.54899477958679,91.47000521421432
84.04990428686142,90.15309572219849
83.83082038164139,85.11417961120605
86.27673697471619,84.74126303195953
85.53865003585815,87.8143499493599
86.52056038379669,86.96043962240219
84.89347410202026,85.97652590274811
82.11839139461517,84.56760859489441
82.62030905485153,84.49169093370438
84.95522606372833,86.93377393484116
86.05013847351074,85.80186152458191
85.77404755353928,85.24495244026184
82.20195972919464,84.81704026460648
87.51887679100037,85.92512321472168
82.0387914776802,84.70120853185654
82.35570842027664,84.73729157447815
86.54362469911575,85.40137529373169
81.6935356259346,86.26946437358856
83.41745394468307,87.1565460562706
87.60437041521072,86.00662958621979
86.58828413486481,86.24471586942673
82.10919404029846,85.57680594921112
81.68511068820953,84.75988930463791
83.65002644062042,86.46097356081009
82.11494207382202,85.0150579214096
82.26485931873322,87.06914067268372
86.13677418231964,85.71522581577301
82.06468391418457,88.23131608963013
82.04859858751297,85.50640141963959
83.16151452064514,87.5784854888916
81.99743020534515,86.9665697813034
84.03634357452393,86.87065643072128
82.55625873804092,85.83174127340317
81.96617430448532,86.71882569789886
81.56009221076965,84.21790778636932
83.06200981140137,84.6039901971817
90.08292186260223,86.41607815027237
81.47382754087448,86.19317245483398
81.4757428765297,84.820257127285
81.27366024255753,84.52233976125717
82.20157706737518,84.46442294120789
81.96349400281906,87.05550599098206
87.48440790176392,86.96059209108353
83.78231549263,85.9216845035553
82.02422946691513,85.1967705488205
83.26714664697647,85.73185336589813
81.86206132173538,85.80493867397308
83.06697887182236,85.61802113056183
85.81089407205582,85.81910592317581
84.90580451488495,86.26219546794891
83.11071890592575,84.90728110074997
86.6316345334053,86.05336546897888
91.5405478477478,87.08945214748383
82.28345847129822,86.8275415301323
83.37837582826614,86.01062417030334
81.58329302072525,84.91670697927475
81.6232088804245,85.61879110336304
84.44012540578842,88.44887459278107
83.77503848075867,85.76196151971817
82.35095196962357,84.85204803943634
81.74186998605728,87.0361300110817
83.78078854084015,86.14421147108078
80.83870565891266,85.36529433727264
82.69262313842773,85.19637686014175
82.046540081501,85.6574599146843
84.21445709466934,86.65554291009903
81.01337099075317,84.87562900781631
84.55228972434998,85.42871028184891
86.70220422744751,88.0017957687378
82.13011586666107,87.18488413095474
81.5950334072113,86.29396659135818
87.1339527964592,85.71704721450806
81.65487027168274,84.17912971973419
80.8607896566391,86.58421033620834
83.54670464992523,85.97029536962509
81.6606160402298,84.69138395786285
81.6805334687233,84.89346653223038
81.1834511756897,87.22454881668091
81.68436855077744,86.59263145923615
82.03928738832474,84.35071259737015
81.93020498752594,85.58879500627518
80.80212265253067,88.19787734746933
85.06404036283493,84.60295963287354
82.97295343875885,84.60104656219482
83.82587057352066,85.56212943792343
83.9397823214531,86.43121767044067
81.29369693994522,85.40930306911469
82.68461513519287,85.33338487148285
83.26053327322006,86.18446671962738
81.11445140838623,86.40454858541489
83.39436930418015,86.60563069581985
83.32227963209152,84.97372037172318
81.25019371509552,84.91680628061295
82.845110476017,89.93288952112198
80.16102856397629,85.07997143268585
82.08894741535187,85.3730525970459
83.20186519622803,85.61213481426239
80.46277970075607,86.25822031497955
81.59569877386093,83.70130121707916
85.11561638116837,85.01338362693787
80.91353070735931,85.56746929883957
85.39744573831558,88.30655425786972
82.04835569858551,84.73064428567886
82.69827204942703,84.85772794485092
80.607188642025,86.04081135988235
82.99810761213303,86.94589239358902
80.48202592134476,84.7779740691185
81.98294281959534,87.99805718660355
83.74485737085342,88.40414261817932
82.43177247047424,87.40222752094269
81.87868773937225,84.4743122458458
81.34260499477386,86.06339502334595
83.51252561807632,87.17347437143326
81.88444167375565,87.8565583229065
82.09035885334015,85.92764115333557
80.57427608966827,87.66672390699387
80.76018744707108,85.85081255435944
81.89210480451584,89.36789524555206
83.37601906061172,88.4579809308052
81.63693410158157,84.82606589794159
83.91685366630554,86.19514632225037
82.19676929712296,87.359230697155
83.38368630409241,87.26431369781494
83.53359907865524,87.96640092134476
83.20251190662384,85.55748808383942
79.90842753648758,87.70257246494293
81.91034722328186,86.66365277767181
83.67126482725143,87.88373517990112
81.85817992687225,86.25282007455826
84.58309715986252,85.84290283918381
81.60301220417023,85.50698781013489
82.49493163824081,85.35706835985184
82.68184769153595,86.80015230178833
84.29476153850555,88.29823845624924
80.81467193365097,86.29632806777954
81.90958946943283,86.4244105219841
82.07850456237793,86.53249543905258
84.08042025566101,87.2345797419548
83.0643350481987,86.15866494178772
87.19524651765823,85.61975347995758
83.06715738773346,84.3948426246643
82.44007432460785,85.46692568063736
82.14599072933197,85.57700926065445
83.36990731954575,84.42609268426895
81.68682205677032,85.62817794084549
81.35473853349686,85.84826147556305
81.85765707492828,86.51334291696548
81.89657521247864,84.97342479228973
81.75049245357513,85.86050754785538
88.38240653276443,86.59959346055984
81.05131721496582,86.35668277740479
81.51523566246033,85.57676434516907
82.53615349531174,85.7048465013504
82.05607044696808,86.09092956781387
80.98398780822754,85.33001220226288
85.63490080833435,87.36609917879105
84.5988101363182,85.38118988275528
81.28672629594803,86.21327370405197
82.21464347839355,85.30435651540756
81.86456167697906,89.98643833398819
81.08947968482971,85.48552030324936
83.03539729118347,85.98360270261765
82.85231423377991,85.12868577241898
82.46523082256317,86.1087691783905
82.67114806175232,84.99585193395615
85.06206160783768,88.40093839168549
81.21196514368057,85.39903485774994
81.25088161230087,84.86011838912964
87.51279878616333,85.65520119667053
81.23671412467957,88.44828587770462
80.6826320886612,84.68736791610718
85.8515459895134,86.90745401382446
82.40945541858673,86.44354456663132
83.28137189149857,86.66262811422348
81.65428960323334,85.86471039056778
82.15620696544647,85.88179302215576
81.3611216545105,86.06487834453583
82.04903787374496,86.22896212339401
82.30995523929596,86.26404476165771
81.34887278079987,84.96612721681595
83.5917899608612,86.03821003437042
85.7597022652626,90.5352977514267
85.78159880638123,86.29240119457245
81.98650991916656,84.8834900856018
83.04342520236969,85.69657480716705
81.7863392829895,86.69466072320938
81.45525735616684,84.9887426495552
87.23517149686813,89.54282850027084
83.5330798625946,86.44792014360428
83.1469955444336,86.33500444889069
82.79691177606583,86.3330882191658
82.7428286075592,85.84917140007019
80.68974417448044,86.56925582885742
82.19166105985641,86.45633894205093
82.2305783033371,84.69542169570923
83.49149280786514,87.17450720071793
83.30940932035446,85.70959067344666
82.31132334470749,86.98467665910721
84.88623595237732,87.35376405715942
81.79614770412445,85.77785229682922
90.98306399583817,87.73893600702286
82.52198135852814,86.27401864528656
81.30189818143845,84.95710182189941
85.32281064987183,86.27018934488297
81.41771870851517,85.87928128242493
82.69663578271866,87.78436422348022
81.88355225324631,85.93044775724411
82.31246984004974,86.16953015327454
86.85138458013535,87.14861541986465
82.27829480171204,86.44270521402359
87.61420160531998,91.53379839658737
90.35710591077805,88.40189409255981
83.93301123380661,86.82598876953125
81.60192173719406,87.43607825040817
83.80783325433731,87.02616673707962
86.86474472284317,86.17125529050827
80.81166166067123,85.26333832740784
81.68457961082458,86.22442036867142
80.83449870347977,85.2405012845993
86.33641248941422,88.75658750534058
84.98631846904755,88.10668152570724
84.06222760677338,87.58577239513397
80.84114342927933,85.47285658121109
84.41805881261826,87.19294118881226
83.78996694087982,86.71003305912018
81.71787875890732,88.85612124204636
84.20179551839828,87.00220447778702
84.70370841026306,85.18529158830643
83.90962064266205,88.51637935638428
79.96653455495834,87.60746544599533
83.56144905090332,88.47555094957352
84.91536545753479,85.69563454389572
81.10328006744385,86.84271991252899
81.71519792079926,88.09980207681656
83.7181134223938,86.55988657474518
81.46002668142319,87.724973320961
83.22193998098373,86.98206001520157
83.42785257101059,87.59114742279053
80.20776867866516,86.10823130607605
83.72768712043762,85.18031287193298
83.00760167837143,85.49239832162857
83.45351940393448,88.25048059225082
80.4924350976944,85.22956490516663
85.23535394668579,86.83864605426788
81.38627189397812,86.18872809410095
80.14719104766846,86.35280895233154
86.50110691785812,86.38789308071136
81.7070175409317,91.71898245811462
81.09693646430969,85.0880635380745
81.06285440921783,86.10414558649063
81.28677237033844,85.32422763109207
83.49169099330902,85.35930901765823
82.9386076927185,85.83939230442047
82.49551993608475,87.13348007202148
81.05343741178513,86.33556258678436
82.53635531663895,85.68464469909668
81.29827147722244,84.8497285246849
82.1151869893074,88.36581301689148
79.96910494565964,85.2718950510025
82.6750226020813,86.45497739315033
81.63993990421295,85.1200600862503
81.0858559012413,86.89514410495758
84.08877021074295,89.61522978544235
80.66368132829666,85.6873186826706
82.36959844827652,85.09340155124664
81.16751646995544,87.18348354101181
81.24443393945694,84.60756605863571
84.5053523182869,85.03164768218994
84.80326354503632,86.43673646450043
80.5281753540039,86.49082463979721
81.02909326553345,85.02590674161911
84.40301084518433,85.59698915481567
81.05292588472366,85.2070741057396
84.22084242105484,86.68615758419037
80.00075834989548,85.44424164295197
81.72467774152756,86.0343222618103
75.63459521532059,83.66140478849411
81.32151329517365,85.86348670721054
83.37942534685135,87.21357464790344
81.51033931970596,84.30366069078445
80.71625769138336,85.8387423157692
89.94117599725723,86.92982399463654
81.66509521007538,88.9089047908783
81.25901317596436,85.12898683547974
82.87292784452438,86.25607216358185
80.70784050226212,87.44015949964523
83.2647585272789,85.66024148464203
81.80467414855957,84.88132584095001
82.9545915722847,85.13840842247009
81.88250708580017,86.32049292325974
81.49542438983917,85.50357562303543
81.53534173965454,87.37265825271606
80.75926113128662,85.22273886203766
80.76017832756042,89.40582168102264
87.24509143829346,87.38490855693817
82.70999491214752,84.62400507926941
79.8229079246521,84.95609205961227
81.23182570934296,86.56417429447174
84.95574188232422,84.87725812196732
81.34765845537186,85.48634153604507
84.0155720114708,88.11442798376083
83.33248448371887,87.98251551389694
79.9453997015953,84.53560030460358
81.3363146185875,85.38568538427353
81.07923024892807,85.36576974391937
79.67414790391922,88.88185209035873
80.13806647062302,87.13893353939056
81.52998441457748,97.89601558446884
80.8838996887207,87.1161003112793
79.53381907939911,87.52218091487885
79.14673829078674,86.51926171779633
82.61165410280228,89.98034590482712
79.78056538105011,87.31243461370468
80.17147892713547,87.73652106523514
80.32139772176743,87.82660228013992
82.04531764984131,87.95468235015869
84.41723370552063,88.60076630115509
81.34614616632462,89.48785382509232
80.88506543636322,86.59693455696106
80.034982919693,89.13101708889008
79.73990190029144,87.09309810400009
79.31681787967682,91.22018212080002
80.9487401843071,86.64425981044769
84.09865605831146,83.73434394598007
82.74857038259506,86.99142962694168
82.47348445653915,85.34251552820206
83.04839986562729,83.78460013866425
83.64330929517746,88.76369071006775
83.57121884822845,84.29978114366531
86.18513160943985,86.03786838054657
82.5750395655632,85.81296044588089
83.87395346164703,86.92304652929306
86.24586552381516,86.55013447999954
82.56277751922607,84.49222248792648
83.0276927947998,83.54630720615387
84.65860533714294,83.54439467191696
82.77251821756363,83.3564817905426
82.2744323015213,84.7255676984787
80.36834591627121,84.1306540966034
81.3522624373436,83.46273756027222
83.42817807197571,85.4788219332695
81.28209167718887,83.90290832519531
80.54400897026062,83.30899101495743
81.63792437314987,83.30607563257217
80.73284006118774,85.26715993881226
79.40175861120224,84.28324139118195
79.25567865371704,82.57832133769989
81.07259750366211,84.05740249156952
86.7595100402832,92.20348995923996
82.37241667509079,90.03458333015442
78.67033439874649,86.75566560029984
79.78325515985489,86.43874484300613
78.89717626571655,86.12182372808456
78.9540963768959,88.97090363502502
78.586017370224,85.50698262453079
80.6619365811348,86.32006341218948
81.16485673189163,86.09514325857162
78.99877417087555,92.63022583723068
83.13069558143616,86.20230442285538
80.04061245918274,88.44138753414154
77.72753006219864,87.7174699306488
77.65545129776001,88.41854870319366
80.54637330770493,86.95362669229507
83.28829163312912,86.95070838928223
77.62420415878296,86.09779584407806
82.03312385082245,90.6148761510849
81.59203881025314,86.74196118116379
79.09395897388458,86.03604102134705
79.37287771701813,86.68212229013443
78.87579888105392,89.19920110702515
80.376719892025,87.5112801194191
80.02764028310776,87.99135971069336
80.01156008243561,86.82243990898132
79.69848221540451,88.02451777458191
79.01540291309357,86.42959707975388
81.97932153940201,88.40867847204208
78.37123793363571,92.0367620587349
78.98415929079056,89.9788407087326
78.46707874536514,85.99592125415802
79.17300027608871,86.10499972105026
79.00892025232315,86.01007974147797
81.47283869981766,93.02716130018234
79.06775313615799,86.6172468662262
93.88467299938202,88.1343269944191
79.57159179449081,86.02140820026398
79.29551184177399,90.01848816871643
79.16843312978745,85.77656686306
79.13335263729095,88.23764735460281
81.08027344942093,85.8467265367508
78.19219273328781,88.60280728340149
78.69511449337006,88.52688550949097
81.2150330543518,87.4879669547081
78.25394928455353,86.95005071163177
79.01586920022964,88.836130797863
78.36878967285156,87.98321032524109
78.44571036100388,85.59128963947296
78.5956324338913,85.84836757183075
82.9125508069992,93.994449198246
77.4144657254219,85.80753427743912
78.08338630199432,88.10161370038986
81.73330670595169,85.98869329690933
78.51322621107101,88.8937737941742
79.73714745044708,87.55885255336761
78.10906958580017,86.20493042469025
80.2229899764061,87.11001002788544
78.05891180038452,88.09008818864822
77.91183316707611,85.75516682863235
82.50575375556946,88.77124625444412
78.93366599082947,85.58433401584625
80.23258572816849,86.19341427087784
78.32650327682495,84.08049672842026
78.40342354774475,84.59657645225525
77.90534454584122,84.16865545511246
85.18526393175125,90.4627360701561
77.94618093967438,84.75781905651093
78.42910271883011,89.16289728879929
82.32102292776108,84.36397707462311
66.55070722103119,61.80129277706146
86.4236261844635,44.70637381076813
72.20354747772217,63.76045250892639
75.83446794748306,62.38753205537796
93.8743867278099,64.27461326122284
107.02430337667465,59.494696617126465
97.39622366428375,66.78877633810043
99.75014173984528,65.93485826253891
101.45606034994125,68.35893964767456
89.8649753332138,92.15302467346191
79.7928758263588,85.5041241645813
80.23979532718658,83.31620466709137
81.90771317481995,83.5362868309021
80.31763172149658,86.29336827993393
79.35654890537262,83.18045109510422
80.95146667957306,85.1045333147049
80.13838481903076,83.41761517524719
81.45529544353485,89.82270455360413
81.14221149682999,86.30278849601746
79.79212999343872,86.67087000608444
85.29404377937317,91.20595622062683
82.99995440244675,90.46304559707642
80.33487051725388,85.22012948989868
81.1887879371643,87.7182120680809
80.1917045712471,85.43829542398453
83.8416177034378,87.60238230228424
79.4545282125473,88.21247178316116
80.36344558000565,88.00555443763733
80.01436179876328,91.00463819503784
80.47927939891815,91.98372060060501
90.18419766426086,89.74180233478546
83.85311245918274,89.22088754177094
80.78102767467499,88.6069723367691
80.87594437599182,87.58705562353134
81.4708623290062,88.78913766145706
79.93577951192856,88.47222048044205
85.54769390821457,93.58130609989166
79.23560357093811,89.69039642810822
80.68152248859406,87.68747752904892
79.53644001483917,89.81555998325348
80.59335821866989,88.9986417889595
84.5022674202919,92.73773258924484
77.43118178844452,90.40181821584702
77.21010357141495,87.12289643287659
77.78702437877655,86.74997562170029
77.2879450917244,89.8030549287796
78.698865711689,86.15313428640366
78.90378415584564,88.39321583509445
78.5717026591301,86.53929734230042
79.49962258338928,88.7773774266243
84.33554148674011,91.0724585056305
85.78246212005615,87.34753787517548
81.41337311267853,91.62362688779831
77.41528868675232,87.99171131849289
78.6582093834877,86.24879062175751
80.21612948179245,94.61687052249908
78.36604815721512,88.11495184898376
84.62796151638031,94.42803847789764
79.03686714172363,87.85213285684586
80.72378587722778,89.79421412944794
79.5037013888359,87.62629860639572
79.52362185716629,88.40137815475464
77.89654302597046,87.82545697689056
79.65846359729767,93.13853639364243
77.0493832230568,88.7476167678833
78.68030470609665,88.22669529914856
77.16422581672668,85.76277416944504
77.14714753627777,85.66785246133804
81.87206304073334,88.31393694877625
77.46597182750702,97.21902817487717
80.67089307308197,87.25410693883896
78.54381293058395,86.6041870713234
78.37873440980911,85.38026559352875
82.28865557909012,87.56234443187714
81.55057042837143,89.24542957544327
79.23648357391357,86.50351643562317
80.23940217494965,87.0015978217125
78.42632126808167,87.38867872953415
80.53924196958542,87.57175803184509
81.41216242313385,89.08883756399155
79.39608204364777,86.21491795778275
77.71200281381607,92.60199719667435
77.91792380809784,86.74907618761063
77.84584456682205,87.5061554312706
86.75474828481674,90.33725172281265
97.40565747022629,53.409342527389526
85.31457871198654,63.722421288490295
83.57649177312851,61.18250823020935
87.26341253519058,60.25458747148514
99.08032947778702,51.84567052125931
96.69324618577957,61.64075380563736
93.36215460300446,59.489845395088196
91.75207531452179,58.746924698352814
99.81098812818527,47.2640118598938
85.4419082403183,58.96509176492691
91.46183013916016,55.944169878959656
87.33475148677826,58.016248524188995
93.17066693305969,52.23733305931091
88.48658895492554,58.5504110455513
84.93350386619568,57.381496131420135
82.6204264163971,61.36057358980179
103.60434520244598,46.784654796123505
86.25425237417221,57.39374762773514
72.77416634559631,61.46583366394043
72.36907988786697,56.389920115470886
96.61200153827667,45.424998462200165
79.52092051506042,59.59007948637009
72.61582845449448,59.75517153739929
69.58074992895126,58.51125007867813
82.06366336345673,46.195336639881134
67.64058476686478,69.2294152379036
68.60549879074097,58.78350120782852
82.2280063033104,53.34599369764328
73.32292407751083,58.12207591533661
88.38467985391617,43.00432014465332
79.77559030056,47.205409705638885
74.11050701141357,56.871492981910706
70.68742060661316,59.275579392910004
89.52134251594543,48.92265748977661
79.33826416730881,60.60573583841324
78.26717984676361,57.21482014656067
72.84310102462769,58.731898963451385
81.36401379108429,48.13698619604111
69.79669219255447,72.64730781316757
78.21044772863388,59.14155226945877
81.24936175346375,48.1946382522583
99.4980286359787,52.05697137117386
69.65470379590988,68.66029620170593
87.71837490797043,73.87362509965897
87.75921434164047,87.8157856464386
84.42812985181808,87.31287014484406
86.48505276441574,68.66294723749161
87.19288229942322,40.288117706775665
81.26980245113373,88.91619753837585
107.95671796798706,70.87728202342987
89.6986391544342,87.39436084032059
105.4785612821579,33.1134387254715
98.86947673559189,34.00152325630188
102.38939791917801,70.48060208559036
78.58114916086197,87.93785083293915
119.6390689611435,73.84293103218079
83.14098751544952,43.63701248168945
96.45982068777084,34.170179307460785
119.70173633098602,69.09426367282867
128.68565768003464,43.86934232711792
97.26157337427139,57.23842662572861
85.13448947668076,64.4205105304718
110.5814071893692,51.04959279298782
78.91632527112961,62.639674723148346
111.25123816728592,55.17476183176041
88.03115749359131,59.22784250974655
83.49607443809509,61.151925563812256
82.94199013710022,57.7800098657608
112.78172791004181,60.60727208852768
97.28363299369812,65.80836701393127
100.28555363416672,65.64044636487961
100.1394692659378,65.7685307264328
138.4743909239769,47.413609087467194
121.49530708789825,77.50469291210175
60.81201612949371,68.24398386478424
62.77693521976471,65.4270647764206
72.26085102558136,56.94414895772934
67.42877054214478,62.700229465961456
72.50469237565994,64.58830761909485
68.24760800600052,64.93739199638367
78.28653037548065,54.8614696264267
63.60344499349594,66.69255501031876
66.03136879205704,64.67263120412827
68.18229055404663,64.947709441185
89.70320808887482,55.96379190683365
75.83412116765976,75.66587883234024
82.11304157972336,66.16495841741562
82.00496059656143,68.10703939199448
96.3018798828125,58.364120066165924
80.15680176019669,65.63919824361801
90.99271363019943,58.23028635978699
81.28961724042892,65.17238277196884
90.68153494596481,53.15246504545212
73.41221070289612,70.07078927755356
80.80212885141373,87.79087114334106
78.89704829454422,87.0289517045021
78.28796684741974,88.861033141613
80.84488701820374,58.09911298751831
87.92179822921753,89.7082017660141
80.64570182561874,86.98429816961288
78.79561978578568,86.70438021421432
78.05653929710388,68.33146071434021
79.74345833063126,88.3115416765213
91.50437045097351,88.77162951231003
81.0442681312561,89.2517318725586
80.00918501615524,58.49081498384476
81.21410286426544,87.58089715242386
83.25401830673218,87.76398169994354
82.42293447256088,87.94706553220749
79.31385284662247,53.59414714574814
79.92677199840546,88.31422799825668
78.15069210529327,88.20030790567398
78.93061167001724,87.79138833284378
78.02453184127808,58.32646816968918
91.6004438996315,96.78755611181259
81.47335040569305,88.0826495885849
80.92026805877686,88.2277319431305
81.0881861448288,89.76381385326385
78.72110390663147,87.81689608097076
89.62901419401169,91.03598582744598
84.89091056585312,91.96108943223953
83.65282553434372,91.10617446899414
90.22774213552475,89.88225787878036
82.43557542562485,93.11942458152771
83.10449331998825,92.98850667476654
82.14340990781784,93.5975900888443
86.4423257112503,90.3736742734909
86.07423973083496,90.75976026058197
82.31615686416626,93.36884313821793
96.35506623983383,91.60793375968933
85.70895671844482,90.05004328489304
78.93286287784576,86.90013712644577
80.86177831888199,91.89822167158127
86.93769466876984,87.599305331707
90.82859718799591,89.83840280771255
80.10849058628082,89.35550940036774
82.25740605592728,90.26059395074844
79.55632048845291,90.29567950963974
90.4652373790741,90.73776262998581
81.02315467596054,87.73584532737732
81.13607132434845,94.17892867326736
79.54598605632782,91.39901393651962
78.5289037823677,92.82309621572495
78.77182161808014,88.48717838525772
79.10774046182632,92.35525953769684
87.99865090847015,88.72334909439087
81.44455116987228,90.38844883441925
79.20646393299103,89.51653605699539
79.24538189172745,88.32861810922623
82.9323000907898,87.79069989919662
92.93420243263245,92.58479756116867
83.88009649515152,90.50890350341797
81.03001099824905,91.80298900604248
83.32893079519272,89.81906920671463
87.23784917593002,90.85415083169937
86.2587640285492,91.48123598098755
81.35268384218216,91.44331616163254
78.89260214567184,90.23739784955978
80.5605234503746,90.8464765548706
80.61844408512115,90.77055591344833
80.28736448287964,95.58363550901413
88.73327642679214,96.96972358226776
82.27217727899551,89.11582273244858
79.94109243154526,90.74390757083893
79.74001318216324,93.33398681879044
88.77893531322479,89.05506467819214
93.66984730958939,88.60815268754959
81.07874113321304,91.49525886774063
79.95165365934372,88.84434634447098
76.91557174921036,98.56542825698853
81.34449309110641,98.45150691270828
79.71641087532043,85.59858912229538
79.86732989549637,94.87467008829117
79.49824732542038,93.33475267887115
77.14916861057281,85.23983138799667
79.05708909034729,92.70091092586517
79.00400966405869,96.53299033641815
87.80292212963104,89.10507786273956
79.04582315683365,85.82517683506012
77.80674201250076,90.11925798654556
80.27066308259964,92.65433692932129
78.45858418941498,88.92941582202911
93.66449612379074,88.52050387859344
80.40738701820374,87.87061297893524
78.13130390644073,89.64669609069824
81.0042234659195,87.82877653837204
83.0801397562027,93.56886023283005
83.06405508518219,93.54794490337372
80.10197234153748,96.25002765655518
80.82589107751846,92.89610892534256
80.16180831193924,92.69019168615341
80.05272763967514,93.2802723646164
80.99964779615402,97.09435218572617
90.92755621671677,96.09244376420975
82.52145177125931,93.70054823160172
84.76436644792557,96.62463355064392
82.02528268098831,98.73371732234955
89.17520236968994,92.69479763507843
96.64010137319565,94.24889862537384
103.2719811797142,70.1360188126564
117.95989644527435,50.50410354137421
78.70263350009918,89.66836649179459
78.18555444478989,88.5004455447197
76.94647562503815,88.81252437829971
84.80039668083191,90.71760332584381
79.50631666183472,88.08568334579468
77.39623707532883,90.15876293182373
77.17715698480606,87.89684301614761
85.41907721757889,88.93192279338837
80.40298491716385,92.00401508808136
82.34989583492279,90.07610416412354
77.09181141853333,87.79718858003616
78.02265268564224,86.66334730386734
81.19057166576385,87.58642834424973
56.69539439678192,72.50860559940338
66.96207159757614,72.29692840576172
79.22491437196732,89.14508563280106
78.1718357205391,89.77216428518295
83.5807563662529,70.04824364185333
77.23167783021927,88.95432215929031
82.53440129756927,71.81859868764877
84.05431401729584,89.09468597173691
83.05622887611389,91.07377111911774
85.59513109922409,69.68186891078949
98.43004202842712,56.92095798254013
89.04296219348907,65.08603781461716
82.5307087302208,70.48829126358032
79.7015363574028,89.0944636464119
83.24045097827911,88.18554902076721
79.57636022567749,72.16463977098465
78.04127943515778,89.01472055912018
83.19118446111679,93.86481553316116
77.9700955748558,89.43590444326401
86.6950091123581,72.08299088478088
83.58592391014099,88.41407608985901
82.60683822631836,92.0601617693901
77.0176494717598,72.0743505358696
82.61831563711166,72.38268435001373
78.86023145914078,89.89876854419708
79.17814522981644,93.69185477495193
82.71706068515778,90.78293931484222
85.99598056077957,70.8740194439888
82.4798972606659,91.89010274410248
86.43062776327133,72.32837224006653
83.11754637956619,89.16045361757278
82.41545957326889,90.23254042863846
87.75136053562164,65.06363946199417
93.93826746940613,56.39473253488541
69.92118626832962,73.05981373786926
94.14610546827316,65.35389453172684
89.81501722335815,66.51898276805878
100.64993220567703,55.46106779575348
91.28085231781006,66.71914768218994
91.20877230167389,66.14222770929337
104.58168858289719,58.84431141614914
100.52860480546951,59.39739519357681
88.17851310968399,60.17348688840866
102.93942326307297,72.20757675170898
107.08932942152023,51.33667057752609
91.55424243211746,67.44575756788254
85.4091545343399,62.331845462322235
81.15106481313705,64.01493519544601
117.52297550439835,70.53202450275421
92.71087169647217,66.06712830066681
87.97278487682343,66.58321511745453
89.40069782733917,63.98930215835571
105.75461286306381,52.598387122154236
82.20052468776703,63.83647531270981
78.03643888235092,69.42756110429764
75.62935048341751,66.09164953231812
95.65126317739487,48.14573681354523
63.98617476224899,66.19882524013519
59.488089203834534,76.0499107837677
86.43499886989594,61.99100112915039
100.04791069030762,52.304089307785034
84.75282287597656,61.413177132606506
81.18173390626907,59.87426608800888
88.27565521001816,61.57634478807449
117.38856273889542,62.35143727064133
95.83446311950684,62.31353688240051
89.9113718867302,63.16362810134888
88.30228632688522,62.30871367454529
98.93419635295868,50.36180365085602
83.75110900402069,63.11889100074768
76.19702059030533,62.635979413986206
80.698934674263,68.44906532764435
80.97884929180145,53.28015071153641
74.42577135562897,62.519228637218475
76.14869332313538,63.31330668926239
70.74458533525467,65.81141465902328
109.84036827087402,69.43663173913956
82.06528609991074,92.41671389341354
77.54819297790527,87.67380702495575
93.66110706329346,91.17189294099808
80.1450012922287,87.74399870634079
80.57191491127014,88.94508510828018
79.51982885599136,87.9441711306572
78.83574610948563,91.12725389003754
82.63366371393204,87.6993362903595
82.08057636022568,88.32642364501953
79.86049580574036,87.6945042014122
79.95541179180145,89.41558820009232
78.69732904434204,87.09867095947266
80.03324633836746,87.78175365924835
80.12716037034988,88.00183963775635
79.96306312084198,95.03793686628342
79.8349717259407,91.29402828216553
81.94889438152313,89.62510561943054
80.74680495262146,88.99419504404068
81.06371611356735,98.15828388929367
72.8390616774559,56.8659383058548
63.91690319776535,67.52809679508209
67.06682294607162,67.45217704772949
90.49473363161087,58.85726636648178
85.95964735746384,68.55935263633728
90.36856770515442,72.945432305336
100.05648976564407,71.85151022672653
118.63239568471909,57.47960430383682
91.57930260896683,94.36569738388062
85.26620036363602,91.90079963207245
86.95311433076859,91.5288856625557
84.40002512931824,92.32297486066818
84.56893891096115,95.02506107091904
104.9028354883194,72.46616452932358
101.25775045156479,69.11324954032898
114.147665143013,59.59233486652374
91.77957761287689,66.36842238903046
89.92949312925339,66.79250687360764
91.70941483974457,68.17958515882492
124.9893290400505,64.99267095327377
86.78723132610321,91.80476868152618
84.64213520288467,94.85886478424072
83.45804661512375,95.57895338535309
85.53395706415176,91.11304295063019
85.51786541938782,92.55613458156586
87.38977295160294,90.92422705888748
85.00368398427963,88.94131600856781
87.13459831476212,90.62440168857574
83.28550601005554,92.69649398326874
82.86142230033875,92.75057768821716
84.43733412027359,97.50666588544846
84.53224116563797,91.0427588224411
85.21915411949158,88.83684587478638
83.61006790399551,88.59393209218979
83.31598055362701,87.88801944255829
89.98388713598251,95.34911286830902
101.00477194786072,65.79122805595398
98.28468698263168,65.6973130106926
98.49060124158859,66.78739875555038
103.77050894498825,46.84149104356766
114.69742405414581,78.35757595300674
77.05114895105362,88.28185105323792
79.05407190322876,90.0019280910492
77.70299464464188,93.05600535869598
76.31691712141037,90.0540828704834
75.98584049940109,88.86615949869156
77.72776436805725,88.64223563671112
77.19561040401459,90.06438958644867
78.28953409194946,90.95046591758728
75.90245646238327,89.61554354429245
79.03437727689743,93.18762272596359
77.18429416418076,87.44470584392548
76.81621605157852,84.2027839422226
79.24606084823608,53.30893915891647
74.303970515728,67.9000294804573
83.45388787984848,64.38011211156845
91.40080970525742,62.35919028520584
104.99472749233246,51.89427250623703
90.57064324617386,64.35435676574707
86.55355817079544,69.81644183397293
88.81547969579697,68.96152031421661
102.70639836788177,61.441601634025574
88.85631483793259,67.21768516302109
90.4322344660759,67.91876554489136
88.10115295648575,65.15784704685211
111.06706589460373,65.69293409585953
89.62396943569183,66.32103055715561
88.81088644266129,63.20811355113983
85.70179569721222,67.27920430898666
108.29671114683151,53.53628885746002
96.94661235809326,76.62738764286041
94.1895204782486,69.82947951555252
92.98743879795074,68.21556121110916
102.52635663747787,59.750643372535706
86.8992749452591,68.6937250494957
82.0121905207634,69.87680947780609
76.01410555839539,69.85589444637299
89.16402053833008,52.27997946739197
70.59194308519363,66.09305691719055
72.24186593294144,70.23913407325745
71.26278674602509,66.90421324968338
93.11670100688934,61.99429899454117
90.10061407089233,68.80738592147827
82.10151731967926,68.37948268651962
123.54843044281006,87.1185695528984
81.21711248159409,87.57988750934601
80.07002049684525,87.40997952222824
76.9619374871254,86.87206250429153
77.37085890769958,86.35114109516144
77.20677983760834,88.66422015428543
76.80070132017136,86.84729868173599
80.46962124109268,86.08637875318527
80.26753693819046,86.54746305942535
85.15945357084274,86.82354640960693
77.64236438274384,85.65363562107086
81.84828275442123,85.7817172408104
85.8871950507164,89.42780494689941
88.00009554624557,94.01890444755554
81.63099783658981,87.79500216245651
77.39291405677795,89.03308594226837
78.89483255147934,86.06816744804382
76.37874937057495,88.9742506146431
80.28766363859177,87.4713363647461
77.86357748508453,88.58042252063751
77.73649609088898,86.22750389575958
77.49741721153259,91.3915827870369
80.36933672428131,88.70366328954697
76.3162572979927,94.42474269866943
83.24418044090271,88.18181955814362
80.85709393024445,87.69890606403351
80.41401237249374,87.01098763942719
82.11993086338043,88.60206913948059
80.10385167598724,88.5441483259201
83.4027715921402,89.5982283949852
90.3676787018776,88.20632129907608
82.12858200073242,88.57541799545288
81.22248643636703,86.2025135755539
77.8554003238678,86.83059966564178
83.57831645011902,89.71768355369568
81.95122230052948,85.30777770280838
78.89813631772995,86.19486367702484
82.1030535697937,86.24794644117355
79.90096890926361,85.5060310959816
78.64388531446457,85.3191146850586
77.70180368423462,85.6131963133812
77.92672282457352,86.5922771692276
79.2796403169632,85.92335969209671
78.8185566663742,86.57044333219528
80.32047402858734,85.73452597856522
78.78639018535614,88.26960980892181
84.04730194807053,87.73069804906845
87.17919701337814,89.48780298233032
77.86608076095581,87.02291923761368
80.75699126720428,88.81700873374939
78.55490511655807,85.90809488296509
81.88981539011002,86.90518462657928
84.05972677469254,88.40327322483063
79.63463634252548,87.23536366224289
83.00755149126053,85.52944850921631
81.34346616268158,86.26853382587433
78.99237960577011,85.7106204032898
79.06929588317871,90.0417041182518
80.34821385145187,85.46678614616394
83.03512901067734,85.83387100696564
80.50104176998138,85.66595822572708
84.37295836210251,89.51504164934158
85.02286952733994,95.05013048648834
77.80278098583221,85.15921902656555
81.73169827461243,85.95430171489716
79.54861253499985,86.52638745307922
84.36452811956406,88.24647188186646
86.58943819999695,88.02156180143356
82.70234763622284,87.40865236520767
81.94426077604294,89.40673923492432
81.50217652320862,93.0168234705925
84.41209352016449,87.14390647411346
81.48700821399689,86.73399180173874
81.52592504024506,88.69507497549057
79.39884132146835,87.00815868377686
81.0497612953186,87.39523869752884
82.2916806936264,87.35631930828094
82.73859477043152,91.74240523576736
85.16650795936584,89.1854920387268
81.76141828298569,87.81358170509338
83.63333451747894,89.36666548252106
82.89424949884415,89.45675051212311
82.26616644859314,88.2698335647583
87.19507718086243,91.74992281198502
82.28998464345932,87.95201534032822
81.40189826488495,91.82010173797607
79.84881520271301,88.05918478965759
82.7767344713211,88.57526552677155
84.2226494550705,88.35135054588318
81.54056310653687,88.90443688631058
82.28247940540314,87.36552059650421
81.39539444446564,88.88160556554794
85.25030541419983,87.93569457530975
84.40021806955338,88.1747819185257
85.90212905406952,91.06187093257904
83.75603824853897,87.05896174907684
82.96095317602158,90.33504682779312
80.81486749649048,88.64813250303268
82.00278425216675,86.40521574020386
87.91269278526306,92.90330719947815
81.82059925794601,89.42040073871613
84.63851660490036,91.65848338603973
84.47343343496323,88.30456656217575
80.66135144233704,87.72864854335785
81.25526863336563,90.374731361866
89.8501837849617,90.72381621599197
75.49910116195679,87.09289884567261
81.59501785039902,90.16498214006424
80.20693451166153,88.23706549406052
81.22885221242905,91.27214777469635
88.3597639799118,91.25123602151871
83.34267139434814,90.25032860040665
82.25258678197861,89.46941322088242
80.18050348758698,90.83749651908875
82.71941995620728,93.41058003902435
89.51832985877991,91.61267012357712
80.16723591089249,94.0177640914917
80.55915123224258,91.27484875917435
80.4500704407692,91.42092955112457
80.04398828744888,93.49301171302795
80.50890755653381,90.71309244632721
79.30682545900345,90.71117454767227
83.21674567461014,93.15425431728363
80.75566524267197,92.4103347659111
84.97958362102509,90.5014163851738
80.79749953746796,91.20250046253204
83.96541422605515,89.96058577299118
86.0973271727562,92.16167283058167
82.00623857975006,89.93776142597198
82.56415659189224,91.0838434100151
80.12107521295547,89.19292479753494
84.530990421772,89.82100957632065
83.51490259170532,88.94909739494324
87.31282073259354,95.13117927312851
78.98173958063126,88.18526041507721
79.39065891504288,89.27634108066559
79.37457782030106,85.79242217540741
78.54249614477158,88.56850385665894
77.98941612243652,87.76958388090134
80.7693367600441,87.34166324138641
79.30825597047806,86.85874402523041
78.03217440843582,89.52382558584213
79.90509498119354,86.57590502500534
81.85101145505905,86.7969885468483
79.6129235625267,91.48007643222809
79.28084057569504,92.94115942716599
80.7827610373497,91.60623896121979
82.45167452096939,88.80832546949387
83.78758841753006,86.45341157913208
77.97450643777847,87.37749356031418
79.4014260172844,85.80157399177551
80.03626370429993,86.74173629283905
80.29909962415695,87.08990037441254
64.64268815517426,71.46831184625626
65.05159831047058,73.6334016919136
76.75751584768295,57.261484146118164
68.29643374681473,60.832566261291504
77.00234949588776,60.9616504907608
78.67026299238205,64.99573701620102
91.8021804690361,51.36481952667236
83.34209656715393,62.991903424263
85.91701418161392,61.3049858212471
88.25293242931366,66.0060675740242
105.84785169363022,66.76414829492569
98.14576870203018,76.70623129606247
104.55468732118607,67.48231267929077
83.09360957145691,93.99839043617249
89.1515257358551,102.81147426366806
81.65344369411469,94.51355630159378
85.41535741090775,101.34464257955551
81.75026905536652,95.39773094654083
83.10418671369553,101.50681328773499
83.05110484361649,94.65289515256882
82.16402012109756,95.7069798707962
91.1289353966713,95.90806460380554
80.75984328985214,101.07315671443939
80.8917629122734,90.16323709487915
81.09768164157867,88.38331836462021
81.72859942913055,88.27040058374405
81.6195160150528,95.34248399734497
81.95543318986893,91.10056680440903
81.38335055112839,92.61664944887161
81.62626528739929,87.85473471879959
81.8871813416481,94.05781865119934
82.74109715223312,90.49890285730362
90.13200962543488,89.9419903755188
85.5049119591713,89.94008803367615
83.54282587766647,93.27117413282394
83.78573763370514,99.36226236820221
84.32464909553528,97.02635091543198
87.45655715465546,95.35744285583496
87.73645430803299,100.61454570293427
78.40436065196991,93.07663935422897
83.25928300619125,90.22271698713303
79.5571957230568,88.64680427312851
82.91111797094345,94.29188203811646
82.69103038311005,92.30896961688995
80.34094488620758,97.80705511569977
82.76886260509491,90.73113739490509
84.6967722773552,93.52522772550583
87.10568821430206,92.80131179094315
86.90459656715393,99.65140342712402
84.86950534582138,97.76049464941025
83.8714194893837,101.20258051156998
82.72533541917801,88.92266458272934
83.20925056934357,93.8657494187355
86.72916495800018,93.53083503246307
82.26807200908661,102.45392799377441
86.17798638343811,94.15601360797882
82.62389969825745,88.37510031461716
83.1818140745163,89.89218592643738
84.25772577524185,103.03827422857285
84.16764205694199,87.57335793972015
82.65055483579636,90.3124451637268
84.41247016191483,89.06952983140945
83.02438509464264,95.0116149187088
82.48930007219315,89.89969992637634
83.86220359802246,92.80379641056061
85.84511590003967,90.78488409519196
83.27303218841553,95.20796781778336
84.81194508075714,90.29805493354797
83.96286028623581,89.50013971328735
86.74276781082153,94.68323218822479
83.57767236232758,101.92232763767242
82.59758603572845,100.82741397619247
83.78449565172195,99.34450429677963
82.97340762615204,93.73159235715866
83.3813208937645,92.22867912054062
84.60623371601105,93.22676628828049
81.88614809513092,90.1328518986702
82.68506282567978,94.90793716907501
84.31597769260406,94.94402229785919
80.65088701248169,93.9411129951477
85.72780710458755,94.45719289779663
86.04371666908264,94.95628333091736
84.52762627601624,96.75037372112274
84.7145403623581,95.65545964241028
83.16045498847961,91.9495450258255
88.60836863517761,92.26263135671616
82.59127873182297,94.24272125959396
82.31519228219986,89.443807721138
82.46510803699493,92.38589197397232
82.5050220489502,90.71797794103622
82.48793637752533,94.80806362628937
82.76785284280777,88.32514715194702
85.62176662683487,94.41523337364197
84.12268298864365,91.5243170261383
80.27359819412231,94.11540180444717
86.05252093076706,95.11347907781601
84.74043762683868,93.37056237459183
86.72334796190262,99.5906520485878
85.20725548267365,96.45974451303482
85.98716801404953,96.75383198261261
84.41607880592346,93.19592118263245
88.78698873519897,98.91601127386093
84.64189100265503,96.6921089887619
81.55080455541611,95.2641954421997
81.70071911811829,90.20728087425232
81.6476338505745,92.40836614370346
79.88955533504486,91.14644467830658
82.87347853183746,89.60852146148682
85.11639404296875,89.7356059551239
85.19230788946152,97.34469211101532
84.84222084283829,95.99077916145325
84.75213432312012,91.39586567878723
85.8830498456955,93.56095016002655
87.385961830616,99.35603815317154
82.146868288517,94.4461317062378
83.92678385972977,88.79621613025665
79.26169699430466,88.9973030090332
85.4866161942482,95.93938380479813
82.24752658605576,96.93847340345383
83.6754344701767,99.04756551980972
79.99235165119171,88.56364834308624
78.60527157783508,87.33972841501236
81.9591812491417,90.18881875276566
83.09109634160995,89.464903652668
82.35201269388199,89.25998729467392
79.77993029356003,89.25706970691681
83.22685033082962,94.73714965581894
84.09776020050049,89.10523980855942
81.9336748123169,87.04832518100739
83.50958436727524,96.48941564559937
82.2334976196289,91.43250238895416
81.9394119977951,88.9675880074501
82.79332828521729,91.78067171573639
93.14723390340805,97.87076610326767
119.57511895895004,58.331881046295166
81.9290361404419,93.55196386575699
84.07994312047958,91.08705687522888
79.80385899543762,94.95614099502563
85.212775349617,92.45322465896606
81.14069777727127,90.82230222225189
82.62461322546005,91.4313867688179
79.34852761030197,91.13247239589691
78.51743841171265,91.16856157779694
82.0193572640419,89.25864273309708
78.00227093696594,87.38572907447815
80.59718853235245,92.847811460495
80.87710076570511,90.91889923810959
81.32301259040833,87.78798741102219
82.12192612886429,87.45207387208939
84.993825674057,90.19117432832718
83.94071853160858,93.46728146076202
82.49862974882126,89.29837024211884
82.07454389333725,89.51845610141754
84.70545917749405,90.4425408244133
79.4293732047081,91.97762680053711
84.52429378032684,89.25270622968674
82.13820695877075,89.04779303073883
83.13911581039429,90.43388420343399
84.80803084373474,90.85896915197372
84.45794486999512,90.00505512952805
83.79386323690414,94.947136759758
82.99977630376816,91.27822369337082
84.22369140386581,89.70230859518051
86.41160774230957,92.1633922457695
83.30152171850204,92.08647829294205
83.71144014596939,90.62255984544754
103.67635321617126,98.56464678049088
103.1412199139595,72.11878007650375
102.42013484239578,71.74586516618729
96.34904593229294,72.31795406341553
108.25796085596085,52.1870391368866
88.74087446928024,65.07312554121017
86.33578938245773,67.27521061897278
89.20771110057831,61.58828890323639
103.13563239574432,52.80836760997772
90.7495499253273,68.23145008087158
85.58446371555328,64.43353629112244
88.919378221035,72.70962178707123
96.99628245830536,54.89271754026413
80.99819546937943,63.31680452823639
85.33411347866058,62.0558865070343
77.83502769470215,70.73897230625153
86.59593546390533,50.36706453561783
72.26485097408295,60.55014902353287
74.56377100944519,62.65822899341583
83.34369069337845,64.97130930423737
92.6596115231514,53.52438849210739
84.38452970981598,62.078470289707184
87.31245112419128,65.77954888343811
81.01836627721786,62.38963371515274
97.07528764009476,51.33171236515045
83.9672058224678,61.58979415893555
84.39412313699722,61.30987685918808
78.08103841543198,63.418961584568024
91.49095016717911,53.120049834251404
74.78886330127716,61.09913671016693
73.0497841835022,62.41221582889557
85.66370517015457,59.762294828891754
106.94261926412582,70.53838074207306
87.79752951860428,40.665470480918884
90.7254496216774,47.38555037975311
85.85636746883392,41.17963254451752
127.67328798770905,50.362712025642395
93.63820880651474,41.323791205883026
94.75212854146957,37.395871460437775
96.5310480594635,37.37595194578171
114.40295958518982,69.22604042291641
104.53487998247147,34.31612002849579
99.16679453849792,38.87020546197891
92.20671355724335,42.83028644323349
100.55961948633194,48.21738052368164
101.1905307173729,59.216469287872314
90.9344494342804,59.45455056428909
92.9173674583435,60.693632543087006
100.95627230405807,49.78372770547867
86.94018405675888,57.46681594848633
87.31210339069366,59.33489662408829
92.20302391052246,58.092976093292236
105.66794413328171,46.85005587339401
92.0588646531105,62.200135350227356
98.33878391981125,62.160216093063354
101.00769978761673,59.21430021524429
108.84361982345581,54.00938016176224
90.88252854347229,59.35847145318985
99.88345158100128,62.85654842853546
98.9043607711792,63.13263922929764
119.09126508235931,71.14873492717743
92.26016628742218,62.183833718299866
95.1880784034729,62.403921604156494
95.56099307537079,61.23500692844391
110.82189750671387,55.80810248851776
101.10179942846298,59.34320056438446
96.02971112728119,59.026288866996765
89.1796247959137,62.45037519931793
103.49653905630112,49.707460939884186
84.81345421075821,60.52054578065872
91.81537038087845,59.85062962770462
93.48429065942764,61.4607093334198
103.69020086526871,48.69979912042618
88.0811179280281,61.95688205957413
93.95203524827957,57.843964755535126
90.97295147180557,59.823048532009125
111.54986399412155,59.91413599252701
91.84677410125732,62.98622590303421
100.47869390249252,63.058306097984314
110.94461393356323,70.14838606119156
116.03852498531342,51.55347502231598
104.54043579101562,61.8855642080307
109.6353560090065,61.6606439948082
83.98827946186066,93.30672055482864
79.9931218624115,89.28487813472748
98.65554910898209,56.10445088148117
73.50845438241959,70.56454563140869
87.73337244987488,64.43362754583359
105.42029094696045,62.33870905637741
118.6082044839859,73.05879551172256
92.44310879707336,106.85389119386673
88.14901888370514,96.25898110866547
83.76193368434906,100.07206630706787
90.78285264968872,106.21814733743668
85.91377115249634,96.73422884941101
89.26769071817398,96.73230928182602
87.1216099858284,96.84139001369476
87.62352991104126,101.4324700832367
96.38444805145264,98.41155195236206
92.34936201572418,102.33563798666
85.70427894592285,89.70372104644775
99.7421925663948,111.83080744743347
101.6909973025322,108.25300270318985
100.28591465950012,102.21408534049988
86.99183076620102,106.10116922855377
87.79162245988846,105.74537754058838
83.57053953409195,89.09546047449112
85.0924563407898,99.76054364442825
86.00137639045715,92.90662360191345
87.41029554605484,96.49670445919037
87.04221415519714,93.14278584718704
85.84113109111786,92.6228688955307
89.91604590415955,92.95395410060883
83.58496558666229,91.0070344209671
84.23488372564316,87.15311628580093
92.58879816532135,103.22520184516907
103.03569328784943,103.48330670595169
92.92659419775009,96.49940580129623
99.07651317119598,101.01548683643341
86.80043262243271,94.75456738471985
84.65723717212677,94.26876282691956
82.30715560913086,89.8598443865776
86.23507398366928,94.5429260134697
88.03299355506897,88.26400643587112
83.83191281557083,90.78008717298508
84.96283209323883,88.18516790866852
82.77975249290466,92.70224750041962
89.18867194652557,92.05132806301117
83.35759198665619,90.49340802431107
83.06350988149643,89.67649012804031
87.38042879104614,99.58357125520706
98.3083433508873,94.63565665483475
86.45824480056763,93.09675520658493
96.12616348266602,95.7808365225792
85.79608029127121,95.13091969490051
99.22299456596375,100.23900544643402
89.83688932657242,99.96011066436768
85.57980823516846,99.7721917629242
83.04372853040695,93.36227148771286
83.26864904165268,89.12035095691681
84.06656843423843,89.5624315738678
84.1984891295433,89.28351086378098
84.571408867836,93.67059111595154
89.64732998609543,94.33467000722885
83.20424842834473,90.813751578331
84.02116644382477,89.46083354949951
88.67108690738678,96.6059131026268
98.26600152254105,94.15999847650528
84.73090261220932,91.95409739017487
98.4928206205368,96.6191793680191
85.29074108600616,95.48725891113281
92.27365529537201,97.30034470558167
82.59346985816956,87.85153013467789
85.35339081287384,92.25760918855667
89.94830971956253,89.60669028759003
93.98823010921478,98.17976987361908
83.50815033912659,89.39884966611862
81.60306996107101,92.36093002557755
90.64199000597,93.2660099864006
81.6809093952179,91.44909060001373
82.73882919549942,89.63217079639435
81.61074954271317,94.98125046491623
96.27966380119324,94.73933619260788
88.02256333827972,90.51543664932251
96.8764825463295,97.8285174369812
83.11840224266052,94.99159777164459
95.15731543302536,99.43568456172943
80.95621055364609,89.4327894449234
83.01312792301178,89.04187208414078
82.83004516363144,94.33695483207703
80.7029647231102,87.85303527116776
83.12988483905792,87.295115172863
81.90980499982834,88.25619500875473
81.17172574996948,91.29127424955368
83.80264604091644,87.25235396623611
89.36056262254715,97.0844373703003
84.86347317695618,90.45152682065964
81.9383933544159,93.33860665559769
97.34830683469772,94.52169317007065
82.60920238494873,92.98279762268066
97.94512033462524,97.22187966108322
81.66903895139694,94.16396105289459
98.68895226716995,99.10704773664474
81.54384171962738,89.16115826368332
80.98975813388824,90.52824187278748
83.5096777677536,93.97132223844528
80.8085977435112,91.59840226173401
82.3105183839798,88.72648161649704
84.01643842458725,88.92856156826019
80.98135590553284,92.48164409399033
89.9092772603035,97.16472274065018
80.98519784212112,88.95880216360092
81.04311233758926,92.49388766288757
82.69303351640701,92.45596647262573
92.19495105743408,93.60104894638062
92.67785388231277,99.00614613294601
96.55077314376831,101.8572268486023
81.83069270849228,95.55830729007721
94.8506076335907,100.01939237117767
79.70450127124786,91.88749873638153
82.66942125558853,89.77457875013351
89.46834218502045,92.29065781831741
80.76626348495483,89.25173652172089
81.89818376302719,91.45381623506546
82.6031025648117,89.24889743328094
82.06902307271957,92.78297692537308
98.66294330358505,93.81805670261383
80.9798634648323,92.0201365351677
82.99978029727936,89.83221971988678
82.05769151449203,93.79430848360062
95.41160440444946,93.44039559364319
85.26550298929214,93.56749701499939
97.39742076396942,98.51057922840118
82.5103422999382,95.2856577038765
99.62325704097748,99.96874296665192
89.57014936208725,95.3738506436348
84.10906893014908,87.76193106174469
82.40698826313019,90.85201174020767
81.07590788602829,89.07309210300446
83.80082875490189,88.16217124462128
82.72874844074249,88.90225154161453
81.9526686668396,89.97333133220673
92.95458912849426,89.74941086769104
88.84450829029083,95.52549171447754
83.03242409229279,90.09757590293884
83.12734317779541,93.57665681838989
95.7212575674057,91.46374243497849
94.40815562009811,93.16484439373016
95.57706195116043,96.3489380478859
83.85697889328003,92.99502110481262
98.89589202404022,95.08510798215866
92.8427814245224,96.02821856737137
82.41867941617966,90.72932058572769
86.05059719085693,93.13440281152725
81.81151592731476,89.02248406410217
92.18343621492386,99.85356378555298
83.01935613155365,90.01764386892319
82.41027706861496,93.38672292232513
91.70819699764252,89.66180300712585
82.63611698150635,91.34488302469254
82.175033390522,89.54696661233902
82.8809484243393,92.5080515742302
84.34586709737778,88.37613290548325
86.10778534412384,97.3372146487236
98.14669251441956,99.13230746984482
81.3146106004715,96.53638941049576
80.39053118228912,87.14646881818771
93.11544895172119,103.32955104112625
82.9133420586586,92.32765793800354
85.17426151037216,93.60273849964142
82.06617826223373,89.34182173013687
81.21509820222855,89.56190180778503
82.69901907444,89.76298093795776
78.45993715524673,93.96606284379959
99.18485873937607,94.51914125680923
88.2047768831253,98.2952231168747
82.22569555044174,92.12630444765091
82.91261649131775,91.9393835067749
86.84052968025208,91.95547032356262
90.36144429445267,98.39855569601059
99.08534300327301,97.74765700101852
79.12525659799576,93.46874338388443
85.64517742395401,91.15082257986069
89.16508877277374,106.18591123819351
81.70776963233948,93.2732303738594
83.15468591451645,89.14131408929825
82.98960423469543,87.67639577388763
81.49252080917358,92.08147919178009
107.29043859243393,93.89456140995026
80.84835559129715,89.94864439964294
85.7022705078125,89.18672949075699
82.53718912601471,90.40781086683273
98.33610701560974,90.88689297437668
97.81901895999908,102.58798104524612
101.1359121799469,102.84608781337738
84.10082864761353,93.13917136192322
82.78774690628052,89.74925309419632
96.73466140031815,101.74733859300613
84.34755033254623,98.13344967365265
81.36846661567688,92.78053337335587
84.09138607978821,91.5196139216423
82.57630670070648,87.14669328927994
82.67022514343262,88.90377485752106
81.06114590167999,92.40185409784317
93.17406678199768,89.82593321800232
83.21298462152481,88.63901537656784
85.26990127563477,88.26609873771667
90.97681391239166,92.44918608665466
86.40473341941833,88.79926657676697
97.81364816427231,95.70535182952881
96.70454555749893,97.29545444250107
80.3364650607109,92.20053493976593
83.4303857088089,88.1616142988205
107.45130151510239,103.62269848585129
87.02719086408615,92.08380913734436
83.34410804510117,96.19289195537567
80.86502879858017,88.68997120857239
83.57094943523407,89.35605055093765
82.77586847543716,90.687131524086
81.79678869247437,92.3692113161087
89.98370838165283,89.77529162168503
81.98562890291214,89.32937109470367
80.95054650306702,90.49445348978043
81.34146529436111,93.32553470134735
90.10238534212112,88.23061466217041
94.14129745960236,95.22870254516602
97.34719759225845,97.7078024148941
79.8671161532402,91.94688385725021
81.72203648090363,90.09296351671219
98.96395242214203,99.258047580719
75.33684116601944,87.81115883588791
81.46875929832458,92.38424068689346
85.82267993688583,88.43632006645203
101.67559719085693,98.9534028172493
83.12251526117325,89.06348478794098
83.93943619728088,92.13456380367279
100.01535665988922,94.24364334344864
85.66627508401871,91.20472490787506
81.48219037055969,90.7028096318245
80.26211029291153,91.1628897190094
86.43102931976318,88.40297067165375
89.19194287061691,92.66005712747574
99.91584318876266,96.39815682172775
80.43675696849823,90.63724303245544
86.62367582321167,90.72832417488098
94.81159090995789,98.55840909481049
83.59047967195511,95.53852033615112
85.37039786577225,93.9816021323204
82.94631618261337,88.81268382072449
82.89323580265045,86.90276420116425
82.58015531301498,89.34584468603134
83.89707154035568,92.5839284658432
100.63998860120773,93.13801139593124
92.9569041132927,95.89509588479996
82.62482249736786,88.11517751216888
81.3497411608696,92.63125884532928
85.59265601634979,90.68534398078918
91.65057134628296,112.05342864990234
102.68846678733826,100.42153322696686
82.22736942768097,92.79063057899475
84.74928706884384,94.58471292257309
95.78719860315323,96.49080139398575
83.01208961009979,89.72891038656235
83.81000685691833,94.54199314117432
81.6449254155159,89.72507458925247
82.68484497070312,88.4451550245285
80.29676431417465,88.40623569488525
82.24368315935135,91.404316842556
93.52360010147095,88.6243999004364
84.56251913309097,89.69648087024689
85.80543291568756,89.80556708574295
84.06733566522598,92.10066431760788
99.92024558782578,98.30175441503525
102.42213642597198,104.37386357784271
103.31303894519806,111.51996105909348
89.09293228387833,99.24006772041321
91.1318296790123,90.09017032384872
98.55974143743515,95.16225856542587
95.39462274312973,95.99437725543976
83.35952359437943,91.0654764175415
84.34444159269333,87.73055839538574
81.69736158847809,87.04263842105865
79.69928139448166,86.63371860980988
79.20120149850845,89.4467985033989
90.90711665153503,87.74088335037231
87.5020347237587,93.03496527671814
82.81794607639313,88.64505392313004
87.2088657617569,91.05013424158096
93.58177983760834,95.82522016763687
82.34268325567245,87.56431674957275
103.64159494638443,100.06240504980087
80.88448798656464,91.09751200675964
85.12640553712845,87.83559447526932
100.8143253326416,95.33367466926575
95.24223852157593,92.88876152038574
84.13213413953781,92.66386586427689
82.8380519747734,90.10594803094864
83.09897118806839,87.0850288271904
79.65689069032669,86.9361093044281
79.80681014060974,93.19218987226486
95.62373071908951,94.69026929140091
84.44164890050888,88.48435109853745
82.68356496095657,86.8904350399971
87.94448322057724,92.62851679325104
87.44640243053436,87.88659757375717
83.22632229328156,87.99567770957947
102.02523452043533,99.06776547431946
81.71212959289551,91.28787040710449
80.71404284238815,87.48895716667175
83.8819591999054,87.39504081010818
96.95887327194214,95.72712671756744
83.25676369667053,92.89123630523682
84.18468058109283,86.61131942272186
92.79859972000122,96.94240027666092
81.68851828575134,88.07048171758652
83.72843831777573,91.71656167507172
98.58135879039764,95.17764121294022
83.75027871131897,89.7127212882042
83.49319624900818,87.17380374670029
81.90211325883865,91.11588674783707
86.3680328130722,87.72496718168259
82.99895316362381,88.37104684114456
101.75986582040787,99.09113419055939
89.13276451826096,90.57123547792435
80.0046814084053,87.19931858778
82.00760018825531,86.54839980602264
94.21351164579391,93.15748834609985
83.01140612363815,90.2485938668251
83.05032408237457,87.89367592334747
80.81124293804169,86.63275706768036
79.94316160678864,88.26083838939667
79.31607979536057,98.29492020606995
95.37299925088882,89.88600075244904
93.13391762971878,95.03208237886429
83.65483522415161,93.34516477584839
80.93475514650345,96.43624484539032
87.10367566347122,90.98932433128357
86.95659601688385,91.8954039812088
100.47751098871231,96.41148900985718
81.73841291666031,92.00258708000183
84.40832781791687,90.22267216444016
82.2432456612587,89.31275433301926
93.91116100549698,92.71883898973465
82.45105636119843,97.28994363546371
82.5079738497734,88.58502614498138
85.67689138650894,90.23110860586166
80.86380696296692,86.87719303369522
83.36572653055191,98.0422734618187
93.03464025259018,89.57735973596573
85.66656070947647,90.88943928480148
83.14947658777237,93.55452340841293
81.72539484500885,93.25560516119003
89.98731410503387,91.51268589496613
92.85823398828506,97.8447659611702
105.67614418268204,104.28685581684113
83.86304551362991,98.17395448684692
90.3089611530304,89.63503885269165
84.49688094854355,91.81811904907227
94.40579509735107,96.89020490646362
85.50068444013596,96.68431556224823
84.52160197496414,92.70039802789688
85.70851975679398,90.16248023509979
82.52543741464615,90.8265625834465
81.37935602664948,94.88064396381378
100.86227095127106,94.91572904586792
86.32819068431854,93.59880930185318
87.58910757303238,89.46689242124557
84.88702565431595,98.31597435474396
89.11094444990158,90.55505555868149
84.65086340904236,89.07213658094406
105.55977857112885,108.16322141885757
93.33967578411102,102.36432421207428
85.41557854413986,94.52942144870758
93.5094952583313,97.65650475025177
91.4384092092514,94.22859078645706
86.69930785894394,102.41169214248657
85.73822504281998,90.29877495765686
83.22214221954346,89.8338577747345
79.39005839824677,90.59194159507751
79.94797831773758,97.79202169179916
102.67189264297485,94.27210736274719
84.91481250524521,91.27018749713898
81.97273010015488,91.97226989269257
83.75264972448349,93.82235026359558
86.03156763315201,89.98643237352371
83.27448719739914,87.91051280498505
95.03640621900558,99.51959377527237
93.01932042837143,101.14767956733704
85.22522187232971,90.01577812433243
82.56014025211334,87.03285974264145
92.37705332040787,100.17794668674469
83.23095178604126,93.49104821681976
80.97386944293976,86.74913054704666
94.78978902101517,98.30121099948883
81.01470786333084,87.7252921462059
79.85062670707703,89.52037328481674
95.68554651737213,90.37045347690582
83.57646054029465,88.31253945827484
82.226378262043,86.73662173748016
81.65429675579071,90.23470324277878
88.78621661663055,87.23178339004517
86.32513469457626,86.95186531543732
92.290054500103,94.52494549751282
93.34696787595749,104.39303213357925
86.3308697938919,91.22413021326065
84.01878833770752,90.16721165180206
91.77969855070114,101.18330144882202
86.68859446048737,99.73740553855896
82.82050859928131,92.27249139547348
82.24842703342438,95.621572971344
83.4363465309143,93.48965346813202
101.85066002607346,96.94633996486664
100.85054832696915,84.33545166254044
93.73843568563461,93.48356431722641
89.20132219791412,89.0206778049469
85.81321036815643,95.24378961324692
89.12709939479828,82.61390060186386
84.14598727226257,82.4280127286911
96.92387557029724,89.07612442970276
99.99775809049606,98.11324191093445
84.03463041782379,87.41036957502365
84.8125188946724,82.92848110198975
86.25640678405762,83.33559322357178
99.44228768348694,102.44671231508255
84.99815154075623,83.3358484506607
86.1270403265953,83.40995967388153
84.14592814445496,84.89207184314728
86.848817050457,86.7431829571724
99.31170558929443,93.91029441356659
87.73759496212006,84.87340503931046
86.47848302125931,82.18851697444916
86.14537227153778,86.74362772703171
90.40526068210602,82.92873930931091
95.49714988470078,89.92885011434555
98.68203949928284,92.66896051168442
93.97892135381699,93.68807864189148
87.36678522825241,87.05821478366852
106.60766971111298,92.59533029794693
88.97855126857758,85.31844872236252
93.70023596286774,102.0407640337944
86.700104534626,86.31789547204971
97.49598562717438,90.55901437997818
86.8488559126854,99.52214407920837
96.3297398686409,93.52226012945175
87.7376247048378,87.00337529182434
87.53350657224655,84.67049342393875
86.60839301347733,87.3186069726944
91.31127971410751,84.24472028017044
85.66316729784012,83.89283269643784
94.940056681633,91.07694333791733
96.69993656873703,94.65206342935562
88.4028040766716,85.07819592952728
101.0516859292984,96.52231407165527
89.51454871892929,86.59645128250122
99.60742723941803,97.00357276201248
85.8852869272232,86.94871306419373
85.9221733212471,85.85582667589188
88.88406103849411,86.55893898010254
86.27294760942459,90.4110524058342
86.88483542203903,87.67116457223892
87.86571991443634,86.43028008937836
85.0506032705307,84.78239673376083
88.18049222230911,87.9305077791214
91.81037700176239,85.81962299346924
93.14426481723785,85.09673517942429
99.81014841794968,92.18985158205032
95.7550259232521,95.04197406768799
88.84788942337036,86.20811057090759
86.47777372598648,86.0042262673378
86.365658223629,88.04134178161621
99.10654014348984,97.3384598493576
84.95839560031891,85.96760439872742
109.1992821097374,93.83771789073944
85.68116670846939,85.83783328533173
83.68005812168121,88.37494188547134
90.66194701194763,87.6720529794693
90.25383085012436,86.91216915845871
90.88471204042435,84.32028794288635
86.40259647369385,87.02340352535248
91.90248519182205,84.31951481103897
88.03237330913544,85.04262667894363
96.97625660896301,93.52374339103699
95.51314061880112,94.57885938882828
92.49500715732574,88.93099284172058
86.23487639427185,84.06012362241745
87.04976320266724,83.13523679971695
104.10563898086548,103.19036102294922
85.5494881272316,85.48651188611984
84.97637325525284,85.91262674331665
84.62326228618622,83.93073773384094
82.84615105390549,90.46884894371033
91.55004090070724,90.50495910644531
84.95793056488037,90.28406941890717
83.8278181552887,85.06118184328079
92.84570848941803,92.59829151630402
88.80959838628769,84.54340159893036
90.86448872089386,87.76551127433777
106.99437844753265,91.39462155103683
92.9752647280693,96.00673526525497
99.06814742088318,102.39485257863998
86.16001033782959,86.7279896736145
91.49389815330505,89.93210184574127
102.10478097200394,108.87621903419495
95.04964476823807,90.54235523939133
88.25352919101715,89.45047080516815
86.12341773509979,85.52458226680756
88.93830692768097,94.58069306612015
89.73419523239136,90.26580476760864
86.6410847902298,84.37691521644592
90.90097278356552,90.89502722024918
88.51186245679855,92.41413754224777
92.06675148010254,85.65424853563309
96.67963993549347,93.22836005687714
99.73452770709991,95.85847228765488
95.69741779565811,96.24658221006393
100.53030282258987,101.76569718122482
86.30817013978958,88.91382986307144
95.6420568227768,90.98794317245483
94.71494215726852,102.89505785703659
95.80781948566437,97.63618052005768
90.69667887687683,90.95132112503052
89.69756585359573,85.89643412828445
86.9194530248642,95.3775469660759
93.06734281778336,89.50665718317032
91.38223087787628,90.72976911067963
91.75211149454117,89.69188851118088
90.78899931907654,95.26600068807602
93.30788815021515,87.8411118388176
95.77077561616898,88.61822438240051
96.43666517734528,99.95233482122421
93.41855639219284,96.618443608284
98.64043855667114,100.82256144285202
95.69630831480026,94.43269169330597
91.28919231891632,90.34080767631531
88.77008134126663,95.63691866397858
98.04796707630157,101.37803292274475
93.47383028268814,93.00716972351074
86.78871208429337,85.78528791666031
86.01059848070145,94.97040152549744
89.64048540592194,91.35951459407806
87.95537340641022,88.30362659692764
93.10325545072556,88.11874455213547
96.15914016962051,93.00785982608795
89.8070302605629,84.17496973276138
88.71491938829422,88.97008061408997
96.80680841207504,91.56319159269333
100.84369903802872,93.58230096101761
100.25158512592316,103.0644149184227
88.67645287513733,87.78554713726044
86.62133991718292,92.3966600894928
89.49222904443741,94.45277094841003
93.78811293840408,100.15588706731796
96.28798407316208,93.26701593399048
84.47386980056763,87.60113018751144
86.62175977230072,94.3042402267456
102.6396489739418,91.23035103082657
85.86253780126572,87.91546219587326
92.12142646312714,89.58257353305817
90.23231428861618,93.452685713768
94.6772044301033,87.69279557466507
93.38109385967255,89.34190613031387
97.99198174476624,93.89701825380325
92.13987040519714,94.13812959194183
106.38075429201126,100.69424569606781
87.32462418079376,85.76737582683563
91.89850699901581,91.73049300909042
87.78739583492279,94.15660417079926
95.75028079748154,101.32271921634674
89.51014840602875,91.60185158252716
86.38003826141357,88.95296174287796
85.76891833543777,97.82408165931702
94.61980843544006,87.39719158411026
91.93569642305374,94.8973035812378
87.71358275413513,90.08241724967957
88.3064712882042,95.73152869939804
92.47236156463623,85.63863843679428
88.56425029039383,89.49074971675873
95.63913989067078,91.3418601155281
91.78702932596207,94.34197068214417
98.84191238880157,104.95408761501312
89.7317790389061,92.10222095251083
88.41665822267532,90.15734177827835
89.82454615831375,96.50945383310318
95.06443011760712,98.49056988954544
91.52729856967926,91.5277014374733
86.15718346834183,87.02881652116776
87.5090724825859,94.8979275226593
92.91696292161942,92.84303706884384
85.47185039520264,87.71314960718155
87.43473887443542,89.38026112318039
88.60162818431854,93.78737181425095
89.32351797819138,86.56448203325272
103.34240746498108,93.08359253406525
97.86129719018936,94.19470280408859
92.21318709850311,93.93581289052963
87.95307677984238,90.23192322254181
96.17596250772476,90.39803749322891
91.13883316516876,91.34316682815552
92.15671980381012,99.25028020143509
93.84260427951813,101.02839571237564
91.45347428321838,93.58352571725845
87.47136092185974,87.60263907909393
89.6192477941513,101.36175221204758
91.21213638782501,90.93686360120773
89.86002290248871,88.15797710418701
91.45190596580505,90.3990940451622
88.84179496765137,94.60320502519608
93.4526841044426,84.8433158993721
93.30357331037521,90.39942669868469
95.61946326494217,92.62153673171997
94.71235305070877,93.71364694833755
88.99024301767349,91.78775697946548
99.13712930679321,105.02887070178986
90.99000042676926,90.62099957466125
89.98988854885101,95.5291114449501
97.56377017498016,104.6032298207283
95.0826325416565,93.15836745500565
87.60052078962326,84.41847920417786
89.3224076628685,95.80759233236313
91.65529698133469,91.76970303058624
84.10018527507782,87.214814722538
89.26607185602188,88.64092814922333
89.63696217536926,96.01103782653809
89.39685207605362,84.97314792871475
91.84074145555496,89.78925853967667
96.76663130521774,91.19636869430542
91.91451996564865,93.04748004674911
92.28540927171707,88.95559072494507
92.72929406166077,96.90070593357086
90.5251676440239,94.12283235788345
90.63605642318726,95.12194359302521
97.58093690872192,101.2330631017685
92.78480011224747,95.71519988775253
84.50768864154816,84.58631134033203
90.45157712697983,97.27142286300659
89.13746559619904,90.53053438663483
84.61835485696793,88.28964513540268
87.21024262905121,90.43775737285614
87.71012663841248,93.8638733625412
89.41401612758636,88.17898386716843
94.09890669584274,90.30709332227707
96.39579647779465,91.49320352077484
93.63668543100357,93.7343145608902
90.65457528829575,91.04942470788956
92.08146035671234,97.93753963708878
89.71032959222794,90.8266704082489
89.00721687078476,93.6597831249237
90.02510416507721,99.32689583301544
100.59998005628586,103.40101993083954
84.45184820890427,87.47415179014206
90.24673420190811,94.64126580953598
91.43261951208115,89.66038048267365
93.5985078215599,93.82649219036102
90.96939653158188,89.65960347652435
89.63628709316254,93.78971290588379
90.11817693710327,85.91982305049896
95.117067694664,89.41993230581284
99.30295819044113,94.14204180240631
91.32084667682648,92.1611533164978
90.43273609876633,93.03126388788223
91.0056192278862,95.14238077402115
94.48649048805237,89.75250947475433
89.39437824487686,92.54962176084518
84.67326653003693,86.5497334599495
102.08015066385269,105.66084933280945
84.72801506519318,84.40198493003845
91.4879019856453,97.12409800291061
90.45079082250595,91.88320916891098
85.17267954349518,86.21632045507431
90.7655656337738,90.51343435049057
88.80245506763458,93.10554492473602
89.67234522104263,87.25365477800369
92.1722366809845,93.0317633152008
101.57911998033524,94.92088001966476
91.32000803947449,96.01299196481705
91.4318962097168,88.88310378789902
92.3757798075676,96.68022018671036
91.69064915180206,91.05035084486008
89.24553525447845,92.19846475124359
85.35742336511612,86.01257663965225
83.19016474485397,86.01383525133133
92.6160518527031,93.71694815158844
93.4679399728775,91.40206003189087
88.39382696151733,91.56917303800583
91.04171073436737,89.6242892742157
93.56059491634369,101.92140507698059
95.11547374725342,89.03252625465393
90.04199039936066,94.64400959014893
103.55957424640656,100.05042576789856
88.96743595600128,95.77356404066086
89.43032455444336,87.86667543649673
86.78205931186676,85.56994068622589
87.76294708251953,96.90405291318893
94.15183663368225,91.38416337966919
93.37472581863403,88.4582741856575
90.67061460018158,88.9033854007721
86.7255038022995,88.40349620580673
90.1523934006691,86.19960659742355
101.28127872943878,99.4037212729454
95.4661453962326,92.2368546128273
93.68903404474258,95.34796595573425
89.52192324399948,94.31107676029205
93.31881266832352,84.38518732786179
100.87368994951248,99.29231005907059
85.2075543999672,88.42244559526443
90.11443918943405,90.36656081676483
87.57817685604095,89.55182313919067
89.50306379795074,97.1449362039566
98.5029519200325,91.95904809236526
85.35483855009079,94.01516145467758
89.50272524356842,89.10827475786209
83.94761526584625,94.71938472986221
94.09550243616104,91.49649757146835
94.20739191770554,90.34860807657242
96.81828159093857,105.5527184009552
92.02217102050781,95.44082897901535
91.54005908966064,91.77394092082977
85.52194851636887,88.10805147886276
95.48482900857925,108.275170981884
83.55869799852371,91.33030200004578
89.65058708190918,90.79341292381287
103.429472386837,111.31252759695053
86.59533333778381,88.40466666221619
90.26222062110901,100.81177937984467
93.33610963821411,92.10789036750793
95.57699757814407,96.60900241136551
94.1328826546669,90.1631173491478
85.28076946735382,85.38623052835464
96.26265889406204,89.4793410897255
91.39154899120331,90.49745100736618
92.87243801355362,84.97856199741364
92.54032623767853,99.8866737484932
91.87321186065674,90.77478814125061
84.85409992933273,82.01590007543564
98.72498327493668,98.57201671600342
86.29885202646255,85.83114796876907
91.55774050951004,86.6832594871521
104.83562248945236,106.05337750911713
87.00248205661774,85.75651794672012
90.15036749839783,91.09063249826431
91.539255797863,89.27474421262741
85.92814445495605,87.27585554122925
92.02102863788605,91.73897135257721
86.29791611433029,87.35008388757706
95.11280286312103,87.85019713640213
94.11269390583038,90.29430609941483
95.07558387517929,90.64541614055634
94.63147282600403,95.14552718400955
82.33436232805252,88.22063767910004
80.55724912881851,82.03575086593628
98.28013104200363,100.38786894083023
88.14999562501907,88.99800437688828
90.85287976264954,90.22012025117874
102.81676280498505,99.98023718595505
86.96462363004684,91.09037637710571
92.01950895786285,92.18449103832245
93.94539242982864,95.12860757112503
87.05728125572205,87.53571873903275
89.50116735696793,88.36883264780045
86.96405708789825,88.47994291782379
91.85294556617737,88.40605443716049
86.55683380365372,90.40616619586945
89.1497232913971,93.2392767071724
88.4826111793518,94.25838881731033
88.83450073003769,98.66549926996231
93.27839070558548,90.64660930633545
100.26027303934097,97.40672695636749
85.01913672685623,89.22186326980591
92.48302519321442,90.239974796772
95.90791034698486,101.0550896525383
94.6867887377739,100.73921126127243
90.94565850496292,96.24034148454666
88.9275416135788,92.18445837497711
86.92743051052094,89.01756948232651
90.38931500911713,89.18468499183655
89.68520373106003,89.5357962846756
94.90809267759323,90.57390731573105
94.72297894954681,95.42502105236053
94.25986856222153,88.99913144111633
96.00075608491898,93.92524391412735
88.90764158964157,98.61035841703415
84.18553042411804,84.64846956729889
96.98141211271286,93.66658788919449
85.90728104114532,88.70371896028519
91.74016791582108,88.1288321018219
93.5550537109375,93.4439463019371
103.57393735647202,92.00006264448166
90.09279018640518,94.53720980882645
91.61067718267441,89.16732281446457
87.35156393051147,86.77743607759476
90.24144744873047,93.11055254936218
85.5553348660469,86.92566514015198
95.53622251749039,88.75877749919891
89.50011068582535,89.57388931512833
92.75900042057037,86.7229995727539
89.96288907527924,89.62911093235016
98.81477862596512,89.57422137260437
85.77766734361649,84.22233265638351
96.62955451011658,98.27844548225403
92.35142683982849,91.88957315683365
91.77729696035385,89.5737030506134
90.14818549156189,88.75981450080872
95.11106836795807,92.18493163585663
89.22192937135696,95.01907062530518
92.3508170247078,89.76018297672272
94.85170030593872,90.92729967832565
95.59158492088318,88.16741508245468
85.01747184991837,85.61152815818787
95.85136049985886,89.88963949680328
89.8512499332428,89.96375006437302
93.14713948965073,85.70486050844193
90.81402826309204,91.53797173500061
87.20291709899902,91.20508289337158
85.6098068356514,84.92719316482544
89.72169637680054,90.50130361318588
94.20257806777954,91.92642194032669
89.33144444227219,89.9455555677414
91.31433266401291,89.51966732740402
100.12821400165558,91.18578600883484
89.44307363033295,91.51892638206482
91.88695979118347,91.51904022693634
87.85084635019302,84.92715364694595
91.77673006057739,87.1122699379921
95.59161043167114,96.31638956069946
96.81347459554672,90.42752540111542
94.38735818862915,93.02064180374146
111.86923950910568,98.92776048183441
99.64609438180923,97.72390562295914
93.51696527004242,94.85403472185135
95.16483533382416,91.33416467905045
91.31370431184769,90.46429568529129
93.94258624315262,94.00241374969482
87.9614537358284,89.50254625082016
89.99834156036377,89.79865843057632
98.59022277593613,90.55677723884583
87.27508175373077,93.27991825342178
87.92396754026413,92.07603245973587
87.1828562617302,89.2061437368393
90.49774140119553,87.76225858926773
84.68362957239151,89.76137042045593
96.68251723051071,87.68748277425766
105.40440058708191,99.39059942960739
93.85026824474335,85.33573174476624
89.53415644168854,89.90984356403351
88.16404414176941,89.07695585489273
90.49793201684952,90.05806797742844
87.25681924819946,88.05818074941635
92.42370164394379,90.41029834747314
88.03456652164459,88.03943347930908
94.10845476388931,88.07654523849487
98.7373275756836,92.72467243671417
87.83118814229965,94.09481185674667
87.84907650947571,88.78092348575592
89.73796355724335,85.63203644752502
90.7748486995697,99.46515130996704
84.2197368144989,85.35426318645477
95.14462578296661,90.29937422275543
92.47851514816284,88.79948484897614
93.38540399074554,87.18859601020813
94.60829108953476,92.79870891571045
87.31217688322067,90.74382311105728
87.29306626319885,84.16993373632431
91.55295008420944,88.42904990911484
94.64483332633972,91.79916667938232
89.51469784975052,91.5033021569252
94.64458501338959,92.87441498041153
96.58946895599365,92.57753103971481
88.12633055448532,93.94866943359375
96.53321760892868,91.76278239488602
88.99710404872894,85.70689594745636
97.01498931646347,88.70701068639755
85.16287851333618,85.7261214852333
95.97776705026627,89.30023294687271
89.49665588140488,89.20734411478043
96.366545855999,85.74445414543152
91.36643427610397,90.17056572437286
88.58932363986969,89.24467635154724
85.82921266555786,85.44878733158112
90.10810160636902,93.59689837694168
95.31098556518555,91.9300144314766
90.3478531241417,88.7451468706131
92.62573993206024,89.28126007318497
93.81147921085358,94.11552077531815
89.3293662071228,90.05963379144669
94.84725385904312,91.24474614858627
91.95914214849472,88.89385783672333
84.99603116512299,86.33696883916855
90.79191917181015,88.52308082580566
97.38380908966064,90.31919091939926
88.94069647789001,86.46730351448059
95.06958639621735,91.72641360759735
89.01447421312332,93.07852578163147
82.58836328983307,85.54163670539856
91.97625291347504,89.67074710130692
98.18013548851013,98.20786452293396
91.84700238704681,90.30099761486053
91.36588674783707,90.83811324834824
104.58777093887329,93.24522906541824
96.23662716150284,100.24537283182144
88.36649876832962,88.5605012178421
86.53238689899445,88.7086130976677
90.43927401304245,90.2087259888649
85.40316146612167,85.11683851480484
92.92105007171631,90.44894993305206
97.29193925857544,90.1540607213974
96.25382900238037,89.98617100715637
92.32771611213684,93.98628389835358
91.7356042265892,89.20939576625824
98.06949442625046,90.93050557374954
91.23538315296173,90.04161685705185
89.08727133274078,89.70872867107391
96.1431496143341,94.41285037994385
90.32802361249924,89.09797638654709
82.53191220760345,85.2270877957344
101.45779418945312,100.65320581197739
86.66165989637375,89.22734010219574
86.47654670476913,87.80145329236984
89.93843173980713,87.91256827116013
80.40232074260712,85.616679251194
95.23521101474762,89.44978898763657
94.01310074329376,96.22789925336838
92.30898916721344,84.46801084280014
92.51287925243378,90.59812074899673
81.16076874732971,85.22823125123978
96.9756588935852,89.6363410949707
90.67954808473587,89.93145191669464
83.92043775320053,87.2095622420311
99.62332367897034,95.35767632722855
90.03119546175003,89.57980453968048
85.06808531284332,86.63491469621658
99.84596902132034,100.96903097629547
86.32683205604553,87.54316794872284
86.36472123861313,85.74627876281738
90.08660858869553,88.6363914012909
84.25349873304367,87.78350126743317
92.9003888964653,89.8026111125946
87.86327767372131,89.96972233057022
92.99316716194153,86.28383284807205
90.88305687904358,91.95094311237335
85.32694572210312,88.45105427503586
92.34483551979065,90.45116448402405
90.75272542238235,87.61727458238602
85.41961622238159,85.1733837723732
97.49350023269653,94.8404997587204
95.71636891365051,92.28463107347488
85.65925687551498,84.37774312496185
102.54814165830612,101.39485836029053
86.216004550457,84.02599543333054
91.54889017343521,89.91410982608795
91.2527767419815,90.02522325515747
84.21566504240036,85.78533494472504
94.45555484294891,87.8584451675415
91.36344295740128,96.45155704021454
91.86333298683167,85.58066701889038
90.01222240924835,90.7477775812149
84.99311298131943,84.24788701534271
91.15900367498398,90.46999633312225
90.14189064502716,91.10010933876038
86.60377717018127,86.95122283697128
98.86365914344788,98.69234085083008
90.75152677297592,89.80347323417664
87.56641453504562,84.56258547306061
102.01129734516144,100.06270265579224
86.10415518283844,85.58184480667114
92.14104336500168,91.2489566206932
91.5109314918518,101.80406850576401
85.88182026147842,87.15517973899841
99.30670750141144,87.41529250144958
93.12159729003906,89.60040271282196
86.93648779392242,83.71151220798492
90.73337763547897,90.80362236499786
86.02926647663116,88.24773353338242
89.10415524244308,89.22984474897385
88.65904450416565,88.61895549297333
81.41893482208252,85.91506516933441
98.97381752729416,96.65618246793747
86.62168496847153,93.87831503152847
82.10257399082184,85.74842602014542
98.01145875453949,102.00854122638702
81.91732782125473,85.26767218112946
90.27021580934525,90.02678418159485
89.34410297870636,91.84089702367783
86.04799181222916,86.69400817155838
94.50988060235977,96.54511940479279
92.04777097702026,93.23022902011871
89.58465993404388,89.02634006738663
98.04755002260208,94.24844998121262
86.4734399318695,86.50856006145477
90.43632936477661,92.19367063045502
89.1772169470787,89.58178305625916
86.12110221385956,88.10089778900146
102.84298026561737,95.15701973438263
92.3808404803276,91.99015951156616
84.1387249827385,86.23127502202988
106.1576018333435,102.00939816236496
88.04645067453384,87.26754933595657
91.39833468198776,99.73066532611847
90.12121838331223,89.76778161525726
84.63910639286041,86.56489360332489
95.43599444627762,88.69400554895401
92.71287721395493,94.0091227889061
88.52775341272354,89.67524659633636
92.11963427066803,92.69436568021774
86.39852064847946,85.17547935247421
94.19440776109695,94.93459224700928
93.80529606342316,91.06470394134521
84.93518471717834,90.43581527471542
103.12106418609619,97.28693580627441
91.2309200167656,97.8610799908638
83.6018026471138,88.75019735097885
81.13855648040771,87.32344353199005
99.45344388484955,93.41655611991882
92.00832432508469,91.7686756849289
90.95321017503738,87.47178983688354
96.25009858608246,87.5099014043808
97.93498396873474,94.21301603317261
85.73086977005005,93.14013022184372
88.10075676441193,94.21324324607849
86.24964511394501,86.62135487794876
91.45253330469131,87.75046670436859
91.80442178249359,90.82457822561264
84.93530970811844,88.26969027519226
88.56419879198074,89.26880121231079
103.39807957410812,101.00992041826248
84.54494136571884,89.62105864286423
101.02682566642761,102.71417433023453
93.87870073318481,95.84329926967621
92.36057835817337,92.67742162942886
92.15646362304688,91.75153636932373
86.65635031461716,88.1956496834755
97.47123885154724,90.2697611451149
96.41612648963928,94.08487349748611
86.30401557683945,87.28798443078995
90.65590310096741,94.52909690141678
85.60079127550125,85.3432087302208
90.19368004798889,91.06531995534897
91.00856637954712,90.12143361568451
86.73045432567596,97.65854567289352
97.24834090471268,90.51065909862518
95.65522289276123,98.58477711677551
86.37909352779388,90.86290645599365
97.52597987651825,92.89902013540268
98.37786138057709,99.17813861370087
93.43372786045074,94.04727214574814
90.39661228656769,91.38038772344589
88.13749974966049,88.60350024700165
96.71138769388199,87.34461230039597
95.02627676725388,92.39972323179245
86.71116411685944,87.14083588123322
90.74905323982239,89.60294675827026
87.74894160032272,86.8810583949089
103.37782806158066,87.49217194318771
84.06256055831909,92.51043945550919
85.98944962024689,88.78855037689209
97.63733339309692,101.32566660642624
86.67320358753204,89.01179641485214
94.6180921792984,93.19690781831741
95.24797159433365,101.36302840709686
91.08083856105804,94.32616144418716
89.37772649526596,104.2892735004425
83.93261557817459,90.4563844203949
93.87750518321991,93.75249481201172
94.5073949098587,94.38160508871078
84.41428405046463,88.88271594047546
91.69217401742935,97.12282598018646
85.58006393909454,86.25293606519699
88.72895389795303,91.1040461063385
90.11784416437149,90.91915583610535
87.11773204803467,90.08626794815063
88.00662177801132,89.90137821435928
96.6355048418045,97.69649517536163
87.52437329292297,88.0486267209053
96.32126140594482,95.49373859167099
99.28414523601532,97.06785476207733
91.22901004552841,93.84598994255066
90.43289744853973,91.16110253334045
84.52478760480881,89.0862123966217
95.46967816352844,91.53032183647156
92.4135684967041,93.21643149852753
86.07945847511292,88.88254153728485
89.43234777450562,93.80865222215652
91.34023767709732,95.04876232147217
92.13612639904022,91.45687359571457
90.0430155992508,91.51298439502716
83.45090556144714,89.17909443378448
87.61679661273956,90.3462033867836
97.67267882823944,99.10532116889954
85.32054471969604,90.10545527935028
96.15443396568298,95.64256602525711
99.69031947851181,100.08668053150177
92.5801807641983,93.34681922197342
89.7090682387352,90.30993175506592
84.11695557832718,89.49404442310333
93.5058456659317,92.12415432929993
93.46873593330383,92.90226405858994
85.2836263179779,87.1243736743927
89.41251713037491,92.7914828658104
84.74640762805939,86.17959237098694
89.11629784107208,92.19870215654373
90.2271877527237,89.3648122549057
84.32007694244385,88.93892306089401
90.52396684885025,92.73503315448761
98.6528491973877,100.31015080213547
82.54171591997147,86.95828408002853
95.43060517311096,98.45739483833313
101.15348756313324,97.1795124411583
91.93134391307831,94.86565607786179
87.43023043870926,92.99476957321167
84.93112021684647,88.58787977695465
95.37500822544098,90.88399177789688
93.8938952088356,92.5131047964096
83.78278350830078,87.18021649122238
89.83767181634903,93.12532818317413
84.7825625538826,87.27243745326996
88.70845240354538,90.43954759836197
89.80034041404724,91.68065959215164
83.59722757339478,88.12477242946625
86.57811772823334,90.12488228082657
97.02300143241882,100.55099856853485
90.3558623790741,94.49513763189316
96.35573065280914,97.0882693529129
105.87561404705048,104.75438594818115
92.5034756064415,95.55152440071106
90.2633626461029,91.60663735866547
84.6342521905899,89.84674781560898
95.65214163064957,91.47685837745667
94.80102944374084,93.12497055530548
82.92991906404495,86.4210809469223
91.61580795049667,93.77419203519821
87.09669613838196,86.84730386734009
88.65232229232788,93.23667770624161
86.55920225381851,90.58879774808884
87.0220919251442,93.44090807437897
93.22597700357437,95.49602299928665
104.42984515428543,99.9961548447609
95.41072750091553,95.94127249717712
91.61558818817139,96.75641179084778
94.79947489500046,95.10752511024475
85.68836122751236,88.47763878107071
107.41124910116196,94.12575089931488
100.42913883924484,94.86686116456985
86.09602785110474,88.25597214698792
90.3549165725708,96.40408343076706
83.74380677938461,90.34819322824478
89.96669709682465,90.2743028998375
89.15158534049988,90.81141465902328
83.83647513389587,90.05152487754822
88.4103644490242,90.47863554954529
85.96525299549103,91.07074701786041
92.92913681268692,94.97886317968369
96.4470020532608,97.23699796199799
99.63288486003876,104.1261151432991
101.46674120426178,102.33025878667831
88.4296059012413,90.62639409303665
106.31838363409042,93.34861636161804
105.03926116228104,98.16373884677887
85.66912591457367,87.90487408638
88.31801491975784,97.95998507738113
89.55790501832962,93.14609497785568
90.24279433488846,98.21920567750931
90.85368329286575,92.46031671762466
87.44657355546951,89.84942644834518
90.20646280050278,90.33053719997406
85.87335354089737,86.4976464509964
93.22423803806305,95.16476196050644
101.16909939050674,98.70090061426163
85.68798762559891,87.86801236867905
102.5028715133667,102.60912847518921
88.63173198699951,91.09026801586151
85.39062011241913,88.25637990236282
96.50250858068466,90.62749141454697
90.03839892148972,88.62760108709335
90.40928775072098,91.5717122554779
89.76117759943008,94.03482240438461
85.2610684633255,90.99793154001236
89.96495920419693,90.27604079246521
89.61284828186035,90.51615172624588
91.96473801136017,92.66526198387146
90.96462762355804,93.59037238359451
85.00151717662811,87.27548283338547
99.46440184116364,98.12759816646576
100.46427130699158,95.62772870063782
84.46515899896622,89.5538409948349
104.0570439696312,100.97995603084564
88.8349039554596,91.0530960559845
85.52079147100449,87.90620851516724
92.79768085479736,89.68431913852692
92.00057071447372,86.64642930030823
87.70546036958694,92.75853961706161
92.00134760141373,93.66565239429474
85.40923595428467,85.86876404285431
89.612124979496,92.42387503385544
87.8710126876831,91.16598731279373
84.92790180444717,87.99909818172455
88.40879034996033,92.42420965433121
85.6866802573204,85.7213197350502
98.81556183099747,100.42443817853928
102.57442629337311,102.44357371330261
92.2233127951622,97.22168719768524
104.1861960887909,102.96180391311646
90.87205767631531,95.64694231748581
85.70394498109818,91.68405503034592
97.51983457803726,91.70316541194916
92.22272503376007,91.18527495861053
91.38961547613144,94.16638451814651
92.76050519943237,96.77749478816986
85.20439213514328,91.33260786533356
88.50028026103973,91.92571973800659
88.70417016744614,93.68482983112335
83.18605756759644,88.81394243240356
87.11094450950623,90.07405549287796
86.74183225631714,87.42616772651672
97.74071443080902,101.68428558111191
99.1855821609497,97.99941784143448
88.51947098970413,89.14752900600433
102.27835661172867,103.14864337444305
91.03721982240677,96.6287801861763
86.44510871171951,90.38889127969742
99.22199881076813,97.24100118875504
95.1858879327774,95.33311206102371
94.9067770242691,92.81422299146652
98.98166626691818,94.16633373498917
86.4255553483963,86.92644464969635
90.92544448375702,93.35255551338196
96.72233319282532,91.61066681146622
85.98122149705887,91.35177850723267
87.77811133861542,91.59288865327835
86.75900197029114,89.53699803352356
107.22174102067947,101.22225898504257
84.12961620092392,90.03738379478455
101.85150027275085,105.77849972248077
88.66635543107986,95.55664455890656
89.53624486923218,89.70475512742996
95.03613364696503,92.31586635112762
91.5180231332779,91.68597686290741
89.79591298103333,93.66708701848984
91.1658022403717,97.8331977725029
91.81468534469604,95.31531465053558
90.9985733628273,91.92642664909363
88.1474632024765,91.33353680372238
84.75835257768631,89.72264742851257
86.53624403476715,91.77875596284866
85.79613506793976,89.05686491727829
89.70302361249924,90.29797637462616
104.0549087524414,101.63009124994278
84.57377833127975,91.35322165489197
103.75866347551346,102.64833652973175
94.57252430915833,94.853475689888
84.09140944480896,93.74259054660797
94.55429935455322,91.29670065641403
92.09118968248367,88.63081032037735
90.61007648706436,91.1499235033989
88.79496669769287,93.05703330039978
86.90685600042343,86.40814399719238
90.146739423275,92.1492605805397
87.57262831926346,89.90837168693542
85.81351906061172,88.22348093986511
91.51740962266922,93.22359037399292
84.27630001306534,87.53769999742508
90.70219004154205,103.96480995416641
104.99907499551773,105.05792498588562
87.23894536495209,92.76105463504791
103.86882877349854,106.70517122745514
87.38768893480301,95.11331105232239
85.03557860851288,90.07542139291763
95.47946870326996,91.31653130054474
90.0543600320816,88.44663995504379
82.1832504272461,88.83474957942963
88.96113991737366,93.76086008548737
90.97903043031693,85.27896958589554
88.71992206573486,90.72407793998718
89.07281225919724,90.57618772983551
84.49870043992996,87.1682995557785
86.42359030246735,91.55840969085693
85.164481818676,87.70551818609238
87.60937172174454,91.26162827014923
101.79425644874573,107.14974355697632
94.47912579774857,96.1878741979599
101.8500108718872,103.03898912668228
86.99786984920502,93.68713015317917
84.62676042318344,89.00223958492279
97.27565056085587,93.53934943675995
89.75754141807556,87.87245857715607
90.23843204975128,89.83556795120239
89.42332285642624,92.00267714262009
89.20121186971664,89.37278813123703
89.86809879541397,90.11390119791031
87.90498721599579,93.44701278209686
87.49687421321869,88.05912578105927
88.57076358795166,91.13223642110825
84.14565300941467,89.20634698867798
87.71954309940338,92.18845689296722
101.57042694091797,101.44757306575775
84.07129353284836,86.90970647335052
101.2931798696518,95.96582013368607
101.05205255746841,103.94694745540619
83.90491503477097,89.15108495950699
100.75580513477325,92.65119487047195
93.9786925315857,96.0213074684143
92.70058131217957,91.11441868543625
91.12647211551666,92.0405278801918
84.1813633441925,87.65163666009903
90.34925484657288,91.96574515104294
87.1631453037262,90.85485470294952
83.83003628253937,88.91096371412277
90.79292750358582,91.57807248830795
84.47781676054001,86.31818324327469
89.25570744276047,91.02129256725311
103.71859151124954,99.7254084944725
83.81146115064621,87.76253885030746
90.9593495130539,90.74365049600601
104.182233273983,102.39176672697067
86.73709493875504,88.5959050655365
94.2559843659401,90.68901562690735
90.82987487316132,88.52212512493134
90.5887650847435,90.24423491954803
88.94065368175507,91.74534630775452
91.10754454135895,93.2454554438591
91.64443385601044,89.65256613492966
86.92232424020767,89.96667575836182
84.77421462535858,87.57778537273407
87.01410388946533,91.94789612293243
82.27399390935898,88.43000608682632
88.1068816781044,89.70811831951141
105.08876639604568,100.83723360300064
83.4956367611885,88.57836323976517
91.27352553606033,92.91147446632385
111.47740936279297,103.0965906381607
87.14327001571655,88.24572998285294
94.3841603398323,93.39383965730667
90.88505113124847,89.1899488568306
88.42194187641144,90.78205811977386
90.05083215236664,94.57916784286499
83.19972312450409,87.65227687358856
90.53261464834213,89.54138535261154
87.68050539493561,91.50449460744858
84.2173952460289,88.80060476064682
93.60728579759598,96.06071418523788
84.94017547369003,88.15282452106476
92.25406521558762,92.13493478298187
85.328806579113,92.02319341897964
91.19869476556778,92.74630522727966
102.32857948541641,102.26442050933838
85.58743977546692,89.24556022882462
99.06932920217514,93.65267080068588
91.86522054672241,86.67177945375443
89.31011128425598,91.93088871240616
89.49500262737274,94.31999737024307
84.30989301204681,86.7091069817543
89.4387840628624,90.653215944767
86.51367390155792,93.96832609176636
87.04956549406052,87.6724345088005
92.99445480108261,90.76454520225525
83.38334566354752,86.6346543431282
91.920236825943,91.57876318693161
98.92112749814987,91.70887249708176
108.75400906801224,95.31999093294144
92.10586857795715,92.06113141775131
105.2357491850853,99.17225080728531
83.23560833930969,88.26439166069031
93.97649788856506,90.2835021018982
92.99438655376434,88.76461344957352
88.69827604293823,90.4317239522934
96.3831650018692,89.89483499526978
87.23405301570892,87.5789470076561
91.80894094705582,89.37705904245377
88.36482971906662,88.72817027568817
85.5307189822197,89.50628101825714
88.4756087064743,89.9313912987709
84.66149705648422,84.50550293922424
91.25338590145111,89.11761409044266
99.69827592372894,91.02472406625748
93.53116136789322,91.20983862876892
91.6420322060585,92.2649677991867
109.54891383647919,101.3400861620903
86.0497727394104,89.93222725391388
99.91966187953949,90.98733812570572
96.45655131340027,90.39544868469238
92.34543842077255,92.26556158065796
91.9193280339241,90.15367197990417
83.36421740055084,85.93278259038925
90.40110796689987,89.3768920302391
97.25199669599533,91.11700332164764
86.67788660526276,88.59911340475082
92.47477638721466,90.06222361326218
91.82666409015656,85.76533591747284
89.84455436468124,89.00744563341141
89.91944366693497,92.59855633974075
96.97532683610916,89.24767315387726
95.34519493579865,94.71080505847931
99.58607238531113,94.61792761087418
86.9379312992096,87.21106868982315
97.51181983947754,89.47018015384674
91.97370862960815,88.61829137802124
93.49259823560715,89.89640176296234
91.02948600053787,91.15451401472092
94.88137495517731,96.4336250424385
93.53026497364044,89.43273502588272
86.64115464687347,85.85884535312653
86.32604295015335,85.76595705747604
91.08593225479126,89.54406774044037
85.28882175683975,87.17417824268341
86.9737104177475,88.78528958559036
92.4745991230011,91.15540087223053
93.12248212099075,89.97051787376404
94.06635361909866,93.15564638376236
100.4182356595993,93.71176433563232
91.4360983967781,91.87790161371231
99.49198603630066,90.17401397228241
92.84387642145157,87.93412357568741
90.71476447582245,91.61923551559448
90.71465438604355,88.95234560966492
86.84454393386841,84.37845605611801
91.7324333190918,88.97056668996811
86.02932357788086,87.15567642450333
93.10321253538132,89.35978746414185
95.02910196781158,91.02589803934097
95.89899104833603,84.67400896549225
92.34387999773026,91.69312000274658
94.7517699599266,90.47023004293442
95.69565457105637,89.73034542798996
93.93652230501175,91.17447769641876
103.0293995141983,102.41560047864914
102.62123912572861,96.63776087760925
94.5651051402092,90.0268948674202
91.84399271011353,87.74900728464127
96.95488327741623,91.43411672115326
91.23277229070663,88.34122771024704
86.58466124534607,85.4893387556076
91.32455092668533,91.04544907808304
85.65743905305862,89.04556095600128
91.99132859706879,88.17567139863968
90.52821934223175,90.28678065538406
85.32510882616043,85.58189117908478
90.41699880361557,90.41600120067596
91.65788799524307,90.34211200475693
101.12077194452286,97.82322806119919
93.62064117193222,91.73135882616043
85.37952828407288,88.24947172403336
111.80541229248047,96.63858771324158
93.58326894044876,91.71273106336594
93.51015549898148,87.34184449911118
89.7690452337265,91.98995476961136
100.60193473100662,89.3230652809143
86.52782344818115,84.54617655277252
89.21371233463287,89.11928766965866
83.86160117387772,86.2493988275528
90.37949073314667,88.63950926065445
89.47238039970398,90.2136195898056
83.26827067136765,85.23172932863235
90.58315896987915,95.0648410320282
88.19504809379578,90.98995190858841
91.8239306807518,88.56506931781769
91.15679895877838,92.84320104122162
87.21268492937088,90.00931507349014
104.80556720495224,98.21243280172348
98.7504289150238,91.43557107448578
98.54531735181808,89.65768265724182
93.95320636034012,91.73179364204407
94.91609573364258,89.32490426301956
89.86098498106003,83.52801501750946
90.34187424182892,90.51012575626373
86.41676187515259,85.73223811388016
91.5646504163742,89.19434958696365
91.84254091978073,88.41745907068253
85.21242791414261,84.52857208251953
94.97131669521332,90.8436833024025
89.50820606946945,92.99179393053055
90.21209442615509,91.5839055776596
99.13796764612198,101.58403235673904
87.60183525085449,90.80616474151611
104.80471920967102,101.5102807879448
95.24957555532455,90.39942443370819
96.04446452856064,87.02853548526764
89.08235478401184,91.52864521741867
88.58224266767502,88.76975733041763
96.84113210439682,91.02886790037155
90.11902219057083,89.47397780418396
87.97091090679169,87.49208909273148
93.3967998623848,87.49220013618469
91.26768773794174,87.12131226062775
85.63757759332657,84.47342240810394
89.08246749639511,92.51053249835968
91.98935639858246,88.2696436047554
86.45224457979202,89.71475541591644
99.41512775421143,98.67787224054337
90.5639899969101,89.62200999259949
102.28587204217911,101.0301279425621
93.32273834943771,88.41826164722443
93.5816200375557,92.214379966259
87.87750917673111,94.88149082660675
87.1743980050087,91.88160198926926
86.72928673028946,87.28871327638626
88.87717568874359,90.15982431173325
86.41406351327896,87.69593650102615
91.02595269680023,87.75204730033875
95.35884189605713,92.4741581082344
85.32173055410385,85.66026943922043
91.97061944007874,91.53038054704666
98.85850864648819,91.71549135446548
84.56339639425278,85.4186035990715
96.11728036403656,101.64171957969666
86.10014778375626,89.91885221004486
106.06202948093414,103.19697052240372
93.4888904094696,90.23310959339142
102.54377871751785,87.95522129535675
91.98865991830826,89.23434007167816
89.46954905986786,91.73345094919205
85.65543860197067,83.36356139183044
88.43232816457748,97.17867183685303
87.15521532297134,88.06778466701508
90.82110470533371,88.56789529323578
91.6179929971695,89.71600699424744
87.19188207387924,85.12311792373657
90.46877175569534,90.21622824668884
90.96966081857681,91.80833917856216
93.96955019235611,88.75244981050491
97.15443253517151,101.28956747055054
86.24729716777802,88.84570282697678
107.30217880010605,103.21582120656967
95.67303794622421,89.91896206140518
97.85792618989944,90.62307381629944
88.45081079006195,94.1981891989708
90.69169986248016,90.54930013418198
84.78458869457245,83.2714112997055
88.747478723526,90.53052127361298
92.39536738395691,90.38263261318207
91.08025616407394,87.4567438364029
90.30214512348175,90.03185486793518
83.65403366088867,86.28996634483337
89.07992142438889,88.93907856941223
93.74681043624878,90.66018956899643
86.70969867706299,83.27230131626129
97.45058000087738,103.40241998434067
85.82044589519501,89.43955409526825
104.15432685613632,104.90167313814163
98.85718822479248,94.58681178092957
103.80107581615448,92.51292419433594
90.22696280479431,91.43903720378876
90.20885235071182,90.62414765357971
84.67274111509323,87.06825888156891
90.20863276720047,94.34636723995209
85.13452357053757,88.84647643566132
90.1714136004448,88.47558641433716
89.07930451631546,91.43869549036026
84.9131954908371,86.62480449676514
90.0050859451294,93.60591405630112
89.72697567939758,93.86602431535721
84.87586516141891,86.86513483524323
100.87574851512909,99.05125147104263
87.81961351633072,91.64338648319244
104.8383446931839,98.27265530824661
93.060211956501,90.36578804254532
93.06110215187073,92.75489783287048
88.31998634338379,93.79201364517212
93.2088765501976,92.9951234459877
92.94876718521118,93.21723282337189
86.09665566682816,88.49434435367584
90.72654551267624,90.53245449066162
90.22643488645554,91.03256511688232
84.76432520151138,86.10567480325699
91.3012165427208,92.45878344774246
90.41210621595383,90.5138937830925
84.8569964170456,84.9400035738945
102.30087912082672,108.79212087392807
86.50473898649216,92.2552610039711
90.57862424850464,89.68037575483322
108.02250874042511,100.62549126148224
91.78237080574036,89.12562918663025
95.72625851631165,92.47774147987366
90.0041491985321,90.68085080385208
85.83803457021713,86.51396542787552
90.28192448616028,93.71807551383972
85.61581510305405,91.58918488025665
91.02270573377609,97.69929426908493
94.05959606170654,93.5884039402008
81.56048667430878,85.9215133190155
90.18937736749649,92.32862263917923
90.31926763057709,92.03373235464096
84.1341581940651,86.2548418045044
91.78204703330994,93.49695295095444
93.00392949581146,97.81107050180435
89.65179777145386,93.03320223093033
107.55968308448792,98.99631690979004
94.42954832315445,90.94045168161392
90.59543567895889,94.95956432819366
88.67032498121262,91.86667501926422
83.81821566820145,85.66278433799744
90.26210749149323,92.64489251375198
83.66999620199203,89.33000379800797
88.72588747739792,90.9961125254631
91.35577863454819,91.12622135877609
84.94766682386398,88.71933317184448
89.35555821657181,91.36744177341461
87.35544854402542,89.97855144739151
103.09533900022507,93.570661008358
93.4662292599678,93.58877074718475
92.26210993528366,95.01489007472992
89.83598083257675,92.46001917123795
110.7988668680191,99.97813314199448
95.48373025655746,91.64526975154877
89.89161849021912,96.55238151550293
86.11450845003128,91.01549154520035
82.39139831066132,85.66360169649124
92.09528809785843,90.6267119050026
85.5951771736145,90.66382282972336
88.81706666946411,90.4979333281517
90.52095776796341,90.31204223632812
84.87284755706787,86.64615243673325
90.57673794031143,94.73826205730438
90.65062862634659,92.18337136507034
88.07651764154434,85.40448236465454
91.37340599298477,92.58959400653839
95.39128816127777,95.09071183204651
89.98315638303757,92.7758436203003
108.46504139900208,104.51595860719681
97.37290489673615,94.44209510087967
97.72379517555237,96.47920483350754
86.09468579292297,85.86831420660019
84.94657689332962,86.10842311382294
87.46546828746796,91.40453171730042
86.98435872793198,89.01664125919342
89.61324769258499,92.09075230360031
91.57613933086395,91.59086066484451
85.20502322912216,86.12697678804398
89.27991431951523,93.88708567619324
86.92780530452728,85.53519469499588
96.66869539022446,87.27630460262299
92.89158391952515,93.09141606092453
94.13146513700485,95.60953485965729
89.46433234214783,89.44266766309738
107.09421849250793,101.57278150320053
95.0010815858841,92.01691842079163
89.61296957731247,96.44203042984009
85.44685953855515,89.33214044570923
90.27975124120712,92.07224875688553
92.83564221858978,91.92435777187347
84.66753083467484,89.49846917390823
91.16842073202133,92.31357926130295
92.85331183671951,91.4606881737709
84.6672015786171,85.16579842567444
88.37208652496338,94.18391346931458
88.11297661066055,87.12802338600159
102.09386789798737,93.98013210296631
105.90875828266144,91.77724170684814
92.31663846969604,96.38836151361465
89.76050782203674,91.72049218416214
106.98239296674728,100.88860702514648
94.48325651884079,90.98074346780777
92.29714471101761,93.42485529184341
85.81603509187698,88.90596491098404
87.83392494916916,94.77707505226135
87.07481437921524,91.70318561792374
85.70370501279831,88.68429499864578
91.20459538698196,93.4614046216011
102.85348343849182,92.60951656103134
85.98137277364731,86.36962723731995
90.50126254558563,93.98073744773865
96.92615276575089,92.42484724521637
88.72304403781891,89.99995595216751
94.20393550395966,93.8510645031929
92.72281748056412,100.9991825222969
90.81568586826324,90.16631412506104
107.22356963157654,101.09243035316467
93.31543308496475,88.46256691217422
90.09332251548767,92.38867747783661
86.75921338796616,87.40678662061691
86.74110418558121,89.55489581823349
89.01899468898773,91.38900530338287
84.1858840584755,87.46311593055725
90.44377571344376,89.72222429513931
90.81466668844223,89.62933331727982
85.31555503606796,84.70444494485855
89.09344613552094,94.29655385017395
89.01833784580231,87.75866216421127
94.96322792768478,92.62977206707001
95.64811581373215,93.18488419055939
94.27699846029282,93.09300154447556
90.74086701869965,93.09213298559189
104.22175127267838,100.72224873304367
92.8516137599945,91.22238624095917
91.44350230693817,94.40749770402908
92.20339071750641,87.33360928297043
89.24027955532074,91.33372044563293
88.79616868495941,90.03783130645752
87.0180594921112,88.12994050979614
89.35094851255417,90.27805149555206
88.35183954238892,90.01816046237946
86.96272951364517,87.1112704873085
89.66562062501907,93.24137938022614
87.2775120139122,86.64848798513412
87.51740300655365,89.70459699630737
90.31429356336594,91.53770643472672
94.18418151140213,93.2418184876442
97.98005264997482,96.92694735527039
99.23991721868515,100.5000827908516
111.55479472875595,100.42620527744293
92.7206557393074,95.87134426832199
91.99954557418823,85.35245442390442
88.33243584632874,91.88956415653229
89.83232516050339,91.33467483520508
86.295215010643,87.68678498268127
89.14710485935211,92.22389513254166
88.48099601268768,90.7040039896965
90.18388718366623,87.79711282253265
90.61077654361725,95.48222345113754
87.57266700267792,86.22333300113678
88.33255809545517,89.90844190120697
94.03544807434082,93.74155193567276
86.94333046674728,86.8346695303917
97.99921298027039,97.53878700733185
88.33208096027374,92.77891904115677
104.29496657848358,99.85303342342377
91.6838309764862,93.61216902732849
84.48072093725204,86.53827905654907
92.23961091041565,94.79838907718658
90.35050189495087,91.16849809885025
85.34939271211624,87.53860729932785
88.75728267431259,90.81671732664108
89.40617281198502,90.79782718420029
84.33206343650818,86.29793655872345
89.46095359325409,92.35304641723633
89.20184469223022,86.35315531492233
88.73873370885849,90.40926629304886
90.99762320518494,91.26137679815292
91.73851066827774,86.13148933649063
96.25739520788193,96.8726047873497
92.47926467657089,89.37273532152176
107.40515023469925,96.5388497710228
94.12701553106308,93.37298446893692
85.3129049539566,87.50209504365921
87.31279611587524,90.74320387840271
89.99768686294556,90.07631313800812
85.44257712364197,86.83542287349701
90.12746602296829,91.20653396844864
91.44235610961914,94.85364389419556
86.75724649429321,87.50175350904465
88.59013718366623,93.22486281394958
87.90502744913101,86.64997255802155
90.6089169383049,90.41008305549622
92.09080767631531,92.00219231843948
85.60869479179382,87.18730521202087
96.21958076953888,97.18741923570633
88.45945209264755,91.66954791545868
111.51633584499359,97.29966413974762
90.75619125366211,93.1518087387085
98.25608032941818,86.2249196767807
88.79397010803223,90.4280298948288
89.01486027240753,93.02113974094391
84.75674992799759,90.22525006532669
88.83063995838165,90.3173600435257
89.0715297460556,91.41047024726868
82.0894205570221,85.55857944488525
87.42331176996231,91.81868821382523
84.34820246696472,86.68779754638672
94.18209391832352,93.00390607118607
92.18198388814926,92.26301610469818
84.01587182283401,88.65112817287445
97.10875833034515,99.6512416601181
87.83063006401062,90.44736993312836
109.57151490449905,96.79948508739471
91.03337514400482,96.07762485742569
85.99626410007477,87.0777359008789
89.2921547293663,89.78184527158737
91.60704463720322,90.42895537614822
85.6259331703186,89.80006682872772
87.49682360887527,88.7811763882637
87.25571501255035,88.20728498697281
86.18160486221313,84.39339512586594
89.92249518632889,93.11450481414795
87.1443857550621,84.79961425065994
89.70027559995651,91.83672440052032
90.64416563510895,91.37383437156677
84.44105446338654,86.5039455294609
94.4399391412735,97.72606086730957
91.53280800580978,94.11519199609756
110.38569194078445,101.39230805635452
93.60755425691605,98.00444573163986
89.71844363212585,86.67155635356903
88.94032657146454,87.26367342472076
92.68121373653412,90.11578625440598
85.56910407543182,87.28189593553543
87.56999403238297,90.35600596666336
87.47788393497467,88.48611605167389
89.8667740225792,85.2262259721756
90.42166239023209,93.43033760786057
87.88455283641815,87.22644716501236
92.06944292783737,93.52255707979202
91.36633366346359,95.65266633033752
84.82921957969666,88.46778041124344
97.58710128068924,95.61589872837067
87.16196554899216,93.33803445100784
107.18084836006165,91.87515163421631
89.0877121090889,96.59728789329529
85.53259980678558,83.54140019416809
95.1994896531105,91.44951033592224
88.06937456130981,90.00462543964386
85.55026292800903,86.24573707580566
92.14315295219421,87.61584705114365
87.23504185676575,89.28195816278458
84.93993210792542,83.46806788444519
85.01282316446304,86.48717683553696
87.43871331214905,84.39428669214249
86.12460440397263,83.85639560222626
87.0504931807518,86.18950682878494
83.40237951278687,87.02362048625946
90.69826364517212,92.30173635482788
89.30913031101227,89.70886969566345
86.93885827064514,87.7091417312622
84.69874626398087,83.91325372457504
85.17952728271484,83.91247272491455
84.82741671800613,86.69058328866959
87.06830686330795,87.44969314336777
91.55019474029541,92.93180525302887
85.3090849518776,83.6909150481224
89.53197509050369,88.43202489614487
101.08686167001724,90.91313832998276
86.19875109195709,86.0992488861084
86.79064065217972,86.28335934877396
85.56852680444717,85.96847319602966
84.56841588020325,84.67258411645889
92.08629935979843,91.4507006406784
108.4571623802185,98.33983761072159
91.45701509714127,91.11698490381241
84.21689319610596,85.7471067905426
82.34578329324722,84.30221670866013
84.43867146968842,85.02432852983475
85.5675607919693,87.41343921422958
83.56744837760925,83.63555163145065
84.7533391714096,84.26566082239151
84.01222842931747,86.48777157068253
88.14211851358414,88.00688147544861
86.93900954723358,86.83999043703079
90.6048988699913,90.47010111808777
86.82678818702698,86.02421182394028
83.51167565584183,86.3213243484497
83.49356526136398,83.63543474674225
89.51244854927063,89.72855144739151
94.01132065057755,86.30267935991287
99.04820317029953,103.95079684257507
86.43806463479996,86.5249353647232
84.40095329284668,83.95204669237137
84.1048434972763,86.099156498909
84.4747331738472,88.8222668170929
85.93762308359146,83.91437691450119
84.28951221704483,84.98848778009415
91.49240326881409,85.96959674358368
84.5482925772667,86.00770741701126
88.52918297052383,88.96981704235077
85.54907363653183,84.69192636013031
86.3449627161026,85.91503727436066
84.08584994077682,85.08115005493164
88.19573920965195,85.11826080083847
102.08562183380127,99.4893781542778
98.34449046850204,90.76650953292847
98.67737436294556,97.89662563800812
85.10423541069031,86.37776458263397
84.21412491798401,85.22987508773804
86.71501564979553,84.89598435163498
100.62290525436401,93.91509473323822
86.38179558515549,87.8042044043541
84.97368371486664,84.93431627750397
83.54757356643677,83.52542644739151
87.84446477890015,87.396535217762
85.91835296154022,85.41464704275131
84.43624275922775,84.58175724744797
90.23312997817993,86.97087001800537
83.97401183843613,89.13798815011978
82.86290097236633,83.41509902477264
91.80678671598434,92.52621328830719
94.6776562333107,87.86034375429153
97.28753954172134,97.04546046257019
85.01040357351303,85.3225964307785
92.97329062223434,92.5627093911171
84.45518052577972,84.82281947135925
84.28807038068771,88.45292961597443
83.89896088838577,83.58203911781311
84.8988499045372,84.8971500992775
84.91773337125778,84.69326663017273
83.10262233018875,86.41637766361237
91.73251223564148,85.32248777151108
83.45440220832825,84.02659779787064
91.1402912735939,87.8607087135315
89.32417839765549,86.28682160377502
86.047068297863,84.52693170309067
95.41695338487625,90.67504662275314
98.32481944561005,88.13818055391312
97.34370052814484,97.08229947090149
85.806560754776,85.193439245224
84.3244498372078,84.11955016851425
84.84333908557892,86.08266091346741
84.56522804498672,83.82377195358276
82.38011717796326,84.30488282442093
90.02800542116165,93.08299458026886
85.9538945555687,84.36010545492172
84.62078309059143,88.10121691226959
85.43567329645157,85.04532670974731
94.89856398105621,85.99043601751328
88.00945258140564,89.67554742097855
85.62033027410507,89.12066972255707
83.93521755933762,83.49078243970871
92.39810049533844,93.95389950275421
91.15696740150452,86.73103260993958
97.39884734153748,94.76815265417099
86.34170925617218,84.60229074954987
83.63959658145905,83.97240340709686
81.76848614215851,86.0465138554573
95.86136972904205,96.95463025569916
84.1022362112999,84.62076377868652
81.76812553405762,84.63887447118759
88.9720156788826,84.21298432350159
85.13889741897583,86.2871025800705
87.19378650188446,85.25021350383759
92.69367575645447,90.89932423830032
87.39756524562836,87.41743475198746
85.08345293998718,87.17654705047607
88.02734178304672,84.9916582107544
93.3042243719101,90.82477563619614
100.23009127378464,90.99090874195099
99.74896132946014,107.26903867721558
87.85982096195221,85.3431790471077
82.78570860624313,84.17729139328003
84.19359886646271,86.80640113353729
82.52648425102234,87.62151575088501
84.17437392473221,84.89962607622147
85.9342628121376,84.82573717832565
83.65715074539185,86.3998492360115
84.36003983020782,88.84396016597748
85.34192943572998,84.80707055330276
84.98982042074203,84.43617957830429
83.28570944070816,85.71429055929184
85.32359617948532,86.88140380382538
86.97048652172089,85.8065134882927
107.74826008081436,99.15873992443085
99.74812591075897,94.75087410211563
91.28498584032059,88.43701416254044
86.24887323379517,86.95512676239014
84.17476218938828,85.88123780488968
84.52565050125122,86.38134950399399
86.02653962373734,85.76946038007736
88.00742733478546,85.97357267141342
86.8963178396225,87.8076821565628
84.32220721244812,88.8997927904129
86.91409528255463,86.26990473270416
85.82198524475098,87.56701475381851
87.22987449169159,87.47412550449371
86.22976166009903,86.56723833084106
99.4146511554718,95.01134884357452
86.6925408244133,84.95545917749405
104.39542543888092,94.49257457256317
97.0992876291275,95.64071238040924
86.63715142011642,87.97384858131409
92.785040974617,92.78895902633667
83.37693107128143,85.67806893587112
88.39681977033615,87.49218022823334
84.22870802879333,86.21529197692871
88.59959721565247,84.84540277719498
87.78448516130447,91.4925148487091
85.78437238931656,88.78962761163712
90.80325961112976,87.30874037742615
84.5991478562355,86.58585214614868
87.26603710651398,85.95696288347244
92.02492463588715,87.47507536411285
84.63681364059448,84.40018635988235
86.67370450496674,86.95629549026489
102.3025871515274,98.73441284894943
91.11745125055313,95.75354874134064
96.09932273626328,92.78967726230621
86.34018951654434,84.97481048107147
86.78407770395279,86.03092229366302
86.52496469020844,88.04903531074524
84.93285262584686,84.2341473698616
91.7657418847084,94.6412581205368
84.005630671978,84.84536933898926
87.54352062940598,88.234479367733
88.9694105386734,90.41958945989609
86.33929979801178,86.28970021009445
91.93218863010406,86.64181137084961
85.34007716178894,87.06792283058167
90.91396647691727,85.84603351354599
86.41385632753372,86.17914366722107
102.02473849058151,93.42026150226593
89.48760885000229,90.92039114236832
96.67249417304993,94.4565058350563
81.74724543094635,86.17975455522537
86.00613242387772,85.60586756467819
91.54302215576172,84.79097783565521
85.33891195058823,86.27208805084229
85.98680174350739,84.92019826173782
84.94968980550766,87.8093101978302
84.80158025026321,85.40241974592209
97.74646985530853,91.86453014612198
84.11636000871658,85.69863998889923
87.26424711942673,86.12375289201736
83.20913708209991,85.43886291980743
84.41302746534348,84.0689725279808
102.35691004991531,92.34608995914459
87.43077909946442,93.95722091197968
98.33866053819656,91.93933945894241
85.09852123260498,85.3834787607193
83.3934097290039,84.809590280056
86.0602976679802,89.56870234012604
89.69018584489822,86.29181414842606
87.74607515335083,86.64292484521866
85.0049621462822,84.66103786230087
84.7458508014679,87.90214920043945
84.61573839187622,83.99526160955429
87.31962621212006,87.06937378644943
83.41251105070114,87.06848895549774
83.63439953327179,87.10660046339035
84.19028782844543,84.6437121629715
89.7091748714447,92.2908251285553
104.30105692148209,94.90294307470322
88.68992346525192,88.64407652616501
100.55980432033539,92.4211956858635
88.3756639957428,84.55133599042892
84.15255093574524,84.03244906663895
84.52343910932541,86.60656088590622
86.5783280134201,83.81067198514938
85.70821589231491,84.71778410673141
88.0791050195694,84.06989496946335
84.41099345684052,88.51400655508041
87.8738802075386,87.06911981105804
86.04076743125916,84.77323257923126
82.54065382480621,85.4773461818695
85.26254028081894,86.94045972824097
84.96642082929611,86.92157918214798
87.17030888795853,85.16269111633301
102.87418961524963,94.69881039857864
89.98505103588104,93.71894896030426
98.31892770528793,91.58907228708267
94.33778929710388,92.49621069431305
83.37467634677887,85.0883236527443
85.68856543302536,89.29243457317352
86.37445342540741,84.2365465760231
86.02134132385254,85.2186586856842
83.94823014736176,84.55176985263824
85.39211809635162,87.29288190603256
86.67000722885132,84.70099276304245
85.29989510774612,85.20010489225388
83.52178233861923,84.66321766376495
85.35467052459717,86.33032947778702
91.72555929422379,84.55244070291519
85.28144681453705,84.97755318880081
90.87433576583862,86.82966423034668
94.44821786880493,94.42278212308884
98.04007714986801,94.64492285251617
86.03993993997574,85.25706005096436
83.280826151371,84.58917385339737
86.96571546792984,87.14528453350067
82.50260466337204,84.38639533519745
86.26249343156815,88.62650656700134
82.13238084316254,87.07161915302277
86.22526997327805,86.57173001766205
87.262158036232,85.3308419585228
85.39204561710358,86.99695438146591
83.28093147277832,84.90406852960587
85.7988196015358,85.33018040657043
82.87370866537094,85.20029133558273
84.65059787034988,88.86740213632584
98.44748669862747,86.219513297081
92.89136856794357,92.20163142681122
101.83522862195969,93.47877138853073
84.61308723688126,86.27591276168823
84.16897487640381,84.81202512979507
85.02086246013641,88.97913753986359
86.50275039672852,85.44224959611893
84.53863829374313,84.55236172676086
85.35452783107758,84.86747217178345
84.46541678905487,86.29358321428299
87.07630586624146,88.34969413280487
94.928193628788,92.8688063621521
83.37207901477814,85.09092098474503
85.4469673037529,86.22003269195557
86.66785627603531,85.0351437330246
85.5207371711731,85.70226281881332
95.03862589597702,87.31237411499023
94.74250739812851,94.6654925942421
98.72436457872391,92.16463541984558
85.92722523212433,84.97977477312088
83.3348160982132,86.57218390703201
87.20470416545868,84.25729584693909
85.72359144687653,87.35040855407715
92.55647760629654,86.55452239513397
87.18636572360992,84.55463427305222
85.39025467634201,85.66574531793594
85.85314297676086,85.85085701942444
83.46403074264526,85.96096926927567
88.48191970586777,84.98008030653
92.5198085308075,93.96119147539139
99.37169587612152,92.07230412960052
97.48257726430893,92.40642273426056
106.74243748188019,96.36856251955032
89.4452890753746,86.3507109284401
85.11216974258423,85.98083025217056
85.59405744075775,85.60994255542755
85.5379450917244,84.31405490636826
85.22283291816711,83.53616708517075
85.0377197265625,84.07328027486801
84.6116087436676,86.92539125680923
86.48249751329422,84.72150248289108
85.00038629770279,84.94361370801926
83.85227197408676,87.74072802066803
91.64915347099304,87.68484652042389
95.05604076385498,90.33295923471451
86.01892894506454,84.79607105255127
98.40781760215759,90.44418239593506
102.66769808530807,94.57330191135406
101.90755760669708,95.38844239711761
101.2224235534668,100.05457645654678
86.8892862200737,84.75871378183365
85.29717344045639,85.55482655763626
85.66706156730652,85.09193843603134
84.53694915771484,86.4990508556366
82.75883775949478,85.09216225147247
87.49972593784332,90.75927406549454
87.98161387443542,86.09238612651825
86.75950080156326,85.37049919366837
84.09238559007645,85.12961441278458
84.55627363920212,86.88972634077072
83.81416237354279,86.05483764410019
84.20305013656616,84.74094986915588
100.98193913698196,90.87006086111069
86.75882786512375,87.37117213010788
98.8147092461586,94.6852907538414
105.88857054710388,101.85242944955826
86.68443071842194,84.66756927967072
85.22131788730621,85.66668212413788
85.29620599746704,84.01879400014877
94.3510929942131,93.16690701246262
85.42598098516464,84.96301901340485
82.75886964797974,87.59313035011292
91.12875825166702,91.2972417473793
87.09164637327194,86.72335362434387
83.88853192329407,84.61146807670593
82.87041342258453,85.55658656358719
82.2403011918068,85.51969879865646
83.22119045257568,84.16680955886841
98.51807868480682,92.27792131900787
84.86996614933014,95.13003385066986
102.98084503412247,102.05615496635437
105.05469995737076,93.38930004835129
90.0175547003746,86.50144529342651
84.83244049549103,87.26055949926376
85.1283283829689,84.14867162704468
85.48021525144577,90.77978473901749
83.51710271835327,87.24189728498459
83.73899233341217,86.26000767946243
87.38788038492203,86.11311960220337
96.20276635885239,94.37223362922668
85.46165245771408,88.87134754657745
86.64654022455215,87.14945977926254
85.7024255990982,83.48257440328598
85.27631431818008,83.7056856751442
102.98020178079605,92.59379822015762
87.0910906791687,90.98290932178497
97.47997319698334,101.59402680397034
98.5538340806961,94.42816591262817
85.7756952047348,85.79830479621887
87.73858225345612,93.22341775894165
85.275470495224,85.40852952003479
83.44235855340958,84.65064144134521
84.33224934339523,85.05775064229965
82.48013871908188,86.24286127090454
86.3500280380249,87.09497195482254
84.44291687011719,86.53908312320709
84.44280445575714,84.83519554138184
84.86768639087677,86.15031361579895
91.5715759396553,87.65042406320572
92.73846346139908,92.76153653860092
96.36835414171219,89.316645860672
88.18324333429337,88.61375665664673
90.44312673807144,92.55787324905396
103.38599163293839,96.87300837039948
85.14585220813751,85.92914777994156
84.38674086332321,86.61325913667679
85.51563155651093,84.15036845207214
84.83052080869675,86.18747919797897
82.86841076612473,83.98358923196793
81.51530086994171,87.37269914150238
84.73719042539597,86.31780958175659
84.22007888555527,85.76192110776901
84.20096617937088,84.11303383111954
88.77485489845276,88.85514509677887
83.7197380065918,85.59526199102402
81.51562857627869,86.05837142467499
93.47851926088333,88.22548073530197
82.46040838956833,87.52159160375595
92.5702919960022,91.68870800733566
106.1271567940712,103.42884320020676
84.86801773309708,85.9109822511673
84.42290830612183,90.05909168720245
86.21879750490189,84.9662024974823
83.81168586015701,84.83631414175034
84.34857541322708,84.48442459106445
81.62646597623825,85.07753401994705
88.42235642671585,85.35464358329773
89.108243227005,86.05875676870346
83.08913064002991,85.37386935949326
89.51602011919022,85.96697986125946
85.49691027402878,84.05908972024918
83.8108007311821,83.83619928359985
94.38469016551971,86.85530984401703
82.90457856655121,88.02142143249512
92.2004623413086,91.22553765773773
97.44032824039459,93.57767176628113
86.58919084072113,86.07780915498734
83.86607962846756,84.55992037057877
84.19996970891953,84.13303029537201
103.16285842657089,95.48514157533646
85.36674803495407,85.96725195646286
82.56963765621185,87.42936235666275
84.82952678203583,83.87347322702408
82.53341656923294,86.1155834197998
83.44030427932739,85.50369572639465
84.94019347429276,85.7078065276146
83.92208123207092,85.78191876411438
84.92197108268738,85.39302891492844
91.32985925674438,85.3561407327652
92.08774834871292,93.91125166416168
95.56963163614273,96.09736835956573
97.05149012804031,93.5595098733902
82.75534749031067,87.39265251159668
84.36623591184616,86.98576408624649
83.55112653970718,84.46787345409393
83.5510168671608,84.68998312950134
83.6069068312645,83.93009316921234
82.06979584693909,85.17120414972305
85.23568600416183,85.72631400823593
94.88357490301132,93.76442509889603
87.88446420431137,85.72653579711914
84.29235374927521,87.4116462469101
95.34724420309067,88.91175580024719
83.55013447999954,84.43086552619934
96.12502551078796,90.48697447776794
82.90291428565979,91.70808571577072
90.42180389165878,91.37519609928131
98.80968517065048,91.33831483125687
96.51353776454926,94.06046223640442
84.90240335464478,86.35759663581848
86.21729010343552,85.48670989274979
84.2351793050766,90.9678207039833
85.19806849956512,88.91293150186539
81.93895667791367,87.59704333543777
85.6058469414711,85.98715305328369
85.90173578262329,87.07926422357559
84.4386243224144,87.9493756890297
84.03151506185532,85.41248494386673
83.95740461349487,84.43059539794922
92.5132947564125,91.93070524930954
97.75318366289139,94.89481633901596
81.99507397413254,87.2459260225296
86.40196454524994,87.65403544902802
90.79084903001785,91.48715096712112
96.69771414995193,94.48728585243225
84.08657836914062,89.61642163991928
83.05046677589417,84.65353322029114
86.32735675573349,84.67164325714111
84.12424564361572,86.78375434875488
80.8831347823143,85.89486521482468
85.64202553033829,89.30297446250916
85.93791490793228,85.98708510398865
84.32680207490921,85.70919793844223
83.16069167852402,87.561308324337
83.64258140325546,84.67341858148575
83.25247174501419,85.78352826833725
91.14236229658127,86.80263769626617
82.40125089883804,86.45074909925461
84.06814074516296,84.26585924625397
98.95702415704727,101.00597584247589
93.21588695049286,90.7471130490303
83.21575444936752,87.2092455625534
81.66064298152924,86.39535701274872
85.34553217887878,85.28446781635284
85.79042088985443,84.02457910776138
81.66030985116959,87.8206901550293
86.7161985039711,84.32180148363113
87.27208828926086,86.46991169452667
84.0859746336937,85.39502537250519
83.15986317396164,88.93213683366776
84.69675296545029,84.24724704027176
84.5306408405304,86.00735914707184
95.75253015756607,84.9144698381424
82.41941863298416,87.22958135604858
85.17830884456635,87.15469115972519
90.97419357299805,91.7658064365387
96.01105743646622,95.35894256830215
86.19691973924637,87.2660802602768
83.15980696678162,85.76619303226471
92.3636976480484,95.32130235433578
84.4565886259079,85.50741136074066
83.6774787902832,86.19252121448517
91.99336832761765,89.63663166761398
85.58525437116623,86.45174562931061
84.19614261388779,87.74785739183426
84.49303168058395,86.22996830940247
89.62192052602768,85.00707948207855
82.82581037282944,90.17418962717056
92.36370211839676,86.93329787254333
83.2515919804573,86.47040802240372
81.32648122310638,85.7675187587738
98.49336451292038,95.11863547563553
96.91822290420532,96.32177710533142
84.95508146286011,86.1559185385704
83.75196665525436,85.08203333616257
82.99285560846329,84.82314437627792
83.23274552822113,87.50825446844101
81.88063514232635,85.89636486768723
85.6955241560936,84.65547585487366
91.80641227960587,96.13758772611618
84.11442023515701,83.55257976055145
83.37421017885208,85.12578982114792
82.89399749040604,83.99500250816345
81.7657881975174,84.58721178770065
89.82157802581787,85.77042198181152
90.48936688899994,94.12163311243057
86.86115342378616,82.56584656238556
91.74993592500687,91.45406407117844
97.99170261621475,93.08229738473892
90.58446896076202,90.58153104782104
84.97425210475922,83.98774790763855
86.67904150485992,82.46895849704742
84.36582833528519,83.69017165899277
81.84861892461777,84.67038106918335
86.92340928316116,84.37359070777893
94.90519845485687,91.52080154418945
84.90598541498184,86.26101458072662
83.59177535772324,85.37122464179993
80.83356553316116,86.29643446207047
104.16735589504242,92.31364411115646
99.87214595079422,92.42385405302048
84.5209356546402,86.70006436109543
87.61472588777542,86.03427416086197
99.50450974702835,94.62549024820328
97.5792732834816,92.64272671937943
104.69103920459747,92.69696080684662
97.26582682132721,89.73417317867279
86.87760961055756,87.54839038848877
90.99039953947067,89.73260045051575
85.56519043445587,87.84180957078934
89.47297948598862,84.61902052164078
92.78876835107803,90.8402316570282
87.40155506134033,88.35844492912292
90.49534547328949,91.43065452575684
90.32813459634781,89.79986542463303
85.9779240489006,84.44807595014572
96.92271262407303,91.26228737831116
84.5535032749176,86.05749672651291
85.9062939286232,85.68670606613159
94.85208410024643,91.35191589593887
98.9268668293953,91.83213317394257
94.89062923192978,94.83237075805664
91.39141649007797,90.386583507061
82.94720602035522,92.16379398107529
90.61499625444412,88.45900374650955
84.07878595590591,87.19821405410767
85.59857386350632,85.06742614507675
91.7843627333641,90.69663727283478
86.11915010213852,83.54784989356995
92.13793778419495,90.26906222105026
95.65772795677185,89.7862720489502
85.78751736879349,84.93448263406754
98.28830707073212,89.59969294071198
85.53009647130966,88.56290352344513
86.45688587427139,83.635114133358
90.56867653131485,88.3753234744072
92.81121081113815,91.00378918647766
90.23799949884415,90.37300050258636
95.01679015159607,91.72420984506607
92.8885805606842,98.37141942977905
93.64837074279785,86.01862925291061
90.31516134738922,84.94383865594864
92.64995038509369,92.3310496211052
86.18773883581161,84.25726115703583
89.94852769374847,90.66247230768204
93.35631656646729,88.18068343400955
84.11610561609268,83.14289438724518
98.30289614200592,94.5121038556099
85.52568686008453,91.62331312894821
88.13747721910477,87.21452277898788
84.04626649618149,84.86173349618912
92.15704935789108,89.98995065689087
95.36281651258469,98.87818348407745
85.5475822687149,88.32241773605347
86.12336927652359,87.93163073062897
85.62415593862534,86.67284405231476
85.01394355297089,86.63405644893646
86.06973272562027,85.05926728248596
96.5345184803009,92.13248151540756
87.88630551099777,85.26069450378418
83.77709394693375,83.98190605640411
85.36988425254822,84.8521157503128
85.7046731710434,83.70332682132721
93.00146341323853,84.90553659200668
86.09525114297867,89.20174884796143
85.09503936767578,83.34896063804626
85.61583000421524,86.16216999292374
92.22661530971527,90.6433846950531
93.1543830037117,94.25261700153351
83.74814784526825,86.75285214185715
85.04393708705902,85.6770629286766
82.95272499322891,85.04727500677109
83.21351325511932,86.712486743927
85.47330415248871,84.24969583749771
84.770094871521,84.45190513134003
90.788882791996,83.69211721420288
84.38366347551346,84.69133651256561
83.4204535484314,83.50554645061493
93.3482437133789,92.20775628089905
106.83003348112106,94.59596651792526
87.83082383871078,85.92817616462708
90.77661353349686,84.00238645076752
84.38740330934525,84.24159669876099
91.40818923711777,91.3708107471466
95.50095343589783,94.37004655599594
83.33471834659576,86.40528166294098
92.02150666713715,89.73749333620071
85.24429589509964,83.88570410013199
83.80008488893509,86.64391511678696
88.09787464141846,84.05012536048889
84.85766333341599,87.06833666563034
82.89544945955276,84.71555054187775
93.82323777675629,85.47376221418381
90.19401824474335,82.3619817495346
85.04680335521698,83.56519663333893
102.30659139156342,91.35940861701965
87.64137923717499,84.26662075519562
86.93816697597504,82.08083301782608
92.25395506620407,89.0240449309349
109.29173052310944,91.93026947975159
110.81147462129593,96.18952536582947
83.34922295808792,83.9657770395279
90.27600932121277,93.05799067020416
88.99879568815231,83.42720431089401
87.12958264350891,92.59341734647751
86.25936949253082,81.86963051557541
92.87215429544449,91.3128457069397
85.53893518447876,86.70206481218338
90.96572154760361,85.46027845144272
85.72550797462463,82.57049202919006
84.04229533672333,83.51370465755463
97.7650825381279,94.88391745090485
84.39586997032166,84.6601300239563
87.7486577630043,83.30734223127365
83.34144568443298,82.60355430841446
97.10121935606003,87.3237806558609
105.45397067070007,93.24902933835983
82.9547176361084,82.89728236198425
94.0865049958229,89.56249499320984
87.16129225492477,83.33870774507523
82.36507940292358,86.06092059612274
93.699866771698,87.52313321828842
90.56965178251266,84.81834822893143
85.23743307590485,83.48356693983078
85.99821853637695,85.02078145742416
82.49900621175766,85.70499378442764
98.77779519557953,82.31420481204987
100.76058155298233,89.94341844320297
87.13136923313141,85.5726307630539
90.03915750980377,86.57084250450134
96.35594415664673,88.66305583715439
89.5977241396904,84.73727583885193
107.87549489736557,95.66150510311127
89.24624305963516,87.69875699281693
87.32202941179276,82.04897058010101
92.76681637763977,87.52918362617493
82.89760440587997,87.26939558982849
94.3613930940628,87.06460690498352
98.89917063713074,91.39682936668396
86.27095204591751,83.87804794311523
91.28973859548569,91.06226140260696
89.64252668619156,89.08047330379486
86.7363138794899,83.57968610525131
97.81110048294067,90.37489950656891
91.12588542699814,92.39211457967758
91.10866326093674,87.33533674478531
91.03544789552689,87.92755210399628
87.86923331022263,82.61176669597626
110.39000910520554,101.81399089097977
89.98275589942932,87.72124409675598
88.90953880548477,83.34946119785309
89.68732380867004,88.51567620038986
86.76211017370224,85.25488984584808
91.18889039754868,86.1811096072197
94.67267352342606,93.16132646799088
88.37645399570465,82.30854600667953
91.00723856687546,89.0487614274025
95.58202534914017,87.67797464132309
95.28581118583679,90.91718882322311
101.04659748077393,92.97240251302719
91.45538353919983,86.39661645889282
91.28916984796524,89.19283014535904
93.80795657634735,87.71004343032837
87.45774108171463,82.8762589097023
110.03251451253891,98.28148549795151
91.42225885391235,87.85574114322662
87.18204230070114,82.8549576997757
93.4608274102211,89.85417258739471
83.57260531187057,84.76039469242096
92.70339208841324,87.40760791301727
97.09317147731781,90.27682852745056
87.63094794750214,84.05405205488205
91.55773198604584,89.7752680182457
90.28051733970642,87.79348266124725
85.48530387878418,84.1996961236
100.41209077835083,92.64290922880173
91.28287726640701,88.49412274360657
93.15466332435608,88.1233366727829
94.43344837427139,91.06655162572861
89.3792342543602,85.54676574468613
112.45399749279022,100.52800250053406
100.15773504972458,89.26726496219635
87.69550424814224,81.98849576711655
92.12328940629959,92.65471059083939
85.67907494306564,90.7649250626564
91.21686059236526,87.56113940477371
101.62464213371277,88.98535788059235
91.16342276334763,86.50257724523544
93.70120733976364,89.65079265832901
89.83099341392517,86.87200659513474
86.98077780008316,84.18522220849991
100.27756375074387,88.981436252594
86.57534945011139,85.73965054750443
92.52013570070267,87.90586429834366
91.09492123126984,90.66407877206802
94.42870616912842,85.23729383945465
99.35648226737976,93.25451773405075
107.3012278676033,94.12477213144302
96.13497751951218,92.56902247667313
90.56276297569275,87.19723701477051
83.6005494594574,85.14045053720474
88.89733588695526,87.28866410255432
90.36111891269684,90.08288109302521
87.28789925575256,82.26810073852539
91.58568406105042,91.5263159275055
93.8634682893753,89.48753172159195
87.05025482177734,81.8947451710701
100.7180404663086,94.11595952510834
86.05182749032974,84.96717250347137
92.23761284351349,87.57738715410233
91.60939931869507,100.31760066747665
87.9801841378212,84.03781586885452
109.18495970964432,96.79704028367996
104.42570185661316,97.70329815149307
87.11245548725128,85.01754450798035
89.92724114656448,88.53575885295868
82.65103018283844,86.05296981334686
92.52181750535965,89.81118249893188
96.55960541963577,93.03239458799362
84.07939040660858,85.43860960006714
93.8401792049408,92.64182078838348
95.54396730661392,89.80703270435333
89.04475528001785,84.86224472522736
98.26854258775711,92.250457406044
86.01033222675323,91.87966775894165
90.43612104654312,90.97187894582748
89.04891008138657,91.43308991193771
86.2156994342804,84.06130057573318
101.90147876739502,95.76452124118805
100.32823514938354,95.26376485824585
85.94099694490433,86.13400304317474
89.57078593969345,90.26221406459808
81.9795743227005,85.7234256863594
90.79536300897598,88.0936369895935
93.1111530661583,90.83384692668915
82.59293860197067,84.62906140089035
88.87172639369965,91.53627359867096
87.29851454496384,89.9424854516983
93.68830341100693,93.32969659566879
105.30009233951569,93.6809076666832
84.65288007259369,86.45811992883682
91.96866768598557,88.73433232307434
101.98845541477203,89.16054457426071
83.08224189281464,84.04775810241699
99.3050285577774,93.84297144412994
99.80479502677917,92.32420498132706
87.73255276679993,85.02744722366333
89.73233979940414,88.47066020965576
84.21512877941132,86.41387122869492
91.62391710281372,88.78308290243149
89.53170239925385,91.22729760408401
81.79148834943771,86.98551166057587
90.51527643203735,89.81772357225418
85.79406464099884,82.55793535709381
86.9798521399498,84.27914786338806
97.59164088964462,94.07435911893845
86.55642890930176,89.37057107686996
92.70521813631058,90.23978185653687
92.98300570249557,91.47999429702759
86.96479481458664,87.9792051911354
83.83758181333542,88.44141817092896
93.2823628783226,91.23663711547852
88.61712229251862,85.34687769412994
90.87590771913528,89.56809228658676
84.46969628334045,88.54830372333527
92.26748317480087,88.5105168223381
103.08226841688156,92.75073158740997
85.19505608081818,84.82394391298294
92.36184495687485,91.24915504455566
86.5296323299408,85.10036766529083
86.95641952753067,85.96858048439026
100.82820761203766,90.81979238986969
85.82899469137192,87.57900530099869
94.49578320980072,89.44821679592133
91.44157069921494,89.81842929124832
85.97935819625854,85.11264181137085
90.49814629554749,93.40885370969772
100.33292853832245,93.48207145929337
95.66668677330017,91.96231323480606
92.77947336435318,90.18352663516998
82.66926181316376,86.20173817873001
96.24404990673065,88.16295009851456
92.61483907699585,93.21816092729568
82.7456237077713,85.58837628364563
90.13441210985184,90.4945878982544
89.37719911336899,84.36380088329315
85.95198804140091,83.99201196432114
98.39677619934082,92.56522381305695
83.63856309652328,87.19543689489365
87.935351729393,88.1756482720375
96.78914022445679,89.28585976362228
86.3079262971878,84.65507370233536
90.32771492004395,92.09928506612778
98.58749568462372,99.5235043168068
83.99524456262589,86.72575545310974
92.75603240728378,90.44796758890152
83.64582020044327,86.15017980337143
91.16460680961609,90.46439319849014
95.35039353370667,94.70460647344589
84.68517816066742,84.38882184028625
90.7409656047821,91.42503440380096
85.64975410699844,84.55424588918686
82.87354308366776,83.64645689725876
97.24433302879333,94.60766696929932
90.06012111902237,90.58887887001038
92.04190909862518,84.88309091329575
85.61669719219208,86.27130281925201
87.67348551750183,85.97451448440552
85.30427378416061,89.02972620725632
99.21205568313599,90.58394432067871
90.1948110461235,85.93418896198273
84.78759050369263,86.28640949726105
82.80737864971161,87.21062135696411
86.82616609334946,83.89583390951157
84.77295380830765,86.6720461845398
85.71773970127106,86.22626030445099
84.2185280919075,85.94847190380096
84.81131714582443,84.48468285799026
94.62710535526276,90.76189464330673
99.29489409923553,92.4461058974266
89.64768177270889,86.07531821727753
85.98146879673004,83.3515312075615
84.66725730895996,84.40574270486832
85.02004647254944,84.70195353031158
87.57683509588242,87.01616489887238
103.3186172246933,91.49538278579712
91.59736770391464,93.16163229942322
86.5791437625885,86.17885625362396
82.32193124294281,86.77106875181198
87.37771934270859,85.38128066062927
86.15550661087036,86.56649339199066
82.58329093456268,83.73170906305313
85.1760783791542,85.67492163181305
81.82586604356766,84.37813395261765
83.4556547999382,87.37734520435333
97.54944360256195,94.67255640029907
85.06823325157166,86.13476675748825
86.20002210140228,83.92997789382935
91.07081085443497,96.3921891450882
85.12660086154938,84.20639914274216
84.38639026880264,87.00160974264145
92.14717131853104,91.44582867622375
96.61093455553055,91.61206543445587
86.33469587564468,84.7593041062355
85.07648235559464,85.99851763248444
85.91026991605759,84.03473007678986
82.8360567688942,85.73694324493408
84.59684401750565,83.94115597009659
90.31963211297989,86.5693678855896
89.87642121315002,83.66057878732681
84.45121067762375,85.30778932571411
100.47099822759628,95.28900176286697
84.78578650951385,85.78821349143982
84.82457584142685,84.69442415237427
82.9913654923439,83.97163450717926
84.97415441274643,88.30384558439255
84.0309430360794,85.93305695056915
92.51272839307785,91.0422716140747
107.64249753952026,101.06050246953964
88.2182566523552,84.92974334955215
83.83003413677216,87.85596585273743
86.58981990814209,84.61318010091782
84.68360787630081,87.29739212989807
84.98039472103119,83.77860528230667
86.14818334579468,85.90781664848328
85.16797262430191,87.86902737617493
83.9097603559494,83.9982396364212
93.26154911518097,90.8124508857727
86.26233732700348,87.19966268539429
83.32012450695038,84.43987548351288
82.63491368293762,86.01308631896973
84.87670081853867,84.71629917621613
82.15549004077911,88.25250995159149
83.2862783074379,86.34372168779373
94.63905930519104,102.69494068622589
83.49081712961197,84.80418288707733
83.23260402679443,89.3973959684372
86.214386343956,85.78461366891861
88.8081738948822,92.56182610988617
85.75396180152893,84.72803819179535
82.0137506723404,86.4862493276596
86.16353845596313,84.26246154308319
85.6083277463913,83.94767224788666
95.25711643695831,90.2618835568428
84.90590399503708,93.02009600400925
85.42569243907928,84.24130755662918
81.64948260784149,85.48051738739014
84.35327285528183,85.03572714328766
85.02106302976608,86.99793696403503
84.35485190153122,86.73714810609818
106.50363349914551,106.58836650848389
87.93038612604141,92.8846138715744
82.87617057561874,87.12382942438126
86.00595879554749,84.16004121303558
85.32274216413498,86.04825782775879
84.34152776002884,84.54747223854065
84.76831686496735,86.63868314027786
83.51010644435883,85.50889354944229
98.43689411878586,93.43410587310791
94.82668286561966,91.3403171300888
85.58647060394287,87.22852939367294
84.56925785541534,84.0797421336174
83.18104755878448,84.76395243406296
84.1628348827362,85.22516512870789
84.86862379312515,86.13137620687485
84.4244110584259,84.05758893489838
95.62919175624847,92.8528082370758
85.87095195055008,85.29604804515839
83.29773783683777,85.88826215267181
87.53852659463882,86.05347341299057
87.6883117556572,88.53368824720383
83.83709079027176,84.27390921115875
83.91187971830368,86.08812028169632
91.94966876506805,85.4013312458992
82.2284574508667,84.91954255104065
95.61824625730515,94.56675374507904
82.32303512096405,89.17696487903595
92.00882422924042,84.15717577934265
90.02761346101761,92.99038654565811
85.99140125513077,84.19359874725342
81.77019011974335,85.85880988836288
85.21597898006439,85.93302100896835
97.06876182556152,92.83923816680908
87.10652107000351,87.61547893285751
83.2003059387207,87.96669405698776
86.49709331989288,86.05890667438507
83.4058797955513,85.98412019014359
83.96266669034958,84.48233330249786
83.48145014047623,89.38854986429214
85.03823935985565,85.86976063251495
83.57602840662003,84.46197158098221
94.74281829595566,93.16418170928955
86.35460728406906,86.82939273118973
85.33739453554153,86.1996054649353
83.80118107795715,85.92081892490387
84.72796958684921,85.679030418396
84.41475862264633,85.45624136924744
84.19254732131958,84.51045268774033
106.26732873916626,105.51067125797272
89.50908744335175,85.82491254806519
82.25087189674377,87.43412810564041
86.99265933036804,85.09934067726135
82.10344707965851,86.598552942276
84.51223409175873,84.67276591062546
83.51302206516266,87.56097793579102
84.3478052020073,86.11619478464127
83.90359461307526,84.00340539216995
93.99738377332687,95.9846162199974
85.38717257976532,86.3348274230957
86.62895894050598,83.59404104948044
89.50074833631516,87.3522516489029
84.74153757095337,85.59146243333817
84.55732536315918,85.73867464065552
84.33511394262314,84.2928860783577
96.09589767456055,93.21810233592987
96.3016529083252,88.56934708356857
95.2274158000946,89.86458420753479
83.61720341444016,84.58679658174515
94.21099030971527,95.1590096950531
85.56377679109573,88.62222319841385
84.74956548213959,88.1394345164299
83.15835297107697,86.32364702224731
81.12114012241364,84.35985988378525
90.62192970514297,91.87707030773163
85.15971583127975,93.85828417539597
83.19850438833237,84.94949561357498
84.23629522323608,87.1527047753334
84.14508432149887,85.0219156742096
85.01487386226654,85.94712615013123
84.5896623134613,83.66833770275116
83.7394523024559,85.98254770040512
103.0362263917923,90.3517736196518
86.01897341012955,88.57402658462524
86.46475821733475,84.31424176692963
83.29854363203049,85.84945636987686
84.5393288731575,84.31167113780975
85.81911504268646,86.06988495588303
91.41289854049683,87.5141014456749
94.07968425750732,89.97631573677063
102.69247174263,94.08652824163437
84.69225853681564,84.65974146127701
86.60104525089264,88.89895474910736
84.93483036756516,83.06516963243484
87.63961565494537,82.71238434314728
103.36240231990814,92.69359767436981
85.8081881403923,82.61781185865402
84.01297450065613,84.09902548789978
103.32874989509583,89.15325009822845
85.29150015115738,86.02249985933304
85.6452859044075,84.57771408557892
87.442069709301,86.96593028306961
83.10985338687897,85.37214660644531
85.2216409444809,86.55635905265808
85.2224263548851,82.5735736489296
84.66721212863922,82.0547878742218
94.2609983086586,91.9430016875267
81.87278372049332,88.68221628665924
85.48557078838348,84.12642920017242
94.52335608005524,90.60664391517639
85.67214161157608,83.27285838127136
89.13592809438705,86.08607190847397
85.67271345853806,85.36328655481339
84.82249861955643,84.3995013833046
98.87827277183533,91.7507272362709
85.99102586507797,89.24997413158417
85.2688118815422,82.98918813467026
84.5475966334343,86.65540337562561
84.17838102579117,84.3956189751625
85.82716798782349,86.24683201313019
83.01394605636597,83.1530539393425
83.75572657585144,84.05927342176437
96.36651289463043,92.13248711824417
83.75629645586014,85.03970354795456
85.70208239555359,85.16791760921478
84.5918681025505,84.07413190603256
84.87065374851227,81.83234626054764
85.98344022035599,85.75855976343155
84.18722647428513,87.09077352285385
93.74401551485062,92.23798447847366
86.02355343103409,88.32944655418396
91.91234105825424,85.5316589474678
84.67312866449356,86.91987133026123
76.76591569185257,83.32608431577682
78.60070461034775,85.52929538488388
85.15749228000641,84.56550770998001
82.9542806148529,84.0457193851471
100.73306941986084,95.303930580616
82.97385710477829,87.84014290571213
84.80864703655243,83.96935296058655
84.12443518638611,87.33856481313705
83.71722340583801,83.91177660226822
83.73701161146164,87.57798838615417
83.38579946756363,85.2432005405426
86.46058666706085,85.4834133386612
94.70236384868622,94.00063616037369
90.00012105703354,95.37087893486023
86.61189323663712,85.66610676050186
95.50167894363403,97.70232105255127
84.70646470785141,86.44253528118134
84.35425436496735,88.84874564409256
90.8560426235199,87.75495737791061
88.28283190727234,85.12516808509827
93.37562024593353,92.08637976646423
84.30240762233734,92.99359238147736
82.67419362068176,87.41880637407303
83.4529824256897,86.6390175819397
84.13877028226852,84.89822971820831
81.75055921077728,85.45344078540802
83.84434652328491,84.80465346574783
83.4001356959343,85.24786430597305
84.23492473363876,84.4310752749443
89.79170763492584,94.46829235553741
84.79147285223007,85.20852714776993
85.86725836992264,88.61474162340164
83.83104431629181,85.0769556760788
84.3318327665329,86.2611672282219
83.61062103509903,85.74137896299362
95.59241080284119,89.90758919715881
102.00019800662994,94.55480200052261
89.74198579788208,88.7390142083168
88.78077536821365,84.36822462081909
84.44856399297714,84.42243599891663
85.17135202884674,85.08764797449112
81.17114043235779,87.8088595867157
84.50592941045761,85.54907059669495
84.3407182097435,84.23428177833557
82.48850536346436,84.30649465322495
92.08328741788864,100.1577125787735
82.47305196523666,84.35994803905487
84.56583839654922,90.67416161298752
85.84462541341782,95.11837458610535
92.9944149851799,86.98758500814438
83.42020463943481,83.91279536485672
82.40199363231659,84.9860063791275
95.0697808265686,95.98521918058395
82.47956430912018,86.92943567037582
86.31235295534134,85.15064704418182
94.66514176130295,92.890858232975
82.83392918109894,87.77807080745697
83.48271709680557,87.25828289985657
82.66850543022156,83.53549456596375
84.89129430055618,84.14570569992065
83.0770817399025,84.68191826343536
91.04086548089981,97.03313452005386
84.00563275814056,85.1613672375679
84.70942157506943,88.40157842636108
82.84021025896072,85.97478973865509
88.73000037670135,87.71499961614609
83.19279086589813,85.54720914363861
83.37957894802094,86.41742104291916
96.41736471652985,97.0276352763176
82.12215059995651,89.488849401474
81.08593952655792,85.1370604634285
80.62372398376465,87.63527601957321
84.79051327705383,86.89348673820496
83.99630337953568,88.35569661855698
82.23809343576431,85.44790655374527
95.0908836722374,94.66811633110046
80.85067391395569,87.29832607507706
90.8884568810463,101.37054312229156
91.90722626447678,92.51877373456955
85.205013692379,89.23998630046844
83.55780136585236,87.51719862222672
87.46559131145477,89.73740869760513
83.89238095283508,84.40361905097961
92.59716981649399,88.10683017969131
96.72695505619049,94.0690449476242
85.61774265766144,89.53025734424591
85.65453261137009,85.58546739816666
91.13732129335403,86.62167870998383
83.5091102719307,86.32488971948624
83.93490040302277,86.45309960842133
82.89868944883347,85.73031055927277
83.14047998189926,87.21152001619339
83.62327075004578,86.67272925376892
94.99505239725113,94.41294759511948
83.62482112646103,87.06017887592316
95.90460860729218,93.80039137601852
85.40439569950104,86.11360430717468
90.35018569231033,88.2798143029213
85.1849747300148,88.44502526521683
84.1477639079094,87.3522360920906
94.88855391740799,93.86944609880447
82.77934348583221,87.46165651082993
88.05713248252869,86.64586752653122
83.5409225821495,89.10807740688324
84.5407127737999,85.36628723144531
84.2825021147728,90.55049788951874
83.61729091405869,85.92070907354355
85.95107454061508,86.88192546367645
81.52586334943771,87.2881366610527
90.8046452999115,93.88035470247269
82.34241479635239,87.87958520650864
83.41720247268677,87.69379752874374
82.28899103403091,88.30300897359848
83.19778150320053,87.89521849155426
81.587571144104,84.08042883872986
89.56936103105545,96.74563896656036
94.6811512708664,97.2078487277031
82.07094156742096,87.5960584282875
86.4057309627533,88.24226903915405
84.2765201330185,86.63147985935211
99.59230470657349,95.22369527816772
88.09306311607361,94.99893689155579
84.27884316444397,85.2951568365097
85.31663376092911,85.33136624097824
81.02141720056534,84.77558279037476
94.54120081663132,97.08879917860031
90.61595869064331,92.16204130649567
84.61673414707184,88.43926584720612
83.96952188014984,84.58647811412811
83.50731152296066,88.32568848133087
83.91610080003738,86.86289918422699
80.61989045143127,87.62010955810547
92.65767896175385,96.95332103967667
82.17746847867966,88.2855315208435
84.90025824308395,87.98874175548553
85.08604872226715,85.07995128631592
89.54983806610107,85.28316193819046
83.45862877368927,89.46837121248245
83.27341949939728,84.85558050870895
84.75620967149734,88.42879033088684
81.27599918842316,88.26200079917908
93.90577930212021,95.31522071361542
91.03654360771179,93.11145639419556
85.72231531143188,88.44368469715118
82.92810332775116,85.51689666509628
82.81689429283142,87.33110570907593
84.65168482065201,85.01531517505646
91.02247434854507,84.92152565717697
94.7082651257515,97.23573487997055
85.30205482244492,88.08694517612457
83.37784534692764,86.17815464735031
83.4156363606453,84.99236363172531
81.13842684030533,83.787573158741
84.73121762275696,100.04578238725662
83.10200744867325,84.26699256896973
85.91779792308807,85.80320209264755
81.03058689832687,85.13641309738159
81.06837600469589,89.35862398147583
89.43916124105453,93.96883875131607
84.19992995262146,87.31907004117966
83.38571834564209,84.85528165102005
82.7565090060234,87.8544909954071
82.18429899215698,84.72370100021362
83.20309036970139,85.14890962839127
90.66688060760498,93.09311938285828
82.64866918325424,87.90733081102371
83.8914584517479,87.14654153585434
83.41024881601334,87.27475118637085
85.5590391755104,84.68196082115173
83.09682750701904,87.27317249774933
84.00461828708649,89.75338172912598
82.56140929460526,85.25359070301056
81.50719982385635,84.65980017185211
82.34099036455154,86.84400963783264
90.65677279233932,92.17622721195221
86.41654121875763,88.39745879173279
83.47332799434662,85.48867201805115
83.60411673784256,86.43288326263428
82.93790650367737,84.74709349870682
84.86469638347626,88.46830362081528
91.2174860239029,92.15251398086548
81.86727547645569,93.39272451400757
83.66406512260437,86.74393486976624
91.61038839817047,96.09261161088943
89.24116331338882,86.55483669042587
83.8159516453743,86.9800483584404
83.40974044799805,86.49825954437256
83.00252997875214,85.71947002410889
89.57831454277039,93.68168544769287
85.28308421373367,90.62491577863693
84.15387117862701,85.43912881612778
82.87666112184525,87.80833888053894
87.9514513015747,88.08554869890213
87.02724039554596,86.69575959444046
96.67502927780151,96.41697072982788
86.45381844043732,89.74918156862259
84.30660754442215,86.11839246749878
83.21539831161499,86.19260168075562
84.82718777656555,86.20981222391129
87.10597825050354,88.02302175760269
83.81076735258102,85.13323265314102
83.45955467224121,85.13344532251358
83.2573452591896,85.9466547369957
82.05413556098938,86.24186444282532
91.83292144536972,92.24207854270935
90.0746882557869,90.38831174373627
83.48247104883194,86.38752895593643
89.27926021814346,87.03573977947235
91.28105026483536,85.66394972801208
89.50383406877518,85.90416592359543
97.263621032238,94.56937897205353
85.02441012859344,85.99458986520767
85.46920073032379,86.10479927062988
84.87799113988876,86.8820088505745
84.78578054904938,86.21421945095062
90.3785702586174,88.23242974281311
83.73236066102982,85.082639336586
83.36215084791183,84.85984915494919
81.86294054985046,85.93305945396423
82.53072994947433,86.15527004003525
93.0875101685524,90.80248981714249
86.31027740240097,88.50472259521484
84.18106240034103,84.98593759536743
83.12685060501099,87.50314939022064
86.0346412062645,85.83535879850388
84.27642756700516,87.20457243919373
95.87021565437317,94.5007843375206
82.4440050125122,88.14699500799179
82.96479350328445,86.07320648431778
80.89058446884155,84.77541553974152
84.09537464380264,84.4416253566742
87.61516433954239,88.53383564949036
83.89395403862,86.51404595375061
85.39474362134933,86.80925637483597
85.61753380298615,86.56746619939804
81.21132242679596,88.77067756652832
93.82310611009598,93.54789388179779
86.52786827087402,90.9911317229271
82.36164808273315,96.58335191011429
82.0114364027977,88.84156358242035
81.75222718715668,84.83977282047272
83.29101639986038,85.63598358631134
96.92080527544022,94.33819472789764
81.53259599208832,86.50440400838852
85.60738611221313,86.0216138958931
89.86817401647568,86.09582597017288
84.07196217775345,84.39003783464432
80.07375198602676,88.37124800682068
84.6305438876152,85.96245610713959
84.44533228874207,85.14666771888733
81.16812175512314,85.25787824392319
81.39191246032715,88.42308753728867
101.41069531440735,100.29230469465256
96.22645032405853,94.18054968118668
83.87621593475342,85.42078405618668
81.65400409698486,96.54999589920044
83.22879314422607,85.51220685243607
82.85958302021027,86.21441698074341
95.3973725438118,93.41662746667862
82.21316182613373,91.54583817720413
85.58494931459427,88.97105067968369
83.17773902416229,86.58226096630096
82.919528901577,85.96947109699249
82.1233184337616,86.63468158245087
80.81010842323303,86.26389157772064
80.62589794397354,86.92910206317902
84.05268877744675,86.05831122398376
82.60947871208191,87.65052127838135
96.6092619895935,95.37173801660538
90.79601866006851,91.75998133420944
83.12978571653366,86.4252142906189
81.00157511234283,88.10942488908768
103.92836457490921,94.03563541173935
90.18815344572067,85.86784654855728
99.33694070577621,96.70005929470062
88.48572850227356,86.92027151584625
84.15351814031601,85.88348186016083
83.46930849552155,84.80769151449203
85.43309861421585,86.88090139627457
86.26788812875748,88.65911185741425
80.78667664527893,85.23132336139679
81.30646675825119,87.95353323221207
80.2332558631897,85.22974413633347
80.86304658651352,86.83995342254639
92.8458337187767,95.54316627979279
89.90259885787964,92.61640113592148
85.82936829328537,86.68963170051575
86.07015663385391,87.41084337234497
82.97894650697708,86.15005350112915
83.5907375216484,90.87226247787476
98.99952590465546,95.38947409391403
83.68531620502472,87.59268379211426
89.9081044793129,94.86989551782608
83.92689454555511,85.73910546302795
85.29868417978287,85.6643158197403
83.91147285699844,88.55252712965012
84.98525762557983,84.95874238014221
82.82004576921463,86.06895422935486
83.41383564472198,85.93916434049606
82.09962677955627,88.21537321805954
82.32241624593735,85.86258375644684
89.82320153713226,92.21379846334457
83.08397221565247,87.00902777910233
86.45476067066193,87.48923933506012
84.47355031967163,85.97044968605042
82.75233882665634,87.21066117286682
99.99412870407104,96.93187129497528
83.03191810846329,88.00508189201355
84.31070655584335,87.2442934513092
83.51549637317657,84.1505036354065
83.77528584003448,85.24271416664124
80.57307505607605,87.94592493772507
89.20386427640915,94.70413571596146
84.81465488672256,85.0553451180458
83.29744482040405,87.20255517959595
83.68723422288895,88.20176577568054
85.46602433919907,87.55197566747665
93.09580874443054,96.42219126224518
83.65257787704468,87.27342212200165
80.08036655187607,87.0866334438324
90.19215595722198,86.51184403896332
83.54394429922104,85.23305571079254
95.95173418521881,96.39926582574844
101.86152517795563,87.30547481775284
82.71431511640549,86.74968487024307
83.0851035118103,86.06289649009705
81.54889345169067,87.34010654687881
81.30868339538574,87.58031660318375
80.6424725651741,85.76352745294571
83.51426285505295,85.50473713874817
80.34905356168747,86.15194642543793
82.77584385871887,88.83615612983704
97.90562295913696,97.5573770403862
91.77639108896255,93.70460891723633
93.77815181016922,96.35184818506241
87.48291403055191,96.20308595895767
96.0576838850975,94.79531610012054
91.37344712018967,88.66455286741257
97.15123265981674,95.19976735115051
82.09701997041702,90.97798001766205
86.72680747509003,92.9021925330162
82.09859699010849,86.71640300750732
84.3583852648735,84.8456147313118
81.69217449426651,87.38182550668716
82.2679615020752,86.5280385017395
83.34274995326996,86.93525004386902
85.34353876113892,87.24846124649048
84.06632333993912,88.32267665863037
82.56711333990097,86.0988866686821
91.79089707136154,91.80210292339325
89.27265906333923,90.48634093999863
82.14443624019623,86.85556375980377
89.25622349977493,92.59477651119232
85.49701207876205,86.16898792982101
98.14680117368698,95.27919882535934
84.07359009981155,90.40740990638733
85.27737867832184,89.22262132167816
88.72316592931747,98.9428340792656
84.26095312833786,87.84904688596725
82.65074121952057,87.49625879526138
81.55953085422516,85.403469145298
83.28232038021088,87.93967962265015
82.19010937213898,85.10589063167572
83.32189947366714,88.97510051727295
84.00768375396729,87.06731623411179
94.06346875429153,96.93653124570847
90.36122608184814,95.41677391529083
84.712994992733,87.41600501537323
81.69578158855438,85.30421841144562
80.62257009744644,85.00742989778519
94.19735932350159,94.43264067173004
84.1801500916481,87.56084990501404
91.84794038534164,94.5050595998764
84.06972569227219,85.72627431154251
96.40451550483704,87.98448449373245
80.97930490970612,88.18669509887695
80.70209574699402,86.1129042506218
82.85188609361649,85.66611391305923
80.96367591619492,86.42532408237457
82.6304657459259,87.42453426122665
84.89125633239746,86.51574367284775
95.1140347123146,94.3859652876854
90.00479048490524,96.18020951747894
80.89355897903442,87.49544101953506
84.39534717798233,85.56865280866623
82.34013658761978,86.71486341953278
92.84092539548874,93.82607460021973
84.69271117448807,87.73228883743286
83.54649698734283,83.95350301265717
83.77028596401215,86.23071402311325
84.41907322406769,83.9709267616272
85.23385989665985,87.4141401052475
91.42064529657364,92.8203547000885
85.9944321513176,85.78356784582138
83.38521885871887,84.83778113126755
86.18200492858887,93.1879950761795
85.75679236650467,84.22520762681961
102.14651817083359,91.85348182916641
98.61025536060333,90.85274463891983
82.3710086941719,87.48099130392075
86.6677936911583,84.20320630073547
90.94558161497116,83.75741839408875
99.07636845111847,95.27463155984879
82.42915600538254,86.47784399986267
91.8929432630539,86.2000567317009
89.30173134803772,85.60626864433289
83.74651765823364,85.71648234128952
83.58130490779877,85.60469508171082
86.63709193468094,85.41790807247162
83.84188014268875,84.65811985731125
91.65766048431396,85.93433952331543
84.36244821548462,86.21155178546906
93.84423589706421,91.34076410531998
99.49401241540909,94.33898758888245
95.12375688552856,89.5422431230545
83.45851123332977,92.0234887599945
84.62529587745667,85.65170413255692
81.1630819439888,84.8359180688858
96.23886841535568,95.31713157892227
82.99865394830704,90.27934604883194
84.64744073152542,84.48255926370621
84.00022721290588,85.31477278470993
86.48201179504395,86.09198820590973
81.98379814624786,87.03520184755325
81.3545845746994,83.46041542291641
86.7443715929985,85.92162841558456
83.74515956640244,84.8838404417038
84.94994711875916,87.97505289316177
85.52473455667496,85.2342654466629
85.65552169084549,85.54847830533981
97.34129464626312,92.62170535326004
81.28605061769485,89.62094938755035
91.58383744955063,89.99016255140305
85.51062250137329,84.11837750673294
95.64140963554382,106.43259036540985
82.30919712781906,86.3578028678894
85.45798444747925,87.91301554441452
82.88477170467377,83.98622828722
85.3305594921112,86.24444049596786
81.51634609699249,87.1686539053917
83.62813371419907,85.70586627721786
85.20292145013809,85.70407855510712
88.24070918560028,86.29629081487656
88.83449530601501,92.09150469303131
87.20528334379196,85.10971665382385
88.07706773281097,87.25593227148056
98.57783263921738,93.16316735744476
83.78258621692657,92.6994137763977
84.8753724694252,84.45762753486633
86.2831597328186,87.9198402762413
99.598947763443,94.01205223798752
86.15573704242706,90.8072629570961
93.35952651500702,92.80647349357605
83.26831656694412,87.39868342876434
89.60310536623001,85.69289463758469
82.0848959684372,89.95210403203964
83.23368579149246,85.58131420612335
83.9754713177681,89.83952867984772
82.97725474834442,87.11674523353577
84.92204415798187,88.9489558339119
83.8488340973854,86.31716591119766
81.21962457895279,86.48437541723251
93.20240151882172,92.96459847688675
83.2961637377739,88.68583625555038
88.68495172262192,86.66604828834534
82.6307412981987,88.0722587108612
93.9835312962532,94.83146870136261
85.52132153511047,87.5526784658432
83.65111112594604,86.792888879776
83.61590111255646,87.51409888267517
84.06069195270538,85.03130805492401
82.5984822511673,86.06751775741577
88.34027230739594,94.95572769641876
84.2490628361702,85.9549371600151
83.34285342693329,86.0461465716362
91.08364415168762,90.71235585212708
84.43643444776535,88.63756555318832
84.67822402715683,87.1557759642601
97.56800186634064,95.48699814081192
89.97575068473816,93.02424931526184
82.77352476119995,88.02247524261475
84.4223141670227,86.54068583250046
94.86810219287872,95.33589780330658
91.2388910651207,93.9651089310646
83.01768094301224,86.35231906175613
83.98147124052048,87.14852875471115
87.16725778579712,87.07374221086502
82.3910471200943,87.75695288181305
80.28083741664886,86.8861625790596
82.00362813472748,85.58937186002731
82.7074185013771,85.21858149766922
83.32020825147629,88.92079174518585
90.52399855852127,93.06800144910812
89.98778891563416,92.58521109819412
96.0815698504448,96.52943015098572
90.73032540082932,96.34267461299896
86.04609453678131,87.30590546131134
85.36188381910324,86.74911618232727
90.78867375850677,93.39632624387741
83.99246352910995,89.83953648805618
80.62425339221954,87.04274660348892
82.60604453086853,86.59795546531677
84.90383458137512,85.54116541147232
82.45962512493134,89.31837487220764
80.75641560554504,88.16958439350128
82.8132055401802,88.74179446697235
83.01799494028091,85.90800505876541
84.03678441047668,87.55521559715271
83.72357302904129,86.49842697381973
85.00136345624924,87.51663655042648
94.26214307546616,96.40385693311691
88.91190028190613,95.2180997133255
89.00467479228973,95.45832520723343
82.2464651465416,86.77253484725952
94.48825567960739,94.28974431753159
90.97004514932632,89.10395485162735
80.41483533382416,86.95516467094421
82.21162581443787,85.21337419748306
83.67641592025757,87.17458409070969
82.02920603752136,88.82279396057129
82.2519970536232,86.65500295162201
77.86378711462021,89.56121289730072
77.73557645082474,84.0974235534668
83.68036633729935,90.24463367462158
83.03315597772598,87.7438440322876
83.5159439444542,88.46605604887009
93.16472554206848,95.74227446317673
91.70248425006866,94.18651574850082
87.11125594377518,86.01874405145645
88.76004558801651,86.72195440530777
94.94683402776718,92.81416594982147
90.76162439584732,94.49737560749054
88.31841450929642,94.88558548688889
86.33720499277115,85.38479501008987
81.33799374103546,85.86500626802444
82.5427833199501,88.80921667814255
82.48757463693619,84.82642537355423
82.3413655757904,85.52963441610336
83.48915636539459,85.23184365034103
83.78694468736649,87.47205531597137
81.509734749794,86.71226525306702
89.88052302598953,92.30347698926926
97.71530556678772,97.39569443464279
90.10506707429886,93.17293292284012
81.71683794260025,84.98716205358505
81.58862626552582,86.72637373209
94.42241501808167,93.8365849852562
81.8682050704956,90.22379493713379
80.34999591112137,85.89000409841537
83.35078591108322,85.72221410274506
80.55557388067245,86.11042612791061
81.35236406326294,87.25863593816757
89.05715483427048,93.36884516477585
82.0949439406395,85.97805607318878
82.54073441028595,86.33026558160782
88.39352369308472,96.66147631406784
87.41231334209442,86.62468665838242
85.15410375595093,89.01189625263214
83.63689053058624,86.43710947036743
90.11867308616638,93.64032691717148
89.30544275045395,86.10255724191666
87.00923323631287,87.71276676654816
97.67701810598373,94.4529818892479
85.86280751228333,88.2661924958229
81.49359703063965,87.11740297079086
85.69838547706604,86.65361452102661
81.49517452716827,87.98582547903061
82.58896398544312,87.3180360198021
81.47875440120697,86.42824560403824
83.64654487371445,86.39045512676239
82.0363336801529,85.63066631555557
85.42612463235855,95.40787535905838
89.90791529417038,98.49908471107483
85.07470542192459,89.92429459095001
82.66849201917648,89.07150799036026
89.59527629613876,94.08872371912003
84.5040453672409,87.9029546380043
87.00483447313309,86.383165538311
98.9496243596077,94.01237565279007
94.63541412353516,93.8075858950615
81.59920197725296,85.43679803609848
83.45299261808395,86.67700737714767
81.17578220367432,86.82421779632568
82.95457243919373,88.63742756843567
83.955362200737,87.15563780069351
82.01215118169785,87.8398488163948
79.6419415473938,87.02505844831467
83.49473172426224,87.59726828336716
80.51452088356018,85.59647911787033
90.16331094503403,93.42868906259537
83.31209856271744,85.40990144014359
95.92564368247986,94.6303563117981
84.72242647409439,87.68457353115082
100.09421575069427,94.88778424263
86.44600534439087,86.84999465942383
81.61379516124725,85.7382048368454
87.92958468198776,87.1254153251648
80.7633683681488,86.29163163900375
81.9311586022377,87.69784140586853
82.54394912719727,86.08605086803436
83.0077400803566,85.51125991344452
82.06353080272675,85.91846919059753
84.99032139778137,90.12067860364914
80.62111115455627,85.60188883543015
86.41789925098419,89.06310075521469
83.32668280601501,86.45131719112396
93.14146572351456,95.24653428792953
88.05022722482681,92.57977277040482
82.73600089550018,89.87499910593033
89.60779029130936,96.68920969963074
88.55257844924927,87.55842155218124
92.33136868476868,92.89063131809235
98.77715170383453,93.12984830141068
101.49990475177765,101.29609525203705
100.88964802026749,113.22135198116302
93.6313949227333,92.81260508298874
99.0761581659317,95.70084184408188
103.61390954256058,105.57109045982361
85.76365923881531,87.99534076452255
80.65344589948654,86.01355409622192
84.80123519897461,86.86476480960846
83.41402387619019,87.58597612380981
93.00780862569809,94.30719137191772
89.34157240390778,92.3244276046753
86.10134315490723,91.6206568479538
96.23212879896164,97.43487119674683
90.39991766214371,92.23008233308792
83.19670915603638,89.56329083442688
87.80949884653091,87.11650115251541
81.27228707075119,86.412712931633
80.51407688856125,85.11592310667038
92.31086748838425,94.11513251066208
83.86765789985657,86.13134211301804
81.62844800949097,88.09455198049545
85.27723509073257,86.7047649025917
80.1480244398117,87.14797556400299
91.37081515789032,91.38818484544754
85.5206047296524,89.9793952703476
93.94638854265213,92.96061146259308
90.94815135002136,92.49684864282608
82.54092252254486,86.32907748222351
91.35771226882935,96.30928772687912
83.9125018119812,88.19749820232391
80.54329204559326,86.0117079615593
83.06308299303055,85.19691699743271
82.99087274074554,87.99112725257874
82.47266274690628,84.6013372540474
82.69545269012451,84.95254731178284
83.51124203205109,86.48875796794891
82.10403054952621,88.26596945524216
82.9388210773468,87.39517891407013
91.49461209774017,94.94938790798187
81.5884017944336,86.85559821128845
84.20018875598907,86.28081125020981
96.86872708797455,95.42727291584015
84.92549520730972,86.2045047879219
96.33328384160995,94.90771615505219
86.55706816911697,86.57293182611465
81.22385853528976,86.36814147233963
85.37264883518219,85.20135116577148
83.355437874794,88.42156213521957
83.8382278084755,85.71777218580246
82.91301774978638,85.49498224258423
83.70980763435364,85.97519236803055
82.98859602212906,86.82640397548676
83.4893856048584,86.19561439752579
86.34217429161072,91.60282570123672
87.50996333360672,90.0090366601944
84.49174910783768,87.93325090408325
97.64053285121918,94.8404671549797
98.56728774309158,96.33971226215363
84.75405871868134,87.20894128084183
97.31084668636322,95.93015331029892
86.32963597774506,86.7263640165329
82.5894256234169,86.37357437610626
82.96121633052826,84.37178367376328
82.48100703954697,88.42699295282364
85.31479668617249,85.18520331382751
83.92658758163452,88.2954124212265
83.51937812566757,87.16462188959122
83.94616770744324,87.0898323059082
84.48495560884476,87.83004438877106
81.1707454919815,85.97725450992584
84.63553470373154,87.79146528244019
85.00532281398773,88.80867719650269
85.0621120929718,84.80788791179657
91.47089606523514,92.49310392141342
83.89766365289688,87.95433634519577
94.86045277118683,93.52854722738266
87.38124340772629,86.0077565908432
97.04803305864334,99.67396694421768
85.90081661939621,92.46918338537216
84.93860375881195,91.32039624452591
83.99539297819138,86.04260700941086
85.03318399190903,86.3568160533905
84.31197410821915,85.96702587604523
82.66376250982285,86.81723749637604
84.94255328178406,90.94644671678543
99.72134256362915,94.88965743780136
88.00112879276276,89.07387119531631
84.68691372871399,87.4980862736702
84.3537033200264,85.01629668474197
99.9284862279892,94.31251376867294
87.4852505326271,91.77374947071075
90.8930339217186,89.14296609163284
84.579823076725,86.08717691898346
82.3586134314537,86.16038656234741
82.85840463638306,86.30759537220001
81.6751948595047,87.69580513238907
83.1389856338501,85.04601436853409
95.84377598762512,93.41622400283813
86.97356534004211,85.52643465995789
82.99335491657257,86.11764508485794
88.3641449213028,92.30185508728027
83.49393528699875,84.06106472015381
81.90372395515442,86.85627603530884
82.99551177024841,89.13348823785782
82.73830056190491,83.61369943618774
98.2940861582756,94.46491384506226
90.12884509563446,90.64915490150452
94.01861906051636,89.07438093423843
83.5754081606865,87.9255918264389
83.72419863939285,85.38680136203766
83.29898762702942,86.34901237487793
82.15177607536316,86.64522391557693
82.43056565523148,84.56943434476852
85.11635631322861,85.84664368629456
86.63614684343338,85.49385315179825
84.56293147802353,85.34506851434708
88.35972130298615,86.10327869653702
93.43451100587845,92.73248898983002
87.58329802751541,86.19470196962357
85.21408236026764,89.91491764783859
82.89987164735794,84.19312834739685
96.78965747356415,93.84034252166748
90.8834165930748,91.95058339834213
94.75518673658371,88.00481325387955
84.64397537708282,84.8740246295929
84.21976613998413,85.13323384523392
83.64555668830872,85.42844331264496
82.88734638690948,88.7976536154747
83.44413620233536,83.70386379957199
83.68592530488968,85.05507469177246
81.59371453523636,85.74028545618057
82.42850404977798,87.07249593734741
86.26228904724121,86.2567109465599
82.6700788140297,85.10792118310928
82.94886952638626,87.69913047552109
84.87565904855728,87.05034095048904
82.7284488081932,85.86355119943619
104.15523338317871,99.17876660823822
92.45199400186539,90.95500600337982
100.49076497554779,97.25123500823975
91.12055242061615,85.39744758605957
83.67734158039093,85.58265841007233
87.84413057565689,89.80286943912506
86.25291913747787,87.67308086156845
85.17970871925354,84.15429127216339
83.80949932336807,85.31950068473816
81.97728914022446,86.02171087265015
85.05307883024216,87.55792117118835
87.0908665060997,87.24213349819183
84.10965019464493,85.59434980154037
84.38843965530396,86.27756035327911
82.85322505235672,86.98077493906021
87.28001546859741,83.86898452043533
95.66879916191101,95.55220085382462
91.2255591750145,92.81144082546234
93.0773297548294,90.77367025613785
84.5231181383133,85.40288186073303
95.52390849590302,92.92009150981903
84.21069872379303,84.78930127620697
83.59948807954788,94.43651193380356
83.65627729892731,84.30672270059586
84.04706770181656,85.1199322938919
84.00985836982727,85.9521416425705
84.6036451458931,85.91435486078262
84.7714347243309,86.37656527757645
84.10522425174713,85.76477575302124
84.75500786304474,86.33799213171005
88.08879709243774,86.96720290184021
84.60858553647995,85.76241445541382
102.12736982107162,92.0946301817894
90.64712744951248,101.64987254142761
86.61089432239532,89.29710566997528
91.7406844496727,91.59231555461884
86.26047170162201,84.1475282907486
85.31625884771347,85.88774114847183
88.44704759120941,89.38695240020752
85.24483501911163,87.71916496753693
100.46762335300446,93.12537664175034
89.46841144561768,89.105588555336
88.41319954395294,84.41980046033859
91.35898745059967,88.58601254224777
84.28577446937561,84.8252255320549
96.71256220340729,90.82443779706955
86.95434236526489,92.89765763282776
84.0291314125061,84.93386858701706
106.881915807724,100.118084192276
101.79066514968872,96.21033483743668
94.80943095684052,91.57956904172897
90.82821947336197,90.44878053665161
82.3120094537735,83.83699053525925
86.663798391819,90.29920160770416
86.44258666038513,94.92741334438324
83.83237636089325,83.74262362718582
90.1101655960083,88.72283440828323
87.7599555850029,90.09204441308975
84.46374607086182,88.62825393676758
91.44653475284576,89.36846524477005
90.8733240365982,90.1266759634018
90.96711379289627,90.56988620758057
89.6899031996727,95.86609679460526
84.13569301366806,84.08630698919296
89.96948379278183,89.8635162115097
96.6372681260109,95.56673187017441
93.95303589105606,90.38096410036087
91.52782464027405,90.73217535018921
85.54761391878128,84.41538608074188
90.029401242733,88.2665987610817
87.06719046831131,90.30280953645706
85.34598058462143,83.89501941204071
88.93977123498917,90.98622876405716
88.51356226205826,88.59743773937225
83.7373503446579,84.89264965057373
91.97914063930511,92.72485935688019
86.57293152809143,83.9650684595108
91.22172093391418,89.81627905368805
91.03750842809677,90.99949157238007
85.03729766607285,84.81370234489441
94.24208813905716,90.5159118771553
98.68787080049515,98.1641291975975
102.5226337313652,97.9773662686348
95.4484116435051,91.99558836221695
87.26519882678986,84.30980116128922
92.78398984670639,93.34501016139984
91.67377948760986,94.71522051095963
86.34056800603867,83.8254320025444
90.71235650777817,88.71364349126816
87.60314589738846,89.47185409069061
84.45493531227112,86.23006469011307
91.3077255487442,88.74827444553375
83.77151417732239,83.7094858288765
95.05030173063278,91.81969827413559
91.4210895895958,91.68991041183472
85.88487780094147,84.30012220144272
94.25666743516922,88.98433256149292
102.38645285367966,96.52054715156555
102.8872138261795,93.63078618049622
89.72198379039764,92.24101620912552
94.96377277374268,91.35122722387314
92.14956104755402,89.29443895816803
90.07635062932968,91.2016493678093
85.61413931846619,83.42286068201065
90.92992889881134,89.05107110738754
88.52271801233292,96.90228199958801
81.80250769853592,89.2164922952652
93.82129776477814,89.32670223712921
85.80308765172958,84.10391235351562
92.13787722587585,89.67612278461456
102.10166370868683,90.71233630180359
83.13945257663727,84.60154742002487
90.14024305343628,88.24875694513321
100.06802701950073,95.70997297763824
102.5497876405716,92.7472123503685
92.60655623674393,89.50444376468658
85.92234146595001,86.31865853071213
92.9041314125061,89.33686858415604
89.79391974210739,90.15108025074005
87.2207099199295,84.40929007530212
96.44350045919418,91.77849954366684
90.5922903418541,89.85170966386795
84.9640783071518,85.27692168951035
91.4458686709404,89.83213132619858
84.55765902996063,85.70134097337723
92.11545008420944,89.47854989767075
93.00423818826675,91.2557618021965
87.67202532291412,83.38397467136383
90.57981526851654,88.23418474197388
98.8776006102562,98.88239938020706
101.78536307811737,92.21463692188263
96.74912863969803,90.1758713722229
87.23191666603088,84.69408333301544
90.65770560503006,88.58229440450668
96.93749588727951,91.54450410604477
86.43728566169739,83.76571434736252
89.5120757818222,87.74592423439026
87.67986595630646,90.078134059906
84.07065635919571,85.15234363079071
90.70044565200806,95.09555435180664
94.4052364230156,89.85376358032227
89.88802546262741,90.20497453212738
90.98081248998642,90.27818751335144
86.11160200834274,82.75839799642563
89.01939159631729,88.2766084074974
100.52117675542831,96.40582323074341
95.46593648195267,92.64506351947784
96.29970854520798,90.92229145765305
86.07949101924896,85.56850898265839
90.22728037834167,88.4387196302414
90.74806916713715,91.51193082332611
87.74785977602005,82.51114022731781
93.91564911603928,89.88035088777542
89.65643906593323,89.36156094074249
85.15822941064835,84.71177059412003
91.64101976156235,88.15598022937775
86.95580917596817,83.0061908364296
91.60559844970703,91.00640153884888
92.18038594722748,90.35661405324936
85.4401724934578,83.74482750892639
98.73696374893188,92.9480362534523
103.57174724340439,97.66925275325775
98.92350620031357,95.68749380111694
98.59227639436722,89.20472359657288
87.96306437253952,83.99993562698364
91.20484840869904,88.61115157604218
93.50163704156876,91.01636296510696
82.61342626810074,82.86757373809814
102.22521609067917,91.1447839140892
89.4120043516159,89.47699564695358
86.56079345941544,86.53220653533936
92.00558227300644,88.10441774129868
86.17337220907211,82.82662779092789
94.43415915966034,108.19584083557129
90.98994314670563,93.28805685043335
83.00973123311996,82.4532687664032
92.67652148008347,89.04547852277756
99.6403020620346,94.67469793558121
96.697061419487,91.17393857240677
98.10583072900772,88.50616925954819
94.14361846446991,91.44938153028488
97.49540776014328,90.55959224700928
91.51519095897675,90.59580904245377
87.57198148965836,83.35401850938797
91.29476940631866,90.53923058509827
84.64855778217316,85.6114422082901
85.92634469270706,89.31465530395508
92.09313040971756,89.98086959123611
87.22391974925995,85.05408024787903
92.02170979976654,89.29329019784927
103.11449718475342,91.2005028128624
85.63428729772568,83.90271270275116
92.56107640266418,89.23492360115051
96.95086067914963,90.21613931655884
100.84062087535858,92.62237912416458
101.65638560056686,92.45461440086365
86.84216862916946,83.99083137512207
91.26895606517792,90.73004394769669
93.39874476194382,89.74825525283813
85.91953247785568,82.98846751451492
94.6793218255043,92.56167817115784
86.08711290359497,83.5798870921135
87.86590272188187,86.20809727907181
93.79269307851791,87.76230692863464
86.57148426771164,83.11351573467255
92.8132734298706,92.37272655963898
90.68406051397324,90.25993949174881
112.70385056734085,93.8521494269371
85.5376403927803,84.9623596072197
85.31643152236938,84.18356847763062
98.81821602582932,95.75678396224976
97.22597861289978,88.59002137184143
88.33675003051758,84.60624998807907
85.04253953695297,84.84646046161652
86.20932906866074,85.530670940876
84.41411912441254,85.28988087177277
95.21190464496613,87.78909534215927
86.11969244480133,84.2143075466156
84.9164834022522,84.69451659917831
91.86227256059647,87.54472744464874
87.14106148481369,84.21093851327896
87.7528520822525,85.26614791154861
83.29063868522644,84.39436131715775
83.51342916488647,81.63457083702087
98.69921940565109,85.94878059625626
84.58900982141495,82.87299019098282
101.12779468297958,97.3542053103447
95.73955452442169,90.01944547891617
85.5173265337944,85.81567347049713
86.59211504459381,82.48088496923447
84.1679037809372,84.9240962266922
82.55769318342209,85.70130681991577
93.74348157644272,87.53451842069626
85.57826435565948,84.77373564243317
85.13405328989029,83.88394671678543
92.39484179019928,88.27315819263458
85.72863084077835,82.14236915111542
88.02541905641556,83.93658095598221
84.21120446920395,85.5287955403328
85.76899373531342,83.1580062508583
89.13978213071823,85.3972178697586
94.28857004642487,83.74842995405197
100.51135241985321,96.71064758300781
102.1051087975502,93.41389119625092
87.42087960243225,85.1351203918457
83.92166888713837,84.35633111000061
85.25545817613602,85.30054181814194
86.20024698972702,83.16975301504135
93.12803572416306,90.26096427440643
89.68382561206818,83.94617438316345
84.33361047506332,87.592389523983
94.42640107870102,89.3885989189148
86.77919089794159,83.36880910396576
87.15098094940186,85.72001904249191
88.81876850128174,84.9222314953804
94.9485570192337,86.66244298219681
89.44934594631195,86.80965405702591
87.39413565397263,83.826864361763
101.987917304039,91.73408269882202
101.63767224550247,88.91832774877548
87.49043953418732,83.49156045913696
85.10222452878952,81.73077547550201
86.6210133433342,86.24898666143417
86.15880167484283,83.10019832849503
91.77159017324448,85.39540982246399
87.73537749052048,80.8386225104332
87.18016618490219,82.67083382606506
92.31095415353775,93.17004585266113
92.42274230718613,83.5032576918602
89.92352938652039,83.92847061157227
87.99831491708755,90.72368508577347
100.98110234737396,89.24089765548706
85.38889110088348,81.68510890007019
88.90867984294891,83.57232016324997
102.85346347093582,100.3675365447998
102.3552178144455,97.51578217744827
89.79997861385345,83.2560213804245
90.4307650923729,81.29223489761353
89.28255325555801,85.5314467549324
89.04334050416946,82.0116595029831
97.8771293759346,89.02987062931061
86.4709158539772,81.99208414554596
87.61970454454422,85.21329545974731
96.34349423646927,89.86050575971603
88.67728304862976,82.72971695661545
88.54907131195068,82.46992868185043
86.5118573307991,82.58114266395569
91.40164524316788,81.26435476541519
97.42143338918686,83.37456661462784
88.01522147655487,84.79977852106094
100.36700558662415,101.46599441766739
100.96076279878616,94.39023721218109
86.79452800750732,89.81647199392319
88.5183145403862,83.57468545436859
89.09310340881348,85.86989659070969
87.42689192295074,81.36810809373856
87.79868108034134,84.8503189086914
83.1324691772461,80.71953082084656
90.18825775384903,82.81074225902557
94.44904029369354,87.34695971012115
89.56082892417908,81.79017108678818
88.63661730289459,85.23438268899918
85.35940396785736,86.1035960316658
92.3051922917366,87.71380770206451
90.39798122644424,81.73101878166199
87.25076913833618,80.71223086118698
105.38055247068405,100.19344753026962
101.36330950260162,94.50669050216675
86.51286160945892,86.44913840293884
86.2736514210701,87.54134857654572
95.38544046878815,87.5585595369339
92.88622736930847,89.09477263689041
83.96101570129395,83.44598430395126
85.96180528402328,86.53819471597672
90.12959378957748,91.16640621423721
82.77938348054886,82.81361651420593
86.3721734881401,83.6278265118599
84.24296224117279,84.57203775644302
84.76275271177292,82.4592472910881
86.81954222917557,83.71745777130127
85.46833163499832,82.99566835165024
89.91412073373795,86.69787925481796
101.59990704059601,90.53009295463562
93.89667320251465,91.43732678890228
85.61944437026978,84.50955563783646
84.84323161840439,87.97176837921143
85.4540183544159,82.91598165035248
93.54880827665329,90.48819172382355
87.32659822702408,86.46940177679062
86.32738780975342,84.07961219549179
95.82917803525925,90.26382195949554
85.5509677529335,83.9490322470665
87.2377519607544,85.63224804401398
90.03453952074051,89.9644604921341
84.81332731246948,85.51967269182205
85.14811605215073,85.09288394451141
87.44490522146225,86.51809477806091
87.85269522666931,85.27630478143692
103.15048134326935,90.68251866102219
91.52224242687225,92.27475756406784
87.300008893013,84.10699111223221
86.11679542064667,88.14320456981659
86.06058305501938,86.29041695594788
93.89537310600281,89.45662689208984
86.93316096067429,87.21483904123306
85.54595065116882,85.63904935121536
93.54574060440063,89.60225939750671
85.5285302400589,84.45346975326538
90.84432017803192,86.6746798157692
83.23410069942474,84.7108992934227
90.36389094591141,84.35710906982422
89.88368105888367,84.09831893444061
86.06947124004364,83.80052876472473
90.88526058197021,85.18873941898346
102.42304331064224,94.92795670032501
91.94280254840851,92.83519744873047
91.887570977211,93.72342902421951
85.94435745477676,89.88964253664017
83.83414632081985,82.7208536863327
93.37193351984024,89.05406647920609
85.96572244167328,84.36727756261826
83.1515121459961,87.68148785829544
92.24530154466629,89.99569845199585
86.67209154367447,84.36490845680237
86.96888053417206,83.5861194729805
87.58066910505295,87.12333089113235
89.71145284175873,87.89954715967178
85.49024307727814,83.65875691175461
86.8240334391594,85.10196655988693
86.75082194805145,86.52617806196213
101.80760657787323,92.47039341926575
94.67836433649063,94.76663565635681
86.99513244628906,88.06086754798889
84.60691940784454,87.61608058214188
85.07070791721344,82.39329206943512
92.31149768829346,89.22550231218338
86.44228768348694,86.0947123169899
84.68407762050629,86.72292238473892
95.79586684703827,90.59313315153122
85.8526554107666,86.12934458255768
87.53844541311264,86.81355458498001
83.89123380184174,86.60876619815826
88.04002332687378,83.0339766740799
86.22580754756927,84.51419246196747
85.56059700250626,84.27340298891068
85.00538772344589,86.64261227846146
98.6541730761528,93.10482692718506
91.52593147754669,91.2710685133934
89.82421088218689,83.5637891292572
91.8069971203804,89.78600287437439
85.91878736019135,85.26621264219284
86.01257705688477,87.54342293739319
94.92036491632462,90.17163509130478
85.57015466690063,83.35584533214569
87.42294430732727,87.3550556898117
82.88672822713852,86.18727177381516
98.01651865243912,89.87248134613037
83.99830901622772,85.40869098901749
94.27809751033783,92.31490248441696
83.88888603448868,86.35111397504807
100.57567083835602,93.01732915639877
90.46543204784393,89.10856795310974
86.7632047533989,86.34779524803162
82.00499206781387,86.18100792169571
85.13478225469589,84.42121773958206
92.00556826591492,88.66143172979355
85.65435814857483,86.2706418633461
84.98914742469788,86.69585257768631
92.396937251091,90.02906274795532
91.82472652196884,89.87927347421646
87.86151599884033,85.28548401594162
88.86330288648605,85.11869710683823
93.08609366416931,87.63690632581711
89.38287860155106,85.56112140417099
92.08766847848892,91.80133152008057
86.51445835828781,85.78154164552689
101.53424233198166,93.65175765752792
93.35000306367874,90.64999693632126
86.77577137947083,87.13122862577438
86.31355565786362,87.2974443435669
84.96334367990494,83.79565632343292
92.66713219881058,91.609867811203
85.85392242670059,84.07207757234573
85.89171242713928,86.31228756904602
89.67050129175186,91.38549870252609
86.13428980112076,84.51471018791199
84.83907812833786,86.27292186021805
84.56186598539352,86.69713401794434
90.98865610361099,92.04834389686584
89.43343740701675,88.52856260538101
95.76822644472122,92.78777354955673
84.60201519727707,88.28698480129242
101.36179864406586,91.97120136022568
84.6045583486557,86.47044163942337
90.8453398346901,94.57966017723083
85.40210837125778,86.96789163351059
86.75389665365219,83.81910336017609
96.14468431472778,92.7443156838417
86.34947204589844,90.28052794933319
85.01726007461548,86.74273991584778
97.22105002403259,92.14894998073578
83.16584014892578,84.57515984773636
84.37162828445435,84.94337171316147
84.37141680717468,88.96158319711685
85.11320507526398,84.40479493141174
85.5399934053421,84.77500659227371
98.48478013277054,90.21821987628937
86.69056642055511,87.14343357086182
91.48735338449478,86.04964661598206
97.93213146924973,86.65986853837967
96.24788397550583,86.84411603212357
86.50863999128342,86.86236000061035
85.91742473840714,82.73157525062561
92.63921111822128,86.76778888702393
85.63999730348587,82.99000269174576
84.5297839641571,87.56221604347229
94.2715716958046,91.54242831468582
88.90235835313797,86.63464164733887
89.64314323663712,85.6708567738533
84.95992523431778,84.91107475757599
84.73871165513992,82.92828834056854
85.92349869012833,84.07650130987167
97.85128527879715,90.5007147192955
87.5920717716217,85.03692823648453
88.35185885429382,83.46214109659195
110.70563697814941,89.29436302185059
96.52037310600281,88.03462690114975
86.15113288164139,87.3298671245575
86.09691780805588,81.95808219909668
92.13470393419266,88.8282960653305
91.3204894065857,85.36451059579849
85.78427439928055,85.73372560739517
88.61906176805496,87.30693823099136
89.3048488497734,87.36215114593506
85.45363426208496,83.1013657450676
83.43642204999924,87.11957794427872
90.10420888662338,84.47079110145569
91.1969975233078,83.15500247478485
98.21578574180603,93.44921427965164
86.73557287454605,84.98642712831497
92.38535976409912,86.9296402335167
104.92313772439957,92.79886227846146
96.8868755698204,87.74312442541122
88.40563279390335,86.9463672041893
83.44441866874695,82.68558132648468
92.13020485639572,89.64779514074326
84.33399260044098,83.90600740909576
83.4837794303894,87.20222055912018
89.05856728553772,88.31143271923065
84.9293537735939,84.84764623641968
87.80013990402222,83.82886010408401
90.22792440652847,88.06807559728622
88.67371261119843,88.69728738069534
88.5445002913475,85.06649971008301
96.30428862571716,92.13971138000488
85.93407595157623,85.69492405653
88.6578637957573,82.32313621044159
107.73264008760452,91.89635992050171
99.19637632369995,91.32162368297577
86.99413102865219,87.3028689622879
85.60591500997543,83.2280849814415
90.40270274877548,87.74529725313187
84.3294905424118,83.18850946426392
84.60827881097794,86.24372118711472
89.94306564331055,93.27893435955048
86.81385177373886,86.90914821624756
84.79563611745834,84.75936388969421
90.1294230222702,90.51757699251175
84.74221014976501,82.72078984975815
84.40999841690063,84.31200158596039
99.26278299093246,95.904217004776
89.2455683350563,87.31043165922165
88.96835500001907,83.23564499616623
103.52513247728348,90.62386751174927
97.59887343645096,88.548126578331
84.97063130140305,88.21436870098114
85.19341778755188,84.50958222150803
91.97220516204834,89.78779482841492
86.2329934835434,83.7670065164566
83.97378093004227,85.8962190747261
91.28956896066666,88.37743103504181
85.69835692644119,87.5986430644989
85.01314383745193,84.28285616636276
86.18093079328537,86.54106920957565
86.62671548128128,84.07728451490402
84.96049988269806,83.74350011348724
94.62828558683395,99.37171441316605
86.92507082223892,89.74092918634415
92.7588557600975,87.66714423894882
102.53862935304642,90.14637064933777
96.24236369132996,89.73863631486893
86.94711989164352,87.40488010644913
84.65190184116364,83.70009815692902
92.48568683862686,87.4773131608963
84.15347284078598,84.124527156353
85.63525313138962,86.40174686908722
88.84003829956055,87.97496169805527
87.61882454156876,87.91817545890808
87.43460655212402,85.9913934469223
84.62039029598236,85.00960969924927
86.73217689990997,82.73082309961319
93.10396194458008,83.32203805446625
95.40174782276154,94.1362521648407
88.56853550672531,88.9504644870758
86.64332437515259,85.61567562818527
99.27310252189636,96.50389748811722
84.66385912895203,92.63214087486267
89.92364203929901,91.70635795593262
83.49841642379761,86.6125835776329
91.74020618200302,93.55679380893707
84.44499605894089,122.4440039396286
83.6497854590416,90.55421453714371
86.37257587909698,92.88642412424088
83.50236487388611,85.95963513851166
84.76315367221832,86.73684632778168
82.06094318628311,87.5510568022728
79.7837336063385,86.90226638317108
85.3775230050087,86.69647699594498
97.10031241178513,96.47468757629395
83.89710211753845,88.06589788198471
85.73089104890823,84.43610894680023
99.41767466068268,94.52632534503937
84.2514311671257,89.47056883573532
88.93721455335617,96.58078545331955
82.78998601436615,86.4500139951706
89.82777565717697,91.19022434949875
82.73656398057938,85.46743601560593
81.20035374164581,88.63364624977112
90.53414285182953,91.96585714817047
84.42493051290512,86.03906947374344
87.83271831274033,86.11228168010712
87.05550843477249,91.40749156475067
82.66729527711868,86.27770471572876
81.6310830116272,85.4619169831276
94.50287187099457,93.51612812280655
82.29966080188751,88.36633920669556
86.26345133781433,86.88454866409302
80.00524091720581,87.82775908708572
92.04302841424942,91.36397159099579
89.74779844284058,97.88220155239105
84.58256924152374,87.30743074417114
90.63735693693161,92.78764307498932
83.00914704799652,86.5088529586792
83.49193757772446,89.19306242465973
88.1227275133133,92.93327248096466
82.5495103597641,87.19148963689804
85.25329977273941,87.26470023393631
82.03208941221237,87.09691059589386
85.27387946844101,85.46712052822113
83.14566797018051,88.55933201313019
90.5344580411911,92.61354196071625
83.29524821043015,89.16875177621841
87.38903653621674,85.61096346378326
82.92582595348358,86.31517404317856
92.9646110534668,92.3323889374733
89.68737459182739,93.42362540960312
83.33614754676819,91.99785244464874
91.83693635463715,93.38506364822388
82.48572599887848,85.84727400541306
81.59751564264297,88.86548435688019
95.35830587148666,91.84569412469864
82.95109528303146,91.38190472126007
83.26788431406021,87.43611568212509
81.39866799116135,88.19533199071884
93.93645721673965,90.28554278612137
89.88024646043777,85.4887535572052
93.71503514051437,94.89596486091614
83.67982429265976,87.82117569446564
87.28141927719116,84.8855807185173
85.7222546339035,84.59274536371231
97.01608484983444,92.74291515350342
93.16189807653427,92.4121019244194
85.30771851539612,89.58128148317337
91.82255417108536,92.19544583559036
84.74639052152634,85.82760947942734
83.07822531461716,86.42177468538284
88.13006150722504,88.79493850469589
86.25689774751663,86.1681022644043
92.93973118066788,86.11526882648468
84.23356610536575,87.54443389177322
91.10139632225037,92.88060367107391
87.02423173189163,84.01176828145981
97.0040675997734,93.34893238544464
85.46390289068222,87.88709712028503
87.99773854017258,84.29826146364212
89.16257393360138,84.37442606687546
95.60440611839294,95.8395938873291
90.36122065782547,92.0097793340683
85.50604277849197,85.99395722150803
91.20787763595581,90.27412235736847
84.42671316862106,84.35028684139252
85.05354899168015,86.5944510102272
89.95938420295715,89.31861579418182
85.69722020626068,87.85877978801727
85.17605549097061,84.91694450378418
83.76589059829712,86.23410940170288
85.15172636508942,84.05127364397049
87.24156177043915,85.4984382390976
98.62839841842651,95.77960157394409
87.20023399591446,87.67076599597931
88.23406940698624,84.44993060827255
83.84290462732315,84.58309537172318
93.85873520374298,90.36326479911804
93.31955051422119,93.1814494729042
86.66736829280853,85.4056316614151
103.57320058345795,91.96379941701889
85.77403575181961,84.96696424484253
85.8638710975647,86.17312890291214
91.08370584249496,90.65729415416718
85.98854094743729,97.38145905733109
84.85637646913528,85.19862353801727
85.2432119846344,87.44278800487518
85.48004668951035,85.27895331382751
83.44088184833527,86.17011815309525
95.34571820497513,94.80228179693222
84.75055420398712,85.60144579410553
89.04539084434509,83.28860914707184
84.35722607374191,87.34677392244339
94.18705940246582,92.1269406080246
86.07287931442261,89.53712069988251
89.82970947027206,89.31729054450989
91.58653753995895,90.63546246290207
84.69537276029587,85.95262724161148
84.5262091755867,86.39979082345963
89.19004511833191,91.14295488595963
86.18788009881973,87.57211989164352
91.77771383523941,84.99928617477417
83.62654793262482,85.07645207643509
90.21638411283493,84.37561589479446
90.62221968173981,85.3977802991867
95.89705502986908,94.02894496917725
84.67189037799835,86.476109623909
93.539725959301,83.77427405118942
85.88855767250061,84.18544232845306
96.81238949298859,90.8726105093956
86.05020672082901,84.6527932882309
89.86303776502609,89.6379622220993
95.78586173057556,91.01013827323914
87.11669546365738,86.01330453157425
83.98453110456467,87.49746888875961
96.13036680221558,87.72163319587708
85.57120054960251,85.00279945135117
85.95803499221802,83.83796501159668
106.45487016439438,102.65612983703613
90.7487051486969,89.19529485702515
86.93154048919678,84.42045950889587
97.16937601566315,94.21962398290634
84.57421231269836,87.11078768968582
88.86904764175415,83.44695234298706
95.93888121843338,89.07911878824234
97.95569431781769,93.69330567121506
88.37851446866989,86.89848554134369
90.78434270620346,90.45665729045868
90.22616416215897,95.45983582735062
85.25999814271927,85.77700185775757
83.57183307409286,85.46516692638397
89.43966817855835,89.13433182239532
87.6225037574768,86.4884962439537
85.15733850002289,86.13866150379181
84.13517433404922,90.56782567501068
84.83701086044312,85.44098913669586
83.57484638690948,83.49915361404419
90.665682554245,94.74231743812561
84.95851802825928,85.30048197507858
87.91935324668884,85.74764674901962
82.39818859100342,83.63881140947342
84.98802316188812,84.12297683954239
93.41085124015808,95.12614876031876
94.61266428232193,97.59133571386337
93.22048246860504,90.20551753044128
85.14431738853455,84.83768260478973
83.80815255641937,88.32184743881226
87.86098873615265,88.73201125860214
85.5438244342804,85.58617556095123
85.17065846920013,84.38434153795242
85.76049339771271,85.6475065946579
85.20232945680618,84.6866705417633
83.73616546392441,86.35583454370499
94.60500121116638,95.3769987821579
85.6758365035057,85.3231635093689
90.65467286109924,84.80732715129852
83.91150897741318,85.12549102306366
84.27934575080872,83.5356542468071
101.29517793655396,94.81582206487656
98.79298436641693,90.42901563644409
90.17880463600159,88.93219536542892
84.95363903045654,86.04536098241806
83.97047466039658,86.19652533531189
86.1533111333847,83.99568885564804
86.72414588928223,86.73885411024094
84.66597932577133,86.35302066802979
90.66281390190125,89.50318610668182
89.92064869403839,86.15335130691528
88.3984848856926,84.36051511764526
97.43332153558731,94.36267846822739
85.46815729141235,86.43984270095825
90.05799120664597,85.36800879240036
84.36982446908951,86.18617552518845
84.51565957069397,87.89234042167664
96.86449158191681,93.65350842475891
91.82530289888382,89.6006971001625
91.5821224451065,89.08487755060196
85.6899584531784,84.8090415596962
84.76179438829422,89.44220560789108
88.57362973690033,85.90737026929855
86.71846336126328,85.81753665208817
84.1052976846695,86.02470231056213
92.01013296842575,89.58286702632904
89.37896698713303,89.69603300094604
83.9868016242981,84.62419837713242
95.03963625431061,93.79436373710632
82.61147212982178,92.68552786111832
89.88630825281143,83.72469174861908
84.03114312887192,84.6908568739891
86.04797840118408,84.39602160453796
96.17480969429016,98.97319030761719
91.39461874961853,89.7353812456131
90.9844388961792,95.49656111001968
91.27826976776123,96.40773022174835
84.5900929570198,89.55890703201294
93.62392830848694,92.96807169914246
86.32576251029968,88.61823749542236
84.19359624385834,83.80640375614166
84.20943194627762,88.47556805610657
85.96626627445221,85.57073372602463
82.61210018396378,84.53689980506897
96.99793612957001,93.53906387090683
85.19877249002457,85.65222752094269
88.51160764694214,83.85939234495163
85.00844419002533,90.1205558180809
86.65427911281586,82.64272087812424
102.18810874223709,99.45889127254486
86.49991858005524,92.64708143472672
93.36874520778656,96.22425478696823
86.19957131147385,83.28242868185043
86.41840481758118,86.08059519529343
94.87923777103424,87.00976222753525
88.11707174777985,84.2349282503128
86.59590566158295,83.86609435081482
85.16774010658264,83.09125989675522
88.23957473039627,82.72442525625229
83.73640882968903,82.6895911693573
96.14124423265457,94.39575576782227
90.43507874011993,88.6019212603569
92.28391313552856,82.56808686256409
91.50374525785446,84.58925473690033
85.94558066129684,82.10941934585571
99.14641219377518,99.96458780765533
86.64422619342804,83.52277380228043
104.5120552778244,97.37694472074509
90.08287250995636,83.60212749242783
84.135706782341,85.62329322099686
86.22654175758362,83.07045823335648
86.6863763332367,85.2026236653328
91.62920874357224,83.29779124259949
84.75504213571548,86.44795787334442
91.40087747573853,82.50612252950668
90.06471288204193,83.00928711891174
99.5245475769043,95.80845242738724
87.11538243293762,83.8106175661087
88.53921657800674,86.49878340959549
85.90605217218399,84.40794783830643
84.75588691234589,85.04011309146881
98.45671755075455,99.43228244781494
85.36153250932693,83.8794674873352
98.09936183691025,99.02963817119598
86.30118310451508,83.73681688308716
85.79801607131958,84.51698392629623
87.94385087490082,82.59314912557602
86.73768204450607,85.8363179564476
86.01251471042633,83.43148529529572
84.95434898138046,85.47165101766586
91.89618414640427,86.10381585359573
82.70901888608932,81.18098109960556
99.24285435676575,94.09014564752579
88.1286895275116,86.44531047344208
88.36752486228943,81.54047513008118
85.88336008787155,83.95063990354538
84.49219584465027,83.00780415534973
90.63702881336212,99.80797117948532
87.33784580230713,88.68015420436859
94.57667398452759,100.97932600975037
93.0744959115982,86.00050407648087
85.25632971525192,83.61367028951645
91.66116416454315,92.6898358464241
86.88099837303162,85.78600162267685
89.43383181095123,84.93616819381714
83.06066691875458,88.43933308124542
89.46550244092941,83.46049755811691
87.25933635234833,85.09266364574432
103.97916996479034,96.22483003139496
92.51300513744354,88.74599486589432
89.95484006404877,82.3041599392891
82.76667410135269,84.04732590913773
88.85750871896744,85.58749127388
84.1503438949585,86.38665610551834
95.79617512226105,97.16682487726212
98.90498894453049,101.05801105499268
87.4208083152771,85.89419168233871
86.82464158535004,86.13735836744308
106.48947560787201,89.45552438497543
84.56130987405777,84.19769012928009
86.00314319133759,82.57085680961609
83.72297829389572,85.27802169322968
87.42281371355057,83.4471862912178
83.62464678287506,83.3383532166481
100.08448052406311,94.58151948451996
87.49031484127045,86.43568515777588
85.93114900588989,81.90185099840164
84.24398279190063,85.36701720952988
84.14881700277328,85.72118300199509
83.03465294837952,86.85334706306458
97.97648406028748,101.96751594543457
96.307293176651,94.26670682430267
84.1191137433052,85.82488626241684
85.5059494972229,87.86405050754547
86.78178489208221,83.96021509170532
98.55562049150467,87.75837951898575
86.10845476388931,86.02054524421692
83.95929092168808,87.0227090716362
85.19612675905228,85.19187325239182
90.61996334791183,84.93503665924072
99.85880011320114,94.51219987869263
85.05963438749313,87.31036561727524
85.01946914196014,83.81353086233139
83.79430598020554,85.42769402265549
84.58814114332199,84.33785885572433
83.34497725963593,85.2840227484703
95.61980813741684,95.6201918721199
98.06261849403381,103.32638150453568
88.28143483400345,86.73656517267227
83.74226552248001,86.48073446750641
85.48010087013245,85.31589913368225
86.06993651390076,86.2810634970665
94.95577144622803,87.04422855377197
82.84260672330856,85.43539327383041
90.5994433760643,89.73355662822723
84.55927950143814,84.8847205042839
98.46411579847336,96.66488420963287
86.8319508433342,91.92704916000366
86.14478671550751,87.41121327877045
84.45662140846252,84.93237859010696
83.62145787477493,85.13854211568832
83.28429365158081,85.15970635414124
91.78212374448776,92.19887626171112
87.76194077730179,91.66505920886993
91.86877286434174,92.13022714853287
84.53359407186508,89.87440592050552
89.34542948007584,91.06157052516937
84.06526464223862,88.58273535966873
85.8960970044136,87.06690299510956
95.54193168878555,86.82906830310822
85.40976637601852,86.16423362493515
82.38860249519348,83.7963975071907
96.71843791007996,94.26256209611893
84.40127402544022,85.50572597980499
85.97310864925385,84.34189134836197
94.76594442129135,86.62205559015274
84.54277974367142,86.14322024583817
83.0766150355339,86.51638495922089
94.44444662332535,92.96255338191986
88.60826367139816,89.40973633527756
94.45709401369095,97.41290599107742
86.06591409444809,88.30408591032028
90.59974837303162,93.34425163269043
92.91258370876312,86.77341628074646
84.70541936159134,85.0345806479454
83.8512551188469,85.72274488210678
98.5340890288353,85.72491097450256
81.95792376995087,85.96807622909546
99.95476007461548,93.73023992776871
86.71159565448761,87.8994043469429
84.61643177270889,84.62456822395325
84.16926801204681,87.77573198080063
84.59310442209244,85.05489557981491
83.10894024372101,88.22405976057053
95.4767718911171,91.17122811079025
91.60358822345734,90.52641177177429
93.60041880607605,97.91858118772507
82.72823929786682,91.30976068973541
84.6880738735199,85.62692612409592
85.22291004657745,86.5370899438858
84.75674426555634,84.44625574350357
82.95757925510406,85.57842075824738
85.93741428852081,85.26658570766449
96.47125041484833,84.97274959087372
99.7650818824768,95.41991811990738
87.20691782236099,87.27508217096329
85.29675221443176,84.11024779081345
84.27558815479279,86.05741184949875
88.64342373609543,85.35657626390457
83.17826014757156,87.24773985147476
97.25008851289749,92.78691148757935
92.02490389347076,92.21609610319138
92.2627345919609,90.58926540613174
86.01855409145355,88.35044592618942
86.40638846158981,88.50161153078079
85.7172219157219,86.20777809619904
85.1040558218956,86.50694417953491
82.7308897972107,85.67611020803452
89.8957257270813,89.82727426290512
84.11456191539764,85.55143809318542
101.98239797353745,93.61060202121735
85.73922842741013,86.51977157592773
87.05106377601624,85.54193621873856
89.12289947271347,87.7481005191803
84.95273506641388,85.71226495504379
87.50657087564468,86.7714291214943
96.33640044927597,92.36659955978394
94.5942143201828,92.96178567409515
92.66503816843033,90.9639618396759
87.79185909032822,90.3181409239769
96.28969192504883,88.3403080701828
85.02752733230591,86.02847266197205
84.35836297273636,87.67863702774048
83.30119878053665,90.86580121517181
83.87203431129456,84.75796568393707
86.10987067222595,84.0381293296814
102.53370589017868,95.98529410362244
87.993537068367,85.52546292543411
90.21337240934372,85.37862759828568
82.76620823144913,85.10379177331924
85.19004464149475,84.42195534706116
85.33487969636917,87.75712031126022
82.86971473693848,86.14928525686264
102.16254657506943,99.1704534292221
92.82735979557037,91.41364020109177
83.58417958021164,89.04582041501999
89.637013733387,88.54898625612259
89.00384855270386,86.36615145206451
84.4656828045845,87.99831718206406
89.75851839780807,86.8154816031456
87.66435432434082,88.04064565896988
82.79018867015839,83.32081133127213
97.38102322816849,97.37897676229477
85.32185882329941,86.56714117527008
88.5976951122284,84.43930488824844
85.61252695322037,86.77547305822372
81.8693618774414,85.8336381316185
83.052197098732,87.85480290651321
83.53103238344193,84.30196762084961
103.9538648724556,98.74913513660431
94.48867535591125,90.58432465791702
85.02349132299423,87.75450867414474
87.4653251171112,88.31167489290237
86.53615921735764,88.42684078216553
82.60799151659012,84.55800849199295
90.93882751464844,86.63517248630524
88.25066214799881,85.9533378481865
104.30449795722961,84.82550203800201
99.76433312892914,95.55066686868668
85.65116876363754,87.45983123779297
86.16700422763824,84.90699577331543
83.16383844614029,85.89116156101227
83.18067461252213,84.7463253736496
83.52951139211655,85.6184886097908
84.39634680747986,84.67665320634842
106.69017672538757,97.19782328605652
85.1139897108078,86.8860102891922
90.3898218870163,91.24017810821533
87.94264739751816,84.0213525891304
83.99548202753067,86.15351796150208
84.71431773900986,86.61868226528168
83.434152841568,85.88084715604782
89.87598860263824,89.71701139211655
85.52182424068451,83.92217576503754
97.2226591706276,93.72134083509445
84.12749433517456,88.35350567102432
82.56932789087296,84.41267210245132
90.01116341352463,85.76583659648895
84.97099709510803,87.19500291347504
83.59883034229279,86.5871696472168
86.11466586589813,85.55233412981033
101.63049697875977,98.0365030169487
86.05331164598465,86.3906883597374
92.19913899898529,94.63386100530624
94.88096034526825,93.32203966379166
85.23079317808151,87.4722068309784
83.58062767982483,84.14237231016159
86.24446219205856,88.14453780651093
84.51929658651352,83.66570341587067
84.88713157176971,86.50186842679977
102.18096613883972,96.24403387308121
86.56680047512054,86.80319952964783
85.80563545227051,85.19436454772949
85.6364706158638,85.54952937364578
82.04130578041077,83.81069421768188
83.68613678216934,87.14786320924759
84.64697122573853,85.26002877950668
102.66179990768433,97.91120010614395
85.02961301803589,89.1553869843483
93.25044238567352,90.56455761194229
90.37726199626923,90.56673800945282
95.65309745073318,87.1449025273323
83.01993304491043,86.72106695175171
83.5547685623169,86.81623142957687
84.62560445070267,84.28139555454254
84.43744027614594,89.17355972528458
97.19427680969238,95.41572320461273
86.32211309671402,87.51188689470291
86.44894939661026,85.34705060720444
83.9087844491005,87.77621555328369
82.7396200299263,83.70437997579575
84.3854558467865,88.63354414701462
84.38228744268417,85.63571256399155
96.28712004423141,92.69387996196747
83.89693641662598,86.71506357192993
89.80076670646667,91.88523328304291
85.8535904288292,85.96140956878662
88.40642374753952,89.5195762515068
93.14425784349442,84.72474217414856
84.45709419250488,89.19090580940247
85.32392913103104,86.74907088279724
88.52576559782028,85.27023440599442
101.02360087633133,96.58739912509918
85.66843539476395,90.81256461143494
85.629270195961,84.03772979974747
84.92310619354248,86.3548938035965
83.23494201898575,84.19105798006058
83.50977796316147,85.32322204113007
86.377614736557,84.64038527011871
110.0784460902214,103.95755392313004
85.26225233078003,86.68274766206741
90.01808393001556,93.9449160695076
87.0159056186676,88.4850943684578
86.80874133110046,85.91325867176056
95.11840891838074,87.14059108495712
90.56124484539032,88.4577551484108
83.42807996273041,85.16392004489899
100.79591524600983,94.90708476305008
86.75674962997437,86.44725036621094
84.5685847401619,87.78341525793076
83.8814212679863,85.50757873058319
83.37825667858124,83.9547433257103
83.20909136533737,87.04990863800049
85.09592694044113,88.59007304906845
107.27775776386261,99.68524223566055
87.14556509256363,87.484434902668
89.60639208555222,93.06060791015625
90.91821253299713,89.98878747224808
84.61904591321945,87.10295408964157
78.04288023710251,83.23511976003647
78.28071588277817,85.14428412914276
95.48255217075348,86.72144782543182
84.70138812065125,84.33561187982559
100.53222334384918,95.09677666425705
85.30705910921097,88.30394089221954
84.76789474487305,85.43610525131226
83.70973038673401,86.6982696056366
81.5965650677681,85.71943491697311
83.66740101575851,85.77659898996353
84.62823498249054,86.3167650103569
88.36506915092468,88.39393085241318
97.77089923620224,101.71110075712204
93.45370703935623,93.93529295921326
87.932526409626,91.12347358465195
85.7993615269661,88.01463848352432
83.16719657182693,84.55480343103409
80.776032269001,87.14996773004532
83.81086707115173,85.59713292121887
86.06670302152634,83.59929698705673
99.15653824806213,94.12046176195145
86.5803735256195,88.58662647008896
84.22620886564255,83.66279113292694
90.16804498434067,85.60995501279831
81.92488038539886,87.63111960887909
81.19971603155136,85.50428396463394
83.84555178880692,86.59844821691513
92.8423861861229,91.30561381578445
98.85921829938889,93.58578169345856
92.35602921247482,99.88497078418732
87.6498532295227,88.59114676713943
83.77668309211731,90.89031690359116
80.95951837301254,84.6884816288948
86.08535444736481,87.54364556074142
91.97218954563141,86.19481045007706
89.39602589607239,86.82697409391403
100.80086153745651,93.1071384549141
83.66769725084305,89.38730275630951
90.46253365278244,88.38946634531021
83.05236899852753,85.05963099002838
82.9012046456337,84.95079535245895
83.60203897953033,89.69396102428436
83.54387480020523,84.73312520980835
104.15271043777466,93.07028955221176
97.64953935146332,96.51646065711975
87.42535346746445,92.37064653635025
91.88518184423447,90.42881816625595
84.90100085735321,87.45099914073944
83.99083477258682,85.24916523694992
83.48867028951645,87.77032971382141
89.3385061621666,89.55149382352829
82.94634246826172,84.6636575460434
94.90717905759811,88.88982093334198
86.97901475429535,86.98498523235321
88.90184968709946,87.98715031147003
82.52868551015854,88.32331448793411
82.3035209774971,86.62147903442383
83.9123557806015,89.84664422273636
84.5201917886734,84.58980822563171
85.5920273065567,86.98097270727158
99.55285978317261,94.46514022350311
86.60567432641983,89.07932567596436
94.52950412034988,97.02649587392807
87.24831932783127,86.67768067121506
81.89415341615677,85.90284657478333
82.9839888215065,87.07101118564606
84.27782440185547,86.37017560005188
85.16465878486633,86.72534120082855
94.84649538993835,88.22750461101532
83.54833108186722,88.11966890096664
90.91616731882095,92.23283267021179
83.19000297784805,85.3649970293045
81.50283855199814,86.14516144990921
83.62967532873154,86.86932468414307
84.07151168584824,85.18748831748962
86.19834733009338,86.44965267181396
103.62217801809311,96.15582197904587
86.13799297809601,87.41700702905655
95.43182361125946,98.06817638874054
85.5216429233551,87.86735707521439
85.9634764790535,86.55452352762222
83.27531236410141,88.26168763637543
84.53214746713638,85.02385252714157
84.15898334980011,85.26701664924622
94.91581773757935,87.62118226289749
83.70965284109116,87.88234716653824
89.26248908042908,88.77451092004776
84.40832489728928,87.3696750998497
82.64615970849991,85.59484028816223
83.27399635314941,88.2460036277771
85.14183193445206,85.15516805648804
84.45366668701172,85.75033330917358
96.39549869298935,100.1605013012886
84.63331389427185,87.36668610572815
90.88914424180984,92.27685576677322
88.07196253538132,88.0390374660492
83.34779477119446,84.22620522975922
83.25163024663925,86.32136976718903
89.73146677017212,85.45353323221207
84.72830331325531,86.12369668483734
92.87414002418518,87.47785997390747
84.35297578573227,87.75902420282364
84.1288110613823,89.50218892097473
83.36664700508118,85.93035298585892
84.16048330068588,85.43251669406891
83.4163191318512,87.00968086719513
85.02515542507172,87.86384457349777
85.31899124383926,87.68100875616074
89.88982474803925,93.6461752653122
90.48064947128296,95.01935052871704
88.60747462511063,91.54052537679672
86.56829679012299,88.58070319890976
84.23212957382202,87.86087042093277
83.43296468257904,87.8080353140831
92.15180033445358,91.94019967317581
85.1306317448616,85.81336826086044
98.55446726083755,93.22353273630142
88.92230302095413,87.89269697666168
95.80813837051392,88.63586163520813
84.08297443389893,84.37902557849884
83.89581006765366,87.956189930439
82.54164689779282,86.82835310697556
83.65048176050186,84.64651823043823
87.96231693029404,85.96368306875229
85.71915280818939,85.91084718704224
98.64198458194733,96.09901541471481
89.45479571819305,94.63820427656174
89.4516167640686,89.53038322925568
84.19044893980026,84.71755105257034
89.18728333711624,87.21971666812897
85.31411862373352,86.07488137483597
83.45995455980301,85.33704543113708
95.40078955888748,88.06121045351028
81.2136190533638,89.67538094520569
89.6374546289444,91.60454541444778
82.85729092359543,88.12470906972885
84.94612717628479,86.9418728351593
82.9439622759819,87.48103773593903
86.58979713916779,87.33620285987854
86.88363236188889,84.67236763238907
83.4734690785408,85.84153091907501
97.6003001332283,97.01069986820221
94.98710978031158,94.08689022064209
87.00192135572433,90.64507865905762
82.48175173997879,86.74024826288223
88.86758649349213,88.74341350793839
83.32842189073563,85.35757809877396
82.62125754356384,85.97074246406555
92.5080919265747,87.3989080786705
81.81992715597153,88.14307284355164
92.63276314735413,90.25623685121536
86.74059945344925,87.29640054702759
83.51643431186676,86.46556568145752
80.06927078962326,86.0977292060852
81.47310698032379,85.6178930401802
88.47194194793701,87.62105804681778
84.33877766132355,84.62422233819962
98.68760806322098,95.21939194202423
86.40742182731628,85.55557817220688
91.62725079059601,94.00174921751022
82.49506843090057,84.20793157815933
85.0659042596817,87.00709575414658
86.8237396478653,86.63926035165787
88.09857535362244,84.47642463445663
95.55941087007523,92.08958911895752
85.68624007701874,88.03675991296768
88.10907155275345,91.16892844438553
84.2359066605568,88.39409333467484
86.14073956012726,86.67426043748856
83.19357019662857,88.3804298043251
84.8764044046402,86.34559559822083
86.59523797035217,84.42176204919815
84.85307097434998,85.79592901468277
106.27689570188522,101.8541042804718
85.79169768095016,86.20830231904984
99.9745209813118,94.15547901391983
84.99032884836197,87.06567114591599
85.26516032218933,89.95683968067169
93.00399148464203,88.77500849962234
88.29682260751724,88.42517739534378
95.01664960384369,86.70535039901733
86.8654819726944,86.61551803350449
88.69631296396255,88.69168704748154
92.08314549922943,84.97285449504852
84.69097632169724,85.42002367973328
85.78180932998657,86.3851906657219
86.24164116382599,85.9423588514328
92.33247250318527,85.87252748012543
85.6633031964302,85.18969678878784
107.27112656831741,93.93187344074249
84.58392602205276,85.34307396411896
102.08074998855591,89.30825001001358
85.7445547580719,86.08844524621964
84.05738604068756,87.79461395740509
84.90621823072433,84.70478177070618
87.03304934501648,85.2439506649971
99.21588051319122,93.67311948537827
83.47171175479889,88.02728825807571
90.45054394006729,90.25245606899261
85.68937647342682,84.71862351894379
85.42720824480057,84.21979176998138
87.01804101467133,90.4089589715004
85.81087237596512,83.83712762594223
88.5127050280571,83.30229496955872
86.06453776359558,83.73146224021912
104.89636260271072,94.34463739395142
86.96716326475143,88.01383674144745
95.46498614549637,92.48001384735107
84.14679968357086,86.35220032930374
84.05163395404816,89.0033660531044
84.53046804666519,86.7655319571495
83.0103030204773,88.26769697666168
95.98913884162903,87.3448611497879
87.89397490024567,87.31002509593964
91.59481030702591,93.03518968820572
84.29664522409439,88.11135476827621
107.95946955680847,99.65153044462204
86.66026771068573,91.43173229694366
83.64009863138199,85.4529013633728
90.61893379688263,85.86306619644165
83.94876843690872,85.53223156929016
103.70659500360489,95.29340499639511
87.96240013837814,89.64859986305237
90.42322528362274,91.87277472019196
83.34604662656784,87.76495337486267
89.28788161277771,86.9151183962822
89.78471720218658,85.23328280448914
89.07955312728882,86.66144686937332
91.52138859033585,86.9236114025116
86.07322543859482,87.35177457332611
85.34906035661697,89.74293965101242
84.2168961763382,84.83910381793976
84.50973135232925,86.15626865625381
81.41456747055054,88.25143253803253
83.24640268087387,85.36559730768204
85.65123814344406,88.2197618484497
83.77807414531708,85.35092586278915
85.44191092252731,87.02108907699585
87.2907447218895,89.82025527954102
90.19556730985641,93.30443269014359
89.39738756418228,88.67661243677139
83.95022261142731,89.1617773771286
90.39205807447433,91.62594193220139
81.42689281702042,84.51810717582703
93.4977279305458,86.89127206802368
84.73556333780289,87.50543665885925
91.41839951276779,91.34060049057007
86.36023545265198,87.02876454591751
83.1360701918602,85.47492980957031
84.35490626096725,87.7930937409401
84.25974053144455,85.62925946712494
83.12757569551468,85.24342429637909
83.2174101471901,85.85658985376358
85.32624560594559,86.43375438451767
93.89707732200623,94.49192267656326
91.33888828754425,91.84511172771454
86.18870693445206,88.01529306173325
85.09353637695312,86.85046362876892
83.66537088155746,85.05662912130356
84.38420706987381,84.67079293727875
91.99304330348969,88.83995670080185
82.39787882566452,88.6211211681366
91.37671393156052,91.45628607273102
93.48018103837967,92.46481895446777
84.08799988031387,85.83800011873245
83.6228358745575,85.50616413354874
83.02667170763016,85.25032830238342
87.46950799226761,90.71549201011658
95.76234006881714,96.16265994310379
85.02015298604965,87.27684700489044
89.18398290872574,92.33401709794998
83.94080471992493,87.76319527626038
92.99363911151886,95.43336087465286
84.75047272443771,86.93552726507187
86.54430723190308,89.90069276094437
83.13314288854599,89.23685711622238
86.48297810554504,89.7580218911171
84.03581494092941,87.76118505001068
86.10664987564087,85.7623501420021
84.58548647165298,86.8945135474205
84.17632168531418,86.37867832183838
80.72915750741959,84.49284249544144
84.18999338150024,84.5510066151619
87.13082975149155,88.07217025756836
95.2576607465744,92.00133925676346
85.77447438240051,90.17052561044693
91.54930263757706,92.9136973619461
89.65712302923203,89.04587697982788
90.37795746326447,85.71504253149033
87.2457914352417,84.62420856952667
92.46562802791595,86.72037196159363
81.83346301317215,89.87153697013855
88.14429956674576,90.59570044279099
85.05013585090637,87.04286414384842
83.34397172927856,86.69402825832367
85.74780833721161,86.80719166994095
83.24564504623413,85.69935494661331
86.68748116493225,92.72051882743835
85.07331663370132,87.75968337059021
86.36715227365494,86.79984772205353
96.53198271989822,95.61701726913452
86.21379429101944,89.17520570755005
89.23062193393707,92.844378054142
84.35644483566284,91.90255516767502
90.74327820539474,89.51572179794312
87.85109788179398,87.07490211725235
93.4789268374443,88.37307316064835
82.97676110267639,85.85723888874054
90.99159532785416,92.60140466690063
83.78643089532852,86.19656908512115
82.74526703357697,87.32773298025131
82.50210297107697,88.05289703607559
86.18493801355362,84.96306198835373
83.84877341985703,86.1692265868187
83.3836088180542,85.50539118051529
93.78844463825226,93.6745553612709
99.56327539682388,97.23272460699081
84.59808605909348,90.58691394329071
90.4659133553505,93.72008663415909
81.90773326158524,87.24026674032211
80.237568795681,84.92743122577667
84.40240466594696,84.81959533691406
91.27023780345917,88.52576220035553
80.58207309246063,86.93592691421509
88.76490920782089,90.42109078168869
84.07674354314804,87.55225646495819
85.13057833909988,85.33342164754868
83.75641304254532,86.92758697271347
85.31024688482285,85.5417531132698
85.77008360624313,87.95191639661789
83.89691984653473,87.3250801563263
85.30175530910492,87.08724468946457
95.46658682823181,93.62641316652298
86.03840059041977,88.64759939908981
90.22022950649261,92.48377048969269
84.25504964590073,88.5789503455162
84.25188368558884,86.5811163187027
82.91671961545944,85.28728038072586
93.22855466604233,88.16144531965256
84.41038799285889,89.31061202287674
91.26022344827652,89.88777655363083
89.75705713033676,86.0019428730011
84.62489193677902,85.72610807418823
83.4927271604538,86.32227283716202
84.04656273126602,83.95343726873398
83.48839837312698,85.82660162448883
86.6712337732315,85.81176620721817
85.7970700263977,88.23992997407913
95.35090124607086,92.4090987443924
84.7187157869339,87.74528419971466
90.67854362726212,89.340456366539
83.52736258506775,88.65763741731644
88.48819774389267,85.60480225086212
88.94903391599655,86.14396607875824
95.44586956501007,94.40613043308258
87.77670449018478,90.5012955069542
90.1075399518013,91.72546005249023
85.29037529230118,84.65462470054626
83.43621110916138,85.11978888511658
81.39604640007019,86.67795360088348
81.2078822851181,84.58911770582199
82.92771798372269,86.72028201818466
82.16555416584015,85.7794458270073
88.01538950204849,90.67061048746109
92.71522390842438,90.30277609825134
89.43604290485382,88.47195708751678
93.95086538791656,91.65913462638855
91.33767646551132,94.97732353210449
90.31650698184967,89.66449302434921
83.42534178495407,87.22365820407867
94.36617749929428,88.52182251214981
82.9200125336647,88.43198746442795
87.80584359169006,93.25015640258789
93.71167427301407,92.73432570695877
83.949493765831,85.16250622272491
84.11332803964615,91.36867195367813
83.99916172027588,85.22283828258514
83.23799729347229,85.59600269794464
83.99383187294006,85.87616813182831
97.21366852521896,94.08233147859573
83.5265040397644,89.28849595785141
89.393335044384,90.606664955616
83.29815655946732,85.18284344673157
89.99998545646667,94.64801454544067
82.3308077454567,87.68819224834442
94.58763843774796,98.2643615603447
98.75145220756531,92.84154778718948
92.3772656917572,100.04773432016373
92.43107742071152,92.10592257976532
83.37290877103806,86.94209122657776
88.50074499845505,84.48125499486923
84.88658082485199,87.29941916465759
82.06841552257538,84.74658447504044
87.73225116729736,86.13774883747101
83.84108579158783,85.47291421890259
92.8569216132164,91.56907838582993
82.16975730657578,85.49724268913269
95.44458770751953,96.92541229724884
90.88539779186249,91.0956022143364
89.88321447372437,95.19078552722931
84.52903562784195,85.47096437215805
81.89787101745605,85.27012896537781
91.597700715065,87.27229928970337
80.46553564071655,87.97946435213089
88.11137127876282,91.68462872505188
85.44220572710037,87.26179426908493
83.51304024457932,88.63495975732803
81.67787635326385,89.02512365579605
83.13771110773087,84.19528889656067
82.65354704856873,84.58645296096802
88.94738292694092,86.73761707544327
85.74121868610382,86.35078132152557
82.31205540895462,85.87294459342957
97.36588752269745,94.91211247444153
84.04870223999023,84.76629775762558
96.28652656078339,93.43547344207764
89.80233699083328,84.51266300678253
92.04016941785812,84.66383057832718
91.20499897003174,85.77800101041794
82.49783223867416,94.94616776704788
89.86566114425659,91.11533886194229
84.01149439811707,85.39550560712814
85.28632825613022,84.78667175769806
83.43216145038605,86.38283854722977
85.96599578857422,82.97800421714783
87.03782784938812,87.24017214775085
81.75666064023972,84.46533936262131
92.29249465465546,86.50450533628464
85.23332852125168,84.93267148733139
106.17615276575089,92.3058472275734
85.70995157957077,84.0680484175682
98.5957743525505,93.62522566318512
89.00058180093765,88.53641819953918
82.62841337919235,84.24258661270142
96.99624752998352,93.4297524690628
85.2900812625885,85.09891873598099
90.58290922641754,88.41609078645706
82.19174253940582,87.08625745773315
84.44857561588287,85.01442438364029
83.90840971469879,85.11059027910233
85.18424367904663,83.18675631284714
84.58907687664032,82.78192311525345
85.8819106221199,85.5250893831253
89.86174482107162,91.50925517082214
87.24757891893387,87.95642107725143
104.07840323448181,92.92159676551819
84.1312050819397,84.97979491949081
95.36902958154678,92.50097042322159
82.97783970832825,83.93016028404236
82.17867231369019,84.11832767724991
95.1575055718422,86.74949443340302
87.50633960962296,86.2526603937149
90.50416761636734,89.14383238554001
85.44600033760071,85.84999966621399
84.90683352947235,83.55716645717621
84.66266787052155,84.9853321313858
84.23450136184692,83.50649863481522
81.8613349199295,84.30466508865356
83.78516846895218,83.97383153438568
91.78300201892853,92.99499797821045
85.89083552360535,86.90516448020935
107.4256581068039,92.25934189558029
83.1634606719017,84.22553932666779
95.62328463792801,91.72771537303925
82.88009595870972,85.89690405130386
85.06292927265167,86.36307072639465
95.57875967025757,87.84724032878876
84.77958899736404,85.8684110045433
90.94341737031937,90.62958264350891
83.77425068616867,84.44674932956696
84.25308293104172,85.43091708421707
84.1579157114029,85.71208429336548
84.52574872970581,83.64025127887726
85.48658215999603,83.88441783189774
84.89141637086868,86.44258362054825
88.75925099849701,86.25974899530411
83.55308526754379,84.29991471767426
103.2349100112915,91.50608998537064
88.60270971059799,84.13729029893875
95.1565318107605,96.3434681892395
95.22733920812607,85.97666078805923
90.44716304540634,87.18183696269989
94.33399599790573,85.74100399017334
84.60882955789566,87.39117044210434
88.82765847444534,89.46834152936935
84.7884920835495,84.9155079126358
83.89732557535172,83.69567441940308
82.96815955638885,86.19884043931961
83.90999406576157,83.47900593280792
81.48182755708694,84.49917244911194
84.64565938711166,85.46534061431885
91.95748794078827,93.76451206207275
84.21431541442871,87.58168458938599
98.52613478899002,98.47386521100998
85.93194264173508,85.60605734586716
86.78077244758606,93.23722755908966
97.40760052204132,97.77739948034286
84.57241779565811,84.7435821890831
94.77224946022034,86.00475054979324
84.97408151626587,84.84091848134995
89.9719158411026,89.64008414745331
89.9687505364418,83.30924946069717
86.04058295488358,87.07041704654694
84.00041627883911,87.09258371591568
88.33124947547913,84.14975053071976
83.14308321475983,83.67091679573059
84.65891796350479,83.95208203792572
90.60075223445892,93.60224777460098
84.30258095264435,84.06841903924942
86.63241529464722,85.60858470201492
92.4262455701828,95.70275443792343
84.96106725931168,86.85393273830414
93.32889640331268,97.46810358762741
84.64071607589722,86.26628392934799
94.54554808139801,91.5654519200325
85.30238246917725,87.53061753511429
89.29921644926071,90.36678355932236
84.66805046796799,85.23894953727722
84.36888402700424,83.70511597394943
84.14471936225891,87.15228062868118
83.23355424404144,85.59944576025009
102.52838903665543,91.32361096143723
86.43222236633301,83.86377763748169
93.89305633306503,93.45994365215302
85.24188977479935,83.94311022758484
89.20172357559204,86.00127643346786
98.75554931163788,103.05945068597794
84.08636021614075,86.89463979005814
92.76818907260895,97.50981092453003
86.39600479602814,87.28999519348145
93.48583799600601,86.07016199827194
84.20567214488983,85.31332784891129
88.46250653266907,91.05649346113205
84.82934111356735,87.44865888357162
84.40117567777634,86.59882432222366
85.78700894117355,88.24999105930328
86.30284214019775,86.08615785837173
82.65167731046677,85.95832270383835
81.81651329994202,85.84948670864105
84.20234847068787,87.64865154027939
80.08918368816376,85.48481631278992
83.1420122385025,91.39498776197433
98.91684007644653,102.89715993404388
82.78464812040329,89.4003518819809
96.52347731590271,95.99452269077301
89.26129305362701,88.72070693969727
93.77712619304657,88.48287379741669
83.9039615392685,86.94803845882416
87.1237963438034,89.80220365524292
82.82463139295578,86.54536861181259
83.45246702432632,84.84453296661377
83.70830273628235,87.60569727420807
86.74313879013062,85.4798611998558
83.90697300434113,86.5190269947052
83.03380960226059,86.20619040727615
85.23464465141296,89.4323553442955
93.10248064994812,87.30451935529709
86.28531128168106,86.04768872261047
94.19013953208923,95.53186047077179
84.11395245790482,88.49804753065109
97.94377994537354,103.98222005367279
83.62659233808517,87.18840765953064
91.1604272723198,87.46857273578644
87.6582619547844,89.6377380490303
88.0260961651802,89.28790384531021
82.93092978000641,85.90207022428513
82.83576500415802,85.81223499774933
84.46260040998459,87.88839960098267
84.88643497228622,86.39156502485275
82.75426995754242,85.00573003292084
83.7701051235199,87.17489486932755
90.91594064235687,91.32505935430527
83.00477415323257,84.88322585821152
85.59560799598694,85.05239200592041
104.07443523406982,90.98156476020813
85.9422464966774,87.79875349998474
90.18007415533066,90.48692584037781
82.89989221096039,83.56310778856277
93.26772445440292,86.41727554798126
83.63555735349655,84.77144265174866
90.87339186668396,91.51560813188553
83.94422763586044,83.4997723698616
83.5710620880127,83.70593792200089
83.95889657735825,90.22710341215134
88.73273092508316,84.45126909017563
83.15656507015228,83.86143493652344
84.00539940595627,84.54960060119629
89.24423384666443,88.97876614332199
85.07506853342056,84.94393146038055
88.46090203523636,86.96409797668457
111.42072522640228,91.78227478265762
86.5855393409729,86.78446066379547
89.84136748313904,91.15763252973557
88.65418660640717,85.41981339454651
97.39201557636261,94.106984436512
88.81584936380386,93.25815063714981
90.77568352222443,88.55731648206711
85.21751689910889,85.72648310661316
87.1603512763977,85.0436487197876
83.86018586158752,85.82381415367126
90.54301983118057,83.2349801659584
84.87385469675064,86.10714530944824
84.13068836927414,83.42431163787842
85.68352329730988,87.96447670459747
84.644357919693,83.78164207935333
87.64119100570679,86.59880900382996
99.71301627159119,90.78798371553421
86.41482508182526,87.86317491531372
88.68965768814087,84.21834230422974
92.48248732089996,89.16551268100739
96.12830650806427,85.89069348573685
84.14414060115814,84.87485939264297
89.49397540092468,90.24702459573746
84.00980871915817,85.50919127464294
85.26664251089096,85.04935747385025
84.61547660827637,90.32952338457108
87.26131075620651,85.70168924331665
85.16514557600021,83.6488544344902
81.90397924184799,83.78202074766159
86.97481274604797,86.21018725633621
81.36164730787277,86.65735268592834
88.97048163414001,86.40051835775375
87.76330852508545,90.82969146966934
87.66813975572586,85.83186024427414
86.48097044229507,92.07502955198288
91.53380078077316,90.74419921636581
93.16061908006668,86.33938091993332
83.23245298862457,85.50854700803757
87.28428834676743,87.28871166706085
84.70812374353409,87.21787625551224
83.7239580154419,84.47904199361801
84.35079282522202,86.44520717859268
83.81162720918655,84.72537279129028
83.54946321249008,83.95053678750992
85.43629735708237,85.15670263767242
92.93413031101227,91.49286967515945
84.67196381092072,86.0510361790657
87.94679737091064,86.05320262908936
87.57363104820251,84.18536895513535
96.459457218647,91.0395427942276
84.95826947689056,83.65373051166534
92.21409857273102,88.78590142726898
93.21191638708115,86.62108361721039
83.67174857854843,84.82825142145157
87.48358416557312,87.70141583681107
82.2214178442955,85.74058216810226
83.12725162506104,84.1147483587265
83.2730867266655,88.37491327524185
82.78892177343369,83.6000782251358
84.56375712156296,83.7882428765297
83.93059194087982,84.4954080581665
91.28142654895782,90.21957343816757
83.29626166820526,84.42573833465576
83.53509557247162,85.03990441560745
86.64292877912521,84.15407121181488
97.86275827884674,92.89624172449112
83.32357239723206,86.15842759609222
92.70940238237381,89.53159761428833
93.52121812105179,85.9597818851471
85.25905126333237,85.74094873666763
87.34988391399384,89.7801160812378
91.55071818828583,84.76428180932999
89.69655084609985,88.82244914770126
84.56438583135605,86.04761415719986
87.19022119045258,83.80877882242203
83.78105539083481,85.47794461250305
84.05588984489441,88.62911015748978
87.07172429561615,87.61327570676804
83.56955802440643,84.54144197702408
83.9003934264183,86.9156065583229
89.37922686338425,84.0657731294632
98.02405434846878,97.1609456539154
88.44686943292618,86.27413058280945
93.42669814825058,88.86930185556412
96.22051531076431,94.07548469305038
82.8473492860794,84.46765071153641
91.47418487071991,87.91381514072418
82.69401741027832,84.43498259782791
84.70985049009323,84.01214951276779
84.11468452215195,86.49631547927856
87.2605192065239,89.35048079490662
82.59135466814041,88.85364532470703
83.73618996143341,83.81881004571915
91.75202441215515,87.13597559928894
82.9538586139679,88.99114137887955
84.09869211912155,86.5493078827858
82.76252174377441,84.68147826194763
97.6313465833664,92.14765340089798
91.64615970849991,88.94584029912949
93.05199044942856,90.00500959157944
93.86380714178085,87.30319285392761
83.60164076089859,87.69435924291611
87.76547545194626,87.65952455997467
82.31831073760986,83.440689265728
83.8531443476677,84.68385565280914
83.5359793305397,84.8710206747055
82.92181396484375,84.15218603610992
84.5486489534378,85.78435105085373
113.8984831571579,100.76751685142517
93.15531730651855,92.4926826953888
84.09615004062653,85.73684996366501
83.22398215532303,84.96201783418655
88.48081374168396,86.14918625354767
98.33064275979996,93.54035723209381
83.67845410108566,84.30254590511322
96.45428138971329,89.86071860790253
100.22909593582153,87.49290406703949
84.15292662382126,87.14407336711884
87.27875906229019,87.23824095726013
83.75859200954437,85.111407995224
83.34842532873154,84.85457468032837
84.0862592458725,84.69074076414108
85.67609316110611,86.41690683364868
83.63692665100098,87.12207335233688
83.00476056337357,83.73623943328857
91.61359548568726,91.03440451622009
83.99942970275879,84.13057029247284
83.20126348733902,84.33673650026321
92.03109568357468,84.52390432357788
98.91792285442352,91.5090771317482
84.95173412561417,83.90026587247849
85.37556821107864,84.03143179416656
101.48339825868607,88.84860175848007
84.25922328233719,86.57377672195435
86.42205721139908,87.0589427947998
83.97589159011841,85.17210841178894
83.99172550439835,84.78627449274063
83.56355983018875,85.2884401679039
83.72739481925964,85.27260518074036
83.9462302327156,83.84976977109909
83.9630640745163,83.55593591928482
87.08989870548248,86.15010130405426
82.03173249959946,85.67226749658585
85.19656574726105,85.47143423557281
83.58239471912384,84.78860527276993
98.172223508358,93.49477648735046
92.29903608560562,85.07096391916275
85.88887041807175,85.74012959003448
101.29469972848892,91.07630026340485
88.4215179681778,85.671482026577
86.5113520026207,89.45164799690247
82.1381863951683,84.04781359434128
85.15301895141602,84.32798105478287
83.98485386371613,83.88614612817764
85.50068777799606,82.85131222009659
83.49752181768417,85.74347817897797
84.90235596895218,83.61664402484894
90.06718909740448,87.02581089735031
83.36002308130264,83.65797692537308
84.04285734891891,85.38214266300201
82.966687977314,84.79231202602386
98.31551748514175,90.38848251104355
91.424325466156,88.70567452907562
82.75415468215942,83.68984532356262
104.08498185873032,96.5260181427002
83.06379967927933,85.38020032644272
87.50663328170776,88.40136671066284
82.24446779489517,84.40453219413757
84.55630165338516,83.96269834041595
84.59013617038727,87.24186384677887
84.79196923971176,83.69003075361252
83.21580320596695,83.41419678926468
87.19363749027252,87.76936250925064
92.95047158002853,91.45752841234207
84.74430513381958,84.08869487047195
87.90913504362106,89.57286494970322
83.49896323680878,83.65003675222397
84.51479268074036,86.07820731401443
95.97462224960327,90.95137774944305
85.34243983030319,85.43456017971039
101.33926910161972,90.3827309012413
84.46608763933182,84.97791236639023
87.38992041349411,93.09107959270477
85.36875486373901,85.59424513578415
84.07058954238892,83.61441045999527
83.78942394256592,85.24657607078552
84.15825861692429,83.69474136829376
84.91409397125244,87.71590602397919
84.33792811632156,85.70007187128067
96.26076185703278,91.33223813772202
91.14659583568573,91.70440417528152
84.20042997598648,87.54057002067566
84.14126229286194,85.02473771572113
87.12109583616257,85.50890415906906
98.32192325592041,93.03007674217224
85.44873481988907,86.47726517915726
102.24256217479706,89.0174378156662
85.42537897825241,87.77862101793289
86.86621195077896,87.81778806447983
83.45704632997513,85.82095366716385
86.4908801317215,83.52711987495422
84.56271535158157,86.34428465366364
86.15255028009415,84.80944973230362
84.85438442230225,85.12761557102203
92.51721918582916,88.18578082323074
93.94105392694473,89.70694607496262
86.49388867616653,83.41311132907867
84.21372270584106,86.28627729415894
83.93255454301834,84.19644546508789
83.85638725757599,86.58761274814606
106.03821688890457,95.36878305673599
83.53602731227875,87.88997268676758
101.2558564543724,93.05814355611801
78.41967380046844,89.7273262143135
82.71350836753845,87.15649163722992
82.35934257507324,87.91865742206573
83.13417667150497,86.55082333087921
83.57601308822632,86.7379869222641
87.53684866428375,85.87015134096146
84.51568239927292,84.85431760549545
83.58751672506332,85.50548326969147
89.14035195112228,92.45264804363251
84.52618718147278,85.65881282091141
81.98702192306519,87.17997807264328
85.37285500764847,87.97914499044418
84.59268718957901,87.38831281661987
103.16351294517517,100.74348706007004
87.82832610607147,88.338673889637
101.28815311193466,94.61884689331055
83.84197056293488,90.99202942848206
82.95080614089966,85.08719384670258
82.42864167690277,86.8493583202362
82.9074769616127,88.25852304697037
83.20131206512451,87.2056879401207
90.06914728879929,85.74485272169113
82.82598304748535,86.43301695585251
83.08281809091568,86.75118190050125
90.67165261507034,95.976347386837
84.09548765420914,86.36751234531403
82.14832317829132,90.42467683553696
82.83115738630295,88.94684261083603
84.2169925570488,85.2820074558258
100.86382359266281,95.48917639255524
84.9526315331459,86.93536847829819
106.45046079158783,98.66053920984268
95.74328112602234,92.64471888542175
83.29711079597473,86.79588919878006
81.92394661903381,86.78005337715149
84.51378268003464,89.8192173242569
83.64061784744263,85.21038216352463
89.0644541978836,89.95354580879211
82.46929091215134,84.80870908498764
82.9661276936531,87.21887230873108
86.92696350812912,93.25803649425507
86.22079926729202,87.16820073127747
84.86563414335251,88.65236586332321
82.97446829080582,86.91353172063828
82.9723037481308,85.08369624614716
96.26513433456421,95.53086566925049
84.15194767713547,87.2190523147583
92.92678260803223,89.35021740198135
91.01661312580109,93.55738687515259
87.07042956352234,85.28157043457031
80.80726438760757,87.91473561525345
86.21310025453568,89.95389974117279
83.30193603038788,84.88206398487091
83.78177136182785,84.95922863483429
84.03860598802567,85.86839401721954
82.81344205141068,86.94555795192719
90.12527620792389,91.61472380161285
84.56711101531982,87.91388899087906
84.89894533157349,86.26805466413498
88.65477746725082,89.90022253990173
83.28261214494705,85.49638783931732
103.35344296693802,92.9615570306778
85.09125000238419,87.33474999666214
92.71808338165283,88.59591662883759
89.88191241025925,92.24708759784698
83.95373344421387,85.19426655769348
87.48856711387634,87.34443289041519
83.17140203714371,88.68059796094894
82.81723791360855,85.70176208019257
83.3880729675293,87.51992702484131
83.45990806818008,87.0210919380188
84.01274287700653,87.87725710868835
87.17657667398453,92.91642332077026
83.76641356945038,86.14058643579483
83.74524962902069,87.550750374794
82.42808383703232,88.2939161658287
84.03591936826706,88.00108063220978
104.2557498216629,104.48525017499924
93.95755887031555,87.37644112110138
94.26938283443451,91.91561716794968
89.5252114534378,91.4737885594368
81.35702806711197,89.36597192287445
81.44686317443848,87.01613682508469
81.11169821023941,87.96330177783966
84.03353428840637,86.98446571826935
83.19836848974228,85.0796315073967
82.56620347499847,85.54579651355743
83.34103864431381,88.5659613609314
88.65387344360352,92.79112654924393
84.13170850276947,85.05329149961472
83.05554413795471,86.7594558596611
82.75637823343277,86.89162176847458
83.47621273994446,87.04178726673126
82.56604790687561,86.15595209598541
91.15588027238846,90.54811972379684
94.78270381689072,92.36429619789124
92.28052687644958,97.92347311973572
86.25934517383575,86.4996548295021
83.16417843103409,85.96582156419754
83.84701430797577,87.17198568582535
83.97384995222092,84.87815004587173
84.45268434286118,85.38031566143036
84.2465193271637,87.32748067378998
80.78035455942154,86.4606454372406
88.13019049167633,92.42580950260162
84.72002691030502,85.7059730887413
84.30986219644547,86.74613779783249
82.64069598913193,86.9893040060997
82.52653139829636,84.45546859502792
84.59836745262146,86.67963254451752
95.78119766712189,95.94180232286453
94.68601053953171,94.49998944997787
93.36783909797668,92.13116091489792
83.43965542316437,85.00434458255768
84.25149047374725,86.24750953912735
85.02732533216476,87.65767467021942
82.80216073989868,87.54883927106857
84.81799721717834,85.6270027756691
82.24083298444748,87.5361670255661
82.92366963624954,87.18633037805557
87.05150532722473,91.91249465942383
84.17834132909775,84.91465866565704
82.84217697381973,86.63882303237915
82.87701058387756,88.16098940372467
83.7628464102745,85.58915358781815
86.53768217563629,87.29531782865524
93.88751554489136,92.39048445224762
89.44033426046371,90.78166574239731
90.60416543483734,90.26583456993103
87.71298450231552,87.67601549625397
82.85781794786453,85.17818206548691
84.41165268421173,88.32934731245041
80.20448786020279,84.7765121459961
84.81432384252548,84.70467615127563
82.71815985441208,87.28184014558792
81.27099567651749,87.67300432920456
88.19483143091202,92.63916856050491
83.17366790771484,88.43733209371567
83.43050241470337,86.99649757146835
84.85333734750748,88.25766265392303
83.2211725115776,85.16782748699188
86.64500880241394,87.0039911866188
97.53084027767181,98.22915971279144
92.3796575665474,90.15734243392944
90.59948843717575,92.80851155519485
87.02231472730637,88.01368528604507
88.11214476823807,86.3508552312851
84.81397759914398,88.52002239227295
84.79281240701675,84.89218759536743
84.80864691734314,86.00635308027267
89.02848225831985,90.13851773738861
80.9883182644844,87.19668173789978
96.17115437984467,93.10584563016891
83.33498930931091,85.14601069688797
84.5548250079155,86.50017499923706
81.32966059446335,91.0223394036293
84.1054967045784,86.3025032877922
80.71333277225494,85.13866722583771
93.7661651968956,91.84383481740952
92.65298146009445,90.6990185379982
83.0398159623146,85.88618403673172
90.33264714479446,94.7223528623581
83.86746907234192,87.57653093338013
87.32830381393433,87.45069617033005
85.12213534116745,84.80486464500427
85.59997099637985,86.62202900648117
83.37580621242523,86.23619377613068
101.87264251708984,101.51635748147964
86.05547821521759,91.8335217833519
80.94131457805634,86.28068542480469
84.71715068817139,87.24584931135178
82.78898453712463,89.06401544809341
84.28582060337067,84.6771793961525
83.19065564870834,87.3463443517685
95.74348610639572,92.75651389360428
92.44429796934128,91.35170203447342
80.46113133430481,85.66986864805222
90.40196192264557,91.87603807449341
85.65878003835678,88.17521995306015
85.5456114411354,90.0653885602951
87.32044416666031,87.383555829525
91.66927778720856,83.6817222237587
85.18611186742783,88.36988812685013
81.68294483423233,87.743055164814
89.10577923059464,89.9312207698822
85.93661344051361,83.06338655948639
85.61944717168808,85.3615528345108
83.28328061103821,84.99471938610077
83.70711529254913,82.94188469648361
86.81495016813278,82.40604984760284
98.14677971601486,91.96522027254105
95.47759246826172,94.43040752410889
84.7704250216484,84.21057498455048
91.41625565290451,88.43574434518814
85.63607639074326,85.54992359876633
85.11390948295593,87.811090528965
84.03774416446686,85.49925583600998
91.29457873106003,84.00142127275467
98.12541383504868,89.54158616065979
85.65924888849258,84.72875112295151
90.10208261013031,88.69491738080978
85.30291718244553,84.86408281326294
85.92975133657455,87.10724866390228
84.18658339977264,85.14741659164429
84.92441785335541,84.20458215475082
84.47725254297256,84.31874746084213
104.64208114147186,93.69191884994507
97.7498824596405,88.78811752796173
81.37671172618866,83.53028827905655
92.1515417098999,88.68145829439163
84.70436000823975,86.07363998889923
83.36919409036636,87.85380589962006
81.20002555847168,83.59697443246841
84.993861079216,85.39513891935349
87.26869630813599,84.86130368709564
82.32153117656708,86.84446883201599
92.31936550140381,90.12563449144363
86.5011996626854,85.68380033969879
84.64703088998795,83.62996912002563
83.55186247825623,86.48513752222061
84.32769656181335,83.80330342054367
84.78752970695496,84.0644702911377
86.09936249256134,85.21463751792908
97.72619342803955,95.51380658149719
85.0010182261467,83.33198177814484
92.2948471903801,87.83415281772614
84.1806668639183,84.83633315563202
84.95650148391724,85.35849851369858
84.3983359336853,84.45366406440735
91.35817062854767,89.49282938241959
84.93100595474243,86.88399404287338
83.00184088945389,84.57215911149979
92.12867617607117,91.48232382535934
85.4595115184784,86.85548847913742
86.41934657096863,84.63565343618393
83.62117952108383,85.60082048177719
84.08101344108582,83.17798656225204
83.56084829568863,83.4771516919136
83.9836830496788,83.14631694555283
104.29651373624802,94.57448625564575
84.90432667732239,86.59567332267761
93.34615623950958,86.65384376049042
85.28797453641891,86.62002545595169
88.9888054728508,91.91819453239441
85.4686331152916,84.8283668756485
88.24346661567688,83.84953337907791
85.50029957294464,84.37070041894913
82.34913438558578,85.98386561870575
92.97596853971481,92.1350314617157
84.5468025803566,83.91519743204117
85.80363816022873,84.65836185216904
84.5414714217186,84.90252858400345
84.55830478668213,82.79369521141052
86.9071392416954,82.55486077070236
84.58997464179993,83.91102540493011
105.80980449914932,93.13519549369812
85.80661803483963,84.89738196134567
91.8784459233284,90.02855408191681
94.6342625617981,84.80973744392395
84.7440915107727,87.23790848255157
83.92592650651932,85.7960734963417
91.07176220417023,87.65123778581619
84.17959290742874,85.96740710735321
77.82542771100998,84.98957228660583
90.74926263093948,91.15873736143112
84.56109881401062,87.67890119552612
86.02093243598938,87.14506757259369
83.75876265764236,90.64723736047745
83.77559661865234,84.90940338373184
84.90243101119995,85.4495689868927
84.01026654243469,85.80373346805573
107.23109656572342,100.67690342664719
89.09890806674957,86.12309193611145
84.20674186944962,84.16325813531876
94.61157244443893,91.88842755556107
86.71939355134964,91.3166064620018
84.45922726392746,85.96677273511887
89.49306297302246,87.17293703556061
85.0638964176178,86.32510358095169
80.0617322921753,86.21626770496368
91.4475690126419,91.58843100070953
84.92640441656113,85.0915955901146
84.980240046978,88.27975994348526
86.90307265520096,87.48592734336853
83.39990776777267,84.6730922460556
84.36074298620224,85.49125701189041
84.91357946395874,87.45742052793503
104.76341009140015,97.29258990287781
85.72322255373001,85.40677744150162
83.64705693721771,90.70494306087494
96.12588834762573,90.09711164236069
85.36370813846588,91.04429185390472
83.71254187822342,91.86145812273026
90.11737710237503,86.14162290096283
83.43021315336227,85.81078684329987
86.9640491604805,86.18395084142685
87.98088496923447,91.61211502552032
86.2557213306427,87.05927866697311
84.71655505895615,87.56244492530823
88.5283875465393,87.19461244344711
99.84022378921509,95.78977620601654
98.7630597949028,93.64394021034241
84.72389429807663,87.85010570287704
106.01772552728653,101.33427447080612
85.163538813591,86.18846118450165
86.75337225198746,84.41362774372101
93.10220241546631,92.65679758787155
82.98902118206024,88.10397881269455
82.37485575675964,84.82914423942566
98.51969194412231,86.68330806493759
82.7585278749466,87.79747211933136
83.42236387729645,86.4286361336708
96.29019957780838,93.54280042648315
86.52803546190262,88.9899645447731
83.5068708062172,87.10312920808792
84.57870531082153,86.86629468202591
99.18753933906555,95.97946065664291
86.59237444400787,84.51962554454803
88.44121050834656,87.59578949213028
106.08704036474228,100.30195963382721
85.6028522849083,85.80514770746231
87.58168649673462,88.99231350421906
96.85751724243164,90.95748275518417
89.20633715391159,92.55366283655167
84.3511717915535,87.16782820224762
92.46000754833221,88.48399245738983
94.5868427157402,87.58015727996826
82.39867740869522,86.10132259130478
91.89651298522949,88.26948702335358
87.80134707689285,88.30965292453766
83.91018229722977,85.97881770133972
84.25901567935944,89.46298432350159
86.14585185050964,84.35414814949036
89.06868827342987,90.67231172323227
89.26952415704727,88.15547585487366
113.69335401058197,98.65864598751068
89.37616086006165,89.95683914422989
85.11299365758896,85.05300635099411
100.11082172393799,95.53717827796936
89.55363899469376,91.55736100673676
82.62447118759155,84.35652881860733
90.97330731153488,88.35969269275665
81.99014222621918,85.89985775947571
87.15397775173187,88.32702225446701
93.4848136305809,93.94118636846542
81.99964958429337,86.03735041618347
87.46148538589478,90.20651459693909
83.42131954431534,87.4126804471016
84.58515518903732,88.61884480714798
88.93399113416672,89.60200887918472
87.44982653856277,89.34617346525192
97.33666110038757,95.9413388967514
87.40749543905258,87.369504570961
96.99515634775162,90.96784365177155
87.0479747056961,89.89602530002594
89.60080772638321,90.306192278862
92.91364425420761,86.58635574579239
85.68847960233688,84.84852039813995
84.59431493282318,86.24068504571915
112.31315088272095,92.11284911632538
84.21698594093323,85.76401406526566
86.86382019519806,87.63717979192734
85.04565227031708,87.9353477358818
81.22848773002625,86.16051226854324
83.24432277679443,85.77467721700668
84.00015950202942,87.0178405046463
99.36899489164352,87.7610051035881
96.51382541656494,92.17017459869385
85.53064298629761,85.26535701751709
97.84247374534607,91.56452625989914
88.17329263687134,91.40070736408234
81.52212107181549,84.23687893152237
91.16795659065247,86.46204340457916
84.86879026889801,85.39020973443985
83.66262483596802,86.54137516021729
91.21545946598053,84.80354052782059
91.9172951579094,87.63870483636856
84.89512985944748,85.43787014484406
84.05996376276016,86.05203622579575
83.16779911518097,84.35020089149475
89.60963469743729,85.7793653011322
84.36746996641159,86.96653002500534
93.69730472564697,87.35769528150558
95.08413594961166,92.74986404180527
82.95094907283783,85.19705092906952
86.52278333902359,86.10721665620804
91.22361356019974,93.57238644361496
82.05543345212936,84.8165665268898
89.07026821374893,86.37373179197311
90.7531047463417,93.33989524841309
83.99093967676163,86.91606032848358
88.56277519464493,85.5672248005867
85.46761041879654,86.18038958311081
90.07644575834274,88.31255424022675
84.14728045463562,88.40771955251694
87.2931159734726,88.81788402795792
85.23495125770569,85.26504874229431
83.71378684043884,85.36021316051483
94.34062159061432,87.69637840986252
96.6904513835907,94.29154860973358
84.18726521730423,86.60873478651047
88.1110999584198,86.50090003013611
90.29393088817596,91.83606910705566
82.1057510972023,85.37624889612198
90.58458578586578,84.8044142127037
83.80341958999634,86.04858040809631
83.74625551700592,87.32874447107315
94.72408986091614,89.64591014385223
85.66692543029785,84.7770745754242
85.62675935029984,85.39224064350128
85.69859331846237,88.31940668821335
81.02942889928818,85.2495710849762
84.30426526069641,84.3067347407341
83.04210042953491,84.47589957714081
94.26193571090698,89.40506428480148
96.29576647281647,93.50023353099823
84.96057748794556,87.7994225025177
110.93620544672012,101.45179456472397
82.87801921367645,89.58498078584671
91.33885198831558,85.51314800977707
83.29968839883804,86.92331159114838
83.5925242304802,89.92547577619553
91.03436011075974,91.72463989257812
88.29119575023651,89.44980424642563
91.77003163099289,85.98896837234497
84.72986668348312,87.45513331890106
88.17270350456238,89.43929648399353
86.94753968715668,85.126460313797
84.35237115621567,90.05462884902954
98.36820608377457,93.87279391288757
93.21703523397446,93.17096477746964
84.7518515586853,85.34014844894409
93.74968737363815,84.86131262779236
91.89451837539673,94.41948163509369
83.70733577013016,87.97866421937943
87.61216688156128,85.55483311414719
83.96100252866745,84.51999747753143
85.34683758020401,87.32016241550446
89.54867285490036,90.95132714509964
86.37950819730759,85.86149179935455
85.4503425359726,86.45665746927261
92.22517675161362,87.73782324790955
87.59301167726517,85.64698833227158
89.49884700775146,84.03815299272537
84.12467855215073,84.893321454525
94.65951478481293,88.13648521900177
94.45334583520889,92.86165416240692
85.65515959262848,86.90084040164948
90.22599405050278,84.73700594902039
84.14882838726044,86.31317162513733
87.14666092395782,89.15033906698227
89.84848803281784,85.8935119509697
84.75232344865799,85.39567655324936
83.34215766191483,85.93484234809875
89.61799246072769,89.62300753593445
87.37482762336731,90.10717236995697
85.09466123580933,85.60933876037598
85.20249593257904,87.16750407218933
87.79233080148697,88.98566919565201
85.60516649484634,85.19183349609375
84.60200256109238,89.60199743509293
97.82183694839478,89.27116304636002
95.87466341257095,92.7733365893364
85.79847663640976,85.57252335548401
89.05431145429611,86.6486885547638
83.23714762926102,86.92985236644745
89.437979221344,91.22802078723907
92.28680038452148,86.99119961261749
83.50763577222824,83.9373642206192
82.55947184562683,87.30952817201614
96.85330682992935,91.31269317865372
83.03614300489426,85.64885699748993
84.79297751188278,87.91002249717712
82.71581202745438,88.13518798351288
88.80664724111557,91.45335274934769
89.69248306751251,85.14151692390442
85.48631930351257,85.8836807012558
93.8911537528038,87.94284623861313
99.94398665428162,91.83401334285736
87.29279679059982,87.20720320940018
88.99462682008743,85.65437316894531
84.93546169996262,86.89753830432892
90.00729149580002,90.23270851373672
92.04210984706879,87.32889014482498
83.98394429683685,84.88705569505692
84.59277826547623,85.46322172880173
94.53361183404922,91.595388174057
85.79044818878174,85.8385518193245
86.39928334951401,86.10071665048599
85.13811671733856,89.2328832745552
82.54195076227188,84.18004924058914
85.00278627872467,85.88621371984482
84.46262210607529,84.9253779053688
96.44145786762238,87.50354212522507
84.0502941608429,84.00570583343506
96.01112508773804,94.47087490558624
89.76693934202194,85.75106066465378
83.9867730140686,90.88422697782516
91.79860258102417,97.60839742422104
89.94441944360733,85.53658056259155
85.36825382709503,86.24374616146088
83.92008882761002,86.61591118574142
90.25092476606369,89.47007524967194
86.1747614145279,84.15923857688904
86.11659640073776,85.62440359592438
84.48442977666855,87.29357022047043
87.39026433229446,84.96273565292358
89.1091001033783,86.33589988946915
85.4949358701706,86.17106413841248
96.51177006959915,92.80422991514206
89.34160423278809,91.9353957772255
100.24643588066101,101.21656411886215
91.89124971628189,84.73775029182434
84.7600844502449,86.851915538311
88.44191521406174,92.46508479118347
88.10673385858536,85.30026614665985
84.38156718015671,84.58043283224106
85.08340120315552,86.52859878540039
91.78423547744751,89.80876451730728
84.72607070207596,84.81092929840088
88.8889057636261,87.03609424829483
89.59073960781097,93.29826039075851
87.79257416725159,91.63442581892014
83.65940994024277,84.09959006309509
79.45424526929855,84.45375472307205
92.45107960700989,88.49292039871216
83.6699144244194,83.77408558130264
96.29774409532547,92.38725590705872
91.36955320835114,85.42744678258896
86.45838737487793,88.39261263608932
91.65921550989151,92.00678449869156
89.21303516626358,85.10196483135223
84.33987015485764,86.58612984418869
83.13370472192764,85.9032952785492
96.74153995513916,91.62746006250381
85.77637535333633,87.87162464857101
84.51421076059341,85.02178925275803
88.47504472732544,90.89495527744293
84.10187995433807,84.93512004613876
84.15471649169922,84.41928350925446
86.7445518374443,85.71844816207886
93.00138711929321,88.405612885952
81.8882228732109,84.2227771282196
96.05205547809601,97.5589445233345
94.10486894845963,85.50613105297089
89.65769702196121,90.00830298662186
91.5255217552185,90.27147823572159
90.5223400592804,84.62465995550156
83.68717527389526,85.83082473278046
83.85101026296616,87.46398973464966
89.95984601974487,90.00315397977829
84.19768220186234,85.28431779146194
85.58351820707321,85.89748179912567
85.13635188341141,88.14064812660217
82.63418644666672,83.73681354522705
82.39102107286453,84.21997892856598
83.40685510635376,86.98214489221573
91.47868990898132,87.61431008577347
90.86452549695969,85.67247450351715
98.01035445928574,92.7306455373764
90.10016775131226,85.51183223724365
84.56000167131424,87.95799833536148
91.40883243083954,89.70116758346558
93.88865464925766,88.42634534835815
82.64448374509811,84.78051626682281
83.25332003831863,86.41267997026443
92.12115550041199,92.58184450864792
86.13699018955231,86.03000980615616
83.83882439136505,84.79117560386658
87.81765884160995,91.08934116363525
88.55549401044846,84.2045059800148
89.47832995653152,83.78067004680634
84.82816624641418,84.44983375072479
93.15900218486786,88.43399780988693
84.22983765602112,86.67716234922409
98.17166846990585,95.53233152627945
90.50248175859451,86.36851823329926
85.38931494951248,86.57368505001068
84.35014939308167,84.24385058879852
97.38297867774963,91.96802133321762
85.97379767894745,84.39720231294632
85.67563277482986,87.77036720514297
93.1904684305191,90.58653157949448
82.04030472040176,85.86669528484344
84.44514012336731,85.4628598690033
85.23897415399551,86.52102583646774
89.32880860567093,91.15319138765335
85.64064282178879,85.80335718393326
85.9534775018692,82.62152248620987
96.24731028079987,90.16068971157074
84.83614361286163,83.27385640144348
102.2039720416069,91.14802795648575
93.42378407716751,83.65021592378616
86.08861607313156,87.61538392305374
89.49245089292526,81.54454910755157
99.84227508306503,90.00972491502762
87.9680923819542,83.36390763521194
85.39292579889297,86.44107419252396
94.81475967168808,89.05524033308029
88.0535939335823,87.50140607357025
87.6064270734787,83.24557292461395
86.47425901889801,85.98874098062515
84.93409442901611,82.3799055814743
83.52492862939835,83.08607137203217
86.79976284503937,82.05223715305328
94.63059639930725,87.8134036064148
84.20243042707443,81.66856956481934
92.82926207780838,85.54173791408539
98.86308407783508,82.58091592788696
87.41691225767136,85.60208773612976
88.04374623298645,81.82625377178192
98.1705726981163,87.3294273018837
87.64839333295822,83.48060661554337
85.27622556686401,85.44577443599701
93.03306049108505,86.6149395108223
86.12289506196976,88.58010494709015
85.97272688150406,82.26827311515808
85.45056021213531,86.04943978786469
84.7263942360878,82.23660576343536
84.70522874593735,82.12877124547958
89.40706354379654,84.59293645620346
93.14489847421646,86.46710151433945
85.0487329363823,83.39526706933975
83.65856730937958,81.8244326710701
