0 0.000000000 0.000000000 0.000000000 0.000
1 0.100132408 0.100132537 0.100132556 0.000
2 0.200253963 0.200254093 0.200254056 0.000
3 0.300381482 0.300381611 0.300381611 0.000
4 0.400500815 0.400500926 0.400500944 0.000
5 0.500610241 0.500610370 0.500610389 0.000
6 0.600704167 0.600704296 0.600704296 0.000
7 0.700794111 0.700794241 0.700794259 0.000
8 0.800891629 0.800891759 0.800891777 0.000
9 0.900995092 0.900995240 0.900995259 0.000
10 1.001097444 1.001097592 1.001097611 0.000
11 1.101205777 1.101205907 1.101205925 0.000
12 1.201320259 1.201320388 1.201320388 0.000
13 1.301434055 1.301434203 1.301434222 0.000
14 1.401518944 1.401519110 1.401519147 0.000
15 1.501593833 1.501593981 1.501593981 0.000
16 1.601663685 1.601663833 1.601663870 0.000
17 1.701787351 1.701787481 1.701787481 0.000
18 1.801894351 1.801894481 1.801894499 0.000
19 1.902015518 1.902015666 1.902015684 0.000
20 2.002157555 2.002157703 2.002157721 0.000
21 2.102267203 2.102267351 2.102267369 0.000
22 2.202357221 2.202357351 2.202357369 0.000
23 2.302440777 2.302440925 2.302440795 0.000
24 2.402522240 2.402522406 2.402522406 0.000
25 2.502610517 2.502610647 2.502610665 0.000
26 2.602718554 2.602718702 2.602718313 0.000
27 2.702862036 2.702862054 2.702862073 0.000
28 2.802967202 2.802967369 2.802967387 0.000
29 2.903066332 2.903066480 2.903066498 0.000
30 3.003163295 3.003163461 3.003163480 0.000
31 3.103253647 3.103253813 3.103253832 0.000
32 3.203339554 3.203339683 3.203339572 0.000
33 3.304970498 3.304970646 -166310.721446908 0.000
34 3.405136795 3.405136905 -166310.621280668 0.000
35 3.505272776 3.505272886 -166310.521144705 0.000
36 3.605385609 3.605385720 -166310.421031853 0.000
37 3.705511868 3.705512035 -166310.320905538 0.000
38 3.805624943 3.805625071 -166310.220792501 0.000
39 3.905720146 3.905720294 -166310.120697279 0.000
40 4.005817165 4.005817294 -166310.020600279 0.000
41 4.105907979 4.105908145 -166309.920509427 0.000
42 4.206008979 4.206009090 -166309.820408483 0.000
43 4.306133924 4.306134053 -166309.720283538 0.000
44 4.406220183 4.406220312 -166309.620197261 0.000
45 4.507298905 4.507299034 -166309.519118539 0.000
46 4.607441757 4.607441904 -166309.418975650 0.000
47 4.707531979 4.707532126 -166309.318885465 0.000
48 4.807613183 4.807613330 -166309.218804335 0.000
49 4.907688905 4.907689015 -166309.118728557 0.000
50 5.007782368 5.007782497 -166309.018635094 0.000
51 5.107904257 5.107904386 -166308.918513187 0.000
52 5.208028664 5.208028793 -166308.818388798 0.000
53 5.308385812 5.308385959 -166308.718031613 0.000
54 5.408499479 5.408499626 -166308.617917946 0.000
55 5.508594349 5.508594496 -166308.517823058 0.000
56 5.608683886 5.608684033 -166308.417733558 0.000
57 5.708769515 5.708769663 -166308.317647891 0.000
58 5.808862497 5.808862175 -166308.217555416 -36.901
59 5.908983978 5.908979925 -166308.117437648 -36.901
60 6.009095775 6.009088045 -166308.017431756 -36.901
61 6.109200589 6.109189184 -166307.917330598 -36.901
62 6.209328848 6.209313749 -166307.817206034 -36.901
63 6.309426552 6.309407740 -166307.717112042 -36.901
64 6.409513385 6.409490917 -166307.617028865 -36.901
65 6.509597867 6.509571705 -166307.516948096 -36.901
66 6.609697052 6.609667178 -166307.416852623 -36.901
67 6.709815237 6.709781632 -166307.316738151 -36.901
68 6.809919181 6.809881938 -166307.216637845 -36.901
69 6.910019830 6.909978855 -166307.116540928 -36.901
70 7.010115441 7.010070791 -166307.016448992 -36.901
71 7.110213496 7.110165153 -166306.916354630 -36.901
72 7.210316385 7.210264329 -166306.816255454 -36.901
73 7.310405366 7.310349654 -166306.716170258 -36.901
74 7.410501626 7.410442201 -166306.616077582 -36.901
75 7.510612237 7.510549118 -166306.515970665 -36.901
76 7.610735644 7.610668812 -166306.415850971 -36.901
77 7.710866514 7.710795987 -166306.315723795 -36.901
78 7.810972848 7.810898664 -166306.215621174 -36.901
79 7.911070440 7.910992562 -166306.115527220 -36.901
80 8.011167773 8.011086165 -166306.015433618 -36.901
81 8.111262718 8.111177434 -166305.915342348 -36.901
82 8.211434199 8.211345218 -166310.110135442 -36.901
83 8.311636514 8.311543817 -166310.009937251 -36.901
84 8.411782940 8.411686547 -166309.909794113 -36.901
85 8.511903588 8.511803501 -166309.809677160 -36.901
86 8.613349717 8.613245887 -166309.708234774 -36.901
87 8.713476680 8.713369174 -166309.608111487 -36.901
88 8.813574199 8.813462980 -166309.508017681 -36.901
89 8.913663402 8.913548509 -166309.407932134 -36.901
90 9.013745032 9.013626445 -166309.307854216 -36.901
91 9.113852310 9.113729992 -166309.207750669 -36.901
92 9.213969162 9.213843186 -166309.107637475 -36.901
93 9.314092273 9.313962602 -166309.007518058 -36.901
94 9.414375958 9.414242568 -166308.907238092 -36.901
95 9.514512772 9.514375688 -166308.807104973 -36.901
96 9.614606383 9.614465624 -166308.707015037 -36.901
97 9.714700180 9.714555708 -166308.606924952 -36.901
98 9.814819032 9.814670847 -166308.506809814 -36.901
99 9.914921531 9.914769671 -166308.406710989 -36.901
100 10.015033346 10.014877810 -166308.306602869 -36.901
101 10.115162142 10.115002893 -166308.206477786 -36.901
102 10.215292828 10.215131046 -166312.401181635 -11.267
103 10.315376161 10.315213326 -166312.301099337 -11.267
104 10.415479624 10.415315661 -166312.200997002 -11.267
105 10.515574290 10.515409218 -166312.100903463 -11.267
106 10.615666327 10.615500127 -166312.000812665 -11.267
107 10.715766161 10.715598833 -166311.900713849 -11.267
108 10.815901605 10.815733149 -166311.800579551 -11.267
109 10.916007160 10.915837540 -166311.700475142 -11.267
110 11.016107679 11.015936949 -166311.600375733 -11.267
111 11.116212383 11.116040524 -166311.500272139 -11.267
112 11.216312920 11.216139933 -166311.400172748 -11.267
113 11.316400401 11.316226324 -166311.300086413 -11.267
114 11.416484994 11.416309752 -166311.200002911 -11.267
115 11.516574216 11.516397865 -166311.099914817 -11.267
116 11.616761271 11.616583755 -166310.999728946 -11.267
117 11.716874642 11.716696034 -166310.899616648 -11.267
118 11.816983530 11.816803758 -166310.799508924 -11.267
119 11.917097623 11.916916741 -166310.699395941 -11.267
120 12.017194808 12.017012817 -166310.599299865 -11.267
121 12.117280808 12.117097707 -166310.499214993 -11.267
122 12.217356493 12.217172265 -166310.399140472 -11.267
123 12.317394012 12.317208618 -166310.299111397 -11.267
124 12.417494104 12.417307565 -166310.199012469 -11.267
125 12.517629160 12.517441510 -166310.098878523 -11.267
126 12.617739271 12.617550512 -166309.998769503 -11.267
127 12.717847400 12.717657495 -166309.898662539 -11.267
128 12.817956252 12.817765256 -166309.798554778 -11.267
129 12.918056641 12.917864517 -166309.698455924 -11.267
130 13.018148752 13.017955482 -166309.598364571 -11.267
131 13.118234159 13.118039761 -166309.498280254 -11.267
132 13.218339937 13.218144392 -166309.398175660 -11.267
133 13.318481159 13.318284468 -166309.298035584 -11.267
134 13.418593789 13.418396025 -166309.197924009 -11.267
135 13.518717159 13.518518249 -166309.097801766 -11.267
136 13.618838289 13.618638250 -166308.997681784 -11.267
137 13.718934844 13.718733659 -166308.897586374 -11.267
138 13.819026474 13.818824179 -166308.797495854 -11.267
139 13.919111548 13.918908107 -166308.697411945 -11.267
140 14.019216288 14.019011720 -166308.597308332 -11.267
141 14.119322733 14.119117036 -166308.497202997 -11.267
142 14.219423325 14.219216501 -166308.397103532 -11.267
143 14.319562066 14.319354132 -166308.296965902 -11.267
144 14.419675899 14.419466819 -166308.196853196 -11.267
145 14.519768658 14.519558469 -166308.096761676 -11.267
146 14.619853214 14.619641859 -166307.996678156 -11.267
147 14.719930732 14.719718269 -166307.896601765 -11.267
148 14.820040417 14.819826807 -166307.796493226 -11.267
149 14.920163436 14.919948735 -166307.696371317 -11.267
150 15.020275751 15.020059901 -166316.186155619 -12.436
151 15.123946380 15.123729167 -166316.082486334 -12.436
152 15.224085139 15.223866774 -166315.982348746 -12.436
153 15.324187325 15.323967695 -166315.882247806 -12.436
154 15.424280824 15.424059969 -166315.782155532 -12.436
155 15.524371195 15.524149095 -166315.682066407 -12.436
156 15.624442565 15.624219183 -166315.581996318 -12.436
157 15.724549454 15.724324827 -166315.481890693 -12.436
158 15.824679398 15.824453545 -166315.381761957 -12.436
159 15.924779269 15.924552170 -166315.281663350 -12.436
160 16.024880806 16.024652481 -166315.181563021 -12.436
161 16.124978694 16.124749106 -166315.081466395 -12.436
162 16.225072231 16.224841436 -166314.981374066 -12.436
163 16.325162176 16.324930117 -166314.881285366 -12.436
164 16.426381954 16.426148636 -166314.780066847 -12.436
165 16.526532324 16.526297760 -166314.679917741 -12.436
166 16.626646731 16.626410904 -166314.579804616 -12.436
167 16.726759064 16.726521992 -166314.479693491 -12.436
168 16.826868250 16.826629951 -166314.379585550 -12.436
169 16.926968361 16.926728817 -166314.279486684 -12.436
170 17.027060453 17.026819647 -166314.179395837 -12.436
171 17.127155416 17.126913382 -166322.669192832 -12.436
172 17.227257120 17.227013841 -166322.569092373 -12.436
173 17.327399675 17.327155151 -166322.468951082 -12.436
174 17.427522786 17.427276980 -166322.368829253 -12.436
175 17.527637527 17.527390494 -166322.268715702 -12.436
176 17.627743768 17.627495509 -166322.168610706 -12.436
177 17.727836175 17.727586653 -166322.068519562 -12.436
178 17.827927934 17.827677148 -166321.968429085 -12.436
179 17.928021045 17.927769033 -166321.868337552 -12.436
180 18.028110971 18.027857733 -166321.768248482 -12.436
181 18.128213971 18.127959469 -166321.668146764 -12.436
182 18.228372434 18.228116705 -166321.567989546 -12.436
183 18.328473323 18.328216331 -166321.467889884 -12.436
184 18.430493545 18.430235321 -166321.365870894 -12.436
185 18.530641841 18.530382316 -166321.265723880 -12.436
186 18.630741934 18.630481201 -166321.165625014 -12.436
187 18.730839730 18.730577771 -166321.065528444 -12.436
188 18.830936026 18.830672785 -166320.965433448 -12.436
189 18.931035841 18.930771374 -166320.865334878 -12.436
190 19.031150767 19.030885054 -166320.765221160 -12.436
191 19.131280730 19.131013791 -166320.665092442 -12.436
192 19.231409322 19.231141027 -166320.564965225 -12.436
193 19.331520489 19.331251041 -166320.464855155 -12.436
194 19.431618841 19.431348129 -166320.364758104 -12.436
195 19.531708378 19.531436440 -166320.264669774 -12.436
196 19.631797359 19.631524140 -166320.164582093 -12.436
197 19.731904452 19.731629987 -166320.064476227 -12.436
198 19.832015118 19.831739427 -166319.964366787 -12.436
199 19.932141896 19.931864978 -166319.864241236 -12.436
200 20.032260007 20.031982269 20.024277342 -1.410
201 20.132376488 20.132098591 20.124393664 -1.410
202 20.232486581 20.232208542 20.224503616 -1.410
203 20.332575970 20.332297771 20.324592845 -1.410
204 20.432652266 20.432373945 20.424669018 -1.410
205 20.532888562 20.532609989 20.524905062 -1.410
206 20.634953821 20.634675215 20.626970270 -1.410
207 20.735084321 20.734805574 20.727100647 -1.410
208 20.835190877 20.834911988 20.827207061 -1.410
209 20.935289173 20.935010106 20.927305180 -1.410
210 21.035386914 21.035107761 21.027402835 -1.410
211 21.135500266 21.135220935 21.127516027 -1.410
212 21.235592673 21.235313219 21.227608293 -1.410
213 21.335682543 21.335402949 21.327698003 -1.410
214 21.435785154 21.435505381 21.427800418 -1.410
215 21.535887710 21.535607814 21.527902869 -1.410
216 21.635999599 21.635719562 21.628014635 -1.410
217 21.736110487 21.735830291 21.728125346 -1.410
218 21.836216135 21.835935798 21.828230834 -1.410
219 21.936338358 21.936057879 21.928352934 -1.410
220 22.036444469 22.036163849 22.028458904 -1.410
221 22.136562080 22.136281318 22.128611162 -1.410
222 22.236662950 22.236382084 22.228711947 -1.410
223 22.336764728 22.336483703 22.328813509 -1.410
224 22.436875543 22.436594395 22.428924257 -1.410
225 22.536974857 22.536693531 22.529023375 -1.410
226 22.637081265 22.636799797 22.629129641 -1.410
227 22.737193987 22.736912397 22.729242241 -1.410
228 22.837301431 22.837019681 22.829349507 -1.410
229 22.937405283 22.937123411 22.929453273 -1.410
230 23.037496320 23.037214251 23.029544076 -1.410
231 23.137616783 23.137334610 23.129664454 -1.410
232 23.237728838 23.237446542 23.229776386 -1.410
233 23.337832301 23.337549846 23.329879671 -1.410
234 23.437967357 23.437684723 23.430014548 -1.410
235 23.538106764 23.537824045 23.530153888 -1.410
236 23.638205523 23.637922644 23.630252488 -1.410
237 23.738309282 23.738026262 23.730356106 -1.410
238 23.838425042 23.838141880 23.830471705 -1.410
239 23.938536171 23.938252887 23.930582712 -1.410
240 24.038649412 24.038365986 24.030695812 -1.410
241 24.138755801 24.138472233 24.130799910 -1.410
242 24.238874986 24.238591296 24.230918973 -1.410
243 24.338973152 24.338689321 24.331017017 -1.410
244 24.439072412 24.438788421 24.431116098 -1.410
245 24.539178875 24.538894724 24.531222382 -1.410
246 24.639285986 24.639001712 24.631329371 -1.410
247 24.739398986 24.739114553 24.731442229 -1.410
248 24.839505967 24.839221393 24.831549070 -1.410
249 24.939610967 24.939326270 24.931653947 -1.410
250 25.039711245 25.039426425 25.031754102 -1.410
251 25.139822800 25.139537821 25.131865479 -1.410
252 25.239938374 25.239653254 25.231980931 -1.410
253 25.340041504 25.339756242 25.332083901 -1.410
254 25.440148541 25.439863119 25.432190796 -1.410
255 25.540256355 25.539970793 25.532298451 -1.410
256 25.640362892 25.640077152 25.632404829 -1.410
257 25.740468189 25.740182362 25.732510058 -1.410
258 25.840575503 25.840289536 25.832617176 -1.410
259 25.940683022 25.940396913 25.932724572 -1.410
260 26.040789985 26.040503698 26.032831356 -1.410
261 26.140897429 26.140611020 26.132938678 -1.410
262 26.241008170 26.240721638 26.233049315 -1.410
263 26.341113281 26.340826552 26.333154229 -1.410
264 26.441226281 26.440939485 26.433267180 -1.410
265 26.541333873 26.541046899 26.533374558 -1.410
266 26.641437596 26.641150498 26.633474758 -1.410
267 26.741548633 26.741261394 26.733585654 -1.410
268 26.841659132 26.841371753 26.833696013 -1.410
269 26.941763892 26.941476352 26.933800612 -1.410
270 27.041869558 27.041581915 27.033906175 -1.410
271 27.141975206 27.141687051 27.134011311 -1.410
272 27.242095262 27.241807299 27.234131559 -1.410
273 27.342197428 27.341909324 27.334233584 -1.410
274 27.442298910 27.442010665 27.434334925 -1.410
275 27.542407614 27.542119246 27.534443506 -1.410
276 27.642511873 27.642223345 27.634547605 -1.410
277 27.742613076 27.742324426 27.734648686 -1.410
278 27.842720132 27.842431285 27.834755526 -1.410
279 27.942844965 27.942556032 27.934880274 -1.410
280 28.042952373 28.042663280 28.034987522 -1.410
281 28.143060447 28.142771213 28.135095473 -1.410
282 28.243172132 28.242882757 28.235206998 -1.410
283 28.343278687 28.342989171 28.335313413 -1.410
284 28.443383872 28.443094252 28.435418512 -1.410
285 28.543502243 28.543212407 28.535536667 -1.410
286 28.643629798 28.643339877 28.635664137 -1.410
287 28.743741687 28.743451625 28.735775885 -1.410
288 28.843847409 28.843557206 28.835881466 -1.410
289 28.943953076 28.943662731 28.935986973 -1.410
290 29.044076168 29.043785635 29.036106784 -3.316
291 29.144174687 29.143883784 29.136204971 -3.316
292 29.244280427 29.243989211 29.236310342 -3.316
293 29.344391205 29.344099639 29.336420807 -3.316
294 29.444502186 29.444210307 29.436531475 -3.316
295 29.544616575 29.544324364 29.536645513 -3.316
296 29.644718372 29.644425791 29.636746940 -3.316
297 29.744822038 29.744529144 29.736850312 -3.316
298 29.844921297 29.844628071 29.836949258 -3.316
299 29.945021742 29.944728184 29.937049352 -3.316
300 30.045126445 30.044832519 30.037153668 -3.316
301 30.145231260 30.144937038 30.137258206 -3.316
302 30.245340723 30.245046188 30.237367356 -3.316
303 30.345442427 30.345147560 30.337468709 -3.316
304 30.445543649 30.445248394 30.437569544 -3.316
305 30.545647482 30.545351970 30.537673138 -3.316
306 30.645751667 30.645455786 30.637776917 -3.316
307 30.745847815 30.745551602 30.737872770 -3.316
308 30.845951278 30.845654733 30.837975901 -3.316
309 30.946066852 30.945769994 30.938091143 -3.316
310 31.046174037 31.045876829 31.038197996 -3.316
311 31.146275500 31.145977997 31.138299183 -3.316
312 31.246387834 31.246089961 31.238411147 -3.316
313 31.346503945 31.346205740 31.338526908 -3.316
314 31.446610130 31.446311593 31.438632743 -3.316
315 31.546717370 31.546418502 31.538739651 -3.316
316 31.646828296 31.646529114 31.638850282 -3.316
317 31.746956852 31.746657319 31.738978487 -3.316
318 31.847064611 31.846764746 31.839099322 -3.316
319 31.947171833 31.946871655 31.939206231 -3.316
320 32.047294444 32.046993934 32.039328491 -3.316
321 32.147407166 32.147106325 32.139440881 -3.316
322 32.247513092 32.247211900 32.239546457 -3.316
323 32.347623981 32.347322494 32.339657032 -3.316
324 32.447733111 32.447431273 32.439765830 -3.316
325 32.547838388 32.547536200 32.539870757 -3.316
326 32.647950314 32.647647794 32.639982351 -3.316
327 32.748065999 32.747763185 32.740097704 -3.316
328 32.848175184 32.847872001 32.840206558 -3.316
329 32.948278740 32.947975224 32.940309781 -3.316
330 33.048382518 33.048078689 33.040413227 -3.316
331 33.148475444 33.148171283 33.140505821 -3.316
332 33.248562721 33.248258210 33.240592748 -3.316
333 33.348656684 33.348351860 33.340686398 -3.316
334 33.448742369 33.448437213 33.440771751 -3.316
335 33.548825666 33.548520159 33.540854679 -3.316
336 33.648911017 33.648605216 33.640939736 -3.316
337 33.748996091 33.748689921 33.741024459 -3.316
338 33.849090573 33.848784112 33.841118650 -0.743
339 33.949182295 33.948875704 33.941210261 -0.743
340 34.049280110 34.048973481 34.041308020 -0.743
341 34.149375628 34.149068944 34.141403482 -0.743
342 34.249462517 34.249155740 34.241490260 -0.743
343 34.349552091 34.349245258 34.341579797 -0.743
344 34.449638146 34.449331239 34.441665759 -0.743
345 34.549721665 34.549414684 34.541749203 -0.743
346 34.649810350 34.649503294 34.641837833 -0.743
347 34.749894628 34.749587461 34.741921944 -0.743
348 34.849982702 34.849675486 34.842009969 -2.029
349 34.950070202 34.949762783 34.942097340 -2.029
350 35.050172479 35.049864857 35.042199359 -2.029
351 35.150265239 35.149957413 35.142291933 -2.029
352 35.250351331 35.250043284 35.242377841 -2.029
353 35.350440201 35.350131970 35.342466509 -2.029
354 35.450526238 35.450217804 35.442552342 -2.029
355 35.550609850 35.550301212 35.542635750 -2.029
356 35.650693553 35.650384694 35.642719214 -2.029
357 35.750777349 35.750468287 35.742802844 -2.029
358 35.850863386 35.850554134 35.842888672 -2.672
359 35.950946479 35.950636941 35.942971498 -2.672
360 36.051054627 36.050744840 36.043079378 -2.672
361 36.151143905 36.150833850 36.143168055 -2.672
362 36.251229201 36.250918842 36.243253399 -2.672
363 36.351322886 36.351012278 36.343346687 -2.672
364 36.451414979 36.451104121 36.443438641 -2.672
365 36.551501479 36.551190335 36.543524855 -2.672
366 36.651592275 36.651280864 36.643615402 -2.672
367 36.751673978 36.751362300 36.743696802 -2.672
368 36.851756664 36.851444725 36.843779244 -4.105
369 36.951846404 36.951534036 36.943868593 -4.105
370 37.051961478 37.051648699 37.043983256 -4.105
371 37.152065960 37.151752788 37.144087289 -4.105
372 37.252150756 37.251837155 37.244171693 -4.105
373 37.352244163 37.351930170 37.344264690 -4.105
374 37.452325756 37.452011352 37.444345872 -4.105
375 37.552408700 37.552093867 37.544428405 -4.105
376 37.652491496 37.652176234 37.644510754 -4.105
377 37.752582922 37.752267267 37.744601806 -4.105
378 37.852665922 37.852349875 37.844684395 -4.105
379 37.952748811 37.952432353 37.944766854 -4.105
380 38.052838700 38.052521812 38.044856369 -4.105
381 38.152942274 38.152624994 38.144959514 -4.105
382 38.253026570 38.252708861 38.245043381 -4.105
383 38.353116052 38.352797950 38.345132489 -4.105
384 38.453202755 38.452884389 38.445218872 -0.853
385 38.553286385 38.552967915 38.545302435 -0.853
386 38.653366237 38.653047645 38.645382164 -0.853
387 38.753448699 38.753130059 38.745464598 -0.853
388 38.853526329 38.853207585 38.845542123 -0.853
389 38.953603070 38.953284259 38.945618742 -0.853
390 39.053701107 39.053382229 39.045716767 -0.853
391 39.153802199 39.153483236 39.145817719 -0.853
392 39.253889292 39.253570243 39.245904745 -0.853
393 39.353978088 39.353658973 39.345993493 -0.853
394 39.454062718 39.453743443 39.446077963 -2.084
395 39.554142329 39.553822827 39.546157365 -2.084
396 39.654225421 39.653905692 39.646240231 -2.084
397 39.754306588 39.753986669 39.746321207 -2.084
398 39.854388773 39.854068645 39.846403165 -2.084
399 39.954479977 39.954159640 39.946494179 -2.084
400 40.054581736 40.054261209 40.046595766 -2.084
401 40.154687588 40.154366853 40.146701391 -2.084
402 40.254773513 40.254452551 40.246787108 -2.084
403 40.354862791 40.354541639 40.346876177 -2.084
404 40.454946235 40.454624847 40.446959367 -2.700
405 40.555028902 40.554707244 40.547041764 -2.700
406 40.655111124 40.654789159 40.647123678 -2.700
407 40.755194698 40.754872481 40.747207001 -2.700
408 40.855278346 40.854955877 40.847290397 -2.700
409 40.955363606 40.955040866 40.947375405 -2.700
410 41.055463680 41.055140670 41.047475227 -2.700
411 41.155567513 41.155244233 41.147578771 -2.700
412 41.255654383 41.255330815 41.247665334 -2.700
413 41.355748513 41.355424692 41.347759231 -2.700
414 41.455834827 41.455510730 41.447845232 -2.846
415 41.555917957 41.555593575 41.547928077 -2.846
416 41.655999013 41.655674309 41.648008829 -2.846
417 41.756082068 41.755757117 41.748091655 -2.846
418 41.856164938 41.855839702 41.848174222 -2.846
419 41.956249272 41.955923751 41.948258289 -2.846
420 42.056333475 42.056007651 42.048342226 -2.846
421 42.156442994 42.156116903 42.148451386 -2.846
422 42.256532734 42.256206359 42.248540916 -2.846
423 42.356626790 42.356300130 42.348634649 -2.846
424 42.456709642 42.456382697 42.448717216 -2.846
425 42.556787975 42.556460745 42.548795265 -2.846
426 42.656872271 42.656544701 42.648879239 -2.846
427 42.756955567 42.756627768 42.748962288 -2.846
428 42.857038419 42.856710316 42.849044818 -2.846
429 42.957122401 42.956794163 42.949128683 0.166
430 43.057222586 43.056894365 43.049228922 0.166
431 43.157343364 43.157015159 43.149349716 0.166
432 43.257437715 43.257109528 43.249444085 0.166
433 43.357532474 43.357204304 43.349538768 0.166
434 43.457615863 43.457287709 43.449622247 0.166
435 43.557703382 43.557375244 43.549709727 0.166
436 43.657786882 43.657458761 43.649793299 0.166
437 43.757869326 43.757541222 43.749875742 0.166
438 43.857958678 43.857630590 43.849965128 0.166
439 43.958041752 43.957713681 43.950048182 0.166
440 44.058123585 44.057795531 44.050130050 0.166
441 44.158215659 44.157887621 44.150222178 0.166
442 44.258314659 44.257986619 44.250321102 0.166
443 44.358408307 44.358080284 44.350414767 0.166
444 44.458491159 44.458163189 44.450497709 0.166
445 44.558573196 44.558245224 44.550579763 0.166
446 44.658658289 44.658330278 44.650664816 0.166
447 44.758739585 44.758411628 44.750746166 0.166
448 44.858823233 44.858495311 44.850829813 0.166
449 44.958906733 44.958578828 44.950913366 0.166
450 45.058992011 45.058664122 45.050998642 0.166
451 45.159080085 45.158752194 45.151086751 0.166
452 45.259180603 45.258852696 45.251187253 0.209
453 45.359276344 45.358948513 45.351283033 0.209
454 45.459360325 45.459032516 45.451367017 0.209
455 45.559446307 45.559118518 45.551453038 0.209
456 45.659537121 45.659209354 45.651543892 0.209
457 45.759620825 45.759293060 45.751627598 0.209
458 45.859700547 45.859372821 45.851707341 0.209
459 45.959784473 45.959456768 45.951791288 0.209
460 46.059871714 46.059544030 46.051878550 0.209
461 46.159959177 46.159631495 46.151966052 0.209
462 46.260058584 46.259730905 46.252065443 0.209
463 46.360154510 46.359826889 46.352161353 0.209
464 46.460238139 46.459910521 46.452245040 0.209
465 46.560319028 46.559991430 46.552325969 0.209
466 46.660396769 46.660069173 46.652403712 0.209
467 46.760476435 46.760148861 46.752483381 0.209
468 46.860556435 46.860228900 46.852563439 0.209
469 46.960638509 46.960311014 46.952645497 0.209
470 47.060720657 47.060393183 47.052727684 0.209
471 47.160819435 47.160491981 47.152826520 0.209
472 47.260921417 47.260593495 47.252928052 -6.827
473 47.361011046 47.360682515 47.353016998 -6.827
474 47.461095805 47.460766573 47.453101093 -6.827
475 47.561176953 47.560847001 47.553181539 -6.827
476 47.661263268 47.660932632 47.653267170 -6.827
477 47.761343824 47.761012504 47.753347006 -6.827
478 47.861428713 47.861096728 47.853431248 -6.827
479 47.961519250 47.961186600 47.953521157 -6.827
480 48.061614990 48.061281639 48.053616196 -6.827
481 48.161718379 48.161384363 48.153718920 -6.827
482 48.261824249 48.261489747 48.253824266 -3.632
483 48.361911564 48.361576679 48.353911199 -3.632
484 48.462000508 48.461665279 48.453999799 -3.632
485 48.562081620 48.561746008 48.554080546 -3.632
486 48.662163138 48.661827181 48.654161720 -3.632
487 48.762245342 48.761909021 48.754243504 -3.632
488 48.862327305 48.861990621 48.854325122 -3.632
489 48.962415212 48.962078164 48.954412703 -3.632
490 49.062497749 49.062160338 49.054494839 -3.632
491 49.162555360 49.162217567 49.154552142 -3.632
492 49.262673915 49.262335875 49.254670432 -2.035
493 49.362770064 49.362431820 49.354766358 -2.035
494 49.462855212 49.462516764 49.454851303 -2.035
495 49.562939082 49.562600412 49.554934951 -2.035
496 49.663020008 49.662681153 49.655015673 -2.035
497 49.763101341 49.762762264 49.755096747 -2.035
498 49.863182897 49.862843616 49.855178099 -2.035
499 49.963264248 49.962924783 49.955259303 -2.035
500 50.063346359 50.063006690 50.055341173 -2.035
501 50.163427082 50.163087190 50.155421729 -2.035
502 50.263512600 50.263172699 50.255507237 0.833
503 50.363618267 50.363278430 50.355612765 0.833
504 50.463705878 50.463366143 50.455700681 0.833
505 50.563789044 50.563449374 50.555783894 0.833
506 50.663872174 50.663532606 50.655867126 0.833
507 50.763958822 50.763619337 50.755953876 0.833
508 50.864046007 50.863706587 50.856041144 0.833
509 50.964151488 50.963812171 50.956146709 0.833
510 51.064241988 51.063902754 51.056237255 0.833
511 51.164324692 51.163985522 51.156320061 0.833
512 51.264412433 51.264073326 51.256407865 0.198
513 51.364515136 51.364176068 51.356510607 0.198
514 51.464621970 51.464282903 51.456617386 0.198
515 51.564703747 51.564364682 51.556699183 0.198
516 51.664787470 51.664448443 51.656782981 0.198
517 51.764873821 51.764534796 51.756869353 0.198
518 51.864954821 51.864615815 51.856950335 0.198
519 51.965039340 51.964700372 51.957034892 0.198
520 52.065119969 52.064781022 52.057115541 0.198
521 52.165200432 52.164861486 52.157195969 0.198
522 52.265291006 52.264952361 52.257286900 4.558
523 52.365389951 52.365051743 52.357386263 4.558
524 52.465478173 52.465140422 52.457474941 4.558
525 52.565560599 52.565223304 52.557557842 4.558
526 52.665642432 52.665305630 52.657640168 4.558
527 52.765724099 52.765387716 52.757722236 4.558
528 52.865803173 52.865467246 52.857801784 4.558
529 52.965886821 52.965551369 52.957885907 4.558
530 53.065967913 53.065632880 53.057967363 4.558
531 53.166047561 53.165713003 53.158047486 4.558
532 53.266133820 53.265799568 53.258134125 2.060
533 53.366232357 53.365898292 53.358232683 2.060
534 53.466321728 53.465987906 53.458322426 2.060
535 53.566404357 53.566070723 53.558405243 2.060
536 53.666485802 53.666152392 53.658486931 2.060
537 53.766567153 53.766233950 53.758568470 2.060
538 53.866649265 53.866316249 53.858650787 2.060
539 53.966733505 53.966400714 53.958735253 2.060
540 54.066813727 54.066481124 54.058815681 2.060
541 54.166895024 54.166562608 54.158897146 2.060
542 54.266999524 54.266667239 54.259001815 0.812
543 54.367102857 54.366770672 54.359105192 0.812
544 54.467196727 54.466864642 54.459199162 0.812
545 54.567281320 54.566949298 54.559283817 0.812
546 54.667364079 54.667032175 54.659366695 0.812
547 54.767448097 54.767116238 54.759450758 0.812
548 54.867540134 54.867208356 54.859542894 0.812
549 54.967624949 54.967293252 54.959627772 0.812
550 55.067706245 55.067374629 55.059709168 0.812
551 55.167789079 55.167457562 55.159792082 0.812
552 55.267874004 55.267542264 55.259876839 -3.691
553 55.367986097 55.367654024 55.359988544 -3.691
554 55.468076597 55.467744136 55.460078656 -3.691
555 55.568160986 55.567828155 55.560162693 -3.691
556 55.668248578 55.667915397 55.660249954 -3.691
557 55.768332097 55.767998527 55.760333066 -3.691
558 55.868412226 55.868078287 55.860412826 -3.691
559 55.968494411 55.968160121 55.960494660 -3.691
560 56.068576652 56.068241993 56.060576531 -3.691
561 56.168657874 56.168322827 56.160657347 -3.691
562 56.268741022 56.268405702 56.260740204 -2.064
563 56.368835948 56.368500421 56.360834978 -2.064
564 56.468962522 56.468626789 56.460961124 -2.064
565 56.569047689 56.568711749 56.561046287 -2.064
566 56.669130152 56.668794005 56.661128507 -2.064
567 56.769210892 56.768874539 56.761209078 -2.064
568 56.869291207 56.868954647 56.861289186 -2.064
569 56.969375374 56.969038626 56.961373146 -2.064
570 57.069456596 57.069119623 57.061454161 -2.064
571 57.169536781 57.169199602 57.161534121 -2.064
572 57.269620392 57.269282851 57.261617333 -4.687
573 57.369710522 57.369372530 57.361707068 -4.687
574 57.469808170 57.469469653 57.461804173 -4.687
575 57.569893466 57.569554517 57.561889055 -4.687
576 57.669981336 57.669641937 57.661976475 -4.687
577 57.770063392 57.769723505 57.762058043 -4.687
578 57.870145281 57.869804924 57.862139463 -4.687
579 57.970225447 57.969884622 57.962219160 -4.687
580 58.070305669 58.069964393 58.062298876 -4.687
581 58.170388151 58.170046387 58.162380925 -4.687
582 58.270471632 58.270129525 58.262464045 -2.562
583 58.370562280 58.370219916 58.362554473 -2.562
584 58.470660299 58.470317678 58.462652198 -2.562
585 58.570743002 58.570400126 58.562734645 -2.562
586 58.670823725 58.670480554 58.662815093 -2.562
587 58.770904910 58.770561483 58.762895947 -2.562
588 58.870988280 58.870644634 58.862979172 -2.562
589 58.971072817 58.970728914 58.963063397 -2.562
590 59.071154002 59.070809862 59.063144381 -2.562
591 59.171235835 59.170891420 59.163225958 -2.562
592 59.271329039 59.270983979 59.263318517 -9.187
593 59.371419928 59.371073966 59.363408505 -9.187
594 59.471518020 59.471171121 59.463505585 -9.187
595 59.571602372 59.571254553 59.563589073 -9.187
596 59.671689576 59.671340837 59.663675376 -9.187
597 59.771775224 59.771425566 59.763760086 -9.187
598 59.871855557 59.871504980 59.863839500 -9.187
599 59.971934483 59.971583005 59.963917506 -9.187
600 60.072017539 60.071665122 60.063999661 -9.187
601 60.172101890 60.171748536 60.164083074 -9.187
602 60.272184390 60.271830409 60.264164929 -4.812
603 60.372273964 60.371919464 60.364254003 -4.812
604 60.472372131 60.472017149 60.464351669 -4.812
605 60.572455372 60.572099908 60.564434391 -4.812
606 60.672533723 60.672177760 60.664512299 -4.812
607 60.772623538 60.772267149 60.764601632 -4.812
608 60.872704001 60.872347112 60.864681594 -4.812
609 60.972787816 60.972430426 60.964764965 -4.812
610 61.072882760 61.072524908 61.064859446 -4.812
611 61.172967723 61.172609407 61.164943927 -4.812
612 61.273052316 61.272693645 61.265028165 -2.624
613 61.373141130 61.372782198 61.365116754 -2.624
614 61.473237130 61.472877935 61.465212473 -2.624
615 61.573330908 61.572971431 61.565305914 -2.624
616 61.673423056 61.673063298 61.665397781 -2.624
617 61.773510778 61.773150795 61.765485315 -2.624
618 61.873595000 61.873234754 61.865569256 -2.624
619 61.973680315 61.973319806 61.965654326 -2.624
620 62.073770889 62.073410118 62.065744637 -2.624
621 62.173856019 62.173494966 62.165829504 -2.624
622 62.273940130 62.273579090 62.265913628 2.180
623 62.374030185 62.373669345 62.366003698 2.180
624 62.474135926 62.473775322 62.466109861 2.180
625 62.574237537 62.573877151 62.566211671 2.180
626 62.674328574 62.673968425 62.666302964 2.180
627 62.774414074 62.774054125 62.766388645 2.180
628 62.874498407 62.874138676 62.866473215 2.180
629 62.974581092 62.974221580 62.966556118 2.180
630 63.074664555 63.074305261 63.066639781 2.180
631 63.174748481 63.174389423 63.166723943 2.180
632 63.274832240 63.274473289 63.266807827 0.872
633 63.374920240 63.374561394 63.366895933 0.872
634 63.475009944 63.474651167 63.466985705 0.872
635 63.575111555 63.574752865 63.567087255 0.872
636 63.675203222 63.674844600 63.667179139 0.872
637 63.775290536 63.774932058 63.767266559 0.872
638 63.875377055 63.875018645 63.867353183 0.872
639 63.975462370 63.975104028 63.967438567 0.872
640 64.075545703 64.075187449 64.067521969 0.872
641 64.175640481 64.175282332 64.167616852 0.872
642 64.275727814 64.275369699 64.267704256 0.579
643 64.375825703 64.375467683 64.367802110 0.579
644 64.475916017 64.475558037 64.467892594 0.579
645 64.576017832 64.575659928 64.567994448 0.579
646 64.676116851 64.675759005 64.668093543 0.579
647 64.776226591 64.775868822 64.768203360 0.579
648 64.876306351 64.875948621 64.868283122 0.579
649 64.976387721 64.976030067 64.968364569 0.579
650 65.076475017 65.076117403 65.068451941 0.579
651 65.176561647 65.176204109 65.168538629 0.579
652 65.276653073 65.276295564 65.268630065 0.071
653 65.376736276 65.376378756 65.368713295 0.071
654 65.476823387 65.476465874 65.468800431 0.071
655 65.576924850 65.576567363 65.568901901 0.071
656 65.677019220 65.676661740 65.668996260 0.071
657 65.777109202 65.776751729 65.769086249 0.071
658 65.877189350 65.876831884 65.869166423 0.071
659 65.977270165 65.976912687 65.969247207 0.071
660 66.077356813 66.076999343 66.069333881 0.071
661 66.177437035 66.177079572 66.169414110 0.071
662 66.277525627 66.277167925 66.269502463 -4.635
663 66.377568146 66.377209979 66.369544499 -4.635
664 66.477671572 66.477312904 66.469647461 -4.635
665 66.577778905 66.577419811 66.569754293 -4.635
666 66.677888275 66.677528698 66.669863200 -4.635
667 66.777985201 66.777625160 66.769959643 -4.635
668 66.878068127 66.877707622 66.870042105 -4.635
669 66.978152794 66.977791825 66.970126326 -4.635
670 67.078234886 67.077873453 67.070207992 -4.635
671 67.178320294 67.177958415 67.170292954 -4.635
672 67.278408997 67.278046754 67.270381293 -2.536
673 67.378492349 67.378129815 67.370464317 -2.536
674 67.478576571 67.478213802 67.470548378 -2.536
675 67.578683275 67.578320307 67.570654846 -2.536
676 67.678785330 67.678422091 67.670756647 -2.536
677 67.778878904 67.778515392 67.770849931 -2.536
678 67.878963071 67.878599268 67.870933751 -2.536
679 67.979044478 67.978680477 67.971014997 -2.536
680 68.079125867 68.078761594 68.071096132 -2.536
681 68.179207256 68.178842747 68.171177100 -2.536
682 68.279293663 68.278928740 68.271263279 -5.407
683 68.379376589 68.379011088 68.371345645 -5.407
684 68.479459441 68.479093399 68.471427937 -5.407
685 68.579582071 68.579215505 68.571550062 -5.407
686 68.679691848 68.679324760 68.671659243 -5.407
687 68.779784959 68.779417330 68.771751869 -5.407
688 68.879856682 68.879488474 68.871823050 -5.407
689 68.979937422 68.979568692 68.971903194 -5.407
690 69.080018718 69.079649466 69.071984041 -5.407
691 69.180092126 69.179722332 69.172056908 -5.407
692 69.280174107 69.279803929 69.272138449 -2.922
693 69.380255255 69.379884729 69.372219305 -2.922
694 69.480326922 69.479956140 69.472290716 -2.922
695 69.580414051 69.580042977 69.572377534 -2.922
696 69.680524274 69.680152907 69.672487427 -2.922
697 69.780617033 69.780245374 69.772579931 -2.922
698 69.880691866 69.880319915 69.872654490 -2.922
699 69.980767329 69.980395067 69.972729587 -2.922
700 70.080852884 70.080480348 70.072814868 -2.922
701 70.180938940 70.180566111 70.172900631 -2.922
702 70.281022792 70.280649534 70.272984072 -5.399
703 70.381095940 70.380722104 70.373056680 -5.399
704 70.481166829 70.480792490 70.473127065 -5.399
705 70.581266495 70.580891616 70.573226173 -5.399
706 70.681374255 70.680998835 70.673333392 -5.399
707 70.781463421 70.781087405 70.773421981 -5.399
708 70.881542032 70.881165532 70.873500107 -5.399
709 70.981617625 70.981240565 70.973575067 -5.399
710 71.081698143 71.081320562 71.073655137 -5.399
711 71.181775180 71.181397058 71.173731578 -5.399
712 71.281863384 71.281484839 71.273819378 -2.918
713 71.381945273 71.381566473 71.373901030 -2.918
714 71.482018421 71.481639311 71.473973886 -2.918
715 71.582112272 71.581732852 71.574067409 -2.918
716 71.682215624 71.681835930 71.674170469 -2.918
717 71.782312421 71.781932416 71.774266936 -2.918
718 71.882395902 71.882015624 71.874350199 -2.918
719 71.982471569 71.982090998 71.974425537 -2.918
720 72.082549809 72.082168947 72.074503522 -2.918
721 72.182622680 72.182241525 72.174576101 -2.918
722 72.282702365 72.282320986 72.274655487 -1.678
723 72.382783476 72.382401892 72.374736467 -1.678
724 72.482860568 72.482478854 72.474813373 -1.678
725 72.582950531 72.582568649 72.574903187 -1.678
726 72.683070901 72.682688851 72.675023408 -1.678
727 72.783160087 72.782777850 72.775112407 -1.678
728 72.883236253 72.882853848 72.875188424 -1.678
729 72.983327901 72.982945398 72.975279881 -0.630
730 73.083411827 73.083029298 73.075363855 -0.630
731 73.183487901 73.183105272 73.175439792 -0.630
732 73.283568327 73.283186156 73.275520639 8.957
733 73.383668271 73.383287016 73.375621517 8.957
734 73.483745438 73.483365079 73.475699617 8.957
735 73.583849401 73.583469957 73.575804532 8.957
736 73.683956086 73.683577520 73.675912058 8.957
737 73.784050827 73.783673157 73.776007714 8.957
738 73.884128567 73.883751794 73.876086351 8.957
739 73.984205697 73.983829801 73.976164340 8.957
740 74.084283049 74.083908068 74.076242644 8.957
741 74.184361771 74.183987687 74.176322206 8.957
742 74.284454530 74.284081083 74.276415622 4.163
743 74.384538715 74.384165704 74.376500279 4.163
744 74.484610956 74.484238342 74.476572899 4.163
745 74.584691771 74.584319574 74.576654112 4.163
746 74.684797808 74.684426009 74.676760566 4.163
747 74.784907919 74.784536574 74.776871094 4.163
748 74.884996011 74.884624880 74.876959399 4.163
749 74.985078419 74.984707870 74.977042390 4.163
750 75.085168548 75.084798417 75.077132936 4.163
751 75.185255381 75.184885666 75.177220205 4.163
752 75.285340011 75.284970369 75.277304926 -2.209
753 75.385427511 75.385057667 75.377392187 -2.209
754 75.485510585 75.485140520 75.477475021 -2.209
755 75.585594140 75.585223854 75.577558411 -2.209
756 75.685689585 75.685319077 75.677653616 -2.209
757 75.785795603 75.785424856 75.777759395 -2.209
758 75.885896400 75.885525450 75.877859988 -2.209
759 75.985982825 75.985611655 75.977946193 -2.209
760 76.086071603 76.085700193 76.078034713 -2.209
761 76.186154585 76.185782972 76.178117492 -2.209
762 76.286238936 76.285867126 76.278201609 -1.419
763 76.386331177 76.385959243 76.378293763 -1.419
764 76.486414973 76.486042897 76.478377417 -1.419
765 76.586498140 76.586125922 76.578460423 -1.419
766 76.686591955 76.686219595 76.678554152 -1.419
767 76.786698380 76.786325878 76.778660398 -1.419
768 76.886781214 76.886408551 76.878743071 -1.419
769 76.986863529 76.986490742 76.978825225 -1.419
770 77.086947028 77.086574082 77.078908602 -1.419
771 77.187027140 77.186654051 77.178988534 -1.419
772 77.287111528 77.286738316 77.279072836 -1.419
773 77.387201695 77.386828341 77.379162879 -1.419
774 77.487282343 77.486908828 77.479243367 -1.419
775 77.587371250 77.586997593 77.579332132 -1.419
776 77.687473898 77.687100118 77.679434656 -1.419
777 77.787582269 77.787208346 77.779542847 -1.419
778 77.887668658 77.887294574 77.879629113 -1.419
779 77.987758343 77.987384136 77.979718674 -1.419
780 78.087859639 78.087485309 78.079819866 -1.419
781 78.187958750 78.187584241 78.179918779 -1.419
782 78.288047806 78.287672927 78.280007409 -6.076
783 78.388136120 78.387760633 78.380095116 -6.076
784 78.488218898 78.487842784 78.480177323 -6.076
785 78.588301305 78.587924584 78.580259103 -6.076
786 78.688388639 78.688011309 78.680345866 -6.076
787 78.788498546 78.788120608 78.780455146 -6.076
788 78.888585435 78.888206888 78.880541316 -6.076
789 78.988672527 78.988293373 78.980627893 -6.076
790 79.088763916 79.088384153 79.080718673 -6.076
791 79.188849786 79.188469434 79.180803954 -6.076
792 79.288941527 79.288560709 79.280895248 -3.353
793 79.389027546 79.388646392 79.380980931 -3.353
794 79.489109286 79.488727797 79.481062299 -3.353
795 79.589192027 79.588810184 79.581144704 -3.353
796 79.689281268 79.688899071 79.681233646 -3.353
797 79.789393008 79.789010494 79.781344792 -3.353
798 79.889486397 79.889103584 79.881438104 -3.353
799 79.989568564 79.989185378 79.981519917 -3.353
800 80.089662841 80.089279339 80.081613859 -3.353
801 80.189754064 80.189370226 80.181704708 -3.353
802 80.289848156 80.289463832 80.281798352 -5.882
803 80.389935545 80.389550632 80.381885133 -5.882
804 80.490016563 80.489631062 80.481965582 -5.882
805 80.590097008 80.589710936 80.582045456 -5.882
806 80.690202415 80.689815755 80.682150312 -5.882
807 80.790326526 80.789939258 80.782273797 -5.882
808 80.890436878 80.890049040 80.882383597 -5.882
809 80.990511600 80.990123192 80.982457749 -5.882
810 81.090593971 81.090204955 81.082539456 -5.882
811 81.190691582 81.190301996 81.182636534 -5.882
812 81.290773470 81.290383414 81.282717934 -3.256
813 81.390857748 81.390467347 81.382801904 -3.256
814 81.490931748 81.490541059 81.482875615 -3.256
815 81.591007137 81.590616084 81.582950586 -3.256
816 81.691088266 81.690696907 81.683031482 -3.256
817 81.791185007 81.790793322 81.783127878 -3.256
818 81.891287914 81.890895903 81.883230312 -3.256
819 81.991363285 81.990970947 81.983305504 -3.256
820 82.091438563 82.091045881 82.083380382 -3.256
821 82.191522044 82.191129073 82.183463630 -3.256
822 82.291599692 82.291206233 82.283540771 -6.058
823 82.391685433 82.391291386 82.383625943 -6.058
824 82.491757377 82.491362705 82.483697281 -6.058
825 82.591833840 82.591438543 82.583773082 -6.058
826 82.691917784 82.691521881 82.683856401 -6.058
827 82.792025729 82.791629238 82.783963795 -6.058
828 82.892126821 82.891729705 82.884064114 -6.058
829 82.992206340 82.991808618 82.984143156 -6.058
830 83.092292377 83.091894048 83.084228605 -6.058
831 83.192377414 83.191978516 83.184313091 -6.058
832 83.292464154 83.292064771 83.284399309 -3.344
833 83.392551488 83.392151788 83.384486326 -3.344
834 83.492623784 83.492223731 83.484558307 -3.344
835 83.592701617 83.592301230 83.584635731 -3.344
836 83.692784784 83.692384062 83.684718619 -3.344
837 83.792869136 83.792468060 83.784802599 -3.344
838 83.892976747 83.892575374 83.884909930 -3.344
839 83.993052784 83.992651076 83.984985633 -3.344
840 84.093129598 84.092727500 84.085062039 -3.344
841 84.193213395 84.192810999 84.185145575 -3.344
842 84.293292895 84.292890329 84.285224830 0.248
843 84.393380746 84.392978224 84.385312762 0.248
844 84.493452117 84.493049582 84.485384139 0.248
845 84.593527709 84.593125218 84.585459756 0.248
846 84.693609357 84.693206909 84.685541466 0.248
847 84.793693894 84.793291452 84.785626009 0.248
848 84.893799394 84.893396977 84.885731460 0.248
849 84.993874505 84.993472131 84.985806688 0.248
850 85.093950709 85.093548341 85.085882843 0.248
851 85.194036542 85.193634218 85.185968756 0.248
852 85.294118098 85.293715798 85.286050355 0.248
853 85.394203875 85.393801619 85.386136195 0.248
854 85.494275209 85.493872959 85.486207534 0.248
855 85.594350190 85.593947946 85.586282466 0.248
856 85.694427246 85.694025045 85.686359584 0.248
857 85.794506320 85.794104144 85.786438719 0.248
858 85.894607394 85.894205243 85.886539726 0.248
859 85.994693745 85.994291601 85.986626065 0.248
860 86.094782931 86.094380829 86.086715349 0.248
861 86.194866171 86.194464113 86.186798670 0.248
862 86.294944671 86.294542576 86.286877058 -0.625
863 86.395029838 86.394627680 86.386962199 -0.625
864 86.495109838 86.494707599 86.487042118 -0.625
865 86.595184301 86.594781999 86.587116482 -0.625
866 86.695265319 86.694862973 86.687197512 -0.625
867 86.795408708 86.795006281 86.787340819 -0.625
868 86.895531912 86.895129422 86.887463979 -0.625
869 86.995629597 86.995227045 86.987561565 -0.625
870 87.095711245 87.095308649 87.087643187 -0.625
871 87.195796522 87.195393864 87.187728347 -0.625
872 87.295888115 87.295485394 87.287819932 -0.625
873 87.395973115 87.395570331 87.387904851 -0.625
874 87.496052615 87.495649732 87.487984270 -0.625
875 87.596135504 87.595732577 87.588067115 -0.625
876 87.696227152 87.695824162 87.688158701 -0.625
877 87.796312689 87.795909637 87.788244119 -0.625
878 87.896409004 87.896005907 87.888340446 -0.625
879 87.996505485 87.996102271 87.988436809 -0.625
880 88.096589911 88.096186652 88.088521191 -0.625
881 88.196685948 88.196282595 88.188617152 -6.398
882 88.296776022 88.296372028 88.288706530 -6.398
883 88.396861522 88.396456888 88.388791426 -6.398
884 88.496941874 88.496536544 88.488871082 -6.398
885 88.597023096 88.596617163 88.588951701 -6.398
886 88.697105392 88.696698819 88.689033339 -6.398
887 88.797191540 88.796784327 88.789118865 -6.398
888 88.897290373 88.896882538 88.889217095 -6.398
889 88.997387744 88.996979212 88.989313751 -6.398
890 89.097475410 89.097066276 89.089400758 -6.398
891 89.197554095 89.197144411 89.189478931 -3.514
892 89.297631632 89.297221504 89.289556042 -3.514
893 89.397712169 89.397301707 89.389636227 -3.514
894 89.497801058 89.497390226 89.489724764 -3.514
895 89.597880373 89.597469245 89.589803783 -3.514
896 89.697964539 89.697553060 89.689887542 -3.514
897 89.798047965 89.797636134 89.789970654 -3.514
898 89.898134484 89.897722282 89.890056839 -3.514
899 89.998230336 89.997817801 89.990152321 -3.514
900 90.098318021 90.097905116 90.090239654 -3.514
901 90.198406965 90.197993708 90.190328228 -2.411
902 90.298492261 90.298078818 90.290413357 -2.411
903 90.398575428 90.398161781 90.390496319 -2.411
904 90.498654798 90.498240928 90.490575448 -2.411
905 90.598736224 90.598322094 90.590656633 -2.411
906 90.698820335 90.698405983 90.690740502 -2.411
907 90.798905113 90.798490501 90.790825039 -2.411
908 90.899019409 90.898604592 90.890939149 -2.411
909 90.999122891 90.998707814 90.991042371 -2.411
910 91.099210853 91.098795517 91.091130055 -2.411
911 91.199295187 91.198879571 91.191214091 -2.508
912 91.299384335 91.298968505 91.291303043 -2.508
913 91.399473075 91.399057013 91.391391552 -2.508
914 91.499558335 91.499142021 91.491476560 -2.508
915 91.599641816 91.599225233 91.591559772 -2.508
916 91.699728001 91.699311186 91.691645724 -2.508
917 91.799813223 91.799396157 91.791730677 -2.508
918 91.899902112 91.899484813 91.891819370 -2.508
919 92.000004816 91.999587229 91.991921767 -2.508
920 92.100090705 92.099672867 92.092007350 -2.508
921 92.200172334 92.199754236 92.192088793 -1.738
922 92.300259631 92.299841395 92.292175915 -1.738
923 92.400348001 92.399929554 92.392264093 -1.738
924 92.500430241 92.500011658 92.492346159 -1.738
925 92.600513797 92.600095021 92.592429522 -1.738
926 92.700600001 92.700181069 92.692515608 -1.738
927 92.800694889 92.800275784 92.792610304 -1.738
928 92.900793389 92.900374091 92.892708630 -1.738
929 93.000915871 93.000496380 92.992830937 -1.738
930 93.101015389 93.100595743 93.092930263 -1.738
931 93.201110797 93.200690970 93.193025434 -0.638
932 93.301200797 93.300780906 93.293115426 -0.638
933 93.401293297 93.400873379 93.393207547 -0.638
934 93.501378982 93.500958982 93.493293502 -0.638
935 93.601459870 93.601039826 93.593374290 -0.638
936 93.701542759 93.701122651 93.693457133 -0.638
937 93.801629037 93.801208846 93.793543384 -0.638
938 93.901719574 93.901299338 93.893633876 -0.638
939 94.001815833 94.001395533 93.993730090 -0.638
940 94.101915352 94.101494988 94.093829507 -0.638
941 94.202006870 94.201586387 94.193920944 -0.638
942 94.302098592 94.301678082 94.294012620 -0.638
943 94.402184981 94.401764425 94.394098964 -0.638
944 94.502269407 94.501848769 94.494183289 -0.638
945 94.602353555 94.601932872 94.594267392 -0.638
946 94.702439018 94.702018271 94.694352791 -0.638
947 94.802524888 94.802104077 94.794438597 -0.638
948 94.902609018 94.902188315 94.894522854 1.372
949 95.002718240 95.002297656 94.994632213 1.372
950 95.102817221 95.102396793 95.094731350 1.372
951 95.202907814 95.202487505 95.194822062 1.372
952 95.302999684 95.302579531 95.294914069 1.372
953 95.403087684 95.402667668 95.395002188 1.372
954 95.503172073 95.502752194 95.495086733 1.372
955 95.603253314 95.602833554 95.595168037 1.372
956 95.703339240 95.702919636 95.695254156 1.372
957 95.803426443 95.803006958 95.795341496 1.372
958 95.903511295 95.903091847 95.895426386 0.202
959 96.003605480 96.003186071 95.995520628 0.202
960 96.103718110 96.103298721 96.095632907 0.202
961 96.203814313 96.203394945 96.195729465 0.202
962 96.303904387 96.303485020 96.295819559 0.202
963 96.403994776 96.403575429 96.395909968 0.202
964 96.504079517 96.503660209 96.495994729 0.202
965 96.604161721 96.603742414 96.596076952 0.202
966 96.704248961 96.703829693 96.696164232 0.202
967 96.804335146 96.803915880 96.796250400 0.202
968 96.904423165 96.904003887 96.896338426 -0.384
969 97.004515072 97.004095738 96.996430295 -0.384
970 97.104624850 97.104205477 97.096539960 -0.384
971 97.204719350 97.204299939 97.196634477 -0.384
972 97.304809016 97.304389567 97.296724124 -0.384
973 97.404893016 97.404473491 97.396808030 -0.384
974 97.504977739 97.504558231 97.496892751 -0.384
975 97.605061294 97.604641748 97.596976249 -0.384
976 97.705164664 97.704745080 97.697079618 -0.384
977 97.805249016 97.804829393 97.797163932 -0.384
978 97.905331423 97.904911498 97.897246036 -3.498
979 98.005414886 98.004994573 97.997329149 -3.498
980 98.105515775 98.105095131 98.097429595 -3.498
981 98.205609627 98.205188651 98.197523189 -3.498
982 98.305711831 98.305290504 98.297625024 -3.498
983 98.405798479 98.405376802 98.397711341 -3.498
984 98.505881479 98.505459452 98.497793990 -3.498
985 98.605962460 98.605540065 98.597874603 -3.498
986 98.706043775 98.705621048 98.697955586 -3.498
987 98.806135182 98.805712105 98.798046644 -3.498
988 98.906221627 98.905798306 98.898132845 -2.234
989 99.006318164 99.005894583 98.998229158 -2.234
990 99.106435256 99.106011489 99.098346027 -2.234
991 99.206541941 99.206117950 99.198452489 -2.234
992 99.306637700 99.306213486 99.298548024 -2.234
993 99.406722182 99.406297744 99.398632245 -2.234
994 99.506805441 99.506380761 99.498715262 -2.234
995 99.606887441 99.606462556 99.598797094 -2.234
996 99.706973922 99.706548795 99.698883334 -2.234
997 99.807058608 99.806633275 99.798967777 -2.234
998 99.907140237 99.906714368 99.899048888 -5.938
999 100.007223144 100.006796662 99.999131182 -5.938
1000 100.107310867 100.106883790 100.099218347 -5.938
1001 100.207423663 100.206995992 100.199330530 -5.938
1002 100.307514774 100.307086527 100.299421028 -5.938
1003 100.407598737 100.407169877 100.399504397 -5.938
1004 100.507681274 100.507251838 100.499586377 -5.938
1005 100.607763551 100.607333503 100.599668023 -5.938
1006 100.707850403 100.707419779 100.699754317 -5.938
1007 100.807938662 100.807507444 100.799841982 -5.938
1008 100.908023125 100.907591522 100.899926060 -3.454
1009 101.008107014 101.007675065 101.000009585 -3.454
1010 101.108199755 101.107767442 101.100101999 -3.454
1011 101.208305718 101.207873059 101.200207597 -3.454
1012 101.308410440 101.307977454 101.300311992 -3.454
1013 101.408501014 101.408067682 101.400402202 -3.454
1014 101.508583162 101.508149466 101.500484005 -3.454
1015 101.608663514 101.608229472 101.600563992 -3.454
1016 101.708744143 101.708309756 101.700644258 -3.454
1017 101.808827662 101.808392948 101.800727486 -3.454
1018 101.908910180 101.908474570 101.900809090 -10.003
1019 102.008995236 102.008558624 102.000893144 -10.003
1020 102.109082828 102.108645197 102.100979754 -10.003
1021 102.209189088 102.208750455 102.201085012 -10.003
1022 102.309283754 102.308844139 102.301178677 -10.003
1023 102.409368143 102.408927526 102.401262009 -10.003
1024 102.509453939 102.509012321 102.501346860 -10.003
1025 102.609538624 102.609096005 102.601430525 -10.003
1026 102.709624087 102.709180449 102.701514987 -10.003
1027 102.809721791 102.809277169 102.801611708 -10.003
1028 102.909805439 102.909360195 102.901694734 -5.486
1029 103.009888698 103.009442905 103.001777407 -5.486
1030 103.109976383 103.109530023 103.101864580 -5.486
1031 103.210099939 103.209653048 103.201987604 -5.486
1032 103.310194309 103.309746850 103.302081389 -5.486
1033 103.410281031 103.409833042 103.402167580 -5.486
1034 103.510363809 103.509915270 103.502249790 -5.486
1035 103.610445513 103.609996407 103.602330945 -5.486
1036 103.710528957 103.710079302 103.702413822 -5.486
1037 103.810615568 103.810165382 103.802499902 -5.486
1038 103.910700031 103.910249453 103.902583972 -3.835
1039 104.010780568 104.010329513 104.002664015 -3.835
1040 104.110868920 104.110417537 104.102752094 -3.835
1041 104.210971827 104.210520079 104.202854636 -3.835
1042 104.311064753 104.310612602 104.302947141 -3.835
1043 104.411148920 104.410696403 104.403030923 -3.835
1044 104.511229123 104.510776205 104.503110725 -3.835
1045 104.611309957 104.610856654 104.603191174 -3.835
1046 104.711394345 104.710940678 104.703275198 -3.835
1047 104.811479216 104.811025164 104.803359629 -3.835
1048 104.911561901 104.911107567 104.903442105 -2.402
1049 105.011646419 105.011191882 105.003526402 -2.402
1050 105.111747308 105.111292493 105.103627050 -2.402
1051 105.211858438 105.211403401 105.203737958 -2.402
1052 105.311958993 105.311503716 105.303838236 -2.402
1053 105.412060660 105.411605124 105.403939662 -2.402
1054 105.512143752 105.511687994 105.504022514 -2.402
1055 105.612225752 105.611769754 105.604104311 -2.402
1056 105.712301771 105.711845532 105.704180052 -2.402
1057 105.812388900 105.811932421 105.804266959 -2.402
1058 105.912472419 105.912016569 105.904351108 8.299
1059 106.012556159 106.012101141 106.004435661 8.299
1060 106.112638474 106.112184305 106.104518843 8.299
1061 106.212744807 106.212291469 106.204626025 8.299
1062 106.312845215 106.312392707 106.304727245 8.299
1063 106.412938918 106.412487241 106.404821761 8.299
1064 106.513023437 106.512572590 106.504907128 8.299
1065 106.613105752 106.612655735 106.604990255 8.299
1066 106.713185529 106.712736325 106.705070845 8.299
1067 106.813269844 106.812821489 106.805156027 8.299
1068 106.913352214 106.912904306 106.905238845 3.665
1069 107.013431751 107.012984191 107.005318711 3.665
1070 107.113515177 107.113067984 107.105402522 3.665
1071 107.213605751 107.213158925 107.205493482 3.665
1072 107.313721418 107.313274977 107.305609497 3.665
1073 107.413803677 107.413357603 107.405692141 3.665
1074 107.513885344 107.513439636 107.505774119 3.665
1075 107.613967325 107.613521966 107.605856504 3.665
1076 107.714048807 107.713603814 107.705938353 3.665
1077 107.814133695 107.813689107 107.806023608 3.665
1078 107.914225084 107.913780634 107.906115173 1.348
1079 108.014310362 108.013866066 108.006200548 1.348
1080 108.114389825 108.113945663 108.106280183 1.348
1081 108.214482084 108.214038057 108.206372596 1.348
1082 108.314584158 108.314140266 108.306474786 1.348
1083 108.414669176 108.414225401 108.406559921 1.348
1084 108.514762158 108.514318477 108.506653015 -0.969
1085 108.614848880 108.614405102 108.606739640 -0.969
1086 108.714931806 108.714487912 108.706822432 -0.969
1087 108.815018639 108.814574667 108.806909206 -0.969
1088 108.915104787 108.914660789 108.906995328 -0.107
1089 109.015191028 109.014747019 109.007081539 -0.107
1090 109.115273250 109.114829212 109.107163732 -0.107
1091 109.215373065 109.214929035 109.207263592 -0.107
1092 109.315472583 109.315028542 109.307363081 -0.107
1093 109.415562305 109.415118254 109.407452774 -0.107
1094 109.515654435 109.515210373 109.507544892 -0.107
1095 109.615737750 109.615293658 109.607628141 -0.107
1096 109.715819509 109.715375425 109.707709926 -0.107
1097 109.815903713 109.815459599 109.807794119 -0.107
1098 109.915986083 109.915541978 109.907876497 -0.107
1099 110.016069101 110.015624967 110.007959505 -0.107
1100 110.116151601 110.115707474 110.108041994 -0.107
1101 110.216236324 110.215792167 110.208126724 -0.107
1102 110.316335823 110.315891675 110.308226214 -0.107
1103 110.416424157 110.415979998 110.408314518 -0.107
1104 110.516511675 110.516067487 110.508401970 -0.107
1105 110.616592416 110.616148217 110.608482737 -0.107
1106 110.716674286 110.716230095 110.708564633 -0.107
1107 110.816761786 110.816317584 110.808652085 -0.107
1108 110.916844212 110.916399999 110.908734519 -0.107
1109 111.016926730 111.016482507 111.008816971 -0.107
1110 111.117009064 111.116564829 111.108899312 -0.107
1111 111.217104786 111.216660522 111.208995079 -0.107
1112 111.317235749 111.316791493 111.309126050 -0.107
1113 111.417336730 111.416892464 111.409227002 -0.107
1114 111.517426304 111.516982027 111.509316565 -0.107
1115 111.617506878 111.617062590 111.609397073 -0.107
1116 111.717589508 111.717145209 111.709479692 -0.107
1117 111.817674267 111.817229939 111.809564459 -0.107
1118 111.917757748 111.917313428 111.909647967 -0.107
1119 112.017841545 112.017397214 112.009731697 -0.107
1120 112.117922434 112.117478073 112.109812538 -0.107
1121 112.218011767 112.217567414 112.209901953 -0.107
1122 112.318102711 112.317658329 112.309992886 -0.107
1123 112.418206822 112.417762448 112.410096987 -0.107
1124 112.518290470 112.517846086 112.510180587 -0.107
1125 112.618374452 112.617930038 112.610264558 -0.107
1126 112.718463989 112.718018920 112.710353440 -6.747
1127 112.818551563 112.818105819 112.810440357 -6.747
1128 112.918634748 112.918188329 112.910522849 -6.747
1129 113.018730433 113.018283320 113.010617858 -6.747
1130 113.118828266 113.118380459 113.110714961 -6.747
1131 113.218912340 113.218463895 113.210798434 -6.747
1132 113.319015507 113.318566368 113.310900925 -6.747
1133 113.419118636 113.418668841 113.411003323 -6.747
1134 113.519196840 113.518746388 113.511080944 -6.747
1135 113.619267062 113.618815897 113.611150454 -6.747
1136 113.719339266 113.718887732 113.711222308 -3.858
1137 113.819418451 113.818966531 113.811301107 -3.858
1138 113.919493358 113.919041071 113.911375628 -3.858
1139 114.019566599 114.019113926 114.011448483 -3.858
1140 114.119641192 114.119188077 114.111522578 -3.858
1141 114.219726525 114.219273061 114.211607636 -3.858
1142 114.319815432 114.319361582 114.311696121 -3.858
1143 114.419918728 114.419464474 114.411799031 -3.858
1144 114.519997506 114.519542884 114.511877459 -3.858
1145 114.620072451 114.619617442 114.611951999 -3.858
1146 114.720144265 114.719689014 114.712023571 -2.413
1147 114.820221858 114.819766365 114.812100941 -2.413
1148 114.920295580 114.919839846 114.912174421 -2.413
1149 115.020367728 115.019911771 115.012246328 -2.413
1150 115.120443932 115.119987715 115.112322198 -2.413
1151 115.220523839 115.220067380 115.212401882 -2.413
1152 115.320625783 115.320169065 115.312503622 -2.413
1153 115.420739191 115.420282249 115.412616732 -2.413
1154 115.520819580 115.520362396 115.512696972 -2.413
1155 115.620891580 115.620434155 115.612768730 -2.413
1156 115.720964487 115.720506910 115.712841467 -1.691
1157 115.821038931 115.820581167 115.812915742 -1.691
1158 115.921112431 115.920654498 115.912989073 -1.691
1159 116.021184357 116.020726273 116.013060848 -1.691
1160 116.121261801 116.120803530 116.113138049 -1.691
1161 116.221339042 116.220880601 116.213215176 -1.691
1162 116.321419616 116.320961006 116.313295563 -1.691
1163 116.421520412 116.421061614 116.413396190 -1.691
1164 116.521599468 116.521140537 116.513475094 -1.691
1165 116.621671264 116.621212146 116.613546721 -1.691
1166 116.721743542 116.721283366 116.713617942 -10.734
1167 116.821817708 116.821356459 116.813691015 -10.734
1168 116.921890875 116.921428569 116.913763126 -10.734
1169 117.021968338 117.021504958 117.013839515 -10.734
1170 117.122045468 117.121580976 117.113915478 -10.734
1171 117.222126282 117.221660717 117.213995200 -10.734
1172 117.322221912 117.321755291 117.314089459 -10.734
1173 117.422346578 117.421878864 117.414213421 -10.734
1174 117.522447301 117.521978530 117.514313068 -10.734
1175 117.622533319 117.622063456 117.614398012 -10.734
1176 117.722618338 117.722147895 117.714482415 -5.852
1177 117.822702449 117.822231402 117.814565922 -5.852
1178 117.922785041 117.922313428 117.914647948 -5.852
1179 118.022871226 118.022399027 118.014733566 -5.852
1180 118.122955411 118.122482608 118.114817128 -5.852
1181 118.223048578 118.222575208 118.214909764 -5.852
1182 118.323138004 118.322664048 118.314998586 -5.852
1183 118.423230226 118.422755684 118.415090241 -5.852
1184 118.523330282 118.522855154 118.515189711 -5.852
1185 118.623413467 118.622937753 118.615272273 -5.852
1186 118.723495226 118.723019692 118.715354212 1.983
1187 118.823581874 118.823106538 118.815441058 1.983
1188 118.923667855 118.923192718 118.915527238 1.983
1189 119.023766466 119.023291528 119.015626066 1.983
1190 119.123848429 119.123373670 119.115708209 1.983
1191 119.223932096 119.223457554 119.215792074 1.983
1192 119.324018577 119.323544234 119.315878754 1.983
1193 119.424105096 119.423630951 119.415965489 1.983
1194 119.524212337 119.523738390 119.516072910 1.983
1195 119.624298633 119.623824885 119.616159423 1.983
1196 119.724380540 119.723906828 119.716241367 0.507
1197 119.824466040 119.823992397 119.816326917 0.507
1198 119.924548466 119.924074855 119.916409394 0.507
1199 120.024632484 120.024158943 120.016493407 0.507
1200 120.124715114 120.124241586 120.116576106 0.507
1201 120.224800447 120.224327007 120.216661527 0.507
1202 120.324888243 120.324414854 120.316749393 0.507
1203 120.424986521 120.424513201 120.416847777 0.507
1204 120.525085725 120.524612437 120.516946976 0.507
1205 120.625177706 120.624704469 120.617038952 0.507
1206 120.725274243 120.724801560 120.717136098 5.876
1207 120.825358428 120.824886351 120.817220890 5.876
1208 120.925439984 120.924968476 120.917302996 5.876
1209 121.025519947 121.025049027 121.017383547 5.876
1210 121.125605132 121.125134801 121.117469339 5.876
1211 121.225688724 121.225218981 121.217553501 5.876
1212 121.325776335 121.325307199 121.317641719 5.876
1213 121.425865669 121.425397102 121.417731659 5.876
1214 121.525966650 121.525498690 121.517833247 5.876
1215 121.626058595 121.625591222 121.617925705 5.876
1216 121.726138483 121.725671349 121.718005888 2.453
1217 121.826222798 121.825755928 121.818090466 2.453
1218 121.926304705 121.925838081 121.918172619 2.453
1219 122.026388483 122.025922104 122.018256568 2.453
1220 122.126469372 122.126003220 122.118337703 2.453
1221 122.226552205 122.226086299 122.218420856 2.453
1222 122.326641890 122.326176229 122.318510749 2.453
1223 122.426743076 122.426277697 122.418612254 2.453
1224 122.526851575 122.526386424 122.518720907 2.453
1225 122.626940853 122.626475929 122.618810486 2.453
1226 122.727026020 122.726560589 122.718895127 -5.344
1227 122.827108464 122.826642498 122.818976981 -5.344
1228 122.927191797 122.926725315 122.919059798 -5.344
1229 123.027274594 123.026807577 123.019142097 -5.344
1230 123.127355816 123.126888245 123.119222784 -5.344
1231 123.227438279 123.226970174 123.219304712 -5.344
1232 123.327522260 123.327053620 123.319388159 -5.344
1233 123.427617816 123.427148659 123.419483216 -5.344
1234 123.527835075 123.527365383 123.519699921 -5.344
1235 123.627933241 123.627463015 123.619797497 -5.344
1236 123.728015945 123.727545376 123.719879896 -3.156
1237 123.828101834 123.827630949 123.819965487 -3.156
1238 123.928188186 123.927716985 123.920051523 -3.156
1239 124.028272519 124.027801021 124.020135559 -3.156
1240 124.128353204 124.127881390 124.120215910 -3.156
1241 124.228436982 124.227964833 124.220299372 -3.156
1242 124.328521482 124.328049017 124.320383574 -3.156
1243 124.428605982 124.428133220 124.420467740 -3.156
1244 124.528705519 124.528232422 124.520566979 -3.156
1245 124.628812815 124.628339421 124.620673978 -3.156
1246 124.728902667 124.728429044 124.720763582 -2.063
1247 124.828988259 124.828514448 124.820848913 -2.063
1248 124.929070444 124.928596390 124.920930910 -2.063
1249 125.029157981 125.028683758 125.021018296 -2.063
1250 125.129242204 125.128767755 125.121102293 -2.063
1251 125.229327407 125.228852770 125.221187290 -2.063
1252 125.329412759 125.328937897 125.321272417 -2.063
1253 125.429496722 125.429021672 125.421356192 -2.063
1254 125.529591926 125.529116669 125.521451226 -2.063
1255 125.629693185 125.629217722 125.621552261 -2.063
1256 125.729778296 125.729302563 125.721637101 -2.537
1257 125.829864073 125.829388105 125.821722588 -2.537
1258 125.929945166 125.929468925 125.921803445 -2.537
1259 126.030026592 126.029550116 126.021884636 -2.537
1260 126.130110462 126.129633714 126.121968234 -2.537
1261 126.230192907 126.229715904 126.222050276 -2.537
1262 126.330279703 126.329802446 126.322136985 -2.537
1263 126.430365925 126.429888433 126.422222972 -2.537
1264 126.530453980 126.529976216 126.522310773 -2.537
1265 126.630555573 126.630077536 126.622411742 -2.537
1266 126.730642129 126.730163931 126.722498433 -1.753
1267 126.830726740 126.830248367 126.822582906 -1.753
1268 126.930809795 126.930331266 126.922665786 -1.753
1269 127.030894943 127.030416238 127.022750758 -1.753
1270 127.130976425 127.130497507 127.122832046 -1.753
1271 127.231061128 127.230582054 127.222916574 -1.753
1272 127.331147517 127.330668267 127.323002787 -1.753
1273 127.431233295 127.430753888 127.423088371 -1.753
1274 127.531327313 127.530847731 127.523182288 -1.753
1275 127.631434276 127.630954519 127.623289057 -1.753
1276 127.731525795 127.731046278 127.723380798 2.804
1277 127.831611739 127.831132521 127.823467004 2.804
1278 127.931696572 127.931217635 127.923552100 2.804
1279 128.031781683 128.031303027 128.023637565 2.804
1280 128.131864609 128.131386178 128.123720716 2.804
1281 128.231947683 128.231469588 128.223804126 2.804
1282 128.332048553 128.331570739 128.323905259 2.804
1283 128.432131090 128.431653538 128.423988076 2.804
1284 128.532214998 128.531737726 128.524072301 2.804
1285 128.632324424 128.631847451 128.624181971 2.804
1286 128.732411387 128.731934497 128.724269054 0.917
1287 128.832498924 128.832022013 128.824356551 -0.969
1288 128.932582812 128.932105749 128.924440288 -0.969
1289 129.032669646 129.032192541 129.024527080 -0.969
1290 129.132762442 129.132285185 129.124619723 -0.969
1291 129.232843757 129.232366458 129.224700997 -0.969
1292 129.332925386 129.332447972 129.324782455 -0.969
1293 129.433008553 129.432531060 129.424865580 -0.969
1294 129.533099960 129.532622297 129.524956835 -0.969
1295 129.633205164 129.632727477 129.625062016 -0.969
1296 129.733294404 129.732816278 129.725150816 -4.397
1297 129.833381941 129.832903375 129.825237894 -4.397
1298 129.933467367 129.932988379 129.925322899 -4.397
1299 130.033548330 130.033068902 130.025403422 -4.397
1300 130.133628793 130.133148888 130.125483426 -4.397
1301 130.233714071 130.233233725 130.225568208 -4.397
1302 130.333796237 130.333315470 130.325650009 -4.397
1303 130.433876904 130.433395678 130.425730198 -4.397
1304 130.533959700 130.533478053 130.525812591 -4.397
1305 130.634062774 130.633580687 130.625915244 -4.397
1306 130.734163645 130.733681279 130.726015651 -2.683
1307 130.834250274 130.833767659 130.826102049 -2.683
1308 130.934334848 130.933851983 130.926186466 -2.683
1309 131.034418348 131.033935177 131.026269678 -2.683
1310 131.134500811 131.134017353 131.126351873 -2.683
1311 131.234582255 131.234098566 131.226433086 -2.683
1312 131.334667718 131.334183742 131.326518280 -2.683
1313 131.434773848 131.434289603 131.426624086 -2.683
1314 131.534857737 131.534373242 131.526707762 -2.683
1315 131.634957774 131.634473010 131.626807567 -2.683
1316 131.735058477 131.734573507 131.726908009 -1.826
1317 131.835157311 131.834672176 131.827006715 -1.826
1318 131.935240625 131.934755308 131.927089773 -1.826
1319 132.035324125 132.034838626 132.027173146 -1.826
1320 132.135408551 132.134922869 132.127257389 -1.826
1321 132.235492810 132.235006945 132.227341465 -1.826
1322 132.335576903 132.335090837 132.327425375 -1.826
1323 132.435659625 132.435173394 132.427507914 -1.826
1324 132.535741644 132.535255230 132.527589750 -1.826
1325 132.635839051 132.635352455 132.627687012 -1.826
1326 132.735936680 132.735449883 132.727784440 -1.826
1327 132.836024051 132.835537071 132.827871609 -1.826
1328 132.936105143 132.935618017 132.927952537 -1.826
1329 133.036192088 133.035704742 133.028039262 -1.826
1330 133.136274884 133.135787356 133.128121894 -1.826
1331 133.236362569 133.235874858 133.228209396 -1.826
1332 133.336451476 133.335963601 133.328298121 -1.826
1333 133.436538384 133.436050326 133.428384809 -1.826
1334 133.536622736 133.536134495 133.528469015 -1.826
1335 133.636710291 133.636221868 133.628556424 -1.826
1336 133.736809217 133.736320598 133.728655099 -1.564
1337 133.836895495 133.836406738 133.828741258 -1.564
1338 133.936987291 133.936498396 133.928832934 -1.564
1339 134.037074698 134.036585647 134.028920185 -1.564
1340 134.137158235 134.136669009 134.129003529 -1.564
1341 134.237242383 134.236752963 134.229087502 -1.564
1342 134.337328328 134.336838770 134.329173290 -1.564
1343 134.437418142 134.436928447 134.429262911 -1.564
1344 134.537503179 134.537013346 134.529347865 -1.564
1345 134.637589124 134.637099078 134.629433635 -1.564
1346 134.737694642 134.737204440 134.729538960 -1.564
1347 134.837782753 134.837292450 134.829626951 -1.564
1348 134.937869087 134.937378627 134.929713147 -1.564
1349 135.037949253 135.037458618 135.029793138 -1.564
1350 135.138038086 135.137547313 135.129881815 -1.564
1351 135.238123438 135.237632453 135.229966973 -1.564
1352 135.338212716 135.337721611 135.330056150 -1.564
1353 135.438299086 135.437807844 135.430142345 -1.564
1354 135.538384771 135.537893372 135.530227892 -1.564
1355 135.638470197 135.637978623 135.630313199 -1.564
1356 135.738570179 135.738079135 135.730413673 6.220
1357 135.838657493 135.838167128 135.830501629 6.220
1358 135.938764734 135.938274991 135.930609511 6.220
1359 136.038848938 136.038359799 136.030694318 6.220
1360 136.138937993 136.138449495 136.130784015 6.220
1361 136.239022864 136.238534951 136.230869489 6.220
1362 136.339106901 136.338619629 136.330954112 6.220
1363 136.439192993 136.438706362 136.431040882 6.220
1364 136.539276160 136.538790151 136.531124690 6.220
1365 136.639367382 136.638881885 136.631216405 6.220
1366 136.739468567 136.738983471 136.731318009 2.625
1367 136.839573511 136.839088659 136.831423142 2.625
1368 136.939662993 136.939178440 136.931512942 2.625
1369 137.039754900 137.039270592 137.031605112 2.625
1370 137.139839919 137.139355855 137.131690393 2.625
1371 137.239929400 137.239445618 137.231780156 2.625
1372 137.340015881 137.339532343 137.331866863 2.625
1373 137.440104418 137.439621143 137.431955663 2.625
1374 137.540190437 137.539707424 137.532041925 2.625
1375 137.640276585 137.639793854 137.632128373 2.625
1376 137.740367918 137.739885283 137.732219840 0.828
1377 137.840470140 137.839987570 137.832322090 0.828
1378 137.940556474 137.940074004 137.932408561 0.828
1379 138.040651307 138.040168939 138.032503515 0.828
1380 138.140777640 138.140295337 138.132629875 0.828
1381 138.240878122 138.240395901 138.232730384 0.828
1382 138.340969085 138.340486928 138.332821448 0.828
1383 138.441054973 138.440572919 138.432907420 0.828
1384 138.541132121 138.540650168 138.532984725 0.828
1385 138.641210084 138.640728177 138.633062697 0.828
1386 138.741304547 138.740822048 138.733156587 -6.670
1387 138.841406510 138.840923325 138.833257771 -6.670
1388 138.941495047 138.941011176 138.933345677 -6.670
1389 139.041581806 139.041097286 139.033431713 -6.670
1390 139.141656417 139.141171266 139.133505823 -6.670
1391 139.241733528 139.241247710 139.233582285 -6.670
1392 139.341807343 139.341320839 139.333655414 -6.670
1393 139.441880751 139.441393578 139.433728154 -6.670
1394 139.541958899 139.541471040 139.533805560 -6.670
1395 139.642038232 139.641549725 139.633884300 -6.670
1396 139.742126973 139.741638041 139.733972598 -3.820
1397 139.842225861 139.841736529 139.834071086 -3.820
1398 139.942308269 139.941818554 139.934153055 -3.820
1399 140.042400306 140.041910246 140.034244766 -3.820
1400 140.142485639 140.141995197 140.134329680 -3.820
1401 140.242582157 140.242091333 140.234425871 -3.820
1402 140.342667657 140.342176432 140.334510952 -3.820
1403 140.442762028 140.442270439 140.434604940 -3.820
1404 140.542845972 140.542354001 140.534688483 -3.820
1405 140.642929713 140.642437359 140.634771842 -3.820
1406 140.743024676 140.742531531 140.734866088 -8.084
1407 140.843132231 140.842638296 140.834972779 -8.084
1408 140.943227657 140.942732912 140.935067229 -8.084
1409 141.043312379 141.042816770 141.035151308 -8.084
1410 141.143400490 141.142904127 141.135238647 -8.084
1411 141.243492620 141.242995448 141.235329986 -8.084
1412 141.343578194 141.343080194 141.335414732 -8.084
1413 141.443664490 141.443165700 141.435500201 -8.084
1414 141.543745564 141.543245965 141.535580485 -8.084
1415 141.643829083 141.643328674 141.635663175 -8.084
1416 141.743912286 141.743411373 141.735745930 -4.527
1417 141.844016064 141.843514680 141.835849162 -4.527
1418 141.944107416 141.943605615 141.935939913 -4.527
1419 142.044194601 142.043692347 142.036026867 -4.527
1420 142.144279675 142.143776968 142.136111507 -4.527
1421 142.244373119 142.243869960 142.236204461 -4.527
1422 142.344459934 142.343956321 142.336290860 -4.527
1423 142.444544267 142.444040183 142.436374721 -4.527
1424 142.544629193 142.544124656 142.536459194 -4.527
1425 142.644713786 142.644208777 142.636543297 -4.527
1426 142.744811619 142.744305699 142.736640238 -10.000
1427 142.844934730 142.844427809 142.836762348 -10.000
1428 142.945045378 142.944537456 142.936871939 -10.000
1429 143.045130248 143.044621307 143.036955845 -10.000
1430 143.145215304 143.144705380 143.137039900 -10.000
1431 143.245307878 143.244796953 143.237131492 -10.000
1432 143.345391952 143.344880008 143.337214546 -10.000
1433 143.445474563 143.444961637 143.437296156 -10.000
1434 143.545568118 143.545054191 143.537388711 -10.000
1435 143.645651804 143.645136875 143.637471414 -10.000
1436 143.745733785 143.745218246 143.737552784 -5.485
1437 143.845825785 143.845309697 143.837644254 -5.485
1438 143.945927878 143.945411259 143.937745797 -5.485
1439 144.046011618 144.045494358 144.037828823 -5.485
1440 144.146096063 144.145578346 144.137912885 -5.485
1441 144.246189507 144.245671242 144.238005706 -5.485
1442 144.346275340 144.345756526 144.338091064 -5.485
1443 144.446357359 144.445837996 144.438172478 -5.485
1444 144.546440285 144.545920354 144.538254892 -5.485
1445 144.646522988 144.646002509 144.638337047 -5.485
1446 144.746605062 144.746084321 144.738418841 -2.283
1447 144.846698136 144.846177166 144.838511723 -2.283
1448 144.946804747 144.946283549 144.938618050 -2.283
1449 145.046893210 145.046371802 145.038706322 -2.283
1450 145.146985895 145.146464258 145.138798778 -2.283
1451 145.247077451 145.246555585 145.238890124 -2.283
1452 145.347161803 145.346639709 145.338974247 -2.283
1453 145.447243691 145.446721369 145.439055833 -2.283
1454 145.547324080 145.546801511 145.539136030 -2.283
1455 145.647408747 145.646885949 145.639220487 -2.283
1456 145.747492432 145.746969483 145.739304021 -1.626
1457 145.847592858 145.847069727 145.839404284 -1.626
1458 145.947690061 145.947166787 145.939501306 -1.626
1459 146.047775598 146.047252142 146.039586625 -1.626
1460 146.147861135 146.147337535 146.139672073 -1.626
1461 146.247953376 146.247429613 146.239764133 -1.626
1462 146.348039876 146.347515932 146.339850470 -1.626
1463 146.448124080 146.447599972 146.439934511 -1.626
1464 146.548207783 146.547683532 146.540018052 -1.626
1465 146.648290617 146.647766202 146.640100741 -1.626
1466 146.748374728 146.747850151 146.740184689 -1.626
1467 146.848464968 146.847940210 146.840274767 -1.626
1468 146.948564635 146.948039733 146.940374234 -1.626
1469 147.048650857 147.048125773 147.040460293 -1.626
1470 147.148735024 147.148209777 147.140544334 -1.626
1471 147.248829005 147.248303614 147.240638171 -1.626
1472 147.348913561 147.348387970 147.340722509 -1.626
1473 147.448995894 147.448470178 147.440804642 -1.626
1474 147.549083135 147.548557256 147.540891776 -1.626
1475 147.649171949 147.648645908 147.640980428 -1.626
1476 147.749258320 147.748732115 147.741066654 -1.626
1477 147.849346468 147.848820064 147.841154639 -1.626
1478 147.949441542 147.948914993 147.941249402 -1.626
1479 148.049526394 148.048999682 148.041334165 -1.626
1480 148.149620708 148.149093853 148.141428391 -1.626
1481 148.249709782 148.249182764 148.241517302 -1.626
1482 148.349808393 148.349281194 148.341615732 -1.626
1483 148.449890634 148.449363272 148.441697810 -1.626
1484 148.549976856 148.549449396 148.541783935 1.931
1485 148.650064541 148.649537275 148.641871813 1.931
1486 148.750149338 148.749622264 148.741956784 1.931
1487 148.850240078 148.849713198 148.842047718 1.931
1488 148.950354486 148.949827780 148.942162319 1.931
1489 149.050457837 149.049931344 149.042265882 1.931
1490 149.150544282 149.150017963 149.142352483 1.931
1491 149.250636837 149.250110712 149.242445250 1.931
1492 149.350732652 149.350206720 149.342541258 1.931
1493 149.450817300 149.450291561 149.442626081 1.931
1494 149.550903300 149.550377754 149.542712274 0.481
1495 149.650987985 149.650462506 149.642797026 0.481
1496 149.751073096 149.750547646 149.742882185 0.481
1497 149.851155281 149.850629861 149.842964399 0.481
1498 149.951244429 149.950719076 149.943053614 0.481
1499 150.051347207 150.050821883 150.043156422 0.481
1500 150.151443948 150.150918691 150.143253229 0.481
1501 150.251533540 150.251008331 150.243342870 0.481
1502 150.351618151 150.351092972 150.343427510 0.481
1503 150.451701170 150.451176076 150.443510596 0.481
1504 150.551793374 150.551268281 150.543602819 -0.244
1505 150.651876818 150.651351701 150.643686239 -0.244
1506 150.751962262 150.751437139 150.743771659 -0.244
1507 150.852044522 150.851519374 150.843853857 -0.244
1508 150.952134559 150.951609387 150.943943925 -0.244
1509 151.052243040 151.051717780 151.044052299 -1.707
1510 151.152346929 151.151821479 151.144156017 -1.707
1511 151.252434614 151.251909012 151.244243476 -1.707
1512 151.352520725 151.351994952 151.344329490 -1.707
1513 151.452604355 151.452078392 151.444412930 -1.707
1514 151.552689947 151.552163845 151.544498384 -0.684
1515 151.652771836 151.652245610 151.644580149 -0.684
1516 151.752854077 151.752327838 151.744662339 -0.684
1517 151.852935243 151.852408936 151.844743456 -0.684
1518 151.953022854 151.952496460 151.944831017 -0.684
1519 152.053132225 152.052605781 152.044940282 -0.684
1520 152.153221521 152.152695008 152.145029528 -0.684
1521 152.253313354 152.252786773 152.245121312 -0.684
1522 152.353397132 152.352870464 152.345204984 -0.684
1523 152.453477447 152.452950710 152.445285230 -0.684
1524 152.553564946 152.553038154 152.545372674 -1.196
1525 152.653648576 152.653121664 152.645456202 -1.196
1526 152.753732539 152.753205507 152.745540027 -1.196
1527 152.853816817 152.853289647 152.845624166 -1.196
1528 152.953910354 152.953383082 152.945717621 -1.196
1529 153.054011872 153.053484463 153.045818853 -1.196
1530 153.154100039 153.153572528 153.145907029 -1.196
1531 153.254190298 153.253662649 153.245997206 -1.196
1532 153.354278761 153.353750992 153.346085531 -1.196
1533 153.454364372 153.453836484 153.446170967 -1.196
1534 153.554449964 153.553921929 153.546256467 -5.006
1535 153.654533575 153.654004983 153.646339503 -5.006
1536 153.754617427 153.754088371 153.746422909 -5.006
1537 153.854698520 153.854168944 153.846503464 -5.006
1538 153.954735557 153.954205499 153.946540056 -5.006
1539 154.054840038 154.054309479 154.046644017 -5.006
1540 154.154933131 154.154402089 154.146736627 -5.006
1541 154.255025223 154.254493680 154.246828145 -5.006
1542 154.355111890 154.354579809 154.346914329 -5.006
1543 154.455192705 154.454660141 154.446994717 -5.006
1544 154.555271630 154.554738604 154.547073106 -3.357
1545 154.655352167 154.654818768 154.647153307 -3.357
1546 154.755431945 154.754898247 154.747232786 -3.357
1547 154.855503241 154.854969170 154.847303746 -3.357
1548 154.955590741 154.955056390 154.947390965 -3.357
1549 155.055708408 155.055173702 155.047508259 -3.357
1550 155.155826278 155.155291236 155.147625756 -3.357
1551 155.255913797 155.255378419 155.247712902 -3.357
1552 155.356006852 155.355471138 155.347805658 -3.357
1553 155.456088537 155.455552469 155.447886989 -3.357
1554 155.556172500 155.555636104 155.547970605 -4.305
1555 155.656250982 155.655714117 155.648048655 -4.305
1556 155.756333796 155.755796538 155.748131058 -4.305
1557 155.856416667 155.855878996 155.848213516 -4.305
1558 155.956497944 155.955959806 155.948294344 -4.305
1559 156.056591481 156.056052930 156.048387469 -4.305
1560 156.156695278 156.156156296 156.148490834 -4.305
1561 156.256785315 156.256245902 156.248580422 -4.305
1562 156.356873944 156.356334082 156.348668583 -4.305
1563 156.456958166 156.456417873 156.448752393 -4.305
1564 156.557038648 156.556497938 156.548832477 -3.006
1565 156.657119592 156.656578545 156.648913083 -3.006
1566 156.757203203 156.756661911 156.748996449 -3.006
1567 156.857286870 156.856745276 156.849079796 -3.006
1568 156.957368148 156.956826235 156.949160773 -3.006
1569 157.057465481 157.056923286 157.049257843 -3.006
1570 157.157566259 157.157023744 157.149358227 -3.006
1571 157.257657425 157.257114628 157.249449167 -3.006
1572 157.357746518 157.357203420 157.349537958 -3.006
1573 157.457828518 157.457285119 157.449619639 -3.006
1574 157.557912777 157.557369084 157.549703623 -2.357
1575 157.657995110 157.657451182 157.649785720 -2.357
1576 157.758074314 157.757530149 157.749864669 -2.357
1577 157.858156703 157.857612302 157.849946822 -2.357
1578 157.958239906 157.957695252 157.950029772 -2.357
1579 158.058329091 158.057784219 158.050118758 -2.357
1580 158.158436239 158.157891169 158.150225725 -2.357
1581 158.258524925 158.257979581 158.250314008 -2.357
1582 158.358614962 158.358069382 158.350403920 -2.357
1583 158.458696480 158.458150646 158.450485147 -2.357
1584 158.558777961 158.558231910 158.550566448 -2.357
1585 158.658858387 158.658312100 158.650646583 -2.357
1586 158.758952702 158.758406179 158.750740717 -2.357
1587 158.859040461 158.858493702 158.850828241 -2.357
1588 158.959123794 158.958576707 158.950911245 -2.357
1589 159.059221331 159.058674101 159.051008639 -2.357
1590 159.159325350 159.158777883 159.151112385 -2.357
1591 159.259414887 159.258867184 159.251201686 -2.357
1592 159.359499646 159.358951689 159.351286209 -2.357
1593 159.459580609 159.459032416 159.451366899 -2.357
1594 159.559663609 159.559115238 159.551449758 1.590
1595 159.659754701 159.659206471 159.651540973 1.590
1596 159.759834998 159.759286945 159.751621446 1.590
1597 159.859917035 159.859369141 159.851703661 1.590
1598 159.959999461 159.959451726 159.951786209 1.590
1599 160.060081516 160.059533959 160.051868516 1.590
1600 160.160179775 160.159632359 160.151966879 1.590
1601 160.260276590 160.259729333 160.252063871 1.590
1602 160.360365757 160.359818658 160.352153197 1.590
1603 160.460448071 160.459901114 160.452235634 1.590
1604 160.560529942 160.559983146 160.552317684 -0.059
1605 160.660611034 160.660064232 160.652398771 -0.059
1606 160.760695275 160.760148449 160.752482987 -0.059
1607 160.860777756 160.860230943 160.852565481 -0.059
1608 160.960857682 160.960310844 160.952645346 -0.059
1609 161.060944219 161.060397357 161.052731895 -0.059
1610 161.161065793 161.160518943 161.152853500 -0.059
1611 161.261170330 161.260623474 161.252958031 -0.059
1612 161.361266386 161.360719543 161.353054081 -0.059
1613 161.461353330 161.460806425 161.453140964 -0.059
1614 161.561438663 161.560891805 161.553226325 -2.382
1615 161.661518145 161.660971011 161.653305549 -2.382
1616 161.761600904 161.761053550 161.753388070 -2.382
1617 161.861683533 161.861135923 161.853470443 -2.382
1618 161.961765200 161.961217351 161.953551889 -2.382
1619 162.061848663 162.061300594 162.053635114 -2.382
1620 162.161943330 162.161395022 162.153729579 -2.382
1621 162.262042478 162.261493932 162.253828359 -2.382
1622 162.362135181 162.361586379 162.353920917 -2.382
1623 162.462215978 162.461666955 162.454001475 -2.382
1624 162.562296755 162.561747494 162.554082014 -2.382
1625 162.662383366 162.661833867 162.654168387 -2.382
1626 162.762467607 162.761917869 162.754252408 -2.382
1627 162.862550588 162.862000612 162.854335151 -2.382
1628 162.962631718 162.962081485 162.954416005 -2.382
1629 163.062712366 163.062161895 163.054496433 -2.382
1630 163.162805773 163.162255064 163.154589621 -2.382
1631 163.262905607 163.262354659 163.254689086 -2.382
1632 163.362995996 163.362444827 163.354779347 -2.382
1633 163.463079162 163.462527756 163.454862276 -2.382
1634 163.563161181 163.562609536 163.554944056 -2.382
1635 163.663245292 163.662693390 163.655027928 -2.382
1636 163.763326588 163.762774411 163.755108949 -2.382
1637 163.863411477 163.862859117 163.855193655 -2.382
1638 163.963494532 163.962941915 163.955276435 -2.382
1639 164.063574736 164.063021881 164.055356400 -2.382
1640 164.163671347 164.163118272 164.155452810 -2.382
1641 164.263771421 164.263218107 164.255552627 -2.382
1642 164.363868180 164.363314385 164.355648923 -6.236
1643 164.463951254 164.463396835 164.455731355 -6.236
1644 164.564033254 164.563478248 164.555812749 -6.236
1645 164.664115550 164.663559901 164.655894403 -6.236
1646 164.764202328 164.763646055 164.755980593 -6.236
1647 164.864285328 164.863728431 164.856062895 -6.236
1648 164.964367550 164.963810029 164.956144549 -6.236
1649 165.064451772 165.063893608 165.056228147 -6.236
1650 165.164557476 165.163998706 165.156333263 -6.236
1651 165.264661383 165.264101989 165.256436528 -6.236
1652 165.364765865 165.364205979 165.356540517 -3.972
1653 165.464849291 165.464288989 165.456623472 -3.972
1654 165.564931031 165.564370332 165.556704870 -3.972
1655 165.665015198 165.664454119 165.656788639 -3.972
1656 165.765102087 165.764540592 165.756875112 -3.972
1657 165.865185753 165.864623861 165.856958381 -3.972
1658 165.965266531 165.964704242 165.957038762 -3.972
1659 166.065346605 166.064783937 166.057118475 -3.972
1660 166.165437383 166.164874280 166.157208855 -3.972
1661 166.265545957 166.264982493 166.257316661 -3.972
1662 166.365657235 166.365093439 166.357427977 -2.840
1663 166.465740160 166.465176081 166.457510619 -2.840
1664 166.565834605 166.565270241 166.557604761 -2.840
1665 166.665919512 166.665354864 166.657689402 -2.840
1666 166.766005142 166.765440209 166.757774748 -2.840
1667 166.866088882 166.865523666 166.857858204 -2.840
1668 166.966170030 166.965604530 166.957939050 -2.840
1669 167.066251790 167.065685986 167.058020506 -2.840
1670 167.166342141 167.165776054 167.158110629 -2.840
1671 167.266456123 167.265889770 167.258224308 -2.840
1672 167.366551845 167.365985373 167.358319875 0.026
1673 167.466633067 167.466066579 167.458401118 0.026
1674 167.566717345 167.566150860 167.558485361 0.026
1675 167.666803826 167.666237362 167.658571845 0.026
1676 167.766887474 167.766321013 167.758655496 0.026
1677 167.866972456 167.866405997 167.858740535 0.026
1678 167.967056215 167.966489740 167.958824241 0.026
1679 168.067140493 168.066574020 168.058908503 0.026
1680 168.167223770 168.166657319 168.158991783 0.026
1681 168.267323307 168.266756840 168.259091397 0.026
1682 168.367426344 168.366859867 168.359194257 -0.841
1683 168.467509252 168.466942672 168.459277173 -0.841
1684 168.567590844 168.567024199 168.559358718 -0.841
1685 168.667676492 168.667109744 168.659444282 -0.841
1686 168.767772715 168.767205882 168.759540346 -0.841
1687 168.867858659 168.867291724 168.859626262 -0.841
1688 168.967940955 168.967373954 168.959708474 -0.841
1689 169.068024955 169.067457851 169.059792390 -0.841
1690 169.168109251 169.167542082 169.159876602 -0.841
1691 169.268216381 169.267649127 169.259983684 -0.841
1692 169.368320455 169.367753124 169.360087625 -0.401
1693 169.468403492 169.467836121 169.460170622 -0.401
1694 169.568486344 169.567918951 169.560253489 -0.401
1695 169.668572751 169.668005318 169.660339838 -0.401
1696 169.768656010 169.768088537 169.760423020 -0.401
1697 169.868738344 169.868170830 169.860505369 -0.401
1698 169.968818566 169.968251012 169.960585569 -0.401
1699 170.068900436 170.068332824 170.060667362 -0.401
1700 170.168985047 170.168417395 170.160751933 -0.401
1701 170.269087066 170.268519373 170.260853930 -0.401
1702 170.369191436 170.368623666 170.360958186 -1.054
1703 170.469277788 170.468709931 170.461044451 -1.054
1704 170.569365232 170.568797270 170.561131790 -1.054
1705 170.669449010 170.668880942 170.661215480 -1.054
1706 170.769532806 170.768964633 170.761299171 -1.054
1707 170.869616454 170.869048175 170.861382658 -1.054
1708 170.969696084 170.969127699 170.961462201 -1.054
1709 171.069777750 171.069209205 171.061543743 -1.054
1710 171.169864065 171.169295432 171.161629952 -1.054
1711 171.269951472 171.269382753 171.261717310 -1.054
1712 171.370061472 171.369492594 171.361827114 -2.313
1713 171.470147454 171.469578344 171.461912864 -2.313
1714 171.570229898 171.569660557 171.561995077 -2.313
1715 171.670315454 171.669745881 171.662080419 -2.313
1716 171.770399805 171.769830001 171.762164521 -2.313
1717 171.870483065 171.869913029 171.862247549 -2.313
1718 171.970563713 171.969993445 171.962327928 -2.313
1719 172.070646268 172.070075751 172.062410271 -2.313
1720 172.170728583 172.170157834 172.162492354 -2.313
1721 172.270826175 172.270255195 172.262589752 -2.313
1722 172.370927620 172.370356426 172.362690965 -2.313
1723 172.471014009 172.470442565 172.462777048 -2.313
1724 172.571098546 172.570526889 172.562861409 -2.313
1725 172.671182157 172.670610269 172.662944789 -2.313
1726 172.771270712 172.770698593 172.763033113 -2.313
1727 172.871356675 172.870784324 172.863118862 -2.313
1728 172.971437082 172.970864481 172.963199001 -2.313
1729 173.071521490 173.070948657 173.063283196 -2.313
1730 173.171606934 173.171033870 173.163368353 -2.313
1731 173.271704545 173.271131268 173.263465825 -2.313
1732 173.371824286 173.371250732 173.363585271 -3.107
1733 173.471915804 173.471341921 173.463676441 -3.107
1734 173.572004749 173.571430573 173.563765093 -3.107
1735 173.672089175 173.671514688 173.663849208 -3.107
1736 173.772173008 173.771598210 173.763932693 -3.107
1737 173.872262360 173.871687233 173.864021752 -3.107
1738 173.972359600 173.971784162 173.964118664 -3.107
1739 174.072446193 174.071870462 174.064204982 -3.107
1740 174.172529341 174.171953281 174.164287486 -3.107
1741 174.272621619 174.272045266 174.264379804 -3.107
1742 174.372721841 174.372145216 174.364479755 -2.407
1743 174.472823970 174.472247049 174.464581569 -2.407
1744 174.572909581 174.572332456 174.564666939 -2.407
1745 174.673001322 174.672423975 174.664758495 -2.407
1746 174.773091396 174.772513808 174.764848328 -2.407
1747 174.873175378 174.872597530 174.864932068 -2.407
1748 174.973258711 174.972680641 174.965015179 -2.407
1749 175.073339933 175.072761622 175.065096142 -2.407
1750 175.173426970 175.172848399 175.165182938 -2.407
1751 175.273525488 175.272946695 175.265281234 -2.407
1752 175.373623970 175.373045298 175.365379836 4.084
1753 175.473724748 175.473146484 175.465481004 4.084
1754 175.573806562 175.573228689 175.565563172 4.084
1755 175.673890562 175.673313116 175.665647636 4.084
1756 175.773979525 175.773402488 175.765737008 4.084
1757 175.874062933 175.873486304 175.865820842 4.084
1758 175.974144303 175.973568027 175.965902529 4.084
1759 176.074226877 176.073651047 176.065985548 4.084
1760 176.174317581 176.173742178 176.166076679 4.084
1761 176.274418599 176.273843605 176.266178088 4.084
1762 176.374522080 176.373947316 176.366281873 1.188
1763 176.474623303 176.474048620 176.466383140 1.188
1764 176.574708821 176.574134295 176.566468814 1.188
1765 176.674810654 176.674236265 176.666570785 1.188
1766 176.774897321 176.774323032 176.766657515 1.188
1767 176.874984043 176.874409892 176.866744375 1.188
1768 176.975069728 176.974495640 176.966830142 1.188
1769 177.075155598 177.074581667 177.066916186 1.188
1770 177.175241210 177.174667397 177.167001916 1.188
1771 177.275336265 177.274762589 177.267097072 1.188
1772 177.375435802 177.374862165 177.367196722 -0.260
1773 177.475543617 177.474969935 177.467304474 -0.260
1774 177.575627506 177.575053817 177.567388299 -0.260
1775 177.675720135 177.675146402 177.667480885 -0.260
1776 177.775806283 177.775232524 177.767567062 -0.260
1777 177.875895802 177.875322035 177.867656555 -0.260
1778 177.975979079 177.975405286 177.967739806 -0.260
1779 178.076061265 178.075487427 178.067821947 -0.260
1780 178.176147876 178.175574012 178.167908514 -0.260
1781 178.276247227 178.275673356 178.268007839 -0.260
1782 178.376338135 178.375764541 178.368099098 4.892
1783 178.476449672 178.475876549 178.468210773 4.892
1784 178.576536283 178.575963631 178.568298151 4.892
1785 178.676622357 178.676050214 178.668384733 4.892
1786 178.776708579 178.776136925 178.768471464 4.892
1787 178.876797560 178.876226396 178.868560861 4.892
1788 178.976887616 178.976316923 178.968651387 4.892
1789 179.076970653 179.076400468 179.068734988 4.892
1790 179.177058468 179.176488772 179.168823274 4.892
1791 179.277152597 179.276583391 179.268917893 4.892
1792 179.377240542 179.376671681 179.369006256 1.592
1793 179.477343579 179.476774840 179.469109323 1.592
1794 179.577436616 179.576868037 179.569202557 1.592
1795 179.677530467 179.676962048 179.669296586 1.592
1796 179.777616023 179.777047763 179.769382264 1.592
1797 179.877700652 179.877132552 179.869467071 1.592
1798 179.977785226 179.977217285 179.969551768 1.592
1799 180.077872967 180.077305185 180.069639705 1.592
1800 180.177965337 180.177397715 180.169732216 1.592
1801 180.278056689 180.277489226 180.269823783 1.592
1802 180.378147078 180.377579757 180.369914221 1.959
1803 180.478251819 180.477684712 180.470019251 1.959
1804 180.578358022 180.577791112 180.570125650 1.959
1805 180.678447319 180.677880623 180.670215180 1.959
1806 180.778536559 180.777970060 180.770304580 1.959
1807 180.878623189 180.878056885 180.870391424 1.959
1808 180.978715004 180.978148896 180.970483416 1.959
1809 181.078797596 181.078231666 181.070566168 1.959
1810 181.178888337 181.178322622 181.170657160 1.959
1811 181.278979244 181.278413725 181.270748263 1.959
1812 181.379075337 181.378509896 181.370844267 0.126
1813 181.479172577 181.478607149 181.470941687 0.126
1814 181.579279744 181.578714328 181.571048885 0.126
1815 181.679384725 181.678819341 181.671153879 0.126
1816 181.779469651 181.778904279 181.771238818 0.126
1817 181.879556947 181.878991588 181.871326071 0.126
1818 181.979655781 181.979090434 181.971424954 0.126
1819 182.079748929 182.079183576 182.071518114 0.126
1820 182.179840355 182.179274996 182.171609479 0.126
1821 182.279933707 182.279368397 182.271702936 0.126
1822 182.380027151 182.379461823 182.371796306 -0.791
1823 182.480115132 182.479549688 182.471884245 -0.791
1824 182.580220040 182.579654517 182.571989018 -0.791
1825 182.680307151 182.679741548 182.672076068 -0.791
1826 182.780392428 182.779826766 182.772161174 -0.791
1827 182.880480947 182.879915186 182.872249725 -0.791
1828 182.980571354 182.980005533 182.972340053 -0.791
1829 183.080666502 183.080100584 183.072435048 -0.791
1830 183.180757224 183.180191245 183.172525728 -0.791
1831 183.280861761 183.280295703 183.272630167 -0.791
1832 183.380951113 183.380384629 183.372719168 -7.224
1833 183.481057687 183.480490462 183.472825000 -7.224
1834 183.581163095 183.580595164 183.572929647 -7.224
1835 183.681251243 183.680682589 183.673017091 -7.224
1836 183.781337335 183.780767959 183.773102479 -7.224
1837 183.881419354 183.880849254 183.873183774 -7.224
1838 183.981498298 183.980927439 183.973262014 -7.224
1839 184.081574446 184.081002882 184.073337439 -7.224
1840 184.181650187 184.181077919 184.173412475 -7.224
1841 184.281732631 184.281159640 184.273494178 -7.224
1842 184.381820150 184.381246564 184.373581121 -4.466
1843 184.481903187 184.481329117 184.473663674 -4.466
1844 184.582007427 184.581432911 184.573767375 -4.466
1845 184.682098687 184.681523778 184.673858354 -4.466
1846 184.782177464 184.781602091 184.773936648 -4.466
1847 184.882250723 184.881674922 184.874009497 -4.466
1848 184.982328390 184.981752123 184.974086661 -4.466
1849 185.082415853 185.081839139 185.074173640 -4.466
1850 185.182503464 185.181926518 185.174261075 -1.707
1851 185.282591668 185.282014532 185.274349071 -1.707
1852 185.382706334 185.382128736 185.374463256 -7.241
1853 185.482786631 185.482208307 185.474542864 -7.241
1854 185.582886686 185.582307619 185.574641713 -7.241
1855 185.682961408 185.682381672 185.674716155 -7.241
1856 185.783038630 185.782458151 185.774792727 -7.241
1857 185.883117371 185.882536167 185.874870687 -7.241
1858 185.983199852 185.982617905 185.974952462 -7.241
1859 186.083272630 186.082689977 186.075024552 -7.241
1860 186.183343723 186.182760345 186.175094902 -7.241
1861 186.283447426 186.282863324 186.275197899 -7.241
1862 186.383550760 186.382966077 186.375300208 -4.474
1863 186.483636500 186.483051351 186.475385889 -4.474
1864 186.583744982 186.583159348 186.575493904 -4.474
1865 186.683859019 186.683272992 186.675607493 -4.474
1866 186.783943648 186.783357174 186.775691731 -4.474
1867 186.884024630 186.883437707 186.875772190 -4.474
1868 186.984108981 186.983521611 186.975856094 -4.474
1869 187.084188944 187.083601108 187.075935683 -4.474
1870 187.184262926 187.183674660 187.176009236 -4.474
1871 187.284345129 187.283756435 187.276090954 -4.474
1872 187.384432629 187.383843648 187.376178205 -1.365
1873 187.484505296 187.483916160 187.476250735 -1.365
1874 187.584584537 187.583995245 187.576329802 -1.365
1875 187.684690907 187.684101497 187.676436036 -1.365
1876 187.784779000 187.784189435 187.776524010 -1.365
1877 187.884858148 187.884268483 187.876603040 -1.365
1878 187.984928425 187.984338624 187.976673181 -1.365
1879 188.085004018 188.084414062 188.076748637 -1.365
1880 188.185078536 188.184488425 188.176823000 -1.365
1881 188.285154536 188.284564270 188.276898512 -1.365
1882 188.385241277 188.384650892 188.376985431 -1.365
1883 188.485312666 188.484722126 188.477056701 -1.365
1884 188.585393684 188.584803026 188.577137583 -1.365
1885 188.685494832 188.684904038 188.677238002 -1.365
1886 188.785579480 188.784988568 188.777323143 -1.365
1887 188.885653980 188.885062931 188.877397506 -1.365
1888 188.985730906 188.985139702 188.977474240 -1.365
1889 189.085812221 189.085220898 189.077555474 -1.365
1890 189.185885351 189.185293891 189.177628467 -1.365
1891 189.285980925 189.285389329 189.277723885 -1.365
1892 189.386072369 189.385480655 189.377815212 -1.365
1893 189.486146573 189.485554962 189.477889519 1.358
1894 189.586227776 189.585636264 189.577970803 1.358
1895 189.686328295 189.685736918 189.678071383 1.358
1896 189.786413776 189.785822573 189.778157130 1.358
1897 189.886488128 189.885897023 189.878231562 1.358
1898 189.986571628 189.985980696 189.978315253 1.358
1899 190.086645776 190.086054943 190.078389426 1.358
1900 190.186730665 190.186139968 190.178474525 1.358
1901 190.286817868 190.286227326 190.278561864 1.358
1902 190.386903387 190.386312999 190.378647574 1.358
1903 190.486976609 190.486386204 190.478720779 -0.175
1904 190.587056887 190.586466427 190.578800965 -0.175
1905 190.687155294 190.686564854 190.678899262 -0.175
1906 190.787241276 190.786650818 190.778985337 -0.175
1907 190.887333331 190.886742837 190.879077338 -0.175
1908 190.987416961 190.986826468 190.979160987 -0.175
1909 191.087498831 191.086908302 191.079242822 -0.175
1910 191.187578627 191.186988099 191.179322675 -0.175
1911 191.287668534 191.287078007 191.279412546 -0.175
1912 191.387755201 191.387164657 191.379499176 -0.175
1913 191.487830331 191.487239702 191.479574259 -0.941
1914 191.587908849 191.587318089 191.579652664 -0.941
1915 191.688007756 191.687416902 191.679751329 -0.941
1916 191.788090460 191.787499548 191.779834105 -0.941
1917 191.888166442 191.887575417 191.879909900 -0.941
1918 191.988251238 191.987660138 191.979994695 -0.941
1919 192.088327756 192.087736488 192.080071026 -0.941
1920 192.188407571 192.187816264 192.180150821 -0.941
1921 192.288492052 192.287900651 192.280235190 -0.941
1922 192.388576071 192.387984576 192.380319133 -0.941
1923 192.488649700 192.488057780 192.480392337 -4.945
1924 192.588739497 192.588147008 192.580481565 -4.945
1925 192.688872941 192.688280012 192.680614569 -4.945
1926 192.788977015 192.788383591 192.780718111 -4.945
1927 192.889061145 192.888467171 192.880801653 -4.945
1928 192.989143552 192.988549120 192.980883658 -4.945
1929 193.089224237 193.088629310 193.080963830 -4.945
1930 193.189319663 193.188724223 193.181058761 -4.945
1931 193.289413589 193.288817691 193.281152229 -4.945
1932 193.389500904 193.388904529 193.381239049 -4.945
1933 193.489584348 193.488987600 193.481322139 -3.326
1934 193.589668663 193.589071582 193.581406102 -3.326
1935 193.689759107 193.689161675 193.681496232 -3.326
1936 193.789867033 193.789269268 193.781603806 -3.326
1937 193.889959200 193.889361120 193.881695658 -3.326
1938 193.990043496 193.989445083 193.981779603 -3.326
1939 194.090134848 194.089536102 194.081870641 -3.326
1940 194.190218459 194.189619399 194.181953919 -3.326
1941 194.290309903 194.289710492 194.282045012 -3.326
1942 194.390395496 194.389795752 194.382130290 -3.326
1943 194.490479440 194.489879414 194.482213934 -2.517
1944 194.590562199 194.589961940 194.582296441 -2.517
1945 194.690649699 194.690049151 194.682383708 -2.517
1946 194.790754125 194.790153362 194.782487882 -2.517
1947 194.890835403 194.890234388 194.882568908 -2.517
1948 194.990926088 194.990324821 194.982659341 -2.517
1949 195.091015291 195.090413773 195.082748293 -2.517
1950 195.191101051 195.190499262 195.182833800 -2.517
1951 195.291189606 195.290587584 195.282922122 -2.517
1952 195.391277106 195.390674832 195.383009370 -2.517
1953 195.491361217 195.490759012 195.483093531 1.223
1954 195.591447847 195.590845764 195.583180246 1.223
1955 195.691537736 195.690935756 195.683270313 1.223
1956 195.791643069 195.791041212 195.783375750 1.223
1957 195.891728847 195.891127130 195.883461632 1.223
1958 195.991817550 195.991215938 195.983550458 1.223
1959 196.091903735 196.091302264 196.083636784 1.223
1960 196.191987180 196.191385812 196.183720276 1.223
1961 196.292076272 196.291475046 196.283809584 1.223
1962 196.392165846 196.391564723 196.383899262 1.223
1963 196.492253050 196.491651943 196.483986481 -0.242
1964 196.592338568 196.591737437 196.584071957 -0.242
1965 196.692429865 196.691828691 196.684163229 -0.242
1966 196.792537161 196.791935981 196.784270520 -0.242
1967 196.892636494 196.892035272 196.884369792 -0.242
1968 196.992727253 196.992126025 196.984460545 -0.242
1969 197.092814735 197.092213482 197.084548021 -0.242
1970 197.192902198 197.192300921 197.184635441 -0.242
1971 197.292993346 197.292392045 197.284726583 -0.242
1972 197.393077401 197.392476076 197.384810614 -0.242
1973 197.493161846 197.492560434 197.484894972 -0.975
1974 197.593249142 197.592647633 197.584982171 -0.975
1975 197.693333049 197.692731461 197.685066036 -0.975
1976 197.793425901 197.792824178 197.785158513 -0.975
1977 197.893523160 197.892921358 197.885255804 -0.975
1978 197.993613530 197.993011631 197.985346169 -0.975
1979 198.093712327 198.093110311 198.085444849 -0.975
1980 198.193809938 198.193207824 198.185542381 -0.975
1981 198.293901382 198.293299190 198.285633673 -0.975
1982 198.393995734 198.393393444 198.385727982 -0.975
1983 198.494081956 198.493479326 198.485813846 -3.850
1984 198.594166049 198.593563033 198.585897553 -3.850
1985 198.694253752 198.693650314 198.685984853 -3.850
1986 198.794385104 198.793781318 198.786115875 -3.850
1987 198.894490363 198.893886191 198.886220711 -3.850
1988 198.994583419 198.993978862 198.986313400 -3.850
1989 199.094670789 199.094065847 199.086400385 -3.850
1990 199.194757733 199.194152387 199.186486926 -3.850
1991 199.294843289 199.294237557 199.286572096 -3.850
1992 199.394931696 199.394325579 199.386660136 -3.850
1993 199.495020585 199.494414191 199.486748711 -2.779
1994 199.595107530 199.594500858 199.586835378 -2.779
1995 199.695191622 199.694584654 199.686919155 -2.779
1996 199.795282122 199.794674894 199.787009451 -2.779
1997 199.895387974 199.894780449 199.887114876 -2.779
1998 199.995473955 199.994866152 199.987200691 -2.779
1999 200.095561196 200.094953134 200.087287653 -2.779
2000 200.195648862 200.195040522 200.187375042 -2.779
2001 200.295733992 200.295125355 200.287459875 -2.779
2002 200.395824066 200.395215169 200.387549708 -2.779
2003 200.495909492 200.495300219 200.487634739 -3.954
2004 200.595993047 200.595383379 200.587717880 -3.954
2005 200.696075529 200.695465446 200.687799966 -3.954
2006 200.796165955 200.795555476 200.787890033 -3.954
2007 200.896275510 200.895664636 200.887999174 -3.954
2008 200.996361492 200.995750221 200.988084741 -3.954
2009 201.096455399 201.095843752 201.088178290 -3.954
2010 201.196539732 201.195927671 201.188262209 -3.954
2011 201.296629232 201.296016775 201.288351313 -3.954
2012 201.396720880 201.396108046 201.388442584 -3.954
2013 201.496817158 201.496204021 201.488538541 -2.831
2014 201.596901788 201.596288349 201.588622850 -2.831
2015 201.696984288 201.696370584 201.688705122 -2.831
2016 201.797074454 201.796460449 201.788795006 -2.831
2017 201.897179287 201.896565017 201.888899555 -2.831
2018 201.997275306 201.996660752 201.988995291 -2.831
2019 202.097364676 202.096749839 202.089084378 -2.831
2020 202.197447713 202.196832574 202.189167131 -2.831
2021 202.297535861 202.296920458 202.289254978 -2.831
2022 202.397623695 202.397008008 202.389342490 -2.831
2023 202.497708583 202.497092623 202.489427161 -2.269
2024 202.597795713 202.597179562 202.589514101 -2.269
2025 202.697897528 202.697281150 202.689615670 -2.269
2026 202.797988361 202.797371737 202.789706294 -2.269
2027 202.898095528 202.897478695 202.889813252 -2.269
2028 202.998185639 202.997568579 202.989903081 -2.269
2029 203.098271453 203.097654167 203.089988705 -2.269
2030 203.198356009 203.197738477 203.190072960 -2.269
2031 203.298437879 203.297820120 203.290154640 -2.269
2032 203.398526620 203.397908652 203.390243172 -2.269
2033 203.498613083 203.497994869 203.490329389 -2.269
2034 203.598698990 203.598080568 203.590415088 -2.269
2035 203.698782731 203.698164063 203.690498602 -2.269
2036 203.798863101 203.798244207 203.790578763 -2.269
2037 203.898969971 203.898350868 203.890685388 -2.269
2038 203.999060657 203.998441326 203.990775865 -2.269
2039 204.099148045 204.098528488 204.090863026 -2.269
2040 204.199231379 204.198611576 204.190946114 -2.269
2041 204.299313119 204.298693126 204.291027683 -2.269
2042 204.399393156 204.398772918 204.391107438 -2.269
2043 204.499490360 204.498869550 204.491204089 -6.242
2044 204.599574397 204.598952981 204.591287501 -6.242
2045 204.699656749 204.699034708 204.691369228 -6.242
2046 204.799758952 204.799136268 204.791470825 -6.242
2047 204.899906841 204.899283550 204.891618089 -6.242
2048 205.000007063 204.999383148 204.991717631 -6.242
2049 205.100097341 205.099472801 205.091807339 -6.242
2050 205.200182193 205.199557009 205.191891529 -6.242
2051 205.300266119 205.299640310 205.291974830 -6.242
2052 205.400352211 205.399725778 205.392060316 -6.242
2053 205.500434989 205.499808134 205.492142636 -3.975
2054 205.600518396 205.599891144 205.592225664 -3.975
2055 205.700599007 205.699971357 205.692305840 -3.975
2056 205.800683581 205.800055515 205.792390053 -3.975
2057 205.900779322 205.900150876 205.892485415 -3.975
2058 206.000884544 206.000255645 205.992590183 -3.975
2059 206.100977044 206.100347784 206.092682322 -3.975
2060 206.201061822 206.200432164 206.192766702 -3.975
2061 206.301148822 206.300518766 206.292853304 -3.975
2062 206.401235507 206.400605053 206.392939592 -3.975
2063 206.501319840 206.500689290 206.493023809 -0.267
2064 206.601404155 206.600773596 206.593108135 -0.267
2065 206.701484636 206.700853995 206.693188534 -0.267
2066 206.801567599 206.800936968 206.793271488 -0.267
2067 206.901663396 206.901032738 206.893367295 -0.267
2068 207.001765970 207.001135304 206.993469527 -0.267
2069 207.101852951 207.101222240 207.093556760 -0.267
2070 207.201933766 207.201303028 207.193637548 -0.267
2071 207.302016784 207.301386020 207.293720558 -0.267
2072 207.402102173 207.401471400 207.393805920 -0.267
2073 207.502185451 207.501554482 207.493889002 -0.987
2074 207.602271173 207.601640217 207.593974736 -0.987
2075 207.702354562 207.701723451 207.694057971 -0.987
2076 207.802438488 207.801807315 207.794141854 -0.987
2077 207.902539247 207.901907976 207.894242532 -0.987
2078 208.002639006 208.002007654 207.994342045 -0.987
2079 208.102725043 208.102093593 208.094428076 -0.987
2080 208.202808247 208.202176568 208.194511106 -0.987
2081 208.302904802 208.302273099 208.294607637 -0.987
2082 208.402989524 208.402357778 208.394692297 -0.987
2083 208.503072950 208.502441105 208.494775643 -0.987
2084 208.603156339 208.602524395 208.594858915 -0.987
2085 208.703237913 208.702605870 208.694940390 -0.987
2086 208.803325024 208.802692882 208.795027421 -0.987
2087 208.903435857 208.902803617 208.895138192 -0.987
2088 209.003533876 209.002901518 208.995236056 -0.987
2089 209.103624098 209.102991660 209.095326198 -0.987
2090 209.203707135 209.203074616 209.195409136 -0.987
2091 209.303791450 209.303158795 209.295493334 -0.987
2092 209.403875616 209.403242882 209.395577401 -0.987
2093 209.503958875 209.503326042 209.495660580 -0.987
2094 209.604043690 209.603410863 209.595745383 3.509
2095 209.704126727 209.703494270 209.695828808 3.509
2096 209.804207190 209.803575047 209.795909585 3.509
2097 209.904295986 209.903664176 209.895998733 3.509
2098 210.004406301 210.003774879 209.996109417 3.509
2099 210.104499171 210.103868082 210.096202583 3.509
2100 210.204584468 210.203953711 210.196288249 3.509
2101 210.304669375 210.304039006 210.296373489 3.509
2102 210.404754245 210.404124228 210.396458748 3.509
2103 210.504835116 210.504205449 210.496539969 3.509
2104 210.604916930 210.604287555 210.596622074 0.901
2105 210.704999745 210.704370460 210.696704961 0.901
2106 210.805081412 210.804452198 210.796786718 0.901
2107 210.905169986 210.904540880 210.896875419 0.901
2108 211.005290300 211.004661230 210.996995787 0.901
2109 211.105399486 211.104770561 211.097105081 0.901
2110 211.205484134 211.204855262 211.197189782 0.901
2111 211.305577097 211.304948352 211.297282872 0.901
2112 211.405662541 211.405033887 211.397368406 0.901
2113 211.505746911 211.505118347 211.497452885 0.901
2114 211.605831300 211.605202796 211.597537297 -0.403
2115 211.705918356 211.705289811 211.697624331 -0.403
2116 211.806001448 211.805372863 211.797707365 -0.403
2117 211.906084300 211.905455656 211.897790176 -0.403
2118 212.006180152 212.005551486 211.997886043 -0.403
2119 212.106304355 212.105675649 212.098009836 -0.403
2120 212.206389466 212.205760720 212.198095203 -0.403
2121 212.306474985 212.305846180 212.298180718 -0.403
2122 212.406559966 212.405931139 212.398265641 -0.403
2123 212.506642244 212.506013377 212.498347915 -0.403
2124 212.606725096 212.606096083 212.598430602 -4.199
2125 212.706811003 212.706181588 212.698516108 -4.199
2126 212.806905077 212.806275223 212.798609743 -4.199
2127 212.906992133 212.906361877 212.898696360 -4.199
2128 213.007088022 213.006457345 212.998791884 -4.199
2129 213.107191521 213.106560407 213.098894926 -4.199
2130 213.207273095 213.206641579 213.198976136 -4.199
2131 213.307360410 213.306728473 213.299062993 -4.199
2132 213.407446206 213.406813849 213.399148388 -4.199
2133 213.507527429 213.506894632 213.499229152 -4.199
2134 213.607610503 213.606977333 213.599311853 -2.953
2135 213.707693299 213.707059834 213.699394335 -2.953
2136 213.807779299 213.807145519 213.799480058 -2.953
2137 213.907863614 213.907229557 213.899564077 -2.953
2138 214.007960132 214.007325780 213.999660337 -2.953
2139 214.108063576 214.107428929 214.099763449 -2.953
2140 214.208147002 214.207512003 214.199846523 -2.953
2141 214.308232984 214.307597726 214.299932265 -2.953
2142 214.408319280 214.407683745 214.400018284 -2.953
2143 214.508403539 214.507767709 214.500102247 -2.953
2144 214.608485317 214.607849046 214.600183528 -8.637
2145 214.708572835 214.707935718 214.700270238 -8.637
2146 214.808656687 214.808018687 214.800353207 -8.637
2147 214.908738409 214.908099563 214.900434083 -8.637
2148 215.008844298 215.008204587 215.000539126 -8.637
2149 215.108946002 215.108305426 215.100639928 -8.637
2150 215.209036428 215.208394969 215.200729489 -8.637
2151 215.309122742 215.308480419 215.300814976 -8.637
2152 215.409208798 215.408565629 215.400900167 -8.637
2153 215.509293298 215.508649264 215.500983766 -8.637
2154 215.609377187 215.608732365 215.601066885 -5.172
2155 215.709463075 215.708817737 215.701152257 -5.172
2156 215.809546724 215.808900849 215.801235387 -5.172
2157 215.909629779 215.908983405 215.901317869 -5.172
2158 216.009715223 216.009068295 216.001402870 -5.172
2159 216.109816575 216.109169166 216.101503519 -5.172
2160 216.209915816 216.209267851 216.201602371 -5.172
2161 216.310013908 216.309365463 216.301699983 -5.172
2162 216.410107260 216.409458297 216.401792836 -5.172
2163 216.510191408 216.509541928 216.501876448 -5.172
2164 216.610275427 216.609625467 216.601960005 -3.440
2165 216.710357408 216.709707260 216.702041780 -1.708
2166 216.810440482 216.809790163 216.802124646 -1.708
2167 216.910522704 216.909872214 216.902206697 -1.708
2168 217.010615945 217.009965303 217.002299860 -1.708
2169 217.110727871 217.110077039 217.102411596 -1.708
2170 217.210829334 217.210178312 217.202512851 -1.708
2171 217.310931056 217.310279864 217.302614402 -1.708
2172 217.411013315 217.410361970 217.402696509 -1.708
2173 217.511095260 217.510443744 217.502778264 -1.708
2174 217.611180463 217.610528813 217.602863351 0.043
2175 217.711266593 217.710614947 217.702949467 0.043
2176 217.811349500 217.810697840 217.803032378 0.043
2177 217.911429611 217.910777974 217.903112494 0.043
2178 218.011511944 218.010860311 218.003194813 0.043
2179 218.111599389 218.110947760 218.103282299 0.043
2180 218.211698611 218.211046968 218.203381506 0.043
2181 218.311790370 218.311138732 218.303473252 0.043
2182 218.411874389 218.411222736 218.403557256 0.043
2183 218.511957740 218.511306129 218.503640667 0.043
2184 218.612041518 218.611389874 218.603724412 -0.832
2185 218.712124555 218.711472846 218.703807384 -0.832
2186 218.812209666 218.811557855 218.803892394 -0.832
2187 218.912291962 218.911640068 218.903974588 -0.832
2188 219.012374759 219.011722781 219.004057320 -0.832
2189 219.112464092 219.111812050 219.104146607 -0.832
2190 219.212563240 219.211911114 219.204245634 -0.832
2191 219.312657018 219.312004790 219.304339329 -0.832
2192 219.412740333 219.412088022 219.404422560 -0.832
2193 219.512823129 219.512170735 219.504505273 -0.832
2194 219.612903944 219.612251448 219.604585986 -0.832
2195 219.712985184 219.712332586 219.704667143 -0.832
2196 219.813082295 219.812429651 219.804764190 -0.832
2197 219.913163406 219.912510679 219.904845199 -0.832
2198 220.013246499 220.012593688 220.004928190 -0.832
2199 220.113343184 220.112690309 220.105024865 -0.832
2200 220.213449147 220.212796188 220.205130708 -0.832
2201 220.313540721 220.312887660 220.305222199 -0.832
2202 220.413623443 220.412970299 220.405304819 -0.832
2203 220.513708684 220.513055475 220.505389995 -0.832
2204 220.613793036 220.613139753 220.605474217 -0.396
2205 220.713876758 220.713223435 220.705557937 -0.396
2206 220.813959609 220.813306229 220.805640767 -0.396
2207 220.914041109 220.913387689 220.905722209 -0.396
2208 221.014125443 221.013472001 221.005806521 -0.396
2209 221.114217943 221.113564443 221.105899000 -0.396
2210 221.214316980 221.213663422 221.205997960 -0.396
2211 221.351225461 221.350571886 221.342906425 -0.396
2212 221.451313183 221.450659569 221.442994126 -0.396
2213 221.551386294 221.550732622 221.543067197 -0.396
2214 221.651465665 221.650811915 221.643146453 -1.052
2215 221.751549998 221.750896143 221.743230681 -1.052
2216 221.851632535 221.850978575 221.843313113 -1.052
2217 221.951714405 221.951060358 221.943394878 -1.052
2218 222.051796201 222.051142049 222.043476588 -1.052
2219 222.151890683 222.151236370 222.143570908 -1.052
2220 222.251993016 222.251338635 222.243673173 -1.052
2221 222.352084516 222.351430029 222.343764568 -1.052
2222 222.452167405 222.451512831 222.443847351 -1.052
2223 222.552252257 222.551597559 222.543932042 -1.052
2224 222.652339275 222.651684254 222.644018793 -1.311
2225 222.752422219 222.751767271 222.744101809 -1.311
2226 222.852503497 222.851848436 222.844182956 -1.311
2227 222.952582460 222.951927249 222.944261788 -1.311
2228 223.052666330 223.052011007 223.044345545 -1.311
2229 223.152755497 223.152100024 223.144434581 -1.311
2230 223.252866238 223.252210615 223.244545135 -1.311
2231 223.352953830 223.352298095 223.344632633 -1.311
2232 223.453034608 223.452378723 223.444713261 -1.311
2233 223.553118237 223.552462258 223.544796796 -1.311
2234 223.653201849 223.652545701 223.644880239 -1.311
2235 223.753283034 223.752626792 223.744961312 -1.311
2236 223.853367089 223.852710716 223.845045236 -1.311
2237 223.953453571 223.952797020 223.945131558 -4.952
2238 224.053537608 224.052880561 224.045215118 -4.952
2239 224.153620237 224.152962677 224.145297252 -4.952
2240 224.253723367 224.253065329 224.245399849 -4.952
2241 224.353814718 224.353156167 224.345490687 -4.952
2242 224.453902330 224.453243301 224.445577820 -4.952
2243 224.553986811 224.553327286 224.545661825 -4.952
2244 224.654071052 224.653410994 224.645745514 -4.952
2245 224.754153977 224.753493462 224.745827982 -4.952
2246 224.854234459 224.853573410 224.845907930 -4.952
2247 224.954317126 224.953655621 224.945990159 -3.330
2248 225.054404292 225.053742472 225.046076992 -3.330
2249 225.154493551 225.153831380 225.146165955 -3.330
2250 225.254597811 225.253935324 225.246269844 -3.330
2251 225.354700773 225.354037954 225.346372529 -3.330
2252 225.454777181 225.454114028 225.446448603 -3.330
2253 225.554849718 225.554186232 225.546520807 -3.330
2254 225.654933421 225.654269602 225.646604103 -3.330
2255 225.755019069 225.754354843 225.746689418 -3.330
2256 225.855092477 225.854427972 225.846762548 -3.330
2257 225.955167143 225.954502316 225.946836872 -2.519
2258 226.055240403 226.054575360 226.046909935 -2.519
2259 226.155316088 226.154650756 226.146985294 -2.519
2260 226.255410588 226.254744985 226.247079542 -2.519
2261 226.355512106 226.354846270 226.347180790 -2.519
2262 226.455600217 226.454934147 226.447268686 -2.519
2263 226.555684865 226.555018543 226.547353026 -2.519
2264 226.655766717 226.655100124 226.647434607 -2.519
2265 226.755854495 226.755187632 226.747522133 -2.519
2266 226.855950032 226.855282953 226.847617473 -2.519
2267 226.956032587 226.955365201 226.947699703 -2.519
2268 227.056112217 227.055444579 227.047779117 -2.519
2269 227.156195383 227.155527549 227.147862032 -2.519
2270 227.256279180 227.255611056 227.247945613 -2.519
2271 227.356391791 227.355723433 227.348057972 -2.519
2272 227.456479661 227.455811070 227.448145590 -2.519
2273 227.556562550 227.555893707 227.548228208 -2.519
2274 227.656645179 227.655976084 227.648310641 -2.519
2275 227.756732846 227.756063443 227.748397944 -2.519
2276 227.856813679 227.856144061 227.848478563 -2.519
2277 227.956897346 227.956227486 227.948562024 -1.668
2278 228.056981531 228.056311522 228.048646042 -1.668
2279 228.157066272 228.156396059 228.148730579 -1.668
2280 228.257158142 228.256487781 228.248822338 -1.668
2281 228.357256142 228.356585614 228.348920189 -1.668
2282 228.457336105 228.456665429 228.448999985 -1.668
2283 228.557411420 228.556740576 228.549075152 -1.668
2284 228.657487457 228.656816428 228.649150911 -1.668
2285 228.757576808 228.756905613 228.749240114 -1.668
2286 228.857650734 228.856979390 228.849313947 -1.668
2287 228.957724179 228.957052668 228.949387225 -1.668
2288 229.057803364 229.057131630 229.049466132 -1.668
2289 229.157889660 229.157217797 229.149552372 -1.668
2290 229.257985216 229.257313204 229.249647761 -1.668
2291 229.358086734 229.357414537 229.349748927 -1.668
2292 229.458166752 229.457494407 229.449828982 -1.668
2293 229.558244734 229.557572240 229.549906797 -1.668
2294 229.658322400 229.657649721 229.649984259 -1.668
2295 229.758409437 229.757736591 229.750071129 -1.668
2296 229.858482345 229.857809332 229.850143907 -1.668
2297 229.958556289 229.957883128 229.950217684 -1.668
2298 230.058631752 230.057958405 230.050292980 -1.668
2299 230.158707456 230.158033937 230.150368494 -1.861
2300 230.258788770 230.258115010 230.250449567 -1.861
2301 230.358890437 230.358216546 230.350551122 -1.861
2302 230.458972807 230.458298730 230.450633306 -1.861
2303 230.559046937 230.558372692 230.550707249 -1.861
2304 230.659122770 230.658448321 230.650782655 -1.861
2305 230.759213233 230.758538597 230.750873154 -1.861
2306 230.859286418 230.858611596 230.850946172 -1.861
2307 230.959360807 230.958685817 230.951020374 -1.861
2308 231.059435529 231.058760335 231.051094910 -1.861
2309 231.159512529 231.158837167 231.151171724 -1.861
2310 231.259590085 231.258914518 231.251249093 -1.861
2311 231.359691714 231.359015924 231.351350499 -1.861
2312 231.459781455 231.459105534 231.451440017 -1.861
2313 231.559861918 231.559185811 231.551520293 -1.861
2314 231.659953696 231.659277346 231.651611885 -1.861
2315 231.760044640 231.759368142 231.751702699 -1.861
2316 231.860118288 231.859441603 231.851776179 -1.861
2317 231.960192658 231.959515788 231.951850363 -1.861
2318 232.060267529 232.059590472 232.051925047 -1.861
2319 232.160341677 232.159664452 232.151999009 -1.861
2320 232.260424251 232.259746803 232.252081341 -1.861
2321 232.360530788 232.359853337 232.352187875 2.823
2322 232.460639195 232.459962045 232.452296602 2.823
2323 232.560721306 232.560044420 232.552378903 2.823
2324 232.660804862 232.660128221 232.652462760 2.823
2325 232.760892973 232.760216652 232.752551153 2.823
2326 232.860966750 232.860290712 232.852625288 2.823
2327 232.961041954 232.960366198 232.952700681 2.823
2328 233.061125176 233.060449703 233.052784223 2.823
2329 233.161210510 233.160535319 233.152869876 2.823
2330 233.261289880 233.260614953 233.252949473 2.823
2331 233.361384491 233.360709767 233.353044305 0.558
2332 233.461492583 233.460817934 233.453152509 0.558
2333 233.561574065 233.560899471 233.553234009 0.558
2334 233.661656935 233.660982397 233.653316936 0.558
2335 233.761751231 233.761076768 233.753411343 0.558
2336 233.861825139 233.861150712 233.853485288 0.558
2337 233.961899935 233.961225583 233.953560140 0.558
2338 234.061977435 234.061303139 234.053637696 0.558
2339 234.162055731 234.161381491 234.153716048 0.558
2340 234.262135250 234.261461028 234.253795566 0.558
2341 234.362228287 234.361554081 234.353888638 -0.575
2342 234.462337287 234.461663042 234.453997617 -0.575
2343 234.562414101 234.561739762 234.554074263 -0.575
2344 234.662504194 234.661829834 234.654164391 -0.575
2345 234.762594342 234.761919925 234.754254407 -0.575
2346 234.862668249 234.861993774 234.854328350 -0.575
2347 234.962742342 234.962067809 234.954402385 -0.575
2348 235.062842601 235.062168030 235.054502549 -0.575
2349 235.162926231 235.162251583 235.154586158 -0.575
2350 235.263014990 235.262340285 235.254674823 -0.575
2351 235.363114675 235.362439873 235.354774430 -1.167
2352 235.463221082 235.462546164 235.454880721 -1.167
2353 235.563303230 235.562628213 235.554962696 -1.167
2354 235.663398119 235.662722986 235.655057524 -1.167
2355 235.763484508 235.762809239 235.755143815 -1.167
2356 235.863557952 235.862882585 235.855217161 -1.167
2357 235.963630175 235.962954691 235.955289266 -1.167
2358 236.063700693 236.063025092 236.055359668 -1.167
2359 236.163772489 236.163096772 236.155431329 -1.167
2360 236.263867971 236.263192118 236.255526656 -1.167
2361 236.363979322 236.363303371 236.355637928 -1.167
2362 236.464086248 236.463410180 236.455744700 -1.167
2363 236.564168637 236.563492452 236.555826972 -1.167
2364 236.664264100 236.663587799 236.655922337 -1.167
2365 236.764348378 236.763671959 236.756006535 -1.167
2366 236.864421674 236.863745139 236.856079714 -1.167
2367 236.964494137 236.963817504 236.956152061 -1.167
2368 237.064567322 237.063890535 237.056225073 -1.167
2369 237.164648137 237.163971270 237.156305827 -1.167
2370 237.264729729 237.264052727 237.256387266 -1.167
2371 237.364824211 237.364147145 237.356481720 -0.361
2372 237.464922118 237.464245016 237.456579573 -0.361
2373 237.564998155 237.564320998 237.556655481 -0.361
2374 237.665085507 237.664408332 237.656742889 -0.361
2375 237.765172859 237.764495611 237.756830168 -0.361
2376 237.865245340 237.864568075 237.856902650 -0.361
2377 237.965317821 237.964640538 237.956975114 -0.361
2378 238.065389895 238.064712595 238.057047170 -0.361
2379 238.165462747 238.164785392 238.157119949 -0.361
2380 238.265550155 238.264872763 238.257207264 -0.361
2381 238.365632821 238.364955331 238.357289906 -1.035
2382 238.465727562 238.465049987 238.457384544 -1.035
2383 238.565836525 238.565158846 238.557493292 -1.035
2384 238.665925654 238.665247872 238.657582410 -1.035
2385 238.766014802 238.765336917 238.757671492 -1.035
2386 238.866087599 238.865409609 238.857744185 -1.035
2387 238.966159691 238.965481598 238.957816174 -1.035
2388 239.066231950 239.065553754 239.057888329 -1.035
2389 239.166302302 239.165624002 239.157958578 -1.035
2390 239.266384617 239.265706213 239.258040733 -1.035
2391 239.366467247 239.365788739 239.358123296 -1.035
2392 239.466549672 239.465871062 239.458205600 -1.035
2393 239.566659524 239.565980810 239.558315367 -1.035
2394 239.666750469 239.666071651 239.658406189 -1.035
2395 239.766839728 239.766160825 239.758495382 -1.035
2396 239.866914024 239.866234999 239.858569556 -1.035
2397 239.966984913 239.966305784 239.958640341 -1.035
2398 240.067061283 240.066382051 240.058716627 -1.035
2399 240.167134228 240.166454892 240.158789449 -1.035
2400 240.267219061 240.266539622 240.258874142 -1.035
2401 240.367299542 240.366620060 240.358954635 0.188
2402 240.467382135 240.466702690 240.459037228 0.188
2403 240.567490820 240.566811394 240.559145969 0.188
2404 240.667571579 240.666892153 240.659226692 0.188
2405 240.767658727 240.766979338 240.759313895 0.188
2406 240.867731301 240.867051931 240.859386507 0.188
2407 240.967808523 240.967129172 240.959463655 0.188
2408 241.067893857 241.067214524 241.059549044 0.188
2409 241.167976245 241.167296932 241.159631489 0.188
2410 241.268058486 241.267379191 241.259713730 0.188
2411 241.368142005 241.367462668 241.359797206 -0.760
2412 241.468230930 241.467551518 241.459886075 -0.760
2413 241.568339319 241.567659812 241.559994350 -0.760
2414 241.668424727 241.667745162 241.660079719 -0.760
2415 241.768511856 241.767832215 241.760166754 -0.760
2416 241.868585097 241.867905380 241.860239955 -0.760
2417 241.968659838 241.967980044 241.960314546 -0.760
2418 242.068742041 242.068062172 242.060396747 -0.760
2419 242.168815189 242.168135244 242.160469819 -0.760
2420 242.268896523 242.268216501 242.260551021 -0.760
2421 242.368980171 242.368300073 242.360634630 -0.760
2422 242.469062782 242.468382553 242.460717109 -0.760
2423 242.569171911 242.568491662 242.560826144 -0.760
2424 242.669277282 242.668596956 242.660931494 -0.760
2425 242.769366559 242.768686176 242.761020714 -0.760
2426 242.869439337 242.868758859 242.861093435 -0.760
2427 242.969510152 242.968829598 242.961164173 -0.760
2428 243.069579948 243.068899318 243.061233893 -0.760
2429 243.169652967 243.168972260 243.161306836 -0.760
2430 243.269728559 243.269047758 243.261382297 -0.760
2431 243.369813466 243.369132590 243.361467054 -0.760
2432 243.469892763 243.469211810 243.461546367 -0.760
2433 243.570000188 243.569319178 243.561653680 -0.760
2434 243.670108244 243.669427158 243.661761714 -0.760
2435 243.770199948 243.769518804 243.761853361 -0.760
2436 243.870273855 243.869592598 243.861927173 -0.760
2437 243.970345448 243.969664133 243.961998708 -0.760
2438 244.070416725 244.069735353 244.062069910 -0.760
2439 244.170488910 244.169807444 244.162142019 -0.760
2440 244.270575281 244.269893738 244.262228295 -0.760
2441 244.370658355 244.369976717 244.362311200 -0.760
2442 244.470744781 244.470063086 244.462397642 -0.760
2443 244.570845595 244.570163787 244.562498344 -0.760
2444 244.670967243 244.670285329 244.662619793 -3.330
2445 244.771059021 244.770376773 244.762711293 -3.330
2446 244.871141299 244.870458699 244.862793237 -3.330
2447 244.971224614 244.970541699 244.962876237 -3.330
2448 245.071316725 245.070633495 245.062968034 -3.330
2449 245.171400558 245.170716995 245.163051515 -3.330
2450 245.271492502 245.270808606 245.263143126 -3.330
2451 245.371575650 245.370891421 245.363225960 -3.330
2452 245.471658187 245.470973625 245.463308145 -3.330
2453 245.571755039 245.571070143 245.563404700 -3.330
2454 245.671860409 245.671175196 245.663509586 -2.519
2455 245.771958095 245.771272610 245.763607149 -2.519
2456 245.872039039 245.871353302 245.863687841 -2.519
2457 245.972119317 245.971433328 245.963767811 -2.519
2458 246.072201854 246.071515631 246.063850151 -2.519
2459 246.172285168 246.171598694 246.163933233 -2.519
2460 246.272376224 246.271689498 246.264024054 -2.519
2461 246.372462409 246.371775394 246.364109913 -2.519
2462 246.472544890 246.471857641 246.464192180 -2.519
2463 246.572642983 246.571955500 246.564290039 -2.519
2464 246.672748113 246.672060378 246.664394916 -2.519
2465 246.772833631 246.772145644 246.764480164 -2.519
2466 246.872913409 246.872225170 246.864559690 -2.519
2467 246.973092705 246.972404214 246.964738696 -2.519
2468 247.073176835 247.072488091 247.064822630 -2.519
2469 247.173260760 247.172571746 247.164906285 -2.519
2470 247.273352464 247.272663216 247.264997755 -2.519
2471 247.373438871 247.372749353 247.365083910 -2.519
2472 247.473523242 247.472833453 247.465168010 -2.519
2473 247.573610649 247.572920645 247.565255202 -2.519
2474 247.673730834 247.673040578 247.665375116 -2.519
2475 247.773823760 247.773133233 247.765467772 -2.519
2476 247.873905834 247.873215018 247.865549538 -2.519
2477 247.973989686 247.973298655 247.965633138 -2.519
2478 248.074072223 248.073380921 248.065715423 -2.519
2479 248.174155889 248.173464373 248.165798874 -2.519
2480 248.274244575 248.273552806 248.265887326 -2.519
2481 248.374329778 248.373636892 248.365971412 -11.427
2482 248.474413908 248.473719896 248.466054435 -11.427
2483 248.574528852 248.573833715 248.566168272 -11.427
2484 248.674635871 248.673939590 248.666274036 -11.427
2485 248.774723537 248.774026113 248.766360633 -11.427
2486 248.874810389 248.874111765 248.866446248 -11.427
2487 248.974900852 248.974201122 248.966535660 -11.427
2488 249.074991167 249.074290311 249.066624849 -11.427
2489 249.175077833 249.174375834 249.166710317 -11.427
2490 249.275170315 249.274467172 249.266801655 -11.427
2491 249.375257463 249.374553574 249.366888112 -6.567
2492 249.475337741 249.474633231 249.466967769 -6.567
2493 249.575442889 249.574737759 249.567072316 -6.567
2494 249.675545889 249.674840083 249.667174640 -6.567
2495 249.775641555 249.774935110 249.767269630 -6.567
2496 249.875725333 249.875018157 249.867352677 -6.567
2497 249.975806333 249.975098537 249.967433056 -6.567
2498 250.075896314 250.075187879 250.067522399 -6.567
2499 250.176007851 250.175298759 250.167633279 -6.567
2500 250.276100888 250.275391138 250.267725658 -6.567
2501 250.376186240 250.375476059 250.367810597 -4.138
2502 250.476269481 250.475558830 250.467893350 -4.138
2503 250.576366832 250.575655823 250.567990380 -4.138
2504 250.676482573 250.675771150 250.668105688 -4.138
2505 250.776587406 250.775875569 250.768210089 -4.138
2506 250.876673777 250.875961525 250.868296008 -4.138
2507 250.976755147 250.976042481 250.968376982 -4.138
2508 251.076841480 251.076128400 251.068462920 -4.138
2509 251.176921480 251.176207968 251.168542506 -4.138
2510 251.277018073 251.276304183 251.268638703 -4.138
2511 251.377115165 251.376400956 251.368735475 -2.923
2512 251.477197962 251.476483503 251.468818042 -1.708
2513 251.577284850 251.576570221 251.568904760 -1.708
2514 251.677370480 251.676655680 251.668990255 -1.708
2515 251.777472758 251.776757786 251.769092306 -1.708
2516 251.877560498 251.876845356 251.869179858 -1.708
2517 251.977643665 251.976928333 251.969262872 -1.708
2518 252.077728498 252.077013014 252.069347516 -1.708
2519 252.177813998 252.177098343 252.169432882 -1.708
2520 252.277921961 252.277206135 252.269540655 -1.708
2521 252.378008072 252.377291473 252.369626012 -8.210
2522 252.478088868 252.477371429 252.469705949 -8.210
2523 252.578180813 252.577462571 252.569797072 -8.210
2524 252.678271942 252.677552860 252.669887417 -8.210
2525 252.778381146 252.777661260 252.769995743 -8.210
2526 252.878464627 252.877743920 252.870078440 -8.210
2527 252.978551572 252.977830006 252.970164488 -8.210
2528 253.078636701 253.077914350 253.070248870 -8.210
2529 253.178720664 253.177997492 253.170332030 -8.210
2530 253.278812942 253.278088948 253.270423431 -8.210
2531 253.378902905 253.378178389 253.370512927 -4.959
2532 253.478998905 253.478273893 253.470608394 -4.959
2533 253.579082590 253.578357081 253.570691601 -4.959
2534 253.679176553 253.678450548 253.670785105 -4.959
2535 253.779287108 253.778560607 253.770895109 -4.959
2536 253.879376368 253.878649370 253.870983890 -4.959
2537 253.979458812 253.978731300 253.971065819 -4.959
2538 254.079543849 254.078815859 254.071150397 -4.959
2539 254.179634775 254.178906288 254.171240808 -4.959
2540 254.279731052 254.279002051 254.271336590 -4.959
2541 254.379821849 254.379092747 254.371427230 -0.851
2542 254.479904441 254.479175236 254.471509756 -0.851
2543 254.579996497 254.579267225 254.571601801 -0.851
2544 254.680094811 254.679365455 254.671700030 -0.851
2545 254.780206274 254.779476832 254.771811352 -0.851
2546 254.880297460 254.879567914 254.871902397 -0.851
2547 254.980381219 254.979651588 254.971986108 -0.851
2548 255.080474404 255.079744688 255.072079208 -0.851
2549 255.180562811 255.179833029 255.172167567 -0.851
2550 255.280655237 255.279925369 255.272259889 -0.851
2551 255.380746996 255.380017043 255.372351526 -0.851
2552 255.480828885 255.480098828 255.472433330 -0.851
2553 255.580912848 255.580182725 255.572517245 -0.851
2554 255.681008459 255.680278232 255.672612789 -0.851
2555 255.781118792 255.780388499 255.772723019 -0.851
2556 255.881205348 255.880474969 255.872809545 -0.851
2557 255.981282774 255.980552291 255.972886867 -0.851
2558 256.081362144 256.080631595 256.072966115 -0.851
2559 256.181443422 256.180712788 256.173047363 -0.851
2560 256.281523144 256.280792425 256.273126981 -0.851
2561 256.381606459 256.380875617 256.373210118 -0.851
2562 256.481690773 256.480959884 256.473294459 -0.851
2563 256.581765607 256.581034650 256.573369207 -0.851
2564 256.681901458 256.681170343 256.673504900 -0.851
2565 256.782029995 256.781298832 256.773633389 -0.851
2566 256.882134106 256.881402876 256.873737396 -0.851
2567 256.982220032 256.981488696 256.973823234 -1.450
2568 257.082307921 257.081576421 257.073910941 -1.450
2569 257.182392125 257.181660498 257.173995018 -1.450
2570 257.282474125 257.281742335 257.274076854 -1.450
2571 257.382561495 257.381829578 257.374164098 -1.450
2572 257.482641902 257.481909822 257.474244342 -1.450
2573 257.582729106 257.581996899 257.574331400 -1.450
2574 257.682814421 257.682082069 257.674416607 -1.450
2575 257.782921365 257.782188868 257.774523425 -1.450
2576 257.883039421 257.882306760 257.874641298 -1.450
2577 257.983127365 257.982394559 257.974729042 -1.450
2578 258.083238013 258.082505099 258.074839674 -1.450
2579 258.183336495 258.182603398 258.174937937 -1.450
2580 258.283429235 258.282696012 258.275030532 -1.450
2581 258.383517939 258.382784571 258.375119109 -1.450
2582 258.483600254 258.482866741 258.475201260 -1.450
2583 258.583683791 258.582950132 258.575284652 -1.450
2584 258.683766531 258.683032728 258.675367266 -1.450
2585 258.783864105 258.783130138 258.775464695 -1.450
2586 258.883964809 258.883230715 258.875565069 -1.450
2587 258.984057327 258.983323089 258.975657646 -1.450
2588 259.084144735 259.083410351 259.075744871 -1.450
2589 259.184231772 259.183497224 259.175831763 -1.450
2590 259.284324290 259.283589616 259.275924173 -1.450
2591 259.384411327 259.383676508 259.376011047 -1.450
2592 259.484497438 259.483762483 259.476097021 -0.748
2593 259.584612660 259.583877667 259.576212187 -0.748
2594 259.684708716 259.683973629 259.676308168 -0.748
2595 259.784815864 259.784080721 259.776415260 -0.748
2596 259.884923957 259.884188739 259.876523259 -0.748
2597 259.985020475 259.984285164 259.976619684 -0.748
2598 260.085107901 260.084372534 260.076707072 -0.748
2599 260.185193364 260.184457922 260.176792423 -0.748
2600 260.285284086 260.284548550 260.276883089 -0.748
2601 260.385374012 260.384638420 260.376972958 -0.748
2602 260.485457715 260.484722030 260.477056569 -0.748
2603 260.585539993 260.584804233 260.577138771 -0.748
2604 260.685629012 260.684893195 260.677227715 -0.748
2605 260.785727734 260.784991843 260.777326418 -0.748
2606 260.885832567 260.885096601 260.877431084 -0.748
2607 260.985922141 260.985186100 260.977520620 -0.748
2608 261.086019678 261.085283544 261.077618064 -0.748
2609 261.186104974 261.185368784 261.177703303 -0.748
2610 261.286199048 261.285462783 261.277797321 -0.748
2611 261.386292641 261.385556300 261.377890635 -0.748
2612 261.486377196 261.485640763 261.477975301 -0.748
2613 261.586461844 261.585725336 261.578059874 -0.748
2614 261.686548233 261.685811668 261.678146188 -0.748
2615 261.786643641 261.785906982 261.778241539 -0.748
2616 261.886752678 261.886015963 261.878350501 -0.748
2617 261.986838270 261.986101462 261.978436001 -0.748
2618 262.086921900 262.086184998 262.078519481 -0.748
2619 262.187025363 262.186288423 262.178622962 -0.748
2620 262.287119011 262.286381997 262.278716479 -0.748
2621 262.387205474 262.386468385 262.378802905 -0.748
2622 262.487287399 262.486550217 262.478884719 -0.748
2623 262.587368955 262.586631698 262.578966162 -0.748
2624 262.687454696 262.686717442 262.679051981 3.427
2625 262.787546177 262.786809081 262.779143638 3.427
2626 262.887679640 262.886943073 262.879277611 3.427
2627 262.987774640 262.987038397 262.979372880 3.427
2628 263.087858899 263.087123018 263.079457537 3.427
2629 263.187946232 263.187210694 263.179545214 3.427
2630 263.288039084 263.287303889 263.279638409 3.427
2631 263.388128010 263.387393157 263.379727696 3.427
2632 263.488210528 263.487476000 263.479810520 3.427
2633 263.588291065 263.587556880 263.579891419 3.427
2634 263.688375751 263.687641890 263.679976447 0.859
2635 263.788460862 263.787727087 263.780061625 0.859
2636 263.888555547 263.887821858 263.880156415 0.859
2637 263.988657250 263.987923629 263.980258167 0.859
2638 264.088744084 264.088010567 264.080345031 0.859
2639 264.188830139 264.188096708 264.180431228 0.859
2640 264.288923176 264.288189831 264.280524370 0.859
2641 264.389021732 264.388288454 264.380622974 0.859
2642 264.489104806 264.488371614 264.480706079 0.859
2643 264.589188935 264.588455848 264.580790350 0.859
2644 264.689272917 264.688539898 264.680874362 -0.424
2645 264.789358417 264.788625337 264.780959875 -0.424
2646 264.889453065 264.888719942 264.881054499 -0.424
2647 264.989553528 264.988820381 264.981154901 -0.424
2648 265.089647639 265.088914450 265.081248988 -0.424
2649 265.189733398 265.189000167 265.181334686 -0.424
2650 265.289816842 265.289083550 265.281418088 -0.424
2651 265.389913675 265.389180341 265.381514879 -0.424
2652 265.490004361 265.489270983 265.481605522 -0.424
2653 265.590085731 265.589352293 265.581686813 -0.424
2654 265.690170379 265.689436963 265.681771446 2.887
2655 265.790248768 265.789515641 265.781850161 2.887
2656 265.890343009 265.889610171 265.881944728 2.887
2657 265.990441453 265.989708904 265.982043424 2.887
2658 266.090523934 266.089791674 266.082126194 2.887
2659 266.190611064 266.189879112 266.182213650 2.887
2660 266.290697638 266.289965975 266.282300513 2.887
2661 266.390792805 266.390061430 266.382395950 2.887
2662 266.490874916 266.490143812 266.482478350 2.887
2663 266.590954878 266.590224063 266.582558583 2.887
2664 266.691036545 266.690306006 266.682640545 0.590
2665 266.791119971 266.790389491 266.782724030 0.590
2666 266.891216323 266.890485883 266.882820440 0.590
2667 266.991315693 266.990585313 266.982919851 0.590
2668 267.091401767 267.090671446 267.083006003 0.590
2669 267.191488656 267.190758412 267.183092951 0.590
2670 267.291580804 267.290850619 267.283185158 0.590
2671 267.391666452 267.390936326 267.383270865 0.590
2672 267.491747711 267.491017626 267.483352165 0.590
2673 267.591827859 267.591097833 267.583432372 0.590
2674 267.691911582 267.691181564 267.683516084 -4.561
2675 267.792011230 267.791280756 267.783615276 -4.561
2676 267.892101267 267.891370336 267.883704912 -4.561
2677 267.992202711 267.991471324 267.983805863 -4.561
2678 268.092289859 268.091558016 268.083892536 -4.561
2679 268.192377915 268.191645596 268.183980135 -4.561
2680 268.292465359 268.291732602 268.284067122 -4.561
2681 268.392551840 268.391818627 268.384153184 -4.561
2682 268.492631803 268.491898115 268.484232598 -4.561
2683 268.592712637 268.591978511 268.584313030 -4.561
2684 268.692796303 268.692061739 268.684396259 -3.135
2685 268.792879581 268.792144703 268.784479241 -3.135
2686 268.892964229 268.892229056 268.884563631 -3.135
2687 268.993084821 268.992349298 268.984683855 -3.135
2688 269.093183988 269.092448150 269.084782615 -3.135
2689 269.193263840 269.192527707 269.184862283 -3.135
2690 269.293345247 269.292608801 269.284943339 -3.135
2691 269.393437636 269.392700894 269.385035433 -3.135
2692 269.493509117 269.492772044 269.485106600 -3.135
2693 269.593584858 269.592847471 269.585181953 -3.135
2694 269.693666432 269.692928795 269.685263334 0.513
2695 269.793752562 269.793014976 269.785349533 0.513
2696 269.893826043 269.893088453 269.885423029 0.513
2697 269.993915802 269.993178283 269.985512821 0.513
2698 270.094030210 270.093292760 270.085627187 0.513
2699 270.194111117 270.193373737 270.185708294 0.513
2700 270.294193673 270.293456325 270.285790808 0.513
2701 270.394275784 270.393538488 270.385873045 0.513
2702 270.494347135 270.493609891 270.485944466 0.513
2703 270.594417524 270.593680331 270.586014906 0.513
2704 270.694495450 270.693758294 270.686092833 -0.597
2705 270.794585487 270.793848290 270.786182829 -0.597
2706 270.894659246 270.893921971 270.886256547 -0.597
2707 270.994735246 270.993997911 270.986332505 -0.597
2708 271.094827191 271.094089777 271.086424297 -0.597
2709 271.194912431 271.194174977 271.186509515 -0.597
2710 271.295008450 271.294270935 271.286605455 -0.597
2711 271.395105727 271.394368153 271.386702692 -0.597
2712 271.495189005 271.494451353 271.486785891 -0.597
2713 271.595271635 271.594533941 271.586868461 -0.597
2714 271.695358783 271.694621024 271.686955507 -1.021
2715 271.795443431 271.794705552 271.787040090 -1.021
2716 271.895526931 271.894788968 271.887123488 -1.021
2717 271.995616505 271.994878384 271.987212923 -1.021
2718 272.095714357 272.094976171 272.087310709 -1.021
2719 272.195804079 272.195065809 272.187400329 -1.021
2720 272.295889764 272.295151392 272.287485931 -1.021
2721 272.395975523 272.395237049 272.387571569 -1.021
2722 272.496055023 272.495316466 272.487650986 -1.021
2723 272.596134912 272.595396234 272.587730754 -1.021
2724 272.696217523 272.695478743 272.687813281 -1.021
2725 272.796300116 272.795561252 272.787895753 -1.021
2726 272.896382875 272.895643890 272.887978391 -1.021
2727 272.996470134 272.995730992 272.988065549 -1.021
2728 273.096596282 273.095857093 273.088191631 -1.021
2729 273.196688226 273.195948935 273.188283474 -1.021
2730 273.296778967 273.296039574 273.288374112 -1.021
2731 273.396864597 273.396125101 273.388459621 -1.021
2732 273.496949208 273.496209591 273.488544130 -1.021
2733 273.597044985 273.596305267 273.588639805 -1.021
2734 273.697132522 273.696392644 273.688727182 -7.647
2735 273.797213985 273.796473323 273.788807843 -7.647
2736 273.897298133 273.896556724 273.888891262 -7.647
2737 273.997399281 273.996657088 273.988991645 -7.647
2738 274.097501948 274.096758989 274.089093361 -7.647
2739 274.197600818 274.196857112 274.189191651 -7.647
2740 274.297684670 274.296940180 274.289274719 -7.647
2741 274.397772781 274.397027544 274.389362083 -7.647
2742 274.497859911 274.497113909 274.489448447 -7.647
2743 274.597955781 274.597208995 274.589543533 -7.647
2744 274.698042300 274.697294800 274.689629320 -4.678
2745 274.798128781 274.797380795 274.789715315 -4.678
2746 274.898219707 274.897471271 274.889805809 -4.678
2747 274.998313429 274.997564544 274.989899100 -4.678
2748 275.098431429 275.097682057 275.090016595 -4.678
2749 275.198533966 275.197784125 275.190118664 -4.678
2750 275.298618244 275.297867916 275.290202473 -4.678
2751 275.398706873 275.397956096 275.390290635 -4.678
2752 275.498793540 275.498042295 275.490376815 -4.678
2753 275.598878336 275.598126604 275.590461143 -4.678
2754 275.698964873 275.698212690 275.690547210 -3.193
2755 275.799050317 275.798297833 275.790632390 -3.193
2756 275.899136688 275.898383884 275.890718422 -3.193
2757 275.999223040 275.998469898 275.990804436 -3.193
2758 276.099312743 276.098559300 276.090893839 -3.193
2759 276.199411484 276.198657684 276.190992186 -3.193
2760 276.299501002 276.298746920 276.291081440 -3.193
2761 276.399597169 276.398842767 276.391177287 -3.193
2762 276.499685650 276.498930911 276.491265375 -3.193
2763 276.599769817 276.599014758 276.591349296 -3.193
2764 276.699853521 276.699098077 276.691432597 -10.830
2765 276.799937965 276.799181438 276.791515976 -10.830
2766 276.900037076 276.899279465 276.891613984 -10.830
2767 277.000123650 276.999364955 276.991699475 -10.830
2768 277.100214428 277.099454648 277.091789205 -10.830
2769 277.200319317 277.199558453 277.191892992 -10.830
2770 277.300413761 277.299651813 277.291986352 -10.830
2771 277.400507428 277.399744396 277.392078935 -10.830
2772 277.500595187 277.499831071 277.492165610 -10.830
2773 277.600687631 277.599922432 277.592256970 -10.830
2774 277.700776113 277.700009859 277.692344397 -6.269
2775 277.800860816 277.800093935 277.792428473 -6.269
2776 277.900947724 277.900180233 277.892514772 -6.269
2777 278.001045094 278.000276921 277.992611441 -6.269
2778 278.101136001 278.100367238 278.092701795 -6.269
2779 278.201242353 278.200472980 278.192807463 -6.269
2780 278.301328668 278.300558631 278.292893151 -6.269
2781 278.401421742 278.400651114 278.392985634 -6.269
2782 278.501508057 278.500736802 278.493071321 -6.269
2783 278.601593760 278.600821859 278.593156398 -6.269
2784 278.701680408 278.700907963 278.693242501 -0.107
2785 278.801764890 278.800992415 278.793326935 -0.107
2786 278.901849779 278.901077293 278.893411850 -0.107
2787 279.001937445 279.001164949 278.993499469 -0.107
2788 279.102027149 279.101254642 279.093589199 -0.107
2789 279.202135112 279.201362612 279.193697151 -0.107
2790 279.302229797 279.301457287 279.293791825 -0.107
2791 279.402316241 279.401543739 279.393878259 -0.107
2792 279.502400741 279.501628210 279.493962730 -0.107
2793 279.602485500 279.601712940 279.594047478 -0.107
2794 279.702572037 279.701799476 279.694134015 -0.908
2795 279.802658982 279.801886330 279.794220868 -0.908
2796 279.902741482 279.901968720 279.894303259 -0.908
2797 280.002827537 280.002054704 279.994389242 -0.908
2798 280.102913778 280.102140816 280.094475373 -0.908
2799 280.203023278 280.202250263 280.194584616 -0.908
2800 280.303119055 280.302345949 280.294680488 -0.908
2801 280.403211759 280.402438562 280.394773101 -0.908
2802 280.503298852 280.502525564 280.494860084 -0.908
2803 280.603394611 280.602621214 280.594955752 -0.908
2804 280.703481166 280.702707697 280.695042217 -0.908
2805 280.803566907 280.802793347 280.795127885 -0.908
2806 280.903652074 280.902878404 280.895212942 -0.908
2807 281.003739833 281.002966091 280.995300629 -0.908
2808 281.103831648 281.103057796 281.095392372 -0.908
2809 281.203940592 281.203166668 281.195501188 -0.908
2810 281.304053555 281.303279540 281.295614042 -0.908
2811 281.404152462 281.403378338 281.395712858 -0.908
2812 281.504241981 281.503467766 281.495802304 -0.908
2813 281.604326370 281.603552064 281.595886602 -0.908
2814 281.704413277 281.703638954 281.695973493 4.871
2815 281.804495758 281.803721923 281.796056443 4.871
2816 281.904578980 281.903805614 281.896140153 4.871
2817 282.004664906 282.003892046 281.996226566 4.871
2818 282.104761499 282.103989071 282.096323591 4.871
2819 282.204864851 282.204092947 282.196427504 4.871
2820 282.304975795 282.304204398 282.296538918 4.871
2821 282.405065758 282.404294848 282.396629368 4.871
2822 282.505149925 282.504379484 282.496714003 4.871
2823 282.605228239 282.604458286 282.596792806 4.871
2824 282.705315554 282.704546075 282.696880595 1.581
2825 282.805408165 282.804638845 282.796973365 1.581
2826 282.905482535 282.904713373 282.897047949 1.581
2827 283.005551813 283.004782828 282.997117403 1.581
2828 283.105623350 283.104854505 283.097189061 1.581
2829 283.205702646 283.204933941 283.197268497 1.581
2830 283.305800794 283.305032265 283.297366748 1.581
2831 283.405880387 283.405112035 283.397446592 1.581
2832 283.505956350 283.505187937 283.497522494 -1.828
2833 283.606040739 283.605272143 283.597606718 -1.828
2834 283.706117257 283.705348464 283.697683002 -3.430
2835 283.806207868 283.805438750 283.797773270 -3.430
2836 283.906285498 283.905516037 283.897850612 -3.430
2837 284.006359479 284.005589675 283.997924232 -3.430
2838 284.106430201 284.105660035 284.097994611 -3.430
2839 284.206511849 284.205741359 284.198075897 -3.430
2840 284.306612127 284.305841256 284.298175831 -3.430
2841 284.406687572 284.405916357 284.398250914 -3.430
2842 284.506765534 284.505993995 284.498328571 -3.430
2843 284.606837497 284.606065615 284.598400190 -3.430
2844 284.706918238 284.706146001 284.698480558 -2.629
2845 284.807009997 284.806237534 284.798572109 -2.629
2846 284.907083386 284.906310660 284.898645217 -2.629
2847 285.007162367 285.006389359 284.998723898 -2.629
2848 285.107244071 285.106470800 285.098805375 -2.629
2849 285.207325886 285.206552296 285.198886853 -2.629
2850 285.307430904 285.306657107 285.298991645 -2.629
2851 285.407514015 285.406739955 285.399074530 -2.629
2852 285.507592849 285.506818525 285.499153100 -2.629
2853 285.607664738 285.606890132 285.599224708 -2.629
2854 285.707744126 285.706969282 285.699303802 -1.949
2855 285.807839830 285.807064791 285.799399366 -1.949
2856 285.907915219 285.907140003 285.899474560 -1.949
2857 286.007986015 286.007210604 285.999545161 -1.949
2858 286.108057311 286.107281705 286.099616262 -1.949
2859 286.208136533 286.207360695 286.199695252 -1.949
2860 286.308242070 286.307466074 286.299800613 -1.949
2861 286.408331144 286.407554953 286.399889510 -1.949
2862 286.508410385 286.507633980 286.499968556 -1.949
2863 286.608482441 286.607705841 286.600040416 -1.949
2864 286.708561329 286.707784534 286.700119073 -1.949
2865 286.808649311 286.807872321 286.800206859 -1.949
2866 286.908723940 286.907946774 286.900281331 -1.949
2867 287.008795977 287.008018597 287.000353173 -1.949
2868 287.108865940 287.108088365 287.100422922 -1.949
2869 287.208981292 287.208203503 287.200538060 -1.949
2870 287.309072866 287.308294863 287.300629439 -1.949
2871 287.409156459 287.408378316 287.400712892 -1.949
2872 287.509229588 287.508451232 287.500785789 -1.949
2873 287.609307681 287.608529111 287.600863650 -1.949
2874 287.709393755 287.708614972 287.700949492 -1.949
2875 287.809484681 287.808705740 287.801040296 -1.949
2876 287.909559403 287.908780319 287.901114894 -1.317
2877 288.009639551 288.008860335 288.001194855 -1.317
2878 288.109724458 288.108945111 288.101279630 -1.317
2879 288.209805421 288.209025923 288.201360462 -1.317
2880 288.309928051 288.309148439 288.301482978 -1.317
2881 288.410025421 288.409245641 288.401580198 -1.317
2882 288.510098439 288.509318527 288.501653103 -1.317
2883 288.610175791 288.609395766 288.601730249 -1.317
2884 288.710259995 288.709479838 288.701814395 -1.317
2885 288.810351532 288.809571280 288.801905800 -1.317
2886 288.910425624 288.909645240 288.901979797 -1.317
2887 289.010505291 289.009724757 289.002059277 -1.317
2888 289.110585106 289.109804440 289.102138997 -1.317
2889 289.210661976 289.209881160 289.202215698 -1.317
2890 289.310755346 289.309974417 289.302308955 -1.317
2891 289.410856865 289.410075785 289.402410360 -1.317
2892 289.510932087 289.510150875 289.502485451 -1.317
2893 289.611009457 289.610228132 289.602562652 -1.317
2894 289.711094346 289.710312871 289.702647409 -1.317
2895 289.811186235 289.810404665 289.802739221 -1.317
2896 289.911259309 289.910477607 289.902812164 -1.317
2897 290.011333253 290.010551382 290.002885958 -1.317
2898 290.111407383 290.110625408 290.102959909 -1.167
2899 290.211485438 290.210703347 290.203037774 -1.167
2900 290.311585161 290.310802934 290.303137472 -1.167
2901 290.411684624 290.410902317 290.403236762 -1.167
2902 290.511764161 290.510981718 290.503316294 -1.167
2903 290.611840901 290.611058324 290.603392788 -1.167
2904 290.711927383 290.711144707 290.703479245 -1.167
2905 290.812019975 290.811237182 290.803571758 -1.167
2906 290.912095068 290.911312177 290.903646734 -1.167
2907 291.012166827 291.011383819 291.003718376 -1.167
2908 291.112238419 291.111455295 291.103789852 -1.167
2909 291.212316179 291.211532900 291.203867439 -1.167
2910 291.312425567 291.311642191 291.303976748 -1.167
2911 291.412528623 291.411745111 291.404079538 -1.167
2912 291.512610660 291.511827049 291.504161625 -1.167
2913 291.612686327 291.611902599 291.604237119 -1.167
2914 291.712772104 291.711988242 291.704322799 -1.167
2915 291.812863160 291.812079180 291.804413719 -1.167
2916 291.912937826 291.912153730 291.904488305 -1.167
2917 292.013012178 292.012228002 292.004562559 -1.167
2918 292.113084697 292.112300348 292.104634905 -1.167
2919 292.213161734 292.212377261 292.204711781 -2.339
2920 292.313263104 292.312478398 292.304812936 -2.339
2921 292.413362900 292.412577960 292.404912517 -2.339
2922 292.513442030 292.512656874 292.504991449 -2.339
2923 292.613518381 292.612732954 292.605067474 -2.339
2924 292.713606511 292.712820868 292.705155388 -2.339
2925 292.813700659 292.812914782 292.805249358 -2.339
2926 292.913776548 292.912990455 292.905325012 -2.339
2927 293.013853029 293.013066684 293.005401204 -2.339
2928 293.113935085 293.113148487 293.105483063 -2.339
2929 293.213998103 293.213211271 293.205545736 -2.339
2930 293.314088122 293.313301037 293.305635613 -2.339
2931 293.414189992 293.413402710 293.405737212 -2.339
2932 293.514276529 293.513489013 293.505823589 -2.339
2933 293.614352751 293.613565001 293.605899392 -2.339
2934 293.714437585 293.713649582 293.705984139 -2.339
2935 293.814536455 293.813748237 293.806082812 -2.339
2936 293.914611696 293.913823243 293.906157819 -2.339
2937 294.014683066 294.013894379 294.006228955 -2.339
2938 294.114754714 294.113965756 294.106300332 -2.339
2939 294.214832936 294.214043763 294.206378301 -2.339
2940 294.314938362 294.314148862 294.306483419 -2.339
2941 294.415101714 294.414312091 294.406646648 -2.339
2942 294.515206751 294.514416893 294.506751450 -2.339
2943 294.615286917 294.614496807 294.606831309 -2.339
2944 294.715372862 294.714582536 294.706917075 -2.339
2945 294.815467510 294.814676950 294.807011526 -2.339
2946 294.915543473 294.914752679 294.907087254 -2.339
2947 295.015617232 295.014826204 295.007160779 -2.339
2948 295.115692399 295.114901081 295.107235582 -2.339
2949 295.215775917 295.214984402 295.207318922 -2.339
2950 295.315864602 295.315072872 295.307407392 -2.339
2951 295.415966306 295.415174341 295.407508898 -2.339
2952 295.516084139 295.515291912 295.507626469 -2.525
2953 295.616166213 295.615373696 295.607708234 -2.525
2954 295.716251769 295.715459036 295.707793574 -2.525
2955 295.816362694 295.815569727 295.807904266 -2.525
2956 295.916437676 295.915644456 295.907979031 -2.525
2957 296.016510528 296.015717055 296.008051630 -2.525
2958 296.116579676 296.115785913 296.108120489 -2.525
2959 296.216656490 296.215862494 296.208196958 -2.525
2960 296.316751676 296.315957463 296.308291965 -2.525
2961 296.416842657 296.416048155 296.408382712 -2.525
2962 296.516944712 296.516149976 296.508484107 -2.525
2963 296.617019879 296.616224890 296.608559391 -2.525
2964 296.717104509 296.716309248 296.708643805 -2.525
2965 296.817194768 296.816399255 296.808733812 -2.525
2966 296.917268879 296.916473132 296.908807707 -2.525
2967 297.017346916 297.016550897 297.008885436 -2.525
2968 297.117426286 297.116630052 297.108964609 -2.525
2969 297.217505490 297.216708966 297.209043523 -2.525
2970 297.317593082 297.316796324 297.309130900 -2.525
2971 297.417681453 297.416884442 297.409218980 -2.525
2972 297.517791656 297.516994393 297.509328875 -2.525
2973 297.617883360 297.617085843 297.609420345 -2.525
2974 297.717970341 297.717172541 297.709506931 -5.388
2975 297.818078860 297.817280538 297.809615077 -5.388
2976 297.918154786 297.917355925 297.909690500 -5.388
2977 298.018227415 298.017428034 298.009762609 -5.388
2978 298.118299489 298.117499569 298.109834126 -5.388
2979 298.218384045 298.217583566 298.209918105 -5.388
2980 298.318472397 298.317671397 298.310005973 -5.388
2981 298.418555600 298.417754043 298.410088582 -5.388
2982 298.518666674 298.517864597 298.510199153 -5.388
2983 298.618742841 298.617940187 298.610274762 -5.388
2984 298.718827711 298.718024545 298.710359083 -3.608
2985 298.818917896 298.818114387 298.810448963 -3.608
2986 298.918994618 298.918190730 298.910525305 -3.608
2987 299.019077081 299.018272831 299.010607407 -3.608
2988 299.119150378 299.118345785 299.110680342 -3.608
2989 299.219228266 299.218423294 299.210757814 -3.608
2990 299.319319766 299.318514433 299.310848972 -3.608
2991 299.419397674 299.418591961 299.410926536 -3.608
2992 299.519488322 299.518682229 299.511016675 -3.608
2993 299.619570248 299.618763850 299.611098407 -3.608
2994 299.719654896 299.718848122 299.711182605 -2.718
2995 299.819744211 299.818937183 299.811271721 -2.718
2996 299.919818562 299.919011263 299.911345838 -2.718
2997 300.019890970 300.019083380 300.011417955 -2.718
2998 300.119973914 300.119166052 300.111500535 -2.718
2999 300.222197321 300.221389182 300.213723720 -2.718
3000 300.322286821 300.321478409 300.313812985 -2.718
3001 300.422375766 300.421567082 300.413901602 -2.718
3002 300.522502821 300.521693865 300.514028403 -2.718
3003 300.622602154 300.621792871 300.614127372 -2.718
3004 300.722696562 300.721887105 300.714221644 4.493
3005 300.822783673 300.821974666 300.814309223 4.493
3006 300.922858654 300.922050097 300.914384672 4.493
3007 301.022941210 301.022133102 301.014467641 4.493
3008 301.123019950 301.122212292 301.114546868 4.493
3009 301.223097913 301.222290686 301.214625225 4.493
3010 301.323187469 301.322380729 301.314715286 4.493
3011 301.423262673 301.422456363 301.414790939 4.493
3012 301.523348672 301.522542813 301.514877370 4.493
3013 301.623444524 301.622639077 301.614973227 4.493
3014 301.723525858 301.722720862 301.715055418 1.332
3015 301.823612746 301.822807921 301.815142459 1.332
3016 301.923685635 301.922880924 301.915215500 1.332
3017 302.023755987 302.022951409 302.015285985 1.332
3018 302.123825080 302.123020598 302.115355174 1.332
3019 302.223903283 302.223098954 302.215433474 1.332
3020 302.323989487 302.323185291 302.315519866 1.332
3021 302.424075283 302.423271257 302.415605814 1.332
3022 302.524169505 302.523365594 302.515700151 1.332
3023 302.624274857 302.623471079 302.615805562 1.332
3024 302.724366264 302.723562623 302.715897180 1.837
3025 302.824458246 302.823654807 302.815989364 1.837
3026 302.924531727 302.923728453 302.916063010 1.837
3027 303.024617486 303.023814397 303.016148935 1.837
3028 303.124711486 303.123908599 303.116243156 1.837
3029 303.224791912 303.223989172 303.216323691 1.837
3030 303.324887190 303.324084652 303.316419209 1.837
3031 303.424961634 303.424159298 303.416493874 1.837
3032 303.525058801 303.524256612 303.516591169 1.837
3033 303.625161727 303.624359740 303.616694279 1.837
3034 303.725246875 303.724445082 303.716779602 0.004
3035 303.825343134 303.824541323 303.816875861 0.004
3036 303.925430745 303.924628953 303.916963510 0.004
3037 304.025506115 304.024704305 304.017038881 0.004
3038 304.125578801 304.124776935 304.117111511 0.004
3039 304.225657449 304.224855621 304.217190141 0.004
3040 304.325746504 304.324944695 304.317279271 0.004
3041 304.425820115 304.425018307 304.417352882 0.004
3042 304.525911930 304.525110085 304.517444642 0.004
3043 304.626020263 304.625218474 304.617553049 0.004
3044 304.726115022 304.725313208 304.717647691 -1.458
3045 304.826213911 304.825411951 304.817746490 -1.458
3046 304.926298485 304.925496379 304.917830955 -1.458
3047 305.026377207 305.025574956 305.017909438 -1.458
3048 305.126461337 305.125658958 305.117993515 -1.458
3049 305.226540967 305.225738367 305.218072924 -1.458
3050 305.326633392 305.325830703 305.318165278 -1.458
3051 305.426708596 305.425905779 305.418240336 -1.458
3052 305.526788670 305.525985633 305.518320190 -1.458
3053 305.626897985 305.626094857 305.618429396 -1.458
3054 305.726978614 305.726175341 305.718509879 -1.458
3055 305.827090559 305.826287139 305.818621659 -1.458
3056 305.927177262 305.926373715 305.918708161 -1.458
3057 306.027255744 306.026452032 306.018786608 -1.458
3058 306.127332188 306.126528349 306.118862906 -1.458
3059 306.227412744 306.226608759 306.218943334 -1.458
3060 306.327521910 306.326717761 306.319052299 -1.458
3061 306.427626170 306.426821856 306.419156394 -1.458
3062 306.527723040 306.526918599 306.519253137 -1.458
3063 306.627849929 306.627045341 306.619379880 -1.458
3064 306.727958206 306.727153473 306.719487993 -1.458
3065 306.828052132 306.827247253 306.819581810 -1.458
3066 306.928128151 306.927323036 306.919657611 -7.060
3067 307.028202447 307.027396644 307.019731219 -7.060
3068 307.128276114 307.127469604 307.119804161 -7.060
3069 307.228361539 307.227554305 307.219888843 -7.060
3070 307.328447558 307.327639617 307.319974192 -7.060
3071 307.428520984 307.427712354 307.420046930 -7.060
3072 307.528592910 307.527783555 307.520118131 -7.060
3073 307.628690132 307.627880071 307.620214628 -7.060
3074 307.728802872 307.727992105 307.720326662 -7.060
3075 307.828898984 307.828087491 307.820422066 -7.060
3076 307.928977409 307.928165271 307.920499828 -4.444
3077 308.029020372 308.028207789 308.020542365 -4.444
3078 308.129092465 308.128279437 308.120613994 -4.444
3079 308.229174909 308.228361418 308.220695919 -4.444
3080 308.329260317 308.328446381 308.320780919 -4.444
3081 308.429339798 308.428525417 308.420859974 -4.444
3082 308.529416113 308.528601324 308.520935881 -4.444
3083 308.629495390 308.628680139 308.621014696 -4.444
3084 308.729608798 308.728793083 308.721127621 -4.444
3085 308.829702798 308.828886619 308.821221195 -4.444
3086 308.929780594 308.928963991 308.921298511 -3.136
3087 309.029866224 309.029049344 309.021383883 -3.136
3088 309.129944742 309.129127549 309.121462124 -3.136
3089 309.230032205 309.229214698 309.221549218 -3.136
3090 309.330120186 309.329302384 309.321636941 -3.136
3091 309.430194094 309.429375977 309.421710553 -3.136
3092 309.530266575 309.529448126 309.521782702 -3.136
3093 309.630358705 309.629539942 309.621874480 -3.136
3094 309.730468353 309.729649276 309.721983796 -3.136
3095 309.830563945 309.829744555 309.822079130 -3.136
3096 309.930636686 309.929816977 309.922151534 -4.587
3097 310.030710019 310.029889833 310.022224409 -4.587
3098 310.130786741 310.129966096 310.122300635 -4.587
3099 310.230874889 310.230053767 310.222388305 -4.587
3100 310.332195038 310.331373450 310.323707989 -4.587
3101 310.432269741 310.431447713 310.423782270 -4.587
3102 310.532342500 310.531520013 310.523854589 -4.587
3103 310.632441408 310.631618462 310.623953019 -4.587
3104 310.732547297 310.731723873 310.724058411 -4.587
3105 310.832652574 310.831828710 310.824163248 -4.587
3106 310.932729648 310.931905348 310.924239923 -3.208
3107 311.032804389 311.031979749 311.024314306 -3.208
3108 311.132898685 311.132073724 311.124408262 -3.208
3109 311.232992463 311.232167199 311.224501738 -3.208
3110 311.333079204 311.332253619 311.324588176 -3.208
3111 311.433153592 311.432327687 311.424662244 -3.208
3112 311.533225759 311.532399532 311.524734108 -3.208
3113 311.633303944 311.632477378 311.624811935 -3.208
3114 311.733414815 311.732587946 311.724922484 -3.208
3115 311.833511722 311.832684550 311.825019126 -3.208
3116 311.933583222 311.932755784 311.925090341 0.164
3117 312.033658277 312.032830856 312.025165413 0.164
3118 312.133733555 312.132906131 312.125240614 0.164
3119 312.233826073 312.232998666 312.225333205 0.164
3120 312.333915073 312.333087701 312.325422276 0.164
3121 312.433989240 312.433161866 312.425496441 0.164
3122 312.534071833 312.533244474 312.525578994 0.164
3123 312.634168444 312.633341046 312.625675603 0.164
3124 312.734299888 312.733472563 312.725807120 0.164
3125 312.834405258 312.833577968 312.825912525 0.164
3126 312.934477999 312.933650635 312.925985210 -0.832
3127 313.034556869 313.033729459 313.026063979 -0.832
3128 313.134637980 313.133810524 313.126145081 -0.832
3129 313.234717147 313.233889570 313.226224109 -0.832
3130 313.334809184 313.333981542 313.326316118 -0.832
3131 313.434882573 313.434054866 313.426389423 -0.832
3132 313.534953591 313.534125783 313.526460340 -0.832
3133 313.635025202 313.634197311 313.626531886 -0.832
3134 313.735106369 313.734278376 313.726612933 -0.832
3135 313.835217702 313.834389663 313.826724220 -0.832
3136 313.935293924 313.934465896 313.926800435 5.248
3137 314.035372943 314.034545403 314.026879978 5.248
3138 314.135455795 314.134628798 314.126963337 5.248
3139 314.235538054 314.234711583 314.227046103 5.248
3140 314.335616572 314.334790626 314.327125183 5.248
3141 314.435690054 314.434864651 314.427199208 5.248
3142 314.535760183 314.534935288 314.527269863 5.248
3143 314.635830350 314.635005979 314.627340555 5.248
3144 314.735910498 314.735086634 314.727421191 5.248
3145 314.836014498 314.835191159 314.827525605 5.248
3146 314.936105813 314.935282945 314.927617428 1.710
3147 315.036183553 315.035360876 315.027695433 1.710
3148 315.136257738 315.135435232 315.127769789 1.710
3149 315.236332294 315.235509940 315.227844460 1.710
3150 315.337497423 315.336675280 315.329009799 1.710
3151 315.437572386 315.436750395 315.429084971 1.710
3152 315.537643757 315.536821936 315.529156512 1.710
3153 315.637713683 315.636892033 315.629226609 1.710
3154 315.737792923 315.736971408 315.729305947 1.710
3155 315.837897942 315.837076616 315.829411081 1.710
3156 315.937974182 315.937152971 315.929487546 -3.067
3157 316.038046812 316.037225294 316.029559832 -3.067
3158 316.138131293 316.137309450 316.129643951 -3.067
3159 316.238218053 316.237395902 316.229730440 -3.067
3160 316.338309682 316.337487243 316.329821781 -3.067
3161 316.438388590 316.437565825 316.429900326 -3.067
3162 316.538468849 316.537645795 316.529980352 -3.067
3163 316.638546608 316.637723229 316.630057749 -3.067
3164 316.738635404 316.737811718 316.730146275 -3.067
3165 316.838745478 316.837921522 316.830256079 -3.067
3166 316.938823386 316.937999114 316.930333597 -2.448
3167 317.038905737 317.038081202 317.030415722 -2.448
3168 317.138988996 317.138164216 317.130498755 -2.448
3169 317.239074904 317.238249916 317.230584473 -2.448
3170 317.339158774 317.338333504 317.330668080 -2.448
3171 317.439237330 317.438411852 317.430746427 -2.448
3172 317.539309644 317.538483903 317.530818460 -2.448
3173 317.639386292 317.638560288 317.630894807 -2.448
3174 317.739474367 317.738648080 317.730982618 -2.448
3175 317.839577718 317.838751223 317.831085743 -2.448
3176 317.939659440 317.938832719 317.931167294 -2.448
3177 318.039748977 318.038922062 318.031256211 -1.828
3178 318.139853700 318.139026564 318.131361121 -1.828
3179 318.239950051 318.239122733 318.231457290 -1.828
3180 318.340038292 318.339210791 318.331545329 -1.828
3181 318.440123273 318.439295608 318.431630109 -1.828
3182 318.540205236 318.539377406 318.531711926 -1.828
3183 318.640289310 318.639461278 318.631795798 -1.828
3184 318.740429107 318.739600799 318.731935374 -1.828
3185 318.840573144 318.839744746 318.832079302 -1.828
3186 318.940683662 318.939854992 318.932189549 -6.486
3187 319.040775588 319.039946287 319.032280807 -6.486
3188 319.140858829 319.140028860 319.132363380 -6.486
3189 319.240946792 319.240116193 319.232450750 -6.486
3190 319.341036514 319.340205247 319.332539730 -6.486
3191 319.441122625 319.440290728 319.432625210 -6.486
3192 319.541203495 319.540370930 319.532705432 -6.486
3193 319.641292476 319.640459263 319.632793819 -6.486
3194 319.741379884 319.740546021 319.732880578 -6.486
3195 319.841473513 319.840639001 319.832973540 -6.486
3196 319.941584606 319.940749479 319.933083832 -4.157
3197 320.041673828 320.040838285 320.033172768 -4.157
3198 320.141762328 320.140926314 320.133260852 -4.157
3199 320.241873532 320.241037138 320.233371658 -4.157
3200 320.341969865 320.341133092 320.333467594 -4.157
3201 320.442054754 320.441217565 320.433552066 -4.157
3202 320.542136217 320.541298593 320.533633076 -4.157
3203 320.642222735 320.641384696 320.633719216 -4.157
3204 320.742308457 320.741470002 320.733804485 -4.157
3205 320.842400902 320.841562030 320.833896587 -4.157
3206 320.942515939 320.941676686 320.934011206 -2.993
3207 321.042606290 321.041766720 321.034101259 -2.993
3208 321.142713327 321.141873476 321.134208014 -2.993
3209 321.242802661 321.241962491 321.234296974 -2.993
3210 321.342890957 321.342050488 321.334385026 -2.993
3211 321.442976568 321.442135799 321.434470301 -2.993
3212 321.543062031 321.542220981 321.534555501 -2.993
3213 321.643145623 321.642304274 321.634638739 -2.993
3214 321.743231957 321.742390308 321.734724847 -2.993
3215 321.843323568 321.842481601 321.834816158 -2.993
3216 321.943427345 321.942585110 321.934919649 -0.773
3217 322.043510697 322.042668348 322.035002849 -0.773
3218 322.143593938 322.142751548 322.135086068 -0.773
3219 322.243676605 322.242834137 322.235168676 -0.773
3220 322.343761642 322.342919115 322.335253635 -0.773
3221 322.443845753 322.443003149 322.435337632 -0.773
3222 322.543928753 322.543086053 322.535420592 -0.773
3223 322.644021419 322.643178661 322.635513199 -0.773
3224 322.744125401 322.743282565 322.735617103 -0.773
3225 322.844224938 322.843382024 322.835716563 -0.773
3226 322.944328808 322.943485792 322.935820293 -1.301
3227 323.044409474 323.043566328 323.035900848 -1.301
3228 323.144495474 323.143652216 323.135986718 -1.301
3229 323.244580289 323.243736882 323.236071421 -1.301
3230 323.344671493 323.343827956 323.336162494 -1.301
3231 323.444755252 323.443911603 323.436246123 -1.301
3232 323.544837178 323.543993380 323.536327900 -1.301
3233 323.644922085 323.644078176 323.636412678 -1.301
3234 323.745005752 323.744161694 323.736496177 -1.301
3235 323.845060400 323.844216212 323.836550769 -1.301
3236 323.945163215 323.944318840 323.936653323 -5.498
3237 324.045248548 324.044403623 324.036738161 -5.498
3238 324.145330881 324.144485425 324.136819944 -5.498
3239 324.245421603 324.244575578 324.236910116 -5.498
3240 324.345511622 324.344665065 324.336999584 -5.498
3241 324.445594474 324.444747366 324.437081868 -5.498
3242 324.545676548 324.544828871 324.537163354 -5.498
3243 324.645758288 324.644910062 324.637244563 -5.498
3244 324.745843659 324.744994882 324.737329365 -5.498
3245 324.845944047 324.845094739 324.837429296 -5.498
3246 324.946061529 324.945211676 324.937546233 -3.663
3247 325.046167584 325.045317383 325.037651903 -3.663
3248 325.146255732 325.145405146 325.137739610 -3.663
3249 325.246347288 325.245496335 325.237830892 -3.663
3250 325.346440418 325.345589098 325.337923618 -3.663
3251 325.446523417 325.445671731 325.438006251 -3.663
3252 325.546607658 325.545755605 325.538090144 -3.663
3253 325.646690177 325.645837776 325.638172296 -3.663
3254 325.746771825 325.745919039 325.738253503 -3.663
3255 325.846854714 325.846001561 325.838336099 -3.663
3256 325.946941473 325.946087965 325.938422504 -2.746
3257 326.047040602 326.046186820 326.038521340 -2.746
3258 326.147135213 326.146281156 326.138615695 -2.746
3259 326.247222565 326.246368233 326.238702772 -2.746
3260 326.347329991 326.346475384 326.338809867 -2.746
3261 326.447413250 326.446558387 326.438892925 -2.746
3262 326.547499380 326.546644223 326.538978762 -2.746
3263 326.647582583 326.646727171 326.639061654 -2.746
3264 326.747668324 326.746812618 326.739147157 -2.746
3265 326.847751750 326.846895769 326.839230308 -2.746
3266 326.947842380 326.946986193 326.939320750 2.701
3267 327.047942824 327.047086926 327.039421409 2.701
3268 327.148024379 327.147168734 327.139503254 2.701
3269 327.248115583 327.247260208 327.239594691 2.701
3270 327.348205620 327.347350533 327.339685053 2.701
3271 327.448286787 327.447431952 327.439766472 2.701
3272 327.548372861 327.547518296 327.539852853 2.701
3273 327.648456212 327.647601918 327.639936383 2.701
3274 327.748538138 327.747684114 327.740018634 2.701
3275 327.848621342 327.847767588 327.840102127 2.701
3276 327.948709101 327.947855590 327.940190147 0.436
3277 328.048809805 328.047956355 328.040290857 0.436
3278 328.148891638 328.148038232 328.140372752 0.436
3279 328.248975897 328.248122554 328.240457074 0.436
3280 328.349065194 328.348211875 328.340546339 0.436
3281 328.449149749 328.448296456 328.440630957 0.436
3282 328.549231934 328.548378685 328.540713223 0.436
3283 328.649315323 328.648462117 328.640796655 0.436
3284 328.749398064 328.748544901 328.740879458 0.436
3285 328.849483249 328.848630130 328.840964632 0.436
3286 328.949575286 328.948722230 328.941056787 2.015
3287 329.049681730 329.048828895 329.041163266 2.015
3288 329.149768267 329.148915578 329.141250079 2.015
3289 329.249850304 329.248997816 329.241332355 2.015
3290 329.349936286 329.349084037 329.341418575 2.015
3291 329.450019100 329.449167053 329.441501591 2.015
3292 329.550099397 329.549247532 329.541582071 2.015
3293 329.650180082 329.649328438 329.641662921 2.015
3294 329.750262545 329.749411102 329.741745641 2.015
3295 329.850347174 329.849495952 329.841830453 2.015
3296 329.950430989 329.949579908 329.941914484 0.093
3297 330.050532081 330.049681029 330.042015512 0.093
3298 330.150618692 330.149767668 330.142102169 0.093
3299 330.250705322 330.249854251 330.242188789 0.093
3300 330.350796044 330.349945020 330.342279502 0.093
3301 330.450878377 330.450027362 330.442361864 0.093
3302 330.550967970 330.550116964 330.542451484 0.093
3303 330.651053692 330.650202714 330.642537215 0.093
3304 330.751137951 330.750286964 330.742621484 0.093
3305 330.851221322 330.850370362 330.842704864 0.093
3306 330.951313266 330.950462266 330.942796823 -2.665
3307 331.051440859 331.050589592 331.042924148 -2.665
3308 331.151538562 331.150687028 331.143021548 -2.665
3309 331.251621784 331.250769965 331.243104485 -2.665
3310 331.351711062 331.350859013 331.343193533 -2.665
3311 331.451794655 331.450942321 331.443276840 -2.665
3312 331.551875173 331.551022609 331.543357129 -2.665
3313 331.651957006 331.651104139 331.643438677 -2.665
3314 331.752042877 331.751189705 331.743524244 -2.665
3315 331.852139099 331.851285698 331.843620180 -2.665
3316 331.952220488 331.951366820 331.943701321 -2.665
3317 332.052307228 332.051453294 332.043787851 -2.665
3318 332.152405821 332.151551619 332.143886139 -2.665
3319 332.252493487 332.251639038 332.243973558 -2.665
3320 332.352579154 332.351724382 332.344058902 -2.665
3321 332.452659561 332.451804541 332.444139061 -2.665
3322 332.552743765 332.551888478 332.544223016 -2.665
3323 332.652827339 332.651971804 332.644306342 -2.665
3324 332.752911080 332.752055259 332.744389761 -2.665
3325 332.852992950 332.852136863 332.844471401 -2.665
3326 332.953073302 332.952216966 332.944551505 -2.665
3327 333.053159820 333.052303218 333.044637775 -2.665
3328 333.153258709 333.152401803 333.144736323 -2.665
3329 333.253345079 333.252487925 333.244822445 -2.665
3330 333.353429839 333.352572399 333.344906919 -2.665
3331 333.453514265 333.452656614 333.444991078 -2.665
3332 333.553597783 333.552739865 333.545074385 -2.665
3333 333.653676394 333.652818210 333.645152730 -2.665
3334 333.753765542 333.752907091 333.745241630 -2.665
3335 333.853846690 333.852987917 333.845322455 -2.665
3336 333.953933079 333.953074095 333.945408614 -2.665
3337 334.054040579 334.053181251 334.045515808 -3.864
3338 334.154163449 334.153303753 334.145638292 -3.864
3339 334.254259431 334.253399348 334.245733831 -3.864
3340 334.354344801 334.353484313 334.345818833 -3.864
3341 334.454428949 334.453568074 334.445902613 -3.864
3342 334.554512616 334.553651373 334.545985911 -3.864
3343 334.654592838 334.653731208 334.646065691 -3.864
3344 334.754683375 334.753821358 334.746155897 -3.864
3345 334.854766190 334.853903768 334.846238269 -3.864
3346 334.954848523 334.953985733 334.946320271 -3.864
3347 335.054947319 335.054084192 335.046418749 -2.846
3348 335.155055226 335.154191796 335.146526334 -2.846
3349 335.255162560 335.254298862 335.246633382 -2.846
3350 335.355250134 335.354386152 335.346720671 -2.846
3351 335.455336467 335.454472200 335.446806720 -2.846
3352 335.555420078 335.554555526 335.546890065 -2.846
3353 335.655503263 335.654638408 335.646972946 -2.846
3354 335.755592782 335.754727660 335.747062198 -2.846
3355 335.855674745 335.854809320 335.847143839 -2.846
3356 335.955757448 335.954891757 335.947226295 -2.846
3357 336.055849967 336.054983978 336.047318517 -2.337
3358 336.155959115 336.155092929 336.147427449 -2.337
3359 336.256053078 336.255186658 336.247521215 -2.337
3360 336.356154929 336.355288257 336.347622777 -2.337
3361 336.456241929 336.455375042 336.447709562 -2.337
3362 336.556325374 336.555458252 336.547792772 -2.337
3363 336.656404911 336.655537556 336.647872094 -2.337
3364 336.756487374 336.755619803 336.747954379 -2.337
3365 336.856560985 336.855693162 336.848027700 -2.337
3366 336.956644818 336.955776761 336.948111299 -2.337
3367 337.056735855 337.055867511 337.048202086 -3.450
3368 337.156851744 337.155983054 337.148317444 -3.450
3369 337.256952466 337.256083431 337.248417951 -3.450
3370 337.357041188 337.356171808 337.348506328 -3.450
3371 337.457125855 337.456256129 337.448590668 -3.450
3372 337.557212781 337.556342691 337.548677230 -3.450
3373 337.657297003 337.656426587 337.648761125 -3.450
3374 337.757384725 337.756513963 337.748848502 -3.450
3375 337.857466040 337.856594914 337.848929397 -3.450
3376 337.957551262 337.956679810 337.949014348 -3.450
3377 338.057635780 338.056764022 338.049098560 -2.639
3378 338.157733428 338.156861406 338.149195944 -2.639
3379 338.257839225 338.256966938 338.249301495 -2.639
3380 338.357934539 338.357061970 338.349396508 -2.639
3381 338.458024095 338.457151280 338.449485818 -2.639
3382 338.558106280 338.557233201 338.549567702 -2.639
3383 338.658188873 338.657315529 338.649650068 -2.639
3384 338.758277132 338.757403524 338.749738044 -2.639
3385 338.858361039 338.857487149 338.849821687 -2.639
3386 338.958446280 338.957572126 338.949906664 -2.639
3387 339.058532687 339.057658291 339.049992811 -2.558
3388 339.158625113 339.157750461 339.150085018 -2.558
3389 339.258730298 339.257855390 339.250189929 -2.558
3390 339.358821261 339.357946078 339.350280580 -2.558
3391 339.458905965 339.458030545 339.450365027 -2.558
3392 339.558989576 339.558113900 339.550448420 -2.558
3393 339.659078872 339.658202940 339.650537497 -2.558
3394 339.759167909 339.758291721 339.750626241 -2.558
3395 339.859248779 339.858372317 339.850706855 -2.558
3396 339.959331798 339.958455098 339.950789618 -2.558
3397 340.059417464 340.058540490 340.050875028 -2.558
3398 340.159520464 340.158643252 340.150977809 -2.558
3399 340.259625446 340.258747959 340.251082423 -2.558
3400 340.359713760 340.358836055 340.351170575 -2.558
3401 340.459797316 340.458919336 340.451253837 -2.558
3402 340.559879168 340.559000932 340.551335470 -2.558
3403 340.659961094 340.659082583 340.651417121 -2.558
3404 340.760050686 340.759171938 340.751506458 -2.558
3405 340.860133593 340.859254571 340.851589091 -2.558
3406 340.960216890 340.959337630 340.951672112 -2.558
3407 341.060299982 341.059420477 341.051755015 -2.332
3408 341.160400760 341.159521002 341.151855541 -2.332
3409 341.260502352 341.259622380 341.251956900 -2.332
3410 341.360591260 341.359711035 341.352045574 -2.332
3411 341.460679649 341.459799191 341.452133729 -2.332
3412 341.560763649 341.559882957 341.552217477 -2.332
3413 341.660858167 341.659977261 341.652311818 -2.332
3414 341.760947371 341.760066231 341.752400769 -2.332
3415 341.861027741 341.860146368 341.852480888 -2.332
3416 341.961110463 341.960228838 341.952563377 -2.332
3417 342.061193426 342.060311586 342.052646106 -2.332
3418 342.161303333 342.160421223 342.152755780 -2.332
3419 342.261411185 342.260528878 342.252863417 -2.332
3420 342.361502722 342.360620163 342.352954683 -2.332
3421 342.461584944 342.460702152 342.453036691 -2.332
3422 342.561668648 342.560785622 342.553120161 -2.332
3423 342.661755870 342.660872611 342.653207168 -2.332
3424 342.761845037 342.760961563 342.753296101 -2.332
3425 342.861926629 342.861042903 342.853377442 -2.332
3426 342.962008277 342.961124318 342.953458856 -2.332
3427 343.062089185 343.061205011 343.053539549 -2.332
3428 343.162173111 343.161288684 343.153623260 -2.332
3429 343.262288370 343.261403729 343.253738286 -2.332
3430 343.362380796 343.361495921 343.353830460 -2.332
3431 343.462464018 343.461579110 343.453913649 3.186
3432 343.562546740 343.561662151 343.553996690 3.186
3433 343.662629795 343.661745544 343.654080083 3.186
3434 343.762715036 343.761831104 343.754165642 3.186
3435 343.862796962 343.861913330 343.854247850 3.186
3436 343.962878906 343.961995612 343.954330131 3.186
3437 344.062961777 344.062078801 344.054413283 3.186
3438 344.163053962 344.162171286 344.154505825 3.186
3439 344.263171314 344.262288938 344.254623495 3.186
3440 344.363268536 344.362386516 344.354721036 3.186
3441 344.463350036 344.462468236 344.454802755 0.679
3442 344.563438036 344.562556285 344.554890805 0.679
3443 344.663522554 344.662640890 344.654975391 0.679
3444 344.763617147 344.762735550 344.755070089 0.679
3445 344.863698832 344.862817303 344.855151805 0.679
3446 344.963778110 344.962896630 344.955231169 0.679
3447 345.063862961 345.062981569 345.055316107 0.679
3448 345.163948461 345.163067137 345.155401675 0.679
3449 345.264043869 345.263162612 345.255497169 0.679
3450 345.364151794 345.363270587 345.355605126 0.679
3451 345.464235498 345.463354309 345.455688848 -0.575
3452 345.564320628 345.563439400 345.555773938 -0.575
3453 345.664402072 345.663520768 345.655855307 -0.575
3454 345.764493905 345.763612562 345.755947082 -0.575
3455 345.864580776 345.863699375 345.856033895 -0.575
3456 345.964664016 345.963782540 345.956117060 -0.575
3457 346.064747164 346.063865649 346.056200169 -0.575
3458 346.164836201 346.163954628 346.156289148 -0.575
3459 346.264931590 346.264049960 346.256384517 -0.575
3460 346.365033701 346.364151995 346.356486515 -0.575
3461 346.465124294 346.464242849 346.456577369 7.083
3462 346.565212794 346.564332058 346.556666596 7.083
3463 346.665297646 346.664417637 346.656752175 7.083
3464 346.765387683 346.764508364 346.756842921 7.083
3465 346.865474738 346.864596129 346.856930612 7.083
3466 346.965556405 346.964678486 346.957013024 7.083
3467 347.065641534 347.064764324 347.057098881 7.083
3468 347.165725367 347.164848885 347.157183423 7.083
3469 347.265824367 347.264948594 347.257283132 7.083
3470 347.365923145 347.365048081 347.357382582 7.083
3471 347.466009312 347.465134782 347.457469302 2.627
3472 347.566101441 347.565227174 347.557561713 2.627
3473 347.666189886 347.665315882 347.657650420 2.627
3474 347.766283978 347.765410237 347.757744739 2.627
3475 347.866366997 347.865493500 347.857828039 2.627
3476 347.966448719 347.965575504 347.957910024 2.627
3477 348.066535441 348.065662489 348.057997027 2.627
3478 348.166619367 348.165746659 348.158081179 2.627
3479 348.266706533 348.265834052 348.258168590 2.627
3480 348.366810811 348.365938630 348.358273149 2.627
3481 348.466899996 348.466027991 348.458362530 0.400
3482 348.566987404 348.566115457 348.558449977 0.400
3483 348.667072293 348.666200386 348.658534906 0.400
3484 348.767157089 348.766285222 348.758619724 0.400
3485 348.867240552 348.866368707 348.858703245 0.400
3486 348.967324589 348.966452784 348.958787322 0.400
3487 349.067410014 349.066538268 349.058872807 0.400
3488 349.167497792 349.166626086 349.158960606 0.400
3489 349.267599459 349.266727792 349.259062331 0.400
3490 349.367699588 349.366827943 349.359162482 0.400
3491 349.467797348 349.466925653 349.459260191 -2.418
3492 349.567884162 349.567012226 349.559346764 -2.418
3493 349.667968218 349.667096039 349.659430596 -2.418
3494 349.768052866 349.767180445 349.759514965 -2.418
3495 349.868147718 349.867275036 349.859609575 -2.418
3496 349.968230329 349.967357424 349.959691944 -2.418
3497 350.068314699 350.067441552 350.059776091 -2.418
3498 350.168400125 350.167526736 350.159861256 -2.418
3499 350.268491477 350.267617827 350.259952384 -2.418
3500 350.368608199 350.367734307 350.360068846 -2.418
3501 350.468709532 350.467835399 350.460169937 -2.418
3502 350.568798884 350.567924527 350.560259047 -2.418
3503 350.668884847 350.668010248 350.660344786 -2.418
3504 350.768971958 350.768097098 350.760431637 -2.418
3505 350.869052865 350.868177764 350.860512283 -2.418
3506 350.969144273 350.968268929 350.960603467 -2.418
3507 351.069227939 351.068352372 351.060686855 -2.418
3508 351.169310902 351.168435074 351.160769613 -2.418
3509 351.269402421 351.268526369 351.260860852 -2.418
3510 351.369501587 351.368625275 351.360959814 -2.418
3511 351.469600846 351.468724093 351.461058631 -8.217
3512 351.569690198 351.568812622 351.561147161 -8.217
3513 351.669774957 351.668896559 351.661231061 -8.217
3514 351.769862346 351.768983126 351.761317646 -8.217
3515 351.869945994 351.869065896 351.861400397 -8.217
3516 351.970035642 351.969154777 351.961489297 -8.217
3517 352.070118624 352.069236936 352.061571456 -8.217
3518 352.170202920 352.169320410 352.161654948 -8.217
3519 352.270289716 352.269406365 352.261740904 -8.217
3520 352.370388957 352.369504783 352.361839340 -8.217
3521 352.470494587 352.469609711 352.461944268 -5.023
3522 352.570585253 352.569699875 352.562034413 -5.023
3523 352.670672772 352.669786891 352.662121429 -5.023
3524 352.770758309 352.769871925 352.762206408 -5.023
3525 352.870838734 352.869951848 352.862286368 -5.023
3526 352.970923123 352.970035753 352.962370273 -5.023
3527 353.071012994 353.070125120 353.062459603 -5.023
3528 353.171091679 353.170203321 353.162537878 -5.023
3529 353.271176068 353.270287189 353.262621728 -5.023
3530 353.371270067 353.370380668 353.362715188 -5.023
3531 353.471373808 353.470483965 353.462818504 -3.425
3532 353.571462753 353.570572567 353.562907105 -3.425
3533 353.671556882 353.670666372 353.663000892 -3.425
3534 353.771647141 353.770756288 353.763090808 -3.425
3535 353.871730549 353.870839297 353.863173817 -3.425
3536 353.971814104 353.970922547 353.963257067 -3.425
3537 354.071898141 354.071006260 354.063340761 -3.425
3538 354.171982826 354.171090584 354.163425103 -3.425
3539 354.272073678 354.271181111 354.263515649 -3.425
3540 354.372186048 354.371293083 354.363627640 -3.425
3541 354.472293752 354.471400418 354.463734956 -5.113
3542 354.572384678 354.571490832 354.563825333 -5.113
3543 354.672475400 354.671581061 354.663915618 -5.113
3544 354.772561419 354.771666568 354.764001088 -5.113
3545 354.872642826 354.871747426 354.864081928 -5.113
3546 354.972726567 354.971830674 354.964165175 -5.113
3547 355.072829455 355.071933069 355.064267626 -5.113
3548 355.172921103 355.172024206 355.164358726 -5.113
3549 355.273013344 355.272115935 355.264450436 -5.113
3550 355.373112326 355.372214386 355.364548961 -5.113
3551 355.473212122 355.472313768 355.464648066 -3.471
3552 355.573303696 355.572404976 355.564739496 -3.471
3553 355.673396696 355.672497629 355.664832148 -3.471
3554 355.773485751 355.772586337 355.764920820 -3.471
3555 355.873568973 355.872669156 355.865003676 -3.471
3556 355.973649121 355.972748994 355.965083532 -3.471
3557 356.073735825 356.072835350 356.065169870 -3.471
3558 356.173820658 356.172919854 356.165254356 -3.471
3559 356.273913121 356.273011970 356.265346508 -3.471
3560 356.374006677 356.373105141 356.365439661 -3.471
3561 356.474110973 356.473209254 356.465543811 0.502
3562 356.574216066 356.573314415 356.565648935 0.502
3563 356.674301343 356.673399725 356.665734263 0.502
3564 356.774388436 356.773486904 356.765821406 0.502
3565 356.874483769 356.873582232 356.865916734 0.502
3566 356.974564399 356.973662931 356.965997451 0.502
3567 357.074655695 357.073754296 357.066088816 0.502
3568 357.174738787 357.173837439 357.166171921 0.502
3569 357.274831861 357.273930563 357.266265064 0.502
3570 357.374920361 357.374019095 357.366353633 0.502
3571 357.475017509 357.474116269 357.466450807 -0.663
3572 357.575129639 357.574228332 357.566562870 -0.663
3573 357.675226787 357.674325414 357.666659915 -0.663
3574 357.775314824 357.774413384 357.766747867 -0.663
3575 357.875400028 357.874498521 357.866833041 -0.663
3576 357.975484750 357.974583177 357.966917660 -0.663
3577 358.075567676 358.074666018 358.067000538 -0.663
3578 358.175650824 358.174749118 358.167083638 -0.663
3579 358.275733879 358.274832108 358.267166628 -0.663
3580 358.375825120 358.374923263 358.367257783 -0.663
3581 358.475931731 358.475029806 358.467364362 -1.246
3582 358.576037713 358.575135637 358.567470157 -1.852
3583 358.676126398 358.675224118 358.667558656 -1.852
3584 358.776215527 358.775313081 358.767647619 -1.852
3585 358.876300898 358.875398266 358.867732785 -1.852
3586 358.976382860 358.975480025 358.967814563 -1.852
3587 359.076464749 359.075561709 359.067896211 -1.852
3588 359.176546712 359.175643524 359.167978025 -1.852
3589 359.276636508 359.275733116 359.268067655 -1.852
3590 359.376733471 359.375829912 359.368164451 -1.852
3591 359.476833545 359.475929733 359.468264290 -3.232
3592 359.576941249 359.576037131 359.568371429 -3.232
3593 359.677036342 359.676131900 359.668466439 -3.232
3594 359.777130730 359.776225966 359.768560486 -3.232
3595 359.877212749 359.876307642 359.868642162 -3.232
3596 359.977296675 359.976391245 359.968725765 -3.232
3597 360.077383267 360.076477532 360.068812052 -3.232
3598 360.177470286 360.176564209 360.168898729 -3.232
3599 360.277560489 360.276654107 360.268988627 -3.232
3600 360.377651489 360.376744784 360.369079285 -3.232
3601 360.477747674 360.476840670 360.469175227 -2.542
3602 360.577859859 360.576952601 360.569287121 -2.542
3603 360.677957934 360.677050402 360.669384922 -2.542
3604 360.778048119 360.777140333 360.769474871 -2.542
3605 360.878133174 360.877225152 360.869559635 -2.542
3606 360.978217581 360.977309287 360.969643807 -2.542
3607 361.078299063 361.077390514 361.069725033 -2.542
3608 361.178382730 361.177473944 361.169808427 -2.542
3609 361.278475266 361.277566227 361.269900784 -2.542
3610 361.378569729 361.377660417 361.369994937 -2.542
3611 361.478654359 361.477744806 361.470079381 -2.672
3612 361.578749340 361.577839464 361.570173984 -2.672
3613 361.678848766 361.677938678 361.670273161 -2.672
3614 361.778938970 361.778028596 361.770363079 -2.672
3615 361.879025933 361.878115310 361.870449811 -2.672
3616 361.979109266 361.978198357 361.970532858 -2.672
3617 362.079190618 362.078279441 362.070613961 -2.672
3618 362.179277544 362.178366118 362.170700657 -2.672
3619 362.279372025 362.278460332 362.270794871 -2.672
3620 362.379463562 362.378551602 362.370886085 -2.672
3621 362.479555747 362.478643501 362.470978039 -2.672
3622 362.579667525 362.578755011 362.571089568 -2.672
3623 362.679771673 362.678858892 362.671193337 -2.672
3624 362.779862969 362.778949957 362.771284477 -2.672
3625 362.879953636 362.879040431 362.871374950 -1.130
3626 362.980039784 362.979126466 362.971460930 -1.130
3627 363.080125617 363.079212186 363.071546706 -1.130
3628 363.180208043 363.179294480 363.171628981 -1.130
3629 363.280296395 363.279382737 363.271717239 -1.130
3630 363.380382932 363.379469180 363.371803644 -1.130
3631 363.480465376 363.479551474 363.471885957 -1.130
3632 363.580574117 363.579660120 363.571994659 -1.130
3633 363.680685654 363.679771544 363.672105934 -1.130
3634 363.780781154 363.779866931 363.772201451 -1.130
3635 363.880870080 363.879955744 363.872290226 -1.130
3636 363.980951894 363.980037427 363.972371947 -1.130
3637 364.081036172 364.080121610 364.072456111 -1.130
3638 364.181119561 364.180204886 364.172539406 -1.130
3639 364.281212376 364.280297569 364.272632089 -1.130
3640 364.381305857 364.380390937 364.372725476 -1.130
3641 364.481409839 364.480494824 364.472829307 -1.130
3642 364.581516746 364.580601637 364.572936194 -1.130
3643 364.681622653 364.680707413 364.673041969 -1.130
3644 364.781714153 364.780798781 364.773133319 -1.130
3645 364.881800579 364.880885112 364.873219614 -1.130
3646 364.981880320 364.980964758 364.973299278 -1.130
3647 365.081969764 365.081054071 365.073388591 -1.130
3648 365.182050690 365.181134453 365.173468973 -6.625
3649 365.282145449 365.281228549 365.273563087 -6.625
3650 365.382236208 365.381318645 365.373653184 -6.625
3651 365.482318931 365.481400686 365.473735187 -6.625
3652 365.582432375 365.581513485 365.573848061 -6.625
3653 365.682535005 365.681615452 365.673949934 -6.625
3654 365.782627190 365.781706992 365.774041512 -6.625
3655 365.882712338 365.881791459 365.874125979 -6.625
3656 365.982794171 365.981872610 365.974207130 -6.625
3657 366.082877875 366.081955669 366.074290171 -6.625
3658 366.182961134 366.182038452 366.174372972 -4.239
3659 366.283046949 366.282123843 366.274458363 -4.239
3660 366.383144615 366.382221085 366.374555568 -4.239
3661 366.483230430 366.482306476 366.474640996 -4.239
3662 366.583318652 366.582394255 366.574728794 -4.239
3663 366.683430485 366.682505683 366.674840017 -4.239
3664 366.783521022 366.782595795 366.774930334 -4.239
3665 366.883612596 366.882686945 366.875021465 -4.239
3666 366.983697411 366.982771336 366.975105818 -4.239
3667 367.083780948 367.082854448 367.075188950 -4.239
3668 367.183863374 367.182936543 367.175271063 -3.046
3669 367.283952059 367.283024923 367.275359425 -3.046
3670 367.384036818 367.383109378 367.375443879 -3.046
3671 367.484119022 367.483191258 367.475525759 -3.046
3672 367.584223670 367.583295601 367.575630177 -3.046
3673 367.684324892 367.683396519 367.675731057 -3.046
3674 367.784424948 367.783496288 367.775830789 -3.046
3675 367.884509948 367.883580983 367.875915503 -3.046
3676 367.984591559 367.983662271 367.975996828 -3.046
3677 368.084674633 368.083745058 368.076079578 -3.046
3678 368.184759873 368.183830112 368.176164651 -1.532
3679 368.284846114 368.283916181 368.276250738 -1.532
3680 368.384930188 368.384000102 368.376334622 -1.532
3681 368.485012984 368.484082763 368.476417264 -1.532
3682 368.585109503 368.584178813 368.576513352 -1.532
3683 368.685244577 368.684314049 368.676648587 -1.532
3684 368.785354929 368.784424247 368.776758730 -1.532
3685 368.885442280 368.884511446 368.876845965 -1.532
3686 368.985524299 368.984593292 368.976927830 -1.532
3687 369.085608410 369.084677250 369.077011751 -1.532
3688 369.185689817 369.184758522 369.177093061 -1.532
3689 369.285769762 369.284838295 369.277172833 -1.532
3690 369.385854465 369.384922845 369.377257328 -1.532
3691 369.485940928 369.485009173 369.477343674 -1.532
3692 369.586023373 369.585091446 369.577425984 -1.532
3693 369.686141187 369.685209126 369.677543664 -1.532
3694 369.786252317 369.785320102 369.777654640 -1.532
3695 369.886342724 369.885410432 369.877744970 -0.237
3696 369.986427909 369.985495575 369.977830113 -0.237
3697 370.086512650 370.085580291 370.077914811 -0.237
3698 370.186597483 370.185665120 370.177999584 -0.237
3699 370.286688706 370.285756318 370.278090838 -0.237
3700 370.386780280 370.385847850 370.378182388 -0.237
3701 370.486863705 370.485931252 370.478265790 -0.237
3702 370.586946316 370.586013839 370.578348359 -0.237
3703 370.687037539 370.686105056 370.678439613 -0.237
3704 370.787150742 370.786218236 370.778552719 -0.237
3705 370.887236761 370.886304184 370.878638704 -1.045
3706 370.987317946 370.986385246 370.978719784 -1.045
3707 371.087401557 371.086468771 371.078803309 -1.045
3708 371.187483872 371.186550981 371.178885501 -1.045
3709 371.287571668 371.286638673 371.278973211 -1.045
3710 371.387663464 371.386730364 371.379064921 -1.045
3711 371.487747372 371.486814167 371.479148687 -1.045
3712 371.587829890 371.586896563 371.579231101 -1.045
3713 371.687920371 371.686986958 371.679321515 -1.045
3714 371.788031112 371.787097613 371.779432133 -1.045
3715 371.888118075 371.887184453 371.879518954 -1.045
3716 371.988211630 371.987277885 371.979612368 -1.045
3717 372.088310167 372.087376336 372.079710874 -1.045
3718 372.188396538 372.187462602 372.179797122 -1.045
3719 372.288482390 372.287548349 372.279882869 -1.045
3720 372.388570260 372.387636115 372.379970635 -1.045
3721 372.488652538 372.487718269 372.480052808 -1.045
3722 372.588735963 372.587801609 372.580136111 -1.045
3723 372.688824334 372.687889875 372.680224413 -1.045
3724 372.788935149 372.788000567 372.780335105 -1.045
3725 372.889022352 372.888087586 372.880422068 -2.427
3726 372.989102611 372.988167620 372.980502122 -2.427
3727 373.089187204 373.088251951 373.080586471 -2.427
3728 373.189273074 373.188337597 373.180672136 -2.427
3729 373.289365315 373.288429595 373.280764133 -2.427
3730 373.389453111 373.388517148 373.380851687 -2.427
3731 373.489535407 373.488599183 373.480933703 -2.427
3732 373.589618333 373.588681866 373.581016386 -2.427
3733 373.689701796 373.688765068 373.681099643 -2.427
3734 373.789813555 373.788876602 373.781210937 -2.427
3735 373.889903648 373.888966470 373.881300990 -2.427
3736 373.989987963 373.989050524 373.981385044 -2.427
3737 374.090069703 374.089131984 374.081466467 -2.427
3738 374.190152425 374.189214519 374.181549039 -2.427
3739 374.290245314 374.289307146 374.281641666 -2.427
3740 374.390332092 374.389393700 374.381728238 -2.427
3741 374.490414259 374.489475605 374.481810088 -2.427
3742 374.590497333 374.589558455 374.581892956 -2.427
3743 374.690587073 374.689647934 374.681982509 -2.427
3744 374.790703981 374.789764598 374.782099155 -2.427
3745 374.890818110 374.889878503 374.882213023 -2.427
3746 374.990902277 374.989962408 374.982296947 -2.427
3747 375.090984629 375.090044517 375.082379000 -2.427
3748 375.191067795 375.190127459 375.182461998 -2.427
3749 375.291157314 375.290216735 375.282551236 -2.427
3750 375.391246647 375.390305807 375.382640327 -2.427
3751 375.491328147 375.490387064 375.482721565 -2.427
3752 375.591408980 375.590467654 375.582802192 -2.427
3753 375.691491610 375.690550078 375.682884598 -2.427
3754 375.791593387 375.790651594 375.782986132 -2.427
3755 375.891697128 375.890755092 375.883089612 -2.427
3756 375.991779628 375.990837330 375.983171869 -2.427
3757 376.091863258 376.090920717 376.083255237 -2.427
3758 376.191946869 376.191004483 376.183339003 2.613
3759 376.292034183 376.291092059 376.283426579 2.613
3760 376.392121776 376.391179913 376.383514433 2.613
3761 376.492215054 376.491273452 376.483607972 2.613
3762 376.592296350 376.591354991 376.583689511 2.613
3763 376.692382405 376.691441327 376.683775828 2.613
3764 376.792478794 376.791537977 376.783872534 2.613
3765 376.892583646 376.891643091 376.883977629 2.613
3766 376.992668387 376.991728074 376.984062576 2.613
3767 377.092750831 377.091810780 377.084145263 2.613
3768 377.192834757 377.191894817 377.184229319 0.380
3769 377.292933424 377.291993522 377.284328060 0.380
3770 377.393023831 377.392083967 377.384418450 0.380
3771 377.493102775 377.492162931 377.484497414 0.380
3772 377.593184423 377.592244617 377.584579137 0.380
3773 377.693269701 377.692329952 377.684664471 0.380
3774 377.793375108 377.792435397 377.784769935 0.380
3775 377.893481775 377.892542083 377.884876622 0.380
3776 377.993564979 377.992625325 377.984959715 0.380
3777 378.093675534 378.092735955 378.085070531 0.380
3778 378.193775627 378.192835984 378.185170503 -0.736
3779 378.293878886 378.292939132 378.285273615 -0.736
3780 378.393977219 378.393037429 378.385371912 -0.736
3781 378.494057904 378.493118022 378.485452542 -0.736
3782 378.594142497 378.593202540 378.585537079 -0.736
3783 378.694225608 378.693285559 378.685620079 -0.736
3784 378.794327960 378.793387856 378.785722413 -0.736
3785 378.894437497 378.893497319 378.885831858 -0.736
3786 378.994527460 378.993587208 378.985921765 -0.736
3787 379.094620515 379.093680190 379.086014729 -0.736
3788 379.194704589 379.193764164 379.186098702 -1.338
3789 379.294802274 379.293861715 379.286196254 -1.338
3790 379.394892645 379.393951951 379.386286471 -1.338
3791 379.494973200 379.494032355 379.486366874 -1.338
3792 379.595058126 379.594117146 379.586451666 -1.338
3793 379.695156718 379.694215624 379.686550143 -1.338
3794 379.795253181 379.794311934 379.786646509 -1.338
3795 379.895359292 379.894417930 379.886752468 -1.338
3796 379.995443681 379.994502184 379.986836686 -1.338
3797 380.095527515 380.094585902 380.086920404 -1.338
3798 380.195615607 380.194673842 380.187008362 -1.338
3799 380.295709422 380.294767505 380.287102043 -1.338
3800 380.395799533 380.394857500 380.387192002 -1.338
3801 380.495879496 380.494937292 380.487271812 -1.338
3802 380.595958070 380.595015751 380.587350252 -1.338
3803 380.696043570 380.695101135 380.687435674 -1.338
3804 380.796159422 380.795216816 380.787551336 -1.338
3805 380.896281403 380.895338682 380.887673239 -1.338
3806 380.996378699 380.995435863 380.987770401 -1.338
3807 381.096461477 381.095518488 381.087853026 -1.338
3808 381.196545458 381.195602354 381.187936892 -1.338
3809 381.296630643 381.295687405 381.288021925 -1.338
3810 381.396720421 381.395777049 381.388111569 -1.338
3811 381.496801180 381.495857656 381.488192176 -1.338
3812 381.596881495 381.595937837 381.588272356 -1.338
3813 381.696965162 381.696021388 381.688355908 -1.338
3814 381.797047532 381.796103624 381.788438107 -1.338
3815 381.897151088 381.896207027 381.888541584 -1.338
3816 381.997249365 381.996305152 381.988639543 -1.338
3817 382.097335995 382.096391666 382.088726205 -1.338
3818 382.197417921 382.196473477 382.188807997 -1.338
3819 382.297504939 382.296560361 382.288894881 -1.338
3820 382.397589921 382.396645172 382.388979692 -1.338
3821 382.497672883 382.496728056 382.489062576 -1.338
3822 382.597753569 382.596808552 382.589143091 -4.850
3823 382.697840439 382.696894937 382.689229420 -4.850
3824 382.797925902 382.796979933 382.789314453 -4.850
3825 382.898018902 382.897072448 382.889407004 -4.850
3826 382.998127179 382.997180240 382.989514649 -4.850
3827 383.098229902 383.097282458 383.089616978 -4.850
3828 383.198320735 383.197372824 383.189707363 -4.850
3829 383.298406476 383.297458061 383.289792581 -4.850
3830 383.398493198 383.397544316 383.389878855 -4.850
3831 383.498578957 383.497629590 383.489964092 -4.850
3832 383.598661809 383.597711963 383.590046483 -3.351
3833 383.698746383 383.697796202 383.690130740 -3.351
3834 383.798831605 383.797881089 383.790215609 -3.351
3835 383.898931901 383.897981050 383.890315607 -3.351
3836 383.999031586 383.998080399 383.990414956 -3.351
3837 384.099117345 384.098165823 384.090500343 -3.351
3838 384.199209401 384.198257543 384.190592082 -3.351
3839 384.299298549 384.298346356 384.290680894 -3.351
3840 384.399385290 384.398432761 384.390767300 -3.351
3841 384.499470993 384.498518129 384.490852668 -3.351
3842 384.599553771 384.598600575 384.590935095 -2.602
3843 384.699639586 384.698686148 384.691020687 -2.602
3844 384.799731289 384.798777573 384.791112093 -2.602
3845 384.899820623 384.898866646 384.891201184 -2.602
3846 384.999927419 384.998973182 384.991307720 -2.602
3847 385.100015734 385.099061218 385.091395756 -2.602
3848 385.200104660 385.199149902 385.191484440 -2.602
3849 385.300196363 385.299241345 385.291575883 -2.602
3850 385.400285752 385.399330473 385.391665012 -2.602
3851 385.500372030 385.499416490 385.491751010 -2.602
3852 385.600454956 385.599499141 385.591833661 -5.912
3853 385.700539752 385.699583345 385.691917865 -5.912
3854 385.800626104 385.799669106 385.792003644 -5.912
3855 385.900710548 385.899752958 385.892087515 -5.912
3856 386.000816122 385.999857940 385.992192460 -5.912
3857 386.100906844 386.099948052 386.092282572 -5.912
3858 386.200997603 386.200038238 386.192372758 -5.912
3859 386.301084511 386.300124536 386.292459074 -5.912
3860 386.401174807 386.400214259 386.392548797 -5.912
3861 386.501264511 386.500303371 386.492637890 -5.912
3862 386.601348362 386.600386621 386.592721159 -3.882
3863 386.701433011 386.700470899 386.692805419 -3.882
3864 386.801521288 386.800558788 386.792893326 -3.882
3865 386.901649973 386.900687084 386.893021641 -3.882
3866 387.001772955 387.000809677 386.993144234 -3.882
3867 387.101867751 387.100904085 387.093238660 -3.882
3868 387.201953436 387.200989381 387.193323920 -3.882
3869 387.302056029 387.301091585 387.293426124 -3.882
3870 387.402143177 387.401178345 387.393512865 -3.882
3871 387.502240288 387.501275067 387.493609606 -3.882
3872 387.602324306 387.601358672 387.593693211 -5.393
3873 387.702410306 387.701444151 387.693778689 -5.393
3874 387.802496677 387.801529982 387.793864502 -5.393
3875 387.902580695 387.901613442 387.893947999 -5.393
3876 388.002674806 388.001707032 387.994041589 -5.393
3877 388.102772917 388.101804584 388.094139123 -5.393
3878 388.202865232 388.201896378 388.194230916 -5.393
3879 388.302949991 388.301980579 388.294315117 -5.393
3880 388.403034306 388.402064354 388.394398837 -5.393
3881 388.503119639 388.502149166 388.494483704 -5.393
3882 388.603203269 388.602232244 388.594566783 -3.623
3883 388.703288139 388.702316770 388.694651290 -3.623
3884 388.803376454 388.802404704 388.794739224 -3.623
3885 388.903464731 388.902492619 388.894827158 -3.623
3886 389.003564324 389.002591868 388.994926425 -3.623
3887 389.103662102 389.102689264 389.095023803 -3.623
3888 389.203747583 389.202774402 389.195108921 -3.623
3889 389.303838139 389.302864594 389.295199133 -3.623
3890 389.403921398 389.402947491 389.395282011 -3.623
3891 389.504003064 389.503028369 389.495362908 -3.623
3892 389.604083287 389.603108692 389.595443193 1.602
3893 389.704166194 389.703191741 389.695526261 1.602
3894 389.804270787 389.803296494 389.795630977 1.602
3895 389.904350990 389.903376839 389.895711378 1.602
3896 390.004447398 390.003473425 389.995807982 1.602
3897 390.104547379 390.103573549 390.095907994 1.602
3898 390.204645212 390.203671561 390.196006081 1.602
3899 390.304737768 390.303764277 390.296098815 1.602
3900 390.404826582 390.403853252 390.396187771 1.602
3901 390.504911379 390.503938208 390.496272747 1.602
3902 390.604991305 390.604018289 390.596352827 -0.125
3903 390.705074304 390.704101276 390.696435759 -0.125
3904 390.805158397 390.804185356 390.796519876 -0.125
3905 390.905252045 390.904278973 390.896613493 -0.125
3906 391.005339008 391.004365942 390.996700480 -0.125
3907 391.105442952 391.104469855 391.096804079 -0.125
3908 391.205530452 391.204557361 391.196891900 -0.125
3909 391.305618415 391.304645312 391.296979850 -0.125
3910 391.405706767 391.404733632 391.397068171 -0.125
3911 391.505791934 391.504818805 391.497153325 -0.125
3912 391.605871674 391.604898536 391.597233074 6.836
3913 391.705955211 391.704982775 391.697317295 6.836
3914 391.806035545 391.805063737 391.797398276 6.836
3915 391.906118026 391.905146958 391.897481460 6.836
3916 392.006208193 392.005237809 391.997572366 6.836
3917 392.106308563 392.105338845 392.097673365 6.836
3918 392.206394878 392.205425863 392.197760383 6.836
3919 392.306484729 392.305516399 392.297850863 6.836
3920 392.406569266 392.405601620 392.397936121 6.836
3921 392.506651229 392.505684267 392.498018787 6.836
3922 392.606732396 392.605766088 392.598100644 2.492
3923 392.706815266 392.705849207 392.698183727 2.492
3924 392.806895063 392.805929271 392.798263791 2.492
3925 392.906982340 392.906016761 392.898351244 2.492
3926 393.007079414 393.006114103 392.998448642 2.492
3927 393.107197081 393.106232020 393.098566576 2.492
3928 393.207294544 393.206329732 393.198664215 2.492
3929 393.307383877 393.306419333 393.298753871 2.492
3930 393.407469636 393.406505323 393.398839843 2.492
3931 393.507555895 393.506591850 393.498926370 2.492
3932 393.607639618 393.606675816 393.599010354 0.057
3933 393.707721210 393.706757396 393.699091934 0.057
3934 393.807808840 393.806845031 393.799179569 0.057
3935 393.907897173 393.906933388 393.899267908 0.057
3936 394.007983728 394.007019950 393.999354470 0.057
3937 394.108073043 394.107109270 394.099443809 0.057
3938 394.208171488 394.207207683 394.199542203 0.057
3939 394.308256599 394.307292819 394.299627357 0.057
3940 394.408343636 394.407379861 394.399714381 0.057
3941 394.508429654 394.507465904 394.499800405 0.057
3942 394.608510728 394.607546982 394.599881501 -0.898
3943 394.708595135 394.707631262 394.699965800 -0.898
3944 394.808681913 394.807717968 394.800052507 -0.898
3945 394.908764802 394.907800786 394.900135306 -0.898
3946 395.008865617 395.007901492 395.000236031 -0.898
3947 395.108953524 395.107989310 395.100323867 -0.898
3948 395.209055968 395.208091664 395.200426221 -0.898
3949 395.313516598 395.312552200 395.304886720 -0.898
3950 395.413599691 395.412635203 395.404969723 -0.898
3951 395.513680894 395.512716335 395.505050855 -0.898
3952 395.613761302 395.612796634 395.605131099 -0.898
3953 395.713846264 395.712881526 395.705216064 -0.898
3954 395.813930950 395.812966121 395.805300641 -0.898
3955 395.914012450 395.913047531 395.905382051 -0.898
3956 396.014098598 396.013133571 396.005468109 -0.898
3957 396.114192672 396.113227555 396.105562112 -0.898
3958 396.214295283 396.213330095 396.205664578 -0.898
3959 396.314384060 396.313418783 396.305753303 -0.898
3960 396.414471579 396.413506193 396.405840713 -0.898
3961 396.514554579 396.513589103 396.505923623 -0.898
3962 396.614637782 396.613672222 396.606006723 -0.112
3963 396.714732079 396.713766525 396.706101045 -0.112
3964 396.814827468 396.813861903 396.806196441 -0.112
3965 396.914911467 396.913945891 396.906280411 -0.112
3966 397.014995264 397.014029639 397.006364141 -0.112
3967 397.115087967 397.114122350 397.106456907 -0.112
3968 397.215193282 397.214227673 397.206562211 -0.112
3969 397.315284115 397.314318476 397.306652959 -0.112
3970 397.415372486 397.414406854 397.406741374 -0.112
3971 397.515453893 397.514488194 397.506822696 -0.112
3972 397.615535023 397.614569363 397.606903883 -0.982
3973 397.715623115 397.714657376 397.706991896 -0.982
3974 397.815715726 397.814749870 397.807084409 -0.982
3975 397.915798522 397.914832568 397.907167107 -0.982
3976 398.015878300 398.014912192 398.007246694 -0.982
3977 398.115964615 398.114998427 398.107332966 -0.982
3978 398.216068726 398.215102477 398.207436997 -0.982
3979 398.316157689 398.315191323 398.307525843 -0.982
3980 398.416260467 398.415294021 398.407628522 -0.982
3981 398.516343355 398.515376774 398.507711276 -0.982
3982 398.616426578 398.615459878 398.607794398 -11.770
3983 398.716515837 398.715547959 398.707882516 -11.770
3984 398.816608337 398.815639262 398.807973782 -11.770
3985 398.916691003 398.915720751 398.908055271 -11.770
3986 399.016775540 399.015804128 399.008138648 -11.770
3987 399.116872966 399.115900284 399.108234859 -11.770
3988 399.216985373 399.216011605 399.208346125 -11.770
3989 399.317078336 399.316103372 399.308437910 -11.770
3990 399.417164651 399.416188527 399.408523065 -11.770
3991 399.517256466 399.516279164 399.508613628 -11.770
3992 399.617338707 399.616360214 399.608694734 -6.811
3993 399.717424244 399.716445107 399.708779627 -6.811
3994 399.817509003 399.816529184 399.808863686 -6.811
3995 399.917590706 399.916610206 399.908944745 -6.811
3996 400.017672614 400.016691432 400.009025952 -6.811
3997 400.117755762 400.116773861 400.109108400 -6.811
3998 400.217846965 400.216864455 400.209199012 -1.852
3999 400.317946965 400.316964251 400.309298771 -1.852
4000 400.418039817 400.417056936 400.409391456 -1.852
4001 400.518121947 400.517138899 400.509473437 -1.852
4002 400.618204391 400.617221112 400.609555650 -11.370
4003 400.718287743 400.717303325 400.709637864 -11.370
4004 400.818373669 400.817388113 400.809722652 -11.370
4005 400.918457558 400.917470846 400.909805384 -11.370
4006 401.018542058 401.017554226 401.009888746 -11.370
4007 401.118623465 401.117634496 401.109969016 -11.370
4008 401.218720187 401.217730080 401.210064637 -11.370
4009 401.318828909 401.317837664 401.310172147 -11.370
4010 401.418918613 401.417926229 401.410260749 -11.370
4011 401.519006261 401.518012721 401.510347204 -11.370
4012 401.619088354 401.618093697 401.610428198 -6.611
4013 401.719171853 401.718176553 401.710511036 -6.611
4014 401.819268298 401.818272336 401.810606856 -6.611
4015 401.919349742 401.918353100 401.910687639 -6.611
4016 402.019432872 402.018435587 402.010770107 -6.611
4017 402.119515298 402.118517314 402.110851852 -6.611
4018 402.219613575 402.218614949 402.210949505 -6.611
4019 402.319722186 402.318722916 402.311057047 -6.611
4020 402.419808612 402.418808680 402.411143200 -6.611
4021 402.519920001 402.518919407 402.511253927 -6.611
4022 402.620003686 402.619002419 402.611336957 -5.090
4023 402.720091816 402.719090057 402.711424596 -5.090
4024 402.820176186 402.819173918 402.811508457 -5.090
4025 402.920276723 402.919273946 402.911608484 -5.090
4026 403.020359927 403.019356621 403.011691104 -5.090
4027 403.120441427 403.119437630 403.111772150 -5.090
4028 403.220533279 403.219528973 403.211863511 -5.090
4029 403.320632427 403.319627611 403.311961964 -5.090
4030 403.420721001 403.419715657 403.412050177 -5.090
4031 403.520801908 403.519796018 403.512130538 -5.090
4032 403.620883649 403.619877311 403.612211831 -3.471
4033 403.720969093 403.719962408 403.712296891 -3.471
4034 403.821057000 403.820049968 403.812384507 -3.471
4035 403.921140686 403.920133306 403.912467826 -3.471
4036 404.021224556 404.020216829 404.012551312 -3.471
4037 404.121305537 404.120297444 404.112631964 -3.471
4038 404.221389130 404.220380708 404.212715283 -3.471
4039 404.321489648 404.320480879 404.312815399 -3.471
4040 404.421579574 404.420570457 404.412904922 -3.471
4041 404.521665241 404.520655776 404.512990315 -3.471
4042 404.621747037 404.620737228 404.613071767 -2.662
4043 404.721833518 404.720823443 404.713157982 -2.662
4044 404.821921018 404.820910677 404.813245215 -2.662
4045 404.922003537 404.920992929 404.913327449 -2.662
4046 405.022085907 405.021075033 405.013409571 -2.662
4047 405.122168851 405.121157711 405.113492231 -2.662
4048 405.222227888 405.221216481 405.213551038 -2.662
4049 405.322333333 405.321321659 405.313656179 -2.662
4050 405.422431851 405.421419911 405.413754431 -2.662
4051 405.522515648 405.521503423 405.513837961 -2.662
4052 405.622598259 405.621585801 405.613920339 7.126
4053 405.722681647 405.721669922 405.714004441 7.126
4054 405.822763610 405.821752598 405.814087118 7.126
4055 405.922846407 405.921836107 405.914170627 7.126
4056 406.022931629 406.021922042 406.014256525 7.126
4057 406.123011480 406.122002589 406.114337053 7.126
4058 406.223099647 406.222091469 406.214425989 7.126
4059 406.323212684 406.322205238 406.314539795 7.126
4060 406.423314406 406.422307673 406.414642193 7.126
4061 406.523398999 406.522392960 406.514727480 7.126
4062 406.623481165 406.622475844 406.614810383 2.637
4063 406.723565221 406.722560164 406.714894702 2.637
4064 406.823649054 406.822644261 406.814978799 2.637
4065 406.923729684 406.922725155 406.915059674 2.637
4066 407.023813887 407.022809622 407.015144160 2.637
4067 407.123895869 407.122891849 407.115226387 2.637
4068 407.224005887 407.223002150 407.215336522 2.637
4069 407.324105165 407.323101673 407.315436230 2.637
4070 407.424208961 407.423205733 407.415540290 2.637
4071 407.524303517 407.523300571 407.515635091 2.637
4072 407.624386128 407.623383429 407.615717949 3.088
4073 407.724471554 407.723469182 407.715803702 3.088
4074 407.824558276 407.823556214 407.815890733 3.088
4075 407.924637868 407.923636097 407.915970616 3.088
4076 408.024720535 408.023719091 408.016053629 3.088
4077 408.124806072 408.123804937 408.116139438 3.088
4078 408.224894850 408.223894024 408.216228543 3.088
4079 408.324996553 408.323996018 408.316330575 3.088
4080 408.425098849 408.424098623 408.416433161 3.088
4081 408.525191516 408.524191617 408.516526156 3.088
4082 408.625285498 408.624285901 408.616620421 0.618
4083 408.725368516 408.724368981 408.716703501 0.618
4084 408.825457423 408.824457950 408.816792470 0.618
4085 408.925538183 408.924538771 408.916873310 0.618
4086 409.025624664 409.024625315 409.016959834 0.618
4087 409.125707756 409.124708469 409.117043007 0.618
4088 409.225800664 409.224801438 409.217135977 0.618
4089 409.325904034 409.324904870 409.317239409 0.618
4090 409.426011145 409.425012043 409.417346582 0.618
4091 409.526105423 409.525106383 409.517440903 0.618
4092 409.626188775 409.625189812 409.617524332 6.947
4093 409.726285164 409.725286878 409.717621398 6.947
4094 409.826369404 409.825371832 409.817706352 6.947
4095 409.926451256 409.925454342 409.917788881 6.947
4096 410.026535645 410.025539463 410.017873983 6.947
4097 410.126618904 410.125623418 410.117957938 6.947
4098 410.226726348 410.225731558 410.218066078 6.947
4099 410.326839219 410.325845142 410.318179717 6.947
4100 410.426940645 410.425947226 410.418281728 6.947
4101 410.527033904 410.526041199 410.518375719 6.947
4102 410.627116089 410.626124051 410.618458589 2.547
4103 410.727198663 410.726206880 410.718541418 2.547
4104 410.827282293 410.826290783 410.818625303 2.547
4105 410.927368163 410.926376908 410.918711446 2.547
4106 411.027453459 411.026462459 411.018796998 2.547
4107 411.127534978 411.126544214 411.118878752 2.547
4108 411.227617903 411.226627413 411.218961933 2.547
4109 411.327711848 411.326721576 411.319056151 2.547
4110 411.427818663 411.426828664 411.419163202 2.547
4111 411.527916274 411.526926548 411.519261087 2.547
4112 411.628000755 411.627011266 411.619345804 2.441
4113 411.728084514 411.727095270 411.719429789 2.441
4114 411.828170884 411.827181903 411.819516423 2.441
4115 411.928266940 411.927278202 411.919612741 2.441
4116 412.028352181 412.027363687 412.019698207 2.441
4117 412.128434866 412.127446617 412.119781137 2.441
4118 412.228517088 412.227529065 412.219863603 2.441
4119 412.328605088 412.327617290 412.319951773 2.441
4120 412.428709866 412.427722350 412.420056888 2.441
4121 412.528814662 412.527827390 412.520161928 2.441
4122 412.628899254 412.627912204 412.620246687 0.294
4123 412.728983069 412.727996067 412.720330587 0.294
4124 412.829068458 412.828081485 412.820416024 0.294
4125 412.929151273 412.928164330 412.920498868 0.294
4126 413.029238476 413.028251563 413.020586101 0.294
4127 413.129321013 413.128334111 413.120668649 0.294
4128 413.229405736 413.228418862 413.220753382 0.294
4129 413.329492884 413.328506058 413.320840541 0.294
4130 413.429592661 413.428605865 413.420940404 0.294
4131 413.529696550 413.528709765 413.521044304 0.294
4132 413.629781624 413.628794867 413.621129387 -0.779
4133 413.729865272 413.728878437 413.721212957 -0.779
4134 413.829955031 413.828968137 413.821302675 -0.779
4135 413.930040902 413.929053911 413.921388449 -0.779
4136 414.030127346 414.029140296 414.021474834 -0.779
4137 414.130210828 414.129223680 414.121558219 -0.779
4138 414.230295087 414.229307862 414.221642400 -0.779
4139 414.330383198 414.329395913 414.321730433 -0.779
4140 414.430484198 414.429496835 414.421831392 -0.779
4141 414.530586142 414.529598702 414.521933092 -0.779
4142 414.630671401 414.629683854 414.622018336 -8.529
4143 414.730755438 414.729767056 414.722101594 -8.529
4144 414.830842235 414.829852998 414.822187537 -8.529
4145 414.930922290 414.929932145 414.922266664 -8.529
4146 415.031004660 415.030013698 415.022348200 -8.529
4147 415.131088123 415.130096308 415.122430846 -8.529
4148 415.231175753 415.230183084 415.222517603 -8.529
4149 415.331286531 415.330293026 415.322627546 -8.529
4150 415.431382308 415.430387950 415.422722488 -8.529
4151 415.531489901 415.530494689 415.522829227 -8.529
4152 415.631576753 415.630580672 415.622915192 -5.191
4153 415.731659475 415.730662875 415.722997395 -5.191
4154 415.831746827 415.830749707 415.823084245 -5.191
4155 415.931831975 415.930834354 415.923168892 -5.191
4156 416.031916363 416.030918223 416.023252706 -5.191
4157 416.131997586 416.130998926 416.123333464 -5.191
4158 416.232083289 416.231084092 416.223418612 -5.191
4159 416.332177419 416.331177702 416.323512240 -5.191
4160 416.432278345 416.431278108 416.423612665 -5.191
4161 416.532385882 416.531385144 416.523719664 -5.191
4162 416.632469252 416.631467976 416.623802515 -4.978
4163 416.732550178 416.731548404 416.723882942 -4.978
4164 416.832629956 416.831627702 416.823962222 -4.978
4165 416.932709067 416.931706259 416.924040779 -4.978
4166 417.032791733 417.031788465 417.024123003 -4.978
4167 417.132876715 417.131872967 417.124207486 -4.978
4168 417.232961066 417.231956820 417.224291340 -4.978
4169 417.333053585 417.332048822 417.324383342 -4.978
4170 417.433143603 417.432138342 417.424472899 -4.978
4171 417.533252122 417.532246381 417.524580938 -4.978
4172 417.633343085 417.632336828 417.624671385 -3.415
4173 417.733426955 417.732420356 417.724754895 -3.415
4174 417.833523344 417.832516403 417.824850942 -3.415
4175 417.933605973 417.932598691 417.924933248 -3.415
4176 418.033687510 418.032679886 418.025014406 -3.415
4177 418.133771159 418.132763193 418.125097731 -3.415
4178 418.233854455 418.232846147 418.225180685 -3.415
4179 418.333948492 418.332939861 418.325274399 -3.415
4180 418.434041844 418.433032815 418.425367354 -3.415
4181 418.534159806 418.533150492 418.525485049 -3.415
4182 418.634267251 418.633257576 418.625592077 -2.440
4183 418.734356751 418.733346832 418.725681370 -2.440
4184 418.834454621 418.833444476 418.825778959 -2.440
4185 418.934537195 418.933526787 418.925861326 -2.440
4186 419.034620936 419.033610302 419.025944804 -2.440
4187 419.134701380 419.133690484 419.126025022 -2.440
4188 419.234785862 419.233774740 419.226109241 -2.440
4189 419.334876010 419.333864644 419.326199163 -2.440
4190 419.434959861 419.433948251 419.426282771 -2.440
4191 419.535055880 419.534044025 419.526378564 -2.440
4192 419.635162158 419.634150040 419.626484579 -2.440
4193 419.735252009 419.734239648 419.726574186 -2.440
4194 419.835346361 419.834333774 419.826668257 -2.440
4195 419.935429083 419.934416252 419.926750790 -2.440
4196 420.035507268 420.034494193 420.026828750 -2.440
4197 420.135581157 420.134567819 420.126902339 -2.440
4198 420.235664491 420.234650889 420.226985372 -2.440
4199 420.335759768 420.334745941 420.327080424 -2.440
4200 420.435850028 420.434835956 420.427170495 -2.440
4201 420.535953694 420.534939397 420.527273935 -2.440
4202 420.636061676 420.635047097 420.627381617 -2.440
4203 420.736150268 420.735135482 420.727470021 -2.440
4204 420.836245101 420.835230071 420.827564610 -2.440
4205 420.936327157 420.935311864 420.927646384 -2.440
4206 421.036414416 421.035398880 421.027733382 -3.142
4207 421.136496157 421.135480288 421.127814827 -3.142
4208 421.236581583 421.235565400 421.227899938 -3.142
4209 421.336676527 421.335660048 421.327994568 -3.142
4210 421.436762675 421.435745881 421.428080346 -3.142
4211 421.536867082 421.535849956 421.528184513 -3.142
4212 421.636967860 421.635950382 421.628284920 -3.142
4213 421.737054842 421.736037104 421.728371643 -3.142
4214 421.837154341 421.836136290 421.828470828 -3.142
4215 421.937240064 421.936221697 421.928556180 -3.142
4216 422.037322101 422.036303417 422.028637956 -2.497
4217 422.137405675 422.136386741 422.128721280 -2.497
4218 422.237491138 422.236471954 422.228806493 -2.497
4219 422.337578526 422.336559130 422.328893650 -2.497
4220 422.437664656 422.436644991 422.428979511 -2.497
4221 422.537752582 422.536732612 422.529067169 -2.497
4222 422.637864748 422.636844510 422.629178993 -2.497
4223 422.737955174 422.736934741 422.729269224 -2.497
4224 422.838050582 422.837029899 422.829364400 -2.497
4225 422.938134415 422.937113500 422.929448020 -2.497
4226 423.038230396 423.037209213 423.029543752 -2.497
4227 423.138314581 423.137293130 423.129627650 -2.497
4228 423.238400507 423.237378843 423.229713363 -2.497
4229 423.338489822 423.337467908 423.329802446 -2.497
4230 423.438574415 423.437552250 423.429886752 -2.497
4231 423.538663785 423.537641371 423.529975946 -2.497
4232 423.638770729 423.637748047 423.630082530 -2.497
4233 423.738862044 423.737839130 423.730173668 -2.497
4234 423.838963729 423.837940565 423.830275103 -2.497
4235 423.939050118 423.938026685 423.930361224 -2.497
4236 424.039144229 424.038120528 424.030455048 -2.497
4237 424.139235822 424.138211908 424.130546390 -2.497
4238 424.239325081 424.238300898 424.230635400 -2.497
4239 424.339413803 424.338389389 424.330723909 -2.497
4240 424.439498488 424.438473824 424.430808307 -2.497
4241 424.539658710 424.538633648 424.530968187 -2.497
4242 424.639775673 424.638750491 424.631085048 -2.497
4243 424.739883432 424.738858018 424.731192575 -2.497
4244 424.839963062 424.838937398 424.831271973 -2.497
4245 424.940048247 424.939022333 424.931356872 -2.497
4246 425.040141117 425.039114954 425.031449492 -2.497
4247 425.140223821 425.139197465 425.131532004 -0.532
4248 425.240313932 425.239287523 425.231622061 -0.532
4249 425.340404117 425.339377636 425.331712175 -0.532
4250 425.440504562 425.439478028 425.431812566 -0.532
4251 425.540581673 425.539555085 425.531889624 -0.532
4252 425.640670524 425.639643884 425.631978441 -0.532
4253 425.740773210 425.739746534 425.732080962 -0.532
4254 425.840852784 425.839826037 425.832160612 -0.532
4255 425.940931135 425.939904335 425.932238911 -0.532
4256 426.041010098 426.039983263 426.032317839 -0.532
4257 426.141088561 426.140061672 426.132396248 -1.192
4258 426.241173487 426.240146460 426.232480999 -1.192
4259 426.341265968 426.340238804 426.332573305 -1.192
4260 426.441347524 426.440320258 426.432654834 -1.192
4261 426.541428172 426.540400787 426.532735344 -1.192
4262 426.641521561 426.640494057 426.632828595 -1.192
4263 426.741628764 426.740601122 426.732935661 -1.192
4264 426.841718839 426.840691077 426.833025616 -1.192
4265 426.941797005 426.940769088 426.933103570 -1.192
4266 427.041884783 427.040856820 427.033191358 -1.192
4267 427.141960653 427.140932552 427.133267109 -1.192
4268 427.242046727 427.241018489 427.233353064 -1.192
4269 427.342159060 427.341130721 427.333465260 -1.192
4270 427.442258616 427.441230157 427.433564566 -1.192
4271 427.542347634 427.541319056 427.533653576 -1.192
4272 427.642448616 427.641419918 427.633754457 -1.192
4273 427.742556356 427.741527521 427.733861930 -1.192
4274 427.842662579 427.841633643 427.833968163 -1.192
4275 427.942749097 427.941720023 427.934054562 -1.192
4276 428.042836727 428.041807552 428.034142090 -1.192
4277 428.142922856 428.141893544 428.134228082 -1.192
4278 428.243010690 428.241981258 428.234315778 -1.192
4279 428.343100115 428.342070583 428.334405103 -1.192
4280 428.443187004 428.442157352 428.434491835 -1.192
4281 428.543270541 428.542240770 428.534575290 -1.192
4282 428.643362152 428.642332518 428.634667057 3.101
4283 428.743477782 428.742448458 428.734783015 3.101
4284 428.843580060 428.842551046 428.834885566 3.101
4285 428.943670985 428.942642264 428.934976766 3.101
4286 429.043754430 429.042726019 429.035060520 3.101
4287 429.143843874 429.142815774 429.135150257 3.101
4288 429.243930059 429.242902269 429.235236807 3.101
4289 429.344021504 429.342994042 429.335328525 3.101
4290 429.444109078 429.443081927 429.435416447 3.101
4291 429.544190967 429.543164107 429.535498590 3.101
4292 429.644233966 429.643207270 429.635541845 0.624
4293 429.744338633 429.743312017 429.735646370 0.624
4294 429.844442392 429.843415820 429.835750322 0.624
4295 429.944529577 429.943503086 429.935837569 0.624
4296 430.044616503 430.043590056 430.035924595 0.624
4297 430.144705300 430.143678933 430.136013453 0.624
4298 430.244790318 430.243763996 430.236098534 0.624
4299 430.344884799 430.343858558 430.336193097 0.624
4300 430.444969818 430.443943621 430.436278122 0.624
4301 430.545056447 430.544030331 430.536364851 0.624
4302 430.645161114 430.644134968 430.636469488 -0.614
4303 430.745295318 430.744269111 430.736603649 -0.614
4304 430.845405873 430.844379623 430.836714125 -0.614
4305 430.945489355 430.944463025 430.936797526 -0.614
4306 431.045577836 431.044551426 431.036885946 -0.614
4307 431.145666873 431.144640439 431.136974940 -0.614
4308 431.245751095 431.244724581 431.237059101 -0.614
4309 431.345847928 431.344821371 431.337155891 -0.614
4310 431.445933984 431.444907365 431.437241867 -0.614
4311 431.546019817 431.544993137 431.537327601 -0.614
4312 431.646109095 431.645082384 431.637416885 0.215
4313 431.746197187 431.745170498 431.737505055 0.215
4314 431.846314687 431.845288019 431.837622409 0.215
4315 431.946403113 431.945376485 431.937710986 0.215
4316 432.046490595 432.045463969 432.037798508 0.215
4317 432.146580465 432.145553880 432.137888381 0.215
4318 432.246664113 432.245637531 432.237972069 0.215
4319 432.346754298 432.345727756 432.338062276 0.215
4320 432.446838891 432.445812370 432.438146853 0.215
4321 432.546924687 432.545898169 432.538232708 0.215
4322 432.647012483 432.645985945 432.638320427 -0.819
4323 432.747102742 432.746076103 432.738410660 -0.819
4324 432.847214057 432.846187355 432.838521837 -0.819
4325 432.947310298 432.946283495 432.938618033 -0.819
4326 433.047397853 433.046370968 433.038705488 -0.819
4327 433.147499798 433.146472831 433.138807314 -0.819
4328 433.247585372 433.246558323 433.238892880 -0.819
4329 433.347672612 433.346645482 433.338980001 -0.819
4330 433.447757372 433.446730177 433.439064679 -0.819
4331 433.547840149 433.546812892 433.539147374 -0.819
4332 433.647928057 433.646900688 433.639235227 -0.676
4333 433.748015742 433.746988306 433.739322863 -0.676
4334 433.848121520 433.847094016 433.839428536 -0.676
4335 433.948217686 433.947190133 433.939524653 -0.676
4336 434.048312297 434.047284658 434.039619197 -0.676
4337 434.148393686 434.147365942 434.139700481 -0.676
4338 434.248485871 434.247458115 434.239792654 -0.676
4339 434.348573519 434.347545677 434.339880160 -0.676
4340 434.448656093 434.447628184 434.439962704 -0.676
4341 434.548738334 434.547710375 434.540044895 -0.676
4342 434.648824889 434.647796810 434.640131349 -1.264
4343 434.748915408 434.747887202 434.740221741 -1.264
4344 434.849019426 434.847991094 434.840325559 -1.264
4345 434.949110852 434.948082412 434.940416913 -1.264
4346 435.049194871 435.048166285 435.040500768 -1.264
4347 435.149280778 435.148252085 435.140586586 -1.264
4348 435.249364778 435.248335958 435.240670497 -1.264
4349 435.349454296 435.348425332 435.340759870 -1.264
4350 435.449540685 435.448511613 435.440846151 -1.264
4351 435.549623741 435.548594542 435.540929061 -1.264
4352 435.649708296 435.648678487 435.641013007 -9.618
4353 435.749792741 435.748761931 435.741096507 -9.618
4354 435.849896055 435.848864302 435.841198840 -9.618
4355 435.949996852 435.948964154 435.941298415 -9.618
4356 436.050083129 436.049049450 436.041383989 -9.618
4357 436.150168833 436.149134192 436.141468748 -9.618
4358 436.250254648 436.249219062 436.241553601 -9.618
4359 436.350343388 436.349306840 436.341641397 -9.618
4360 436.450428129 436.449390618 436.441725120 -9.618
4361 436.550512722 436.549474230 436.541808768 -9.618
4362 436.650598796 436.649559584 436.641894085 -5.735
4363 436.750689184 436.749649380 436.741983937 -5.735
4364 436.850807777 436.849767398 436.842101955 -5.735
4365 436.950914795 436.949873861 436.942208381 -5.735
4366 437.051001332 437.049959806 437.042294326 -5.735
4367 437.151085518 437.150043435 437.142377955 -5.735
4368 437.251172314 437.250129639 437.242464178 -5.735
4369 437.351260517 437.350217287 437.342551807 -5.735
4370 437.451345110 437.450301306 437.442635807 -5.735
4371 437.551432240 437.550387861 437.542722381 -5.735
4372 437.651515369 437.650470185 437.642804686 -9.480
4373 437.751598721 437.750552607 437.742887071 -9.480
4374 437.851693906 437.850646843 437.842981381 -9.480
4375 437.951795739 437.950747709 437.943082210 -9.480
4376 438.051907887 438.050858945 438.043193520 -9.480
4377 438.152010184 438.150960236 438.143294719 -9.480
4378 438.252102572 438.251051732 438.243386270 -9.480
4379 438.352194276 438.351142468 438.343476988 -9.480
4380 438.452282072 438.451229315 438.443563835 -9.480
4381 438.552366572 438.551312848 438.543647331 -9.480
4382 438.652451498 438.651397042 438.643731581 -5.666
4383 438.752539776 438.751484753 438.743819254 -5.666
4384 438.852629554 438.851573963 438.843908502 -5.666
4385 438.952740665 438.951684526 438.944019064 -5.666
4386 439.052833609 439.051776884 439.044111423 -5.666
4387 439.152921702 439.151864428 439.144198930 -5.666
4388 439.253003053 439.251945195 439.244279696 -5.666
4389 439.353089979 439.352031553 439.344366055 -5.666
4390 439.453178201 439.452119227 439.444453747 -5.666
4391 439.553263442 439.552203900 439.544538420 -5.666
4392 439.653348720 439.652288701 439.644623239 -3.759
4393 439.753438590 439.752378213 439.744712733 -3.759
4394 439.853530571 439.852469818 439.844804375 -3.759
4395 439.953637238 439.952576109 439.944910480 -3.759
4396 440.053725534 440.052664029 440.044998197 -3.759
4397 440.153817979 440.152756078 440.145090654 -3.759
4398 440.253893460 440.252831202 440.245165703 -3.759
4399 440.353977016 440.352914381 440.345248957 -3.759
4400 440.454052682 440.452989690 440.445324247 -3.759
4401 440.554127367 440.553063981 440.545398537 -3.759
4402 440.654204645 440.653140922 440.645475460 -3.051
4403 440.754306941 440.753242894 440.745577433 -3.051
4404 440.854392923 440.853328570 440.845663127 -3.051
4405 440.954502626 440.953438005 440.945772525 -3.051
4406 441.054579997 441.053515052 441.045849627 -3.051
4407 441.154651071 441.153585820 441.145920396 -3.051
4408 441.254722571 441.253656978 441.245991553 -3.051
4409 441.354804182 441.353738302 441.346072859 -3.051
4410 441.454923126 441.453856960 441.446191480 -3.051
4411 441.555002719 441.553936265 441.546270804 -3.051
4412 441.655078089 441.654011345 441.646345884 -2.452
4413 441.755162848 441.754095804 441.746430342 -2.452
4414 441.855242552 441.854175336 441.846509893 -2.452
4415 441.955352885 441.954285405 441.946619907 -2.452
4416 442.055435274 442.054367567 442.046702124 -2.452
4417 442.155509144 442.154441192 442.146775731 -2.452
4418 442.255588274 442.254520058 442.246854615 -2.452
4419 442.355676255 442.354607757 442.346942295 -2.452
4420 442.455750959 442.454682271 442.447016809 -2.452
4421 442.555832588 442.554763636 442.547098156 -2.452
4422 442.655917274 442.654848363 442.647182883 2.738
4423 442.756001514 442.754932840 442.747267360 2.738
4424 442.856107866 442.855039503 442.847374060 2.738
4425 442.956229570 442.955161463 442.947496019 2.738
4426 443.056344366 443.055276551 443.047611053 2.738
4427 443.156421958 443.155354418 443.147688975 2.738
4428 443.256509162 443.255441896 443.247776415 2.738
4429 443.356597069 443.355530058 443.347864615 2.738
4430 443.456680940 443.455614221 443.447948778 2.738
4431 443.556753699 443.555687236 443.548021793 2.738
4432 443.656828291 443.655761957 443.648096477 0.443
4433 443.756911828 443.755845575 443.748180132 0.443
4434 443.856983569 443.855917379 443.848251936 0.443
4435 443.957071013 443.956004849 443.948339406 0.443
4436 444.057176050 444.056109930 444.048444376 0.443
4437 444.157265513 444.156199437 444.148534013 0.443
4438 444.257353180 444.256287148 444.248621687 0.443
4439 444.357439439 444.356373452 444.348707898 0.443
4440 444.457524161 444.456458218 444.448792775 0.443
4441 444.557599013 444.556533114 444.548867690 0.443
4442 444.657671143 444.656605225 444.648939801 -0.705
4443 444.757747865 444.756681877 444.749016452 -0.705
4444 444.857818717 444.856752677 444.849087234 -0.705
4445 444.957903031 444.956836902 444.949171459 -0.705
4446 445.058005957 445.056939739 445.049274259 -0.705
4447 445.158095179 445.157028854 445.149363429 -0.705
4448 445.258180420 445.257114079 445.249448618 -0.705
4449 445.358271365 445.357204935 445.349539399 -0.705
4450 445.458356383 445.457289901 445.449624458 -0.705
4451 445.558431124 445.557364553 445.549699128 -0.705
4452 445.658502216 445.657435777 445.649770352 2.647
4453 445.758578531 445.757512356 445.749846932 2.647
4454 445.858648790 445.857582880 445.849917456 2.647
4455 445.958734531 445.957668886 445.950003424 2.647
4456 446.058838531 446.057773151 446.050107671 2.647
4457 446.158927679 446.157862582 446.150197121 2.647
4458 446.259011512 446.257946662 446.250281071 2.647
4459 446.359099142 446.358034538 446.350369039 2.647
4460 446.459185623 446.458121321 446.450455878 2.647
4461 446.559265901 446.558201864 446.550536421 2.647
4462 446.659337067 446.658273155 446.650607731 0.397
4463 446.759412808 446.758348800 446.750683357 -1.859
4464 446.859484567 446.858420373 446.850754948 -1.859
4465 446.959564864 446.958500465 446.950835022 -1.859
4466 447.059673975 447.058609408 447.050943947 -1.859
4467 447.159761826 447.158697074 447.151031501 -1.859
4468 447.259848512 447.258783573 447.251118111 -1.859
4469 447.359936252 447.358871109 447.351205648 -1.859
4470 447.460019808 447.458954497 447.451289054 -1.859
4471 447.560093919 447.559028441 447.551363016 -1.859
4472 447.660170696 447.659105253 447.651439772 2.895
4473 447.760249808 447.759184672 447.751519229 2.895
4474 447.860331548 447.859266647 447.851601222 2.895
4475 447.960407789 447.959343251 447.951677827 2.895
4476 448.060509715 448.059445448 448.051780005 2.895
4477 448.160601881 448.159537905 448.151872462 2.895
4478 448.260681900 448.259618195 448.251952714 2.895
4479 448.360785863 448.359722447 448.352056949 2.895
4480 448.460867955 448.459804848 448.452139424 2.895
4481 448.560941585 448.559878786 448.552213361 2.895
4482 448.661012159 448.659949650 448.652284225 2.895
4483 448.761084455 448.760022217 448.752356793 2.895
4484 448.861156325 448.860094377 448.852428953 2.895
4485 448.961237085 448.960175408 448.952509965 2.895
4486 449.061368140 449.060306753 449.052641310 2.895
4487 449.161474622 449.160413506 449.152748081 2.895
4488 449.261568436 449.260507647 449.252841834 2.895
4489 449.361652492 449.360591993 449.352926438 2.895
4490 449.461735177 449.460674968 449.453009543 2.895
4491 449.561808362 449.560748442 449.553083018 2.895
4492 449.661880510 449.660820899 449.653155474 2.895
4493 449.761953436 449.760894114 449.753228671 2.895
4494 449.862028158 449.860969108 449.853303683 2.895
4495 449.962104584 449.961045823 449.953380343 2.895
4496 450.062201232 450.061142761 450.053477318 2.895
4497 450.162314843 450.161256662 450.153591182 2.895
4498 450.262398102 450.261340193 450.253674749 2.895
4499 450.362485713 450.361428093 450.353762632 2.895
4500 450.462564491 450.461507161 450.453841736 2.895
4501 450.562637176 450.561580154 450.553914730 2.895
4502 450.662709195 450.661652462 450.653987038 2.895
4503 450.762780491 450.761724067 450.754058605 2.895
4504 450.862853065 450.861796912 450.854131488 2.895
4505 450.962930120 450.961874257 450.954208759 2.895
4506 451.063025639 451.061970066 451.054304623 2.895
4507 451.163132917 451.162077467 451.154412005 2.895
4508 451.263219380 451.262164367 451.254498887 2.895
4509 451.363302583 451.362247861 451.354582362 2.895
4510 451.463383768 451.462329336 451.454663874 2.895
4511 451.563456398 451.562402273 451.554736830 2.895
4512 451.663532898 451.662479063 451.654813583 2.895
4513 451.763612805 451.762559260 451.754893836 2.895
4514 451.863685601 451.862632235 451.854966792 2.895
4515 451.963759157 451.962706191 451.955040767 2.895
4516 452.063847249 452.062794555 452.055129094 2.895
4517 452.163951786 452.162899401 452.155233920 2.895
4518 452.264041675 452.262989579 452.255324118 2.895
4519 452.364126434 452.363074610 452.355409148 2.895
4520 452.464202731 452.463151214 452.455485734 2.895
4521 452.564281119 452.563229911 452.555564468 2.895
4522 452.664352156 452.663301219 452.655635795 2.895
4523 452.764423971 452.763373342 452.755707918 2.895
4524 452.864490953 452.863440614 452.855775208 2.895
4525 452.964558397 452.963508329 452.955842905 2.895
4526 453.064645675 453.063595897 453.055930454 2.895
4527 453.164753175 453.163703705 453.156038262 2.895
4528 453.264839452 453.263790254 453.256124478 2.895
4529 453.364922693 453.363873766 453.356208286 2.895
4530 453.465002230 453.463953611 453.456288150 2.895
4531 453.565074952 453.564026642 453.556361217 2.895
4532 453.665145471 453.664097431 453.656432007 2.895
4533 453.765217878 453.764170147 453.756504704 2.895
4534 453.865287674 453.864240214 453.856574790 2.895
4535 453.965361378 453.964314208 453.956648728 2.895
4536 454.065448804 454.064401923 454.056736499 2.895
4537 454.165558285 454.164511713 454.156846196 2.895
4538 454.265640174 454.264593873 454.256928245 2.895
4539 454.365718915 454.364672922 454.357007498 2.895
4540 454.465791192 454.464745490 454.457080046 2.895
4541 454.565864044 454.564818613 454.557153169 2.895
4542 454.665934285 454.664889143 454.657223718 2.895
4543 454.766006803 454.764961951 454.757296527 2.895
4544 454.866076674 454.865032111 454.857366668 2.895
4545 454.966151322 454.965107049 454.957441550 2.895
4546 455.066234877 455.065190876 455.057525451 2.895
4547 455.166353711 455.165310017 455.157644574 2.895
4548 455.266461229 455.265417807 455.257752346 2.895
4549 455.366547914 455.365504819 455.357839302 2.895
4550 455.466625358 455.465582535 455.457917055 2.895
4551 455.566702247 455.565659713 455.557994289 2.895
4552 455.666778414 455.665736170 455.658070708 2.895
4553 455.766858562 455.765816608 455.758151183 2.895
4554 455.866930914 455.865889249 455.858223825 2.895
4555 455.967001284 455.965959909 455.958294485 2.895
4556 456.067096229 456.066055143 456.058389700 2.895
4557 456.167176136 456.166135322 456.158469879 2.895
4558 456.267289043 456.266248538 456.258583020 2.895
4559 456.367370432 456.366330235 456.358664792 2.895
4560 456.467444691 456.466404765 456.458739341 2.895
4561 456.567517506 456.566477870 456.558812445 2.895
4562 456.667590247 456.666550919 456.658885475 2.895
4563 456.767661821 456.766622782 456.758957339 2.895
4564 456.867731358 456.866692591 456.859027147 2.895
4565 456.967802487 456.966764010 456.959098585 2.895
4566 457.067881043 457.066842855 457.059177375 2.895
4567 457.167975506 457.166937608 457.159272165 2.895
4568 457.268080783 457.267043194 457.259377714 2.895
4569 457.368167080 457.367129780 457.359464337 2.895
4570 457.468240542 457.467203514 457.459538089 2.895
4571 457.568312987 457.567276267 457.559610824 2.895
