0.000 4.345
0.115 7.906
0.231 11.499
0.348 0.528
0.466 4.145
0.582 7.772
0.700 11.374
0.816 15.000
0.933 18.595
1.051 22.248
1.168 25.880
1.285 29.475
1.402 33.090
1.519 36.703
1.637 40.351
1.754 43.922
1.871 47.533
1.988 51.094
2.105 54.737
2.222 58.345
2.339 61.902
2.456 65.482
2.573 69.105
2.690 72.673
2.807 76.195
2.924 79.740
3.042 83.244
3.159 86.775
3.276 90.296
3.393 93.870
3.510 97.358
3.628 100.913
3.746 104.489
3.863 108.086
3.980 111.678
4.097 115.244
4.215 118.783
4.332 122.378
4.449 125.976
4.566 129.535
4.683 133.118
4.800 136.695
4.918 140.335
5.035 143.945
5.152 147.569
5.269 151.174
5.387 154.793
5.504 158.446
5.621 162.056
5.738 165.637
5.855 169.231
5.972 172.809
6.090 176.397
6.206 179.971
6.324 183.611
6.441 187.200
6.559 190.777
6.677 194.424
6.794 198.039
6.911 201.703
7.028 205.313
7.146 208.942
7.263 91.058
7.381 94.727
7.498 98.317
7.615 101.993
7.732 105.542
7.850 109.131
7.966 112.687
8.084 116.271
8.201 119.874
8.317 123.452
8.433 126.976
8.551 130.583
8.668 134.162
8.785 137.779
8.902 141.387
9.019 144.974
9.137 148.611
9.253 152.159
9.370 155.759
9.488 159.394
9.605 162.984
9.722 166.581
9.839 170.179
9.956 173.786
10.073 177.395
10.190 180.976
10.308 184.541
10.425 188.173
10.542 191.769
10.659 195.369
10.776 198.923
10.893 202.490
11.011 206.074
11.128 209.694
11.246 213.225
11.363 216.854
11.480 220.409
12.497 251.560
13.515 283.077
14.532 314.136
15.549 345.478
16.567 376.641
17.585 146.607
18.602 177.537
19.620 208.990
20.637 240.162
21.655 271.335
22.673 302.473
23.690 333.261
24.708 364.377
25.726 104.129
26.743 135.269
27.761 166.589
28.779 197.646
29.797 228.652
30.814 259.900
31.831 291.072
32.849 322.086
33.867 353.236
34.885 99.170
35.902 130.297
36.919 161.384
37.936 192.591
38.954 223.805
39.971 255.008
40.988 286.135
42.005 317.232
43.022 109.014
44.041 118.796
45.058 128.638
46.075 138.598
47.092 148.496
48.110 158.290
49.128 167.838
50.146 177.609
51.164 21.203
52.181 31.139
53.199 41.072
54.217 50.839
55.236 60.610
56.254 70.586
57.271 80.458
58.288 90.329
59.306 100.157
60.324 3.176
61.341 13.061
62.358 23.041
63.377 32.919
64.394 42.743
65.412 52.467
66.429 62.326
67.446 72.404
68.464 6.443
69.481 16.233
70.498 26.022
71.512 35.768
72.529 45.574
73.546 55.508
74.564 65.465
75.580 75.613
76.597 85.526
77.614 -3.790
78.631 6.080
79.649 15.480
80.666 25.493
81.684 35.322
82.701 45.079
83.719 54.900
84.736 65.029
85.753 7.533
86.770 7.260
87.788 6.499
88.805 6.142
89.822 5.447
90.840 5.081
91.858 4.643
92.875 3.975
93.893 3.400
94.910 -172.289
95.927 -172.731
96.945 -173.272
97.963 -173.897
98.980 -174.180
99.998 -174.681
101.015 -175.129
102.032 -45.624
103.049 -46.010
104.066 -46.329
105.084 -46.363
106.101 -46.516
107.118 -46.798
108.135 -47.089
109.152 -47.483
110.170 -47.816
111.187 -37.223
112.204 -37.467
113.222 -37.719
114.239 -37.805
115.257 -38.053
116.275 -38.309
117.292 -38.498
118.310 -38.844
119.327 -36.273
120.345 -36.543
121.363 -36.900
122.380 -37.123
123.398 -37.478
124.415 -37.786
125.433 -37.937
126.450 -38.232
127.468 -38.221
128.485 -33.450
129.503 -33.629
130.520 -34.086
131.538 -34.352
132.556 -34.429
133.574 -34.666
134.591 -35.063
135.609 -35.380
136.626 -50.656
137.644 -50.809
138.661 -50.972
139.679 -51.436
140.698 -51.499
141.715 -51.636
142.733 -52.232
143.750 -52.559
144.765 -52.606
145.780 -35.862
146.795 -36.212
147.812 -36.595
148.829 -36.969
149.846 -37.067
150.862 -37.099
151.879 -37.435
152.896 -37.615
153.913 -37.987
154.929 -42.717
155.947 -50.717
156.964 -58.686
157.981 -66.706
158.998 -74.707
160.015 -82.725
161.033 -90.761
162.050 -98.670
163.066 -106.553
164.084 -103.035
165.101 -95.824
166.118 -88.574
167.136 -81.132
168.153 -73.779
169.170 -66.449
170.186 -59.191
171.204 -51.931
172.221 -42.417
173.238 -32.781
174.255 -22.947
175.272 -13.277
176.289 -3.832
177.307 5.748
178.323 15.442
179.340 24.619
180.357 14.699
181.375 4.791
182.392 -5.125
183.409 -15.323
184.427 -25.389
185.444 -35.195
186.462 -45.178
187.480 -55.207
188.498 -65.439
189.515 -74.860
190.532 -81.719
191.550 -88.534
192.567 -95.321
193.584 -102.391
194.601 -109.146
195.618 -116.153
196.636 -117.964
197.654 -107.397
198.671 -97.119
199.688 -86.817
200.706 -76.190
201.723 -65.799
202.740 -55.602
203.757 -45.068
204.775 -34.494
205.792 -23.853
206.809 -12.990
207.827 -2.184
208.844 8.707
209.861 19.715
210.879 30.394
211.897 41.212
212.914 41.277
213.931 33.952
214.948 26.702
215.966 19.202
216.983 11.793
218.000 4.381
219.018 -3.136
220.035 -10.737
221.052 -18.129
222.069 -27.999
223.087 -38.920
224.104 -49.831
225.122 -60.559
226.139 -71.508
227.156 -82.490
228.174 -81.151
229.191 -77.723
230.209 -74.385
231.226 -70.855
232.243 -67.452
233.261 -63.978
234.278 -60.567
235.295 -57.007
236.311 -47.969
237.329 -38.936
238.347 -29.857
239.364 -20.949
240.381 -11.993
241.398 -2.986
242.416 6.234
243.433 14.254
244.451 11.798
245.468 9.324
246.486 6.648
247.503 4.247
248.520 1.855
249.537 -0.756
250.555 -4.999
251.572 -14.386
252.590 -23.737
253.608 -33.350
254.624 -42.797
255.642 -52.233
256.659 -61.790
257.676 -71.318
258.693 -77.157
259.711 -77.332
260.728 -77.865
261.745 -78.291
262.763 -78.366
263.780 -78.607
264.798 -78.887
265.816 -79.427
266.833 -79.894
267.850 -75.993
268.868 -67.897
269.885 -60.030
270.903 -52.243
271.919 -44.432
272.936 -36.574
273.954 -28.758
274.971 -21.590
275.988 -14.768
277.005 -7.982
278.023 -1.343
279.040 5.451
280.058 12.047
281.075 18.882
282.093 13.728
283.110 4.741
284.128 -4.173
285.145 -13.152
286.162 -22.011
287.180 -30.843
288.197 -39.649
289.214 -48.396
290.232 -57.236
291.249 -66.091
292.267 -74.923
293.284 -83.894
294.302 -92.676
295.320 -101.494
296.337 -110.354
297.354 -118.971
298.371 -115.836
299.389 -112.864
300.406 -109.678
301.424 -106.563
302.443 -103.182
303.461 -99.963
304.477 -96.903
305.495 -92.006
306.513 -79.438
307.530 -67.010
308.548 -54.297
309.565 -41.756
310.583 -29.267
311.600 -16.663
312.617 -5.869
313.635 -0.040
314.653 5.549
315.670 11.206
316.687 16.578
317.705 17.813
318.722 11.190
319.740 4.623
320.757 -1.660
321.774 -8.067
322.789 -14.713
323.805 -21.086
324.820 -29.068
325.837 -38.382
326.854 -48.022
327.870 -57.545
328.887 -67.024
329.905 -76.550
330.922 -85.990
331.939 -95.501
332.956 -105.124
333.974 -106.973
334.991 -104.388
336.008 -101.729
337.025 -99.098
338.042 -96.505
339.059 -94.084
340.077 -91.406
341.094 -99.734
342.111 -111.846
343.128 -124.050
344.145 -136.428
345.163 -148.674
346.179 -159.204
347.196 -169.357
348.214 -179.407
349.232 -189.382
350.249 -199.328
351.266 -209.468
352.283 -219.623
353.300 -206.262
354.317 -192.046
355.334 -178.138
356.351 -164.277
357.368 -150.094
358.385 -136.032
359.403 -120.135
360.421 -103.971
361.438 -88.093
362.455 -72.163
363.473 -56.189
364.490 -40.198
365.507 -23.893
366.524 -8.774
367.541 4.087
368.558 17.016
369.576 29.717
370.593 42.582
371.611 55.388
372.627 68.054
373.644 80.953
374.662 93.836
375.678 97.901
376.695 85.428
377.713 73.154
378.730 60.976
379.748 48.593
380.765 36.243
381.783 23.914
382.800 11.780
383.817 -1.435
384.834 -15.813
385.852 -30.296
386.869 -44.628
387.887 -58.658
388.904 -73.012
389.920 -82.503
390.937 -88.285
391.954 -94.241
392.972 -100.251
393.989 -93.608
395.006 -80.418
396.024 -67.396
397.041 -54.293
398.058 -41.177
399.076 -27.358
400.093 -13.489
401.111 0.329
402.128 14.052
403.146 27.893
404.162 26.778
405.179 22.579
406.196 18.417
407.214 14.238
408.230 10.204
409.248 6.118
410.266 -5.716
411.283 -18.140
412.301 -30.867
413.318 -43.504
414.335 -55.751
415.353 -60.273
416.370 -64.987
417.387 -69.681
418.405 -74.449
419.422 -78.969
420.439 -83.500
421.456 -88.236
422.473 -90.643
423.490 -79.771
424.508 -69.093
425.525 -58.356
426.542 -47.774
427.560 -36.894
428.577 -26.218
429.594 -16.235
430.612 -8.772
431.629 -0.851
432.646 6.767
433.663 14.506
434.681 22.414
435.698 25.156
436.715 18.366
437.733 11.811
438.751 5.466
439.768 -1.236
440.785 -7.692
441.804 -14.212
442.821 -20.640
443.839 -27.216
444.856 -35.040
445.873 -43.729
446.891 -52.557
447.908 -61.179
448.925 -62.326
449.941 -57.791
450.958 -52.979
451.975 -48.412
452.993 -43.890
454.010 -39.412
455.027 -34.624
456.044 -25.953
457.062 -15.871
458.079 -5.727
459.096 4.588
460.114 14.666
461.131 24.809
462.148 35.002
463.166 45.204
464.183 41.762
465.200 34.727
466.217 27.709
467.235 20.789
468.252 14.082
469.269 7.243
470.287 0.409
471.304 -11.162
472.323 -23.150
473.340 -35.085
474.358 -46.632
475.375 -58.466
476.392 -70.153
477.409 -81.867
478.427 -92.681
479.444 -93.082
480.461 -93.469
481.478 -93.885
482.495 -94.473
483.513 -92.504
484.529 -80.658
485.543 -69.036
486.560 -57.110
487.578 -45.464
488.595 -33.575
489.612 -22.028
490.630 -9.925
491.647 -0.352
492.664 4.966
493.682 10.391
494.699 15.660
495.717 20.874
496.734 19.768
497.751 10.121
498.769 0.434
499.787 -9.424
500.805 -19.188
501.822 -28.995
502.838 -39.673
503.856 -50.939
504.871 -62.316
505.887 -73.567
506.904 -84.970
507.920 -96.253
508.936 -107.500
509.953 -119.054
510.970 -117.469
511.987 -107.897
513.004 -98.571
514.021 -89.515
515.039 -80.297
516.055 -70.974
517.072 -61.650
518.089 -50.237
519.106 -38.253
520.123 -26.500
521.141 -14.572
522.158 -2.715
523.175 9.201
524.193 12.090
525.211 13.350
526.228 14.523
527.245 15.766
528.262 17.075
529.279 18.434
530.296 19.834
531.313 8.749
532.330 -2.582
533.347 -13.721
534.364 -24.959
535.381 -35.919
536.398 -46.698
537.415 -52.369
538.432 -57.775
539.450 -63.023
540.467 -68.709
541.485 -74.131
542.502 -79.785
543.519 -85.013
544.535 -90.427
545.553 -92.517
546.570 -82.700
547.587 -72.721
548.605 -63.054
549.622 -53.390
550.639 -43.485
551.657 -33.816
552.674 -24.225
553.691 -15.085
554.708 -6.400
555.725 2.466
556.742 11.603
557.759 20.631
558.776 29.506
559.793 38.309
560.811 37.407
561.829 26.315
562.847 14.916
563.864 3.629
564.882 -7.775
565.899 -18.993
566.916 -30.111
567.933 -41.306
568.951 -50.463
569.968 -58.629
570.985 -66.869
572.002 -74.909
573.020 -82.918
574.037 -90.892
575.054 -98.903
576.071 -92.524
577.089 -81.037
578.106 -69.393
579.123 -57.771
580.140 -46.207
581.158 -34.757
582.175 -23.161
583.192 -11.684
584.206 -0.226
585.223 9.323
586.241 18.613
587.258 27.848
588.276 37.320
589.293 46.518
590.311 55.657
591.328 64.854
592.345 53.719
593.363 42.411
594.380 30.838
595.397 19.291
596.415 7.988
597.432 -3.336
598.449 -14.712
599.466 -26.101
600.484 -37.301
601.501 -48.899
602.519 -60.301
603.536 -71.641
604.553 -83.090
605.570 -94.557
606.587 -106.053
607.604 -117.758
608.621 -122.916
609.638 -111.436
610.656 -100.347
611.673 -89.105
612.690 -77.785
613.707 -66.436
614.725 -55.363
615.742 -44.131
616.760 -32.500
617.777 -20.515
618.794 -8.805
619.811 3.115
620.828 15.106
621.845 27.016
622.863 39.087
623.880 50.900
624.898 50.803
625.915 41.832
626.933 32.616
627.951 23.255
628.968 14.122
629.985 5.114
631.003 -7.965
632.021 -22.620
633.038 -37.490
634.056 -52.331
635.073 -67.358
636.091 -82.329
637.108 -97.189
638.125 -100.452
639.142 -100.339
640.160 -100.478
641.177 -100.434
642.195 -100.253
643.212 -100.225
644.229 -89.259
645.246 -77.157
646.264 -64.979
647.282 -52.694
648.299 -40.386
649.316 -28.373
650.333 -32.726
651.351 -37.038
652.368 -41.413
653.385 -45.678
654.402 -50.208
655.420 -57.726
656.437 -65.009
657.454 -72.315
658.471 -79.426
659.488 -83.879
660.506 -75.432
661.523 -66.583
662.541 -58.084
663.558 -48.729
664.576 -37.366
665.593 -25.785
666.610 -16.158
667.627 -11.749
668.645 -7.385
669.662 -3.023
670.679 1.330
671.696 5.375
672.713 5.095
673.730 -3.151
674.748 -11.388
675.765 -19.403
676.782 -27.517
677.799 -35.800
678.817 -43.705
679.836 -48.044
680.852 -49.131
681.869 -50.103
682.883 -51.129
683.898 -51.985
684.914 -53.172
685.931 -50.499
686.947 -45.665
687.964 -41.035
688.981 -36.333
689.998 -31.753
691.014 -27.100
692.030 -22.722
693.047 -18.418
694.065 -14.228
695.082 -9.900
696.101 -8.899
697.118 -8.917
698.135 -8.915
699.152 -8.900
700.169 -8.950
701.186 -8.967
702.203 -20.176
703.220 -33.463
704.238 -46.858
705.255 -51.244
706.272 -54.825
707.289 -58.612
708.307 -62.429
709.324 -66.183
710.341 -59.520
711.359 -52.834
712.376 -45.781
713.393 -38.930
714.411 -32.246
715.428 -25.473
716.445 -18.783
717.462 -12.759
718.479 -6.849
719.497 -1.017
720.513 4.690
721.531 10.935
722.548 16.858
723.566 22.782
724.584 28.674
725.601 31.312
726.619 22.707
727.636 14.563
728.653 6.284
729.670 -1.896
730.688 -10.193
731.704 -18.507
732.722 -26.980
733.739 -35.504
734.757 -43.665
735.774 -52.267
736.791 -60.893
737.808 -69.150
738.825 -77.612
739.842 -86.115
740.860 -94.642
741.877 -92.992
742.894 -83.279
743.911 -73.433
744.928 -63.662
745.945 -54.008
746.962 -44.162
747.980 -34.371
748.997 -24.707
750.014 -15.156
751.031 -20.786
752.048 -32.623
753.066 -44.647
754.083 -56.693
755.101 -68.916
756.118 -81.042
757.136 -93.177
758.153 -105.392
759.170 -117.560
760.187 -111.544
761.205 -102.675
762.222 -93.683
763.239 -84.699
764.257 -75.735
765.274 -66.778
766.292 -57.941
767.309 -49.051
768.327 -40.111
769.345 -44.712
770.362 -49.355
771.379 -53.835
772.396 -58.172
773.414 -62.509
774.431 -66.937
775.448 -71.354
776.465 -73.063
777.482 -58.862
778.500 -44.520
779.516 -30.310
780.534 -16.177
781.552 -1.750
782.568 12.439
783.582 26.555
784.600 40.982
785.618 54.293
786.635 66.130
787.653 77.737
788.671 89.430
789.688 101.214
790.705 113.023
791.723 124.703
792.740 136.261
793.757 137.636
794.775 124.410
795.792 111.245
796.810 97.956
797.827 84.727
798.844 71.657
799.861 58.379
800.879 45.253
801.896 38.131
802.913 36.019
803.931 33.960
804.948 31.767
805.964 23.275
806.982 11.235
808.000 -0.789
809.017 -12.746
810.034 -23.013
811.052 -32.433
812.069 -42.011
813.086 -47.065
814.104 -50.469
815.121 -53.863
816.138 -57.128
817.156 -60.507
818.173 -63.824
819.191 -67.354
820.208 -70.873
821.226 -65.236
822.243 -58.754
823.261 -52.223
824.278 -45.397
825.296 -38.683
826.313 -32.079
827.331 -25.474
828.348 -18.668
829.365 -12.217
830.383 -5.855
831.400 0.686
832.418 7.362
833.435 13.896
834.451 18.686
835.469 12.499
836.487 6.796
837.504 1.113
838.521 -4.930
839.538 -10.765
840.556 -17.235
841.573 -25.832
842.590 -34.476
843.608 -43.097
844.624 -51.341
845.642 -59.961
846.660 -68.537
847.677 -77.198
848.695 -83.001
849.712 -84.278
850.730 -85.229
851.747 -86.183
852.765 -87.420
853.782 -83.041
854.799 -71.999
855.816 -60.805
856.833 -49.326
857.851 -37.940
858.868 -27.512
859.886 -18.038
860.904 -8.501
861.920 0.918
862.936 10.482
863.951 12.746
864.966 10.800
865.984 8.816
867.000 6.944
868.017 -0.361
869.033 -10.803
870.050 -20.343
871.067 -29.703
872.084 -39.057
873.101 -48.342
874.118 -57.731
875.136 -67.097
876.153 -59.950
877.170 -48.567
878.187 -37.020
879.205 -23.740
880.222 -10.181
881.240 3.340
882.256 16.669
883.273 1.196
884.290 -15.699
885.308 -32.828
886.325 -49.919
887.341 -66.906
888.359 -87.420
889.376 -108.441
890.394 -129.103
891.411 -149.845
892.428 -170.471
893.446 -191.262
894.463 -206.779
895.481 -193.205
896.498 -179.769
897.516 -166.580
898.533 -153.158
899.550 -140.122
900.567 -126.758
901.584 -113.183
902.601 -99.821
903.618 -85.751
904.635 -70.627
905.652 -55.306
906.670 -40.333
907.687 -25.303
908.704 -10.047
909.721 4.575
910.739 18.305
911.756 31.661
912.773 44.920
913.791 58.147
914.808 71.339
915.826 84.988
916.843 98.509
917.861 96.375
918.878 80.712
919.895 65.112
920.913 49.260
921.930 33.514
922.947 17.615
923.964 1.565
924.982 -11.793
925.999 -23.703
927.017 -35.711
928.034 -47.603
929.051 -56.643
930.069 -64.460
931.086 -72.402
932.104 -80.482
933.121 -88.682
934.138 -96.925
935.156 -93.768
936.172 -87.768
937.189 -81.918
938.206 -75.882
939.223 -70.020
940.240 -64.176
941.257 -58.268
942.274 -52.438
943.291 -46.666
944.309 -34.199
945.327 -21.437
946.344 -8.628
947.362 4.130
948.380 16.926
949.397 29.961
950.414 42.784
951.431 55.450
952.448 66.474
953.465 59.694
954.482 52.877
955.499 46.138
956.516 39.393
957.533 32.617
958.550 25.709
959.568 17.203
960.585 3.604
961.603 -9.968
962.620 -23.560
963.637 -37.067
964.655 -50.831
965.672 -64.463
966.689 -78.152
967.707 -91.613
968.724 -105.055
969.742 -113.598
970.759 -114.527
971.776 -115.376
972.793 -116.128
973.811 -117.140
974.828 -118.129
975.845 -111.839
976.862 -97.865
977.879 -83.775
978.896 -69.874
979.914 -56.015
980.931 -42.417
981.948 -29.434
982.965 -16.156
983.983 -2.820
985.001 10.483
986.018 23.719
987.035 36.903
988.052 39.206
989.070 37.436
990.087 35.542
991.105 33.714
992.122 32.024
993.139 30.282
994.156 28.473
995.174 26.564
996.191 15.068
997.209 2.000
998.226 -11.384
999.243 -24.530
1000.261 -37.675
1001.278 -24.136
1002.296 -8.748
1003.314 6.646
1004.331 21.833
1005.348 36.976
1006.366 52.379
1007.383 67.799
1008.401 80.631
1009.419 68.373
1010.436 56.219
1011.454 44.113
1012.471 31.885
1013.489 19.596
1014.506 7.052
1015.523 -5.254
1016.540 -19.040
1017.557 -32.636
1018.575 -46.336
1019.592 -60.038
1020.608 -73.617
1021.625 -86.998
1022.642 -100.804
1023.660 -112.772
1024.677 -121.084
1025.695 -129.627
1026.711 -138.122
1027.729 -146.563
1028.747 -155.156
1029.764 -163.350
1030.782 -161.479
1031.799 -147.019
1032.816 -132.887
1033.834 -118.596
1034.852 -104.591
1035.869 -90.329
1036.885 -76.187
1037.903 -62.022
1038.921 -47.738
1039.939 -33.441
1040.955 -19.386
1041.971 -5.303
1042.986 8.563
1044.001 22.668
1045.017 36.869
1046.033 37.318
1047.050 31.442
1048.067 25.548
1049.084 19.625
1050.101 13.582
1051.119 7.695
1052.136 -3.831
1053.153 -16.949
1054.170 -30.131
1055.187 -43.408
1056.204 -56.532
1057.223 -69.578
1058.240 -82.793
1059.257 -96.041
1060.274 -109.265
1061.291 -123.041
1062.308 -136.972
1063.324 -150.801
1064.341 -164.554
1065.358 -178.399
1066.376 -192.169
1067.393 -205.930
1068.409 -219.709
1069.427 -232.461
1070.444 -232.499
1071.461 -232.440
1072.478 -232.517
1073.495 -232.576
1074.512 -232.445
1075.529 -228.737
1076.547 -211.558
1077.564 -194.447
1078.582 -176.994
1079.599 -159.903
1080.615 -143.196
1081.629 -127.257
1082.646 -110.952
1083.664 -94.872
1084.680 -78.976
1085.697 -62.914
1086.715 -47.330
1087.732 -33.347
1088.749 -19.595
1089.766 -5.581
1090.783 8.473
1091.800 22.433
1092.817 29.379
1093.835 28.620
1094.852 21.086
1095.868 7.231
1096.885 -6.247
1097.903 -19.705
1098.920 -33.146
1099.937 -46.918
1100.954 -60.403
1101.972 -74.021
1102.989 -88.800
1104.007 -103.846
1105.024 -119.012
1106.042 -134.241
1107.059 -149.357
1108.076 -153.342
1109.094 -153.540
1110.111 -153.636
1111.128 -153.727
1112.146 -153.867
1113.163 -158.516
1114.180 -164.122
1115.197 -169.586
1116.214 -175.177
1117.232 -162.716
1118.250 -148.246
1119.267 -133.957
1120.284 -119.453
1121.302 -103.348
1122.319 -87.303
1123.338 -71.080
1124.356 -56.223
1125.373 -41.446
1126.390 -26.324
1127.407 -11.263
1128.424 4.745
1129.441 20.599
1130.459 36.716
1131.476 49.360
1132.494 38.531
1133.510 27.647
1134.528 16.882
1135.545 5.960
1136.562 -5.654
1137.580 -19.691
1138.597 -33.784
1139.615 -47.889
1140.632 -59.340
1141.649 -64.022
1142.666 -68.486
1143.685 -73.145
1144.702 -77.347
1145.719 -77.925
1146.737 -70.700
1147.754 -63.324
1148.772 -56.204
1149.790 -49.094
1150.807 -41.716
1151.824 -34.610
1152.841 -28.036
1153.858 -22.012
1154.875 -16.085
1155.893 -9.956
1156.910 -3.966
1157.927 1.842
1158.944 7.881
1159.961 9.155
1160.978 7.993
1161.995 6.852
1163.013 5.804
1164.029 4.575
1165.046 3.488
1166.064 2.272
1167.081 1.145
1168.098 -0.140
1169.115 -9.376
1170.132 -20.565
1171.149 -31.627
1172.167 -42.732
1173.184 -54.049
1174.201 -65.072
1175.218 -76.089
1176.235 -78.849
1177.253 -80.717
1178.270 -82.608
1179.287 -84.517
1180.304 -86.267
1181.321 -87.982
1182.338 -89.608
1183.355 -76.822
1184.372 -64.171
1185.389 -51.629
1186.406 -38.855
1187.423 -26.680
1188.441 -17.914
1189.458 -9.350
1190.475 -0.699
1191.493 7.915
1192.510 16.505
1193.527 22.578
1194.545 17.309
1195.563 12.248
1196.580 7.123
1197.598 1.551
1198.614 -3.582
1199.631 -11.378
1200.648 -24.970
1201.666 -38.770
1202.683 -52.226
1203.700 -65.883
1204.718 -79.435
1205.735 -92.919
1206.752 -100.419
1207.770 -100.108
1208.787 -99.527
1209.804 -99.095
1210.822 -98.607
1211.839 -98.094
1212.857 -97.642
1213.874 -97.157
1214.891 -105.556
1215.908 -120.811
1216.925 -135.880
1217.943 -150.991
1218.961 -166.195
1219.978 -181.253
1220.996 -196.314
1222.011 -211.642
1223.026 -206.464
1224.042 -191.783
1225.059 -177.143
1226.075 -162.651
1227.092 -147.888
1228.109 -131.709
1229.126 -114.950
1230.143 -98.268
1231.159 -81.684
1232.176 -64.969
1233.193 -48.206
1234.211 -31.361
1235.228 -16.888
1236.245 -2.582
1237.262 11.597
1238.279 11.029
1239.296 9.566
1240.313 8.051
1241.330 -5.844
1242.347 -19.663
1243.364 -33.626
1244.379 -47.670
1245.396 -61.495
1246.413 -74.140
1247.430 -73.329
1248.447 -72.667
1249.464 -71.968
1250.481 -71.281
1251.498 -70.382
1252.516 -69.873
1253.533 -66.691
1254.550 -54.478
1255.567 -42.244
1256.584 -30.119
1257.601 -18.017
1258.618 -5.738
1259.636 3.863
1260.653 7.665
1261.671 11.304
1262.688 14.984
1263.705 18.542
1264.722 22.385
1265.739 20.360
1266.757 10.296
1267.774 0.131
1268.791 -9.820
1269.809 -19.555
1270.826 -31.327
1271.844 -44.748
1272.861 -58.118
1273.878 -71.352
1274.896 -76.377
1275.913 -75.029
1276.930 -69.698
1277.947 -61.409
1278.963 -53.074
1279.979 -44.763
1280.993 -39.020
1282.011 -34.471
1283.028 -32.704
1284.046 -32.459
1285.063 -33.739
1286.081 -35.810
1287.098 -37.391
1288.115 -38.650
1289.133 -41.109
1290.150 -43.844
1291.167 -41.230
1292.185 -37.477
1293.202 -33.734
1294.219 -30.033
1295.237 -28.815
1296.254 -27.647
1297.271 -26.593
1298.289 -25.838
1299.306 -24.870
1300.323 -27.407
1301.340 -29.970
1302.359 -32.473
1303.376 -34.872
1304.393 -37.511
1305.411 -40.146
1306.428 -43.596
1307.445 -47.084
1308.462 -50.369
1309.479 -55.728
1310.496 -71.327
1311.513 -87.178
1312.530 -103.095
1313.548 -118.436
1314.566 -132.118
1315.583 -145.818
1316.600 -159.670
1317.618 -173.560
1318.635 -185.004
1319.652 -189.197
1320.668 -193.576
1321.686 -191.119
1322.704 -174.796
1323.721 -158.929
1324.738 -142.876
1325.756 -126.757
1326.773 -110.614
1327.790 -94.863
1328.808 -78.981
1329.825 -63.348
1330.842 -48.656
1331.860 -34.791
1332.877 -20.923
1333.894 -7.030
1334.911 6.923
1335.929 13.904
1336.946 16.620
1337.963 19.495
1338.981 13.056
1339.998 2.143
1341.016 -8.922
1342.033 -19.815
1343.051 -28.935
1344.068 -37.538
1345.085 -46.114
1346.103 -54.574
1347.120 -62.817
1348.137 -63.871
1349.155 -63.525
1350.172 -63.107
1351.190 -62.415
1352.207 -56.760
1353.225 -50.231
1354.243 -43.714
1355.260 -35.233
1356.278 -26.588
1357.295 -17.849
1358.313 -9.191
1359.329 -10.618
1360.347 -12.081
1361.364 -13.468
1362.381 -15.016
1363.399 -19.407
1364.417 -23.778
1365.434 -28.341
1366.451 -32.821
1367.469 -37.238
1368.486 -41.421
1369.503 -45.867
1370.521 -50.574
1371.538 -56.081
1372.555 -61.426
1373.573 -67.069
1374.590 -75.049
1375.608 -90.254
1376.625 -105.032
1377.642 -119.404
1378.660 -132.496
1379.677 -145.802
1380.694 -151.582
1381.712 -144.213
1382.729 -134.530
1383.746 -121.350
1384.763 -107.634
1385.780 -93.378
1386.797 -78.930
1387.815 -78.617
1388.832 -93.177
1389.849 -107.730
1390.866 -105.656
1391.884 -88.217
1392.901 -71.128
1393.919 -56.052
1394.936 -42.647
1395.953 -29.318
1396.970 -15.788
1397.988 -2.304
1399.005 11.212
1400.023 14.938
1401.042 13.757
1402.059 12.716
1403.078 11.683
1404.093 10.509
1405.109 9.400
1406.126 8.356
1407.142 7.153
1408.159 -3.573
1409.176 -16.608
1410.194 -29.723
1411.211 -42.838
1412.227 -55.994
1413.242 -62.162
1414.259 -67.590
1415.276 -72.964
1416.293 -78.382
1417.309 -83.856
1418.326 -89.257
1419.344 -79.562
1420.361 -69.669
1421.378 -59.901
1422.396 -50.048
1423.413 -40.139
1424.430 -30.601
1425.447 -22.842
1426.464 -15.426
1427.481 -7.855
1428.499 -0.203
1429.516 5.076
1430.533 0.606
1431.551 -3.593
1432.568 -8.162
1433.585 -12.336
1434.603 -16.768
1435.620 -20.879
1436.637 -29.120
1437.654 -45.829
1438.671 -62.253
1439.689 -78.764
1440.706 -95.315
1441.723 -112.111
1442.741 -128.822
1443.758 -145.342
1444.775 -151.672
1445.793 -144.797
1446.811 -138.085
1447.828 -127.439
1448.845 -112.653
1449.863 -97.925
1450.880 -83.204
1451.897 -68.554
1452.914 -54.297
1453.931 -39.822
1454.948 -27.360
1455.966 -16.113
1456.983 -10.106
1458.000 -7.435
1459.017 -10.807
1460.035 -16.724
1461.052 -30.187
1462.069 -46.881
1463.087 -63.484
1464.105 -72.644
1465.122 -79.784
1466.139 -86.925
1467.156 -93.873
1468.174 -89.318
1469.192 -82.151
1470.209 -69.319
1471.227 -55.684
1472.244 -41.991
1473.261 -28.328
1474.279 -14.661
1475.296 -27.880
1476.313 -41.959
1477.330 -56.031
1478.347 -70.062
1479.364 -84.116
1480.380 -98.268
1481.398 -112.402
1482.415 -126.207
1483.433 -140.132
1484.450 -151.314
1485.468 -144.361
1486.484 -137.611
1487.502 -130.522
1488.520 -123.522
1489.537 -116.759
1490.554 -109.794
1491.571 -101.053
1492.589 -86.180
1493.606 -71.331
1494.623 -56.410
1495.640 -41.457
1496.657 -26.443
1497.674 -11.441
1498.692 0.815
1499.708 8.926
1500.726 16.958
1501.743 25.122
1502.761 33.252
1503.778 41.481
1504.795 39.849
1505.812 26.993
1506.830 14.283
1507.847 1.448
1508.864 -12.199
1509.881 -26.581
1510.898 -40.853
1511.916 -55.033
1512.934 -69.129
1513.951 -76.287
1514.968 -79.340
1515.986 -82.554
1517.003 -85.424
1518.021 -88.461
1519.038 -91.540
1520.055 -83.903
1521.073 -71.915
1522.091 -60.075
1523.108 -48.006
1524.126 -36.226
1525.144 -25.856
1526.161 -15.666
1527.178 -16.100
1528.196 -18.777
1529.214 -23.155
1530.230 -27.706
1531.248 -30.620
1532.265 -33.376
1533.282 -36.107
1534.299 -40.246
1535.317 -44.275
1536.334 -48.461
1537.352 -48.796
1538.369 -50.745
1539.387 -52.390
1540.404 -54.184
1541.421 -55.904
1542.439 -57.157
1543.456 -54.714
1544.474 -52.386
1545.491 -49.955
1546.508 -47.500
1547.525 -42.938
1548.543 -29.223
1549.559 -15.402
1550.576 -1.787
1551.594 12.073
1552.611 25.785
1553.628 34.389
1554.645 31.328
1555.663 28.404
1556.680 21.648
1557.698 8.962
1558.715 -3.820
1559.732 -16.850
1560.749 -29.731
1561.767 -39.774
1562.784 -45.825
1563.801 -51.954
1564.818 -58.041
1565.836 -64.088
1566.853 -69.853
1567.870 -70.099
1568.887 -65.674
1569.905 -61.222
1570.922 -56.632
1571.939 -51.885
1572.957 -45.603
1573.973 -38.512
1574.991 -31.302
1576.008 -24.046
1577.025 -16.899
1578.043 -9.776
1579.061 -2.641
1580.078 4.653
1581.097 12.039
1582.114 2.847
1583.130 -10.957
1584.146 -24.719
1585.161 -38.662
1586.176 -54.110
1587.193 -69.938
1588.210 -85.899
1589.227 -101.654
1590.244 -117.425
1591.260 -133.224
1592.277 -147.536
1593.294 -161.645
1594.311 -175.864
1595.327 -189.887
1596.344 -203.153
1597.362 -188.409
1598.378 -173.803
1599.396 -158.808
1600.413 -144.001
1601.430 -129.243
1602.448 -114.189
1603.465 -98.128
1604.483 -82.100
1605.500 -66.020
1606.517 -49.954
1607.534 -34.612
1608.551 -21.236
1609.568 -7.789
1610.586 5.639
1611.603 14.870
1612.620 13.098
1613.637 11.759
1614.654 10.138
1615.672 8.318
1616.689 6.752
1617.706 5.108
1618.723 3.298
1619.741 -1.950
1620.758 -12.974
1621.776 -23.832
1622.793 -34.742
1623.810 -45.917
1624.827 -53.730
1625.844 -58.558
1626.861 -63.086
1627.878 -67.700
1628.895 -72.215
1629.913 -76.805
1630.930 -74.643
1631.948 -67.842
1632.965 -61.097
1633.982 -52.820
1635.000 -43.578
1636.017 -34.208
1637.034 -25.036
1638.051 -32.609
1639.068 -46.482
1640.085 -62.265
1641.103 -78.629
1642.120 -95.065
1643.138 -111.514
1644.155 -110.623
1645.172 -106.041
1646.189 -93.527
1647.206 -79.425
1648.224 -65.583
1649.242 -52.172
1650.259 -38.683
1651.277 -25.114
1652.294 -11.595
1653.311 -6.598
1654.329 -1.693
1655.346 3.352
1656.363 7.605
1657.381 -13.511
1658.398 -34.473
1659.415 -55.384
1660.432 -75.831
1661.449 -91.939
1662.466 -108.060
1663.483 -124.194
1664.501 -140.363
1665.518 -154.011
1666.535 -151.676
1667.552 -136.614
1668.570 -121.569
1669.587 -105.975
1670.605 -90.937
1671.622 -76.196
1672.639 -61.537
1673.657 -46.722
1674.674 -31.194
1675.691 -14.182
1676.708 3.262
1677.725 20.213
1678.742 30.447
1679.760 31.685
1680.777 25.906
1681.794 12.021
1682.811 -1.986
1683.828 -16.074
1684.846 -15.428
1685.863 -1.444
1686.880 12.538
1687.898 26.742
1688.915 24.071
1689.932 9.134
1690.949 -5.305
1691.966 -19.502
1692.984 -33.615
1694.001 -47.560
1695.019 -55.898
1696.036 -61.544
1697.053 -67.330
1698.070 -73.314
1699.088 -71.190
1700.105 -66.252
1701.123 -61.298
1702.140 -46.290
1703.158 -29.171
1704.176 -17.033
1705.195 -5.900
1706.212 8.201
1707.229 22.821
1708.246 37.451
1709.263 52.069
1710.281 55.085
1711.298 57.391
1712.315 42.871
1713.332 28.147
1714.349 13.338
1715.366 -1.668
1716.383 -18.713
1717.401 -35.598
1718.418 -52.657
1719.435 -69.590
1720.452 -86.491
1721.470 -102.690
1722.489 -113.196
1723.506 -123.864
1724.523 -129.690
1725.540 -117.366
1726.557 -105.196
1727.574 -92.699
1728.587 -80.410
1729.604 -67.517
1730.621 -53.371
1731.638 -40.150
1732.656 -31.693
1733.673 -29.875
1734.690 -30.130
1735.707 -30.373
1736.725 -30.844
1737.742 -30.146
1738.759 -27.236
1739.777 -25.441
1740.794 -24.505
1741.812 -23.756
1742.829 -23.070
1743.846 -22.128
1744.863 -23.358
1745.882 -26.407
1746.900 -29.423
1747.917 -33.352
1748.934 -37.925
1749.951 -42.299
1750.968 -46.669
1751.986 -50.714
1753.003 -54.346
1754.020 -57.883
1755.038 -61.536
1756.055 -65.354
1757.072 -69.197
1758.090 -66.556
1759.107 -58.357
1760.125 -49.203
1761.143 -40.083
1762.160 -31.077
1763.177 -26.815
1764.192 -23.239
1765.208 -19.531
1766.223 -15.997
1767.240 -16.472
1768.257 -17.225
1769.274 -17.913
1770.292 -24.301
1771.309 -30.749
1772.325 -37.223
1773.342 -43.878
1774.359 -50.567
1775.376 -55.418
1776.393 -60.095
1777.410 -64.916
1778.427 -69.533
1779.444 -74.256
1780.460 -78.079
1781.478 -75.715
1782.495 -72.198
1783.513 -62.339
1784.530 -52.493
1785.547 -42.722
1786.564 -32.924
1787.581 -27.964
1788.599 -37.571
1789.616 -46.922
1790.634 -56.531
1791.652 -66.143
1792.669 -75.934
1793.685 -82.147
1794.702 -77.727
1795.719 -64.403
1796.736 -51.383
1797.753 -38.120
1798.770 -24.971
1799.788 -11.710
1800.806 -2.290
1801.823 3.770
1802.839 9.517
1803.857 15.008
1804.874 20.850
1805.892 26.547
1806.910 24.072
1807.927 15.408
1808.945 6.761
1809.963 -1.903
1810.981 -13.372
1811.998 -26.658
1813.015 -40.077
1814.033 -53.286
1815.051 -68.814
1816.068 -85.313
1817.085 -101.888
1818.102 -118.601
1819.119 -135.455
1820.136 -135.105
1821.154 -130.551
1822.171 -117.999
1823.188 -103.378
1824.206 -88.655
1825.223 -73.909
1826.241 -59.188
1827.257 -45.157
1828.275 -31.197
1829.292 -17.314
1830.309 -3.440
1831.326 10.515
1832.344 9.989
1833.361 9.309
1834.378 8.805
1835.396 8.311
1836.413 7.240
1837.430 -4.908
1838.448 -16.839
1839.465 -28.822
1840.482 -40.861
1841.500 -52.938
1842.517 -63.444
1843.534 -68.180
1844.551 -72.666
1845.569 -77.284
1846.586 -81.962
1847.603 -86.644
1848.621 -91.086
1849.637 -90.782
1850.655 -80.540
1851.672 -70.497
1852.690 -60.447
1853.707 -59.539
1854.724 -73.295
1855.742 -87.063
1856.759 -100.808
1857.776 -114.306
1858.794 -118.195
1859.811 -111.364
1860.829 -104.489
1861.846 -97.310
1862.864 -86.420
1863.881 -72.441
1864.899 -58.100
1865.916 -44.083
1866.933 -30.088
1867.950 -35.208
1868.968 -52.566
1869.985 -70.036
1871.003 -87.239
1872.020 -104.535
1873.037 -121.984
1874.055 -136.917
1875.071 -150.937
1876.089 -164.898
1877.105 -156.750
1878.123 -142.315
1879.140 -127.895
1880.158 -112.341
1881.176 -96.768
1882.193 -81.155
1883.211 -66.859
1884.228 -52.666
1885.246 -38.388
1886.263 -24.291
1887.281 -14.946
1888.299 -5.979
1889.316 2.892
1890.333 11.859
1891.351 20.867
1892.367 29.861
1893.384 37.904
1894.402 29.051
1895.419 20.206
1896.435 11.405
1897.453 2.836
1898.470 -5.789
1899.487 -15.609
1900.504 -31.743
1901.521 -47.992
1902.539 -64.241
1903.556 -80.449
1904.574 -92.538
1905.591 -93.122
1906.608 -93.929
1907.625 -94.629
1908.642 -95.595
1909.659 -96.331
1910.676 -91.729
1911.694 -77.913
1912.712 -63.901
1913.729 -50.089
1914.746 -36.173
1915.763 -22.226
1916.780 -8.345
1917.798 5.493
1918.816 15.534
1919.833 20.882
1920.850 26.037
1921.868 31.302
1922.885 36.563
1923.903 41.914
1924.920 47.354
1925.937 41.729
1926.954 28.147
1927.971 14.667
1928.989 1.039
1930.006 -12.499
1931.024 -26.108
1932.041 -39.691
1933.058 -53.192
1934.076 -66.493
1935.093 -79.858
1936.111 -93.038
1937.128 -106.325
1938.145 -119.842
1939.163 -133.417
1940.180 -127.334
1941.198 -117.761
1942.216 -108.322
1943.233 -98.963
1944.248 -89.528
1945.263 -80.048
1946.279 -70.540
1947.295 -56.595
1948.313 -42.432
1949.330 -28.232
1950.347 -14.146
1951.364 -0.228
1952.381 13.657
1953.398 27.743
1954.415 41.772
1955.432 53.707
1956.450 50.294
1957.467 46.479
1958.483 42.939
1959.497 39.225
1960.514 35.321
1961.531 31.714
1962.548 27.738
1963.564 20.919
1964.582 4.557
1965.599 -10.993
1966.616 -24.744
1967.633 -38.412
1968.650 -52.027
1969.667 -65.659
1970.684 -75.667
1971.701 -78.556
1972.719 -81.214
1973.736 -84.231
1974.753 -81.171
1975.771 -68.917
1976.789 -56.968
1977.805 -44.295
1978.822 -31.244
1979.839 -18.045
1980.857 -4.785
1981.874 0.791
1982.892 -0.215
1983.909 -7.001
1984.926 -17.979
1985.943 -28.843
1986.960 -37.017
1987.978 -43.529
1988.995 -49.799
1990.013 -56.244
1991.030 -62.538
1992.048 -69.012
1993.065 -69.466
1994.082 -67.435
1995.099 -65.444
1996.116 -63.227
1997.133 -60.957
1998.151 -55.427
1999.168 -49.144
2000.185 -42.690
2001.201 -36.905
2002.219 -31.240
2003.236 -25.639
2004.254 -27.732
2005.271 -30.490
2006.288 -33.008
2007.306 -37.172
2008.323 -41.665
2009.340 -46.011
2010.358 -47.969
2011.375 -49.764
2012.392 -51.640
2013.410 -52.747
2014.427 -53.720
2015.444 -54.843
2016.460 -54.950
2017.478 -49.616
2018.495 -44.635
2019.513 -39.724
2020.530 -34.310
2021.547 -27.299
2022.564 -20.612
2023.582 -13.646
2024.599 -8.295
2025.616 -6.255
2026.633 -4.315
2027.651 -2.687
2028.668 -4.146
2029.686 -12.024
2030.703 -19.987
2031.720 -27.844
2032.738 -35.802
2033.755 -41.895
2034.772 -45.032
2035.789 -48.015
2036.806 -51.259
2037.823 -54.121
2038.841 -57.112
2039.858 -58.806
2040.875 -58.792
2041.892 -58.797
2042.910 -58.489
2043.926 -55.113
2044.943 -49.029
2045.960 -42.832
2046.977 -36.843
2047.995 -30.828
2049.012 -24.801
2050.030 -18.402
2051.047 -11.803
2052.064 -4.905
2053.082 -5.373
2054.099 -8.256
2055.116 -11.132
2056.133 -13.947
2057.151 -19.949
2058.168 -26.703
2059.186 -33.428
2060.203 -40.192
2061.220 -47.024
2062.238 -53.781
2063.255 -60.507
2064.273 -61.670
2065.290 -62.549
2066.307 -63.558
2067.324 -64.512
2068.341 -65.509
2069.359 -66.020
2070.376 -58.588
2071.393 -51.015
2072.411 -43.299
2073.428 -35.709
2074.445 -28.423
2075.463 -23.969
2076.480 -38.699
2077.497 -53.159
2078.514 -67.986
2079.532 -82.292
2080.550 -95.651
2081.567 -109.037
2082.585 -116.844
2083.602 -107.405
2084.619 -98.213
2085.636 -88.833
2086.654 -79.243
2087.671 -68.499
2088.688 -54.716
2089.705 -41.488
2090.723 -30.870
2091.740 -24.682
2092.757 -22.337
2093.774 -19.927
2094.791 -21.061
2095.809 -26.454
2096.826 -32.483
2097.843 -39.327
2098.860 -46.293
2099.877 -53.221
2100.893 -60.150
2101.911 -72.286
2102.928 -89.043
2103.946 -105.868
2104.963 -121.583
2105.980 -118.693
2106.998 -106.175
2108.015 -93.618
2109.032 -80.056
2110.050 -66.129
2111.068 -52.332
2112.085 -38.941
2113.102 -25.698
2114.120 -12.309
2115.137 -6.572
2116.154 -3.011
2117.171 0.674
2118.189 -5.039
2119.207 -12.545
2120.224 -0.766
2121.241 13.447
2122.259 27.356
2123.277 41.227
2124.293 55.444
2125.309 42.616
2126.324 29.217
2127.340 15.751
2128.357 1.378
2129.373 -13.043
2130.390 -25.735
2131.407 -14.366
2132.423 -2.958
2133.440 6.601
2134.458 1.261
2135.475 -4.493
2136.492 -13.199
2137.509 -21.774
2138.526 -30.181
2139.543 -38.771
2140.561 -46.827
2141.577 -53.511
2142.594 -60.063
2143.611 -66.390
2144.629 -71.316
2145.646 -72.507
2146.664 -73.708
2147.680 -74.803
2148.697 -75.943
2149.715 -73.601
2150.732 -65.804
2151.749 -57.971
2152.766 -50.006
2153.784 -42.018
2154.801 -34.105
2155.818 -26.167
2156.835 -29.963
2157.852 -46.770
2158.869 -63.831
2159.886 -79.437
2160.904 -93.774
2161.920 -108.046
2162.937 -122.034
2163.954 -121.884
2164.971 -113.277
2165.988 -101.291
2167.006 -87.680
2168.023 -73.957
2169.041 -60.168
2170.058 -46.302
2171.076 -32.474
2172.093 -18.864
2173.111 -11.273
2174.127 -5.019
2175.145 1.227
2176.162 -2.523
2177.179 -13.180
2178.196 -24.818
2179.214 -36.528
2180.231 -46.227
2181.249 -55.830
2182.266 -65.421
2183.283 -65.859
2184.300 -65.815
2185.318 -58.710
2186.335 -51.509
2187.353 -44.444
2188.370 -40.934
2189.387 -37.498
2190.404 -34.849
2191.421 -32.222
2192.439 -29.525
2193.456 -27.089
2194.473 -26.922
2195.490 -27.607
2196.508 -31.604
2197.525 -35.146
2198.543 -36.558
2199.560 -37.931
2200.577 -39.418
2201.595 -41.085
2202.612 -42.847
2203.629 -44.308
2204.647 -45.650
2205.665 -47.246
2206.682 -49.063
2207.700 -50.953
2208.717 -52.843
2209.734 -54.934
2210.752 -53.558
2211.769 -47.989
2212.786 -42.580
2213.804 -37.332
2214.820 -32.201
2215.838 -27.564
2216.855 -22.990
2217.873 -18.369
2218.890 -13.649
2219.908 -11.611
2220.924 -11.639
2221.942 -11.807
2222.959 -12.016
2223.976 -15.985
2224.993 -21.811
2226.010 -27.358
2227.027 -33.082
2228.044 -38.830
2229.062 -41.984
2230.079 -44.057
2231.097 -46.166
2232.114 -48.319
2233.131 -58.187
2234.148 -70.352
2235.166 -82.437
2236.183 -83.127
2237.201 -81.700
2238.218 -80.298
2239.236 -78.928
2240.253 -69.602
2241.271 -59.421
2242.288 -49.224
2243.305 -39.155
2244.323 -28.805
2245.340 -12.745
2246.357 3.058
2247.375 18.520
2248.392 32.867
2249.410 47.318
2250.427 58.386
2251.444 41.217
2252.462 24.035
2253.479 6.688
2254.497 -10.792
2255.515 -29.771
2256.532 -46.610
2257.549 -55.493
2258.566 -64.376
2259.583 -74.250
2260.600 -87.386
2261.618 -100.729
2262.635 -114.609
2263.653 -130.046
2264.670 -145.155
2265.687 -150.372
2266.704 -135.463
2267.721 -120.245
2268.743 -105.092
2269.760 -89.613
2270.778 -74.638
2271.795 -60.467
2272.812 -47.394
2273.830 -33.993
2274.847 -20.495
2275.864 -12.501
2276.881 -9.416
2277.898 -9.540
2278.915 -11.923
2279.932 -19.524
2280.950 -30.518
2281.967 -37.750
2282.984 -43.049
2284.001 -43.849
2285.019 -42.216
2286.036 -40.528
2287.054 -38.991
2288.072 -37.462
2289.089 -34.497
2290.106 -31.219
2291.124 -27.780
2292.141 -25.948
2293.158 -24.551
2294.175 -23.332
2295.192 -25.558
2296.209 -28.198
2297.226 -30.840
2298.244 -33.638
2299.262 -36.575
2300.279 -38.250
2301.297 -37.818
2302.315 -37.509
2303.332 -37.327
2304.348 -36.308
2305.364 -35.120
2306.379 -34.197
2307.395 -33.096
2308.412 -32.225
2309.428 -32.432
2310.445 -32.299
2311.463 -32.147
2312.480 -32.164
2313.497 -32.691
2314.514 -34.857
2315.532 -36.987
2316.549 -39.010
2317.566 -40.209
2318.583 -38.749
2319.600 -37.522
2320.616 -36.063
2321.634 -34.582
2322.651 -33.599
2323.668 -33.219
2324.685 -32.639
2325.703 -32.216
2326.720 -31.886
2327.736 -31.367
2328.754 -30.771
2329.771 -30.507
2330.789 -31.680
2331.806 -35.383
2332.824 -38.688
2333.841 -41.957
2334.858 -43.435
2335.875 -42.935
2336.893 -42.698
2337.910 -42.376
2338.928 -41.930
2339.945 -41.669
2340.962 -41.246
2341.979 -40.518
2342.997 -38.519
2344.014 -35.689
2345.031 -32.857
2346.049 -29.948
2347.066 -26.891
2348.084 -24.059
2349.101 -21.118
2350.119 -12.301
2351.137 -1.856
2352.154 8.568
2353.170 18.930
2354.188 29.167
2355.205 39.596
2356.222 50.006
2357.239 44.025
2358.257 36.178
2359.274 28.331
2360.291 20.535
2361.308 6.890
2362.326 -6.926
2363.343 -20.603
2364.360 -34.401
2365.377 -48.243
2366.394 -61.964
2367.412 -75.254
2368.428 -82.710
2369.446 -91.099
2370.463 -105.933
2371.479 -120.706
2372.493 -135.215
2373.510 -149.721
2374.528 -163.991
2375.545 -178.393
2376.563 -186.204
2377.580 -173.217
2378.597 -160.210
2379.614 -147.424
2380.631 -134.382
2381.648 -121.258
2382.665 -108.324
2383.682 -94.717
2384.699 -80.094
2385.717 -65.478
2386.734 -51.062
2387.751 -37.272
2388.768 -23.739
2389.786 -9.866
2390.803 3.647
2391.820 16.983
2392.838 30.705
2393.855 44.146
2394.872 49.373
2395.889 47.794
2396.907 46.183
2397.924 44.636
2398.941 43.065
2399.958 41.216
2400.976 39.673
2401.994 38.163
2403.012 28.426
2404.030 14.792
2405.048 1.092
2406.065 -12.754
2407.083 -26.570
2408.101 -40.463
2409.118 -51.837
2410.136 -62.560
2411.153 -73.435
2412.170 -84.234
2413.187 -83.994
2414.204 -81.873
2415.222 -79.852
2416.239 -77.633
2417.256 -65.232
2418.273 -51.977
2419.290 -38.812
2420.308 -26.862
2421.325 -14.783
2422.343 -2.678
2423.360 -2.849
2424.378 -2.635
2425.395 -2.559
2426.412 -2.723
2427.430 -2.585
2428.447 -3.223
2429.464 -12.329
2430.482 -21.480
2431.499 -30.716
2432.516 -39.581
2433.533 -46.556
2434.551 -53.196
2435.568 -60.112
2436.585 -65.251
2437.603 -63.428
2438.620 -61.673
2439.637 -59.737
2440.655 -57.817
2441.672 -56.073
2442.690 -59.742
2443.708 -73.015
2444.725 -86.451
2445.742 -99.552
2446.759 -112.762
2447.777 -126.055
2448.794 -128.838
2449.812 -119.918
2450.829 -110.794
2451.847 -101.579
2452.864 -92.265
2453.882 -83.313
2454.899 -71.705
2455.917 -58.159
2456.934 -44.579
2457.952 -30.986
2458.969 -17.379
2459.986 -3.970
2461.003 3.908
2462.021 8.651
2463.038 13.402
2464.055 18.251
2465.073 23.059
2466.089 27.937
2467.107 32.778
2468.124 37.543
2469.142 28.791
2470.160 16.864
2471.177 5.068
2472.194 -12.070
2473.211 -25.768
2474.228 -38.839
2475.246 -27.639
2476.263 -14.039
2477.280 -13.667
2478.297 -14.162
2479.314 -14.454
2480.331 -14.990
2481.349 -30.924
2482.366 -46.651
2483.384 -62.437
2484.400 -78.384
2485.415 -94.318
2486.431 -106.320
2487.447 -91.443
2488.464 -76.624
2489.481 -61.769
2490.499 -46.987
2491.516 -32.244
2492.533 -18.655
2493.551 -13.019
2494.568 -17.588
2495.585 -21.976
2496.601 -26.622
2497.618 -31.818
2498.636 -36.830
2499.652 -42.070
2500.669 -47.251
2501.686 -51.253
2502.704 -53.271
2503.721 -55.192
2504.739 -56.962
2505.756 -58.765
2506.774 -58.345
2507.791 -55.399
2508.809 -52.479
2509.826 -49.653
2510.843 -46.686
2511.860 -43.670
2512.877 -40.481
2513.895 -37.590
2514.912 -34.866
2515.930 -32.266
2516.947 -29.450
2517.963 -28.396
2518.981 -28.794
2519.999 -29.203
2521.016 -29.483
2522.034 -29.957
2523.051 -30.423
2524.069 -32.130
2525.086 -34.405
2526.102 -36.785
2527.120 -39.043
2528.137 -41.384
2529.154 -43.562
2530.172 -54.057
2531.189 -66.319
2532.206 -78.647
2533.223 -90.881
2534.241 -103.036
2535.258 -115.215
2536.275 -127.463
2537.293 -139.774
2538.310 -156.184
2539.328 -172.646
2540.345 -181.851
2541.363 -191.099
2542.380 -200.185
2543.398 -207.341
2544.415 -191.905
2545.432 -176.520
2546.449 -161.149
2547.466 -145.496
2548.484 -129.019
2549.501 -112.917
2550.518 -97.665
2551.536 -82.324
2552.553 -67.020
2553.571 -52.273
2554.588 -38.896
2555.605 -25.002
2556.622 -11.179
2557.639 -0.496
2558.656 3.376
2559.673 7.407
2560.690 6.793
2561.707 -1.142
2562.725 -8.889
2563.742 -16.694
2564.759 -25.279
2565.776 -34.669
2566.794 -43.494
2567.811 -52.403
2568.828 -59.200
2569.845 -62.912
2570.863 -61.281
2571.880 -54.627
2572.898 -47.658
2573.915 -40.894
2574.931 -34.460
2575.948 -28.491
2576.965 -22.215
2577.983 -20.446
2579.000 -21.225
2580.017 -21.981
2581.035 -22.845
2582.053 -26.000
2583.070 -30.138
2584.087 -34.322
2585.104 -37.869
2586.122 -41.148
2587.140 -44.460
2588.157 -47.808
2589.174 -51.051
2590.191 -49.471
2591.209 -47.256
2592.226 -44.965
2593.244 -42.598
2594.260 -38.975
2595.278 -35.150
2596.295 -31.418
2597.313 -27.553
2598.330 -23.787
2599.347 -20.051
2600.365 -21.039
2601.382 -22.212
2602.400 -23.476
2603.417 -26.411
2604.435 -29.386
2605.452 -32.979
2606.469 -36.676
2607.486 -40.123
2608.504 -41.638
2609.521 -43.396
2610.538 -44.264
2611.555 -41.783
2612.574 -39.709
2613.591 -37.355
2614.608 -34.343
2615.625 -31.228
2616.643 -28.528
2617.661 -26.194
2618.678 -26.998
2619.696 -31.350
2620.713 -35.576
2621.730 -39.869
2622.747 -44.755
2623.764 -49.670
2624.781 -54.478
2625.799 -56.113
2626.816 -54.575
2627.834 -51.515
2628.851 -47.244
2629.868 -42.312
2630.886 -36.903
2631.903 -32.687
2632.920 -29.350
2633.937 -26.078
2634.954 -34.077
2635.971 -49.000
2636.989 -55.253
2638.006 -57.127
2639.023 -58.894
2640.041 -60.707
2641.058 -58.060
2642.076 -53.753
2643.093 -49.352
2644.110 -44.837
2645.128 -40.449
2646.146 -35.936
2647.163 -31.278
2648.181 -27.467
2649.198 -23.845
2650.216 -20.180
2651.234 -16.500
2652.251 -6.631
2653.269 3.971
2654.286 14.499
2655.303 24.904
2656.320 35.010
2657.337 26.701
2658.355 18.473
2659.373 10.131
2660.390 1.783
2661.407 -6.699
2662.422 -18.621
2663.437 -30.368
2664.453 -42.367
2665.469 -53.318
2666.486 -56.810
2667.503 -60.557
2668.520 -64.164
2669.537 -65.824
2670.554 -59.344
2671.571 -53.117
2672.588 -46.846
2673.605 -40.556
2674.622 -33.928
2675.639 -27.596
2676.656 -23.878
2677.674 -23.823
2678.691 -23.773
2679.708 -23.754
2680.725 -25.485
2681.742 -30.290
2682.759 -34.269
2683.776 -37.326
2684.793 -40.550
2685.809 -42.566
2686.823 -43.146
2687.841 -42.389
2688.858 -40.209
2689.875 -38.105
2690.892 -34.938
2691.910 -30.649
2692.926 -29.857
2693.944 -31.061
2694.961 -32.309
2695.978 -33.653
2696.996 -35.890
2698.013 -38.610
2699.031 -41.132
2700.048 -43.838
2701.065 -42.402
2702.083 -39.596
2703.099 -36.789
2704.117 -33.965
2705.134 -31.218
2706.153 -28.469
2707.170 -27.333
2708.187 -26.478
2709.204 -25.653
2710.221 -24.897
2711.239 -24.184
2712.256 -25.366
2713.273 -26.670
2714.290 -27.853
2715.308 -29.003
2716.324 -30.496
2717.342 -32.214
2718.359 -33.738
2719.377 -35.352
2720.395 -37.017
2721.411 -38.635
2722.429 -40.164
2723.446 -41.284
2724.463 -42.411
2725.480 -43.427
2726.497 -44.464
2727.515 -45.319
2728.532 -44.362
2729.549 -43.289
2730.567 -42.352
2731.584 -41.845
2732.601 -42.895
2733.619 -43.877
2734.636 -44.633
2735.653 -45.768
2736.671 -46.348
2737.688 -45.923
2738.705 -45.857
2739.723 -45.797
2740.740 -45.664
2741.757 -42.638
2742.774 -36.829
2743.792 -31.111
2744.809 -25.128
2745.826 -19.536
2746.843 -13.649
2747.861 -7.789
2748.878 -5.267
2749.896 -5.937
2750.913 -6.676
2751.930 -7.237
2752.947 -7.821
2753.965 -8.407
2754.982 -9.031
2755.999 -12.809
2757.016 -18.062
2758.034 -23.316
2759.051 -28.471
2760.068 -33.789
2761.085 -39.219
2762.102 -53.331
2763.119 -69.967
2764.137 -86.587
2765.153 -86.229
2766.171 -81.806
2767.188 -77.553
2768.206 -73.509
2769.223 -62.043
2770.240 -49.629
2771.258 -37.303
2772.275 -24.778
2773.292 -32.678
2774.309 -41.457
2775.328 -50.061
2776.345 -49.253
2777.362 -48.369
2778.380 -47.407
2779.397 -46.682
2780.414 -45.861
2781.431 -44.737
2782.449 -43.567
2783.466 -42.503
2784.483 -41.375
2785.500 -40.136
2786.517 -39.285
2787.535 -38.333
2788.552 -37.601
2789.569 -38.064
2790.587 -38.440
2791.604 -39.147
2792.622 -39.496
2793.639 -39.888
2794.656 -40.038
2795.673 -39.304
2796.690 -38.192
2797.708 -37.330
2798.726 -36.501
2799.743 -34.297
2800.760 -30.546
2801.777 -26.328
2802.790 -23.738
2803.808 -22.980
2804.825 -22.262
2805.843 -23.510
2806.860 -26.241
2807.877 -29.174
2808.894 -32.389
2809.911 -35.394
2810.928 -38.031
2811.945 -40.360
2812.962 -42.561
2813.979 -44.664
2814.996 -46.911
2816.014 -48.884
2817.031 -50.745
2818.048 -45.987
2819.066 -38.743
2820.083 -31.567
2821.101 -24.350
2822.118 -22.634
2823.135 -22.451
2824.153 -22.400
2825.170 -22.324
2826.187 -22.115
2827.205 -34.762
2828.223 -49.077
2829.240 -62.933
2830.257 -76.859
2831.275 -90.822
2832.292 -101.548
2833.310 -112.036
2834.327 -122.382
2835.344 -129.471
2836.362 -136.436
2837.379 -141.992
2838.397 -128.770
2839.414 -115.548
2840.432 -102.214
2841.450 -88.760
2842.466 -75.513
2843.481 -62.417
2844.496 -49.669
2845.512 -36.738
2846.528 -24.136
2847.545 -11.513
2848.562 1.418
2849.579 11.983
2850.596 13.761
2851.614 15.388
2852.631 17.289
2853.648 19.207
2854.665 21.078
2855.683 23.061
2856.699 24.952
2857.717 20.110
2858.734 6.073
2859.751 -8.342
2860.767 -22.708
2861.785 -36.848
2862.802 -51.132
2863.820 -65.339
2864.837 -79.418
2865.854 -93.425
2866.871 -107.608
2867.889 -121.879
2868.907 -135.938
2869.924 -149.617
2870.941 -163.577
2871.959 -177.590
2872.976 -174.105
2873.994 -161.469
2875.011 -148.796
2876.028 -136.405
2877.045 -121.940
2878.062 -106.597
2879.079 -91.534
2880.096 -76.487
2881.114 -61.177
2882.131 -46.017
2883.148 -30.996
2884.166 -18.045
2885.183 -5.579
2886.200 6.834
2887.217 19.413
2888.235 31.822
2889.252 44.329
2890.269 37.817
2891.286 29.637
2892.303 21.362
2893.321 13.150
2894.338 4.912
2895.355 -3.505
2896.372 -16.398
2897.389 -28.965
2898.407 -38.167
2899.424 -47.532
2900.441 -56.996
2901.458 -66.179
2902.476 -75.465
2903.493 -84.604
2904.511 -94.230
2905.528 -105.992
2906.546 -117.445
2907.563 -128.892
2908.581 -140.472
2909.598 -151.994
2910.616 -163.858
2911.633 -171.431
2912.650 -169.860
2913.667 -168.687
2914.684 -167.239
2915.702 -165.929
2916.718 -159.379
2917.736 -145.274
2918.754 -130.749
2919.771 -116.718
2920.789 -102.474
2921.806 -88.206
2922.824 -74.341
2923.841 -60.441
2924.858 -46.793
2925.875 -33.276
2926.892 -19.602
2927.909 -5.880
2928.926 8.063
2929.944 15.810
2930.961 20.068
2931.978 24.218
2932.995 28.165
2934.012 32.256
2935.030 36.404
2936.047 28.920
2937.065 16.411
2938.082 4.168
2939.099 -8.157
2940.118 -20.717
2941.135 -33.100
2942.152 -45.255
2943.170 -56.029
2944.188 -66.660
2945.205 -77.222
2946.222 -87.804
2947.239 -98.422
2948.257 -109.023
2949.274 -104.293
2950.291 -98.557
2951.308 -92.901
2952.326 -86.908
2953.343 -74.056
2954.360 -61.368
2955.377 -48.729
2956.395 -36.051
2957.412 -23.484
2958.429 -11.910
2959.447 -8.689
2960.464 -5.194
2961.481 -1.772
2962.498 1.667
2963.515 4.962
2964.531 5.680
2965.549 -2.941
2966.566 -12.000
2967.584 -23.466
2968.602 -34.644
2969.619 -44.168
2970.636 -49.589
2971.654 -54.767
2972.671 -57.582
2973.689 -56.367
2974.706 -55.098
2975.723 -53.846
2976.741 -51.092
2977.758 -46.131
2978.775 -41.206
2979.792 -37.201
2980.810 -34.334
2981.827 -31.648
2982.845 -28.637
2983.861 -25.953
2984.878 -23.135
2985.896 -22.423
2986.913 -23.398
2987.930 -24.477
2988.947 -21.517
2989.964 -15.653
2990.981 -9.728
2991.999 -3.950
2993.016 -11.777
2994.033 -25.767
2995.050 -36.946
2996.067 -46.817
2997.084 -58.753
2998.102 -71.430
2999.119 -84.158
3000.137 -81.205
3001.154 -74.642
3002.172 -68.017
3003.189 -57.189
3004.207 -45.875
3005.224 -37.925
3006.241 -30.285
3007.259 -22.531
3008.275 -34.774
3009.293 -48.050
3010.310 -61.383
3011.328 -75.962
3012.345 -90.519
3013.363 -104.395
3014.380 -96.013
3015.397 -83.227
3016.414 -69.906
3017.432 -56.959
3018.450 -44.467
3019.468 -35.100
3020.484 -27.364
3021.499 -29.463
3022.514 -33.541
3023.529 -47.225
3024.546 -61.176
3025.562 -73.812
3026.579 -81.965
3027.596 -90.062
3028.613 -94.200
3029.630 -85.061
3030.646 -73.096
3031.662 -61.126
3032.679 -49.287
3033.696 -38.502
3034.713 -30.049
3035.730 -27.141
3036.747 -24.206
3037.765 -21.388
3038.782 -18.380
3039.799 -24.753
3040.816 -41.089
3041.833 -53.103
3042.851 -61.606
3043.868 -70.218
3044.886 -73.413
3045.903 -72.439
3046.919 -65.125
3047.937 -55.225
3048.954 -46.062
3049.971 -37.953
3050.988 -30.094
3052.006 -26.489
3053.023 -25.211
3054.040 -24.019
3055.057 -24.830
3056.074 -26.194
3057.092 -29.725
3058.109 -33.890
3059.126 -38.276
3060.143 -38.304
3061.161 -37.007
3062.178 -35.550
3063.195 -46.764
3064.212 -60.215
3065.229 -61.653
3066.247 -55.529
3067.264 -48.750
3068.281 -41.837
3069.299 -38.821
3070.316 -53.182
3071.333 -67.679
3072.351 -82.346
3073.368 -97.006
3074.386 -110.195
3075.403 -102.331
3076.421 -94.318
3077.438 -85.768
3078.455 -72.998
3079.473 -60.067
3080.490 -47.679
3081.508 -36.376
3082.525 -30.765
3083.542 -26.864
3084.559 -27.984
3085.577 -29.209
3086.594 -30.763
3087.612 -31.956
3088.628 -33.518
3089.646 -35.887
3090.663 -40.348
3091.681 -45.197
3092.698 -49.825
3093.716 -52.908
3094.733 -53.634
3095.751 -54.753
3096.768 -55.536
3097.785 -54.310
3098.802 -49.798
3099.819 -45.323
3100.837 -39.868
3101.854 -33.124
3102.871 -29.202
3103.888 -27.817
3104.906 -30.286
3105.922 -35.218
3106.939 -39.181
3107.956 -39.067
3108.973 -36.593
3109.990 -34.283
3111.008 -32.050
3112.025 -29.882
3113.043 -27.852
3114.061 -25.635
3115.078 -23.327
3116.096 -21.217
3117.113 -22.424
3118.130 -24.497
3119.147 -28.034
3120.165 -28.999
3121.182 -29.435
3122.200 -29.837
3123.217 -31.347
3124.235 -33.103
3125.252 -37.976
3126.270 -43.099
3127.288 -38.769
3128.305 -35.129
3129.323 -31.471
3130.340 -27.932
3131.357 -27.713
3132.374 -27.470
3133.392 -26.196
3134.409 -11.705
3135.426 2.846
3136.443 16.812
3137.461 29.139
3138.478 41.498
3139.495 49.803
3140.513 37.743
3141.530 25.560
3142.547 13.004
3143.565 0.359
3144.582 -11.913
3145.599 -22.335
3146.617 -28.539
3147.634 -35.037
3148.652 -41.640
3149.668 -41.545
3150.686 -34.551
3151.703 -37.307
3152.720 -41.351
3153.737 -46.974
3154.754 -52.633
3155.771 -61.160
3156.789 -73.765
3157.806 -86.026
3158.823 -97.051
3159.840 -106.984
3160.858 -105.268
3161.875 -92.676
3162.892 -80.254
3163.909 -67.696
3164.926 -55.321
3165.944 -52.619
3166.961 -56.944
3167.979 -56.768
3168.996 -54.329
3170.013 -50.488
3171.030 -45.951
3172.048 -43.067
3173.065 -40.818
3174.083 -38.453
3175.100 -36.494
3176.117 -34.857
3177.135 -33.378
3178.153 -33.268
3179.170 -33.666
3180.188 -25.396
3181.205 -15.695
3182.222 -27.806
3183.240 -42.564
3184.257 -57.275
3185.275 -46.136
3186.292 -33.050
3187.310 -28.743
3188.327 -28.740
3189.345 -28.636
3190.362 -28.694
3191.379 -28.938
3192.397 -31.001
3193.414 -33.029
3194.431 -34.945
3195.449 -36.939
3196.467 -40.067
3197.485 -43.172
3198.503 -46.179
3199.520 -47.985
3200.535 -44.233
3201.550 -40.382
3202.566 -37.371
3203.581 -36.992
3204.598 -36.629
3205.615 -36.159
3206.632 -35.469
3207.648 -35.080
3208.665 -33.828
3209.682 -31.604
3210.700 -29.530
3211.717 -27.044
3212.734 -24.756
3213.751 -22.242
3214.769 -20.804
3215.786 -21.103
3216.803 -22.528
3217.821 -25.661
3218.837 -30.291
3219.854 -34.984
3220.871 -39.526
3221.887 -43.717
3222.904 -47.764
3223.920 -52.104
3224.937 -53.199
3225.955 -52.993
3226.972 -52.722
3227.989 -51.448
3229.006 -50.146
3230.023 -48.666
3231.041 -45.492
3232.058 -41.588
3233.075 -37.681
3234.093 -34.049
3235.109 -23.747
3236.127 -11.622
3237.144 0.314
3238.161 -1.078
3239.179 -5.537
3240.196 -9.924
3241.213 -14.407
3242.230 -21.108
3243.248 -28.024
3244.265 -35.028
3245.283 -42.023
3246.299 -48.764
3247.316 -50.005
3248.334 -51.446
3249.351 -52.804
3250.368 -54.083
3251.385 -55.465
3252.403 -56.186
3253.420 -49.653
3254.438 -43.509
3255.455 -41.458
3256.472 -39.456
3257.489 -37.365
3258.507 -35.214
3259.524 -33.075
3260.541 -30.988
3261.558 -28.256
3262.576 -25.585
3263.593 -23.092
3264.610 -24.758
3265.627 -37.475
3266.644 -50.107
3267.662 -62.869
3268.679 -75.579
3269.696 -88.375
3270.714 -101.357
3271.730 -114.409
3272.748 -127.673
3273.766 -140.837
3274.783 -142.626
3275.801 -130.585
3276.818 -118.526
3277.834 -106.649
3278.851 -94.583
3279.868 -87.058
3280.885 -83.532
3281.903 -80.083
3282.920 -76.309
3283.937 -72.522
3284.955 -63.726
3285.972 -51.936
3286.990 -40.121
3288.007 -28.181
3289.024 -21.381
3290.042 -16.829
3291.059 -12.237
3292.076 -7.575
3293.094 -3.109
3294.111 -6.381
3295.128 -11.658
3296.145 -17.032
3297.162 -22.204
3298.180 -29.908
3299.197 -37.992
3300.214 -46.034
3301.232 -47.513
3302.249 -48.162
3303.267 -48.664
3304.284 -49.277
3305.302 -49.885
3306.319 -50.541
3307.337 -48.032
3308.354 -45.537
3309.371 -43.281
3310.388 -40.899
3311.405 -38.161
3312.422 -35.574
3313.440 -33.210
3314.457 -33.005
3315.474 -46.224
3316.491 -59.661
3317.508 -73.093
3318.525 -86.599
3319.542 -100.031
3320.560 -113.066
3321.577 -121.031
3322.595 -112.541
3323.612 -104.114
3324.629 -95.964
3325.647 -87.628
3326.664 -79.066
3327.682 -69.175
3328.700 -56.966
3329.717 -44.744
3330.734 -32.351
3331.752 -20.089
3332.769 -7.652
3333.786 4.842
3334.803 17.428
3335.821 29.678
3336.838 42.142
3337.856 55.044
3338.873 68.681
3339.891 82.360
3340.908 96.188
3341.925 110.133
3342.943 123.867
3343.960 137.551
3344.978 151.179
3345.995 146.399
3347.012 132.498
3348.030 118.712
3349.047 102.988
3350.065 86.358
3351.082 69.926
3352.100 53.401
3353.118 38.401
3354.135 24.035
3355.152 9.470
3356.169 -4.820
3357.187 -19.109
3358.204 -31.600
3359.221 -43.934
3360.238 -55.940
3361.255 -68.063
3362.273 -80.143
3363.290 -82.319
3364.308 -84.084
3365.325 -85.687
3366.342 -76.708
3367.360 -67.878
3368.377 -58.998
3369.395 -50.189
3370.412 -42.873
3371.430 -35.601
3372.447 -28.266
3373.465 -20.810
3374.482 -13.962
3375.500 -10.479
3376.517 -6.692
3377.535 -2.975
3378.553 0.656
3379.570 2.216
3380.587 -4.786
3381.602 -11.409
3382.617 -18.312
3383.633 -24.985
3384.649 -31.584
3385.665 -38.385
3386.682 -45.692
3387.700 -50.719
3388.716 -51.852
3389.733 -53.216
3390.751 -52.792
3391.768 -50.622
3392.785 -48.190
3393.802 -46.043
3394.819 -43.506
3395.837 -40.314
3396.854 -36.873
3397.869 -33.269
3398.883 -29.793
3399.901 -27.853
3400.918 -27.242
3401.935 -26.684
3402.953 -26.605
3403.970 -26.499
3404.987 -26.640
3406.004 -28.899
3407.022 -32.639
3408.040 -35.207
3409.057 -36.854
3410.074 -38.532
3411.093 -39.447
3412.110 -40.129
3413.127 -40.950
3414.145 -41.693
3415.162 -42.439
3416.180 -41.342
3417.197 -39.958
3418.214 -38.591
3419.231 -37.237
3420.248 -36.179
3421.265 -35.013
3422.283 -46.984
3423.300 -59.738
3424.317 -72.648
3425.334 -85.403
3426.351 -84.012
3427.368 -82.714
3428.385 -81.923
3429.402 -94.097
3430.419 -106.317
3431.436 -118.561
3432.454 -128.152
3433.471 -115.981
3434.488 -104.025
3435.505 -95.860
3436.523 -109.763
3437.540 -118.803
3438.558 -106.836
3439.576 -94.464
3440.592 -81.493
3441.611 -68.868
3442.628 -56.120
3443.645 -43.692
3444.663 -31.777
3445.680 -23.246
3446.697 -20.714
3447.715 -18.355
3448.732 -19.091
3449.750 -24.140
3450.766 -29.093
3451.784 -34.087
3452.801 -38.696
3453.819 -42.727
3454.837 -46.628
3455.854 -41.220
3456.871 -27.093
3457.888 -12.702
3458.906 1.442
3459.923 15.525
3460.940 29.659
3461.957 43.476
3462.975 57.556
3463.992 71.717
3465.009 77.866
3466.026 80.172
3467.044 82.334
3468.061 84.653
3469.078 86.830
3470.095 88.840
3471.112 79.691
3472.129 67.336
3473.147 54.950
3474.164 42.643
3475.182 30.378
3476.199 18.010
3477.217 3.908
3478.234 -10.396
3479.251 -24.725
3480.268 -39.060
3481.285 -53.514
3482.303 -65.797
3483.320 -77.981
3484.338 -90.179
3485.355 -102.338
3486.372 -114.956
3487.390 -127.638
3488.408 -140.407
3489.425 -150.336
3490.442 -132.657
3491.460 -114.983
3492.477 -97.474
3493.495 -80.043
3494.512 -62.479
3495.530 -44.849
3496.548 -30.237
3497.565 -26.768
3498.582 -23.474
3499.600 -20.038
3500.617 -16.621
3501.635 -15.765
3502.652 -20.571
3503.670 -25.209
3504.687 -29.909
3505.705 -34.265
3506.722 -38.349
3507.739 -42.755
3508.757 -46.777
3509.774 -48.645
3510.791 -47.549
3511.808 -46.265
3512.825 -44.499
3513.842 -42.422
3514.859 -40.500
3515.876 -38.153
3516.894 -35.824
3517.911 -33.735
3518.929 -31.514
3519.946 -37.019
3520.963 -48.227
3521.981 -53.588
3522.998 -55.398
3524.015 -52.828
3525.032 -42.856
3526.050 -31.010
3527.067 -23.004
3528.084 -20.364
3529.101 -25.135
3530.119 -31.601
3531.136 -37.942
3532.153 -41.365
3533.171 -41.784
3534.189 -41.971
3535.206 -41.788
3536.224 -41.648
3537.241 -40.063
3538.259 -38.189
3539.276 -35.707
3540.294 -33.122
3541.311 -29.574
3542.328 -29.089
3543.345 -28.641
3544.363 -28.197
3545.380 -29.155
3546.397 -30.129
3547.414 -31.386
3548.430 -35.629
3549.448 -40.953
3550.465 -54.952
3551.483 -68.667
3552.500 -79.393
3553.517 -76.505
3554.534 -73.459
3555.551 -68.696
3556.569 -57.571
3557.587 -47.262
3558.605 -38.867
3559.621 -30.586
3560.636 -22.406
3561.651 -16.479
3562.667 -15.913
3563.684 -15.475
3564.701 -15.092
3565.717 -16.124
3566.734 -19.726
3567.751 -23.411
3568.768 -26.593
3569.785 -29.750
3570.802 -32.698
3571.819 -35.352
3572.835 -38.725
3573.852 -41.794
3574.869 -44.739
3575.886 -54.708
3576.904 -70.244
3577.921 -74.894
3578.938 -72.232
3579.955 -69.190
3580.972 -65.997
3581.989 -63.125
3583.006 -69.945
3584.023 -81.843
3585.041 -93.744
3586.058 -106.385
3587.075 -119.234
3588.093 -132.065
3589.109 -144.867
3590.127 -157.891
3591.144 -161.846
3592.161 -163.343
3593.179 -152.131
3594.195 -138.435
3595.212 -124.641
3596.229 -110.901
3597.244 -104.984
3598.261 -99.780
3599.278 -94.712
3600.296 -92.303
3601.313 -90.019
3602.330 -87.739
3603.347 -76.156
3604.365 -64.257
3605.382 -53.034
3606.399 -66.071
3607.417 -79.060
3608.434 -91.840
3609.451 -104.810
3610.468 -117.960
3611.485 -130.961
3612.502 -143.833
3613.519 -156.681
3614.537 -169.290
3615.554 -181.423
3616.570 -193.364
3617.588 -205.547
3618.605 -209.573
3619.623 -194.483
3620.640 -179.368
3621.657 -164.377
3622.675 -148.946
3623.692 -133.847
3624.709 -118.439
3625.726 -102.949
3626.743 -87.659
3627.761 -72.412
3628.777 -56.983
3629.794 -41.570
3630.812 -27.199
3631.829 -14.984
3632.846 -7.330
3633.863 -4.569
3634.880 -1.351
3635.897 -3.380
3636.914 -9.800
3637.932 -16.365
3638.949 -22.768
3639.966 -15.968
3640.983 -2.095
3642.000 11.700
3643.018 25.403
3644.035 24.460
3645.052 17.384
3646.070 10.335
3647.087 -3.769
3648.104 -20.108
3649.122 -36.363
3650.139 -48.886
3651.156 -60.586
3652.173 -63.873
3653.190 -65.575
3654.208 -67.123
3655.225 -63.314
3656.242 -59.121
3657.259 -54.793
3658.277 -42.969
3659.294 -30.675
3660.311 -18.668
3661.328 -6.712
3662.346 -4.307
3663.363 -1.832
3664.380 -0.218
3665.398 -11.516
3666.415 -22.726
3667.433 -33.706
3668.450 -44.183
3669.468 -50.034
3670.485 -54.471
3671.502 -50.897
3672.519 -47.171
3673.536 -42.848
3674.553 -36.477
3675.570 -29.905
3676.587 -29.262
3677.604 -44.975
3678.622 -60.522
3679.639 -76.279
3680.656 -86.487
3681.673 -85.924
3682.690 -85.159
3683.707 -80.458
3684.725 -68.501
3685.742 -56.966
3686.760 -45.320
3687.777 -33.942
3688.794 -23.069
3689.811 -12.378
3690.829 -1.660
3691.847 8.917
3692.864 12.807
3693.881 10.225
3694.898 3.335
3695.916 -6.895
3696.933 -17.317
3697.950 -27.639
3698.968 -38.015
3699.985 -46.210
3701.003 -53.017
3702.021 -59.759
3703.038 -66.624
3704.056 -73.666
3705.073 -80.628
3706.090 -78.972
3707.107 -73.893
3708.124 -68.767
3709.141 -63.805
3710.158 -58.758
3711.176 -51.884
3712.193 -44.700
3713.211 -37.619
3714.229 -30.461
3715.246 -41.119
3716.264 -53.901
3717.281 -66.531
3718.299 -79.014
3719.317 -91.510
3720.334 -87.791
3721.351 -83.625
3722.368 -71.796
3723.386 -59.956
3724.403 -47.949
3725.420 -35.919
3726.438 -24.217
3727.456 -12.869
3728.473 -4.905
3729.490 -17.069
3730.508 -29.448
3731.525 -40.785
3732.543 -48.095
3733.560 -55.468
3734.578 -60.823
3735.595 -60.861
3736.613 -60.703
3737.631 -58.976
3738.647 -53.346
3739.663 -48.106
3740.678 -42.980
3741.694 -39.063
3742.711 -37.293
3743.727 -35.938
3744.745 -34.457
3745.761 -33.104
3746.778 -32.966
3747.795 -34.936
3748.812 -36.499
3749.830 -38.400
3750.847 -40.012
3751.864 -41.780
3752.881 -35.178
3753.898 -22.304
3754.915 -8.898
3755.932 -5.847
3756.949 -12.806
3757.967 -22.190
3758.983 -31.174
3760.000 -40.248
3761.018 -49.319
3762.035 -54.675
3763.051 -58.571
3764.069 -62.361
3765.086 -66.041
3766.103 -77.543
3767.120 -91.403
3768.137 -105.106
3769.154 -118.943
3770.171 -132.932
3771.189 -126.024
3772.206 -115.547
3773.223 -104.919
3774.240 -94.284
3775.258 -82.007
3776.275 -69.591
3777.292 -57.103
3778.310 -44.547
3779.327 -32.998
3780.344 -21.940
3781.361 -24.434
3782.378 -26.748
3783.395 -29.759
3784.412 -32.883
3785.430 -36.060
3786.446 -39.367
3787.464 -42.358
3788.481 -43.640
3789.499 -45.054
3790.516 -46.554
3791.533 -47.237
3792.551 -44.911
3793.568 -41.760
3794.585 -36.434
3795.602 -31.044
3796.620 -25.997
3797.637 -20.468
3798.654 -17.280
3799.671 -18.149
3800.689 -18.752
3801.705 -20.580
3802.722 -24.539
3803.740 -28.441
3804.758 -32.437
3805.774 -36.114
3806.792 -40.151
3807.809 -44.704
3808.826 -49.520
3809.843 -50.049
3810.861 -46.853
3811.879 -44.080
3812.896 -38.779
3813.913 -31.405
3814.931 -26.105
3815.949 -22.268
3816.966 -18.300
3817.983 -18.739
3819.001 -21.673
3820.018 -25.449
3821.036 -29.261
3822.053 -33.217
3823.070 -35.545
3824.088 -37.402
3825.105 -39.253
3826.122 -38.887
3827.140 -39.420
3828.157 -40.271
3829.175 -41.151
3830.192 -40.845
3831.209 -40.217
3832.226 -40.520
3833.243 -40.790
3834.259 -40.333
3835.277 -39.875
3836.294 -39.382
3837.312 -39.048
3838.329 -38.616
3839.347 -34.830
3840.364 -31.086
3841.381 -30.841
3842.398 -32.704
3843.416 -34.616
3844.433 -36.607
3845.451 -39.835
3846.467 -53.692
3847.485 -67.653
3848.502 -79.073
3849.519 -77.243
3850.537 -73.551
3851.554 -62.011
3852.571 -50.620
3853.588 -39.119
3854.606 -29.353
3855.622 -24.237
3856.639 -21.472
3857.657 -23.076
3858.674 -24.998
3859.692 -26.986
3860.709 -29.354
3861.726 -33.372
3862.743 -37.398
3863.760 -41.447
3864.778 -43.482
3865.795 -43.295
3866.813 -43.205
3867.830 -41.648
3868.848 -38.699
3869.865 -34.685
3870.882 -29.492
3871.899 -24.582
3872.917 -21.087
3873.935 -18.422
3874.952 -15.908
3875.969 -16.506
3876.987 -18.648
3878.004 -23.916
3879.021 -31.027
3880.038 -38.150
3881.055 -40.732
3882.072 -41.810
3883.089 -42.767
3884.106 -41.717
3885.124 -39.891
3886.141 -36.533
3887.158 -33.107
3888.177 -29.655
3889.194 -26.150
3890.211 -26.208
3891.228 -27.016
3892.245 -27.863
3893.263 -28.598
3894.280 -29.187
3895.298 -29.859
3896.315 -43.327
3897.333 -56.745
3898.350 -58.960
3899.368 -61.085
3900.385 -62.771
3901.402 -57.469
3902.419 -52.145
3903.437 -46.708
3904.454 -41.015
3905.471 -35.455
3906.488 -29.081
3907.506 -22.770
3908.524 -18.494
3909.541 -22.927
3910.558 -28.750
3911.575 -34.617
3912.593 -39.499
3913.610 -41.323
3914.628 -42.670
3915.646 -42.541
3916.663 -42.349
3917.680 -47.009
3918.696 -61.142
3919.711 -75.375
3920.727 -82.042
3921.742 -76.649
3922.759 -78.607
3923.776 -91.209
3924.793 -93.941
3925.810 -84.545
3926.827 -74.576
3927.844 -63.301
3928.861 -52.191
3929.878 -40.656
3930.895 -45.240
3931.911 -62.505
3932.928 -79.563
3933.945 -91.008
3934.961 -98.914
3935.978 -93.856
3936.995 -81.413
3938.012 -67.296
3939.029 -52.018
3940.046 -36.807
3941.063 -21.427
3942.080 -5.930
3943.098 9.515
3944.115 24.970
3945.132 38.265
3946.149 51.005
3947.166 63.644
3948.183 55.999
3949.200 44.052
3950.217 31.989
3951.234 18.769
3952.252 5.565
3953.269 -7.612
3954.287 -18.456
3955.304 -29.351
3956.322 -40.079
3957.339 -45.904
3958.356 -51.739
3959.373 -50.847
3960.390 -49.757
3961.407 -48.716
3962.425 -49.184
3963.442 -63.459
3964.459 -76.000
3965.476 -76.720
3966.493 -75.860
3967.510 -67.820
3968.526 -59.794
3969.544 -51.672
3970.561 -43.707
3971.579 -33.916
3972.595 -25.714
3973.613 -23.226
3974.630 -22.694
3975.647 -27.209
3976.665 -31.364
3977.682 -34.085
3978.700 -36.022
3979.718 -37.666
3980.735 -39.323
3981.752 -40.593
3982.768 -42.024
3983.785 -43.126
3984.802 -44.583
3985.819 -45.105
3986.836 -43.780
3987.853 -42.142
3988.871 -40.243
3989.888 -37.804
3990.905 -35.293
3991.921 -32.836
3992.939 -30.262
3993.956 -27.565
3994.974 -25.130
3995.991 -25.565
3997.008 -27.999
3998.025 -30.346
3999.043 -32.898
4000.060 -35.385
4001.078 -37.851
4002.095 -40.386
4003.112 -40.840
4004.130 -40.906
4005.147 -38.144
4006.165 -34.868
4007.182 -31.602
4008.199 -31.092
4009.217 -31.194
4010.234 -31.933
4011.251 -32.717
4012.269 -33.652
4013.287 -34.682
4014.304 -35.690
4015.321 -36.753
4016.339 -37.928
4017.356 -39.221
4018.373 -40.946
4019.390 -42.593
4020.408 -44.379
4021.424 -45.956
4022.441 -47.471
4023.459 -49.294
4024.476 -51.203
4025.494 -53.175
4026.511 -51.976
4027.528 -37.498
4028.545 -23.229
4029.563 -8.557
4030.580 5.857
4031.597 20.430
4032.614 35.017
4033.631 49.437
4034.649 63.634
4035.665 68.464
4036.682 52.584
4037.700 36.837
4038.717 21.158
4039.734 5.377
4040.751 -10.304
4041.768 -24.539
4042.785 -36.964
4043.802 -38.223
4044.819 -25.329
4045.836 -12.023
4046.854 2.313
4047.871 16.966
4048.888 31.396
4049.905 45.770
4050.923 48.002
4051.940 40.446
4052.957 40.535
4053.975 45.186
4054.992 49.993
4056.009 54.798
4057.027 48.931
4058.044 37.235
4059.062 25.715
4060.079 25.249
4061.096 24.259
4062.113 21.893
4063.131 11.791
4064.149 -0.284
4065.166 -12.795
4066.184 -25.590
4067.201 -38.265
4068.218 -48.329
4069.235 -57.748
4070.253 -67.057
4071.270 -76.402
4072.287 -90.256
4073.305 -104.333
4074.322 -116.271
4075.339 -128.176
4076.356 -140.123
4077.374 -151.975
4078.391 -161.779
4079.409 -147.037
4080.426 -132.406
4081.443 -117.367
4082.460 -99.251
4083.477 -81.226
4084.495 -64.163
4085.512 -51.736
4086.529 -39.336
4087.546 -27.052
4088.563 -15.558
4089.581 -7.101
4090.598 1.367
4091.615 6.754
4092.633 4.004
4093.649 1.183
4094.667 -1.345
4095.684 -6.608
4096.702 -16.981
4097.720 -27.281
4098.738 -37.179
4099.753 -47.407
4100.769 -57.506
4101.784 -66.297
4102.801 -73.783
4103.817 -81.509
4104.834 -89.437
4105.851 -89.371
4106.867 -81.756
4107.884 -74.548
4108.901 -79.472
4109.918 -94.256
4110.935 -108.926
4111.953 -108.580
4112.970 -99.628
4113.987 -88.685
4115.004 -76.376
4116.021 -64.411
4117.038 -52.433
4118.056 -44.176
4119.073 -37.119
4120.090 -30.229
4121.108 -25.158
4122.125 -20.729
4123.143 -16.575
4124.160 -18.888
4125.177 -22.461
4126.194 -26.119
4127.211 -29.889
4128.228 -33.830
4129.244 -37.724
4130.261 -41.160
4131.278 -44.682
4132.295 -48.220
4133.313 -47.793
4134.330 -47.254
4135.347 -46.777
4136.365 -43.470
4137.382 -40.281
4138.399 -36.882
4139.416 -33.643
4140.433 -32.136
4141.450 -50.757
4142.467 -69.380
4143.485 -87.844
4144.502 -104.950
4145.520 -117.051
4146.537 -128.916
4147.554 -140.443
4148.571 -151.052
4149.589 -161.254
4150.606 -168.800
4151.623 -169.772
4152.641 -170.721
4153.658 -169.245
4154.675 -162.601
4155.692 -155.901
4156.710 -151.995
4157.727 -151.880
4158.744 -152.128
4159.761 -146.357
4160.778 -132.691
4161.795 -119.350
4162.813 -105.721
4163.830 -92.252
4164.848 -79.029
4165.865 -66.260
4166.882 -53.551
4167.899 -40.770
4168.916 -29.813
4169.933 -20.489
4170.951 -16.101
4171.968 -14.825
4172.985 -13.664
4174.003 -12.597
4175.020 -14.642
4176.038 -18.111
4177.055 -21.717
4178.072 -25.159
4179.089 -28.415
4180.107 -31.799
4181.124 -32.079
4182.142 -31.673
4183.159 -31.221
4184.176 -31.069
4185.194 -31.020
4186.211 -30.883
4187.228 -30.611
4188.245 -30.999
4189.263 -31.472
4190.280 -31.915
4191.297 -32.368
4192.315 -34.057
4193.332 -35.762
4194.350 -37.179
4195.367 -35.184
4196.385 -33.248
4197.402 -31.251
4198.419 -29.042
4199.436 -27.284
4200.454 -29.330
4201.471 -29.412
4202.488 -16.492
4203.505 -3.313
4204.523 10.072
4205.540 24.510
4206.557 38.737
4207.574 46.543
4208.591 34.634
4209.608 21.510
4210.626 8.474
4211.643 -4.187
4212.661 -17.008
4213.678 -29.721
4214.696 -42.158
4215.713 -54.070
4216.731 -66.051
4217.747 -78.715
4218.765 -91.695
4219.782 -104.822
4220.799 -117.746
4221.815 -130.372
4222.833 -143.253
4223.850 -156.243
4224.867 -169.199
4225.884 -181.965
4226.901 -194.838
4227.919 -203.874
4228.936 -210.147
4229.953 -216.624
4230.970 -223.117
4231.988 -215.780
4233.005 -201.098
4234.023 -186.365
4235.040 -171.864
4236.057 -158.726
4237.074 -146.026
4238.092 -133.169
4239.109 -120.205
4240.126 -107.325
4241.144 -94.198
4242.160 -80.874
4243.178 -67.509
4244.196 -55.072
4245.213 -42.917
4246.231 -30.861
4247.248 -24.524
4248.265 -18.859
4249.282 -13.191
4250.299 -7.475
4251.317 -10.076
4252.334 -12.670
4253.351 -15.215
4254.368 -18.106
4255.386 -23.532
4256.403 -28.917
4257.420 -34.338
4258.438 -39.678
4259.455 -44.701
4260.472 -47.640
4261.490 -50.612
4262.507 -53.779
4263.525 -56.790
4264.542 -58.743
4265.559 -56.595
4266.576 -54.669
4267.594 -52.084
4268.611 -48.743
4269.628 -45.110
4270.646 -41.366
4271.663 -37.909
4272.680 -34.549
4273.698 -31.016
4274.716 -28.281
4275.734 -26.392
4276.752 -25.981
4277.768 -27.483
4278.784 -29.064
4279.799 -31.132
4280.815 -32.913
4281.832 -35.125
4282.849 -35.855
4283.866 -35.542
4284.883 -35.342
4285.900 -36.170
4286.917 -37.824
4287.934 -39.476
4288.951 -40.340
4289.967 -40.535
4290.985 -41.069
4292.002 -41.711
4293.019 -42.127
4294.036 -42.436
4295.053 -32.274
4296.070 -17.738
4297.087 -3.268
4298.104 9.092
4299.121 20.908
4300.138 32.734
4301.155 44.416
4302.173 56.107
4303.190 49.448
4304.207 39.574
4305.225 29.546
4306.242 19.518
4307.260 9.176
4308.277 -1.297
4309.294 -11.844
4310.311 -23.008
4311.329 -34.305
4312.346 -45.550
4313.363 -50.742
4314.380 -55.603
4315.397 -49.131
4316.414 -42.665
4317.431 -35.932
4318.449 -30.096
4319.466 -32.919
4320.483 -46.981
4321.500 -57.630
4322.517 -45.562
4323.534 -33.447
4324.551 -23.799
4325.569 -21.845
4326.585 -21.768
4327.603 -28.035
4328.620 -34.746
4329.637 -40.998
4330.654 -46.643
4331.671 -51.337
4332.689 -55.820
4333.706 -59.938
4334.723 -62.018
4335.740 -61.319
4336.757 -59.474
4337.774 -56.016
4338.791 -52.416
4339.808 -49.295
4340.826 -47.252
4341.844 -44.645
4342.861 -52.083
4343.878 -68.079
4344.896 -75.286
4345.913 -76.236
4346.931 -76.871
4347.948 -85.673
4348.965 -99.503
4349.982 -113.254
4350.999 -110.774
4352.017 -100.646
4353.034 -88.681
4354.052 -76.056
4355.069 -63.610
4356.087 -51.086
4357.104 -39.039
4358.121 -27.394
4359.139 -15.701
4360.156 -3.876
4361.173 7.864
4362.191 8.012
4363.209 6.275
4364.226 4.438
4365.243 2.531
4366.261 0.797
4367.278 -1.000
4368.295 -2.860
4369.312 -11.264
4370.330 -19.771
4371.347 -28.260
4372.364 -36.660
4373.381 -45.069
4374.399 -53.493
4375.417 -61.643
4376.434 -65.649
4377.452 -69.753
4378.469 -73.994
4379.486 -78.088
4380.503 -82.288
4381.521 -86.998
4382.538 -92.052
4383.555 -96.835
4384.573 -101.646
4385.590 -102.514
4386.608 -90.413
4387.625 -78.660
4388.642 -66.514
4389.660 -54.524
4390.677 -41.759
4391.694 -26.671
4392.711 -11.267
4393.729 4.015
4394.747 19.162
4395.764 31.421
4396.781 39.003
4397.798 38.280
4398.815 26.390
4399.832 14.338
4400.850 2.321
4401.867 -9.562
4402.884 -21.809
4403.901 -33.762
4404.918 -45.958
4405.935 -58.106
4406.953 -70.320
4407.970 -76.260
4408.988 -78.565
4410.005 -80.769
4411.023 -83.025
4412.040 -75.683
4413.058 -64.122
4414.075 -52.377
4415.092 -40.926
4416.110 -29.169
4417.128 -17.303
4418.145 -5.637
4419.163 -5.139
4420.180 -6.985
4421.198 -8.542
4422.215 -10.248
4423.232 -16.675
4424.250 -23.562
4425.267 -30.575
4426.285 -37.542
4427.302 -39.271
4428.320 -40.775
4429.337 -40.183
4430.355 -39.558
4431.372 -33.577
4432.390 -27.499
4433.407 -22.148
4434.424 -23.010
4435.441 -23.967
4436.459 -25.304
4437.476 -26.717
4438.494 -30.530
4439.511 -44.669
4440.528 -59.024
4441.545 -73.272
4442.562 -87.402
4443.579 -95.750
4444.596 -86.969
4445.613 -78.309
4446.631 -69.472
4447.648 -60.627
4448.665 -51.847
4449.682 -43.093
4450.699 -33.012
4451.717 -21.497
4452.734 -9.811
4453.751 1.757
4454.770 8.230
4455.787 7.850
4456.803 7.129
4457.819 6.905
4458.834 6.418
4459.850 0.854
4460.866 -9.760
4461.883 -19.857
4462.899 -30.190
4463.917 -40.772
4464.934 -51.232
4465.951 -58.910
4466.968 -64.827
4467.985 -70.825
4469.003 -70.063
4470.020 -66.015
4471.038 -60.426
4472.054 -54.110
4473.071 -47.275
4474.088 -40.425
4475.105 -35.159
4476.121 -30.402
4477.139 -25.915
4478.156 -21.401
4479.173 -20.699
4480.191 -21.087
4481.208 -21.432
4482.225 -23.381
4483.242 -25.548
4484.259 -27.373
4485.277 -29.406
4486.294 -31.514
4487.311 -34.864
4488.328 -38.165
4489.346 -37.794
4490.363 -44.561
4491.380 -51.315
4492.398 -57.654
4493.415 -56.410
4494.433 -55.158
4495.449 -53.509
4496.466 -48.217
4497.483 -42.921
4498.501 -37.442
4499.518 -32.677
4500.535 -29.992
4501.552 -27.928
4502.570 -28.031
4503.587 -27.728
4504.604 -27.751
4505.621 -28.722
4506.638 -29.674
4507.655 -31.009
4508.672 -33.228
4509.690 -35.541
4510.706 -41.724
4511.724 -55.275
4512.741 -68.465
4513.758 -81.391
4514.775 -94.256
4515.793 -98.151
4516.810 -92.262
4517.828 -83.140
4518.845 -71.068
4519.863 -58.937
4520.880 -47.110
4521.897 -36.460
4522.914 -27.190
4523.930 -17.668
4524.947 -8.432
4525.964 -14.888
4526.981 -30.461
4527.999 -46.239
4529.017 -55.926
4530.034 -62.815
4531.051 -63.425
4532.069 -61.461
4533.089 -59.394
4534.106 -52.474
4535.122 -44.150
4536.140 -38.361
4537.158 -36.264
4538.175 -34.967
4539.194 -33.759
4540.211 -32.840
4541.228 -31.943
4542.245 -30.818
4543.263 -29.714
4544.280 -28.856
4545.297 -30.921
4546.314 -32.996
4547.332 -35.119
4548.349 -37.075
4549.367 -38.950
4550.384 -37.921
4551.401 -36.817
4552.419 -35.567
4553.436 -34.075
4554.453 -32.779
4555.470 -32.859
4556.488 -33.024
4557.505 -33.214
4558.523 -33.556
4559.540 -31.420
4560.557 -21.135
4561.575 -16.806
4562.592 -12.549
4563.610 -9.971
4564.626 -12.531
4565.643 -19.120
4566.660 -25.501
4567.678 -32.218
4568.695 -39.092
4569.712 -47.060
4570.729 -52.035
4571.747 -51.756
4572.763 -50.333
4573.780 -54.928
4574.798 -66.725
4575.815 -79.004
4576.832 -91.642
4577.850 -104.395
4578.867 -117.094
4579.885 -123.447
4580.902 -124.786
4581.919 -123.256
4582.937 -119.724
4583.954 -125.142
4584.971 -135.672
4585.989 -143.187
4587.007 -149.309
4588.024 -145.714
4589.041 -137.509
4590.059 -145.950
4591.076 -160.502
4592.094 -175.090
4593.111 -189.657
4594.129 -195.978
4595.145 -199.947
4596.163 -204.055
4597.180 -193.275
4598.197 -178.552
4599.215 -163.895
4600.232 -151.979
4601.249 -140.537
4602.267 -129.101
4603.284 -114.296
4604.302 -99.246
4605.320 -86.039
4606.337 -72.881
4607.354 -59.929
4608.372 -46.827
4609.389 -33.680
4610.406 -21.977
4611.423 -10.323
4612.441 0.225
4613.458 2.734
4614.475 5.140
4615.492 7.332
4616.510 9.093
4617.527 10.727
4618.544 9.402
4619.562 -2.076
4620.579 -13.695
4621.596 -25.262
4622.613 -30.326
4623.631 -20.830
4624.648 -17.505
4625.664 -13.959
4626.682 -7.608
4627.699 4.799
4628.717 17.219
4629.734 29.423
4630.751 41.802
4631.768 46.954
4632.786 43.441
4633.803 35.796
4634.821 23.637
4635.839 11.439
4636.856 -0.524
4637.872 -12.422
4638.887 -22.634
4639.903 -30.955
4640.920 -39.706
4641.937 -47.643
4642.953 -49.418
4643.971 -47.611
4644.988 -45.709
4646.005 -44.384
4647.021 -43.053
4648.038 -41.759
4649.054 -40.914
4650.071 -40.214
4651.088 -39.909
4652.105 -39.878
4653.122 -39.728
4654.139 -39.470
4655.156 -37.041
4656.174 -34.323
4657.191 -31.604
4658.209 -28.955
4659.226 -27.966
4660.243 -27.288
4661.260 -26.557
4662.277 -25.293
4663.295 -24.063
4664.312 -22.628
4665.330 -26.152
4666.347 -29.720
4667.365 -33.345
4668.382 -36.328
4669.399 -39.308
4670.417 -42.488
4671.434 -46.492
4672.452 -57.065
4673.469 -55.226
4674.486 -52.354
4675.503 -44.138
4676.520 -36.144
4677.538 -29.618
4678.555 -23.059
4679.572 -16.258
4680.590 -10.418
4681.607 -7.921
4682.624 -5.584
4683.641 -5.647
4684.659 -11.956
4685.675 -17.707
4686.692 -22.660
4687.709 -27.819
4688.727 -30.621
4689.744 -30.847
4690.762 -30.799
4691.779 -29.790
4692.797 -27.761
4693.813 -25.764
4694.831 -24.887
4695.848 -25.183
4696.866 -25.713
4697.883 -27.468
4698.900 -30.423
4699.918 -33.214
4700.935 -36.135
4701.952 -39.455
4702.969 -42.541
4703.987 -43.232
4705.004 -42.675
4706.022 -31.992
4707.039 -16.561
4708.056 -0.877
4709.074 12.753
4710.092 25.669
4711.109 20.239
4712.126 9.634
4713.144 -1.766
4714.163 -13.381
4715.180 -25.120
4716.198 -40.209
4717.216 -43.407
4718.233 -45.080
4719.250 -45.707
4720.268 -46.332
4721.285 -47.136
4722.302 -46.940
4723.319 -46.584
4724.336 -57.015
4725.350 -67.321
4726.367 -77.283
4727.385 -80.187
4728.402 -83.171
4729.419 -87.042
4730.436 -99.661
4731.454 -109.415
4732.472 -98.127
4733.488 -86.636
4734.506 -74.481
4735.523 -62.524
4736.540 -50.489
4737.557 -38.959
4738.574 -27.629
4739.592 -17.805
4740.610 -12.319
4741.627 -6.482
4742.645 -1.061
4743.662 4.694
4744.679 3.611
4745.696 -11.662
4746.714 -26.562
4747.731 -41.834
4748.748 -56.570
4749.766 -71.790
4750.783 -87.236
4751.801 -102.809
4752.818 -106.590
4753.835 -96.566
4754.853 -86.707
4755.870 -75.429
4756.888 -63.588
4757.905 -51.341
4758.922 -39.471
4759.940 -27.599
4760.957 -16.177
4761.974 -4.441
4762.992 0.194
4764.009 0.948
4765.027 1.808
4766.044 2.592
4767.062 3.368
4768.079 -6.048
4769.096 -18.630
4770.114 -31.350
4771.131 -44.108
4772.149 -50.524
4773.166 -55.552
4774.183 -60.588
4775.200 -59.159
4776.216 -56.787
4777.234 -54.406
4778.251 -45.911
4779.269 -36.879
4780.287 -28.015
4781.304 -19.158
4782.321 -17.948
4783.338 -16.754
4784.355 -15.688
4785.372 -19.652
4786.390 -23.737
4787.407 -27.060
4788.424 -30.315
4789.441 -32.998
4790.459 -31.795
4791.477 -32.083
4792.494 -40.183
4793.512 -47.057
4794.529 -48.346
4795.547 -49.177
4796.563 -47.192
4797.581 -45.023
4798.598 -42.864
4799.615 -41.175
4800.633 -39.817
4801.651 -38.231
4802.667 -36.945
4803.685 -35.507
4804.702 -34.363
4805.720 -33.313
4806.737 -32.379
4807.755 -31.688
4808.772 -30.610
4809.790 -30.034
4810.807 -29.451
4811.824 -28.632
4812.842 -34.529
4813.860 -47.586
4814.877 -60.660
4815.893 -73.508
4816.908 -86.375
4817.923 -98.828
4818.940 -111.648
4819.956 -124.316
4820.973 -136.296
4821.990 -147.901
4823.007 -159.733
4824.024 -171.531
4825.041 -165.565
4826.058 -152.348
4827.075 -139.086
4828.092 -125.742
4829.109 -112.542
4830.127 -99.022
4831.144 -85.304
4832.161 -71.701
4833.178 -58.063
4834.196 -45.712
4835.213 -33.585
4836.230 -21.349
4837.248 -11.289
4838.265 -1.553
4839.282 8.084
4840.300 7.233
4841.316 6.136
4842.333 4.902
4843.350 3.431
4844.368 -3.667
4845.385 -10.740
4846.402 -18.168
4847.419 -27.728
4848.437 -32.270
4849.454 -36.719
4850.471 -41.316
4851.488 -45.714
4852.506 -48.140
4853.523 -50.345
4854.540 -50.910
4855.558 -46.116
4856.575 -41.223
4857.592 -37.935
4858.610 -38.700
4859.627 -39.722
4860.644 -40.111
4861.662 -39.841
4862.679 -39.386
4863.696 -39.001
4864.714 -38.532
4865.731 -38.500
4866.748 -38.412
4867.766 -38.306
4868.782 -37.417
4869.800 -35.608
4870.817 -33.636
4871.835 -30.660
4872.852 -27.073
4873.870 -23.156
4874.888 -19.571
4875.905 -18.637
4876.922 -19.693
4877.939 -27.845
4878.956 -40.414
4879.973 -49.211
4880.990 -55.894
4882.008 -62.775
4883.025 -64.127
4884.043 -62.823
4885.061 -61.602
4886.078 -60.123
4887.095 -54.611
4888.112 -47.847
4889.129 -40.153
4890.147 -32.408
4891.164 -24.552
4892.181 -24.266
4893.199 -25.723
4894.215 -28.063
4895.233 -30.428
4896.250 -32.736
4897.267 -35.261
4898.283 -39.124
4899.301 -42.926
4900.318 -46.838
4901.335 -47.768
4902.352 -48.639
4903.370 -49.629
4904.388 -50.392
4905.405 -48.104
4906.422 -45.547
4907.439 -42.987
4908.456 -40.281
4909.474 -37.493
4910.491 -34.714
4911.508 -30.771
4912.526 -26.894
4913.543 -24.456
4914.561 -23.516
4915.578 -27.153
4916.596 -30.557
4917.613 -34.415
4918.631 -38.792
4919.648 -43.051
4920.666 -50.454
4921.683 -63.503
4922.700 -70.117
4923.718 -66.234
4924.735 -62.369
4925.751 -58.635
4926.769 -62.870
4927.786 -77.554
4928.803 -83.126
4929.820 -78.557
4930.837 -72.639
4931.854 -63.177
4932.872 -51.806
4933.889 -40.634
4934.906 -43.366
4935.923 -56.505
4936.940 -69.709
4937.957 -75.163
4938.975 -75.776
4939.992 -69.652
4941.009 -60.249
4942.026 -50.826
4943.044 -40.921
4944.061 -30.871
4945.077 -20.904
4946.095 -15.468
4947.112 -11.639
4948.130 -14.759
4949.147 -19.887
4950.164 -24.494
4951.181 -28.924
4952.199 -29.655
4953.216 -29.685
4954.234 -29.900
4955.251 -32.100
4956.268 -34.341
4957.286 -36.748
4958.303 -37.581
4959.320 -38.286
4960.337 -37.598
4961.355 -36.987
4962.372 -36.429
4963.389 -35.642
4964.406 -35.084
4965.423 -34.534
4966.441 -33.885
4967.458 -33.000
4968.475 -33.209
4969.493 -34.110
4970.510 -32.728
4971.527 -31.271
4972.545 -29.728
4973.562 -28.317
4974.580 -27.495
4975.597 -28.398
4976.614 -29.167
4977.631 -30.160
4978.649 -30.844
4979.666 -33.882
4980.683 -40.256
4981.701 -44.796
4982.718 -46.567
4983.735 -48.501
4984.753 -50.465
4985.770 -51.855
4986.788 -53.246
4987.805 -53.178
4988.822 -51.493
4989.839 -48.013
4990.857 -42.468
4991.875 -37.018
4992.893 -31.227
4993.911 -29.196
4994.928 -29.795
4995.944 -31.142
4996.959 -33.422
4997.975 -35.760
4998.991 -36.486
5000.008 -36.262
5001.025 -37.225
5002.042 -37.746
5003.059 -37.751
5004.075 -37.554
5005.092 -37.360
5006.110 -35.919
5007.127 -34.101
5008.144 -35.841
5009.161 -38.587
5010.179 -40.100
5011.197 -41.537
5012.214 -41.518
5013.231 -37.435
5014.248 -32.843
5015.265 -28.549
5016.282 -24.364
5017.299 -20.358
5018.316 -20.242
5019.333 -20.130
5020.351 -25.165
5021.368 -30.223
5022.385 -36.213
5023.402 -33.254
5024.420 -33.722
5025.437 -34.104
5026.454 -33.760
5027.471 -33.409
5028.489 -33.456
5029.506 -33.992
5030.524 -37.505
5031.541 -40.029
5032.559 -42.417
5033.576 -55.796
5034.594 -66.308
5035.610 -69.348
5036.628 -70.234
5037.645 -66.286
5038.662 -60.662
5039.679 -52.154
5040.693 -43.885
5041.710 -37.127
5042.728 -33.137
5043.744 -28.860
5044.762 -21.027
5045.778 -8.861
5046.796 3.282
5047.813 7.694
5048.831 4.669
5049.848 1.255
5050.865 -8.882
5051.882 -25.038
5052.900 -36.819
5053.917 -45.303
5054.934 -50.486
5055.951 -53.410
5056.969 -56.039
5057.986 -55.769
5059.004 -54.037
5060.022 -52.276
5061.039 -50.597
5062.056 -49.168
5063.074 -47.222
5064.092 -45.071
5065.109 -43.177
5066.126 -41.252
5067.144 -39.348
5068.161 -50.781
5069.179 -65.410
5070.196 -65.812
5071.214 -63.310
5072.231 -60.835
5073.249 -54.440
5074.266 -47.475
5075.283 -39.150
5076.301 -36.987
5077.318 -34.870
5078.335 -33.597
5079.353 -32.523
5080.370 -34.021
5081.387 -35.462
5082.404 -36.787
5083.421 -39.411
5084.439 -41.535
5085.455 -38.863
5086.473 -35.919
5087.489 -33.501
5088.507 -33.531
5089.524 -35.529
5090.542 -36.949
5091.559 -36.283
5092.577 -36.225
5093.594 -38.117
5094.611 -40.311
5095.628 -42.782
5096.645 -44.137
5097.663 -43.012
5098.680 -41.514
5099.697 -39.727
5100.714 -37.350
5101.731 -33.232
5102.749 -30.362
5103.766 -30.749
5104.783 -31.924
5105.801 -31.435
5106.818 -29.533
5107.835 -27.355
5108.852 -28.214
5109.870 -31.458
5110.887 -34.032
5111.904 -37.380
5112.921 -41.157
5113.939 -43.551
5114.956 -44.075
5115.973 -41.653
5116.991 -38.237
5118.008 -34.807
5119.025 -34.446
5120.043 -32.312
5121.060 -29.300
5122.078 -26.259
5123.095 -26.660
5124.113 -27.912
5125.130 -39.448
5126.148 -53.496
5127.165 -55.367
5128.182 -54.797
5129.200 -51.461
5130.217 -47.663
5131.234 -39.462
5132.251 -31.018
5133.269 -24.549
5134.286 -17.975
5135.304 -17.998
5136.321 -18.856
5137.339 -21.729
5138.356 -24.423
5139.373 -27.282
5140.391 -30.341
5141.408 -33.002
5142.426 -35.547
5143.443 -38.803
5144.460 -42.039
5145.477 -43.717
5146.495 -45.257
5147.512 -46.734
5148.529 -50.480
5149.546 -63.100
5150.564 -75.806
5151.581 -88.555
5152.599 -101.348
5153.616 -107.965
5154.633 -99.200
5155.650 -88.597
5156.668 -75.216
5157.686 -61.591
5158.703 -56.978
5159.720 -68.463
5160.737 -79.921
5161.754 -91.345
5162.771 -102.712
5163.789 -114.191
5164.806 -115.296
5165.823 -104.125
5166.840 -93.298
5167.858 -82.308
5168.875 -70.837
5169.892 -59.104
5170.911 -47.094
5171.929 -35.504
5172.946 -24.249
5173.962 -13.223
5174.977 -2.475
5175.993 0.454
5177.009 -0.841
5178.026 -1.774
5179.043 -3.031
5180.060 -4.356
5181.077 -5.420
5182.093 -10.820
5183.110 -17.794
5184.127 -24.572
5185.144 -31.377
5186.161 -38.237
5187.178 -50.143
5188.195 -62.781
5189.213 -64.771
5190.229 -64.917
5191.247 -57.548
5192.264 -49.422
5193.281 -59.260
5194.298 -70.268
5195.315 -81.111
5196.333 -86.562
5197.351 -92.180
5198.368 -104.197
5199.385 -116.259
5200.402 -127.984
5201.419 -136.511
5202.436 -145.013
5203.454 -153.646
5204.471 -160.939
5205.489 -160.086
5206.506 -159.195
5207.522 -155.958
5208.539 -144.898
5209.556 -133.679
5210.574 -128.166
5211.591 -139.994
5212.608 -151.784
5213.625 -156.814
5214.643 -146.666
5215.660 -138.399
5216.677 -133.610
5217.694 -128.637
5218.711 -124.008
5219.729 -116.208
5220.746 -103.887
5221.764 -91.879
5222.780 -79.656
5223.798 -67.644
5224.814 -55.725
5225.831 -43.778
5226.848 -33.112
5227.865 -24.064
5228.882 -15.204
5229.900 -6.170
5230.917 -10.122
5231.934 -23.414
5232.951 -33.615
5233.968 -41.677
5234.984 -44.112
5236.002 -43.666
5237.019 -42.606
5238.038 -41.103
5239.055 -39.839
5240.072 -38.513
5241.090 -37.177
5242.108 -36.642
5243.125 -36.131
5244.142 -35.565
5245.160 -35.434
5246.177 -35.231
5247.195 -35.309
5248.212 -35.387
5249.229 -33.461
5250.246 -31.199
5251.264 -29.097
5252.281 -28.119
5253.299 -27.250
5254.317 -26.170
5255.334 -25.224
5256.351 -28.171
5257.368 -31.009
5258.386 -33.325
5259.403 -35.563
5260.420 -37.768
5261.437 -41.008
5262.454 -43.168
5263.469 -38.582
5264.487 -33.895
5265.504 -29.598
5266.521 -27.317
5267.538 -24.816
5268.556 -22.778
5269.573 -23.253
5270.590 -26.202
5271.607 -29.305
5272.625 -32.535
5273.642 -35.134
5274.659 -36.850
5275.677 -37.994
5276.694 -37.494
5277.711 -37.031
5278.728 -36.337
5279.746 -34.896
5280.763 -38.749
5281.780 -51.737
5282.797 -56.997
5283.815 -50.746
5284.831 -44.106
5285.849 -36.656
5286.866 -30.151
5287.883 -24.859
5288.900 -24.149
5289.917 -26.895
5290.935 -27.439
5291.952 -26.856
5292.969 -26.509
5293.986 -26.853
5295.004 -27.613
5296.021 -31.049
5297.038 -35.404
5298.056 -39.927
5299.073 -43.361
5300.091 -46.434
5301.108 -48.253
5302.124 -49.973
5303.142 -50.441
5304.159 -50.639
5305.176 -48.544
5306.193 -45.878
5307.210 -43.286
5308.227 -40.074
5309.244 -36.731
5310.262 -34.491
5311.279 -32.327
5312.297 -30.137
5313.314 -27.959
5314.332 -26.019
5315.349 -29.087
5316.367 -32.001
5317.384 -34.639
5318.401 -34.535
5319.418 -34.504
5320.436 -34.768
5321.453 -34.571
5322.470 -31.791
5323.487 -29.382
5324.505 -27.096
5325.522 -26.058
5326.540 -24.674
5327.557 -22.738
5328.575 -22.493
5329.592 -27.305
5330.610 -32.253
5331.627 -36.120
5332.645 -36.615
5333.663 -37.552
5334.679 -42.449
5335.697 -55.786
5336.714 -69.004
5337.731 -82.726
5338.748 -95.839
5339.765 -101.492
5340.782 -96.947
5341.799 -89.562
5342.817 -78.387
5343.834 -66.861
5344.851 -55.471
5345.869 -44.585
5346.886 -33.509
5347.904 -22.273
5348.921 -11.111
5349.938 -3.495
5350.955 1.934
5351.973 7.386
5352.991 12.790
5354.008 9.158
5355.025 1.141
5356.040 -6.619
5357.055 -14.206
5358.072 -23.007
5359.088 -31.990
5360.105 -41.056
5361.122 -50.144
5362.139 -59.345
5363.156 -68.329
5364.173 -79.022
5365.190 -89.731
5366.207 -100.518
5367.223 -111.303
5368.240 -102.617
5369.257 -91.724
5370.275 -81.059
5371.292 -70.254
5372.309 -58.597
5373.325 -47.039
5374.342 -35.320
5375.359 -28.284
5376.376 -21.135
5377.393 -14.071
5378.411 -7.018
5379.428 -1.246
5380.445 -4.083
5381.462 -6.760
5382.480 -9.477
5383.497 -12.364
5384.513 -16.103
5385.530 -19.654
5386.547 -23.150
5387.564 -27.195
5388.581 -31.329
5389.598 -35.531
5390.615 -39.914
5391.632 -43.879
5392.649 -47.347
5393.667 -51.121
5394.683 -51.605
5395.701 -46.882
5396.718 -42.112
5397.735 -36.972
5398.752 -31.482
5399.769 -25.943
5400.786 -21.829
5401.803 -19.505
5402.821 -17.413
5403.838 -18.927
5404.855 -23.670
5405.872 -27.961
5406.890 -32.053
5407.907 -36.032
5408.924 -45.671
5409.942 -59.916
5410.959 -73.935
5411.976 -88.206
5412.994 -92.289
5414.010 -84.559
5415.027 -73.707
5416.045 -62.949
5417.062 -52.060
5418.080 -41.888
5419.096 -32.194
5420.114 -26.210
5421.131 -21.251
5422.149 -16.811
5423.166 -12.327
5424.183 -12.906
5425.201 -14.723
5426.218 -16.542
5427.235 -20.562
5428.252 -24.768
5429.270 -29.088
5430.287 -34.824
5431.305 -38.190
5432.322 -41.198
5433.339 -44.188
5434.357 -43.432
5435.374 -43.887
5436.392 -44.139
5437.409 -41.099
5438.427 -38.106
5439.445 -35.283
5440.462 -34.237
5441.479 -34.957
5442.497 -35.575
5443.514 -36.165
5444.531 -36.256
5445.547 -34.881
5446.565 -33.168
5447.582 -31.566
5448.599 -33.658
5449.616 -45.531
5450.634 -57.879
5451.651 -68.379
5452.669 -71.207
5453.686 -76.786
5454.703 -87.883
5455.721 -99.210
5456.738 -110.541
5457.755 -122.428
5458.772 -134.065
5459.789 -145.845
5460.806 -157.150
5461.824 -167.999
5462.841 -178.802
5463.858 -182.506
5464.876 -180.420
5465.893 -172.089
5466.910 -158.741
5467.927 -145.511
5468.945 -132.174
5469.962 -119.012
5470.979 -105.904
5471.996 -93.429
5473.014 -80.893
5474.031 -69.217
5475.049 -57.859
5476.066 -46.401
5477.083 -35.564
5478.100 -24.814
5479.118 -21.837
5480.135 -20.834
5481.152 -23.765
5482.170 -27.971
5483.187 -30.007
5484.204 -31.438
5485.221 -32.710
5486.238 -34.021
5487.255 -34.273
5488.273 -34.549
5489.290 -34.862
5490.308 -35.401
5491.325 -35.858
5492.342 -36.586
5493.360 -37.270
5494.377 -37.347
5495.394 -37.550
5496.411 -37.539
5497.427 -37.167
5498.445 -33.853
5499.462 -30.635
5500.479 -27.029
5501.497 -23.539
5502.513 -21.112
5503.530 -22.892
5504.548 -25.235
5505.565 -30.021
5506.582 -34.798
5507.600 -38.251
5508.617 -37.229
5509.635 -36.265
5510.653 -35.635
5511.670 -36.049
5512.687 -36.538
5513.705 -37.615
5514.722 -39.516
5515.740 -41.431
5516.757 -43.355
5517.774 -43.040
5518.792 -40.487
5519.810 -38.906
5520.828 -37.763
5521.845 -36.459
5522.862 -35.044
5523.880 -33.666
5524.897 -32.164
5525.915 -39.289
5526.932 -52.812
5527.949 -66.417
5528.967 -68.923
5529.984 -65.272
5531.002 -61.518
5532.019 -53.854
5533.037 -44.373
5534.055 -34.539
5535.071 -24.970
5536.087 -19.398
5537.102 -15.286
5538.119 -16.157
5539.135 -18.282
5540.151 -20.476
5541.168 -22.565
5542.185 -30.364
5543.202 -39.369
5544.219 -53.290
5545.236 -67.745
5546.253 -67.652
5547.270 -66.440
5548.287 -61.933
5549.304 -54.581
5550.321 -47.299
5551.338 -41.708
5552.356 -38.650
5553.373 -35.725
5554.391 -32.580
5555.407 -27.839
5556.424 -21.211
5557.440 -15.493
5558.457 -16.330
5559.475 -18.115
5560.492 -24.175
5561.510 -29.602
5562.527 -33.111
5563.544 -36.457
5564.561 -39.192
5565.578 -39.959
5566.596 -37.700
5567.613 -35.586
5568.630 -33.295
5569.647 -31.180
5570.664 -28.012
5571.681 -23.318
5572.699 -18.779
5573.716 -16.796
5574.733 -19.058
5575.749 -21.706
5576.767 -25.091
5577.784 -29.321
5578.801 -33.710
5579.819 -36.618
5580.835 -37.734
5581.853 -37.658
5582.870 -36.147
5583.887 -34.781
5584.905 -32.991
5585.922 -30.675
5586.939 -28.556
5587.956 -26.502
5588.974 -24.393
5589.991 -22.280
5591.008 -20.307
5592.026 -21.017
5593.043 -22.986
5594.060 -25.099
5595.077 -27.903
5596.095 -30.737
5597.112 -33.534
5598.129 -36.560
5599.147 -39.464
5600.164 -43.727
5601.181 -48.161
5602.199 -52.522
5603.216 -51.686
5604.233 -50.156
5605.250 -48.640
5606.268 -46.869
5607.285 -45.054
5608.303 -39.273
5609.320 -33.326
5610.337 -27.554
5611.354 -21.649
5612.371 -15.625
5613.389 -16.312
5614.406 -17.033
5615.423 -17.759
5616.441 -22.896
5617.458 -28.017
5618.474 -32.910
5619.491 -37.898
5620.509 -43.006
5621.526 -47.163
5622.543 -46.324
5623.561 -44.249
5624.579 -42.182
5625.596 -40.432
5626.612 -39.312
5627.630 -39.335
5628.647 -40.315
5629.664 -43.140
5630.682 -45.734
5631.700 -47.237
5632.716 -46.783
5633.734 -46.373
5634.751 -43.974
5635.769 -39.563
5636.785 -35.250
5637.802 -30.775
5638.819 -26.460
5639.836 -23.992
5640.854 -22.818
5641.871 -21.745
5642.888 -23.313
5643.906 -26.867
5644.922 -30.326
5645.939 -31.292
5646.957 -31.054
5647.974 -38.056
5648.991 -49.821
5650.008 -62.191
5651.025 -65.900
5652.042 -60.933
5653.060 -53.854
5654.077 -47.960
5655.095 -42.536
5656.112 -36.970
5657.129 -33.145
5658.146 -30.176
5659.163 -28.031
5660.180 -25.931
5661.197 -26.489
5662.215 -27.674
5663.232 -27.699
5664.249 -27.585
5665.266 -27.781
5666.283 -27.989
5667.300 -27.141
5668.319 -26.250
5669.336 -30.365
5670.352 -34.589
5671.369 -38.886
5672.387 -43.073
5673.404 -53.951
5674.422 -63.624
5675.439 -62.626
5676.457 -63.622
5677.474 -76.500
5678.492 -89.328
5679.510 -102.156
5680.527 -114.025
5681.544 -120.777
5682.561 -109.600
5683.579 -98.205
5684.596 -87.097
5685.613 -75.785
5686.630 -64.739
5687.647 -53.925
5688.665 -44.050
5689.682 -35.719
5690.699 -27.074
5691.716 -19.571
5692.733 -11.401
5693.751 1.224
5694.769 3.447
5695.786 -7.919
5696.804 -19.776
5697.821 -31.200
5698.838 -42.736
5699.856 -56.490
5700.873 -72.194
5701.890 -86.061
5702.908 -98.580
5703.925 -104.115
5704.942 -109.653
5705.959 -118.428
5706.977 -127.452
5707.994 -136.289
5709.011 -144.647
5710.028 -153.017
5711.046 -153.961
5712.063 -143.922
5713.080 -131.180
5714.098 -118.407
5715.116 -105.908
5716.133 -93.314
5717.148 -78.530
5718.164 -63.136
5719.179 -51.631
5720.196 -41.140
5721.212 -31.420
5722.228 -21.765
5723.246 -12.344
5724.263 -11.068
5725.280 -10.216
5726.297 -9.350
5727.313 -8.463
5728.330 -12.341
5729.347 -16.307
5730.364 -20.461
5731.381 -25.390
5732.398 -37.643
5733.415 -49.861
5734.432 -62.205
5735.449 -73.203
5736.467 -75.391
5737.484 -69.286
5738.500 -62.494
5739.517 -53.960
5740.535 -45.324
5741.552 -36.631
5742.569 -28.031
5743.586 -19.572
5744.604 -17.178
5745.621 -31.046
5746.637 -44.854
5747.654 -58.385
5748.672 -72.095
5749.689 -85.801
5750.706 -99.474
5751.724 -113.225
5752.740 -126.755
5753.757 -139.397
5754.774 -151.832
5755.792 -164.695
5756.809 -177.632
5757.827 -190.355
5758.843 -189.514
5759.860 -174.594
5760.878 -159.890
5761.895 -145.540
5762.913 -131.246
5763.930 -117.755
5764.947 -104.364
5765.965 -90.963
5766.983 -86.046
5767.999 -86.526
5769.016 -87.170
5770.033 -87.576
5771.050 -87.831
5772.067 -88.115
5773.085 -97.625
5774.101 -110.797
5775.119 -105.294
5776.136 -94.510
5777.153 -83.225
5778.171 -71.974
5779.188 -60.586
5780.205 -50.065
5781.223 -39.670
5782.240 -29.244
5783.257 -18.832
5784.275 -13.696
5785.292 -8.752
5786.309 -9.519
5787.326 -10.494
5788.343 -11.396
5789.360 -18.092
5790.377 -25.251
5791.394 -32.156
5792.411 -38.998
5793.428 -42.902
5794.446 -46.357
5795.463 -44.730
5796.480 -43.040
5797.498 -41.495
5798.515 -40.008
5799.533 -38.589
5800.550 -40.506
5801.568 -53.412
5802.585 -62.214
5803.602 -59.635
5804.619 -57.466
5805.637 -55.318
5806.653 -51.817
5807.671 -46.458
5808.688 -41.387
5809.706 -36.300
5810.722 -31.528
5811.740 -27.461
5812.757 -23.188
5813.774 -19.279
5814.791 -17.862
5815.808 -19.512
5816.826 -27.357
5817.843 -41.118
5818.861 -49.370
5819.878 -52.715
5820.895 -55.779
5821.912 -59.288
5822.929 -59.169
5823.946 -56.726
5824.964 -54.494
5825.980 -52.352
5826.998 -49.869
5828.015 -39.837
5829.032 -26.434
5830.049 -12.766
5831.067 0.993
5832.084 -3.913
5833.102 -15.361
5834.120 -26.953
5835.137 -38.486
5836.155 -45.425
5837.172 -51.244
5838.190 -57.203
5839.207 -63.041
5840.224 -54.522
5841.242 -43.620
5842.259 -32.691
5843.277 -22.046
5844.294 -16.280
5845.312 -10.787
5846.329 -5.327
5847.346 0.260
5848.364 -12.149
5849.382 -24.690
5850.399 -37.149
5851.416 -49.349
5852.434 -59.408
5853.451 -67.651
5854.469 -64.330
5855.486 -59.952
5856.503 -50.663
5857.521 -40.580
5858.539 -31.633
5859.556 -37.613
5860.573 -45.676
5861.590 -60.832
5862.607 -74.665
5863.624 -85.841
5864.641 -93.973
5865.658 -95.469
5866.676 -97.173
5867.693 -101.657
5868.711 -111.726
5869.728 -121.647
5870.745 -131.497
5871.762 -141.458
5872.780 -152.047
5873.797 -162.570
5874.815 -173.202
5875.832 -183.912
5876.849 -183.082
5877.866 -170.271
5878.883 -157.470
5879.900 -142.061
5880.917 -124.017
5881.935 -106.348
5882.952 -101.874
5883.970 -105.238
5884.987 -108.892
5886.005 -110.180
5887.022 -110.168
5888.039 -110.320
5889.057 -101.964
5890.074 -90.637
5891.092 -79.054
5892.109 -67.516
5893.127 -56.211
5894.144 -44.739
5895.162 -35.524
5896.179 -26.873
5897.196 -17.925
5898.211 -9.171
5899.226 -0.386
5900.241 0.028
5901.258 -0.647
5902.274 -1.480
5903.290 -8.317
5904.307 -15.204
5905.323 -22.211
5906.341 -29.312
5907.358 -33.690
5908.374 -38.091
5909.392 -42.454
5910.409 -46.574
5911.426 -45.982
5912.443 -45.129
5913.461 -41.644
5914.478 -38.162
5915.495 -34.796
5916.512 -30.347
5917.530 -25.621
5918.547 -21.365
5919.564 -18.517
5920.582 -19.186
5921.599 -20.095
5922.616 -21.243
5923.634 -18.651
5924.651 -7.763
5925.668 3.275
5926.685 14.344
5927.702 18.195
5928.719 8.891
5929.737 -2.157
5930.754 -13.360
5931.771 -23.419
5932.789 -32.413
5933.806 -39.352
5934.823 -38.742
5935.841 -33.546
5936.858 -32.249
5937.876 -35.419
5938.893 -38.227
5939.910 -40.673
5940.927 -41.135
5941.944 -40.102
5942.961 -39.885
5943.978 -37.788
5944.995 -34.917
5946.012 -31.999
5947.029 -28.984
5948.046 -26.161
5949.063 -33.984
5950.081 -46.117
5951.098 -58.270
5952.116 -70.422
5953.133 -71.844
5954.150 -70.360
5955.167 -57.676
5956.184 -42.584
5957.201 -51.329
5958.219 -64.881
5959.236 -62.798
5960.253 -59.009
5961.270 -51.487
5962.287 -43.699
5963.304 -37.383
5964.322 -30.853
5965.339 -24.450
5966.356 -18.110
5967.373 -11.563
5968.391 -5.418
5969.408 -5.992
5970.426 -6.470
5971.444 -7.052
5972.460 -7.695
5973.478 -8.244
5974.495 -8.475
5975.512 -9.897
5976.530 -16.356
5977.547 -22.937
5978.564 -29.121
5979.581 -35.225
5980.598 -40.478
5981.615 -42.961
5982.632 -45.319
5983.650 -47.437
5984.667 -50.009
5985.684 -50.268
5986.701 -47.078
5987.719 -43.952
5988.736 -40.911
5989.753 -37.847
5990.771 -35.489
5991.788 -33.003
5992.805 -30.556
5993.822 -27.873
5994.839 -25.512
5995.856 -23.249
5996.873 -20.995
5997.890 -18.517
5998.908 -16.223
5999.924 -15.803
6000.941 -16.351
6001.959 -16.741
6002.977 -16.951
6003.994 -17.413
6005.011 -17.886
6006.029 -21.456
6007.047 -26.188
6008.064 -30.923
6009.082 -35.933
6010.099 -40.650
6011.116 -52.158
6012.134 -65.656
6013.151 -79.150
6014.169 -92.545
6015.186 -106.147
6016.204 -103.820
6017.221 -98.766
6018.238 -93.748
6019.255 -88.735
6020.272 -83.801
6021.290 -78.752
6022.307 -67.335
6023.324 -55.916
6024.342 -45.379
6025.360 -34.730
6026.377 -24.560
6027.395 -20.948
6028.412 -17.530
6029.430 -14.731
6030.448 -18.611
6031.466 -22.712
6032.483 -26.634
6033.500 -30.637
6034.517 -34.023
6035.535 -34.659
6036.553 -35.163
6037.569 -34.181
6038.587 -33.045
6039.604 -32.030
6040.621 -31.876
6041.638 -31.534
6042.655 -31.324
6043.673 -32.325
6044.690 -36.378
6045.708 -40.700
6046.725 -44.981
6047.742 -49.480
6048.760 -51.851
6049.777 -51.695
6050.794 -51.173
6051.811 -50.946
6052.828 -48.265
6053.845 -43.406
6054.863 -38.548
6055.880 -33.671
6056.897 -30.509
6057.914 -28.912
6058.932 -27.055
6059.948 -25.668
6060.966 -25.069
6061.983 -25.065
6063.000 -24.858
6064.017 -24.793
6065.034 -28.172
6066.050 -33.084
6067.067 -37.964
6068.085 -43.118
6069.102 -48.116
6070.120 -49.679
6071.137 -50.381
6072.155 -51.269
6073.172 -50.652
6074.190 -49.637
6075.207 -48.799
6076.225 -48.079
6077.242 -47.082
6078.259 -42.692
6079.274 -37.910
6080.290 -33.185
6081.306 -28.487
6082.322 -25.320
6083.339 -22.125
6084.355 -26.816
6085.371 -31.466
6086.388 -36.149
6087.405 -40.548
6088.422 -40.964
6089.439 -41.284
6090.456 -41.337
6091.473 -39.803
6092.490 -40.667
6093.506 -41.416
6094.524 -41.121
6095.541 -40.437
6096.558 -40.272
6097.575 -40.901
6098.592 -37.607
6099.608 -34.673
6100.625 -32.800
6101.642 -31.897
6102.660 -33.297
6103.677 -34.973
6104.694 -37.059
6105.712 -40.010
6106.729 -43.966
6107.746 -45.107
6108.764 -42.402
6109.782 -47.079
6110.799 -60.034
6111.816 -70.763
6112.833 -79.396
6113.850 -88.088
6114.867 -86.622
6115.884 -76.130
6116.901 -65.451
6117.918 -54.873
6118.936 -43.687
6119.953 -33.110
6120.971 -24.649
6121.989 -17.332
6123.006 -14.950
6124.024 -15.391
6125.041 -15.533
6126.059 -16.590
6127.076 -18.259
6128.093 -21.823
6129.111 -26.233
6130.128 -37.300
6131.145 -50.172
6132.162 -62.829
6133.179 -75.412
6134.196 -77.355
6135.214 -77.521
6136.231 -68.393
6137.249 -58.345
6138.266 -47.686
6139.283 -37.013
6140.300 -30.911
6141.318 -30.063
6142.335 -29.320
6143.352 -28.943
6144.370 -28.511
6145.387 -27.922
6146.403 -27.284
6147.421 -26.929
6148.438 -26.623
6149.455 -27.534
6150.472 -28.662
6151.490 -31.463
6152.507 -34.395
6153.525 -37.359
6154.542 -39.701
6155.560 -39.404
6156.577 -39.070
6157.594 -38.557
6158.612 -38.348
6159.629 -38.186
6160.646 -38.110
6161.663 -38.154
6162.680 -38.086
6163.697 -37.817
6164.715 -36.364
6165.731 -35.201
6166.748 -33.896
6167.765 -32.549
6168.782 -31.449
6169.799 -30.546
6170.817 -29.596
6171.834 -28.342
6172.851 -27.155
6173.868 -26.230
6174.885 -26.374
6175.903 -27.024
6176.920 -27.648
6177.937 -28.281
6178.955 -28.831
6179.973 -30.061
6180.990 -31.875
6182.007 -33.559
6183.025 -34.145
6184.042 -34.433
6185.059 -32.803
6186.076 -30.349
6187.094 -27.826
6188.112 -26.580
6189.129 -25.577
6190.146 -24.547
6191.163 -26.502
6192.181 -28.876
6193.199 -31.221
6194.216 -34.922
6195.233 -38.687
6196.250 -42.594
6197.267 -46.573
6198.285 -45.954
6199.302 -44.928
6200.319 -43.368
6201.336 -42.082
6202.354 -40.834
6203.371 -38.306
6204.388 -35.293
6205.406 -32.256
6206.423 -29.411
6207.441 -26.846
6208.459 -26.560
6209.476 -28.498
6210.494 -30.403
6211.511 -32.548
6212.528 -34.355
6213.545 -32.398
6214.563 -30.763
6215.580 -30.082
6216.597 -29.589
6217.614 -33.244
6218.632 -47.495
6219.649 -58.338
6220.666 -62.399
6221.684 -66.634
6222.702 -74.208
6223.719 -87.093
6224.736 -100.303
6225.754 -113.110
6226.770 -115.442
6227.788 -105.337
6228.806 -95.031
6229.823 -84.595
6230.840 -74.478
6231.857 -64.201
6232.874 -53.235
6233.892 -42.150
6234.909 -30.795
6235.925 -22.499
6236.942 -16.381
6237.959 -10.059
6238.976 -3.919
6239.993 2.300
6241.010 1.574
6242.028 -2.245
6243.045 -6.082
6244.062 -13.153
6245.080 -17.244
6246.097 -20.152
6247.115 -22.969
6248.132 -25.946
6249.150 -28.951
6250.167 -31.962
6251.185 -34.284
6252.202 -36.563
6253.220 -38.865
6254.237 -39.985
6255.255 -40.939
6256.272 -41.911
6257.291 -40.746
6258.308 -39.731
6259.324 -38.564
6260.340 -35.156
6261.355 -33.105
6262.371 -31.029
6263.388 -29.346
6264.405 -32.780
6265.422 -35.480
6266.439 -37.543
6267.456 -34.457
6268.474 -31.480
6269.491 -28.959
6270.508 -28.730
6271.525 -28.142
6272.541 -26.715
6273.558 -25.815
6274.575 -28.510
6275.592 -31.495
6276.609 -33.501
6277.626 -33.146
6278.644 -32.615
6279.660 -32.281
6280.674 -32.131
6281.690 -31.933
6282.708 -32.575
6283.725 -32.641
6284.742 -31.125
6285.759 -29.248
6286.776 -27.996
6287.793 -27.241
6288.811 -26.100
6289.828 -26.775
6290.845 -34.394
6291.862 -47.179
6292.880 -47.983
6293.897 -37.072
6294.913 -26.294
6295.930 -20.049
6296.947 -17.216
6297.964 -14.491
6298.981 -17.003
6299.999 -22.087
6301.015 -33.215
6302.033 -47.278
6303.051 -61.339
6304.068 -75.436
6305.085 -78.543
6306.103 -77.555
6307.120 -76.745
6308.137 -75.750
6309.155 -74.864
6310.172 -73.959
6311.189 -66.150
6312.207 -56.939
6313.224 -47.784
6314.242 -38.469
6315.259 -29.184
6316.276 -21.587
6317.293 -14.178
6318.310 -6.742
6319.328 0.731
6320.344 -1.596
6321.361 -3.963
6322.379 -6.222
6323.396 -8.605
6324.414 -11.766
6325.431 -19.799
6326.448 -27.595
6327.466 -35.224
6328.484 -42.551
6329.501 -47.738
6330.519 -53.084
6331.535 -58.242
6332.552 -63.360
6333.570 -66.289
6334.586 -62.424
6335.603 -58.434
6336.619 -54.510
6337.637 -50.648
6338.654 -45.898
6339.671 -39.263
6340.688 -32.718
6341.705 -27.456
6342.723 -24.325
6343.740 -20.982
6344.758 -17.475
6345.775 -15.679
6346.792 -15.640
6347.810 -15.917
6348.827 -15.832
6349.845 -15.878
6350.862 -22.055
6351.878 -34.098
6352.896 -45.798
6353.913 -57.900
6354.930 -64.944
6355.947 -68.505
6356.964 -72.314
6357.981 -76.168
6358.998 -73.362
6360.015 -67.407
6361.033 -61.246
6362.051 -55.429
6363.068 -49.318
6364.085 -41.218
6365.102 -32.371
6366.119 -23.730
6367.137 -15.185
6368.154 -6.477
6369.172 2.278
6370.189 4.682
6371.206 5.737
6372.223 6.633
6373.240 7.555
6374.257 -0.783
6375.274 -10.125
6376.291 -19.358
6377.308 -27.619
6378.326 -35.913
6379.343 -44.206
6380.361 -52.367
6381.378 -60.506
6382.395 -68.196
6383.413 -67.705
6384.430 -67.178
6385.448 -66.681
6386.465 -65.624
6387.483 -58.130
6388.500 -50.664
6389.517 -42.962
6390.534 -37.220
6391.551 -37.951
6392.568 -38.582
6393.585 -39.503
6394.602 -40.332
6395.620 -44.204
6396.637 -55.374
6397.655 -66.486
6398.672 -73.314
6399.689 -72.624
6400.706 -71.609
6401.724 -70.822
6402.742 -69.762
6403.759 -69.050
6404.775 -63.760
6405.793 -53.323
6406.810 -43.087
6407.828 -34.061
6408.845 -26.871
6409.862 -24.731
6410.879 -27.237
6411.897 -29.611
6412.914 -32.015
6413.931 -34.365
6414.949 -38.910
6415.966 -44.437
6416.984 -49.495
6418.001 -54.909
6419.019 -60.084
6420.036 -59.856
6421.054 -56.836
6422.072 -54.147
6423.089 -51.361
6424.106 -48.570
6425.123 -43.769
6426.140 -38.220
6427.157 -32.612
6428.175 -29.999
6429.192 -27.906
6430.210 -25.681
6431.227 -23.412
6432.244 -25.239
6433.262 -27.757
6434.280 -30.221
6435.297 -29.776
6436.314 -29.243
6437.332 -28.779
6438.350 -28.272
6439.367 -27.924
6440.382 -30.799
6441.397 -33.582
6442.413 -36.054
6443.430 -34.782
6444.446 -32.184
6445.462 -20.226
6446.480 -8.536
6447.496 0.825
6448.514 -1.162
6449.530 -3.925
6450.547 -9.605
6451.564 -15.176
6452.581 -22.980
6453.598 -36.394
6454.615 -46.913
6455.632 -50.336
6456.649 -53.470
6457.666 -54.518
6458.683 -50.854
6459.700 -47.010
6460.717 -49.408
6461.735 -61.178
6462.753 -73.271
6463.770 -76.342
6464.788 -68.697
6465.805 -60.984
6466.822 -56.402
6467.839 -55.485
6468.857 -51.171
6469.874 -43.954
6470.891 -36.700
6471.908 -25.949
6472.925 -12.794
6473.943 -8.084
6474.960 -9.106
6475.978 -10.166
6476.995 -11.301
6478.012 -13.068
6479.030 -14.744
6480.047 -16.289
6481.064 -20.440
6482.081 -25.658
6483.099 -31.152
6484.116 -42.580
6485.133 -55.586
6486.150 -68.507
6487.168 -81.144
6488.185 -73.747
6489.202 -63.055
6490.219 -70.872
6491.236 -80.980
6492.253 -91.018
6493.270 -83.718
6494.288 -73.334
6495.305 -62.139
6496.323 -50.926
6497.340 -40.967
6498.358 -31.035
6499.375 -21.419
6500.392 -17.227
6501.409 -13.063
6502.426 -8.894
6503.443 -6.067
6504.460 -12.206
6505.477 -18.479
6506.494 -25.109
6507.512 -23.066
6508.530 -20.819
6509.547 -18.053
6510.564 -15.295
6511.582 -12.811
6512.598 -10.130
6513.616 -9.023
6514.633 -11.599
6515.651 -14.420
6516.668 -17.220
6517.686 -19.911
6518.703 -22.752
6519.721 -27.165
6520.737 -34.702
6521.755 -42.003
6522.772 -49.188
6523.790 -55.520
6524.807 -61.845
6525.823 -70.181
6526.841 -80.790
6527.859 -82.936
6528.876 -77.590
6529.894 -69.192
6530.911 -58.828
6531.929 -48.692
6532.946 -39.029
6533.964 -29.655
6534.981 -23.792
6535.998 -20.377
6537.016 -16.880
6538.033 -13.546
6539.050 -15.986
6540.067 -21.143
6541.085 -26.251
6542.102 -31.569
6543.119 -35.819
6544.137 -39.875
6545.154 -43.812
6546.171 -43.897
6547.188 -42.919
6548.206 -40.692
6549.223 -38.282
6550.241 -32.721
6551.258 -26.777
6552.275 -20.980
6553.292 -19.086
6554.309 -17.230
6555.326 -19.529
6556.343 -21.788
6557.361 -25.813
6558.378 -29.998
6559.395 -34.102
6560.413 -37.974
6561.429 -39.712
6562.447 -41.311
6563.464 -43.101
6564.481 -44.279
6565.499 -42.250
6566.516 -40.485
6567.533 -38.509
6568.551 -36.017
6569.569 -32.255
6570.586 -28.470
6571.603 -24.765
6572.620 -21.865
6573.637 -21.538
6574.654 -21.378
6575.671 -21.570
6576.688 -22.897
6577.706 -24.605
6578.724 -23.666
6579.742 -24.502
6580.759 -28.436
6581.777 -29.832
6582.794 -28.543
6583.811 -28.417
6584.828 -28.944
6585.845 -27.447
6586.862 -26.356
6587.879 -27.779
6588.896 -29.342
6589.913 -30.690
6590.930 -31.435
6591.947 -32.384
6592.964 -32.763
6593.981 -33.243
6594.999 -33.239
6596.016 -33.588
6597.034 -33.963
6598.051 -34.808
6599.069 -35.539
6600.086 -36.320
6601.103 -37.096
6602.121 -38.110
6603.139 -39.011
6604.157 -47.983
6605.174 -58.594
6606.191 -69.472
6607.208 -70.790
6608.225 -70.363
6609.243 -69.843
6610.260 -63.669
6611.277 -57.104
6612.295 -47.471
6613.313 -37.853
6614.330 -28.070
6615.347 -21.653
6616.364 -15.662
6617.382 -17.125
6618.399 -18.956
6619.416 -26.165
6620.431 -33.484
6621.447 -40.438
6622.463 -47.317
6623.480 -53.323
6624.497 -54.221
6625.514 -53.932
6626.530 -47.537
6627.548 -40.953
6628.564 -33.875
6629.582 -27.119
6630.599 -25.067
6631.616 -24.162
6632.633 -25.087
6633.650 -26.180
6634.667 -27.195
6635.685 -28.055
6636.703 -29.217
6637.719 -35.144
6638.737 -44.870
6639.754 -47.215
6640.771 -46.983
6641.789 -42.326
6642.806 -37.388
6643.823 -32.744
6644.840 -36.959
6645.858 -49.271
6646.875 -61.489
6647.892 -66.873
6648.909 -62.687
6649.926 -55.993
6650.944 -49.235
6651.961 -42.259
6652.978 -34.278
6653.995 -26.055
6655.012 -22.293
6656.030 -20.884
6657.047 -20.979
6658.064 -21.747
6659.081 -22.589
6660.099 -25.778
6661.116 -30.061
6662.133 -34.239
6663.150 -45.148
6664.167 -57.699
6665.185 -59.014
6666.202 -58.436
6667.219 -58.031
6668.236 -48.912
6669.253 -39.065
6670.270 -31.824
6671.287 -24.782
6672.304 -17.987
6673.322 -11.091
6674.338 -10.993
6675.356 -13.106
6676.372 -15.172
6677.390 -17.117
6678.407 -19.052
6679.424 -19.861
6680.442 -9.676
6681.459 -2.765
6682.475 -18.055
6683.492 -32.602
6684.510 -41.927
6685.527 -46.690
6686.543 -53.407
6687.560 -63.071
6688.577 -59.576
6689.595 -56.185
6690.612 -53.567
6691.629 -50.834
6692.646 -46.942
6693.663 -39.857
6694.680 -32.730
6695.698 -25.865
6696.716 -19.887
6697.733 -18.152
6698.751 -18.421
6699.768 -18.614
6700.786 -20.022
6701.803 -22.729
6702.820 -25.514
6703.836 -27.756
6704.854 -29.601
6705.871 -31.742
6706.889 -39.507
6707.906 -52.333
6708.923 -65.140
6709.940 -77.861
6710.958 -90.591
6711.975 -86.853
6712.992 -73.814
6714.009 -60.784
6715.026 -49.675
6716.044 -39.451
6717.061 -29.371
6718.078 -19.193
6719.095 -12.672
6720.113 -7.326
6721.130 -1.818
6722.148 -2.706
6723.165 -5.223
6724.182 -11.323
6725.199 -18.087
6726.217 -23.298
6727.234 -28.038
6728.251 -32.825
6729.269 -36.427
6730.286 -39.845
6731.304 -37.785
6732.321 -35.498
6733.338 -35.551
6734.356 -35.679
6735.373 -36.465
6736.390 -49.417
6737.407 -62.303
6738.424 -75.070
6739.442 -87.877
6740.460 -98.750
6741.477 -95.350
6742.494 -84.313
6743.512 -73.233
6744.529 -62.650
6745.546 -52.014
6746.563 -41.443
6747.580 -30.744
6748.598 -21.392
6749.615 -17.180
6750.633 -12.769
6751.650 -8.468
6752.667 -7.622
6753.684 -13.825
6754.702 -19.938
6755.720 -25.754
6756.737 -31.454
6757.755 -37.465
6758.773 -42.200
6759.790 -45.706
6760.808 -53.618
6761.825 -66.295
6762.842 -78.803
6763.860 -91.367
6764.877 -103.719
6765.894 -115.945
6766.911 -128.125
6767.928 -126.480
6768.945 -115.551
6769.963 -104.737
6770.981 -94.047
6771.998 -82.586
6773.015 -71.112
6774.033 -59.404
6775.050 -48.055
6776.068 -37.044
6777.085 -26.151
6778.102 -14.881
6779.120 -3.834
6780.137 0.398
6781.154 2.902
6782.172 5.605
6783.188 8.322
6784.206 10.961
6785.223 7.769
6786.240 3.708
6787.256 -0.446
6788.274 -5.793
6789.292 -10.997
6790.309 -16.029
6791.327 -21.159
6792.344 -32.568
6793.361 -43.867
6794.379 -49.564
6795.397 -55.307
6796.414 -59.696
6797.431 -51.488
6798.447 -41.448
6799.462 -34.372
6800.477 -46.041
6801.493 -57.683
6802.509 -66.840
6803.527 -63.620
6804.544 -59.885
6805.561 -54.908
6806.577 -49.191
6807.594 -40.740
6808.611 -33.508
6809.628 -28.839
6810.645 -25.238
6811.662 -23.975
6812.679 -22.270
6813.696 -20.683
6814.713 -24.466
6815.730 -37.366
6816.747 -50.692
6817.764 -58.230
6818.781 -57.916
6819.798 -54.658
6820.816 -48.638
6821.834 -42.280
6822.851 -37.105
6823.869 -33.217
6824.886 -30.460
6825.903 -28.426
6826.919 -26.262
6827.933 -24.170
6828.950 -21.851
6829.968 -21.508
6830.985 -22.682
6832.003 -23.948
6833.020 -24.398
6834.037 -24.083
6835.054 -23.255
6836.071 -22.724
6837.088 -23.697
6838.106 -24.589
6839.123 -25.438
6840.140 -26.405
6841.157 -26.429
6842.175 -26.343
6843.192 -26.183
6844.209 -25.636
6845.226 -25.439
6846.243 -25.110
6847.261 -24.826
6848.277 -24.330
6849.295 -23.591
6850.312 -25.984
6851.329 -28.645
6852.346 -31.272
6853.363 -34.799
6854.381 -36.987
6855.398 -38.537
6856.415 -34.183
6857.432 -29.789
6858.450 -27.403
6859.468 -37.764
6860.486 -47.916
6861.502 -58.217
6862.520 -70.152
6863.537 -81.986
6864.555 -93.535
6865.572 -105.306
6866.590 -117.182
6867.607 -128.781
6868.624 -140.249
6869.641 -145.097
6870.659 -134.960
6871.676 -124.087
6872.693 -111.656
6873.710 -99.178
6874.728 -86.566
6875.746 -74.104
6876.763 -58.681
6877.780 -39.780
6878.798 -23.756
6879.815 -11.065
6880.832 -11.625
6881.849 -25.173
6882.867 -38.990
6883.884 -52.543
6884.902 -68.742
6885.919 -86.576
6886.937 -90.450
6887.954 -85.325
6888.970 -76.614
6889.988 -65.931
6891.005 -55.489
6892.023 -44.896
6893.040 -50.500
6894.057 -56.713
6895.074 -60.251
6896.092 -58.838
6897.108 -50.026
6898.126 -39.420
6899.143 -28.905
6900.160 -18.616
6901.177 -8.850
6902.194 0.627
6903.212 -0.672
6904.229 -3.716
6905.246 -6.898
6906.263 -10.092
6907.281 -13.251
6908.298 -25.952
6909.316 -38.787
6910.333 -42.317
6911.351 -45.878
6912.368 -49.567
6913.385 -53.345
6914.403 -57.019
6915.420 -60.519
6916.438 -64.170
6917.455 -67.051
6918.472 -61.086
6919.489 -55.460
6920.507 -50.811
6921.524 -45.880
6922.541 -41.077
6923.559 -35.819
6924.576 -31.113
6925.594 -26.288
6926.611 -21.642
6927.628 -17.016
6928.645 -13.520
6929.663 -14.648
6930.680 -20.246
6931.697 -26.123
6932.714 -32.418
6933.731 -38.325
6934.749 -42.368
6935.766 -43.960
6936.783 -42.073
6937.800 -36.181
6938.817 -30.305
6939.835 -27.380
6940.852 -26.990
6941.870 -26.557
6942.887 -26.517
6943.904 -26.343
6944.921 -27.614
6945.938 -30.408
6946.956 -32.984
6947.973 -35.595
6948.990 -37.827
6950.008 -39.495
6951.025 -40.830
6952.042 -42.215
6953.059 -41.089
6954.077 -38.883
6955.094 -37.013
6956.112 -33.431
6957.130 -29.202
6958.147 -24.964
6959.165 -23.390
6960.182 -22.475
6961.200 -26.883
6962.217 -32.246
6963.235 -36.740
6964.252 -41.151
6965.270 -39.106
6966.287 -35.385
6967.304 -31.693
6968.321 -27.835
6969.339 -23.954
6970.357 -25.075
6971.373 -26.158
6972.391 -31.687
6973.408 -37.320
6974.426 -42.980
6975.444 -47.487
6976.462 -44.160
6977.479 -41.078
6978.494 -40.195
6979.509 -52.603
6980.525 -65.035
6981.541 -73.931
6982.557 -71.056
6983.574 -68.481
6984.591 -64.243
6985.608 -55.477
6986.625 -46.377
6987.642 -36.594
6988.659 -33.464
6989.677 -44.020
6990.694 -54.459
6991.711 -63.824
6992.728 -70.995
6993.745 -72.811
6994.763 -67.056
6995.780 -59.191
6996.797 -48.655
6997.814 -43.525
6998.832 -44.835
6999.849 -43.797
7000.867 -40.634
7001.883 -36.348
7002.901 -31.135
7003.917 -25.693
7004.935 -24.307
7005.952 -24.497
7006.969 -24.299
7007.986 -24.092
7009.004 -31.552
7010.020 -42.721
7011.038 -47.136
7012.055 -48.611
7013.072 -48.294
7014.088 -46.914
7015.106 -46.707
7016.123 -46.762
7017.140 -45.026
7018.158 -43.228
7019.175 -41.468
7020.192 -40.406
7021.210 -39.458
7022.227 -35.129
7023.244 -31.869
7024.262 -41.279
7025.278 -51.944
7026.296 -62.673
7027.313 -75.275
7028.331 -85.970
7029.348 -96.831
7030.365 -108.644
7031.381 -118.896
7032.398 -108.530
7033.415 -98.302
7034.432 -88.121
7035.450 -77.235
7036.467 -66.168
7037.485 -55.723
7038.502 -45.113
7039.519 -34.836
7040.537 -25.536
7041.554 -16.171
7042.572 -6.415
7043.591 5.464
7044.608 17.235
7045.625 28.725
7046.643 40.231
7047.660 51.859
7048.677 63.459
7049.694 74.396
7050.711 84.802
7051.729 95.131
7052.746 99.514
7053.764 95.539
7054.782 88.332
7055.799 76.205
7056.816 64.056
7057.834 54.422
7058.851 46.879
7059.868 35.323
7060.886 20.568
7061.903 5.882
7062.920 -8.830
7063.937 -21.114
7064.955 -31.456
7065.972 -41.858
7066.990 -47.459
7068.008 -50.794
7069.025 -53.897
7070.042 -46.268
7071.060 -34.021
7072.077 -22.102
7073.095 -9.993
7074.112 2.211
7075.130 -5.635
7076.148 -18.560
7077.166 -31.770
7078.183 -39.201
7079.200 -45.266
7080.218 -51.424
7081.235 -57.752
7082.252 -57.223
7083.269 -55.834
7084.287 -54.322
7085.304 -52.928
7086.322 -51.735
7087.340 -50.233
7088.357 -40.183
7089.373 -30.064
7090.390 -20.002
7091.407 -10.815
7092.425 -9.289
7093.442 -7.583
7094.459 -6.931
7095.477 -14.293
7096.494 -21.666
7097.511 -29.210
7098.528 -36.762
7099.546 -44.194
7100.563 -51.448
7101.580 -56.706
7102.598 -56.031
7103.615 -55.497
7104.633 -54.900
7105.650 -52.989
7106.668 -48.753
7107.685 -44.610
7108.702 -39.778
7109.719 -34.811
7110.737 -31.886
7111.754 -32.326
7112.772 -32.445
7113.789 -32.717
7114.807 -32.767
7115.824 -34.457
7116.842 -37.497
7117.859 -40.202
7118.877 -43.220
7119.894 -46.174
7120.912 -49.175
7121.929 -48.642
7122.946 -45.988
7123.963 -42.880
7124.981 -35.725
7125.998 -25.881
7127.016 -18.840
7128.033 -13.276
7129.049 -7.544
7130.067 -1.648
7131.085 -9.432
7132.102 -21.426
7133.119 -33.391
7134.137 -40.952
7135.154 -53.295
7136.173 -66.574
7137.190 -79.973
7138.208 -93.144
7139.226 -106.404
7140.243 -119.822
7141.259 -133.524
7142.275 -147.283
7143.292 -161.067
7144.309 -174.658
7145.327 -188.275
7146.344 -201.833
7147.361 -189.525
7148.377 -177.126
7149.395 -164.730
7150.412 -152.300
7151.430 -138.805
7152.447 -125.322
7153.465 -112.027
7154.483 -100.309
7155.500 -88.491
7156.517 -76.866
7157.534 -65.157
7158.551 -53.771
7159.567 -43.601
7160.583 -33.406
7161.601 -24.564
7162.618 -19.948
7163.635 -17.056
7164.652 -19.533
7165.668 -23.105
7166.686 -28.091
7167.702 -31.039
7168.719 -30.534
7169.737 -29.970
7170.754 -35.108
7171.771 -49.377
7172.788 -63.624
7173.806 -77.837
7174.823 -91.634
7175.840 -104.977
7176.857 -118.304
7177.874 -119.471
7178.891 -110.715
7179.908 -100.352
7180.925 -88.766
7181.942 -77.166
7182.959 -67.717
7183.976 -72.557
7184.993 -71.313
7186.011 -63.697
7187.027 -53.848
7188.045 -43.229
7189.062 -32.549
7190.080 -24.938
7191.096 -18.578
7192.113 -12.270
7193.130 -12.216
7194.145 -13.747
7195.162 -16.087
7196.179 -19.232
7197.195 -22.763
