0.000 6.387
0.115 7.622
0.232 8.853
0.349 10.116
0.466 11.329
0.583 12.561
0.700 13.824
0.817 15.078
0.934 16.308
1.051 17.538
1.168 18.820
1.285 20.077
1.402 21.265
1.519 22.518
1.636 23.775
1.753 24.994
1.870 26.282
1.986 27.521
2.104 28.760
2.221 29.991
2.337 31.207
2.454 32.437
2.571 33.703
2.689 34.939
2.806 36.216
2.923 37.427
3.039 38.653
3.155 39.853
3.272 41.090
3.389 42.113
3.506 42.987
3.624 43.783
3.741 44.608
3.858 45.409
3.975 46.286
4.092 47.076
4.209 47.898
4.326 48.727
4.443 49.879
4.560 50.974
4.677 52.068
4.793 53.148
4.911 54.294
5.028 55.390
5.145 56.474
5.261 57.579
5.378 58.777
5.495 59.959
5.613 61.206
5.730 62.420
5.847 63.625
5.964 64.850
6.080 66.027
6.196 67.247
6.313 68.451
6.430 69.654
6.547 70.844
6.663 72.056
6.780 73.293
6.896 74.487
7.014 75.699
7.131 76.873
7.249 78.089
7.366 79.304
7.483 80.578
7.600 81.810
7.717 83.076
7.834 84.348
7.951 85.559
8.069 86.834
8.186 88.122
8.303 89.365
8.420 90.562
8.538 91.767
8.654 92.979
8.772 94.178
8.889 95.385
9.006 96.621
9.123 97.806
9.240 99.027
9.357 100.258
9.474 101.458
9.591 102.703
9.707 103.915
9.825 105.130
9.942 106.384
10.059 107.628
10.176 108.862
10.293 110.100
10.410 111.305
10.528 112.492
10.645 113.747
10.761 114.914
10.878 116.152
10.995 117.343
11.112 118.555
11.230 119.812
11.347 120.986
11.464 122.183
12.481 132.663
13.499 143.146
14.516 153.313
15.533 170.002
16.551 204.887
17.569 239.939
18.586 274.924
19.603 310.028
20.620 345.127
21.637 380.063
22.653 415.055
23.671 449.958
24.689 484.821
25.706 521.018
26.723 557.260
27.740 593.265
28.757 629.207
29.774 665.347
30.791 187.764
31.809 120.392
32.827 156.548
33.844 111.446
34.861 147.540
35.878 130.062
36.895 101.393
37.912 84.411
38.930 120.563
39.947 118.670
40.964 154.933
41.982 191.091
42.999 214.392
44.016 214.550
45.033 214.717
46.050 214.794
47.067 215.076
48.085 215.369
49.102 215.494
50.119 215.928
51.136 216.013
52.154 216.150
53.171 216.418
54.188 216.801
55.205 217.078
56.223 217.243
57.240 217.440
58.258 217.766
59.275 217.852
60.292 218.208
61.309 218.481
62.328 218.781
63.345 219.073
64.362 219.098
65.379 219.313
66.396 219.468
67.414 219.671
68.431 219.982
69.448 220.101
70.465 220.245
71.483 220.711
72.500 220.903
73.517 221.277
74.535 221.483
75.552 221.829
76.570 221.839
77.587 221.950
78.604 222.324
79.622 222.589
80.639 222.722
81.656 222.712
82.674 222.782
83.691 223.008
84.708 223.347
85.725 223.616
86.742 223.730
87.760 223.866
88.777 224.071
89.794 224.078
90.812 224.172
91.828 224.294
92.846 224.546
93.862 224.845
94.880 224.961
95.897 225.082
96.914 225.224
97.931 225.424
98.949 225.654
99.965 225.837
100.982 225.885
102.000 226.023
103.016 226.038
104.034 226.332
105.050 226.586
106.066 226.740
107.083 226.976
108.101 227.216
109.117 227.136
110.134 227.363
111.152 227.458
112.169 227.739
113.188 227.877
114.205 227.954
115.222 228.157
116.239 228.408
117.257 228.498
118.275 228.669
119.291 228.927
120.309 229.016
121.326 229.101
122.344 229.377
123.361 229.471
124.378 229.871
125.395 230.151
126.413 230.330
127.431 230.429
128.448 230.604
129.464 230.626
130.480 230.797
131.495 231.144
132.511 231.365
133.527 231.366
134.544 231.662
135.561 231.914
136.579 232.126
137.597 232.297
138.614 232.414
139.631 232.598
140.648 232.868
141.665 233.107
142.682 233.180
143.699 233.246
144.716 233.436
145.733 233.554
146.751 233.577
147.768 233.863
148.785 234.164
149.802 234.316
150.819 234.480
151.836 234.613
152.854 234.635
153.871 234.926
154.888 235.250
155.905 235.375
156.922 235.381
157.939 235.626
158.956 235.833
159.973 235.916
160.990 236.199
162.007 236.496
163.024 236.792
164.041 236.797
165.059 236.841
166.077 237.159
167.094 237.287
168.111 237.327
169.129 237.708
170.146 237.722
171.163 238.014
172.180 238.117
173.197 238.256
174.214 238.492
175.232 238.683
176.249 238.853
177.267 238.911
178.283 238.753
179.300 238.823
180.317 238.376
181.335 238.291
182.352 238.276
183.369 238.393
184.386 238.453
185.403 238.200
186.420 237.964
187.438 237.953
188.455 237.891
189.473 237.855
190.490 237.804
191.507 237.957
192.524 237.904
193.541 237.894
194.558 237.913
195.576 237.747
196.593 237.557
197.610 237.516
198.628 237.630
199.645 237.721
200.662 237.623
201.679 237.427
202.697 237.411
203.714 237.462
204.732 237.589
205.748 237.635
206.765 237.634
207.781 237.580
208.799 237.455
209.816 237.293
210.834 237.234
211.851 237.189
212.868 237.166
213.885 237.302
214.902 237.196
215.919 237.205
216.936 237.262
217.953 237.007
218.971 236.818
219.987 237.006
221.005 237.171
222.021 237.166
223.039 237.100
224.055 237.146
225.073 237.007
226.090 237.047
227.107 236.861
228.124 236.926
229.141 236.889
230.158 236.797
231.176 236.845
232.193 236.597
233.211 236.647
234.228 236.704
235.246 236.751
236.263 236.781
237.281 236.463
238.297 236.569
239.315 236.381
240.333 236.319
241.350 236.557
242.368 236.430
243.385 236.420
244.402 236.572
245.419 236.449
246.435 236.556
247.453 236.533
248.470 236.509
249.488 236.283
250.505 236.214
251.522 236.381
252.540 236.276
253.558 236.155
254.575 236.424
255.592 236.582
256.609 236.726
257.627 236.891
258.644 237.164
259.661 237.268
260.679 237.574
261.696 237.881
262.714 238.065
263.731 238.121
264.748 238.207
265.765 238.379
266.783 238.432
267.800 238.664
268.817 238.898
269.834 239.037
270.852 239.169
271.869 239.505
272.886 239.737
273.904 239.769
274.921 240.000
275.938 240.266
276.956 240.527
277.973 240.809
278.990 240.857
280.008 240.970
281.025 241.128
282.043 241.045
283.061 241.187
284.078 241.462
285.095 241.724
286.112 241.745
287.129 241.986
288.147 242.062
289.165 242.431
290.182 242.532
291.199 242.623
292.216 242.926
293.234 243.211
294.251 243.292
295.268 243.369
296.285 243.456
297.303 243.946
298.320 244.041
299.338 243.987
300.355 244.037
301.372 244.029
302.390 243.750
303.407 243.952
304.424 243.981
305.442 243.713
306.458 243.713
307.476 243.562
308.494 243.929
309.512 243.906
310.529 243.588
311.544 243.642
312.560 243.583
313.575 243.759
314.591 243.813
315.608 243.868
316.625 243.808
317.642 243.721
318.658 243.639
319.675 243.660
320.692 243.685
321.710 243.624
322.726 243.566
323.743 243.593
324.760 243.408
325.777 243.433
326.793 243.624
327.810 243.557
328.827 243.482
329.845 243.542
330.861 243.505
331.879 243.367
332.896 243.198
333.913 243.263
334.931 243.315
335.948 243.307
336.965 243.201
337.982 243.350
339.000 243.366
340.016 243.068
341.034 243.100
342.051 243.289
343.068 243.109
344.085 243.068
345.103 243.192
346.120 243.228
347.137 243.293
348.155 243.107
349.172 243.053
350.189 242.994
351.206 243.066
352.223 243.151
353.241 242.978
354.257 242.798
355.275 242.970
356.292 242.894
357.309 242.926
358.326 242.659
359.343 242.779
360.360 242.808
361.378 242.901
362.395 242.495
363.412 242.475
364.429 242.476
365.446 242.601
366.464 242.665
367.480 242.678
368.497 242.477
369.514 242.466
370.531 242.660
371.548 242.726
372.566 242.525
373.582 242.494
374.600 242.533
375.616 242.386
376.634 242.456
377.651 242.400
378.668 242.341
379.685 242.355
380.702 242.311
381.719 242.355
382.736 242.270
383.754 242.266
384.771 242.383
385.788 242.476
386.806 242.429
387.823 242.311
388.841 242.109
389.858 242.232
390.875 242.359
391.893 242.412
392.910 242.394
393.927 242.290
394.944 242.161
395.961 242.107
396.978 242.157
397.996 242.199
399.013 242.399
400.030 242.571
401.047 242.424
402.064 242.310
403.082 242.168
404.099 242.252
405.116 242.466
406.133 242.651
407.151 242.615
408.169 242.653
409.186 242.512
410.204 242.482
411.221 242.695
412.239 242.667
413.256 242.693
414.273 242.836
415.290 242.937
416.307 243.197
417.325 243.390
418.343 243.381
419.360 243.197
420.377 243.142
421.395 243.197
422.412 243.446
423.429 243.236
424.446 243.472
425.463 243.596
426.481 243.547
427.498 243.515
428.515 243.739
429.532 243.626
430.550 243.624
431.567 243.692
432.585 243.839
433.601 243.748
434.619 243.768
435.636 243.913
436.654 244.044
437.671 244.091
438.688 244.190
439.705 244.161
440.723 244.306
441.740 244.380
442.757 244.395
443.774 244.459
444.791 244.320
445.809 244.402
446.826 244.729
447.843 244.824
448.861 244.836
449.878 244.977
450.895 245.084
451.912 245.052
452.929 245.091
453.947 245.229
454.965 245.297
455.982 245.496
457.001 245.604
458.017 245.621
459.035 245.655
460.052 245.601
461.070 245.854
462.087 246.109
463.104 245.976
464.122 246.172
465.139 246.262
466.157 246.193
467.175 246.357
468.192 246.411
469.209 246.434
470.227 246.428
471.244 246.610
472.261 246.866
473.279 247.094
474.296 247.159
475.313 246.887
476.330 247.234
477.348 247.308
478.365 247.302
479.382 247.152
480.400 247.476
481.417 247.492
482.434 247.552
483.451 247.601
484.468 247.835
485.486 247.901
486.503 248.096
487.520 248.322
488.537 248.362
489.555 248.334
490.572 248.407
491.589 248.545
492.604 248.731
493.619 248.868
494.635 248.954
495.651 249.112
496.668 249.123
497.685 249.195
498.701 249.399
499.719 249.496
500.736 249.460
501.753 249.552
502.770 249.643
503.787 249.852
504.804 250.000
505.821 250.154
506.838 250.296
507.855 250.433
508.872 250.536
509.889 250.604
510.906 250.801
511.924 250.854
512.941 251.000
513.959 251.213
514.976 251.205
515.993 251.353
517.011 251.528
518.028 251.616
519.044 251.551
520.058 251.786
521.076 251.993
522.093 252.043
523.110 252.182
524.128 252.239
525.145 252.209
526.162 252.224
527.179 252.562
528.196 252.420
529.214 252.700
530.231 252.966
531.248 252.978
532.264 253.132
533.282 253.152
534.298 253.214
535.316 253.340
536.333 253.522
537.350 253.611
538.367 253.546
539.384 253.844
540.401 253.955
541.420 254.228
542.438 254.376
543.455 254.177
544.472 254.224
545.490 254.190
546.507 254.396
547.524 254.684
548.542 254.914
549.559 254.848
550.576 254.775
551.593 254.975
552.612 255.137
553.628 255.089
554.646 255.224
555.663 255.422
556.680 255.381
557.697 255.441
558.715 255.496
559.732 255.663
560.750 255.798
561.766 255.899
562.784 255.903
563.801 255.980
564.819 256.112
565.836 256.078
566.854 256.156
567.871 256.360
568.889 256.553
569.906 256.544
570.924 256.493
571.942 256.511
572.958 256.534
573.976 256.513
574.994 256.716
576.012 256.831
577.029 256.939
578.045 256.972
579.062 257.114
580.079 257.032
581.096 257.206
582.114 257.401
583.131 257.296
584.148 257.344
585.166 257.274
586.183 257.417
587.200 257.346
588.218 257.621
589.235 257.518
590.253 257.711
591.270 257.559
592.287 257.704
593.304 257.773
594.321 257.875
595.338 258.093
596.355 257.828
597.372 258.078
598.389 257.871
599.407 257.793
600.424 257.917
601.442 258.069
602.459 258.018
603.477 258.135
604.495 257.981
605.511 257.936
606.529 258.073
607.546 258.198
608.564 258.083
609.582 258.046
610.599 258.024
611.617 257.948
612.634 257.965
613.651 257.914
614.668 257.911
615.685 257.964
616.701 258.171
617.719 258.195
618.737 258.040
619.754 257.984
620.771 258.112
621.788 257.953
622.806 257.907
623.823 257.936
624.839 257.876
625.857 258.009
626.875 258.082
627.892 258.122
628.910 258.006
629.927 257.858
630.944 257.881
631.962 257.931
632.979 257.948
633.996 258.031
635.013 258.083
636.030 257.894
637.047 257.912
638.065 257.996
639.082 258.086
640.100 258.149
641.117 258.102
642.135 258.007
643.152 257.871
644.169 257.893
645.186 257.790
646.204 257.948
647.220 257.962
648.238 258.103
649.254 257.912
650.271 257.973
651.289 257.993
652.306 258.071
653.323 258.184
654.341 258.103
655.358 258.016
656.375 257.980
657.392 258.143
658.409 258.080
659.427 257.926
660.444 257.965
661.462 257.777
662.479 257.951
663.496 258.041
664.513 257.980
665.530 257.977
666.547 257.976
667.565 257.786
668.583 257.728
669.602 257.718
670.619 257.593
671.636 257.773
672.651 257.727
673.666 257.699
674.682 257.868
675.699 257.865
676.715 257.909
677.732 257.764
678.749 257.710
679.765 257.742
680.782 257.962
681.799 257.861
682.816 257.762
683.833 257.822
684.849 257.882
685.863 257.736
686.880 257.665
687.897 257.785
688.914 257.797
689.931 257.701
690.949 257.719
691.965 257.750
692.982 257.694
693.999 257.666
695.016 257.833
696.033 258.018
697.051 257.971
698.068 257.894
699.085 257.752
700.102 257.562
701.120 257.657
702.137 257.596
703.154 257.522
704.171 257.505
705.189 257.555
706.205 257.550
707.222 257.511
708.239 257.774
709.256 257.807
710.273 257.625
711.290 257.599
712.307 257.797
713.325 257.725
714.342 257.801
715.358 257.646
716.375 257.418
717.392 257.357
718.409 257.566
719.427 257.589
720.444 257.324
721.462 257.218
722.479 257.384
723.496 257.287
724.513 257.285
725.530 257.497
726.547 257.466
727.565 257.397
728.582 257.476
729.599 257.456
730.617 257.450
731.634 257.411
732.652 257.340
733.668 257.161
734.685 257.072
735.703 256.945
736.720 256.965
737.737 256.946
738.754 256.984
739.771 257.078
740.788 257.116
741.805 257.053
742.823 256.826
743.840 256.852
744.857 256.940
745.874 256.900
746.891 256.795
747.908 256.750
748.925 256.842
749.943 256.771
750.960 256.822
751.978 256.879
752.995 256.747
754.012 256.653
755.030 256.746
756.047 256.612
757.065 256.628
758.081 256.776
759.098 256.824
760.116 256.809
761.133 256.615
762.150 256.356
763.168 256.401
764.186 256.463
765.202 256.574
766.220 256.378
767.237 256.350
768.254 256.553
769.271 256.620
770.288 256.422
771.305 256.499
772.322 256.415
773.340 256.391
774.358 256.242
775.375 256.361
776.392 256.314
777.408 256.113
778.426 256.223
779.444 256.090
780.461 256.273
781.478 256.252
782.495 256.237
783.512 256.110
784.528 256.155
785.546 256.004
786.562 256.016
787.580 255.942
788.597 255.651
789.614 255.666
790.631 255.428
791.649 255.273
792.666 255.124
793.683 255.153
794.701 255.091
795.719 254.890
796.736 254.712
797.753 254.595
798.771 254.459
799.788 254.366
800.805 254.449
801.821 254.302
802.840 254.149
803.856 253.914
804.874 253.875
805.891 253.867
806.908 253.753
807.925 253.543
808.943 253.399
809.959 253.180
810.977 253.183
811.994 253.015
813.011 252.789
814.028 252.900
815.045 252.606
816.063 252.413
817.080 252.316
818.098 252.230
819.116 252.215
820.133 252.198
821.151 251.925
822.169 251.757
823.186 251.605
824.204 251.685
825.221 251.554
826.239 251.385
827.256 251.441
828.274 251.244
829.291 251.000
830.309 250.788
831.326 250.695
832.343 250.530
833.360 250.269
834.377 250.364
835.395 250.064
836.412 250.067
837.430 249.893
838.447 249.592
839.465 249.679
840.482 249.581
841.500 249.321
842.517 249.081
843.534 249.109
844.551 249.259
845.569 249.059
846.586 248.815
847.603 248.741
848.621 248.802
849.638 248.691
850.656 248.459
851.675 248.204
852.693 247.995
853.709 247.835
854.724 247.791
855.740 247.906
856.756 247.700
857.773 247.492
858.789 247.389
859.806 247.278
860.823 247.175
861.840 247.079
862.857 246.992
863.874 246.827
864.891 246.544
865.908 246.493
866.925 246.511
867.942 246.318
868.959 246.180
869.976 246.190
870.993 246.071
872.010 245.777
873.027 245.550
874.043 245.499
875.061 245.397
876.078 245.288
877.095 245.098
878.112 245.121
879.129 244.896
880.147 244.715
881.163 244.778
882.180 244.499
883.197 244.419
884.211 244.366
885.229 244.217
886.246 244.095
887.263 243.860
888.280 243.691
889.297 243.787
890.313 243.776
891.330 243.490
892.348 243.507
893.366 243.432
894.383 243.332
895.400 243.204
896.418 243.066
897.435 242.982
898.452 242.794
899.469 242.468
900.487 242.253
901.504 242.240
902.521 242.014
903.539 241.875
904.556 241.865
905.573 241.791
906.590 241.770
907.607 241.645
908.625 241.603
909.642 241.431
910.659 241.091
911.677 240.970
912.694 240.868
913.711 240.772
914.728 240.827
915.746 240.785
916.763 240.692
917.780 240.521
918.798 240.287
919.815 240.144
920.832 239.924
921.849 239.773
922.867 239.734
923.885 239.755
924.902 239.451
925.919 239.361
926.936 239.120
927.953 239.096
928.970 239.068
929.987 238.867
931.005 238.801
932.022 238.599
933.039 238.425
934.056 238.204
935.073 238.174
936.090 238.196
937.108 238.176
938.125 237.814
939.143 237.914
940.160 237.622
941.178 237.396
942.195 237.566
943.212 237.436
944.229 237.254
945.246 237.086
946.263 236.730
947.280 236.869
948.297 236.737
949.315 236.630
950.332 236.464
951.350 236.201
952.367 236.143
953.384 236.127
954.401 235.946
955.418 235.564
956.436 235.481
957.453 235.427
958.471 235.292
959.488 235.370
960.505 235.134
961.522 235.099
962.539 234.992
963.557 234.679
964.574 234.606
965.591 234.649
966.609 234.339
967.626 234.203
968.644 234.134
969.662 233.886
970.679 233.667
971.696 233.731
972.714 233.643
973.731 233.499
974.749 233.487
975.766 233.330
976.784 233.065
977.801 232.901
978.819 232.916
979.835 232.860
980.852 232.687
981.870 232.388
982.887 232.224
983.904 232.087
984.921 232.017
985.938 232.060
986.956 232.013
987.973 231.781
988.991 231.432
990.009 231.423
991.026 231.422
992.044 231.231
993.061 230.999
994.078 230.870
995.095 230.750
996.113 230.736
997.130 230.638
998.147 230.414
999.163 230.288
1000.177 230.125
1001.195 230.028
1002.212 229.633
1003.229 229.662
1004.246 229.649
1005.264 229.442
1006.281 229.220
1007.297 229.158
1008.315 228.915
1009.332 228.762
1010.350 228.859
1011.368 228.797
1012.386 228.578
1013.403 228.528
1014.421 228.356
1015.438 227.984
1016.455 227.879
1017.473 227.640
1018.490 227.551
1019.507 227.306
1020.525 227.170
1021.542 227.277
1022.559 227.229
1023.576 227.073
1024.593 226.738
1025.610 226.696
1026.628 226.603
1027.645 226.445
1028.663 226.352
1029.680 226.054
1030.697 225.963
1031.714 225.798
1032.732 225.654
1033.750 225.597
1034.767 225.440
1035.783 225.251
1036.798 225.075
1037.814 224.973
1038.829 224.821
1039.846 224.790
1040.862 224.786
1041.878 224.544
1042.895 224.341
1043.912 224.086
1044.929 223.975
1045.946 223.825
1046.963 223.802
1047.980 223.656
1048.998 223.528
1050.015 223.595
1051.032 223.575
1052.049 223.489
1053.066 223.233
1054.083 222.873
1055.101 222.731
1056.117 222.456
1057.135 222.274
1058.152 222.348
1059.169 222.202
1060.186 221.997
1061.204 221.892
1062.220 221.783
1063.237 221.812
1064.254 221.729
1065.272 221.472
1066.288 221.314
1067.305 220.949
1068.322 221.050
1069.339 220.999
1070.357 220.830
1071.374 220.456
1072.392 220.159
1073.409 220.211
1074.427 220.186
1075.444 219.849
1076.460 219.725
1077.477 219.763
1078.494 219.557
1079.512 219.250
1080.529 219.199
1081.546 219.165
1082.563 219.093
1083.580 218.724
1084.597 218.568
1085.614 218.487
1086.631 218.425
1087.648 218.453
1088.665 218.121
1089.682 218.050
1090.699 217.898
1091.716 217.818
1092.734 217.753
1093.751 217.509
1094.768 217.396
1095.784 217.398
1096.802 217.184
1097.819 217.028
1098.837 216.938
1099.854 216.677
1100.871 216.519
1101.889 216.513
1102.906 216.342
1103.924 216.185
1104.941 215.922
1105.958 215.662
1106.975 215.467
1107.993 215.494
1109.009 215.481
1110.027 215.485
1111.043 215.325
1112.061 215.168
1113.078 214.843
1114.095 214.688
1115.113 214.591
1116.130 214.505
1117.148 214.538
1118.165 214.497
1119.182 214.165
1120.200 213.895
1121.217 213.853
1122.235 213.864
1123.252 213.502
1124.270 213.482
1125.287 213.201
1126.304 213.088
1127.322 212.930
1128.339 212.845
1129.357 212.891
1130.374 212.452
1131.392 212.221
1132.408 212.320
1133.425 212.410
1134.443 212.246
1135.460 211.782
1136.477 211.607
1137.495 211.731
1138.512 211.555
1139.529 211.248
1140.546 211.145
1141.564 211.177
1142.581 210.844
1143.598 210.751
1144.615 210.669
1145.632 210.471
1146.650 210.340
1147.667 210.336
1148.683 210.208
1149.701 210.048
1150.718 209.847
1151.735 209.614
1152.752 209.538
1153.769 209.360
1154.787 209.225
1155.804 209.114
1156.822 208.912
1157.839 208.796
1158.856 208.809
1159.874 208.532
1160.891 208.404
1161.908 208.281
1162.926 208.111
1163.943 208.031
1164.961 207.787
1165.979 207.547
1166.996 207.569
1168.013 207.410
1169.031 207.191
1170.048 207.114
1171.065 206.903
1172.082 206.703
1173.100 206.774
1174.117 206.619
1175.134 206.337
1176.152 206.313
1177.170 206.238
1178.187 205.908
1179.204 205.846
1180.221 205.715
1181.238 205.443
1182.256 205.411
1183.273 205.476
1184.290 205.189
1185.307 204.967
1186.325 204.829
1187.342 204.664
1188.359 204.595
1189.377 204.624
1190.394 204.399
1191.412 204.113
1192.429 204.052
1193.446 203.866
1194.463 203.827
1195.480 203.889
1196.497 203.808
1197.515 203.489
1198.532 203.222
1199.549 203.045
1200.566 202.889
1201.584 202.733
1202.602 202.672
1203.619 202.546
1204.637 202.404
1205.655 202.489
1206.672 202.313
1207.689 202.173
1208.707 202.021
1209.724 201.772
1210.742 201.556
1211.759 201.489
1212.776 201.344
1213.794 201.076
1214.812 201.028
1215.828 200.936
1216.843 200.836
1217.859 200.758
1218.874 200.469
1219.891 200.165
1220.907 200.153
1221.924 200.043
1222.942 199.917
1223.959 199.686
1224.976 199.636
1225.993 199.567
1227.010 199.341
1228.027 199.288
1229.044 199.102
1230.062 198.894
1231.078 198.908
1232.096 198.940
1233.113 198.631
1234.130 198.470
1235.147 198.177
1236.164 198.099
1237.182 197.730
1238.199 197.546
1239.216 197.614
1240.233 197.642
1241.250 197.368
1242.267 197.198
1243.284 197.069
1244.301 196.990
1245.318 197.061
1246.336 196.724
1247.353 196.559
1248.371 196.459
1249.387 196.206
1250.404 196.082
1251.421 195.970
1252.439 195.728
1253.455 195.606
1254.473 195.567
1255.490 195.572
1256.507 195.427
1257.524 195.264
1258.541 195.125
1259.558 195.093
1260.575 194.908
1261.592 194.732
1262.609 194.534
1263.627 194.455
1264.645 194.252
1265.662 194.185
1266.679 194.191
1267.697 193.892
1268.714 193.666
1269.731 193.589
1270.748 193.555
1271.765 193.507
1272.782 193.169
1273.799 192.890
1274.816 192.823
1275.834 192.870
1276.850 192.748
1277.868 192.670
1278.885 192.588
1279.902 192.451
1280.918 192.346
1281.936 192.196
1282.953 192.060
1283.970 191.774
1284.987 191.640
1286.004 191.596
1287.021 191.395
1288.038 191.174
1289.055 191.166
1290.071 191.119
1291.089 190.933
1292.106 190.843
1293.124 190.810
1294.141 190.546
1295.158 190.433
1296.175 190.367
1297.193 190.081
1298.210 190.058
1299.228 189.937
1300.244 189.993
1301.262 189.788
1302.279 189.680
1303.296 189.265
1304.313 189.043
1305.330 189.115
1306.347 189.215
1307.364 189.066
1308.381 188.852
1309.398 188.847
1310.416 188.773
1311.433 188.555
1312.450 188.501
1313.468 188.218
1314.483 188.260
1315.500 187.916
1316.517 187.946
1317.535 187.735
1318.552 187.719
1319.570 187.558
1320.587 187.521
1321.605 187.289
1322.622 187.320
1323.640 187.092
1324.657 186.923
1325.674 186.833
1326.692 186.813
1327.709 186.689
1328.726 186.697
1329.744 186.783
1330.761 186.592
1331.778 186.278
1332.796 185.998
1333.813 185.978
1334.830 186.002
1335.848 185.800
1336.865 185.692
1337.882 185.559
1338.900 185.517
1339.916 185.399
1340.934 185.304
1341.951 185.217
1342.968 185.084
1343.985 184.909
1345.003 184.801
1346.020 184.678
1347.038 184.421
1348.055 184.176
1349.072 184.171
1350.089 184.217
1351.107 183.886
1352.124 183.758
1353.141 183.769
1354.159 183.657
1355.177 183.519
1356.194 183.574
1357.212 183.568
1358.229 183.244
1359.246 183.212
1360.264 183.056
1361.280 182.707
1362.298 182.664
1363.316 182.449
1364.333 182.539
1365.351 182.328
1366.369 182.469
1367.387 182.026
1368.404 182.058
1369.421 181.859
1370.438 181.996
1371.455 181.873
1372.473 181.498
1373.490 181.354
1374.507 181.339
1375.524 181.471
1376.542 181.213
1377.559 180.954
1378.576 180.965
1379.594 180.931
1380.611 180.786
1381.629 180.629
1382.646 180.369
1383.664 180.206
1384.680 180.189
1385.698 180.347
1386.715 180.185
1387.732 180.004
1388.750 179.988
1389.767 179.839
1390.785 179.662
1391.802 179.540
1392.819 179.500
1393.837 179.331
1394.855 179.167
1395.872 179.109
1396.889 179.089
1397.907 178.916
1398.923 178.642
1399.939 178.554
1400.956 178.544
1401.973 178.549
1402.990 178.444
1404.007 178.177
1405.023 178.164
1406.041 177.901
1407.058 177.709
1408.075 177.681
1409.092 177.573
1410.109 177.586
1411.126 177.452
1412.143 177.342
1413.161 177.137
1414.178 177.123
1415.195 177.069
1416.212 176.855
1417.229 176.961
1418.246 176.900
1419.263 176.635
1420.280 176.532
1421.297 176.333
1422.314 176.415
1423.331 176.328
1424.349 176.369
1425.366 176.172
1426.383 175.958
1427.401 175.938
1428.418 175.867
1429.435 175.634
1430.452 175.496
1431.469 175.313
1432.485 175.463
1433.502 175.164
1434.519 174.875
1435.536 175.052
1436.553 175.110
1437.571 174.864
1438.588 174.907
1439.605 174.972
1440.622 174.802
1441.640 174.440
1442.657 174.453
1443.674 174.425
1444.692 174.367
1445.709 174.306
1446.726 174.393
1447.743 174.319
1448.760 174.138
1449.778 173.853
1450.795 173.736
1451.812 173.690
1452.829 173.706
1453.846 173.756
1454.864 173.828
1455.882 173.612
1456.899 173.318
1457.916 173.147
1458.933 173.129
1459.951 173.113
1460.968 173.146
1461.985 173.045
1463.003 172.847
1464.020 172.861
1465.037 172.721
1466.054 172.637
1467.072 172.626
1468.089 172.599
1469.106 172.435
1470.123 172.181
1471.140 172.037
1472.157 172.027
1473.174 172.041
1474.191 172.168
1475.209 171.998
1476.226 171.987
1477.243 172.178
1478.261 171.844
1479.278 171.824
1480.295 171.602
1481.312 171.561
1482.330 171.487
1483.347 171.411
1484.365 171.437
1485.382 171.251
1486.399 171.337
1487.417 171.013
1488.434 171.209
1489.451 171.107
1490.468 170.950
1491.486 170.816
1492.503 170.842
1493.520 170.697
1494.537 170.554
1495.555 170.647
1496.572 170.466
1497.589 170.392
1498.607 170.362
1499.623 170.506
1500.641 170.499
1501.657 170.290
1502.675 170.255
1503.692 170.008
1504.709 170.112
1505.726 170.113
1506.744 170.080
1507.761 169.940
1508.778 169.799
1509.795 169.737
1510.813 169.789
1511.830 169.707
1512.847 169.503
1513.864 169.381
1514.882 169.343
1515.899 169.330
1516.916 169.414
1517.932 169.454
1518.949 169.321
1519.966 169.094
1520.984 169.046
1522.002 169.041
1523.019 168.970
1524.036 169.019
1525.053 168.770
1526.071 168.713
1527.088 168.801
1528.105 168.868
1529.123 168.806
1530.140 168.678
1531.158 168.432
1532.175 168.538
1533.193 168.325
1534.210 168.295
1535.227 168.191
1536.244 168.339
1537.262 168.232
1538.279 168.160
1539.296 168.249
1540.314 168.051
1541.332 168.066
1542.349 167.970
1543.366 167.826
1544.383 168.087
1545.401 168.084
1546.418 167.799
1547.435 167.643
1548.452 167.737
1549.470 167.630
1550.488 167.811
1551.505 167.840
1552.522 167.518
1553.540 167.513
1554.557 167.721
1555.574 167.687
1556.592 167.421
1557.608 167.531
1558.625 167.413
1559.642 167.368
1560.660 167.310
1561.677 167.078
1562.694 167.030
1563.711 167.162
1564.728 167.169
1565.745 167.071
1566.762 166.972
1567.779 166.922
1568.796 166.914
1569.813 166.869
1570.831 166.639
1571.848 166.499
1572.866 166.661
1573.883 166.695
1574.901 166.703
1575.918 166.632
1576.933 166.584
1577.948 166.664
1578.964 166.586
1579.980 166.560
1580.997 166.530
1582.014 166.522
1583.031 166.527
1584.048 166.236
1585.065 166.134
1586.082 166.257
1587.099 166.239
1588.116 166.166
1589.133 166.058
1590.150 165.979
1591.167 165.894
1592.184 165.781
1593.200 165.832
1594.217 165.878
1595.234 165.938
1596.251 165.836
1597.269 165.715
1598.286 165.776
1599.303 165.609
1600.321 165.414
1601.337 165.490
1602.354 165.612
1603.371 165.614
1604.388 165.477
1605.406 165.270
1606.423 165.355
1607.440 165.531
1608.458 165.451
1609.475 165.266
1610.492 165.124
1611.509 165.032
1612.527 164.971
1613.544 164.925
1614.561 165.029
1615.578 164.928
1616.595 164.801
1617.613 164.774
1618.630 164.609
1619.647 164.432
1620.664 164.526
1621.681 164.739
1622.698 164.678
1623.715 164.443
1624.731 164.400
1625.749 164.230
1626.766 164.177
1627.783 164.240
1628.800 164.266
1629.818 164.273
1630.835 164.153
1631.852 164.092
1632.869 164.014
1633.886 163.991
1634.903 164.018
1635.921 164.015
1636.938 164.006
1637.955 163.859
1638.973 163.915
1639.989 163.859
1641.006 163.706
1642.023 163.665
1643.040 163.606
1644.057 163.589
1645.072 163.545
1646.089 163.683
1647.106 163.547
1648.124 163.338
1649.141 163.164
1650.158 163.260
1651.176 163.228
1652.192 163.256
1653.209 163.268
1654.226 163.213
1655.244 163.118
1656.261 162.906
1657.278 162.849
1658.295 162.956
1659.312 163.062
1660.328 162.994
1661.346 163.091
1662.363 162.803
1663.381 162.783
1664.398 162.609
1665.416 162.612
1666.433 162.639
1667.451 162.650
1668.468 162.701
1669.486 162.699
1670.503 162.659
1671.520 162.535
1672.538 162.600
1673.555 162.427
1674.573 162.434
1675.590 162.431
1676.607 162.430
1677.624 162.230
1678.642 162.186
1679.659 162.031
1680.676 162.071
1681.693 162.142
1682.711 162.169
1683.729 162.111
1684.746 162.137
1685.763 161.968
1686.780 161.812
1687.797 161.896
1688.815 161.954
1689.831 161.933
1690.849 161.808
1691.866 161.735
1692.884 161.550
1693.901 161.478
1694.919 161.559
1695.937 161.578
1696.954 161.628
1697.972 161.536
1698.988 161.461
1700.006 161.320
1701.023 161.121
1702.040 161.132
1703.057 161.230
1704.075 161.234
1705.092 161.122
1706.109 161.191
1707.126 161.038
1708.143 161.011
1709.160 161.113
1710.178 161.167
1711.195 161.144
1712.212 160.883
1713.230 160.893
1714.247 160.865
1715.264 160.576
1716.282 160.623
1717.299 160.561
1718.316 160.481
1719.332 160.485
1720.350 160.625
1721.368 160.553
1722.385 160.356
1723.402 160.443
1724.419 160.441
1725.436 160.307
1726.453 160.394
1727.471 160.408
1728.488 160.328
1729.505 160.379
1730.523 160.275
1731.540 160.238
1732.557 160.047
1733.575 160.105
1734.592 160.104
1735.610 160.106
1736.627 160.106
1737.644 159.902
1738.661 159.733
1739.679 159.740
1740.697 159.881
1741.714 159.934
1742.731 159.872
1743.748 159.694
1744.766 159.492
1745.784 159.529
1746.800 159.559
1747.818 159.443
1748.836 159.490
1749.852 159.507
1750.870 159.331
1751.887 159.311
1752.904 159.361
1753.922 159.314
1754.940 159.188
1755.958 159.111
1756.975 159.038
1757.992 158.970
1759.007 158.837
1760.022 158.861
1761.038 158.928
1762.054 159.017
1763.071 158.962
1764.088 158.840
1765.105 158.790
1766.121 158.590
1767.138 158.588
1768.155 158.641
1769.173 158.752
1770.189 158.905
1771.206 158.645
1772.224 158.458
1773.240 158.667
1774.258 158.687
1775.275 158.477
1776.292 158.499
1777.309 158.552
1778.326 158.415
1779.343 158.204
1780.360 158.265
1781.376 158.318
1782.393 158.145
1783.410 158.124
1784.428 158.217
1785.445 158.073
1786.463 157.955
1787.479 157.938
1788.497 158.119
1789.514 157.721
1790.531 157.694
1791.549 157.844
1792.566 158.045
1793.583 157.861
1794.600 157.818
1795.617 157.862
1796.635 157.804
1797.652 157.896
1798.669 157.786
1799.686 157.870
1800.703 157.781
1801.720 157.673
1802.736 157.502
1803.754 157.514
1804.770 157.663
1805.788 157.545
1806.805 157.321
1807.822 157.346
1808.839 157.400
1809.856 157.346
1810.873 157.226
1811.891 157.287
1812.907 157.290
1813.925 157.250
1814.941 157.218
1815.959 157.156
1816.976 157.135
1817.993 156.921
1819.011 156.798
1820.028 156.801
1821.045 156.730
1822.062 156.848
1823.080 156.855
1824.097 156.892
1825.114 156.862
1826.132 156.631
1827.149 156.502
1828.166 156.586
1829.183 156.767
1830.200 156.799
1831.218 156.733
1832.235 156.556
1833.251 156.547
1834.269 156.374
1835.286 156.321
1836.302 156.393
1837.320 156.497
1838.337 156.268
1839.354 156.195
1840.372 156.184
1841.389 156.251
1842.406 156.229
1843.424 156.034
1844.441 156.176
1845.458 156.008
1846.475 156.150
1847.493 155.896
1848.510 155.692
1849.527 155.840
1850.545 156.027
1851.562 156.034
1852.579 155.915
1853.596 155.818
1854.614 155.955
1855.630 155.846
1856.647 155.703
1857.665 155.739
1858.682 155.590
1859.698 155.596
1860.716 155.678
1861.732 155.576
1862.749 155.538
1863.767 155.618
1864.784 155.568
1865.801 155.443
1866.819 155.553
1867.837 155.391
1868.854 155.191
1869.871 154.980
1870.889 155.046
1871.906 155.127
1872.924 155.206
1873.941 155.119
1874.958 155.129
1875.976 155.273
1876.993 155.152
1878.010 155.022
1879.028 154.854
1880.045 154.709
1881.062 154.881
1882.080 154.943
1883.097 154.972
1884.114 154.714
1885.131 154.417
1886.149 154.603
1887.166 154.593
1888.183 154.779
1889.200 154.764
1890.218 154.560
1891.236 154.269
1892.253 154.255
1893.270 154.354
1894.287 154.478
1895.305 154.317
1896.322 154.355
1897.339 154.381
1898.356 154.238
1899.374 154.324
1900.391 154.259
1901.408 154.374
1902.425 153.945
1903.442 153.904
1904.459 153.850
1905.477 154.020
1906.494 153.987
1907.510 153.901
1908.528 153.863
1909.545 153.758
1910.563 153.599
1911.580 153.667
1912.597 153.693
1913.615 153.531
1914.632 153.472
1915.650 153.506
1916.667 153.510
1917.684 153.525
1918.701 153.545
1919.719 153.427
1920.737 153.589
1921.754 153.605
1922.771 153.416
1923.788 153.294
1924.806 153.264
1925.823 153.257
1926.841 153.298
1927.858 153.028
1928.875 152.766
1929.892 152.856
1930.909 153.005
1931.926 153.169
1932.944 153.166
1933.961 152.932
1934.978 152.886
1935.996 152.859
1937.014 152.828
1938.032 152.786
1939.049 152.847
1940.065 152.717
1941.080 152.645
1942.095 152.732
1943.111 152.696
1944.128 152.755
1945.145 152.453
1946.162 152.503
1947.178 152.388
1948.195 152.351
1949.212 152.148
1950.229 152.295
1951.246 152.298
1952.263 152.119
1953.280 152.396
1954.297 152.304
1955.314 152.197
1956.332 152.158
1957.348 152.398
1958.364 152.315
1959.380 152.155
1960.397 151.962
1961.413 151.944
1962.430 151.881
1963.447 151.992
1964.464 152.008
1965.481 151.662
1966.499 151.579
1967.516 151.636
1968.534 151.810
1969.550 151.784
1970.568 151.653
1971.585 151.737
1972.601 151.812
1973.618 151.723
1974.635 151.724
1975.652 151.551
1976.669 151.465
1977.687 151.670
1978.704 151.837
1979.722 151.866
1980.739 151.792
1981.756 151.589
1982.773 151.565
1983.790 151.630
1984.807 151.606
1985.824 151.670
1986.842 151.616
1987.859 151.629
1988.876 151.604
1989.893 151.500
1990.910 151.510
1991.928 151.442
1992.944 151.485
1993.961 151.542
1994.978 151.464
1995.995 151.442
1997.013 151.390
1998.030 151.432
1999.046 151.259
2000.064 151.186
2001.081 151.325
2002.098 151.261
2003.115 151.233
2004.132 151.300
2005.149 151.419
2006.166 151.426
2007.184 151.474
2008.201 151.466
2009.218 151.120
2010.235 150.900
2011.253 150.966
2012.269 150.847
2013.287 150.964
2014.304 151.069
2015.322 151.251
2016.339 151.047
2017.356 151.131
2018.374 151.026
2019.391 150.878
2020.408 150.831
2021.425 151.130
2022.443 151.171
2023.460 151.029
2024.478 150.995
2025.495 150.920
2026.512 150.731
2027.530 150.884
2028.547 150.997
2029.564 151.094
2030.582 150.938
2031.599 151.016
2032.616 150.871
2033.634 150.908
2034.651 150.928
2035.668 150.890
2036.684 150.924
2037.702 150.933
2038.720 151.018
2039.736 151.040
2040.754 150.985
2041.771 150.832
2042.788 150.848
2043.805 150.911
2044.823 151.006
2045.839 150.911
2046.857 150.826
2047.875 150.850
2048.891 150.827
2049.909 150.838
2050.926 150.908
2051.944 150.810
2052.961 150.819
2053.979 150.951
2054.996 150.872
2056.013 150.827
2057.030 150.852
2058.046 150.735
2059.060 150.866
2060.077 150.956
2061.095 150.969
2062.112 150.749
2063.130 150.830
2064.147 150.757
2065.165 150.935
2066.182 150.961
2067.199 150.894
2068.216 151.090
2069.233 151.100
2070.251 150.937
2071.269 151.046
2072.286 151.048
2073.303 150.808
2074.320 151.000
2075.336 151.108
2076.354 151.190
2077.372 151.027
2078.389 151.142
2079.406 151.318
2080.423 151.084
2081.441 150.917
2082.458 151.145
2083.475 151.158
2084.493 151.317
2085.510 151.062
2086.527 151.149
2087.544 151.161
2088.561 151.190
2089.577 151.076
2090.593 151.362
2091.611 151.318
2092.629 151.217
2093.646 151.037
2094.664 151.119
2095.681 151.192
2096.698 151.259
2097.715 151.165
2098.733 151.082
2099.750 151.004
2100.768 151.123
2101.785 151.221
2102.803 151.375
2103.820 151.618
2104.838 151.764
2105.855 151.697
2106.873 151.552
2107.890 151.567
2108.907 151.661
2109.924 151.835
2110.942 151.755
2111.959 151.656
2112.977 151.727
2113.995 151.725
2115.012 151.977
2116.029 152.110
2117.047 152.155
2118.064 152.061
2119.082 152.000
2120.099 151.977
2121.117 151.993
2122.135 152.023
2123.152 152.228
2124.168 152.261
2125.183 152.177
2126.199 152.269
2127.215 152.596
2128.232 152.405
2129.249 152.466
2130.266 152.634
2131.283 152.590
2132.300 152.578
2133.317 152.829
2134.333 152.743
2135.351 152.951
2136.368 152.945
2137.385 152.933
2138.402 152.988
2139.418 153.077
2140.435 153.195
2141.452 153.235
2142.469 153.200
2143.486 153.279
2144.503 153.095
2145.520 153.328
2146.537 153.394
2147.554 153.152
2148.571 153.167
2149.588 153.541
2150.606 153.755
2151.623 153.669
2152.640 153.634
2153.658 153.807
2154.675 153.932
2155.692 153.953
2156.709 154.000
2157.727 153.913
2158.744 153.996
2159.761 154.154
2160.777 154.374
2161.795 154.465
2162.812 154.463
2163.829 154.416
2164.846 154.543
2165.863 154.533
2166.880 154.497
2167.898 154.550
2168.915 154.726
2169.932 154.908
2170.949 155.079
2171.966 154.999
2172.983 154.955
2174.000 155.014
2175.017 155.114
2176.034 155.212
2177.051 155.178
2178.069 155.305
2179.087 155.455
2180.104 155.328
2181.121 155.324
2182.139 155.219
2183.156 155.391
2184.174 155.500
2185.191 155.556
2186.208 155.732
2187.226 155.731
2188.243 155.675
2189.260 155.752
2190.277 155.894
2191.294 155.909
2192.311 155.965
2193.329 155.965
2194.346 156.121
2195.364 156.206
2196.381 156.386
2197.399 156.208
2198.415 156.390
2199.432 156.639
2200.449 156.691
2201.466 156.609
2202.483 156.686
2203.502 156.600
2204.519 156.852
2205.537 156.830
2206.554 156.952
2207.571 156.974
2208.588 156.877
2209.605 157.008
2210.619 157.075
2211.637 157.078
2212.655 157.041
2213.672 157.017
2214.689 157.171
2215.706 157.344
2216.723 157.372
2217.740 157.519
2218.758 157.575
2219.775 157.660
2220.792 157.678
2221.810 157.645
2222.827 157.705
2223.844 157.700
2224.861 157.755
2225.879 157.807
2226.896 157.874
2227.914 157.918
2228.931 157.961
2229.949 158.174
2230.965 158.323
2231.983 158.403
2233.000 158.557
2234.016 158.553
2235.033 158.557
2236.051 158.565
2237.068 158.467
2238.086 158.399
2239.103 158.546
2240.120 158.727
2241.138 158.868
2242.155 158.841
2243.172 158.919
2244.189 158.766
2245.207 158.851
2246.225 158.923
2247.242 159.258
2248.259 159.217
2249.277 159.129
2250.294 159.343
2251.310 159.308
2252.327 159.448
2253.344 159.380
2254.362 159.339
2255.380 159.375
2256.397 159.515
2257.415 159.531
2258.431 159.748
2259.449 159.730
2260.466 159.869
2261.484 159.962
2262.501 159.852
2263.518 160.075
2264.535 160.069
2265.552 159.993
2266.569 160.189
2267.586 160.174
2268.603 160.250
2269.621 160.286
2270.638 160.407
2271.655 160.322
2272.672 160.471
2273.690 160.596
2274.707 160.704
2275.724 160.711
2276.742 160.824
2277.759 160.709
2278.777 160.627
2279.794 160.727
2280.812 160.833
2281.829 160.909
2282.846 161.057
2283.863 161.078
2284.881 161.310
2285.897 161.488
2286.914 161.453
2287.931 161.441
2288.949 161.485
2289.965 161.476
2290.982 161.321
2292.000 161.239
2293.017 161.309
2294.033 161.367
2295.050 161.565
2296.067 161.784
2297.085 161.682
2298.102 161.818
2299.120 161.931
2300.137 161.889
2301.155 161.945
2302.172 161.855
2303.190 161.829
2304.208 161.825
2305.225 162.078
2306.240 162.110
2307.255 162.163
2308.271 162.070
2309.287 162.093
2310.304 162.223
2311.321 162.303
2312.337 162.371
2313.354 162.204
2314.370 162.595
2315.388 162.561
2316.405 162.698
2317.421 162.786
2318.438 162.587
2319.455 162.626
2320.472 162.802
2321.489 162.762
2322.505 162.947
2323.522 163.064
2324.539 162.976
2325.556 163.046
2326.574 163.169
2327.590 163.106
2328.607 163.030
2329.624 163.260
2330.642 163.403
2331.659 163.289
2332.676 163.349
2333.693 163.213
2334.710 163.124
2335.727 163.166
2336.744 163.320
2337.761 163.554
2338.778 163.648
2339.795 163.636
2340.813 163.540
2341.830 163.455
2342.847 163.639
2343.864 163.727
2344.881 163.814
2345.898 163.995
2346.915 163.981
2347.932 164.001
2348.949 164.039
2349.966 164.077
2350.983 163.986
2352.001 163.996
2353.017 164.131
2354.035 164.064
2355.052 164.200
2356.070 164.170
2357.087 164.018
2358.104 164.280
2359.121 164.326
2360.139 164.392
2361.155 164.341
2362.173 164.541
2363.190 164.522
2364.208 164.475
2365.224 164.679
2366.242 164.565
2367.259 164.790
2368.276 164.674
2369.293 164.800
2370.311 164.956
2371.328 164.913
2372.345 165.163
2373.363 164.993
2374.380 165.003
2375.397 165.034
2376.415 165.100
2377.432 165.288
2378.449 165.402
2379.467 165.368
2380.484 165.340
2381.501 165.246
2382.518 165.437
2383.536 165.337
2384.553 165.409
2385.570 165.699
2386.588 165.782
2387.605 165.649
2388.622 165.740
2389.639 165.879
2390.656 165.758
2391.675 165.910
2392.692 166.076
2393.709 166.051
2394.727 166.080
2395.744 166.169
2396.762 166.147
2397.779 165.996
2398.797 165.993
2399.814 166.130
2400.831 166.224
2401.849 166.297
2402.866 166.447
2403.884 166.335
2404.900 166.264
2405.918 166.408
2406.935 166.658
2407.951 166.833
2408.968 166.752
2409.985 166.856
2411.003 166.903
2412.020 166.828
2413.037 166.865
2414.055 166.934
2415.072 167.116
2416.090 167.200
2417.107 167.117
2418.124 167.178
2419.142 167.320
2420.159 167.335
2421.177 167.461
2422.195 167.564
2423.213 167.468
2424.230 167.511
2425.248 167.445
2426.266 167.582
2427.282 167.863
2428.299 168.019
2429.317 167.899
2430.334 167.725
2431.352 167.839
2432.368 167.995
2433.386 167.863
2434.403 168.064
2435.420 167.876
2436.438 168.226
2437.456 168.174
2438.473 168.074
2439.491 168.401
2440.508 168.476
2441.525 168.505
2442.542 168.301
2443.560 168.359
2444.578 168.688
2445.596 168.700
2446.613 168.619
2447.631 168.641
2448.648 168.619
2449.666 168.726
2450.683 168.867
2451.700 168.785
2452.717 168.696
2453.735 168.862
2454.752 169.045
2455.770 169.011
2456.788 169.017
2457.804 169.054
2458.822 169.022
2459.840 169.107
2460.857 169.294
2461.874 169.408
2462.891 169.345
2463.909 169.188
2464.926 169.196
2465.944 169.270
2466.961 169.302
2467.978 169.359
2468.996 169.440
2470.013 169.626
2471.030 169.788
2472.047 169.614
2473.064 169.546
2474.081 169.537
2475.098 169.471
2476.116 169.596
2477.133 169.841
2478.150 169.927
2479.168 169.854
2480.185 169.956
2481.202 169.949
2482.220 170.085
2483.236 169.994
2484.254 169.902
2485.271 169.966
2486.288 170.039
2487.304 170.063
2488.320 170.016
2489.335 170.149
2490.351 170.305
2491.367 170.129
2492.385 170.131
2493.402 170.222
2494.419 170.558
2495.436 170.617
2496.453 170.355
2497.470 170.494
2498.488 170.702
2499.505 170.666
2500.522 170.630
2501.539 170.700
2502.555 170.815
2503.572 170.725
2504.589 170.750
2505.607 170.929
2506.624 170.970
2507.641 170.989
2508.658 170.809
2509.676 170.794
2510.693 171.033
2511.710 171.202
2512.728 171.054
2513.745 170.984
2514.762 171.075
2515.780 171.043
2516.796 171.198
2517.813 171.376
2518.831 171.384
2519.848 171.402
2520.865 171.442
2521.882 171.558
2522.899 171.547
2523.916 171.371
2524.933 171.335
2525.950 171.415
2526.967 171.442
2527.985 171.575
2529.002 171.750
2530.018 171.751
2531.035 171.657
2532.051 171.609
2533.068 171.616
2534.085 171.706
2535.102 171.799
2536.120 171.974
2537.136 172.008
2538.154 172.027
2539.171 172.109
2540.189 171.999
2541.206 172.101
2542.223 172.081
2543.241 171.969
2544.258 172.192
2545.276 172.260
2546.293 172.239
2547.311 172.206
2548.328 172.391
2549.344 172.507
2550.362 172.279
2551.380 172.618
2552.397 172.707
2553.414 172.723
2554.431 172.494
2555.448 172.420
2556.465 172.313
2557.482 172.627
2558.500 172.719
2559.518 172.536
2560.535 172.540
2561.552 172.613
2562.570 172.859
2563.587 172.882
2564.605 172.944
2565.622 172.828
2566.639 172.879
2567.656 172.878
2568.674 172.991
2569.691 173.031
2570.709 172.877
2571.726 172.975
2572.743 173.002
2573.760 173.060
2574.777 173.096
2575.793 173.052
2576.810 173.107
2577.827 173.338
2578.844 173.557
2579.861 173.552
2580.879 173.503
2581.896 173.564
2582.914 173.650
2583.931 173.690
2584.949 173.747
2585.966 173.583
2586.983 173.471
2588.000 173.506
2589.017 173.653
2590.035 173.767
2591.052 173.902
2592.069 173.761
2593.087 173.817
2594.104 173.868
2595.121 173.918
2596.138 173.830
2597.155 173.872
2598.173 173.912
2599.190 173.869
2600.208 173.921
2601.225 173.963
2602.242 174.046
2603.260 174.145
2604.277 174.303
2605.293 174.221
2606.310 174.420
2607.328 174.458
2608.345 174.493
2609.362 174.623
2610.379 174.577
2611.396 174.317
2612.413 174.643
2613.430 174.335
2614.447 174.350
2615.464 174.298
2616.481 174.452
2617.499 174.723
2618.516 174.777
2619.533 174.686
2620.550 174.673
2621.567 174.524
2622.584 174.641
2623.601 174.539
2624.619 174.591
2625.636 174.696
2626.653 174.735
2627.670 174.683
2628.688 174.623
2629.705 174.778
2630.722 174.701
2631.740 174.793
2632.757 174.742
2633.775 174.689
2634.792 174.729
2635.810 174.673
2636.827 174.869
2637.844 174.886
2638.862 174.898
2639.879 174.871
2640.896 174.930
2641.913 175.060
2642.930 174.995
2643.948 174.808
2644.965 174.887
2645.982 175.061
2646.999 175.058
2648.016 175.039
2649.034 175.020
2650.050 175.106
2651.068 174.955
2652.085 174.875
2653.103 174.917
2654.120 174.924
2655.138 174.869
2656.156 175.064
2657.173 175.100
2658.191 174.946
2659.208 174.916
2660.226 175.063
2661.243 175.173
2662.260 175.241
2663.278 175.170
2664.296 175.239
2665.314 175.528
2666.332 175.558
2667.348 175.650
2668.363 175.637
2669.378 175.371
2670.394 175.492
2671.410 175.679
2672.426 175.524
2673.443 175.490
2674.460 175.497
2675.477 175.824
2676.494 175.538
2677.510 175.574
2678.527 175.980
2679.544 175.947
2680.561 176.006
2681.578 176.066
2682.595 176.118
2683.612 176.051
2684.629 176.104
2685.646 176.321
2686.663 176.225
2687.680 176.343
2688.697 176.263
2689.714 176.379
2690.732 176.552
2691.749 176.465
2692.766 176.209
2693.784 176.218
2694.801 176.426
2695.818 176.511
2696.835 176.571
2697.852 176.624
2698.869 176.554
2699.887 176.446
2700.903 176.596
2701.920 176.660
2702.938 176.663
2703.955 176.624
2704.973 176.688
2705.990 176.693
2707.007 176.772
2708.025 176.969
2709.042 177.158
2710.060 177.168
2711.076 177.101
2712.094 177.026
2713.111 177.134
2714.128 177.155
2715.145 177.136
2716.162 177.280
2717.179 177.222
2718.197 177.202
2719.214 177.392
2720.231 177.332
2721.249 177.489
2722.266 177.510
2723.283 177.463
2724.300 177.499
2725.318 177.572
2726.335 177.433
2727.352 177.508
2728.369 177.627
2729.386 177.758
2730.403 177.698
2731.421 177.601
2732.438 177.451
2733.455 177.635
2734.472 177.379
2735.489 177.444
2736.507 177.577
2737.524 177.555
2738.541 177.611
2739.559 177.409
2740.576 177.607
2741.593 177.699
2742.611 177.553
2743.628 177.467
2744.645 177.607
2745.663 177.568
2746.681 177.845
2747.698 177.817
2748.715 177.496
2749.732 177.557
2750.750 177.656
2751.767 177.830
2752.784 177.865
2753.801 177.936
2754.819 177.787
2755.837 177.749
2756.853 177.850
2757.871 177.948
2758.888 177.913
2759.905 177.927
2760.923 177.941
2761.940 177.837
2762.957 177.865
2763.975 177.833
2764.992 177.951
2766.010 177.965
2767.027 177.889
2768.044 177.985
2769.061 177.957
2770.079 178.019
2771.095 178.107
2772.113 178.193
2773.131 178.098
2774.148 178.059
2775.166 178.234
2776.183 178.212
2777.200 178.208
2778.218 178.208
2779.235 178.165
2780.252 178.082
2781.269 178.233
2782.287 178.232
2783.304 178.349
2784.322 178.409
2785.339 178.439
2786.356 178.384
2787.373 178.610
2788.390 178.668
2789.407 178.579
2790.425 178.557
2791.442 178.446
2792.460 178.673
2793.477 178.413
2794.495 178.335
2795.512 178.442
2796.528 178.710
2797.546 178.500
2798.563 178.506
2799.581 178.698
2800.599 178.770
2801.617 178.898
2802.634 178.710
2803.652 178.738
2804.669 178.791
2805.687 178.865
2806.704 179.048
2807.721 178.992
2808.739 178.782
2809.756 178.798
2810.773 178.916
2811.790 178.931
2812.808 179.026
2813.825 179.182
2814.843 179.202
2815.860 179.155
2816.878 178.978
2817.895 179.005
2818.912 179.245
2819.930 179.245
2820.947 179.293
2821.964 179.309
2822.982 179.197
2824.000 179.030
2825.016 179.158
2826.034 179.356
2827.051 179.407
2828.069 179.410
2829.085 179.460
2830.102 179.275
2831.119 179.211
2832.137 179.369
2833.154 179.497
2834.172 179.641
2835.190 179.794
2836.208 179.732
2837.225 179.760
2838.243 179.876
2839.260 179.697
2840.278 179.601
2841.295 179.661
2842.312 179.920
2843.330 179.881
2844.348 179.961
2845.365 180.146
2846.382 179.824
2847.398 179.749
2848.413 179.874
2849.428 180.073
2850.445 180.249
2851.462 180.089
2852.479 180.217
2853.496 180.224
2854.513 180.207
2855.530 180.087
2856.547 180.211
2857.565 180.318
2858.582 180.374
2859.599 180.172
2860.616 180.119
2861.633 180.210
2862.650 180.483
2863.668 180.556
2864.685 180.558
2865.702 180.588
2866.719 180.556
2867.736 180.606
2868.754 180.540
2869.771 180.417
2870.788 180.371
2871.805 180.449
2872.822 180.659
2873.839 180.706
2874.856 180.874
2875.874 180.786
2876.891 180.646
2877.908 180.756
2878.925 180.826
2879.943 180.997
2880.960 181.154
2881.977 181.048
2882.994 181.060
2884.011 180.953
2885.027 181.177
2886.044 181.316
2887.061 181.357
2888.080 181.379
2889.097 181.183
2890.114 181.207
2891.131 181.216
2892.148 181.241
2893.165 181.233
2894.183 181.295
2895.201 181.348
2896.218 181.429
2897.235 181.425
2898.251 181.406
2899.269 181.506
2900.286 181.439
2901.303 181.396
2902.321 181.294
2903.338 181.437
2904.355 181.563
2905.373 181.756
2906.391 181.545
2907.408 181.668
2908.425 181.809
2909.442 181.789
2910.460 182.027
2911.477 181.928
2912.494 182.111
2913.511 182.136
2914.528 182.021
2915.546 181.914
2916.563 181.836
2917.581 181.845
2918.598 181.777
2919.616 182.012
2920.633 182.166
2921.651 182.227
2922.668 182.056
2923.686 182.006
2924.703 182.089
2925.721 182.299
2926.738 182.271
2927.755 182.206
2928.772 182.210
2929.790 182.374
2930.806 182.321
2931.824 182.280
2932.841 182.314
2933.858 182.284
2934.874 182.403
2935.891 182.373
2936.908 182.464
2937.925 182.581
2938.942 182.712
2939.960 182.705
2940.977 182.733
2941.994 182.596
2943.011 182.501
2944.029 182.739
2945.045 182.669
2946.062 182.549
2947.080 182.781
2948.097 182.966
2949.114 182.844
2950.131 182.687
2951.149 182.838
2952.166 182.997
2953.184 182.914
2954.201 183.038
2955.218 183.003
2956.235 182.928
2957.253 182.928
2958.270 183.156
2959.287 183.116
2960.305 183.198
2961.322 183.256
2962.339 183.346
2963.356 183.261
2964.373 183.258
2965.390 183.197
2966.407 183.388
2967.425 183.368
2968.442 183.251
2969.459 183.492
2970.476 183.493
2971.494 183.426
2972.512 183.298
2973.530 183.620
2974.547 183.434
2975.564 183.491
2976.582 183.518
2977.599 183.628
2978.616 183.792
2979.634 183.961
2980.651 183.988
2981.668 183.897
2982.685 183.917
2983.702 183.890
2984.720 183.886
2985.736 183.839
2986.754 183.733
2987.771 183.735
2988.788 183.882
2989.804 183.850
2990.821 183.925
2991.839 183.945
2992.856 184.031
2993.874 184.172
2994.891 184.286
2995.909 184.333
2996.927 184.158
2997.944 184.098
2998.961 184.279
2999.979 184.436
3000.996 184.434
3002.014 184.264
3003.031 184.269
3004.048 184.338
3005.065 184.480
3006.082 184.405
3007.100 184.505
3008.116 184.380
3009.133 184.372
3010.150 184.523
3011.168 184.705
3012.185 184.660
3013.202 184.742
3014.219 184.725
3015.236 184.763
3016.254 184.600
3017.272 184.741
3018.289 184.772
3019.307 184.826
3020.324 184.708
3021.341 184.834
3022.358 184.689
3023.376 184.656
3024.393 184.816
3025.411 185.109
3026.429 185.153
3027.446 184.957
3028.462 185.194
3029.477 185.213
3030.492 185.210
3031.509 185.273
3032.525 185.204
3033.541 185.385
3034.559 185.516
3035.575 185.409
3036.592 185.293
3037.610 185.310
3038.627 185.249
3039.644 185.295
3040.661 185.510
3041.679 185.536
3042.696 185.547
3043.713 185.429
3044.730 185.375
3045.747 185.577
3046.764 185.491
3047.781 185.606
3048.799 185.728
3049.816 185.880
3050.833 185.771
3051.850 185.617
3052.867 185.618
3053.884 185.683
3054.902 185.793
3055.919 185.851
3056.936 185.973
3057.954 186.013
3058.971 186.093
3059.988 186.187
3061.005 186.096
3062.022 186.049
3063.040 186.150
3064.057 186.277
3065.074 186.271
3066.091 186.229
3067.109 186.062
3068.126 186.087
3069.143 186.124
3070.161 186.151
3071.178 186.175
3072.196 186.286
3073.212 186.073
3074.230 186.120
3075.247 186.243
3076.264 186.499
3077.281 186.392
3078.299 186.444
3079.316 186.332
3080.333 186.490
3081.350 186.444
3082.368 186.615
3083.385 186.363
3084.402 186.448
3085.419 186.540
3086.436 186.461
3087.452 186.652
3088.469 186.699
3089.487 186.508
3090.504 186.504
3091.521 186.516
3092.538 186.593
3093.555 186.602
3094.572 186.584
3095.589 186.700
3096.606 186.615
3097.623 186.551
3098.641 186.688
3099.659 186.826
3100.676 186.919
3101.694 186.858
3102.711 186.595
3103.728 186.655
3104.745 186.759
3105.763 186.925
3106.780 186.862
3107.797 186.661
3108.815 186.648
3109.832 186.780
3110.849 186.818
3111.866 186.782
3112.883 186.897
3113.901 186.948
3114.918 186.980
3115.935 186.962
3116.953 187.007
3117.970 186.996
3118.987 186.992
3120.004 187.066
3121.021 187.158
3122.038 187.258
3123.055 187.314
3124.073 187.237
3125.089 187.079
3126.107 186.925
3127.124 186.964
3128.141 187.054
3129.159 187.221
3130.176 187.260
3131.193 187.153
3132.210 187.079
3133.228 187.172
3134.245 187.393
3135.262 187.503
3136.279 187.546
3137.296 187.391
3138.313 187.342
3139.331 187.170
3140.348 187.338
3141.365 187.225
3142.382 187.638
3143.400 187.632
3144.416 187.465
3145.433 187.564
3146.450 187.497
3147.467 187.214
3148.484 187.283
3149.502 187.281
3150.519 187.485
3151.536 187.556
3152.553 187.744
3153.570 187.709
3154.588 187.765
3155.605 187.634
3156.623 187.681
3157.640 187.745
3158.658 187.619
3159.675 187.593
3160.692 187.708
3161.709 187.776
3162.726 187.900
3163.743 187.826
3164.761 187.714
3165.778 187.811
3166.795 187.893
3167.813 187.974
3168.830 187.995
3169.848 187.878
3170.865 187.737
3171.882 187.659
3172.899 187.693
3173.916 187.810
3174.934 187.916
3175.952 187.976
3176.969 187.888
3177.986 187.925
3179.004 187.960
3180.021 187.958
3181.038 188.096
3182.055 188.222
3183.072 188.276
3184.089 188.313
3185.107 188.142
3186.124 188.032
3187.142 188.211
3188.159 188.098
3189.176 188.177
3190.194 188.373
3191.211 188.282
3192.229 188.300
3193.246 188.061
3194.263 187.910
3195.281 188.160
3196.298 188.287
3197.315 188.482
3198.333 188.482
3199.350 188.512
3200.367 188.232
3201.384 188.423
3202.401 188.424
3203.419 188.381
3204.437 188.245
3205.454 188.515
3206.472 188.539
3207.490 188.354
3208.508 188.396
3209.524 188.566
3210.540 188.636
3211.555 188.469
3212.571 188.386
3213.587 188.456
3214.603 188.490
3215.620 188.432
3216.636 188.550
3217.652 188.747
3218.670 188.764
3219.686 188.685
3220.704 188.693
3221.721 188.544
3222.738 188.550
3223.755 188.604
3224.772 188.602
3225.789 188.713
3226.806 188.665
3227.823 188.635
3228.840 188.568
3229.856 188.694
3230.874 188.631
3231.890 188.463
3232.908 188.586
3233.925 188.776
3234.942 188.652
3235.959 188.700
3236.977 188.671
3237.994 188.590
3239.011 188.777
3240.028 188.988
3241.045 189.005
3242.061 188.868
3243.079 188.705
3244.096 188.699
3245.113 188.675
3246.130 188.808
3247.148 189.036
3248.165 188.918
3249.181 188.843
3250.198 189.039
3251.216 188.921
3252.233 188.835
3253.250 188.993
3254.267 188.981
3255.284 189.010
3256.301 189.065
3257.318 189.163
3258.335 188.872
3259.352 188.688
3260.369 188.899
3261.387 188.938
3262.404 189.026
3263.421 189.151
3264.438 188.904
3265.455 189.082
3266.472 188.841
3267.490 188.906
3268.507 189.121
3269.524 189.228
3270.542 189.237
3271.559 189.014
3272.576 189.084
3273.593 188.886
3274.610 188.895
3275.627 189.034
3276.644 188.867
3277.661 188.977
3278.679 188.969
3279.696 188.963
3280.713 188.910
3281.730 188.993
3282.748 189.083
3283.765 188.884
3284.782 188.954
3285.799 189.083
3286.817 189.057
3287.834 188.923
3288.851 188.846
3289.869 188.884
3290.886 188.960
3291.903 189.140
3292.920 189.171
3293.937 189.100
3294.954 188.985
3295.971 188.868
3296.988 188.959
3298.005 188.982
3299.021 189.122
3300.038 189.198
3301.055 189.205
3302.073 189.174
3303.090 189.110
3304.107 189.044
3305.124 189.072
3306.142 188.966
3307.159 188.963
3308.176 189.165
3309.194 189.079
3310.211 188.903
3311.228 188.864
3312.245 188.892
3313.263 189.128
3314.280 189.112
3315.298 189.105
3316.315 189.026
3317.332 189.052
3318.349 189.197
3319.366 189.277
3320.383 189.011
3321.401 189.152
3322.418 188.955
3323.435 189.010
3324.452 189.067
3325.469 188.840
3326.487 188.950
3327.505 189.063
3328.522 189.095
3329.540 189.091
3330.557 188.999
3331.574 189.077
3332.591 189.147
3333.608 188.968
3334.626 188.990
3335.643 188.983
3336.661 188.937
3337.678 189.076
3338.695 188.951
3339.713 188.949
3340.730 188.981
3341.747 188.944
3342.764 189.014
3343.781 189.117
3344.799 189.094
3345.816 189.026
3346.833 189.072
3347.851 189.101
3348.868 189.162
3349.885 189.103
3350.903 189.110
3351.920 189.028
3352.937 188.879
3353.954 188.918
3354.971 189.035
3355.988 189.013
3357.005 188.943
3358.022 189.055
3359.039 188.875
3360.056 188.930
3361.073 188.922
3362.091 188.869
3363.108 189.081
3364.126 189.032
3365.142 189.129
3366.157 189.138
3367.175 188.969
3368.192 188.795
3369.209 188.874
3370.226 189.064
3371.244 189.186
3372.262 189.146
3373.278 189.010
3374.296 189.151
3375.313 189.171
3376.331 188.861
3377.348 188.865
3378.365 188.888
3379.382 189.044
3380.400 189.060
3381.417 189.146
3382.435 188.924
3383.453 188.838
3384.470 188.909
3385.488 188.985
3386.505 188.782
3387.523 188.861
3388.540 189.228
3389.557 189.144
3390.574 189.318
3391.590 189.093
3392.605 189.190
3393.621 189.091
3394.637 189.005
3395.652 188.999
3396.669 189.175
3397.686 189.089
3398.703 189.166
3399.759 189.149
3400.777 188.932
3401.794 188.907
3402.811 188.922
3403.829 189.060
3404.846 189.197
3405.862 189.153
3406.879 189.139
3407.896 188.981
3408.913 188.900
3409.930 189.092
3410.947 189.133
3411.964 188.951
3412.981 188.939
3413.999 188.926
3415.016 188.991
3416.033 189.022
3417.050 189.143
3418.068 189.144
3419.085 189.112
3420.102 189.012
3421.120 188.949
3422.137 188.934
3423.154 188.908
3424.172 188.883
3425.189 189.152
3426.206 189.020
3427.224 189.184
3428.241 189.146
3429.259 189.187
3430.276 189.074
3431.293 188.929
3432.311 188.839
3433.328 188.756
3434.344 188.856
3435.362 189.041
3436.379 189.019
3437.396 189.128
3438.413 189.005
3439.431 189.127
3440.448 189.088
3441.465 188.950
3442.483 189.045
3443.500 189.084
3444.517 188.917
3445.533 188.672
3446.550 188.596
3447.567 188.706
3448.584 188.720
3449.598 188.821
3450.614 189.021
3451.631 188.993
3452.648 188.931
3453.665 188.807
3454.682 188.943
3455.700 188.987
3456.717 188.836
3457.734 188.746
3458.751 188.831
3459.769 188.858
3460.786 188.804
3461.803 188.726
3462.820 188.678
3463.838 188.639
3464.856 188.743
3465.873 188.673
3466.890 188.494
3467.908 188.495
3468.925 188.758
3469.942 188.739
3470.960 188.711
3471.977 188.587
3472.994 188.501
3474.011 188.462
3475.028 188.586
3476.046 188.526
3477.063 188.416
3478.079 188.553
3479.097 188.542
3480.114 188.522
3481.131 188.412
3482.148 188.565
3483.165 188.478
3484.183 188.390
3485.199 188.355
3486.217 188.481
3487.234 188.431
3488.251 188.546
3489.269 188.352
3490.286 188.281
3491.304 188.359
3492.321 188.329
3493.338 188.095
3494.355 188.345
3495.372 188.451
3496.390 188.105
3497.407 188.209
3498.423 188.133
3499.441 188.129
3500.457 188.061
3501.475 188.136
3502.493 188.002
3503.511 187.947
3504.527 188.052
3505.544 188.165
3506.561 188.155
3507.579 187.980
3508.595 188.169
3509.613 188.029
3510.630 187.878
3511.647 187.887
3512.665 187.862
3513.682 187.910
3514.700 187.847
3515.717 187.812
3516.735 187.993
3517.753 187.936
3518.770 187.725
3519.787 187.686
3520.804 187.600
3521.821 187.670
3522.839 187.734
3523.856 187.910
3524.874 187.923
3525.891 187.790
3526.908 187.593
3527.925 187.402
3528.943 187.359
3529.959 187.448
3530.977 187.416
3531.995 187.522
3533.011 187.640
3534.029 187.597
3535.047 187.504
3536.064 187.566
3537.082 187.400
3538.099 187.343
3539.116 187.395
3540.133 187.375
3541.150 187.226
3542.168 187.269
3543.185 187.439
3544.202 187.533
3545.219 187.305
3546.237 187.350
3547.254 187.297
3548.271 187.262
3549.288 187.097
3550.307 187.226
3551.323 187.325
3552.341 187.313
3553.358 187.013
3554.376 186.895
3555.393 187.145
3556.410 186.846
3557.427 186.889
3558.445 187.045
3559.462 187.008
3560.480 187.039
3561.498 187.003
3562.515 187.045
3563.533 187.032
3564.552 187.012
3565.571 187.038
3566.588 186.851
3567.603 186.813
3568.618 187.012
3569.635 186.918
3570.651 186.832
3571.667 186.892
3572.684 186.883
3573.701 187.014
3574.717 186.970
3575.735 186.899
3576.752 186.978
3577.769 186.747
3578.786 186.757
3579.802 186.810
3580.820 186.793
3581.837 186.752
3582.854 186.827
3583.871 186.814
3584.888 186.893
3585.905 186.768
3586.922 186.820
3587.940 186.860
3588.956 186.682
3589.973 186.502
3590.991 186.515
3592.008 186.657
3593.025 186.783
3594.042 186.878
3595.059 186.916
3596.076 186.875
3597.093 186.833
3598.110 186.756
3599.126 186.497
3600.144 186.506
3601.160 186.743
3602.178 186.798
3603.196 186.488
3604.213 186.295
3605.230 186.319
3606.246 186.491
3607.264 186.599
3608.281 186.477
3609.298 186.585
3610.316 186.660
3611.334 186.635
3612.351 186.783
3613.369 186.814
3614.386 186.807
3615.404 186.724
3616.420 186.542
3617.437 186.409
3618.455 186.577
3619.472 186.473
3620.489 186.496
3621.507 186.507
3622.524 186.530
3623.540 186.697
3624.557 186.715
3625.574 186.786
3626.591 186.619
3627.609 186.482
3628.625 186.501
3629.642 186.485
3630.659 186.556
3631.677 186.654
3632.695 186.636
3633.712 186.658
3634.729 186.570
3635.745 186.628
3636.763 186.662
3637.780 186.466
3638.797 186.475
3639.815 186.622
3640.832 186.676
3641.849 186.644
3642.866 186.551
3643.883 186.592
3644.900 186.678
3645.917 186.666
3646.933 186.457
3647.948 186.366
3648.965 186.401
3649.983 186.355
3651.000 186.429
3652.017 186.399
3653.034 186.432
3654.052 186.453
3655.069 186.558
3656.086 186.573
3657.103 186.556
3658.120 186.643
3659.138 186.654
3660.155 186.512
3661.172 186.589
3662.190 186.349
3663.206 186.457
3664.224 186.560
3665.241 186.386
3666.258 186.288
3667.275 186.421
3668.293 186.470
3669.310 186.466
3670.328 186.582
3671.345 186.531
3672.362 186.539
3673.379 186.523
3674.397 186.470
3675.414 186.539
3676.432 186.345
3677.449 186.241
3678.467 186.446
3679.484 186.394
3680.501 186.477
3681.518 186.363
3682.535 186.282
3683.552 186.299
3684.570 186.212
3685.587 186.217
3686.605 186.245
3687.622 186.427
3688.639 186.272
3689.656 186.163
3690.674 186.188
3691.692 186.213
3692.709 186.207
3693.726 186.227
3694.744 186.330
3695.761 186.402
3696.779 186.383
3697.796 186.273
3698.813 186.210
3699.830 186.043
3700.847 185.972
3701.865 185.966
3702.882 185.888
3703.899 185.802
3704.916 186.003
3705.933 186.203
3706.950 186.224
3707.967 186.072
3708.985 185.976
3710.002 186.033
3711.019 185.903
3712.036 185.974
3713.054 186.080
3714.071 186.024
3715.089 185.915
3716.106 185.931
3717.124 185.906
3718.141 186.022
3719.158 186.114
3720.176 186.006
3721.192 185.858
3722.210 185.939
3723.227 185.906
3724.244 185.782
3725.261 186.046
3726.279 186.203
3727.296 185.932
3728.313 185.868
3729.330 185.836
3730.348 185.851
3731.365 185.947
3732.383 186.231
3733.400 186.172
3734.418 185.896
3735.435 185.994
3736.452 185.749
3737.470 186.017
3738.487 186.173
3739.505 185.972
3740.522 185.875
3741.539 185.761
3742.556 185.832
3743.574 185.808
3744.591 186.015
3745.608 185.841
3746.626 185.816
3747.643 185.830
3748.660 185.830
3749.675 185.868
3750.691 185.911
3751.706 186.100
3752.723 186.122
3753.739 186.021
3754.755 185.822
3755.772 185.842
3756.788 185.954
3757.805 185.915
3758.822 185.918
3759.839 185.838
3760.856 185.795
3761.872 185.905
3762.889 185.964
3763.906 185.929
3764.923 185.801
3765.940 185.691
3766.957 185.715
3767.974 185.774
3768.991 185.688
3770.008 185.753
3771.026 185.759
3772.043 185.872
3773.060 185.909
3774.078 185.865
3775.095 185.917
3776.112 185.778
3777.129 185.777
3778.146 185.768
3779.164 185.863
3780.181 185.930
3781.198 185.941
3782.215 185.678
3783.233 185.791
3784.250 185.796
3785.266 185.796
3786.283 185.720
3787.299 185.788
3788.317 185.802
3789.334 185.849
3790.351 185.800
3791.368 185.569
3792.386 185.654
3793.403 185.853
3794.420 185.633
3795.436 185.801
3796.453 185.669
3797.471 185.657
3798.488 185.841
3799.504 185.790
3800.521 185.704
3801.538 185.592
3802.556 185.608
3803.573 185.790
3804.591 185.714
3805.608 185.653
3806.625 185.512
3807.642 185.577
3808.660 185.618
3809.677 185.766
3810.695 185.807
3811.712 185.607
3812.729 185.650
3813.747 185.511
3814.764 185.527
3815.780 185.707
3816.798 185.633
3817.814 185.550
3818.832 185.677
3819.849 185.845
3820.867 185.723
3821.884 185.602
3822.901 185.510
3823.918 185.551
3824.935 185.497
3825.952 185.440
3826.969 185.542
3827.987 185.719
3829.004 185.681
3830.021 185.662
3831.038 185.611
3832.055 185.636
3833.072 185.693
3834.089 185.535
3835.106 185.535
3836.124 185.697
3837.141 185.507
3838.158 185.613
3839.176 185.617
3840.193 185.673
3841.210 185.578
3842.227 185.641
3843.244 185.418
3844.261 185.517
3845.278 185.332
3846.295 185.276
3847.313 185.243
3848.330 185.401
3849.347 185.294
3850.364 185.398
3851.382 185.546
3852.399 185.258
3853.417 185.337
3854.433 185.078
3855.451 185.167
3856.468 185.047
3857.485 185.065
3858.502 185.109
3859.520 185.123
3860.537 184.919
3861.554 185.018
3862.568 185.140
3863.585 185.222
3864.602 185.108
3865.620 185.172
3866.637 185.150
3867.655 185.064
3868.671 184.990
3869.688 185.132
3870.706 185.347
3871.723 185.320
3872.740 185.136
3873.757 185.000
3874.774 184.871
3875.792 184.937
3876.808 184.872
3877.825 184.659
3878.843 184.609
3879.861 184.722
3880.878 184.893
3881.894 184.933
3882.912 184.862
3883.929 184.889
3884.946 184.735
3885.963 184.735
3886.981 184.860
3887.998 184.722
3889.015 184.491
3890.032 184.478
3891.050 184.591
3892.067 184.631
3893.084 184.666
3894.101 184.709
3895.118 184.699
3896.135 184.683
3897.152 184.386
3898.169 184.399
3899.186 184.256
3900.204 184.454
3901.220 184.387
3902.238 184.493
3903.255 184.297
3904.273 184.523
3905.290 184.430
3906.307 184.381
3907.325 184.519
3908.342 184.340
3909.359 184.115
3910.376 184.272
3911.394 184.464
3912.411 184.278
3913.429 184.204
3914.446 184.241
3915.462 184.081
3916.479 183.940
3917.497 184.222
3918.514 184.094
3919.531 184.196
3920.548 184.108
3921.565 183.994
3922.583 184.053
3923.600 184.015
3924.617 184.023
3925.634 183.853
3926.652 183.731
3927.668 183.697
3928.685 183.789
3929.703 183.735
3930.721 183.776
3931.738 183.963
3932.755 183.979
3933.770 183.736
3934.786 183.563
3935.801 183.616
3936.816 183.672
3937.833 183.721
3938.849 183.743
3939.867 183.700
3940.883 183.582
3941.900 183.462
3942.918 183.480
3943.935 183.623
3944.952 183.613
3945.969 183.522
3946.987 183.491
3948.004 183.425
3949.021 183.418
3950.037 183.424
3951.055 183.257
3952.072 183.295
3953.089 183.323
3954.107 183.166
3955.124 183.127
3956.141 183.085
3957.158 183.193
3958.175 183.291
3959.192 183.341
3960.209 183.178
3961.226 182.944
3962.244 182.925
3963.261 183.167
3964.278 183.071
3965.295 182.942
3966.312 182.932
3967.329 182.865
3968.346 182.936
3969.363 182.871
3970.380 182.829
3971.398 182.660
3972.415 182.559
3973.432 182.598
3974.449 182.504
3975.466 182.731
3976.483 182.649
3977.501 182.566
3978.518 182.623
3979.535 182.640
3980.552 182.525
3981.570 182.543
3982.587 182.430
3983.604 182.438
3984.621 182.259
3985.638 182.513
3986.655 182.353
3987.672 182.246
3988.689 182.300
3989.706 182.456
3990.723 182.343
3991.741 182.291
3992.758 182.318
3993.775 182.232
3994.793 182.026
3995.810 182.040
3996.828 182.094
3997.845 182.228
3998.862 182.177
3999.880 182.176
4000.897 182.221
4001.914 182.274
4002.931 182.103
4003.948 181.939
4004.965 182.038
4005.983 182.071
4007.000 182.037
4008.016 182.045
4009.034 181.952
4010.050 181.881
4011.067 181.883
4012.085 181.872
4013.102 181.830
4014.119 181.751
4015.136 181.522
4016.153 181.584
4017.171 181.749
4018.188 181.838
4019.206 181.881
4020.223 181.910
4021.241 181.606
4022.258 181.589
4023.275 181.561
4024.293 181.623
4025.310 181.378
4026.327 181.194
4027.344 181.370
4028.362 181.487
4029.379 181.502
4030.396 181.474
4031.414 181.492
4032.431 181.273
4033.448 181.229
4034.466 181.378
4035.482 181.187
4036.500 181.329
4037.517 181.284
4038.534 181.174
4039.551 181.242
4040.569 181.269
4041.585 181.171
4042.603 181.118
4043.620 180.898
4044.638 180.985
4045.655 180.904
4046.673 180.950
4047.690 181.060
4048.708 180.906
4049.725 181.122
4050.742 181.112
4051.759 181.127
4052.777 181.016
4053.794 180.873
4054.812 180.782
4055.829 180.946
4056.846 180.892
4057.863 180.808
4058.880 180.690
4059.897 180.566
4060.914 180.504
4061.928 180.408
4062.945 180.439
4063.962 180.528
4064.979 180.602
4065.997 180.430
4067.015 180.310
4068.032 180.373
4069.049 180.501
4070.066 180.404
4071.084 180.116
4072.101 180.170
4073.118 180.051
4074.136 179.972
4075.153 180.024
4076.171 180.145
4077.189 180.080
4078.205 179.899
4079.223 179.966
4080.240 180.043
4081.257 179.915
4082.275 179.743
4083.293 179.665
4084.309 179.937
4085.327 179.707
4086.344 179.658
4087.361 179.486
4088.378 179.482
4089.395 179.720
4090.412 179.841
4091.430 179.840
4092.447 179.704
4093.464 179.761
4094.481 179.428
4095.498 179.619
4096.515 179.644
4097.532 179.591
4098.550 179.228
4099.567 179.307
4100.585 179.287
4101.602 179.315
4102.619 179.317
4103.637 179.356
4104.654 179.489
4105.672 179.641
4106.689 179.533
4107.706 179.299
4108.723 179.122
4109.740 179.223
4110.757 179.237
4111.774 179.256
4112.792 179.117
4113.810 178.948
4114.827 178.930
4115.842 178.945
4116.857 179.151
4117.872 179.319
4118.889 179.273
4119.906 178.993
4120.922 178.770
4121.939 178.768
4122.956 178.759
4123.972 178.746
4124.989 178.721
4126.006 178.805
4127.023 178.662
4128.041 178.645
4129.058 178.790
4130.075 178.760
4131.093 178.461
4132.110 178.463
4133.127 178.613
4134.144 178.716
4135.161 178.674
4136.178 178.497
4137.195 178.378
4138.212 178.520
4139.229 178.434
4140.247 178.344
4141.264 178.523
4142.281 178.479
4143.298 178.404
4144.315 178.412
4145.332 178.637
4146.349 178.639
4147.366 178.368
4148.384 178.500
4149.400 178.486
4150.418 178.437
4151.435 178.455
4152.452 178.108
4153.469 178.042
4154.487 178.275
4155.504 178.263
4156.521 177.970
4157.538 178.141
4158.555 177.903
4159.572 177.935
4160.590 177.741
4161.607 177.636
4162.625 177.792
4163.642 177.893
4164.660 177.908
4165.676 177.898
4166.693 177.793
4167.711 177.825
4168.728 177.893
4169.746 177.738
4170.763 177.656
4171.780 177.774
4172.798 177.668
4173.815 177.745
4174.832 177.887
4175.849 177.947
4176.866 177.846
4177.883 177.683
4178.900 177.704
4179.917 177.750
4180.934 177.568
4181.952 177.363
4182.969 177.338
4183.986 177.466
4185.004 177.606
4186.021 177.524
4187.038 177.483
4188.056 177.376
4189.073 177.303
4190.090 177.371
4191.107 177.292
4192.125 177.288
4193.143 177.135
4194.160 177.162
4195.177 177.101
4196.194 177.120
4197.212 177.284
4198.229 177.106
4199.246 177.208
4200.263 177.219
4201.280 177.144
4202.298 177.078
4203.315 176.938
4204.332 176.759
4205.349 176.663
4206.366 176.909
4207.383 176.773
4208.400 176.853
4209.417 177.053
4210.431 177.074
4211.449 176.836
4212.467 176.729
4213.484 176.590
4214.501 176.472
4215.519 176.603
4216.536 176.593
4217.553 176.624
4218.570 176.372
4219.588 176.529
4220.606 176.340
4221.623 176.528
4222.640 176.581
4223.658 176.585
4224.676 176.361
4225.693 176.261
4226.710 176.298
4227.726 176.450
4228.744 176.560
4229.760 176.483
4230.778 176.380
4231.795 176.288
4232.813 176.315
4233.830 176.302
4234.847 176.256
4235.865 176.192
4236.882 176.325
4237.899 176.433
4238.916 176.385
4239.934 176.193
4240.951 176.166
4241.968 176.148
4242.986 176.118
4244.003 176.211
4245.020 176.215
4246.038 176.122
4247.055 176.051
4248.072 175.972
4249.089 175.980
4250.107 176.044
4251.124 176.244
4252.141 176.241
4253.158 176.116
4254.176 176.051
4255.193 175.907
4256.210 176.018
4257.228 176.155
4258.245 176.170
4259.262 176.014
4260.279 175.859
4261.296 175.998
4262.314 175.969
4263.331 175.999
4264.348 176.197
4265.365 176.233
4266.382 176.091
4267.400 175.804
4268.417 175.705
4269.434 176.063
4270.452 175.998
4271.470 176.039
4272.486 176.127
4273.504 176.151
4274.520 176.146
4275.537 175.964
4276.551 175.734
4277.568 175.943
4278.586 176.001
4279.603 175.833
4280.620 175.814
4281.638 175.622
4282.655 175.788
4283.673 175.673
4284.690 175.742
4285.708 175.844
4286.725 175.922
4287.742 175.731
4288.760 175.926
4289.777 175.766
4290.795 175.824
4291.813 175.852
4292.830 175.697
4293.848 175.631
4294.866 175.563
4295.884 175.557
4296.900 175.727
4297.915 175.902
4298.930 175.889
4299.945 175.977
4300.961 175.901
4301.978 175.704
4302.995 175.595
4304.012 175.682
4305.029 175.777
4306.045 175.771
4307.063 175.694
4308.080 175.713
4309.097 175.782
4310.114 175.745
4311.131 175.701
4312.149 175.649
4313.166 175.591
4314.183 175.614
4315.200 175.806
4316.217 175.622
4317.235 175.585
4318.252 175.508
4319.269 175.592
4320.286 175.464
4321.304 175.558
4322.321 175.439
4323.338 175.488
4324.355 175.591
4325.372 175.535
4326.390 175.534
4327.406 175.339
4328.423 175.443
4329.440 175.658
4330.458 175.734
4331.474 175.603
4332.491 175.665
4333.509 175.327
4334.526 175.347
4335.543 175.292
4336.560 175.605
4337.578 175.600
4338.595 175.333
4339.612 175.440
4340.629 175.398
4341.646 175.305
4342.664 175.349
4343.681 175.651
4344.698 175.578
4345.716 175.666
4346.733 175.447
4347.750 175.232
4348.767 175.284
4349.785 175.358
4350.802 175.376
4351.819 175.442
4352.836 175.512
4353.853 175.387
4354.870 175.350
4355.887 175.237
4356.904 175.264
4357.921 175.400
4358.938 175.315
4359.955 175.211
4360.972 175.167
4361.989 175.346
4363.007 175.365
4364.024 175.174
4365.041 175.082
4366.059 175.156
4367.076 175.118
4368.093 175.099
4369.111 175.201
4370.128 175.102
4371.146 174.894
4372.163 175.072
4373.180 175.049
4374.197 175.092
4375.215 175.005
4376.232 175.117
4377.248 175.193
4378.267 175.126
4379.284 175.008
4380.301 175.050
4381.319 174.968
4382.335 175.170
4383.353 175.109
4384.370 175.139
4385.387 174.919
4386.404 174.948
4387.421 175.006
4388.438 174.942
4389.456 174.651
4390.473 174.706
4391.490 174.909
4392.508 174.878
4393.526 174.838
4394.543 174.713
4395.561 174.874
4396.578 174.777
4397.594 174.767
4398.612 174.675
4399.630 174.767
4400.647 174.801
4401.664 174.711
4402.682 174.647
4403.698 174.696
4404.716 174.751
4405.732 174.776
4406.750 174.497
4407.767 174.382
4408.785 174.396
4409.802 174.596
4410.819 174.755
4411.837 174.762
4412.854 174.743
4413.872 174.683
4414.889 174.513
4415.906 174.507
4416.923 174.529
4417.941 174.529
4418.958 174.601
4419.975 174.617
4420.993 174.630
4422.010 174.497
4423.027 174.601
4424.043 174.769
4425.061 174.695
4426.078 174.612
4427.096 174.666
4428.113 174.734
4429.131 174.617
4430.148 174.629
4431.167 174.565
4432.184 174.451
4433.201 174.552
4434.219 174.550
4435.236 174.560
4436.254 174.483
4437.271 174.612
4438.289 174.549
4439.306 174.549
4440.324 174.745
4441.341 174.608
4442.359 174.592
4443.376 174.726
4444.393 174.570
4445.410 174.438
4446.428 174.566
4447.445 174.357
4448.462 174.420
4449.480 174.478
4450.497 174.430
4451.515 174.409
4452.532 174.346
4453.549 174.465
4454.566 174.457
4455.583 174.184
4456.601 174.306
4457.618 174.253
4458.636 174.304
4459.653 174.321
4460.670 174.329
4461.687 174.206
4462.705 174.192
4463.722 174.304
4464.739 174.307
4465.756 174.178
4466.774 174.312
4467.791 174.265
4468.808 174.100
4469.826 174.185
4470.843 174.337
4471.860 174.316
4472.877 174.197
4473.895 174.261
4474.913 174.112
4475.931 174.157
4476.948 174.168
4477.966 174.012
4478.981 174.031
4479.996 174.121
4481.012 174.184
4482.028 174.231
4483.045 174.245
4484.063 174.112
4485.079 174.214
4486.096 174.392
4487.114 174.383
4488.131 174.313
4489.148 174.230
4490.165 174.368
4491.183 174.440
4492.200 174.338
4493.217 174.277
4494.235 174.260
4495.251 174.183
4496.268 174.304
4497.285 173.992
4498.302 173.955
4499.319 174.111
4500.337 174.164
4501.355 174.055
4502.372 174.112
4503.388 174.095
4504.405 174.246
4505.423 174.250
4506.439 174.314
4507.456 174.373
4508.474 174.247
4509.491 174.178
4510.509 173.998
4511.526 174.167
4512.543 174.272
4513.560 174.109
4514.578 174.165
4515.595 174.255
4516.612 174.346
4517.629 174.347
4518.647 174.130
4519.664 174.058
4520.681 174.099
4521.698 174.357
4522.715 174.352
4523.733 174.205
4524.750 174.066
4525.767 174.188
4526.785 174.266
4527.803 174.274
4528.820 174.173
4529.838 174.041
4530.855 173.956
4531.873 174.019
4532.890 174.114
4533.907 174.054
4534.924 174.187
4535.942 174.193
4536.959 174.256
4537.978 174.269
4538.995 174.315
4540.012 174.426
4541.030 174.457
4542.046 174.390
4543.063 174.301
4544.081 174.249
4545.098 174.293
4546.115 174.160
4547.132 173.925
4548.149 174.006
4549.167 174.147
4550.183 174.184
4551.200 174.232
4552.218 173.999
4553.235 173.889
4554.253 173.913
4555.270 174.014
4556.287 174.146
4557.304 174.289
4558.321 174.272
4559.339 174.198
4560.356 174.227
4561.373 174.406
4562.390 174.270
4563.407 174.128
4564.425 174.073
4565.441 174.231
4566.459 173.885
4567.476 174.073
4568.494 174.253
4569.511 174.169
4570.528 174.155
4571.546 174.090
4572.563 174.122
4573.581 174.036
4574.599 174.245
4575.616 174.237
4576.634 174.063
4577.651 174.129
4578.668 173.930
4579.685 174.104
4580.702 174.054
4581.720 174.086
4582.737 174.235
4583.755 174.058
4584.771 174.072
4585.789 174.111
4586.806 173.993
4587.824 173.796
4588.840 173.917
4589.858 173.945
4590.875 173.798
4591.893 173.861
4592.910 174.004
4593.927 174.051
4594.944 173.843
4595.962 173.781
4596.979 173.865
4597.996 173.892
4599.013 173.852
4600.031 173.721
4601.048 173.748
4602.065 173.848
4603.082 173.907
4604.099 173.845
4605.117 173.858
4606.134 173.737
4607.152 173.666
4608.169 173.617
4609.186 173.637
4610.203 173.639
4611.221 173.849
4612.238 173.917
4613.256 173.818
4614.273 173.700
4615.290 173.701
4616.307 173.753
4617.325 173.856
4618.341 173.763
4619.359 173.889
4620.376 173.835
4621.393 173.920
4622.411 173.600
4623.428 173.433
4624.445 173.848
4625.462 173.807
4626.481 173.663
4627.498 173.588
4628.514 173.433
4629.531 173.614
4630.549 173.586
4631.566 173.792
4632.584 173.610
4633.601 173.860
4634.618 174.013
4635.635 173.887
4636.652 173.571
4637.669 173.420
4638.687 173.539
4639.704 173.654
4640.721 173.686
4641.739 173.870
4642.756 173.915
4643.774 173.794
4644.790 173.577
4645.808 173.571
4646.825 173.627
4647.843 173.826
4648.860 173.812
4649.877 173.690
4650.894 173.712
4651.912 173.820
4652.929 173.656
4653.946 173.528
4654.963 173.575
4655.981 173.596
4656.999 173.674
4658.016 173.861
4659.031 173.909
4660.046 173.861
4661.062 173.824
4662.079 173.735
4663.096 173.831
4664.113 173.796
4665.130 173.679
4666.147 173.724
4667.164 173.654
4668.181 173.673
4669.198 173.773
4670.215 173.873
4671.232 173.834
4672.248 173.824
4673.264 173.773
4674.280 173.717
4675.297 173.790
4676.314 173.823
4677.331 173.759
4678.348 173.960
4679.365 174.020
4680.383 173.929
4681.400 173.819
4682.417 173.731
4683.434 173.851
4684.451 173.667
4685.468 173.866
4686.485 174.009
4687.502 173.822
4688.518 173.943
4689.532 173.992
4690.549 173.899
4691.567 173.925
4692.584 173.922
4693.602 173.911
4694.618 174.206
4695.636 174.195
4696.653 174.312
4697.671 174.232
4698.687 174.027
4699.704 174.120
4700.721 174.152
4701.739 174.283
4702.756 174.229
4703.773 174.336
4704.790 174.377
4705.807 174.410
4706.825 174.472
4707.842 174.514
4708.859 174.605
4709.876 174.527
4710.894 174.603
4711.910 174.586
4712.927 174.598
4713.944 174.765
4714.962 174.767
4715.979 174.770
4716.997 174.652
4718.014 174.659
4719.031 174.579
4720.048 174.726
4721.066 174.833
4722.083 174.837
4723.100 174.767
4724.117 174.819
4725.135 174.824
4726.151 174.990
4727.168 175.013
4728.186 175.102
4729.203 175.165
4730.220 175.044
4731.238 175.174
4732.255 174.937
4733.273 175.128
4734.290 175.023
4735.308 175.141
4736.326 175.240
4737.343 175.121
4738.360 175.355
4739.377 175.225
4740.395 175.285
4741.412 175.630
4742.429 175.545
4743.446 175.189
4744.464 175.129
4745.481 175.452
4746.498 175.323
4747.515 175.375
4748.532 175.682
4749.549 175.695
4750.565 175.664
4751.581 175.715
4752.598 175.663
4753.616 175.841
4754.633 175.715
4755.650 175.579
4756.669 175.651
4757.686 175.848
4758.703 175.870
4759.720 175.806
4760.738 175.887
4761.755 175.832
4762.772 175.855
4763.789 175.839
4764.807 175.804
4765.824 175.864
4766.841 175.788
4767.858 175.989
4768.875 176.118
4769.892 176.243
4770.909 176.206
4771.926 176.303
4772.943 176.226
4773.961 176.139
4774.978 176.195
4775.996 176.239
4777.013 176.205
4778.030 176.335
4779.046 176.401
4780.064 176.307
4781.081 176.280
4782.099 176.248
4783.116 176.317
4784.133 176.427
4785.150 176.627
4786.168 176.726
4787.185 176.661
4788.203 176.541
4789.218 176.512
4790.236 176.626
4791.253 176.669
4792.270 176.781
4793.287 176.700
4794.305 176.798
4795.322 176.640
4796.339 176.866
4797.356 176.811
4798.373 176.693
4799.390 176.853
4800.407 176.746
4801.424 176.812
4802.441 176.751
4803.458 176.900
4804.475 176.813
4805.493 177.131
4806.510 177.157
4807.528 177.162
4808.546 177.146
4809.563 177.007
4810.581 176.910
4811.598 176.926
4812.615 177.256
4813.632 177.297
4814.650 177.331
4815.667 177.346
4816.684 177.245
4817.701 177.292
4818.718 177.414
4819.735 177.304
4820.752 177.255
4821.766 177.367
4822.784 177.339
4823.800 177.388
4824.817 177.464
4825.835 177.484
4826.851 177.517
4827.868 177.454
4828.886 177.396
4829.903 177.350
4830.920 177.437
4831.937 177.454
4832.955 177.438
4833.972 177.524
4834.990 177.342
4836.007 177.462
4837.025 177.738
4838.042 177.762
4839.059 177.672
4840.077 177.710
4841.095 177.641
4842.112 177.651
4843.127 177.687
4844.143 177.693
4845.158 177.740
4846.175 177.717
4847.190 177.876
4848.207 178.104
4849.224 178.117
4850.241 178.111
4851.258 178.139
4852.275 177.974
4853.292 177.878
4854.309 178.023
4855.326 178.274
4856.342 178.219
4857.359 178.219
4858.376 178.283
4859.393 178.111
4860.410 178.317
4861.427 178.276
4862.444 178.220
4863.461 178.094
4864.478 177.987
4865.495 178.020
4866.513 178.425
4867.529 178.395
4868.547 178.399
4869.564 178.233
4870.580 178.344
4871.597 178.438
4872.613 178.529
4873.631 178.448
4874.648 178.594
4875.665 178.710
4876.683 178.671
4877.699 178.513
4878.717 178.536
4879.734 178.608
4880.751 178.715
4881.768 178.674
4882.785 178.829
4883.802 178.782
4884.819 178.769
4885.837 178.649
4886.855 178.753
4887.870 178.927
4888.884 178.936
4889.901 179.004
4890.918 178.907
4891.936 178.861
4892.953 178.701
4893.971 178.585
4894.988 178.779
4896.005 178.911
4897.022 178.852
4898.039 178.777
4899.057 178.937
4900.074 178.927
4901.091 178.951
4902.108 179.187
4903.125 179.180
4904.143 179.096
4905.160 179.028
4906.178 178.965
4907.195 178.939
4908.212 178.994
4909.229 179.202
4910.246 179.315
4911.264 179.334
4912.281 179.237
4913.299 179.300
4914.315 179.244
4915.333 179.270
4916.349 179.469
4917.367 179.354
4918.384 179.214
4919.401 179.271
4920.418 179.458
4921.436 179.338
4922.452 179.553
4923.470 179.745
4924.487 179.688
4925.504 179.587
4926.521 179.384
4927.538 179.423
4928.556 179.532
4929.573 179.656
4930.589 179.590
4931.607 179.811
4932.624 179.855
4933.641 179.849
4934.658 179.714
4935.675 179.503
4936.693 179.657
4937.710 179.730
4938.727 179.538
4939.744 179.558
4940.761 179.602
4941.778 179.669
4942.796 179.682
4943.813 179.827
4944.830 179.950
4945.847 179.848
4946.864 179.794
4947.882 179.782
4948.899 179.824
4949.916 179.803
4950.933 179.847
4951.950 179.936
4952.968 180.121
4953.985 180.217
4955.002 180.131
4956.018 180.068
4957.036 179.984
4958.053 180.094
4959.070 180.253
4960.088 180.169
4961.105 180.047
4962.122 180.176
4963.140 180.145
4964.157 180.226
4965.175 180.277
4966.193 180.337
4967.210 180.275
4968.227 180.140
4969.244 180.230
4970.262 180.376
4971.279 180.433
4972.297 180.486
4973.314 180.489
4974.331 180.383
4975.349 180.303
4976.366 180.411
4977.383 180.318
4978.400 180.383
4979.418 180.459
4980.435 180.462
4981.452 180.366
4982.469 180.614
4983.487 180.622
4984.504 180.741
4985.521 180.817
4986.539 180.541
4987.555 180.780
4988.572 180.898
4989.590 180.805
4990.607 180.794
4991.625 180.800
4992.642 180.661
4993.659 180.600
4994.677 180.819
4995.695 180.867
4996.711 180.946
4997.729 180.763
4998.746 180.826
4999.763 180.896
5000.780 180.999
5001.798 181.020
5002.815 180.946
5003.833 180.755
5004.850 180.757
5005.867 180.896
5006.884 181.012
5007.902 180.987
5008.919 180.885
5009.936 180.784
5010.953 180.844
5011.971 181.075
5012.988 181.194
5014.005 181.143
5015.023 181.000
5016.040 180.886
5017.058 180.957
5018.076 181.062
5019.093 181.184
5020.110 181.079
5021.128 181.147
5022.146 180.996
5023.164 180.952
5024.180 181.262
5025.196 181.385
5026.212 181.399
5027.228 181.380
5028.245 181.376
5029.261 181.312
5030.278 181.171
5031.294 181.059
5032.311 181.312
5033.328 181.295
5034.345 181.413
5035.362 181.452
5036.379 181.557
5037.395 181.381
5038.412 181.292
5039.429 181.275
5040.446 181.487
5041.463 181.460
5042.481 181.238
5043.498 181.514
5044.515 181.737
5045.532 181.593
5046.549 181.719
5047.567 181.454
5048.584 181.621
5049.601 181.475
5050.618 181.431
5051.635 181.437
5052.652 181.518
5053.669 181.659
5054.686 181.767
5055.703 181.717
5056.721 181.804
5057.738 181.629
5058.755 181.741
5059.772 181.878
5060.789 181.842
5061.806 181.930
5062.824 181.778
5063.840 181.780
5064.858 181.887
5065.874 181.744
5066.892 181.736
5067.909 181.712
5068.926 181.687
5069.943 181.819
5070.960 181.976
5071.977 181.911
5072.994 181.815
5074.012 181.880
5075.029 181.931
5076.046 181.959
5077.064 182.081
5078.081 181.974
5079.098 181.718
5080.116 181.625
5081.133 181.734
5082.150 181.931
5083.167 181.852
5084.184 181.799
5085.201 181.751
5086.218 181.736
5087.235 181.672
5088.252 181.873
5089.270 182.067
5090.287 181.975
5091.304 181.953
5092.321 181.895
5093.338 181.754
5094.356 181.791
5095.373 181.992
5096.390 182.174
5097.407 181.976
5098.424 181.995
5099.441 182.174
5100.458 181.843
5101.475 181.876
5102.492 181.769
5103.509 181.876
5104.527 181.863
5105.544 182.003
5106.562 182.076
5107.579 182.028
5108.596 181.883
5109.614 181.863
5110.631 181.828
5111.648 181.873
5112.666 181.944
5113.683 182.083
5114.700 181.890
5115.716 181.935
5116.734 182.143
5117.750 182.058
5118.767 181.976
5119.793 182.101
5120.811 182.193
5121.827 182.029
5122.845 182.022
5123.861 182.021
5124.878 182.282
5125.896 182.157
5126.913 182.115
5127.931 182.247
5128.948 182.227
5129.964 182.155
5130.981 182.170
5131.998 182.133
5133.015 182.173
5134.032 182.213
5135.049 182.119
5136.066 182.125
5137.083 182.339
5138.100 182.342
5139.118 182.195
5140.135 182.228
5141.152 182.334
5142.170 182.380
5143.187 182.384
5144.204 182.213
5145.221 182.050
5146.239 182.095
5147.256 182.166
5148.274 181.988
5149.291 182.082
5150.308 182.127
5151.325 182.066
5152.343 182.313
5153.359 182.047
5154.377 182.155
5155.394 182.344
5156.411 182.455
5157.428 182.185
5158.445 182.400
5159.462 182.302
5160.479 182.382
5161.496 182.473
5162.514 182.549
5163.531 182.315
5164.549 182.475
5165.566 182.189
5166.584 182.423
5167.601 182.236
5168.618 182.467
5169.635 182.399
5170.653 182.463
5171.670 182.638
5172.688 182.606
5173.705 182.397
5174.722 182.230
5175.739 182.203
5176.756 182.232
5177.773 182.428
5178.791 182.495
5179.808 182.427
5180.826 182.501
5181.843 182.539
5182.861 182.348
5183.878 182.408
5184.896 182.419
5185.913 182.318
5186.930 182.373
5187.948 182.484
5188.966 182.534
5189.983 182.490
5191.001 182.379
5192.018 182.467
5193.035 182.524
5194.053 182.435
5195.070 182.358
5196.087 182.348
5197.105 182.388
5198.122 182.499
5199.139 182.685
5200.156 182.727
5201.174 182.510
5202.192 182.332
5203.210 182.276
5204.226 182.486
5205.241 182.501
5206.256 182.403
5207.272 182.331
5208.288 182.353
5209.304 182.431
5210.320 182.655
5211.337 182.577
5212.354 182.649
5213.371 182.534
5214.388 182.619
5215.405 182.591
5216.423 182.619
5217.439 182.542
5218.456 182.565
5219.473 182.660
5220.490 182.554
5221.507 182.658
5222.524 182.806
5223.541 182.847
5224.558 182.492
5225.575 182.574
5226.592 182.363
5227.608 182.501
5228.626 182.542
5229.643 182.619
5230.660 182.641
5231.677 182.583
5232.695 182.610
5233.711 182.700
5234.728 182.709
5235.745 182.623
5236.763 182.574
5237.780 182.633
5238.797 182.669
5239.814 182.621
5240.831 182.622
5241.848 182.534
5242.865 182.516
5243.883 182.604
5244.900 182.780
5245.917 182.764
5246.934 182.648
5247.951 182.736
5248.968 182.676
5249.986 182.567
5251.003 182.643
5252.020 182.645
5253.038 182.647
5254.055 182.763
5255.072 182.756
5256.089 182.627
5257.107 182.714
5258.124 182.635
5259.141 182.659
5260.159 182.816
5261.176 182.767
5262.194 182.509
5263.210 182.431
5264.228 182.437
5265.245 182.384
5266.262 182.359
5267.280 182.443
5268.296 182.642
5269.314 182.690
5270.331 182.611
5271.348 182.385
5272.365 182.381
5273.382 182.712
5274.399 182.664
5275.417 182.645
5276.434 182.425
5277.451 182.349
5278.469 182.413
5279.486 182.653
5280.503 182.463
5281.521 182.570
5282.538 182.424
5283.555 182.573
5284.573 182.608
5285.591 182.536
5286.608 182.429
5287.625 182.392
5288.643 182.475
5289.660 182.587
5290.678 182.729
5291.695 182.662
5292.712 182.523
5293.730 182.603
5294.747 182.379
5295.765 182.428
5296.782 182.491
5297.799 182.447
5298.816 182.340
5299.833 182.538
5300.851 182.505
5301.868 182.335
5302.884 182.323
5303.901 182.381
5304.918 182.284
5305.935 182.338
5306.953 182.383
5307.970 182.321
5308.987 182.269
5310.004 182.328
5311.021 182.364
5312.039 182.310
5313.057 182.489
5314.074 182.478
5315.091 182.449
5316.108 182.429
5317.126 182.353
5318.143 182.358
5319.160 182.301
5320.178 182.155
5321.195 182.175
5322.213 182.189
5323.230 182.305
5324.247 182.549
5325.264 182.615
5326.281 182.274
5327.298 182.220
5328.316 182.390
5329.332 182.320
5330.350 182.394
5331.367 182.204
5332.384 182.310
5333.400 182.131
5334.418 182.174
5335.434 182.031
5336.452 182.209
5337.469 182.285
5338.487 182.117
5339.504 182.178
5340.522 182.289
5341.539 182.311
5342.557 182.065
5343.574 181.923
5344.591 182.191
5345.608 182.305
5346.625 182.073
5347.643 181.936
5348.660 181.882
5349.677 182.030
5350.694 182.194
5351.711 182.398
5352.728 182.482
5353.745 182.272
5354.762 182.057
5355.780 182.081
5356.796 182.085
5357.814 182.225
5358.831 182.139
5359.848 182.165
5360.865 182.143
5361.882 181.978
5362.899 182.026
5363.916 182.273
5364.933 182.313
5365.951 182.285
5366.968 182.317
5367.985 182.272
5369.003 182.027
5370.019 182.068
5371.037 182.122
5372.054 182.062
5373.071 181.928
5374.089 182.106
5375.107 182.320
5376.124 182.337
5377.141 182.244
5378.158 181.974
5379.175 181.855
5380.192 181.955
5381.210 182.132
5382.227 182.223
5383.245 182.101
5384.263 182.115
5385.280 182.076
5386.296 182.104
5387.311 182.253
5388.326 182.274
5389.342 181.954
5390.359 181.804
5391.376 181.970
5392.392 182.178
5393.409 182.319
5394.426 182.014
5395.443 182.004
5396.460 181.840
5397.477 181.994
5398.494 182.028
5399.511 182.102
5400.528 182.321
5401.545 182.075
5402.562 181.905
5403.580 182.232
5404.597 182.247
5405.614 182.170
5406.631 182.115
5407.648 182.034
5408.665 182.230
5409.681 181.946
5410.699 181.929
5411.716 182.104
5412.733 182.171
5413.750 181.954
5414.767 181.821
5415.784 181.866
5416.801 181.992
5417.818 182.159
5418.835 182.087
5419.852 182.075
5420.869 182.021
5421.886 182.019
5422.902 182.157
5423.919 182.198
5424.936 182.059
5425.954 182.005
5426.971 182.079
5427.988 181.964
5429.005 181.877
5430.022 181.902
5431.039 181.882
5432.056 181.873
5433.073 181.983
5434.090 182.029
5435.107 182.041
5436.124 182.065
5437.142 181.919
5438.158 181.723
5439.175 181.808
5440.193 181.928
5441.210 181.852
5442.227 181.893
5443.244 182.016
5444.261 181.987
5445.278 182.063
5446.295 181.780
5447.313 181.810
5448.330 182.002
5449.347 181.789
5450.365 181.844
5451.382 181.937
5452.399 181.992
5453.416 181.754
5454.434 181.820
5455.450 181.683
5456.468 181.761
5457.485 181.776
5458.502 181.612
5459.519 181.900
5460.536 182.010
5461.553 181.854
5462.571 181.713
5463.587 181.868
5464.605 181.920
5465.622 181.787
5466.639 181.817
5467.657 181.898
5468.674 181.901
5469.691 181.638
5470.709 181.685
5471.726 182.010
5472.743 182.065
5473.761 182.053
5474.778 182.077
5475.795 181.860
5476.812 181.826
5477.830 181.868
5478.846 181.911
5479.864 182.008
5480.881 181.892
5481.899 181.855
5482.916 181.735
5483.932 181.761
5484.950 181.746
5485.967 181.750
5486.985 181.797
5488.002 181.794
5489.019 181.805
5490.036 181.946
5491.054 181.877
5492.071 181.886
5493.088 181.851
5494.105 181.850
5495.122 181.833
5496.139 181.856
5497.157 181.856
5498.174 181.972
5499.191 182.071
5500.208 181.991
5501.226 181.768
5502.242 181.714
5503.260 181.985
5504.277 182.070
5505.294 182.069
5506.311 181.937
5507.328 181.697
5508.345 181.678
5509.363 181.746
5510.380 181.826
5511.398 181.787
5512.415 181.896
5513.433 181.825
5514.450 181.996
5515.467 182.102
5516.485 182.127
5517.502 182.004
5518.520 181.775
5519.537 181.784
5520.555 181.920
5521.572 181.943
5522.589 181.781
5523.607 181.845
5524.624 181.922
5525.641 182.021
5526.659 181.791
5527.676 181.739
5528.693 181.863
5529.711 181.895
5530.728 181.876
5531.746 181.803
5532.763 181.927
5533.780 182.026
5534.797 181.835
5535.814 181.772
5536.832 181.887
5537.849 181.981
5538.866 181.946
5539.884 181.936
5540.901 181.934
5541.918 182.012
5542.935 181.970
5543.952 181.981
5544.969 181.972
5545.986 181.780
5547.003 181.805
5548.020 181.955
5549.036 182.104
5550.053 182.005
5551.070 181.893
5552.088 181.963
5553.105 181.875
5554.123 181.861
5555.139 181.981
5556.157 181.957
5557.175 181.728
5558.192 181.644
5559.210 181.693
5560.228 181.839
5561.246 181.943
5562.263 181.919
5563.281 181.900
5564.297 181.995
5565.314 182.090
5566.332 181.968
5567.349 182.066
5568.367 182.123
5569.385 181.866
5570.401 181.941
5571.417 181.985
5572.432 182.111
5573.448 181.873
5574.465 181.969
5575.481 181.836
5576.498 182.020
5577.515 182.060
5578.532 181.744
5579.549 181.794
5580.565 181.919
5581.581 181.909
5582.596 182.164
5583.613 182.036
5584.629 181.889
5585.647 181.920
5586.663 182.132
5587.681 182.154
5588.698 182.035
5589.715 182.087
5590.732 182.075
5591.749 181.956
5592.766 181.987
5593.783 182.050
5594.800 182.111
5595.817 182.149
5596.834 182.026
5597.851 181.924
5598.868 181.904
5599.886 181.830
5600.903 181.972
5601.920 181.965
5602.937 182.023
5603.954 182.260
5604.971 182.199
5605.988 182.118
5607.005 182.093
5608.022 182.008
5609.038 181.986
5610.055 181.901
5611.072 181.935
5612.089 182.080
5613.107 182.173
5614.124 182.123
5615.140 182.075
5616.157 182.011
5617.175 182.061
5618.192 182.114
5619.209 181.960
5620.226 182.016
5621.243 181.983
5622.260 181.793
5623.278 181.759
5624.294 181.847
5625.313 182.240
5626.330 182.509
5627.347 182.415
5628.364 182.227
5629.382 182.249
5630.399 182.229
5631.416 182.130
5632.433 182.224
5633.451 182.207
5634.468 182.268
5635.485 182.158
5636.503 181.925
5637.520 182.153
5638.537 182.064
5639.554 181.930
5640.571 182.034
5641.588 181.986
5642.606 182.125
5643.622 182.063
5644.639 181.888
5645.657 181.958
5646.674 182.029
5647.691 182.139
5648.708 182.106
5649.726 182.142
5650.743 182.019
5651.760 182.101
5652.777 181.891
5653.794 181.831
5654.812 181.914
5655.829 181.944
5656.846 181.832
5657.863 181.800
5658.880 181.868
5659.897 182.063
5660.915 182.171
5661.932 182.031
5662.949 181.936
5663.966 182.122
5664.983 182.169
5666.001 182.158
5667.018 182.146
5668.035 182.074
5669.053 181.950
5670.070 181.773
5671.086 181.998
5672.103 182.258
5673.121 182.136
5674.138 181.921
5675.155 181.938
5676.172 181.985
5677.189 182.195
5678.207 182.098
5679.224 182.132
5680.241 181.950
5681.259 181.816
5682.275 181.933
5683.293 182.065
5684.310 182.054
5685.327 181.932
5686.344 181.913
5687.362 182.100
5688.379 182.022
5689.396 182.206
5690.413 182.120
5691.430 182.202
5692.447 181.891
5693.465 181.879
5694.482 181.874
5695.499 182.095
5696.517 181.831
5697.534 182.121
5698.551 182.072
5699.568 181.938
5700.586 182.177
5701.604 182.254
5702.621 182.229
5703.638 181.904
5704.656 181.814
5705.673 182.034
5706.691 182.170
5707.708 182.210
5708.725 182.150
5709.742 182.200
5710.759 182.174
5711.777 182.144
5712.794 182.089
5713.811 182.133
5714.829 182.098
5715.845 182.159
5716.862 182.207
5717.879 182.045
5718.896 181.965
5719.914 181.993
5720.931 182.007
5721.948 182.089
5722.965 182.151
5723.982 182.129
5724.999 182.156
5726.016 182.277
5727.033 182.347
5728.050 182.230
5729.067 182.315
5730.084 182.275
5731.102 182.126
5732.119 182.114
5733.137 182.271
5734.154 182.148
5735.172 182.008
5736.190 182.118
5737.207 182.284
5738.224 182.358
5739.240 182.225
5740.258 182.107
5741.275 182.026
5742.292 181.939
5743.309 181.871
5744.327 182.133
5745.344 182.410
5746.362 182.169
5747.380 182.120
5748.397 182.216
5749.415 182.379
5750.431 182.433
5751.450 182.316
5752.467 182.178
5753.484 182.141
5754.499 182.212
5755.514 182.317
5756.530 182.232
5757.546 181.997
5758.563 181.991
5759.579 182.314
5760.597 182.332
5761.613 182.268
5762.631 182.307
5763.648 182.198
5764.665 182.014
5765.682 182.152
5766.699 182.047
5767.716 182.122
5768.732 182.278
5769.750 182.347
5770.767 182.277
5771.783 182.316
5772.800 182.115
5773.816 181.983
5774.833 182.154
5775.851 182.173
5776.867 182.060
5777.884 182.138
5778.901 182.093
5779.918 182.043
5780.935 182.049
5781.952 182.205
5782.969 182.329
5783.987 182.343
5785.004 182.228
5786.020 182.125
5787.037 182.038
5788.054 182.051
5789.071 182.126
5790.088 182.239
5791.105 182.211
5792.123 182.083
5793.140 182.181
5794.157 182.267
5795.175 182.231
5796.192 182.276
5797.209 182.193
5798.227 182.106
5799.244 182.010
5800.261 182.160
5801.279 182.267
5802.296 182.138
5803.313 181.943
5804.331 181.751
5805.347 182.019
5806.364 181.963
5807.381 182.015
5808.398 182.296
5809.416 182.306
5810.432 182.111
5811.450 182.153
5812.467 182.138
5813.484 182.352
5814.501 182.340
5815.519 182.244
5816.536 182.299
5817.552 182.164
5818.570 182.132
5819.587 182.016
5820.604 182.042
5821.622 182.234
5822.639 182.216
5823.656 181.984
5824.674 181.989
5825.691 182.111
5826.708 182.119
5827.725 182.186
5828.743 182.279
5829.760 182.238
5830.778 182.180
5831.795 182.015
5832.812 182.080
5833.828 182.088
5834.846 181.942
5835.863 182.022
5836.880 182.207
5837.898 182.175
5838.915 182.331
5839.933 182.207
5840.950 182.089
5841.968 182.060
5842.985 182.195
5844.002 182.148
5845.019 182.138
5846.036 182.127
5847.054 182.084
5848.071 182.103
5849.088 182.039
5850.105 182.117
5851.123 182.136
5852.140 182.169
5853.157 182.333
5854.173 182.400
5855.190 182.238
5856.207 182.128
5857.224 182.176
5858.241 182.262
5859.258 182.308
5860.275 182.385
5861.293 182.346
5862.310 182.240
5863.327 182.226
5864.344 182.242
5865.362 182.083
5866.379 182.210
5867.396 182.160
5868.413 182.034
5869.431 182.413
5870.448 182.436
5871.464 182.208
5872.482 181.948
5873.498 182.261
5874.515 182.262
5875.532 182.435
5876.549 182.203
5877.566 182.165
5878.583 182.326
5879.600 182.402
5880.617 182.365
5881.634 182.267
5882.652 182.135
5883.668 182.192
5884.686 182.055
5885.703 182.045
5886.720 181.951
5887.738 182.097
5888.756 182.431
5889.773 182.282
5890.790 182.163
5891.807 182.170
5892.826 182.166
5893.843 182.209
5894.860 182.281
5895.877 182.378
5896.895 182.398
5897.911 182.231
5898.928 182.137
5899.946 182.151
5900.963 182.100
5901.979 182.127
5902.997 182.055
5904.015 182.020
5905.032 182.067
5906.049 182.094
5907.066 182.263
5908.084 182.431
5909.102 182.261
5910.119 182.135
5911.137 182.114
5912.154 182.264
5913.171 182.163
5914.189 182.129
5915.206 182.309
5916.225 182.324
5917.242 182.226
5918.260 182.324
5919.277 182.222
5920.294 182.272
5921.312 182.247
5922.329 182.203
5923.346 182.345
5924.363 182.232
5925.380 182.263
5926.397 182.136
5927.415 182.156
5928.432 182.166
5929.449 182.160
5930.466 182.225
5931.483 182.198
5932.501 182.310
5933.518 182.000
5934.533 181.969
5935.548 182.075
5936.564 182.011
5937.580 182.173
5938.596 181.981
5939.612 182.097
5940.629 182.292
5941.646 182.133
5942.663 182.038
5943.680 182.089
5944.697 182.218
5945.715 182.127
5946.732 182.003
5947.749 181.974
5948.766 182.273
5949.784 182.285
5950.801 182.350
5951.818 182.370
5952.835 182.284
5953.852 182.255
5954.869 182.135
5955.886 181.960
5956.904 181.900
5957.922 181.879
5958.939 182.012
5959.957 182.230
5960.973 182.109
5961.990 182.002
5963.007 182.097
5964.025 182.116
5965.042 182.069
5966.060 181.976
5967.077 182.035
5968.094 182.079
5969.111 182.064
5970.129 182.259
5971.146 182.316
5972.163 182.285
5973.181 182.214
5974.198 182.176
5975.214 182.238
5976.232 182.165
5977.249 181.977
5978.266 181.986
5979.283 182.074
5980.301 182.000
5981.318 181.932
5982.335 182.081
5983.352 182.141
5984.369 182.103
5985.386 181.965
5986.404 181.919
5987.422 181.934
5988.439 182.209
5989.456 182.093
5990.474 181.979
5991.491 182.232
5992.508 182.215
5993.526 182.019
5994.543 181.977
5995.560 182.008
5996.578 182.039
5997.595 182.121
5998.612 181.969
5999.629 181.922
6000.646 181.821
6001.663 181.793
6002.680 181.987
6003.697 181.772
6004.714 181.890
6005.732 181.872
6006.749 181.938
6007.766 181.951
6008.783 181.959
6009.800 181.911
6010.817 181.958
6011.834 181.960
6012.852 181.878
6013.869 181.882
6014.886 181.793
6015.904 181.835
6016.921 181.924
6017.938 181.765
6018.955 181.701
6019.972 181.846
6020.989 181.805
6022.007 181.662
6023.024 181.673
6024.041 181.617
6025.058 181.583
6026.076 181.786
6027.093 181.797
6028.110 181.792
6029.127 181.662
6030.141 181.653
6031.158 181.812
6032.175 181.732
6033.193 181.649
6034.210 181.617
6035.227 181.626
6036.244 181.746
6037.261 181.707
6038.279 181.558
6039.296 181.329
6040.313 181.372
6041.329 181.583
6042.347 181.436
6043.364 181.376
6044.381 181.438
6045.399 181.407
6046.416 181.612
6047.434 181.368
6048.451 181.546
6049.469 181.373
6050.486 181.537
6051.503 181.259
6052.521 181.249
6053.538 181.542
6054.555 181.420
6055.572 181.476
6056.589 181.272
6057.607 181.356
6058.624 181.411
6059.641 181.376
6060.658 181.579
6061.676 181.576
6062.694 181.449
6063.710 181.385
6064.728 181.292
6065.745 181.423
6066.763 181.323
6067.780 181.382
6068.797 181.408
6069.815 181.288
6070.832 181.364
6071.849 181.491
6072.866 181.492
6073.883 181.451
6074.900 181.353
6075.917 181.155
6076.934 181.017
6077.950 181.116
6078.968 181.080
6079.984 181.040
6081.002 181.091
6082.019 181.207
6083.036 181.337
6084.053 181.456
6085.071 181.468
6086.088 181.381
6087.105 181.318
6088.123 181.282
6089.140 181.363
6090.158 181.442
6091.175 181.397
6092.192 181.140
6093.210 180.993
6094.227 181.111
6095.244 181.248
6096.262 181.297
6097.279 181.326
6098.297 181.092
6099.314 181.187
6100.332 181.042
6101.349 181.097
6102.366 181.155
6103.384 181.193
6104.402 181.292
6105.419 181.135
6106.436 180.806
6107.453 180.865
6108.470 180.836
6109.487 181.079
6110.504 181.201
6111.521 181.069
6112.538 180.646
6113.556 180.643
6114.573 180.994
6115.590 180.852
6116.605 180.848
6117.621 181.001
6118.637 181.100
6119.653 180.893
6120.669 180.714
6121.686 180.826
6122.703 180.904
6123.720 180.832
6124.737 180.850
6125.754 180.786
6126.771 180.950
6127.788 181.083
6128.804 180.995
6129.822 180.891
6130.839 180.895
6131.856 180.861
6132.873 180.896
6133.890 180.847
6134.907 180.839
6135.924 180.969
6136.941 180.827
6137.957 180.496
6138.974 180.596
6139.992 180.832
6141.009 180.865
6142.026 180.842
6143.043 180.873
6144.061 180.852
6145.078 180.898
6146.095 180.762
6147.113 180.771
6148.130 180.769
6149.147 180.702
6150.164 180.587
6151.181 180.659
6152.199 180.761
6153.216 180.698
6154.233 180.774
6155.250 180.746
6156.267 180.736
6157.284 180.915
6158.301 180.804
6159.319 180.759
6160.335 180.476
6161.352 180.333
6162.365 180.503
6163.382 180.537
6164.399 180.555
6165.416 180.486
6166.433 180.514
6167.451 180.608
6168.468 180.588
6169.485 180.859
6170.502 180.559
6171.519 180.531
6172.536 180.389
6173.553 180.389
6174.570 180.526
6175.587 180.770
6176.604 180.722
6177.621 180.535
6178.638 180.566
6179.656 180.450
6180.673 180.439
6181.690 180.349
6182.708 180.511
6183.725 180.463
6184.742 180.469
6185.759 180.527
6186.777 180.529
6187.794 180.397
6188.811 180.334
6189.828 180.494
6190.846 180.587
6191.862 180.580
6192.880 180.628
6193.897 180.648
6194.914 180.565
6195.931 180.434
6196.947 180.481
6197.965 180.403
6198.982 180.282
6199.999 180.232
6201.016 180.343
6202.032 180.429
6203.049 180.414
6204.066 180.500
6205.084 180.594
6206.101 180.502
6207.119 180.462
6208.136 180.539
6209.153 180.520
6210.170 180.308
6211.187 180.194
6212.205 180.280
6213.222 180.309
6214.240 180.458
6215.257 180.406
6216.274 180.471
6217.291 180.290
6218.308 180.327
6219.326 180.395
6220.343 180.189
6221.360 180.176
6222.378 180.082
6223.395 180.161
6224.411 180.079
6225.428 180.261
6226.446 180.237
6227.462 180.013
6228.480 180.193
6229.496 180.244
6230.514 180.186
6231.531 179.902
6232.549 179.952
6233.566 180.240
6234.583 180.180
6235.601 179.989
6236.618 180.121
6237.635 180.100
6238.653 179.863
6239.669 180.068
6240.686 179.969
6241.703 179.866
6242.721 180.059
6243.738 180.087
6244.756 179.853
6245.773 179.783
6246.790 179.902
6247.808 180.001
6248.824 180.062
6249.842 180.011
6250.859 179.871
6251.876 179.816
6252.893 179.752
6253.911 179.780
6254.928 179.764
6255.945 179.822
6256.962 179.932
6257.980 179.863
6258.997 179.738
6260.015 179.690
6261.032 179.745
6262.049 179.794
6263.066 179.820
6264.084 180.012
6265.101 179.960
6266.119 179.809
6267.137 179.609
6268.154 179.686
6269.172 179.669
6270.189 179.647
6271.206 179.700
6272.224 179.756
6273.241 179.738
6274.259 179.739
6275.275 179.814
6276.293 179.539
6277.311 179.571
6278.328 179.628
6279.345 179.608
6280.362 179.535
6281.380 179.488
6282.397 179.459
6283.414 179.547
6284.432 179.575
6285.449 179.590
6286.466 179.467
6287.483 179.290
6288.501 179.573
6289.518 179.333
6290.535 179.373
6291.552 179.453
6292.570 179.270
6293.587 179.350
6294.604 179.222
6295.622 179.095
6296.640 179.150
6297.656 179.072
6298.671 179.093
6299.686 179.101
6300.702 179.151
6301.719 179.140
6302.735 179.354
6303.751 179.253
6304.769 179.269
6305.785 179.296
6306.802 179.134
6307.819 179.191
6308.836 179.286
6309.853 179.263
6310.869 179.295
6311.886 179.202
6312.904 179.122
6313.921 179.124
6314.938 179.082
6315.955 179.090
6316.973 179.050
6317.990 179.109
6319.006 179.213
6320.023 178.997
6321.040 178.953
6322.058 178.986
6323.075 178.979
6324.092 178.992
6325.109 179.130
6326.127 179.160
6327.143 179.088
6328.160 179.078
6329.177 178.912
6330.195 178.859
6331.212 178.936
6332.228 178.892
6333.245 178.937
6334.263 179.092
6335.280 179.045
6336.297 178.947
6337.313 178.970
6338.331 178.981
6339.348 179.089
6340.365 178.877
6341.382 178.866
6342.399 178.928
6343.417 178.817
6344.434 179.055
6345.451 179.066
6346.468 179.068
6347.485 179.039
6348.502 179.026
6349.520 178.924
6350.537 178.727
6351.554 178.690
6352.571 178.802
6353.588 179.098
6354.606 179.167
6355.622 179.079
6356.640 178.873
6357.657 178.609
6358.674 178.740
6359.692 178.984
6360.709 178.822
6361.726 178.909
6362.743 178.985
6363.760 178.964
6364.779 178.959
6365.795 178.834
6366.813 178.887
6367.830 178.922
6368.847 178.853
6369.864 178.876
6370.882 178.851
6371.899 178.615
6372.917 178.440
6373.934 178.605
6374.950 178.917
6375.968 178.909
6376.985 178.941
6378.002 178.901
6379.019 178.964
6380.037 178.974
6381.054 178.948
6382.071 178.954
6383.089 178.777
6384.105 178.630
6385.123 178.668
6386.140 178.690
6387.157 178.712
6388.174 178.746
6389.192 178.648
6390.209 178.704
6391.227 178.752
6392.244 178.842
6393.261 178.979
6394.278 178.987
6395.295 178.825
6396.312 178.881
6397.330 178.794
6398.347 178.772
6399.364 178.909
6400.382 178.965
6401.399 179.018
6402.416 178.866
6403.433 178.900
6404.450 178.852
6405.467 178.670
6406.484 178.942
6407.502 178.915
6408.519 178.529
6409.536 178.750
6410.554 178.829
6411.571 178.872
6412.588 178.901
6413.605 178.649
6414.623 178.655
6415.639 178.739
6416.657 179.022
6417.674 178.886
6418.691 179.016
6419.708 178.924
6420.726 178.851
6421.744 178.955
6422.762 178.735
6423.779 178.761
6424.796 178.825
6425.814 178.893
6426.831 179.080
6427.849 179.062
6428.866 178.946
6429.887 178.758
6430.904 178.659
6431.922 178.679
6432.939 178.622
6433.957 178.647
6434.974 178.730
6435.991 178.712
6437.008 178.701
6438.025 178.756
6439.043 178.758
6440.060 178.723
6441.078 178.660
6442.095 178.782
6443.112 178.752
6444.129 178.737
6445.147 178.757
6446.164 178.852
6447.181 178.850
6448.198 178.860
6449.216 178.852
6450.233 178.695
6451.251 178.569
6452.268 178.537
6453.285 178.518
6454.303 178.672
6455.320 178.824
6456.337 178.845
6457.355 178.657
6458.373 178.655
6459.390 178.679
6460.408 178.716
6461.425 178.720
6462.442 178.728
6463.459 178.496
6464.477 178.509
6465.494 178.667
6466.511 178.636
6467.529 178.774
6468.546 178.586
6469.563 178.733
6470.580 178.634
6471.597 178.628
6472.614 178.684
6473.632 178.465
6474.649 178.372
6475.667 178.319
6476.684 178.557
6477.702 178.641
6478.717 178.711
6479.732 178.513
6480.749 178.573
6481.766 178.332
6482.782 178.359
6483.799 178.618
6484.816 178.585
6485.833 178.525
6486.849 178.442
6487.866 178.557
6488.883 178.540
6489.900 178.338
6490.917 178.278
6491.933 178.358
6492.950 178.443
6493.967 178.504
6494.985 178.597
6496.002 178.552
6497.019 178.569
6498.036 178.527
6499.052 178.579
6500.069 178.613
6501.086 178.594
6502.104 178.602
6503.121 178.506
6504.139 178.375
6505.155 178.335
6506.173 178.542
6507.190 178.610
6508.207 178.495
6509.224 178.416
6510.241 178.401
6511.259 178.240
6512.276 178.167
6513.292 178.277
6514.309 178.476
6515.326 178.473
6516.344 178.369
6517.361 178.358
6518.378 178.475
6519.395 178.400
6520.412 178.427
6521.430 178.453
6522.448 178.318
6523.465 178.382
6524.482 178.429
6525.499 178.199
6526.517 178.480
6527.534 178.301
6528.551 178.206
6529.569 178.177
6530.586 178.217
6531.603 178.390
6532.620 178.254
6533.637 178.432
6534.654 178.580
6535.672 178.410
6536.689 178.154
6537.707 178.267
6538.724 178.312
6539.742 178.363
6540.759 178.231
6541.777 178.237
6542.794 178.113
6543.811 178.243
6544.828 178.265
6545.846 178.284
6546.863 178.259
6547.880 178.308
6548.897 178.080
6549.914 178.026
6550.932 178.125
6551.949 178.123
6552.966 178.094
6553.984 178.296
6555.001 178.299
6556.018 178.220
6557.035 178.142
6558.052 178.038
6559.069 178.121
6560.086 178.332
6561.104 178.355
6562.121 178.311
6563.139 178.293
6564.157 178.178
6565.174 178.211
6566.191 178.268
6567.208 178.357
6568.226 178.366
6569.243 178.107
6570.260 177.981
6571.277 178.063
6572.294 177.981
6573.311 178.020
6574.329 178.003
6575.345 178.020
6576.363 178.212
6577.380 178.155
6578.397 178.096
6579.415 178.093
6580.431 178.174
6581.448 178.100
6582.465 178.124
6583.482 178.308
6584.499 178.361
6585.517 178.239
6586.534 178.110
6587.552 177.971
6588.569 178.131
6589.587 178.285
6590.604 178.222
6591.622 177.996
6592.639 178.007
6593.656 177.833
6594.673 177.868
6595.691 178.039
6596.708 178.146
6597.725 177.955
6598.742 178.151
6599.760 178.064
6600.777 178.231
6601.795 178.216
6602.812 178.268
6603.829 178.159
6604.846 177.957
6605.864 177.993
6606.881 177.937
6607.899 177.863
6608.916 177.961
6609.934 177.967
6610.951 178.063
6611.968 177.962
6612.984 177.820
6614.001 177.788
6615.018 177.921
6616.035 178.115
6617.052 177.999
6618.069 178.012
6619.086 178.067
6620.104 177.972
6621.121 177.989
6622.138 177.952
6623.156 177.903
6624.173 177.980
6625.191 177.814
6626.208 177.715
6627.226 177.885
6628.243 178.065
6629.261 178.224
6630.278 178.185
6631.295 177.937
6632.312 177.824
6633.330 177.834
6634.347 177.907
6635.364 178.031
6636.382 177.963
6637.398 178.013
6638.416 177.905
6639.433 177.953
6640.451 177.814
6641.468 177.892
6642.486 178.027
6643.503 177.953
6644.520 178.083
6645.537 177.775
6646.554 177.739
6647.571 177.638
6648.589 177.857
6649.606 178.059
6650.623 178.033
6651.640 178.080
6652.657 177.803
6653.674 177.843
6654.691 177.909
6655.708 177.993
6656.726 177.814
6657.744 177.783
6658.761 177.840
6659.777 177.616
6660.792 177.545
6661.807 177.720
6662.823 177.658
6663.840 177.774
6664.857 177.763
6665.874 177.833
6666.891 177.813
6667.907 177.697
6668.924 177.790
6669.941 177.754
6670.958 177.732
6671.975 177.780
6672.992 177.653
6674.009 177.629
6675.028 177.760
6676.044 177.686
6677.061 177.660
6678.079 177.657
6679.096 177.724
6680.113 177.731
6681.131 177.577
6682.147 177.548
6683.164 177.539
6684.182 177.519
6685.198 177.579
6686.215 177.651
6687.232 177.672
6688.249 177.515
6689.266 177.396
6690.283 177.454
6691.300 177.441
6692.317 177.653
6693.334 177.664
6694.351 177.685
6695.368 177.562
6696.385 177.598
6697.402 177.574
6698.420 177.375
6699.437 177.406
6700.454 177.519
6701.472 177.613
6702.489 177.514
6703.507 177.569
6704.524 177.316
6705.541 177.254
6706.558 177.404
6707.575 177.485
6708.592 177.588
6709.609 177.346
6710.625 177.532
6711.643 177.539
6712.660 177.459
6713.677 177.201
6714.694 177.317
6715.712 177.256
6716.729 177.242
6717.746 177.492
6718.764 177.382
6719.781 177.346
6720.797 177.493
6721.815 177.391
6722.831 177.278
6723.849 177.404
6724.866 177.341
6725.883 177.313
6726.901 177.313
6727.918 177.405
6728.935 177.275
6729.953 177.265
6730.970 177.303
6731.988 177.142
6733.005 176.939
6734.022 176.893
6735.040 177.030
6736.056 177.095
6737.074 177.008
6738.091 176.993
6739.108 176.994
6740.126 177.092
6741.143 177.146
6742.160 176.982
6743.178 176.941
6744.195 177.071
6745.212 177.178
6746.230 177.305
6747.247 177.074
6748.265 176.967
6749.282 176.943
6750.300 177.104
6751.317 177.215
6752.334 177.164
6753.351 176.922
6754.369 176.660
6755.385 176.921
6756.402 176.946
6757.419 177.177
6758.437 177.182
6759.454 177.127
6760.471 176.880
6761.487 176.881
6762.505 176.834
6763.522 176.964
6764.539 177.008
6765.556 176.976
6766.573 176.798
6767.591 176.669
6768.608 176.875
6769.625 176.848
6770.643 177.004
6771.660 176.825
6772.678 176.600
6773.695 176.699
6774.713 176.726
6775.730 176.701
6776.747 176.747
6777.764 176.735
6778.781 176.642
6779.798 176.569
6780.815 176.612
6781.833 176.766
6782.850 176.739
6783.867 176.828
6784.884 176.719
6785.902 176.810
6786.919 176.870
6787.935 176.926
6788.952 176.823
6789.970 176.718
6790.988 176.629
6792.005 176.642
6793.022 176.657
6794.039 176.751
6795.057 176.673
6796.074 176.533
6797.092 176.597
6798.109 176.685
6799.127 176.566
6800.144 176.642
6801.161 176.583
6802.178 176.534
6803.195 176.734
6804.212 176.794
6805.229 176.810
6806.246 176.560
6807.264 176.548
6808.281 176.525
6809.298 176.571
6810.316 176.689
6811.333 176.756
6812.351 176.687
6813.369 176.672
6814.386 176.659
6815.403 176.528
6816.421 176.462
6817.438 176.571
6818.455 176.371
6819.472 176.402
6820.489 176.319
6821.506 176.483
6822.523 176.350
6823.541 176.456
6824.558 176.340
6825.575 176.536
6826.592 176.330
6827.610 176.418
6828.627 176.418
6829.644 176.530
6830.661 176.594
6831.679 176.587
6832.696 176.426
6833.714 176.299
6834.731 176.481
6835.749 176.523
6836.767 176.414
6837.784 176.401
6838.801 176.490
6839.816 176.537
6840.831 176.535
6841.847 176.462
6842.863 176.324
6843.879 176.511
6844.896 176.531
6845.913 176.497
6846.929 176.398
6847.946 176.342
6848.964 176.374
6849.981 176.424
6850.998 176.366
6852.015 176.433
6853.032 176.378
6854.048 176.469
6855.066 176.530
6856.083 176.406
6857.100 176.309
6858.113 176.347
6859.130 176.404
6860.147 176.484
6861.164 176.538
6862.181 176.436
6863.199 176.323
6864.216 176.299
6865.233 176.478
6866.251 176.412
6867.268 176.450
6868.285 176.534
6869.303 176.563
6870.320 176.547
6871.337 176.319
6872.354 176.384
6873.371 176.440
6874.389 176.480
6875.405 176.496
6876.422 176.203
6877.439 176.243
6878.455 176.116
6879.473 176.134
6880.490 176.285
6881.507 176.101
6882.524 176.326
6883.542 176.176
6884.559 176.150
6885.576 176.216
6886.594 176.344
6887.611 176.376
6888.629 176.498
6889.646 176.465
6890.663 176.290
6891.680 176.516
6892.698 176.466
6893.715 176.337
6894.732 176.091
6895.749 176.106
6896.767 176.333
6897.783 176.266
6898.801 176.111
6899.818 176.133
6900.835 176.289
6901.852 176.362
6902.869 176.390
6903.887 176.301
6904.904 176.219
6905.922 176.258
6906.939 176.193
6907.956 176.143
6908.973 176.236
6909.991 176.337
6911.008 176.353
6912.025 176.227
6913.041 176.169
6914.058 176.116
6915.075 176.213
6916.093 176.227
6917.110 176.169
6918.128 176.182
6919.145 176.028
6920.162 175.942
6921.180 175.894
6922.197 175.927
6923.215 176.124
6924.232 176.280
6925.250 176.153
6926.267 176.057
6927.285 176.033
6928.302 175.974
6929.319 176.122
6930.336 176.252
6931.353 176.224
6932.371 176.160
6933.389 175.977
6934.406 176.068
6935.423 176.122
6936.440 176.211
6937.458 176.056
6938.475 175.989
6939.493 176.159
6940.510 176.309
6941.527 176.347
6942.545 176.132
6943.562 176.176
6944.579 176.156
6945.596 175.850
6946.613 175.757
6947.630 176.152
6948.648 176.062
6949.665 175.957
6950.682 176.082
6951.699 176.018
6952.716 176.150
6953.733 176.069
6954.750 176.050
6955.767 176.140
6956.784 175.828
6957.802 175.928
6958.820 175.982
6959.838 175.950
6960.855 175.851
6961.872 175.846
6962.890 175.981
6963.907 175.962
6964.924 175.882
6965.941 175.825
6966.959 175.875
6967.976 176.119
6968.993 176.072
6970.010 175.890
6971.027 175.929
6972.044 176.054
6973.061 175.992
6974.079 175.883
6975.096 175.919
6976.114 175.961
6977.131 176.054
6978.149 175.984
6979.166 175.958
6980.183 175.914
6981.201 175.889
6982.218 175.884
6983.235 175.939
6984.253 175.867
6985.270 175.701
6986.287 175.785
6987.305 175.945
6988.321 175.945
6989.338 175.885
6990.355 175.882
6991.373 175.826
6992.390 175.818
6993.407 175.932
6994.425 175.829
6995.442 175.786
6996.459 175.930
6997.477 175.753
6998.494 175.802
6999.512 175.858
7000.529 175.741
7001.547 175.829
7002.564 175.762
7003.581 175.747
7004.598 175.848
7005.616 176.005
7006.633 176.005
7007.650 175.752
7008.667 175.655
7009.684 175.692
7010.702 175.629
7011.719 175.907
7012.737 175.848
7013.754 175.753
7014.771 175.680
7015.789 175.824
7016.806 175.900
7017.824 175.817
7018.840 175.677
7019.856 175.808
7020.871 175.703
7021.886 175.558
7022.902 175.514
7023.919 175.446
7024.936 175.558
7025.953 175.626
7026.969 175.627
7027.986 175.507
7029.003 175.597
7030.020 175.721
7031.037 175.636
7032.054 175.507
7033.071 175.514
7034.088 175.666
7035.104 175.834
7036.121 175.863
7037.138 175.752
7038.155 175.552
7039.172 175.511
7040.189 175.503
7041.207 175.591
7042.224 175.601
7043.241 175.730
7044.258 175.834
7045.276 175.672
7046.293 175.606
7047.310 175.621
7048.327 175.880
7049.344 175.974
7050.362 175.720
7051.379 175.647
7052.396 175.498
7053.413 175.592
7054.430 175.731
7055.447 175.685
7056.464 175.655
7057.482 175.549
7058.498 175.445
7059.515 175.691
7060.532 175.600
7061.550 175.493
7062.566 175.512
7063.584 175.496
7064.601 175.661
7065.618 175.892
7066.634 175.621
7067.652 175.491
7068.669 175.650
7069.686 175.523
7070.703 175.493
7071.720 175.443
7072.737 175.380
7073.754 175.451
7074.772 175.512
7075.789 175.634
7076.807 175.664
7077.824 175.568
7078.841 175.596
7079.859 175.500
7080.876 175.447
7081.893 175.472
7082.910 175.660
7083.927 175.634
7084.945 175.552
7085.962 175.555
7086.980 175.540
7087.997 175.494
7089.015 175.530
7090.032 175.587
7091.048 175.475
7092.066 175.535
7093.084 175.601
7094.101 175.587
7095.119 175.656
7096.135 175.499
7097.152 175.403
7098.169 175.380
7099.186 175.424
7100.204 175.453
7101.221 175.474
7102.238 175.605
7103.255 175.502
7104.271 175.610
7105.286 175.531
7106.303 175.482
7107.320 175.570
7108.337 175.489
7109.354 175.545
7110.373 175.569
7111.390 175.595
7112.407 175.314
7113.424 175.325
7114.441 175.328
7115.458 175.462
7116.475 175.508
7117.492 175.324
7118.509 175.539
7119.527 175.284
7120.543 175.401
7121.560 175.151
7122.578 175.464
7123.595 175.215
7124.612 175.459
7125.629 175.536
7126.647 175.478
7127.664 175.418
7128.681 175.218
7129.698 175.440
7130.716 175.496
7131.733 175.475
7132.750 175.464
7133.767 175.300
7134.784 175.271
7135.801 175.366
7136.819 175.180
7137.836 175.259
7138.853 175.457
7139.870 175.339
7140.887 175.174
7141.905 175.178
7142.922 175.186
7143.939 175.205
7144.957 175.258
7145.974 175.217
7146.992 175.304
7148.010 175.371
7149.027 175.450
7150.045 175.211
7151.063 175.191
7152.080 175.245
7153.097 175.214
7154.115 175.189
7155.132 175.105
7156.149 175.242
7157.167 175.277
7158.185 175.184
7159.202 175.198
7160.220 175.207
7161.237 175.237
7162.255 175.250
7163.272 175.193
7164.290 175.165
7165.308 174.976
7166.325 174.964
7167.342 174.931
7168.359 175.064
7169.376 175.114
7170.394 175.056
7171.410 175.077
7172.425 175.002
7173.442 175.093
7174.459 175.134
7175.476 175.080
7176.494 174.956
7177.510 175.038
7178.527 174.938
7179.544 174.871
7180.562 175.232
7181.579 175.131
7182.598 175.041
7183.616 175.080
7184.633 174.950
7185.650 175.123
7186.668 175.108
7187.684 175.079
7188.701 174.875
7189.719 174.673
7190.736 174.461
7191.753 174.290
7192.771 174.098
7193.788 173.894
7194.806 173.669
7195.823 173.528
