0.000 -4.676
0.115 -4.627
0.232 -4.623
0.348 -4.573
0.465 -4.574
0.583 -4.495
0.700 -4.484
0.817 -4.438
0.933 -4.413
1.050 -4.402
1.167 -4.372
1.284 -4.308
1.401 -4.280
1.519 -4.287
1.635 -4.203
1.752 -4.170
1.869 -4.183
1.986 -4.125
2.103 -4.077
2.220 -4.054
2.337 -4.020
2.454 -4.003
2.571 -3.965
2.688 -3.925
2.805 -3.917
2.922 -3.874
3.039 -3.871
3.156 -3.853
3.273 -3.822
3.390 -3.785
3.507 -3.794
3.624 -3.743
3.741 -3.774
3.858 -3.730
3.975 -3.748
4.092 -3.712
4.208 -3.710
4.324 -3.692
4.441 -3.693
4.558 -3.709
4.674 -3.742
4.790 -3.719
4.908 -3.760
5.026 -3.805
5.142 -3.799
5.260 -3.836
5.377 -3.866
5.494 -3.903
5.611 -3.875
5.728 -3.857
5.845 -3.808
5.962 -3.763
6.079 -3.685
6.196 -3.673
6.314 -3.633
6.430 -3.600
6.548 -3.548
6.664 -3.522
6.782 -3.541
6.898 -3.526
7.016 -3.473
7.133 -3.428
7.249 -3.458
7.366 -3.411
7.483 -3.388
7.599 -3.370
7.716 -3.329
7.832 -3.342
7.949 -3.338
8.066 -3.321
8.183 -3.265
8.300 -3.289
8.417 -3.227
8.534 -3.249
8.651 -3.243
8.768 -3.278
8.885 -3.269
9.001 -3.287
9.119 -3.291
9.235 -3.302
9.352 -3.370
9.469 -3.387
9.586 -3.358
9.704 -3.361
9.821 -3.381
9.938 -3.345
10.054 -3.327
10.171 -3.330
10.288 -3.343
10.405 -3.362
10.522 -3.337
10.639 -3.345
10.755 -3.322
10.872 -3.349
10.989 -3.343
11.106 -3.347
11.223 -3.353
11.341 -3.404
11.458 -3.387
12.475 -3.224
13.494 -3.058
14.510 -3.055
15.528 -3.305
16.544 -3.344
17.562 -3.378
18.579 -3.618
19.596 -3.689
20.614 -3.606
21.631 -3.640
22.648 -3.812
23.665 -4.153
24.683 -4.313
25.701 -4.150
26.718 -4.357
27.735 -4.606
28.753 -4.619
29.770 -4.865
30.788 -4.971
31.805 -5.220
32.822 -5.400
33.839 -5.486
34.856 -5.613
35.873 -5.732
36.890 -6.060
37.908 -6.402
38.926 -6.500
39.943 -6.567
40.959 -6.695
41.973 -6.746
42.988 -6.945
44.004 -7.209
45.021 -7.369
46.037 -7.481
47.054 -7.809
48.070 -7.984
49.088 -8.179
50.105 -8.464
51.123 -8.731
52.140 -8.951
53.158 -9.192
54.175 -9.492
55.192 -9.582
56.209 -9.643
57.226 -9.919
58.243 -10.119
59.261 -10.272
60.278 -10.443
61.294 -10.689
62.311 -10.953
63.328 -11.189
64.346 -11.459
65.363 -11.497
66.380 -12.035
67.397 -12.055
68.415 -12.196
69.432 -12.450
70.449 -12.756
71.467 -13.190
72.484 -13.132
73.501 -13.342
74.518 -13.475
75.535 -13.830
76.553 -14.194
77.569 -14.330
78.587 -14.442
79.603 -14.469
80.621 -14.786
81.638 -15.073
82.654 -15.311
83.672 -15.327
84.689 -15.601
85.706 -15.826
86.723 -16.128
87.741 -16.310
88.758 -16.371
89.775 -16.710
90.792 -17.082
91.809 -17.351
92.826 -17.647
93.843 -18.083
94.860 -18.271
95.877 -18.575
96.894 -18.782
97.911 -19.072
98.927 -19.137
99.945 -19.327
100.962 -19.621
101.979 -20.014
102.996 -20.415
104.013 -20.657
105.031 -20.872
106.048 -21.156
107.066 -21.510
108.082 -21.838
109.100 -22.177
110.117 -22.525
111.135 -22.788
112.152 -23.021
113.169 -23.282
114.186 -23.498
115.204 -23.839
116.221 -23.999
117.239 -24.028
118.256 -24.249
119.273 -24.521
120.291 -24.987
121.308 -25.341
122.325 -25.629
123.343 -25.787
124.361 -26.052
125.379 -26.142
126.396 -26.306
127.413 -26.698
128.430 -27.015
129.448 -27.476
130.466 -27.757
131.483 -27.919
132.500 -28.157
133.518 -28.267
134.534 -28.602
135.551 -28.826
136.568 -29.214
137.585 -29.693
138.602 -30.142
139.620 -30.476
140.637 -30.798
141.654 -30.965
142.671 -31.209
143.689 -31.769
144.706 -32.088
145.723 -32.438
146.740 -32.638
147.757 -32.883
148.775 -33.335
149.792 -33.736
150.810 -34.011
151.827 -34.525
152.845 -34.937
153.862 -35.043
154.879 -35.349
155.896 -35.887
156.913 -36.245
157.930 -36.683
158.947 -36.943
159.964 -37.090
160.982 -37.451
161.999 -37.944
163.017 -38.366
164.034 -39.067
165.051 -39.595
166.068 -39.992
167.085 -40.605
168.102 -41.102
169.120 -41.412
170.137 -42.031
171.155 -42.443
172.172 -42.901
173.189 -43.298
174.205 -43.843
175.223 -44.291
176.241 -44.808
177.257 -45.353
178.275 -45.729
179.292 -46.164
180.310 -46.803
181.327 -47.261
182.344 -47.863
183.361 -48.540
184.379 -48.808
185.396 -49.152
186.412 -49.739
187.430 -50.238
188.447 -50.877
189.465 -51.205
190.482 -51.859
191.500 -52.637
192.517 -52.981
193.534 -53.748
194.551 -54.469
195.568 -54.887
196.586 -55.253
197.604 -55.622
198.621 -56.464
199.638 -56.958
200.655 -57.423
201.672 -57.817
202.690 -58.391
203.707 -59.183
204.724 -59.682
205.742 -60.148
206.759 -60.878
207.776 -61.370
208.793 -61.801
209.810 -62.238
210.828 -62.798
211.845 -63.333
212.862 -63.948
213.879 -64.646
214.897 -65.192
215.914 -65.703
216.931 -66.303
217.947 -66.824
218.965 -67.429
219.983 -67.922
221.000 -68.327
222.015 -68.937
223.030 -69.536
224.045 -69.974
225.061 -70.409
226.077 -71.097
227.093 -71.770
228.109 -72.163
229.126 -72.601
230.143 -73.213
231.160 -73.825
232.177 -74.418
233.194 -74.890
234.211 -75.440
235.228 -75.962
236.245 -76.575
237.262 -77.087
238.279 -77.687
239.297 -78.138
240.314 -78.928
241.331 -79.271
242.348 -79.831
243.365 -80.256
244.381 -80.822
245.396 -81.395
246.414 -82.228
247.431 -82.717
248.448 -83.356
249.465 -83.931
250.482 -84.393
251.499 -84.549
252.516 -85.175
253.533 -85.873
254.551 -86.309
255.567 -86.869
256.585 -87.576
257.601 -87.891
258.618 -88.572
259.635 -88.890
260.652 -89.496
261.669 -89.913
262.686 -90.570
263.704 -91.272
264.721 -91.641
265.738 -92.231
266.755 -92.879
267.773 -93.377
268.789 -93.838
269.807 -94.304
270.824 -94.799
271.841 -95.423
272.858 -96.088
273.875 -96.417
274.892 -97.002
275.909 -97.791
276.926 -98.377
277.944 -98.893
278.960 -99.323
279.978 -99.673
280.995 -100.268
282.014 -100.975
283.031 -101.414
284.049 -101.713
285.066 -102.299
286.083 -103.055
287.100 -103.570
288.118 -104.129
289.135 -104.796
290.152 -105.343
291.170 -105.862
292.186 -106.243
293.204 -106.809
294.221 -107.399
295.239 -107.869
296.256 -108.391
297.273 -108.828
298.290 -109.505
299.308 -110.013
300.325 -110.550
301.342 -110.866
302.359 -111.519
303.377 -112.084
304.394 -112.746
305.411 -113.184
306.429 -113.778
307.446 -114.324
308.463 -114.875
309.480 -115.172
310.497 -115.620
311.514 -115.999
312.532 -116.683
313.549 -117.227
314.566 -117.703
315.584 -118.230
316.601 -118.446
317.619 -119.102
318.635 -119.341
319.653 -119.762
320.670 -120.474
321.687 -121.036
322.704 -121.563
323.722 -121.884
324.739 -122.217
325.756 -122.520
326.773 -122.942
327.789 -123.688
328.806 -124.109
329.824 -124.535
330.841 -124.905
331.858 -125.451
332.875 -126.108
333.892 -126.508
334.905 -126.922
335.923 -127.257
336.940 -127.648
337.956 -128.232
338.974 -128.850
339.991 -129.186
341.008 -129.428
342.026 -129.852
343.043 -130.457
344.060 -131.131
345.077 -131.775
346.094 -132.177
347.112 -132.419
348.129 -132.901
349.145 -133.253
350.163 -133.604
351.180 -133.928
352.197 -134.325
353.214 -134.677
354.231 -134.888
355.248 -135.287
356.265 -135.703
357.282 -135.960
358.300 -136.094
359.317 -136.380
360.335 -136.766
361.352 -137.215
362.369 -137.684
363.386 -138.050
364.403 -138.444
365.421 -138.707
366.438 -139.076
367.455 -139.418
368.473 -139.743
369.490 -140.074
370.507 -140.200
371.524 -140.542
372.541 -141.076
373.559 -141.402
374.576 -141.992
375.593 -142.122
376.610 -142.712
377.628 -143.135
378.645 -143.365
379.662 -143.757
380.679 -143.877
381.696 -144.122
382.713 -144.528
383.730 -144.663
384.748 -145.111
385.766 -145.550
386.782 -145.796
387.799 -146.039
388.817 -146.424
389.834 -146.757
390.851 -147.119
391.868 -147.389
392.886 -147.735
393.903 -148.221
394.921 -148.491
395.938 -148.831
396.955 -149.182
397.972 -149.557
398.989 -149.822
400.007 -150.184
401.024 -150.729
402.041 -151.058
403.059 -151.389
404.077 -151.709
405.093 -151.884
406.109 -152.157
407.124 -152.508
408.140 -152.796
409.156 -153.095
410.172 -153.483
411.188 -153.918
412.206 -154.219
413.223 -154.378
414.239 -154.825
415.256 -155.145
416.273 -155.289
417.290 -155.510
418.307 -155.944
419.324 -156.307
420.341 -156.720
421.358 -157.231
422.375 -157.525
423.392 -157.655
424.409 -157.858
425.426 -158.313
426.443 -158.688
427.460 -158.647
428.478 -158.911
429.494 -159.263
430.511 -159.566
431.529 -160.090
432.546 -160.335
433.563 -160.548
434.580 -160.972
435.597 -161.258
436.614 -161.287
437.631 -161.499
438.648 -161.553
439.665 -161.895
440.682 -162.129
441.698 -162.283
442.716 -162.558
443.733 -162.664
444.750 -162.940
445.767 -163.128
446.784 -163.443
447.802 -163.814
448.818 -164.009
449.836 -164.120
450.853 -164.256
451.870 -164.569
452.888 -164.738
453.905 -164.946
454.922 -165.162
455.940 -165.427
456.957 -165.710
457.974 -165.861
458.991 -165.860
460.009 -165.989
461.026 -166.128
462.043 -166.454
463.060 -166.736
464.077 -166.840
465.095 -166.921
466.112 -167.084
467.129 -167.188
468.147 -167.224
469.164 -167.452
470.181 -167.763
471.199 -167.831
472.216 -168.022
473.232 -168.053
474.248 -168.210
475.266 -168.332
476.283 -168.316
477.300 -168.621
478.317 -168.893
479.334 -168.889
480.351 -168.953
481.368 -169.155
482.385 -169.233
483.403 -169.443
484.420 -169.272
485.437 -169.294
486.454 -169.527
487.471 -169.676
488.489 -169.968
489.506 -170.143
490.524 -170.047
491.541 -170.040
492.558 -170.124
493.575 -170.577
494.593 -170.709
495.609 -170.673
496.626 -171.101
497.644 -171.176
498.661 -171.284
499.678 -171.174
500.695 -171.317
501.712 -171.461
502.730 -171.423
503.748 -171.396
504.765 -171.645
505.783 -171.838
506.800 -171.913
507.818 -171.808
508.835 -171.934
509.853 -172.165
510.869 -172.246
511.886 -172.313
512.903 -172.506
513.920 -172.776
514.938 -172.985
515.955 -172.852
516.973 -172.802
517.990 -173.010
519.007 -173.204
520.024 -173.294
521.042 -173.558
522.059 -173.687
523.077 -173.716
524.094 -173.784
525.112 -173.721
526.129 -173.914
527.146 -173.927
528.164 -174.027
529.181 -174.189
530.198 -174.268
531.214 -174.378
532.231 -174.431
533.249 -174.580
534.266 -174.721
535.283 -174.758
536.300 -174.659
537.317 -174.940
538.334 -175.082
539.351 -175.149
540.369 -175.439
541.386 -175.481
542.403 -175.313
543.420 -175.335
544.437 -175.438
545.454 -175.876
546.471 -175.771
547.489 -175.943
548.506 -175.918
549.522 -176.278
550.540 -176.297
551.557 -176.329
552.574 -176.371
553.591 -176.339
554.609 -176.454
555.626 -176.562
556.643 -176.777
557.661 -176.781
558.678 -176.830
559.695 -176.885
560.712 -177.044
561.730 -177.061
562.747 -177.184
563.764 -177.079
564.781 -177.356
565.798 -177.419
566.815 -177.404
567.833 -177.383
568.850 -177.567
569.866 -177.564
570.884 -177.564
571.901 -177.665
572.919 -177.810
573.936 -177.854
574.953 -177.900
575.970 -177.907
576.988 -177.944
578.005 -177.925
579.022 -177.829
580.039 -177.953
581.057 -178.075
582.074 -177.985
583.091 -177.914
584.108 -177.984
585.125 -178.102
586.143 -178.222
587.161 -178.303
588.179 -178.223
589.196 -178.408
590.211 -178.386
591.226 -178.294
592.241 -178.458
593.258 -178.527
594.274 -178.550
595.292 -178.554
596.308 -178.466
597.325 -178.471
598.342 -178.360
599.359 -178.429
600.376 -178.387
601.393 -178.569
602.410 -178.667
603.427 -178.600
604.444 -178.784
605.461 -178.668
606.478 -178.807
607.496 -178.700
608.512 -178.554
609.530 -178.668
610.546 -178.910
611.563 -178.904
612.580 -179.083
613.597 -178.789
614.615 -179.018
615.631 -178.978
616.648 -178.907
617.665 -178.887
618.683 -178.894
619.700 -178.889
620.716 -178.937
621.734 -179.233
622.751 -179.219
623.768 -179.269
624.785 -179.229
625.802 -179.197
626.819 -179.163
627.836 -179.493
628.853 -179.548
629.871 -179.441
630.888 -179.377
631.905 -179.304
632.923 -179.478
633.940 -179.605
634.957 -179.518
635.974 -179.469
636.991 -179.541
638.009 -179.660
639.026 -179.759
640.043 -179.803
641.060 -179.789
642.077 -179.757
643.094 -180.020
644.111 -180.079
645.129 -180.211
646.146 -180.169
647.164 -180.398
648.180 -180.513
649.197 -180.431
650.214 -180.516
651.230 -180.567
652.247 -180.686
653.265 -180.793
654.282 -180.888
655.299 -181.044
656.316 -181.022
657.333 -181.070
658.350 -181.011
659.368 -181.074
660.385 -181.158
661.403 -181.205
662.420 -181.400
663.437 -181.306
664.454 -181.587
665.471 -181.532
666.488 -181.708
667.506 -181.632
668.523 -181.626
669.541 -181.967
670.557 -181.900
671.575 -181.855
672.592 -182.198
673.609 -182.227
674.625 -182.382
675.643 -182.371
676.660 -182.428
677.677 -182.291
678.694 -182.431
679.712 -182.610
680.729 -182.682
681.746 -182.675
682.764 -182.579
683.781 -182.647
684.800 -182.671
685.818 -182.912
686.834 -183.026
687.851 -183.149
688.868 -183.178
689.886 -183.268
690.903 -183.147
691.920 -183.111
692.937 -183.200
693.954 -183.280
694.972 -183.260
695.989 -183.304
697.005 -183.392
698.023 -183.382
699.040 -183.375
700.057 -183.475
701.075 -183.514
702.091 -183.580
703.109 -183.603
704.127 -183.583
705.144 -183.618
706.161 -183.640
707.178 -183.682
708.195 -183.830
709.212 -183.785
710.229 -183.798
711.247 -183.908
712.263 -183.799
713.281 -183.779
714.298 -183.876
715.316 -183.804
716.333 -183.938
717.350 -183.849
718.368 -183.913
719.385 -184.101
720.402 -184.277
721.420 -184.049
722.437 -183.989
723.454 -184.119
724.471 -184.202
725.488 -184.356
726.505 -184.407
727.522 -184.435
728.540 -184.184
729.557 -184.422
730.574 -184.615
731.591 -184.573
732.608 -184.520
733.625 -184.693
734.643 -184.469
735.660 -184.492
736.678 -184.467
737.695 -184.727
738.712 -184.736
739.729 -184.617
740.747 -184.666
741.764 -184.618
742.781 -184.783
743.799 -184.750
744.816 -184.581
745.834 -184.564
746.849 -184.671
747.864 -184.745
748.883 -184.811
749.899 -185.066
750.916 -185.025
751.934 -184.894
752.951 -185.046
753.969 -185.145
754.986 -185.228
756.003 -185.257
757.020 -185.173
758.038 -185.130
759.055 -185.128
760.073 -185.086
761.090 -185.063
762.107 -185.268
763.124 -185.354
764.141 -185.529
765.159 -185.571
766.176 -185.396
767.193 -185.329
768.210 -185.357
769.228 -185.369
770.246 -185.366
771.262 -185.325
772.277 -185.490
773.292 -185.555
774.307 -185.739
775.323 -185.814
776.340 -185.845
777.357 -185.861
778.374 -185.967
779.391 -185.710
780.408 -185.627
781.424 -185.737
782.441 -185.992
783.457 -185.961
784.474 -186.025
785.491 -186.062
786.509 -186.122
787.526 -186.144
788.543 -185.924
789.560 -185.931
790.577 -186.119
791.594 -186.046
792.612 -186.070
793.629 -186.139
794.646 -186.201
795.663 -186.302
796.680 -186.265
797.698 -186.374
798.715 -186.427
799.732 -186.351
800.749 -186.234
801.770 -186.097
802.788 -186.244
803.805 -186.493
804.821 -186.527
805.838 -186.475
806.855 -186.547
807.873 -186.513
808.890 -186.690
809.907 -186.635
810.924 -186.352
811.942 -186.262
812.958 -186.527
813.975 -186.828
814.992 -186.899
816.010 -186.874
817.027 -186.779
818.044 -186.721
819.061 -186.779
820.078 -186.838
821.096 -186.869
822.113 -186.985
823.131 -187.152
824.148 -187.191
825.165 -187.236
826.182 -187.134
827.199 -187.036
828.216 -187.230
829.233 -187.345
830.249 -187.371
831.267 -187.520
832.284 -187.672
833.301 -187.764
834.318 -187.618
835.336 -187.841
836.353 -188.008
837.370 -187.939
838.387 -187.887
839.405 -188.034
840.423 -188.208
841.440 -188.252
842.457 -188.211
843.475 -188.260
844.492 -188.360
845.509 -188.318
846.527 -188.392
847.545 -188.370
848.561 -188.485
849.579 -188.753
850.597 -188.861
851.613 -188.877
852.631 -188.870
853.648 -188.963
854.665 -189.026
855.683 -188.975
856.700 -188.934
857.717 -189.099
858.734 -189.157
859.751 -189.256
860.769 -189.237
861.786 -189.401
862.803 -189.536
863.821 -189.715
864.838 -189.534
865.856 -189.626
866.873 -189.635
867.890 -189.978
868.907 -189.971
869.924 -189.960
870.941 -190.196
871.958 -190.202
872.976 -190.217
873.993 -190.157
875.010 -190.227
876.027 -190.279
877.044 -190.501
878.062 -190.573
879.079 -190.663
880.096 -190.899
881.113 -190.975
882.130 -190.966
883.148 -190.913
884.165 -191.077
885.182 -191.216
886.200 -191.436
887.217 -191.520
888.234 -191.574
889.252 -191.455
890.269 -191.618
891.286 -191.668
892.304 -191.853
893.321 -191.947
894.338 -191.923
895.356 -192.159
896.372 -192.347
897.390 -192.422
898.407 -192.334
899.424 -192.469
900.441 -192.645
901.458 -192.640
902.475 -192.706
903.492 -192.652
904.509 -192.621
905.526 -192.673
906.543 -193.013
907.560 -193.126
908.577 -193.342
909.594 -193.316
910.612 -193.216
911.629 -193.468
912.646 -193.561
913.663 -193.437
914.681 -193.726
915.698 -193.824
916.715 -193.855
917.733 -193.848
918.750 -193.972
919.767 -193.902
920.784 -193.863
921.801 -193.990
922.817 -194.106
923.835 -194.276
924.852 -194.418
925.869 -194.443
926.887 -194.575
927.904 -194.853
928.921 -194.865
929.939 -194.949
930.956 -195.090
931.974 -195.032
932.991 -195.093
934.008 -195.178
935.025 -195.190
936.043 -195.318
937.060 -195.491
938.078 -195.561
939.095 -195.493
940.112 -195.611
941.129 -195.704
942.146 -195.814
943.164 -195.915
944.181 -196.034
945.198 -196.075
946.216 -196.088
947.233 -196.278
948.250 -196.520
949.267 -196.511
950.285 -196.520
951.303 -196.605
952.320 -196.553
953.336 -196.662
954.351 -196.836
955.366 -196.832
956.383 -196.968
957.399 -197.241
958.416 -197.305
959.433 -197.325
960.449 -197.325
961.466 -197.590
962.483 -197.823
963.499 -197.980
964.516 -197.919
965.533 -197.852
966.551 -197.812
967.568 -198.017
968.584 -198.143
969.601 -198.226
970.619 -198.198
971.636 -198.267
972.653 -198.369
973.669 -198.549
974.687 -198.671
975.704 -198.461
976.721 -198.588
977.738 -198.795
978.755 -198.791
979.772 -198.959
980.790 -199.100
981.807 -198.995
982.824 -199.090
983.841 -199.214
984.858 -199.358
985.876 -199.562
986.893 -199.779
987.910 -199.879
988.927 -199.842
989.944 -199.899
990.961 -199.786
991.978 -199.801
992.995 -199.957
994.012 -200.108
995.029 -200.242
996.046 -200.514
997.063 -200.632
998.081 -200.695
999.098 -200.804
1000.115 -200.922
1001.133 -201.043
1002.149 -201.118
1003.167 -201.230
1004.184 -201.331
1005.201 -201.572
1006.218 -201.691
1007.235 -201.603
1008.253 -201.528
1009.270 -201.795
1010.286 -202.164
1011.303 -202.110
1012.320 -202.078
1013.338 -202.187
1014.355 -202.388
1015.372 -202.630
1016.389 -202.806
1017.407 -202.746
1018.424 -202.921
1019.442 -202.932
1020.459 -203.092
1021.476 -203.046
1022.494 -203.371
1023.510 -203.326
1024.528 -203.467
1025.545 -203.594
1026.562 -203.705
1027.579 -203.708
1028.596 -203.674
1029.613 -204.043
1030.630 -203.891
1031.647 -203.916
1032.665 -204.165
1033.682 -204.131
1034.700 -204.502
1035.717 -204.499
1036.734 -204.781
1037.752 -204.731
1038.769 -204.735
1039.786 -204.854
1040.804 -204.905
1041.821 -205.102
1042.838 -205.389
1043.855 -205.371
1044.872 -205.455
1045.889 -205.745
1046.906 -205.754
1047.923 -205.678
1048.940 -205.684
1049.957 -205.807
1050.974 -206.032
1051.991 -206.293
1053.009 -206.455
1054.026 -206.404
1055.043 -206.399
1056.061 -206.474
1057.078 -206.449
1058.095 -206.663
1059.112 -206.813
1060.129 -206.859
1061.147 -206.865
1062.164 -206.863
1063.182 -206.883
1064.199 -207.091
1065.216 -207.279
1066.233 -207.207
1067.251 -207.372
1068.267 -207.628
1069.285 -207.824
1070.302 -207.831
1071.320 -207.840
1072.337 -207.877
1073.355 -207.930
1074.372 -207.971
1075.390 -208.156
1076.407 -208.241
1077.424 -208.322
1078.442 -208.291
1079.459 -208.370
1080.476 -208.530
1081.494 -208.478
1082.511 -208.626
1083.528 -208.754
1084.546 -208.989
1085.563 -208.865
1086.580 -209.007
1087.597 -209.168
1088.615 -209.517
1089.631 -209.652
1090.649 -209.661
1091.666 -209.586
1092.684 -209.926
1093.700 -210.124
1094.713 -210.177
1095.731 -210.161
1096.748 -210.348
1097.765 -210.421
1098.783 -210.686
1099.800 -210.798
1100.817 -210.810
1101.834 -210.905
1102.851 -211.022
1103.868 -211.181
1104.885 -211.270
1105.903 -211.442
1106.920 -211.671
1107.937 -211.780
1108.955 -211.948
1109.972 -211.907
1110.991 -211.998
1112.008 -212.139
1113.025 -212.271
1114.042 -212.415
1115.060 -212.514
1116.077 -212.555
1117.094 -212.627
1118.111 -212.658
1119.129 -212.710
1120.145 -212.755
1121.163 -212.928
1122.180 -212.873
1123.198 -212.778
1124.215 -212.913
1125.234 -213.070
1126.251 -213.147
1127.268 -213.449
1128.285 -213.509
1129.302 -213.799
1130.319 -213.775
1131.337 -213.853
1132.354 -213.893
1133.371 -213.870
1134.389 -214.147
1135.406 -214.250
1136.422 -213.980
1137.438 -214.214
1138.453 -214.201
1139.469 -214.211
1140.485 -214.442
1141.502 -214.445
1142.519 -214.790
1143.535 -215.040
1144.552 -214.845
1145.569 -215.059
1146.585 -215.141
1147.602 -215.273
1148.619 -215.711
1149.636 -215.487
1150.653 -215.880
1151.669 -215.956
1152.686 -216.060
1153.703 -215.899
1154.720 -215.909
1155.737 -216.187
1156.754 -216.430
1157.771 -216.632
1158.788 -216.795
1159.805 -216.781
1160.822 -216.912
1161.841 -217.090
1162.858 -217.231
1163.875 -217.365
1164.892 -217.349
1165.909 -217.512
1166.926 -217.602
1167.944 -217.618
1168.961 -217.708
1169.978 -217.807
1170.995 -218.003
1172.012 -218.259
1173.029 -218.367
1174.046 -218.377
1175.064 -218.450
1176.081 -218.530
1177.097 -218.804
1178.114 -218.989
1179.131 -218.944
1180.148 -218.940
1181.165 -219.082
1182.182 -219.169
1183.199 -219.410
1184.216 -219.524
1185.232 -219.626
1186.250 -219.774
1187.267 -220.114
1188.284 -220.291
1189.300 -220.237
1190.317 -220.217
1191.334 -220.360
1192.352 -220.424
1193.369 -220.470
1194.386 -220.717
1195.403 -221.037
1196.420 -221.059
1197.437 -221.174
1198.454 -221.482
1199.471 -221.486
1200.488 -221.511
1201.505 -221.546
1202.522 -221.756
1203.539 -221.776
1204.556 -221.753
1205.574 -222.003
1206.591 -222.236
1207.608 -222.268
1208.626 -222.091
1209.642 -222.053
1210.660 -222.402
1211.676 -222.585
1212.694 -222.851
1213.711 -222.933
1214.728 -222.966
1215.745 -222.813
1216.763 -222.834
1217.780 -223.016
1218.797 -223.155
1219.814 -223.363
1220.831 -223.488
1221.849 -223.605
1222.866 -223.630
1223.883 -223.682
1224.899 -223.821
1225.917 -223.929
1226.934 -223.962
1227.951 -224.133
1228.969 -224.273
1229.986 -224.396
1231.003 -224.503
1232.020 -224.590
1233.037 -224.891
1234.054 -225.256
1235.071 -225.367
1236.088 -225.257
1237.106 -225.281
1238.124 -225.321
1239.140 -225.343
1240.158 -225.583
1241.175 -225.795
1242.192 -225.979
1243.209 -226.065
1244.226 -225.994
1245.243 -225.926
1246.260 -226.151
1247.277 -226.384
1248.294 -226.444
1249.312 -226.469
1250.329 -226.602
1251.346 -226.821
1252.365 -226.890
1253.382 -227.094
1254.399 -227.204
1255.417 -227.245
1256.434 -227.464
1257.451 -227.659
1258.468 -227.778
1259.484 -227.990
1260.497 -227.884
1261.515 -227.899
1262.532 -227.943
1263.549 -228.106
1264.567 -228.328
1265.585 -228.530
1266.602 -228.523
1267.619 -228.495
1268.636 -228.539
1269.654 -228.767
1270.671 -228.938
1271.688 -229.022
1272.705 -228.983
1273.722 -229.014
1274.740 -229.141
1275.757 -229.341
1276.775 -229.439
1277.792 -229.582
1278.809 -229.792
1279.825 -229.921
1280.843 -229.884
1281.860 -230.041
1282.877 -230.203
1283.894 -230.166
1284.911 -230.306
1285.928 -230.307
1286.945 -230.402
1287.962 -230.536
1288.980 -230.643
1289.996 -230.664
1291.014 -230.822
1292.031 -230.960
1293.048 -231.141
1294.065 -231.361
1295.082 -231.310
1296.100 -231.497
1297.117 -231.649
1298.134 -231.695
1299.152 -231.723
1300.169 -231.861
1301.186 -231.944
1302.203 -232.108
1303.221 -232.140
1304.239 -232.203
1305.255 -232.355
1306.273 -232.345
1307.290 -232.304
1308.308 -232.704
1309.325 -232.823
1310.342 -232.772
1311.361 -232.709
1312.378 -233.000
1313.395 -233.099
1314.412 -233.107
1315.430 -233.200
1316.447 -233.207
1317.465 -233.402
1318.482 -233.604
1319.500 -233.861
1320.516 -233.710
1321.531 -233.776
1322.546 -233.948
1323.563 -234.088
1324.579 -234.434
1325.596 -234.423
1326.613 -234.501
1327.630 -234.481
1328.647 -234.729
1329.664 -234.709
1330.682 -234.898
1331.698 -234.985
1332.715 -235.118
1333.733 -235.093
1334.750 -234.979
1335.767 -234.985
1336.785 -235.188
1337.802 -235.245
1338.819 -235.412
1339.836 -235.466
1340.853 -235.630
1341.870 -235.874
1342.887 -236.175
1343.905 -236.299
1344.921 -236.288
1345.939 -236.377
1346.956 -236.526
1347.973 -236.534
1348.991 -236.440
1350.008 -236.508
1351.025 -236.588
1352.042 -236.680
1353.059 -236.696
1354.075 -236.701
1355.093 -236.946
1356.110 -237.046
1357.127 -237.142
1358.145 -237.288
1359.161 -237.378
1360.178 -237.595
1361.195 -237.731
1362.212 -237.723
1363.228 -237.600
1364.245 -237.731
1365.262 -237.897
1366.280 -238.064
1367.297 -238.201
1368.314 -238.309
1369.331 -238.224
1370.348 -238.302
1371.366 -238.358
1372.383 -238.360
1373.400 -238.536
1374.417 -238.797
1375.435 -239.045
1376.452 -238.800
1377.468 -238.980
1378.486 -239.136
1379.502 -239.062
1380.520 -239.081
1381.537 -239.502
1382.554 -239.613
1383.570 -239.595
1384.588 -239.504
1385.605 -239.847
1386.622 -239.815
1387.639 -240.050
1388.657 -239.918
1389.675 -240.023
1390.692 -239.955
1391.708 -240.005
1392.725 -240.100
1393.743 -240.333
1394.760 -240.686
1395.777 -240.745
1396.794 -240.817
1397.811 -240.782
1398.828 -240.750
1399.846 -240.828
1400.863 -241.109
1401.880 -241.281
1402.897 -241.293
1403.914 -241.270
1404.932 -241.244
1405.949 -241.462
1406.965 -241.606
1407.983 -241.741
1409.000 -241.821
1410.017 -241.888
1411.035 -241.963
1412.052 -241.847
1413.069 -241.846
1414.086 -241.945
1415.103 -242.016
1416.121 -242.283
1417.138 -242.577
1418.155 -242.615
1419.173 -242.432
1420.190 -242.604
1421.207 -242.799
1422.224 -242.820
1423.241 -242.841
1424.259 -243.194
1425.275 -243.410
1426.292 -243.238
1427.309 -243.271
1428.327 -243.453
1429.344 -243.531
1430.362 -243.467
1431.379 -243.557
1432.396 -243.730
1433.414 -243.855
1434.431 -243.771
1435.448 -243.907
1436.467 -244.061
1437.484 -244.122
1438.501 -244.144
1439.518 -244.416
1440.535 -244.466
1441.552 -244.546
1442.569 -244.658
1443.586 -244.675
1444.603 -244.720
1445.621 -244.928
1446.638 -244.966
1447.656 -245.062
1448.673 -245.192
1449.690 -245.351
1450.708 -245.392
1451.725 -245.367
1452.742 -245.544
1453.759 -245.782
1454.777 -245.817
1455.794 -245.793
1456.811 -245.748
1457.828 -245.887
1458.845 -245.954
1459.861 -246.222
1460.878 -246.207
1461.895 -246.320
1462.913 -246.344
1463.930 -246.544
1464.947 -246.698
1465.964 -246.707
1466.981 -246.599
1467.999 -246.733
1469.016 -246.949
1470.034 -247.052
1471.051 -247.036
1472.069 -246.945
1473.086 -247.076
1474.103 -247.224
1475.120 -247.413
1476.138 -247.527
1477.156 -247.721
1478.173 -247.663
1479.190 -247.445
1480.207 -247.753
1481.224 -247.827
1482.241 -247.980
1483.258 -248.040
1484.275 -248.089
1485.292 -248.082
1486.309 -248.179
1487.327 -248.246
1488.343 -248.429
1489.361 -248.717
1490.378 -248.805
1491.396 -248.700
1492.413 -248.785
1493.430 -248.910
1494.447 -249.031
1495.465 -248.944
1496.482 -248.983
1497.500 -249.066
1498.517 -249.082
1499.534 -249.048
1500.551 -249.322
1501.568 -249.372
1502.584 -249.498
1503.599 -249.459
1504.615 -249.661
1505.631 -249.572
1506.647 -249.680
1507.663 -249.826
1508.680 -250.183
1509.697 -250.438
1510.714 -250.448
1511.730 -250.415
1512.746 -250.205
1513.763 -250.356
1514.780 -250.182
1515.797 -250.276
1516.814 -250.411
1517.830 -250.450
1518.847 -250.623
1519.865 -250.659
1520.882 -250.735
1521.899 -250.797
1522.916 -250.970
1523.934 -251.036
1524.951 -250.923
1525.967 -251.038
1526.985 -251.141
1528.003 -251.322
1529.019 -251.434
1530.036 -251.487
1531.053 -251.480
1532.070 -251.463
1533.088 -251.550
1534.105 -251.698
1535.122 -251.883
1536.139 -251.797
1537.157 -251.710
1538.174 -251.727
1539.191 -251.953
1540.208 -252.147
1541.226 -252.229
1542.243 -252.242
1543.260 -252.317
1544.277 -252.371
1545.294 -252.323
1546.311 -252.478
1547.328 -252.460
1548.346 -252.443
1549.363 -252.683
1550.380 -252.532
1551.397 -252.656
1552.415 -252.859
1553.432 -252.930
1554.449 -252.863
1555.466 -252.943
1556.484 -252.865
1557.500 -252.817
1558.517 -252.884
1559.534 -253.102
1560.551 -253.225
1561.569 -253.378
1562.586 -253.193
1563.603 -253.253
1564.620 -253.568
1565.638 -253.461
1566.655 -253.485
1567.673 -253.526
1568.690 -253.527
1569.707 -253.830
1570.725 -253.851
1571.742 -253.892
1572.759 -254.003
1573.776 -253.988
1574.794 -254.072
1575.811 -254.142
1576.829 -254.098
1577.846 -254.205
1578.862 -254.144
1579.880 -254.211
1580.897 -254.390
1581.914 -254.431
1582.931 -254.458
1583.948 -254.408
1584.966 -254.360
1585.983 -254.525
1587.001 -254.601
1588.018 -254.691
1589.034 -254.953
1590.052 -255.066
1591.069 -254.959
1592.086 -254.900
1593.103 -255.021
1594.120 -255.059
1595.137 -255.006
1596.154 -255.040
1597.172 -255.161
1598.189 -255.209
1599.206 -255.262
1600.223 -255.319
1601.241 -255.354
1602.258 -255.481
1603.274 -255.661
1604.292 -255.672
1605.308 -255.569
1606.326 -255.425
1607.343 -255.567
1608.360 -255.620
1609.377 -255.876
1610.394 -255.997
1611.412 -255.835
1612.429 -256.195
1613.446 -256.373
1614.465 -256.080
1615.482 -255.987
1616.499 -256.144
1617.516 -256.457
1618.533 -256.264
1619.551 -256.458
1620.568 -256.508
1621.586 -256.409
1622.603 -256.449
1623.620 -256.545
1624.638 -256.548
1625.655 -256.794
1626.672 -256.776
1627.689 -256.727
1628.706 -256.717
1629.724 -256.749
1630.741 -256.826
1631.758 -256.867
1632.775 -256.949
1633.793 -257.010
1634.810 -257.048
1635.827 -257.171
1636.844 -257.272
1637.861 -257.290
1638.878 -257.348
1639.895 -257.457
1640.912 -257.422
1641.929 -257.401
1642.946 -257.375
1643.963 -257.487
1644.981 -257.643
1645.998 -257.674
1647.015 -257.800
1648.032 -257.896
1649.050 -257.922
1650.067 -257.909
1651.084 -257.994
1652.102 -258.044
1653.120 -258.102
1654.137 -258.135
1655.154 -258.025
1656.171 -258.054
1657.188 -257.973
1658.203 -257.972
1659.220 -258.234
1660.237 -258.317
1661.254 -258.435
1662.271 -258.546
1663.288 -258.436
1664.306 -258.244
1665.323 -258.399
1666.340 -258.316
1667.358 -258.402
1668.374 -258.572
1669.391 -258.554
1670.409 -258.726
1671.426 -258.619
1672.443 -258.781
1673.460 -258.651
1674.477 -258.532
1675.495 -258.651
1676.511 -258.950
1677.528 -258.824
1678.545 -259.163
1679.563 -259.148
1680.580 -258.994
1681.598 -259.137
1682.615 -259.132
1683.633 -259.044
1684.650 -259.072
1685.664 -259.143
1686.679 -259.050
1687.696 -259.036
1688.714 -259.201
1689.730 -259.463
1690.747 -259.457
1691.764 -259.629
1692.781 -259.603
1693.798 -259.402
1694.815 -259.599
1695.832 -259.619
1696.849 -259.647
1697.866 -259.654
1698.883 -259.652
1699.900 -259.673
1700.917 -259.557
1701.934 -259.654
1702.951 -259.683
1703.969 -259.725
1704.986 -259.873
1706.003 -259.960
1707.020 -259.866
1708.037 -259.903
1709.054 -259.914
1710.071 -260.001
1711.088 -260.063
1712.105 -260.035
1713.123 -260.133
1714.140 -260.094
1715.157 -260.155
1716.174 -260.346
1717.191 -260.356
1718.208 -260.428
1719.226 -260.599
1720.243 -260.515
1721.260 -260.467
1722.276 -260.340
1723.294 -260.450
1724.311 -260.419
1725.328 -260.590
1726.345 -260.626
1727.363 -260.732
1728.380 -260.611
1729.397 -260.596
1730.415 -260.633
1731.431 -260.910
1732.448 -260.963
1733.465 -260.934
1734.482 -260.843
1735.499 -260.934
1736.516 -261.058
1737.533 -260.929
1738.551 -261.070
1739.568 -260.995
1740.585 -261.169
1741.602 -260.943
1742.620 -260.982
1743.637 -261.066
1744.654 -261.153
1745.671 -261.186
1746.688 -261.255
1747.705 -261.107
1748.723 -261.313
1749.740 -261.398
1750.757 -261.292
1751.774 -261.250
1752.792 -261.261
1753.809 -261.382
1754.826 -261.370
1755.843 -261.388
1756.859 -261.501
1757.873 -261.367
1758.890 -261.372
1759.907 -261.403
1760.924 -261.656
1761.942 -261.661
1762.959 -261.768
1763.976 -261.880
1764.993 -261.876
1766.010 -261.804
1767.027 -261.738
1768.044 -261.815
1769.060 -261.769
1770.077 -261.665
1771.095 -261.888
1772.112 -262.183
1773.129 -262.132
1774.142 -262.161
1775.159 -262.221
1776.176 -262.182
1777.194 -261.934
1778.212 -261.896
1779.228 -261.911
1780.245 -261.972
1781.263 -262.071
1782.280 -262.347
1783.297 -262.324
1784.314 -262.391
1785.332 -262.459
1786.349 -262.265
1787.366 -262.130
1788.383 -262.314
1789.401 -262.366
1790.418 -262.394
1791.435 -262.421
1792.452 -262.445
1793.470 -262.537
1794.487 -262.410
1795.504 -262.587
1796.522 -262.441
1797.538 -262.692
1798.556 -262.532
1799.573 -262.502
1800.591 -262.556
1801.607 -262.668
1802.624 -262.846
1803.642 -262.883
1804.659 -262.828
1805.675 -262.928
1806.692 -262.821
1807.709 -262.876
1808.726 -262.863
1809.744 -263.022
1810.761 -263.028
1811.778 -262.952
1812.796 -263.063
1813.813 -263.130
1814.830 -262.971
1815.848 -262.956
1816.865 -263.051
1817.882 -263.157
1818.899 -263.359
1819.917 -263.219
1820.934 -263.141
1821.951 -263.269
1822.968 -263.484
1823.985 -263.528
1825.002 -263.472
1826.019 -263.362
1827.036 -263.514
1828.053 -263.680
1829.071 -263.724
1830.088 -263.838
1831.105 -263.800
1832.123 -263.807
1833.140 -263.677
1834.157 -263.563
1835.174 -263.785
1836.191 -263.922
1837.208 -263.843
1838.226 -263.905
1839.244 -264.008
1840.261 -263.857
1841.278 -263.983
1842.295 -264.040
1843.313 -263.918
1844.330 -264.081
1845.347 -263.979
1846.364 -263.969
1847.381 -264.075
1848.399 -264.144
1849.416 -264.418
1850.433 -264.341
1851.450 -264.238
1852.468 -264.392
1853.485 -264.530
1854.502 -264.550
1855.519 -264.514
1856.536 -264.763
1857.554 -264.489
1858.571 -264.708
1859.587 -264.593
1860.604 -264.587
1861.621 -264.712
1862.638 -264.569
1863.655 -264.582
1864.672 -264.770
1865.690 -264.760
1866.707 -264.935
1867.725 -264.933
1868.741 -264.980
1869.756 -265.255
1870.771 -265.344
1871.787 -265.309
1872.803 -265.281
1873.819 -265.293
1874.836 -265.332
1875.853 -265.528
1876.870 -265.451
1877.887 -265.415
1878.905 -265.707
1879.921 -265.601
1880.938 -265.514
1881.955 -265.674
1882.972 -265.585
1883.989 -265.722
1885.006 -265.897
1886.023 -265.919
1887.039 -265.952
1888.057 -265.957
1889.074 -265.767
1890.091 -265.762
1891.108 -265.980
1892.125 -266.059
1893.141 -265.981
1894.159 -266.053
1895.176 -266.210
1896.192 -266.284
1897.210 -266.201
1898.227 -266.273
1899.244 -266.283
1900.262 -266.259
1901.279 -266.208
1902.295 -266.169
1903.313 -266.357
1904.330 -266.531
1905.348 -266.434
1906.365 -266.489
1907.382 -266.706
1908.399 -266.790
1909.416 -266.469
1910.433 -266.667
1911.450 -266.525
1912.467 -266.719
1913.485 -267.002
1914.502 -266.925
1915.519 -266.983
1916.536 -267.062
1917.553 -267.151
1918.570 -267.013
1919.587 -267.105
1920.603 -266.853
1921.620 -266.986
1922.634 -267.040
1923.651 -267.224
1924.669 -267.155
1925.686 -267.101
1926.703 -267.283
1927.720 -267.157
1928.738 -267.152
1929.755 -267.273
1930.773 -267.590
1931.790 -267.648
1932.807 -267.457
1933.824 -267.561
1934.841 -267.639
1935.859 -267.690
1936.876 -267.751
1937.893 -267.693
1938.910 -267.724
1939.927 -267.587
1940.945 -267.615
1941.962 -267.729
1942.979 -267.938
1943.997 -267.827
1945.014 -267.822
1946.030 -267.917
1947.048 -268.012
1948.065 -267.962
1949.082 -268.080
1950.099 -268.161
1951.116 -268.104
1952.133 -268.250
1953.150 -268.385
1954.167 -268.283
1955.184 -268.225
1956.202 -268.307
1957.220 -268.313
1958.236 -268.340
1959.254 -268.391
1960.271 -268.550
1961.288 -268.685
1962.305 -268.787
1963.323 -268.817
1964.340 -268.821
1965.357 -268.730
1966.375 -268.701
1967.392 -268.721
1968.409 -268.670
1969.426 -268.630
1970.443 -268.618
1971.461 -268.765
1972.478 -269.031
1973.495 -269.066
1974.512 -269.145
1975.529 -269.065
1976.546 -269.091
1977.564 -269.202
1978.582 -269.129
1979.600 -269.142
1980.618 -269.170
1981.635 -269.296
1982.653 -269.499
1983.670 -269.418
1984.688 -269.472
1985.705 -269.449
1986.722 -269.365
1987.739 -269.503
1988.756 -269.512
1989.773 -269.530
1990.791 -269.581
1991.808 -269.631
1992.825 -269.677
1993.842 -269.685
1994.860 -269.781
1995.877 -269.779
1996.894 -270.001
1997.911 -269.948
1998.928 -269.959
1999.945 -270.029
2000.963 -270.026
2001.980 -269.921
2002.997 -270.051
2004.014 -270.210
2005.032 -270.254
2006.049 -270.390
2007.066 -270.562
2008.083 -270.621
2009.101 -270.426
2010.118 -270.392
2011.136 -270.666
2012.154 -270.626
2013.171 -270.671
2014.188 -270.650
2015.206 -270.648
2016.223 -270.675
2017.240 -270.931
2018.256 -270.953
2019.274 -270.724
2020.290 -270.756
2021.305 -270.876
2022.322 -270.930
2023.339 -271.044
2024.356 -271.048
2025.374 -271.076
2026.391 -271.157
2027.408 -271.258
2028.426 -271.359
2029.443 -271.375
2030.460 -271.406
2031.477 -271.355
2032.494 -271.549
2033.511 -271.581
2034.528 -271.729
2035.545 -271.686
2036.563 -271.707
2037.580 -271.658
2038.597 -271.794
2039.615 -271.729
2040.632 -271.984
2041.649 -272.093
2042.667 -272.052
2043.684 -272.061
2044.701 -271.989
2045.718 -272.300
2046.735 -272.248
2047.753 -272.438
2048.770 -272.296
2049.788 -272.515
2050.805 -272.543
2051.821 -272.370
2052.837 -272.440
2053.852 -272.540
2054.867 -272.686
2055.884 -272.692
2056.900 -272.895
2057.917 -272.839
2058.934 -272.771
2059.951 -272.875
2060.968 -272.835
2061.985 -272.865
2063.002 -273.032
2064.018 -273.140
2065.036 -273.179
2066.054 -273.272
2067.071 -273.279
2068.088 -273.215
2069.106 -273.321
2070.123 -273.427
2071.140 -273.423
2072.157 -273.426
2073.174 -273.508
2074.191 -273.711
2075.208 -273.692
2076.225 -273.677
2077.242 -273.789
2078.259 -273.798
2079.276 -273.916
2080.293 -274.047
2081.310 -273.881
2082.327 -274.072
2083.344 -274.180
2084.361 -274.031
2085.378 -274.104
2086.395 -274.096
2087.412 -274.123
2088.429 -274.354
2089.447 -274.443
2090.463 -274.276
2091.480 -274.278
2092.498 -274.498
2093.515 -274.430
2094.532 -274.466
2095.549 -274.520
2096.567 -274.645
2097.583 -274.562
2098.600 -274.823
2099.617 -274.762
2100.634 -274.725
2101.651 -274.703
2102.668 -275.085
2103.686 -275.146
2104.703 -274.910
2105.720 -274.981
2106.736 -275.233
2107.754 -275.247
2108.770 -275.146
2109.787 -275.133
2110.805 -275.218
2111.822 -275.330
2112.839 -275.452
2113.857 -275.423
2114.874 -275.516
2115.891 -275.637
2116.908 -275.610
2117.926 -275.642
2118.943 -275.657
2119.959 -275.594
2120.973 -275.744
2121.990 -275.924
2123.008 -276.047
2124.025 -276.017
2125.042 -276.014
2126.059 -276.025
2127.077 -275.868
2128.094 -275.773
2129.112 -275.874
2130.129 -276.001
2131.146 -276.066
2132.164 -276.071
2133.181 -276.071
2134.198 -276.222
2135.215 -276.429
2136.232 -276.512
2137.250 -276.546
2138.266 -276.594
2139.283 -276.552
2140.301 -276.634
2141.318 -276.592
2142.336 -276.635
2143.352 -276.654
2144.370 -276.809
2145.387 -276.906
2146.404 -276.958
2147.421 -277.088
2148.439 -277.149
2149.456 -277.106
2150.474 -277.090
2151.491 -277.229
2152.508 -277.271
2153.525 -277.367
2154.542 -277.319
2155.559 -277.244
2156.575 -277.049
2157.592 -277.203
2158.609 -277.089
2159.626 -277.314
2160.644 -277.365
2161.661 -277.635
2162.678 -277.907
2163.695 -278.039
2164.712 -277.688
2165.730 -277.820
2166.747 -277.763
2167.764 -277.903
2168.782 -277.817
2169.799 -277.763
2170.816 -277.772
2171.835 -277.761
2172.852 -277.933
2173.870 -278.188
2174.887 -278.290
2175.904 -278.243
2176.922 -278.482
2177.938 -278.524
2178.956 -278.462
2179.973 -278.318
2180.991 -278.397
2182.008 -278.393
2183.024 -278.396
2184.042 -278.545
2185.059 -278.542
2186.076 -278.749
2187.093 -278.706
2188.110 -278.612
2189.128 -278.760
2190.145 -279.048
2191.162 -279.141
2192.179 -279.155
2193.196 -279.106
2194.214 -279.019
2195.231 -279.064
2196.248 -279.135
2197.265 -279.298
2198.282 -279.466
2199.299 -279.349
2200.317 -279.392
2201.334 -279.377
2202.351 -279.474
2203.369 -279.530
2204.386 -279.436
2205.403 -279.808
2206.421 -279.903
2207.438 -279.959
2208.455 -279.816
2209.473 -279.870
2210.490 -280.003
2211.507 -279.845
2212.524 -280.031
2213.541 -280.132
2214.559 -279.994
2215.576 -280.010
2216.593 -279.972
2217.610 -280.307
2218.627 -280.308
2219.645 -280.503
2220.662 -280.614
2221.679 -280.620
2222.696 -280.515
2223.714 -280.713
2224.731 -280.636
2225.748 -280.681
2226.766 -280.646
2227.783 -280.885
2228.801 -280.888
2229.818 -280.828
2230.835 -280.886
2231.853 -281.057
2232.871 -281.099
2233.888 -281.315
2234.903 -281.171
2235.918 -281.057
2236.931 -281.200
2237.947 -281.262
2238.963 -281.438
2239.979 -281.508
2240.996 -281.335
2242.012 -281.315
2243.029 -281.503
2244.046 -281.622
2245.063 -281.646
2246.080 -281.749
2247.097 -281.825
2248.113 -281.786
2249.130 -281.669
2250.147 -281.627
2251.165 -281.738
2252.182 -281.821
2253.199 -281.987
2254.216 -281.989
2255.233 -281.946
2256.250 -282.118
2257.266 -282.294
2258.284 -282.150
2259.301 -282.093
2260.318 -282.258
2261.335 -282.433
2262.353 -282.384
2263.370 -282.262
2264.387 -282.405
2265.404 -282.388
2266.421 -282.585
2267.438 -282.532
2268.456 -282.640
2269.473 -282.491
2270.490 -282.609
2271.507 -282.781
2272.524 -282.736
2273.541 -282.871
2274.559 -283.145
2275.576 -282.988
2276.593 -283.160
2277.610 -283.060
2278.628 -283.101
2279.645 -283.037
2280.663 -283.237
2281.680 -283.219
2282.697 -283.331
2283.714 -283.599
2284.731 -283.643
2285.748 -283.645
2286.766 -283.536
2287.783 -283.412
2288.800 -283.617
2289.817 -283.608
2290.833 -283.706
2291.851 -283.735
2292.868 -283.759
2293.886 -283.942
2294.903 -284.114
2295.921 -284.032
2296.938 -284.017
2297.956 -283.871
2298.973 -283.924
2299.990 -284.090
2301.008 -284.263
2302.026 -284.360
2303.042 -284.367
2304.060 -284.306
2305.077 -284.365
2306.094 -284.487
2307.111 -284.407
2308.128 -284.474
2309.145 -284.520
2310.162 -284.656
2311.179 -284.691
2312.196 -284.663
2313.213 -284.722
2314.230 -284.952
2315.247 -284.963
2316.264 -285.044
2317.281 -285.075
2318.300 -285.150
2319.316 -284.997
2320.334 -285.156
2321.351 -285.307
2322.368 -285.114
2323.385 -284.995
2324.403 -285.305
2325.420 -285.455
2326.437 -285.352
2327.454 -285.607
2328.472 -285.688
2329.489 -285.889
2330.506 -285.565
2331.524 -285.787
2332.541 -285.662
2333.558 -285.852
2334.575 -285.963
2335.592 -285.903
2336.609 -285.983
2337.627 -285.820
2338.644 -285.871
2339.662 -286.079
2340.679 -286.138
2341.696 -286.148
2342.714 -286.121
2343.731 -286.325
2344.748 -286.306
2345.766 -286.165
2346.783 -286.185
2347.800 -286.336
2348.817 -286.642
2349.835 -286.511
2350.852 -286.676
2351.870 -286.592
2352.887 -286.710
2353.904 -286.747
2354.921 -286.740
2355.938 -286.886
2356.955 -287.082
2357.973 -287.136
2358.990 -287.035
2360.007 -286.963
2361.024 -286.984
2362.041 -287.040
2363.058 -287.006
2364.074 -287.150
2365.091 -287.441
2366.108 -287.416
2367.126 -287.295
2368.143 -287.426
2369.160 -287.441
2370.177 -287.377
2371.194 -287.575
2372.212 -287.707
2373.229 -287.701
2374.246 -287.736
2375.263 -287.769
2376.281 -287.964
2377.298 -288.126
2378.315 -287.922
2379.333 -288.005
2380.350 -288.057
2381.368 -288.243
2382.385 -288.309
2383.402 -288.401
2384.419 -288.355
2385.436 -288.284
2386.454 -288.375
2387.471 -288.261
2388.488 -288.203
2389.505 -288.474
2390.523 -288.570
2391.540 -288.736
2392.558 -288.702
2393.575 -288.615
2394.592 -288.857
2395.608 -289.018
2396.626 -289.031
2397.643 -288.919
2398.659 -288.959
2399.677 -288.860
2400.694 -288.913
2401.712 -289.037
2402.728 -289.166
2403.745 -289.101
2404.763 -289.222
2405.780 -289.526
2406.797 -289.486
2407.815 -289.626
2408.832 -289.545
2409.850 -289.341
2410.867 -289.429
2411.884 -289.716
2412.901 -289.807
2413.919 -289.712
2414.937 -289.902
2415.953 -289.922
2416.969 -289.848
2417.984 -289.791
2419.000 -289.973
2420.017 -290.059
2421.033 -290.017
2422.049 -290.024
2423.066 -290.112
2424.083 -290.174
2425.100 -290.297
2426.116 -290.253
2427.133 -290.378
2428.150 -290.366
2429.167 -290.538
2430.184 -290.603
2431.201 -290.429
2432.218 -290.254
2433.235 -290.407
2434.252 -290.504
2435.269 -290.617
2436.286 -290.655
2437.303 -290.728
2438.320 -290.751
2439.337 -290.916
2440.355 -290.745
2441.372 -290.715
2442.390 -290.881
2443.407 -290.784
2444.424 -291.026
2445.441 -290.993
2446.458 -291.146
2447.475 -291.108
2448.493 -290.938
2449.510 -291.206
2450.527 -291.263
2451.544 -291.187
2452.562 -291.243
2453.579 -291.261
2454.596 -291.348
2455.613 -291.260
2456.631 -291.239
2457.647 -291.268
2458.663 -291.428
2459.680 -291.492
2460.698 -291.545
2461.715 -291.626
2462.732 -291.548
2463.749 -291.697
2464.766 -291.636
2465.783 -291.720
2466.800 -291.673
2467.818 -291.759
2468.834 -291.621
2469.851 -291.677
2470.868 -291.997
2471.885 -292.122
2472.903 -292.158
2473.920 -292.105
2474.938 -292.082
2475.955 -292.049
2476.972 -291.937
2477.989 -291.914
2479.007 -291.918
2480.024 -291.998
2481.041 -292.090
2482.058 -292.172
2483.076 -292.143
2484.093 -292.344
2485.110 -292.579
2486.127 -292.472
2487.145 -292.220
2488.161 -292.141
2489.179 -292.299
2490.196 -292.472
2491.214 -292.586
2492.231 -292.544
2493.248 -292.557
2494.265 -292.665
2495.283 -292.740
2496.300 -292.688
2497.317 -292.603
2498.335 -292.817
2499.352 -292.967
2500.369 -292.831
2501.386 -292.700
2502.404 -292.885
2503.421 -292.810
2504.438 -292.873
2505.455 -292.988
2506.472 -293.200
2507.489 -293.290
2508.506 -293.125
2509.524 -292.916
2510.541 -293.043
2511.558 -293.025
2512.576 -293.276
2513.593 -293.453
2514.610 -293.207
2515.628 -293.310
2516.645 -293.293
2517.661 -293.279
2518.676 -293.384
2519.694 -293.433
2520.711 -293.479
2521.728 -293.468
2522.745 -293.622
2523.762 -293.708
2524.780 -293.714
2525.797 -293.775
2526.813 -293.885
2527.830 -293.718
2528.847 -293.801
2529.864 -293.723
2530.881 -293.649
2531.898 -293.692
2532.914 -293.715
2533.930 -293.914
2534.947 -294.001
2535.964 -294.068
2536.982 -294.063
2537.999 -294.117
2539.017 -294.278
2540.034 -294.253
2541.051 -294.297
2542.069 -294.240
2543.086 -294.244
2544.103 -294.327
2545.121 -294.350
2546.138 -294.392
2547.155 -294.505
2548.172 -294.582
2549.190 -294.573
2550.206 -294.579
2551.224 -294.470
2552.241 -294.543
2553.259 -294.455
2554.275 -294.565
2555.293 -294.534
2556.310 -294.574
2557.328 -294.667
2558.345 -294.642
2559.362 -294.813
2560.379 -294.916
2561.396 -295.092
2562.414 -295.037
2563.430 -295.058
2564.448 -294.934
2565.464 -294.890
2566.481 -294.852
2567.498 -295.107
2568.516 -295.102
2569.533 -295.310
2570.550 -295.344
2571.567 -295.066
2572.585 -295.172
2573.602 -295.308
2574.619 -295.472
2575.637 -295.376
2576.654 -295.296
2577.671 -295.426
2578.689 -295.618
2579.707 -295.424
2580.724 -295.425
2581.741 -295.555
2582.758 -295.476
2583.776 -295.547
2584.792 -295.757
2585.810 -295.767
2586.827 -295.713
2587.845 -295.752
2588.862 -295.642
2589.881 -295.731
2590.898 -295.728
2591.916 -295.877
2592.933 -295.985
2593.950 -295.896
2594.968 -295.978
2595.986 -296.059
2597.004 -296.215
2598.020 -296.202
2599.035 -296.097
2600.049 -296.071
2601.065 -296.254
2602.081 -296.338
2603.098 -296.354
2604.115 -296.477
2605.132 -296.400
2606.148 -296.280
2607.165 -296.373
2608.183 -296.523
2609.200 -296.589
2610.217 -296.573
2611.234 -296.574
2612.251 -296.545
2613.268 -296.551
2614.285 -296.638
2615.302 -296.653
2616.319 -296.801
2617.336 -296.664
2618.353 -296.693
2619.370 -296.829
2620.387 -296.704
2621.404 -296.628
2622.421 -296.658
2623.439 -296.699
2624.456 -296.889
2625.474 -297.022
2626.491 -297.143
2627.508 -297.283
2628.524 -297.161
2629.542 -297.121
2630.559 -297.233
2631.576 -297.383
2632.593 -297.433
2633.606 -297.363
2634.624 -297.290
2635.641 -297.375
2636.658 -297.219
2637.675 -297.529
2638.692 -297.360
2639.709 -297.557
2640.725 -297.657
2641.742 -297.778
2642.760 -297.769
2643.777 -297.700
2644.794 -297.695
2645.811 -297.832
2646.829 -297.798
2647.846 -297.761
2648.864 -297.695
2649.881 -297.960
2650.898 -297.932
2651.915 -297.870
2652.933 -297.997
2653.950 -298.123
2654.967 -298.167
2655.983 -298.031
2657.001 -298.050
2658.018 -298.177
2659.035 -298.238
2660.052 -298.322
2661.069 -298.322
2662.087 -298.350
2663.103 -298.398
2664.121 -298.433
2665.138 -298.469
2666.156 -298.592
2667.173 -298.623
2668.190 -298.564
2669.208 -298.530
2670.226 -298.543
2671.242 -298.511
2672.260 -298.683
2673.277 -298.852
2674.294 -298.869
2675.311 -298.874
2676.329 -298.760
2677.347 -298.884
2678.364 -299.048
2679.382 -299.014
2680.398 -299.122
2681.416 -299.051
2682.433 -299.178
2683.451 -299.099
2684.467 -299.158
2685.485 -299.191
2686.502 -298.932
2687.519 -299.164
2688.537 -299.209
2689.554 -299.179
2690.571 -299.054
2691.588 -299.233
2692.606 -299.470
2693.622 -299.699
2694.640 -299.641
2695.657 -299.329
2696.675 -299.423
2697.691 -299.270
2698.709 -299.570
2699.726 -299.756
2700.743 -299.833
2701.760 -299.634
2702.778 -299.511
2703.794 -299.463
2704.811 -299.611
2705.829 -299.662
2706.846 -299.835
2707.863 -299.670
2708.881 -299.758
2709.898 -299.921
2710.915 -299.893
2711.933 -299.895
2712.949 -299.946
2713.967 -300.154
2714.984 -300.023
2716.002 -299.983
2717.019 -300.083
2718.037 -300.219
2719.054 -300.271
2720.071 -300.179
2721.089 -300.248
2722.106 -300.427
2723.123 -300.468
2724.140 -300.438
2725.158 -300.409
2726.175 -300.393
2727.192 -300.398
2728.210 -300.550
2729.227 -300.608
2730.244 -300.777
2731.262 -300.799
2732.277 -300.814
2733.291 -300.655
2734.308 -300.720
2735.325 -300.792
2736.341 -300.697
2737.359 -300.802
2738.376 -300.881
2739.394 -300.878
2740.411 -300.678
2741.429 -300.868
2742.446 -300.785
2743.464 -301.076
2744.482 -300.995
2745.499 -301.164
2746.516 -300.898
2747.534 -300.952
2748.551 -300.811
2749.568 -300.802
2750.586 -301.204
2751.606 -301.028
2752.622 -301.165
2753.640 -301.357
2754.657 -301.166
2755.674 -301.263
2756.691 -301.254
2757.709 -301.373
2758.726 -301.316
2759.743 -301.430
2760.760 -301.412
2761.778 -301.410
2762.795 -301.372
2763.813 -301.377
2764.830 -301.478
2765.847 -301.446
2766.864 -301.568
2767.881 -301.711
2768.898 -301.726
2769.915 -301.521
2770.932 -301.506
2771.949 -301.713
2772.967 -301.794
2773.985 -301.652
2775.002 -301.786
2776.019 -301.929
2777.037 -301.880
2778.055 -301.964
2779.072 -302.161
2780.088 -302.169
2781.103 -302.239
2782.118 -302.296
2783.134 -302.242
2784.150 -302.150
2785.166 -302.341
2786.184 -302.300
2787.200 -302.114
2788.215 -302.306
2789.232 -302.554
2790.249 -302.547
2791.265 -302.416
2792.282 -302.450
2793.299 -302.541
2794.316 -302.443
2795.334 -302.701
2796.351 -302.883
2797.368 -302.982
2798.385 -302.873
2799.402 -302.831
2800.419 -302.802
2801.436 -302.777
2802.453 -302.815
2803.470 -302.930
2804.487 -303.088
2805.505 -303.036
2806.522 -302.877
2807.539 -302.933
2808.556 -302.855
2809.573 -302.901
2810.591 -302.978
2811.608 -303.086
2812.625 -303.227
2813.642 -303.270
2814.659 -303.385
2815.676 -303.114
2816.694 -303.342
2817.710 -303.256
2818.727 -303.316
2819.745 -303.166
2820.762 -303.070
2821.779 -303.115
2822.797 -303.309
2823.814 -303.490
2824.832 -303.408
2825.849 -303.393
2826.865 -303.632
2827.883 -303.783
2828.899 -303.630
2829.916 -303.560
2830.933 -303.680
2831.951 -303.887
2832.968 -303.846
2833.985 -303.902
2835.002 -303.960
2836.019 -303.930
2837.037 -303.942
2838.054 -303.799
2839.072 -303.772
2840.089 -303.925
2841.106 -303.927
2842.123 -303.988
2843.140 -303.863
2844.157 -303.831
2845.175 -303.799
2846.192 -304.005
2847.209 -304.235
2848.226 -304.350
2849.244 -304.234
2850.261 -304.271
2851.278 -304.340
2852.295 -304.306
2853.313 -304.207
2854.330 -304.395
2855.347 -304.394
2856.364 -304.339
2857.381 -304.466
2858.399 -304.391
2859.416 -304.279
2860.433 -304.570
2861.450 -304.545
2862.467 -304.551
2863.484 -304.497
2864.500 -304.595
2865.518 -304.584
2866.535 -304.730
2867.552 -304.808
2868.569 -304.710
2869.586 -304.789
2870.604 -304.776
2871.621 -304.825
2872.638 -304.659
2873.656 -304.872
2874.673 -305.076
2875.690 -304.889
2876.707 -305.107
2877.724 -305.008
2878.742 -304.958
2879.759 -304.984
2880.777 -305.115
2881.793 -305.171
2882.811 -305.030
2883.827 -305.038
2884.845 -305.209
2885.862 -305.212
2886.879 -305.240
2887.896 -305.482
2888.913 -305.447
2889.931 -305.266
2890.948 -305.494
2891.965 -305.600
2892.981 -305.493
2893.999 -305.337
2895.016 -305.233
2896.033 -305.427
2897.050 -305.374
2898.068 -305.362
2899.085 -305.579
2900.102 -305.797
2901.119 -305.857
2902.136 -305.670
2903.154 -305.653
2904.171 -305.659
2905.188 -305.602
2906.209 -305.677
2907.226 -305.788
2908.243 -305.775
2909.259 -305.792
2910.276 -305.894
2911.293 -305.840
2912.311 -305.723
2913.328 -305.737
2914.345 -305.763
2915.362 -305.819
2916.379 -305.749
2917.396 -305.761
2918.413 -306.016
2919.431 -305.928
2920.448 -306.142
2921.465 -306.171
2922.482 -306.026
2923.499 -305.973
2924.516 -306.020
2925.534 -306.150
2926.551 -306.042
2927.568 -306.059
2928.585 -306.370
2929.603 -306.172
2930.620 -306.061
2931.637 -306.356
2932.654 -306.338
2933.671 -306.424
2934.688 -306.479
2935.705 -306.201
2936.723 -306.263
2937.740 -306.479
2938.757 -306.577
2939.775 -306.544
2940.792 -306.568
2941.809 -306.413
2942.826 -306.361
2943.844 -306.436
2944.861 -306.343
2945.879 -306.486
2946.895 -306.465
2947.912 -306.550
2948.930 -306.630
2949.947 -306.711
2950.964 -306.621
2951.981 -306.537
2952.998 -306.612
2954.015 -306.619
2955.032 -306.764
2956.050 -306.908
2957.068 -306.975
2958.086 -306.980
2959.104 -306.994
2960.121 -307.090
2961.136 -306.989
2962.151 -306.958
2963.167 -306.970
2964.183 -306.968
2965.200 -306.983
2966.218 -306.986
2967.234 -307.098
2968.251 -307.127
2969.269 -307.036
2970.286 -306.964
2971.303 -307.149
2972.320 -307.256
2973.338 -307.136
2974.355 -307.281
2975.372 -307.394
2976.389 -307.333
2977.406 -307.339
2978.423 -307.359
2979.440 -307.339
2980.458 -307.521
2981.475 -307.293
2982.492 -307.436
2983.508 -307.434
2984.526 -307.379
2985.543 -307.673
2986.560 -307.760
2987.577 -307.799
2988.594 -307.548
2989.611 -307.510
2990.627 -307.721
2991.644 -307.446
2992.661 -307.508
2993.678 -307.662
2994.695 -307.757
2995.712 -307.797
2996.729 -307.910
2997.746 -307.803
2998.763 -307.953
2999.780 -308.027
3000.797 -308.157
3001.814 -308.116
3002.831 -307.923
3003.849 -307.912
3004.867 -308.078
3005.883 -308.129
3006.901 -308.102
3007.918 -308.105
3008.935 -308.273
3009.952 -308.224
3010.970 -308.149
3011.986 -308.257
3013.004 -308.226
3014.021 -308.202
3015.038 -308.296
3016.056 -308.379
3017.073 -308.486
3018.090 -308.545
3019.107 -308.563
3020.125 -308.482
3021.142 -308.462
3022.159 -308.651
3023.176 -308.667
3024.194 -308.610
3025.210 -308.636
3026.227 -308.722
3027.245 -308.650
3028.262 -308.802
3029.280 -308.973
3030.297 -308.952
3031.314 -308.953
3032.332 -309.033
3033.349 -309.088
3034.367 -309.048
3035.384 -308.869
3036.402 -309.007
3037.419 -309.143
3038.436 -309.024
3039.453 -309.155
3040.470 -309.151
3041.487 -309.325
3042.504 -309.225
3043.522 -309.290
3044.538 -309.258
3045.555 -309.385
3046.572 -309.576
3047.589 -309.619
3048.607 -309.603
3049.624 -309.474
3050.642 -309.646
3051.659 -309.346
3052.676 -309.420
3053.693 -309.674
3054.710 -309.675
3055.726 -309.610
3056.744 -309.689
3057.761 -309.757
3058.778 -309.847
3059.796 -309.849
3060.813 -309.732
3061.830 -309.857
3062.848 -309.880
3063.865 -309.909
3064.881 -310.052
3065.898 -310.114
3066.916 -310.062
3067.933 -309.898
3068.950 -310.103
3069.968 -310.153
3070.985 -310.152
3072.002 -310.201
3073.019 -310.287
3074.037 -310.415
3075.053 -310.421
3076.070 -310.492
3077.087 -310.481
3078.104 -310.438
3079.122 -310.554
3080.138 -310.553
3081.156 -310.552
3082.173 -310.613
3083.191 -310.691
3084.209 -310.567
3085.226 -310.513
3086.243 -310.735
3087.261 -310.910
3088.278 -311.030
3089.295 -311.092
3090.312 -311.062
3091.329 -310.970
3092.347 -310.952
3093.364 -310.984
3094.381 -310.921
3095.398 -311.070
3096.415 -311.283
3097.432 -311.122
3098.450 -311.257
3099.466 -311.334
3100.484 -311.152
3101.502 -311.205
3102.519 -311.316
3103.536 -311.538
3104.553 -311.577
3105.571 -311.573
3106.588 -311.386
3107.604 -311.416
3108.623 -311.770
3109.640 -311.598
3110.657 -311.676
3111.675 -311.756
3112.693 -311.756
3113.711 -311.898
3114.727 -311.844
3115.745 -311.843
3116.762 -311.989
3117.780 -311.988
3118.797 -312.213
3119.814 -312.214
3120.831 -312.193
3121.849 -312.267
3122.865 -312.282
3123.882 -312.330
3124.899 -312.216
3125.917 -312.106
3126.934 -312.259
3127.951 -312.404
3128.969 -312.442
3129.986 -312.511
3131.003 -312.488
3132.020 -312.385
3133.038 -312.422
3134.054 -312.523
3135.071 -312.617
3136.088 -312.592
3137.106 -312.723
3138.124 -312.967
3139.142 -312.855
3140.159 -312.803
3141.177 -312.935
3142.193 -313.038
3143.208 -312.943
3144.223 -313.135
3145.240 -313.172
3146.256 -313.334
3147.274 -313.256
3148.291 -313.148
3149.308 -313.164
3150.324 -313.341
3151.341 -313.358
3152.358 -313.545
3153.375 -313.804
3154.391 -313.559
3155.409 -313.432
3156.426 -313.360
3157.443 -313.675
3158.460 -313.775
3159.477 -313.962
3160.494 -313.892
3161.511 -313.737
3162.528 -313.855
3163.545 -313.646
3164.562 -313.848
3165.579 -314.075
3166.597 -313.988
3167.614 -313.981
3168.630 -313.964
3169.648 -313.995
3170.665 -314.142
3171.682 -314.295
3172.700 -314.319
3173.717 -314.378
3174.733 -314.606
3175.750 -314.496
3176.767 -314.353
3177.785 -314.339
3178.802 -314.564
3179.819 -314.755
3180.836 -314.682
3181.852 -314.668
3182.869 -314.771
3183.887 -314.753
3184.904 -314.729
3185.921 -314.776
3186.938 -314.690
3187.955 -314.915
3188.972 -314.981
3189.989 -315.077
3191.006 -315.156
3192.023 -315.125
3193.041 -315.094
3194.057 -315.211
3195.075 -315.291
3196.092 -315.351
3197.109 -315.368
3198.126 -315.364
3199.143 -315.412
3200.160 -315.400
3201.177 -315.477
3202.195 -315.513
3203.212 -315.502
3204.229 -315.536
3205.246 -315.845
3206.263 -315.966
3207.280 -315.787
3208.298 -315.718
3209.315 -315.685
3210.332 -315.829
3211.350 -316.006
3212.368 -316.016
3213.385 -316.089
3214.402 -316.026
3215.419 -316.016
3216.436 -316.065
3217.453 -316.152
3218.470 -316.390
3219.487 -316.455
3220.505 -316.202
3221.522 -316.453
3222.539 -316.327
3223.557 -316.544
3224.574 -316.547
3225.591 -316.849
3226.608 -316.878
3227.626 -316.952
3228.643 -316.897
3229.660 -316.761
3230.677 -316.820
3231.695 -316.910
3232.712 -317.017
3233.729 -316.916
3234.746 -316.868
3235.764 -317.059
3236.781 -317.239
3237.799 -317.365
3238.816 -317.454
3239.833 -317.390
3240.850 -317.464
3241.867 -317.395
3242.884 -317.343
3243.902 -317.340
3244.919 -317.477
3245.936 -317.626
3246.954 -317.657
3247.971 -317.694
3248.988 -317.745
3250.006 -317.823
3251.023 -317.817
3252.040 -317.987
3253.057 -317.956
3254.075 -317.821
3255.091 -317.939
3256.109 -317.965
3257.126 -318.004
3258.143 -318.193
3259.160 -318.333
3260.177 -318.334
3261.194 -318.296
3262.211 -318.375
3263.228 -318.465
3264.246 -318.350
3265.263 -318.505
3266.281 -318.620
3267.298 -318.581
3268.315 -318.437
3269.333 -318.592
3270.350 -318.750
3271.367 -318.770
3272.385 -318.755
3273.402 -318.754
3274.419 -318.842
3275.436 -318.934
3276.453 -319.215
3277.471 -319.367
3278.488 -319.266
3279.504 -319.020
3280.521 -319.297
3281.539 -319.249
3282.556 -319.334
3283.573 -319.344
3284.589 -319.548
3285.606 -319.510
3286.623 -319.548
3287.640 -319.353
3288.657 -319.400
3289.674 -319.729
3290.692 -319.831
3291.709 -319.717
3292.726 -319.650
3293.743 -319.788
3294.761 -319.944
3295.778 -319.931
3296.796 -319.996
3297.813 -320.137
3298.829 -320.085
3299.847 -320.300
3300.864 -320.443
3301.881 -320.455
3302.898 -320.313
3303.915 -320.492
3304.933 -320.495
3305.950 -320.518
3306.967 -320.576
3307.984 -320.424
3309.001 -320.532
3310.019 -320.580
3311.036 -320.640
3312.054 -320.756
3313.071 -320.920
3314.088 -320.942
3315.106 -320.900
3316.123 -320.836
3317.140 -320.871
3318.157 -321.034
3319.175 -321.278
3320.192 -321.410
3321.210 -321.422
3322.227 -321.285
3323.245 -321.390
3324.261 -321.437
3325.277 -321.544
3326.292 -321.570
3327.307 -321.534
3328.325 -321.535
3329.341 -321.714
3330.357 -321.852
3331.374 -321.755
3332.391 -321.812
3333.408 -321.983
3334.425 -322.002
3335.442 -322.077
3336.459 -322.253
3337.476 -322.356
3338.493 -322.337
3339.510 -322.180
3340.527 -322.059
3341.545 -322.230
3342.562 -322.186
3343.578 -322.498
3344.596 -322.585
3345.613 -322.425
3346.629 -322.412
3347.647 -322.735
3348.664 -322.903
3349.681 -322.844
3350.698 -322.974
3351.714 -323.075
3352.732 -322.993
3353.749 -323.060
3354.766 -323.120
3355.783 -323.337
3356.800 -323.306
3357.817 -323.183
3358.835 -323.206
3359.852 -323.299
3360.869 -323.604
3361.886 -323.558
3362.903 -323.702
3363.920 -323.670
3364.938 -323.755
3365.955 -323.882
3366.972 -323.974
3367.989 -324.034
3369.007 -323.848
3370.024 -323.953
3371.041 -324.193
3372.059 -324.326
3373.076 -324.368
3374.093 -324.343
3375.110 -324.302
3376.127 -324.400
3377.144 -324.565
3378.160 -324.503
3379.177 -324.646
3380.194 -324.831
3381.211 -324.983
3382.229 -325.003
3383.246 -324.959
3384.262 -325.000
3385.280 -324.950
3386.297 -324.906
3387.314 -324.921
3388.332 -325.182
3389.349 -325.372
3390.366 -325.442
3391.383 -325.281
3392.401 -325.291
3393.418 -325.363
3394.434 -325.670
3395.451 -325.538
3396.468 -325.749
3397.486 -325.731
3398.503 -325.616
3399.520 -325.863
3400.538 -325.898
3401.555 -326.058
3402.572 -326.052
3403.589 -326.139
3404.606 -326.317
3405.623 -326.093
3406.640 -325.973
3407.657 -326.367
3408.674 -326.606
3409.690 -326.587
3410.708 -326.453
3411.725 -326.699
3412.741 -326.775
3413.758 -326.822
3414.776 -326.894
3415.793 -326.849
3416.811 -326.967
3417.828 -327.156
3418.846 -327.177
3419.863 -327.243
3420.880 -327.451
3421.897 -327.305
3422.915 -327.302
3423.932 -327.442
3424.949 -327.530
3425.967 -327.589
3426.984 -327.582
3428.001 -327.553
3429.018 -327.559
3430.035 -327.684
3431.052 -327.863
3432.070 -327.958
3433.086 -328.022
3434.104 -328.103
3435.120 -328.199
3436.138 -328.241
3437.154 -328.219
3438.172 -328.292
3439.189 -328.306
3440.207 -328.300
3441.224 -328.360
3442.241 -328.452
3443.258 -328.600
3444.276 -328.730
3445.293 -328.955
3446.310 -328.988
3447.328 -328.965
3448.345 -328.972
3449.363 -328.907
3450.380 -329.016
3451.397 -329.222
3452.414 -329.277
3453.432 -329.201
3454.449 -329.342
3455.466 -329.564
3456.483 -329.486
3457.499 -329.487
3458.517 -329.374
3459.534 -329.428
3460.551 -329.491
3461.569 -329.808
3462.586 -330.016
3463.603 -330.021
3464.621 -329.956
3465.638 -329.604
3466.656 -329.890
3467.673 -329.793
3468.691 -329.997
3469.708 -330.213
3470.726 -330.134
3471.743 -330.118
3472.760 -330.380
3473.777 -330.543
3474.794 -330.388
3475.811 -330.512
3476.828 -330.583
3477.846 -330.787
3478.863 -330.951
3479.880 -330.802
3480.897 -330.904
3481.915 -330.985
3482.932 -331.198
3483.949 -331.237
3484.966 -331.277
3485.983 -331.216
3487.001 -331.181
3488.018 -331.314
3489.036 -331.381
3490.053 -331.579
3491.070 -331.819
3492.089 -331.772
3493.106 -331.841
3494.124 -331.923
3495.141 -332.011
3496.158 -331.957
3497.175 -332.061
3498.193 -332.244
3499.210 -332.327
3500.227 -332.320
3501.244 -332.213
3502.261 -332.280
3503.279 -332.391
3504.297 -332.561
3505.314 -332.534
3506.332 -332.697
3507.347 -332.962
3508.362 -332.982
3509.379 -332.966
3510.396 -332.938
3511.413 -333.054
3512.430 -332.958
3513.446 -332.918
3514.463 -333.125
3515.480 -333.387
3516.497 -333.318
3517.514 -333.540
3518.531 -333.525
3519.549 -333.580
3520.566 -333.674
3521.583 -333.623
3522.600 -333.653
3523.617 -333.820
3524.635 -334.032
3525.652 -334.219
3526.669 -334.075
3527.686 -334.149
3528.703 -334.239
3529.720 -334.064
3530.737 -334.393
3531.753 -334.394
3532.771 -334.266
3533.788 -334.511
3534.805 -334.529
3535.822 -334.734
3536.839 -334.868
3537.856 -334.795
3538.873 -334.846
3539.890 -334.896
3540.907 -335.103
3541.925 -335.119
3542.942 -335.147
3543.959 -335.031
3544.975 -335.148
3545.993 -335.431
3547.010 -335.551
3548.027 -335.530
3549.043 -335.462
3550.060 -335.426
3551.077 -335.538
3552.094 -335.752
3553.112 -335.864
3554.129 -335.933
3555.146 -336.014
3556.163 -335.905
3557.180 -335.964
3558.196 -336.073
3559.214 -336.230
3560.230 -336.212
3561.248 -336.176
3562.265 -336.235
3563.282 -336.341
3564.299 -336.533
3565.317 -336.744
3566.333 -336.693
3567.350 -336.863
3568.367 -336.882
3569.384 -336.933
3570.402 -337.017
3571.419 -337.081
3572.436 -337.006
3573.454 -337.065
3574.470 -337.269
3575.489 -337.273
3576.506 -337.195
3577.523 -337.444
3578.540 -337.399
3579.558 -337.538
3580.576 -337.601
3581.593 -337.570
3582.611 -337.632
3583.628 -337.797
3584.645 -338.113
3585.662 -338.132
3586.679 -337.931
3587.696 -337.861
3588.713 -338.142
3589.730 -338.201
3590.747 -338.257
3591.763 -338.298
3592.780 -338.349
3593.797 -338.539
3594.814 -338.734
3595.831 -338.707
3596.848 -338.827
3597.865 -338.688
3598.881 -338.845
3599.899 -339.103
3600.916 -339.176
3601.933 -339.126
3602.950 -339.010
3603.968 -339.073
3604.986 -339.232
3606.003 -339.371
3607.020 -339.581
3608.037 -339.625
3609.055 -339.648
3610.072 -339.718
3611.089 -339.918
3612.106 -339.867
3613.123 -339.864
3614.140 -340.074
3615.157 -340.026
3616.175 -340.031
3617.192 -340.154
3618.209 -340.328
3619.227 -340.280
3620.244 -340.310
3621.261 -340.567
3622.278 -340.594
3623.295 -340.433
3624.312 -340.430
3625.329 -340.723
3626.345 -340.745
3627.363 -340.778
3628.380 -340.994
3629.397 -341.095
3630.415 -341.145
3631.432 -341.229
3632.450 -341.038
3633.467 -341.239
3634.484 -341.376
3635.501 -341.476
3636.518 -341.503
3637.536 -341.421
3638.553 -341.686
3639.570 -341.874
3640.587 -341.812
3641.604 -341.814
3642.621 -341.896
3643.638 -341.980
3644.656 -342.158
3645.672 -341.931
3646.689 -342.338
3647.707 -342.384
3648.724 -342.403
3649.741 -342.495
3650.759 -342.353
3651.776 -342.332
3652.793 -342.561
3653.810 -342.539
3654.827 -342.706
3655.844 -342.732
3656.861 -342.843
3657.878 -342.992
3658.896 -342.942
3659.913 -343.049
3660.930 -343.084
3661.947 -343.301
3662.964 -343.290
3663.981 -343.336
3664.998 -343.470
3666.015 -343.530
3667.032 -343.588
3668.049 -343.656
3669.066 -343.798
3670.083 -343.807
3671.100 -343.699
3672.117 -343.824
3673.134 -344.016
3674.151 -344.038
3675.168 -344.022
3676.185 -344.025
3677.202 -344.220
3678.220 -344.410
3679.238 -344.499
3680.256 -344.522
3681.273 -344.542
3682.290 -344.549
3683.307 -344.662
3684.325 -344.841
3685.343 -344.773
3686.361 -344.853
3687.378 -344.873
3688.395 -344.971
3689.410 -345.220
3690.426 -345.096
3691.442 -344.984
3692.458 -345.105
3693.475 -345.414
3694.492 -345.439
3695.508 -345.288
3696.525 -345.243
3697.543 -345.393
3698.560 -345.791
3699.576 -345.859
3700.593 -345.976
3701.610 -345.856
3702.627 -345.776
3703.644 -345.961
3704.661 -346.028
3705.678 -346.067
3706.694 -346.356
3707.711 -346.169
3708.728 -346.223
3709.746 -346.335
3710.763 -346.369
3711.780 -346.629
3712.796 -346.643
3713.813 -346.559
3714.831 -346.408
3715.848 -346.672
3716.865 -346.774
3717.882 -346.801
3718.899 -346.890
3719.916 -346.850
3720.933 -346.822
3721.950 -346.972
3722.967 -347.058
3723.985 -347.266
3725.002 -347.451
3726.019 -347.471
3727.036 -347.576
3728.053 -347.689
3729.070 -347.693
3730.087 -347.805
3731.105 -347.698
3732.122 -347.661
3733.139 -347.698
3734.157 -347.857
3735.173 -347.908
3736.190 -347.844
3737.208 -347.982
3738.226 -348.140
3739.243 -348.250
3740.260 -348.229
3741.277 -348.351
3742.295 -348.422
3743.312 -348.441
3744.329 -348.539
3745.346 -348.573
3746.830 -46.917
3747.847 -7.348
3748.864 22.985
3749.882 22.802
3750.899 -30.956
3751.916 -33.068
3752.933 -33.123
3753.951 -33.028
3754.970 27.689
3755.987 27.590
3757.004 27.390
3758.021 27.296
3759.038 27.312
3760.056 27.224
3761.073 27.095
3762.090 27.025
3763.108 27.009
3764.125 27.075
3765.142 26.961
3766.159 26.809
3767.176 26.693
3768.194 26.819
3769.212 26.770
3770.228 26.751
3771.246 26.734
3772.263 26.706
3773.280 26.590
3774.297 26.522
3775.315 26.465
3776.332 26.379
3777.349 26.406
3778.366 26.199
3779.384 26.029
3780.401 26.150
3781.418 26.064
3782.436 25.894
3783.453 25.910
3784.471 25.816
3785.489 25.746
3786.506 25.734
3787.521 25.807
3788.536 25.549
3789.551 25.422
3790.567 25.731
3791.583 25.562
3792.600 25.701
3793.618 25.750
3794.635 25.632
3795.652 25.525
3796.669 25.253
3797.685 25.386
3798.702 25.541
3799.721 25.454
3800.738 25.546
3801.755 25.414
3802.773 25.369
3803.790 25.278
3804.807 25.223
3805.824 25.275
3806.841 25.088
3807.858 25.124
3808.875 25.344
3809.892 25.235
3810.910 25.098
3811.928 25.100
3812.944 25.136
3813.961 25.163
3814.978 25.045
3815.995 25.114
3817.012 25.028
3818.030 24.985
3819.047 24.926
3820.064 24.967
3821.081 24.926
3822.099 24.716
3823.116 24.760
3824.133 24.818
3825.150 24.798
3826.167 24.683
3827.184 24.624
3828.201 24.677
3829.218 24.693
3830.235 24.644
3831.252 24.460
3832.270 24.511
3833.287 24.522
3834.304 24.505
3835.322 24.480
3836.339 24.511
3837.356 24.542
3838.373 24.635
3839.390 24.404
3840.406 24.318
3841.423 24.346
3842.440 24.207
3843.458 24.108
3844.475 24.143
3845.492 24.248
3846.509 24.226
3847.526 24.173
3848.543 24.172
3849.561 24.270
3850.578 24.179
3851.596 24.193
3852.612 23.912
3853.629 23.920
3854.647 24.003
3855.665 23.921
3856.682 23.914
3857.699 23.933
3858.716 23.713
3859.734 23.822
3860.751 23.881
3861.768 23.803
3862.786 23.876
3863.803 23.833
3864.820 23.643
3865.837 23.488
3866.854 23.558
3867.872 23.822
3868.889 23.745
3869.907 23.598
3870.924 23.561
3871.941 23.626
3872.958 23.678
3873.975 23.589
3874.994 23.403
3876.011 23.284
3877.027 23.170
3878.045 23.249
3879.062 23.269
3880.079 23.180
3881.097 23.138
3882.114 23.267
3883.131 23.376
3884.148 23.269
3885.165 23.134
3886.182 23.084
3887.200 23.170
3888.217 23.115
3889.234 23.095
3890.251 22.978
3891.267 23.011
3892.281 23.064
3893.299 23.059
3894.316 23.037
3895.333 22.987
3896.350 22.946
3897.368 22.975
3898.385 22.865
3899.402 22.857
3900.420 22.700
3901.437 22.622
3902.454 22.760
3903.471 22.758
3904.488 22.628
3905.505 22.401
3906.523 22.479
3907.540 22.596
3908.557 22.394
3909.575 22.324
3910.592 22.291
3911.609 22.530
3912.626 22.390
3913.643 22.316
3914.661 22.661
3915.678 22.668
3916.695 22.406
3917.713 22.545
3918.731 22.443
3919.748 22.190
3920.765 22.201
3921.783 22.018
3922.800 21.966
3923.817 22.079
3924.834 22.142
3925.851 21.976
3926.868 22.116
3927.885 21.980
3928.902 21.810
3929.921 21.905
3930.938 21.832
3931.955 21.928
3932.973 21.983
3933.991 21.976
3935.009 21.873
3936.026 21.786
3937.043 21.798
3938.060 21.694
3939.077 21.629
3940.094 21.588
3941.112 21.419
3942.129 21.463
3943.145 21.475
3944.163 21.459
3945.180 21.444
3946.196 21.462
3947.214 21.526
3948.231 21.455
3949.248 21.492
3950.265 21.544
3951.283 21.315
3952.300 21.262
3953.318 21.304
3954.336 21.213
3955.353 21.417
3956.371 21.433
3957.388 21.430
3958.405 21.440
3959.423 21.189
3960.440 21.101
3961.457 21.075
3962.474 21.171
3963.491 20.933
3964.508 20.998
3965.525 20.776
3966.543 20.976
3967.561 20.924
3968.578 20.857
3969.594 20.802
3970.609 20.837
3971.624 21.094
3972.640 20.814
3973.657 20.679
3974.672 20.748
3975.685 20.994
3976.702 20.775
3977.719 20.634
3978.737 20.707
3979.754 20.630
3980.770 20.602
3981.787 20.589
3982.804 20.860
3983.820 20.847
3984.838 20.843
3985.854 20.843
3986.872 20.776
3987.888 20.748
3988.906 20.626
3989.923 20.528
3990.940 20.315
3991.957 20.354
3992.975 20.396
3993.991 20.320
3995.009 20.446
3996.026 20.412
3997.043 20.393
3998.060 20.308
3999.077 20.181
4000.094 20.227
4001.111 20.184
4002.128 19.998
4003.144 20.146
4004.161 20.129
4005.179 20.083
4006.196 20.145
4007.213 20.002
4008.230 19.891
4009.247 19.941
4010.265 19.996
4011.282 20.066
4012.299 19.935
4013.316 20.030
4014.334 19.911
4015.351 19.746
4016.368 19.850
4017.385 20.063
4018.402 20.062
4019.419 19.729
4020.437 19.715
4021.454 19.687
4022.471 19.641
4023.488 19.765
4024.505 19.666
4025.522 19.589
4026.539 19.571
4027.556 19.565
4028.574 19.384
4029.591 19.425
4030.609 19.272
4031.626 19.521
4032.643 19.579
4033.659 19.523
4034.677 19.396
4035.694 19.509
4036.711 19.418
4037.728 19.133
4038.745 19.185
4039.762 19.076
4040.779 19.176
4041.796 19.069
4042.814 19.226
4043.831 19.241
4044.848 19.256
4045.865 19.176
4046.882 19.050
4047.900 19.117
4048.916 19.054
4049.934 18.891
4050.951 18.676
4051.968 18.772
4052.985 18.853
4054.002 18.991
4055.020 18.894
4056.037 18.622
4057.055 18.662
4058.072 18.824
4059.089 18.853
4060.107 18.732
4061.124 18.639
4062.141 18.611
4063.159 18.540
4064.176 18.662
4065.193 18.536
4066.210 18.346
4067.227 18.326
4068.244 18.325
4069.262 18.313
4070.279 18.374
4071.296 18.458
4072.314 18.599
4073.331 18.397
4074.348 18.377
4075.365 18.188
4076.381 18.265
4077.398 18.123
4078.416 18.210
4079.433 18.234
4080.450 18.132
4081.467 17.945
4082.484 17.971
4083.502 18.135
4084.519 18.269
4085.536 17.900
4086.554 17.872
4087.571 18.063
4088.588 17.802
4089.606 17.995
4090.624 18.054
4091.641 17.801
4092.658 17.662
4093.676 17.614
4094.693 17.741
4095.710 17.902
4096.728 17.719
4097.745 17.564
4098.762 17.837
4099.779 17.739
4100.796 17.735
4101.813 17.425
4102.831 17.284
4103.848 17.332
4104.864 17.595
4105.882 17.621
4106.899 17.485
4107.916 17.335
4108.933 17.286
4109.949 17.349
4110.967 17.319
4111.984 17.282
4113.002 17.296
4114.019 17.268
4115.036 17.383
4116.053 17.454
4117.070 17.370
4118.088 17.303
4119.105 17.247
4120.122 17.081
4121.139 17.089
4122.156 17.106
4123.173 17.054
4124.191 16.932
4125.208 16.840
4126.225 16.984
4127.242 16.882
4128.259 16.847
4129.276 16.932
4130.294 16.696
4131.312 16.541
4132.329 16.418
4133.346 16.396
4134.364 16.541
4135.381 16.473
4136.398 16.636
4137.416 16.506
4138.433 16.613
4139.450 16.604
4140.467 16.450
4141.485 16.457
4142.501 16.212
4143.518 16.196
4144.535 16.049
4145.553 16.180
4146.570 16.179
4147.587 15.975
4148.604 15.983
4149.622 16.050
4150.639 16.102
4151.657 15.920
4152.674 15.922
4153.690 15.649
4154.705 15.765
4155.719 15.660
4156.734 15.373
4157.751 15.392
4158.767 15.414
4159.785 15.562
4160.802 15.343
4161.818 15.416
4162.834 15.488
4163.851 15.312
4164.868 15.301
4165.885 15.402
4166.901 15.433
4167.919 15.346
4168.936 15.175
4169.953 14.936
4170.970 14.917
4171.988 14.912
4173.004 14.884
4174.018 15.037
4175.035 15.067
4176.052 15.033
4177.069 14.974
4178.087 14.858
4179.104 14.745
4180.121 14.605
4181.139 14.654
4182.156 14.695
4183.173 14.618
4184.190 14.526
4185.207 14.499
4186.224 14.475
4187.241 14.330
4188.259 14.322
4189.276 14.238
4190.293 14.106
4191.311 14.236
4192.328 14.205
4193.346 14.032
4194.362 14.011
4195.380 14.203
4196.397 14.158
4197.414 13.965
4198.431 14.066
4199.448 14.156
4200.465 14.160
4201.483 13.870
4202.499 13.859
4203.517 13.680
4204.534 13.681
4205.551 13.587
4206.568 13.597
4207.585 13.560
4208.603 13.728
4209.620 13.614
4210.637 13.570
4211.654 13.386
4212.672 13.460
4213.689 13.515
4214.705 13.500
4215.722 13.510
4216.739 13.154
4217.757 13.119
4218.774 13.097
4219.791 13.152
4220.809 13.193
4221.826 13.129
4222.843 13.097
4223.861 12.978
4224.877 13.088
4225.894 12.915
4226.911 12.992
4227.929 12.906
4228.946 12.932
4229.963 12.933
4230.980 12.882
4231.998 12.892
4233.015 12.915
4234.032 12.854
4235.049 12.644
4236.066 12.511
4237.083 12.501
4238.100 12.464
4239.117 12.576
4240.135 12.544
4241.152 12.337
4242.169 12.293
4243.186 12.339
4244.203 12.185
4245.220 12.236
4246.237 12.312
4247.254 12.119
4248.271 12.096
4249.288 12.205
4250.305 11.930
4251.323 11.837
4252.340 11.919
4253.357 11.849
4254.374 11.899
4255.392 12.050
4256.409 11.772
4257.427 11.793
4258.444 11.794
4259.461 11.693
4260.479 11.447
4261.496 11.633
4262.513 11.361
4263.530 11.502
4264.547 11.538
4265.564 11.222
4266.582 11.482
4267.599 11.547
4268.616 11.284
4269.633 11.447
4270.650 11.545
4271.667 11.264
4272.685 11.061
4273.701 11.133
4274.719 11.186
4275.736 11.005
4276.753 11.287
4277.770 11.300
4278.787 11.087
4279.805 10.961
4280.822 11.046
4281.839 10.777
4282.857 10.825
4283.874 10.679
4284.892 10.757
4285.909 10.760
4286.927 10.582
4287.944 10.700
4288.962 10.775
4289.978 10.665
4290.996 10.663
4292.013 10.503
4293.030 10.328
4294.047 10.343
4295.065 10.339
4296.082 10.458
4297.099 10.563
4298.117 10.425
4299.134 10.385
4300.151 10.431
4301.168 10.404
4302.185 10.144
4303.202 10.093
4304.219 10.071
4305.236 9.968
4306.252 9.992
4307.270 10.064
4308.287 9.918
4309.304 9.835
4310.322 9.874
4311.338 9.959
4312.355 9.894
4313.373 9.696
4314.390 9.726
4315.407 9.909
4316.424 9.892
4317.441 9.794
4318.459 9.679
4319.476 9.633
4320.493 9.796
4321.511 9.632
4322.529 9.518
4323.546 9.726
4324.563 9.705
4325.580 9.704
4326.598 9.599
4327.615 9.647
4328.632 9.499
4329.649 9.204
4330.666 9.110
4331.683 9.413
4332.701 9.502
4333.718 9.267
4334.736 9.034
4335.753 8.926
4336.769 9.080
4337.784 9.200
4338.800 9.055
4339.816 9.191
4340.833 9.207
4341.849 9.003
4342.866 8.973
4343.883 8.928
4344.901 8.840
4345.918 8.918
4346.934 8.846
4347.951 8.824
4348.968 8.751
4349.985 8.615
4351.002 8.499
4352.019 8.340
4353.036 8.396
4354.054 8.475
4355.070 8.510
4356.087 8.510
4357.104 8.610
4358.121 8.605
4359.137 8.508
4360.155 8.379
4361.172 8.356
4362.189 8.225
4363.206 8.142
4364.223 8.135
4365.240 8.093
4366.258 8.100
4367.275 8.054
4368.292 8.118
4369.309 8.090
4370.326 8.176
4371.343 8.125
4372.360 8.000
4373.377 8.149
4374.394 8.012
4375.411 7.901
4376.428 7.833
4377.446 7.734
4378.463 7.799
4379.481 7.877
4380.498 7.905
4381.516 8.030
4382.532 7.619
4383.549 7.644
4384.567 7.474
4385.584 7.651
4386.600 7.455
4387.617 7.262
4388.635 7.358
4389.652 7.633
4390.669 7.551
4391.686 7.363
4392.703 7.624
4393.721 7.624
4394.738 7.490
4395.755 7.438
4396.772 7.125
4397.790 7.287
4398.807 7.306
4399.824 7.240
4400.841 6.952
4401.858 6.747
4402.876 6.762
4403.893 6.715
4404.910 6.717
4405.927 7.039
4406.944 7.096
4407.962 7.018
4408.979 6.940
4409.996 6.699
4411.013 6.633
4412.030 6.689
4413.047 6.654
4414.064 6.532
4415.081 6.473
4416.098 6.491
4417.115 6.601
4418.132 6.556
4419.149 6.295
4420.166 6.147
4421.184 6.121
4422.201 6.233
4423.218 6.418
4424.235 6.338
4425.252 6.280
4426.269 6.250
4427.287 6.246
4428.304 6.159
4429.321 6.163
4430.338 6.099
4431.356 5.781
4432.374 5.722
4433.391 5.791
4434.408 5.780
4435.426 5.978
4436.443 5.884
4437.459 5.778
4438.477 5.819
4439.493 5.777
4440.510 5.814
4441.528 5.571
4442.544 5.547
4443.561 5.663
4444.578 5.505
4445.595 5.608
4446.612 5.522
4447.629 5.277
4448.647 5.426
4449.664 5.213
4450.681 5.477
4451.698 5.305
4452.715 5.136
4453.733 5.345
4454.750 5.334
4455.768 5.320
4456.785 4.982
4457.803 4.802
4458.820 4.823
4459.837 5.113
4460.856 4.960
4461.873 4.607
4462.890 4.590
4463.907 4.654
4464.924 4.702
4465.941 4.599
4466.958 4.410
4467.975 4.440
4468.993 4.565
4470.010 4.644
4471.027 4.571
4472.044 4.348
4473.061 4.272
4474.078 4.338
4475.095 4.412
4476.113 4.425
4477.130 4.370
4478.146 4.343
4479.163 4.164
4480.180 4.033
4481.198 3.845
4482.215 3.863
4483.232 3.941
4484.249 4.007
4485.266 3.824
4486.284 3.771
4487.301 3.823
4488.318 3.803
4489.335 3.875
4490.352 3.976
4491.369 3.770
4492.386 3.686
4493.403 3.577
4494.420 3.573
4495.437 3.685
4496.454 3.414
4497.471 3.348
4498.489 3.399
4499.506 3.410
4500.523 3.254
4501.541 3.225
4502.558 3.127
4503.575 3.199
4504.592 3.085
4505.610 3.200
4506.627 3.042
4507.644 3.140
4508.662 2.898
4509.679 3.061
4510.696 2.915
4511.713 3.050
4512.730 2.956
4513.747 2.962
4514.765 2.818
4515.782 2.681
4516.800 2.726
4517.818 2.795
4518.836 2.502
4519.851 2.430
4520.866 2.518
4521.881 2.640
4522.897 2.560
4523.913 2.330
4524.930 2.312
4525.946 2.373
4526.962 2.390
4527.979 2.345
4528.996 2.162
4530.013 2.079
4531.031 1.985
4532.048 2.065
4533.065 2.188
4534.082 2.216
4535.099 2.112
4536.116 1.937
4537.133 1.966
4538.149 2.070
4539.166 2.105
4540.184 1.902
4541.201 1.790
4542.218 1.844
4543.234 1.837
4544.251 1.869
4545.269 1.886
4546.286 1.729
4547.303 1.594
4548.320 1.630
4549.337 1.537
4550.354 1.489
4551.371 1.614
4552.388 1.424
4553.406 1.313
4554.423 1.300
4555.441 1.375
4556.457 1.349
4557.474 1.240
4558.492 1.438
4559.508 1.163
4560.525 1.260
4561.543 1.149
4562.560 1.139
4563.577 0.995
4564.595 1.108
4565.612 1.351
4566.629 1.387
4567.646 0.985
4568.665 0.869
4569.682 0.980
4570.700 1.004
4571.716 1.067
4572.734 0.986
4573.751 0.814
4574.768 0.775
4575.785 0.936
4576.802 0.550
4577.819 0.503
4578.836 0.598
4579.853 0.701
4580.871 0.585
4581.888 0.674
4582.904 0.715
4583.922 0.752
4584.939 0.605
4585.956 0.459
4586.974 0.470
4587.991 0.457
4589.008 0.449
4590.026 0.435
4591.043 0.410
4592.060 0.313
4593.078 0.177
4594.095 0.115
4595.112 0.216
4596.129 0.077
4597.146 -0.034
4598.164 0.083
4599.181 0.158
4600.198 -0.020
4601.216 -0.106
4602.232 -0.014
4603.249 -0.014
4604.266 -0.177
4605.284 -0.186
4606.301 -0.218
4607.318 -0.096
4608.335 -0.147
4609.353 -0.195
4610.370 -0.158
4611.387 -0.239
4612.404 -0.540
4613.421 -0.347
4614.438 -0.210
4615.456 -0.250
4616.473 -0.375
4617.490 -0.612
4618.507 -0.717
4619.523 -0.707
4620.540 -0.641
4621.557 -0.669
4622.575 -0.626
4623.592 -0.597
4624.609 -0.952
4625.626 -0.839
4626.643 -1.010
4627.661 -0.984
4628.677 -0.937
4629.694 -0.994
4630.712 -0.829
4631.729 -1.040
4632.747 -1.278
4633.764 -1.425
4634.780 -1.311
4635.798 -1.236
4636.815 -1.207
4637.832 -1.253
4638.849 -1.215
4639.867 -1.437
4640.884 -1.540
4641.901 -1.463
4642.919 -1.419
4643.936 -1.429
4644.953 -1.411
4645.970 -1.584
4646.988 -1.704
4648.006 -1.749
4649.023 -1.813
4650.040 -1.758
4651.057 -1.737
4652.075 -1.752
4653.091 -1.821
4654.108 -1.913
4655.126 -1.846
4656.143 -1.836
4657.160 -2.017
4658.177 -2.078
4659.194 -2.137
4660.212 -2.240
4661.229 -2.082
4662.246 -2.176
4663.262 -2.127
4664.280 -2.059
4665.297 -2.164
4666.315 -2.354
4667.332 -2.500
4668.349 -2.499
4669.366 -2.510
4670.384 -2.569
4671.401 -2.494
4672.418 -2.586
4673.435 -2.488
4674.452 -2.433
4675.470 -2.728
4676.487 -2.699
4677.504 -2.867
4678.522 -3.024
4679.538 -3.024
4680.556 -2.966
4681.573 -2.892
4682.590 -2.803
4683.607 -2.798
4684.623 -2.947
4685.641 -2.921
4686.658 -3.180
4687.675 -3.272
4688.692 -3.431
4689.709 -3.430
4690.728 -3.055
4691.745 -3.046
4692.762 -3.263
4693.779 -3.286
4694.795 -3.350
4695.812 -3.306
4696.830 -3.317
4697.847 -3.584
4698.864 -3.632
4699.882 -3.547
4700.900 -3.539
4701.916 -3.465
4702.933 -3.568
4703.948 -3.653
4704.962 -3.818
4705.979 -3.775
4706.995 -3.853
4708.012 -3.918
4709.030 -3.849
4710.047 -3.917
4711.064 -4.001
4712.081 -4.086
4713.097 -3.992
4714.114 -3.850
4715.131 -3.909
4716.148 -4.094
4717.165 -4.211
4718.183 -4.169
4719.200 -4.166
4720.216 -4.201
4721.233 -4.161
4722.250 -4.112
4723.267 -4.356
4724.284 -4.424
4725.301 -4.484
4726.318 -4.508
4727.335 -4.457
4728.352 -4.528
4729.369 -4.425
4730.387 -4.530
4731.404 -4.516
4732.421 -4.522
4733.438 -4.715
4734.455 -4.948
4735.472 -4.959
4736.490 -4.791
4737.507 -4.766
4738.525 -4.912
4739.542 -4.894
4740.559 -4.970
4741.576 -4.901
4742.593 -4.849
4743.610 -5.118
4744.628 -5.338
4745.645 -5.360
4746.662 -5.058
4747.679 -5.021
4748.697 -5.254
4749.714 -5.282
4750.731 -5.301
4751.748 -5.152
4752.766 -5.418
4753.783 -5.295
4754.800 -5.355
4755.817 -5.498
4756.835 -5.514
4757.852 -5.541
4758.869 -5.412
4759.886 -5.692
4760.904 -5.771
4761.922 -5.706
4762.938 -5.647
4763.956 -5.740
4764.972 -5.910
4765.990 -5.832
4767.007 -5.813
4768.024 -5.907
4769.042 -6.013
4770.058 -5.940
4771.075 -5.867
4772.092 -6.032
4773.109 -6.042
4774.126 -6.045
4775.143 -5.979
4776.160 -5.959
4777.178 -6.030
4778.195 -6.243
4779.212 -6.254
4780.229 -6.256
4781.246 -6.308
4782.264 -6.461
4783.281 -6.438
4784.298 -6.411
4785.316 -6.500
4786.365 -6.576
4787.381 -6.547
4788.399 -6.481
4789.416 -6.426
4790.433 -6.658
4791.451 -6.428
4792.468 -6.381
4793.486 -6.426
4794.503 -6.623
4795.520 -6.734
4796.537 -6.860
4797.554 -6.589
4798.572 -6.715
4799.589 -6.785
4800.606 -6.892
4801.623 -6.780
4802.641 -6.948
4803.659 -6.901
4804.676 -6.968
4805.693 -6.892
4806.711 -7.057
4807.728 -6.933
4808.745 -7.046
4809.762 -7.093
4810.780 -7.074
4811.797 -6.969
4812.815 -7.120
4813.832 -7.373
4814.849 -7.373
4815.867 -7.382
4816.884 -7.456
4817.901 -7.370
4818.918 -7.393
4819.935 -7.357
4820.952 -7.355
4821.970 -7.553
4822.987 -7.537
4824.004 -7.487
4825.020 -7.537
4826.037 -7.685
4827.054 -7.650
4828.071 -7.563
4829.088 -7.670
4830.106 -7.648
4831.123 -7.617
4832.140 -7.739
4833.158 -7.705
4834.175 -7.670
4835.192 -7.625
4836.209 -7.700
4837.227 -7.943
4838.244 -7.905
4839.261 -7.874
4840.278 -7.976
4841.295 -7.971
4842.313 -7.810
4843.330 -8.003
4844.348 -8.089
4845.365 -8.186
4846.382 -8.156
4847.399 -8.263
4848.416 -8.295
4849.433 -8.235
4850.450 -8.300
4851.467 -8.354
4852.484 -8.436
4853.501 -8.430
4854.518 -8.226
4855.534 -8.310
4856.551 -8.320
4857.568 -8.615
4858.586 -8.479
4859.603 -8.438
4860.620 -8.661
4861.637 -8.477
4862.654 -8.279
4863.672 -8.580
4864.689 -8.627
4865.707 -8.517
4866.724 -8.662
4867.741 -8.797
4868.759 -8.860
4869.776 -8.780
4870.794 -8.691
4871.811 -8.493
4872.828 -8.529
4873.846 -8.536
4874.864 -8.578
4875.881 -8.800
4876.897 -8.714
4877.913 -8.801
4878.928 -9.008
4879.944 -9.092
4880.960 -9.034
4881.978 -8.814
4882.994 -8.855
4884.011 -9.105
4885.027 -9.059
4886.043 -8.940
4887.060 -9.037
4888.078 -9.183
4889.094 -9.167
4890.112 -9.173
4891.128 -9.247
4892.144 -9.389
4893.161 -9.477
4894.179 -9.363
4895.196 -9.434
4896.213 -9.493
4897.230 -9.455
4898.247 -9.529
4899.264 -9.718
4900.281 -9.734
4901.298 -9.561
4902.316 -9.461
4903.333 -9.613
4904.350 -9.633
4905.367 -9.457
4906.384 -9.517
4907.401 -9.428
4908.418 -9.427
4909.435 -9.791
4910.452 -9.788
4911.469 -9.834
4912.487 -9.900
4913.503 -9.925
4914.521 -9.950
4915.538 -9.835
4916.556 -10.024
4917.573 -10.039
4918.590 -9.902
4919.607 -10.058
4920.625 -10.121
4921.642 -9.849
4922.659 -10.111
4923.676 -9.946
4924.693 -10.163
4925.710 -10.055
4926.727 -10.085
4927.744 -10.037
4928.761 -10.024
4929.779 -10.133
4930.796 -10.267
4931.813 -10.259
4932.830 -10.472
4933.848 -10.349
4934.865 -10.460
4935.882 -10.546
4936.900 -10.569
4937.917 -10.475
4938.934 -10.512
4939.952 -10.396
4940.968 -10.439
4941.985 -10.582
4943.003 -10.535
4944.020 -10.548
4945.037 -10.677
4946.054 -10.904
4947.071 -10.978
4948.088 -10.975
4949.105 -10.947
4950.122 -10.752
4951.139 -10.568
4952.156 -10.691
4953.174 -10.755
4954.191 -10.705
4955.208 -10.883
4956.226 -11.068
4957.243 -11.229
4958.261 -11.090
4959.278 -11.048
4960.295 -11.044
4961.313 -11.117
4962.330 -11.276
4963.348 -11.260
4964.365 -11.288
4965.382 -11.047
4966.400 -11.098
4967.417 -11.144
4968.435 -11.264
4969.451 -11.327
4970.469 -11.208
4971.485 -11.230
4972.502 -11.174
4973.519 -11.071
4974.537 -11.384
4975.554 -11.473
4976.571 -11.534
4977.588 -11.551
4978.605 -11.396
4979.622 -11.400
4980.640 -11.631
4981.657 -11.823
4982.674 -11.468
4983.690 -11.520
4984.704 -11.745
4985.722 -11.753
4986.739 -11.712
4987.757 -11.496
4988.774 -11.547
4989.792 -11.509
4990.808 -11.635
4991.826 -11.729
4992.843 -11.731
4993.860 -11.725
4994.878 -11.805
4995.895 -11.761
4996.912 -11.765
4997.930 -11.668
4998.947 -11.730
4999.966 -11.818
5000.982 -11.695
5002.000 -11.858
5003.017 -12.057
5004.034 -12.085
5005.051 -11.994
5006.068 -11.991
5007.085 -11.988
5008.103 -12.007
5009.120 -11.974
5010.137 -11.948
5011.155 -12.097
5012.172 -12.108
5013.189 -12.070
5014.206 -12.114
5015.224 -12.256
5016.241 -12.370
5017.258 -12.302
5018.274 -12.275
5019.292 -12.354
5020.309 -12.423
5021.326 -12.460
5022.344 -12.421
5023.361 -12.396
5024.378 -12.423
5025.395 -12.580
5026.412 -12.391
5027.430 -12.414
5028.447 -12.599
5029.464 -12.751
5030.481 -12.449
5031.499 -12.508
5032.516 -12.627
5033.532 -12.594
5034.549 -12.480
5035.566 -12.452
5036.584 -12.684
5037.601 -12.624
5038.618 -12.680
5039.635 -12.694
5040.653 -12.759
5041.670 -12.982
5042.687 -13.053
5043.703 -12.950
5044.722 -12.911
5045.739 -13.100
5046.757 -13.252
5047.774 -13.032
5048.791 -13.055
5049.808 -13.349
5050.825 -13.238
5051.842 -13.080
5052.859 -13.025
5053.877 -13.169
5054.895 -13.164
5055.912 -13.367
5056.931 -13.229
5057.949 -13.389
5058.965 -13.399
5059.981 -13.291
5060.996 -13.284
5062.012 -13.274
5063.028 -13.338
5064.044 -13.467
5065.059 -13.520
5066.076 -13.557
5067.093 -13.703
5068.110 -13.622
5069.127 -13.606
5070.144 -13.594
5071.161 -13.540
5072.178 -13.713
5073.195 -13.726
5074.213 -13.728
5075.229 -13.705
5076.247 -13.621
5077.265 -13.763
5078.282 -13.979
5079.299 -13.995
5080.316 -14.005
5081.333 -13.977
5082.350 -13.935
5083.367 -13.928
5084.383 -13.887
5085.397 -13.885
5086.414 -13.842
5087.431 -13.826
5088.448 -13.873
5089.465 -14.052
5090.482 -14.115
5091.498 -14.314
5092.515 -14.188
5093.532 -14.306
5094.549 -14.325
5095.566 -14.474
5096.583 -14.440
5097.600 -14.160
5098.617 -13.975
5099.634 -14.118
5100.650 -14.462
5101.664 -14.338
5102.681 -14.382
5103.699 -14.398
5104.717 -14.282
5105.733 -14.254
5106.750 -14.422
5107.767 -14.551
5108.783 -14.674
5109.800 -14.725
5110.818 -14.633
5111.835 -14.703
5112.852 -14.778
5113.869 -14.711
5114.887 -14.622
5115.904 -14.890
5116.922 -14.933
5117.938 -14.860
5118.956 -14.644
5119.973 -14.663
5120.990 -14.776
5122.007 -14.868
5123.024 -15.003
5124.042 -14.852
5125.059 -14.751
5126.077 -14.779
5127.093 -14.799
5128.110 -14.965
5129.127 -15.063
5130.144 -15.119
5131.161 -15.218
5132.177 -15.160
5133.195 -15.146
5134.212 -15.178
5135.229 -15.149
5136.246 -15.145
5137.264 -15.164
5138.281 -15.192
5139.298 -15.222
5140.315 -15.257
5141.332 -15.270
5142.349 -15.330
5143.366 -15.461
5144.384 -15.528
5145.401 -15.436
5146.418 -15.445
5147.436 -15.290
5148.453 -15.496
5149.471 -15.464
5150.488 -15.614
5151.506 -15.727
5152.522 -15.637
5153.540 -15.604
5154.557 -15.793
5155.574 -15.600
5156.591 -15.548
5157.608 -15.671
5158.625 -15.706
5159.643 -15.672
5160.660 -15.875
5161.677 -16.027
5162.694 -15.853
5163.711 -15.872
5164.729 -16.043
5165.746 -15.845
5166.763 -15.869
5167.780 -16.019
5168.797 -15.864
5169.814 -15.924
5170.831 -15.904
5171.848 -15.877
5172.865 -15.941
5173.882 -16.037
5174.899 -16.038
5175.917 -15.905
5176.934 -15.941
5177.952 -15.936
5178.969 -16.020
5179.988 -16.049
5181.005 -16.217
5182.022 -16.180
5183.039 -16.129
5184.057 -16.140
5185.074 -16.112
5186.091 -16.174
5187.108 -16.074
5188.125 -16.038
5189.143 -16.110
5190.160 -16.235
5191.177 -16.280
5192.195 -16.374
5193.212 -16.315
5194.229 -16.208
5195.246 -16.099
5196.264 -16.070
5197.281 -16.298
5198.299 -16.463
5199.316 -16.559
5200.334 -16.532
5201.350 -16.444
5202.368 -16.473
5203.385 -16.535
5204.403 -16.504
5205.419 -16.389
5206.436 -16.563
5207.453 -16.464
5208.471 -16.696
5209.487 -16.585
5210.506 -16.480
5211.523 -16.588
5212.540 -16.796
5213.557 -16.553
5214.574 -16.820
5215.591 -16.655
5216.609 -16.583
5217.626 -16.695
5218.644 -16.814
5219.662 -16.842
5220.679 -17.109
5221.696 -17.025
5222.713 -17.022
5223.730 -17.136
5224.747 -17.002
5225.763 -16.825
5226.781 -16.892
5227.798 -16.872
5228.815 -17.024
5229.832 -16.973
5230.850 -17.140
5231.867 -17.423
5232.884 -17.367
5233.901 -17.181
5234.918 -17.282
5235.936 -17.469
5236.954 -17.490
5237.971 -17.294
5238.988 -17.134
5240.006 -17.299
5241.023 -17.345
5242.041 -17.341
5243.059 -17.385
5244.076 -17.462
5245.092 -17.535
5246.106 -17.642
5247.122 -17.669
5248.138 -17.591
5249.154 -17.564
5250.172 -17.583
5251.189 -17.556
5252.206 -17.550
5253.223 -17.557
5254.240 -17.626
5255.257 -17.769
5256.273 -17.870
5257.290 -17.896
5258.307 -17.932
5259.324 -18.042
5260.341 -18.019
5261.358 -17.998
5262.375 -18.069
5263.392 -18.095
5264.409 -18.174
5265.426 -18.231
5266.443 -18.031
5267.461 -17.986
5268.478 -18.118
5269.495 -17.998
5270.512 -18.022
5271.529 -18.167
5272.547 -18.355
5273.564 -18.232
5274.581 -18.086
5275.599 -18.327
5276.616 -18.349
5277.633 -18.398
5278.649 -18.349
5279.666 -18.417
5280.683 -18.581
5281.699 -18.687
5282.717 -18.667
5283.734 -18.558
5284.751 -18.651
5285.768 -18.574
5286.785 -18.580
5287.802 -18.647
5288.819 -18.530
5289.836 -18.778
5290.853 -18.732
5291.870 -18.781
5292.887 -18.823
5293.904 -18.683
5294.922 -18.788
5295.939 -18.912
5296.956 -18.876
5297.973 -19.030
5298.991 -18.894
5300.008 -18.818
5301.026 -18.891
5302.043 -18.905
5303.060 -19.057
5304.077 -18.984
5305.094 -19.154
5306.112 -19.316
5307.129 -19.404
5308.146 -19.296
5309.163 -19.182
5310.180 -19.217
5311.196 -19.375
5312.214 -19.349
5313.231 -19.271
5314.248 -19.262
5315.265 -19.261
5316.282 -19.499
5317.298 -19.418
5318.316 -19.276
5319.333 -19.464
5320.350 -19.722
5321.367 -19.675
5322.385 -19.781
5323.402 -19.722
5324.419 -19.723
5325.436 -19.730
5326.454 -19.771
5327.471 -19.642
5328.488 -19.867
5329.506 -19.968
5330.523 -19.906
5331.541 -19.924
5332.558 -19.966
5333.571 -20.008
5334.589 -19.882
5335.606 -19.941
5336.624 -19.718
5337.641 -19.628
5338.656 -20.119
5339.674 -19.982
5340.691 -20.106
5341.708 -20.251
5342.725 -20.409
5343.742 -20.363
5344.760 -20.379
5345.778 -20.208
5346.795 -20.189
5347.812 -20.308
5348.829 -20.079
5349.846 -20.308
5350.863 -20.211
5351.881 -20.354
5352.898 -20.219
5353.915 -20.287
5354.932 -20.405
5355.950 -20.238
5356.967 -20.233
5357.984 -20.347
5359.002 -20.448
5360.019 -20.635
5361.036 -20.729
5362.054 -20.629
5363.071 -20.525
5364.088 -20.609
5365.105 -20.669
5366.122 -20.730
5367.140 -20.647
5368.157 -20.649
5369.174 -20.715
5370.191 -20.720
5371.208 -20.667
5372.226 -20.652
5373.243 -20.724
5374.260 -20.834
5375.277 -20.910
5376.295 -21.057
5377.312 -21.151
5378.329 -21.132
5379.346 -20.914
5380.363 -21.043
5381.380 -20.984
5382.398 -20.922
5383.415 -21.106
5384.432 -21.338
5385.449 -21.060
5386.467 -21.204
5387.484 -21.325
5388.501 -21.125
5389.518 -21.307
5390.536 -21.262
5391.553 -21.222
5392.570 -21.480
5393.587 -21.453
5394.605 -21.229
5395.622 -21.268
5396.639 -21.345
5397.656 -21.413
5398.673 -21.253
5399.690 -21.199
5400.708 -21.448
5401.725 -21.491
5402.742 -21.333
5403.759 -21.319
5404.777 -21.487
5405.794 -21.396
5406.811 -21.412
5407.828 -21.489
5408.846 -21.307
5409.862 -21.382
5410.880 -21.498
5411.897 -21.512
5412.914 -21.442
5413.932 -21.510
5414.949 -21.648
5415.967 -21.647
5416.984 -21.643
5418.002 -21.656
5419.019 -21.618
5420.037 -21.558
5421.054 -21.684
5422.071 -21.645
5423.088 -21.592
5424.105 -21.651
5425.123 -21.731
5426.141 -21.636
5427.159 -21.694
5428.175 -21.828
5429.190 -21.886
5430.205 -21.832
5431.222 -21.565
5432.239 -21.554
5433.254 -21.627
5434.271 -21.579
5435.287 -21.625
5436.304 -21.542
5437.322 -21.667
5438.338 -21.707
5439.355 -21.756
5440.371 -21.672
5441.389 -21.607
5442.406 -21.582
5443.423 -21.672
5444.440 -21.625
5445.457 -21.655
5446.474 -21.661
5447.492 -21.606
5448.508 -21.720
5449.525 -21.782
5450.542 -22.019
5451.559 -21.992
5452.577 -22.126
5453.593 -21.968
5454.610 -21.813
5455.628 -22.012
5456.644 -21.877
5457.661 -22.011
5458.678 -21.713
5459.695 -21.977
5460.713 -21.937
5461.730 -22.123
5462.747 -21.991
5463.764 -21.933
5464.781 -21.911
5465.798 -21.968
5466.815 -21.898
5467.832 -22.152
5468.850 -22.130
5469.867 -22.038
5470.885 -21.858
5471.902 -21.917
5472.919 -21.837
5473.936 -21.963
5474.953 -21.988
5475.970 -21.941
5476.988 -21.933
5478.005 -21.985
5479.022 -21.920
5480.039 -21.977
5481.056 -21.994
5482.070 -21.961
5483.088 -21.847
5484.105 -21.996
5485.122 -22.006
5486.139 -22.000
5487.158 -22.025
5488.174 -21.954
5489.191 -21.955
5490.208 -22.024
5491.226 -22.143
5492.242 -22.089
5493.260 -22.015
5494.277 -22.066
5495.294 -21.942
5496.312 -21.990
5497.329 -21.968
5498.346 -21.945
5499.363 -22.034
5500.381 -22.162
5501.397 -22.192
5502.415 -22.184
5503.433 -22.306
5504.451 -22.329
5505.468 -22.164
5506.486 -22.071
5507.503 -21.982
5508.520 -22.013
5509.537 -22.183
5510.554 -22.398
5511.571 -22.318
5512.589 -22.046
5513.606 -21.959
5514.623 -22.159
5515.640 -22.261
5516.657 -22.458
5517.674 -22.371
5518.691 -22.074
5519.708 -22.166
5520.726 -22.246
5521.743 -22.242
5522.761 -22.263
5523.777 -22.541
5524.795 -22.355
5525.812 -22.411
5526.830 -22.557
5527.847 -22.371
5528.865 -22.622
5529.882 -22.503
5530.899 -22.389
5531.916 -22.256
5532.933 -22.413
5533.951 -22.497
5534.968 -22.492
5535.985 -22.520
5537.002 -22.613
5538.020 -22.475
5539.037 -22.522
5540.054 -22.602
5541.071 -22.561
5542.088 -22.476
5543.106 -22.559
5544.123 -22.560
5545.141 -22.450
5546.158 -22.415
5547.175 -22.563
5548.192 -22.603
5549.210 -22.501
5550.227 -22.555
5551.244 -22.489
5552.261 -22.540
5553.278 -22.683
5554.296 -22.587
5555.313 -22.609
5556.331 -22.713
5557.348 -22.636
5558.364 -22.691
5559.382 -22.874
5560.398 -22.897
5561.416 -22.748
5562.432 -22.609
5563.449 -22.564
5564.466 -22.650
5565.483 -22.782
5566.500 -22.642
5567.517 -22.644
5568.535 -22.804
5569.552 -22.690
5570.570 -22.683
5571.587 -22.841
5572.605 -22.944
5573.622 -22.670
5574.639 -22.740
5575.657 -22.988
5576.674 -22.847
5577.692 -23.032
5578.709 -22.725
5579.725 -22.771
5580.742 -22.865
5581.759 -22.705
5582.777 -22.798
5583.794 -22.725
5584.811 -22.610
5585.828 -22.859
5586.845 -22.974
5587.862 -22.766
5588.880 -22.814
5589.897 -23.052
5590.914 -22.861
5591.932 -22.740
5592.949 -22.787
5593.967 -22.863
5594.984 -22.943
5596.001 -22.893
5597.018 -22.925
5598.032 -23.001
5599.048 -23.140
5600.065 -23.175
5601.083 -23.207
5602.101 -23.010
5603.117 -23.099
5604.135 -23.155
5605.152 -23.081
5606.170 -23.196
5607.187 -23.057
5608.204 -22.895
5609.222 -22.861
5610.240 -23.070
5611.258 -23.261
5612.274 -23.147
5613.289 -23.272
5614.304 -23.262
5615.320 -23.095
5616.336 -23.151
5617.353 -23.306
5618.369 -23.376
5619.386 -23.319
5620.403 -23.390
5621.420 -23.419
5622.437 -23.346
5623.454 -23.525
5624.471 -23.578
5625.488 -23.517
5626.505 -23.373
5627.523 -23.436
5628.540 -23.405
5629.557 -23.618
5630.574 -23.656
5631.591 -23.725
5632.608 -23.485
5633.625 -23.477
5634.642 -23.373
5635.659 -23.581
5636.677 -23.714
5637.694 -23.561
5638.712 -23.722
5639.728 -23.495
5640.745 -23.580
5641.768 -23.727
5642.785 -23.587
5643.802 -23.840
5644.819 -23.947
5645.836 -23.750
5646.853 -23.838
5647.871 -23.787
5648.888 -23.838
5649.905 -23.743
5650.922 -23.629
5651.940 -23.761
5652.956 -23.787
5653.974 -23.857
5654.991 -23.971
5656.008 -23.814
5657.026 -23.804
5658.043 -23.778
5659.060 -23.795
5660.077 -23.787
5661.094 -23.910
5662.111 -24.021
5663.129 -23.952
5664.145 -23.894
5665.162 -23.942
5666.179 -23.877
5667.197 -23.903
5668.213 -24.056
5669.230 -24.054
5670.248 -24.162
5671.265 -24.002
5672.282 -23.777
5673.299 -23.927
5674.316 -23.937
5675.333 -23.951
5676.350 -24.157
5677.367 -24.241
5678.384 -24.150
5679.402 -24.065
5680.418 -24.145
5681.435 -24.143
5682.453 -23.982
5683.470 -24.131
5684.488 -24.046
5685.504 -24.016
5686.521 -24.173
5687.539 -24.199
5688.557 -24.222
5689.574 -24.241
5690.591 -24.268
5691.609 -24.099
5692.626 -24.159
5693.643 -24.509
5694.660 -24.458
5695.677 -24.361
5696.694 -24.134
5697.711 -24.315
5698.728 -24.112
5699.745 -24.348
5700.762 -24.299
5701.779 -24.458
5702.796 -24.319
5703.813 -24.395
5704.830 -24.473
5705.848 -24.302
5706.865 -24.417
5707.881 -24.384
5708.899 -24.366
5709.916 -24.375
5710.934 -24.576
5711.951 -24.482
5712.969 -24.454
5713.985 -24.330
5715.002 -24.286
5716.020 -24.329
5717.037 -24.514
5718.055 -24.405
5719.072 -24.435
5720.090 -24.455
5721.107 -24.530
5722.124 -24.615
5723.142 -24.732
5724.159 -24.688
5725.176 -24.618
5726.193 -24.647
5727.210 -24.644
5728.227 -24.573
5729.244 -24.499
5730.261 -24.513
5731.278 -24.626
5732.295 -24.832
5733.312 -24.957
5734.329 -24.861
5735.347 -24.778
5736.364 -24.705
5737.381 -24.718
5738.399 -24.916
5739.416 -24.928
5740.433 -24.815
5741.450 -24.860
5742.468 -24.838
5743.485 -24.644
5744.502 -24.901
5745.519 -25.077
5746.536 -24.838
5747.553 -24.894
5748.570 -24.896
5749.588 -24.882
5750.605 -24.799
5751.623 -24.824
5752.640 -24.976
5753.657 -25.031
5754.674 -25.042
5755.691 -25.229
5756.709 -25.130
5757.726 -25.119
5758.743 -25.028
5759.760 -25.136
5760.778 -25.270
5761.795 -25.284
5762.811 -25.002
5763.828 -25.022
5764.846 -25.208
5765.863 -25.271
5766.879 -25.362
5767.896 -25.313
5768.913 -25.178
5769.931 -25.178
5770.948 -25.176
5771.965 -25.352
5772.983 -25.278
5774.000 -25.155
5775.017 -25.267
5776.035 -25.432
5777.052 -25.332
5778.070 -25.283
5779.087 -25.446
5780.104 -25.469
5781.121 -25.490
5782.138 -25.363
5783.155 -25.392
5784.172 -25.390
5785.189 -25.600
5786.206 -25.686
5787.223 -25.579
5788.239 -25.626
5789.257 -25.787
5790.274 -25.714
5791.291 -25.601
5792.309 -25.787
5793.327 -25.862
5794.344 -25.821
5795.360 -25.690
5796.375 -25.771
5797.388 -25.816
5798.404 -25.826
5799.420 -25.977
5800.437 -26.027
5801.454 -26.003
5802.471 -25.821
5803.488 -25.777
5804.505 -25.783
5805.522 -25.987
5806.538 -25.988
5807.555 -26.005
5808.572 -26.145
5809.590 -26.272
5810.606 -26.285
5811.623 -26.335
5812.641 -26.236
5813.658 -26.261
5814.675 -26.085
5815.692 -26.464
5816.709 -26.602
5817.727 -26.650
5818.744 -26.400
5819.761 -26.383
5820.778 -26.516
5821.795 -26.604
5822.812 -26.665
5823.830 -26.450
5824.847 -26.360
5825.864 -26.426
5826.880 -26.627
5827.897 -26.836
5828.913 -26.905
5829.930 -26.964
5830.947 -26.924
5831.964 -26.873
5832.981 -26.773
5833.998 -26.868
5835.015 -26.841
5836.033 -26.932
5837.050 -27.052
5838.067 -26.991
5839.084 -27.036
5840.102 -27.195
5841.120 -27.215
5842.137 -27.331
5843.154 -27.364
5844.171 -27.244
5845.189 -27.199
5846.206 -27.388
5847.223 -27.440
5848.241 -27.306
5849.258 -27.247
5850.275 -27.237
5851.292 -27.213
5852.310 -27.243
5853.327 -27.437
5854.345 -27.599
5855.362 -27.457
5856.379 -27.342
5857.396 -27.570
5858.414 -27.610
5859.431 -27.646
5860.448 -27.829
5861.465 -27.833
5862.482 -27.662
5863.499 -27.641
5864.517 -27.693
5865.534 -27.583
5866.552 -27.685
5867.568 -27.597
5868.585 -27.618
5869.602 -27.778
5870.619 -27.811
5871.637 -27.747
5872.655 -27.882
5873.672 -27.906
5874.690 -27.863
5875.707 -28.146
5876.723 -28.182
5877.741 -28.336
5878.758 -28.003
5879.776 -27.981
5880.793 -28.205
5881.809 -28.229
5882.827 -28.368
5883.844 -28.409
5884.862 -28.164
5885.879 -28.027
5886.896 -28.224
5887.914 -28.091
5888.931 -28.102
5889.949 -28.461
5890.966 -28.502
5891.983 -28.416
5893.000 -28.349
5894.017 -28.372
5895.035 -28.684
5896.052 -28.708
5897.069 -28.511
5898.086 -28.570
5899.104 -28.627
5900.121 -28.591
5901.137 -28.602
5902.155 -28.615
5903.172 -28.722
5904.189 -28.825
5905.205 -28.938
5906.223 -28.995
5907.240 -28.948
5908.257 -29.006
5909.274 -29.041
5910.292 -28.910
5911.309 -29.099
5912.327 -29.118
5913.344 -29.087
5914.361 -29.020
5915.378 -29.110
5916.396 -29.308
5917.413 -29.270
5918.431 -29.325
5919.448 -29.369
5920.465 -29.247
5921.482 -29.472
5922.500 -29.563
5923.517 -29.562
5924.534 -29.387
5925.551 -29.522
5926.569 -29.393
5927.586 -29.495
5928.603 -29.367
5929.620 -29.584
5930.637 -29.685
5931.654 -29.888
5932.671 -29.587
5933.689 -29.434
5934.707 -29.790
5935.724 -29.940
5936.741 -29.787
5937.760 -29.910
5938.777 -29.955
5939.794 -29.924
5940.812 -29.954
5941.829 -30.043
5942.846 -30.005
5943.863 -29.763
5944.882 -29.793
5945.899 -29.887
5946.916 -29.839
5947.933 -29.951
5948.950 -30.269
5949.967 -30.280
5951.006 -30.366
5952.023 -30.365
5953.041 -30.294
5954.058 -30.209
5955.075 -30.343
5956.093 -30.254
5957.110 -30.325
5958.127 -30.365
5959.144 -30.341
5960.161 -30.349
5961.178 -30.417
5962.195 -30.389
5963.213 -30.523
5964.230 -30.642
5965.247 -30.702
5966.264 -30.743
5967.281 -30.834
5968.298 -30.827
5969.316 -30.728
5970.334 -30.842
5971.352 -31.020
5972.368 -30.962
5973.384 -30.887
5974.400 -30.759
5975.415 -30.757
5976.432 -30.786
5977.448 -30.875
5978.466 -30.983
5979.482 -31.183
5980.500 -31.273
5981.518 -31.269
5982.534 -31.219
5983.552 -30.936
5984.569 -31.096
5985.586 -31.073
5986.602 -31.272
5987.620 -31.314
5988.637 -31.407
5989.653 -31.245
5990.670 -31.212
5991.687 -31.492
5992.704 -31.562
5993.721 -31.328
5994.738 -31.413
5995.755 -31.308
5996.771 -31.506
5997.788 -31.591
5998.805 -31.605
5999.822 -31.644
6000.839 -31.831
6001.856 -31.626
6002.873 -31.874
6003.890 -31.747
6004.907 -31.784
6005.924 -31.656
6006.940 -31.828
6007.958 -31.980
6008.975 -31.943
6009.992 -31.909
6011.008 -31.876
6012.022 -31.934
6013.039 -32.004
6014.056 -32.016
6015.073 -32.053
6016.090 -32.120
6017.107 -32.343
6018.124 -32.368
6019.141 -32.363
6020.159 -32.463
6021.175 -32.388
6022.192 -32.275
6023.210 -32.380
6024.227 -32.414
6025.244 -32.435
6026.261 -32.378
6027.278 -32.475
6028.295 -32.609
6029.312 -32.656
6030.329 -32.649
6031.346 -32.533
6032.363 -32.560
6033.380 -32.563
6034.398 -32.599
6035.415 -32.528
6036.432 -32.409
6037.449 -32.516
6038.467 -32.784
6039.485 -32.818
6040.502 -32.734
6041.519 -32.836
6042.536 -32.790
6043.553 -32.777
6044.570 -32.621
6045.588 -32.869
6046.605 -32.794
6047.622 -32.748
6048.640 -32.916
6049.657 -32.918
6050.675 -32.945
6051.692 -32.814
6052.709 -32.705
6053.727 -32.988
6054.744 -32.899
6055.761 -33.136
6056.779 -33.030
6057.796 -33.099
6058.814 -33.177
6059.830 -33.203
6060.848 -33.315
6061.865 -33.273
6062.882 -33.263
6063.899 -33.202
6064.916 -33.136
6065.934 -33.252
6066.951 -33.310
6067.968 -33.229
6068.984 -33.254
6070.002 -33.231
6071.019 -33.401
6072.037 -33.506
6073.054 -33.406
6074.071 -33.311
6075.089 -33.316
6076.106 -33.318
6077.123 -33.408
6078.141 -33.591
6079.158 -33.611
6080.175 -33.485
6081.193 -33.479
6082.209 -33.650
6083.226 -33.663
6084.243 -33.614
6085.260 -33.762
6086.277 -33.661
6087.294 -33.451
6088.312 -33.647
6089.328 -33.876
6090.346 -33.868
6091.363 -33.747
6092.380 -33.607
6093.397 -33.664
6094.415 -33.775
6095.433 -33.855
6096.450 -33.974
6097.467 -33.860
6098.484 -33.756
6099.502 -33.697
6100.520 -34.040
6101.537 -34.085
6102.554 -33.931
6103.572 -33.960
6104.589 -34.140
6105.606 -34.303
6106.623 -34.303
6107.641 -34.012
6108.657 -33.974
6109.674 -33.960
6110.691 -34.163
6111.709 -34.141
6112.726 -34.188
6113.743 -34.020
6114.760 -34.071
6115.777 -33.981
6116.794 -34.034
6117.812 -34.153
6118.829 -34.105
6119.846 -34.245
6120.864 -34.330
6121.881 -34.375
6122.898 -34.556
6123.915 -34.421
6124.932 -34.283
6125.949 -34.416
6126.966 -34.376
6127.983 -34.519
6129.000 -34.496
6130.017 -34.544
6131.034 -34.459
6132.051 -34.429
6133.068 -34.499
6134.085 -34.616
6135.102 -34.748
6136.119 -34.643
6137.136 -34.534
6138.154 -34.628
6139.171 -34.758
6140.188 -34.678
6141.205 -34.580
6142.223 -34.614
6143.240 -34.531
6144.257 -34.558
6145.274 -34.534
6146.292 -34.623
6147.308 -34.710
6148.325 -34.737
6149.342 -34.835
6150.360 -34.945
6151.378 -35.054
6152.396 -34.978
6153.413 -34.860
6154.429 -34.914
6155.444 -34.945
6156.459 -34.860
6157.475 -35.068
6158.491 -34.964
6159.508 -35.131
6160.525 -34.988
6161.542 -34.955
6162.558 -35.170
6163.574 -35.187
6164.591 -35.266
6165.608 -35.215
6166.625 -35.196
6167.643 -35.134
6168.660 -35.163
6169.677 -35.088
6170.694 -35.350
6171.711 -35.588
6172.728 -35.405
6173.745 -35.134
6174.761 -35.117
6175.778 -35.230
6176.795 -35.528
6177.812 -35.478
6178.828 -35.568
6179.846 -35.414
6180.863 -35.236
6181.880 -35.354
6182.897 -35.327
6183.914 -35.270
6184.931 -35.330
6185.948 -35.430
6186.966 -35.566
6187.983 -35.545
6189.000 -35.500
6190.017 -35.525
6191.034 -35.506
6192.051 -35.412
6193.068 -35.432
6194.085 -35.647
6195.102 -35.766
6196.119 -35.718
6197.136 -35.666
6198.153 -35.728
6199.170 -35.726
6200.187 -35.789
6201.204 -35.899
6202.221 -35.752
6203.239 -35.746
6204.256 -35.926
6205.272 -35.929
6206.289 -35.723
6207.307 -35.580
6208.325 -35.550
6209.342 -35.683
6210.359 -35.955
6211.376 -35.859
6212.394 -35.845
6213.411 -35.865
6214.429 -35.805
6215.446 -35.934
6216.463 -35.874
6217.480 -36.048
6218.498 -36.043
6219.514 -35.922
6220.531 -36.023
6221.548 -36.162
6222.565 -36.114
6223.583 -36.318
6224.600 -36.317
6225.617 -36.192
6226.635 -36.171
6227.652 -36.232
6228.669 -36.316
6229.686 -36.313
6230.703 -36.092
6231.721 -36.309
6232.737 -36.084
6233.755 -36.125
6234.772 -36.239
6235.789 -36.212
6236.806 -36.325
6237.823 -36.381
6238.841 -36.208
6239.857 -36.234
6240.875 -36.185
6241.892 -36.439
6242.909 -36.462
6243.926 -36.468
6244.943 -36.377
6245.961 -36.706
6246.977 -36.696
6247.995 -36.776
6249.012 -36.591
6250.030 -36.538
6251.047 -36.596
6252.064 -36.501
6253.080 -36.646
6254.098 -36.842
6255.115 -36.847
6256.132 -36.695
6257.149 -36.738
6258.165 -36.659
6259.183 -36.596
6260.199 -36.748
6261.216 -36.744
6262.233 -36.686
6263.250 -36.856
6264.267 -36.869
6265.285 -36.812
6266.302 -36.727
6267.319 -36.773
6268.336 -36.890
6269.354 -36.862
6270.371 -37.002
6271.388 -36.967
6272.406 -36.891
6273.423 -37.002
6274.440 -37.073
6275.457 -36.953
6276.475 -36.956
6277.492 -37.232
6278.510 -37.157
6279.527 -37.180
6280.544 -37.115
6281.561 -37.233
6282.579 -37.305
6283.596 -37.175
6284.614 -37.015
6285.631 -37.370
6286.649 -37.236
6287.666 -37.301
6288.683 -37.478
6289.700 -37.311
6290.718 -37.167
6291.735 -37.223
6292.752 -37.377
6293.769 -37.390
6294.786 -37.458
6295.803 -37.243
6296.820 -37.283
6297.838 -37.429
6298.855 -37.647
6299.872 -37.620
6300.890 -37.626
6301.907 -37.569
6302.924 -37.438
6303.941 -37.456
6304.959 -37.540
6305.976 -37.608
6306.993 -37.519
6308.010 -37.525
6309.027 -37.778
6310.044 -37.815
6311.061 -37.758
6312.078 -37.934
6313.096 -38.011
6314.113 -37.910
6315.131 -37.863
6316.147 -37.779
6317.164 -37.738
6318.182 -37.984
6319.199 -38.034
6320.216 -37.947
6321.233 -37.924
6322.251 -37.962
6323.268 -38.048
6324.285 -38.102
6325.302 -38.026
6326.319 -37.927
6327.337 -38.067
6328.354 -38.008
6329.372 -38.035
6330.389 -37.967
6331.406 -38.025
6332.424 -38.040
6333.444 -38.092
6334.461 -38.114
6335.478 -38.189
6336.493 -38.401
6337.508 -38.204
6338.524 -38.121
6339.540 -38.358
6340.557 -38.346
6341.573 -38.422
6342.590 -38.344
6343.607 -38.409
6344.624 -38.187
6345.642 -38.106
6346.659 -38.308
6347.676 -38.173
6348.693 -38.150
6349.710 -38.423
6350.727 -38.513
6351.744 -38.464
6352.761 -38.406
6353.778 -38.522
6354.795 -38.270
6355.812 -38.266
6356.828 -38.245
6357.845 -38.371
6358.862 -38.628
6359.879 -38.500
6360.896 -38.674
6361.913 -38.695
6362.930 -38.497
6363.947 -38.675
6364.965 -38.610
6365.982 -38.778
6366.999 -38.814
6368.016 -38.577
6369.033 -38.476
6370.050 -38.549
6371.067 -38.528
6372.084 -38.421
6373.101 -38.564
6374.118 -38.782
6375.135 -38.737
6376.152 -38.670
6377.169 -38.721
6378.186 -38.805
6379.204 -38.880
6380.221 -38.684
6381.238 -38.595
6382.255 -38.677
6383.272 -38.831
6384.289 -38.696
6385.307 -38.716
6386.324 -38.852
6387.341 -38.804
6388.358 -38.584
6389.375 -38.624
6390.392 -38.674
6391.410 -38.689
6392.426 -38.885
6393.443 -38.896
6394.460 -38.915
6395.477 -38.876
6396.495 -38.869
6397.511 -39.137
6398.528 -38.978
6399.545 -38.909
6400.562 -38.961
6401.579 -39.181
6402.596 -39.054
6403.613 -38.952
6404.630 -38.949
6405.648 -39.053
6406.664 -39.236
6407.682 -39.119
6408.699 -38.913
6409.717 -38.895
6410.733 -39.131
6411.750 -39.015
6412.768 -39.310
6413.785 -39.296
6414.803 -39.430
6415.819 -39.262
6416.836 -39.357
6417.854 -39.307
6418.871 -39.037
6419.888 -38.986
6420.905 -39.246
6421.922 -39.146
6422.939 -39.233
6423.956 -39.387
6424.973 -39.268
6425.990 -39.280
6427.008 -39.298
6428.025 -39.286
6429.043 -39.265
6430.060 -39.384
6431.077 -39.520
6432.095 -39.439
6433.112 -39.331
6434.129 -39.169
6435.146 -39.347
6436.163 -39.484
6437.180 -39.453
6438.197 -39.529
6439.215 -39.402
6440.232 -39.231
6441.249 -39.384
6442.266 -39.408
6443.283 -39.385
6444.300 -39.304
6445.317 -39.398
6446.335 -39.411
6447.352 -39.432
6448.370 -39.665
6449.386 -39.653
6450.404 -39.674
6451.421 -39.657
6452.438 -39.481
6453.455 -39.468
6454.472 -39.361
6455.490 -39.614
6456.507 -39.727
6457.523 -39.723
6458.540 -39.636
6459.558 -39.603
6460.575 -39.755
6461.592 -39.744
6462.609 -39.687
6463.626 -39.643
6464.644 -39.688
6465.661 -39.739
6466.678 -39.828
6467.696 -39.784
6468.713 -39.601
6469.730 -39.726
6470.748 -39.598
6471.765 -39.669
6472.782 -39.860
6473.799 -39.691
6474.812 -39.868
6475.829 -39.730
6476.847 -39.823
6477.864 -39.723
6478.882 -39.721
6479.899 -39.783
6480.916 -40.016
6481.933 -40.027
6482.951 -39.963
6483.968 -39.811
6484.985 -39.712
6486.002 -39.841
6487.019 -39.865
6488.036 -39.992
6489.054 -40.124
6490.071 -40.192
6491.089 -39.937
6492.106 -39.661
6493.124 -39.697
6494.141 -39.815
6495.158 -39.917
6496.175 -40.005
6497.193 -39.963
6498.210 -39.940
6499.227 -40.028
6500.244 -40.145
6501.261 -40.098
6502.279 -40.142
6503.296 -40.204
6504.313 -40.171
6505.330 -40.097
6506.348 -40.125
6507.365 -40.140
6508.383 -40.132
6509.401 -40.034
6510.418 -40.070
6511.435 -40.016
6512.452 -40.098
6513.469 -40.155
6514.487 -40.225
6515.505 -40.154
6516.523 -40.059
6517.539 -40.301
6518.554 -40.436
6519.569 -40.342
6520.584 -40.146
6521.601 -40.071
6522.617 -40.171
6523.633 -40.294
6524.651 -40.475
6525.667 -40.256
6526.684 -40.229
6527.700 -40.383
6528.717 -40.613
6529.734 -40.360
6530.751 -40.507
6531.768 -40.535
6532.785 -40.599
6533.802 -40.657
6534.818 -40.501
6535.835 -40.532
6536.851 -40.506
6537.868 -40.462
6538.885 -40.730
6539.902 -40.712
6540.918 -40.791
6541.932 -40.612
6542.949 -40.532
6543.966 -40.556
6544.983 -40.842
6546.000 -40.778
6547.016 -40.867
6548.033 -40.935
6549.050 -40.985
6550.067 -40.979
6551.084 -40.909
6552.100 -40.791
6553.117 -40.773
6554.134 -40.894
6555.152 -40.966
6556.169 -40.937
6557.186 -40.961
6558.203 -40.975
6559.220 -41.101
6560.236 -41.138
6561.253 -41.124
6562.270 -41.164
6563.287 -41.221
6564.305 -41.331
6565.322 -41.269
6566.339 -41.244
6567.357 -41.355
6568.373 -41.334
6569.390 -41.180
6570.407 -41.254
6571.424 -41.412
6572.441 -41.409
6573.458 -41.451
6574.475 -41.411
6575.492 -41.564
6576.509 -41.389
6577.526 -41.412
6578.542 -41.516
6579.560 -41.623
6580.576 -41.627
6581.594 -41.534
6582.611 -41.445
6583.628 -41.535
6584.645 -41.598
6585.662 -41.640
6586.680 -41.372
6587.697 -41.582
6588.715 -41.400
6589.731 -41.408
6590.749 -41.749
6591.766 -41.757
6592.783 -41.679
6593.800 -41.624
6594.817 -41.780
6595.834 -41.705
6596.851 -41.854
6597.867 -41.748
6598.884 -41.834
6599.901 -42.066
6600.919 -42.147
6601.935 -41.863
6602.953 -41.943
6603.970 -42.068
6604.987 -41.983
6606.004 -41.973
6607.021 -42.093
6608.038 -42.115
6609.057 -42.047
6610.074 -42.113
6611.092 -42.262
6612.109 -42.377
6613.127 -42.378
6614.144 -42.263
6615.160 -42.327
6616.178 -42.350
6617.195 -42.326
6618.212 -42.467
6619.230 -42.538
6620.247 -42.418
6621.264 -42.418
6622.282 -42.575
6623.299 -42.679
6624.316 -42.561
6625.333 -42.424
6626.351 -42.518
6627.367 -42.611
6628.384 -42.702
6629.401 -42.662
6630.419 -42.739
6631.436 -42.827
6632.453 -42.784
6633.470 -42.756
6634.487 -42.856
6635.504 -42.874
6636.521 -42.883
6637.538 -43.000
6638.555 -42.894
6639.573 -42.849
6640.590 -42.894
6641.607 -43.188
6642.624 -43.105
6643.642 -42.952
6644.659 -43.224
6645.677 -43.078
6646.694 -43.220
6647.712 -43.448
6648.729 -43.376
6649.746 -43.107
6650.763 -43.033
6651.780 -43.344
6652.797 -43.281
6653.814 -43.434
6654.831 -43.362
6655.849 -43.367
6656.866 -43.407
6657.884 -43.372
6658.900 -43.404
6659.917 -43.498
6660.934 -43.493
6661.952 -43.468
6662.969 -43.494
6663.986 -43.760
6665.003 -43.761
6666.020 -43.633
6667.038 -43.548
6668.056 -43.747
6669.073 -43.855
6670.090 -43.836
6671.107 -43.766
6672.124 -43.734
6673.141 -43.777
6674.158 -43.936
6675.176 -44.061
6676.193 -44.072
6677.211 -43.948
6678.228 -43.871
6679.245 -43.929
6680.262 -43.927
6681.279 -44.051
6682.297 -44.057
6683.314 -43.983
6684.332 -43.960
6685.349 -44.144
6686.366 -44.139
6687.384 -44.250
6688.400 -44.312
6689.418 -44.187
6690.435 -44.238
6691.452 -44.368
6692.469 -44.361
6693.487 -44.480
6694.504 -44.515
6695.522 -44.451
6696.539 -44.441
6697.557 -44.580
6698.573 -44.503
6699.591 -44.570
6700.608 -44.580
6701.625 -44.738
6702.643 -44.515
6703.661 -44.460
6704.677 -44.662
6705.692 -44.583
6706.707 -44.623
6707.723 -44.902
6708.739 -44.626
6709.755 -44.787
6710.772 -44.897
6711.788 -44.742
6712.805 -44.905
6713.823 -44.946
6714.840 -44.867
6715.857 -44.993
6716.874 -45.185
6717.891 -45.169
6718.908 -45.058
6719.925 -44.979
6720.942 -45.077
6721.959 -44.979
6722.976 -45.012
6723.993 -45.151
6725.010 -45.212
6726.027 -45.023
6727.044 -45.073
6728.060 -45.169
6729.078 -45.471
6730.094 -45.412
6731.111 -45.350
6732.129 -45.444
6733.146 -45.576
6734.162 -45.565
6735.180 -45.578
6736.197 -45.569
6737.214 -45.515
6738.231 -45.378
6739.248 -45.587
6740.265 -45.760
6741.283 -45.658
6742.300 -45.652
6743.318 -45.711
6744.335 -45.760
6745.352 -45.736
6746.370 -45.863
6747.387 -45.942
6748.404 -45.897
6749.421 -45.753
6750.438 -45.721
6751.455 -45.825
6752.473 -45.858
6753.490 -45.913
6754.507 -45.864
6755.524 -46.006
6756.542 -45.958
6757.555 -46.131
6758.573 -46.218
6759.590 -46.425
6760.607 -46.249
6761.623 -46.198
6762.641 -46.240
6763.658 -46.191
6764.676 -46.130
6765.693 -46.465
6766.709 -46.366
6767.727 -46.394
6768.744 -46.178
6769.761 -46.195
6770.778 -46.456
6771.796 -46.500
6772.813 -46.399
6773.829 -46.544
6774.846 -46.490
6775.864 -46.412
6776.880 -46.344
6777.898 -46.639
6778.915 -46.692
6779.932 -46.589
6780.949 -46.522
6781.967 -46.581
6782.984 -46.746
6784.001 -46.719
6785.018 -46.664
6786.035 -46.617
6787.053 -46.744
6788.070 -46.736
6789.087 -46.855
6790.105 -46.974
6791.122 -46.946
6792.139 -46.823
6793.157 -46.829
6794.174 -46.881
6795.191 -46.882
6796.209 -46.969
6797.226 -47.125
6798.243 -47.132
6799.261 -47.169
6800.278 -47.069
6801.295 -47.040
6802.313 -46.951
6803.331 -46.925
6804.348 -47.081
6805.365 -47.426
6806.382 -47.470
6807.400 -47.522
6808.417 -47.321
6809.434 -47.360
6810.451 -47.409
6811.468 -47.404
6812.485 -47.499
6813.502 -47.568
6814.520 -47.509
6815.537 -47.383
6816.553 -47.285
6817.571 -47.349
6818.588 -47.632
6819.605 -47.755
6820.622 -47.742
6821.640 -47.725
6822.657 -47.541
6823.674 -47.647
6824.691 -47.514
6825.709 -47.777
6826.726 -47.681
6827.743 -47.897
6828.760 -48.011
6829.778 -48.011
6830.794 -47.892
6831.811 -47.857
6832.828 -47.798
6833.845 -47.862
6834.862 -47.947
6835.879 -47.812
6836.897 -47.926
6837.914 -47.827
6838.932 -47.997
6839.949 -48.089
6840.966 -48.045
6841.984 -47.998
6843.001 -48.093
6844.018 -48.054
6845.035 -47.948
6846.052 -47.991
6847.069 -48.248
6848.086 -48.187
6849.103 -48.116
6850.120 -48.037
6851.137 -48.217
6852.155 -48.343
6853.172 -48.325
6854.189 -48.373
6855.206 -48.428
6856.224 -48.298
6857.241 -48.176
6858.258 -48.178
6859.275 -48.226
6860.292 -48.321
6861.310 -48.484
6862.327 -48.465
6863.344 -48.355
6864.361 -48.290
6865.378 -48.437
6866.396 -48.570
6867.412 -48.719
6868.430 -48.733
6869.447 -48.647
6870.465 -48.538
6871.482 -48.526
6872.500 -48.499
6873.517 -48.652
6874.534 -48.683
6875.551 -48.796
6876.569 -48.636
6877.586 -48.779
6878.604 -48.778
6879.620 -48.727
6880.638 -48.694
6881.655 -48.866
6882.672 -48.771
6883.689 -48.690
6884.707 -48.713
6885.724 -48.632
6886.742 -48.890
6887.759 -48.871
6888.774 -48.879
6889.788 -48.934
6890.804 -48.980
6891.820 -49.044
6892.836 -48.950
6893.853 -49.034
6894.870 -48.982
6895.887 -48.879
6896.904 -48.892
6897.922 -48.910
6898.939 -48.897
6899.955 -48.975
6900.972 -49.040
6901.989 -49.188
6903.006 -49.160
6904.024 -49.010
6905.041 -48.888
6906.058 -48.992
6907.075 -49.142
6908.093 -49.202
6909.110 -49.241
6910.127 -49.093
6911.144 -49.208
6912.161 -49.262
6913.178 -49.125
6914.195 -49.078
6915.213 -49.205
6916.230 -49.178
6917.246 -49.129
6918.263 -49.145
6919.281 -49.312
6920.298 -49.349
6921.315 -49.425
6922.332 -49.412
6923.349 -49.388
6924.367 -49.276
6925.384 -49.359
6926.401 -49.456
6927.419 -49.525
6928.436 -49.300
6929.453 -49.404
6930.470 -49.664
6931.487 -49.497
6932.505 -49.599
6933.522 -49.517
6934.539 -49.546
6935.556 -49.517
6936.574 -49.525
6937.591 -49.527
6938.608 -49.397
6939.625 -49.608
6940.642 -49.643
6941.660 -49.744
6942.677 -49.597
6943.694 -49.732
6944.711 -49.620
6945.729 -49.854
6946.746 -49.590
6947.763 -49.429
6948.780 -49.463
6949.798 -49.699
6950.816 -49.890
6951.833 -49.689
6952.850 -49.675
6953.867 -49.881
6954.884 -49.762
6955.901 -49.606
6956.918 -49.850
6957.935 -49.908
6958.952 -49.827
6959.969 -50.020
6960.987 -49.946
6962.005 -50.082
6963.022 -49.903
6964.039 -49.992
6965.056 -50.140
6966.073 -50.032
6967.090 -49.814
6968.107 -49.937
6969.125 -49.913
6970.141 -49.986
6971.158 -50.062
6972.175 -49.997
6973.193 -50.059
6974.210 -50.091
6975.227 -49.879
6976.244 -49.983
6977.261 -50.190
6978.277 -50.231
6979.295 -50.122
6980.312 -50.096
6981.329 -50.167
6982.346 -50.196
6983.363 -50.201
6984.380 -50.139
6985.397 -50.171
6986.414 -50.406
6987.432 -50.413
6988.449 -50.280
6989.466 -50.187
6990.482 -50.197
6991.500 -50.352
6992.517 -50.457
6993.535 -50.432
6994.552 -50.511
6995.569 -50.485
6996.586 -50.625
6997.603 -50.575
6998.620 -50.531
6999.637 -50.330
7000.655 -50.454
7001.672 -50.633
7002.690 -50.780
7003.707 -50.924
7004.724 -51.097
7005.741 -51.247
7006.758 -51.414
7007.775 -51.593
7008.792 -51.722
7009.809 -51.913
7010.827 -52.046
7011.844 -52.209
7012.861 -52.367
7013.878 -52.530
7014.896 -50.830
7015.915 -50.502
7016.932 -50.660
7017.949 -50.727
7018.966 -50.822
7019.984 -51.014
7021.001 -50.989
7022.018 -50.865
7023.035 -50.918
7024.053 -50.928
