0.000 -4.868
0.116 -4.830
0.233 -4.826
0.349 -4.800
0.465 -4.772
0.583 -4.778
0.700 -4.720
0.817 -4.698
0.934 -4.695
1.051 -4.654
1.167 -4.670
1.284 -4.593
1.401 -4.551
1.518 -4.526
1.635 -4.498
1.752 -4.426
1.869 -4.440
1.985 -4.454
2.102 -4.436
2.219 -4.419
2.336 -4.348
2.454 -4.319
2.571 -4.313
2.689 -4.291
2.806 -4.274
2.923 -4.241
3.040 -4.213
3.157 -4.203
3.274 -4.181
3.391 -4.204
3.508 -4.150
3.625 -4.136
3.742 -4.168
3.859 -4.144
3.976 -4.132
4.094 -4.131
4.211 -4.153
4.328 -4.237
4.445 -4.279
4.562 -4.310
4.679 -4.350
4.796 -4.351
4.913 -4.436
5.030 -4.449
5.147 -4.493
5.264 -4.527
5.382 -4.564
5.497 -4.544
5.614 -4.613
5.731 -4.653
5.848 -4.655
5.965 -4.683
6.083 -4.740
6.200 -4.710
6.317 -4.693
6.434 -4.731
6.551 -4.700
6.668 -4.670
6.785 -4.667
6.902 -4.690
7.019 -4.659
7.136 -4.656
7.253 -4.687
7.370 -4.656
7.487 -4.657
7.604 -4.685
7.721 -4.676
7.838 -4.717
7.955 -4.719
8.072 -4.704
8.190 -4.718
8.307 -4.709
8.423 -4.751
8.539 -4.731
8.656 -4.753
8.774 -4.755
8.891 -4.732
9.008 -4.746
9.125 -4.732
9.243 -4.757
9.360 -4.713
9.477 -4.721
9.593 -4.724
9.710 -4.744
9.828 -4.771
9.945 -4.768
10.062 -4.727
10.179 -4.783
10.296 -4.812
10.413 -4.818
10.530 -4.866
10.647 -4.894
10.765 -4.927
10.882 -4.950
10.999 -5.028
11.116 -5.033
11.233 -5.104
11.350 -5.098
11.467 -5.171
12.484 -5.407
13.501 -5.511
14.518 -5.819
15.534 -6.016
16.552 -6.358
17.568 -6.654
18.585 -6.862
19.602 -7.214
20.619 -7.578
21.636 -7.842
22.653 -8.064
23.670 -8.343
24.687 -8.751
25.704 -9.096
26.722 -9.475
27.739 -9.733
28.756 -9.932
29.773 -10.167
30.790 -10.335
31.808 -10.650
32.825 -11.239
33.842 -11.583
34.860 -11.855
35.877 -12.082
36.894 -12.218
37.911 -12.594
38.929 -13.133
39.946 -13.474
40.963 -13.778
41.980 -14.033
42.997 -14.153
44.014 -14.571
45.031 -14.752
46.049 -15.213
47.066 -15.521
48.083 -16.107
49.100 -16.290
50.118 -16.659
51.135 -16.865
52.153 -17.265
53.171 -17.346
54.188 -17.531
55.206 -17.936
56.223 -18.505
57.240 -18.645
58.257 -18.965
59.274 -19.418
60.291 -19.891
61.308 -20.224
62.325 -20.476
63.343 -20.724
64.360 -20.940
65.377 -21.414
66.395 -21.857
67.412 -22.106
68.428 -22.267
69.446 -22.470
70.462 -22.884
71.480 -23.199
72.497 -23.660
73.514 -23.916
74.532 -23.994
75.549 -24.153
76.566 -24.575
77.583 -25.050
78.600 -25.338
79.618 -25.645
80.634 -26.008
81.652 -26.365
82.669 -26.633
83.686 -26.944
84.704 -27.308
85.722 -27.688
86.738 -28.069
87.756 -28.286
88.772 -28.442
89.790 -28.845
90.808 -29.177
91.825 -29.598
92.842 -29.805
93.860 -30.299
94.877 -30.551
95.894 -30.887
96.911 -31.213
97.929 -31.574
98.946 -31.979
99.963 -32.216
100.981 -32.497
101.999 -32.883
103.016 -32.925
104.033 -33.355
105.051 -33.805
106.068 -33.865
107.085 -34.264
108.103 -34.617
109.121 -34.964
110.138 -35.116
111.154 -35.319
112.172 -35.672
113.189 -35.892
114.206 -36.202
115.224 -36.768
116.241 -37.160
117.258 -37.284
118.276 -37.721
119.293 -38.198
120.311 -38.375
121.328 -38.656
122.345 -38.968
123.362 -39.015
124.380 -39.385
125.397 -39.852
126.414 -40.109
127.432 -40.368
128.448 -40.717
129.465 -41.110
130.482 -41.452
131.499 -41.737
132.516 -41.931
133.533 -42.222
134.551 -42.543
135.568 -42.617
136.586 -42.965
137.603 -43.480
138.620 -43.816
139.638 -44.226
140.655 -44.625
141.672 -45.081
142.689 -45.458
143.706 -45.909
144.724 -46.308
145.741 -46.566
146.758 -46.932
147.776 -47.163
148.793 -47.483
149.810 -48.001
150.827 -48.525
151.845 -48.867
152.862 -49.116
153.880 -49.551
154.898 -50.078
155.915 -50.479
156.932 -50.844
157.949 -51.074
158.967 -51.202
159.984 -51.474
161.001 -51.857
162.018 -52.358
163.036 -52.917
164.053 -53.194
165.070 -53.750
166.087 -54.156
167.104 -54.402
168.121 -54.683
169.139 -55.211
170.156 -55.459
171.173 -55.636
172.190 -56.267
173.208 -56.699
174.225 -56.868
175.242 -57.223
176.259 -57.479
177.276 -57.890
178.294 -58.321
179.311 -58.746
180.327 -58.991
181.345 -59.296
182.362 -59.707
183.379 -60.271
184.396 -60.634
185.414 -60.920
186.432 -61.197
187.450 -61.642
188.466 -62.171
189.482 -62.541
190.498 -62.772
191.513 -63.042
192.529 -63.364
193.546 -63.937
194.563 -64.419
195.581 -64.733
196.598 -64.936
197.615 -65.199
198.632 -65.555
199.649 -65.820
200.666 -66.214
201.683 -66.673
202.700 -66.942
203.717 -67.330
204.734 -67.801
205.752 -68.291
206.769 -68.429
207.786 -68.641
208.803 -68.991
209.821 -69.228
210.838 -69.401
211.855 -69.654
212.872 -69.992
213.889 -70.274
214.906 -70.530
215.924 -70.812
216.942 -71.164
217.959 -71.651
218.976 -71.770
219.993 -72.075
221.010 -72.238
222.027 -72.565
223.044 -72.689
224.061 -73.087
225.078 -73.452
226.095 -73.752
227.112 -73.949
228.130 -74.238
229.147 -74.659
230.164 -74.729
231.182 -74.814
232.199 -75.203
233.215 -75.433
234.232 -75.487
235.250 -75.603
236.267 -75.811
237.284 -76.276
238.301 -76.651
239.319 -76.959
240.337 -77.017
241.353 -77.086
242.370 -77.154
243.388 -77.499
244.405 -77.578
245.422 -77.934
246.439 -78.168
247.456 -78.247
248.473 -78.532
249.491 -78.820
250.508 -78.874
251.525 -78.912
252.541 -79.268
253.559 -79.727
254.576 -79.995
255.593 -80.059
256.611 -80.109
257.629 -80.427
258.646 -80.869
259.663 -81.093
260.680 -81.148
261.697 -81.138
262.714 -81.280
263.732 -81.675
264.749 -82.110
265.766 -82.174
266.783 -82.244
267.801 -82.465
268.818 -82.650
269.836 -82.782
270.853 -82.994
271.870 -83.272
272.888 -83.243
273.905 -83.397
274.923 -83.808
275.940 -83.904
276.957 -84.301
277.975 -84.502
278.992 -84.532
280.010 -84.480
281.026 -84.750
282.044 -85.173
283.062 -85.423
284.079 -85.395
285.096 -85.510
286.115 -85.625
287.132 -85.678
288.150 -86.157
289.167 -86.327
290.185 -86.372
291.201 -86.841
292.219 -86.989
293.236 -86.920
294.254 -87.221
295.271 -87.163
296.289 -87.303
297.306 -87.627
298.324 -88.016
299.341 -88.158
300.359 -88.220
301.376 -88.468
302.393 -88.781
303.411 -88.783
304.428 -88.791
305.446 -88.938
306.463 -89.248
307.480 -89.478
308.497 -89.782
309.515 -89.997
310.531 -90.219
311.549 -90.442
312.566 -90.612
313.583 -90.643
314.600 -90.618
315.617 -90.865
316.634 -91.137
317.652 -91.437
318.669 -91.593
319.687 -91.623
320.704 -91.808
321.721 -91.945
322.739 -92.218
323.756 -92.533
324.774 -92.649
325.791 -92.863
326.808 -92.999
327.825 -93.112
328.843 -93.384
329.861 -93.613
330.878 -93.742
331.896 -93.716
332.913 -93.923
333.931 -93.977
334.948 -94.310
335.966 -94.505
336.982 -94.507
338.000 -94.866
339.018 -94.990
340.035 -95.182
341.052 -95.330
342.069 -95.727
343.087 -95.669
344.104 -96.135
345.121 -96.074
346.139 -96.387
347.156 -96.655
348.173 -96.742
349.191 -96.700
350.208 -96.746
351.225 -97.073
352.243 -97.298
353.260 -97.758
354.277 -97.917
355.295 -97.991
356.312 -98.055
357.330 -98.327
358.347 -98.311
359.364 -98.426
360.381 -98.588
361.398 -98.704
362.416 -98.879
363.433 -99.220
364.451 -99.643
365.468 -99.619
366.486 -99.678
367.504 -99.862
368.524 -100.092
369.539 -100.321
370.557 -100.509
371.574 -100.662
372.590 -101.022
373.606 -101.189
374.623 -101.355
375.640 -101.337
376.657 -101.345
377.674 -101.680
378.691 -101.768
379.708 -101.791
380.725 -102.136
381.742 -102.483
382.760 -102.447
383.777 -102.506
384.794 -102.700
385.811 -103.059
386.828 -103.337
387.845 -103.493
388.862 -103.553
389.880 -103.555
390.896 -103.716
391.913 -104.011
392.929 -104.072
393.947 -104.266
394.964 -104.334
395.981 -104.744
396.998 -104.982
398.015 -105.003
399.031 -105.137
400.049 -105.303
401.065 -105.510
402.083 -105.776
403.101 -105.889
404.118 -105.985
405.135 -106.151
406.152 -106.113
407.169 -106.355
408.186 -106.566
409.203 -106.867
410.220 -107.150
411.237 -107.149
412.254 -107.389
413.271 -107.649
414.288 -107.566
415.305 -107.939
416.322 -108.180
417.339 -108.216
418.356 -108.174
419.373 -108.164
420.390 -108.361
421.408 -108.569
422.425 -108.659
423.443 -108.863
424.460 -108.834
425.477 -108.944
426.495 -109.042
427.512 -109.115
428.529 -109.361
429.546 -109.494
430.564 -109.592
431.581 -109.547
432.598 -109.650
433.616 -109.842
434.633 -110.062
435.650 -110.162
436.668 -110.135
437.685 -110.316
438.702 -110.501
439.719 -110.473
440.737 -110.549
441.754 -110.782
442.772 -110.997
443.789 -111.104
444.807 -111.140
445.824 -111.122
446.841 -111.403
447.859 -111.408
448.876 -111.450
449.893 -111.745
450.911 -111.983
451.928 -111.922
452.946 -112.083
453.963 -112.193
454.980 -112.275
455.997 -112.526
457.014 -112.522
458.032 -112.399
459.049 -112.548
460.067 -112.818
461.084 -112.976
462.101 -113.044
463.118 -113.138
464.135 -113.455
465.152 -113.545
466.169 -113.522
467.186 -113.807
468.203 -113.983
469.220 -113.871
470.237 -113.955
471.255 -114.071
472.273 -114.131
473.290 -114.429
474.308 -114.554
475.325 -114.468
476.343 -114.614
477.360 -114.777
478.377 -115.121
479.395 -115.305
480.412 -115.395
481.429 -115.191
482.447 -115.291
483.464 -115.278
484.481 -115.549
485.499 -115.656
486.516 -115.903
487.533 -116.056
488.551 -116.241
489.569 -116.352
490.587 -116.360
491.604 -116.411
492.621 -116.555
493.639 -116.705
494.656 -116.699
495.673 -116.748
496.690 -116.944
497.707 -117.115
498.725 -117.253
499.742 -117.308
500.760 -117.306
501.777 -117.362
502.793 -117.472
503.811 -117.726
504.828 -117.912
505.846 -118.065
506.863 -118.117
507.880 -118.113
508.897 -118.188
509.915 -118.353
510.932 -118.325
511.949 -118.667
512.967 -118.823
513.984 -119.028
515.001 -119.254
516.019 -119.109
517.036 -119.244
518.053 -119.230
519.070 -119.322
520.087 -119.561
521.104 -119.852
522.121 -119.841
523.138 -119.788
524.155 -120.029
525.173 -120.020
526.190 -119.952
527.208 -120.171
528.225 -120.144
529.242 -120.067
530.259 -120.069
531.276 -120.058
532.294 -120.158
533.312 -120.367
534.329 -120.572
535.346 -120.623
536.364 -120.460
537.380 -120.506
538.398 -120.658
539.415 -120.653
540.433 -120.685
541.450 -120.690
542.467 -120.886
543.485 -121.157
544.502 -121.156
545.520 -121.056
546.538 -120.987
547.556 -121.262
548.573 -121.375
549.589 -121.206
550.604 -121.004
551.619 -121.022
552.635 -121.200
553.652 -121.353
554.669 -121.450
555.686 -121.391
556.703 -121.374
557.720 -121.565
558.737 -121.603
559.754 -121.623
560.772 -121.780
561.789 -121.750
562.805 -121.735
563.822 -121.783
564.840 -121.831
565.857 -121.976
566.873 -122.051
567.890 -122.226
568.907 -122.206
569.924 -122.069
570.941 -122.079
571.959 -122.109
572.976 -122.375
573.993 -122.321
575.010 -122.277
576.027 -122.305
577.045 -122.286
578.062 -122.338
579.079 -122.692
580.096 -122.720
581.113 -122.562
582.130 -122.428
583.148 -122.570
584.164 -122.739
585.181 -122.820
586.198 -122.794
587.216 -122.740
588.233 -122.947
589.250 -122.757
590.267 -122.817
591.284 -122.855
592.301 -122.957
593.319 -123.202
594.336 -123.198
595.353 -123.130
596.370 -123.077
597.387 -122.992
598.405 -123.092
599.422 -123.248
600.439 -123.269
601.456 -123.267
602.474 -123.372
603.491 -123.375
604.508 -123.591
605.525 -123.770
606.542 -123.653
607.559 -123.614
608.576 -123.825
609.589 -123.833
610.606 -123.713
611.623 -123.714
612.640 -123.953
613.657 -124.131
614.675 -124.211
615.692 -124.266
616.710 -124.294
617.726 -124.203
618.744 -124.305
619.761 -124.383
620.779 -124.310
621.796 -124.376
622.814 -124.428
623.830 -124.637
624.848 -124.761
625.865 -124.721
626.882 -124.673
627.899 -124.729
628.916 -124.709
629.933 -124.785
630.950 -124.684
631.967 -124.777
632.984 -124.601
634.002 -124.598
635.019 -124.595
636.036 -124.707
637.053 -124.555
638.070 -124.806
639.088 -124.687
640.105 -124.716
641.123 -124.567
642.140 -124.519
643.157 -124.709
644.174 -124.794
645.191 -124.776
646.208 -124.805
647.225 -124.915
648.242 -124.773
649.260 -124.472
650.277 -124.480
651.294 -124.552
652.311 -124.767
653.329 -124.789
654.346 -124.840
655.364 -124.810
656.381 -124.909
657.398 -124.692
658.415 -124.879
659.433 -124.943
660.450 -124.904
661.467 -124.919
662.484 -124.676
663.502 -124.531
664.519 -124.542
665.536 -124.764
666.553 -124.729
667.570 -124.636
668.587 -124.820
669.604 -124.752
670.621 -124.688
671.639 -124.796
672.657 -124.826
673.674 -124.695
674.692 -124.566
675.709 -124.554
676.725 -124.665
677.743 -124.643
678.760 -124.482
679.778 -124.481
680.795 -124.623
681.812 -124.601
682.829 -124.599
683.846 -124.568
684.863 -124.625
685.880 -124.708
686.897 -124.548
687.915 -124.669
688.932 -124.640
689.949 -124.461
690.967 -124.438
691.984 -124.579
693.001 -124.703
694.018 -124.571
695.036 -124.613
696.053 -124.572
697.071 -124.733
698.088 -124.711
699.106 -124.652
700.124 -124.863
701.141 -124.620
702.159 -124.565
703.176 -124.533
704.193 -124.577
705.210 -124.634
706.228 -124.708
707.246 -124.605
708.262 -124.840
709.280 -124.785
710.297 -124.804
711.315 -124.676
712.331 -124.677
713.349 -124.441
714.366 -124.477
715.383 -124.590
716.401 -124.519
717.418 -124.660
718.436 -124.596
719.453 -124.681
720.470 -124.655
721.487 -124.714
722.504 -124.670
723.521 -124.688
724.539 -124.626
725.556 -124.403
726.573 -124.510
727.591 -124.657
728.608 -124.542
729.626 -124.489
730.644 -124.593
731.660 -124.600
732.675 -124.495
733.690 -124.590
734.706 -124.657
735.723 -124.540
736.739 -124.658
737.757 -124.606
738.774 -124.592
739.791 -124.759
740.808 -124.654
741.825 -124.571
742.842 -124.606
743.858 -124.699
744.875 -124.722
745.893 -124.692
746.909 -124.655
747.926 -124.494
748.943 -124.522
749.960 -124.609
750.977 -124.565
751.994 -124.605
753.011 -124.747
754.029 -124.553
755.047 -124.382
756.063 -124.542
757.081 -124.501
758.098 -124.448
759.115 -124.696
760.133 -124.622
761.150 -124.566
762.167 -124.532
763.185 -124.537
764.202 -124.688
765.219 -124.638
766.235 -124.646
767.252 -124.426
768.269 -124.493
769.287 -124.662
770.304 -124.641
771.321 -124.634
772.338 -124.436
773.356 -124.463
774.373 -124.406
775.390 -124.645
776.407 -124.557
777.424 -124.413
778.442 -124.383
779.459 -124.429
780.476 -124.657
781.493 -124.667
782.511 -124.525
783.528 -124.532
784.545 -124.404
785.562 -124.476
786.580 -124.590
787.596 -124.511
788.613 -124.367
789.630 -124.362
790.647 -124.530
791.664 -124.542
792.681 -124.545
793.699 -124.554
794.716 -124.533
795.734 -124.351
796.751 -124.265
797.768 -124.411
798.784 -124.489
799.803 -124.558
800.820 -124.516
801.838 -124.502
802.855 -124.393
803.873 -124.437
804.889 -124.338
805.906 -124.514
806.923 -124.476
807.940 -124.503
808.958 -124.679
809.975 -124.723
810.992 -124.708
812.010 -124.379
813.027 -124.570
814.044 -124.836
815.061 -124.582
816.079 -124.656
817.096 -124.534
818.113 -124.357
819.130 -124.615
820.147 -124.632
821.165 -124.813
822.182 -124.574
823.200 -124.748
824.217 -124.641
825.234 -124.711
826.251 -124.563
827.268 -124.686
828.286 -124.658
829.303 -124.757
830.321 -124.716
831.338 -124.811
832.355 -124.779
833.373 -124.752
834.390 -124.894
835.408 -124.877
836.425 -124.884
837.442 -124.955
838.460 -125.029
839.476 -125.037
840.494 -124.838
841.511 -124.868
842.528 -124.915
843.545 -125.126
844.563 -125.215
845.580 -125.094
846.598 -125.031
847.615 -125.050
848.633 -125.157
849.650 -125.285
850.668 -125.239
851.685 -125.206
852.702 -125.227
853.719 -125.328
854.737 -125.518
855.754 -125.455
856.772 -125.375
857.789 -125.322
858.805 -125.361
859.824 -125.423
860.841 -125.547
861.859 -125.591
862.876 -125.628
863.893 -125.577
864.911 -125.564
865.928 -125.627
866.946 -125.763
867.963 -125.570
868.980 -125.635
869.997 -125.867
871.014 -125.825
872.032 -125.788
873.049 -125.996
874.066 -125.816
875.083 -126.064
876.101 -126.009
877.118 -125.868
878.136 -126.189
879.156 -126.353
880.173 -126.296
881.190 -126.128
882.207 -126.209
883.224 -126.411
884.241 -126.275
885.258 -126.192
886.275 -126.301
887.293 -126.338
888.310 -126.333
889.327 -126.518
890.344 -126.766
891.361 -126.726
892.379 -126.672
893.396 -126.763
894.413 -126.798
895.431 -126.801
896.448 -126.597
897.465 -126.565
898.482 -126.756
899.500 -126.888
900.518 -126.903
901.535 -126.992
902.552 -126.895
903.570 -126.998
904.587 -127.004
905.604 -126.992
906.621 -127.086
907.639 -127.281
908.656 -127.203
909.674 -127.184
910.692 -127.217
911.711 -127.045
912.726 -127.144
913.742 -127.374
914.758 -127.422
915.774 -127.328
916.791 -127.530
917.808 -127.606
918.826 -127.572
919.842 -127.701
920.859 -127.622
921.875 -127.631
922.893 -127.643
923.910 -127.731
924.926 -127.769
925.944 -127.854
926.961 -127.856
927.978 -127.788
928.995 -127.788
930.012 -127.767
931.029 -127.862
932.046 -128.016
933.063 -127.958
934.079 -128.223
935.097 -128.348
936.114 -128.320
937.131 -128.170
938.148 -128.195
939.165 -128.102
940.182 -128.078
941.200 -128.373
942.217 -128.422
943.234 -128.582
944.252 -128.178
945.268 -128.195
946.286 -128.393
947.303 -128.377
948.320 -128.306
949.337 -128.316
950.354 -128.659
951.370 -128.646
952.387 -128.441
953.404 -128.416
954.422 -128.648
955.438 -128.810
956.455 -128.719
957.473 -128.580
958.490 -128.585
959.507 -128.489
960.524 -128.596
961.541 -128.762
962.558 -128.842
963.576 -128.835
964.593 -128.817
965.611 -129.020
966.628 -128.948
967.646 -128.838
968.663 -128.876
969.679 -128.986
970.696 -128.935
971.714 -128.890
972.731 -128.979
973.748 -129.063
974.765 -129.201
975.782 -129.119
976.800 -129.031
977.817 -129.210
978.835 -129.429
979.852 -129.393
980.869 -129.211
981.887 -129.104
982.904 -129.216
983.922 -129.500
984.939 -129.395
985.956 -129.308
986.973 -129.259
987.990 -129.368
989.007 -129.434
990.024 -129.553
991.041 -129.652
992.058 -129.772
993.075 -129.503
994.092 -129.699
995.109 -129.664
996.127 -129.407
997.144 -129.390
998.162 -129.341
999.179 -129.563
1000.194 -129.758
1001.211 -129.743
1002.228 -129.635
1003.246 -129.846
1004.263 -129.680
1005.280 -129.634
1006.297 -129.718
1007.311 -129.861
1008.328 -129.852
1009.345 -129.841
1010.363 -129.847
1011.380 -129.965
1012.397 -129.973
1013.414 -129.870
1014.431 -129.849
1015.448 -130.036
1016.466 -129.890
1017.482 -130.114
1018.500 -130.186
1019.517 -130.234
1020.534 -130.110
1021.552 -129.866
1022.569 -129.793
1023.587 -129.938
1024.603 -130.160
1025.621 -130.197
1026.638 -130.143
1027.656 -130.297
1028.672 -130.375
1029.690 -130.320
1030.707 -130.281
1031.725 -130.385
1032.742 -130.281
1033.759 -130.223
1034.776 -130.137
1035.793 -130.274
1036.810 -130.182
1037.828 -130.065
1038.844 -130.141
1039.862 -130.246
1040.880 -130.221
1041.897 -130.225
1042.915 -130.242
1043.933 -130.231
1044.950 -130.373
1045.967 -130.463
1046.985 -130.237
1048.002 -130.137
1049.018 -130.192
1050.035 -130.425
1051.053 -130.509
1052.070 -130.362
1053.086 -130.432
1054.104 -130.505
1055.122 -130.234
1056.139 -130.263
1057.156 -130.370
1058.174 -130.371
1059.191 -130.549
1060.208 -130.588
1061.226 -130.565
1062.244 -130.697
1063.261 -130.614
1064.278 -130.408
1065.295 -130.512
1066.312 -130.650
1067.329 -130.470
1068.347 -130.454
1069.364 -130.578
1070.382 -130.741
1071.399 -130.867
1072.416 -130.846
1073.434 -130.730
1074.451 -130.571
1075.469 -130.571
1076.486 -130.619
1077.504 -130.713
1078.521 -130.528
1079.538 -130.593
1080.556 -130.719
1081.574 -130.846
1082.591 -131.018
1083.608 -131.037
1084.625 -130.901
1085.642 -130.968
1086.660 -131.015
1087.677 -131.076
1088.694 -130.953
1089.712 -130.899
1090.729 -131.028
1091.746 -130.898
1092.764 -130.948
1093.782 -131.004
1094.798 -131.005
1095.813 -130.785
1096.829 -130.658
1097.845 -130.862
1098.861 -130.834
1099.878 -130.654
1100.895 -130.797
1101.912 -130.805
1102.929 -131.000
1103.946 -131.052
1104.962 -130.974
1105.979 -130.924
1106.996 -130.774
1108.013 -130.870
1109.030 -130.828
1110.047 -131.059
1111.064 -131.005
1112.081 -131.138
1113.099 -130.964
1114.116 -130.929
1115.133 -130.905
1116.150 -131.101
1117.167 -130.947
1118.184 -131.184
1119.201 -131.090
1120.217 -130.990
1121.235 -130.865
1122.252 -130.654
1123.269 -130.778
1124.285 -130.939
1125.303 -130.996
1126.319 -130.874
1127.337 -131.077
1128.355 -131.055
1129.371 -130.889
1130.388 -130.972
1131.405 -130.861
1132.422 -130.875
1133.439 -130.880
1134.456 -130.959
1135.473 -130.775
1136.490 -130.815
1137.508 -131.057
1138.525 -131.173
1139.542 -131.212
1140.559 -130.970
1141.577 -130.787
1142.594 -130.808
1143.612 -130.966
1144.629 -131.008
1145.646 -130.966
1146.663 -130.878
1147.681 -130.909
1148.697 -130.980
1149.715 -130.959
1150.732 -131.106
1151.750 -131.177
1152.767 -130.996
1153.784 -130.899
1154.801 -130.888
1155.819 -130.933
1156.836 -131.018
1157.853 -131.134
1158.870 -131.157
1159.887 -131.154
1160.904 -131.222
1161.921 -131.227
1162.939 -131.172
1163.956 -131.073
1164.973 -130.972
1165.991 -130.958
1167.008 -131.023
1168.025 -131.197
1169.042 -131.177
1170.059 -131.070
1171.076 -131.177
1172.093 -131.219
1173.110 -131.196
1174.128 -131.151
1175.145 -131.081
1176.163 -131.086
1177.180 -130.975
1178.197 -131.111
1179.215 -131.056
1180.232 -131.120
1181.250 -131.304
1182.267 -131.200
1183.284 -131.198
1184.301 -131.219
1185.319 -131.226
1186.336 -131.147
1187.353 -131.030
1188.370 -131.020
1189.387 -131.255
1190.404 -131.220
1191.421 -131.268
1192.437 -131.148
1193.454 -131.101
1194.472 -131.141
1195.489 -131.317
1196.507 -131.328
1197.524 -131.206
1198.542 -131.235
1199.559 -131.069
1200.576 -131.133
1201.593 -131.216
1202.610 -131.043
1203.627 -131.034
1204.643 -131.101
1205.660 -131.221
1206.677 -131.411
1207.694 -131.439
1208.712 -131.261
1209.730 -131.350
1210.747 -131.388
1211.764 -131.343
1212.782 -131.210
1213.799 -131.163
1214.817 -131.206
1215.834 -131.210
1216.852 -131.368
1217.869 -131.365
1218.885 -131.373
1219.902 -131.214
1220.919 -131.252
1221.936 -131.462
1222.953 -131.291
1223.971 -131.328
1224.989 -131.141
1226.006 -131.018
1227.023 -130.969
1228.040 -131.049
1229.057 -131.078
1230.074 -131.266
1231.092 -131.233
1232.109 -131.121
1233.126 -131.189
1234.144 -131.156
1235.161 -131.285
1236.178 -131.337
1237.196 -131.353
1238.213 -131.282
1239.230 -131.486
1240.248 -131.658
1241.265 -131.388
1242.282 -131.215
1243.300 -131.432
1244.317 -131.360
1245.334 -131.301
1246.351 -131.315
1247.368 -131.279
1248.386 -131.293
1249.404 -131.226
1250.421 -131.356
1251.439 -131.409
1252.456 -131.465
1253.473 -131.539
1254.491 -131.533
1255.508 -131.537
1256.525 -131.620
1257.542 -131.502
1258.559 -131.471
1259.578 -131.508
1260.595 -131.357
1261.612 -131.256
1262.629 -131.346
1263.646 -131.477
1264.663 -131.478
1265.681 -131.523
1266.698 -131.578
1267.715 -131.618
1268.733 -131.613
1269.750 -131.493
1270.768 -131.379
1271.785 -131.574
1272.803 -131.628
1273.820 -131.502
1274.839 -131.589
1275.856 -131.731
1276.873 -131.759
1277.888 -131.560
1278.903 -131.456
1279.918 -131.554
1280.935 -131.506
1281.951 -131.524
1282.968 -131.517
1283.985 -131.391
1285.003 -131.486
1286.020 -131.753
1287.037 -131.642
1288.054 -131.514
1289.071 -131.505
1290.088 -131.407
1291.105 -131.853
1292.123 -131.858
1293.139 -131.591
1294.156 -131.669
1295.173 -131.734
1296.190 -131.738
1297.207 -131.702
1298.224 -131.831
1299.241 -131.937
1300.259 -131.980
1301.276 -131.982
1302.293 -132.011
1303.310 -132.068
1304.327 -131.977
1305.342 -132.091
1306.358 -131.953
1307.375 -132.140
1308.392 -132.200
1309.409 -132.168
1310.426 -132.188
1311.443 -131.982
1312.461 -131.948
1313.477 -132.136
1314.494 -132.171
1315.512 -132.210
1316.528 -132.343
1317.546 -132.464
1318.564 -132.286
1319.581 -132.277
1320.598 -132.315
1321.612 -132.423
1322.629 -132.549
1323.646 -132.623
1324.664 -132.557
1325.682 -132.553
1326.699 -132.487
1327.716 -132.482
1328.733 -132.619
1329.751 -132.574
1330.767 -132.636
1331.785 -132.681
1332.802 -132.678
1333.820 -132.702
1334.836 -132.855
1335.854 -132.781
1336.871 -132.627
1337.888 -132.737
1338.905 -132.846
1339.922 -132.900
1340.939 -133.051
1341.957 -133.245
1342.974 -133.220
1343.991 -133.159
1345.008 -132.938
1346.025 -132.980
1347.042 -133.203
1348.060 -133.466
1349.077 -133.383
1350.094 -133.191
1351.111 -133.257
1352.128 -133.367
1353.146 -133.327
1354.163 -133.513
1355.180 -133.683
1356.198 -133.764
1357.215 -133.564
1358.232 -133.581
1359.250 -133.869
1360.266 -134.003
1361.284 -133.827
1362.301 -133.826
1363.318 -133.831
1364.336 -133.842
1365.354 -133.789
1366.371 -133.835
1367.388 -133.973
1368.406 -134.046
1369.423 -134.062
1370.440 -134.367
1371.457 -134.384
1372.475 -134.252
1373.491 -134.132
1374.508 -134.060
1375.526 -134.246
1376.544 -134.353
1377.561 -134.223
1378.578 -134.191
1379.596 -134.413
1380.613 -134.604
1381.630 -134.626
1382.646 -134.470
1383.664 -134.478
1384.681 -134.759
1385.698 -134.805
1386.716 -134.771
1387.733 -134.686
1388.750 -134.652
1389.768 -134.823
1390.784 -134.967
1391.802 -135.145
1392.819 -135.242
1393.836 -135.194
1394.854 -135.166
1395.871 -135.137
1396.888 -134.983
1397.906 -135.103
1398.923 -135.254
1399.940 -135.264
1400.957 -135.218
1401.974 -135.122
1402.991 -135.311
1404.008 -135.444
1405.026 -135.612
1406.042 -135.490
1407.060 -135.393
1408.077 -135.490
1409.094 -135.457
1410.111 -135.721
1411.129 -135.752
1412.146 -135.828
1413.164 -135.980
1414.181 -135.973
1415.197 -135.786
1416.214 -135.901
1417.232 -135.908
1418.249 -135.978
1419.266 -136.154
1420.283 -136.194
1421.300 -136.039
1422.319 -136.147
1423.336 -136.163
1424.354 -136.306
1425.371 -136.446
1426.389 -136.589
1427.406 -136.462
1428.423 -136.521
1429.440 -136.486
1430.457 -136.579
1431.474 -136.558
1432.492 -136.629
1433.509 -136.833
1434.527 -136.893
1435.544 -136.770
1436.561 -136.855
1437.579 -136.986
1438.596 -136.973
1439.614 -136.971
1440.630 -136.991
1441.648 -137.077
1442.665 -137.116
1443.684 -137.060
1444.701 -137.062
1445.719 -137.148
1446.736 -137.132
1447.754 -137.253
1448.771 -137.524
1449.788 -137.656
1450.805 -137.571
1451.823 -137.460
1452.841 -137.457
1453.858 -137.794
1454.875 -137.792
1455.893 -137.819
1456.910 -137.820
1457.927 -137.802
1458.945 -137.849
1459.963 -138.143
1460.980 -138.091
1461.996 -138.085
1463.011 -138.179
1464.026 -138.319
1465.043 -138.485
1466.059 -138.394
1467.075 -138.450
1468.092 -138.259
1469.109 -138.587
1470.126 -138.571
1471.143 -138.462
1472.160 -138.680
1473.178 -138.642
1474.195 -138.628
1475.212 -138.801
1476.230 -138.572
1477.246 -138.698
1478.263 -138.694
1479.280 -138.952
1480.297 -139.102
1481.314 -139.206
1482.331 -139.024
1483.348 -139.234
1484.365 -139.371
1485.382 -139.395
1486.399 -139.280
1487.416 -139.270
1488.433 -139.237
1489.450 -139.302
1490.467 -139.432
1491.484 -139.603
1492.501 -139.713
1493.518 -139.660
1494.535 -139.798
1495.552 -140.034
1496.569 -140.107
1497.586 -140.055
1498.603 -139.983
1499.619 -140.098
1500.635 -140.087
1501.653 -140.211
1502.670 -140.367
1503.687 -140.364
1504.704 -140.320
1505.721 -140.332
1506.739 -140.451
1507.756 -140.736
1508.773 -140.840
1509.791 -140.852
1510.808 -140.874
1511.825 -140.892
1512.841 -141.164
1513.858 -141.133
1514.876 -141.179
1515.893 -141.246
1516.909 -141.156
1517.926 -141.157
1518.942 -141.494
1519.956 -141.642
1520.973 -141.491
1521.990 -141.579
1523.007 -141.454
1524.024 -141.673
1525.041 -141.779
1526.058 -141.844
1527.076 -142.022
1528.094 -142.072
1529.111 -142.123
1530.128 -141.974
1531.145 -141.845
1532.162 -142.131
1533.179 -142.291
1534.196 -142.350
1535.213 -142.466
1536.230 -142.563
1537.247 -142.422
1538.265 -142.495
1539.283 -142.634
1540.299 -142.724
1541.317 -142.784
1542.334 -142.710
1543.351 -142.892
1544.369 -143.054
1545.386 -143.023
1546.403 -143.211
1547.420 -143.280
1548.437 -143.261
1549.454 -143.375
1550.471 -143.277
1551.489 -143.320
1552.506 -143.349
1553.523 -143.369
1554.540 -143.241
1555.558 -143.369
1556.575 -143.732
1557.593 -143.794
1558.609 -143.706
1559.627 -143.735
1560.644 -143.937
1561.661 -143.889
1562.679 -143.932
1563.696 -144.090
1564.713 -144.201
1565.731 -144.181
1566.748 -144.142
1567.765 -144.021
1568.782 -144.228
1569.799 -144.401
1570.817 -144.296
1571.835 -144.224
1572.852 -144.283
1573.869 -144.353
1574.886 -144.455
1575.904 -144.604
1576.921 -144.525
1577.939 -144.672
1578.955 -144.913
1579.972 -144.860
1580.990 -144.672
1582.008 -145.014
1583.024 -144.957
1584.042 -144.870
1585.059 -144.996
1586.076 -144.991
1587.094 -145.268
1588.111 -145.353
1589.128 -145.350
1590.145 -145.285
1591.162 -145.398
1592.179 -145.282
1593.196 -145.334
1594.214 -145.349
1595.231 -145.724
1596.248 -145.640
1597.266 -145.714
1598.282 -145.923
1599.300 -145.878
1600.317 -145.900
1601.335 -145.745
1602.351 -145.886
1603.368 -145.900
1604.386 -146.029
1605.404 -146.035
1606.421 -146.199
1607.438 -146.090
1608.456 -146.116
1609.473 -146.194
1610.491 -146.206
1611.508 -146.221
1612.526 -146.444
1613.543 -146.663
1614.560 -146.678
1615.578 -146.775
1616.596 -146.642
1617.613 -146.584
1618.631 -146.717
1619.646 -146.874
1620.663 -147.066
1621.680 -147.043
1622.698 -146.952
1623.715 -147.002
1624.732 -147.145
1625.749 -147.105
1626.767 -147.124
1627.784 -147.225
1628.801 -147.363
1629.818 -147.592
1630.836 -147.605
1631.854 -147.545
1632.871 -147.523
1633.888 -147.488
1634.906 -147.468
1635.923 -147.582
1636.940 -147.597
1637.957 -147.883
1638.974 -148.006
1639.992 -148.066
1641.009 -148.165
1642.026 -147.876
1643.044 -147.937
1644.062 -148.120
1645.080 -148.009
1646.096 -148.084
1647.111 -148.323
1648.126 -148.340
1649.142 -148.323
1650.158 -148.471
1651.174 -148.301
1652.192 -148.405
1653.209 -148.410
1654.226 -148.850
1655.243 -148.863
1656.260 -148.658
1657.277 -148.887
1658.294 -149.033
1659.311 -149.197
1660.328 -149.031
1661.345 -149.142
1662.362 -148.952
1663.379 -149.059
1664.395 -149.052
1665.413 -149.270
1666.430 -149.395
1667.447 -149.266
1668.464 -149.445
1669.481 -149.529
1670.498 -149.375
1671.516 -149.369
1672.532 -149.413
1673.549 -149.541
1674.567 -149.675
1675.584 -149.719
1676.601 -149.761
1677.619 -149.690
1678.635 -149.657
1679.652 -149.862
1680.669 -150.055
1681.687 -149.998
1682.704 -149.924
1683.721 -150.100
1684.738 -150.112
1685.755 -150.173
1686.773 -150.318
1687.789 -150.296
1688.806 -150.303
1689.823 -150.383
1690.841 -150.350
1691.858 -150.498
1692.875 -150.586
1693.893 -150.514
1694.910 -150.568
1695.927 -150.592
1696.944 -150.608
1697.962 -150.927
1698.979 -150.736
1699.996 -150.721
1701.014 -150.685
1702.031 -151.077
1703.048 -151.202
1704.065 -151.207
1705.082 -151.094
1706.100 -151.233
1707.116 -151.137
1708.133 -151.309
1709.151 -151.360
1710.168 -151.358
1711.187 -151.391
1712.204 -151.449
1713.221 -151.426
1714.238 -151.660
1715.256 -151.733
1716.273 -151.607
1717.290 -151.576
1718.307 -151.700
1719.324 -151.677
1720.342 -151.604
1721.360 -151.909
1722.376 -151.994
1723.394 -151.966
1724.411 -152.020
1725.429 -151.884
1726.446 -151.990
1727.463 -152.026
1728.480 -151.899
1729.498 -152.020
1730.515 -152.105
1731.532 -152.328
1732.550 -152.301
1733.567 -152.350
1734.585 -152.406
1735.601 -152.581
1736.619 -152.490
1737.636 -152.358
1738.654 -152.367
1739.671 -152.343
1740.689 -152.580
1741.706 -152.687
1742.722 -152.662
1743.740 -152.818
1744.757 -153.040
1745.774 -153.126
1746.792 -153.032
1747.809 -153.008
1748.826 -152.896
1749.844 -152.927
1750.861 -153.099
1751.878 -153.079
1752.895 -153.184
1753.912 -153.084
1754.929 -153.117
1755.952 -153.337
1756.968 -153.598
1757.985 -153.367
1759.002 -153.419
1760.019 -153.587
1761.036 -153.560
1762.054 -153.618
1763.071 -153.481
1764.089 -153.626
1765.106 -153.752
1766.124 -153.729
1767.142 -153.756
1768.159 -153.987
1769.177 -153.786
1770.194 -153.910
1771.212 -154.021
1772.229 -153.933
1773.247 -153.993
1774.264 -154.110
1775.282 -154.199
1776.299 -154.181
1777.316 -154.282
1778.334 -154.307
1779.352 -154.284
1780.370 -154.441
1781.386 -154.373
1782.404 -154.631
1783.421 -154.638
1784.438 -154.698
1785.455 -154.720
1786.473 -154.715
1787.489 -154.628
1788.507 -154.629
1789.524 -154.821
1790.542 -154.803
1791.559 -154.961
1792.576 -154.965
1793.594 -154.989
1794.612 -155.042
1795.629 -155.123
1796.646 -155.030
1797.664 -155.122
1798.681 -155.253
1799.699 -155.187
1800.717 -155.147
1801.734 -155.289
1802.751 -155.446
1803.769 -155.347
1804.786 -155.301
1805.803 -155.399
1806.821 -155.665
1807.838 -155.745
1808.855 -155.751
1809.873 -155.819
1810.890 -155.816
1811.907 -155.804
1812.924 -155.832
1813.942 -155.869
1814.959 -155.959
1815.977 -155.930
1816.993 -156.117
1818.007 -156.087
1819.024 -156.221
1820.042 -156.335
1821.060 -156.310
1822.077 -156.377
1823.094 -156.512
1824.112 -156.490
1825.130 -156.399
1826.147 -156.355
1827.162 -156.401
1828.177 -156.524
1829.193 -156.865
1830.209 -156.849
1831.226 -156.791
1832.242 -156.747
1833.259 -156.754
1834.275 -156.791
1835.293 -156.987
1836.310 -157.001
1837.327 -156.921
1838.344 -156.860
1839.361 -156.783
1840.378 -156.881
1841.395 -157.206
1842.412 -157.363
1843.429 -157.278
1844.446 -157.250
1845.463 -157.434
1846.480 -157.540
1847.498 -157.696
1848.515 -157.721
1849.531 -157.591
1850.548 -157.548
1851.565 -157.600
1852.583 -157.776
1853.600 -157.821
1854.617 -157.783
1855.634 -157.870
1856.651 -157.946
1857.668 -157.909
1858.685 -157.866
1859.703 -157.993
1860.720 -158.162
1861.737 -158.180
1862.754 -158.309
1863.771 -158.426
1864.787 -158.516
1865.805 -158.506
1866.822 -158.592
1867.838 -158.726
1868.856 -158.542
1869.873 -158.645
1870.890 -158.663
1871.908 -158.661
1872.924 -158.849
1873.942 -159.047
1874.959 -159.055
1875.977 -158.996
1876.993 -158.947
1878.010 -159.041
1879.027 -159.214
1880.044 -159.115
1881.061 -159.156
1882.078 -159.248
1883.095 -159.308
1884.113 -159.333
1885.130 -159.546
1886.147 -159.413
1887.165 -159.416
1888.182 -159.467
1889.200 -159.749
1890.217 -160.007
1891.235 -159.963
1892.251 -159.698
1893.268 -159.724
1894.285 -159.808
1895.303 -159.898
1896.319 -160.176
1897.336 -160.254
1898.354 -160.026
1899.371 -160.169
1900.388 -160.341
1901.405 -160.329
1902.422 -160.486
1903.439 -160.353
1904.457 -160.422
1905.474 -160.401
1906.491 -160.427
1907.508 -160.524
1908.525 -160.646
1909.543 -160.657
1910.560 -160.814
1911.577 -160.889
1912.595 -160.886
1913.611 -160.934
1914.629 -160.981
1915.645 -160.984
1916.661 -161.102
1917.679 -161.036
1918.696 -160.919
1919.713 -161.104
1920.730 -161.358
1921.748 -161.433
1922.765 -161.424
1923.783 -161.537
1924.799 -161.502
1925.816 -161.600
1926.834 -161.735
1927.851 -161.732
1928.868 -161.784
1929.885 -161.753
1930.903 -161.698
1931.919 -161.720
1932.937 -161.978
1933.954 -162.041
1934.970 -162.033
1935.988 -162.220
1937.005 -162.333
1938.022 -162.382
1939.038 -162.291
1940.056 -162.435
1941.073 -162.468
1942.091 -162.245
1943.108 -162.515
1944.127 -162.546
1945.144 -162.564
1946.161 -162.385
1947.179 -162.499
1948.196 -162.779
1949.213 -162.675
1950.232 -162.661
1951.249 -162.796
1952.266 -162.889
1953.284 -163.060
1954.301 -162.991
1955.318 -163.151
1956.335 -163.296
1957.353 -163.090
1958.371 -163.229
1959.388 -163.396
1960.405 -163.145
1961.424 -163.268
1962.441 -163.358
1963.458 -163.470
1964.476 -163.562
1965.494 -163.610
1966.511 -163.532
1967.528 -163.616
1968.545 -163.604
1969.562 -163.716
1970.579 -163.792
1971.597 -163.817
1972.615 -163.896
1973.632 -164.037
1974.649 -164.120
1975.667 -164.076
1976.684 -164.111
1977.701 -164.281
1978.719 -164.413
1979.736 -164.455
1980.753 -164.532
1981.770 -164.451
1982.787 -164.511
1983.805 -164.495
1984.822 -164.585
1985.839 -164.582
1986.857 -164.549
1987.874 -164.698
1988.891 -164.718
1989.909 -164.881
1990.926 -164.917
1991.943 -164.750
1992.961 -164.951
1993.978 -165.029
1994.996 -165.144
1996.013 -165.244
1997.030 -165.068
1998.048 -165.081
1999.066 -165.362
2000.083 -165.294
2001.101 -165.257
2002.118 -165.194
2003.136 -165.424
2004.154 -165.482
2005.171 -165.487
2006.191 -165.718
2007.208 -165.569
2008.224 -165.802
2009.240 -165.705
2010.255 -165.664
2011.269 -165.816
2012.286 -166.059
2013.302 -166.103
2014.318 -166.152
2015.335 -166.021
2016.352 -166.079
2017.365 -166.292
2018.382 -166.229
2019.399 -166.295
2020.416 -166.325
2021.433 -166.458
2022.450 -166.614
2023.467 -166.671
2024.484 -166.709
2025.501 -166.736
2026.519 -166.676
2027.536 -166.811
2028.553 -166.833
2029.571 -166.804
2030.589 -166.864
2031.606 -167.017
2032.623 -166.969
2033.640 -167.044
2034.657 -167.124
2035.674 -167.118
2036.691 -167.139
2037.708 -167.238
2038.725 -167.315
2039.743 -167.357
2040.760 -167.337
2041.777 -167.329
2042.794 -167.441
2043.811 -167.508
2044.828 -167.535
2045.846 -167.523
2046.863 -167.573
2047.880 -167.672
2048.896 -167.770
2049.914 -167.980
2050.931 -168.006
2051.948 -168.037
2052.965 -168.090
2053.982 -168.206
2054.999 -168.114
2056.017 -168.194
2057.034 -168.208
2058.051 -168.128
2059.069 -168.271
2060.086 -168.355
2061.103 -168.356
2062.120 -168.364
2063.138 -168.403
2064.155 -168.545
2065.172 -168.468
2066.189 -168.645
2067.207 -168.611
2068.224 -168.852
2069.242 -168.698
2070.258 -168.692
2071.275 -168.975
2072.294 -168.726
2073.311 -168.913
2074.328 -168.929
2075.345 -169.089
2076.362 -169.036
2077.380 -169.261
2078.398 -169.255
2079.415 -169.275
2080.433 -169.426
2081.450 -169.372
2082.467 -169.252
2083.485 -169.322
2084.502 -169.316
2085.519 -169.289
2086.537 -169.177
2087.554 -169.302
2088.571 -169.479
2089.588 -169.448
2090.605 -169.424
2091.622 -169.581
2092.640 -169.592
2093.657 -169.573
2094.674 -169.633
2095.691 -169.659
2096.709 -169.658
2097.726 -169.776
2098.743 -169.868
2099.760 -169.844
2100.777 -169.976
2101.794 -170.064
2102.812 -169.974
2103.830 -170.013
2104.847 -169.965
2105.864 -170.033
2106.881 -170.140
2107.899 -170.189
2108.916 -170.033
2109.934 -170.119
2110.951 -170.087
2111.968 -170.149
2112.986 -170.275
2114.003 -170.436
2115.020 -170.202
2116.038 -170.242
2117.055 -170.395
2118.072 -170.633
2119.090 -170.603
2120.106 -170.627
2121.123 -170.572
2122.140 -170.572
2123.158 -170.497
2124.175 -170.530
2125.192 -170.729
2126.209 -170.655
2127.226 -170.833
2128.244 -170.716
2129.261 -170.938
2130.279 -170.929
2131.295 -170.889
2132.312 -171.069
2133.330 -170.903
2134.347 -171.015
2135.364 -171.041
2136.381 -171.033
2137.398 -171.203
2138.415 -171.228
2139.432 -171.095
2140.449 -171.376
2141.467 -171.479
2142.485 -171.483
2143.503 -171.369
2144.520 -171.320
2145.537 -171.302
2146.554 -171.414
2147.572 -171.642
2148.589 -171.700
2149.606 -171.711
2150.624 -171.566
2151.641 -171.602
2152.658 -171.616
2153.676 -171.620
2154.693 -171.663
2155.711 -171.739
2156.728 -171.717
2157.746 -171.718
2158.763 -171.740
2159.781 -171.762
2160.798 -171.854
2161.816 -171.988
2162.833 -171.997
2163.850 -171.940
2164.868 -171.895
2165.885 -171.923
2166.902 -171.921
2167.920 -172.069
2168.937 -172.077
2169.954 -172.347
2170.972 -172.330
2171.989 -172.288
2173.007 -172.406
2174.022 -172.488
2175.039 -172.607
2176.056 -172.638
2177.074 -172.628
2178.091 -172.552
2179.109 -172.405
2180.126 -172.421
2181.143 -172.649
2182.161 -172.695
2183.178 -172.720
2184.195 -172.987
2185.212 -172.887
2186.229 -172.629
2187.246 -172.679
2188.264 -172.785
2189.281 -173.030
2190.299 -173.076
2191.315 -172.936
2192.330 -172.944
2193.346 -172.996
2194.361 -173.193
2195.377 -173.075
2196.393 -173.022
2197.410 -172.993
2198.427 -173.320
2199.440 -173.390
2200.458 -173.329
2201.475 -173.240
2202.492 -173.412
2203.509 -173.475
2204.526 -173.645
2205.543 -173.633
2206.560 -173.640
2207.576 -173.614
2208.594 -173.511
2209.610 -173.463
2210.627 -173.525
2211.643 -173.545
2212.660 -173.710
2213.677 -173.689
2214.694 -173.838
2215.711 -174.009
2216.729 -174.032
2217.746 -173.849
2218.763 -173.725
2219.780 -173.745
2220.797 -173.848
2221.815 -174.015
2222.832 -174.079
2223.850 -174.014
2224.867 -174.121
2225.884 -174.130
2226.901 -174.253
2227.918 -174.266
2228.934 -174.298
2229.951 -174.453
2230.968 -174.502
2231.986 -174.335
2233.003 -174.351
2234.019 -174.326
2235.036 -174.659
2236.054 -174.628
2237.071 -174.654
2238.088 -174.648
2239.106 -174.704
2240.124 -174.470
2241.141 -174.606
2242.158 -174.871
2243.175 -174.956
2244.192 -174.911
2245.209 -174.951
2246.227 -174.922
2247.245 -175.001
2248.262 -175.019
2249.279 -174.964
2250.296 -174.824
2251.314 -175.049
2252.330 -175.124
2253.348 -175.083
2254.365 -175.145
2255.382 -175.106
2256.399 -175.073
2257.416 -175.178
2258.433 -175.350
2259.451 -175.460
2260.468 -175.437
2261.485 -175.377
2262.503 -175.373
2263.519 -175.540
2264.536 -175.629
2265.553 -175.645
2266.571 -175.768
2267.588 -175.718
2268.604 -175.660
2269.622 -175.769
2270.639 -175.663
2271.656 -175.677
2272.674 -175.615
2273.691 -175.647
2274.708 -175.749
2275.725 -175.866
2276.743 -175.915
2277.760 -176.049
2278.777 -176.151
2279.795 -176.143
2280.812 -176.144
2281.829 -176.024
2282.847 -175.982
2283.864 -176.070
2284.882 -176.231
2285.899 -176.133
2286.917 -176.230
2287.933 -176.491
2288.951 -176.518
2289.968 -176.636
2290.985 -176.511
2292.003 -176.463
2293.020 -176.319
2294.036 -176.276
2295.053 -176.428
2296.070 -176.554
2297.087 -176.767
2298.105 -176.869
2299.122 -176.938
2300.139 -177.002
2301.157 -176.944
2302.173 -176.795
2303.191 -176.773
2304.208 -176.640
2305.226 -176.994
2306.242 -176.841
2307.260 -176.951
2308.277 -176.988
2309.294 -176.953
2310.312 -177.184
2311.329 -177.191
2312.346 -177.142
2313.363 -177.315
2314.380 -177.235
2315.398 -177.211
2316.414 -177.164
2317.432 -177.217
2318.449 -177.227
2319.466 -177.318
2320.484 -177.417
2321.501 -177.397
2322.518 -177.452
2323.535 -177.505
2324.553 -177.447
2325.570 -177.513
2326.587 -177.550
2327.603 -177.575
2328.621 -177.616
2329.637 -177.661
2330.654 -177.600
2331.672 -177.632
2332.689 -177.624
2333.707 -177.630
2334.724 -177.788
2335.742 -177.789
2336.759 -177.816
2337.777 -177.906
2338.794 -177.934
2339.811 -177.888
2340.829 -177.951
2341.846 -178.045
2342.864 -177.960
2343.881 -178.034
2344.898 -178.010
2345.915 -178.007
2346.932 -178.207
2347.950 -178.273
2348.966 -178.158
2349.984 -178.324
2351.001 -178.155
2352.018 -178.025
2353.036 -178.160
2354.053 -178.266
2355.070 -178.133
2356.087 -178.383
2357.105 -178.447
2358.122 -178.382
2359.140 -178.578
2360.157 -178.343
2361.174 -178.395
2362.191 -178.527
2363.209 -178.382
2364.226 -178.398
2365.243 -178.443
2366.260 -178.303
2367.278 -178.447
2368.296 -178.326
2369.313 -178.499
2370.331 -178.280
2371.349 -178.466
2372.367 -178.528
2373.384 -178.324
2374.400 -178.613
2375.415 -178.601
2376.431 -178.760
2377.447 -178.514
2378.462 -178.436
2379.478 -178.471
2380.495 -178.508
2381.512 -178.498
2382.529 -178.631
2383.545 -178.645
2384.563 -178.611
2385.580 -178.626
2386.597 -178.749
2387.613 -178.756
2388.630 -178.710
2389.647 -178.842
2390.664 -178.824
2391.681 -178.721
2392.698 -178.702
2393.715 -178.739
2394.732 -178.701
2395.750 -178.859
2396.767 -178.900
2397.784 -178.996
2398.801 -178.865
2399.819 -178.795
2400.837 -178.901
2401.854 -178.988
2402.871 -178.935
2403.889 -179.077
2404.906 -179.108
2405.923 -179.049
2406.940 -179.130
2407.957 -179.004
2408.975 -179.124
2409.992 -179.246
2411.009 -179.133
2412.026 -179.224
2413.043 -179.048
2414.061 -179.216
2415.079 -178.954
2416.096 -179.077
2417.113 -179.245
2418.130 -179.371
2419.148 -179.453
2420.165 -179.210
2421.182 -179.279
2422.198 -179.281
2423.215 -179.416
2424.232 -179.523
2425.253 -179.473
2426.270 -179.562
2427.287 -179.690
2428.305 -179.724
2429.322 -179.799
2430.339 -179.800
2431.356 -179.853
2432.374 -179.864
2433.391 -179.721
2434.409 -179.812
2435.427 -179.806
2436.444 -179.745
2437.461 -179.817
2438.479 -179.940
2439.496 -180.131
2440.513 -180.030
2441.530 -180.107
2442.547 -180.135
2443.564 -180.146
2444.582 -180.212
2445.598 -180.237
2446.616 -180.359
2447.632 -180.418
2448.650 -180.460
2449.667 -180.442
2450.684 -180.375
2451.702 -180.386
2452.719 -180.370
2453.736 -180.471
2454.753 -180.518
2455.771 -180.512
2456.788 -180.591
2457.806 -180.710
2458.823 -180.736
2459.840 -180.619
2460.857 -180.513
2461.874 -180.586
2462.891 -180.705
2463.909 -180.861
2464.926 -180.676
2465.943 -180.622
2466.959 -180.787
2467.977 -180.727
2468.994 -180.756
2470.011 -180.736
2471.028 -180.915
2472.045 -181.081
2473.062 -180.960
2474.079 -180.866
2475.096 -180.872
2476.113 -180.902
2477.131 -181.182
2478.148 -181.419
2479.165 -181.399
2480.182 -181.110
2481.199 -181.306
2482.217 -181.108
2483.234 -181.073
2484.251 -181.153
2485.267 -181.074
2486.284 -181.260
2487.302 -181.204
2488.319 -181.323
2489.336 -181.469
2490.354 -181.476
2491.372 -181.555
2492.389 -181.445
2493.406 -181.529
2494.424 -181.490
2495.441 -181.645
2496.458 -181.610
2497.475 -181.636
2498.493 -181.469
2499.510 -181.599
2500.527 -181.809
2501.545 -181.819
2502.562 -181.833
2503.578 -181.883
2504.596 -181.776
2505.614 -181.742
2506.631 -181.839
2507.648 -181.932
2508.665 -181.918
2509.682 -181.923
2511.562 -104.133
2512.580 -26.145
2513.597 -26.169
2514.613 -69.988
2515.631 -70.085
2516.649 -114.509
2517.666 -69.040
2518.684 -69.177
2519.702 -69.162
2520.719 -69.022
2521.737 -69.031
2522.754 -69.128
2523.772 -69.297
2524.789 -69.306
2525.806 -69.215
2526.824 -69.332
2527.840 -69.568
2528.858 -69.440
2529.875 -69.438
2530.893 -69.328
2531.910 -69.262
2532.927 -69.243
2533.944 -69.288
2534.962 -69.395
2535.979 -69.241
2536.996 -69.372
2538.014 -69.302
2539.030 -69.477
2540.048 -69.437
2541.065 -69.432
2542.082 -69.507
2543.099 -69.716
2544.118 -69.538
2545.136 -69.684
2546.153 -69.702
2547.170 -69.860
2548.188 -69.667
2549.205 -69.679
2550.222 -69.689
2551.239 -69.921
2552.256 -69.627
2553.274 -69.923
2554.291 -69.923
2555.309 -69.986
2556.325 -69.845
2557.343 -70.033
2558.360 -69.968
2559.378 -69.964
2560.395 -69.938
2561.412 -69.799
2562.429 -69.920
2563.447 -69.962
2564.464 -70.062
2565.482 -70.163
2566.499 -70.244
2567.516 -70.232
2568.533 -70.009
2569.551 -70.091
2570.568 -69.979
2571.584 -69.992
2572.602 -70.193
2573.619 -70.162
2574.637 -70.093
2575.654 -70.271
2576.672 -70.189
2577.688 -70.126
2578.706 -70.181
2579.723 -70.268
2580.741 -70.209
2581.759 -70.196
2582.776 -70.400
2583.792 -70.579
2584.808 -70.458
2585.823 -70.384
2586.839 -70.431
2587.855 -70.521
2588.871 -70.368
2589.888 -70.445
2590.905 -70.412
2591.921 -70.537
2592.938 -70.583
2593.955 -70.588
2594.972 -70.788
2595.988 -70.797
2597.006 -70.614
2598.023 -70.459
2599.039 -70.592
2600.057 -70.755
2601.075 -70.696
2602.092 -70.823
2603.109 -70.626
2604.127 -70.773
2605.144 -70.898
2606.161 -70.565
2607.178 -70.622
2608.195 -70.683
2609.212 -70.770
2610.228 -70.975
2611.245 -70.609
2612.263 -70.756
2613.280 -70.690
2614.297 -70.933
2615.314 -70.939
2616.331 -71.048
2617.349 -70.867
2618.366 -71.017
2619.383 -70.909
2620.400 -70.990
2621.418 -71.070
2622.435 -71.090
2623.452 -71.094
2624.469 -70.975
2625.486 -70.818
2626.503 -70.900
2627.520 -70.880
2628.537 -70.975
2629.554 -70.993
2630.571 -71.024
2631.588 -71.256
2632.604 -71.161
2633.621 -71.099
2634.639 -71.309
2635.656 -71.315
2636.674 -71.268
2637.691 -71.164
2638.709 -71.226
2639.727 -71.279
2640.744 -71.105
2641.762 -71.250
2642.779 -71.505
2643.796 -71.451
2644.814 -71.366
2645.831 -71.429
2646.848 -71.382
2647.865 -71.448
2648.883 -71.563
2649.900 -71.539
2650.918 -71.439
2651.935 -71.402
2652.952 -71.382
2653.970 -71.444
2654.986 -71.643
2656.004 -71.527
2657.021 -71.560
2658.038 -71.554
2659.055 -71.589
2660.073 -71.546
2661.090 -71.806
2662.108 -71.873
2663.124 -71.936
2664.142 -71.737
2665.159 -71.978
2666.176 -71.712
2667.193 -71.994
2668.210 -71.920
2669.227 -72.035
2670.245 -71.786
2671.262 -71.982
2672.280 -71.967
2673.297 -71.990
2674.314 -71.956
2675.331 -71.983
2676.349 -72.083
2677.366 -72.224
2678.383 -71.996
2679.400 -72.065
2680.418 -72.181
2681.434 -72.199
2682.451 -72.218
2683.469 -72.219
2684.486 -72.374
2685.504 -72.265
2686.521 -72.356
2687.538 -72.413
2688.555 -72.395
2689.573 -72.454
2690.591 -72.445
2691.607 -72.486
2692.625 -72.527
2693.642 -72.607
2694.659 -72.680
2695.676 -72.620
2696.693 -72.524
2697.710 -72.607
2698.728 -72.747
2699.745 -72.626
2700.762 -72.594
2701.780 -72.702
2702.797 -72.686
2703.815 -72.705
2704.832 -72.625
2705.849 -72.567
2706.866 -72.703
2707.883 -72.733
2708.902 -72.697
2709.919 -72.889
2710.935 -72.998
2711.949 -73.058
2712.967 -73.065
2713.984 -72.981
2715.001 -72.890
2716.019 -73.034
2717.036 -73.098
2718.053 -72.889
2719.071 -72.962
2720.088 -72.901
2721.105 -72.915
2722.122 -72.922
2723.140 -73.126
2724.157 -73.291
2725.175 -73.109
2726.192 -73.226
2727.209 -73.093
2728.227 -72.989
2729.244 -73.313
2730.262 -73.433
2731.279 -73.612
2732.297 -73.397
2733.314 -73.474
2734.331 -73.582
2735.349 -73.329
2736.366 -73.439
2737.382 -73.732
2738.400 -73.634
2739.417 -73.654
2740.435 -73.844
2741.452 -73.785
2742.469 -73.725
2743.486 -73.757
2744.503 -73.756
2745.520 -73.638
2746.537 -73.782
2747.555 -73.793
2748.572 -73.733
2749.589 -73.758
2750.606 -73.966
2751.623 -73.935
2752.640 -73.966
2753.658 -74.007
2754.676 -74.015
2755.693 -74.039
2756.710 -74.167
2757.727 -74.230
2758.745 -74.121
2759.762 -74.140
2760.780 -74.154
2761.798 -74.054
2762.815 -74.153
2763.831 -74.243
2764.847 -74.128
2765.863 -74.230
2766.879 -74.245
2767.896 -74.164
2768.913 -74.255
2769.931 -74.212
2770.947 -74.366
2771.965 -74.502
2772.981 -74.637
2773.998 -74.474
2775.014 -74.597
2776.031 -74.647
2777.049 -74.792
2778.065 -74.787
2779.082 -74.590
2780.099 -74.414
2781.117 -74.569
2782.134 -74.617
2783.151 -74.683
2784.168 -74.630
2785.185 -74.718
2786.202 -74.720
2787.219 -74.976
2788.235 -74.778
2789.253 -74.733
2790.270 -74.870
2791.287 -74.701
2792.305 -75.012
2793.322 -75.120
2794.339 -75.145
2795.356 -75.162
2796.373 -75.305
2797.390 -75.222
2798.406 -75.252
2799.423 -75.198
2800.441 -75.269
2801.458 -75.369
2802.474 -75.277
2803.492 -75.322
2804.510 -75.446
2805.527 -75.399
2806.545 -75.283
2807.562 -75.262
2808.580 -75.195
2809.597 -75.414
2810.613 -75.509
2811.630 -75.538
2812.647 -75.489
2813.665 -75.329
2814.682 -75.348
2815.700 -75.503
2816.718 -75.655
2817.735 -75.683
2818.752 -75.745
2819.769 -75.587
2820.787 -75.576
2821.804 -75.678
2822.821 -75.643
2823.838 -75.770
2824.856 -75.843
2825.873 -75.786
2826.891 -75.681
2827.905 -75.904
2828.923 -76.077
2829.940 -76.022
2830.957 -75.908
2831.975 -75.898
2832.992 -76.091
2834.010 -75.962
2835.028 -75.933
2836.045 -75.846
2837.062 -76.046
2838.080 -76.268
2839.097 -76.230
2840.114 -76.234
2841.131 -76.251
2842.149 -76.169
2843.166 -76.146
2844.183 -76.132
2845.201 -76.467
2846.218 -76.475
2847.235 -76.408
2848.252 -76.447
2849.270 -76.503
2850.287 -76.550
2851.304 -76.787
2852.321 -76.708
2853.338 -76.517
2854.355 -76.437
2855.373 -76.645
2856.391 -76.536
2857.407 -76.460
2858.424 -76.529
2859.442 -76.746
2860.459 -76.836
2861.476 -76.898
2862.494 -76.964
2863.511 -76.774
2864.528 -76.856
2865.546 -76.811
2866.562 -76.845
2867.580 -76.918
2868.597 -77.069
2869.614 -77.205
2870.632 -77.357
2871.648 -77.315
2872.666 -77.146
2873.683 -77.139
2874.701 -77.212
2875.718 -77.350
2876.736 -77.418
2877.753 -77.372
2878.770 -77.375
2879.787 -77.397
2880.804 -77.414
2881.822 -77.412
2882.839 -77.263
2883.856 -77.155
2884.874 -77.257
2885.891 -77.527
2886.908 -77.792
2887.925 -77.645
2888.943 -77.542
2889.960 -77.699
2890.977 -77.833
2891.994 -77.744
2893.010 -77.774
2894.026 -77.685
2895.043 -77.709
2896.060 -77.773
2897.078 -77.814
2898.095 -77.968
2899.112 -77.897
2900.129 -77.807
2901.147 -78.104
2902.164 -78.314
2903.181 -78.032
2904.198 -77.935
2905.215 -77.916
2906.233 -77.977
2907.250 -78.274
2908.267 -78.307
2909.284 -78.063
2910.302 -78.244
2911.319 -78.127
2912.335 -78.112
2913.353 -78.057
2914.370 -78.131
2915.387 -78.243
2916.405 -78.346
2917.422 -78.171
2918.439 -78.156
2919.455 -78.373
2920.473 -78.376
2921.490 -78.304
2922.508 -78.324
2923.525 -78.411
2924.542 -78.296
2925.559 -78.246
2926.577 -78.249
2927.594 -78.406
2928.612 -78.552
2929.629 -78.483
2930.647 -78.448
2931.664 -78.479
2932.681 -78.390
2933.699 -78.336
2934.716 -78.271
2935.733 -78.286
2936.750 -78.195
2937.767 -78.190
2938.784 -78.265
2939.801 -78.501
2940.820 -78.499
2941.837 -78.517
2942.855 -78.531
2943.873 -78.459
2944.889 -78.634
2945.904 -78.693
2946.919 -78.509
2947.935 -78.595
2948.952 -78.786
2949.969 -78.843
2950.986 -78.666
2952.003 -78.731
2953.020 -78.916
2954.036 -78.811
2955.053 -78.990
2956.071 -78.891
2957.087 -79.022
2958.104 -79.041
2959.122 -79.028
2960.139 -79.058
2961.156 -79.018
2962.174 -79.131
2963.190 -79.277
2964.207 -79.191
2965.224 -79.050
2966.241 -79.077
2967.258 -79.019
2968.276 -79.061
2969.292 -79.214
2970.310 -79.281
2971.327 -79.362
2972.344 -79.397
2973.361 -79.262
2974.378 -79.351
2975.395 -79.235
2976.413 -79.507
2977.430 -79.631
2978.447 -79.530
2979.465 -79.246
2980.482 -79.241
2981.499 -79.365
2982.516 -79.455
2983.533 -79.428
2984.549 -79.333
2985.567 -79.382
2986.584 -79.498
2987.600 -79.370
2988.617 -79.375
2989.634 -79.371
2990.652 -79.301
2991.669 -79.355
2992.686 -79.553
2993.703 -79.596
2994.721 -79.637
2995.738 -79.835
2996.755 -79.778
2997.773 -79.715
2998.790 -79.734
2999.808 -79.646
3000.825 -79.488
3001.842 -79.512
3002.860 -79.410
3003.876 -79.382
3004.894 -79.544
3005.911 -79.512
3006.929 -79.532
3007.946 -79.457
3008.962 -79.352
3009.979 -79.537
3010.997 -79.606
3012.013 -79.521
3013.030 -79.601
3014.048 -79.644
3015.066 -79.861
3016.083 -79.774
3017.100 -79.822
3018.118 -79.666
3019.135 -79.662
3020.153 -79.756
3021.170 -79.584
3022.187 -79.573
3023.205 -79.832
3024.223 -79.575
3025.240 -79.463
3026.257 -79.614
3027.274 -79.818
3028.291 -79.944
3029.308 -79.673
3030.326 -79.657
3031.343 -79.482
3032.360 -79.535
3033.378 -79.690
3034.395 -79.615
3035.412 -79.433
3036.430 -79.502
3037.447 -79.683
3038.464 -79.704
3039.482 -79.698
3040.500 -79.664
3041.517 -79.594
3042.534 -79.646
3043.552 -79.563
3044.569 -79.639
3045.587 -79.652
3046.603 -79.578
3047.621 -79.465
3048.638 -79.557
3049.655 -79.687
3050.673 -79.670
3051.690 -79.661
3052.708 -79.690
3053.725 -79.648
3054.742 -79.606
3055.759 -79.686
3056.777 -79.809
3057.794 -79.736
3058.811 -79.520
3059.828 -79.426
3060.846 -79.420
3061.863 -79.522
3062.880 -79.735
3063.898 -79.842
3064.915 -79.763
3065.932 -79.821
3066.949 -79.590
3067.966 -79.539
3068.984 -79.704
3070.001 -79.807
3071.018 -79.781
3072.036 -79.948
3073.053 -79.805
3074.069 -79.754
3075.087 -79.697
3076.104 -79.888
3077.121 -79.868
3078.138 -79.772
3079.156 -79.884
3080.173 -79.912
3081.191 -79.710
3082.208 -79.669
3083.225 -79.675
3084.242 -79.965
3085.260 -79.790
3086.277 -79.676
3087.294 -79.798
3088.311 -79.752
3089.329 -79.911
3090.345 -79.852
3091.362 -79.571
3092.379 -79.589
3093.397 -79.678
3094.414 -79.969
3095.432 -79.897
3096.449 -79.722
3097.466 -79.852
3098.484 -79.833
3099.501 -79.792
3100.519 -79.837
3101.536 -79.974
3102.553 -79.782
3103.571 -79.960
3104.588 -80.009
3105.605 -80.024
3106.622 -80.030
3107.639 -79.967
3108.656 -79.789
3109.674 -79.727
3110.691 -79.816
3111.708 -79.812
3112.726 -79.819
3113.743 -79.907
3114.760 -79.965
3115.777 -79.988
3116.796 -79.886
3117.813 -79.734
3118.831 -79.891
3119.849 -79.888
3120.865 -79.956
3121.883 -80.018
3122.901 -80.008
3123.919 -79.930
3124.935 -79.822
3125.951 -80.081
3126.966 -80.075
3127.981 -80.030
3128.998 -80.195
3130.015 -80.281
3131.031 -80.093
3132.048 -80.014
3133.065 -80.234
3134.082 -80.332
3135.098 -80.171
3136.115 -80.275
3137.131 -80.259
3138.149 -80.230
3139.165 -80.128
3140.182 -80.170
3141.199 -80.144
3142.216 -80.216
3143.233 -80.236
3144.250 -80.461
3145.267 -80.467
3146.284 -80.384
3147.302 -80.521
3148.318 -80.619
3149.336 -80.350
3150.353 -80.337
3151.370 -80.358
3152.387 -80.420
3153.404 -80.377
3154.421 -80.361
3155.438 -80.538
3156.456 -80.675
3157.473 -80.594
3158.490 -80.576
3159.507 -80.758
3160.524 -80.772
3161.541 -80.687
3162.558 -80.654
3163.576 -80.548
3164.593 -80.644
3165.610 -80.751
3166.627 -80.635
3167.645 -80.576
3168.662 -80.575
3169.680 -80.796
3170.697 -80.756
3171.714 -80.653
3172.732 -80.767
3173.748 -80.886
3174.766 -80.921
3175.784 -80.947
3176.801 -80.911
3177.818 -80.882
3178.835 -80.865
3179.852 -80.728
3180.870 -80.618
3181.887 -80.658
3182.904 -80.758
3183.921 -80.938
3184.939 -80.933
3185.956 -80.983
3186.973 -81.157
3187.991 -80.969
3189.008 -80.951
3190.025 -81.097
3191.042 -81.348
3192.060 -81.213
3193.077 -81.280
3194.095 -81.180
3195.112 -81.156
3196.129 -81.242
3197.147 -81.422
3198.164 -81.468
3199.181 -81.528
3200.199 -81.344
3201.216 -81.446
3202.234 -81.529
3203.251 -81.670
3204.269 -81.460
3205.286 -81.436
3206.303 -81.707
3207.321 -81.476
3208.337 -81.493
3209.355 -81.766
3210.372 -81.792
3211.389 -81.789
3212.406 -81.565
3213.423 -81.587
3214.440 -81.658
3215.458 -81.904
3216.475 -82.035
3217.493 -81.959
3218.510 -81.830
3219.528 -81.825
3220.545 -82.037
3221.562 -81.987
3222.580 -81.835
3223.597 -82.054
3224.614 -82.098
3225.631 -82.038
3226.648 -82.007
3227.665 -82.136
3228.682 -82.244
3229.699 -82.279
3230.717 -82.296
3231.734 -82.245
3232.752 -82.408
3233.769 -82.343
3234.787 -82.356
3235.804 -82.309
3236.822 -82.330
3237.839 -82.381
3238.857 -82.404
3239.874 -82.537
3240.891 -82.601
3241.909 -82.458
3242.926 -82.591
3243.943 -82.506
3244.961 -82.430
3245.978 -82.457
3246.995 -82.497
3248.013 -82.509
3249.030 -82.752
3250.047 -82.808
3251.064 -82.910
3252.082 -83.055
3253.099 -82.735
3254.116 -82.799
3255.133 -82.816
3256.151 -82.875
3257.168 -82.901
3258.185 -82.893
3259.203 -82.843
3260.220 -82.814
3261.248 -83.009
3262.265 -82.862
3263.282 -83.106
3264.299 -83.143
3265.316 -83.192
3266.334 -83.092
3267.350 -83.326
3268.368 -83.369
3269.385 -83.075
3270.402 -83.067
3271.419 -83.337
3272.437 -83.374
3273.454 -83.257
3274.471 -83.235
3275.489 -83.405
3276.506 -83.454
3277.523 -83.391
3278.540 -83.292
3279.559 -83.380
3280.576 -83.454
3281.593 -83.426
3282.611 -83.515
3283.629 -83.517
3284.646 -83.364
3285.663 -83.470
3286.680 -83.561
3287.697 -83.578
3288.714 -83.597
3289.732 -83.565
3290.750 -83.473
3291.768 -83.518
3292.785 -83.724
3293.802 -83.776
3294.820 -83.700
3295.837 -83.841
3296.855 -83.794
3297.872 -83.853
3298.890 -83.790
3299.908 -83.693
3300.926 -83.732
3301.943 -83.789
3302.959 -83.625
3303.974 -83.690
3304.989 -83.759
3306.005 -83.619
3307.021 -83.498
3308.038 -83.482
3309.055 -83.541
3310.071 -83.561
3311.088 -83.655
3312.105 -83.651
3313.122 -83.826
3314.139 -83.681
3315.156 -83.601
3316.173 -83.668
3317.190 -83.523
3318.207 -83.580
3319.224 -83.789
3320.242 -83.860
3321.259 -83.994
3322.276 -83.781
3323.294 -83.840
3324.311 -83.853
3325.328 -83.835
3326.346 -83.755
3327.363 -83.937
3328.379 -83.897
3329.396 -83.742
3330.414 -83.797
3331.431 -84.065
3332.447 -83.957
3333.464 -84.008
3334.481 -83.870
3335.498 -83.753
3336.515 -83.800
3337.532 -83.708
3338.550 -83.716
3339.567 -83.928
3340.584 -84.106
3341.602 -84.128
3342.619 -84.045
3343.635 -83.832
3344.653 -83.814
3345.670 -83.866
3346.687 -83.852
3347.704 -83.956
3348.721 -84.081
3349.738 -83.901
3350.755 -83.928
3351.772 -84.226
3352.789 -84.292
3353.807 -84.153
3354.824 -84.065
3355.841 -84.085
3356.858 -84.293
3357.876 -84.324
3358.893 -84.201
3359.910 -84.136
3360.927 -84.178
3361.944 -84.344
3362.962 -84.395
3363.979 -84.282
3364.996 -84.381
3366.013 -84.379
3367.030 -84.416
3368.047 -84.497
3369.065 -84.352
3370.082 -84.308
3371.099 -84.419
3372.116 -84.399
3373.134 -84.542
3374.151 -84.308
3375.167 -84.464
3376.185 -84.540
3377.202 -84.615
3378.219 -84.645
3379.237 -84.735
3380.254 -84.611
3381.271 -84.723
3382.289 -84.729
3383.306 -84.912
3384.325 -84.918
3385.342 -84.913
3386.358 -84.862
3387.376 -84.942
3388.394 -85.031
3389.410 -84.916
3390.428 -85.034
3391.445 -85.116
3392.462 -85.017
3393.480 -84.807
3394.496 -84.931
3395.514 -85.037
3396.531 -85.015
3397.549 -85.067
3398.566 -85.080
3399.584 -85.230
3400.601 -85.234
3401.618 -85.234
3402.635 -85.349
3403.652 -85.422
3404.669 -85.442
3405.686 -85.564
3406.704 -85.502
3407.721 -85.444
3408.738 -85.489
3409.755 -85.430
3410.773 -85.469
3411.790 -85.582
3412.807 -85.612
3413.824 -85.556
3414.841 -85.675
3415.858 -85.618
3416.875 -85.646
3417.892 -85.717
3418.909 -85.668
3419.926 -85.626
3420.944 -85.702
3421.961 -85.939
3422.979 -86.072
3423.995 -86.084
3425.012 -85.957
3426.030 -86.111
3427.047 -86.098
3428.063 -86.030
3429.081 -86.025
3430.098 -86.020
3431.115 -86.221
3432.132 -86.026
3433.149 -85.994
3434.167 -86.202
3435.184 -86.455
3436.201 -86.496
3437.219 -86.276
3438.236 -86.510
3439.254 -86.607
3440.271 -86.301
3441.288 -86.315
3442.305 -86.397
3443.322 -86.560
3444.340 -86.402
3445.356 -86.445
3446.374 -86.595
3447.391 -86.565
3448.408 -86.553
3449.425 -86.752
3450.443 -86.769
3451.460 -86.714
3452.477 -86.850
3453.494 -87.002
3454.512 -86.875
3455.530 -86.844
3456.547 -87.002
3457.565 -86.964
3458.582 -86.875
3459.599 -87.037
3460.616 -87.166
3461.633 -87.054
3462.650 -87.243
3463.668 -87.375
3464.685 -87.329
3465.703 -87.259
3466.720 -87.242
3467.738 -87.197
3468.755 -87.225
3469.773 -87.325
3470.791 -87.429
3471.808 -87.538
3472.826 -87.592
3473.843 -87.593
3474.860 -87.531
3475.877 -87.467
3476.895 -87.497
3477.912 -87.591
3478.929 -87.869
3479.947 -87.806
3480.964 -87.804
3481.982 -87.762
3483.000 -87.886
3484.017 -87.884
3485.034 -87.778
3486.049 -87.726
3487.065 -87.803
3488.080 -88.009
3489.097 -88.020
3490.114 -88.131
3491.131 -88.004
3492.148 -88.059
3493.165 -88.150
3494.182 -88.293
3495.199 -88.430
3496.215 -88.200
3497.232 -88.385
3498.249 -88.130
3499.266 -88.163
3500.282 -88.306
3501.299 -88.549
3502.316 -88.455
3503.333 -88.567
3504.350 -88.469
3505.368 -88.559
3506.385 -88.459
3507.402 -88.516
3508.419 -88.581
3509.435 -88.692
3510.451 -88.777
3511.469 -88.843
3512.486 -88.803
3513.503 -88.701
3514.520 -88.922
3515.537 -88.864
3516.554 -88.758
3517.570 -88.715
3518.587 -88.812
3519.604 -88.870
3520.621 -89.086
3521.639 -89.108
3522.656 -89.089
3523.673 -88.972
3524.690 -89.045
3525.704 -89.022
3526.721 -89.063
3527.737 -89.208
3528.755 -89.395
3529.773 -89.384
3530.790 -89.223
3531.806 -89.361
3532.824 -89.376
3533.842 -89.293
3534.859 -89.321
3535.876 -89.321
3536.893 -89.335
3537.910 -89.331
3538.928 -89.399
3539.945 -89.535
3540.962 -89.481
3541.979 -89.513
3542.996 -89.701
3544.014 -89.701
3545.031 -89.636
3546.048 -89.566
3547.065 -89.618
3548.082 -89.816
3549.100 -89.759
3550.117 -89.833
3551.134 -89.936
3552.152 -89.804
3553.169 -89.897
3554.186 -90.166
3555.204 -90.051
3556.222 -90.128
3557.239 -89.907
3558.256 -90.017
3559.273 -89.931
3560.291 -90.056
3561.308 -90.215
3562.325 -90.296
3563.343 -89.979
3564.361 -89.942
3565.378 -90.216
3566.395 -90.095
3567.413 -89.986
3568.430 -90.298
3569.447 -90.456
3570.465 -90.504
3571.483 -90.532
3572.499 -90.396
3573.516 -90.304
3574.534 -90.418
3575.551 -90.352
3576.569 -90.203
3577.586 -90.216
3578.603 -90.106
3579.620 -90.123
3580.637 -90.234
3581.654 -90.346
3582.672 -90.604
3583.689 -90.673
3584.706 -90.564
3585.723 -90.403
3586.741 -90.350
3587.758 -90.467
3588.776 -90.553
3589.793 -90.484
3590.810 -90.482
3591.827 -90.473
3592.845 -90.601
3593.863 -90.527
3594.880 -90.475
3595.897 -90.410
3596.914 -90.628
3597.931 -90.661
3598.948 -90.507
3599.965 -90.602
3600.982 -90.796
3602.000 -90.868
3603.017 -90.922
3604.034 -90.730
3605.051 -90.755
3606.068 -90.696
3607.085 -90.799
3608.103 -90.747
3609.120 -90.643
3610.138 -90.695
3611.155 -90.899
3612.173 -90.834
3613.190 -90.830
3614.207 -90.992
3615.225 -90.846
3616.243 -90.895
3617.260 -90.941
3618.276 -90.827
3619.293 -90.764
3620.311 -90.791
3621.328 -90.881
3622.345 -90.966
3623.363 -91.002
3624.380 -90.922
3625.398 -90.806
3626.415 -91.105
3627.432 -91.097
3628.450 -91.010
3629.467 -90.921
3630.485 -91.122
3631.502 -91.233
3632.519 -91.048
3633.536 -91.024
3634.554 -91.200
3635.571 -91.196
3636.589 -91.050
3637.606 -91.013
3638.624 -91.033
3639.641 -91.009
3640.658 -91.094
3641.676 -91.213
3642.693 -91.110
3643.710 -91.110
3644.727 -91.104
3645.745 -91.236
3646.762 -91.431
3647.779 -91.517
3648.796 -91.466
3649.814 -91.201
3650.831 -91.138
3651.849 -91.191
3652.866 -91.101
3653.883 -91.084
3654.900 -91.271
3655.917 -91.218
3656.934 -91.279
3657.952 -91.308
3658.968 -91.339
3659.985 -91.384
3661.002 -91.353
3662.019 -91.266
3663.036 -91.279
3664.054 -91.304
3665.072 -91.324
3666.090 -91.233
3667.107 -91.325
3668.124 -91.514
3669.139 -91.480
3670.154 -91.540
3671.171 -91.476
3672.187 -91.431
3673.204 -91.492
3674.220 -91.527
3675.236 -91.357
3676.253 -91.381
3677.270 -91.233
3678.287 -91.433
3679.304 -91.586
3680.320 -91.531
3681.337 -91.626
3682.354 -91.422
3683.371 -91.520
3684.389 -91.529
3685.406 -91.632
3686.423 -91.782
3687.441 -91.741
3688.458 -91.652
3689.475 -91.438
3690.492 -91.373
3691.509 -91.315
3692.527 -91.469
3693.544 -91.767
3694.562 -91.807
3695.578 -91.823
3696.596 -91.680
3697.613 -91.591
3698.630 -91.630
3699.647 -91.684
3700.664 -91.765
3701.682 -91.806
3702.699 -91.795
3703.716 -91.926
3704.733 -91.794
3705.750 -91.593
3706.767 -91.678
3707.785 -91.699
3708.802 -91.680
3709.819 -91.809
3710.836 -91.815
3711.853 -91.844
3712.871 -91.970
3713.888 -92.086
3714.905 -91.884
3715.922 -91.770
3716.939 -91.682
3717.956 -91.648
3718.973 -91.705
3719.990 -91.856
3721.008 -91.787
3722.026 -92.040
3723.043 -92.085
3724.060 -91.934
3725.077 -91.906
3726.095 -91.867
3727.112 -91.980
3728.129 -92.027
3729.146 -92.063
3730.164 -91.976
3731.181 -91.871
3732.198 -91.759
3733.216 -91.820
3734.233 -91.682
3735.250 -91.834
3736.267 -92.136
3737.284 -91.833
3738.302 -91.890
3739.319 -92.060
3740.336 -91.907
3741.353 -92.013
3742.369 -92.171
3743.386 -92.032
3744.403 -91.928
3745.421 -92.068
3746.438 -92.016
3747.455 -91.894
3748.473 -91.997
3749.489 -92.008
3750.507 -91.984
3751.524 -92.321
3752.541 -92.355
3753.559 -92.327
3754.575 -92.315
3755.593 -92.270
3756.610 -92.225
3757.627 -92.084
3758.644 -92.117
3759.661 -92.265
3760.678 -92.329
3761.695 -92.321
3762.713 -92.141
3763.730 -92.287
3764.748 -92.444
3765.765 -92.302
3766.782 -92.298
3767.800 -92.312
3768.817 -92.345
3769.834 -92.392
3770.851 -92.444
3771.869 -92.363
3772.886 -92.258
3773.903 -92.386
3774.921 -92.600
3775.938 -92.605
3776.955 -92.428
3777.972 -92.458
3778.989 -92.578
3780.007 -92.487
3781.024 -92.508
3782.041 -92.713
3783.058 -92.825
3784.075 -92.584
3785.093 -92.637
3786.110 -92.457
3787.127 -92.672
3788.143 -92.477
3789.161 -92.485
3790.178 -92.580
3791.196 -92.584
3792.213 -92.506
3793.230 -92.549
3794.247 -92.774
3795.264 -92.742
3796.281 -92.513
3797.299 -92.505
3798.316 -92.534
3799.333 -92.380
3800.350 -92.368
3801.367 -92.601
3802.385 -92.650
3803.402 -92.873
3804.419 -92.713
3805.436 -92.708
3806.454 -92.770
3807.471 -92.580
3808.488 -92.658
3809.506 -92.740
3810.522 -92.723
3811.540 -92.757
3812.557 -92.855
3813.574 -92.734
3814.591 -92.815
3815.608 -92.803
3816.626 -92.698
3817.643 -92.736
3818.660 -92.684
3819.678 -92.745
3820.695 -92.629
3821.712 -92.540
3822.729 -92.640
3823.746 -92.742
3824.764 -92.864
3825.781 -92.773
3826.797 -92.691
3827.815 -92.811
3828.832 -92.875
3829.848 -92.822
3830.865 -92.821
3831.882 -92.863
3832.899 -92.899
3833.917 -92.911
3834.933 -92.782
3835.951 -92.823
3836.968 -92.830
3837.986 -92.635
3839.003 -92.693
3840.021 -92.905
3841.038 -92.989
3842.056 -92.795
3843.073 -92.829
3844.091 -92.644
3845.108 -92.789
3846.126 -92.675
3847.144 -92.678
3848.161 -92.707
3849.178 -92.669
3850.193 -92.773
3851.208 -92.967
3852.223 -92.994
3853.240 -93.007
3854.256 -92.935
3855.273 -92.862
3856.289 -92.996
3857.306 -92.787
3858.322 -92.858
3859.339 -92.919
3860.356 -93.119
3861.373 -92.980
3862.390 -92.931
3863.407 -92.960
3864.424 -92.994
3865.441 -93.040
3866.458 -92.793
3867.475 -92.822
3868.493 -92.921
3869.510 -92.974
3870.527 -92.806
3871.544 -92.888
3872.561 -93.040
3873.579 -92.973
3874.597 -92.947
3875.614 -92.993
3876.631 -93.118
3877.648 -93.134
3878.665 -93.069
3879.682 -92.886
3880.699 -92.870
3881.716 -92.934
3882.733 -92.849
3883.751 -92.918
3884.768 -93.162
3885.785 -93.367
3886.801 -93.313
3887.819 -93.174
3888.836 -93.088
3889.853 -93.108
3890.870 -92.991
3891.888 -93.029
3892.905 -93.087
3893.922 -93.033
3894.939 -93.010
3895.957 -93.175
3896.974 -93.105
3897.991 -92.941
3899.008 -92.891
3900.025 -93.063
3901.042 -93.254
3902.059 -93.335
3903.076 -93.242
3904.093 -93.202
3905.110 -92.893
3906.127 -93.101
3907.144 -93.240
3908.161 -92.973
3909.178 -93.139
3910.195 -92.977
3911.213 -93.017
3912.230 -92.945
3913.247 -93.230
3914.264 -93.216
3915.282 -93.017
3916.299 -93.283
3917.316 -93.341
3918.334 -93.096
3919.351 -93.021
3920.368 -93.182
3921.385 -93.283
3922.402 -93.163
3923.420 -93.293
3924.437 -93.119
3925.454 -93.037
3926.471 -93.165
3927.490 -93.124
3928.507 -93.127
3929.525 -93.152
3930.542 -93.288
3931.559 -93.464
3932.577 -93.331
3933.594 -93.255
3934.612 -93.314
3935.629 -93.190
3936.646 -93.136
3937.663 -93.298
3938.681 -93.401
3939.698 -93.277
3940.715 -93.354
3941.733 -93.388
3942.749 -93.335
3943.766 -93.293
3944.783 -93.283
3945.801 -93.348
3946.818 -93.428
3947.835 -93.359
3948.852 -93.198
3949.870 -93.094
3950.887 -93.253
3951.904 -93.403
3952.922 -93.548
3953.939 -93.486
3954.956 -93.387
3955.973 -93.484
3956.991 -93.599
3958.008 -93.666
3959.025 -93.565
3960.043 -93.384
3961.060 -93.386
3962.077 -93.507
3963.095 -93.439
3964.112 -93.397
3965.130 -93.274
3966.147 -93.403
3967.165 -93.406
3968.182 -93.543
3969.199 -93.524
3970.216 -93.385
3971.233 -93.625
3972.250 -93.550
3973.267 -93.779
3974.283 -93.699
3975.300 -93.749
3976.317 -93.630
3977.335 -93.738
3978.351 -93.783
3979.369 -93.714
3980.386 -93.690
3981.403 -93.377
3982.421 -93.604
3983.438 -93.760
3984.455 -93.691
3985.473 -93.677
3986.490 -93.561
3987.507 -93.465
3988.524 -93.663
3989.541 -93.631
3990.558 -93.510
3991.575 -93.553
3992.593 -93.597
3993.610 -93.607
3994.627 -93.593
3995.644 -93.562
3996.662 -93.734
3997.680 -93.882
3998.697 -93.798
3999.715 -93.712
4000.733 -93.804
4001.750 -93.745
4002.767 -93.845
4003.783 -93.745
4004.799 -93.653
4005.816 -93.724
4006.833 -93.869
4007.851 -93.943
4008.868 -93.870
4009.885 -93.731
4010.902 -93.816
4011.919 -93.839
4012.936 -93.894
4013.953 -94.002
4014.971 -93.958
4015.989 -93.813
4017.006 -93.831
4018.024 -93.849
4019.040 -94.063
4020.058 -93.853
4021.075 -93.745
4022.092 -93.714
4023.110 -94.025
4024.127 -94.142
4025.147 -93.856
4026.164 -93.899
4027.182 -93.809
4028.199 -93.845
4029.217 -94.006
4030.234 -94.156
4031.250 -93.747
4032.265 -93.785
4033.281 -93.897
4034.296 -93.954
4035.313 -93.900
4036.329 -93.938
4037.346 -94.051
4038.362 -93.827
4039.380 -94.086
4040.398 -94.108
4041.415 -93.940
4042.431 -94.102
4043.450 -94.044
4044.467 -93.997
4045.484 -93.977
4046.501 -94.055
4047.518 -94.123
4048.535 -93.948
4049.552 -93.995
4050.569 -93.944
4051.586 -93.984
4052.602 -94.256
4053.620 -94.312
4054.638 -94.196
4055.654 -94.060
4056.671 -94.010
4057.688 -94.075
4058.705 -94.130
4059.722 -94.183
4060.739 -94.292
4061.756 -94.220
4062.774 -94.191
4063.791 -94.243
4064.808 -94.179
4065.825 -94.122
4066.843 -94.114
4067.860 -94.050
4068.877 -94.166
4069.894 -94.240
4070.911 -94.164
4071.929 -94.118
4072.946 -94.268
4073.963 -94.408
4074.981 -94.451
4075.998 -94.453
4077.015 -94.206
4078.033 -94.299
4079.050 -94.515
4080.067 -94.403
4081.084 -94.463
4082.101 -94.466
4083.118 -94.338
4084.136 -94.487
4085.153 -94.490
4086.170 -94.443
4087.188 -94.276
4088.205 -94.431
4089.222 -94.275
4090.239 -94.260
4091.256 -94.409
4092.273 -94.355
4093.290 -94.617
4094.307 -94.701
4095.324 -94.544
4096.342 -94.639
4097.359 -94.492
4098.376 -94.408
4099.392 -94.330
4100.409 -94.478
4101.427 -94.471
4102.444 -94.616
4103.460 -94.733
4104.474 -94.631
4105.491 -94.731
4106.508 -94.618
4107.526 -94.647
4108.542 -94.721
4109.559 -94.639
4110.576 -94.447
4111.594 -94.408
4112.611 -94.378
4113.628 -94.473
4114.645 -94.509
4115.663 -94.637
4116.680 -94.632
4117.697 -94.789
4118.715 -94.765
4119.732 -94.663
4120.791 -94.685
4121.808 -94.686
4122.826 -94.677
4123.843 -94.604
4124.860 -94.696
4125.878 -94.860
4126.894 -94.844
4127.912 -94.727
4128.929 -94.777
4129.946 -94.788
4130.963 -94.666
4131.980 -94.675
4132.998 -94.780
4134.015 -94.859
4135.032 -94.947
4136.049 -94.911
4137.067 -94.978
4138.084 -94.888
4139.101 -94.838
4140.119 -94.802
4141.136 -95.000
4142.153 -94.766
4143.170 -94.846
4144.187 -94.738
4145.204 -94.870
4146.220 -94.967
4147.237 -94.742
4148.254 -94.797
4149.271 -94.796
4150.288 -94.859
4151.305 -94.873
4152.322 -95.016
4153.340 -94.986
4154.357 -94.782
4155.375 -94.904
4156.392 -94.657
4157.410 -94.601
4158.427 -94.805
4159.444 -94.888
4160.461 -94.831
4161.478 -94.780
4162.495 -95.003
4163.513 -94.999
4164.530 -94.833
4165.547 -94.829
4166.564 -94.815
4167.582 -94.859
4168.599 -95.034
4169.615 -94.985
4170.633 -94.889
4171.650 -94.915
4172.668 -94.947
4173.685 -94.907
4174.702 -95.009
4175.719 -95.030
4176.737 -94.860
4177.754 -94.971
4178.771 -94.907
4179.788 -94.957
4180.805 -95.009
4181.822 -94.930
4182.840 -94.977
4183.857 -95.082
4184.874 -94.965
4185.891 -94.953
4186.909 -94.946
4187.926 -94.817
4188.943 -94.746
4189.960 -94.916
4190.977 -95.014
4191.994 -95.047
4193.011 -95.056
4194.028 -95.095
4195.046 -95.177
4196.063 -94.940
4197.081 -94.853
4198.098 -94.878
4199.115 -95.038
4200.133 -94.951
4201.150 -94.829
4202.168 -94.923
4203.185 -94.969
4204.202 -95.054
4205.220 -95.209
4206.238 -95.325
4207.255 -95.227
4208.272 -95.160
4209.288 -95.151
4210.303 -94.981
4211.319 -94.956
4212.335 -95.111
4213.351 -95.044
4214.368 -94.952
4215.384 -95.061
4216.401 -94.995
4217.417 -94.945
4218.434 -94.960
4219.451 -95.000
4220.468 -95.107
4221.485 -94.909
4222.502 -94.891
4223.519 -95.051
4224.536 -95.088
4225.554 -95.223
4226.571 -95.116
4227.588 -95.189
4228.604 -95.051
4229.621 -95.121
4230.638 -95.013
4231.656 -94.965
4232.673 -95.085
4233.691 -95.160
4234.708 -95.090
4235.725 -94.897
4236.742 -94.855
4237.759 -95.021
4238.776 -95.086
4239.793 -95.027
4240.810 -95.031
4241.827 -95.133
4242.846 -95.170
4243.863 -95.050
4244.880 -94.989
4245.898 -94.956
4246.915 -95.062
4247.932 -95.162
4248.949 -95.133
4249.967 -95.023
4250.984 -95.048
4252.001 -95.023
4253.018 -95.138
4254.036 -95.107
4255.054 -95.053
4256.071 -94.866
4257.088 -94.950
4258.106 -95.175
4259.123 -95.099
4260.141 -95.031
4261.157 -94.811
4262.175 -95.012
4263.192 -94.942
4264.209 -95.024
4265.227 -95.091
4266.244 -95.162
4267.261 -94.987
4268.278 -95.087
4269.295 -95.093
4270.312 -95.220
4271.329 -95.226
4272.347 -95.017
4273.365 -94.841
4274.382 -94.953
4275.399 -95.068
4276.416 -95.090
4277.434 -95.100
4278.451 -95.054
4279.469 -94.981
4280.486 -95.060
4281.503 -95.018
4282.520 -95.041
4283.537 -94.852
4284.555 -94.958
4285.572 -95.039
4286.589 -95.111
4287.606 -94.980
4288.624 -94.895
4289.641 -94.940
4290.658 -95.087
4291.676 -95.142
4292.693 -95.086
4293.710 -95.062
4294.727 -95.235
4295.745 -95.233
4296.762 -95.097
4297.780 -95.010
4298.797 -94.996
4299.814 -94.991
4300.832 -94.950
4301.849 -95.102
4302.866 -95.137
4303.884 -95.112
4304.901 -95.018
4305.918 -94.887
4306.935 -94.973
4307.953 -95.160
4308.970 -95.155
4309.987 -95.152
4311.004 -95.057
4312.022 -94.926
4313.039 -95.004
4314.056 -94.997
4315.073 -94.945
4316.091 -94.983
4317.108 -94.984
4318.125 -95.028
4319.138 -95.081
4320.156 -95.059
4321.173 -95.034
4322.190 -94.953
4323.208 -95.087
4324.225 -95.383
4325.242 -95.307
4326.260 -95.277
4327.277 -94.932
4328.294 -94.820
4329.311 -95.019
4330.329 -94.998
4331.346 -94.982
4332.363 -94.799
4333.381 -95.038
4334.398 -95.098
4335.416 -95.166
4336.432 -95.087
4337.450 -95.124
4338.467 -95.167
4339.485 -94.914
4340.502 -94.921
4341.519 -94.987
4342.536 -95.099
4343.553 -95.041
4344.571 -95.041
4345.587 -95.032
4346.604 -95.048
4347.621 -95.153
4348.638 -95.189
4349.656 -95.115
4350.673 -95.121
4351.691 -95.061
4352.708 -95.081
4353.725 -95.062
4354.742 -95.103
4355.759 -95.023
4356.776 -95.022
4357.794 -95.104
4358.812 -95.381
4359.829 -95.260
4360.846 -95.079
4361.864 -95.119
4362.881 -95.196
4363.900 -95.152
4364.917 -95.116
4365.936 -95.068
4366.953 -94.944
4367.970 -95.091
4368.988 -95.057
4370.005 -94.932
4371.022 -95.082
4372.039 -94.958
4373.056 -95.036
4374.074 -95.296
4375.091 -94.954
4376.109 -95.044
4377.126 -95.107
4378.144 -95.302
4379.161 -94.971
4380.178 -95.115
4381.196 -94.993
4382.213 -94.845
4383.229 -94.808
4384.247 -94.828
4385.264 -94.820
4386.282 -94.956
4387.300 -94.947
4388.318 -95.031
4389.335 -95.246
4390.351 -95.169
4391.366 -94.910
4392.381 -94.823
4393.398 -95.009
4394.414 -95.083
4395.430 -95.179
4396.447 -95.112
4397.464 -94.925
4398.482 -94.974
4399.499 -95.031
4400.516 -95.065
4401.532 -94.902
4402.549 -94.989
4403.567 -94.936
4404.584 -94.982
4405.601 -94.950
4406.617 -94.940
4407.634 -94.874
4408.651 -94.987
4409.667 -94.962
4410.684 -94.921
4411.701 -94.934
4412.719 -94.903
4413.736 -94.942
4414.752 -95.081
4415.769 -95.152
4416.787 -95.213
4417.803 -95.316
4418.817 -95.285
4419.834 -95.249
4420.852 -95.083
4421.869 -94.956
4422.886 -95.060
4423.903 -95.104
4424.920 -95.020
4425.937 -95.076
4426.955 -95.149
4427.972 -95.093
4428.989 -94.929
4430.006 -95.126
4431.024 -95.022
4432.041 -95.004
4433.058 -95.070
4434.075 -95.172
4435.092 -94.956
4436.110 -94.890
4437.127 -94.903
4438.144 -95.121
4439.161 -95.276
4440.178 -95.039
4441.196 -95.076
4442.213 -95.162
4443.230 -95.243
4444.247 -95.184
4445.265 -95.269
4446.282 -94.980
4447.299 -95.155
4448.316 -95.108
4449.334 -95.150
4450.350 -95.119
4451.367 -94.969
4452.384 -95.095
4453.402 -95.133
4454.419 -95.091
4455.436 -95.033
4456.453 -94.919
4457.470 -94.989
4458.488 -95.022
4459.505 -95.125
4460.522 -94.951
4461.539 -95.026
4462.557 -95.138
4463.574 -95.169
4464.591 -95.183
4465.608 -95.276
4466.625 -95.324
4467.642 -95.271
4468.660 -95.266
4469.677 -95.225
4470.695 -95.084
4471.712 -95.115
4472.729 -95.131
4473.747 -95.148
4474.764 -95.229
4475.781 -95.299
4476.798 -95.168
4477.816 -95.016
4478.834 -95.140
4479.851 -95.146
4480.868 -95.222
4481.885 -95.148
4482.903 -95.000
4483.919 -95.055
4484.936 -95.251
4485.953 -95.266
4486.970 -95.255
4487.987 -95.059
4489.005 -94.953
4490.022 -95.188
4491.039 -95.290
4492.056 -95.306
4493.074 -95.270
4494.091 -95.230
4495.109 -95.069
4496.125 -95.198
4497.142 -95.112
4498.160 -95.252
4499.177 -95.132
4500.194 -95.094
4501.211 -95.149
4502.229 -95.380
4503.247 -95.171
4504.264 -95.000
4505.281 -95.308
4506.298 -95.386
4507.315 -95.441
4508.332 -95.241
4509.349 -95.081
4510.366 -95.071
4511.384 -95.332
4512.401 -95.269
4513.419 -95.209
4514.436 -95.049
4515.453 -95.152
4516.470 -95.237
4517.488 -95.290
4518.505 -95.270
4519.522 -95.344
4520.540 -95.411
4521.557 -95.484
4522.574 -95.379
4523.592 -95.253
4524.609 -95.267
4525.626 -95.273
4526.643 -95.309
4527.660 -95.217
4528.678 -95.258
4529.695 -95.300
4530.712 -95.137
4531.729 -95.171
4532.747 -95.374
4533.764 -95.471
4534.781 -95.379
4535.799 -95.344
4536.816 -95.442
4537.833 -95.378
4538.850 -95.275
4539.867 -95.176
4540.885 -95.326
4541.903 -95.479
4542.920 -95.547
4543.937 -95.584
4544.954 -95.545
4545.972 -95.589
4546.989 -95.378
4548.007 -95.515
4549.024 -95.566
4550.041 -95.521
4551.058 -95.627
4552.076 -95.664
4553.093 -95.573
4554.110 -95.393
4555.129 -95.473
4556.146 -95.470
4557.164 -95.687
4558.181 -95.471
4559.199 -95.499
4560.216 -95.554
4561.233 -95.676
4562.250 -95.531
4563.267 -95.664
4564.284 -95.540
4565.302 -95.597
4566.319 -95.517
4567.337 -95.750
4568.353 -95.884
4569.372 -95.690
4570.389 -95.745
4571.407 -95.688
4572.422 -95.856
4573.437 -95.904
4574.453 -95.949
4575.469 -95.876
4576.486 -95.722
4577.503 -95.671
4578.519 -95.685
4579.536 -95.678
4580.554 -95.657
4581.571 -95.822
4582.588 -95.745
4583.604 -95.709
4584.621 -95.973
4585.638 -95.974
4586.655 -96.010
4587.672 -96.073
4588.690 -95.991
4589.707 -95.991
4590.725 -95.977
4591.741 -96.037
4592.758 -96.081
4593.775 -96.004
4594.793 -96.016
4595.810 -96.016
4596.827 -96.071
4597.843 -96.041
4598.860 -96.110
4599.877 -96.104
4600.894 -96.069
4601.911 -96.057
4602.928 -96.149
4603.945 -96.076
4604.962 -96.018
4605.979 -95.896
4606.996 -95.966
4608.013 -96.020
4609.030 -96.220
4610.047 -96.266
4611.065 -96.255
4612.082 -96.198
4613.099 -96.089
4614.116 -96.111
4615.133 -95.854
4616.149 -95.944
4617.163 -96.093
4618.181 -96.147
4619.197 -96.309
4620.214 -96.336
4621.232 -96.147
4622.248 -96.012
4623.265 -96.275
4624.283 -96.386
4625.301 -96.396
4626.318 -96.188
4627.335 -96.146
4628.352 -96.241
4629.370 -96.243
4630.387 -96.528
4631.405 -96.276
4632.421 -96.350
4633.438 -96.315
4634.456 -96.437
4635.473 -96.471
4636.491 -96.481
4637.508 -96.433
4638.525 -96.264
4639.542 -96.161
4640.560 -96.129
4641.577 -96.287
4642.595 -96.515
4643.612 -96.487
4644.629 -96.438
4645.647 -96.301
4646.664 -96.425
4647.681 -96.381
4648.698 -96.293
4649.716 -96.387
4650.733 -96.477
4651.750 -96.455
4652.767 -96.535
4653.784 -96.566
4654.801 -96.447
4655.819 -96.385
4656.836 -96.514
4657.855 -96.707
4658.872 -96.658
4659.890 -96.469
4660.907 -96.456
4661.924 -96.514
4662.941 -96.438
4663.958 -96.529
4664.976 -96.579
4665.992 -96.603
4667.009 -96.535
4668.026 -96.408
4669.043 -96.653
4670.060 -96.827
4671.077 -96.835
4672.095 -96.640
4673.112 -96.657
4674.128 -96.579
4675.145 -96.514
4676.163 -96.592
4677.179 -96.614
4678.197 -96.655
4679.214 -96.741
4680.232 -96.835
4681.249 -96.731
4682.266 -96.777
4683.283 -96.916
4684.300 -96.785
4685.318 -96.845
4686.335 -96.905
4687.352 -96.880
4688.370 -96.726
4689.387 -96.921
4690.404 -96.916
4691.422 -96.783
4692.439 -96.946
4693.456 -97.126
4694.474 -97.152
4695.491 -97.101
4696.508 -96.882
4697.525 -96.906
4698.542 -97.031
4699.560 -97.022
4700.577 -97.020
4701.595 -97.155
4702.612 -97.198
4703.630 -97.064
4704.647 -96.862
4705.664 -97.038
4706.682 -97.033
4707.699 -96.901
4708.717 -96.951
4709.734 -97.158
4710.752 -97.231
4711.768 -97.254
4712.785 -97.079
4713.803 -96.990
4714.820 -97.202
4715.837 -97.321
4716.854 -97.364
4717.871 -97.312
4718.889 -97.150
4719.906 -97.140
4720.924 -97.199
4721.941 -97.278
4722.958 -97.233
4723.976 -97.059
4724.993 -97.050
4726.010 -97.215
4727.027 -97.129
4728.044 -97.063
4729.062 -97.173
4730.079 -97.368
4731.096 -97.284
4732.113 -97.235
4733.130 -97.383
4734.148 -97.481
4735.164 -97.439
4736.182 -97.234
4737.199 -97.409
4738.218 -97.561
4739.235 -97.355
4740.252 -97.518
4741.270 -97.107
4742.287 -97.340
4743.304 -97.118
4744.320 -97.380
4745.337 -97.421
4746.354 -97.614
4747.371 -97.676
4748.388 -97.672
4749.405 -97.435
4750.422 -97.394
4751.440 -97.497
4752.458 -97.241
4753.475 -97.220
4754.491 -97.388
4755.506 -97.453
4756.522 -97.445
4757.538 -97.603
4758.556 -97.533
4759.573 -97.420
4760.590 -97.491
4761.606 -97.523
4762.623 -97.498
4763.641 -97.391
4764.658 -97.506
4765.674 -97.498
4766.691 -97.591
4767.708 -97.760
4768.725 -97.779
4769.742 -97.693
4770.759 -97.670
4771.776 -97.492
4772.794 -97.524
4773.810 -97.660
4774.828 -97.541
4775.844 -97.528
4776.861 -97.588
4777.878 -97.786
4778.895 -97.847
4779.912 -97.744
4780.930 -97.723
4781.947 -97.787
4782.964 -97.837
4783.981 -97.542
4784.999 -97.662
4786.016 -97.545
4787.033 -97.638
4788.050 -97.787
4789.067 -97.694
4790.084 -97.485
4791.100 -97.498
4792.118 -97.804
4793.135 -97.824
4794.152 -97.643
4795.169 -97.756
4796.186 -97.945
4797.203 -97.918
4798.220 -97.745
4799.237 -97.864
4800.254 -97.797
4801.271 -97.751
4802.288 -97.740
4803.305 -97.804
4804.322 -97.949
4805.339 -97.773
4806.356 -97.804
4807.373 -97.710
4808.391 -97.859
4809.408 -97.790
4810.425 -97.889
4811.442 -97.834
4812.460 -97.985
4813.476 -97.919
4814.493 -97.803
4815.511 -97.843
4816.528 -97.835
4817.546 -97.967
4818.562 -98.023
4819.579 -97.935
4820.596 -97.891
4821.613 -97.926
4822.630 -98.095
4823.647 -98.104
4824.664 -98.026
4825.680 -97.812
4826.697 -97.684
4827.714 -97.782
4828.731 -97.965
4829.748 -98.168
4830.766 -98.073
4831.784 -97.966
4832.801 -97.970
4833.818 -97.899
4834.836 -97.985
4835.852 -98.086
4836.869 -97.935
4837.886 -97.875
4838.903 -97.855
4839.920 -97.854
4840.937 -97.769
4841.955 -97.937
4842.972 -97.937
4843.989 -97.831
4845.007 -97.958
4846.024 -97.903
4847.041 -97.875
4848.058 -97.825
4849.076 -97.924
4850.093 -98.131
4851.110 -98.108
4852.127 -98.115
4853.145 -98.001
4854.162 -97.830
4855.179 -98.041
4856.196 -97.919
4857.213 -97.888
4858.230 -97.983
4859.247 -97.912
4860.265 -97.981
4861.282 -97.946
4862.299 -97.933
4863.317 -97.904
4864.334 -97.639
4865.351 -97.731
4866.368 -97.817
4867.385 -97.965
4868.402 -97.953
4869.419 -97.937
4870.436 -97.831
4871.453 -97.840
4872.471 -98.058
4873.488 -97.920
4874.505 -97.770
4875.523 -97.829
4876.540 -98.034
4877.556 -98.075
4878.573 -98.039
4879.591 -97.965
4880.607 -98.019
4881.624 -97.879
4882.642 -97.862
4883.659 -97.844
4884.677 -97.878
4885.694 -97.777
4886.711 -97.707
4887.729 -97.844
4888.746 -97.894
4889.763 -97.773
4890.780 -97.741
4891.797 -97.936
4892.815 -97.870
4893.832 -97.818
4894.849 -97.901
4895.866 -97.773
4896.883 -97.643
4897.900 -97.628
4898.918 -97.734
4899.935 -97.667
4900.953 -97.587
4901.970 -97.704
4902.988 -97.680
4904.005 -97.546
4905.023 -97.780
4906.040 -97.674
4907.057 -97.798
4908.074 -98.030
4909.091 -97.733
4910.109 -97.817
4911.126 -97.802
4912.144 -97.822
4913.160 -97.837
4914.178 -97.463
4915.195 -97.540
4916.212 -97.646
4917.230 -97.531
4918.247 -97.623
4919.264 -97.424
4920.281 -97.732
4921.299 -97.664
4922.316 -97.630
4923.334 -97.629
4924.350 -97.556
4925.367 -97.511
4926.385 -97.555
4927.402 -97.722
4928.418 -97.809
4929.436 -97.694
4930.453 -97.642
4931.470 -97.663
4932.487 -97.635
4933.504 -97.732
4934.522 -97.610
4935.540 -97.460
4936.557 -97.507
4937.572 -97.503
4938.587 -97.299
4939.602 -97.316
4940.619 -97.428
4941.635 -97.424
4942.652 -97.431
4943.669 -97.543
4944.686 -97.591
4945.702 -97.401
4946.719 -97.403
4947.736 -97.467
4948.754 -97.430
4949.771 -97.232
4950.788 -97.260
4951.805 -97.432
4952.822 -97.449
4953.839 -97.454
4954.856 -97.404
4955.873 -97.397
4956.890 -97.349
4957.907 -97.282
4958.925 -97.380
4959.941 -97.279
4960.957 -97.139
4961.974 -97.068
4962.991 -97.068
4964.007 -97.177
4965.024 -97.351
4966.041 -97.487
4967.058 -97.364
4968.074 -97.302
4969.092 -97.436
4970.109 -97.497
4971.126 -97.249
4972.143 -97.207
4973.160 -97.130
4974.178 -96.964
4975.195 -96.940
4976.212 -97.011
4977.229 -96.925
4978.247 -97.113
4979.264 -97.053
4980.281 -97.285
4981.298 -97.321
4982.315 -97.119
4983.332 -97.006
4984.349 -96.900
4985.366 -97.083
4986.383 -97.202
4987.401 -97.114
4988.418 -97.123
4989.435 -96.927
4990.453 -96.940
4991.471 -97.122
4992.488 -97.243
4993.505 -97.236
4994.522 -97.059
4995.539 -96.916
4996.557 -96.960
4997.574 -96.926
4998.591 -96.990
4999.607 -96.971
5000.624 -96.907
5001.642 -96.872
5002.658 -97.016
5003.676 -97.072
5004.693 -96.955
5005.711 -97.022
5006.728 -96.982
5007.745 -96.917
5008.763 -96.985
5009.780 -96.942
5010.798 -96.949
5011.815 -96.926
5012.832 -96.813
5013.849 -96.801
5014.867 -96.756
5015.884 -96.777
5016.901 -96.789
5017.918 -96.885
5018.935 -96.857
5019.952 -96.885
5020.970 -96.894
5021.986 -96.742
5023.004 -96.532
5024.020 -96.634
5025.038 -96.634
5026.054 -96.595
5027.071 -96.606
5028.088 -96.492
5029.105 -96.711
5030.122 -96.589
5031.135 -96.824
5032.153 -96.691
5033.170 -96.822
5034.188 -96.690
5035.205 -96.478
5036.222 -96.447
5037.240 -96.309
5038.257 -96.343
5039.274 -96.480
5040.292 -96.619
5041.309 -96.672
5042.326 -96.560
5043.343 -96.330
5044.360 -96.420
5045.377 -96.339
5046.394 -96.323
5047.411 -96.380
5048.429 -96.336
5049.445 -96.407
5050.462 -96.414
5051.479 -96.320
5052.497 -96.196
5053.514 -96.414
5054.531 -96.414
5055.549 -96.372
5056.566 -96.225
5057.583 -96.124
5058.600 -96.075
5059.618 -96.138
5060.634 -96.272
5061.652 -96.342
5062.669 -96.396
5063.686 -96.311
5064.703 -96.139
5065.721 -96.114
5066.738 -96.144
5067.755 -96.141
5068.772 -96.105
5069.790 -96.223
5070.807 -96.165
5071.825 -96.114
5072.842 -96.205
5073.859 -96.072
5074.877 -95.895
5075.894 -95.882
5076.911 -95.826
5077.928 -95.842
5078.946 -95.897
5079.963 -96.075
5080.980 -96.208
5081.997 -96.173
5083.014 -96.039
5084.031 -95.979
5085.049 -95.837
5086.065 -95.820
5087.083 -95.977
5088.100 -95.883
5089.117 -95.967
5090.135 -96.121
5091.153 -95.955
5092.170 -95.947
5093.187 -95.789
5094.204 -95.862
5095.221 -95.841
5096.238 -95.830
5097.255 -95.662
5098.273 -95.643
5099.290 -95.935
5100.307 -95.874
5101.324 -95.603
5102.342 -95.652
5103.358 -95.736
5104.376 -95.984
5105.393 -95.888
5106.410 -95.996
5107.427 -95.861
5108.444 -95.782
5109.462 -95.540
5110.480 -95.511
5111.498 -95.754
5112.515 -95.739
5113.533 -95.549
5114.550 -95.621
5115.568 -95.724
5116.585 -95.539
5117.603 -95.479
5118.621 -95.560
5119.638 -95.541
5120.654 -95.468
5121.669 -95.372
5122.685 -95.345
5123.701 -95.371
5124.718 -95.462
5125.734 -95.603
5126.751 -95.664
5127.767 -95.691
5128.784 -95.709
5129.801 -95.539
5130.818 -95.517
5131.835 -95.488
5132.852 -95.447
5133.868 -95.453
5134.885 -95.610
5135.903 -95.549
5136.919 -95.543
5137.937 -95.520
5138.954 -95.329
5139.971 -95.419
5140.988 -95.305
5142.005 -95.462
5143.023 -95.467
5144.040 -95.435
5145.057 -95.423
5146.075 -95.270
5147.092 -95.142
5148.109 -95.185
5149.126 -95.201
5150.143 -95.386
5151.160 -95.297
5152.177 -95.171
5153.194 -95.435
5154.210 -95.304
5155.228 -95.174
5156.245 -95.126
5157.262 -95.210
5158.280 -95.092
5159.297 -95.142
5160.313 -95.080
5161.331 -95.214
5162.347 -95.142
5163.364 -95.352
5164.382 -95.361
5165.399 -95.218
5166.416 -95.221
5167.433 -95.066
5168.450 -95.139
5169.467 -95.035
5170.484 -95.118
5171.502 -95.281
5172.519 -95.303
5173.536 -95.164
5174.554 -94.986
5175.570 -95.040
5176.588 -95.136
5177.604 -95.089
5178.622 -95.192
5179.638 -95.166
5180.655 -95.159
5181.673 -95.309
5182.690 -95.240
5183.707 -95.134
5184.725 -95.026
5185.742 -94.994
5186.760 -95.121
5187.777 -95.003
5188.794 -95.044
5189.812 -95.138
5190.829 -95.107
5191.846 -95.100
5192.863 -95.159
5193.881 -95.039
5194.898 -95.045
5195.916 -94.888
5196.933 -94.847
5197.950 -94.843
5198.967 -95.118
5199.984 -95.048
5201.001 -95.001
5202.019 -95.041
5203.036 -95.071
5204.053 -95.223
5205.070 -95.103
5206.089 -94.980
5207.105 -95.159
5208.123 -95.095
5209.140 -95.202
5210.158 -95.229
5211.175 -95.256
5212.192 -95.306
5213.210 -95.298
5214.227 -95.194
5215.244 -95.011
5216.261 -95.095
5217.278 -95.189
5218.296 -95.065
5219.312 -94.929
5220.330 -95.135
5221.347 -95.179
5222.364 -95.189
5223.381 -95.332
5224.398 -95.020
5225.416 -95.079
5226.432 -95.060
5227.449 -95.211
5228.466 -95.260
5229.483 -95.242
5230.501 -95.063
5231.518 -95.024
5232.535 -95.025
5233.552 -95.072
5234.569 -95.291
5235.587 -95.116
5236.604 -94.998
5237.622 -95.043
5238.639 -95.063
5239.656 -95.007
5240.673 -95.170
5241.691 -95.328
5242.708 -95.339
5243.725 -95.231
5244.742 -95.155
5245.758 -95.108
5246.775 -95.073
5247.792 -95.068
5248.810 -95.094
5249.827 -95.058
5250.844 -95.147
5251.862 -95.301
5252.879 -95.295
5253.897 -95.385
5254.914 -95.283
5255.932 -95.141
5256.949 -95.076
5257.966 -95.123
5258.983 -95.107
5260.001 -95.144
5261.018 -95.104
5262.035 -95.223
5263.052 -95.462
5264.069 -95.474
5265.086 -95.363
5266.103 -95.327
5267.121 -95.346
5268.138 -95.311
5269.156 -95.301
5270.173 -95.411
5271.191 -95.170
5272.208 -95.352
5273.225 -95.317
5274.242 -95.236
5275.259 -95.364
5276.277 -95.160
5277.294 -95.230
5278.311 -95.376
5279.329 -95.405
5280.346 -95.543
5281.363 -95.305
5282.380 -95.098
5283.398 -95.064
5284.415 -95.187
5285.432 -95.351
5286.450 -95.211
5287.467 -95.519
5288.485 -95.556
5289.502 -95.489
5290.519 -95.437
5291.536 -95.397
5292.553 -95.251
5293.571 -95.346
5294.588 -95.568
5295.605 -95.582
5296.622 -95.551
5297.639 -95.548
5298.657 -95.431
5299.675 -95.457
5300.693 -95.517
5301.709 -95.590
5302.725 -95.511
5303.740 -95.506
5304.756 -95.443
5305.771 -95.397
5306.788 -95.361
5307.805 -95.619
5308.822 -95.756
5309.839 -95.562
5310.855 -95.369
5311.872 -95.450
5312.889 -95.565
5313.906 -95.522
5314.924 -95.456
5315.941 -95.483
5316.958 -95.550
5317.975 -95.520
5318.992 -95.498
5320.009 -95.658
5321.026 -95.690
5322.043 -95.548
5323.061 -95.621
5324.077 -95.647
5325.095 -95.780
5326.112 -95.553
5327.129 -95.479
5328.146 -95.546
5329.163 -95.602
5330.180 -95.732
5331.197 -95.715
5332.214 -95.530
5333.231 -95.459
5334.248 -95.711
5335.265 -95.637
5336.281 -95.680
5337.299 -95.513
5338.316 -95.535
5339.333 -95.686
5340.351 -95.798
5341.368 -95.486
5342.385 -95.525
5343.402 -95.556
5344.419 -95.453
5345.436 -95.667
5346.453 -95.556
5347.470 -95.618
5348.488 -95.780
5349.505 -95.821
5350.522 -95.673
5351.539 -95.505
5352.556 -95.551
5353.573 -95.568
5354.590 -95.754
5355.606 -95.746
5356.623 -95.514
5357.640 -95.515
5358.657 -95.527
5359.675 -95.495
5360.692 -95.415
5361.709 -95.419
5362.726 -95.510
5363.743 -95.726
5364.761 -95.820
5365.778 -95.841
5366.795 -95.905
5367.813 -95.813
5368.830 -95.737
5369.848 -95.613
5370.865 -95.666
5371.882 -95.770
5372.899 -95.819
5373.917 -95.660
5374.933 -95.656
5375.951 -95.747
5376.968 -95.643
5377.986 -95.783
5379.003 -95.760
5380.020 -95.832
5381.038 -95.795
5382.055 -95.720
5383.072 -95.773
5384.089 -95.959
5385.106 -95.720
5386.123 -95.866
5387.141 -95.815
5388.159 -95.672
5389.176 -95.697
5390.194 -95.688
5391.211 -96.004
5392.228 -95.791
5393.246 -95.900
5394.264 -95.798
5395.281 -95.752
5396.298 -95.668
5397.315 -95.914
5398.331 -95.726
5399.348 -95.891
5400.366 -95.783
5401.383 -95.800
5402.400 -95.969
5403.417 -96.020
5404.435 -95.914
5405.452 -95.828
5406.469 -95.777
5407.486 -95.687
5408.503 -95.723
5409.520 -95.810
5410.537 -95.798
5411.554 -95.804
5412.571 -95.876
5413.588 -95.836
5414.605 -95.817
5415.622 -95.960
5416.639 -95.943
5417.656 -95.981
5418.674 -95.745
5419.691 -95.904
5420.708 -96.017
5421.726 -95.910
5422.743 -95.942
5423.761 -95.952
5424.778 -95.862
5425.795 -96.043
5426.812 -95.954
5427.830 -95.871
5428.848 -95.993
5429.865 -95.954
5430.883 -95.862
5431.901 -95.954
5432.918 -96.065
5433.935 -95.953
5434.952 -96.002
5435.969 -95.984
5436.986 -95.949
5438.004 -96.016
5439.020 -95.968
5440.037 -95.886
5441.054 -95.895
5442.071 -95.847
5443.089 -95.954
5444.105 -95.837
5445.122 -95.746
5446.140 -95.849
5447.157 -95.866
5448.174 -95.915
5449.191 -95.827
5450.208 -95.784
5451.226 -95.958
5452.243 -95.717
5453.260 -95.867
5454.277 -95.847
5455.294 -95.802
5456.312 -95.893
5457.329 -95.860
5458.346 -95.807
5459.364 -95.927
5460.381 -95.944
5461.399 -95.872
5462.416 -95.585
5463.433 -95.608
5464.450 -95.598
5465.467 -95.731
5466.485 -95.625
5467.502 -95.587
5468.519 -95.818
5469.536 -95.743
5470.554 -95.967
5471.571 -95.939
5472.589 -95.871
5473.606 -95.812
5474.623 -95.850
5475.641 -95.950
5476.658 -95.934
5477.676 -95.841
5478.693 -95.604
5479.711 -95.637
5480.728 -95.625
5481.746 -95.585
5482.764 -95.649
5483.781 -95.707
5484.797 -95.576
5485.812 -95.619
5486.827 -95.671
5487.842 -95.775
5488.859 -95.816
5489.875 -95.570
5490.892 -95.542
5491.909 -95.580
5492.926 -95.744
5493.944 -95.812
5494.961 -95.728
5495.979 -95.541
5496.996 -95.375
5498.012 -95.491
5499.030 -95.550
5500.047 -95.474
5501.064 -95.477
5502.080 -95.610
5503.098 -95.563
5504.114 -95.454
5505.131 -95.542
5506.148 -95.364
5507.166 -95.543
5508.183 -95.767
5509.199 -95.583
5510.218 -95.294
5511.234 -95.501
5512.251 -95.538
5513.268 -95.601
5514.285 -95.241
5515.302 -95.283
5516.319 -95.489
5517.336 -95.518
5518.353 -95.523
5519.371 -95.285
5520.388 -95.316
5521.405 -95.311
5522.423 -95.470
5523.440 -95.178
5524.458 -95.160
5525.475 -95.301
5526.493 -95.257
5527.510 -95.216
5528.528 -95.311
5529.544 -95.301
5530.561 -95.016
5531.578 -95.061
5532.595 -94.956
5533.612 -94.890
5534.629 -94.862
5535.646 -94.757
5536.663 -94.883
5537.680 -94.882
5538.697 -94.895
5539.714 -94.950
5540.732 -94.891
5541.749 -94.972
5542.766 -95.031
5543.784 -94.821
5544.801 -94.738
5545.818 -94.745
5546.836 -94.670
5547.853 -94.831
5548.870 -94.851
5549.887 -94.768
5550.904 -94.580
5551.921 -94.448
5552.938 -94.389
5553.955 -94.594
5554.973 -94.561
5555.991 -94.428
5557.008 -94.358
5558.026 -94.372
5559.043 -94.409
5560.061 -94.570
5561.078 -94.509
5562.095 -94.458
5563.114 -94.428
5564.131 -94.224
5565.148 -94.160
5566.166 -94.349
5567.184 -94.329
5568.200 -94.355
5569.218 -94.165
5570.235 -94.157
5571.252 -94.013
5572.269 -94.065
5573.286 -94.293
5574.303 -94.168
5575.321 -93.962
5576.337 -93.860
5577.351 -93.832
5578.369 -93.847
5579.386 -93.858
5580.404 -93.903
5581.421 -93.915
5582.439 -93.991
5583.456 -93.935
5584.473 -93.804
5585.490 -93.823
5586.508 -93.592
5587.525 -93.525
5588.542 -93.489
5589.559 -93.675
5590.577 -93.767
5591.594 -93.545
5592.611 -93.603
5593.628 -93.318
5594.645 -93.251
5595.663 -93.304
5596.680 -93.429
5597.698 -93.488
5598.715 -93.462
5599.733 -93.299
5600.750 -93.199
5601.767 -93.188
5602.784 -93.028
5603.801 -93.021
5604.819 -93.096
5605.836 -93.172
5606.853 -93.181
5607.870 -93.086
5608.888 -92.986
5609.905 -92.945
5610.922 -92.817
5611.940 -92.639
5612.957 -92.658
5613.974 -92.825
5614.992 -92.954
5616.009 -92.864
5617.026 -92.855
5618.044 -92.752
5619.061 -92.710
5620.078 -92.742
5621.096 -92.712
5622.113 -92.695
5623.130 -92.583
5624.147 -92.685
5625.163 -92.642
5626.180 -92.534
5627.193 -92.716
5628.211 -92.536
5629.228 -92.463
5630.246 -92.637
5631.263 -92.552
5632.280 -92.355
5633.297 -92.231
5634.315 -92.406
5635.332 -92.287
5636.349 -92.208
5637.366 -92.183
5638.384 -92.395
5639.401 -92.516
5640.418 -92.512
5641.436 -92.250
5642.453 -92.318
5643.470 -92.244
5644.488 -92.104
5645.504 -91.969
5646.521 -91.918
5647.539 -91.883
5648.557 -91.930
5649.574 -92.244
5650.591 -92.196
5651.607 -92.042
5652.624 -92.043
5653.642 -92.176
5654.659 -92.180
5655.676 -92.189
5656.692 -91.985
5657.711 -91.865
5658.727 -91.921
5659.745 -91.943
5660.762 -91.983
5661.779 -91.907
5662.796 -91.755
5663.814 -91.876
5664.832 -91.866
5665.849 -91.812
5666.866 -91.738
5667.882 -91.738
5668.897 -91.838
5669.913 -91.861
5670.929 -91.831
5671.945 -91.984
5672.961 -91.989
5673.978 -91.803
5674.995 -91.749
5676.012 -91.683
5677.028 -91.612
5678.045 -91.691
5679.062 -91.716
5680.079 -91.556
5681.097 -91.611
5682.114 -91.663
5683.131 -91.834
5684.148 -91.606
5685.165 -91.397
5686.183 -91.517
5687.200 -91.451
5688.217 -91.607
5689.234 -91.641
5690.251 -91.359
5691.268 -91.323
5692.285 -91.558
5693.303 -91.528
5694.320 -91.460
5695.338 -91.599
5696.354 -91.486
5697.371 -91.539
5698.388 -91.427
5699.406 -91.380
5700.422 -91.460
5701.439 -91.342
5702.456 -91.422
5703.473 -91.438
5704.490 -91.448
5705.507 -91.400
5706.525 -91.155
5707.541 -91.164
5708.559 -91.229
5709.576 -91.241
5710.594 -91.169
5711.611 -91.245
5712.629 -91.252
5713.646 -91.093
5714.663 -91.065
5715.680 -91.042
5716.697 -91.126
5717.714 -91.308
5718.731 -91.230
5719.749 -91.149
5720.765 -91.144
5721.783 -91.184
5722.799 -91.090
5723.817 -90.984
5724.833 -91.035
5725.849 -90.866
5726.866 -90.765
5727.883 -90.765
5728.900 -90.899
5729.917 -90.999
5730.935 -91.058
5731.952 -90.900
5732.969 -90.697
5733.986 -90.665
5735.003 -90.850
5736.020 -91.040
5737.037 -90.913
5738.055 -90.962
5739.071 -90.805
5740.089 -90.698
5741.106 -90.616
5742.123 -90.683
5743.141 -90.704
5744.158 -90.610
5745.175 -90.601
5746.193 -90.466
5747.210 -90.713
5748.227 -90.925
5749.244 -90.704
5750.262 -90.747
5751.279 -90.788
5752.296 -90.743
5753.314 -90.463
5754.331 -90.585
5755.349 -90.626
5756.366 -90.384
5757.384 -90.359
5758.401 -90.321
5759.418 -90.519
5760.435 -90.399
5761.453 -90.348
5762.469 -90.253
5763.486 -90.482
5764.505 -90.482
5765.522 -90.481
5766.540 -90.261
5767.557 -90.147
5768.574 -90.249
5769.592 -90.354
5770.608 -90.365
5771.625 -90.273
5772.643 -90.148
5773.661 -90.120
5774.678 -90.103
5775.695 -90.010
5776.713 -90.193
5777.730 -90.354
5778.747 -90.386
5779.765 -90.313
5780.782 -90.205
5781.800 -90.073
5782.817 -89.974
5783.834 -90.004
5784.852 -90.060
5785.870 -90.111
5786.887 -90.112
5787.904 -89.976
5788.921 -89.808
5789.939 -89.844
5790.957 -89.878
5791.974 -89.869
5792.991 -89.922
5794.009 -90.010
5795.026 -89.873
5796.044 -89.675
5797.061 -89.629
5798.079 -89.856
5799.096 -89.825
5800.114 -89.738
5801.131 -89.698
5802.148 -89.794
5803.166 -89.926
5804.184 -89.992
5805.201 -89.841
5806.218 -89.694
5807.235 -89.647
5808.252 -89.744
5809.270 -89.759
5810.287 -89.354
5811.304 -89.180
5812.321 -89.468
5813.339 -89.236
5814.356 -89.197
5815.374 -89.485
5816.391 -89.402
5817.409 -89.561
5818.426 -89.509
5819.444 -89.539
5820.461 -89.444
5821.478 -89.396
5822.495 -89.464
5823.512 -89.288
5824.529 -89.283
5825.546 -89.243
5826.564 -89.256
5827.581 -89.294
5828.599 -89.329
5829.616 -89.416
5830.633 -89.313
5831.650 -89.145
5832.667 -89.164
5833.685 -89.097
5834.702 -89.149
5835.720 -89.208
5836.737 -89.258
5837.755 -89.148
5838.772 -88.904
5839.789 -88.915
5840.806 -88.884
5841.820 -88.961
5842.837 -89.136
5843.854 -89.030
5844.871 -88.977
5845.889 -88.950
5846.906 -88.752
5847.924 -88.742
5848.941 -88.956
5849.956 -88.901
5850.971 -88.873
5851.986 -88.889
5853.002 -88.890
5854.019 -88.677
5855.035 -88.686
5856.053 -88.909
5857.070 -88.792
5858.087 -88.852
5859.103 -88.821
5860.120 -88.820
5861.137 -88.924
5862.154 -88.777
5863.171 -88.604
5864.188 -88.611
5865.205 -88.761
5866.223 -88.670
5867.240 -88.712
5868.257 -88.537
5869.274 -88.707
5870.291 -88.673
5871.308 -88.749
5872.325 -88.705
5873.342 -88.485
5874.359 -88.611
5875.377 -88.510
5876.394 -88.499
5877.411 -88.636
5878.428 -88.630
5879.445 -88.608
5880.463 -88.518
5881.480 -88.520
5882.497 -88.651
5883.514 -88.822
5884.531 -88.660
5885.548 -88.471
5886.565 -88.542
5887.582 -88.478
5888.599 -88.433
5889.617 -88.610
5890.634 -88.589
5891.651 -88.403
5892.668 -88.376
5893.686 -88.487
5894.704 -88.386
5895.721 -88.278
5896.738 -88.232
5897.756 -88.342
5898.773 -88.434
5899.790 -88.380
5900.808 -88.475
5901.825 -88.497
5902.842 -88.378
5903.859 -88.328
5904.877 -88.244
5905.893 -88.235
5906.911 -88.282
5907.928 -88.235
5908.945 -88.160
5909.962 -88.155
5910.979 -88.295
5911.997 -88.488
5913.015 -88.492
5914.032 -88.302
5915.050 -88.310
5916.067 -88.347
5917.084 -88.315
5918.101 -88.308
5919.119 -88.115
5920.136 -87.933
5921.153 -87.982
5922.170 -87.980
5923.187 -88.082
5924.204 -88.287
5925.222 -88.096
5926.238 -88.036
5927.256 -88.114
5928.273 -88.081
5929.291 -88.079
5930.308 -88.230
5931.325 -88.109
5932.343 -87.962
5933.360 -88.116
5934.377 -88.139
5935.395 -88.072
5936.411 -88.115
5937.428 -88.173
5938.445 -87.984
5939.463 -88.212
5940.479 -88.225
5941.493 -88.133
5942.510 -87.915
5943.527 -87.875
5944.544 -87.983
5945.562 -87.863
5946.578 -87.953
5947.596 -87.909
5948.613 -87.934
5949.630 -87.903
5950.647 -87.940
5951.664 -87.883
5952.681 -87.946
5953.699 -88.004
5954.716 -87.948
5955.734 -87.876
5956.751 -87.815
5957.768 -87.882
5958.785 -88.075
5959.802 -87.954
5960.820 -87.828
5961.837 -87.857
5962.855 -87.871
5963.872 -87.833
5964.889 -87.692
5965.907 -87.693
5966.924 -87.795
5967.942 -87.809
5968.959 -87.848
5969.977 -87.857
5970.993 -87.798
5972.011 -87.981
5973.028 -87.915
5974.045 -87.907
5975.062 -87.909
5976.079 -87.821
5977.096 -87.692
5978.113 -87.586
5979.130 -87.736
5980.147 -87.840
5981.164 -87.642
5982.181 -87.714
5983.198 -87.882
5984.215 -88.021
5985.233 -87.643
5986.250 -87.569
5987.267 -87.702
5988.284 -87.633
5989.301 -87.470
5990.319 -87.878
5991.336 -87.923
5992.353 -87.604
5993.371 -87.506
5994.388 -87.606
5995.405 -87.688
5996.423 -87.594
5997.440 -87.687
5998.457 -87.682
5999.474 -87.615
6000.490 -87.483
6001.508 -87.551
6002.525 -87.469
6003.542 -87.544
6004.559 -87.569
6005.577 -87.519
6006.594 -87.491
6007.611 -87.483
6008.629 -87.357
6009.646 -87.451
6010.664 -87.629
6011.681 -87.493
6012.699 -87.494
6013.716 -87.553
6014.733 -87.636
6015.750 -87.682
6016.767 -87.580
6017.784 -87.593
6018.801 -87.727
6019.818 -87.561
6020.835 -87.422
6021.852 -87.282
6022.869 -87.252
6023.887 -87.456
6024.904 -87.646
6025.922 -87.532
6026.939 -87.439
6027.958 -87.417
6028.975 -87.277
6029.992 -87.314
6031.007 -87.270
6032.022 -87.256
6033.037 -87.309
6034.053 -87.370
6035.069 -87.575
6036.086 -87.516
6037.103 -87.526
6038.120 -87.327
6039.136 -87.363
6040.153 -87.322
6041.170 -87.396
6042.188 -87.417
6043.205 -87.510
6044.222 -87.301
6045.238 -87.214
6046.254 -87.133
6047.272 -87.172
6048.290 -87.471
6049.307 -87.258
6050.324 -87.054
6051.340 -87.120
6052.358 -87.345
6053.375 -87.260
6054.393 -87.223
6055.410 -87.308
6056.427 -87.355
6057.445 -87.186
6058.461 -87.149
6059.478 -87.153
6060.496 -87.292
6061.513 -87.195
6062.530 -87.126
6063.547 -87.225
6064.564 -87.350
6065.581 -87.274
6066.598 -87.282
6067.615 -87.145
6068.632 -87.219
6069.649 -87.338
6070.667 -87.318
6071.684 -87.376
6072.701 -87.382
6073.718 -87.411
6074.736 -87.249
6075.753 -87.022
6076.770 -87.029
6077.787 -86.963
6078.804 -87.071
6079.822 -87.167
6080.839 -87.238
6081.856 -87.234
6082.874 -87.192
6083.890 -87.280
6084.907 -87.301
6085.925 -87.222
6086.942 -87.163
6087.959 -87.024
6088.976 -86.988
6089.993 -87.105
6091.010 -87.125
6092.027 -87.126
6093.044 -87.151
6094.061 -87.217
6095.079 -87.019
6096.096 -86.934
6097.114 -87.130
6098.131 -87.283
6099.148 -87.256
6100.165 -87.077
6101.182 -87.046
6102.199 -87.090
6103.216 -87.184
6104.233 -87.084
6105.251 -87.004
6106.268 -87.004
6107.284 -87.102
6108.303 -86.925
6109.320 -87.106
6110.336 -87.124
6111.353 -87.252
6112.370 -87.183
6113.387 -87.024
6114.405 -87.106
6115.422 -86.903
6116.439 -87.192
6117.456 -87.305
6118.473 -87.023
6119.491 -87.065
6120.508 -86.999
6121.525 -87.102
6122.542 -87.096
6123.560 -87.202
6124.577 -87.316
6125.594 -87.270
6126.612 -87.257
6127.629 -87.110
6128.647 -86.914
6129.664 -87.071
6130.681 -87.187
6131.698 -87.088
6132.715 -87.122
6133.733 -87.204
6134.750 -87.211
6135.767 -87.239
6136.785 -87.170
6137.802 -87.211
6138.819 -87.318
6139.833 -87.273
6140.850 -87.089
6141.867 -87.114
6142.884 -87.216
6143.901 -87.111
6144.919 -87.113
6145.936 -87.212
6146.953 -87.072
6147.971 -87.136
6148.988 -87.400
6150.005 -87.281
6151.022 -87.110
6152.039 -87.217
6153.057 -87.352
6154.074 -87.289
6155.092 -87.024
6156.109 -87.199
6157.127 -87.150
6158.144 -87.148
6159.162 -87.089
6160.179 -87.191
6161.196 -87.222
6162.214 -87.034
6163.231 -87.268
6164.248 -87.378
6165.265 -87.018
6166.282 -87.061
6167.299 -86.930
6168.316 -86.922
6169.333 -86.946
6170.350 -87.158
6171.367 -87.228
6172.384 -87.178
6173.402 -87.207
6174.419 -86.973
6175.437 -86.957
6176.454 -87.188
6177.471 -87.075
6178.489 -87.065
6179.506 -87.232
6180.523 -87.266
6181.540 -87.085
6182.557 -87.013
6183.574 -87.160
6184.591 -87.148
6185.607 -86.939
6186.624 -86.840
6187.641 -86.918
6188.658 -87.129
6189.676 -87.213
6190.693 -87.133
6191.711 -87.074
6192.728 -87.095
6193.746 -87.064
6194.763 -87.074
6195.781 -87.011
6196.798 -86.985
6197.815 -86.987
6198.833 -87.080
6199.850 -87.122
6200.868 -87.033
6201.885 -87.003
6202.903 -87.030
6203.920 -86.951
6204.937 -86.903
6205.954 -87.041
6206.971 -87.145
6207.988 -86.963
6209.006 -86.824
6210.024 -87.030
6211.042 -87.218
6212.058 -87.134
6213.073 -87.002
6214.088 -86.996
6215.104 -87.100
6216.120 -86.900
6217.136 -86.872
6218.153 -87.124
6219.169 -87.204
6220.186 -87.136
6221.203 -86.893
6222.220 -86.828
6223.237 -86.949
6224.255 -86.888
6225.271 -87.126
6226.288 -87.164
6227.305 -86.934
6228.322 -86.820
6229.339 -86.786
6230.357 -86.966
6231.374 -87.096
6232.391 -87.048
6233.408 -86.955
6234.426 -87.204
6235.442 -87.141
6236.459 -86.880
6237.476 -86.795
6238.492 -87.006
6239.506 -86.969
6240.523 -86.909
6241.540 -86.908
6242.557 -86.946
6243.574 -86.849
6244.591 -87.084
6245.608 -87.028
6246.625 -86.890
6247.642 -87.023
6248.660 -86.978
6249.677 -87.041
6250.695 -86.880
6251.712 -86.849
6252.729 -86.967
6253.746 -87.010
6254.764 -87.082
6255.781 -87.019
6256.798 -86.847
6257.816 -86.820
6258.833 -86.750
6259.850 -86.720
6260.867 -86.860
6261.884 -86.868
6262.901 -86.780
6263.918 -86.922
6264.935 -86.996
6265.953 -87.060
6266.970 -86.945
6267.987 -86.756
6269.005 -86.819
6270.022 -86.787
6271.039 -86.848
6272.056 -86.886
6273.073 -86.853
6274.090 -86.725
6275.107 -86.735
6276.124 -86.740
6277.142 -86.684
6278.159 -86.632
6279.176 -86.600
6280.193 -86.701
6281.210 -86.717
6282.227 -86.622
6283.244 -86.681
6284.262 -86.792
6285.279 -86.712
6286.296 -86.490
6287.313 -86.721
6288.331 -86.636
6289.348 -86.621
6290.364 -86.708
6291.381 -86.660
6292.399 -86.548
6293.415 -86.591
6294.433 -86.805
6295.449 -86.914
6296.467 -86.967
6297.484 -86.889
6298.500 -86.775
6299.517 -86.715
6300.535 -86.696
6301.551 -86.799
6302.569 -86.659
6303.586 -86.606
6304.603 -86.651
6305.620 -86.667
6306.637 -86.745
6307.654 -86.758
6308.672 -86.657
6309.690 -86.838
6310.707 -86.887
6311.725 -86.768
6312.741 -86.497
6313.759 -86.498
6314.776 -86.629
6315.793 -86.509
6316.810 -86.664
6317.827 -86.710
6318.845 -86.580
6319.862 -86.612
6320.879 -86.703
6321.897 -86.712
6322.913 -86.600
6323.931 -86.522
6324.947 -86.574
6325.965 -86.789
6326.982 -86.913
6327.999 -86.921
6329.017 -86.648
6330.034 -86.575
6331.051 -86.605
6332.069 -86.512
6333.086 -86.537
6334.103 -86.510
6335.121 -86.612
6336.137 -86.668
6337.154 -86.735
6338.172 -86.866
6339.189 -86.631
6340.207 -86.830
6341.224 -86.615
6342.241 -86.818
6343.259 -86.739
6344.276 -86.653
6345.293 -86.456
6346.310 -86.346
6347.327 -86.631
6348.344 -86.635
6349.361 -86.511
6350.379 -86.420
6351.396 -86.734
6352.414 -86.694
6353.431 -86.551
6354.448 -86.590
6355.465 -86.617
6356.482 -86.788
6357.500 -86.636
6358.517 -86.557
6359.534 -86.554
6360.551 -86.625
6361.568 -86.697
6362.586 -86.687
6363.603 -86.636
6364.620 -86.746
6365.637 -86.726
6366.654 -86.526
6367.672 -86.647
6368.689 -86.643
6369.706 -86.575
6370.723 -86.512
6371.740 -86.468
6372.758 -86.573
6373.776 -86.551
6374.793 -86.486
6375.810 -86.474
6376.828 -86.618
6377.845 -86.654
6378.862 -86.554
6379.879 -86.736
6380.896 -86.632
6381.913 -86.602
6382.931 -86.775
6383.948 -86.844
6384.965 -86.652
6385.982 -86.573
6386.999 -86.705
6388.017 -86.668
6389.035 -86.605
6390.051 -86.686
6391.069 -86.685
6392.086 -86.752
6393.104 -86.714
6394.122 -86.571
6395.139 -86.690
6396.155 -86.633
6397.170 -86.551
6398.185 -86.481
6399.201 -86.597
6400.218 -86.796
6401.234 -86.619
6402.252 -86.832
6403.269 -86.573
6404.286 -86.351
6405.304 -86.616
6406.321 -86.471
6407.338 -86.309
6408.355 -86.422
6409.372 -86.439
6410.389 -86.669
6411.406 -86.627
6412.423 -86.477
6413.440 -86.593
6414.457 -86.655
6415.474 -86.572
6416.491 -86.706
6417.508 -86.399
6418.525 -86.428
6419.542 -86.715
6420.560 -86.764
6421.576 -86.661
6422.593 -86.698
6423.611 -86.804
6424.628 -86.701
6425.645 -86.408
6426.662 -86.377
6427.680 -86.554
6428.697 -86.552
6429.714 -86.350
6430.732 -86.333
6431.749 -86.369
6432.766 -86.328
6433.783 -86.420
6434.800 -86.581
6435.818 -86.515
6436.835 -86.556
6437.848 -86.476
6438.866 -86.378
6439.883 -86.469
6440.901 -86.547
6441.918 -86.419
6442.935 -86.419
6443.953 -86.533
6444.970 -86.649
6445.987 -86.749
6447.004 -86.465
6448.022 -86.332
6449.039 -86.298
6450.056 -86.405
6451.074 -86.357
6452.091 -86.516
6453.108 -86.309
6454.125 -86.384
6455.142 -86.429
6456.159 -86.292
6457.177 -86.210
6458.194 -86.116
6459.211 -86.260
6460.228 -86.434
6461.245 -86.290
6462.262 -86.287
6463.280 -86.478
6464.297 -86.340
6465.314 -86.080
6466.331 -86.161
6467.348 -86.465
6468.366 -86.333
6469.383 -86.227
6470.401 -86.317
6471.418 -86.236
6472.436 -86.248
6473.452 -86.067
6474.470 -86.345
6475.486 -86.301
6476.504 -86.193
6477.521 -86.220
6478.538 -86.091
6479.554 -85.998
6480.571 -86.101
6481.589 -86.227
6482.605 -86.244
6483.623 -86.129
6484.640 -86.138
6485.658 -86.269
6486.675 -86.265
6487.692 -86.109
6488.709 -86.042
6489.726 -86.119
6490.743 -86.263
6491.761 -86.290
6492.778 -86.170
6493.796 -86.003
6494.813 -85.853
6495.831 -85.889
6496.848 -85.906
6497.865 -85.817
6498.882 -85.791
6499.900 -86.016
6500.916 -86.083
6501.934 -85.930
6502.952 -86.106
6503.969 -86.016
6504.986 -85.991
6506.003 -85.994
6507.020 -86.115
6508.038 -85.979
6509.056 -86.028
6510.073 -86.090
6511.091 -85.951
6512.109 -85.788
6513.126 -86.032
6514.143 -85.999
6515.160 -85.835
6516.178 -85.830
6517.195 -85.991
6518.212 -86.137
6519.229 -85.990
6520.246 -85.744
6521.263 -85.653
6522.281 -85.810
6523.298 -85.722
6524.316 -85.926
6525.332 -86.030
6526.349 -85.805
6527.366 -86.016
6528.384 -85.972
6529.400 -85.776
6530.418 -85.832
6531.435 -85.923
6532.452 -85.634
6533.469 -85.868
6534.486 -85.687
6535.503 -85.689
6536.521 -85.834
6537.535 -85.820
6538.552 -85.664
6539.570 -85.806
6540.587 -85.891
6541.604 -85.898
6542.621 -85.918
6543.638 -85.824
6544.654 -85.807
6545.672 -85.690
6546.689 -85.835
6547.706 -85.850
6548.723 -85.668
6549.741 -85.556
6550.758 -85.503
6551.776 -85.748
6552.793 -85.888
6553.809 -85.918
6554.827 -85.810
6555.844 -85.722
6556.861 -85.685
6557.879 -85.556
6558.896 -85.703
6559.913 -85.883
6560.931 -85.878
6561.948 -85.868
6562.965 -85.633
6563.983 -85.662
6564.999 -85.806
6566.016 -85.703
6567.033 -85.648
6568.051 -85.747
6569.068 -85.561
6570.085 -85.481
6571.103 -85.648
6572.120 -85.517
6573.137 -85.491
6574.155 -85.628
6575.173 -85.644
6576.190 -85.629
6577.206 -85.775
6578.222 -85.740
6579.237 -85.856
6580.254 -85.937
6581.271 -85.800
6582.287 -85.789
6583.304 -85.603
6584.320 -85.626
6585.338 -85.508
6586.355 -85.708
6587.372 -85.845
6588.389 -85.543
6589.407 -85.491
6590.424 -85.691
6591.441 -85.616
6592.458 -85.718
6593.475 -85.716
6594.493 -85.612
6595.510 -85.746
6596.527 -85.928
6597.544 -85.861
6598.561 -85.929
6599.578 -85.925
6600.594 -85.663
6601.612 -85.639
6602.629 -85.886
6603.646 -85.917
6604.663 -85.783
6605.680 -85.815
6606.697 -85.789
6607.714 -85.854
6608.732 -85.855
6609.749 -85.874
6610.765 -85.980
6611.783 -85.957
6612.800 -85.842
6613.817 -85.755
6614.834 -85.763
6615.851 -85.738
6616.868 -85.713
6617.885 -85.784
6618.902 -85.753
6619.919 -85.786
6620.937 -85.823
6621.954 -85.698
6622.971 -85.889
6623.988 -85.994
6625.006 -85.987
6626.023 -85.812
6627.040 -85.719
6628.058 -85.664
6629.075 -85.700
6630.092 -85.859
6631.110 -85.747
6632.127 -85.941
6633.144 -85.839
6634.162 -85.739
6635.179 -85.640
6636.195 -85.631
6637.213 -85.893
6638.229 -86.094
6639.246 -85.953
6640.263 -85.989
6641.280 -86.117
6642.297 -85.849
6643.314 -85.851
6644.332 -85.836
6645.349 -85.786
6646.366 -86.214
6647.383 -86.226
6648.401 -86.241
6649.418 -85.993
6650.436 -85.938
6651.453 -85.992
6652.470 -86.298
6653.487 -86.104
6654.504 -85.916
6655.522 -85.996
6656.539 -86.038
6657.556 -86.064
6658.574 -85.971
6659.591 -86.052
6660.608 -86.144
6661.626 -86.182
6662.643 -86.177
6663.661 -86.036
6664.678 -85.982
6665.695 -86.169
6666.712 -86.191
6667.730 -86.105
6668.747 -86.072
6669.764 -86.103
6670.781 -86.229
6671.799 -86.326
6672.816 -86.267
6673.833 -86.246
6674.850 -86.223
6675.867 -86.246
6676.884 -86.171
6677.901 -86.228
6678.918 -86.220
6679.935 -86.145
6680.952 -86.080
6681.969 -86.155
6682.986 -86.270
6684.003 -86.501
6685.020 -86.497
6686.038 -86.327
6687.055 -86.125
6688.072 -86.223
6689.089 -86.365
6690.106 -86.322
6691.123 -86.221
6692.141 -86.263
6693.158 -86.350
6694.175 -86.224
6695.191 -86.417
6696.208 -86.543
6697.225 -86.379
6698.242 -86.225
6699.260 -86.476
6700.277 -86.488
6701.295 -86.398
6702.312 -86.588
6703.329 -86.241
6704.347 -86.246
6705.364 -86.379
6706.381 -86.389
6707.398 -86.306
6708.416 -86.346
6709.433 -86.554
6710.451 -86.450
6711.468 -86.304
6712.485 -86.376
6713.503 -86.358
6714.520 -86.497
6715.537 -86.680
6716.555 -86.714
6717.572 -86.827
6718.590 -86.880
6719.606 -86.600
6720.624 -86.585
6721.641 -86.697
6722.657 -86.600
6723.675 -86.496
6724.692 -86.669
6725.710 -86.747
6726.727 -86.704
6727.744 -86.701
6728.761 -86.749
6729.779 -86.750
6730.796 -86.637
6731.813 -86.613
6732.830 -86.632
6733.848 -86.698
6734.865 -86.798
6735.882 -86.659
6736.899 -86.547
6737.916 -86.533
6738.933 -86.664
6739.950 -86.773
6740.968 -86.878
6741.985 -86.894
6743.002 -86.792
6744.018 -86.780
6745.036 -86.930
6746.053 -86.932
6747.070 -86.688
6748.087 -86.605
6749.105 -86.613
6750.122 -86.907
6751.139 -86.907
6752.157 -86.937
6753.174 -86.812
6754.191 -86.763
6755.208 -87.011
6756.225 -86.824
6757.243 -87.038
6758.259 -87.076
6759.275 -86.904
6760.290 -86.876
6761.306 -86.809
6762.323 -86.937
6763.339 -87.154
6764.357 -87.137
6765.374 -86.980
6766.391 -87.154
6767.408 -87.153
6768.425 -87.021
6769.443 -87.114
6770.459 -87.038
6771.476 -86.885
6772.494 -86.917
6773.510 -86.943
6774.527 -86.906
6775.545 -87.127
6776.562 -87.006
6777.579 -87.177
6778.597 -87.103
6779.614 -86.995
6780.631 -87.186
6781.648 -87.154
6782.665 -87.222
6783.683 -87.194
6784.700 -87.283
6785.716 -87.266
6786.733 -87.189
6787.750 -87.128
6788.767 -87.206
6789.785 -87.217
6790.802 -87.271
6791.819 -87.331
6792.836 -87.345
6793.853 -87.378
6794.871 -87.272
6795.888 -87.279
6796.905 -87.449
6797.923 -87.444
6798.940 -87.384
6799.958 -87.305
6800.975 -87.363
6801.992 -87.264
6803.009 -87.306
6804.027 -87.386
6805.044 -87.326
6806.061 -87.264
6807.078 -87.254
6808.095 -87.190
6809.112 -87.486
6810.129 -87.556
6811.146 -87.638
6812.164 -87.402
6813.181 -87.273
6814.198 -87.452
6815.216 -87.637
6816.233 -87.591
6817.251 -87.280
6818.268 -87.392
6819.285 -87.468
6820.302 -87.328
6821.319 -87.267
6822.336 -87.499
6823.354 -87.605
6824.371 -87.579
6825.389 -87.653
6826.406 -87.467
6827.423 -87.545
6828.441 -87.427
6829.458 -87.652
6830.476 -87.333
6831.493 -87.352
6832.510 -87.491
6833.528 -87.507
6834.544 -87.476
6835.560 -87.508
6836.577 -87.601
6837.595 -87.505
6838.613 -87.550
6839.630 -87.626
6840.647 -87.750
6841.664 -87.794
6842.682 -87.827
6843.699 -87.759
6844.716 -87.514
6845.734 -87.581
6846.751 -87.797
6847.768 -87.795
6848.786 -87.679
6849.803 -87.735
6850.821 -87.794
6851.838 -87.861
6852.855 -87.982
6853.872 -87.900
6854.889 -87.855
6855.907 -87.938
6856.924 -87.862
6857.942 -87.812
6858.960 -87.879
6859.977 -87.868
6860.994 -88.010
6862.011 -87.952
6863.029 -87.991
6864.046 -88.067
6865.063 -88.084
6866.081 -88.095
6867.098 -87.891
6868.115 -87.822
6869.132 -87.899
6870.149 -88.104
6871.165 -88.072
6872.183 -87.958
6873.200 -88.075
6874.217 -88.378
6875.234 -88.166
6876.252 -88.125
6877.269 -88.227
6878.286 -88.097
6879.303 -88.186
6880.320 -87.977
6881.337 -88.028
6882.354 -88.041
6883.372 -88.249
6884.389 -88.334
6885.407 -88.226
6886.424 -88.203
6887.441 -88.374
6888.459 -88.221
6889.476 -88.292
6890.493 -88.393
6891.510 -88.364
6892.528 -88.491
6893.545 -88.618
6894.562 -88.722
6895.579 -88.846
6896.597 -88.970
6897.614 -89.076
6898.630 -89.211
6899.647 -89.322
6900.665 -89.438
6901.682 -89.609
6902.700 -89.681
6903.717 -89.844
6904.734 -89.948
6905.751 -90.065
6906.768 -88.839
6907.786 -88.432
6908.803 -88.447
6909.820 -88.663
6910.837 -88.731
6911.854 -88.679
6912.871 -88.853
