0.000 4.343
0.115 10.237
0.229 16.118
0.346 22.113
0.463 28.154
0.580 34.113
0.697 40.114
0.813 46.100
0.930 52.090
1.047 58.097
1.164 64.079
1.281 70.106
1.398 76.078
1.515 82.102
1.632 88.090
1.749 94.092
1.866 100.139
1.983 106.179
2.100 112.203
2.217 118.212
2.334 124.227
2.451 130.252
2.568 136.277
2.686 142.307
2.802 148.296
2.920 154.284
3.036 160.262
3.153 166.295
3.270 172.285
3.387 178.308
3.503 184.233
3.619 190.138
3.737 196.186
3.853 202.181
3.970 208.169
4.087 214.181
4.205 220.156
4.322 226.185
4.439 232.198
4.556 238.207
4.673 244.227
4.790 250.276
4.907 256.263
5.024 262.288
5.141 268.354
5.258 274.368
5.375 280.358
5.492 286.394
5.610 292.412
5.727 298.474
5.844 304.417
5.960 310.412
6.078 316.440
6.195 322.458
6.312 328.432
6.428 334.404
6.545 340.400
6.661 346.376
6.778 352.341
6.895 358.310
7.013 364.303
7.130 180.790
7.247 186.549
7.364 192.271
7.481 197.981
7.598 203.760
7.715 209.513
7.832 215.277
7.949 221.076
8.066 226.843
8.183 232.572
8.301 238.420
8.417 244.131
8.535 249.975
8.652 255.723
8.769 261.506
8.886 267.299
9.003 273.062
9.120 278.866
9.237 284.658
9.354 290.426
9.471 296.230
9.588 301.956
9.705 307.735
9.822 313.445
9.939 319.175
10.056 324.951
10.173 330.711
10.290 336.439
10.407 342.217
10.524 347.944
10.641 353.687
10.758 359.450
10.876 365.292
10.993 371.067
11.110 376.825
11.227 382.624
11.345 388.386
11.462 394.150
12.480 444.065
13.497 494.022
14.515 544.089
15.532 159.445
16.550 209.342
17.567 259.596
18.584 309.691
19.601 359.371
20.619 409.431
21.636 459.358
22.653 509.223
23.671 188.735
24.688 238.596
25.705 288.261
26.722 338.037
27.739 388.012
28.756 438.074
29.774 487.935
30.792 537.788
31.809 181.947
32.826 231.935
33.842 281.606
34.857 331.428
35.873 381.363
36.890 431.235
37.906 481.136
38.924 531.062
39.941 581.005
40.958 196.043
41.975 245.899
42.992 295.945
44.009 345.761
45.026 395.536
46.043 445.421
47.060 495.254
48.077 545.220
49.094 171.570
50.111 221.427
51.128 271.272
52.144 321.109
53.162 371.136
54.178 421.070
55.195 470.911
56.212 520.767
57.229 134.057
58.246 135.431
59.263 137.114
60.281 -77.274
61.298 -73.589
62.315 29.064
63.333 32.569
64.350 55.751
65.367 59.615
66.383 63.161
67.400 -126.145
68.417 -124.339
69.434 -120.686
70.451 -155.635
71.468 -151.734
72.485 -147.922
73.502 -144.357
74.520 -140.781
75.538 -38.480
76.555 -34.496
77.573 -30.819
78.590 -27.104
79.607 -87.954
80.624 -84.354
81.642 -80.627
82.659 -76.968
83.676 -73.537
84.694 -69.828
85.712 -65.769
86.730 -60.356
87.747 -56.889
88.764 -53.104
89.782 -49.737
90.798 -45.975
91.816 -42.037
92.832 -38.525
93.850 -34.800
94.867 -31.076
95.884 -27.392
96.902 -23.801
97.919 -19.995
98.936 -16.402
99.954 -12.724
100.971 -8.920
101.988 -5.086
103.005 -1.359
104.022 2.151
105.045 5.797
106.062 9.582
107.080 13.314
108.096 16.983
109.114 20.718
110.130 24.336
111.147 27.869
112.163 31.670
113.181 35.495
114.198 39.294
115.216 43.009
116.233 46.527
117.250 50.038
118.267 53.693
119.285 57.532
120.302 61.360
121.320 65.064
122.337 68.667
123.354 72.232
124.371 75.844
125.388 79.653
126.405 83.498
127.423 87.233
128.439 90.879
129.456 94.538
130.474 98.362
131.490 102.006
132.508 105.580
133.525 109.341
134.542 113.015
135.559 116.802
136.577 120.591
137.594 123.904
138.611 127.891
139.629 131.633
140.645 135.041
141.663 138.668
142.680 142.567
143.697 146.260
144.714 150.006
145.732 153.626
146.749 157.376
147.767 161.301
148.784 164.771
149.801 168.631
150.818 172.365
151.835 175.882
152.853 179.618
153.870 183.272
154.888 186.855
155.906 190.563
156.923 190.781
157.941 190.301
158.958 189.728
159.975 188.952
160.993 188.301
162.010 187.804
163.027 187.145
164.044 186.565
165.062 185.849
166.078 185.146
167.095 184.642
168.113 183.836
169.130 183.124
170.147 182.491
171.164 182.193
172.181 181.755
173.199 181.142
174.216 180.434
175.233 179.828
176.250 179.244
177.268 178.609
178.285 177.986
179.302 177.371
180.320 176.671
181.337 176.055
182.355 175.401
183.372 174.866
184.390 174.299
185.407 173.525
186.424 173.181
187.442 172.291
188.459 171.605
189.476 171.048
190.493 170.383
191.511 170.105
192.528 169.447
193.546 168.666
194.563 167.927
195.581 167.348
196.598 166.973
197.615 166.333
198.633 165.710
199.650 164.910
200.667 164.223
201.684 163.677
202.701 163.034
203.719 162.458
204.736 161.927
205.753 161.174
206.771 160.645
207.789 160.018
208.806 159.557
209.823 158.960
210.840 158.197
211.859 157.461
212.877 156.904
213.894 156.246
214.909 155.736
215.925 155.880
216.940 155.795
217.956 155.654
218.972 155.611
219.989 155.715
221.006 155.778
222.023 155.672
223.040 155.549
224.057 155.707
225.074 155.842
226.091 155.913
227.108 155.821
228.125 155.639
229.142 155.749
230.158 155.746
231.175 155.856
232.192 155.966
233.209 156.233
234.226 156.503
235.243 156.702
236.259 156.942
237.277 157.159
238.294 157.472
239.311 157.746
240.329 157.818
241.345 158.179
242.363 158.330
243.380 158.760
244.397 159.009
245.414 159.100
246.432 159.384
247.449 159.663
248.465 160.029
249.482 160.297
250.499 160.421
251.517 160.815
252.534 160.863
253.551 161.178
254.568 161.522
255.585 161.666
256.602 161.726
257.618 162.220
258.635 162.454
259.652 162.521
260.670 162.905
261.686 163.012
262.704 163.307
263.721 163.448
264.737 163.624
265.755 164.039
266.772 164.277
267.790 164.424
268.807 164.788
269.824 165.123
270.841 165.290
271.859 165.505
272.876 165.872
273.893 166.095
274.910 166.436
275.927 166.616
276.944 166.951
277.961 167.228
278.978 167.314
279.996 167.305
281.012 167.336
282.030 167.381
283.046 167.334
284.064 167.365
285.081 167.398
286.099 167.419
287.115 167.484
288.132 167.367
289.149 167.248
290.166 167.206
291.184 167.224
292.201 167.362
293.218 167.264
294.235 167.167
295.252 166.839
296.269 166.418
297.288 166.426
298.305 166.228
299.322 166.092
300.340 165.855
301.357 165.476
302.374 165.134
303.392 165.143
304.409 165.068
305.426 164.780
306.444 164.653
307.461 164.345
308.479 164.169
309.496 163.815
310.514 163.729
311.531 163.470
312.549 163.385
313.566 163.253
314.582 162.884
315.599 162.652
316.617 162.412
317.633 162.231
318.651 162.137
319.668 162.085
320.686 161.775
321.703 161.664
322.721 161.465
323.738 161.060
324.755 160.880
325.773 160.509
326.790 160.298
327.807 160.257
328.824 160.086
329.842 159.979
330.859 159.523
331.877 159.300
332.893 159.266
333.910 159.175
334.928 158.944
335.945 158.696
336.962 158.577
337.979 158.435
338.996 158.106
340.014 157.729
341.032 157.524
342.049 157.697
343.066 157.766
344.084 157.809
345.101 157.919
346.118 157.825
347.134 157.813
348.151 157.900
349.168 157.809
350.186 157.711
351.202 157.845
352.219 157.914
353.237 157.903
354.254 157.911
355.272 158.093
356.288 158.237
357.306 158.109
358.323 158.153
359.340 158.193
360.357 158.260
361.374 158.194
362.391 158.346
363.408 158.400
364.426 158.388
365.443 158.333
366.460 158.155
367.478 158.152
368.495 158.098
369.513 158.251
370.530 158.335
371.547 158.433
372.564 158.344
373.582 158.473
374.599 158.290
375.616 158.558
376.633 158.698
377.650 158.386
378.668 158.584
379.685 158.627
380.702 158.532
381.719 158.628
382.737 158.449
383.754 158.521
384.771 158.494
385.788 158.717
386.806 158.762
387.823 158.778
388.841 158.807
389.858 158.760
390.875 158.656
391.893 158.848
392.910 158.928
393.927 158.771
394.945 158.880
395.963 158.973
396.979 159.176
397.995 159.150
399.010 159.073
400.025 158.990
401.042 158.993
402.059 159.173
403.075 159.313
404.092 159.173
405.109 159.205
406.125 159.275
407.142 159.221
408.159 159.230
409.177 159.331
410.199 159.375
411.216 159.305
412.233 159.421
413.250 159.595
414.267 159.633
415.284 159.584
416.301 159.553
417.318 159.582
418.334 159.662
419.351 159.779
420.369 159.618
421.386 159.535
422.403 159.848
423.420 159.976
424.437 159.932
425.454 159.943
426.471 159.869
427.488 159.952
428.506 160.032
429.523 159.909
430.540 159.689
431.557 160.055
432.575 160.194
433.591 159.971
434.608 159.901
435.625 160.015
436.642 160.192
437.659 160.313
438.676 160.089
439.693 159.977
440.710 160.140
441.727 160.280
442.744 160.446
443.761 160.374
444.778 160.241
445.796 160.321
446.813 160.204
447.830 160.272
448.847 160.442
449.864 160.704
450.881 160.831
451.898 160.680
452.916 160.689
453.933 160.679
454.950 160.694
455.968 160.824
456.985 160.945
458.002 160.899
459.019 160.902
460.037 160.903
461.054 160.911
462.071 160.752
463.088 160.741
464.105 160.869
465.123 161.005
466.140 161.201
467.156 161.038
468.173 161.068
469.190 161.117
470.207 161.216
471.224 161.282
472.242 161.453
473.259 161.475
474.276 161.353
475.294 161.453
476.311 161.493
477.328 161.483
478.346 161.406
479.363 161.379
480.380 161.491
481.397 161.534
482.413 161.535
483.431 161.821
484.448 161.888
485.466 161.917
486.483 161.928
487.500 161.769
488.517 161.960
489.535 161.807
490.552 161.676
491.570 161.898
492.587 162.154
493.604 162.154
494.621 162.012
495.637 162.267
496.653 162.179
497.670 162.245
498.687 162.167
499.704 162.327
500.722 162.436
501.739 162.255
502.757 162.088
503.774 162.299
504.792 162.391
505.809 162.340
506.827 162.266
507.844 162.487
508.862 162.524
509.879 162.223
510.897 162.197
511.914 162.380
512.931 162.339
513.949 162.382
514.966 162.355
515.984 162.440
517.001 162.395
518.019 162.239
519.035 162.171
520.053 162.287
521.070 162.253
522.087 162.183
523.104 162.243
524.122 162.295
525.139 162.344
526.157 162.166
527.174 161.960
528.191 162.023
529.209 162.108
530.226 161.980
531.243 162.007
532.260 162.158
533.278 162.159
534.295 162.216
535.312 162.182
536.329 162.269
537.346 162.247
538.364 162.378
539.381 162.384
540.398 162.271
541.415 162.452
542.432 162.372
543.450 162.367
544.466 162.733
545.484 162.706
546.502 162.729
547.519 162.767
548.537 162.697
549.554 162.790
550.571 162.730
551.588 162.838
552.605 162.750
553.622 162.706
554.640 162.725
555.657 163.066
556.674 162.921
557.691 162.929
558.709 163.096
559.726 163.192
560.744 163.247
561.761 163.104
562.779 163.114
563.796 163.255
564.814 163.243
565.831 163.309
566.848 163.459
567.866 163.449
568.882 163.433
569.900 163.609
570.916 163.816
571.934 163.999
572.950 164.111
573.968 164.195
574.985 164.356
576.004 164.444
577.021 164.713
578.037 164.874
579.052 164.943
580.068 165.061
581.084 165.223
582.101 165.341
583.117 165.460
584.134 165.503
585.151 165.808
586.168 165.900
587.185 165.924
588.202 165.974
589.218 166.277
590.235 166.472
591.251 166.632
592.268 166.798
593.285 167.071
594.302 167.126
595.319 167.405
596.336 167.404
597.353 167.630
598.370 167.808
599.387 167.931
600.404 167.852
601.421 168.060
602.438 168.202
603.455 168.452
604.471 168.586
605.489 168.485
606.506 168.695
607.523 169.050
608.540 169.305
609.557 169.358
610.574 169.184
611.592 169.388
612.609 169.538
613.625 170.041
614.643 170.139
615.660 170.168
616.677 170.372
617.694 170.468
618.712 170.495
619.729 170.546
620.746 170.671
621.763 170.977
622.780 171.170
623.797 171.164
624.814 171.040
625.832 171.103
626.849 171.313
627.866 171.448
628.883 171.256
629.900 171.055
630.918 171.066
631.934 171.155
632.951 171.297
633.968 171.162
634.986 171.195
636.002 171.218
637.020 171.215
638.037 171.307
639.053 171.380
640.070 171.407
641.087 171.340
642.105 171.286
643.122 171.362
644.139 171.214
645.157 171.098
646.174 171.027
647.191 171.136
648.208 171.333
649.225 171.251
650.243 171.317
651.259 171.372
652.277 171.305
653.294 171.157
654.311 171.141
655.328 171.237
656.345 171.273
657.363 171.236
658.380 171.250
659.397 171.077
660.414 171.166
661.432 171.276
662.449 171.212
663.466 171.367
664.483 171.175
665.501 171.262
666.518 171.224
667.535 171.076
668.552 171.334
669.569 171.116
670.586 171.427
671.603 171.249
672.621 171.331
673.638 171.090
674.655 171.103
675.672 171.126
676.689 171.280
677.707 171.005
678.724 170.956
679.741 171.206
680.759 171.227
681.776 171.117
682.793 171.224
683.810 171.204
684.827 171.268
685.844 171.319
686.861 171.301
687.878 171.197
688.896 171.254
689.913 171.376
690.930 171.208
691.947 171.039
692.964 171.135
693.981 171.076
694.999 170.988
696.015 170.989
697.033 171.191
698.050 171.265
699.068 171.091
700.085 171.008
701.103 170.957
702.120 171.040
703.138 171.222
704.155 171.192
705.172 171.253
706.189 171.385
707.207 171.211
708.223 171.229
709.240 171.416
710.257 171.234
711.275 171.230
712.292 171.305
713.309 171.306
714.326 171.258
715.343 171.098
716.360 171.092
717.378 170.888
718.395 170.990
719.412 171.283
720.430 171.358
721.447 171.191
722.464 171.198
723.482 171.302
724.499 171.293
725.516 171.391
726.534 171.195
727.551 171.094
728.568 171.159
729.585 171.049
730.603 171.016
731.619 171.240
732.636 171.310
733.654 171.211
734.671 171.124
735.688 171.297
736.705 171.371
737.722 171.287
738.739 171.376
739.757 171.433
740.774 171.313
741.791 171.105
742.809 171.147
743.826 170.972
744.843 170.903
745.860 170.909
746.878 171.169
747.895 171.246
748.913 171.116
749.930 171.040
750.947 171.108
751.964 171.231
752.981 171.141
753.999 171.157
755.015 171.307
756.032 171.268
757.050 171.146
758.067 171.079
759.085 170.926
760.103 170.964
761.120 171.021
762.136 170.976
763.151 170.988
764.166 171.163
765.182 171.189
766.197 171.240
767.214 171.275
768.230 171.222
769.247 171.359
770.264 171.407
771.280 171.518
772.298 171.520
773.314 171.615
774.331 171.813
775.348 171.968
776.365 172.254
777.382 172.533
778.400 172.514
779.417 172.802
780.434 173.012
781.450 173.183
782.468 173.010
783.484 172.924
784.501 173.183
785.518 173.416
786.535 173.622
787.552 173.930
788.569 173.975
789.586 174.012
790.603 174.352
791.621 174.307
792.638 174.438
793.655 174.554
794.672 174.963
795.689 174.947
796.706 175.198
797.724 175.468
798.741 175.514
799.758 175.724
800.775 175.948
801.792 176.009
802.809 176.238
803.826 176.302
804.844 176.214
805.861 176.331
806.878 176.638
807.895 176.775
808.912 176.829
809.930 176.933
810.947 177.302
811.965 177.398
812.982 177.528
813.999 177.613
815.016 177.830
816.033 177.990
817.051 178.061
818.068 178.131
819.085 178.271
820.102 178.496
821.120 178.665
822.138 178.868
823.155 178.958
824.172 179.180
825.189 179.522
826.206 179.687
827.223 179.614
828.240 179.597
829.258 179.715
830.275 180.040
831.292 180.254
832.310 180.462
833.326 180.599
834.344 180.494
835.361 180.572
836.378 180.908
837.395 181.006
838.412 180.926
839.430 181.173
840.447 181.218
841.464 181.364
842.481 181.693
843.498 181.571
844.515 181.835
845.531 181.941
846.548 182.228
847.566 182.389
848.584 182.472
849.601 182.398
850.618 182.623
851.635 182.809
852.652 182.961
853.669 183.189
854.687 183.436
855.704 183.331
856.721 183.375
857.738 183.719
858.756 183.958
859.773 183.966
860.790 183.898
861.807 183.889
862.825 184.222
863.842 184.454
864.859 184.643
865.877 184.567
866.894 184.531
867.911 184.680
868.929 184.861
869.946 185.071
870.964 185.004
871.981 185.061
872.998 185.363
874.015 185.391
875.033 185.368
876.050 185.529
877.067 185.747
878.084 186.037
879.102 186.094
880.119 185.978
881.136 186.209
882.154 186.366
883.171 186.483
884.189 186.638
885.205 186.707
886.222 186.885
887.240 186.981
888.257 186.981
889.274 187.201
890.292 187.194
891.309 187.302
892.326 187.390
893.344 187.660
894.361 187.921
895.378 187.810
896.395 187.832
897.413 187.996
898.430 188.144
899.447 188.155
900.464 188.481
901.481 188.568
902.499 188.621
903.516 188.837
904.534 188.940
905.552 188.972
906.569 188.972
907.586 189.175
908.604 189.284
909.621 189.522
910.638 189.532
911.655 189.506
912.672 189.667
913.690 189.861
914.707 190.064
915.723 190.340
916.741 190.342
917.758 190.295
918.775 190.573
919.792 190.659
920.810 190.721
921.827 190.894
922.845 191.032
923.862 191.218
924.879 191.118
925.896 191.260
926.913 191.448
927.930 191.478
928.947 191.462
929.964 191.646
930.982 191.972
931.999 192.201
933.016 192.155
934.033 192.084
935.050 192.177
936.068 192.348
937.085 192.529
938.102 192.596
939.120 192.678
940.137 192.923
941.154 193.122
942.171 193.100
943.190 193.279
944.208 193.453
945.225 193.508
946.240 193.581
947.256 193.559
948.271 193.744
949.287 193.838
950.304 193.979
951.320 194.121
952.338 194.363
953.355 194.471
954.372 194.560
955.390 194.728
956.407 194.765
957.424 194.921
958.441 195.086
959.457 195.126
960.474 195.088
961.491 195.141
962.508 195.492
963.525 195.571
964.542 195.638
965.560 195.728
966.577 195.905
967.594 196.044
968.611 196.210
969.628 196.060
970.645 196.104
971.662 196.473
972.680 196.599
973.697 196.797
974.714 196.866
975.731 197.049
976.748 197.077
977.765 197.241
978.782 197.398
979.799 197.289
980.816 197.496
981.834 197.452
982.850 197.582
983.868 197.625
984.884 197.802
985.902 198.254
986.919 198.445
987.937 198.403
988.954 198.450
989.972 198.417
990.989 198.683
992.006 198.844
993.023 198.884
994.040 199.148
995.058 199.131
996.075 199.122
997.091 199.339
998.109 199.570
999.126 199.545
1000.144 199.555
1001.161 199.704
1002.178 199.844
1003.196 200.029
1004.212 200.370
1005.229 200.605
1006.246 200.732
1007.264 200.623
1008.281 200.631
1009.298 200.832
1010.316 200.804
1011.333 200.857
1012.350 200.896
1013.367 201.114
1014.385 201.040
1015.402 201.003
1016.419 200.906
1017.435 200.885
1018.452 201.053
1019.469 200.981
1020.486 201.145
1021.503 201.145
1022.521 201.191
1023.538 201.130
1024.555 201.060
1025.572 200.882
1026.588 201.314
1027.606 201.277
1028.623 201.365
1029.640 201.107
1030.657 201.157
1031.675 201.112
1032.692 201.152
1033.709 201.444
1034.726 201.423
1035.744 201.352
1036.761 201.479
1037.778 201.607
1038.795 201.583
1039.812 201.467
1040.831 201.612
1041.848 201.617
1042.865 201.784
1043.882 201.664
1044.899 201.441
1045.917 201.521
1046.934 201.712
1047.951 201.656
1048.967 201.609
1049.985 201.735
1051.002 201.723
1052.019 201.673
1053.036 201.660
1054.053 201.684
1055.070 201.752
1056.087 201.697
1057.105 201.702
1058.122 201.781
1059.138 202.028
1060.156 202.224
1061.173 202.098
1062.190 201.955
1063.208 201.888
1064.225 202.115
1065.242 202.250
1066.260 202.356
1067.277 202.513
1068.295 202.762
1069.312 202.858
1070.329 202.948
1071.346 203.078
1072.363 203.210
1073.380 203.186
1074.397 203.274
1075.415 203.283
1076.432 203.420
1077.449 203.610
1078.467 203.702
1079.484 203.882
1080.502 204.136
1081.518 204.086
1082.536 204.084
1083.553 204.425
1084.570 204.393
1085.587 204.432
1086.604 204.784
1087.621 204.941
1088.639 205.162
1089.657 205.270
1090.674 205.195
1091.691 205.226
1092.708 205.505
1093.725 205.755
1094.742 205.613
1095.760 205.862
1096.776 205.874
1097.794 205.966
1098.811 206.163
1099.829 206.239
1100.846 206.334
1101.864 206.605
1102.881 206.608
1103.899 206.619
1104.917 206.798
1105.934 207.077
1106.951 207.141
1107.968 207.428
1108.985 207.504
1110.003 207.619
1111.020 207.646
1112.037 207.738
1113.054 207.731
1114.072 207.831
1115.089 207.953
1116.106 208.064
1117.124 208.142
1118.141 208.304
1119.158 208.573
1120.175 208.680
1121.192 208.732
1122.210 208.950
1123.227 209.106
1124.245 208.985
1125.262 209.088
1126.279 209.229
1127.297 209.544
1128.315 209.760
1129.331 209.826
1130.347 209.739
1131.362 210.031
1132.378 210.202
1133.394 210.229
1134.410 210.328
1135.427 210.453
1136.444 210.629
1137.461 210.838
1138.478 211.050
1139.495 210.849
1140.512 210.856
1141.529 211.239
1142.546 211.162
1143.563 211.299
1144.580 211.452
1145.597 211.570
1146.615 212.014
1147.632 211.915
1148.649 211.965
1149.666 212.029
1150.683 212.198
1151.700 212.485
1152.717 212.683
1153.734 212.566
1154.751 212.795
1155.768 212.906
1156.785 213.229
1157.802 213.214
1158.819 213.118
1159.836 213.413
1160.853 213.608
1161.870 213.625
1162.887 213.489
1163.904 213.610
1164.921 213.904
1165.939 214.184
1166.956 214.265
1167.972 214.284
1168.989 214.280
1170.007 214.480
1171.024 214.543
1172.041 214.552
1173.058 214.697
1174.075 214.974
1175.092 215.137
1176.109 215.103
1177.126 215.311
1178.143 215.533
1179.160 215.621
1180.177 215.601
1181.194 215.639
1182.210 215.604
1183.227 215.677
1184.245 215.847
1185.263 215.738
1186.280 215.833
1187.297 216.001
1188.314 215.991
1189.332 215.988
1190.349 216.128
1191.366 216.051
1192.383 216.087
1193.401 215.969
1194.418 216.115
1195.435 216.273
1196.452 216.294
1197.469 216.081
1198.486 216.062
1199.503 216.364
1200.521 216.392
1201.537 216.520
1202.554 216.609
1203.572 216.593
1204.590 216.470
1205.606 216.605
1206.623 216.387
1207.640 216.468
1208.657 216.799
1209.675 216.743
1210.691 216.991
1211.709 216.923
1212.725 216.953
1213.743 216.802
1214.760 217.108
1215.778 217.221
1216.795 216.974
1217.813 216.868
1218.829 216.936
1219.847 217.144
1220.864 217.256
1221.881 217.381
1222.898 217.487
1223.916 217.465
1224.933 217.442
1225.950 217.406
1226.968 217.441
1227.984 217.464
1229.002 217.663
1230.019 217.755
1231.036 217.695
1232.053 217.702
1233.070 217.762
1234.088 217.900
1235.105 217.926
1236.122 217.967
1237.139 218.099
1238.156 218.008
1239.174 217.980
1240.191 218.156
1241.208 218.071
1242.225 217.943
1243.242 218.122
1244.260 218.213
1245.277 218.298
1246.294 218.277
1247.311 218.420
1248.329 218.563
1249.346 218.446
1250.362 218.558
1251.379 218.705
1252.397 218.827
1253.414 218.511
1254.432 218.379
1255.449 218.388
1256.466 218.699
1257.483 218.603
1258.500 218.869
1259.517 218.918
1260.534 218.981
1261.552 219.006
1262.569 219.055
1263.586 218.994
1264.604 218.913
1265.621 218.790
1266.639 218.928
1267.656 218.757
1268.673 218.810
1269.691 219.075
1270.707 219.290
1271.725 219.229
1272.742 219.087
1273.759 219.241
1274.777 219.309
1275.794 219.407
1276.811 219.348
1277.829 219.245
1278.845 219.299
1279.863 219.296
1280.880 219.604
1281.897 219.557
1282.914 219.545
1283.931 219.557
1284.948 219.602
1285.966 219.512
1286.984 219.561
1288.001 219.640
1289.018 219.798
1290.036 219.812
1291.053 219.691
1292.070 219.678
1293.088 219.728
1294.105 219.696
1295.123 219.677
1296.140 219.686
1297.157 219.814
1298.174 220.124
1299.191 220.126
1300.208 220.180
1301.225 220.314
1302.243 220.252
1303.260 220.330
1304.278 220.293
1305.295 220.406
1306.312 220.467
1307.330 220.293
1308.347 220.502
1309.364 220.461
1310.382 220.493
1311.400 220.723
1312.417 220.759
1313.434 220.792
1314.449 220.731
1315.463 220.711
1316.479 220.674
1317.495 220.655
1318.511 220.846
1319.528 220.993
1320.545 221.068
1321.562 221.408
1322.579 221.218
1323.596 221.381
1324.613 221.305
1325.630 221.228
1326.647 221.371
1327.664 221.435
1328.681 221.484
1329.698 221.365
1330.715 221.527
1331.732 221.657
1332.750 221.797
1333.766 221.626
1335.091 221.782
1336.109 221.986
1337.125 221.957
1338.142 221.792
1339.159 221.847
1340.176 222.036
1341.193 222.056
1342.211 222.041
1343.228 222.166
1344.245 222.107
1345.262 222.094
1346.279 222.135
1347.296 222.381
1348.314 222.582
1349.331 222.457
1350.348 222.571
1351.365 222.658
1352.383 222.698
1353.399 222.604
1354.417 222.713
1355.434 222.872
1356.451 222.851
1357.467 222.841
1358.484 223.027
1359.501 222.986
1360.519 223.058
1361.537 223.049
1362.554 222.913
1363.571 223.027
1364.589 223.282
1365.605 223.290
1366.623 223.246
1367.640 223.221
1368.657 223.214
1369.674 223.518
1370.692 223.687
1371.709 223.791
1372.726 223.708
1373.743 223.632
1374.761 223.543
1375.778 223.636
1376.796 224.008
1377.813 224.036
1378.830 224.074
1379.848 223.973
1380.865 224.039
1381.882 224.003
1382.900 224.066
1383.917 224.164
1384.935 224.282
1385.952 224.322
1386.969 224.435
1387.986 224.377
1389.003 224.361
1390.020 224.360
1391.038 224.402
1392.055 224.582
1393.072 224.730
1394.090 224.661
1395.107 224.611
1396.124 224.733
1397.140 224.832
1398.157 224.928
1399.174 225.156
1400.192 225.194
1401.209 225.200
1402.227 225.086
1403.244 225.130
1404.262 225.011
1405.278 225.149
1406.295 225.222
1407.313 225.270
1408.331 225.284
1409.348 225.275
1410.365 225.332
1411.382 225.364
1412.400 225.363
1413.417 225.624
1414.434 225.690
1415.452 225.605
1416.469 225.710
1417.486 225.773
1418.504 225.736
1419.521 225.701
1420.539 225.691
1421.556 225.739
1422.573 225.577
1423.590 225.918
1424.608 225.997
1425.625 225.928
1426.642 225.985
1427.663 225.719
1428.680 225.746
1429.697 226.030
1430.714 225.992
1431.731 226.118
1432.749 226.076
1433.766 225.877
1434.783 226.055
1435.800 225.987
1436.818 226.171
1437.836 226.177
1438.854 226.428
1439.871 226.348
1440.886 226.391
1441.901 226.619
1442.917 226.543
1443.934 226.483
1444.950 226.421
1445.967 226.264
1446.983 226.251
1448.000 226.430
1449.016 226.602
1450.033 226.575
1451.051 226.736
1452.068 226.679
1453.085 226.655
1454.101 226.662
1455.118 226.725
1456.135 226.884
1457.152 226.951
1458.169 226.973
1459.187 226.994
1460.204 227.094
1461.221 227.068
1462.238 227.038
1463.256 227.033
1464.273 227.217
1465.291 227.069
1466.307 226.987
1467.325 227.210
1468.342 227.289
1469.359 227.101
1470.376 227.028
1471.393 226.963
1472.410 227.000
1473.426 227.322
1474.443 227.437
1475.461 227.602
1476.478 227.441
1477.494 227.462
1478.512 227.453
1479.529 227.347
1480.546 227.296
1481.563 227.341
1482.580 227.610
1483.598 227.629
1484.615 227.467
1485.632 227.472
1486.648 227.448
1487.666 227.395
1488.683 227.746
1489.699 227.888
1490.717 227.859
1491.734 227.848
1492.751 227.662
1493.768 227.755
1494.785 227.856
1495.803 227.716
1496.820 227.682
1497.837 227.863
1498.854 227.854
1499.871 227.949
1500.888 227.836
1501.905 227.754
1502.922 227.811
1503.940 227.891
1504.957 228.043
1505.975 228.132
1506.992 228.071
1508.010 228.252
1509.026 228.135
1510.043 228.154
1511.061 228.339
1512.078 228.248
1513.095 228.192
1514.112 228.373
1515.129 228.518
1516.146 228.486
1517.163 228.427
1518.181 228.398
1519.198 228.449
1520.215 228.408
1521.232 228.408
1522.249 228.407
1523.266 228.494
1524.283 228.669
1525.301 228.480
1526.318 228.357
1527.335 228.585
1528.352 228.869
1529.370 228.873
1530.387 228.875
1531.404 228.724
1532.421 228.598
1533.438 228.585
1534.456 228.805
1535.473 228.842
1536.490 228.864
1537.507 228.751
1538.525 228.626
1539.542 228.800
1540.559 229.113
1541.576 229.066
1542.593 228.948
1543.610 228.789
1544.627 228.844
1545.644 228.855
1546.661 228.862
1547.678 228.831
1548.695 228.992
1549.712 229.029
1550.729 229.224
1551.746 229.292
1552.764 229.206
1553.781 229.090
1554.798 229.269
1555.815 229.318
1556.833 229.175
1557.851 229.069
1558.867 229.197
1559.885 229.312
1560.902 229.255
1561.919 229.422
1562.936 229.517
1563.954 229.476
1564.971 229.522
1565.988 229.482
1567.006 229.417
1568.023 229.444
1569.040 229.717
1570.058 229.900
1571.075 229.776
1572.092 229.641
1573.109 229.743
1574.126 229.753
1575.144 229.797
1576.160 229.891
1577.177 230.008
1578.194 229.968
1579.212 229.970
1580.229 229.876
1581.246 229.739
1582.264 229.980
1583.281 229.954
1584.299 229.874
1585.316 230.006
1586.333 229.955
1587.350 230.195
1588.368 230.315
1589.385 230.220
1590.403 230.210
1591.420 230.290
1592.438 230.324
1593.455 230.229
1594.472 230.096
1595.489 230.163
1596.507 230.362
1597.524 230.578
1598.541 230.308
1599.558 230.470
1600.575 230.379
1601.592 230.480
1602.609 230.344
1603.626 230.305
1604.643 230.491
1605.660 230.584
1606.677 230.521
1607.695 230.424
1608.712 230.424
1609.730 230.371
1610.747 230.528
1611.764 230.830
1612.781 230.757
1613.799 230.772
1614.816 230.653
1615.834 230.816
1616.851 230.804
1617.868 230.610
1618.885 230.693
1619.902 230.908
1620.920 230.861
1621.938 230.657
1622.956 230.853
1623.973 230.987
1624.987 231.033
1626.003 231.052
1627.018 230.850
1628.035 230.899
1629.051 231.125
1630.068 231.027
1631.086 230.962
1632.102 231.003
1633.119 231.132
1634.136 231.276
1635.153 231.371
1636.170 231.437
1637.187 231.518
1638.204 231.501
1639.221 231.513
1640.238 231.492
1641.255 231.339
1642.272 231.463
1643.289 231.545
1644.306 231.399
1645.323 231.588
1646.340 231.621
1647.358 231.429
1648.375 231.348
1649.393 231.535
1650.410 231.726
1651.427 231.685
1652.444 231.632
1653.461 231.645
1654.478 231.644
1655.496 231.827
1656.513 231.692
1657.530 231.740
1658.547 231.771
1659.563 231.722
1660.580 231.627
1661.597 231.641
1662.614 231.704
1663.631 231.870
1664.648 231.947
1665.666 231.883
1666.683 232.056
1667.699 231.975
1668.717 232.049
1669.734 232.064
1670.751 232.037
1671.768 232.253
1672.785 232.165
1673.803 232.342
1674.820 232.215
1675.837 232.255
1676.854 232.459
1677.872 232.477
1678.889 232.410
1679.905 232.353
1680.922 232.345
1681.940 232.600
1682.957 232.607
1683.974 232.588
1684.992 232.579
1686.009 232.531
1687.025 232.489
1688.043 232.501
1689.059 232.502
1690.077 232.520
1691.094 232.800
1692.111 232.695
1693.128 232.647
1694.145 232.718
1695.163 232.830
1696.180 233.047
1697.198 233.000
1698.215 232.963
1699.233 232.936
1700.250 233.029
1701.267 233.053
1702.283 233.057
1703.301 232.906
1704.317 232.759
1705.335 232.821
1706.351 233.013
1707.368 232.999
1708.385 233.189
1709.403 233.425
1710.420 233.407
1711.437 233.068
1712.454 232.939
1713.472 233.118
1714.489 233.134
1715.506 233.214
1716.524 233.332
1717.541 233.412
1718.558 233.476
1719.575 233.121
1720.593 233.164
1721.610 233.055
1722.627 233.302
1723.644 233.147
1724.662 233.481
1725.679 233.385
1726.696 233.674
1727.714 233.577
1728.731 233.306
1729.748 233.286
1730.765 233.652
1731.782 233.603
1732.800 233.491
1733.817 233.544
1734.834 233.471
1735.852 233.484
1736.869 233.630
1737.886 233.647
1738.903 233.492
1739.921 233.554
1740.938 233.727
1741.955 233.803
1742.972 233.825
1743.989 233.777
1745.006 233.656
1746.023 233.765
1747.040 233.769
1748.058 233.694
1749.075 233.589
1750.092 233.806
1751.109 233.941
1752.127 233.822
1753.144 233.822
1754.162 233.762
1755.179 233.753
1756.197 233.765
1757.214 233.884
1758.231 233.991
1759.248 234.170
1760.265 234.046
1761.282 233.906
1762.299 234.049
1763.317 233.973
1764.334 234.100
1765.351 234.166
1766.368 234.281
1767.386 234.362
1768.403 234.121
1769.421 234.030
1770.438 234.171
1771.456 234.258
1772.473 234.216
1773.490 234.157
1774.508 234.154
1775.525 234.295
1776.542 234.222
1777.559 234.393
1778.577 234.425
1779.594 234.422
1780.611 234.256
1781.628 234.305
1782.646 234.218
1783.663 234.197
1784.680 234.262
1785.697 234.440
1786.714 234.443
1787.731 234.561
1788.749 234.467
1789.766 234.344
1790.783 234.459
1791.800 234.648
1792.817 234.546
1793.835 234.592
1794.852 234.654
1795.870 234.441
1796.887 234.493
1797.905 234.613
1798.922 234.523
1799.939 234.459
1800.956 234.658
1801.974 234.611
1802.990 234.629
1804.008 234.703
1805.025 234.845
1806.043 234.756
1807.061 234.535
1808.078 234.537
1809.093 234.620
1810.108 234.813
1811.124 234.798
1812.139 234.721
1813.155 234.693
1814.172 234.655
1815.189 234.679
1816.206 234.866
1817.223 234.815
1818.239 234.903
1819.256 235.037
1820.273 234.884
1821.290 234.781
1822.307 234.762
1823.324 234.961
1824.342 235.122
1825.359 235.220
1826.376 234.981
1827.392 234.850
1828.409 235.023
1829.427 235.051
1830.444 235.164
1831.461 235.132
1832.478 235.054
1833.495 234.876
1834.512 234.946
1835.529 235.127
1836.546 235.165
1837.563 235.250
1838.580 235.169
1839.597 235.092
1840.614 235.130
1841.632 235.019
1842.649 235.076
1843.666 234.873
1844.682 235.171
1845.700 235.278
1846.717 235.346
1847.734 235.157
1848.751 235.077
1849.769 235.127
1850.785 235.179
1851.802 235.136
1852.820 235.236
1853.837 235.108
1854.854 235.196
1855.871 235.409
1856.888 235.456
1857.905 235.400
1858.922 235.336
1859.939 235.272
1860.956 235.233
1861.974 235.395
1862.991 235.248
1864.008 235.309
1865.026 235.456
1866.043 235.501
1867.060 235.568
1868.078 235.460
1869.094 235.443
1870.112 235.372
1871.128 235.410
1872.145 235.343
1873.161 235.408
1874.179 235.435
1875.196 235.488
1876.213 235.475
1877.229 235.409
1878.246 235.494
1879.263 235.458
1880.282 235.339
1881.299 235.294
1882.316 235.443
1883.334 235.652
1884.351 235.565
1885.369 235.738
1886.386 235.770
1887.403 235.748
1888.420 235.531
1889.437 235.581
1890.455 235.586
1891.472 235.730
1892.489 235.696
1893.506 235.814
1894.523 235.754
1895.541 235.482
1896.558 235.715
1897.575 235.746
1898.592 235.899
1899.610 235.927
1900.630 235.851
1901.647 235.717
1902.665 235.853
1903.682 235.914
1904.699 235.630
1905.716 235.823
1906.734 235.836
1907.750 235.705
1908.768 235.674
1909.785 235.740
1910.803 235.744
1911.820 235.785
1912.838 235.848
1913.855 235.771
1914.873 235.719
1915.890 235.784
1916.907 235.824
1917.924 235.814
1918.941 235.924
1919.958 236.060
1920.975 236.033
1921.992 236.042
1923.010 -267.672
1924.028 -267.696
1925.045 -267.543
1926.063 -23.827
1927.081 -23.857
1928.098 -23.768
1929.115 -267.566
1930.132 -267.570
1931.150 -23.642
1932.167 -23.731
1933.185 -124.329
1934.202 -124.214
1935.219 -124.154
1936.237 -124.195
1937.254 -124.299
1938.271 -225.803
1939.289 -225.633
1940.307 -225.694
1941.324 -225.547
1942.342 -225.537
1943.359 -225.640
1944.376 -301.032
1945.394 -300.958
1946.411 -301.059
1947.428 -300.854
1948.446 -300.938
1949.462 -304.126
1950.480 -148.832
1951.496 -148.966
1952.513 -148.840
1953.530 -18.417
1954.547 -18.203
1955.565 -18.313
1956.582 -18.234
1957.600 -155.043
1958.618 -155.030
1959.635 -23.863
1960.653 -23.812
1961.670 -23.736
1962.688 -23.570
1963.706 -23.663
1964.723 -27.561
1965.741 -27.282
1966.758 -157.644
1967.775 -157.650
1968.792 -157.803
1969.810 -157.770
1970.827 -157.507
1971.844 -179.750
1972.861 -179.711
1973.879 -179.725
1974.897 -31.167
1975.915 -31.089
1976.932 -31.132
1977.950 77.821
1978.968 77.768
1979.985 77.925
1981.002 -4.404
1982.019 -4.408
1983.036 -4.609
1984.054 -4.574
1985.071 -36.221
1986.088 -36.196
1987.105 -36.363
1988.123 -73.789
1989.140 -73.651
1990.158 -73.780
1991.173 -161.990
1992.189 -161.886
1993.205 -17.600
1994.222 -25.506
1995.238 -25.612
1996.255 -25.590
1997.272 -167.268
1998.288 -167.225
1999.305 -167.212
2000.322 -167.124
2001.339 -167.285
2002.356 -181.196
2003.373 -181.098
2004.390 -110.112
2005.407 -110.326
2006.424 -110.246
2007.441 -110.251
2008.459 -28.439
2009.476 -28.561
2010.494 -28.454
2011.511 -28.650
2012.528 -28.623
2013.545 -66.853
2014.563 -66.694
2015.580 -66.459
2016.597 -66.603
2017.615 -24.040
2018.632 -23.866
2019.649 -23.871
2020.666 -23.933
2021.683 -24.046
2022.700 -23.989
2023.717 -23.979
2024.734 -24.122
2025.752 -24.122
2026.769 -24.006
2027.786 -23.990
2028.803 -23.781
2029.820 -23.667
2030.837 -23.743
2031.854 -23.673
2032.871 -23.742
2033.888 -23.775
2034.905 -23.932
2035.921 -23.789
2036.938 -23.776
2037.956 -23.831
2038.973 -23.780
2039.990 -23.643
2041.007 -23.675
2042.024 -23.532
2043.041 -23.416
2044.058 -23.467
2045.076 -23.327
2046.093 -23.415
2047.111 -23.571
2048.127 -23.509
2049.144 -23.415
2050.162 -23.434
2051.179 -23.480
2052.196 -23.506
2053.213 -23.360
2054.231 -23.401
2055.248 -23.361
2056.265 -23.183
2057.281 -23.179
2058.298 -23.326
2059.315 -23.425
2060.333 -23.257
2061.350 -23.233
2062.368 -23.358
2063.385 -23.227
2064.403 -23.270
2065.419 -23.318
2066.437 -23.381
2067.454 -23.338
2068.471 -23.324
2069.489 -23.074
2070.505 -23.086
2071.523 -22.871
2072.540 -22.850
2073.557 -22.916
2074.573 -22.987
2075.591 -23.105
2076.608 -23.124
2077.625 -23.041
2078.642 -23.019
2079.659 -22.966
2080.676 -22.934
2081.694 -22.762
2082.711 -22.629
2083.728 -22.702
2084.742 -22.787
2085.759 -22.866
2086.776 -22.833
2087.793 -22.729
2088.810 -22.843
2089.827 -22.957
2090.845 -22.902
2091.862 -22.718
2092.879 -22.730
2093.897 -22.601
2094.914 -22.503
2095.931 -22.600
2096.949 -22.644
2097.966 -22.530
2098.983 -22.503
2100.000 -22.553
2101.017 -22.546
2102.034 -22.429
2103.051 -22.500
2104.068 -22.448
2105.086 -22.324
2106.102 -22.325
2107.120 -22.306
2108.136 -22.234
2109.153 -22.432
2110.171 -22.491
2111.188 -22.421
2112.205 -22.395
2113.222 -22.342
2114.239 -22.056
2115.257 -22.035
2116.275 -22.117
2117.292 -22.193
2118.309 -22.231
2119.326 -22.083
2120.343 -21.926
2121.360 -21.991
2122.377 -22.014
2123.394 -21.937
2124.412 -21.995
2125.429 -22.023
2126.445 -22.023
2127.462 -22.019
2128.481 -21.880
2129.498 -21.898
2130.516 -22.152
2131.534 -22.269
2132.552 -22.008
2133.569 -21.948
2134.586 -22.049
2135.604 -22.052
2136.621 -21.963
2137.638 -21.906
2138.655 -22.179
2139.673 -22.079
2140.690 -22.218
2141.707 -22.051
2142.725 -22.069
2143.743 -22.130
2144.760 -22.179
2145.777 -22.266
2146.795 -22.134
2147.812 -22.096
2148.829 -22.119
2149.846 -22.181
2150.864 -22.217
2151.881 -22.050
2152.898 -21.988
2153.916 -22.089
2154.933 -22.241
2155.951 -22.313
2156.968 -22.276
2157.985 -22.087
2159.003 -22.212
2160.020 -22.435
2161.038 -22.395
2162.055 -22.166
2163.073 -22.053
2164.090 -22.177
2165.107 -22.427
2166.124 -22.422
2167.143 -22.415
2168.160 -22.353
2169.178 -22.271
2170.195 -22.205
2171.212 -22.408
2172.230 -22.499
2173.247 -22.574
2174.263 -22.598
2175.279 -22.502
2176.294 -22.339
2177.309 -22.317
2178.325 -22.413
2179.341 -22.390
2180.358 -22.493
2181.374 -22.704
2182.392 -22.717
2183.408 -22.600
2184.425 -22.478
2185.442 -22.651
2186.459 -22.868
2187.476 -22.617
2188.492 -22.568
2189.510 -22.786
2190.526 -22.839
2191.543 -22.888
2192.560 -22.798
2193.577 -22.775
2194.594 -22.684
2195.611 -22.836
2196.628 -22.849
2197.645 -22.994
2198.662 -23.093
2199.680 -22.852
2200.697 -22.962
2201.714 -23.010
2202.731 -22.670
2203.748 -22.606
2204.765 -22.723
2205.782 -22.948
2206.799 -23.169
2207.816 -23.134
2208.833 -23.022
2209.851 -23.148
2210.868 -23.232
2211.885 -23.362
2212.902 -23.286
2213.919 -23.313
2214.936 -23.177
2215.953 -23.238
2216.970 -23.156
2217.987 -22.946
2219.004 -23.058
2220.021 -23.195
2221.038 -23.259
2222.055 -23.322
2223.072 -23.255
2224.089 -23.228
2225.106 -23.182
2226.123 -23.150
2227.140 -23.237
2228.156 -23.392
2229.173 -23.438
2230.190 -23.412
2231.207 -23.429
2232.224 -23.389
2233.242 -23.333
2234.259 -23.355
2235.276 -23.503
2236.293 -23.628
2237.310 -23.584
2238.328 -23.537
2239.345 -23.492
2240.363 -23.629
2241.380 -23.725
2242.397 -23.617
2243.414 -23.655
2244.432 -23.628
2245.448 -23.727
2246.466 -23.502
2247.483 -23.316
2248.501 -23.421
2249.518 -23.728
2250.535 -23.700
2251.553 -23.730
2252.569 -23.524
2253.587 -23.529
2254.604 -23.671
2255.621 -23.535
2256.639 -23.748
2257.656 -23.648
2258.673 -23.829
2259.690 -23.754
2260.708 -23.489
2261.725 -23.594
2262.742 -23.526
2263.760 -23.790
2264.776 -23.763
2265.794 -23.768
2266.811 -23.668
2267.828 -23.726
2268.845 -23.740
2269.862 -23.722
2270.880 -24.067
2271.897 -24.005
2272.915 -23.860
2273.931 -23.788
2274.948 -23.821
2275.965 -23.826
2276.983 -23.966
2278.000 -23.979
2279.018 -23.922
2280.034 -23.975
2281.052 -23.947
2282.069 -23.900
2283.086 -23.967
2284.103 -23.997
2285.120 -24.090
2286.138 -23.995
2287.155 -24.017
2288.172 -23.939
2289.189 -23.927
2290.206 -24.012
2291.224 -24.178
2292.241 -24.224
2293.258 -24.035
2294.276 -24.106
2295.293 -24.242
2296.310 -24.235
2297.327 -24.172
2298.345 -24.051
2299.362 -23.820
2300.379 -23.893
2301.396 -24.067
2302.414 -24.020
2303.430 -24.191
2304.447 -24.230
2305.465 -24.401
2306.482 -24.278
2307.500 -24.177
2308.517 -24.248
2309.534 -24.279
2310.552 -24.315
2311.569 -24.254
2312.587 -24.299
2313.604 -24.363
2314.621 -24.088
2315.639 -24.417
2316.656 -24.437
2317.673 -24.406
2318.689 -24.216
2319.707 -24.376
2320.724 -24.281
2321.741 -24.301
2322.758 -24.308
2323.775 -24.356
2324.793 -24.367
2325.810 -24.475
2326.827 -24.380
2327.844 -24.343
2328.862 -24.254
2329.879 -24.419
2330.896 -24.368
2331.913 -24.382
2332.930 -24.522
2333.948 -24.565
2334.965 -24.628
2335.983 -24.512
2337.000 -24.626
2338.017 -24.577
2339.034 -24.508
2340.052 -24.451
2341.070 -24.603
2342.086 -24.709
2343.104 -24.673
2344.121 -24.707
2345.138 -24.749
2346.156 -24.748
2347.173 -24.699
2348.190 -24.667
2349.208 -24.693
2350.226 -24.684
2351.243 -24.738
2352.260 -24.825
2353.278 -24.689
2354.295 -24.580
2355.313 -24.606
2356.331 -24.726
2357.348 -24.838
2358.365 -24.671
2359.381 -24.615
2360.397 -24.528
2361.413 -24.705
2362.429 -24.782
2363.445 -24.900
2364.462 -24.781
2365.479 -24.796
2366.496 -24.702
2367.513 -24.558
2368.529 -24.596
2369.545 -24.340
2370.563 -24.404
2371.579 -24.526
2372.597 -24.518
2373.614 -24.625
2374.631 -24.754
2375.648 -24.573
2376.665 -24.646
2377.682 -24.435
2378.699 -24.729
2379.716 -24.776
2380.733 -24.591
2381.750 -24.654
2382.767 -24.782
2383.785 -24.766
2384.802 -24.747
2385.819 -24.598
2386.836 -24.481
2387.853 -24.583
2388.870 -24.420
2389.887 -24.640
2390.904 -24.833
2391.921 -24.864
2392.938 -24.592
2393.955 -24.620
2394.972 -24.453
2395.990 -24.611
2397.007 -24.740
2398.023 -24.795
2399.036 -24.846
2400.053 -24.766
2401.071 -24.603
2402.088 -24.610
2403.105 -24.609
2404.123 -24.566
2405.140 -24.689
2406.157 -24.778
2407.174 -24.758
2408.192 -24.672
2409.209 -24.733
2410.227 -24.780
2411.244 -24.705
2412.261 -24.816
2413.278 -24.828
2414.296 -24.851
2415.313 -24.878
2416.331 -24.850
2417.348 -24.713
2418.365 -24.843
2419.383 -24.801
2420.400 -24.872
2421.417 -24.884
2422.435 -24.828
2423.451 -24.909
2424.469 -24.790
2425.486 -24.856
2426.504 -24.867
2427.521 -24.693
2428.538 -24.583
2429.556 -24.855
2430.573 -24.914
2431.590 -24.939
2432.607 -24.806
2433.625 -24.781
2434.642 -24.764
2435.659 -24.985
2436.676 -24.837
2437.693 -24.810
2438.710 -24.700
2439.728 -24.966
2440.745 -24.895
2441.762 -24.833
2442.779 -24.820
2443.797 -24.913
2444.813 -24.808
2445.831 -24.918
2446.848 -24.738
2447.865 -24.703
2448.882 -24.778
2449.900 -24.836
2450.917 -24.856
2451.934 -24.808
2452.951 -24.757
2453.969 -24.674
2454.985 -24.687
2456.003 -24.794
2457.020 -24.804
2458.038 -24.598
2459.055 -24.783
2460.072 -24.918
2461.089 -24.819
2462.106 -24.751
2463.123 -24.687
2464.139 -24.549
2465.155 -24.537
2466.172 -24.599
2467.189 -24.713
2468.206 -24.738
2469.223 -24.761
2470.240 -24.806
2471.257 -24.551
2472.275 -24.685
2473.292 -24.641
2474.309 -24.496
2475.326 -24.400
2476.343 -24.555
2477.360 -24.530
2478.378 -24.370
2479.395 -24.506
2480.412 -24.660
2481.430 -24.410
2482.448 -24.615
2483.465 -24.346
2484.482 -24.388
2485.499 -24.444
2486.516 -24.344
2487.534 -24.553
2488.551 -24.757
2489.567 -24.778
2490.585 -24.610
2491.602 -24.416
2492.619 -24.504
2493.636 -24.247
2494.653 -24.574
2495.670 -24.383
2496.687 -24.474
2497.705 -24.482
2498.721 -24.130
2499.738 -24.196
2500.756 -24.179
2501.773 -24.318
2502.790 -24.260
2503.807 -24.232
2504.825 -24.210
2505.842 -24.343
2506.859 -24.364
2507.876 -24.408
2508.893 -24.207
2509.910 -24.158
2510.927 -24.296
2511.945 -24.470
2512.962 -24.342
2513.979 -24.375
2514.997 -24.236
2516.014 -24.275
2517.031 -24.422
2518.049 -24.246
2519.066 -24.062
2520.083 -24.150
2521.101 -24.319
2522.117 -24.334
2523.134 -24.310
2524.151 -24.317
2525.169 -24.175
2526.186 -24.075
2527.203 -24.059
2528.221 -24.077
2529.239 -24.179
2530.256 -24.224
2531.274 -24.328
2532.291 -24.224
2533.308 -24.228
2534.326 -24.417
2535.344 -24.320
2536.361 -24.220
2537.378 -24.199
2538.396 -24.105
2539.414 -24.121
2540.431 -24.114
2541.448 -24.178
2542.463 -24.221
2543.478 -24.170
2544.495 -24.282
2545.512 -24.291
2546.529 -24.111
2547.545 -24.104
2548.562 -24.175
2549.578 -24.078
2550.594 -24.041
2551.611 -23.991
2552.628 -24.139
2553.645 -24.255
2554.662 -24.117
2555.679 -24.313
2556.696 -24.185
2557.713 -24.426
2558.731 -24.238
2559.748 -24.289
2560.765 -24.217
2561.782 -24.166
2562.800 -24.229
2563.817 -24.354
2564.833 -24.245
2565.850 -24.294
2566.867 -24.321
2567.884 -24.299
2568.901 -24.319
2569.918 -24.124
2570.935 -24.170
2571.952 -24.193
2572.969 -24.358
2573.987 -24.359
2575.004 -24.366
2576.021 -24.342
2577.038 -24.217
2578.056 -24.189
2579.072 -24.322
2580.089 -24.287
2581.106 -24.164
2582.123 -24.274
2583.140 -24.321
2584.157 -24.419
2585.174 -24.330
2586.191 -24.167
2587.209 -24.311
2588.225 -24.391
2589.242 -24.368
2590.260 -24.451
2591.278 -24.465
2592.295 -24.421
2593.312 -24.291
2594.329 -24.296
2595.346 -24.363
2596.364 -24.469
2597.381 -24.426
2598.398 -24.422
2599.415 -24.435
2600.433 -24.392
2601.450 -24.368
2602.467 -24.586
2603.485 -24.487
2604.501 -24.535
2605.519 -24.762
2606.536 -24.518
2607.552 -24.478
2608.569 -24.394
2609.587 -24.656
2610.603 -24.656
2611.620 -24.737
2612.638 -24.438
2613.655 -24.601
2614.672 -24.463
2615.690 -24.492
2616.707 -24.684
2617.724 -24.675
2618.742 -24.573
2619.759 -24.523
2620.776 -24.558
2621.793 -24.651
2622.810 -24.371
2623.827 -24.423
2624.845 -24.567
2625.862 -24.601
2626.879 -24.515
2627.897 -24.558
2628.914 -24.458
2629.931 -24.643
2630.949 -24.831
2631.966 -24.868
2632.984 -24.709
2634.001 -24.589
2635.018 -24.557
2636.036 -24.581
2637.053 -24.632
2638.070 -24.664
2639.088 -24.675
2640.105 -24.633
2641.121 -24.749
2642.139 -24.831
2643.156 -24.821
2644.173 -24.769
2645.190 -24.661
2646.207 -24.750
2647.224 -24.885
2648.242 -24.883
2649.259 -24.721
2650.276 -24.613
2651.293 -24.750
2652.311 -24.709
2653.329 -24.873
2654.346 -24.861
2655.364 -24.810
2656.380 -24.813
2657.397 -24.594
2658.414 -24.750
2659.431 -24.958
2660.448 -24.724
2661.466 -24.561
2662.483 -24.691
2663.500 -24.807
2664.516 -24.627
2665.534 -24.749
2666.551 -24.626
2667.568 -24.557
2668.586 -24.575
2669.603 -24.838
2670.620 -24.840
2671.637 -24.917
2672.654 -24.867
2673.671 -24.554
2674.689 -24.819
2675.705 -24.747
2676.722 -24.561
2677.740 -24.534
2678.757 -24.623
2679.773 -24.723
2680.791 -24.794
2681.808 -24.711
2682.826 -24.792
2683.843 -24.602
2684.860 -24.621
2685.877 -24.529
2686.895 -24.644
2687.913 -24.820
2688.931 -24.677
2689.947 -24.687
2690.964 -24.744
2691.981 -24.655
2692.998 -24.533
2694.016 -24.618
2695.032 -24.590
2696.050 -24.554
2697.066 -24.410
2698.084 -24.425
2699.101 -24.394
2700.119 -24.493
2701.135 -24.599
2702.152 -24.733
2703.169 -24.684
2704.187 -24.680
2705.204 -24.699
2706.222 -24.584
2707.239 -24.515
2708.257 -24.414
2709.274 -24.346
2710.292 -24.392
2711.308 -24.541
2712.325 -24.517
2713.343 -24.532
2714.360 -24.648
2715.377 -24.595
2716.394 -24.406
2717.411 -24.519
2718.428 -24.707
2719.446 -24.523
2720.463 -24.490
2721.481 -24.579
2722.498 -24.681
2723.516 -24.703
2724.533 -24.524
2725.548 -24.496
2726.563 -24.458
2727.579 -24.438
2728.595 -24.500
2729.612 -24.444
2730.628 -24.738
2731.645 -24.466
2732.662 -24.692
2733.680 -24.674
2734.697 -24.570
2735.713 -24.480
2736.730 -24.462
2737.747 -24.466
2738.764 -24.455
2739.781 -24.530
2740.799 -24.524
2741.816 -24.447
2742.833 -24.667
2743.850 -24.700
2744.867 -24.519
2745.884 -24.578
2746.901 -24.491
2747.918 -24.555
2748.935 -24.632
2749.952 -24.432
2750.969 -24.496
2751.985 -24.496
2753.002 -24.659
2754.019 -24.618
2755.037 -24.499
2756.054 -24.580
2757.072 -24.727
2758.089 -24.673
2759.107 -24.506
2760.124 -24.507
2761.141 -24.463
2762.158 -24.560
2763.175 -24.587
2764.192 -24.545
2765.209 -24.612
2766.226 -24.629
2767.245 -24.477
2768.262 -24.549
2769.279 -24.571
2770.296 -24.571
2771.313 -24.498
2772.331 -24.371
2773.348 -24.460
2774.365 -24.582
2775.383 -24.682
2776.400 -24.459
2777.418 -24.320
2778.435 -24.355
2779.452 -24.337
2780.469 -24.575
2781.487 -24.305
2782.504 -24.212
2783.521 -24.194
2784.538 -24.336
2785.555 -24.292
2786.572 -24.428
2787.590 -24.314
2788.607 -24.554
2789.623 -24.671
2790.641 -24.490
2791.658 -24.418
2792.675 -24.486
2793.692 -24.345
2794.709 -24.402
2795.726 -24.274
2796.743 -24.212
2797.760 -24.209
2798.777 -24.412
2799.795 -24.451
2800.812 -24.368
2801.829 -24.270
2802.846 -24.425
2803.863 -24.434
2804.880 -24.243
2805.897 -24.251
2806.915 -24.421
2807.932 -24.419
2808.949 -24.362
2809.967 -24.171
2810.984 -24.179
2812.001 -24.210
2813.019 -24.345
2814.036 -24.161
2815.053 -24.159
2816.070 -24.165
2817.087 -24.260
2818.105 -24.236
2819.122 -24.373
2820.139 -24.421
2821.156 -24.443
2822.173 -24.393
2823.190 -24.374
2824.207 -24.305
2825.225 -24.401
2826.242 -24.362
2827.259 -24.071
2828.276 -24.127
2829.293 -24.067
2830.311 -24.089
2831.328 -24.303
2832.345 -24.313
2833.363 -24.091
2834.380 -23.954
2835.397 -23.896
2836.415 -24.039
2837.433 -24.215
2838.450 -24.124
2839.468 -24.127
2840.485 -24.322
2841.502 -24.275
2842.519 -24.185
2843.536 -24.204
2844.554 -24.151
2845.572 -23.974
2846.590 -23.940
2847.606 -24.232
2848.623 -24.415
2849.640 -24.119
2850.658 -23.935
2851.675 -24.111
2852.692 -24.188
2853.709 -24.011
2854.725 -24.098
2855.742 -24.133
2856.760 -23.942
2857.776 -24.114
2858.794 -24.166
2859.811 -23.961
2860.829 -23.897
2861.846 -23.989
2862.863 -24.012
2863.880 -23.987
2864.897 -24.040
2865.914 -24.173
2866.932 -24.208
2867.949 -24.291
2868.966 -24.137
2869.983 -24.149
2871.001 -24.283
2872.018 -24.258
2873.035 -24.289
2874.052 -24.193
2875.070 -24.196
2876.088 -24.182
2877.105 -24.305
2878.123 -24.546
2879.140 -24.620
2880.157 -24.611
2881.173 -24.445
2882.190 -24.427
2883.207 -24.342
2884.225 -24.370
2885.242 -24.333
2886.259 -24.251
2887.276 -24.377
2888.294 -24.438
2889.311 -24.189
2890.328 -24.322
2891.346 -24.324
2892.363 -24.297
2893.380 -24.201
2894.398 -24.400
2895.415 -24.547
2896.432 -24.478
2897.449 -24.506
2898.466 -24.445
2899.484 -24.333
2900.501 -24.405
2901.518 -24.272
2902.536 -24.189
2903.553 -24.173
2904.571 -24.261
2905.588 -24.315
2906.606 -24.337
2907.621 -24.593
2908.636 -24.528
2909.651 -24.691
2910.668 -24.517
2911.684 -25.026
2912.701 -24.692
2913.718 -24.470
2914.735 -24.596
2915.752 -24.633
2916.769 -24.595
2917.786 -24.514
2918.803 -24.352
2919.819 -24.267
2920.836 -24.402
2921.853 -24.529
2922.870 -24.474
2923.887 -24.460
2924.904 -24.638
2925.921 -24.624
2926.938 -24.533
2927.954 -24.480
2928.972 -24.532
2929.989 -24.701
2931.006 -24.765
2932.022 -24.544
2933.040 -24.588
2934.058 -24.577
2935.075 -24.788
2936.092 -24.836
2937.110 -24.702
2938.127 -24.647
2939.144 -24.613
2940.161 -24.657
2941.178 -24.710
2942.195 -24.763
2943.212 -24.745
2944.230 -24.697
2945.246 -24.734
2946.264 -24.748
2947.280 -24.706
2948.297 -24.720
2949.314 -24.622
2950.332 -24.712
2951.349 -24.860
2952.366 -24.578
2953.383 -24.496
2954.400 -24.713
2955.417 -24.872
2956.435 -24.614
2957.452 -24.807
2958.470 -24.598
2959.487 -24.511
2960.504 -24.549
2961.522 -24.709
2962.539 -24.614
2963.556 -24.690
2964.573 -24.603
2965.591 -24.628
2966.608 -24.709
2967.625 -24.658
2968.642 -24.695
2969.659 -24.639
2970.676 -24.592
2971.693 -24.726
2972.710 -24.660
2973.728 -24.853
2974.745 -24.985
2975.762 -24.893
2976.779 -24.882
2977.796 -24.799
2978.813 -24.747
2979.830 -24.556
2980.847 -24.724
2981.864 -24.780
2982.881 -24.851
2983.898 -24.856
2984.915 -24.899
2985.932 -24.841
2986.949 -24.686
2987.967 -24.614
2988.984 -24.658
2990.001 -24.726
2991.018 -24.782
2992.035 -24.821
2993.053 -24.771
2994.070 -24.648
2995.088 -24.695
2996.105 -24.776
2997.123 -24.836
2998.140 -24.900
2999.157 -24.992
3000.175 -24.820
3001.192 -24.711
3002.209 -24.826
3003.226 -24.757
3004.244 -24.752
3005.261 -24.671
3006.278 -24.623
3007.295 -24.543
3008.313 -24.490
3009.330 -24.568
3010.347 -24.649
3011.364 -24.899
3012.382 -24.959
3013.399 -24.939
3014.416 -24.667
3015.434 -24.652
3016.451 -24.741
3017.469 -24.867
3018.486 -24.845
3019.504 -24.505
3020.521 -24.513
3021.538 -24.410
3022.555 -24.611
3023.572 -24.492
3024.589 -24.539
3025.606 -24.564
3026.624 -24.571
3027.641 -24.522
3028.658 -24.233
3029.674 -24.354
3030.692 -24.574
3031.709 -24.541
3032.726 -24.298
3033.744 -24.350
3034.761 -24.353
3035.778 -24.124
3036.796 -23.998
3037.813 -24.147
3038.830 -24.252
3039.847 -24.280
3040.865 -24.258
3041.882 -24.180
3042.899 -24.027
3043.915 -24.045
3044.932 -24.184
3045.949 -24.062
3046.967 -24.112
3047.984 -24.099
3049.001 -24.062
3050.018 -24.191
3051.036 -24.091
3052.053 -23.956
3053.071 -24.046
3054.088 -24.088
3055.105 -23.937
3056.122 -24.041
3057.139 -24.146
3058.157 -24.069
3059.174 -23.889
3060.191 -23.741
3061.209 -23.894
3062.226 -23.918
3063.243 -23.821
3064.260 -23.750
3065.278 -23.846
3066.295 -23.710
3067.312 -23.612
3068.329 -23.777
3069.346 -23.835
3070.364 -23.806
3071.381 -23.655
3072.398 -23.399
3073.416 -23.275
3074.433 -23.501
3075.450 -23.701
3076.467 -23.620
3077.484 -23.586
3078.501 -23.395
3079.519 -23.322
3080.536 -23.319
3081.552 -23.378
3082.569 -23.428
3083.586 -23.184
3084.603 -23.281
3085.621 -23.328
3086.638 -23.420
3087.655 -23.364
3088.673 -22.982
3089.689 -23.016
3090.705 -22.943
3091.719 -23.084
3092.734 -23.271
3093.750 -23.437
3094.766 -23.252
3095.783 -23.264
3096.799 -23.126
3097.816 -23.029
3098.833 -22.846
3099.849 -23.059
3100.865 -22.983
3101.883 -22.795
3102.900 -22.808
3103.916 -22.982
3104.933 -22.888
3105.951 -22.865
3106.968 -22.744
3107.985 -22.794
3109.001 -22.923
3110.019 -22.876
3111.036 -22.768
3112.054 -22.787
3113.071 -22.843
3114.088 -22.830
3115.105 -22.767
3116.122 -22.722
3117.140 -22.776
3118.156 -22.675
3119.173 -22.655
3120.190 -22.512
3121.207 -22.314
3122.224 -22.384
3123.242 -22.425
3124.259 -22.484
3125.276 -22.398
3126.293 -22.476
3127.311 -22.445
3128.328 -22.561
3129.345 -22.531
3130.362 -22.489
3131.379 -22.450
3132.397 -22.257
3133.414 -22.233
3134.431 -22.221
3135.448 -22.298
3136.465 -22.320
3137.482 -22.308
3138.499 -22.211
3139.516 -22.249
3140.533 -22.203
3141.549 -22.236
3142.566 -21.977
3143.583 -22.009
3144.601 -22.127
3145.617 -22.075
3146.634 -22.237
3147.651 -22.074
3148.669 -22.010
3149.686 -22.218
3150.704 -22.144
3151.721 -21.916
3152.738 -21.994
3153.755 -21.954
3154.773 -22.062
3155.790 -22.089
3156.807 -21.886
3157.824 -21.925
3158.842 -22.045
3159.859 -22.031
3160.876 -21.989
3161.893 -21.952
3162.912 -21.920
3163.929 -21.940
3164.946 -21.872
3165.963 -21.785
3166.980 -21.731
3167.998 -21.886
3169.015 -22.034
3170.033 -21.896
3171.051 -21.692
3172.068 -21.719
3173.085 -21.775
3174.103 -21.858
3175.122 -21.859
3176.139 -21.828
3177.156 -21.867
3178.173 -21.804
3179.191 -21.854
3180.207 -21.825
3181.225 -21.631
3182.241 -21.725
3183.259 -21.791
3184.276 -21.714
3185.293 -21.802
3186.311 -21.880
3187.328 -21.874
3188.345 -21.805
3189.363 -21.674
3190.380 -21.576
3191.396 -21.639
3192.414 -21.714
3193.431 -21.743
3194.449 -21.669
3195.465 -21.788
3196.483 -21.590
3197.500 -21.436
3198.518 -21.354
3199.535 -21.560
3200.553 -21.755
3201.569 -21.527
3202.587 -21.434
3203.604 -21.479
3204.621 -21.551
3205.638 -21.787
3206.655 -21.608
3207.672 -21.474
3208.690 -21.522
3209.706 -21.592
3210.721 -21.482
3211.739 -21.533
3212.756 -21.508
3213.774 -21.600
3214.791 -21.527
3215.808 -21.421
3216.825 -21.413
3217.842 -21.363
3218.860 -21.240
3219.876 -21.485
3220.894 -21.361
3221.911 -21.551
3222.929 -21.457
3223.946 -21.384
3224.963 -21.369
3225.980 -21.234
3226.998 -21.222
3228.014 -21.301
3229.031 -21.319
3230.049 -21.162
3231.066 -21.108
3232.083 -21.175
3233.101 -21.114
3234.117 -21.175
3235.134 -21.314
3236.613 -5.552
3237.630 -5.529
3238.648 -162.583
3239.665 -162.568
3240.684 -162.544
3241.701 -162.590
3242.716 -24.754
3243.733 -24.890
3244.750 -24.921
3245.766 -24.774
3246.783 -24.734
3247.800 -24.814
3248.818 -24.838
3249.835 -23.163
3250.853 -23.167
3251.870 -22.920
3252.887 82.769
3253.905 82.709
3254.922 82.563
3255.940 82.719
3256.957 -87.872
3257.974 -87.924
3258.991 -25.982
3260.030 -25.858
3261.048 -25.997
3262.065 -132.008
3263.082 -132.019
3264.099 -132.030
3265.116 -131.919
3266.133 -131.872
3267.150 -34.547
3268.167 -34.600
3269.185 -50.684
3270.203 -50.866
3271.220 -31.426
3272.238 -31.221
3273.255 -31.113
3274.273 -31.148
3275.290 -24.397
3276.308 -24.433
3277.326 -203.038
3278.344 -203.136
3279.361 -203.090
3280.378 -202.951
3281.395 -202.866
3282.411 -35.577
3283.429 -35.494
3284.446 -124.490
3285.463 -124.536
3286.480 -124.576
3287.497 -124.542
3288.515 -23.650
3289.532 -23.700
3290.549 -23.851
3291.566 -23.710
3292.583 -126.627
3293.601 -126.703
3294.618 -126.750
3295.636 -33.140
3296.653 -32.888
3297.670 -33.028
3298.688 -23.853
3299.705 -23.610
3300.723 -23.588
3301.740 -23.520
3302.757 -22.255
3303.774 -22.188
3304.792 -22.212
3305.810 -86.098
3306.827 -86.100
3307.845 -86.302
3308.862 -86.364
3309.879 -174.352
3310.897 -174.101
3311.914 -174.125
3312.931 -174.266
3313.948 -174.089
3314.966 -174.103
3315.983 -173.992
3317.001 -173.994
3318.018 -173.822
3319.035 -173.901
3320.052 -173.846
3321.069 -173.884
3322.086 -174.039
3323.103 -174.022
3324.120 -174.046
3325.137 -174.226
3326.154 -174.076
3327.171 -173.853
3328.189 -173.999
3329.206 -174.168
3330.223 -174.038
3331.241 -174.022
3332.258 -174.035
3333.275 -173.941
3334.292 -173.869
3335.310 -173.857
3336.327 -173.910
3337.344 -173.959
3338.361 -173.968
3339.379 -173.941
3340.395 -174.066
3341.412 -174.246
3342.429 -174.183
3343.446 -174.150
3344.464 -173.825
3345.481 -173.803
3346.498 -173.803
3347.516 -173.980
3348.533 -174.043
3349.550 -174.126
3350.567 -173.850
3351.584 -173.770
3352.602 -173.994
3353.619 -174.033
3354.636 -174.205
3355.653 -173.849
3356.671 -173.861
3357.687 -173.988
3358.704 -174.006
3359.722 -174.000
3360.739 -173.947
3361.757 -174.011
3362.772 -174.037
3363.788 -173.983
3364.806 -173.978
3365.823 -174.172
3366.840 -174.131
3367.858 -174.180
3368.875 -174.107
3369.894 -173.945
3370.910 -173.894
3371.925 -173.759
3372.940 -173.904
3373.955 -173.971
3374.971 -173.985
3375.987 -174.040
3377.004 -174.007
3378.021 -173.997
3379.038 -174.067
3380.055 -173.917
3381.072 -173.663
3382.089 -173.732
3383.106 -173.822
3384.123 -173.793
3385.140 -173.771
3386.157 -173.808
3387.173 -173.845
3388.191 -173.848
3389.208 -173.754
3390.225 -173.873
3391.242 -173.900
3392.259 -173.893
3393.276 -174.050
3394.292 -174.105
3395.310 -173.965
3396.327 -173.882
3397.344 -173.925
3398.361 -173.887
3399.379 -173.702
3400.396 -173.603
3401.413 -173.733
3402.430 -173.811
3403.447 -173.804
3404.464 -173.869
3405.481 -173.996
3406.498 -174.018
3407.515 -173.957
3408.532 -173.923
3409.549 -173.762
3410.567 -173.979
3411.584 -174.128
3412.600 -174.114
3413.618 -174.072
3414.635 -173.890
3415.651 -173.679
3416.669 -173.660
3417.686 -173.837
3418.702 -173.741
3419.719 -174.024
3420.737 -173.714
3421.754 -173.681
3422.771 -173.951
3423.788 -173.909
3424.806 -173.757
3425.823 -173.846
3426.840 -173.880
3427.857 -173.729
3428.874 -173.821
3429.892 -173.605
3430.909 -173.617
3431.927 -173.803
3432.944 -173.902
3433.961 -173.817
3434.978 -173.731
3435.995 -173.754
3437.012 -173.832
3438.029 -173.827
3439.045 -173.676
3440.063 -173.750
3441.079 -173.956
3442.096 -173.908
3443.114 -173.759
3444.130 -173.801
3445.147 -173.752
3446.164 -173.860
3447.181 -173.850
3448.198 -173.895
3449.215 -173.871
3450.233 -173.846
3451.250 -174.003
3452.266 -173.988
3453.283 -173.847
3454.301 -173.737
3455.318 -173.745
3456.335 -173.848
3457.352 -173.837
3458.370 -173.882
3459.387 -173.797
3460.404 -173.913
3461.421 -173.804
3462.439 -173.943
3463.456 -173.795
3464.473 -173.832
3465.490 -173.865
3466.507 -173.943
3467.525 -173.735
3468.542 -173.809
3469.559 -174.000
3470.576 -173.766
3471.593 -173.554
3472.610 -173.649
3473.627 -173.638
3474.644 -173.612
3475.661 -173.705
3476.678 -174.079
3477.696 -174.081
3478.712 -174.059
3479.730 -173.751
3480.747 -173.677
3481.764 -173.858
3482.782 -174.127
3483.799 -174.106
3484.817 -174.014
3485.834 -173.816
3486.851 -173.935
3487.868 -173.807
3488.886 -173.693
3489.903 -173.807
3490.920 -174.019
3491.937 -174.007
3492.954 -173.906
3493.971 -174.051
3494.988 -174.038
3496.006 -173.972
3497.023 -173.818
3498.040 -173.826
3499.057 -173.901
3500.074 -173.724
3501.091 -173.807
3502.108 -173.843
3503.126 -173.796
3504.143 -173.865
3505.161 -173.843
3506.178 -173.843
3507.195 -173.926
3508.212 -174.013
3509.229 -173.946
3510.247 -173.817
3511.264 -173.854
3512.282 -174.054
3513.299 -174.026
3514.316 -173.874
3515.334 -173.773
3516.351 -173.885
3517.369 -173.796
3518.386 -173.780
3519.403 -173.803
3520.420 -173.797
3521.437 -173.812
3522.454 -173.783
3523.471 -173.737
3524.489 -173.833
3525.506 -173.872
3526.523 -173.740
3527.540 -173.905
3528.557 -173.879
3529.573 -173.876
3530.591 -173.994
3531.608 -173.817
3532.625 -173.903
3533.642 -173.993
3534.659 -173.952
3535.677 -173.793
3536.694 -173.885
3537.711 -173.949
3538.729 -173.744
3539.746 -173.780
3540.763 -173.875
3541.778 -173.820
3542.795 -173.924
3543.812 -173.922
3544.829 -173.938
3545.846 -173.804
3546.864 -173.882
3547.881 -173.866
3548.898 -173.855
3549.915 -174.089
3550.932 -174.142
3551.949 -174.024
3552.967 -173.919
3553.985 -173.989
3555.002 -174.123
3556.019 -174.012
3557.034 -173.917
3558.049 -173.932
3559.065 -174.079
3560.081 -173.966
3561.098 -173.796
3562.115 -173.822
3563.132 -173.889
3564.149 -173.910
3565.166 -174.001
3566.183 -173.835
3567.200 -173.758
3568.217 -173.812
3569.234 -173.907
3570.250 -173.811
3571.268 -173.799
3572.285 -173.922
3573.302 -174.075
3574.319 -174.076
3575.336 -173.976
3576.353 -173.874
3577.370 -173.825
3578.387 -173.886
3579.403 -174.002
3580.421 -174.027
3581.438 -174.156
3582.455 -174.171
3583.472 -174.193
3584.489 -174.110
3585.506 -174.055
3586.523 -173.733
3587.540 -173.623
3588.557 -173.917
3589.574 -174.052
3590.591 -174.155
3591.608 -173.854
3592.625 -173.757
3593.642 -174.016
3594.658 -173.790
3595.676 -174.083
3596.693 -174.149
3597.710 -173.944
3598.728 -173.880
3599.745 -174.111
3600.762 -174.069
3601.779 -174.172
3602.796 -174.167
3603.813 -174.144
3604.830 -174.057
3605.847 -173.957
3606.864 -174.025
3607.881 -173.999
3608.898 -173.981
3609.916 -173.900
3610.933 -173.728
3611.949 -173.792
3612.967 -173.874
3613.984 -173.849
3615.001 -173.923
3616.018 -173.944
3617.035 -174.011
3618.052 -174.132
3619.070 -174.077
3620.087 -173.956
3621.104 -173.883
3622.122 -173.912
3623.139 -173.977
3624.156 -173.963
3625.174 -173.945
3626.191 -173.894
3627.208 -173.951
3628.226 -174.086
3629.243 -174.039
3630.260 -173.940
3631.277 -174.021
3632.294 -174.176
3633.312 -174.129
3634.329 -174.024
3635.346 -173.842
3636.363 -173.805
3637.381 -173.902
3638.398 -174.145
3639.415 -174.267
3640.432 -173.886
3641.449 -173.866
3642.466 -173.976
3643.483 -173.928
3644.500 -173.592
3645.518 -173.657
3646.535 -173.904
3647.552 -173.736
3648.569 -173.558
3649.586 -173.643
3650.603 -173.654
3651.620 -173.963
3652.638 -174.038
3653.655 -174.011
3654.672 -173.871
3655.689 -173.944
3656.706 -173.782
3657.723 -173.589
3658.741 -173.735
3659.758 -173.865
3660.775 -173.865
3661.792 -173.845
3662.809 -173.650
3663.826 -173.635
3664.844 -173.550
3665.861 -173.739
3666.878 -173.661
3667.895 -173.723
3668.912 -174.048
3669.929 -174.034
3670.946 -173.814
3671.964 -173.796
3672.980 -173.745
3673.998 -174.039
3675.015 -173.972
3676.032 -173.732
3677.049 -173.801
3678.067 -173.940
3679.084 -173.929
3680.102 -173.959
3681.119 -173.892
3682.137 -173.872
3683.154 -173.814
3684.172 -173.634
3685.189 -173.529
3686.206 -173.659
3687.223 -173.747
3688.240 -173.788
3689.257 -173.905
3690.274 -173.830
3691.292 -173.873
3692.308 -173.847
3693.326 -173.775
3694.343 -173.714
3695.361 -173.940
3696.378 -174.093
3697.396 -173.951
3698.413 -173.865
3699.431 -173.874
3700.448 -173.713
3701.465 -173.698
3702.483 -173.719
3703.500 -173.888
3704.516 -173.842
3705.534 -173.895
3706.551 -173.673
3707.568 -173.544
3708.585 -173.620
3709.602 -173.584
3710.619 -173.749
3711.636 -173.560
3712.654 -173.603
3713.670 -173.854
3714.688 -173.837
3715.705 -173.904
3716.723 -174.008
3717.741 -173.930
3718.758 -173.938
3719.775 -173.839
3720.792 -173.892
3721.809 -173.874
3722.827 -173.925
3723.843 -173.878
3724.861 -173.949
3725.878 -173.864
3726.895 -173.600
3727.911 -173.577
3728.929 -173.617
3729.946 -173.772
3730.962 -173.858
3731.980 -173.852
3732.996 -173.787
3734.013 -173.821
3735.031 -173.916
3736.048 -173.899
3737.066 -173.825
3738.084 -173.793
3739.102 -173.782
3740.118 -173.745
3741.133 -173.810
3742.148 -173.803
3743.164 -173.693
3744.181 -173.692
3745.198 -173.685
3746.216 -173.833
3747.232 -173.920
3748.249 -173.771
3749.267 -173.526
3750.283 -173.587
3751.300 -173.575
3752.317 -173.756
3753.334 -173.674
3754.351 -173.534
3755.368 -173.586
3756.385 -173.732
3757.402 -173.842
3758.419 -173.889
3759.436 -173.827
3760.453 -173.597
3761.470 -173.777
3762.486 -173.733
3763.503 -173.627
3764.520 -173.547
3765.538 -173.609
3766.554 -173.650
3767.571 -173.811
3768.588 -173.697
3769.605 -173.618
3770.623 -173.539
3771.640 -173.795
3772.657 -173.685
3773.674 -173.491
3774.692 -173.569
3775.709 -173.503
3776.726 -173.902
3777.743 -173.972
3778.760 -173.701
3779.778 -173.843
3780.795 -173.692
3781.812 -173.783
3782.829 -173.719
3783.846 -173.771
3784.863 -173.776
3785.880 -173.597
3786.897 -173.745
3787.914 -173.773
3788.932 -173.620
3789.949 -173.589
3790.966 -173.564
3791.983 -173.733
3793.001 -173.796
3794.018 -173.718
3795.035 -173.685
3796.052 -173.664
3797.069 -173.720
3798.087 -173.754
3799.103 -173.726
3800.120 -173.701
3801.138 -173.745
3802.155 -173.809
3803.171 -173.906
3804.188 -173.848
3805.205 -173.803
3806.222 -173.715
3807.240 -173.745
3808.257 -173.905
3809.275 -173.755
3810.292 -173.748
3811.309 -173.741
3812.326 -173.781
3813.344 -173.663
3814.361 -173.556
3815.378 -173.523
3816.395 -173.601
3817.413 -173.590
3818.430 -173.786
3819.447 -173.930
3820.464 -173.940
3821.481 -173.887
3822.499 -174.008
3823.517 -173.941
3824.534 -173.848
3825.551 -173.873
3826.568 -173.846
3827.586 -173.935
3828.603 -173.681
3829.620 -173.799
3830.637 -173.694
3831.654 -173.664
3832.671 -173.716
3833.688 -173.803
3834.706 -173.723
3835.723 -173.941
3836.740 -173.791
3837.757 -173.969
3838.774 -174.053
3839.791 -173.775
3840.809 -174.074
3841.826 -174.123
3842.843 -173.909
3843.860 -173.984
3844.877 -173.988
3845.894 -173.718
3846.912 -173.793
3847.929 -173.896
3848.947 -173.839
3849.964 -173.723
3850.981 -173.680
3851.998 -173.869
3853.015 -173.884
3854.032 -173.839
3855.050 -174.045
3856.067 -173.905
3857.084 -173.775
3858.102 -173.852
3859.120 -173.941
3860.137 -174.032
3861.154 -173.913
3862.170 -173.775
3863.188 -173.798
3864.205 -173.756
3865.222 -173.744
3866.239 -173.655
3867.257 -173.799
3868.273 -173.960
3869.290 -174.061
3870.307 -174.003
3871.324 -173.930
3872.342 -173.936
3873.359 -174.054
3874.376 -174.204
3875.393 -174.162
3876.411 -174.031
3877.428 -173.938
3878.446 -174.210
3879.462 -174.343
3880.479 -174.238
3881.497 -174.268
3882.514 -174.346
3883.531 -174.565
3884.548 -174.519
3885.566 -174.580
3886.583 -174.473
3887.600 -174.316
3888.618 -174.569
3889.635 -174.598
3890.652 -174.465
3891.670 -174.352
3892.687 -174.310
3893.704 -174.551
3894.721 -174.698
3895.738 -174.499
3896.756 -174.545
3897.773 -174.470
3898.790 -174.797
3899.808 -174.907
3900.824 -174.668
3901.842 -174.696
3902.859 -174.775
3903.876 -174.886
3904.894 -174.749
3905.911 -174.665
3906.929 -174.788
3907.946 -174.881
3908.962 -174.814
3909.979 -174.860
3910.997 -174.961
3912.014 -174.901
3913.031 -175.018
3914.048 -175.005
3915.066 -175.007
3916.083 -174.994
3917.100 -174.898
3918.118 -174.936
3919.135 -175.024
3920.153 -175.008
3921.171 -175.014
3922.188 -175.049
3923.203 -175.169
3924.218 -175.170
3925.234 -175.011
3926.250 -175.013
3927.266 -174.957
3928.283 -174.995
3929.299 -175.008
3930.316 -175.261
3931.332 -175.383
3932.349 -175.301
3933.366 -175.418
3934.383 -175.269
3935.401 -175.224
3936.417 -175.449
3937.434 -175.552
3938.451 -175.532
3939.468 -175.571
3940.485 -175.306
3941.502 -175.207
3942.519 -175.358
3943.537 -175.507
3944.555 -175.347
3945.572 -175.427
3946.589 -175.408
3947.606 -175.492
3948.623 -175.425
3949.640 -175.475
3950.657 -175.487
3951.674 -175.518
3952.692 -175.740
3953.709 -175.730
3954.726 -175.822
3955.743 -175.707
3956.760 -175.679
3957.777 -175.945
3958.794 -175.824
3959.811 -175.722
3960.827 -175.668
3961.845 -175.653
3962.862 -175.861
3963.878 -175.790
3964.895 -175.946
3965.913 -175.794
3966.930 -176.007
3967.947 -176.100
3968.965 -175.985
3969.982 -175.952
3970.999 -175.812
3972.016 -175.898
3973.033 -175.749
3974.051 -175.841
3975.068 -175.889
3976.085 -175.725
3977.102 -175.848
3978.120 -175.857
3979.137 -175.968
3980.154 -176.045
3981.171 -176.140
3982.189 -176.170
3983.206 -176.011
3984.223 -176.054
3985.240 -176.216
3986.258 -176.221
3987.275 -176.148
3988.292 -176.158
3989.309 -176.133
3990.326 -176.154
3991.343 -176.194
3992.361 -176.070
3993.378 -176.209
3994.395 -176.209
3995.412 -176.335
3996.429 -176.455
3997.446 -176.379
3998.463 -176.414
3999.480 -176.247
4000.497 -176.376
4001.514 -176.352
4002.531 -176.478
4003.548 -176.554
4004.565 -176.579
4005.582 -176.439
4006.599 -176.511
4007.616 -176.461
4008.634 -176.532
4009.651 -176.592
4010.668 -176.485
4011.686 -176.535
4012.702 -176.691
4013.720 -176.619
4014.737 -176.525
4015.754 -176.442
4016.772 -176.372
4017.789 -176.484
4018.805 -176.709
4019.823 -176.954
4020.901 -176.894
4021.918 -176.706
4022.935 -176.680
4023.952 -176.622
4024.970 -176.785
4025.987 -176.789
4027.004 -176.706
4028.022 -176.731
4029.038 -176.745
4030.055 -176.725
4031.072 -176.619
4032.089 -176.765
4033.107 -176.926
4034.124 -176.938
4035.142 -176.786
4036.159 -176.885
4037.177 -177.090
4038.194 -176.964
4039.211 -176.877
4040.228 -176.944
4041.245 -176.967
4042.263 -176.966
4043.279 -177.130
4044.296 -177.166
4045.314 -177.209
4046.331 -177.324
4047.348 -177.142
4048.366 -177.148
4049.383 -177.307
4050.399 -177.261
4051.416 -177.205
4052.434 -177.089
4053.451 -177.172
4054.468 -177.214
4055.488 -177.242
4056.506 -177.343
4057.523 -177.425
4058.540 -177.337
4059.557 -177.223
4060.575 -177.417
4061.592 -177.415
4062.608 -177.382
4063.626 -177.306
4064.643 -177.568
4065.660 -177.689
4066.678 -177.579
4067.695 -177.429
4068.712 -177.702
4069.729 -177.684
4070.746 -177.419
4071.763 -177.712
4072.780 -177.744
4073.797 -177.841
4074.815 -177.692
4075.832 -177.772
4076.850 -177.686
4077.867 -177.714
4078.884 -177.727
4079.902 -177.709
4080.919 -177.748
4081.936 -177.884
4082.953 -177.843
4083.971 -177.747
4084.988 -177.678
4086.005 -177.724
4087.022 -177.856
4088.040 -177.890
4089.058 -177.875
4090.075 -177.877
4091.093 -177.797
4092.111 -177.736
4093.127 -177.837
4094.142 -178.048
4095.157 -178.132
4096.172 -178.094
4097.188 -178.005
4098.205 -177.873
4099.221 -177.861
4100.237 -178.048
4101.254 -178.203
4102.271 -178.167
4103.288 -178.163
4104.305 -177.923
4105.322 -177.964
4106.339 -178.060
4107.355 -177.888
4108.372 -177.860
4109.388 -178.075
4110.405 -178.033
4111.422 -178.206
4112.439 -178.198
4113.456 -178.235
4114.473 -178.197
4115.490 -178.189
4116.507 -178.198
4117.524 -178.477
4118.541 -178.281
4119.559 -178.329
4120.575 -178.212
4121.592 -178.418
4122.609 -178.508
4123.627 -178.360
4124.643 -178.271
4125.660 -178.274
4126.677 -178.499
4127.694 -178.351
4128.711 -178.351
4129.729 -178.226
4130.745 -178.506
4131.762 -178.615
4132.779 -178.578
4133.796 -178.669
4134.813 -178.535
4135.829 -178.316
4136.845 -178.627
4137.862 -178.433
4138.879 -178.325
4139.896 -178.377
4140.913 -178.415
4141.931 -178.496
4142.947 -178.689
4143.964 -178.934
4144.981 -178.834
4145.999 -178.669
4147.016 -178.705
4148.033 -178.897
4149.050 -178.877
4150.068 -178.964
4151.085 -178.929
4152.102 -178.828
4153.119 -178.881
4154.136 -178.877
4155.154 -178.922
4156.171 -179.124
4157.188 -179.098
4158.206 -179.066
4159.223 -179.187
4160.240 -179.091
4161.257 -178.971
4162.274 -179.085
4163.291 -179.071
4164.308 -179.283
4165.325 -179.245
4166.343 -179.250
4167.360 -179.260
4168.376 -179.275
4169.394 -179.400
4170.411 -179.418
4171.428 -179.332
4172.445 -179.297
4173.463 -179.339
4174.480 -179.318
4175.497 -179.510
4176.514 -179.310
4177.531 -179.549
4178.548 -179.504
4179.564 -179.336
4180.582 -179.505
4181.599 -179.483
4182.617 -179.439
4183.634 -179.475
4184.651 -179.577
4185.669 -179.667
4186.685 -179.675
4187.702 -179.827
4188.719 -179.824
4189.737 -179.963
4190.754 -179.841
4191.771 -179.757
4192.789 -179.763
4193.806 -179.678
4194.823 -179.820
4195.840 -179.898
4196.857 -180.038
4197.874 -180.126
4198.891 -179.981
4199.908 -179.874
4200.925 -180.034
4201.943 -180.011
4202.960 -180.167
4203.978 -180.280
4204.995 -180.255
4206.012 -180.144
4207.029 -180.179
4208.047 -180.116
4209.064 -180.102
4210.081 -180.315
4211.099 -180.419
4212.116 -180.458
4213.133 -180.388
4214.150 -180.343
4215.168 -180.283
4216.185 -180.503
4217.202 -180.552
4218.219 -180.426
4219.237 -180.446
4220.254 -180.586
4221.270 -180.571
4222.288 -180.594
4223.306 -180.718
4224.323 -180.598
4225.340 -180.502
4226.357 -180.755
4227.374 -180.920
4228.391 -180.769
4229.408 -180.682
4230.425 -180.853
4231.443 -180.900
4232.459 -180.979
4233.477 -180.985
4234.494 -180.838
4235.511 -180.821
4236.529 -180.817
4237.546 -180.765
4238.563 -181.107
4239.579 -181.312
4240.596 -181.304
4241.614 -181.093
4242.631 -180.892
4243.648 -181.046
4244.665 -181.169
4245.682 -181.260
4246.700 -181.470
4247.717 -181.242
4248.734 -181.147
4249.752 -181.142
4250.769 -181.301
4251.786 -181.413
4252.802 -181.380
4253.819 -181.548
4254.837 -181.403
4255.854 -181.423
4256.871 -181.612
4257.888 -181.509
4258.904 -181.625
4259.922 -181.497
4260.939 -181.460
4261.956 -181.525
4262.973 -181.458
4263.990 -181.612
4265.007 -181.749
4266.025 -181.629
4267.041 -181.686
4268.059 -181.816
4269.076 -181.902
4270.094 -181.875
4271.111 -181.841
4272.127 -182.001
4273.145 -182.037
4274.161 -182.006
4275.179 -181.911
4276.196 -181.893
4277.214 -181.835
4278.232 -181.954
4279.248 -181.980
4280.263 -182.115
4281.279 -182.249
4282.295 -182.363
4283.311 -182.217
4284.327 -182.197
4285.344 -182.354
4286.361 -182.205
4287.378 -182.382
4288.395 -182.424
4289.411 -182.438
4290.428 -182.453
4291.445 -182.357
4292.462 -182.442
4293.479 -182.354
4294.496 -182.401
4295.513 -182.407
4296.530 -182.685
4297.547 -182.678
4298.564 -182.612
4299.581 -182.564
4300.598 -182.742
4301.616 -182.910
4302.633 -182.892
4303.649 -182.986
4304.666 -182.686
4305.683 -182.751
4306.701 -182.672
4307.718 -182.732
4308.735 -182.865
4309.751 -183.034
4310.768 -183.039
4311.785 -182.897
4312.802 -183.018
4313.820 -182.885
4314.837 -183.158
4315.854 -183.182
4316.871 -183.077
4317.888 -183.132
4318.905 -182.996
4319.922 -183.323
4320.939 -183.394
4321.956 -183.366
4322.973 -183.279
4323.990 -183.303
4325.007 -183.277
4326.024 -183.362
4327.042 -183.320
4328.059 -183.265
4329.076 -183.302
4330.093 -183.302
4331.111 -183.302
4332.128 -183.431
4333.145 -183.454
4334.162 -183.549
4335.178 -183.547
4336.196 -183.592
4337.213 -183.798
4338.230 -183.779
4339.247 -183.850
4340.265 -183.739
4341.282 -183.699
4342.300 -183.836
4343.317 -183.741
4344.334 -183.829
4345.351 -183.757
4346.368 -183.639
4347.385 -183.895
4348.403 -183.936
4349.420 -184.076
4350.437 -184.290
4351.455 -184.101
4352.471 -183.927
4353.488 -184.169
4354.506 -184.298
4355.523 -184.083
4356.540 -183.992
4357.557 -184.129
4358.574 -184.231
4359.591 -184.258
4360.608 -184.114
4361.625 -184.115
4362.642 -184.274
4363.659 -184.264
4364.677 -184.171
4365.694 -184.272
4366.712 -184.308
4367.729 -184.571
4368.746 -184.397
4369.763 -184.574
4370.781 -184.463
4371.797 -184.421
4372.814 -184.563
4373.831 -184.503
4374.849 -184.604
4375.866 -184.385
4376.883 -184.472
4377.901 -184.780
4378.918 -184.769
4379.935 -184.647
4380.952 -184.842
4381.970 -184.669
4382.988 -184.813
4384.005 -184.734
4385.022 -184.547
4386.040 -184.598
4387.057 -184.774
4388.074 -184.933
4389.092 -184.785
4390.109 -184.748
4391.126 -184.871
4392.143 -184.947
4393.160 -184.912
4394.177 -184.986
4395.194 -185.096
4396.211 -185.155
4397.229 -185.294
4398.246 -185.226
4399.263 -185.170
4400.280 -185.140
4401.298 -185.171
4402.315 -185.181
4403.332 -185.203
4404.350 -185.243
4405.367 -185.458
4406.384 -185.306
4407.402 -185.440
4408.419 -185.541
4409.436 -185.445
4410.453 -185.567
4411.470 -185.538
4412.487 -185.420
4413.505 -185.452
4414.521 -185.423
4415.539 -185.292
4416.556 -185.379
4417.573 -185.563
4418.592 -185.664
4419.609 -185.693
4420.626 -185.707
4421.643 -185.621
4422.661 -185.576
4423.678 -185.601
4424.696 -185.584
4425.713 -185.766
4426.730 -185.434
4427.748 -185.406
4428.765 -185.426
4429.782 -185.755
4430.800 -185.938
4431.817 -185.979
4432.834 -185.888
4433.851 -185.794
4434.868 -185.686
4435.885 -185.729
4436.903 -185.954
4437.920 -185.874
4438.937 -185.927
4439.955 -185.876
4440.972 -185.841
4441.989 -185.968
4443.006 -185.883
4444.024 -185.855
4445.041 -186.086
4446.058 -186.169
4447.076 -186.152
4448.095 -186.288
4449.112 -186.337
4450.129 -186.181
4451.146 -185.944
4452.163 -185.971
4453.181 -186.167
4454.198 -186.261
4455.216 -186.147
4456.233 -186.200
4457.250 -186.332
4458.267 -186.212
4459.285 -186.251
4460.302 -186.276
4461.319 -186.280
4462.335 -186.210
4463.350 -186.290
4464.366 -186.526
4465.382 -186.510
4466.398 -186.493
4467.414 -186.558
4468.432 -186.452
4469.448 -186.434
4470.464 -186.511
4471.481 -186.714
4472.498 -186.539
4473.515 -186.664
4474.531 -186.845
4475.549 -186.950
4476.566 -186.947
4477.583 -186.627
4478.600 -186.818
4479.617 -186.571
4480.634 -186.475
4481.651 -186.486
4482.668 -186.773
4483.684 -186.978
4484.702 -187.060
4485.719 -187.147
4486.736 -186.836
4487.753 -186.736
4488.770 -186.816
4489.788 -187.072
4490.805 -187.094
4491.821 -187.129
4492.838 -187.160
4493.855 -187.083
4494.873 -186.974
4495.889 -187.056
4496.907 -187.011
4497.923 -187.193
4498.941 -187.370
4499.958 -187.300
4500.975 -187.060
4501.993 -187.179
4503.010 -187.203
4504.027 -187.331
4505.043 -187.369
4506.062 -187.417
4507.079 -187.513
4508.096 -187.531
4509.113 -187.548
4510.129 -187.511
4511.146 -187.567
4512.162 -187.649
4513.180 -187.678
4514.197 -187.682
4515.214 -187.768
4516.231 -187.754
4517.248 -187.699
4518.265 -187.608
4519.282 -187.439
4520.300 -187.627
4521.316 -187.783
4522.334 -187.898
4523.351 -187.885
4524.368 -187.833
4525.385 -187.819
4526.403 -187.809
4527.419 -187.720
4528.436 -187.972
4529.454 -187.940
4530.470 -187.891
4531.488 -188.098
4532.505 -188.141
4533.522 -187.932
4534.539 -188.141
4535.556 -188.083
4536.573 -187.981
4537.590 -188.316
4538.606 -188.442
4539.624 -188.383
4540.641 -188.129
4541.659 -188.373
4542.676 -188.081
4543.693 -188.214
4544.711 -188.374
4545.729 -188.103
4546.745 -188.313
4547.762 -188.208
4548.779 -188.393
4549.796 -188.305
4550.813 -188.329
4551.831 -188.260
4552.848 -188.252
4553.865 -188.298
4554.883 -188.262
4555.900 -188.531
4556.916 -188.586
4557.933 -188.553
4558.950 -188.669
4559.967 -188.574
4560.984 -188.587
4562.002 -188.713
4563.019 -188.739
4564.037 -188.559
4565.054 -188.487
4566.071 -188.603
4567.088 -188.694
4568.105 -188.552
4569.122 -188.662
4570.139 -188.844
4571.156 -188.995
4572.173 -188.885
4573.190 -188.879
4574.208 -188.872
4575.225 -188.953
4576.243 -189.101
4577.260 -189.191
4578.277 -189.164
4579.294 -189.161
4580.312 -188.949
4581.329 -188.822
4582.345 -188.992
4583.362 -189.081
4584.376 -189.128
4585.393 -189.163
4586.410 -189.048
4587.426 -189.066
4588.444 -189.124
4589.461 -189.149
4590.477 -189.250
4591.495 -189.162
4592.512 -189.170
4593.529 -189.153
4594.546 -189.344
4595.564 -189.455
4596.580 -189.367
4597.597 -189.228
4598.614 -189.063
4599.631 -189.099
4600.648 -189.253
4601.666 -189.517
4602.683 -189.522
4603.700 -189.396
4604.716 -189.531
4605.733 -189.435
4606.751 -189.315
4607.769 -189.455
4608.786 -189.286
4609.803 -189.301
4610.821 -189.447
4611.838 -189.464
4612.855 -189.557
4613.873 -189.695
4614.890 -189.670
4615.907 -189.758
4616.924 -189.673
4617.941 -189.482
4618.958 -189.503
4619.975 -189.791
4620.993 -189.828
4622.010 -189.817
4623.027 -189.781
4624.045 -189.817
4625.062 -189.935
4626.079 -189.966
4627.096 -189.905
4628.113 -189.871
4629.129 -189.949
4630.146 -190.062
4631.164 -189.930
4632.181 -189.838
4633.198 -189.976
4634.215 -190.162
4635.233 -190.102
4636.249 -189.975
4637.267 -190.128
4638.284 -190.183
4639.301 -190.132
4640.318 -190.149
4641.336 -190.091
4642.353 -190.204
4643.371 -190.166
4644.387 -190.211
4645.406 -190.231
4646.424 -190.317
4647.440 -190.348
4648.456 -190.209
4649.471 -190.231
4650.486 -190.219
4651.502 -190.140
4652.519 -190.094
4653.535 -190.164
4654.552 -190.201
4655.569 -190.288
4656.585 -190.520
4657.602 -190.259
4658.618 -190.298
4659.635 -190.258
4660.652 -190.523
4661.669 -190.506
4662.686 -190.502
4663.702 -190.364
4664.720 -190.296
4665.737 -190.251
4666.753 -190.423
4667.771 -190.596
4668.788 -190.819
4669.805 -190.788
4670.822 -190.541
4671.839 -190.495
4672.856 -190.643
4673.873 -190.538
4674.889 -190.801
4675.906 -190.798
4676.923 -190.723
4677.940 -190.733
4678.957 -190.880
4679.974 -190.901
4680.991 -190.678
4682.009 -190.718
4683.025 -190.832
4684.039 -190.892
4685.056 -190.903
4686.073 -190.937
4687.090 -191.069
4688.107 -191.047
4689.124 -190.895
4690.141 -190.970
4691.158 -191.169
4692.175 -191.295
4693.193 -191.200
4694.210 -191.244
4695.227 -191.240
4696.245 -191.146
4697.263 -191.117
4698.279 -191.080
4699.296 -191.107
4700.313 -191.198
4701.331 -191.153
4702.347 -191.141
4703.364 -191.331
4704.381 -191.339
4705.398 -191.138
4706.415 -191.380
4707.432 -191.337
4708.449 -191.434
4709.466 -191.589
4710.484 -191.436
4711.501 -191.219
4712.518 -191.522
4713.536 -191.508
4714.553 -191.614
4715.570 -191.526
4716.587 -191.347
4717.604 -191.374
4718.621 -191.641
4719.638 -191.682
4720.656 -191.822
4721.672 -191.657
4722.690 -191.810
4723.707 -191.800
4724.724 -191.717
4725.741 -191.770
4726.758 -191.925
4727.775 -191.840
4728.792 -191.939
4729.810 -191.861
4730.826 -191.780
4731.844 -191.821
4732.861 -191.767
4733.878 -191.904
4734.895 -191.888
4735.913 -191.965
4736.930 -191.923
4737.947 -192.102
4738.964 -191.971
4739.981 -191.908
4740.998 -192.054
4742.015 -192.274
4743.032 -192.162
4744.050 -192.305
4745.067 -192.323
4746.085 -192.187
4747.102 -192.278
4748.120 -192.385
4749.137 -192.378
4750.154 -192.409
4751.172 -192.323
4752.189 -192.288
4753.206 -192.441
4754.223 -192.465
4755.240 -192.557
4756.258 -192.502
4757.275 -192.414
4758.292 -192.298
4759.309 -192.379
4760.326 -192.585
4761.344 -192.578
4762.361 -192.474
4763.378 -192.687
4764.396 -192.746
4765.412 -192.798
4766.431 -192.662
4767.448 -192.619
4768.465 -192.800
4769.482 -192.844
4770.499 -192.688
4771.517 -192.710
4772.534 -192.692
4773.551 -192.633
4774.568 -192.760
4775.585 -193.067
4776.602 -193.054
4777.619 -193.260
4778.636 -192.966
4779.653 -192.911
4780.670 -192.825
4781.687 -192.868
4782.704 -193.041
4783.720 -192.973
4784.738 -193.079
4785.755 -193.039
4786.772 -193.192
4787.790 -193.092
4788.807 -193.016
4789.824 -193.095
4790.842 -193.200
4791.859 -193.323
4792.877 -193.484
4793.894 -193.588
4794.910 -193.469
4795.928 -193.369
4796.945 -193.406
4797.963 -193.545
4798.980 -193.476
4799.997 -193.383
4801.014 -193.462
4802.031 -193.389
4803.048 -193.620
4804.066 -193.731
4805.083 -193.725
4806.100 -193.703
4807.117 -193.635
4808.134 -193.493
4809.151 -193.568
4810.169 -193.632
4811.186 -193.665
4812.203 -193.736
4813.220 -193.660
4814.237 -193.655
4815.254 -193.793
4816.272 -193.847
4817.289 -193.885
4818.306 -194.017
4819.323 -194.132
4820.341 -193.892
4821.359 -193.827
4822.376 -193.878
4823.393 -194.082
4824.410 -193.909
4825.427 -193.906
4826.444 -194.068
4827.462 -194.091
4828.480 -193.908
4829.497 -193.860
4830.514 -194.019
4831.532 -194.108
4832.549 -194.033
4833.567 -193.918
4834.584 -194.041
4835.601 -194.344
4836.615 -194.425
4837.630 -194.334
4838.646 -194.146
4839.662 -194.159
4840.678 -194.461
4841.694 -194.597
4842.711 -194.656
4843.727 -194.576
4844.745 -194.411
4845.762 -194.332
4846.779 -194.254
4847.796 -194.314
4848.814 -194.549
4849.830 -194.537
4850.848 -194.596
4851.864 -194.499
4852.881 -194.635
4853.898 -194.631
4854.915 -194.730
4855.932 -194.608
4856.949 -194.707
4857.966 -194.560
4858.983 -194.662
4860.000 -194.641
4861.017 -194.810
4862.035 -194.885
4863.052 -194.844
4864.070 -194.900
4865.086 -194.975
4866.103 -194.987
4867.121 -194.869
4868.138 -194.769
4869.155 -194.920
4870.172 -195.120
4871.189 -195.125
4872.206 -195.086
4873.223 -195.030
4874.241 -195.137
4875.257 -195.249
4876.274 -195.231
4877.292 -195.177
4878.309 -195.107
4879.326 -194.971
4880.343 -194.981
4881.360 -195.089
4882.374 -195.145
4883.391 -195.240
4884.408 -195.169
4885.425 -195.304
4886.443 -195.322
4887.459 -195.148
4888.476 -195.418
4889.493 -195.503
4890.510 -195.420
4891.527 -195.567
4892.544 -195.432
4893.561 -195.562
4894.578 -195.348
4895.595 -195.391
4896.611 -195.433
4897.629 -195.363
4898.647 -195.508
4899.664 -195.330
4900.681 -195.376
4901.698 -195.790
4902.716 -195.822
4903.733 -195.549
4904.750 -195.546
4905.767 -195.504
4906.784 -195.603
4907.801 -195.808
4908.818 -195.857
4909.836 -195.812
4910.853 -195.789
4911.870 -195.612
4912.887 -195.517
4913.905 -195.589
4914.922 -195.816
4915.939 -195.880
4916.956 -195.759
4917.973 -196.081
4918.991 -196.129
4920.008 -195.915
4921.026 -196.038
4922.043 -196.119
4923.060 -196.074
4924.078 -196.043
4925.094 -196.064
4926.112 -196.160
4927.128 -196.158
4928.146 -196.180
4929.163 -196.283
4930.180 -196.349
4931.198 -196.352
4932.215 -196.279
4933.232 -196.354
4934.250 -196.479
4935.267 -196.327
4936.285 -196.254
4937.302 -196.334
4938.319 -196.394
4939.336 -196.383
4940.353 -196.538
4941.371 -196.631
4942.388 -196.563
4943.405 -196.586
4944.422 -196.594
4945.440 -196.534
4946.457 -196.762
4947.474 -196.659
4948.492 -196.784
4949.508 -196.703
4950.526 -196.866
4951.543 -196.748
4952.560 -196.897
4953.578 -196.768
4954.594 -196.861
4955.612 -196.933
4956.629 -196.566
4957.646 -196.617
4958.663 -196.838
4959.679 -196.641
4960.696 -196.622
4961.714 -196.912
4962.732 -196.658
4963.749 -197.059
4964.767 -197.048
4965.784 -196.923
4966.801 -196.920
4967.818 -197.077
4968.835 -197.277
4969.852 -197.357
4970.870 -197.334
4971.887 -197.283
4972.904 -197.237
4973.921 -197.273
4974.938 -197.145
4975.956 -197.143
4976.974 -197.091
4977.991 -197.341
4979.008 -197.363
4980.025 -197.368
4981.042 -197.350
4982.058 -197.316
4983.075 -197.344
4984.093 -197.510
4985.111 -197.443
4986.128 -197.371
4987.145 -197.399
4988.161 -197.458
4989.178 -197.520
4990.196 -197.566
4991.213 -197.588
4992.231 -197.669
4993.247 -197.674
4994.264 -197.606
4995.282 -197.564
4996.299 -197.661
4997.315 -197.664
4998.333 -197.805
4999.350 -197.973
5000.368 -197.889
5001.385 -197.842
5002.402 -197.746
5003.419 -197.972
5004.437 -197.914
5005.455 -197.900
5006.472 -197.891
5007.489 -198.040
5008.506 -198.074
5009.524 -197.936
5010.541 -197.968
5011.558 -197.918
5012.575 -197.865
5013.592 -198.072
5014.609 -198.182
5015.627 -198.231
5016.644 -198.175
5017.661 -198.086
5018.679 -198.142
5019.696 -198.056
5020.712 -198.226
5021.727 -198.107
5022.742 -197.997
5023.759 -197.995
5024.775 -198.027
5025.792 -198.008
5026.808 -198.172
5027.825 -198.246
5028.842 -198.536
5029.859 -198.428
5030.877 -198.272
5031.893 -198.371
5032.910 -198.541
5033.927 -198.398
5034.944 -198.391
5035.961 -198.302
5036.978 -198.287
5037.995 -198.537
5039.012 -198.779
5040.029 -198.705
5041.046 -198.504
5042.063 -198.515
5043.081 -198.441
5044.097 -198.660
5045.116 -198.622
5046.132 -198.588
5047.149 -198.700
5048.166 -198.669
5049.183 -198.528
5050.200 -198.415
5051.218 -198.484
5052.235 -198.424
5053.253 -198.364
5054.270 -198.400
5055.287 -198.547
5056.304 -198.598
5057.321 -198.444
5058.339 -198.497
5059.356 -198.574
5060.373 -198.633
5061.391 -198.627
5062.407 -198.783
5063.424 -198.776
5064.441 -198.778
5065.458 -198.787
5066.476 -198.772
5067.492 -198.773
5068.509 -198.798
5069.526 -198.750
5070.543 -198.689
5071.560 -198.844
5072.577 -198.873
5073.594 -198.912
5074.612 -198.615
5075.629 -198.614
5076.646 -198.894
5077.663 -198.754
5078.680 -198.968
5079.698 -199.000
5080.715 -198.968
5081.732 -199.031
5082.749 -198.847
5083.766 -198.779
5084.783 -198.709
5085.801 -198.778
5086.818 -198.750
5087.834 -198.864
5088.852 -198.945
5089.869 -198.844
5090.886 -199.029
5091.903 -198.939
5092.920 -198.959
5093.938 -198.931
5094.955 -198.973
5095.972 -199.031
5096.990 -199.148
5098.007 -199.012
5099.024 -198.884
5100.041 -199.009
5101.059 -199.135
5102.077 -199.071
5103.094 -198.988
5104.112 -199.039
5105.129 -199.237
5106.146 -199.389
5107.163 -199.356
5108.180 -199.251
5109.198 -199.222
5110.215 -199.306
5111.233 -199.397
5112.250 -199.314
5113.267 -199.256
5114.284 -199.152
5115.300 -199.025
5116.318 -199.245
5117.335 -199.378
5118.352 -199.298
5119.369 -199.145
5120.387 -199.188
5121.403 -199.443
5122.420 -199.550
5123.438 -199.482
5124.455 -199.499
5125.472 -199.344
5126.489 -199.562
5127.507 -199.568
5128.525 -199.627
5129.542 -199.570
5130.559 -199.533
5131.576 -199.422
5132.594 -199.447
5133.611 -199.710
5134.628 -199.816
5135.646 -199.425
5136.663 -199.342
5137.680 -199.726
5138.697 -199.395
5139.714 -199.447
5140.731 -199.485
5141.748 -199.530
5142.765 -199.478
5143.783 -199.434
5144.800 -199.601
5145.818 -199.859
5146.835 -199.689
5147.852 -199.642
5148.869 -199.595
5149.886 -199.757
5150.904 -199.643
5151.921 -199.761
5152.938 -199.910
5153.955 -199.699
5154.973 -199.737
5155.990 -199.771
5157.007 -199.970
5158.024 -199.905
5159.041 -199.936
5160.058 -199.758
5161.075 -199.756
5162.093 -199.886
5163.110 -200.065
5164.126 -200.090
5165.144 -200.069
5166.160 -199.945
5167.177 -199.995
5168.194 -200.096
5169.211 -200.047
5170.228 -199.977
5171.244 -200.104
5172.262 -199.988
5173.279 -199.912
5174.297 -200.022
5175.314 -200.069
5176.331 -200.126
5177.348 -199.991
5178.365 -200.115
5179.383 -200.126
5180.400 -200.091
5181.417 -200.155
5182.435 -200.153
5183.452 -199.979
5184.469 -200.074
5185.486 -200.147
5186.504 -200.186
5187.520 -200.161
5188.538 -200.202
5189.555 -200.050
5190.573 -199.928
5191.590 -200.104
5192.608 -200.132
5193.625 -200.369
5194.643 -200.513
5195.659 -200.239
5196.673 -200.304
5197.690 -200.367
5198.707 -200.322
5199.725 -200.131
5200.741 -200.165
5201.759 -200.138
5202.775 -200.276
5203.793 -200.182
5204.811 -200.343
5205.828 -200.565
5206.843 -200.628
5207.858 -200.577
5208.874 -200.485
5209.890 -200.433
5210.907 -200.355
5211.923 -200.516
5212.940 -200.501
5213.956 -200.544
5214.972 -200.450
5215.989 -200.414
5217.006 -200.568
5218.022 -200.592
5219.039 -200.600
5220.056 -200.556
5221.073 -200.429
5222.090 -200.494
5223.107 -200.581
5224.124 -200.580
5225.141 -200.584
5226.158 -200.575
5227.175 -200.667
5228.193 -200.780
5229.210 -200.718
5230.227 -200.554
5231.245 -200.487
5232.262 -200.658
5233.278 -200.879
5234.296 -200.844
5235.313 -200.730
5236.330 -200.713
5237.347 -200.730
5238.364 -200.837
5239.381 -200.730
5240.399 -200.846
5241.416 -200.899
5242.433 -200.829
5243.450 -200.948
5244.467 -200.891
5245.484 -200.890
5246.501 -200.989
5247.518 -201.099
5248.536 -201.056
5249.553 -201.104
5250.570 -200.961
5251.588 -200.963
5252.605 -201.016
5253.622 -200.952
5254.639 -200.909
5255.656 -200.881
5256.673 -200.987
5257.690 -201.138
5258.707 -200.926
5259.724 -200.870
5260.740 -200.865
5261.757 -201.263
5262.774 -201.098
5263.791 -201.208
5264.809 -201.276
5265.826 -201.138
5266.843 -201.040
5267.860 -200.980
5268.878 -201.247
5269.895 -201.055
5270.912 -201.070
5271.930 -201.086
5272.947 -201.192
5273.964 -201.272
5274.982 -201.274
5275.999 -201.375
5277.016 -201.386
5278.033 -201.294
5279.051 -201.297
5280.068 -201.274
5281.085 -201.232
5282.103 -201.322
5283.120 -201.313
5284.138 -201.300
5285.155 -201.411
5286.173 -201.274
5287.190 -201.199
5288.208 -201.355
5289.225 -201.510
5290.242 -201.411
5291.260 -201.354
5292.277 -201.327
5293.294 -201.267
5294.311 -201.371
5295.330 -201.436
5296.347 -201.489
5297.364 -201.406
5298.382 -201.333
5299.399 -201.371
5300.416 -201.565
5301.433 -201.513
5302.450 -201.564
5303.467 -201.631
5304.484 -201.485
5305.502 -201.560
5306.519 -201.511
5307.537 -201.559
5308.554 -201.717
5309.570 -201.548
5310.587 -201.565
5311.604 -201.537
5312.622 -201.560
5313.638 -201.602
5314.656 -201.682
5315.672 -201.728
5316.690 -201.802
5317.707 -201.935
5318.725 -201.585
5319.742 -201.589
5320.759 -201.777
5321.776 -202.020
5322.794 -202.033
5323.811 -201.836
5324.828 -201.868
5325.845 -201.774
5326.862 -201.848
5327.879 -202.021
5328.896 -201.889
5329.913 -201.803
5330.931 -201.858
5331.948 -201.841
5332.965 -201.816
5333.982 -201.860
5334.999 -201.942
5336.016 -202.067
5337.034 -202.050
5338.051 -201.990
5339.068 -202.063
5340.086 -202.183
5341.103 -202.063
5342.120 -201.965
5343.138 -202.071
5344.155 -201.986
5345.172 -201.915
5346.189 -201.902
5347.206 -201.928
5348.223 -201.986
5349.241 -202.066
5350.258 -202.230
5351.275 -202.322
5352.292 -202.290
5353.309 -202.094
5354.326 -201.928
5355.344 -202.063
5356.361 -202.296
5357.379 -202.132
5358.395 -202.153
5359.413 -202.135
5360.430 -202.142
5361.447 -202.348
5362.465 -202.542
5363.482 -202.485
5364.500 -202.379
5365.516 -202.201
5366.534 -202.294
5367.551 -202.320
5368.569 -202.458
5369.586 -202.478
5370.603 -202.487
5371.620 -202.280
5372.637 -202.462
5373.654 -202.596
5374.671 -202.400
5375.687 -202.298
5376.705 -202.408
5377.722 -202.329
5378.740 -202.545
5379.757 -202.567
5380.775 -202.468
5381.792 -202.756
5382.809 -202.567
5383.827 -202.655
5384.843 -202.759
5385.861 -202.685
5386.878 -202.814
5387.896 -202.649
5388.913 -202.778
5389.931 -202.535
5390.946 -202.475
5391.961 -202.539
5392.976 -202.764
5393.993 -202.853
5395.009 -202.707
5396.026 -202.828
5397.043 -202.930
5398.060 -202.858
5399.077 -203.028
5400.094 -202.997
5401.111 -203.031
5402.127 -203.018
5403.144 -202.962
5404.162 -202.915
5405.179 -202.994
5406.196 -202.989
5407.214 -202.822
5408.230 -202.839
5409.247 -202.960
5410.264 -203.006
5411.281 -202.930
5412.298 -202.884
5413.315 -202.927
5414.332 -202.912
5415.349 -202.960
5416.365 -203.223
5417.384 -203.322
5418.401 -203.375
5419.418 -203.230
5420.435 -203.081
5421.453 -203.160
5422.469 -203.338
5423.487 -203.284
5424.503 -203.378
5425.520 -203.233
5426.538 -203.134
5427.556 -203.163
5428.574 -203.458
5429.590 -203.446
5430.607 -203.196
5431.624 -203.250
5432.642 -203.363
5433.659 -203.743
5434.676 -203.547
5435.693 -203.478
5436.710 -203.347
5437.727 -203.408
5438.744 -203.610
5439.761 -203.461
5440.778 -203.335
5441.795 -203.539
5442.812 -203.636
5443.828 -203.358
5444.845 -203.265
5445.862 -203.427
5446.880 -203.574
5447.897 -203.537
5448.915 -203.460
5449.932 -203.466
5450.949 -203.459
5451.966 -203.561
5452.983 -203.631
5454.000 -203.625
5455.018 -203.723
5456.035 -203.807
5457.052 -203.832
5458.070 -203.796
5459.086 -203.845
5460.103 -203.712
5461.121 -203.657
5462.138 -203.691
5463.155 -203.562
5464.172 -203.615
5465.189 -203.808
5466.207 -203.687
5467.224 -203.555
5468.242 -203.532
5469.259 -203.551
5470.276 -203.773
5471.293 -203.895
5472.310 -203.918
5473.328 -203.995
5474.345 -204.164
5475.362 -204.137
5476.379 -204.208
5477.396 -204.082
5478.413 -204.128
5479.430 -204.163
5480.447 -204.061
5481.465 -204.008
5482.482 -204.011
5483.499 -204.089
5484.516 -204.159
5485.533 -204.122
5486.550 -204.037
5487.568 -204.114
5488.585 -204.246
5489.602 -204.012
5490.619 -203.929
5491.636 -203.961
5492.653 -204.109
5493.670 -203.999
5494.687 -204.160
5495.704 -204.312
5496.722 -204.337
5497.739 -204.058
5498.756 -204.204
5499.773 -204.376
5500.791 -204.346
5501.807 -204.377
5502.825 -204.302
5503.842 -204.058
5504.859 -204.164
5505.876 -204.107
5506.893 -204.347
5507.911 -204.342
5508.928 -204.182
5509.945 -204.105
5510.962 -204.227
5511.979 -204.293
5512.997 -204.408
5514.014 -204.521
5515.032 -204.538
5516.049 -204.484
5517.066 -204.370
5518.083 -204.399
5519.101 -204.317
5520.118 -204.363
5521.135 -204.289
5522.153 -204.287
5523.170 -204.454
5524.187 -204.500
5525.205 -204.527
5526.222 -204.609
5527.240 -204.673
5528.258 -204.527
5529.275 -204.540
5530.292 -204.545
5531.310 -204.461
5532.327 -204.424
5533.344 -204.480
5534.361 -204.523
5535.379 -204.471
5536.395 -204.449
5537.413 -204.583
5538.430 -204.760
5539.447 -204.754
5540.464 -204.828
5541.481 -204.738
5542.499 -204.694
5543.516 -204.773
5544.534 -204.593
5545.551 -204.421
5546.569 -204.461
5547.586 -204.721
5548.603 -204.889
5549.621 -205.060
5550.639 -204.800
5551.655 -204.787
5552.673 -204.814
5553.690 -204.990
5554.708 -204.757
5555.725 -204.919
5556.743 -205.047
5557.761 -204.867
5558.778 -205.026
5559.796 -204.943
5560.813 -204.837
5561.830 -204.847
5562.847 -205.145
5563.864 -205.053
5564.882 -205.056
5565.900 -205.077
5566.917 -205.288
5567.935 -205.085
5568.952 -205.212
5569.970 -205.099
5570.988 -205.139
5572.005 -205.100
5573.021 -205.123
5574.036 -205.293
5575.051 -205.338
5576.067 -205.347
5577.083 -205.270
5578.101 -205.117
5579.118 -205.067
5580.134 -205.023
5581.151 -205.141
5582.168 -205.375
5583.185 -205.334
5584.202 -205.268
5585.219 -205.345
5586.236 -205.385
5587.253 -205.360
5588.270 -205.319
5589.288 -205.272
5590.304 -205.239
5591.322 -205.287
5592.339 -205.170
5593.355 -205.124
5594.369 -205.255
5595.386 -205.345
5596.403 -205.298
5597.421 -205.323
5598.438 -205.249
5599.455 -205.242
5600.472 -205.444
5601.489 -205.649
5602.505 -205.519
5603.522 -205.503
5604.539 -205.471
5605.557 -205.451
5606.574 -205.341
5607.591 -205.570
5608.608 -205.532
5609.625 -205.655
5610.643 -205.667
5611.660 -205.570
5612.678 -205.634
5613.695 -205.688
5614.712 -205.542
5615.729 -205.622
5616.747 -205.829
5617.763 -205.702
5618.780 -205.610
5619.797 -205.672
5620.815 -205.703
5621.831 -205.680
5622.848 -205.841
5623.865 -205.875
5624.882 -205.787
5625.899 -205.667
5626.916 -205.690
5627.933 -205.646
5628.951 -205.728
5629.969 -205.923
5630.986 -205.882
5632.003 -205.961
5633.020 -205.828
5634.037 -205.880
5635.054 -205.961
5636.073 -205.935
5637.090 -205.930
5638.107 -206.018
5639.124 -206.018
5640.141 -205.935
5641.158 -205.952
5642.175 -206.033
5643.193 -205.920
5644.210 -206.042
5645.228 -206.031
5646.245 -205.945
5647.263 -205.984
5648.280 -205.970
5649.297 -205.906
5650.315 -206.000
5651.332 -206.074
5652.349 -206.105
5653.366 -206.039
5654.383 -206.087
5655.401 -206.316
5656.417 -206.251
5657.434 -206.148
5658.452 -206.087
5659.469 -206.243
5660.486 -206.298
5661.503 -206.207
5662.521 -206.337
5663.538 -206.239
5664.555 -206.218
5665.573 -206.270
5666.590 -206.136
5667.607 -206.370
5668.624 -206.468
5669.641 -206.280
5670.658 -206.294
5671.676 -206.115
5672.692 -206.182
5673.709 -206.291
5674.726 -206.233
5675.743 -206.535
5676.760 -206.565
5677.777 -206.383
5678.795 -206.259
5679.811 -206.117
5680.828 -206.364
5681.845 -206.361
5682.863 -206.406
5683.879 -206.288
5684.896 -206.293
5685.913 -206.313
5686.931 -206.492
5687.948 -206.591
5688.966 -206.423
5689.983 -206.435
5691.000 -206.345
5692.017 -206.267
5693.034 -206.346
5694.052 -206.342
5695.068 -206.386
5696.085 -206.471
5697.102 -206.615
5698.119 -206.579
5699.136 -206.445
5700.154 -206.437
5701.171 -206.490
5702.189 -206.655
5703.205 -206.733
5704.223 -206.588
5705.240 -206.523
5706.257 -206.573
5707.275 -206.480
5708.292 -206.465
5709.309 -206.614
5710.327 -206.543
5711.344 -206.462
5712.361 -206.431
5713.379 -206.521
5714.396 -206.750
5715.413 -206.764
5716.431 -206.748
5717.448 -206.800
5718.465 -206.726
5719.482 -206.707
5720.499 -206.470
5721.517 -206.588
5722.534 -206.541
5723.551 -206.655
5724.568 -206.587
5725.586 -206.547
5726.603 -206.689
5727.621 -206.545
5728.638 -206.594
5729.655 -206.623
5730.673 -206.892
5731.690 -206.669
5732.707 -206.837
5733.724 -206.931
5734.741 -206.846
5735.758 -206.667
5736.776 -206.729
5737.793 -206.904
5738.810 -206.997
5739.828 -207.032
5740.845 -206.853
5741.863 -206.903
5742.879 -206.751
5743.897 -206.639
5744.914 -206.580
5745.932 -206.643
5746.949 -206.890
5747.967 -207.049
5748.984 -206.910
5750.000 -206.845
5751.018 -206.855
5752.036 -206.669
5753.053 -206.665
5754.071 -206.812
5755.089 -206.897
5756.106 -206.759
5757.122 -206.652
5758.138 -206.756
5759.153 -206.832
5760.169 -206.849
5761.186 -206.911
5762.202 -206.859
5763.219 -206.871
5764.237 -206.936
5765.254 -207.043
5766.270 -207.091
5767.288 -207.023
5768.305 -207.012
5769.322 -206.984
5770.338 -206.890
5771.355 -206.803
5772.372 -206.764
5773.390 -206.759
5774.406 -206.776
5775.423 -206.852
5776.440 -206.956
5777.457 -207.114
5778.474 -207.103
5779.491 -207.310
5780.507 -207.105
5781.525 -207.234
5782.541 -206.937
5783.558 -206.996
5784.575 -206.897
5785.591 -206.962
5786.608 -206.755
5787.626 -206.804
5788.643 -206.773
5789.660 -206.893
5790.677 -206.877
5791.694 -206.904
5792.711 -206.973
5793.728 -206.999
5794.745 -206.924
5795.762 -206.931
5796.780 -207.084
5797.797 -207.095
5798.815 -207.022
5799.831 -207.209
5800.848 -207.034
5801.865 -207.060
5802.883 -206.910
5803.899 -207.083
5804.916 -207.005
5805.933 -206.985
5806.950 -207.156
5807.967 -207.101
5808.984 -207.092
5810.001 -206.954
5811.019 -207.147
5812.036 -207.129
5813.053 -207.026
5814.070 -207.047
5815.087 -207.151
5816.104 -207.235
5817.122 -207.158
5818.139 -207.117
5819.156 -207.023
5820.173 -206.996
5821.191 -207.049
5822.208 -207.052
5823.225 -207.149
5824.242 -207.285
5825.259 -207.200
5826.276 -207.111
5827.294 -207.005
5828.310 -207.076
5829.328 -207.037
5830.345 -207.072
5831.363 -207.025
5832.380 -206.990
5833.397 -206.965
5834.414 -207.080
5835.431 -207.223
5836.449 -207.252
5837.465 -207.089
5838.483 -207.094
5839.500 -207.246
5840.517 -207.129
5841.536 -207.014
5842.553 -207.015
5843.570 -207.063
5844.586 -207.267
5845.603 -207.327
5846.619 -207.240
5847.636 -207.198
5848.653 -207.092
5849.670 -207.002
5850.688 -207.292
5851.705 -207.328
5852.722 -207.290
5853.740 -207.137
5854.757 -207.063
5855.774 -207.130
5856.791 -207.038
5857.808 -206.910
5858.825 -206.972
5859.843 -206.980
5860.860 -207.197
5861.877 -207.055
5862.894 -207.068
5863.912 -206.894
5864.929 -206.986
5865.946 -207.017
5866.962 -207.032
5867.979 -207.030
5868.996 -207.112
5870.014 -207.114
5871.031 -207.288
5872.049 -207.300
5873.066 -207.247
5874.084 -207.140
5875.100 -207.101
5876.118 -207.121
5877.135 -207.187
5878.153 -207.131
5879.170 -207.115
5880.187 -206.997
5881.205 -207.031
5882.222 -207.065
5883.239 -207.105
5884.257 -207.192
5885.274 -207.267
5886.290 -207.274
5887.308 -207.112
5888.325 -207.044
5889.342 -207.100
5890.359 -207.031
5891.377 -207.120
5892.394 -207.148
5893.412 -207.207
5894.429 -207.207
5895.447 -207.336
5896.463 -207.279
5897.481 -207.049
5898.498 -207.077
5899.515 -207.062
5900.532 -207.025
5901.548 -207.018
5902.564 -206.993
5903.581 -207.227
5904.599 -207.301
5905.616 -207.105
5906.633 -207.114
5907.651 -207.297
5908.668 -207.214
5909.685 -207.127
5910.702 -207.228
5911.720 -207.183
5912.737 -207.103
5913.755 -207.041
5914.772 -207.127
5915.789 -207.279
5916.806 -207.203
5917.824 -207.155
5918.841 -207.109
5919.858 -207.189
5920.875 -207.317
5921.892 -207.444
5922.909 -207.218
5923.927 -207.190
5924.944 -207.202
5925.961 -207.308
5926.978 -207.262
5927.995 -207.287
5929.012 -207.309
5930.030 -207.375
5931.047 -207.402
5932.064 -207.288
5933.081 -207.199
5934.099 -207.434
5935.116 -207.302
5936.133 -207.173
5937.149 -207.224
5938.167 -207.368
5939.185 -207.295
5940.203 -207.329
5941.221 -207.492
5942.236 -207.483
5943.252 -207.232
5944.268 -207.119
5945.284 -207.248
5946.301 -207.234
5947.318 -207.197
5948.335 -207.281
5949.352 -207.490
5950.368 -207.522
5951.384 -207.435
5952.401 -207.268
5953.418 -207.250
5954.435 -207.202
5955.452 -207.285
5956.470 -207.506
5957.487 -207.350
5958.504 -207.263
5959.520 -207.397
5960.538 -207.326
5961.554 -207.330
5962.571 -207.519
5963.588 -207.508
5964.605 -207.578
5965.621 -207.427
5966.638 -207.401
5967.655 -207.382
5968.672 -207.493
5969.688 -207.475
5970.705 -207.507
5971.722 -207.534
5972.740 -207.419
5973.757 -207.598
5974.774 -207.400
5975.791 -207.410
5976.808 -207.628
5977.826 -207.669
5978.843 -207.640
5979.860 -207.735
5980.878 -207.727
5981.894 -207.642
5982.912 -207.815
5983.929 -207.881
5984.946 -207.887
5985.963 -207.756
5986.980 -207.662
5987.997 -207.702
5989.014 -207.807
5990.031 -207.847
5991.049 -207.865
5992.066 -207.855
5993.083 -207.861
5994.101 -207.932
5995.117 -207.886
5996.134 -207.947
5997.151 -207.907
5998.168 -207.867
5999.185 -207.976
6000.203 -207.929
6001.219 -207.946
6002.237 -207.931
6003.254 -207.857
6004.272 -207.926
6005.289 -208.073
6006.305 -208.127
6007.323 -208.079
6008.340 -208.153
6009.357 -208.230
6010.374 -208.199
6011.391 -208.103
6012.408 -208.024
6013.424 -208.181
6014.442 -208.323
6015.459 -208.150
6016.477 -208.328
6017.494 -208.295
6018.511 -208.099
6019.528 -208.240
6020.546 -208.453
6021.563 -208.464
6022.580 -208.257
6023.597 -208.289
6024.614 -208.327
6025.632 -208.433
6026.649 -208.633
6027.666 -208.477
6028.683 -208.494
6029.700 -208.607
6030.717 -208.488
6031.735 -208.537
6032.752 -208.663
6033.769 -208.638
6034.786 -208.663
6035.803 -208.559
6036.821 -208.659
6037.838 -208.553
6038.855 -208.726
6039.872 -208.771
6040.889 -208.849
6041.906 -208.699
6042.923 -208.651
6043.940 -208.673
6044.958 -208.522
6045.975 -208.716
6046.993 -208.990
6048.010 -208.873
6049.027 -208.768
6050.044 -208.921
6051.061 -208.860
6052.078 -208.974
6053.095 -209.007
6054.113 -209.002
6055.129 -208.950
6056.147 -208.915
6057.164 -208.868
6058.182 -208.899
6059.199 -208.940
6060.217 -208.878
6061.234 -208.861
6062.251 -208.973
6063.269 -209.142
6064.286 -209.386
6065.304 -209.447
6066.321 -209.219
6067.338 -209.159
6068.355 -209.263
6069.372 -209.193
6070.389 -209.223
6071.406 -209.308
6072.423 -209.219
6073.440 -209.117
6074.457 -209.242
6075.475 -209.291
6076.492 -209.294
6077.509 -209.338
6078.526 -209.379
6079.543 -209.421
6080.560 -209.534
6081.576 -209.412
6082.593 -209.553
6083.610 -209.464
6084.628 -209.597
6085.645 -209.554
6086.662 -209.498
6087.679 -209.511
6088.697 -209.555
6089.714 -209.434
6090.731 -209.635
6091.748 -209.545
6092.765 -209.609
6093.783 -209.603
6094.800 -209.673
6095.817 -209.803
6096.835 -209.482
6097.852 -209.577
6098.869 -209.675
6099.886 -209.853
6100.903 -209.887
6101.921 -209.785
6102.938 -209.673
6103.955 -209.761
6104.973 -209.750
6105.990 -209.871
6107.007 -209.890
6108.024 -209.878
6109.042 -209.967
6110.059 -209.936
6111.075 -209.953
6112.092 -209.857
6113.110 -210.042
6114.127 -210.014
6115.144 -209.880
6116.161 -209.830
6117.178 -210.091
6118.194 -210.156
6119.212 -210.140
6120.229 -210.174
6121.248 -210.131
6122.266 -210.261
6123.283 -210.260
6124.299 -210.357
6125.314 -210.392
6126.329 -210.262
6127.345 -210.263
6128.361 -210.402
6129.377 -210.560
6130.394 -210.410
6131.411 -210.410
6132.428 -210.306
6133.444 -210.284
6134.461 -210.554
6135.479 -210.427
6136.496 -210.466
6137.513 -210.615
6138.530 -210.651
6139.546 -210.804
6140.563 -210.676
6141.580 -210.617
6142.597 -210.717
6143.614 -210.651
6144.631 -210.582
6145.649 -210.764
6146.666 -210.787
6147.683 -210.768
6148.702 -210.639
6149.719 -210.643
6150.743 -210.714
6151.760 -210.573
6152.777 -210.821
6153.794 -210.927
6154.811 -211.016
6155.828 -210.765
6156.845 -210.924
6157.862 -210.818
6158.879 -210.832
6159.896 -210.946
6160.913 -211.112
6161.930 -210.946
6162.947 -211.164
6163.965 -211.288
6164.982 -211.169
6165.999 -211.206
6167.016 -211.422
6168.033 -211.555
6169.050 -211.413
6170.068 -211.141
6171.084 -211.109
6172.102 -211.109
6173.119 -211.191
6174.137 -211.343
6175.154 -211.381
6176.171 -211.481
6177.188 -211.416
6178.205 -211.382
6179.223 -211.439
6180.240 -211.539
6181.258 -211.713
6182.275 -211.820
6183.292 -211.846
6184.309 -211.903
6185.326 -211.842
6186.343 -211.608
6187.360 -211.585
6188.377 -211.643
6189.395 -211.732
6190.411 -211.737
6191.428 -211.880
6192.445 -211.885
6193.463 -211.894
6194.480 -212.036
6195.497 -211.910
6196.513 -211.777
6197.530 -211.820
6198.547 -211.990
6199.564 -212.129
6200.581 -212.025
6201.598 -212.170
6202.616 -212.173
6203.632 -212.388
6204.650 -212.194
6205.667 -212.145
6206.684 -212.251
6207.701 -212.470
6208.717 -212.622
6209.734 -212.428
6210.752 -212.399
6211.769 -212.473
6212.786 -212.325
6213.804 -212.167
6214.821 -212.549
6215.838 -212.522
6216.855 -212.459
6217.871 -212.569
6218.889 -212.444
6219.906 -212.551
6220.924 -212.561
6221.941 -212.583
6222.958 -212.683
6223.975 -212.708
6224.992 -212.864
6226.010 -212.689
6227.027 -212.766
6228.044 -212.998
6229.062 -213.051
6230.079 -213.083
6231.096 -213.000
6232.113 -213.046
6233.130 -213.041
6234.148 -212.910
6235.165 -212.804
6236.183 -212.935
6237.200 -212.988
6238.218 -212.990
6239.235 -212.920
6240.252 -212.962
6241.269 -213.121
6242.286 -213.184
6243.303 -213.202
6244.320 -213.262
6245.338 -213.323
6246.355 -213.394
6247.372 -213.427
6248.389 -213.454
6249.407 -213.423
6250.424 -213.479
6251.442 -213.448
6252.459 -213.465
6253.476 -213.360
6254.493 -213.561
6255.511 -213.622
6256.528 -213.630
6257.545 -213.548
6258.562 -213.498
6259.579 -213.490
6260.597 -213.770
6261.614 -213.760
6262.632 -213.762
6263.649 -213.916
6264.667 -213.997
6265.684 -213.841
6266.701 -213.928
6267.716 -214.067
6268.733 -213.967
6269.751 -213.904
6270.767 -213.869
6271.785 -213.998
6272.802 -213.948
6273.820 -213.886
6274.837 -214.132
6275.855 -213.917
6276.871 -214.067
6277.889 -213.960
6278.906 -214.243
6279.924 -214.402
6280.940 -214.288
6281.958 -214.305
6282.974 -214.039
6283.992 -214.036
6285.009 -214.206
6286.027 -214.172
6287.043 -214.229
6288.061 -214.460
6289.078 -214.609
6290.095 -214.630
6291.112 -214.607
6292.129 -214.548
6293.146 -214.510
6294.163 -214.496
6295.180 -214.560
6296.197 -214.773
6297.215 -214.713
6298.232 -214.525
6299.250 -214.629
6300.267 -214.905
6301.285 -215.003
6302.302 -214.864
6303.319 -214.763
6304.337 -214.934
6305.354 -214.908
6306.369 -214.987
6307.384 -214.940
6308.399 -214.818
6309.414 -214.847
6310.430 -214.820
6311.447 -214.927
6312.463 -214.996
6313.480 -215.052
6314.497 -215.254
6315.514 -215.460
6316.532 -215.539
6317.549 -215.423
6318.566 -215.433
6319.583 -215.273
6320.600 -215.233
6321.617 -215.269
6322.634 -215.353
6323.651 -215.327
6324.668 -215.437
6325.684 -215.294
6326.701 -215.460
6327.718 -215.545
6328.735 -215.551
6329.752 -215.374
6330.769 -215.571
6331.786 -215.582
6332.803 -215.635
6333.820 -215.437
6334.838 -215.361
6335.855 -215.538
6336.871 -215.563
6337.889 -215.816
6338.906 -215.955
6339.923 -215.990
6340.940 -215.813
6341.957 -215.948
6342.975 -216.014
6343.992 -216.033
6345.009 -215.913
6346.026 -215.827
6347.043 -215.795
6348.060 -216.023
6349.077 -215.990
6350.095 -215.901
6351.112 -215.962
6352.130 -215.974
6353.147 -215.908
6354.164 -215.876
6355.181 -216.016
6356.198 -216.051
6357.215 -216.075
6358.233 -216.184
6359.249 -216.354
6360.266 -216.425
6361.283 -216.369
6362.300 -216.496
6363.317 -216.537
6364.334 -216.375
6365.351 -216.230
6366.368 -216.412
6367.385 -216.473
6368.402 -216.390
6369.418 -216.433
6370.436 -216.540
6371.453 -216.518
6372.470 -216.368
6373.487 -216.389
6374.505 -216.368
6375.521 -216.360
6376.538 -216.437
6377.556 -216.643
6378.573 -216.778
6379.591 -216.860
6380.608 -216.853
6381.625 -216.641
6382.642 -216.551
6383.659 -216.830
6384.676 -216.709
6385.693 -216.889
6386.710 -216.974
6387.727 -216.698
6388.744 -216.751
6389.762 -216.661
6390.779 -216.977
6391.797 -216.814
6392.814 -216.795
6393.831 -216.900
6394.848 -217.140
6395.865 -216.960
6396.883 -216.978
6397.900 -217.059
6398.918 -217.023
6399.935 -216.973
6400.952 -217.090
6401.969 -217.150
6402.986 -217.187
6404.003 -217.300
6405.020 -217.285
6406.037 -217.335
6407.054 -217.305
6408.072 -217.318
6409.090 -217.325
6410.107 -217.424
6411.124 -217.359
6412.141 -217.265
6413.158 -217.355
6414.176 -217.321
6415.193 -217.300
6416.210 -217.395
6417.228 -217.481
6418.245 -217.416
6419.262 -217.354
6420.279 -217.465
6421.296 -217.440
6422.314 -217.493
6423.331 -217.684
6424.348 -217.650
6425.365 -217.502
6426.383 -217.428
6427.400 -217.660
6428.417 -217.735
6429.434 -217.764
6430.452 -217.704
6431.470 -217.883
6432.486 -217.993
6433.503 -217.915
6434.521 -217.756
6435.538 -217.727
6436.555 -217.724
6437.572 -217.680
6438.589 -217.807
6439.607 -217.947
6440.624 -217.853
6441.641 -217.803
6442.659 -218.117
6443.676 -218.045
6444.693 -218.180
6445.710 -218.086
6446.728 -217.946
6447.745 -218.009
6448.762 -218.265
6449.779 -218.072
6450.796 -218.180
6451.813 -218.135
6452.830 -218.179
6453.847 -218.306
6454.865 -218.211
6455.882 -218.134
6456.899 -218.211
6457.916 -218.339
6458.934 -218.286
6459.951 -218.286
6460.968 -218.531
6461.985 -218.386
6463.003 -218.318
6464.020 -218.463
6465.037 -218.518
6466.054 -218.391
6467.072 -218.451
6468.088 -218.685
6469.106 -218.808
6470.123 -218.738
6471.141 -218.518
6472.158 -218.653
6473.176 -218.759
6474.193 -218.792
6475.211 -218.850
6476.229 -218.753
6477.246 -218.597
6478.263 -218.690
6479.280 -218.755
6480.296 -218.775
6481.314 -218.798
6482.331 -218.733
6483.348 -218.766
6484.365 -218.794
6485.381 -218.805
6486.399 -218.905
6487.417 -218.936
6488.435 -219.136
6489.452 -219.170
6490.468 -219.059
6491.483 -219.239
6492.498 -219.259
6493.514 -219.050
6494.530 -219.106
6495.547 -219.045
6496.564 -219.223
6497.581 -219.302
6498.597 -219.288
6499.615 -219.303
6500.631 -219.231
6501.648 -219.237
6502.665 -219.092
6503.682 -219.252
6504.699 -219.276
6505.716 -219.249
6506.733 -219.289
6507.750 -219.255
6508.768 -219.430
6509.785 -219.479
6510.802 -219.480
6511.819 -219.741
6512.836 -219.748
6513.854 -219.735
6514.870 -219.467
6515.887 -219.408
6516.905 -219.643
6517.922 -219.682
6518.938 -219.594
6519.956 -219.512
6520.973 -219.433
6521.990 -219.498
6523.007 -219.677
6524.024 -219.910
6525.041 -219.933
6526.059 -219.897
6527.076 -219.779
6528.093 -219.792
6529.110 -219.915
6530.127 -219.750
6531.143 -219.821
6532.160 -219.894
6533.178 -219.946
6534.195 -219.977
6535.213 -220.005
6536.229 -220.130
6537.247 -219.927
6538.263 -219.757
6539.281 -219.775
6540.297 -219.944
6541.314 -219.988
6542.331 -219.878
6543.348 -220.057
6544.365 -219.960
6545.382 -219.991
6546.398 -220.120
6547.416 -220.262
6548.433 -220.321
6549.450 -220.366
6550.467 -220.203
6551.484 -220.320
6552.501 -220.456
6553.518 -220.480
6554.535 -220.381
6555.552 -220.312
6556.570 -220.102
6557.587 -220.073
6558.604 -220.447
6559.621 -220.596
6560.638 -220.544
6561.655 -220.674
6562.673 -220.597
6563.690 -220.345
6564.707 -220.415
6565.724 -220.610
6566.740 -220.301
6567.758 -220.584
6568.775 -220.643
6569.792 -220.687
6570.809 -220.585
6571.826 -220.683
6572.843 -220.665
6573.859 -220.747
6574.876 -220.652
6575.894 -220.735
6576.911 -220.703
6577.928 -220.634
6578.945 -220.656
6579.963 -220.763
6580.980 -220.867
6581.997 -220.862
6583.014 -220.986
6584.031 -220.850
6585.048 -220.917
6586.065 -221.116
6587.082 -221.149
6588.101 -220.986
6589.118 -221.196
6590.135 -221.247
6591.152 -221.188
6592.169 -221.092
6593.186 -221.239
6594.203 -221.352
6595.220 -221.328
6596.237 -221.343
6597.254 -221.225
6598.271 -221.158
6599.288 -221.194
6600.306 -221.307
6601.323 -221.302
6602.341 -221.224
6603.359 -221.351
6604.375 -221.211
6605.392 -221.245
6606.409 -221.453
6607.427 -221.344
6608.443 -221.208
6609.460 -221.296
6610.477 -221.311
6611.495 -221.436
6612.512 -221.630
6613.529 -221.807
6614.546 -221.631
6615.563 -221.469
6616.581 -221.298
6617.598 -221.546
6618.616 -221.545
6619.633 -221.505
6620.651 -221.487
6621.668 -221.504
6622.686 -221.562
6623.702 -221.777
6624.719 -221.919
6625.737 -221.935
6626.754 -221.777
6627.771 -221.911
6628.788 -221.702
6629.806 -221.665
6630.823 -221.714
6631.839 -221.751
6632.857 -221.704
6633.874 -221.791
6634.892 -221.957
6635.909 -222.062
6636.926 -222.151
6637.943 -222.161
6638.961 -222.062
6639.978 -221.924
6640.995 -221.929
6642.012 -222.016
6643.029 -222.060
6644.047 -222.012
6645.064 -221.955
6646.082 -222.018
6647.099 -221.965
6648.116 -222.098
6649.133 -222.121
6650.151 -222.111
6651.168 -222.115
6652.185 -222.127
6653.202 -222.212
6654.219 -222.176
6655.236 -222.229
6656.254 -222.426
6657.271 -222.448
6658.288 -222.367
6659.305 -222.449
6660.322 -222.431
6661.339 -222.393
6662.356 -222.317
6663.373 -222.414
6664.391 -222.590
6665.408 -222.431
6666.425 -222.319
6667.442 -222.369
6668.460 -222.367
6669.477 -222.360
6670.493 -222.629
6671.510 -222.566
6672.528 -222.576
6673.545 -222.452
6674.562 -222.606
6675.577 -222.456
6676.592 -222.447
6677.609 -222.503
6678.625 -222.613
6679.642 -222.738
6680.658 -222.614
6681.676 -222.637
6682.693 -222.758
6683.710 -222.789
6684.726 -222.797
6685.743 -222.955
6686.760 -222.674
6687.777 -222.758
6688.793 -222.865
6689.810 -222.782
6690.827 -222.521
6691.844 -222.522
6692.861 -222.589
6693.878 -222.853
6694.895 -222.930
6695.913 -222.815
6696.930 -222.791
6697.948 -222.825
6698.965 -222.668
6699.982 -222.805
6700.999 -223.046
6702.016 -222.933
6703.033 -222.907
6704.050 -222.890
6705.067 -223.057
6706.084 -223.255
6707.100 -223.134
6708.117 -223.031
6709.134 -222.805
6710.151 -222.966
6711.168 -223.063
6712.185 -223.034
6713.203 -223.157
6714.220 -223.192
6715.238 -223.145
6716.256 -223.222
6717.273 -223.260
6718.290 -223.172
6719.307 -223.272
6720.325 -223.282
6721.341 -223.216
6722.359 -223.356
6723.376 -223.544
6724.393 -223.452
6725.410 -223.330
6726.427 -223.298
6727.445 -223.366
6728.462 -223.377
6729.479 -223.429
6730.496 -223.476
6731.513 -223.619
6732.530 -223.715
6733.547 -223.719
6734.564 -223.726
6735.582 -223.699
6736.599 -223.506
6737.616 -223.385
6738.634 -223.574
6739.651 -223.757
6740.667 -223.805
6741.685 -223.630
6742.702 -223.537
6743.719 -223.656
6744.735 -223.512
6745.753 -223.770
6746.770 -223.759
6747.787 -223.882
6748.804 -223.936
6749.821 -223.734
6750.838 -223.742
6751.855 -223.715
6752.872 -223.838
6753.889 -223.843
6754.906 -223.938
6755.924 -224.024
6756.941 -223.967
6757.958 -224.008
6758.976 -224.039
6759.993 -224.141
6761.010 -224.111
6762.028 -223.943
6763.045 -224.004
6764.062 -223.867
6765.079 -223.992
6766.096 -224.247
6767.113 -224.135
6768.130 -224.123
6769.148 -224.171
6770.165 -224.127
6771.182 -224.284
6772.199 -224.347
6773.217 -224.298
6774.233 -224.313
6775.251 -224.224
6776.268 -224.225
6777.285 -224.376
6778.302 -224.267
6779.319 -224.159
6780.336 -224.111
6781.354 -224.165
6782.371 -224.317
6783.387 -224.323
6784.405 -224.445
6785.422 -224.455
6786.440 -224.459
6787.457 -224.492
6788.474 -224.461
6789.492 -224.426
6790.508 -224.328
6791.526 -224.528
6792.543 -224.695
6793.561 -224.619
6794.578 -224.508
6795.595 -224.593
6796.612 -224.792
6797.629 -224.853
6798.646 -224.789
6799.663 -224.614
6800.681 -224.584
6801.698 -224.609
6802.715 -224.765
6803.732 -224.929
6804.750 -224.824
6805.767 -224.933
6806.784 -224.622
6807.801 -224.616
6808.819 -224.602
6809.836 -224.654
6810.854 -224.779
6811.871 -224.635
6812.888 -224.639
6813.906 -224.732
6814.923 -224.738
6815.940 -224.919
6816.957 -225.056
6817.974 -224.974
6818.991 -224.949
6820.008 -225.023
6821.025 -225.082
6822.042 -224.968
6823.059 -224.970
6824.076 -224.973
6825.093 -225.109
6826.111 -225.134
6827.127 -225.008
6828.145 -225.041
6829.162 -225.054
6830.179 -225.107
6831.197 -225.182
6832.214 -225.193
6833.232 -225.154
6834.249 -225.113
6835.267 -225.154
6836.284 -225.344
6837.301 -225.562
6838.319 -225.485
6839.336 -225.305
6840.353 -225.368
6841.369 -225.509
6842.387 -225.556
6843.404 -225.444
6844.422 -225.387
6845.439 -225.205
6846.457 -225.371
6847.474 -225.499
6848.491 -225.355
6849.508 -225.422
6850.525 -225.587
6851.543 -225.454
6852.560 -225.232
6853.577 -225.259
6854.595 -225.525
6855.611 -225.487
6856.629 -225.754
6857.647 -225.561
6858.664 -225.613
6859.679 -225.586
6860.694 -225.784
6861.709 -225.638
6862.725 -225.729
6863.742 -225.726
6864.757 -225.749
6865.775 -225.855
6866.791 -225.955
6867.808 -225.927
6868.825 -225.539
6869.842 -225.567
6870.860 -225.595
6871.877 -225.522
6872.894 -225.653
6873.911 -226.038
6874.928 -225.888
6875.945 -226.033
6876.962 -226.019
6877.979 -225.975
6878.996 -226.121
6880.013 -226.015
6881.030 -226.171
6882.047 -225.969
6883.064 -226.028
6884.082 -226.104
6885.098 -226.311
6886.112 -226.301
6887.129 -226.129
6888.146 -226.189
6889.163 -226.085
6890.180 -226.012
6891.197 -226.054
6892.214 -226.130
6893.231 -226.147
6894.248 -226.283
6895.265 -226.185
6896.281 -226.010
6897.298 -226.145
6898.316 -226.206
6899.333 -226.225
6900.350 -226.205
6901.367 -226.199
6902.384 -226.351
6903.401 -226.372
6904.419 -226.378
6905.436 -226.325
6906.453 -226.393
6907.471 -226.334
6908.488 -226.066
6909.506 -226.229
6910.523 -226.286
6911.540 -226.409
6912.557 -226.199
6913.575 -226.346
6914.592 -226.312
6915.609 -226.315
6916.627 -226.175
6917.644 -226.398
6918.662 -226.494
6919.679 -226.504
6920.697 -226.426
6921.714 -226.385
6922.731 -226.429
6923.748 -226.436
6924.765 -226.371
6925.783 -226.554
6926.800 -226.423
6927.817 -226.354
6928.834 -226.243
6929.852 -226.297
6930.869 -226.583
6931.886 -226.653
6932.903 -226.589
6933.920 -226.564
6934.937 -226.589
6935.955 -226.616
6936.972 -226.614
6937.989 -226.688
6939.006 -226.704
6940.024 -226.542
6941.041 -226.582
6942.058 -226.470
6943.075 -226.475
6944.091 -226.659
6945.109 -226.815
6946.126 -226.658
6947.143 -226.536
6948.161 -226.520
6949.178 -226.493
6950.195 -226.714
6951.212 -226.815
6952.229 -226.780
6953.247 -226.889
6954.264 -226.954
6955.281 -226.747
6956.298 -226.733
6957.315 -226.762
6958.333 -226.839
6959.351 -226.743
6960.368 -226.647
6961.385 -226.658
6962.401 -226.638
6963.418 -226.614
6964.436 -226.775
6965.452 -226.905
6966.470 -226.955
6967.487 -226.707
6968.504 -226.857
6969.521 -226.847
6970.538 -226.735
6971.555 -226.973
6972.573 -226.876
6973.590 -227.020
6974.607 -226.974
6975.624 -226.859
6976.642 -226.740
6977.659 -226.840
6978.676 -226.889
6979.693 -227.101
6980.710 -226.959
6981.727 -226.863
6982.745 -226.964
6983.762 -226.978
6984.779 -226.851
6985.796 -227.204
6986.813 -227.063
6987.830 -227.067
6988.847 -226.957
6989.865 -227.155
6990.882 -227.079
6991.899 -227.149
6992.916 -227.150
6993.933 -226.845
6994.951 -226.854
6995.969 -226.927
6996.986 -226.968
6998.003 -227.008
6999.021 -227.175
7000.038 -227.089
7001.055 -227.174
7002.072 -227.186
7003.090 -227.108
7004.107 -227.288
7005.124 -227.110
7006.141 -227.136
7007.159 -227.331
7008.176 -227.394
7009.193 -227.294
7010.211 -227.176
7011.228 -227.181
7012.245 -227.155
7013.262 -227.115
7014.280 -227.157
7015.297 -227.229
7016.314 -227.213
7017.331 -227.183
7018.349 -227.150
7019.365 -227.267
7020.383 -227.279
7021.400 -227.194
7022.418 -227.257
7023.435 -227.323
7024.452 -227.430
7025.469 -227.380
7026.487 -227.358
7027.504 -227.479
7028.521 -227.340
7029.539 -227.353
7030.556 -227.353
7031.573 -227.258
7032.590 -227.456
7033.608 -227.519
7034.625 -227.292
7035.642 -227.190
7036.659 -227.213
7037.676 -227.304
7038.693 -227.455
7039.711 -227.534
7040.729 -227.525
7041.746 -227.533
7042.763 -227.576
7043.779 -227.647
7044.794 -227.710
7045.809 -227.680
7046.825 -227.606
7047.841 -227.748
7048.858 -227.679
7049.875 -227.398
7050.892 -227.561
7051.909 -227.763
7052.925 -227.608
7053.942 -227.493
7054.959 -227.632
7055.975 -227.680
7056.992 -227.590
7058.009 -227.670
7059.027 -227.845
7060.043 -227.791
7061.060 -227.628
7062.077 -227.643
7063.094 -227.612
7064.111 -227.732
7065.128 -227.711
7066.145 -227.625
7067.163 -227.665
7068.180 -227.816
7069.198 -227.874
7070.215 -227.909
7071.232 -227.928
7072.249 -227.765
7073.266 -227.827
7074.284 -227.907
7075.301 -227.912
7076.318 -227.949
7077.335 -228.020
7078.352 -228.143
7079.368 -227.956
7080.386 -227.847
7081.403 -227.846
7082.420 -227.872
7083.436 -228.023
7084.452 -228.153
7085.469 -227.978
7086.487 -227.904
7087.504 -227.855
7088.521 -227.885
7089.538 -228.075
7090.555 -227.951
7091.573 -227.891
7092.590 -228.041
7093.607 -228.231
7094.624 -228.186
7095.641 -227.999
7096.659 -228.151
7097.676 -228.313
7098.693 -228.291
7099.710 -228.413
7100.759 -228.319
7101.777 -228.312
7102.794 -228.241
7103.811 -228.110
7104.828 -228.240
7105.846 -228.313
7106.862 -228.450
7107.879 -228.303
7108.897 -228.187
7109.913 -228.349
7110.930 -228.267
7111.947 -228.290
7112.964 -228.274
7113.982 -228.210
7114.999 -228.358
7116.017 -228.470
7117.034 -228.410
7118.051 -228.343
7119.069 -228.312
7120.086 -228.387
7121.103 -228.422
7122.120 -228.445
7123.137 -228.528
7124.154 -228.564
7125.171 -228.442
7126.187 -228.538
7127.204 -228.472
7128.222 -228.395
7129.239 -228.442
7130.256 -228.476
7131.273 -228.552
7132.291 -228.458
7133.308 -228.487
7134.325 -228.599
7135.342 -228.622
7136.359 -228.674
7137.376 -228.513
7138.393 -228.492
7139.411 -228.655
7140.428 -228.790
7141.445 -228.805
7142.461 -228.612
7143.479 -228.576
7144.496 -228.531
7145.514 -228.460
7146.530 -228.459
7147.547 -228.396
7148.564 -228.306
7149.581 -228.233
7150.598 -228.077
7151.616 -227.988
7152.633 -227.922
7153.650 -227.801
7154.667 -227.713
7155.684 -227.622
7156.701 -227.522
7157.718 -227.429
7158.735 -227.350
7159.752 -227.218
7160.770 -228.346
7161.787 -228.811
7162.804 -229.186
7163.822 -229.037
7164.838 -228.923
7165.855 -229.064
7166.873 -229.275
7167.890 -229.182
7168.908 -228.804
7169.924 -228.861
7170.941 -228.853
7171.959 -228.845
7172.975 -229.173
7173.993 -229.086
7175.009 -228.899
7176.027 -228.915
7177.044 -229.058
7178.061 -229.167
7179.078 -229.200
