0.000 -16.859
0.115 -19.220
0.232 -21.562
0.348 -23.941
0.465 -26.352
0.581 -28.720
0.698 -31.084
0.816 -33.484
0.933 -35.878
1.050 -38.275
1.167 -40.721
1.284 -43.133
1.400 -45.481
1.516 -47.890
1.630 -48.691
1.746 -48.671
1.863 -48.765
1.980 -48.813
2.097 -48.828
2.214 -48.879
2.331 -48.928
2.447 -48.943
2.564 -49.009
2.681 -49.075
2.799 -49.061
2.916 -49.115
3.033 -49.177
3.150 -49.188
3.266 -49.234
3.384 -49.273
3.501 -49.325
3.618 -48.745
3.735 -47.613
3.852 -46.563
3.970 -45.404
4.086 -44.331
4.202 -43.243
4.319 -42.168
4.436 -41.084
4.552 -39.955
4.669 -38.912
4.787 -37.835
4.904 -36.755
5.021 -35.660
5.137 -34.531
5.254 -33.447
5.371 -32.321
5.488 -31.218
5.605 -30.090
5.723 -29.026
5.839 -27.916
5.956 -26.901
6.073 -25.806
6.190 -24.762
6.307 -23.703
6.424 -22.606
6.541 -21.573
6.658 -20.985
6.775 -20.536
6.892 -20.092
7.009 -19.640
7.124 -19.132
7.241 -18.702
7.358 -18.269
7.475 -17.769
7.593 -17.306
7.710 -16.885
7.828 -16.371
7.945 -15.829
8.061 -15.361
8.178 -14.811
8.295 -14.316
8.413 -13.841
8.530 -13.324
8.648 -13.221
8.765 -13.170
8.882 -13.200
8.999 -13.169
9.117 -13.212
9.234 -13.219
9.350 -13.205
9.468 -13.219
9.585 -13.201
9.702 -13.210
9.819 -13.230
9.936 -13.235
10.053 -13.262
10.169 -13.213
10.286 -13.230
10.404 -13.274
10.521 -13.299
10.638 -13.529
10.755 -13.810
10.871 -14.183
10.988 -14.532
11.105 -14.919
11.222 -15.269
11.340 -15.600
11.457 -15.958
12.474 -18.672
13.490 -22.342
14.508 -26.081
15.525 -29.233
16.542 -32.465
17.559 -35.809
18.575 -37.822
19.592 -39.441
20.610 -37.843
21.627 -34.701
22.644 -31.730
23.661 -30.038
24.678 -29.731
25.694 -29.480
26.712 -29.853
27.729 -30.012
28.746 -30.152
29.763 -30.495
30.780 -30.578
31.797 -30.426
32.815 -30.220
33.833 -29.987
34.850 -29.276
35.867 -28.952
36.885 -28.028
37.902 -26.370
38.919 -24.883
39.937 -22.859
40.953 -20.360
41.971 -18.538
42.988 -17.470
44.006 -16.493
45.023 -15.838
46.040 -16.258
47.058 -17.599
48.075 -19.016
49.092 -20.707
50.109 -22.479
51.126 -23.864
52.143 -24.971
53.160 -24.639
54.178 -23.228
55.196 -21.878
56.213 -21.527
57.230 -21.323
58.247 -22.058
59.265 -23.417
60.282 -24.616
61.300 -25.434
62.317 -25.932
63.335 -26.261
64.351 -26.578
65.369 -26.448
66.387 -26.174
67.404 -25.021
68.422 -23.503
69.439 -21.969
70.456 -20.402
71.473 -18.836
72.491 -18.800
73.508 -21.365
74.525 -24.306
75.542 -28.101
76.559 -32.061
77.576 -35.976
78.593 -38.374
79.610 -40.827
80.627 -41.195
81.644 -41.579
82.662 -40.369
83.679 -38.683
84.696 -36.202
85.714 -33.646
86.731 -30.899
87.749 -27.768
88.766 -25.241
89.783 -22.837
90.801 -20.628
91.818 -19.784
92.835 -19.359
93.852 -19.520
94.869 -19.479
95.886 -20.715
96.903 -23.273
97.921 -26.209
98.938 -29.118
99.955 -31.361
100.972 -33.356
101.989 -35.075
103.006 -35.903
104.023 -35.825
105.041 -35.429
106.057 -34.439
107.075 -33.120
108.093 -31.487
109.110 -29.696
110.127 -27.727
111.145 -25.955
112.162 -24.734
113.180 -23.454
114.198 -22.235
115.215 -22.034
116.233 -22.257
117.249 -22.876
118.263 -23.826
119.278 -24.909
120.294 -25.769
121.310 -24.917
122.326 -23.574
123.344 -22.234
124.360 -20.972
125.378 -18.641
126.395 -15.959
127.412 -13.199
128.428 -12.052
129.446 -11.129
130.462 -11.037
131.479 -12.845
132.497 -14.731
133.514 -16.394
134.531 -20.176
135.549 -24.078
136.566 -28.081
137.583 -34.224
138.600 -40.217
139.617 -45.976
140.634 -50.171
141.651 -53.808
142.668 -53.214
143.685 -52.747
144.702 -52.618
145.718 -51.056
146.736 -45.221
147.753 -39.866
148.770 -34.057
149.787 -28.251
150.805 -23.325
151.822 -19.054
152.838 -16.884
153.856 -15.316
154.873 -15.123
155.890 -15.008
156.907 -14.956
157.924 -15.301
158.943 -16.233
159.960 -18.162
160.977 -21.258
161.996 -24.750
163.013 -29.150
164.031 -34.629
165.048 -39.953
166.065 -45.567
167.082 -49.965
168.100 -53.014
169.117 -54.116
170.134 -52.352
171.152 -49.844
172.170 -47.179
173.188 -44.190
174.205 -41.173
175.223 -38.349
176.240 -35.882
177.257 -33.938
178.274 -32.058
179.292 -31.155
180.309 -30.995
181.326 -30.856
182.344 -30.603
183.361 -32.080
184.378 -33.824
185.395 -35.555
186.412 -37.809
187.430 -40.956
188.448 -44.233
189.465 -47.118
190.483 -50.080
191.500 -50.537
192.517 -50.850
193.534 -51.231
194.552 -50.132
195.569 -49.142
196.586 -47.533
197.603 -45.811
198.619 -44.560
199.632 -42.958
200.649 -41.858
201.666 -39.757
202.683 -38.323
203.700 -37.781
204.717 -36.993
205.734 -36.207
206.752 -34.618
207.770 -32.748
208.787 -30.833
209.804 -28.825
210.821 -27.180
211.839 -26.421
212.856 -26.397
213.873 -27.168
214.891 -27.996
215.908 -29.095
216.925 -30.122
217.942 -32.581
218.960 -37.014
219.978 -41.417
220.995 -45.753
222.012 -50.711
223.030 -56.203
224.047 -61.501
225.065 -66.375
226.082 -70.899
227.099 -72.821
228.116 -69.989
229.134 -65.246
230.151 -60.441
231.169 -55.686
232.187 -50.701
233.204 -45.693
234.220 -40.717
235.238 -35.753
236.255 -33.901
237.272 -33.413
238.289 -32.881
239.306 -36.070
240.323 -40.555
241.341 -45.687
242.359 -50.804
243.376 -55.830
244.393 -59.121
245.411 -59.616
246.428 -59.522
247.445 -58.333
248.462 -56.450
249.478 -54.163
250.496 -52.130
251.514 -50.248
252.531 -49.023
253.548 -47.857
254.565 -46.605
255.583 -45.630
256.600 -44.177
257.618 -42.974
258.634 -43.124
259.652 -42.970
260.669 -43.847
261.687 -44.928
262.704 -46.406
263.721 -47.681
264.738 -48.674
265.755 -49.326
266.769 -49.083
267.785 -48.557
268.802 -48.220
269.820 -47.439
270.837 -45.082
271.854 -42.919
272.871 -40.479
273.887 -38.109
274.904 -36.819
275.922 -39.118
276.939 -43.562
277.956 -48.016
278.974 -51.902
279.991 -55.113
281.009 -56.048
282.026 -54.369
283.044 -52.735
284.061 -50.874
285.078 -47.615
286.095 -43.033
287.112 -38.103
288.129 -33.382
289.146 -28.795
290.163 -23.964
291.181 -21.529
292.199 -20.352
293.216 -19.176
294.233 -21.917
295.251 -26.760
296.268 -31.457
297.286 -36.567
298.304 -41.923
299.321 -47.101
300.336 -52.007
301.351 -57.037
302.366 -62.230
303.383 -67.522
304.400 -72.749
305.416 -77.856
306.434 -82.041
307.451 -86.171
308.467 -85.707
309.484 -84.732
310.500 -83.462
311.517 -79.320
312.534 -74.709
313.551 -70.011
314.568 -65.368
315.585 -60.609
316.602 -55.553
317.620 -50.774
318.638 -45.944
319.654 -41.752
320.672 -38.908
321.688 -35.877
322.706 -34.066
323.723 -37.321
324.741 -41.028
325.758 -44.697
326.776 -49.658
327.792 -54.847
328.809 -59.724
329.825 -64.663
330.842 -69.416
331.859 -72.354
332.876 -72.279
333.893 -70.938
334.910 -66.714
335.927 -62.400
336.944 -58.025
337.962 -53.785
338.978 -49.863
339.995 -45.927
341.012 -41.979
342.029 -39.996
343.047 -41.515
344.064 -45.235
345.081 -49.350
346.098 -53.884
347.116 -56.816
348.133 -58.388
349.150 -58.537
350.166 -57.246
351.184 -55.027
352.200 -52.318
353.217 -49.120
354.233 -45.342
355.251 -41.812
356.268 -39.586
357.286 -37.942
358.303 -37.837
359.320 -38.546
360.337 -39.316
361.354 -41.497
362.371 -43.911
363.388 -46.659
364.406 -49.498
365.424 -52.179
366.441 -55.590
367.458 -59.120
368.476 -62.538
369.493 -64.666
370.510 -66.694
371.528 -65.445
372.545 -63.530
373.562 -61.463
374.579 -59.356
375.596 -55.226
376.613 -50.927
377.630 -46.581
378.647 -42.375
379.664 -38.058
380.681 -33.952
381.698 -29.305
382.715 -24.723
383.733 -21.105
384.749 -20.745
385.767 -19.990
386.784 -19.748
387.801 -18.976
388.819 -19.136
389.836 -21.837
390.853 -24.715
391.870 -28.069
392.888 -32.622
393.905 -37.335
394.922 -42.253
395.939 -46.983
396.956 -51.651
397.974 -56.198
398.991 -60.116
400.009 -63.367
401.026 -66.693
402.044 -70.193
403.061 -73.540
404.080 -73.800
405.097 -70.716
406.115 -66.485
407.132 -61.551
408.149 -56.594
409.165 -51.418
410.183 -46.517
411.200 -41.554
412.217 -36.674
413.234 -31.683
414.251 -26.651
415.268 -21.673
416.285 -16.801
417.303 -11.988
418.320 -7.073
419.337 -2.572
420.354 1.630
421.372 0.219
422.389 -2.711
423.406 -5.651
424.423 -10.422
425.441 -15.174
426.458 -19.948
427.475 -24.792
428.492 -29.720
429.509 -32.336
430.527 -34.722
431.544 -37.074
432.561 -35.246
433.578 -33.366
434.595 -31.382
435.612 -29.478
436.629 -27.385
437.647 -23.032
438.664 -18.374
439.681 -13.859
440.698 -10.547
441.716 -8.125
442.733 -11.007
443.750 -14.460
444.768 -17.867
445.785 -22.425
446.802 -27.383
447.819 -32.491
448.837 -37.288
449.854 -42.150
450.871 -46.858
451.888 -51.506
452.905 -56.254
453.923 -60.272
454.940 -61.402
455.958 -59.306
456.976 -56.112
457.992 -51.729
459.009 -47.300
460.026 -42.865
461.044 -38.222
462.061 -34.439
463.078 -33.347
464.095 -34.245
465.112 -35.300
466.129 -37.490
467.147 -40.833
468.164 -44.131
469.181 -47.401
470.199 -50.892
471.216 -53.653
472.233 -55.820
473.250 -58.091
474.267 -58.475
475.284 -57.832
476.302 -57.340
477.320 -54.095
478.337 -49.427
479.354 -44.981
480.372 -40.513
481.389 -35.869
482.404 -31.281
483.419 -26.568
484.435 -24.786
485.451 -27.472
486.467 -30.333
487.484 -34.683
488.501 -39.108
489.517 -43.777
490.534 -48.554
491.551 -53.372
492.568 -56.805
493.585 -60.225
494.602 -63.401
495.619 -62.550
496.636 -61.567
497.652 -57.221
498.669 -52.640
499.686 -48.004
500.703 -43.524
501.720 -38.863
502.738 -34.475
503.754 -31.096
504.771 -28.556
505.789 -28.275
506.806 -29.327
507.823 -30.599
508.841 -32.341
509.858 -35.522
510.875 -40.179
511.892 -44.460
512.908 -48.351
513.926 -52.581
514.943 -55.441
515.960 -56.879
516.977 -58.060
517.995 -57.751
519.012 -54.480
520.029 -50.214
521.046 -46.026
522.064 -42.966
523.080 -40.960
524.098 -39.301
525.115 -38.022
526.132 -37.068
527.150 -36.359
528.167 -36.520
529.184 -37.172
530.202 -37.953
531.219 -39.533
532.236 -41.406
533.253 -42.848
534.270 -44.211
535.287 -46.330
536.304 -48.152
537.322 -49.541
538.339 -50.925
539.357 -51.238
540.374 -51.249
541.391 -49.175
542.408 -45.628
543.426 -42.231
544.444 -38.974
545.461 -35.428
546.479 -32.924
547.495 -30.841
548.512 -30.549
549.529 -30.515
550.546 -33.178
551.563 -35.971
552.580 -39.449
553.597 -42.551
554.615 -45.915
555.632 -47.909
556.649 -49.768
557.667 -49.366
558.684 -48.811
559.701 -47.477
560.718 -46.392
561.735 -47.063
562.753 -47.556
563.769 -48.047
564.787 -49.713
565.804 -51.240
566.821 -53.167
567.838 -54.381
568.855 -55.081
569.873 -54.707
570.890 -52.361
571.907 -48.553
572.924 -45.072
573.942 -41.488
574.959 -38.993
575.977 -38.051
576.994 -38.188
578.011 -38.327
579.028 -38.546
580.045 -38.891
581.063 -38.815
582.080 -38.693
583.097 -38.688
584.114 -38.961
585.131 -39.772
586.148 -41.208
587.165 -42.701
588.182 -43.940
589.200 -44.956
590.216 -46.009
591.234 -46.298
592.251 -45.820
593.269 -45.078
594.287 -44.404
595.303 -43.958
596.320 -43.320
597.338 -43.197
598.355 -44.781
599.372 -47.216
600.390 -49.562
601.407 -50.891
602.424 -52.148
603.441 -52.858
604.458 -53.740
605.475 -54.583
606.492 -55.780
607.510 -57.238
608.527 -58.735
609.544 -60.299
610.561 -61.996
611.579 -62.538
612.596 -62.934
613.613 -63.138
614.630 -60.532
615.647 -57.476
616.664 -54.576
617.682 -52.098
618.699 -50.315
619.717 -49.456
620.733 -48.345
621.750 -47.070
622.768 -45.796
623.785 -44.983
624.802 -45.317
625.820 -46.402
626.837 -47.874
627.855 -49.677
628.871 -51.700
629.889 -53.801
630.906 -55.871
631.923 -58.138
632.941 -60.377
633.958 -62.582
634.976 -64.608
635.993 -65.141
637.010 -64.991
638.028 -64.227
639.045 -63.207
640.062 -62.138
641.079 -59.998
642.097 -57.172
643.114 -53.782
644.131 -50.810
645.149 -48.205
646.166 -45.616
647.184 -43.755
648.202 -42.384
649.220 -41.032
650.238 -39.623
651.254 -39.757
652.272 -40.602
653.288 -41.928
654.306 -43.340
655.323 -45.283
656.340 -47.455
657.358 -49.548
658.375 -50.850
659.393 -50.463
660.411 -49.801
661.429 -47.937
662.445 -44.914
663.461 -41.733
664.476 -38.646
665.491 -35.385
666.508 -31.875
667.524 -28.618
668.541 -25.307
669.558 -21.758
670.575 -18.477
671.591 -15.070
672.608 -14.930
673.625 -18.372
674.642 -22.573
675.660 -26.997
676.676 -31.201
677.693 -35.152
678.710 -39.277
679.727 -43.133
680.744 -46.020
681.762 -48.588
682.778 -48.422
683.795 -47.394
684.812 -44.574
685.829 -42.201
686.846 -40.677
687.863 -39.400
688.881 -39.225
689.897 -39.180
690.914 -39.875
691.931 -41.640
692.949 -43.646
693.966 -45.411
694.983 -47.323
696.000 -49.197
697.017 -50.931
698.034 -52.144
699.051 -52.427
700.069 -52.765
701.086 -52.638
702.102 -51.793
703.120 -51.024
704.137 -50.091
705.154 -49.166
706.171 -48.315
707.188 -47.580
708.205 -48.138
709.223 -49.330
710.240 -50.643
711.258 -52.916
712.275 -55.542
713.292 -59.314
714.309 -63.712
715.326 -68.101
716.344 -72.512
717.361 -76.171
718.378 -76.414
719.395 -75.905
720.412 -73.790
721.429 -71.480
722.446 -69.215
723.464 -65.168
724.481 -60.802
725.498 -55.889
726.515 -50.950
727.533 -47.955
728.551 -44.821
729.568 -44.096
730.585 -43.513
731.602 -42.652
732.619 -41.827
733.637 -42.893
734.654 -43.586
735.671 -44.311
736.688 -45.545
737.706 -46.271
738.723 -46.913
739.740 -46.899
740.757 -46.773
741.773 -45.171
742.790 -43.713
743.808 -41.948
744.825 -40.511
745.842 -38.643
746.859 -36.373
747.876 -34.642
748.894 -33.587
749.911 -32.656
750.928 -32.025
751.946 -31.779
752.963 -32.981
753.980 -33.822
754.998 -36.174
756.015 -39.879
757.032 -43.666
758.050 -47.788
759.067 -52.504
760.085 -56.471
761.102 -59.978
762.119 -63.466
763.136 -64.437
764.153 -63.744
765.170 -60.895
766.187 -56.960
767.205 -53.183
768.221 -49.520
769.238 -45.738
770.256 -43.462
771.273 -44.873
772.291 -48.668
773.308 -52.311
774.325 -55.685
775.342 -58.998
776.359 -59.296
777.376 -55.944
778.393 -51.932
779.407 -47.592
780.424 -44.278
781.442 -41.063
782.459 -38.294
783.476 -35.822
784.494 -35.169
785.511 -34.535
786.529 -34.421
787.546 -34.403
788.563 -34.974
789.581 -35.464
790.598 -36.355
791.615 -37.141
792.632 -38.787
793.650 -40.159
794.667 -41.692
795.684 -43.202
796.701 -45.005
797.720 -47.894
798.737 -51.125
799.754 -54.120
800.773 -56.280
801.791 -56.108
802.807 -55.987
803.824 -55.176
804.842 -51.567
805.859 -48.286
806.876 -44.763
807.893 -41.269
808.911 -38.189
809.927 -35.403
810.944 -34.171
811.962 -34.986
812.979 -37.419
813.996 -42.441
815.014 -47.173
816.031 -51.787
817.048 -56.629
818.066 -59.809
819.083 -60.142
820.101 -59.470
821.118 -58.670
822.135 -56.812
823.153 -53.024
824.170 -48.394
825.187 -43.779
826.204 -40.192
827.222 -37.659
828.240 -35.473
829.257 -33.190
830.274 -31.830
831.291 -32.686
832.309 -34.373
833.326 -36.653
834.344 -39.202
835.361 -41.794
836.378 -44.313
837.395 -46.751
838.413 -48.824
839.431 -50.796
840.447 -52.742
841.464 -53.634
842.481 -54.387
843.499 -54.936
844.517 -53.531
845.533 -51.755
846.549 -49.586
847.564 -47.491
848.580 -45.105
849.596 -42.675
850.613 -40.197
851.629 -38.005
852.646 -36.645
853.663 -35.209
854.680 -33.670
855.697 -32.842
856.714 -35.048
857.731 -37.253
858.748 -39.852
859.766 -44.743
860.783 -49.546
861.800 -54.214
862.817 -58.131
863.834 -61.863
864.851 -64.812
865.868 -66.172
866.884 -67.532
867.902 -67.260
868.919 -63.537
869.936 -59.924
870.953 -56.239
871.970 -52.639
872.987 -48.735
874.004 -44.134
875.021 -41.158
876.038 -40.373
877.055 -40.786
878.071 -43.244
879.085 -46.737
880.102 -49.212
881.120 -50.850
882.136 -52.467
883.154 -51.722
884.171 -49.246
885.189 -46.844
886.206 -43.024
887.223 -38.381
888.241 -34.227
889.258 -30.447
890.275 -26.615
891.293 -26.192
892.310 -27.173
893.327 -30.075
894.345 -33.797
895.362 -37.537
896.379 -41.122
897.396 -44.596
898.413 -48.259
899.430 -52.006
900.448 -55.823
901.465 -59.410
902.482 -62.964
903.500 -64.920
904.518 -65.287
905.534 -65.302
906.552 -63.632
907.569 -62.149
908.586 -59.236
909.603 -55.874
910.620 -53.966
911.636 -52.264
912.653 -53.070
913.670 -53.980
914.687 -55.347
915.704 -59.460
916.721 -63.060
917.738 -66.934
918.755 -71.267
919.772 -74.751
920.789 -77.090
921.806 -77.885
922.823 -75.136
923.841 -72.378
924.858 -69.064
925.875 -65.507
926.893 -61.857
927.910 -58.362
928.927 -54.649
929.945 -50.898
930.962 -47.044
931.979 -43.022
932.997 -38.859
934.014 -34.970
935.031 -30.864
936.049 -29.087
937.066 -30.127
938.083 -32.511
939.101 -36.136
940.118 -39.862
941.135 -43.644
942.152 -47.424
943.169 -52.062
944.186 -56.994
945.203 -59.771
946.220 -61.198
947.238 -62.768
948.256 -64.238
949.272 -65.853
950.290 -67.486
951.307 -64.210
952.326 -59.219
953.342 -55.040
954.360 -50.931
955.377 -46.683
956.395 -42.486
957.412 -38.336
958.429 -34.143
959.446 -29.931
960.463 -26.143
961.481 -22.538
962.498 -18.852
963.515 -17.690
964.532 -21.466
965.549 -25.538
966.567 -30.112
967.584 -34.606
968.602 -38.977
969.618 -43.354
970.635 -47.452
971.653 -51.499
972.669 -55.560
973.687 -59.738
974.704 -63.729
975.721 -67.830
976.738 -71.593
977.756 -74.918
978.773 -77.867
979.791 -80.902
980.807 -83.967
981.825 -87.056
982.843 -89.022
983.860 -87.683
984.878 -83.379
985.895 -79.341
986.913 -75.721
987.930 -71.923
988.947 -68.097
989.964 -64.226
990.982 -60.229
991.999 -56.490
993.016 -52.747
994.033 -48.932
995.050 -44.907
996.068 -40.884
997.085 -37.160
998.102 -33.296
999.119 -29.373
1000.136 -25.233
1001.154 -22.436
1002.171 -22.407
1003.188 -23.143
1004.205 -25.111
1005.223 -28.019
1006.240 -30.963
1007.257 -35.021
1008.274 -39.713
1009.292 -44.411
1010.309 -49.002
1011.326 -53.320
1012.343 -55.986
1013.361 -57.892
1014.378 -58.141
1015.395 -58.069
1016.412 -57.803
1017.430 -55.437
1018.447 -51.996
1019.464 -48.306
1020.481 -45.231
1021.498 -43.257
1022.515 -41.427
1023.533 -39.470
1024.550 -37.604
1025.568 -38.203
1026.586 -39.068
1027.604 -41.954
1028.620 -44.958
1029.635 -47.874
1030.650 -50.703
1031.666 -52.132
1032.682 -52.592
1033.699 -50.537
1034.716 -48.177
1035.733 -46.002
1036.750 -43.738
1037.767 -40.475
1038.784 -37.291
1039.801 -34.155
1040.819 -31.012
1041.836 -27.804
1042.853 -25.797
1043.870 -27.403
1044.887 -29.980
1045.904 -33.768
1046.921 -37.508
1047.938 -41.374
1048.955 -45.145
1049.973 -49.164
1050.990 -53.038
1052.007 -57.030
1053.023 -61.129
1054.040 -65.221
1055.057 -69.282
1056.074 -71.299
1057.091 -71.192
1058.108 -68.986
1059.125 -64.540
1060.142 -60.304
1061.159 -56.426
1062.175 -52.714
1063.193 -48.316
1064.210 -43.617
1065.227 -38.955
1066.244 -36.271
1067.261 -34.218
1068.278 -34.365
1069.295 -37.445
1070.313 -41.463
1071.330 -45.310
1072.347 -49.041
1073.364 -52.720
1074.381 -55.532
1075.398 -58.414
1076.415 -61.421
1077.432 -64.421
1078.449 -67.384
1079.466 -64.357
1080.484 -60.582
1081.501 -57.008
1082.518 -53.529
1083.536 -49.830
1084.552 -46.139
1085.569 -43.626
1086.587 -41.205
1087.604 -38.831
1088.621 -39.932
1089.637 -41.019
1090.655 -44.469
1091.672 -47.937
1092.689 -51.196
1093.706 -54.576
1094.724 -57.434
1095.741 -56.743
1096.758 -55.650
1097.776 -55.045
1098.794 -54.018
1099.811 -52.578
1100.828 -49.035
1101.845 -45.135
1102.862 -41.159
1103.880 -36.721
1104.897 -32.651
1105.913 -28.432
1106.931 -24.219
1107.948 -20.285
1108.965 -16.742
1109.982 -13.114
1111.000 -9.217
1112.017 -8.225
1113.034 -10.022
1114.051 -12.723
1115.068 -16.837
1116.085 -20.610
1117.102 -24.493
1118.120 -28.525
1119.137 -32.688
1120.154 -36.639
1121.171 -40.529
1122.188 -44.478
1123.206 -48.774
1124.223 -52.596
1125.241 -56.118
1126.258 -58.637
1127.276 -60.606
1128.292 -60.979
1129.310 -60.591
1130.327 -60.218
1131.344 -57.668
1132.361 -54.297
1133.378 -50.513
1134.396 -46.739
1135.413 -43.135
1136.430 -39.320
1137.447 -35.601
1138.464 -31.706
1139.480 -27.735
1140.498 -26.234
1141.514 -27.426
1142.532 -28.999
1143.549 -31.801
1144.567 -34.672
1145.585 -37.657
1146.602 -40.765
1147.620 -44.830
1148.637 -48.418
1149.654 -51.996
1150.671 -55.443
1151.689 -58.395
1152.706 -59.524
1153.723 -60.569
1154.740 -61.399
1155.758 -61.683
1156.775 -59.676
1157.793 -57.604
1158.809 -54.937
1159.826 -51.390
1160.844 -47.692
1161.861 -44.013
1162.878 -40.393
1163.895 -37.710
1164.913 -35.821
1165.930 -35.888
1166.947 -36.315
1167.965 -37.420
1168.982 -39.310
1169.999 -41.982
1171.016 -44.354
1172.033 -46.525
1173.050 -47.766
1174.068 -48.333
1175.085 -48.000
1176.103 -46.525
1177.121 -45.240
1178.138 -43.965
1179.155 -43.077
1180.172 -42.345
1181.189 -42.909
1182.207 -44.409
1183.224 -45.345
1184.242 -45.967
1185.259 -46.423
1186.276 -45.577
1187.293 -43.346
1188.311 -41.782
1189.328 -40.639
1190.346 -39.561
1191.363 -39.873
1192.381 -40.504
1193.398 -42.720
1194.416 -45.301
1195.434 -49.431
1196.451 -53.979
1197.468 -58.471
1198.486 -62.918
1199.503 -67.169
1200.520 -70.004
1201.538 -73.002
1202.555 -76.001
1203.572 -75.385
1204.589 -74.718
1205.607 -70.587
1206.624 -66.617
1207.642 -62.901
1208.659 -59.227
1209.678 -55.263
1210.695 -51.548
1211.712 -47.790
1212.727 -43.977
1213.742 -40.363
1214.758 -36.835
1215.774 -33.107
1216.789 -29.562
1217.806 -27.480
1218.822 -29.145
1219.840 -30.518
1220.857 -32.345
1221.874 -33.022
1222.891 -33.712
1223.908 -34.454
1224.925 -35.500
1225.941 -36.263
1226.956 -36.868
1227.973 -37.430
1228.990 -37.160
1230.007 -36.056
1231.024 -34.475
1232.041 -33.927
1233.058 -34.294
1234.075 -34.796
1235.092 -35.863
1236.108 -37.805
1237.126 -39.872
1238.143 -41.398
1239.160 -42.422
1240.177 -42.338
1241.194 -41.031
1242.211 -39.470
1243.229 -37.865
1244.246 -37.202
1245.263 -36.952
1246.280 -36.518
1247.297 -36.299
1248.314 -36.387
1249.332 -36.655
1250.349 -37.227
1251.366 -37.593
1252.383 -38.243
1253.400 -38.906
1254.417 -39.357
1255.434 -39.654
1256.451 -38.782
1257.468 -36.248
1258.485 -33.638
1259.502 -30.943
1260.519 -28.960
1261.536 -26.948
1262.553 -24.867
1263.570 -25.923
1264.587 -27.348
1265.604 -30.846
1266.621 -33.977
1267.638 -36.374
1268.656 -38.909
1269.673 -41.392
1270.691 -43.794
1271.707 -45.649
1272.724 -47.567
1273.742 -49.116
1274.759 -50.896
1275.777 -52.542
1276.794 -53.541
1277.812 -54.433
1278.828 -55.473
1279.846 -56.383
1280.863 -56.449
1281.880 -54.960
1282.897 -53.102
1283.914 -51.281
1284.931 -49.745
1285.949 -47.362
1286.966 -43.838
1287.983 -40.077
1289.000 -37.457
1290.017 -35.838
1291.034 -35.340
1292.051 -36.759
1293.068 -38.189
1294.085 -39.617
1295.103 -42.673
1296.120 -46.616
1297.137 -50.327
1298.154 -54.237
1299.171 -58.285
1300.189 -60.685
1301.206 -61.714
1302.223 -60.212
1303.240 -57.554
1304.257 -54.861
1305.274 -51.723
1306.291 -49.201
1307.309 -47.043
1308.326 -44.799
1309.343 -44.120
1310.361 -44.006
1311.378 -44.000
1312.396 -43.891
1313.413 -47.530
1314.430 -52.188
1315.448 -56.234
1316.466 -59.744
1317.483 -63.575
1318.500 -67.549
1319.518 -71.278
1320.535 -73.095
1321.553 -74.768
1322.569 -71.713
1323.586 -68.591
1324.604 -65.316
1325.621 -61.790
1326.638 -58.329
1327.656 -54.483
1328.673 -50.831
1329.690 -47.022
1330.708 -43.435
1331.725 -39.996
1332.742 -36.326
1333.759 -33.550
1334.776 -31.617
1335.794 -34.100
1336.810 -36.466
1337.828 -38.971
1338.845 -41.942
1339.863 -46.471
1340.880 -50.162
1341.897 -53.726
1342.914 -57.368
1343.931 -61.375
1344.948 -65.866
1345.965 -69.743
1346.982 -71.484
1348.000 -71.302
1349.017 -70.432
1350.034 -69.429
1351.051 -68.437
1352.068 -67.726
1353.085 -67.359
1354.103 -67.175
1355.120 -66.365
1356.138 -65.104
1357.155 -63.751
1358.172 -62.206
1359.189 -60.429
1360.207 -58.718
1361.224 -57.147
1362.241 -56.244
1363.259 -55.512
1364.276 -55.785
1365.293 -56.592
1366.311 -58.122
1367.328 -59.983
1368.345 -63.470
1369.363 -67.437
1370.379 -71.375
1371.397 -75.474
1372.414 -79.524
1373.431 -83.710
1374.449 -87.969
1375.466 -90.775
1376.483 -93.457
1377.500 -93.369
1378.518 -89.595
1379.535 -85.553
1380.552 -81.644
1381.569 -78.114
1382.587 -74.678
1383.604 -70.277
1384.622 -66.010
1385.639 -61.311
1386.657 -57.013
1387.674 -52.629
1388.691 -48.463
1389.708 -44.465
1390.726 -40.628
1391.743 -37.933
1392.761 -35.929
1393.779 -35.223
1394.796 -34.596
1395.812 -34.782
1396.827 -35.396
1397.842 -36.225
1398.859 -37.287
1399.875 -38.390
1400.892 -39.263
1401.909 -39.745
1402.926 -39.703
1403.943 -39.230
1404.959 -37.801
1405.976 -36.762
1406.994 -36.088
1408.010 -35.476
1409.027 -35.986
1410.045 -38.649
1411.062 -42.246
1412.079 -45.801
1413.096 -47.989
1414.114 -49.362
1415.131 -50.632
1416.148 -51.661
1417.166 -52.533
1418.183 -53.329
1419.202 -53.606
1420.219 -53.586
1421.236 -53.589
1422.253 -52.576
1423.270 -49.245
1424.287 -45.168
1425.305 -41.120
1426.322 -37.311
1427.339 -33.575
1428.356 -29.935
1429.373 -28.108
1430.390 -28.267
1431.407 -28.687
1432.424 -30.958
1433.441 -33.543
1434.459 -36.091
1435.476 -39.890
1436.493 -43.952
1437.510 -48.155
1438.527 -52.916
1439.544 -57.554
1440.562 -62.001
1441.579 -63.614
1442.596 -64.982
1443.613 -61.763
1444.630 -58.536
1445.648 -54.891
1446.664 -51.506
1447.682 -47.928
1448.699 -44.774
1449.716 -42.047
1450.733 -42.165
1451.750 -41.752
1452.767 -42.280
1453.785 -45.620
1454.802 -49.089
1455.819 -53.505
1456.836 -58.251
1457.853 -62.331
1458.871 -65.828
1459.888 -68.437
1460.905 -67.967
1461.922 -65.880
1462.939 -63.767
1463.957 -61.556
1464.974 -59.417
1465.991 -57.170
1467.008 -54.777
1468.026 -52.605
1469.043 -50.770
1470.060 -48.919
1471.078 -47.229
1472.095 -45.940
1473.111 -44.272
1474.129 -42.305
1475.146 -40.651
1476.163 -39.422
1477.180 -39.166
1478.197 -39.444
1479.214 -41.098
1480.232 -43.525
1481.249 -46.110
1482.266 -48.767
1483.284 -52.626
1484.301 -56.806
1485.319 -60.719
1486.336 -63.441
1487.352 -64.593
1488.370 -64.473
1489.387 -64.020
1490.405 -62.539
1491.422 -59.828
1492.439 -57.069
1493.457 -53.411
1494.474 -49.656
1495.490 -45.952
1496.507 -43.901
1497.525 -42.278
1498.542 -42.686
1499.559 -43.407
1500.577 -44.210
1501.594 -43.641
1502.611 -42.419
1503.627 -41.390
1504.645 -40.325
1505.662 -39.507
1506.680 -38.485
1507.697 -38.278
1508.714 -38.042
1509.732 -38.047
1510.749 -38.033
1511.766 -37.724
1512.783 -37.727
1513.800 -37.264
1514.817 -37.219
1515.835 -38.139
1516.852 -38.887
1517.870 -39.550
1518.887 -40.732
1519.904 -42.137
1520.921 -43.013
1521.938 -42.883
1522.956 -41.937
1523.973 -40.810
1524.991 -40.588
1526.008 -41.255
1527.025 -42.366
1528.043 -43.803
1529.060 -44.824
1530.077 -45.859
1531.094 -46.793
1532.112 -48.068
1533.129 -48.797
1534.146 -48.700
1535.162 -48.521
1536.180 -48.270
1537.197 -47.632
1538.214 -46.282
1539.232 -44.582
1540.248 -42.733
1541.266 -40.768
1542.283 -38.883
1543.301 -37.086
1544.318 -35.778
1545.336 -34.257
1546.353 -34.114
1547.371 -34.432
1548.388 -34.853
1549.406 -36.288
1550.422 -37.683
1551.439 -39.479
1552.457 -41.544
1553.473 -43.556
1554.490 -45.114
1555.508 -46.894
1556.525 -47.978
1557.542 -47.878
1558.560 -47.662
1559.577 -47.247
1560.595 -45.733
1561.613 -44.424
1562.630 -43.141
1563.648 -42.437
1564.665 -42.152
1565.683 -42.781
1566.700 -43.212
1567.718 -43.874
1568.735 -44.445
1569.751 -45.244
1570.769 -46.422
1571.786 -47.626
1572.803 -48.470
1573.821 -48.921
1574.839 -48.042
1575.855 -46.325
1576.870 -44.035
1577.885 -41.604
1578.901 -39.199
1579.917 -36.908
1580.934 -35.318
1581.951 -34.039
1582.968 -33.212
1583.985 -32.410
1585.002 -32.221
1586.019 -32.865
1587.037 -35.203
1588.054 -39.109
1589.071 -43.083
1590.088 -47.176
1591.105 -50.434
1592.122 -49.580
1593.139 -45.766
1594.157 -41.863
1595.174 -37.808
1596.191 -36.085
1597.208 -35.858
1598.226 -38.052
1599.243 -41.538
1600.260 -45.663
1601.278 -49.859
1602.295 -54.137
1603.312 -56.135
1604.329 -57.254
1605.346 -54.673
1606.363 -51.056
1607.381 -47.352
1608.398 -43.515
1609.415 -40.639
1610.433 -38.077
1611.450 -36.854
1612.467 -36.156
1613.485 -35.331
1614.502 -36.626
1615.519 -38.200
1616.536 -41.042
1617.553 -43.770
1618.571 -46.496
1619.588 -49.440
1620.605 -52.261
1621.623 -54.862
1622.641 -57.538
1623.657 -59.792
1624.671 -60.891
1625.688 -61.849
1626.706 -60.928
1627.723 -59.872
1628.740 -58.525
1629.757 -55.852
1630.775 -53.108
1631.791 -50.216
1632.809 -46.815
1633.826 -44.305
1634.843 -42.838
1635.860 -41.277
1636.878 -40.088
1637.895 -40.641
1638.912 -41.906
1639.928 -45.078
1640.943 -48.507
1641.960 -51.380
1642.976 -53.424
1643.994 -55.120
1645.011 -55.593
1646.028 -56.051
1647.046 -55.250
1648.062 -52.643
1649.080 -49.079
1650.097 -44.594
1651.114 -40.232
1652.132 -35.827
1653.149 -32.744
1654.167 -30.635
1655.184 -29.243
1656.201 -29.660
1657.218 -31.183
1658.235 -33.591
1659.252 -36.143
1660.269 -38.636
1661.286 -41.025
1662.303 -43.647
1663.320 -46.325
1664.338 -48.781
1665.354 -51.264
1666.371 -52.724
1667.389 -53.988
1668.405 -52.678
1669.423 -50.673
1670.440 -48.888
1671.458 -47.535
1672.475 -46.045
1673.492 -45.465
1674.509 -45.157
1675.526 -46.008
1676.544 -46.863
1677.561 -47.612
1678.578 -47.676
1679.596 -47.539
1680.613 -45.687
1681.629 -43.804
1682.647 -40.919
1683.664 -38.092
1684.681 -35.999
1685.698 -33.990
1686.715 -32.653
1687.732 -31.736
1688.750 -32.363
1689.767 -32.794
1690.784 -33.859
1691.801 -36.531
1692.818 -39.836
1693.835 -42.880
1694.853 -46.303
1695.871 -49.659
1696.887 -52.460
1697.904 -54.545
1698.922 -55.098
1699.939 -55.926
1700.956 -56.522
1701.973 -56.862
1702.991 -56.281
1704.008 -55.860
1705.025 -55.572
1706.043 -55.365
1707.060 -55.591
1708.078 -55.648
1709.096 -56.772
1710.114 -58.824
1711.131 -60.832
1712.148 -62.058
1713.165 -62.846
1714.182 -63.548
1715.199 -64.409
1716.216 -62.656
1717.233 -59.506
1718.250 -56.120
1719.268 -52.769
1720.285 -49.347
1721.303 -45.859
1722.320 -42.357
1723.338 -38.811
1724.355 -35.379
1725.372 -31.827
1726.390 -27.533
1727.407 -23.112
1728.424 -21.198
1729.441 -19.840
1730.459 -18.315
1731.476 -19.885
1732.493 -24.074
1733.510 -27.563
1734.527 -30.749
1735.544 -35.096
1736.561 -39.493
1737.579 -43.863
1738.596 -45.437
1739.613 -47.061
1740.630 -45.716
1741.647 -43.045
1742.665 -40.004
1743.681 -36.261
1744.699 -32.514
1745.717 -30.427
1746.734 -29.939
1747.752 -29.362
1748.769 -29.074
1749.787 -30.221
1750.804 -31.530
1751.821 -33.380
1752.838 -37.454
1753.856 -41.740
1754.873 -45.820
1755.890 -49.272
1756.908 -52.743
1757.926 -55.245
1758.943 -56.801
1759.958 -58.155
1760.972 -59.430
1761.989 -59.800
1763.004 -58.760
1764.020 -56.760
1765.036 -53.045
1766.054 -49.431
1767.070 -45.347
1768.086 -41.529
1769.103 -38.837
1770.120 -37.600
1771.137 -37.432
1772.154 -37.412
1773.171 -39.248
1774.188 -42.029
1775.204 -44.749
1776.221 -47.459
1777.239 -48.943
1778.256 -49.595
1779.273 -49.678
1780.290 -48.528
1781.308 -46.994
1782.324 -46.270
1783.341 -45.862
1784.358 -45.525
1785.375 -45.101
1786.392 -44.697
1787.408 -44.386
1788.427 -43.380
1789.445 -41.909
1790.461 -40.556
1791.478 -39.647
1792.495 -38.978
1793.512 -39.166
1794.529 -39.165
1795.546 -39.447
1796.563 -40.732
1797.580 -42.260
1798.597 -42.840
1799.615 -43.526
1800.632 -44.561
1801.649 -45.429
1802.666 -44.933
1803.684 -44.207
1804.700 -43.525
1805.717 -42.463
1806.734 -41.286
1807.751 -40.682
1808.769 -40.115
1809.786 -40.870
1810.803 -41.183
1811.820 -41.752
1812.837 -42.481
1813.855 -44.675
1814.872 -46.744
1815.889 -49.675
1816.906 -52.323
1817.923 -54.265
1818.941 -55.413
1819.959 -56.302
1820.976 -56.049
1821.993 -54.458
1823.010 -52.691
1824.027 -50.667
1825.043 -49.201
1826.060 -48.437
1827.077 -48.248
1828.095 -48.188
1829.112 -48.106
1830.129 -47.106
1831.147 -45.264
1832.163 -42.626
1833.180 -39.392
1834.197 -37.154
1835.214 -35.719
1836.231 -35.629
1837.248 -36.213
1838.266 -36.771
1839.283 -37.633
1840.300 -38.689
1841.318 -39.640
1842.335 -39.579
1843.352 -39.359
1844.369 -39.451
1845.387 -39.410
1846.404 -39.149
1847.422 -38.015
1848.439 -36.731
1849.456 -35.461
1850.473 -35.493
1851.491 -35.798
1852.508 -36.316
1853.525 -39.470
1854.543 -42.921
1855.558 -46.210
1856.575 -51.003
1857.592 -55.913
1858.609 -60.552
1859.626 -65.054
1860.643 -69.343
1861.661 -71.706
1862.678 -74.102
1863.695 -74.054
1864.713 -73.459
1865.730 -70.647
1866.748 -67.416
1867.764 -62.521
1868.782 -58.288
1869.799 -54.114
1870.817 -49.596
1871.834 -45.295
1872.850 -40.858
1873.867 -36.763
1874.885 -33.446
1875.902 -29.892
1876.919 -26.468
1877.936 -23.879
1878.953 -22.590
1879.970 -22.664
1880.988 -25.724
1882.005 -29.565
1883.023 -33.217
1884.040 -36.523
1885.058 -39.994
1886.076 -43.872
1887.093 -47.570
1888.110 -51.039
1889.128 -52.669
1890.145 -53.021
1891.162 -53.400
1892.179 -52.743
1893.196 -50.260
1894.213 -47.088
1895.230 -43.849
1896.247 -41.777
1897.265 -40.260
1898.282 -38.817
1899.299 -37.318
1900.316 -36.966
1901.334 -37.126
1902.351 -37.824
1903.368 -40.292
1904.386 -43.429
1905.403 -46.933
1906.420 -50.508
1907.437 -54.032
1908.454 -56.551
1909.472 -59.065
1910.490 -61.448
1911.508 -63.817
1912.525 -66.105
1913.542 -65.827
1914.558 -65.506
1915.576 -65.093
1916.593 -64.902
1917.609 -60.269
1918.626 -55.600
1919.643 -51.817
1920.661 -48.151
1921.678 -44.847
1922.695 -41.493
1923.713 -38.049
1924.731 -35.047
1925.748 -32.363
1926.766 -31.944
1927.782 -31.901
1928.800 -32.919
1929.817 -33.383
1930.834 -34.135
1931.850 -34.340
1932.867 -34.262
1933.884 -33.800
1934.901 -33.096
1935.919 -32.467
1936.936 -32.446
1937.953 -33.303
1938.971 -35.077
1939.990 -37.447
1941.008 -40.576
1942.024 -43.370
1943.040 -46.193
1944.055 -49.025
1945.071 -50.962
1946.088 -52.341
1947.104 -53.757
1948.121 -53.903
1949.138 -53.384
1950.155 -51.333
1951.172 -48.370
1952.189 -45.752
1953.206 -43.482
1954.223 -42.806
1955.240 -43.251
1956.257 -44.573
1957.274 -46.136
1958.290 -46.315
1959.308 -45.953
1960.325 -43.704
1961.342 -40.969
1962.359 -37.581
1963.376 -34.117
1964.393 -31.227
1965.410 -28.405
1966.427 -25.616
1967.444 -24.797
1968.461 -24.268
1969.479 -23.703
1970.496 -24.511
1971.513 -25.615
1972.530 -28.329
1973.547 -31.228
1974.564 -34.175
1975.582 -37.525
1976.599 -40.707
1977.616 -43.826
1978.633 -46.953
1979.650 -51.016
1980.667 -54.678
1981.685 -54.621
1982.702 -54.559
1983.718 -52.582
1984.735 -50.232
1985.752 -46.669
1986.769 -42.871
1987.786 -39.576
1988.803 -37.604
1989.820 -36.064
1990.837 -36.630
1991.854 -37.096
1992.871 -38.978
1993.888 -41.554
1994.905 -45.191
1995.922 -48.981
1996.939 -52.858
1997.956 -56.734
1998.973 -60.526
1999.991 -64.085
2001.008 -66.302
2002.026 -66.681
2003.042 -66.999
2004.060 -64.917
2005.076 -59.808
2006.094 -54.767
2007.110 -49.541
2008.127 -44.743
2009.145 -39.776
2010.162 -34.807
2011.179 -30.002
2012.197 -25.054
2013.214 -24.616
2014.231 -26.920
2015.249 -29.325
2016.266 -32.384
2017.283 -36.033
2018.300 -39.645
2019.318 -43.334
2020.335 -46.941
2021.353 -50.645
2022.370 -54.060
2023.387 -57.458
2024.404 -60.831
2025.422 -64.016
2026.439 -64.012
2027.457 -63.467
2028.474 -60.111
2029.492 -56.499
2030.509 -53.267
2031.526 -49.832
2032.544 -46.424
2033.560 -43.046
2034.578 -39.700
2035.594 -37.139
2036.611 -34.628
2037.628 -32.349
2038.645 -33.716
2039.662 -35.141
2040.679 -38.922
2041.696 -42.853
2042.713 -46.715
2043.730 -51.328
2044.747 -55.821
2045.764 -59.932
2046.781 -62.268
2047.798 -62.667
2048.816 -62.220
2049.833 -59.866
2050.851 -56.771
2051.868 -53.262
2052.885 -49.956
2053.902 -46.515
2054.919 -42.930
2055.937 -38.630
2056.954 -34.343
2057.971 -30.502
2058.988 -27.419
2060.006 -25.008
2061.023 -24.597
2062.040 -26.399
2063.058 -28.105
2064.075 -31.414
2065.091 -36.268
2066.108 -40.268
2067.126 -44.281
2068.143 -49.044
2069.160 -52.215
2070.177 -52.983
2071.195 -52.947
2072.212 -52.007
2073.230 -49.494
2074.247 -46.297
2075.264 -42.647
2076.281 -38.307
2077.298 -33.922
2078.315 -29.785
2079.333 -25.601
2080.350 -21.169
2081.368 -19.243
2082.385 -17.950
2083.402 -19.066
2084.419 -20.911
2085.436 -24.545
2086.453 -28.471
2087.471 -32.813
2088.488 -37.703
2089.505 -42.707
2090.522 -47.469
2091.539 -51.748
2092.556 -53.238
2093.574 -54.872
2094.592 -56.643
2095.609 -57.932
2096.626 -58.084
2097.643 -58.422
2098.660 -58.325
2099.677 -57.964
2100.694 -57.948
2101.712 -57.473
2102.729 -54.587
2103.746 -49.969
2104.763 -46.874
2105.780 -43.306
2106.798 -38.994
2107.815 -35.594
2108.832 -34.706
2109.850 -35.907
2110.867 -37.337
2111.884 -38.623
2112.902 -39.901
2113.919 -40.406
2114.936 -41.103
2115.953 -42.015
2116.971 -42.803
2117.988 -44.440
2119.005 -46.763
2120.022 -49.106
2121.040 -51.599
2122.058 -53.687
2123.075 -54.623
2124.092 -54.470
2125.107 -54.104
2126.123 -53.363
2127.138 -52.202
2128.153 -50.684
2129.170 -48.740
2130.186 -46.797
2131.203 -45.064
2132.220 -43.047
2133.237 -40.891
2134.254 -38.840
2135.271 -36.959
2136.288 -34.910
2137.305 -35.068
2138.322 -36.196
2139.339 -37.210
2140.356 -39.625
2141.374 -39.539
2142.391 -38.572
2143.408 -37.685
2144.425 -36.939
2145.443 -36.295
2146.459 -35.676
2147.476 -34.972
2148.493 -37.884
2149.511 -41.319
2150.528 -44.749
2151.545 -47.959
2152.561 -51.196
2153.575 -54.278
2154.592 -57.779
2155.609 -61.104
2156.626 -64.408
2157.644 -66.909
2158.660 -69.196
2159.677 -67.018
2160.694 -64.682
2161.712 -60.303
2162.729 -57.026
2163.747 -53.744
2164.764 -50.261
2165.781 -46.958
2166.799 -43.607
2167.816 -40.408
2168.833 -36.983
2169.851 -32.580
2170.868 -29.299
2171.885 -28.623
2172.903 -28.614
2173.920 -29.611
2174.937 -30.601
2175.954 -32.312
2176.972 -35.408
2177.989 -38.516
2179.006 -41.612
2180.023 -45.365
2181.041 -50.111
2182.058 -54.212
2183.075 -56.118
2184.092 -56.615
2185.109 -55.568
2186.126 -53.104
2187.144 -50.478
2188.161 -47.838
2189.178 -44.139
2190.195 -39.397
2191.213 -34.620
2192.230 -30.485
2193.247 -26.519
2194.264 -22.424
2195.281 -18.381
2196.299 -14.427
2197.316 -14.421
2198.333 -16.207
2199.351 -18.001
2200.368 -21.062
2201.385 -24.299
2202.402 -28.931
2203.419 -33.823
2204.436 -38.565
2205.453 -40.373
2206.470 -41.964
2207.488 -38.083
2208.505 -33.470
2209.523 -28.999
2210.540 -24.275
2211.557 -20.858
2212.574 -17.817
2213.592 -15.921
2214.609 -14.012
2215.626 -14.543
2216.643 -17.376
2217.660 -21.001
2218.678 -24.536
2219.695 -27.149
2220.713 -30.182
2221.730 -32.687
2222.747 -34.936
2223.765 -34.885
2224.782 -34.707
2225.800 -34.459
2226.817 -33.823
2227.834 -33.972
2228.851 -35.758
2229.868 -37.626
2230.886 -40.002
2231.903 -43.439
2232.921 -46.151
2233.938 -48.547
2234.955 -50.240
2235.971 -51.353
2236.989 -49.790
2238.006 -46.723
2239.023 -43.636
2240.040 -41.082
2241.058 -39.092
2242.075 -38.166
2243.092 -38.665
2244.109 -39.215
2245.127 -39.905
2246.149 -40.865
2247.166 -41.188
2248.183 -41.092
2249.199 -40.540
2250.216 -39.887
2251.232 -38.982
2252.246 -37.909
2253.264 -36.959
2254.281 -35.553
2255.298 -33.881
2256.315 -32.677
2257.333 -31.556
2258.351 -31.225
2259.368 -31.050
2260.385 -30.719
2261.402 -30.317
2262.420 -32.155
2263.437 -34.424
2264.454 -36.945
2265.471 -39.770
2266.489 -42.602
2267.506 -44.929
2268.523 -47.315
2269.540 -49.983
2270.557 -52.382
2271.575 -55.648
2272.592 -58.818
2273.609 -61.227
2274.626 -63.766
2275.644 -66.273
2276.661 -68.224
2277.679 -66.637
2278.696 -65.368
2279.713 -63.689
2280.730 -60.463
2281.748 -57.397
2282.765 -53.873
2283.782 -50.541
2284.800 -47.000
2285.817 -43.755
2286.834 -39.981
2287.852 -36.033
2288.868 -32.772
2289.885 -29.718
2290.902 -27.001
2291.920 -27.155
2292.937 -28.218
2293.954 -29.575
2294.972 -31.131
2295.989 -33.309
2297.007 -35.817
2298.024 -38.053
2299.042 -40.517
2300.059 -42.528
2301.076 -44.557
2302.093 -46.260
2303.110 -47.944
2304.128 -49.565
2305.146 -50.797
2306.162 -51.764
2307.177 -52.840
2308.193 -53.677
2309.209 -54.127
2310.225 -53.874
2311.241 -53.082
2312.258 -51.556
2313.275 -49.261
2314.291 -46.892
2315.308 -44.349
2316.325 -41.716
2317.341 -40.308
2318.358 -39.210
2319.375 -38.149
2320.392 -38.350
2321.410 -39.650
2322.427 -40.947
2323.444 -41.981
2324.461 -43.417
2325.478 -44.863
2326.495 -45.065
2327.512 -45.352
2328.529 -45.524
2329.547 -45.343
2330.564 -45.285
2331.581 -45.476
2332.598 -43.424
2333.615 -41.384
2334.632 -39.160
2335.649 -37.023
2336.666 -34.405
2337.682 -31.655
2338.699 -28.729
2339.716 -26.173
2340.734 -24.831
2341.751 -23.919
2342.768 -24.101
2343.786 -26.014
2344.803 -28.467
2345.821 -32.434
2346.838 -36.448
2347.855 -39.512
2348.872 -42.817
2349.889 -46.813
2350.907 -50.375
2351.924 -54.220
2352.941 -57.974
2353.958 -61.562
2354.975 -65.041
2355.992 -67.718
2357.009 -70.499
2358.026 -72.179
2359.044 -71.011
2360.061 -68.317
2361.078 -64.524
2362.096 -59.672
2363.113 -55.167
2364.130 -50.947
2365.147 -46.760
2366.164 -43.257
2367.181 -40.173
2368.197 -37.732
2369.214 -37.160
2370.231 -37.483
2371.248 -37.761
2372.266 -39.492
2373.283 -42.765
2374.300 -46.451
2375.317 -49.339
2376.335 -51.772
2377.352 -52.578
2378.370 -52.992
2379.387 -53.191
2380.404 -52.041
2381.422 -49.521
2382.439 -46.620
2383.456 -44.106
2384.473 -41.487
2385.491 -39.927
2386.508 -40.132
2387.525 -40.435
2388.543 -40.135
2389.560 -39.680
2390.577 -38.110
2391.595 -36.901
2392.612 -36.661
2393.629 -36.993
2394.646 -37.236
2395.664 -37.808
2396.681 -38.876
2397.699 -39.846
2398.716 -40.478
2399.733 -41.380
2400.751 -42.391
2401.768 -43.459
2402.785 -45.258
2403.801 -47.115
2404.818 -49.578
2405.835 -51.900
2406.852 -54.229
2407.869 -56.026
2408.887 -57.534
2409.905 -58.391
2410.922 -58.426
2411.939 -58.187
2412.957 -57.439
2413.974 -55.869
2414.992 -54.468
2416.009 -52.773
2417.026 -50.911
2418.043 -48.812
2419.061 -46.656
2420.078 -44.474
2421.095 -43.132
2422.112 -42.966
2423.129 -43.281
2424.147 -43.842
2425.164 -44.481
2426.181 -44.800
2427.198 -44.258
2428.215 -43.214
2429.233 -42.561
2430.250 -42.139
2431.268 -41.890
2432.285 -41.861
2433.303 -41.970
2434.320 -42.105
2435.337 -42.376
2436.354 -43.571
2437.371 -44.516
2438.388 -45.494
2439.405 -46.484
2440.422 -45.535
2441.439 -44.394
2442.456 -43.820
2443.473 -43.286
2444.490 -42.697
2445.508 -43.754
2446.525 -44.778
2447.543 -47.161
2448.561 -49.848
2449.578 -52.195
2450.596 -53.916
2451.613 -53.857
2452.630 -54.192
2453.647 -54.478
2454.664 -54.063
2455.681 -51.643
2456.702 -47.929
2457.720 -44.481
2458.737 -42.410
2459.755 -39.924
2460.771 -37.761
2461.789 -36.155
2462.806 -36.806
2463.824 -37.909
2464.841 -39.768
2465.858 -41.797
2466.876 -43.109
2467.893 -42.872
2468.910 -42.266
2469.928 -40.007
2470.944 -37.734
2471.962 -36.525
2472.979 -36.903
2473.996 -38.881
2475.013 -42.118
2476.030 -46.025
2477.048 -50.854
2478.065 -55.352
2479.083 -59.387
2480.100 -62.943
2481.117 -64.295
2482.134 -63.937
2483.152 -63.560
2484.169 -62.564
2485.186 -60.841
2486.201 -57.978
2487.216 -53.424
2488.232 -49.419
2489.249 -45.851
2490.265 -42.441
2491.282 -38.694
2492.299 -36.517
2493.316 -35.065
2494.333 -35.939
2495.350 -37.610
2496.367 -40.764
2497.384 -44.021
2498.401 -47.207
2499.418 -50.489
2500.435 -53.905
2501.452 -56.724
2502.469 -59.536
2503.486 -62.241
2504.503 -64.946
2505.520 -67.628
2506.537 -67.066
2507.555 -66.285
2508.572 -64.017
2509.589 -61.406
2510.606 -58.060
2511.623 -55.112
2512.640 -52.027
2513.657 -51.014
2514.674 -51.267
2515.691 -51.247
2516.708 -51.123
2517.725 -51.013
2518.742 -50.069
2519.759 -48.859
2520.776 -46.550
2521.793 -44.384
2522.810 -41.778
2523.827 -38.429
2524.844 -35.543
2525.861 -33.063
2526.878 -30.440
2527.895 -29.359
2528.912 -29.840
2529.930 -31.094
2530.947 -32.350
2531.965 -34.568
2532.982 -38.205
2533.999 -41.966
2535.017 -46.640
2536.034 -50.482
2537.052 -53.097
2538.068 -53.439
2539.085 -51.956
2540.103 -50.792
2541.120 -50.486
2542.137 -51.504
2543.153 -52.857
2544.171 -54.210
2545.188 -55.491
2546.205 -56.234
2547.223 -56.858
2548.240 -57.148
2549.257 -57.261
2550.275 -57.302
2551.295 -57.196
2552.313 -57.027
2553.330 -56.746
2554.347 -57.725
2555.365 -58.826
2556.382 -59.976
2557.399 -60.629
2558.416 -61.007
2559.433 -61.287
2560.450 -60.524
2561.467 -59.697
2562.485 -57.620
2563.502 -55.142
2564.520 -52.026
2565.537 -48.725
2566.554 -45.675
2567.571 -42.929
2568.588 -41.714
2569.605 -40.202
2570.622 -38.853
2571.639 -37.841
2572.656 -40.039
2573.673 -42.507
2574.691 -46.162
2575.708 -49.992
2576.725 -53.221
2577.741 -53.122
2578.758 -52.321
2579.775 -48.478
2580.793 -44.361
2581.809 -40.822
2582.824 -37.490
2583.841 -34.270
2584.859 -31.111
2585.876 -28.169
2586.893 -24.701
2587.910 -20.680
2588.928 -17.843
2589.945 -16.321
2590.963 -14.834
2591.980 -14.822
2592.997 -17.980
2594.014 -22.537
2595.031 -26.378
2596.048 -30.103
2597.065 -34.914
2598.083 -39.716
2599.101 -43.728
2600.118 -47.399
2601.135 -49.226
2602.152 -49.517
2603.169 -48.987
2604.186 -48.244
2605.204 -48.317
2606.221 -49.912
2607.238 -52.149
2608.255 -54.822
2609.273 -57.839
2610.290 -60.392
2611.307 -60.255
2612.325 -59.257
2613.343 -57.476
2614.360 -55.425
2615.377 -53.314
2616.395 -51.149
2617.412 -47.637
2618.429 -43.832
2619.446 -40.384
2620.463 -37.283
2621.480 -34.181
2622.497 -30.949
2623.515 -31.322
2624.532 -32.046
2625.549 -32.767
2626.567 -37.162
2627.584 -41.002
2628.601 -44.861
2629.618 -45.867
2630.636 -46.931
2631.653 -47.588
2632.670 -45.463
2633.687 -43.144
2634.705 -40.551
2635.722 -35.902
2636.740 -31.557
2637.757 -29.375
2638.774 -27.346
2639.792 -25.923
2640.809 -26.879
2641.826 -28.771
2642.844 -33.631
2643.861 -37.717
2644.878 -40.642
2645.894 -43.823
2646.912 -46.443
2647.930 -48.169
2648.947 -50.128
2649.964 -50.700
2650.982 -49.346
2652.000 -47.040
2653.017 -44.358
2654.035 -42.241
2655.052 -40.313
2656.069 -38.658
2657.087 -36.797
2658.104 -37.215
2659.122 -39.868
2660.139 -42.912
2661.156 -45.939
2662.173 -49.682
2663.191 -54.089
2664.209 -56.188
2665.227 -57.001
2666.244 -57.609
2667.261 -55.571
2668.276 -52.240
2669.291 -48.956
2670.307 -45.800
2671.323 -42.702
2672.340 -39.391
2673.356 -36.534
2674.372 -34.001
2675.389 -33.017
2676.406 -32.373
2677.423 -31.809
2678.440 -31.289
2679.456 -34.118
2680.474 -37.473
2681.490 -40.738
2682.507 -43.971
2683.524 -47.018
2684.542 -50.870
2685.559 -50.809
2686.576 -50.806
2687.592 -50.712
2688.610 -47.721
2689.626 -45.007
2690.644 -42.280
2691.660 -39.403
2692.678 -38.383
2693.696 -37.450
2694.713 -37.207
2695.730 -39.824
2696.747 -42.480
2697.763 -45.328
2698.779 -46.603
2699.797 -47.803
2700.814 -47.333
2701.831 -46.711
2702.848 -45.385
2703.865 -42.031
2704.882 -39.166
2705.899 -36.052
2706.917 -33.665
2707.934 -31.883
2708.951 -31.384
2709.969 -33.064
2710.985 -35.686
2712.003 -39.213
2713.020 -42.308
2714.037 -45.663
2715.054 -48.528
2716.071 -51.361
2717.088 -52.897
2718.105 -53.066
2719.122 -53.425
2720.140 -53.676
2721.157 -53.784
2722.173 -53.794
2723.191 -51.707
2724.208 -48.294
2725.226 -44.934
2726.243 -41.753
2727.260 -38.407
2728.278 -35.252
2729.295 -32.072
2730.312 -28.908
2731.329 -25.652
2732.347 -22.564
2733.364 -19.666
2734.381 -16.540
2735.398 -12.567
2736.415 -8.608
2737.433 -6.504
2738.451 -4.594
2739.469 -5.065
2740.486 -5.848
2741.504 -9.895
2742.521 -14.033
2743.538 -17.948
2744.556 -22.289
2745.573 -26.406
2746.589 -30.045
2747.607 -33.942
2748.624 -36.496
2749.640 -39.190
2750.658 -41.636
2751.675 -44.155
2752.692 -44.678
2753.710 -45.305
2754.727 -45.984
2755.744 -46.342
2756.761 -45.802
2757.778 -45.334
2758.795 -45.154
2759.813 -45.370
2760.830 -45.698
2761.847 -46.998
2762.864 -48.509
2763.882 -49.964
2764.899 -52.323
2765.917 -56.644
2766.934 -60.779
2767.951 -65.125
2768.969 -69.769
2769.986 -74.535
2771.003 -79.526
2772.021 -83.346
2773.038 -85.944
2774.056 -88.252
2775.073 -90.386
2776.090 -90.642
2777.107 -88.704
2778.125 -85.870
2779.142 -82.634
2780.158 -79.459
2781.176 -76.180
2782.193 -72.933
2783.210 -69.558
2784.227 -66.241
2785.244 -62.889
2786.261 -59.424
2787.279 -56.169
2788.296 -52.312
2789.313 -47.960
2790.330 -45.226
2791.348 -42.919
2792.365 -40.710
2793.382 -38.409
2794.399 -39.899
2795.417 -42.326
2796.434 -44.629
2797.450 -46.986
2798.467 -50.029
2799.484 -52.988
2800.501 -56.040
2801.519 -60.635
2802.536 -64.985
2803.553 -69.471
2804.570 -69.952
2805.588 -70.481
2806.605 -70.753
2807.622 -66.587
2808.639 -62.333
2809.656 -59.063
2810.674 -55.899
2811.691 -52.851
2812.709 -49.851
2813.726 -46.505
2814.743 -43.348
2815.761 -40.398
2816.778 -37.038
2817.796 -32.722
2818.813 -29.570
2819.830 -30.457
2820.847 -31.806
2821.864 -36.069
2822.881 -40.858
2823.898 -44.742
2824.916 -47.548
2825.933 -49.564
2826.950 -50.863
2827.967 -51.293
2828.985 -51.041
2830.003 -50.408
2831.020 -49.567
2832.037 -49.181
2833.055 -49.342
2834.073 -49.552
2835.090 -49.860
2836.107 -49.996
2837.124 -49.363
2838.141 -48.101
2839.158 -47.043
2840.175 -45.281
2841.192 -42.786
2842.208 -41.078
2843.225 -39.644
2844.243 -38.378
2845.261 -37.628
2846.278 -37.203
2847.297 -36.685
2848.314 -37.393
2849.330 -38.510
2850.346 -41.476
2851.362 -45.204
2852.378 -48.833
2853.394 -52.406
2854.410 -56.115
2855.428 -59.913
2856.445 -63.481
2857.462 -66.944
2858.479 -70.547
2859.496 -73.976
2860.513 -75.558
2861.530 -77.077
2862.547 -75.201
2863.563 -73.539
2864.581 -68.951
2865.598 -64.199
2866.615 -61.067
2867.632 -57.931
2868.649 -54.939
2869.665 -51.766
2870.682 -48.557
2871.700 -45.307
2872.717 -41.489
2873.734 -37.536
2874.752 -34.680
2875.769 -35.798
2876.786 -37.513
2877.803 -41.890
2878.820 -45.150
2879.837 -48.240
2880.854 -51.854
2881.871 -54.611
2882.888 -54.600
2883.905 -52.885
2884.922 -50.553
2885.940 -47.247
2886.957 -43.592
2887.975 -39.031
2888.991 -34.739
2890.008 -31.100
2891.025 -28.257
2892.042 -25.068
2893.059 -22.146
2894.077 -20.720
2895.094 -21.336
2896.111 -22.063
2897.128 -24.356
2898.145 -28.477
2899.163 -31.942
2900.180 -35.177
2901.197 -38.251
2902.214 -41.531
2903.232 -44.643
2904.249 -48.718
2905.266 -53.007
2906.284 -57.423
2907.301 -59.919
2908.318 -61.574
2909.335 -61.107
2910.352 -59.954
2911.369 -57.406
2912.385 -54.591
2913.403 -51.858
2914.420 -49.188
2915.437 -46.638
2916.454 -44.846
2917.472 -43.080
2918.489 -42.944
2919.506 -43.097
2920.523 -43.214
2921.540 -43.968
2922.558 -44.769
2923.575 -46.802
2924.592 -48.715
2925.609 -50.038
2926.627 -51.215
2927.644 -52.176
2928.660 -50.596
2929.678 -48.720
2930.695 -44.309
2931.712 -41.274
2932.729 -37.990
2933.747 -34.935
2934.764 -31.772
2935.781 -30.708
2936.799 -31.056
2937.816 -31.540
2938.833 -32.131
2939.851 -33.100
2940.868 -34.826
2941.885 -38.337
2942.902 -42.147
2943.919 -46.469
2944.936 -50.865
2945.954 -54.397
2946.972 -56.485
2947.988 -56.882
2949.005 -54.480
2950.023 -52.226
2951.040 -49.086
2952.057 -44.793
2953.075 -41.149
2954.092 -38.336
2955.109 -37.041
2956.128 -37.149
2957.146 -39.393
2958.162 -43.780
2959.180 -47.870
2960.198 -51.608
2961.215 -55.407
2962.232 -58.045
2963.249 -60.174
2964.267 -62.194
2965.284 -64.236
2966.301 -63.698
2967.318 -62.133
2968.336 -58.518
2969.353 -54.346
2970.370 -51.065
2971.387 -47.991
2972.405 -44.875
2973.422 -41.747
2974.440 -38.592
2975.457 -34.412
2976.475 -29.943
2977.492 -25.611
2978.509 -25.350
2979.527 -25.541
2980.544 -25.599
2981.561 -28.800
2982.579 -32.185
2983.595 -37.110
2984.613 -42.047
2985.630 -44.926
2986.647 -47.622
2987.664 -49.902
2988.681 -49.994
2989.698 -50.245
2990.715 -50.283
2991.733 -50.039
2992.750 -49.587
2993.767 -47.283
2994.784 -44.897
2995.801 -42.154
2996.814 -37.730
2997.831 -33.737
2998.849 -29.729
2999.865 -25.942
3000.882 -23.662
3001.899 -21.021
3002.916 -18.702
3003.933 -18.508
3004.950 -21.750
3005.967 -24.923
3006.984 -28.008
3008.002 -31.425
3009.018 -34.688
3010.036 -37.620
3011.053 -40.241
3012.070 -42.859
3013.088 -43.017
3014.105 -40.596
3015.123 -38.443
3016.140 -35.865
3017.157 -32.841
3018.174 -29.687
3019.191 -26.487
3020.208 -23.488
3021.226 -20.463
3022.243 -18.553
3023.261 -19.254
3024.278 -20.719
3025.296 -23.928
3026.313 -27.754
3027.331 -31.456
3028.348 -35.399
3029.367 -39.565
3030.384 -43.233
3031.399 -46.689
3032.415 -49.887
3033.429 -51.218
3034.446 -52.308
3035.462 -53.234
3036.478 -52.147
3037.495 -49.217
3038.512 -45.877
3039.530 -42.013
3040.546 -38.383
3041.563 -34.846
3042.581 -33.730
3043.598 -32.588
3044.615 -33.919
3045.632 -35.153
3046.649 -37.361
3047.666 -39.776
3048.683 -42.596
3049.700 -45.638
3050.718 -48.519
3051.734 -50.760
3052.752 -53.202
3053.769 -54.843
3054.786 -56.486
3055.803 -57.640
3056.820 -58.411
3057.837 -57.322
3058.854 -56.720
3059.871 -55.081
3060.889 -52.510
3061.906 -49.893
3062.923 -46.807
3063.940 -44.064
3064.957 -42.030
3065.973 -40.506
3066.991 -38.749
3068.008 -36.466
3069.026 -34.043
3070.043 -32.367
3071.060 -31.605
3072.077 -31.774
3073.094 -32.533
3074.112 -33.590
3075.128 -34.817
3076.146 -36.213
3077.163 -37.682
3078.180 -39.115
3079.197 -40.299
3080.215 -41.308
3081.232 -41.171
3082.250 -39.588
3083.267 -36.748
3084.284 -33.605
3085.301 -31.538
3086.318 -29.753
3087.335 -27.805
3088.353 -25.886
3089.370 -27.146
3090.387 -29.183
3091.404 -33.110
3092.422 -36.705
3093.439 -40.023
3094.456 -42.255
3095.473 -44.485
3096.486 -46.637
3097.503 -47.152
3098.521 -47.892
3099.538 -48.416
3100.556 -50.683
3101.573 -53.011
3102.590 -55.814
3103.607 -58.689
3104.624 -61.473
3105.641 -64.332
3106.658 -67.237
3107.676 -70.138
3108.693 -72.501
3109.710 -71.998
3110.726 -71.440
3111.743 -70.961
3112.761 -70.358
3113.778 -69.831
3114.795 -68.686
3115.812 -65.622
3116.830 -62.643
3117.847 -59.124
3118.864 -55.606
3119.882 -52.561
3120.899 -49.047
3121.917 -45.712
3122.934 -42.505
3123.951 -39.412
3124.969 -36.339
3125.986 -33.744
3127.003 -31.702
3128.021 -31.615
3129.038 -33.494
3130.056 -35.488
3131.073 -37.247
3132.091 -39.114
3133.108 -41.665
3134.125 -44.757
3135.142 -47.938
3136.159 -51.252
3137.177 -54.463
3138.194 -57.929
3139.212 -61.171
3140.229 -64.356
3141.246 -67.536
3142.264 -70.805
3143.282 -74.106
3144.298 -77.339
3145.316 -80.492
3146.333 -83.823
3147.351 -87.186
3148.368 -90.531
3149.385 -93.339
3150.403 -96.066
3151.420 -98.890
3152.437 -101.865
3153.455 -98.908
3154.472 -94.980
3155.489 -90.936
3156.506 -86.819
3157.524 -82.931
3158.541 -79.255
3159.558 -75.640
3160.575 -72.060
3161.592 -68.228
3162.610 -64.181
3163.627 -60.329
3164.644 -56.892
3165.662 -53.373
3166.680 -49.271
3167.697 -45.180
3168.714 -41.598
3169.731 -42.804
3170.749 -46.855
3171.766 -51.103
3172.783 -55.114
3173.801 -59.352
3174.818 -63.183
3175.836 -66.450
3176.853 -69.740
3177.871 -72.818
3178.887 -75.817
3179.904 -78.772
3180.921 -82.204
3181.939 -85.477
3182.956 -88.724
3183.973 -91.839
3184.990 -95.143
3186.008 -97.856
3187.025 -98.534
3188.042 -97.403
3189.059 -96.256
3190.076 -93.667
3191.094 -89.594
3192.111 -86.012
3193.128 -82.043
3194.145 -77.311
3195.159 -72.590
3196.176 -68.173
3197.192 -64.508
3198.209 -61.360
3199.227 -58.160
3200.244 -55.094
3201.262 -52.008
3202.278 -48.877
3203.296 -45.093
3204.313 -40.900
3205.331 -38.998
3206.347 -37.940
3207.364 -38.727
3208.381 -40.144
3209.398 -41.561
3210.417 -44.019
3211.434 -46.735
3212.451 -48.059
3213.467 -48.970
3214.482 -49.159
3215.497 -48.328
3216.513 -47.226
3217.529 -46.214
3218.546 -46.259
3219.563 -46.336
3220.579 -45.071
3221.596 -42.261
3222.613 -39.336
3223.630 -35.447
3224.648 -31.736
3225.665 -29.634
3226.682 -27.604
3227.699 -26.750
3228.716 -27.877
3229.733 -28.665
3230.750 -29.882
3231.768 -31.147
3232.785 -33.099
3233.801 -36.292
3234.818 -39.376
3235.835 -42.479
3236.853 -46.583
3237.869 -50.211
3238.886 -52.671
3239.903 -54.566
3240.921 -54.212
3241.938 -52.391
3242.955 -50.433
3243.972 -48.468
3244.989 -46.213
3246.006 -44.753
3247.024 -44.407
3248.040 -43.940
3249.057 -43.454
3250.074 -43.054
3251.092 -43.630
3252.109 -45.834
3253.125 -48.804
3254.142 -51.225
3255.159 -53.449
3256.176 -55.297
3257.193 -56.128
3258.210 -56.643
3259.228 -56.108
3260.245 -55.158
3261.262 -54.299
3262.279 -53.063
3263.297 -51.724
3264.314 -52.001
3265.331 -52.912
3266.348 -53.792
3267.365 -54.133
3268.382 -54.158
3269.399 -53.613
3270.417 -52.999
3271.434 -52.090
3272.450 -51.162
3273.467 -49.381
3274.485 -46.736
3275.503 -43.801
3276.521 -40.942
3277.538 -38.523
3278.556 -36.092
3279.572 -33.457
3280.590 -31.029
3281.607 -31.886
3282.624 -32.846
3283.641 -34.131
3284.658 -37.723
3285.675 -41.514
3286.693 -45.812
3287.710 -50.251
3288.727 -54.698
3289.745 -58.940
3290.762 -61.174
3291.779 -62.402
3292.796 -61.564
3293.813 -60.005
3294.830 -56.900
3295.847 -53.447
3296.865 -49.363
3297.882 -46.058
3298.900 -43.354
3299.917 -42.239
3300.934 -41.638
3301.951 -42.370
3302.969 -42.836
3303.986 -43.406
3305.003 -44.287
3306.034 -45.342
3307.051 -46.148
3308.068 -47.193
3309.085 -48.281
3310.102 -50.127
3311.119 -52.742
3312.136 -55.736
3313.153 -58.764
3314.170 -61.793
3315.187 -65.215
3316.205 -68.148
3317.222 -70.670
3318.239 -73.260
3319.256 -75.898
3320.273 -78.744
3321.291 -81.439
3322.308 -83.944
3323.326 -86.252
3324.343 -88.612
3325.360 -89.294
3326.378 -89.236
3327.395 -88.173
3328.413 -86.800
3329.430 -84.517
3330.447 -82.174
3331.465 -79.807
3332.483 -76.433
3333.500 -72.677
3334.517 -68.647
3335.535 -64.666
3336.551 -60.588
3337.569 -56.459
3338.586 -52.628
3339.604 -48.883
3340.621 -46.048
3341.638 -43.201
3342.656 -39.764
3343.673 -36.162
3344.690 -32.839
3345.707 -29.794
3346.724 -26.367
3347.741 -23.535
3348.758 -23.348
3349.775 -23.193
3350.792 -25.036
3351.809 -26.989
3352.826 -29.090
3353.843 -30.497
3354.861 -30.694
3355.878 -30.748
3356.895 -30.565
3357.913 -30.540
3358.930 -30.465
3359.947 -31.002
3360.964 -32.017
3361.981 -33.216
3362.998 -35.216
3364.015 -38.686
3365.032 -41.872
3366.049 -45.306
3367.066 -48.456
3368.084 -51.683
3369.100 -54.803
3370.117 -56.180
3371.135 -56.194
3372.152 -54.655
3373.169 -50.699
3374.186 -46.169
3375.203 -42.487
3376.221 -39.387
3377.238 -36.348
3378.256 -33.237
3379.273 -34.059
3380.290 -36.583
3381.307 -39.392
3382.324 -42.482
3383.341 -45.519
3384.358 -48.538
3385.375 -49.457
3386.393 -49.794
3387.410 -47.275
3388.427 -44.371
3389.444 -41.617
3390.462 -37.515
3391.480 -33.341
3392.498 -29.575
3393.515 -25.666
3394.531 -24.998
3395.546 -27.463
3396.562 -30.282
3397.579 -34.034
3398.595 -37.568
3399.613 -41.267
3400.630 -44.513
3401.647 -47.302
3402.664 -50.189
3403.681 -53.283
3404.698 -56.311
3405.715 -58.525
3406.732 -58.459
3407.749 -58.381
3408.766 -57.753
3409.782 -54.094
3410.796 -50.083
3411.814 -45.897
3412.831 -41.338
3413.847 -37.790
3414.864 -35.885
3415.882 -34.768
3416.899 -35.567
3417.916 -37.185
3418.933 -38.733
3419.950 -40.521
3420.968 -42.319
3421.985 -43.747
3423.002 -44.918
3424.019 -46.052
3425.036 -47.109
3426.053 -48.064
3427.071 -49.084
3428.088 -49.866
3429.105 -49.710
3430.122 -48.938
3431.139 -47.556
3432.156 -45.829
3433.173 -44.187
3434.190 -42.512
3435.207 -41.689
3436.224 -41.616
3437.241 -41.917
3438.259 -43.121
3439.276 -44.877
3440.293 -46.505
3441.310 -47.676
3442.327 -48.940
3443.344 -50.115
3444.362 -51.069
3445.379 -52.245
3446.396 -52.164
3447.413 -49.475
3448.431 -46.213
3449.448 -43.142
3450.465 -39.763
3451.482 -36.779
3452.499 -33.984
3453.516 -33.380
3454.533 -32.654
3455.550 -34.373
3456.567 -37.204
3457.584 -39.880
3458.601 -42.252
3459.618 -43.451
3460.635 -44.431
3461.652 -45.134
3462.669 -45.566
3463.686 -44.496
3464.703 -43.253
3465.721 -41.786
3466.738 -40.300
3467.755 -39.008
3468.772 -37.528
3469.789 -36.064
3470.806 -34.901
3471.824 -33.724
3472.841 -32.351
3473.857 -31.417
3474.875 -31.988
3475.893 -32.525
3476.910 -34.425
3477.927 -36.851
3478.945 -40.192
3479.962 -43.784
3480.979 -47.666
3481.996 -51.286
3483.014 -54.938
3484.031 -59.303
3485.048 -63.471
3486.065 -66.883
3487.082 -69.828
3488.099 -71.153
3489.116 -70.633
3490.133 -69.293
3491.151 -67.423
3492.168 -65.002
3493.185 -62.383
3494.203 -59.483
3495.220 -56.753
3496.237 -54.029
3497.254 -51.957
3498.272 -50.217
3499.289 -48.602
3500.307 -48.323
3501.324 -48.386
3502.341 -48.430
3503.358 -49.699
3504.375 -51.216
3505.392 -51.997
3506.409 -52.871
3507.426 -53.787
3508.444 -54.610
3509.461 -55.315
3510.475 -54.755
3511.492 -54.246
3512.509 -52.474
3513.527 -50.770
3514.545 -48.968
3515.562 -46.731
3516.579 -44.624
3517.597 -42.396
3518.614 -40.630
3519.631 -38.950
3520.648 -38.465
3521.665 -38.350
3522.683 -40.012
3523.700 -41.914
3524.717 -45.069
3525.735 -48.605
3526.752 -52.179
3527.769 -55.675
3528.786 -59.674
3529.804 -62.544
3530.821 -65.960
3531.839 -68.946
3532.856 -71.420
3533.874 -71.861
3534.892 -72.029
3535.909 -70.663
3536.927 -66.091
3537.944 -61.809
3538.960 -58.155
3539.977 -55.261
3540.995 -52.291
3542.012 -49.312
3543.029 -46.371
3544.047 -43.692
3545.064 -41.191
3546.082 -40.516
3547.099 -41.413
3548.116 -44.093
3549.134 -47.874
3550.151 -51.713
3551.168 -55.565
3552.186 -59.702
3553.203 -63.389
3554.221 -66.985
3555.237 -71.475
3556.255 -76.588
3557.271 -81.612
3558.288 -85.821
3559.306 -89.950
3560.322 -94.154
3561.339 -96.746
3562.356 -98.977
3563.374 -99.998
3564.391 -100.687
3565.408 -99.566
3566.425 -98.154
3567.442 -95.224
3568.460 -91.790
3569.478 -88.180
3570.495 -84.561
3571.513 -80.829
3572.530 -77.101
3573.548 -72.405
3574.566 -69.419
3575.584 -66.293
3576.601 -63.133
3577.616 -60.373
3578.631 -57.225
3579.646 -53.342
3580.662 -49.320
3581.678 -45.276
3582.694 -41.740
3583.712 -41.588
3584.728 -42.184
3585.745 -46.584
3586.762 -51.091
3587.779 -55.178
3588.796 -58.185
3589.813 -61.386
3590.830 -64.730
3591.846 -67.883
3592.863 -68.851
3593.880 -65.092
3594.897 -61.666
3595.914 -58.375
3596.932 -55.135
3597.948 -51.762
3598.965 -48.960
3599.982 -47.567
3600.999 -46.607
3602.017 -46.826
3603.034 -46.982
3604.051 -46.460
3605.068 -45.726
3606.084 -44.385
3607.102 -42.503
3608.119 -40.130
3609.136 -38.176
3610.153 -36.791
3611.170 -34.778
3612.187 -33.627
3613.204 -33.016
3614.220 -32.279
3615.238 -32.820
3616.255 -33.852
3617.272 -36.036
3618.289 -38.910
3619.307 -42.623
3620.324 -46.649
3621.341 -50.681
3622.359 -52.416
3623.376 -53.205
3624.393 -50.019
3625.410 -45.993
3626.427 -41.888
3627.444 -37.740
3628.461 -34.458
3629.479 -31.338
3630.496 -28.349
3631.513 -28.983
3632.530 -29.818
3633.547 -30.544
3634.564 -33.711
3635.581 -36.852
3636.598 -39.928
3637.615 -42.849
3638.632 -45.992
3639.650 -49.477
3640.667 -52.675
3641.684 -55.751
3642.700 -59.066
3643.717 -62.105
3644.734 -63.782
3645.752 -63.545
3646.769 -62.930
3647.786 -60.955
3648.804 -58.774
3649.821 -56.090
3650.838 -53.865
3651.855 -52.091
3652.872 -50.481
3653.889 -48.941
3654.906 -47.703
3655.923 -46.117
3656.940 -44.923
3657.958 -44.581
3658.976 -44.025
3659.993 -43.722
3661.010 -42.953
3662.027 -42.084
3663.044 -41.230
3664.062 -40.618
3665.079 -39.943
3666.095 -38.957
3667.113 -39.931
3668.130 -42.639
3669.147 -45.535
3670.164 -48.682
3671.181 -52.012
3672.198 -55.042
3673.214 -58.200
3674.231 -61.845
3675.248 -65.514
3676.265 -66.944
3677.282 -67.383
3678.299 -67.930
3679.317 -66.172
3680.334 -63.599
3681.351 -60.733
3682.368 -57.707
3683.386 -54.515
3684.403 -49.985
3685.421 -45.354
3686.438 -42.725
3687.455 -40.454
3688.472 -40.673
3689.489 -43.168
3690.507 -46.477
3691.524 -49.748
3692.541 -53.075
3693.558 -56.390
3694.575 -57.517
3695.591 -58.636
3696.609 -56.312
3697.625 -51.545
3698.642 -47.220
3699.659 -43.122
3700.677 -40.822
3701.694 -38.873
3702.712 -38.649
3703.729 -38.962
3704.746 -39.143
3705.763 -39.994
3706.780 -40.874
3707.798 -41.903
3708.815 -43.130
3709.832 -43.964
3710.849 -45.409
3711.866 -46.451
3712.883 -47.396
3713.899 -48.206
3714.916 -48.732
3715.934 -47.954
3716.951 -46.961
3717.968 -45.991
3718.985 -45.174
3720.003 -44.287
3721.020 -43.558
3722.038 -43.082
3723.055 -42.655
3724.072 -42.913
3725.090 -44.424
3726.107 -47.000
3727.125 -49.113
3728.143 -51.328
3729.160 -51.966
3730.178 -51.475
3731.195 -50.758
3732.212 -50.075
3733.230 -48.707
3734.248 -46.873
3735.265 -45.011
3736.282 -42.649
3737.300 -40.535
3738.317 -39.782
3739.335 -39.227
3740.352 -39.821
3741.369 -40.899
3742.386 -42.918
3743.403 -45.073
3744.421 -47.061
3745.438 -48.214
3746.456 -48.953
3747.473 -49.520
3748.490 -50.000
3749.508 -50.515
3750.525 -48.254
3751.543 -45.776
3752.560 -41.130
3753.577 -36.400
3754.594 -31.737
3755.612 -28.594
3756.629 -26.198
3757.647 -29.115
3758.664 -32.129
3759.682 -37.018
3760.699 -41.606
3761.715 -46.246
3762.730 -50.364
3763.745 -54.183
3764.761 -55.745
3765.778 -56.568
3766.794 -55.405
3767.810 -54.242
3768.828 -52.483
3769.844 -49.828
3770.860 -45.929
3771.878 -42.306
3772.894 -38.430
3773.912 -34.697
3774.929 -30.838
3775.946 -27.117
3776.963 -24.363
3777.980 -23.330
3778.997 -23.423
3780.014 -25.682
3781.031 -27.885
3782.048 -30.703
3783.065 -34.335
3784.082 -38.349
3785.100 -42.720
3786.117 -46.623
3787.134 -49.497
3788.151 -52.153
3789.169 -53.654
3790.186 -53.636
3791.203 -53.115
3792.220 -52.207
3793.237 -50.730
3794.255 -48.935
3795.271 -46.912
3796.289 -46.200
3797.306 -46.260
3798.323 -47.456
3799.339 -49.019
3800.356 -50.696
3801.374 -52.471
3802.391 -54.293
3803.408 -55.272
3804.425 -56.183
3805.443 -55.046
3806.460 -52.985
3807.477 -50.587
3808.493 -48.165
3809.511 -46.185
3810.528 -44.516
3811.545 -42.850
3812.562 -41.014
3813.579 -41.000
3814.596 -41.187
3815.613 -42.593
3816.630 -44.082
3817.647 -45.577
3818.664 -47.017
3819.681 -48.429
3820.699 -47.878
3821.715 -45.393
3822.732 -42.801
3823.750 -39.484
3824.767 -36.176
3825.784 -32.858
3826.801 -29.553
3827.818 -26.619
3828.836 -24.662
3829.853 -23.020
3830.870 -23.292
3831.888 -23.737
3832.905 -25.202
3833.922 -26.569
3834.939 -27.682
3835.956 -28.464
3836.973 -29.100
3837.990 -29.504
3839.008 -29.285
3840.027 -28.271
3841.044 -25.724
3842.061 -23.028
3843.078 -20.564
3844.097 -18.781
3845.114 -16.843
3846.131 -16.147
3847.149 -16.890
3848.166 -19.935
3849.184 -24.377
3850.201 -28.928
3851.218 -32.848
3852.235 -36.946
3853.252 -40.695
3854.269 -44.289
3855.287 -48.200
3856.304 -52.197
3857.321 -55.875
3858.339 -59.575
3859.356 -62.670
3860.373 -65.674
3861.390 -68.746
3862.407 -71.092
3863.424 -73.317
3864.441 -75.608
3865.458 -77.801
3866.476 -77.459
3867.493 -76.581
3868.510 -72.795
3869.527 -68.944
3870.544 -65.992
3871.561 -63.086
3872.578 -60.006
3873.595 -56.891
3874.613 -53.934
3875.630 -50.959
3876.647 -47.944
3877.665 -44.052
3878.682 -40.165
3879.699 -39.129
3880.716 -40.561
3881.733 -41.697
3882.751 -42.686
3883.768 -42.450
3884.786 -40.754
3885.803 -38.877
3886.820 -36.456
3887.838 -35.018
3888.855 -34.693
3889.872 -34.669
3890.889 -34.366
3891.905 -34.350
3892.922 -34.283
3893.940 -34.493
3894.957 -35.307
3895.975 -37.121
3896.992 -39.000
3898.009 -41.358
3899.027 -43.527
3900.044 -45.583
3901.061 -47.550
3902.078 -49.433
3903.096 -51.810
3904.113 -54.628
3905.130 -57.429
3906.148 -60.273
3907.165 -62.602
3908.182 -63.991
3909.199 -64.710
3910.216 -65.170
3911.234 -65.448
3912.251 -65.067
3913.268 -64.618
3914.285 -63.825
3915.302 -63.028
3916.319 -60.919
3917.337 -58.157
3918.355 -55.387
3919.371 -52.588
3920.389 -48.632
3921.406 -44.345
3922.423 -40.084
3923.440 -35.920
3924.457 -32.797
3925.474 -29.807
3926.491 -26.833
3927.509 -23.948
3928.526 -24.558
3929.543 -25.298
3930.561 -27.196
3931.578 -29.032
3932.596 -31.010
3933.613 -31.726
3934.631 -31.642
3935.647 -31.782
3936.664 -31.869
3937.681 -32.174
3938.698 -32.304
3939.716 -32.714
3940.734 -34.729
3941.752 -36.764
3942.768 -39.488
3943.783 -43.668
3944.798 -47.948
3945.814 -51.153
3946.831 -53.009
3947.847 -53.988
3948.864 -53.489
3949.881 -52.854
3950.898 -51.395
3951.915 -49.595
3952.931 -48.030
3953.948 -46.210
3954.966 -44.275
3955.983 -42.565
3957.000 -41.471
3958.018 -40.556
3959.034 -39.497
3960.052 -38.893
3961.068 -38.660
3962.084 -38.273
3963.101 -37.920
3964.119 -37.409
3965.136 -37.438
3966.153 -37.740
3967.170 -38.082
3968.187 -38.493
3969.204 -38.975
3970.220 -39.571
3971.238 -39.830
3972.255 -39.904
3973.273 -39.159
3974.290 -38.131
3975.307 -37.260
3976.323 -36.422
3977.341 -35.516
3978.358 -34.524
3979.375 -35.145
3980.392 -36.099
3981.409 -37.783
3982.426 -39.383
3983.443 -40.911
3984.460 -42.498
3985.477 -44.205
3986.494 -45.659
3987.511 -47.049
3988.529 -48.646
3989.546 -50.072
3990.563 -51.900
3991.577 -53.795
3992.594 -56.199
3993.611 -57.679
3994.629 -59.134
3995.646 -58.333
3996.664 -57.245
3997.681 -56.088
3998.699 -53.917
3999.716 -51.804
4000.733 -50.091
4001.750 -48.265
4002.767 -47.849
4003.784 -47.366
4004.801 -47.539
4005.818 -47.919
4006.836 -48.035
4007.852 -48.335
4008.870 -48.388
4009.887 -48.923
4010.904 -49.409
4011.921 -50.107
4012.939 -50.375
4013.956 -49.444
4014.973 -47.375
4015.990 -45.603
4017.008 -43.320
4018.025 -40.231
4019.043 -37.423
4020.060 -34.713
4021.077 -31.852
4022.095 -29.245
4023.112 -26.428
4024.129 -25.646
4025.147 -28.281
4026.163 -32.006
4027.181 -36.531
4028.198 -41.665
4029.215 -46.063
4030.233 -49.308
4031.251 -52.111
4032.268 -55.020
4033.285 -56.949
4034.303 -58.769
4035.320 -60.590
4036.337 -59.417
4037.354 -57.630
4038.372 -54.573
4039.389 -51.191
4040.407 -49.522
4041.424 -48.141
4042.441 -48.412
4043.459 -50.187
4044.476 -52.064
4045.493 -53.740
4046.509 -55.408
4047.527 -55.576
4048.544 -55.591
4049.561 -55.614
4050.578 -55.184
4051.595 -53.992
4052.612 -52.268
4053.629 -50.596
4054.646 -48.668
4055.664 -46.462
4056.681 -44.348
4057.698 -42.394
4058.715 -40.693
4059.732 -40.153
4060.749 -40.872
4061.766 -41.743
4062.783 -42.871
4063.801 -44.041
4064.818 -45.473
4065.835 -46.477
4066.853 -46.637
4067.869 -46.628
4068.887 -46.635
4069.904 -45.654
4070.921 -44.980
4071.938 -44.214
4072.956 -43.229
4073.973 -41.878
4074.991 -40.072
4076.009 -38.202
4077.026 -36.810
4078.043 -36.220
4079.061 -35.716
4080.078 -35.875
4081.095 -35.890
4082.112 -35.852
4083.130 -35.858
4084.147 -36.319
4085.164 -36.969
4086.181 -36.876
4087.198 -36.640
4088.216 -35.583
4089.233 -34.715
4090.250 -34.009
4091.267 -33.949
4092.285 -34.134
4093.302 -35.100
4094.319 -36.454
4095.336 -37.742
4096.353 -38.746
4097.371 -39.483
4098.388 -40.033
4099.406 -40.677
4100.422 -41.989
4101.439 -43.798
4102.457 -45.590
4103.474 -47.602
4104.492 -49.233
4105.509 -50.682
4106.526 -49.251
4107.543 -47.626
4108.561 -45.799
4109.577 -43.062
4110.594 -40.096
4111.611 -37.118
4112.628 -34.066
4113.646 -31.120
4114.664 -29.221
4115.680 -27.345
4116.698 -27.603
4117.715 -28.385
4118.732 -31.045
4119.749 -34.550
4120.766 -38.201
4121.784 -41.786
4122.802 -44.370
4123.820 -46.736
4124.837 -47.620
4125.851 -48.084
4126.867 -47.756
4127.882 -47.517
4128.898 -46.692
4129.914 -46.351
4130.931 -45.942
4131.948 -45.744
4132.965 -45.731
4133.982 -45.554
4134.999 -45.690
4136.016 -45.968
4137.032 -45.802
4138.049 -45.754
4139.067 -45.849
4140.084 -45.683
4141.101 -45.318
4142.118 -45.561
4143.135 -46.515
4144.151 -48.133
4145.168 -49.681
4146.190 -50.701
4147.207 -51.945
4148.224 -53.393
4149.241 -54.171
4150.258 -54.545
4151.275 -53.016
4152.292 -49.914
4153.309 -46.828
4154.326 -43.584
4155.343 -40.435
4156.360 -37.830
4157.378 -35.227
4158.395 -34.445
4159.412 -33.997
4160.429 -33.427
4161.446 -32.915
4162.464 -32.609
4163.480 -32.300
4164.497 -33.184
4165.514 -34.174
4166.530 -35.185
4167.548 -36.232
4168.566 -37.206
4169.583 -38.131
4170.600 -37.569
4171.617 -37.097
4172.635 -36.276
4173.652 -34.399
4174.669 -33.551
4175.686 -32.524
4176.703 -31.477
4177.720 -30.398
4178.737 -29.579
4179.754 -29.618
4180.771 -30.927
4181.788 -32.394
4182.806 -34.477
4183.823 -36.631
4184.840 -39.187
4185.856 -41.672
4186.873 -43.880
4187.891 -46.142
4188.909 -47.423
4189.926 -49.065
4190.943 -48.979
4191.960 -46.691
4192.978 -43.898
4193.995 -40.940
4195.012 -38.029
4196.029 -34.784
4197.046 -31.505
4198.064 -28.609
4199.081 -26.896
4200.099 -27.020
4201.116 -27.768
4202.133 -29.051
4203.150 -30.816
4204.167 -32.308
4205.184 -33.961
4206.202 -35.910
4207.219 -37.781
4208.237 -39.480
4209.253 -41.235
4210.271 -43.055
4211.288 -43.754
4212.306 -43.796
4213.323 -43.650
4214.340 -43.838
4215.357 -43.513
4216.375 -42.875
4217.392 -42.271
4218.409 -41.553
4219.427 -40.950
4220.445 -40.412
4221.462 -39.789
4222.479 -38.955
4223.497 -38.374
4224.513 -38.204
4225.531 -38.822
4226.548 -39.600
4227.566 -40.584
4228.583 -42.326
4229.600 -43.790
4230.618 -44.353
4231.635 -44.698
4232.652 -45.074
4233.669 -45.309
4234.686 -43.878
4235.703 -40.534
4236.721 -36.997
4237.738 -33.763
4238.755 -30.652
4239.772 -28.842
4240.789 -27.265
4241.806 -25.492
4242.823 -24.688
4243.841 -26.239
4244.858 -27.861
4245.875 -30.253
4246.893 -33.190
4247.910 -35.037
4248.927 -36.811
4249.944 -38.254
4250.962 -39.445
4251.979 -40.175
4252.997 -39.849
4254.014 -39.943
4255.031 -39.814
4256.049 -40.662
4257.066 -42.505
4258.084 -44.186
4259.100 -45.846
4260.117 -48.236
4261.135 -51.242
4262.152 -54.302
4263.168 -56.465
4264.185 -58.139
4265.203 -59.716
4266.221 -61.414
4267.238 -62.999
4268.255 -64.624
4269.273 -66.328
4270.290 -64.664
4271.307 -61.717
4272.324 -58.382
4273.342 -54.945
4274.359 -51.520
4275.376 -48.247
4276.394 -45.177
4277.411 -41.391
4278.428 -37.599
4279.445 -33.527
4280.462 -33.256
4281.479 -33.333
4282.496 -36.771
4283.513 -40.546
4284.530 -43.945
4285.547 -47.326
4286.564 -49.225
4287.582 -51.038
4288.599 -49.362
4289.616 -46.536
4290.634 -43.493
4291.652 -40.345
4292.669 -36.567
4293.686 -32.628
4294.703 -28.873
4295.720 -25.674
4296.737 -25.462
4297.754 -25.881
4298.771 -29.159
4299.789 -32.041
4300.806 -34.953
4301.823 -37.534
4302.841 -39.550
4303.858 -41.761
4304.875 -43.261
4305.891 -44.566
4306.906 -45.624
4307.922 -45.981
4308.938 -46.476
4309.954 -47.060
4310.971 -47.241
4311.988 -46.536
4313.005 -45.461
4314.021 -44.646
4315.037 -44.031
4316.054 -43.789
4317.072 -44.091
4318.089 -44.074
4319.106 -43.672
4320.122 -43.189
4321.140 -42.851
4322.156 -43.235
4323.173 -44.340
4324.189 -44.918
4325.207 -45.510
4326.224 -46.188
4327.241 -47.304
4328.259 -48.465
4329.276 -50.216
4330.293 -52.294
4331.310 -54.331
4332.327 -55.609
4333.343 -56.555
4334.361 -55.981
4335.378 -54.930
4336.395 -53.403
4337.412 -52.705
4338.429 -52.193
4339.446 -52.276
4340.463 -52.273
4341.480 -52.203
4342.497 -51.739
4343.514 -51.341
4344.532 -50.763
4345.549 -50.344
4346.566 -48.962
4347.583 -47.634
4348.600 -46.481
4349.617 -46.461
4350.634 -46.628
4351.651 -47.685
4352.668 -47.853
4353.685 -48.323
4354.703 -48.614
4355.720 -47.672
4356.737 -45.170
4357.754 -42.426
4358.771 -39.109
4359.789 -35.703
4360.806 -32.912
4361.823 -30.441
4362.840 -28.600
4363.857 -29.178
4364.874 -30.058
4365.891 -32.429
4366.908 -34.742
4367.926 -36.855
4368.943 -38.999
4369.960 -41.225
4370.977 -42.814
4371.995 -43.786
4373.012 -44.700
4374.030 -46.428
4375.047 -48.767
4376.064 -50.717
4377.081 -52.100
4378.098 -52.942
4379.115 -53.005
4380.132 -53.151
4381.150 -53.228
4382.167 -52.939
4383.184 -51.011
4384.201 -48.151
4385.219 -44.863
4386.236 -42.113
4387.253 -39.930
4388.270 -37.643
4389.288 -35.806
4390.305 -34.321
4391.322 -33.781
4392.339 -33.420
4393.357 -33.755
4394.374 -34.213
4395.392 -35.049
4396.409 -36.958
4397.426 -38.810
4398.443 -40.873
4399.460 -42.750
4400.478 -44.578
4401.496 -46.531
4402.513 -48.146
4403.530 -49.750
4404.546 -50.298
4405.564 -50.666
4406.581 -50.974
4407.598 -51.416
4408.616 -51.923
4409.633 -50.479
4410.650 -49.166
4411.667 -47.885
4412.684 -46.780
4413.702 -45.765
4414.718 -46.037
4415.736 -46.070
4416.753 -45.952
4417.770 -46.745
4418.787 -47.562
4419.804 -48.987
4420.822 -50.217
4421.838 -50.296
4422.856 -50.324
4423.873 -49.855
4424.890 -49.059
4425.907 -48.620
4426.924 -47.991
4427.942 -48.143
4428.959 -48.776
4429.976 -50.109
4430.993 -52.052
4432.010 -54.589
4433.027 -57.195
4434.044 -60.396
4435.061 -63.967
4436.078 -67.279
4437.096 -69.174
4438.113 -69.520
4439.130 -69.667
4440.148 -69.269
4441.165 -68.395
4442.182 -67.533
4443.199 -66.659
4444.217 -64.909
4445.234 -62.397
4446.251 -59.945
4447.268 -57.656
4448.285 -54.683
4449.302 -51.437
4450.319 -48.234
4451.336 -45.210
4452.353 -41.903
4453.371 -38.320
4454.388 -35.021
4455.405 -31.800
4456.423 -28.517
4457.440 -25.279
4458.458 -23.290
4459.475 -21.705
4460.492 -22.587
4461.509 -23.327
4462.526 -25.268
4463.543 -27.377
4464.560 -30.664
4465.577 -33.931
4466.594 -37.067
4467.612 -39.140
4468.629 -41.137
4469.646 -42.475
4470.664 -43.612
4471.682 -45.048
4472.699 -44.829
4473.716 -44.912
4474.733 -45.524
4475.751 -45.903
4476.768 -46.324
4477.785 -47.420
4478.802 -48.296
4479.819 -48.846
4480.837 -48.523
4481.854 -46.819
4482.871 -45.443
4483.888 -43.946
4484.906 -42.338
4485.925 -40.668
4486.942 -39.055
4487.957 -37.869
4488.972 -36.902
4489.987 -35.958
4491.004 -35.097
4492.020 -34.035
4493.037 -33.303
4494.054 -32.297
4495.071 -31.550
4496.088 -31.263
4497.105 -31.855
4498.123 -32.341
4499.140 -32.733
4500.157 -33.252
4501.174 -33.993
4502.191 -35.137
4503.209 -36.005
4504.225 -36.604
4505.242 -37.294
4506.260 -37.962
4507.277 -38.661
4508.294 -39.301
4509.311 -40.218
4510.328 -41.154
4511.345 -42.161
4512.362 -42.352
4513.380 -42.314
4514.397 -42.350
4515.413 -41.820
4516.430 -41.061
4517.447 -39.911
4518.464 -38.939
4519.481 -38.803
4520.498 -38.784
4521.515 -38.954
4522.533 -38.832
4523.550 -39.938
4524.567 -41.185
4525.584 -43.282
4526.602 -45.245
4527.619 -47.083
4528.636 -47.621
4529.654 -48.374
4530.670 -49.007
4531.687 -49.446
4532.705 -47.973
4533.722 -46.285
4534.738 -42.769
4535.755 -39.516
4536.772 -36.331
4537.790 -34.062
4538.806 -32.134
4539.823 -31.245
4540.840 -30.562
4541.857 -31.127
4542.874 -31.853
4543.891 -33.219
4544.909 -34.967
4545.926 -37.326
4546.943 -39.656
4547.960 -41.799
4548.978 -43.754
4549.994 -45.060
4551.011 -45.109
4552.028 -45.008
4553.046 -44.096
4554.063 -43.344
4555.080 -42.814
4556.097 -42.617
4557.114 -41.834
4558.131 -40.761
4559.148 -39.618
4560.165 -38.420
4561.182 -37.758
4562.199 -37.491
4563.216 -37.155
4564.233 -37.014
4565.250 -36.679
4566.268 -36.338
4567.285 -36.250
4568.302 -36.590
4569.320 -37.103
4570.337 -37.442
4571.354 -37.696
4572.372 -38.266
4573.389 -38.581
4574.406 -38.864
4575.424 -39.126
4576.441 -40.141
4577.458 -41.368
4578.476 -42.851
4579.493 -44.542
4580.511 -45.386
4581.528 -46.045
4582.546 -46.775
4583.563 -46.059
4584.580 -45.678
4585.597 -45.365
4586.615 -46.668
4587.632 -47.863
4588.649 -49.263
4589.666 -50.630
4590.684 -48.481
4591.702 -44.964
4592.719 -41.377
4593.736 -37.854
4594.753 -34.913
4595.770 -34.105
4596.788 -33.211
4597.805 -33.037
4598.822 -35.034
4599.840 -37.152
4600.857 -39.232
4601.874 -40.944
4602.891 -40.790
4603.909 -40.355
4604.926 -39.895
4605.943 -38.465
4606.960 -37.117
4607.977 -35.917
4608.994 -35.550
4610.011 -36.010
4611.029 -37.741
4612.046 -40.470
4613.063 -43.103
4614.080 -45.817
4615.098 -46.537
4616.115 -45.873
4617.132 -45.551
4618.149 -45.345
4619.167 -45.533
4620.184 -46.561
4621.201 -47.732
4622.219 -47.945
4623.236 -46.132
4624.254 -43.493
4625.271 -40.688
4626.288 -37.375
4627.305 -33.861
4628.322 -30.253
4629.339 -27.221
4630.356 -24.373
4631.373 -22.039
4632.390 -20.999
4633.408 -20.273
4634.426 -21.128
4635.443 -23.694
4636.460 -27.462
4637.477 -31.553
4638.495 -35.181
4639.512 -38.601
4640.529 -41.788
4641.547 -44.308
4642.564 -46.373
4643.581 -48.311
4644.599 -49.890
4645.616 -51.437
4646.633 -52.284
4647.650 -52.767
4648.667 -50.523
4649.685 -48.317
4650.702 -45.486
4651.719 -44.113
4652.735 -43.551
4653.753 -42.652
4654.771 -42.119
4655.788 -41.819
4656.805 -42.310
4657.823 -43.027
4658.840 -43.629
4659.857 -44.405
4660.874 -44.897
4661.891 -45.411
4662.909 -46.089
4663.926 -46.921
4664.943 -47.373
4665.961 -47.309
4666.978 -47.245
4667.997 -47.163
4669.015 -47.230
4670.032 -47.615
4671.046 -47.852
4672.062 -47.993
4673.078 -48.365
4674.095 -48.021
4675.111 -46.764
4676.128 -44.756
4677.146 -42.483
4678.162 -40.030
4679.177 -38.132
4680.194 -36.574
4681.211 -35.956
4682.228 -36.018
4683.245 -36.253
4684.263 -36.827
4685.280 -37.596
4686.297 -38.502
4687.314 -40.344
4688.331 -42.574
4689.348 -45.964
4690.365 -49.432
4691.382 -52.658
4692.400 -55.787
4693.416 -58.280
4694.434 -58.814
4695.450 -57.747
4696.467 -55.768
4697.484 -53.768
4698.501 -50.454
4699.518 -47.243
4700.535 -42.766
4701.552 -39.634
4702.569 -38.103
4703.586 -37.418
4704.604 -36.601
4705.621 -36.393
4706.638 -36.099
4707.656 -35.930
4708.672 -36.877
4709.690 -37.997
4710.707 -40.200
4711.724 -42.475
4712.741 -44.519
4713.759 -46.321
4714.775 -47.665
4715.793 -47.729
4716.809 -47.867
4717.826 -47.807
4718.843 -47.337
4719.861 -46.946
4720.878 -45.927
4721.895 -44.195
4722.912 -42.445
4723.929 -40.436
4724.946 -38.497
4725.964 -36.388
4726.980 -34.332
4727.998 -32.706
4729.015 -31.415
4730.033 -30.526
4731.050 -29.938
4732.066 -29.384
4733.083 -29.592
4734.101 -30.422
4735.118 -31.407
4736.135 -32.692
4737.152 -33.929
4738.170 -35.301
4739.187 -36.739
4740.204 -38.325
4741.221 -40.000
4742.239 -40.428
4743.256 -38.934
4744.274 -36.689
4745.291 -34.404
4746.308 -32.473
4747.325 -30.754
4748.342 -29.917
4749.359 -29.266
4750.376 -28.817
4751.391 -28.421
4752.408 -30.878
4753.425 -33.882
4754.442 -36.702
4755.459 -40.736
4756.476 -45.069
4757.493 -49.345
4758.510 -53.526
4759.526 -57.806
4760.542 -58.105
4761.558 -58.209
4762.575 -58.468
4763.592 -53.796
4764.610 -51.077
4765.627 -48.326
4766.645 -45.371
4767.662 -42.504
4768.679 -39.890
4769.696 -39.226
4770.714 -38.516
4771.731 -38.338
4772.748 -39.253
4773.766 -38.742
4774.783 -38.199
4775.800 -37.856
4776.817 -38.654
4777.834 -39.197
4778.851 -40.176
4779.868 -41.460
4780.885 -43.614
4781.902 -46.044
4782.919 -49.079
4783.936 -52.860
4784.953 -56.793
4785.971 -60.595
4786.988 -64.598
4788.005 -67.044
4789.022 -67.794
4790.039 -68.406
4791.057 -69.250
4792.074 -70.788
4793.092 -72.787
4794.109 -75.504
4795.126 -78.680
4796.143 -81.900
4797.159 -84.725
4798.176 -87.427
4799.193 -90.498
4800.211 -93.674
4801.228 -96.857
4802.245 -99.177
4803.262 -99.591
4804.280 -97.672
4805.297 -95.311
4806.314 -92.931
4807.331 -90.406
4808.349 -88.010
4809.366 -85.258
4810.383 -82.494
4811.400 -79.723
4812.417 -76.923
4813.435 -74.112
4814.452 -70.387
4815.469 -66.551
4816.487 -62.851
4817.503 -59.160
4818.520 -54.790
4819.538 -50.454
4820.555 -46.072
4821.572 -42.431
4822.590 -38.957
4823.607 -36.268
4824.625 -33.400
4825.642 -30.649
4826.659 -28.893
4827.676 -27.036
4828.694 -25.027
4829.711 -23.379
4830.728 -21.609
4831.746 -19.533
4832.763 -17.537
4833.780 -16.031
4834.797 -17.758
4835.814 -20.058
4836.831 -24.486
4837.848 -29.077
4838.866 -33.810
4839.882 -38.441
4840.899 -42.760
4841.916 -47.119
4842.933 -51.299
4843.951 -55.307
4844.967 -58.355
4845.984 -61.656
4847.002 -64.800
4848.019 -67.823
4849.036 -70.419
4850.054 -72.780
4851.073 -75.205
4852.090 -77.563
4853.107 -80.026
4854.122 -82.675
4855.137 -83.527
4856.152 -83.139
4857.168 -82.859
4858.185 -81.748
4859.202 -80.407
4860.218 -77.924
4861.235 -74.737
4862.252 -70.907
4863.269 -66.755
4864.286 -62.682
4865.303 -58.717
4866.320 -55.214
4867.337 -52.578
4868.353 -50.052
4869.370 -48.448
4870.388 -49.168
4871.405 -50.349
4872.422 -52.416
4873.439 -54.630
4874.456 -56.835
4875.473 -58.958
4876.490 -59.226
4877.507 -59.060
4878.524 -57.907
4879.541 -56.910
4880.556 -54.150
4881.573 -51.269
4882.590 -48.192
4883.608 -44.525
4884.625 -41.124
4885.642 -38.255
4886.659 -35.547
4887.676 -34.541
4888.693 -35.806
4889.710 -37.131
4890.727 -38.335
4891.744 -39.493
4892.761 -40.768
4893.778 -41.856
4894.795 -42.870
4895.812 -44.004
4896.829 -44.946
4897.846 -45.755
4898.863 -45.204
4899.879 -44.784
4900.897 -44.000
4901.914 -43.428
4902.932 -42.276
4903.949 -41.166
4904.966 -40.200
4905.984 -39.124
4907.001 -38.678
4908.018 -37.544
4909.035 -35.895
4910.052 -34.471
4911.069 -33.083
4912.086 -31.596
4913.103 -30.283
4914.120 -30.829
4915.137 -32.450
4916.154 -35.101
4917.171 -38.595
4918.187 -42.544
4919.204 -46.801
4920.221 -50.525
4921.238 -53.550
4922.256 -56.549
4923.273 -59.504
4924.290 -62.240
4925.308 -65.053
4926.324 -67.535
4927.342 -70.047
4928.359 -71.292
4929.377 -69.473
4930.394 -67.167
4931.411 -63.917
4932.428 -59.769
4933.446 -55.604
4934.462 -51.183
4935.479 -48.200
4936.496 -45.389
4937.514 -42.729
4938.531 -39.731
4939.548 -37.932
4940.565 -36.399
4941.583 -35.413
4942.599 -34.560
4943.617 -35.037
4944.634 -35.753
4945.652 -37.775
4946.670 -39.612
4947.686 -41.251
4948.704 -42.473
4949.721 -43.297
4950.738 -44.160
4951.756 -44.865
4952.773 -45.097
4953.790 -44.509
4954.807 -43.447
4955.824 -41.781
4956.842 -40.199
4957.859 -38.485
4958.876 -37.696
4959.893 -37.540
4960.910 -38.881
4961.927 -40.435
4962.944 -42.487
4963.962 -44.789
4964.980 -46.288
4965.997 -47.282
4967.013 -48.257
4968.030 -48.525
4969.048 -48.431
4970.064 -48.614
4971.082 -49.455
4972.099 -50.735
4973.116 -53.011
4974.133 -54.834
4975.151 -56.729
4976.169 -57.864
4977.186 -57.081
4978.204 -55.623
4979.221 -53.649
4980.239 -51.314
4981.256 -48.924
4982.273 -46.278
4983.291 -43.790
4984.308 -41.187
4985.326 -39.969
4986.343 -39.018
4987.361 -38.450
4988.378 -38.671
4989.395 -39.120
4990.411 -39.564
4991.429 -38.092
4992.446 -36.279
4993.463 -34.509
4994.480 -32.756
4995.498 -30.010
4996.515 -27.080
4997.533 -24.882
4998.550 -22.725
4999.568 -20.400
5000.586 -21.783
5001.603 -24.693
5002.621 -27.608
5003.638 -30.507
5004.655 -33.373
5005.673 -36.143
5006.690 -39.056
5007.707 -43.180
5008.724 -47.585
5009.741 -51.555
5010.758 -53.450
5011.775 -55.334
5012.792 -56.799
5013.810 -57.258
5014.828 -57.318
5015.845 -56.314
5016.862 -55.167
5017.880 -53.761
5018.897 -52.787
5019.914 -51.567
5020.931 -49.186
5021.949 -46.621
5022.966 -43.863
5023.983 -41.313
5025.001 -38.850
5026.019 -37.456
5027.036 -37.806
5028.053 -38.963
5029.071 -39.521
5030.088 -39.594
5031.104 -39.931
5032.122 -40.282
5033.140 -40.203
5034.156 -39.289
5035.174 -37.921
5036.192 -36.344
5037.210 -35.593
5038.225 -35.081
5039.240 -34.457
5040.255 -33.554
5041.272 -32.667
5042.288 -32.207
5043.304 -31.959
5044.321 -31.695
5045.337 -33.759
5046.354 -37.199
5047.371 -40.806
5048.388 -44.434
5049.406 -48.214
5050.423 -51.960
5051.439 -54.638
5052.457 -54.650
5053.474 -54.215
5054.490 -52.701
5055.507 -50.046
5056.524 -47.085
5057.541 -44.260
5058.558 -41.370
5059.575 -38.231
5060.592 -35.047
5061.609 -32.525
5062.627 -31.719
5063.644 -30.993
5064.661 -31.833
5065.678 -33.642
5066.695 -35.226
5067.713 -36.850
5068.730 -37.111
5069.747 -36.901
5070.764 -36.729
5071.781 -36.540
5072.799 -36.343
5073.816 -36.095
5074.833 -35.727
5075.851 -36.313
5076.868 -36.547
5077.885 -36.942
5078.902 -37.649
5079.921 -38.000
5080.938 -38.466
5081.956 -38.926
5082.973 -39.734
5083.990 -40.365
5085.008 -40.784
5086.025 -40.728
5087.042 -40.577
5088.059 -40.707
5089.077 -40.567
5090.094 -40.970
5091.112 -41.406
5092.129 -41.737
5093.146 -42.285
5094.162 -43.088
5095.179 -44.313
5096.196 -46.105
5097.212 -47.340
5098.229 -48.857
5099.247 -50.572
5100.264 -51.983
5101.281 -52.977
5102.298 -53.722
5103.316 -54.433
5104.333 -55.225
5105.350 -53.945
5106.367 -51.955
5107.384 -48.959
5108.402 -46.770
5109.419 -44.899
5110.436 -43.182
5111.453 -42.619
5112.470 -43.198
5113.487 -43.823
5114.504 -44.413
5115.521 -44.261
5116.538 -43.693
5117.556 -43.039
5118.573 -42.621
5119.590 -42.237
5120.607 -41.806
5121.625 -40.122
5122.642 -37.936
5123.659 -35.804
5124.677 -33.728
5125.694 -33.628
5126.711 -33.554
5127.729 -35.235
5128.746 -36.908
5129.763 -40.023
5130.780 -42.835
5131.797 -45.338
5132.811 -46.876
5133.828 -48.199
5134.846 -48.566
5135.862 -48.699
5136.879 -48.727
5137.896 -48.205
5138.914 -46.617
5139.931 -44.518
5140.948 -41.930
5141.965 -39.758
5142.983 -38.330
5144.000 -36.783
5145.017 -35.260
5146.035 -33.616
5147.053 -32.172
5148.070 -31.241
5149.088 -30.465
5150.105 -30.325
5151.122 -30.801
5152.141 -32.433
5153.157 -34.654
5154.175 -37.076
5155.191 -39.646
5156.209 -42.153
5157.226 -44.862
5158.243 -47.748
5159.260 -49.630
5160.277 -50.251
5161.295 -50.396
5162.312 -50.539
5163.329 -50.627
5164.346 -51.549
5165.364 -52.827
5166.382 -55.554
5167.399 -58.478
5168.416 -61.179
5169.434 -64.051
5170.451 -66.995
5171.468 -70.560
5172.486 -74.481
5173.503 -78.414
5174.520 -82.256
5175.537 -86.322
5176.555 -90.040
5177.571 -93.834
5178.588 -93.880
5179.604 -93.961
5180.621 -93.755
5181.638 -90.895
5182.656 -87.951
5183.673 -84.865
5184.691 -81.436
5185.708 -78.354
5186.725 -75.231
5187.742 -72.258
5188.760 -69.017
5189.777 -66.041
5190.794 -62.180
5191.811 -59.070
5192.828 -57.114
5193.845 -55.484
5194.862 -53.315
5195.879 -50.553
5196.896 -48.266
5197.914 -46.479
5198.931 -44.623
5199.948 -43.045
5200.966 -41.285
5201.983 -40.086
5203.001 -38.921
5204.018 -37.810
5205.035 -36.602
5206.053 -36.120
5207.070 -35.960
5208.087 -36.175
5209.104 -37.159
5210.122 -38.656
5211.139 -39.736
5212.156 -40.702
5213.173 -41.690
5214.190 -41.489
5215.207 -40.386
5216.225 -39.647
5217.243 -38.090
5218.260 -36.197
5219.278 -34.863
5220.296 -33.867
5221.312 -33.739
5222.328 -33.798
5223.343 -34.758
5224.358 -35.954
5225.374 -36.829
5226.390 -38.025
5227.407 -39.293
5228.424 -40.968
5229.441 -42.773
5230.459 -44.405
5231.475 -46.043
5232.492 -47.872
5233.509 -49.238
5234.526 -50.562
5235.543 -51.747
5236.561 -50.813
5237.578 -49.858
5238.595 -47.172
5239.612 -44.626
5240.629 -43.178
5241.646 -41.602
5242.663 -40.283
5243.681 -41.331
5244.698 -42.671
5245.716 -44.725
5246.733 -46.829
5247.750 -47.286
5248.767 -45.816
5249.784 -44.100
5250.802 -42.105
5251.819 -40.398
5252.836 -38.671
5253.853 -37.502
5254.870 -37.631
5255.887 -38.149
5256.904 -39.055
5257.921 -40.817
5258.939 -42.799
5259.955 -44.308
5260.973 -45.625
5261.990 -46.157
5263.007 -46.423
5264.025 -46.181
5265.042 -45.640
5266.059 -45.427
5267.076 -44.180
5268.093 -42.025
5269.110 -39.954
5270.127 -37.886
5271.144 -36.317
5272.161 -34.865
5273.177 -33.351
5274.194 -32.614
5275.211 -32.311
5276.228 -32.024
5277.245 -32.608
5278.263 -33.660
5279.280 -36.425
5280.297 -40.012
5281.314 -44.094
5282.332 -48.485
5283.349 -52.121
5284.366 -55.507
5285.383 -58.685
5286.400 -61.913
5287.417 -63.203
5288.434 -62.019
5289.451 -60.229
5290.469 -57.205
5291.486 -54.194
5292.503 -50.626
5293.520 -47.053
5294.537 -43.772
5295.555 -40.589
5296.572 -38.359
5297.590 -36.260
5298.607 -37.486
5299.624 -38.713
5300.641 -41.535
5301.659 -44.517
5302.675 -48.139
5303.693 -51.311
5304.710 -54.444
5305.727 -55.759
5306.745 -55.890
5307.761 -56.343
5308.779 -56.897
5309.796 -57.409
5310.814 -58.036
5311.831 -58.698
5312.848 -59.311
5313.865 -59.533
5314.882 -57.961
5315.900 -55.537
5316.917 -52.907
5317.934 -50.642
5318.951 -48.241
5319.968 -46.445
5320.985 -44.445
5322.003 -42.475
5323.020 -40.391
5324.036 -38.186
5325.054 -36.039
5326.071 -33.688
5327.088 -32.126
5328.106 -31.578
5329.123 -31.595
5330.140 -31.561
5331.157 -31.486
5332.174 -31.230
5333.191 -31.100
5334.209 -31.016
5335.226 -31.555
5336.243 -32.156
5337.262 -32.566
5338.279 -33.357
5339.296 -34.185
5340.314 -34.989
5341.331 -36.176
5342.348 -37.184
5343.366 -37.563
5344.383 -37.923
5345.401 -38.286
5346.417 -37.830
5347.431 -37.205
5348.448 -36.392
5349.466 -36.270
5350.483 -36.301
5351.501 -37.952
5352.517 -39.674
5353.534 -42.421
5354.552 -45.371
5355.569 -48.277
5356.586 -50.510
5357.603 -51.038
5358.620 -51.526
5359.637 -51.858
5360.655 -52.038
5361.672 -50.815
5362.689 -47.983
5363.706 -44.948
5364.723 -41.965
5365.741 -40.241
5366.758 -38.100
5367.776 -36.481
5368.793 -36.090
5369.811 -36.131
5370.828 -38.191
5371.845 -40.338
5372.862 -42.470
5373.878 -45.936
5374.896 -49.505
5375.912 -52.862
5376.930 -56.278
5377.947 -59.425
5378.965 -62.446
5379.982 -65.529
5380.999 -67.320
5382.016 -65.941
5383.034 -62.877
5384.052 -59.604
5385.069 -56.637
5386.087 -54.125
5387.108 -52.150
5388.126 -50.982
5389.143 -50.030
5390.160 -48.700
5391.177 -47.249
5392.195 -45.216
5393.212 -42.745
5394.229 -39.951
5395.246 -37.143
5396.263 -34.359
5397.281 -30.687
5398.297 -26.684
5399.315 -22.562
5400.333 -19.610
5401.351 -19.728
5402.368 -20.505
5403.383 -21.362
5404.398 -24.376
5405.413 -27.862
5406.430 -30.665
5407.446 -33.364
5408.463 -37.764
5409.480 -41.853
5410.496 -45.899
5411.513 -50.189
5412.530 -52.824
5413.547 -55.348
5414.563 -55.323
5415.580 -55.320
5416.597 -55.143
5417.614 -52.540
5418.631 -49.789
5419.649 -45.593
5420.666 -41.272
5421.683 -37.047
5422.701 -33.947
5423.718 -31.214
5424.734 -31.349
5425.751 -33.271
5426.768 -35.325
5427.785 -38.083
5428.802 -40.824
5429.818 -43.483
5430.836 -44.702
5431.853 -45.192
5432.870 -44.173
5433.887 -42.754
5434.905 -41.139
5435.922 -39.145
5436.939 -37.740
5437.956 -37.075
5438.973 -36.497
5439.990 -35.916
5441.007 -34.894
5442.024 -34.375
5443.040 -34.734
5444.057 -35.520
5445.074 -36.464
5446.091 -37.763
5447.108 -39.820
5448.126 -42.059
5449.143 -43.764
5450.160 -45.687
5451.177 -47.437
5452.194 -49.109
5453.211 -48.805
5454.228 -47.631
5455.246 -45.445
5456.263 -42.732
5457.280 -39.980
5458.296 -37.406
5459.313 -34.268
5460.331 -30.998
5461.347 -28.085
5462.365 -25.256
5463.382 -23.858
5464.399 -24.692
5465.416 -25.982
5466.434 -27.525
5467.451 -28.503
5468.469 -29.582
5469.486 -30.888
5470.503 -32.234
5471.521 -33.342
5472.538 -34.889
5473.555 -36.690
5474.572 -37.752
5475.590 -38.623
5476.607 -39.351
5477.624 -38.117
5478.641 -37.194
5479.659 -35.950
5480.675 -34.809
5481.695 -33.689
5482.712 -33.051
5483.729 -32.717
5484.746 -33.957
5485.764 -35.087
5486.781 -36.491
5487.799 -37.932
5488.816 -39.354
5489.832 -41.791
5490.849 -44.515
5491.867 -46.989
5492.884 -48.792
5493.901 -50.438
5494.918 -51.626
5495.935 -51.439
5496.953 -50.839
5497.970 -49.631
5498.988 -49.076
5500.004 -49.984
5501.021 -51.287
5502.038 -53.577
5503.056 -55.813
5504.074 -57.976
5505.091 -58.815
5506.108 -58.520
5507.125 -56.392
5508.143 -52.644
5509.160 -49.281
5510.177 -45.929
5511.195 -42.107
5512.212 -38.607
5513.229 -35.087
5514.247 -33.029
5515.263 -31.587
5516.281 -30.185
5517.298 -31.298
5518.316 -33.643
5519.333 -36.039
5520.350 -38.436
5521.368 -40.825
5522.385 -41.360
5523.403 -41.553
5524.420 -41.549
5525.437 -38.764
5526.454 -35.704
5527.472 -32.750
5528.488 -29.830
5529.505 -26.271
5530.523 -23.215
5531.540 -19.998
5532.557 -16.889
5533.574 -18.019
5534.591 -19.154
5535.608 -23.434
5536.626 -27.770
5537.644 -32.008
5538.660 -36.069
5539.678 -39.322
5540.695 -42.945
5541.713 -47.395
5542.730 -51.881
5543.748 -56.326
5544.765 -60.192
5545.782 -64.181
5546.799 -68.060
5547.816 -70.727
5548.833 -73.190
5549.851 -75.297
5550.868 -76.234
5551.885 -75.706
5552.903 -74.989
5553.920 -73.138
5554.937 -70.715
5555.955 -67.306
5556.973 -63.280
5557.990 -59.314
5559.007 -56.413
5560.025 -53.404
5561.042 -50.710
5562.060 -47.511
5563.076 -43.941
5564.094 -40.144
5565.111 -37.705
5566.128 -36.257
5567.145 -35.632
5568.162 -36.789
5569.179 -38.880
5570.197 -40.828
5571.214 -42.373
5572.231 -43.606
5573.248 -44.711
5574.265 -44.582
5575.283 -44.136
5576.300 -43.191
5577.317 -42.059
5578.335 -41.157
5579.352 -40.360
5580.369 -39.606
5581.387 -38.739
5582.405 -37.806
5583.423 -37.179
5584.439 -36.876
5585.454 -37.052
5586.469 -37.224
5587.485 -37.537
5588.501 -37.318
5589.518 -36.852
5590.534 -36.278
5591.552 -36.619
5592.568 -37.037
5593.585 -36.892
5594.602 -36.820
5595.619 -35.538
5596.635 -34.161
5597.652 -33.926
5598.669 -33.546
5599.686 -33.928
5600.704 -33.937
5601.720 -33.740
5602.736 -34.321
5603.753 -36.301
5604.770 -38.177
5605.787 -40.088
5606.804 -41.818
5607.822 -43.027
5608.839 -43.959
5609.856 -44.870
5610.873 -45.969
5611.891 -46.579
5612.908 -46.130
5613.925 -44.999
5614.943 -44.093
5615.959 -42.883
5616.976 -41.598
5617.994 -40.575
5619.011 -39.378
5620.028 -38.203
5621.045 -37.903
5622.062 -39.291
5623.080 -41.202
5624.097 -43.871
5625.114 -46.167
5626.131 -48.271
5627.148 -49.622
5628.165 -50.369
5629.182 -51.182
5630.199 -51.325
5631.216 -51.750
5632.234 -52.181
5633.251 -52.941
5634.268 -53.848
5635.285 -54.750
5636.303 -55.932
5637.319 -57.063
5638.337 -58.374
5639.354 -59.879
5640.371 -61.323
5641.388 -62.813
5642.406 -64.198
5643.422 -65.806
5644.439 -66.047
5645.456 -64.940
5646.473 -63.809
5647.490 -61.866
5648.507 -59.891
5649.524 -57.151
5650.542 -54.155
5651.559 -51.210
5652.577 -47.633
5653.595 -44.700
5654.611 -41.667
5655.629 -40.344
5656.646 -38.897
5657.664 -37.740
5658.681 -38.361
5659.699 -38.832
5660.715 -39.491
5661.733 -40.450
5662.749 -43.360
5663.767 -46.238
5664.784 -48.728
5665.801 -50.138
5666.818 -51.483
5667.836 -52.147
5668.853 -51.153
5669.870 -50.154
5670.887 -48.905
5671.904 -46.641
5672.922 -44.751
5673.939 -43.234
5674.957 -42.392
5675.973 -44.629
5676.990 -47.660
5678.008 -50.900
5679.025 -53.704
5680.042 -56.131
5681.060 -57.309
5682.077 -57.585
5683.093 -56.878
5684.111 -54.893
5685.127 -52.581
5686.144 -49.632
5687.161 -46.530
5688.178 -42.855
5689.194 -38.504
5690.212 -33.738
5691.229 -28.797
5692.246 -25.514
5693.263 -23.037
5694.280 -21.667
5695.298 -20.817
5696.315 -21.675
5697.333 -24.473
5698.350 -27.433
5699.367 -31.348
5700.385 -35.786
5701.402 -40.064
5702.419 -43.627
5703.436 -47.214
5704.453 -50.766
5705.470 -52.540
5706.488 -54.170
5707.505 -54.444
5708.523 -52.181
5709.539 -49.861
5710.556 -47.582
5711.574 -45.043
5712.591 -43.200
5713.608 -43.300
5714.625 -43.153
5715.642 -43.280
5716.660 -43.785
5717.677 -44.368
5718.694 -44.937
5719.712 -45.398
5720.728 -45.743
5721.746 -45.309
5722.762 -44.393
5723.779 -42.735
5724.796 -40.960
5725.813 -39.098
5726.831 -37.499
5727.848 -35.750
5728.865 -33.993
5729.882 -32.307
5730.900 -31.210
5731.917 -30.322
5732.934 -30.390
5733.951 -31.827
5734.968 -33.297
5735.986 -34.706
5737.003 -36.080
5738.021 -37.358
5739.038 -38.731
5740.055 -40.122
5741.073 -42.041
5742.090 -43.977
5743.107 -45.663
5744.124 -46.983
5745.142 -48.519
5746.159 -49.649
5747.176 -49.481
5748.194 -49.096
5749.211 -48.376
5750.228 -47.074
5751.246 -45.042
5752.262 -42.847
5753.279 -40.725
5754.296 -38.435
5755.314 -36.600
5756.331 -35.103
5757.348 -33.793
5758.366 -33.981
5759.383 -34.730
5760.400 -35.395
5761.417 -36.378
5762.435 -37.415
5763.453 -38.370
5764.471 -39.447
5765.489 -39.593
5766.506 -39.592
5767.523 -39.464
5768.538 -37.050
5769.553 -34.506
5770.569 -32.056
5771.586 -29.798
5772.603 -29.283
5773.620 -29.136
5774.637 -33.072
5775.654 -37.925
5776.671 -42.506
5777.688 -47.026
5778.705 -51.488
5779.721 -56.120
5780.739 -59.852
5781.756 -60.263
5782.774 -59.860
5783.790 -56.853
5784.807 -54.444
5785.824 -51.799
5786.841 -48.560
5787.858 -43.991
5788.875 -39.733
5789.893 -37.149
5790.910 -34.332
5791.928 -32.439
5792.945 -32.007
5793.962 -32.041
5794.979 -32.988
5795.997 -33.650
5797.014 -33.494
5798.031 -33.189
5799.048 -33.031
5800.065 -32.775
5801.082 -32.699
5802.100 -33.233
5803.117 -33.531
5804.134 -34.847
5805.151 -36.777
5806.168 -39.268
5807.185 -42.153
5808.202 -44.545
5809.219 -46.988
5810.236 -49.670
5811.251 -52.645
5812.269 -55.580
5813.286 -58.227
5814.304 -60.800
5815.321 -62.790
5816.337 -64.240
5817.355 -65.816
5818.373 -66.325
5819.390 -66.560
5820.407 -65.559
5821.424 -64.052
5822.441 -62.280
5823.459 -58.816
5824.476 -54.429
5825.493 -49.850
5826.511 -46.997
5827.528 -44.404
5828.545 -41.262
5829.562 -38.060
5830.580 -35.597
5831.597 -33.049
5832.614 -30.538
5833.632 -30.047
5834.648 -29.561
5835.666 -29.001
5836.683 -28.576
5837.700 -28.918
5838.717 -30.732
5839.734 -32.713
5840.751 -35.179
5841.769 -37.666
5842.786 -40.183
5843.803 -42.642
5844.821 -44.398
5845.838 -44.355
5846.856 -44.647
5847.873 -44.486
5848.890 -44.194
5849.908 -43.469
5850.925 -42.752
5851.942 -42.285
5852.960 -41.954
5853.977 -41.971
5854.994 -42.141
5856.012 -41.935
5857.029 -41.090
5858.046 -40.604
5859.063 -40.254
5860.081 -39.736
5861.099 -39.770
5862.115 -39.967
5863.133 -40.534
5864.150 -40.895
5865.168 -42.025
5866.185 -44.030
5867.203 -47.074
5868.220 -50.559
5869.238 -53.900
5870.255 -56.698
5871.273 -58.753
5872.290 -59.007
5873.307 -57.327
5874.324 -55.221
5875.342 -51.659
5876.360 -47.599
5877.377 -43.398
5878.394 -40.390
5879.411 -39.589
5880.428 -39.052
5881.445 -38.601
5882.463 -38.360
5883.480 -39.087
5884.498 -39.847
5885.514 -40.595
5886.532 -41.877
5887.549 -44.234
5888.566 -46.551
5889.583 -48.804
5890.600 -50.873
5891.618 -50.300
5892.635 -49.447
5893.652 -47.481
5894.670 -45.401
5895.688 -42.121
5896.705 -38.778
5897.722 -35.964
5898.739 -34.478
5899.756 -32.783
5900.773 -32.023
5901.791 -30.933
5902.808 -29.958
5903.826 -29.310
5904.843 -28.720
5905.860 -28.234
5906.878 -27.826
5907.895 -27.972
5908.912 -28.832
5909.929 -31.113
5910.947 -34.158
5911.964 -37.716
5912.982 -41.572
5913.999 -45.202
5915.016 -48.948
5916.034 -52.574
5917.051 -55.762
5918.068 -57.620
5919.086 -57.959
5920.103 -58.201
5921.120 -57.062
5922.138 -54.743
5923.155 -52.216
5924.172 -48.503
5925.190 -44.389
5926.207 -40.166
5927.224 -37.814
5928.241 -36.469
5929.258 -34.916
5930.275 -34.835
5931.293 -35.557
5932.310 -36.842
5933.327 -38.088
5934.345 -39.285
5935.362 -40.559
5936.380 -41.800
5937.397 -42.994
5938.415 -43.348
5939.432 -43.606
5940.449 -42.192
5941.467 -39.376
5942.484 -36.354
5943.502 -33.918
5944.519 -33.385
5945.537 -32.939
5946.553 -32.778
5947.568 -32.730
5948.583 -32.708
5949.599 -33.520
5950.616 -34.120
5951.633 -34.879
5952.650 -36.810
5953.667 -38.913
5954.684 -41.195
5955.701 -43.257
5956.717 -44.971
5957.735 -46.402
5958.752 -47.395
5959.769 -48.302
5960.786 -48.983
5961.803 -49.935
5962.820 -51.047
5963.836 -53.410
5964.853 -55.670
5965.871 -58.316
5966.888 -60.855
5967.906 -63.835
5968.922 -65.854
5969.939 -67.047
5970.956 -68.366
5971.973 -68.062
5972.990 -65.901
5974.007 -62.551
5975.024 -58.136
5976.041 -54.126
5977.059 -50.997
5978.076 -47.708
5979.093 -44.665
5980.110 -42.191
5981.127 -39.993
5982.144 -38.459
5983.161 -38.020
5984.179 -37.716
5985.196 -37.645
5986.213 -37.868
5987.230 -38.484
5988.247 -39.053
5989.264 -40.294
5990.282 -41.730
5991.298 -44.357
5992.315 -47.369
5993.333 -49.124
5994.350 -49.842
5995.367 -50.385
5996.383 -49.637
5997.400 -48.571
5998.418 -47.303
5999.435 -46.073
6000.452 -44.112
6001.469 -42.078
6002.487 -39.812
6003.504 -37.464
6004.521 -35.187
6005.538 -33.773
6006.555 -32.258
6007.572 -31.658
6008.590 -31.016
6009.607 -32.157
6010.624 -33.467
6011.641 -34.691
6012.658 -37.213
6013.676 -39.406
6014.692 -41.571
6015.709 -43.807
6016.727 -46.089
6017.744 -48.736
6018.761 -51.494
6019.778 -54.075
6020.795 -56.999
6021.813 -58.826
6022.830 -57.226
6023.847 -55.405
6024.864 -52.735
6025.878 -49.928
6026.894 -47.217
6027.911 -44.458
6028.928 -41.676
6029.945 -38.441
6030.962 -34.006
6031.979 -29.927
6032.996 -26.967
6034.014 -25.542
6035.031 -23.806
6036.048 -23.937
6037.066 -26.058
6038.083 -28.117
6039.100 -31.651
6040.118 -36.266
6041.136 -40.982
6042.153 -45.499
6043.170 -48.681
6044.187 -50.848
6045.204 -52.950
6046.223 -55.004
6047.240 -57.119
6048.257 -57.539
6049.274 -57.264
6050.291 -57.053
6051.308 -56.711
6052.326 -54.739
6053.343 -52.069
6054.361 -49.572
6055.378 -48.666
6056.395 -48.219
6057.413 -48.869
6058.431 -49.907
6059.448 -51.302
6060.465 -52.485
6061.483 -53.805
6062.499 -52.844
6063.517 -51.636
6064.535 -48.561
6065.552 -45.352
6066.569 -42.067
6067.586 -39.033
6068.603 -36.303
6069.620 -34.765
6070.638 -33.225
6071.655 -32.742
6072.673 -32.546
6073.690 -34.318
6074.708 -36.147
6075.725 -38.023
6076.742 -39.714
6077.760 -41.597
6078.777 -42.866
6079.794 -43.721
6080.812 -44.531
6081.829 -43.844
6082.847 -43.132
6083.864 -42.716
6084.881 -42.220
6085.898 -42.009
6086.914 -41.862
6087.931 -43.254
6088.948 -45.327
6089.965 -48.597
6090.983 -51.835
6092.000 -55.074
6093.017 -57.868
6094.034 -60.148
6095.051 -62.272
6096.069 -64.406
6097.086 -66.534
6098.104 -67.822
6099.121 -66.757
6100.138 -64.575
6101.155 -61.976
6102.172 -58.982
6103.189 -55.475
6104.206 -51.606
6105.224 -48.217
6106.241 -44.722
6107.259 -41.963
6108.276 -39.426
6109.293 -36.956
6110.310 -34.883
6111.327 -33.432
6112.344 -32.110
6113.362 -31.624
6114.379 -31.385
6115.396 -31.278
6116.413 -32.361
6117.430 -33.704
6118.447 -35.077
6119.465 -36.303
6120.482 -37.482
6121.500 -38.648
6122.517 -38.724
6123.535 -38.549
6124.552 -37.604
6125.569 -36.792
6126.587 -36.784
6127.605 -36.667
6128.621 -37.640
6129.636 -38.665
6130.651 -40.328
6131.667 -42.054
6132.683 -43.772
6133.700 -45.962
6134.716 -47.181
6135.733 -48.789
6136.750 -49.937
6137.767 -50.516
6138.784 -50.795
6139.801 -50.547
6140.818 -50.110
6141.835 -49.533
6142.852 -48.599
6143.869 -47.332
6144.887 -45.979
6145.903 -43.677
6146.920 -41.547
6147.937 -40.263
6148.954 -39.443
6149.971 -39.100
6150.988 -40.394
6152.005 -42.761
6153.022 -45.208
6154.039 -48.240
6155.057 -50.920
6156.074 -53.852
6157.091 -56.000
6158.108 -57.256
6159.125 -56.591
6160.143 -54.531
6161.160 -51.542
6162.177 -48.014
6163.194 -45.164
6164.212 -42.899
6165.229 -41.357
6166.247 -41.023
6167.264 -41.590
6168.281 -42.098
6169.298 -42.202
6170.315 -41.915
6171.333 -41.264
6172.350 -40.089
6173.367 -39.023
6174.384 -37.750
6175.402 -36.351
6176.419 -35.134
6177.436 -33.894
6178.454 -33.115
6179.472 -32.638
6180.490 -32.165
6181.507 -32.143
6182.524 -31.970
6183.541 -32.343
6184.558 -34.266
6185.576 -36.315
6186.592 -37.718
6187.610 -39.012
6188.627 -38.768
6189.645 -38.720
6190.661 -38.949
6191.678 -39.173
6192.696 -39.456
6193.713 -40.357
6194.730 -42.046
6195.747 -43.301
6196.764 -44.386
6197.781 -45.219
6198.799 -43.869
6199.816 -41.427
6200.833 -39.396
6201.851 -37.448
6202.867 -36.072
6203.884 -35.297
6204.901 -34.537
6205.919 -34.642
6206.936 -35.163
6207.953 -35.907
6208.970 -37.455
6209.987 -39.230
6211.005 -40.501
6212.022 -40.929
6213.040 -41.085
6214.057 -41.343
6215.075 -41.888
6216.092 -41.774
6217.110 -41.814
6218.128 -41.549
6219.145 -41.268
6220.162 -41.126
6221.180 -40.589
6222.197 -38.907
6223.214 -36.863
6224.231 -34.519
6225.249 -31.772
6226.266 -31.104
6227.283 -31.539
6228.300 -32.221
6229.317 -34.127
6230.335 -36.427
6231.352 -38.732
6232.370 -41.205
6233.386 -43.734
6234.403 -45.320
6235.421 -46.629
6236.438 -46.317
6237.455 -44.334
6238.472 -42.184
6239.490 -40.163
6240.507 -38.255
6241.525 -36.347
6242.541 -34.590
6243.559 -33.616
6244.576 -32.608
6245.593 -31.661
6246.611 -30.747
6247.628 -29.667
6248.645 -28.753
6249.663 -27.801
6250.679 -24.332
6251.697 -21.006
6252.714 -17.624
6253.731 -14.437
6254.749 -9.848
6255.765 -7.240
6256.782 -5.121
6257.800 -5.675
6258.817 -6.426
6259.835 -8.723
6260.852 -11.854
6261.869 -16.676
6262.886 -20.979
6263.903 -25.188
6264.921 -29.125
6265.938 -33.028
6266.955 -36.724
6267.973 -39.485
6268.990 -42.320
6270.007 -43.807
6271.027 -45.569
6272.043 -46.501
6273.060 -46.509
6274.078 -45.409
6275.095 -42.892
6276.113 -40.431
6277.129 -38.737
6278.147 -36.831
6279.164 -35.251
6280.181 -33.176
6281.198 -31.280
6282.215 -30.201
6283.233 -29.856
6284.250 -30.647
6285.268 -32.094
6286.285 -33.902
6287.302 -35.577
6288.319 -37.110
6289.336 -38.354
6290.353 -39.478
6291.370 -39.916
6292.388 -40.478
6293.405 -40.821
6294.422 -41.108
6295.439 -42.345
6296.457 -43.988
6297.474 -45.209
6298.491 -46.353
6299.508 -47.586
6300.525 -48.805
6301.542 -48.474
6302.560 -47.507
6303.577 -46.044
6304.595 -44.509
6305.612 -43.507
6306.631 -42.760
6307.648 -41.612
6308.665 -40.315
6309.681 -39.084
6310.696 -38.018
6311.711 -38.575
6312.728 -39.090
6313.745 -39.451
6314.761 -39.990
6315.778 -40.758
6316.796 -41.986
6317.813 -43.233
6318.830 -44.108
6319.846 -45.048
6320.864 -46.102
6321.881 -46.555
6322.898 -45.320
6323.915 -43.695
6324.932 -41.138
6325.949 -37.844
6326.966 -35.053
6327.983 -32.240
6329.000 -29.842
6330.017 -28.983
6331.034 -27.964
6332.051 -27.477
6333.068 -27.464
6334.085 -27.846
6335.102 -28.533
6336.119 -29.742
6337.136 -30.290
6338.153 -30.375
6339.170 -30.203
6340.187 -29.784
6341.204 -28.933
6342.222 -28.256
6343.239 -27.974
6344.256 -27.744
6345.273 -28.104
6346.290 -28.690
6347.307 -29.817
6348.323 -31.190
6349.341 -32.740
6350.358 -35.122
6351.376 -37.879
6352.393 -40.636
6353.409 -43.426
6354.426 -44.678
6355.443 -45.588
6356.460 -46.535
6357.478 -45.333
6358.495 -44.108
6359.512 -41.997
6360.529 -40.288
6361.546 -38.736
6362.563 -39.241
6363.579 -40.782
6364.597 -42.443
6365.614 -44.003
6366.631 -45.466
6367.648 -46.889
6368.665 -48.006
6369.683 -48.249
6370.700 -48.339
6371.717 -47.026
6372.734 -44.845
6373.751 -42.909
6374.768 -40.844
6375.786 -38.776
6376.803 -36.906
6377.820 -36.735
6378.838 -37.090
6379.855 -38.521
6380.872 -40.596
6381.889 -42.119
6382.905 -43.070
6383.923 -43.435
6384.940 -42.145
6385.957 -40.804
6386.973 -39.253
6387.991 -37.060
6389.007 -35.181
6390.024 -33.789
6391.041 -33.037
6392.059 -32.913
6393.076 -34.146
6394.093 -36.206
6395.110 -38.360
6396.128 -40.320
6397.146 -42.644
6398.162 -45.266
6399.179 -47.763
6400.196 -49.226
6401.213 -50.107
6402.230 -50.732
6403.248 -50.290
6404.265 -48.614
6405.282 -46.989
6406.299 -45.395
6407.317 -43.787
6408.334 -42.259
6409.352 -40.760
6410.369 -39.384
6411.387 -38.388
6412.404 -37.254
6413.421 -36.434
6414.439 -35.795
6415.456 -35.516
6416.473 -35.245
6417.491 -36.067
6418.507 -37.006
6419.525 -38.864
6420.542 -41.018
6421.559 -42.143
6422.576 -42.575
6423.593 -42.247
6424.611 -41.230
6425.628 -40.372
6426.645 -39.600
6427.661 -39.753
6428.679 -39.893
6429.696 -41.110
6430.714 -42.304
6431.731 -42.917
6432.748 -43.210
6433.766 -43.199
6434.783 -42.647
6435.801 -41.901
6436.818 -41.033
6437.835 -38.999
6438.852 -36.471
6439.869 -33.490
6440.886 -30.911
6441.903 -29.860
6442.920 -29.867
6443.938 -30.485
6444.955 -32.375
6445.972 -34.390
6446.989 -36.814
6448.006 -38.725
6449.023 -40.160
6450.041 -41.656
6451.057 -43.012
6452.075 -44.401
6453.092 -45.442
6454.109 -45.983
6455.127 -46.755
6456.144 -47.459
6457.161 -47.369
6458.178 -46.016
6459.196 -44.176
6460.213 -42.397
6461.230 -40.852
6462.247 -39.898
6463.265 -40.450
6464.281 -41.668
6465.299 -42.971
6466.316 -44.024
6467.334 -44.338
6468.350 -44.276
6469.368 -44.221
6470.384 -44.098
6471.403 -42.871
6472.420 -41.473
6473.438 -40.234
6474.456 -37.920
6475.473 -35.304
6476.490 -33.038
6477.508 -31.007
6478.525 -29.743
6479.542 -30.439
6480.560 -31.334
6481.577 -32.785
6482.594 -34.051
6483.611 -35.484
6484.628 -37.052
6485.646 -39.172
6486.663 -41.075
6487.680 -42.097
6488.697 -42.213
6489.715 -42.085
6490.732 -40.241
6491.750 -38.356
6492.766 -36.144
6493.781 -34.024
6494.797 -32.679
6495.812 -31.689
6496.828 -30.564
6497.844 -29.569
6498.861 -29.768
6499.877 -30.341
6500.894 -31.424
6501.911 -34.241
6502.927 -38.134
6503.944 -41.924
6504.962 -44.224
6505.978 -45.430
6506.995 -46.271
6508.012 -46.875
6509.029 -47.330
6510.047 -46.298
6511.065 -45.064
6512.082 -43.235
6513.099 -41.134
6514.117 -39.551
6515.134 -37.863
6516.151 -36.379
6517.169 -34.729
6518.186 -33.160
6519.203 -32.283
6520.220 -32.047
6521.237 -32.697
6522.254 -34.227
6523.271 -36.401
6524.288 -39.081
6525.306 -41.716
6526.322 -44.542
6527.339 -47.438
6528.357 -49.471
6529.373 -51.119
6530.391 -52.068
6531.407 -52.646
6532.425 -53.113
6533.441 -53.615
6534.458 -54.506
6535.475 -55.551
6536.493 -56.576
6537.510 -57.600
6538.527 -59.345
6539.545 -61.213
6540.562 -62.445
6541.579 -62.370
6542.596 -62.146
6543.613 -60.568
6544.630 -59.042
6545.648 -56.464
6546.665 -53.299
6547.681 -50.034
6548.698 -46.279
6549.715 -42.387
6550.731 -39.529
6551.749 -36.640
6552.765 -34.161
6553.782 -34.301
6554.799 -34.655
6555.816 -36.042
6556.833 -37.597
6557.850 -39.150
6558.867 -40.852
6559.884 -42.177
6560.901 -43.071
6561.918 -43.274
6562.935 -42.412
6563.952 -40.967
6564.969 -39.137
6565.986 -36.823
6567.003 -34.350
6568.019 -32.058
6569.036 -29.410
6570.054 -28.436
6571.071 -29.046
6572.088 -30.982
6573.105 -34.700
6574.124 -38.682
6575.141 -42.583
6576.158 -45.946
6577.175 -48.081
6578.192 -49.612
6579.210 -50.175
6580.227 -50.078
6581.244 -49.736
6582.261 -49.016
6583.278 -48.296
6584.295 -47.626
6585.312 -46.830
6586.329 -45.483
6587.346 -43.990
6588.363 -43.222
6589.380 -42.381
6590.397 -41.364
6591.415 -40.417
6592.432 -40.254
6593.450 -39.994
6594.467 -40.906
6595.484 -42.016
6596.501 -43.579
6597.518 -45.141
6598.536 -46.341
6599.553 -47.639
6600.570 -47.429
6601.587 -45.738
6602.605 -43.107
6603.622 -40.479
6604.640 -38.036
6605.657 -35.857
6606.674 -34.992
6607.691 -34.024
6608.709 -33.196
6609.726 -31.989
6610.742 -29.599
6611.760 -27.279
6612.777 -24.645
6613.794 -21.981
6614.811 -18.729
6615.828 -15.648
6616.846 -12.466
6617.863 -9.496
6618.880 -6.707
6619.897 -4.859
6620.915 -3.573
6621.932 -2.077
6622.949 -2.278
6623.967 -1.992
6624.984 -2.248
6626.001 -3.148
6627.018 -5.280
6628.035 -7.197
6629.053 -9.464
6630.070 -12.561
6631.087 -16.243
6632.105 -19.178
6633.121 -21.595
6634.138 -24.299
6635.156 -27.346
6636.172 -30.736
6637.189 -33.982
6638.206 -36.824
6639.224 -39.445
6640.241 -41.910
6641.258 -44.253
6642.276 -46.302
6643.293 -47.862
6644.311 -49.346
6645.329 -50.959
6646.346 -51.609
6647.364 -51.876
6648.381 -49.740
6649.398 -47.016
6650.415 -43.147
6651.433 -39.869
6652.450 -37.695
6653.466 -35.548
6654.484 -33.426
6655.501 -32.716
6656.518 -32.060
6657.535 -32.887
6658.552 -33.932
6659.570 -34.878
6660.587 -36.736
6661.604 -38.724
6662.621 -40.557
6663.639 -42.279
6664.656 -44.050
6665.674 -45.400
6666.691 -45.614
6667.709 -45.714
6668.726 -45.768
6669.743 -45.409
6670.761 -44.565
6671.778 -42.505
6672.795 -40.298
6673.813 -39.039
6674.830 -38.012
6675.846 -36.840
6676.861 -35.845
6677.877 -35.154
6678.894 -35.296
6679.910 -36.202
6680.927 -38.121
6681.944 -40.881
6682.961 -43.934
6683.978 -46.410
6684.994 -49.485
6686.011 -52.066
6687.029 -53.945
6688.046 -55.224
6689.062 -56.458
6690.079 -57.172
6691.096 -57.245
6692.113 -56.855
6693.130 -56.232
6694.147 -54.994
6695.164 -53.863
6696.181 -52.657
6697.198 -51.132
6698.215 -49.795
6699.232 -48.779
6700.249 -47.635
6701.266 -46.678
6702.283 -45.642
6703.300 -44.374
6704.318 -42.836
6705.335 -40.942
6706.353 -38.878
6707.370 -36.662
6708.387 -34.461
6709.404 -32.189
6710.421 -31.244
6711.438 -31.867
6712.456 -32.645
6713.473 -33.630
6714.490 -34.637
6715.507 -37.514
6716.524 -40.438
6717.541 -43.207
6718.559 -45.812
6719.575 -48.251
6720.593 -50.937
6721.610 -53.854
6722.627 -58.142
6723.644 -62.648
6724.661 -67.047
6725.678 -70.786
6726.696 -69.842
6727.713 -67.353
6728.729 -64.764
6729.747 -61.847
6730.764 -59.127
6731.780 -56.158
6732.798 -53.289
6733.815 -50.521
6734.832 -47.863
6735.850 -45.373
6736.866 -42.899
6737.884 -40.365
6738.901 -38.956
6739.919 -39.825
6740.936 -41.797
6741.953 -45.081
6742.970 -49.126
6743.987 -54.004
6745.004 -58.285
6746.021 -61.485
6747.038 -64.501
6748.056 -66.208
6749.073 -66.755
6750.091 -65.156
6751.107 -62.010
6752.125 -57.927
6753.142 -53.094
6754.159 -48.017
6755.176 -43.070
6756.194 -38.278
6757.211 -33.598
6758.229 -30.515
6759.246 -29.023
6760.263 -27.672
6761.280 -26.729
6762.298 -26.252
6763.315 -27.428
6764.332 -29.141
6765.350 -32.377
6766.367 -35.174
6767.384 -37.761
6768.402 -40.505
6769.421 -44.883
6770.437 -49.467
6771.455 -54.175
6772.472 -56.007
6773.489 -54.994
6774.507 -53.643
6775.524 -51.025
6776.542 -48.236
6777.559 -45.685
6778.576 -43.546
6779.593 -41.346
6780.610 -39.539
6781.628 -37.583
6782.645 -36.013
6783.662 -34.663
6784.680 -34.478
6785.697 -33.783
6786.714 -33.514
6787.732 -33.324
6788.749 -33.196
6789.766 -32.908
6790.783 -32.313
6791.801 -32.004
6792.817 -31.331
6793.834 -30.527
6794.851 -30.028
6795.869 -29.941
6796.886 -31.415
6797.903 -33.378
6798.921 -36.412
6799.938 -39.139
6800.957 -42.240
6801.974 -45.347
6802.991 -47.382
6804.008 -48.457
6805.026 -48.449
6806.043 -47.367
6807.060 -46.109
6808.078 -44.150
6809.095 -41.540
6810.112 -38.684
6811.129 -35.860
6812.147 -33.892
6813.165 -32.294
6814.182 -31.589
6815.199 -31.103
6816.217 -30.553
6817.233 -30.158
6818.250 -31.549
6819.267 -33.903
6820.285 -37.451
6821.303 -41.106
6822.320 -44.944
6823.337 -48.587
6824.355 -50.235
6825.372 -51.350
6826.390 -52.493
6827.407 -52.269
6828.425 -51.204
6829.442 -49.978
6830.459 -47.852
6831.477 -45.462
6832.494 -42.453
6833.511 -39.485
6834.528 -36.238
6835.546 -32.734
6836.563 -29.451
6837.580 -27.190
6838.598 -26.739
6839.616 -26.122
6840.633 -25.754
6841.650 -25.715
6842.668 -25.848
6843.685 -26.789
6844.703 -27.882
6845.720 -29.782
6846.737 -31.581
6847.754 -34.750
6848.772 -37.897
6849.789 -41.107
6850.806 -44.094
6851.824 -46.191
6852.842 -47.701
6853.859 -49.157
6854.875 -50.911
6855.890 -52.022
6856.906 -52.221
6857.922 -52.529
6858.939 -52.297
6859.955 -49.451
6860.973 -45.590
6861.989 -42.337
6863.007 -39.758
6864.024 -36.076
6865.041 -32.615
6866.057 -30.253
6867.075 -27.672
6868.092 -24.781
6869.109 -22.432
6870.126 -20.464
6871.143 -19.295
6872.160 -17.943
6873.176 -17.673
6874.192 -20.261
6875.210 -23.656
6876.226 -27.385
6877.243 -31.339
6878.260 -35.054
6879.278 -38.740
6880.295 -42.032
6881.312 -44.909
6882.329 -47.572
6883.346 -48.359
6884.363 -48.776
6885.380 -49.312
6886.397 -49.535
6887.414 -46.203
6888.432 -41.559
6889.448 -36.845
6890.465 -32.279
6891.483 -30.092
6892.500 -31.123
6893.517 -32.313
6894.534 -35.854
6895.552 -39.477
6896.569 -43.406
6897.586 -47.302
6898.603 -49.846
6899.620 -52.369
6900.637 -54.801
6901.655 -54.893
6902.672 -52.669
6903.689 -50.408
6904.706 -48.197
6905.723 -47.806
6906.740 -49.147
6907.756 -50.768
6908.774 -53.513
6909.791 -56.354
6910.809 -58.996
6911.825 -62.105
6912.842 -66.473
6913.859 -70.325
6914.877 -73.160
6915.894 -76.650
6916.911 -79.591
6917.928 -81.121
6918.945 -82.003
6919.962 -81.439
6920.979 -81.046
6921.997 -80.344
6923.015 -79.766
6924.032 -78.974
6925.050 -78.139
6926.067 -77.088
6927.084 -76.103
6928.102 -74.686
6929.119 -73.101
6930.136 -71.387
6931.154 -69.194
6932.171 -66.971
6933.188 -64.925
6934.205 -61.590
6935.221 -57.286
6936.239 -52.714
6937.255 -48.273
6938.272 -45.306
6939.290 -42.782
6940.307 -40.288
6941.324 -38.330
6942.341 -36.548
6943.358 -38.409
6944.376 -41.161
6945.393 -44.808
6946.411 -48.494
6947.428 -52.393
6948.446 -55.759
6949.463 -58.619
6950.481 -58.856
6951.498 -59.060
6952.516 -56.479
6953.533 -53.559
6954.550 -49.199
6955.567 -46.704
6956.585 -44.152
6957.602 -41.749
6958.618 -37.841
6959.635 -33.990
6960.652 -32.142
6961.670 -30.485
6962.687 -29.218
6963.704 -30.637
6964.722 -32.454
6965.739 -36.043
6966.756 -39.544
6967.773 -42.740
6968.789 -44.624
6969.807 -46.095
6970.825 -47.362
6971.843 -47.620
6972.860 -47.728
6973.878 -47.739
6974.894 -46.792
6975.911 -45.973
6976.928 -44.856
6977.946 -44.032
6978.963 -43.297
6979.980 -42.408
6980.997 -42.717
6982.015 -45.194
6983.032 -47.389
6984.049 -50.325
6985.067 -54.009
6986.084 -57.627
6987.101 -61.210
6988.118 -65.040
6989.136 -66.829
6990.152 -67.412
6991.171 -67.659
6992.187 -68.164
6993.205 -66.898
6994.222 -64.385
6995.240 -61.580
6996.257 -58.721
6997.275 -55.866
6998.292 -53.106
6999.310 -50.251
7000.327 -47.213
7001.344 -44.185
7002.362 -41.391
7003.379 -38.343
7004.397 -35.187
7005.415 -32.141
7006.432 -29.021
7007.450 -26.268
7008.467 -23.618
7009.484 -20.708
7010.502 -17.914
7011.519 -15.337
7012.537 -15.617
7013.554 -15.961
7014.572 -18.492
7015.589 -21.281
7016.606 -26.100
7017.624 -30.828
7018.641 -35.476
7019.658 -39.557
7020.676 -43.509
7021.693 -46.768
7022.711 -50.044
7023.728 -53.220
7024.745 -56.591
7025.762 -60.499
7026.780 -64.661
7027.797 -68.105
7028.813 -71.519
7029.831 -74.440
7030.848 -77.157
7031.866 -79.404
7032.883 -81.717
7033.900 -83.656
7034.916 -84.186
7035.931 -84.650
7036.947 -84.258
7037.963 -82.325
7038.980 -80.553
7039.996 -77.561
7041.014 -73.195
7042.031 -69.757
7043.048 -67.343
7044.065 -63.689
7045.082 -58.744
7046.099 -55.184
7047.115 -52.711
7048.132 -49.502
7049.149 -46.135
7050.166 -42.840
7051.183 -39.938
7052.201 -37.443
7053.218 -36.340
7054.235 -35.747
7055.251 -35.792
7056.268 -36.092
7057.285 -36.366
7058.302 -37.056
7059.319 -38.059
7060.336 -38.917
7061.353 -39.558
7062.371 -40.812
7063.388 -42.020
7064.405 -43.418
7065.422 -44.889
7066.439 -45.845
7067.457 -47.023
7068.474 -48.305
7069.491 -49.439
7070.508 -50.294
7071.525 -51.045
7072.542 -52.932
7073.558 -54.766
7074.576 -56.608
7075.593 -56.197
7076.609 -55.559
7077.626 -53.246
7078.643 -49.993
7079.661 -46.746
7080.678 -43.631
7081.694 -40.844
7082.711 -39.391
7083.728 -38.226
7084.744 -37.846
7085.762 -37.661
7086.779 -37.909
7087.796 -38.593
7088.813 -39.889
7089.830 -41.887
7090.847 -44.551
7091.865 -46.554
7092.882 -47.256
7093.900 -46.193
7094.917 -43.765
7095.934 -41.079
7096.951 -38.617
7097.969 -36.041
7098.986 -33.241
7100.004 -30.154
7101.020 -27.024
7102.038 -24.369
7103.055 -23.208
7104.072 -23.295
7105.089 -23.476
7106.106 -23.478
7107.124 -25.126
7108.141 -28.053
7109.158 -31.273
7110.176 -33.987
7111.193 -36.715
7112.211 -39.465
7113.228 -42.321
7114.245 -46.277
7115.262 -50.347
7116.279 -54.339
7117.297 -57.906
7118.314 -61.266
7119.332 -64.472
7120.348 -66.882
7121.366 -68.965
7122.384 -68.902
7123.401 -68.135
7124.418 -65.498
7125.435 -61.304
7126.452 -56.988
7127.470 -52.669
7128.487 -48.361
7129.504 -44.585
7130.521 -40.705
7131.538 -38.467
7132.555 -36.328
