0.000 -165.387
0.115 -169.939
0.232 -191.993
0.348 -213.342
0.465 -255.475
0.582 -288.037
0.699 -316.882
0.816 -198.354
0.933 -93.881
1.050 11.802
1.166 51.765
1.284 81.371
1.401 4.478
1.518 -100.275
1.635 -169.682
1.752 -234.457
1.869 -291.263
1.986 -331.864
2.104 -359.620
2.220 -400.741
2.337 -446.264
2.455 -475.006
2.572 -489.484
2.689 -516.525
2.806 -457.169
2.923 -480.416
3.039 -522.307
3.156 -553.617
3.273 -583.995
3.390 -608.156
3.508 -628.240
3.625 -645.272
3.742 -658.199
3.859 -654.542
3.976 -640.170
4.093 -625.697
4.210 -611.285
4.327 -596.948
4.444 -582.514
4.561 -568.077
4.678 -553.629
4.795 -539.198
4.912 -532.651
5.028 -526.756
5.145 -520.887
5.262 -514.993
5.379 -509.153
5.496 -450.173
5.613 -390.532
5.730 -330.887
5.846 -241.584
5.963 -158.049
6.080 -314.846
6.197 -444.147
6.314 -442.098
6.431 -424.607
6.548 -394.219
6.664 -389.116
6.781 -365.817
6.899 -349.586
7.015 -311.891
7.132 -258.365
7.250 -199.992
7.367 -136.074
7.484 -83.714
7.601 -42.048
7.717 -147.587
7.834 -212.195
7.952 -345.587
8.069 -432.669
8.185 -554.611
8.303 -568.485
8.420 -627.512
8.536 -629.045
8.653 -708.336
8.771 -713.566
8.887 -781.970
9.003 -761.715
9.119 -756.508
9.236 -774.654
9.353 -815.836
9.470 -796.067
9.587 -811.949
9.704 -934.888
9.822 -1097.987
9.939 -1054.237
10.056 -1059.101
10.173 -1069.173
10.289 -1031.970
10.406 -1052.056
10.523 -1056.042
10.640 -1050.953
10.757 -1030.855
10.874 -964.848
10.991 -963.347
11.107 -944.644
11.224 -948.406
11.341 -919.005
11.458 -718.908
12.474 -719.303
13.491 -812.323
14.508 -524.380
15.525 -2094.027
16.543 -2829.897
17.560 -2679.719
18.577 -1169.013
19.594 -827.398
20.612 -808.994
21.629 -290.436
22.647 -327.068
23.664 -455.364
24.681 -264.640
25.698 -279.527
26.715 -346.072
27.733 387.493
28.749 844.789
29.766 869.765
30.784 175.110
31.801 -220.266
32.819 -170.836
33.837 -295.191
34.853 -323.474
35.870 -904.555
36.888 -340.798
37.905 -793.640
38.923 -1233.283
39.941 -1206.762
40.958 -660.526
41.974 -685.332
42.991 -1990.517
44.009 -1720.615
45.026 -1100.391
46.044 -916.078
47.061 -845.689
48.078 -803.046
49.096 -906.070
50.113 488.669
51.131 200.512
52.148 43.497
53.165 -811.751
54.182 -1065.791
55.200 -936.603
56.217 -1408.512
57.234 -1907.588
58.251 -479.714
59.268 -242.272
60.285 -69.735
61.303 -75.286
62.320 65.309
63.337 -215.776
64.354 -321.801
65.371 -247.010
66.388 -290.038
67.405 142.677
68.422 430.350
69.440 137.368
70.457 -47.860
71.475 -245.092
72.492 -300.736
73.509 -314.795
74.526 -486.206
75.543 -609.053
76.560 -537.626
77.577 -332.927
78.595 -368.645
79.612 -594.213
80.629 -344.617
81.646 -403.203
82.663 -199.510
83.680 -302.317
84.697 -242.401
85.715 -386.995
86.732 381.765
87.749 1564.846
88.768 321.794
89.785 -505.115
90.802 -506.016
91.818 -350.532
92.833 -446.793
93.849 -308.872
94.865 -286.256
95.881 -277.398
96.898 -204.474
97.915 -413.939
98.932 -593.656
99.950 -487.453
100.966 -581.527
101.983 -115.163
103.001 -1389.657
104.017 -2381.250
105.034 588.455
106.051 615.753
107.068 -387.183
108.085 -791.172
109.101 -628.229
110.118 -1010.134
111.136 -380.936
112.153 -39.410
113.170 55.217
114.188 139.348
115.205 -391.557
116.222 -638.745
117.239 -360.235
118.257 -368.216
119.273 -644.388
120.290 -582.507
121.307 -785.283
122.325 -297.778
123.343 158.173
124.361 483.855
125.377 636.147
126.395 229.931
127.412 -1095.882
128.429 -1417.241
129.446 -1653.592
130.463 -1640.769
131.480 -897.777
132.497 -647.730
133.514 167.762
134.531 262.503
135.547 282.495
136.564 1206.724
137.582 1192.348
138.599 258.921
139.615 -571.873
140.633 -326.690
141.650 -72.722
142.667 924.457
143.685 770.458
144.702 178.740
145.719 -61.736
146.736 -549.569
147.754 -387.045
148.771 -348.092
149.788 -341.227
150.805 -523.280
151.822 -440.675
152.840 -454.032
153.857 -60.566
154.875 9.308
155.892 -339.717
156.909 -461.827
157.926 -512.311
158.943 -457.817
159.961 -415.741
160.977 -350.358
161.994 -477.154
163.012 -533.043
164.029 -304.347
165.046 -174.360
166.064 13.208
167.080 -996.080
168.097 -662.718
169.114 -273.088
170.131 -255.298
171.149 205.833
172.166 -20.261
173.185 -257.046
174.202 -438.063
175.219 -569.032
176.236 -640.906
177.253 -753.174
178.270 -874.609
179.288 -918.588
180.305 -844.967
181.323 -940.833
182.340 -1062.246
183.357 -1084.452
184.374 -193.820
185.391 187.780
186.408 48.130
187.426 -125.389
188.443 -78.498
189.460 -243.034
190.477 -199.345
191.494 -223.457
192.511 -190.421
193.529 -256.306
194.546 -298.957
195.563 -466.307
196.581 -397.628
197.598 -324.932
198.615 -165.224
199.632 -85.913
200.649 126.782
201.667 -134.883
202.684 -682.347
203.701 -962.984
204.718 -846.648
205.736 -51.724
206.753 -586.173
207.770 -815.354
208.787 -1645.673
209.804 -922.304
210.820 -548.651
211.838 -246.404
212.856 -122.230
213.873 632.228
214.890 891.474
215.907 899.565
216.924 744.628
217.941 810.452
218.958 830.455
219.975 789.448
220.992 980.419
222.009 827.992
223.027 -43.683
224.044 -334.798
225.061 28.048
226.079 168.273
227.096 236.906
228.113 -57.335
229.130 -5.416
230.147 -309.422
231.164 -964.045
232.181 -890.609
233.198 -8.105
234.215 -251.387
235.233 -71.888
236.249 141.290
237.267 730.437
238.284 784.679
239.301 -143.073
240.319 -602.141
241.336 -783.522
242.353 -552.453
243.370 -241.725
244.387 -231.836
245.404 -459.857
246.422 -647.574
247.440 -488.696
248.458 -920.556
249.475 -928.060
250.492 -1355.510
251.509 -1518.954
252.526 -1717.759
253.543 -1112.608
254.561 -886.445
255.577 -635.917
256.594 -166.994
257.612 -238.979
258.629 -180.173
259.645 -185.593
260.663 -471.057
261.680 -476.077
262.697 -629.597
263.714 -577.051
264.732 -535.808
265.749 -566.984
266.766 -573.171
267.783 -553.605
268.801 -395.578
269.818 -516.496
270.836 -103.729
271.853 507.362
272.869 749.320
273.884 365.254
274.900 -297.156
275.916 -273.874
276.932 -533.218
277.949 -886.284
278.966 -960.279
279.983 -1217.480
281.000 -1220.385
282.017 -1207.711
283.034 -874.749
284.051 -690.132
285.067 -195.513
286.084 -42.606
287.101 115.717
288.118 24.857
289.135 203.635
290.152 -746.168
291.169 -972.651
292.186 -718.393
293.203 -681.438
294.220 -480.996
295.237 -461.435
296.255 -284.254
297.272 187.670
298.289 833.346
299.306 960.034
300.322 1090.956
301.339 1004.899
302.357 398.446
303.374 -996.719
304.391 -707.952
305.409 -450.680
306.425 -343.933
307.442 -380.937
308.459 -964.190
309.476 -1558.098
310.493 -1675.081
311.510 -684.064
312.528 -293.752
313.544 231.110
314.561 -479.104
315.578 -748.998
316.596 -468.392
317.613 -317.106
318.630 -521.155
319.647 -583.536
320.665 -648.565
321.682 -539.230
322.700 -360.616
323.717 -104.992
324.733 -175.796
325.751 -620.787
326.768 -1087.264
327.785 -1698.401
328.803 -2038.778
329.819 -2188.665
330.836 -2353.441
331.853 -2547.762
332.870 -2388.101
333.888 -1500.170
334.904 -990.616
335.921 -735.066
336.938 -569.890
337.955 -729.066
338.973 -540.197
339.990 -231.165
341.008 147.368
342.025 -167.489
343.043 386.233
344.060 745.058
345.077 448.599
346.094 876.850
347.111 871.502
348.128 333.387
349.145 74.383
350.163 -139.026
351.180 -323.036
352.197 -229.633
353.214 -240.282
354.231 -259.414
355.249 -347.786
356.266 -235.938
357.283 -379.269
358.300 -462.518
359.317 -642.253
360.335 -3790.971
361.352 -5762.461
362.370 -2579.521
363.387 -363.632
364.404 620.610
365.421 691.068
366.439 1359.110
367.456 2011.645
368.473 676.927
369.490 69.029
370.508 -384.513
371.525 -904.607
372.541 -1464.944
373.555 -1106.836
374.572 -1192.504
375.588 -1121.049
376.606 -140.565
377.623 150.524
378.641 -429.798
379.658 -1045.907
380.676 -1023.292
381.694 -1136.801
382.711 -1033.823
383.727 -1304.026
384.742 -1666.507
385.758 -1825.796
386.774 -1376.257
387.790 -1033.526
388.807 -302.869
389.824 -225.870
390.841 -106.987
391.858 -102.313
392.875 -246.499
393.892 -677.979
394.909 165.888
395.926 -445.542
396.943 -562.854
397.960 -347.247
398.977 -247.775
399.994 -728.253
401.011 -340.642
402.028 -273.935
403.045 212.081
404.062 373.294
405.079 300.289
406.097 70.540
407.114 19.142
408.131 -123.141
409.148 -56.705
410.166 -466.184
411.183 -842.690
412.200 -877.370
413.217 -769.180
414.233 239.966
415.250 317.357
416.268 -140.560
417.285 -155.741
418.303 -140.314
419.320 230.068
420.336 -376.779
421.354 65.479
422.371 410.202
423.388 350.919
424.406 169.358
425.423 -351.279
426.440 -620.152
427.456 -493.445
428.474 -446.364
429.491 -674.158
430.508 -596.390
431.526 -252.354
432.543 -177.495
433.560 -182.514
434.577 -268.299
435.595 -240.715
436.612 33.332
437.629 -195.080
438.646 -556.120
439.663 -657.941
440.681 -633.096
441.698 -182.249
442.715 -120.379
443.732 -130.929
444.749 -56.650
445.766 -157.597
446.783 -138.816
447.800 -76.249
448.818 -5.617
449.835 89.533
450.852 -131.645
451.870 -406.744
452.887 -561.251
453.904 -411.839
454.921 -470.970
455.938 -515.571
456.955 -616.446
457.972 -542.115
458.989 -530.629
460.006 -658.525
461.024 -553.958
462.041 -614.983
463.058 -541.814
464.076 -353.987
465.092 9.664
466.110 -122.360
467.127 -603.699
468.144 -405.801
469.161 192.143
470.178 666.623
471.196 465.854
472.214 179.267
473.231 -160.723
474.248 -543.472
475.266 -872.014
476.283 -569.061
477.300 -417.572
478.317 -394.151
479.334 -364.931
480.352 -431.928
481.369 -698.383
482.386 -1158.433
483.403 -1064.043
484.421 -937.317
485.438 -873.886
486.456 -668.918
487.473 -616.434
488.490 -262.380
489.507 477.686
490.525 52.566
491.543 -414.059
492.560 -1020.181
493.577 -303.254
494.593 212.869
495.610 -214.023
496.628 -233.255
497.645 62.453
498.662 81.294
499.680 -605.362
500.697 -712.486
501.714 -715.879
502.731 -588.807
503.749 -480.203
504.766 -434.288
505.782 -182.077
506.799 58.211
507.816 71.628
508.833 171.170
509.850 -8.127
510.868 210.288
511.885 37.095
512.903 281.915
513.920 95.972
514.937 255.844
515.954 208.218
516.971 -1791.661
517.988 -2533.912
519.006 -2268.863
520.023 -1207.342
521.041 -810.847
522.058 -1531.922
523.074 -1014.631
524.092 -67.622
525.109 306.458
526.127 321.406
527.144 344.928
528.161 527.524
529.179 142.943
530.196 -240.549
531.213 -606.362
532.231 -64.674
533.248 -71.723
534.265 -144.371
535.282 -681.081
536.299 -308.323
537.316 -361.342
538.333 -1012.810
539.350 -521.502
540.367 -315.964
541.384 -360.300
542.401 -610.123
543.419 -434.415
544.437 -588.519
545.455 -556.178
546.472 -670.795
547.489 -485.863
548.506 -567.143
549.524 -598.781
550.541 -712.981
551.559 -855.861
552.576 -580.661
553.593 -426.875
554.610 71.462
555.627 270.453
556.644 222.383
557.662 417.092
558.679 319.844
559.696 444.052
560.714 -31.265
561.732 -393.549
562.749 -521.622
563.764 -574.905
564.779 -656.603
565.795 -922.249
566.811 -983.805
567.828 -1268.411
568.845 -848.194
569.862 71.924
570.879 552.642
571.896 592.060
572.913 541.518
573.930 301.345
574.947 -41.547
575.964 -228.019
576.980 1070.352
577.998 734.685
579.015 105.536
580.033 -597.074
581.050 -244.809
582.066 -136.606
583.083 -260.815
584.100 -256.449
585.118 -508.708
586.135 -663.270
587.152 -863.875
588.169 -740.683
589.186 -626.232
590.203 -486.899
591.221 -106.565
592.238 -281.377
593.255 -547.033
594.272 -310.943
595.290 2653.846
596.307 1038.823
597.324 521.514
598.341 230.051
599.359 169.562
600.376 186.577
601.394 262.275
602.411 375.704
603.428 634.240
604.445 1195.016
605.463 362.268
606.480 -20.572
607.497 174.104
608.513 100.209
609.531 191.471
610.548 181.470
611.566 364.445
612.583 -357.347
613.600 -804.680
614.618 -128.560
615.635 135.759
616.653 42.249
617.670 113.694
618.687 151.994
619.705 -95.839
620.722 -327.531
621.739 -413.565
622.756 -408.740
623.773 -938.445
624.791 -1073.582
625.807 888.663
626.825 1946.951
627.842 1583.125
628.859 1091.203
629.877 805.454
630.894 685.647
631.911 675.503
632.928 -76.741
633.945 -608.592
634.963 -655.122
635.980 -383.119
636.997 -403.921
638.013 -401.697
639.027 -34.696
640.044 118.384
641.061 -184.393
642.078 -339.464
643.095 36.071
644.112 83.083
645.129 -2969.647
646.147 -4005.259
647.164 -932.894
648.182 -166.556
649.199 -1540.809
650.217 -2092.335
651.234 -1829.291
652.250 -1326.209
653.268 -1119.311
654.285 -922.712
655.302 -354.498
656.319 30.638
657.336 -58.492
658.353 -227.259
659.371 113.781
660.388 -288.712
661.405 -537.759
662.423 -271.944
663.440 -206.692
664.457 -552.263
665.474 -891.783
666.491 -784.676
667.508 -417.284
668.526 -390.625
669.543 -375.823
670.560 -442.689
671.576 -602.275
672.593 -532.780
673.610 -875.392
674.627 -922.008
675.645 -903.474
676.662 -484.951
677.679 -478.487
678.697 -306.405
679.714 10.356
680.730 -559.713
681.748 -788.782
682.765 -785.207
683.783 -369.879
684.800 -1014.990
685.817 -841.163
686.834 -1074.897
687.851 -737.097
688.868 -972.642
689.886 -1019.237
690.903 -818.805
691.922 -796.599
692.939 -898.278
693.956 -903.537
694.973 -448.826
695.990 119.674
697.008 845.705
698.025 1397.075
699.042 1439.210
700.059 1388.772
701.076 1401.456
702.094 421.508
703.112 -278.226
704.129 -305.509
705.147 -512.128
706.164 -223.083
707.180 -428.676
708.197 -4.733
709.215 103.746
710.232 -326.978
711.250 -392.264
712.267 -512.621
713.284 -495.625
714.301 -438.064
715.319 -742.419
716.336 -321.133
717.354 200.201
718.371 -140.308
719.388 457.094
720.405 279.599
721.423 -51.660
722.440 -184.971
723.457 -150.305
724.475 -162.602
725.492 -322.136
726.509 -256.971
727.526 60.228
728.544 353.963
729.561 257.783
730.578 104.473
731.595 -331.926
732.612 -87.737
733.629 -22.952
734.646 -23.182
735.664 -110.890
736.681 -436.445
737.698 -574.395
738.715 -592.326
739.732 -708.822
740.750 -958.780
741.767 -1560.399
742.784 -512.309
743.801 -25.170
744.818 -187.515
745.836 -232.489
746.852 -176.181
747.869 -133.163
748.887 -254.296
749.904 -289.125
750.922 329.747
751.940 141.339
752.956 -483.356
753.971 -389.302
754.986 -164.966
756.002 -297.609
757.019 -138.382
758.035 -203.725
759.052 -224.869
760.069 -283.901
761.086 -380.578
762.102 -368.334
763.119 25.690
764.136 213.091
765.153 370.936
766.170 428.971
767.187 -244.480
768.204 -624.413
769.221 -657.218
770.238 -637.448
771.255 -521.564
772.272 -280.581
773.289 -1411.390
774.306 -1907.748
775.323 -2233.779
776.341 -2052.739
777.357 -2025.727
778.374 -1154.068
779.392 -391.805
780.409 -65.303
781.426 -1107.053
782.443 -1412.789
783.460 -1429.757
784.477 -1349.538
785.494 -1327.744
786.511 -592.597
787.528 -242.605
788.545 54.581
789.562 9.378
790.579 -212.599
791.597 -306.793
792.614 -159.541
793.630 -503.420
794.648 -476.487
795.666 18.282
796.683 309.450
797.700 205.893
798.717 586.619
799.735 573.960
800.752 -347.109
801.770 -894.211
802.787 -104.563
803.804 348.634
804.822 -470.945
805.839 -869.646
806.855 -1095.664
807.872 -747.342
808.890 -767.934
809.907 -897.060
810.925 -595.303
811.942 -1392.059
812.959 -659.496
813.976 -423.850
814.994 -109.719
816.011 -81.515
817.029 -85.078
818.047 -0.573
819.064 -319.688
820.079 -119.254
821.094 -110.687
822.110 95.194
823.127 447.766
824.144 64.158
825.161 -21.237
826.178 -303.954
827.195 -342.229
828.212 122.492
829.229 -51.371
830.246 -159.102
831.263 -234.646
832.280 -318.354
833.297 -221.185
834.314 -594.490
835.331 -1006.383
836.349 -1128.931
837.366 -1140.770
838.383 -533.991
839.400 -562.456
840.417 -685.552
841.434 -671.933
842.451 1445.933
843.468 483.516
844.485 -1585.985
845.503 -2352.283
846.520 -2439.347
847.537 -2648.306
848.554 -1195.387
849.572 -666.779
850.589 -364.426
851.606 -280.889
852.623 -248.560
853.641 -44.978
854.658 224.037
855.675 -502.520
856.692 -776.285
857.710 -369.928
858.727 -125.759
859.744 -532.727
860.761 -890.113
861.778 -709.271
862.795 -344.165
863.812 134.917
864.830 -32.851
865.847 -306.420
866.863 -426.921
867.880 -657.736
868.897 -576.694
869.914 -617.700
870.931 -263.680
871.948 89.743
872.965 251.558
873.982 -581.318
875.000 -1256.639
876.016 -1211.235
877.034 -1456.882
878.051 -1222.889
879.069 -1246.103
880.086 -1296.213
881.102 -1045.833
882.119 -105.020
883.137 137.941
884.153 -927.110
885.170 -1365.797
886.187 -1423.582
887.204 -1179.560
888.221 -1159.853
889.238 -1342.265
890.255 -1688.712
891.272 -1568.837
892.289 126.949
893.306 644.263
894.323 800.107
895.339 -1252.441
896.356 -154.631
897.374 1432.522
898.390 2164.520
899.407 2374.059
900.425 2191.440
901.442 2175.292
902.459 2268.631
903.476 2278.945
904.491 2212.084
905.508 2111.892
906.526 1979.739
907.542 1685.783
908.559 1.703
909.576 -685.479
910.592 -264.614
911.610 1073.482
912.627 1541.468
913.644 945.690
914.661 -21.744
915.679 -356.871
916.696 -370.082
917.712 -328.429
918.730 169.736
919.747 236.958
920.763 -280.364
921.781 -96.880
922.798 32.079
923.815 206.326
924.832 394.839
925.850 96.143
926.867 137.348
927.884 115.844
928.901 43.120
929.918 153.525
930.935 284.025
931.952 223.823
932.969 84.701
933.986 -132.422
935.004 -63.482
936.020 -136.588
937.034 -3.951
938.052 33.285
939.069 336.254
940.086 444.604
941.103 575.931
942.121 478.033
943.138 378.819
944.155 159.414
945.173 -855.753
946.190 -477.538
947.207 -431.559
948.224 -794.170
949.241 -528.303
950.259 -327.684
951.276 -197.666
952.292 -330.787
953.309 -638.177
954.327 -758.119
955.344 -842.180
956.361 -790.296
957.378 -957.992
958.395 -932.348
959.412 -911.097
960.430 -977.456
961.447 -906.718
962.465 -616.862
963.482 -284.421
964.499 84.796
965.515 -60.688
966.533 -331.209
967.550 -467.756
968.567 -11.250
969.585 -111.492
970.602 -207.960
971.619 -75.401
972.637 -261.335
973.655 -271.569
974.672 89.257
975.689 -14.662
976.706 -334.114
977.724 -358.732
978.741 -489.806
979.759 -524.095
980.776 -478.169
981.793 -324.180
982.810 -357.826
983.827 -350.627
984.843 -271.762
985.860 -125.552
986.877 -434.433
987.894 -375.895
988.911 -676.148
989.929 -836.194
990.946 -1499.156
991.963 -1421.443
992.979 -128.912
993.997 -149.060
995.014 -80.590
996.032 -146.334
997.048 -124.833
998.065 -339.225
999.083 -384.205
1000.100 -389.588
1001.117 -377.149
1002.134 -866.900
1003.151 -365.754
1004.168 -218.333
1005.186 -816.466
1006.203 -1794.594
1007.220 -1895.971
1008.237 -829.910
1009.254 -1317.750
1010.272 -929.991
1011.290 -575.078
1012.307 -519.182
1013.325 -309.483
1014.342 216.135
1015.359 206.838
1016.376 -80.266
1017.393 -220.331
1018.410 -209.759
1019.427 -262.981
1020.444 -40.007
1021.461 -399.766
1022.479 -590.842
1023.496 -688.632
1024.513 -679.715
1025.530 347.785
1026.547 1606.241
1027.564 2130.766
1028.582 468.193
1029.598 94.330
1030.615 -319.266
1031.632 -319.265
1032.650 -469.402
1033.666 -553.383
1034.683 -507.675
1035.700 83.624
1036.717 498.664
1037.734 28.958
1038.751 980.312
1039.768 1393.827
1040.785 1229.102
1041.803 1034.397
1042.820 1097.855
1043.837 172.280
1044.854 -883.284
1045.871 -1390.764
1046.889 -1564.828
1047.907 -1595.480
1048.924 -1847.231
1049.942 -1599.735
1050.960 -568.371
1051.977 -296.265
1052.995 -363.700
1054.012 550.504
1055.029 1034.674
1056.046 273.608
1057.063 -0.678
1058.080 -111.869
1059.098 -279.773
1060.115 -207.876
1061.132 -247.663
1062.149 -549.059
1063.166 -647.277
1064.182 -417.512
1065.200 -172.559
1066.218 -93.395
1067.235 1971.944
1068.251 3550.359
1069.268 3588.792
1070.285 1801.890
1071.303 403.619
1072.320 133.106
1073.337 106.233
1074.354 198.376
1075.371 697.281
1076.388 47.132
1077.406 -278.249
1078.423 -233.594
1079.439 -361.306
1080.457 -467.233
1081.474 -525.590
1082.492 -190.118
1083.509 -102.862
1084.526 -67.747
1085.543 -7.639
1086.560 -29.701
1087.578 -258.095
1088.594 -155.787
1089.611 -599.008
1090.629 -515.799
1091.646 -1163.544
1092.663 -877.107
1093.680 -785.327
1094.697 146.385
1095.714 294.739
1096.732 -177.522
1097.750 -244.326
1098.768 -372.620
1099.785 2665.667
1100.802 3630.017
1101.819 1230.171
1102.836 404.337
1103.853 -412.737
1104.870 -696.507
1105.888 -954.168
1106.905 -470.286
1107.922 -330.792
1108.939 -558.961
1109.956 -555.421
1110.973 -739.101
1111.990 -741.398
1113.007 -824.917
1114.024 -611.695
1115.041 -184.805
1116.058 -88.399
1117.076 -2592.832
1118.094 -3423.938
1119.111 -1868.095
1120.128 -1204.738
1121.146 -581.642
1122.164 -1197.512
1123.181 -1463.104
1124.198 -536.672
1125.215 -348.273
1126.232 312.200
1127.249 -454.081
1128.267 -409.248
1129.284 -685.039
1130.302 -379.662
1131.319 -245.284
1132.336 62.347
1133.354 -532.912
1134.370 -712.133
1135.386 -573.446
1136.402 -231.141
1137.419 -276.972
1138.436 -792.671
1139.454 -1681.720
1140.471 -1774.338
1141.488 -448.268
1142.505 -150.159
1143.522 -434.150
1144.539 -825.660
1145.557 -821.710
1146.574 -588.501
1147.591 -686.257
1148.608 -642.683
1149.625 -1107.178
1150.642 -521.575
1151.659 -101.043
1152.676 -147.195
1153.693 -175.364
1154.710 -451.484
1155.727 -225.586
1156.744 -337.341
1157.762 -260.255
1158.781 -360.195
1159.798 -440.463
1160.815 -461.817
1161.832 -476.775
1162.848 176.585
1163.865 412.994
1164.882 710.640
1165.899 427.593
1166.916 275.518
1167.933 242.969
1168.951 423.910
1169.968 390.878
1170.985 -210.965
1172.002 -331.543
1173.019 -225.816
1174.036 -365.111
1175.053 -325.475
1176.070 -349.302
1177.087 -316.499
1178.104 314.748
1179.121 719.918
1180.138 792.951
1181.156 141.339
1182.173 -113.851
1183.191 1744.180
1184.208 2770.111
1185.225 1877.388
1186.241 804.988
1187.259 -459.903
1188.276 -33.027
1189.293 669.787
1190.310 930.124
1191.328 863.428
1192.345 475.106
1193.362 -860.562
1194.379 -1223.516
1195.396 -1328.605
1196.413 -1406.225
1197.431 -1349.039
1198.448 -375.685
1199.465 -488.548
1200.482 -335.775
1201.499 41.574
1202.516 122.521
1203.533 117.822
1204.550 271.422
1205.567 569.141
1206.585 199.738
1207.602 -608.982
1208.619 -835.664
1209.636 -995.700
1210.653 -1161.292
1211.671 -1549.416
1212.688 -1804.212
1213.706 -1774.210
1214.722 -1757.068
1215.739 -1437.782
1216.757 -1169.712
1217.775 -737.532
1218.792 -111.140
1219.809 298.006
1220.826 187.363
1221.843 -299.259
1222.860 -489.886
1223.877 -521.489
1224.894 -443.499
1225.911 -551.898
1226.929 -156.389
1227.946 -162.906
1228.964 -325.084
1229.980 210.631
1230.996 296.033
1232.011 -197.451
1233.027 -722.280
1234.043 -546.909
1235.059 -533.651
1236.077 21.648
1237.094 2765.568
1238.111 3751.202
1239.128 4023.364
1240.145 4151.224
1241.162 4116.615
1242.179 4021.411
1243.196 438.514
1244.213 -1047.294
1245.230 -1361.989
1246.247 -831.197
1247.264 -841.667
1248.281 -498.408
1249.299 -336.567
1250.315 -26.041
1251.328 -283.309
1252.346 -285.840
1253.363 -1171.711
1254.379 -1155.726
1255.396 -2.035
1256.414 352.620
1257.431 541.348
1258.448 -111.853
1259.465 10.459
1260.482 -10.380
1261.499 -148.323
1262.517 -342.474
1263.534 -493.630
1264.551 -697.518
1265.569 14.153
1266.586 507.092
1267.602 15.228
1268.619 76.089
1269.636 -84.917
1270.654 -119.259
1271.671 -137.553
1272.689 -431.155
1273.706 -508.125
1274.723 -418.501
1275.740 -701.295
1276.757 -572.734
1277.774 -264.428
1278.790 -173.267
1279.805 -82.690
1280.823 -261.584
1281.840 -1089.260
1282.857 -811.081
1283.874 -878.541
1284.893 -322.303
1285.910 -227.512
1286.928 -116.968
1287.945 -49.056
1288.962 162.898
1289.980 363.416
1290.997 471.315
1292.014 358.461
1293.032 175.223
1294.049 66.628
1295.067 -196.692
1296.084 -987.204
1297.101 -472.766
1298.118 -362.973
1299.135 -360.591
1300.152 -28.725
1301.169 112.617
1302.186 -236.986
1303.203 -393.937
1304.221 -305.461
1305.238 -199.532
1306.254 -116.146
1307.271 122.662
1308.288 188.188
1309.305 84.395
1310.323 -164.385
1311.340 71.100
1312.357 -79.126
1313.374 85.770
1314.391 -166.900
1315.408 -370.950
1316.425 -2125.034
1317.443 -3978.142
1318.461 -3191.348
1319.477 -2526.720
1320.494 -533.585
1321.511 184.926
1322.529 335.560
1323.546 399.791
1324.564 558.103
1325.581 627.453
1326.598 521.041
1327.616 339.110
1328.633 395.598
1329.650 388.055
1330.667 249.409
1331.685 164.811
1332.703 239.680
1333.720 -105.366
1334.737 -608.139
1335.754 -610.245
1336.771 108.829
1337.789 -391.434
1338.806 -630.433
1339.823 -804.110
1340.840 -775.841
1341.858 -936.391
1342.875 -530.639
1343.893 -68.036
1344.910 12.062
1345.928 160.128
1346.945 121.867
1347.962 108.911
1348.979 133.161
1349.997 -195.380
1351.014 -880.987
1352.031 -1095.846
1353.049 -348.693
1354.066 -4.485
1355.083 -26.649
1356.100 -10.677
1357.118 -119.501
1358.136 -93.681
1359.152 220.147
1360.169 -27.484
1361.186 -13.256
1362.203 570.627
1363.221 718.943
1364.238 237.798
1365.255 170.330
1366.272 121.155
1367.289 75.728
1368.306 155.416
1369.324 -65.922
1370.341 -274.688
1371.358 -278.656
1372.375 331.666
1373.393 586.063
1374.411 796.197
1375.428 883.232
1376.445 -4172.189
1377.460 -4384.637
1378.475 -1363.718
1379.491 -847.820
1380.507 -621.976
1381.524 -338.927
1382.541 -453.844
1383.557 -544.621
1384.574 -466.200
1385.591 103.436
1386.608 708.592
1387.625 609.823
1388.642 -151.240
1389.659 -734.706
1390.676 -856.376
1391.693 -1193.561
1392.710 -731.436
1393.727 -84.094
1394.744 -601.846
1395.761 -599.750
1396.778 -556.856
1397.795 -559.030
1398.812 314.213
1399.829 661.086
1400.846 757.175
1401.864 943.635
1402.881 971.594
1403.898 92.270
1404.915 -236.127
1405.933 -277.508
1406.949 -104.721
1407.966 -244.920
1408.983 -287.076
1410.001 -309.028
1411.018 -36.738
1412.035 -148.904
1413.052 -306.323
1414.069 -184.943
1415.086 -463.011
1416.102 -714.853
1417.120 -545.015
1418.137 -511.333
1419.154 -699.406
1420.171 -714.691
1421.188 -857.117
1422.205 -1506.156
1423.223 -1798.233
1424.240 -2062.360
1425.258 -1798.587
1426.275 -1213.818
1427.292 -1282.965
1428.310 -997.979
1429.328 -983.615
1430.345 -1134.991
1431.362 -1105.594
1432.380 -767.482
1433.397 -395.119
1434.414 265.249
1435.431 1563.588
1436.449 2052.445
1437.466 2295.693
1438.484 2383.786
1439.502 2449.953
1440.519 2206.844
1441.536 1397.920
1442.553 265.313
1443.570 -123.345
1444.587 -82.335
1445.604 39.023
1446.622 1375.619
1447.639 349.139
1448.656 -286.265
1449.673 -626.371
1450.690 -894.193
1451.707 -317.294
1452.725 -229.506
1453.742 -213.870
1454.759 -393.407
1455.776 -1378.359
1456.793 -1562.291
1457.811 -1566.215
1458.828 -1530.248
1459.845 -589.770
1460.862 -962.572
1461.879 -1167.503
1462.896 -1077.572
1463.915 -229.358
1464.932 2.639
1465.950 -47.251
1466.967 -271.245
1467.985 -507.529
1469.001 -428.245
1470.018 -371.804
1471.035 -269.938
1472.052 -127.960
1473.070 128.761
1474.087 29.839
1475.104 -201.577
1476.121 -419.067
1477.138 -744.924
1478.155 -840.254
1479.173 -710.675
1480.190 -690.637
1481.207 346.577
1482.224 617.997
1483.240 285.139
1484.258 38.622
1485.275 -174.462
1486.291 -175.007
1487.309 69.337
1488.326 -155.438
1489.344 -1485.368
1490.360 -550.184
1491.377 -269.563
1492.394 -184.022
1493.412 -14.379
1494.429 -203.309
1495.446 -714.345
1496.463 -871.066
1497.481 -670.761
1498.498 -426.244
1499.515 -226.972
1500.532 -192.493
1501.549 -244.441
1502.566 -339.859
1503.583 -1027.957
1504.600 -610.535
1505.617 -383.635
1506.634 -269.129
1507.651 -192.187
1508.668 748.707
1509.685 -1245.016
1510.702 -1159.790
1511.719 -866.538
1512.736 -330.423
1513.753 -5.896
1514.771 -568.407
1515.788 -846.624
1516.805 -538.667
1517.823 -418.894
1518.840 -596.753
1519.857 -942.991
1520.874 -641.110
1521.891 -1489.889
1522.909 362.385
1523.926 283.968
1524.943 270.613
1525.960 -232.892
1526.977 -489.479
1527.994 -537.561
1529.012 -459.021
1530.029 -584.047
1531.046 -352.712
1532.063 115.797
1533.080 188.858
1534.098 -135.813
1535.115 -249.109
1536.133 -154.547
1537.150 -145.858
1538.167 -46.154
1539.184 -68.411
1540.202 -575.280
1541.219 -630.261
1542.236 -74.160
1543.253 155.117
1544.270 446.623
1545.288 135.109
1546.306 180.461
1547.323 484.079
1548.341 1381.010
1549.358 937.659
1550.375 -84.567
1551.392 -447.723
1552.409 -617.781
1553.427 -639.609
1554.444 -680.898
1555.462 120.296
1556.478 106.703
1557.494 -137.005
1558.509 -576.387
1559.524 -573.064
1560.540 -639.952
1561.557 -1330.357
1562.573 -1335.266
1563.590 -1370.688
1564.607 -1532.391
1565.624 -1421.482
1566.638 -1710.433
1567.655 -638.224
1568.671 659.930
1569.688 1188.673
1570.705 570.279
1571.723 99.297
1572.740 -138.085
1573.757 -432.928
1574.775 54.387
1575.792 101.009
1576.809 269.430
1577.825 206.702
1578.842 -169.531
1579.857 -416.768
1580.874 -181.506
1581.891 343.763
1582.907 453.360
1583.924 -1014.762
1584.941 -1438.389
1585.957 -1649.811
1586.974 -1291.754
1587.991 -501.924
1589.007 -313.506
1590.024 -337.230
1591.041 -763.651
1592.059 -543.022
1593.076 -668.039
1594.093 -537.312
1595.110 -167.684
1596.128 -23.634
1597.145 42.447
1598.162 -122.697
1599.179 -87.527
1600.197 -453.291
1601.214 -381.284
1602.231 -299.820
1603.249 -266.331
1604.266 -426.369
1605.283 -326.150
1606.301 -614.542
1607.318 -608.024
1608.335 -635.377
1609.352 1161.267
1610.370 279.323
1611.387 -278.740
1612.404 -425.178
1613.422 -518.405
1614.439 -537.661
1615.455 -533.514
1616.473 -348.151
1617.490 -404.902
1618.508 -545.164
1619.525 -346.988
1620.542 -52.392
1621.560 -793.772
1622.577 -1291.991
1623.594 -944.239
1624.611 -384.981
1625.628 295.098
1626.646 747.094
1627.663 1065.088
1628.680 950.206
1629.697 1124.986
1630.714 1063.149
1631.731 1379.700
1632.749 1616.567
1633.765 989.016
1634.783 615.183
1635.800 139.894
1636.816 -153.159
1637.834 -298.977
1638.851 -646.274
1639.867 -857.752
1640.884 -241.222
1641.902 -190.509
1642.918 -198.731
1643.936 -161.430
1644.953 -1054.261
1645.971 -45.840
1646.988 463.996
1648.005 414.659
1649.022 982.537
1650.039 481.164
1651.057 -147.143
1652.074 -134.767
1653.091 -193.957
1654.108 -261.908
1655.126 -488.363
1656.143 -445.054
1657.160 -598.369
1658.177 -410.493
1659.194 -267.982
1660.212 -602.354
1661.228 -566.956
1662.245 -420.959
1663.262 -202.063
1664.279 605.412
1665.295 872.641
1666.309 1156.911
1667.326 1189.029
1668.344 1122.412
1669.362 1051.698
1670.379 1128.940
1671.396 522.792
1672.413 -171.605
1673.430 -810.660
1674.447 -972.458
1675.464 -1212.107
1676.481 -1333.065
1677.499 -1416.875
1678.516 -1220.581
1679.532 -1122.870
1680.549 -1125.598
1681.566 333.768
1682.583 1197.792
1683.600 803.208
1684.617 678.259
1685.634 631.353
1686.651 695.403
1687.668 -1214.401
1688.684 -1505.456
1689.702 -1474.284
1690.719 -883.478
1691.737 -372.729
1692.754 -275.981
1693.771 -164.472
1694.788 -74.941
1695.805 18.410
1696.822 -105.947
1697.840 -0.028
1698.857 -59.428
1699.874 14.693
1700.891 847.379
1701.908 316.015
1702.925 207.522
1703.942 -770.363
1704.960 -1189.839
1705.976 -1423.858
1706.993 -1378.884
1708.010 -566.968
1709.028 -367.505
1710.045 -463.538
1711.062 -532.027
1712.079 -517.737
1713.096 -583.823
1714.113 -585.878
1715.131 -571.320
1716.148 -481.629
1717.165 -121.779
1718.182 -213.373
1719.199 6.548
1720.217 8.802
1721.233 273.213
1722.251 416.592
1723.268 1193.502
1724.285 1956.846
1725.303 91.615
1726.320 -1013.479
1727.337 -341.345
1728.354 -898.299
1729.372 -1707.460
1730.389 -2080.472
1731.406 -600.074
1732.423 -318.716
1733.440 76.277
1734.457 235.881
1735.474 485.075
1736.492 340.372
1737.509 254.754
1738.526 371.329
1739.543 -734.468
1740.560 -1073.162
1741.577 -1057.772
1742.595 -1037.124
1743.612 -548.753
1744.630 -242.621
1745.647 -148.010
1746.664 -150.167
1747.681 -164.009
1748.698 -163.136
1749.715 -236.973
1750.733 -703.613
1751.751 -832.066
1752.768 -388.989
1753.784 -131.335
1754.801 -222.584
1755.819 -82.305
1756.836 23.064
1757.853 -92.399
1758.870 -111.083
1759.888 -445.679
1760.905 -572.541
1761.922 -350.033
1762.939 -360.113
1763.957 -331.602
1764.974 -207.576
1765.991 -163.744
1767.008 13.100
1768.025 250.652
1769.043 -373.299
1770.060 -340.675
1771.078 -309.310
1772.095 -209.186
1773.112 -275.917
1774.129 -457.480
1775.146 -414.085
1776.163 -277.286
1777.181 -186.044
1778.198 -144.655
1779.215 -47.695
1780.232 -235.003
1781.248 -422.423
1782.265 -538.121
1783.282 -527.870
1784.300 -733.260
1785.318 -750.557
1786.335 -394.413
1787.352 -367.001
1788.369 -578.807
1789.386 -528.644
1790.403 -1158.527
1791.420 -1165.500
1792.438 -696.466
1793.455 -477.793
1794.472 -752.426
1795.490 -719.609
1796.507 -39.265
1797.525 278.452
1798.542 -141.109
1799.559 85.331
1800.577 194.932
1801.594 61.392
1802.610 -7.611
1803.628 515.664
1804.645 -124.258
1805.662 -577.402
1806.679 -951.041
1807.697 -589.376
1808.714 65.463
1809.731 288.373
1810.748 686.008
1811.765 57.567
1812.782 -303.920
1813.800 -218.997
1814.817 177.887
1815.832 347.609
1816.848 328.456
1817.863 -55.119
1818.880 286.250
1819.896 345.020
1820.913 647.673
1821.930 854.582
1822.947 856.038
1823.964 857.776
1824.981 702.216
1825.998 76.548
1827.015 -292.225
1828.032 -751.745
1829.049 -993.323
1830.066 -943.294
1831.083 -971.627
1832.101 -1205.043
1833.117 -1091.205
1834.134 -913.043
1835.151 -1065.800
1836.168 -799.805
1837.185 -676.407
1838.202 -715.139
1839.219 -117.416
1840.236 147.270
1841.253 -241.676
1842.271 -203.513
1843.287 -236.617
1844.304 -90.291
1845.321 -168.255
1846.338 -858.780
1847.355 -856.640
1848.372 -396.120
1849.390 -297.522
1850.406 -309.469
1851.423 -102.416
1852.440 -145.732
1853.457 -413.475
1854.474 -453.538
1855.491 -361.115
1856.509 -538.278
1857.526 -218.590
1858.543 252.171
1859.560 375.266
1860.577 946.730
1861.594 1466.182
1862.611 562.823
1863.628 39.654
1864.645 -483.044
1865.662 -855.643
1866.679 -585.588
1867.695 -569.924
1868.713 -672.161
1869.730 -725.216
1870.747 -540.795
1871.764 -504.153
1872.782 -423.771
1873.798 -494.827
1874.815 -659.020
1875.832 -722.720
1876.850 -240.327
1877.867 -387.884
1878.883 -278.993
1879.901 -310.430
1880.917 -293.872
1881.935 -206.201
1882.952 -389.691
1883.969 -255.353
1884.986 79.756
1886.004 81.689
1887.021 33.277
1888.038 224.771
1889.056 443.437
1890.073 473.843
1891.090 769.969
1892.108 230.255
1893.125 -1418.294
1894.142 -1986.637
1895.159 -2130.789
1896.176 -2070.246
1897.194 -1457.738
1898.211 -1265.467
1899.228 -836.135
1900.245 -277.100
1901.262 305.128
1902.280 1266.544
1903.297 1417.643
1904.314 1663.976
1905.331 1632.093
1906.347 1690.831
1907.365 1597.598
1908.382 1562.678
1909.399 -679.386
1910.416 -1322.595
1911.434 -607.151
1912.451 -347.441
1913.468 -233.206
1914.485 -205.819
1915.502 -10.909
1916.519 -105.941
1917.536 -251.041
1918.553 -307.115
1919.570 -358.342
1920.588 928.556
1921.605 1588.026
1922.622 589.052
1923.640 146.508
1924.657 -11.498
1925.674 -133.180
1926.691 38.543
1927.708 460.924
1928.725 1362.354
1929.742 303.346
1930.759 -345.211
1931.776 -240.312
1932.794 119.447
1933.811 71.986
1934.828 135.430
1935.845 550.077
1936.862 877.494
1937.880 203.592
1938.897 -445.615
1939.915 -542.488
1940.932 -496.804
1941.949 -1311.799
1942.966 -1147.854
1943.983 15.175
1945.001 -165.009
1946.018 -829.027
1947.035 -1157.439
1948.052 -1162.943
1949.069 -550.860
1950.086 -272.056
1951.104 -553.961
1952.121 -696.291
1953.138 -293.865
1954.156 -75.421
1955.172 -475.069
1956.190 -658.650
1957.207 -54.938
1958.225 540.195
1959.242 -489.395
1960.260 -1537.840
1961.277 -1669.984
1962.293 -1892.508
1963.307 -2087.007
1964.324 -956.241
1965.341 -772.420
1966.358 -816.749
1967.375 -547.594
1968.393 -665.637
1969.410 -1327.700
1970.427 -1232.191
1971.444 -1102.019
1972.461 -937.113
1973.477 -1080.244
1974.495 -678.372
1975.512 -475.187
1976.529 -437.881
1977.547 -432.308
1978.565 -168.658
1979.583 -289.069
1980.600 -671.876
1981.617 -980.657
1982.634 -833.362
1983.651 -733.095
1984.668 -288.140
1985.685 -419.313
1986.702 -114.832
1987.720 177.645
1988.737 420.807
1989.755 474.411
1990.771 -6.759
1991.788 -161.832
1992.805 -180.421
1993.823 18.303
1994.842 -99.315
1995.860 -113.687
1996.876 -40.710
1997.892 -156.519
1998.908 -411.599
1999.924 -294.074
2000.940 -570.897
2001.956 -846.814
2002.974 -1257.846
2003.991 -1953.544
2005.008 -1424.016
2006.025 -268.870
2007.041 -451.116
2008.059 -212.582
2009.076 430.593
2010.093 -765.255
2011.110 261.919
2012.127 160.311
2013.144 -424.138
2014.162 -395.784
2015.179 -474.446
2016.196 -664.449
2017.213 -454.261
2018.230 -349.237
2019.247 -460.383
2020.265 -234.418
2021.281 -480.796
2022.298 -770.301
2023.315 -791.345
2024.333 -779.521
2025.350 -736.278
2026.367 -1138.613
2027.385 -323.051
2028.402 -17.702
2029.419 44.954
2030.436 -14.394
2031.454 97.823
2032.471 555.311
2033.487 619.798
2034.505 57.031
2035.522 -323.716
2036.540 372.030
2037.557 1224.880
2038.574 1357.733
2039.591 1719.124
2040.608 1843.863
2041.625 1226.187
2042.643 866.485
2043.659 642.346
2044.677 702.062
2045.693 285.506
2046.711 149.948
2047.728 -349.175
2048.745 490.369
2049.761 -94.248
2050.778 -427.201
2051.796 -620.597
2052.813 -1024.453
2053.830 -706.660
2054.846 -267.955
2055.863 -592.651
2056.880 -477.928
2057.897 -635.917
2058.914 -616.857
2059.931 -452.977
2060.949 -63.298
2061.966 -130.736
2062.984 87.085
2064.001 -115.019
2065.018 -293.926
2066.035 -1113.336
2067.052 -928.772
2068.070 -236.537
2069.087 -254.672
2070.104 -397.472
2071.121 -340.289
2072.138 -204.490
2073.156 -462.044
2074.173 -697.145
2075.190 -742.504
2076.208 -877.754
2077.225 -691.679
2078.243 -677.657
2079.260 385.616
2080.277 198.339
2081.294 58.484
2082.311 -176.993
2083.329 -367.795
2084.346 -664.356
2085.363 -741.122
2086.379 66.597
2087.396 495.894
2088.414 -57.570
2089.430 -403.669
2090.447 -497.311
2091.464 -549.788
2092.481 16.348
2093.498 -600.146
2094.515 -634.106
2095.532 -629.523
2096.549 -573.375
2097.566 -223.568
2098.583 70.653
2099.600 51.423
2100.617 -485.444
2101.635 -759.188
2102.652 -678.711
2103.669 -838.429
2104.686 -875.760
2105.704 -893.418
2106.721 -1016.502
2107.738 -1074.411
2108.756 -1005.423
2109.773 -927.155
2110.790 -926.863
2111.807 -1029.144
2112.824 -848.929
2113.841 -616.225
2114.859 -4.692
2115.875 2.146
2116.892 215.792
2117.909 251.230
2118.926 235.997
2119.943 -681.181
2120.960 -923.796
2121.978 -1112.891
2122.995 -406.017
2124.012 -409.324
2125.029 -192.289
2126.046 -606.835
2127.064 -272.907
2128.081 -317.513
2129.098 -376.153
2130.116 -215.236
2131.133 -212.946
2132.150 -1446.224
2133.167 -2180.061
2134.184 -2810.587
2135.202 -2884.835
2136.219 -2957.623
2137.235 -3206.635
2138.252 -3116.342
2139.269 -1472.717
2140.287 -773.080
2141.304 -669.134
2142.322 -584.166
2143.339 -679.484
2144.356 -576.945
2145.373 -597.362
2146.390 -124.363
2147.408 58.710
2148.425 30.816
2149.443 124.363
2150.461 222.488
2151.477 571.726
2152.494 284.667
2153.512 -189.385
2154.529 -318.761
2155.546 -481.431
2156.563 -502.192
2157.580 -615.172
2158.597 -93.894
2159.615 251.646
2160.633 494.894
2161.650 -251.656
2162.667 -805.870
2163.684 -781.890
2164.702 -500.268
2165.719 -101.690
2166.736 173.256
2167.753 453.948
2168.771 -553.127
2169.788 -666.332
2170.805 -550.736
2171.822 -463.153
2172.839 -468.375
2173.856 -583.566
2174.874 -185.707
2175.892 -463.001
2176.910 -351.215
2177.925 -96.650
2178.938 -299.667
2179.954 -358.517
2180.969 -493.078
2181.985 -489.864
2183.002 -474.251
2184.019 -596.243
2185.036 -737.508
2186.053 -351.758
2187.069 -198.976
2188.086 -309.700
2189.103 -97.609
2190.120 -138.527
2191.137 -276.525
2192.155 -415.434
2193.172 -595.957
2194.189 -402.470
2195.206 927.963
2196.224 1228.961
2197.240 579.775
2198.257 24.565
2199.274 -112.257
2200.291 -329.707
2201.309 -90.128
2202.326 145.075
2203.343 429.388
2204.360 460.979
2205.377 452.911
2206.395 453.614
2207.412 540.885
2208.429 506.716
2209.446 -359.239
2210.463 -856.174
2211.480 -849.253
2212.497 -726.086
2213.514 -718.045
2214.531 -645.427
2215.549 -3354.650
2216.566 -7344.766
2217.583 -2970.824
2218.601 -1403.129
2219.618 -665.172
2220.635 -429.907
2221.652 -287.952
2222.670 -116.521
2223.687 223.169
2224.704 -461.878
2225.721 -1148.179
2226.739 -981.750
2227.756 -520.270
2228.773 -470.060
2229.791 -505.024
2230.808 -397.708
2231.825 -438.596
2232.842 -536.188
2233.859 -317.829
2234.876 -265.398
2235.892 -254.630
2236.910 -390.531
2237.927 -403.169
2238.944 -331.007
2239.961 -14.057
2240.979 268.108
2241.996 567.454
2243.012 507.456
2244.029 -132.667
2245.047 -317.916
2246.064 -241.144
2247.081 -210.324
2248.098 -128.323
2249.115 -347.203
2250.132 -610.822
2251.150 -1024.813
2252.167 -741.576
2253.184 -336.268
2254.201 342.044
2255.218 -26.713
2256.235 -658.546
2257.253 -696.414
2258.270 -432.578
2259.288 -1500.562
2260.305 -1216.609
2261.322 -648.869
2262.339 -612.591
2263.357 -749.503
2264.374 -588.591
2265.391 -338.734
2266.409 89.561
2267.426 1001.775
2268.445 3153.603
2269.462 3696.913
2270.479 3899.733
2271.497 3658.988
2272.514 1024.292
2273.531 32.759
2274.549 -279.344
2275.566 -647.674
2276.583 -922.554
2277.600 -1968.455
2278.617 -2434.498
2279.635 -1651.553
2280.652 -1571.743
2281.669 -1162.235
2282.686 -505.986
2283.703 -198.215
2284.720 -723.029
2285.738 -1069.002
2286.755 -1151.382
2287.772 -1157.461
2288.790 -956.183
2289.807 -727.530
2290.824 -400.532
2291.842 -799.310
2292.859 -904.061
2293.876 -521.411
2294.893 -468.167
2295.910 -365.139
2296.927 -365.617
2297.944 -320.055
2298.961 -599.796
2299.979 337.392
2300.996 1107.304
2302.012 1090.803
2303.030 -222.323
2304.047 -691.210
2305.063 -1148.128
2306.080 -1214.310
2307.098 -652.399
2308.115 -268.317
2309.132 33.633
2310.148 -398.307
2311.166 -726.096
2312.183 -628.916
2313.200 -246.212
2314.217 -718.600
2315.234 -104.150
2316.250 638.045
2317.267 352.014
2318.284 -472.764
2319.301 -510.157
2320.318 -12.189
2321.335 -53.235
2322.352 -283.078
2323.370 45.665
2324.387 253.833
2325.404 191.767
2326.421 11.760
2327.439 -220.988
2328.456 -254.803
2329.473 22.260
2330.490 176.554
2331.507 302.165
2332.525 292.221
2333.542 243.227
2334.559 92.713
2335.577 96.184
2336.594 364.987
2337.611 -97.345
2338.629 -446.307
2339.646 -695.638
2340.663 -504.301
2341.680 -532.183
2342.697 -49.696
2343.715 230.897
2344.732 259.632
2345.749 240.832
2346.766 81.922
2347.784 -101.891
2348.801 -111.240
2349.818 -1028.080
2350.835 -1463.108
2351.852 -980.135
2352.869 -521.533
2353.886 -224.993
2354.904 -54.460
2355.921 -88.099
2356.938 16.216
2357.955 119.456
2358.970 -221.246
2359.986 -293.996
2361.002 -1151.370
2362.018 -1645.806
2363.035 -131.328
2364.051 404.103
2365.068 74.295
2366.085 -602.315
2367.103 -799.113
2368.120 880.184
2369.137 1427.057
2370.153 1255.607
2371.171 723.781
2372.188 201.034
2373.205 -14.782
2374.222 102.347
2375.239 487.378
2376.256 410.501
2377.273 -289.359
2378.290 -769.487
2379.307 -693.599
2380.324 -957.132
2381.341 -1105.640
2382.359 -466.899
2383.375 -49.254
2384.393 -747.796
2385.410 -1285.528
2386.427 -783.732
2387.444 -468.140
2388.461 49.263
2389.479 6.859
2390.495 -89.916
2391.512 453.945
2392.530 1718.636
2393.547 553.762
2394.565 -244.638
2395.582 -701.000
2396.599 -449.952
2397.616 170.830
2398.634 1628.408
2399.651 496.889
2400.668 284.266
2401.685 423.665
2402.702 480.582
2403.720 113.055
2404.736 -962.042
2405.753 -444.198
2406.771 -344.897
2407.788 -408.040
2408.805 -152.828
2409.822 60.813
2410.839 231.207
2411.856 -17.108
2412.874 143.484
2413.891 241.818
2414.908 466.936
2415.925 -5.452
2416.942 -106.149
2417.960 -264.598
2418.977 -223.571
2419.994 78.731
2421.011 -39.915
2422.028 -145.935
2423.045 -361.142
2424.062 -421.136
2425.079 -538.479
2426.097 -315.482
2427.114 -438.186
2428.131 -436.228
2429.148 -298.325
2430.165 -309.715
2431.183 -1021.628
2432.200 -1962.998
2433.218 -1998.288
2434.234 -973.666
2435.251 -262.293
2436.268 -235.964
2437.285 740.937
2438.303 1568.211
2439.320 483.819
2440.336 -316.918
2441.354 -154.608
2442.371 -372.789
2443.388 -539.999
2444.405 -112.864
2445.423 -19.690
2446.440 -12.096
2447.457 -1585.877
2448.475 -2302.413
2449.492 -2035.103
2450.509 -748.011
2451.526 -1004.147
2452.543 -358.098
2453.560 410.989
2454.577 -73.859
2455.594 -222.794
2456.612 -114.487
2457.629 -254.542
2458.646 -259.460
2459.662 -291.488
2460.676 -178.503
2461.693 83.404
2462.709 -91.346
2463.727 -325.452
2464.744 -408.077
2465.761 -342.277
2466.778 -341.772
2467.795 -326.227
2468.812 -214.525
2469.830 -120.317
2470.847 -966.630
2471.864 -1463.136
2472.881 -1779.993
2473.897 -2059.724
2474.914 -2271.574
2475.931 -2109.093
2476.948 -1065.731
2477.965 -613.843
2478.982 -118.633
2480.000 363.319
2481.017 156.650
2482.034 160.246
2483.051 364.305
2484.068 -109.649
2485.086 -486.327
2486.102 -680.824
2487.120 -701.858
2488.137 -927.804
2489.155 -1254.500
2490.171 -301.780
2491.189 -70.106
2492.206 -442.645
2493.224 -521.277
2494.241 -368.416
2495.258 -541.780
2496.275 -832.476
2497.292 -892.385
2498.310 -1782.163
2499.327 -2152.975
2500.344 -1645.107
2501.361 281.559
2502.378 -46.119
2503.396 308.473
2504.413 86.465
2505.430 -414.914
2506.447 -388.780
2507.464 -340.216
2508.481 -154.272
2509.498 12.194
2510.515 -21.627
2511.533 -130.804
2512.551 -215.507
2513.569 -367.746
2514.586 -565.382
2515.603 -403.096
2516.620 22.603
2517.637 -119.520
2518.654 -782.562
2519.671 -674.281
2520.688 173.567
2521.705 -215.844
2522.722 -532.342
2523.739 -403.708
2524.756 -210.864
2525.773 -151.015
2526.790 -272.025
2527.807 -476.804
2528.825 -612.300
2529.842 -481.568
2530.860 -343.125
2531.877 -249.378
2532.894 252.613
2533.911 288.208
2534.928 -31.665
2535.945 -111.919
2536.963 -291.046
2537.981 -407.511
2538.998 -420.579
2540.014 -242.771
2541.030 -274.363
2542.045 -361.354
2543.062 -158.845
2544.078 11.464
2545.095 -770.137
2546.113 -1166.869
2547.130 -899.875
2548.147 -505.607
2549.164 212.918
2550.182 -157.605
2551.199 -286.963
2552.216 -251.074
2553.233 -249.203
2554.250 -19.339
2555.267 -139.692
2556.284 -65.578
2557.302 -60.623
2558.318 69.655
2559.336 -15.531
2560.353 -532.943
2561.370 162.151
2562.387 319.247
2563.404 211.498
2564.421 344.416
2565.438 256.791
2566.455 511.060
2567.472 -455.903
2568.489 -994.730
2569.507 -1338.796
2570.524 -659.886
2571.541 124.445
2572.558 -68.614
2573.575 -105.618
2574.592 -365.137
2575.610 -336.475
2576.627 -350.228
2577.644 -623.888
2578.661 -442.461
2579.678 -639.415
2580.695 -527.430
2581.713 -567.094
2582.730 -763.681
2583.747 -493.547
2584.764 -408.638
2585.781 -389.170
2586.798 -377.638
2587.815 -642.951
2588.832 -844.692
2589.850 -740.252
2590.867 -720.444
2591.884 -453.743
2592.901 -383.323
2593.918 -453.266
2594.936 -401.915
2595.953 -417.175
2596.970 -695.664
2597.989 -773.996
2599.005 -478.436
2600.022 190.509
2601.039 1040.074
2602.056 1077.596
2603.074 592.435
2604.091 467.433
2605.108 407.739
2606.124 356.156
2607.141 220.421
2608.159 149.129
2609.176 254.420
2610.193 -68.995
2611.210 -210.546
2612.228 -105.716
2613.245 -489.299
2614.262 -183.232
2615.279 -810.039
2616.296 -1854.019
2617.313 -437.215
2618.331 123.848
2619.347 217.298
2620.365 -673.210
2621.383 -1312.357
2622.400 -1162.332
2623.417 -223.729
2624.434 -366.123
2625.451 -661.509
2626.468 -740.042
2627.485 105.246
2628.503 -79.035
2629.520 -28.538
2630.537 -490.102
2631.555 -268.980
2632.570 -296.383
2633.588 -120.583
2634.605 -292.586
2635.622 -606.978
2636.639 -327.822
2637.656 -285.660
2638.674 83.272
2639.691 119.905
2640.709 227.110
2641.726 119.713
2642.743 243.187
2643.759 205.856
2644.777 61.801
2645.794 -54.135
2646.811 4.742
2647.828 77.831
2648.845 7.789
2649.863 -177.670
2650.880 -334.032
2651.898 -339.345
2652.915 -402.928
2653.932 -560.365
2654.949 -660.125
2655.966 -657.101
2656.983 -1145.727
2658.000 -1593.087
2659.017 -1434.761
2660.034 -549.346
2661.052 6.950
2662.068 73.880
2663.086 -855.478
2664.103 -723.052
2665.121 -400.010
2666.138 -483.187
2667.154 -865.313
2668.171 -829.554
2669.189 -746.100
2670.206 509.471
2671.224 966.794
2672.241 404.484
2673.258 -310.067
2674.275 -270.926
2675.292 -365.032
2676.309 -249.957
2677.327 -230.082
2678.343 -129.886
2679.361 -201.478
2680.378 -452.224
2681.396 -322.662
2682.413 196.029
2683.430 917.933
2684.447 973.368
2685.464 -121.967
2686.481 -684.825
2687.499 -1687.729
2688.516 -2023.372
2689.533 -919.995
2690.550 -958.784
2691.567 -876.511
2692.584 -350.118
2693.601 -211.107
2694.617 -540.333
2695.635 -1969.226
2696.652 -2837.863
2697.670 -3085.709
2698.686 -3365.825
2699.703 -2779.823
2700.720 -945.015
2701.737 -453.193
2702.755 -173.425
2703.772 -168.283
2704.789 -114.600
2705.806 -1386.611
2706.823 -1936.948
2707.840 -2187.766
2708.858 -1492.701
2709.875 -1111.645
2710.892 -1978.512
2711.910 -2967.242
2712.927 -3370.590
2713.944 -3087.481
2714.961 -1222.221
2715.978 -544.161
2716.996 -172.939
2718.014 107.013
2719.031 154.368
2720.046 262.074
2721.061 339.881
2722.077 449.485
2723.093 327.271
2724.109 863.159
2725.126 882.388
2726.143 593.660
2727.160 -252.087
2728.178 255.406
2729.195 315.283
2730.213 478.150
2731.229 451.921
2732.246 320.555
2733.263 174.969
2734.280 262.312
2735.297 323.870
2736.314 457.746
2737.331 394.288
2738.348 95.767
2739.365 -136.317
2740.382 -329.055
2741.399 -548.389
2742.415 -347.148
2743.431 -395.910
2744.448 -480.853
2745.466 -362.013
2746.483 137.517
2747.500 461.580
2748.517 543.235
2749.534 -629.822
2750.551 -1267.208
2751.568 -1560.792
2752.584 -1390.971
2753.601 -1015.086
2754.617 -851.868
2755.635 -610.276
2756.652 -667.422
2757.669 -991.599
2758.686 -837.663
2759.703 -875.637
2760.719 -648.084
2761.736 -630.305
2762.753 -521.004
2763.770 -458.664
2764.788 -501.351
2765.806 -637.173
2766.823 -823.734
2767.840 -963.676
2768.857 -837.524
2769.874 -491.458
2770.891 -391.300
2771.908 -570.522
2772.925 -607.652
2773.942 -504.571
2774.960 -438.282
2775.977 -548.677
2776.995 -220.626
2778.012 -367.658
2779.029 -183.018
2780.046 -894.483
2781.063 -449.256
2782.081 -354.231
2783.098 -726.033
2784.115 -1037.661
2785.132 -590.382
2786.150 -750.475
2787.168 -585.476
2788.184 -466.212
2789.201 -319.355
2790.219 -56.106
2791.235 97.624
2792.252 583.909
2793.269 530.151
2794.286 -209.431
2795.303 -1346.453
2796.320 -1503.263
2797.338 -1393.976
2798.355 -1545.730
2799.372 -623.585
2800.390 -261.486
2801.407 379.110
2802.424 -2417.820
2803.442 -2656.949
2804.459 -3128.812
2805.476 -1713.139
2806.493 -942.467
2807.510 -637.743
2808.527 -589.782
2809.544 -552.451
2810.562 -70.239
2811.579 270.367
2812.596 207.366
2813.613 -220.526
2814.630 -169.130
2815.648 33.254
2816.665 11.552
2817.682 326.957
2818.699 1452.276
2819.716 1968.368
2820.733 184.399
2821.750 -128.955
2822.767 -21.128
2823.785 197.731
2824.801 -24.621
2825.818 -445.954
2826.836 -320.605
2827.853 -446.152
2828.871 -323.927
2829.888 -120.924
2830.905 55.917
2831.922 111.696
2832.939 -28.033
2833.956 -321.017
2834.974 -663.926
2835.991 -738.340
2837.009 -777.554
2838.025 -463.394
2839.043 -189.707
2840.060 -142.098
2841.078 -168.142
2842.095 177.501
2843.112 307.709
2844.129 -103.623
2845.146 83.942
2846.164 905.552
2847.181 786.618
2848.198 -46.683
2849.215 -614.687
2850.232 -2054.433
2851.250 -2920.724
2852.266 -3063.671
2853.283 -2722.982
2854.301 -2707.265
2855.318 -2908.875
2856.335 -2808.958
2857.352 -2682.790
2858.369 -2270.328
2859.386 -1488.803
2860.404 -1406.751
2861.421 -1217.572
2862.438 -2424.758
2863.456 -3638.696
2864.473 -4079.222
2865.491 -3052.709
2866.507 -1321.354
2867.524 -753.066
2868.541 -334.700
2869.559 -269.602
2870.576 -216.606
2871.594 -240.050
2872.611 -255.772
2873.628 -274.440
2874.645 -424.493
2875.663 -175.462
2876.680 -13.976
2877.697 122.526
2878.714 -745.197
2879.731 -138.166
2880.749 66.475
2881.766 5.664
2882.783 259.599
2883.801 -1172.799
2884.818 -1505.994
2885.835 -958.516
2886.852 -1137.611
2887.869 -1892.148
2888.886 -2272.602
2889.903 -1205.044
2890.921 -650.950
2891.938 -154.207
2892.956 -71.998
2893.973 -91.799
2894.990 -149.782
2896.007 -175.051
2897.024 -224.549
2898.041 -465.447
2899.059 -503.837
2900.077 427.605
2901.094 442.296
2902.110 14.350
2903.125 -328.109
2904.141 -158.445
2905.158 -157.063
2906.174 -80.566
2907.191 -77.412
2908.208 -71.480
2909.225 -100.211
2910.242 -80.724
2911.258 -79.279
2912.276 66.145
2913.292 -391.715
2914.309 -156.387
2915.327 -94.259
2916.344 72.039
2917.361 188.965
2918.378 269.145
2919.395 140.262
2920.412 25.243
2921.429 -72.274
2922.445 165.524
2923.462 325.689
2924.475 386.299
2925.493 507.355
2926.510 452.807
2927.527 322.315
2928.544 444.473
2929.562 438.498
2930.579 -441.920
2931.596 -1408.752
2932.614 -1643.718
2933.631 -1691.272
2934.647 -1709.884
2935.664 -1428.701
2936.682 -905.901
2937.699 -489.550
2938.716 -383.415
2939.733 -200.438
2940.751 112.131
2941.767 130.668
2942.785 64.480
2943.802 196.663
2944.819 143.579
2945.837 -38.016
2946.854 -97.492
2947.870 -146.759
2948.888 -586.591
2949.905 -760.675
2950.922 -702.729
2951.938 -1065.248
2952.957 -1454.731
2953.974 -1391.514
2954.991 -2356.794
2956.008 -3458.176
2957.025 -3723.753
2958.042 -1417.695
2959.060 296.273
2960.078 125.779
2961.095 -1534.634
2962.111 -1043.803
2963.128 -162.579
2964.146 490.452
2965.163 -416.810
2966.180 -680.696
2967.196 -917.468
2968.213 -712.322
2969.230 -736.552
2970.247 -707.222
2971.264 -486.122
2972.282 -865.366
2973.299 -754.934
2974.316 -510.592
2975.333 -412.231
2976.350 -572.691
2977.368 -393.913
2978.385 -215.589
2979.402 -135.253
2980.420 -146.581
2981.437 -210.853
2982.454 -371.480
2983.471 -613.551
2984.489 -888.367
2985.506 -741.504
2986.524 -672.441
2987.542 -866.811
2988.559 492.549
2989.576 734.723
2990.593 -121.959
2991.611 -621.470
2992.627 -570.565
2993.645 -453.742
2994.662 -687.081
2995.679 -694.712
2996.696 -713.561
2997.713 -888.763
2998.730 -982.039
2999.748 -1135.199
3000.765 -2048.306
3001.782 -1606.937
3002.799 -718.474
3003.816 -326.380
3004.834 -224.039
3005.850 112.122
3006.867 488.469
3007.884 586.201
3008.901 97.641
3009.918 -560.768
3010.935 -801.789
3011.952 -553.975
3012.969 -100.455
3013.987 -217.815
3015.004 -267.015
3016.021 -273.102
3017.038 -265.152
3018.055 -214.799
3019.073 -542.643
3020.090 -626.894
3021.107 -731.002
3022.124 -747.300
3023.141 -716.241
3024.159 -571.328
3025.176 -495.081
3026.193 4.744
3027.210 44.137
3028.227 74.170
3029.245 5.858
3030.262 7.803
3031.278 -116.754
3032.296 -944.734
3033.313 51.830
3034.330 -23.336
3035.348 -59.714
3036.365 -4.958
3037.382 144.290
3038.398 168.207
3039.416 279.509
3040.433 332.101
3041.449 219.718
3042.467 52.104
3043.485 230.021
3044.502 303.899
3045.520 78.225
3046.537 -67.195
3047.554 -504.405
3048.571 -907.479
3049.588 -1480.774
3050.606 -1648.072
3051.623 -770.071
3052.641 -428.883
3053.658 -203.439
3054.675 183.876
3055.691 107.156
3056.708 -290.615
3057.726 56.629
3058.744 -533.361
3059.761 -450.255
3060.776 -648.991
3061.792 -783.468
3062.807 -428.215
3063.823 -715.689
3064.839 -612.991
3065.856 -600.260
3066.873 -416.831
3067.890 189.162
3068.907 -155.549
3069.924 682.828
3070.941 160.649
3071.958 701.809
3072.975 772.684
3073.992 747.735
3075.008 671.128
3076.025 62.692
3077.042 -416.789
3078.059 -523.721
3079.076 -518.343
3080.093 -459.357
3081.109 -472.195
3082.126 -155.088
3083.143 -9.449
3084.160 -333.012
3085.177 -481.631
3086.193 -139.366
3087.210 -402.480
3088.227 -468.498
3089.245 -160.358
3090.261 379.554
3091.279 88.958
3092.296 140.957
3093.313 30.480
3094.330 40.036
3095.347 22.879
3096.364 95.803
3097.381 -115.002
3098.399 -363.228
3099.416 -415.237
3100.433 -818.732
3101.451 -436.370
3102.468 -335.542
3103.486 -568.990
3104.503 -1019.503
3105.520 -1447.746
3106.537 -1749.638
3107.555 -1903.255
3108.571 -2007.119
3109.588 -1369.374
3110.605 846.615
3111.622 1577.124
3112.639 1661.820
3113.656 1732.929
3114.673 1894.293
3115.691 1088.965
3116.708 -359.348
3117.726 -1074.636
3118.743 -352.600
3119.760 -370.049
3120.777 -365.459
3121.794 -133.074
3122.812 -415.843
3123.829 -818.233
3124.846 -1021.756
3125.863 -1073.683
3126.880 -819.749
3127.897 73.831
3128.914 -3978.477
3129.931 -5956.867
3130.948 -2199.290
3131.965 -780.753
3132.982 -579.715
3134.000 -279.000
3135.017 189.753
3136.035 428.674
3137.052 461.884
3138.068 273.972
3139.085 -984.086
3140.102 -1007.471
3141.120 -225.296
3142.137 -323.633
3143.153 -188.518
3144.170 1282.575
3145.187 883.457
3146.205 -70.200
3147.222 -320.491
3148.239 -420.345
3149.256 -1109.418
3150.273 -117.576
3151.290 -411.977
3152.307 -76.476
3153.324 -242.802
3154.341 -836.576
3155.359 -1288.034
3156.376 -1458.286
3157.393 -1378.141
3158.410 -946.175
3159.427 -785.844
3160.444 -587.924
3161.461 -204.746
3162.478 -106.087
3163.495 -175.851
3164.512 238.388
3165.529 220.718
3166.546 148.765
3167.563 365.278
3168.581 35.117
3169.597 -242.395
3170.614 -273.636
3171.632 -269.869
3172.649 -861.305
3173.666 -975.031
3174.684 -816.121
3175.701 -97.696
3176.719 -209.586
3177.735 -274.982
3178.752 -103.031
3179.769 627.022
3180.787 390.777
3181.804 -221.247
3182.821 -399.172
3183.838 -107.633
3184.855 -34.259
3185.872 82.539
3186.890 77.875
3187.907 77.306
3188.923 -80.130
3189.940 -142.116
3190.958 -547.721
3191.975 -645.935
3192.991 -608.734
3194.010 -369.944
3195.026 -151.155
3196.043 -253.126
3197.060 -524.442
3198.077 -402.314
3199.095 -362.369
3200.112 -127.951
3201.129 -288.918
3202.146 -273.270
3203.164 -351.608
3204.182 -203.776
3205.199 -196.084
3206.215 -419.596
3207.232 -290.801
3208.249 -219.491
3209.266 -204.127
3210.283 -326.521
3211.300 -396.855
3212.317 -194.724
3213.335 -281.401
3214.353 -371.229
3215.370 -234.215
3216.387 -464.013
3217.404 -415.711
3218.421 230.313
3219.438 773.261
3220.455 -961.755
3221.473 -2318.464
3222.489 -2336.380
3223.506 -2317.877
3224.524 -1150.965
3225.541 -536.919
3226.558 -359.151
3227.575 -166.455
3228.592 177.892
3229.610 115.320
3230.627 -20.112
3231.645 48.798
3232.662 -205.710
3233.679 -595.475
3234.696 -371.184
3235.714 -450.319
3236.732 -180.744
3237.749 106.589
3238.766 519.020
3239.784 492.038
3240.802 -53.904
3241.819 -231.332
3242.835 -463.715
3243.850 -388.904
3244.865 -200.085
3245.881 -119.640
3246.898 163.741
3247.915 285.948
3248.931 -115.629
3249.948 -407.137
3250.965 -698.116
3251.983 -786.143
3253.000 -995.145
3254.017 -141.016
3255.033 -229.809
3256.050 -792.527
3257.068 -1240.287
3258.085 -1335.274
3259.102 -1039.284
3260.118 -752.568
3261.136 -702.053
3262.153 -624.670
3263.170 -709.050
3264.187 -548.004
3265.205 -571.830
3266.223 -834.161
3267.239 -254.470
3268.256 654.888
3269.274 171.428
3270.291 -141.561
3271.308 -166.868
3272.325 -59.987
3273.342 -93.223
3274.359 -217.758
3275.377 -299.817
3276.394 -156.781
3277.411 -86.680
3278.428 -300.979
3279.445 -338.750
3280.463 -263.983
3281.480 -92.985
3282.497 -146.972
3283.514 -249.841
3284.531 -341.692
3285.548 -243.032
3286.565 -118.862
3287.582 -135.682
3288.599 43.890
3289.616 32.690
3290.633 -284.568
3291.651 -867.911
3292.668 -1030.726
3293.685 -788.044
3294.702 -715.448
3295.719 -3886.808
3296.737 -2041.268
3297.754 -1138.544
3298.771 -813.801
3299.788 -503.788
3300.805 -390.443
3301.823 -276.192
3302.840 -161.259
3303.857 840.171
3304.875 642.414
3305.892 -40.815
3306.909 -448.838
3307.925 -256.033
3308.942 -595.593
3309.959 -361.386
3310.977 -330.034
3311.994 -586.529
3313.012 -686.858
3314.029 -835.575
3315.046 -698.083
3316.063 -653.530
3317.080 -620.489
3318.097 -1017.557
3319.114 -614.060
3320.132 -421.019
3321.148 -375.194
3322.162 -371.243
3323.179 -151.790
3324.196 -322.636
3325.214 -607.917
3326.231 -717.236
3327.248 -649.132
3328.265 -638.032
3329.282 -428.093
3330.299 -464.541
3331.316 551.120
3332.334 444.457
3333.351 515.927
3334.368 -541.049
3335.385 -1083.215
3336.401 -1095.220
3337.419 -842.854
3338.436 -676.563
3339.453 -661.907
3340.470 -806.963
3341.487 -636.044
3342.504 -540.552
3343.521 -1428.643
3344.539 -1982.638
3345.556 -2459.266
3346.574 -1033.583
3347.591 281.629
3348.608 714.953
3349.626 882.815
3350.643 819.372
3351.660 746.388
3352.677 695.201
3353.694 658.876
3354.711 459.502
3355.728 109.604
3356.745 -156.141
3357.762 -362.051
3358.779 -422.500
3359.796 -568.407
3360.813 -562.924
3361.831 -49.461
3362.849 328.527
3363.866 60.959
3364.883 -61.001
3365.901 -306.466
3366.918 -132.417
3367.934 -204.682
3368.952 -514.616
3369.969 -647.837
3370.987 -511.311
3372.003 -709.310
3373.020 -897.179
3374.038 -808.558
3375.055 -810.561
3376.072 -971.337
3377.089 -1246.194
3378.106 -869.628
3379.123 -476.802
3380.141 67.112
3381.159 233.168
3382.176 225.655
3383.193 13.499
3384.210 -148.124
3385.227 -199.600
3386.245 -246.203
3387.262 138.318
3388.279 1333.367
3389.296 1621.741
3390.314 869.686
3391.332 591.610
3392.348 668.440
3393.366 293.245
3394.384 431.762
3395.401 411.017
3396.418 402.325
3397.436 354.124
3398.453 410.794
3399.470 365.838
3400.488 -9.325
3401.505 -442.079
3402.522 -804.748
3403.539 -731.520
3404.557 -797.147
3405.574 -567.406
3406.591 0.158
3407.608 399.007
3408.625 -545.708
3409.643 -1088.975
3410.660 -977.194
3411.677 -748.169
3412.694 -695.983
3413.711 -226.512
3414.729 854.544
3415.745 836.069
3416.762 -938.562
3417.779 -1783.206
3418.797 -2106.433
3419.814 -2147.375
3420.830 -2014.530
3421.847 -955.627
3422.865 -412.097
3423.883 -265.492
3424.899 -336.769
3425.914 -905.278
3426.930 -1137.654
3427.947 -1259.684
3428.963 -32.873
3429.980 970.556
3430.998 877.791
3432.015 -128.982
3433.032 119.959
3434.049 135.950
3435.067 -272.422
3436.084 -278.433
3437.100 -316.207
3438.117 -159.324
3439.134 433.590
3440.152 537.035
3441.169 488.956
3442.186 -439.973
3443.203 -221.331
3444.220 -331.760
3445.237 -673.234
3446.255 -455.332
3447.272 -511.008
3448.289 -432.721
3449.307 -585.954
3450.324 -475.086
3451.341 -627.991
3452.358 -571.878
3453.375 -700.154
3454.392 -936.659
3455.410 -1018.073
3456.426 -1181.821
3457.443 -958.929
3458.461 -944.402
3459.478 -816.874
3460.495 -610.061
3461.512 -527.877
3462.529 -802.512
3463.547 -571.564
3464.564 -911.032
3465.581 -1031.198
3466.598 -659.276
3467.615 -422.406
3468.632 -243.624
3469.650 -303.761
3470.666 -444.843
3471.680 -624.742
3472.696 -890.361
3473.713 -1220.723
3474.731 -805.499
3475.748 -18.308
3476.765 795.594
3477.782 855.927
3478.799 692.616
3479.816 8.036
3480.833 -145.210
3481.850 -86.105
3482.868 -241.757
3483.885 -131.993
3484.903 -281.414
3485.919 -598.343
3486.936 -541.761
3487.954 -365.041
3488.971 -185.695
3489.988 -83.732
3491.005 -23.334
3492.023 -0.316
3493.040 -252.101
3494.057 93.388
3495.074 280.156
3496.092 359.904
3497.109 2088.521
3498.126 347.852
3499.143 -838.492
3500.160 -1212.190
3501.178 -1568.811
3502.195 -1472.172
3503.212 -621.066
3504.229 -410.547
3505.246 -248.989
3506.263 -150.158
3507.280 -212.537
3508.298 20.003
3509.315 307.865
3510.333 -494.072
3511.350 -940.911
3512.367 -1159.989
3513.384 -1296.457
3514.401 -1624.143
3515.418 -1132.202
3516.436 -920.258
3517.453 -786.456
3518.470 -610.174
3519.488 -779.509
3520.505 -730.798
3521.522 -1393.057
3522.540 -1326.686
3523.557 -1290.099
3524.574 -1053.035
3525.591 -683.986
3526.609 546.119
3527.626 820.267
3528.643 -1082.205
3529.661 -2178.874
3530.678 -1692.650
3531.695 255.509
3532.713 2829.020
3533.730 3537.032
3534.748 2637.280
3535.765 748.813
3536.782 184.952
3537.799 -259.019
3538.816 -556.864
3539.834 -120.626
3540.851 -507.956
3541.868 -1887.663
3542.886 -2318.082
3543.903 -2301.963
3544.920 -1435.846
3545.937 -134.078
3546.955 478.984
3547.972 805.900
3548.989 259.207
3550.006 191.364
3551.023 498.709
3552.040 623.937
3553.058 470.547
3554.075 -1456.375
3555.092 -868.118
3556.109 -506.983
3557.126 21.661
3558.143 -873.041
3559.161 0.553
3560.178 501.825
3561.195 603.334
3562.213 247.653
3563.230 -407.463
3564.247 -513.363
3565.264 -625.077
3566.281 -671.192
3567.298 -160.934
3568.315 277.319
3569.332 426.493
3570.346 421.299
3571.364 373.952
3572.381 341.842
3573.398 352.802
3574.415 267.966
3575.432 482.965
3576.450 -1433.215
3577.467 -2706.311
3578.484 -1164.811
3579.501 -1855.888
3580.518 -698.629
3581.535 -155.930
3582.553 233.836
3583.571 703.027
3584.588 1950.772
3585.605 -763.910
3586.623 -1905.447
3587.640 -2182.262
3588.657 -1130.986
3589.675 -575.687
3590.692 -252.855
3591.709 -175.385
3592.726 -98.299
3593.743 -129.133
3594.761 223.453
3595.778 217.668
3596.795 10.829
3597.812 -454.371
3598.828 -256.284
3599.845 -684.359
3600.862 -1133.901
3601.880 -601.922
3602.898 -735.328
3603.915 -854.792
3604.932 -782.055
3605.947 -1331.037
3606.963 -1743.382
3607.979 -810.922
3608.996 96.889
3610.012 498.175
3611.029 316.401
3612.047 266.553
3613.064 -249.530
3614.081 -239.730
3615.098 -93.356
3616.115 596.063
3617.133 -864.380
3618.149 -1492.612
3619.166 -531.402
3620.184 -619.982
3621.201 -560.448
3622.217 -187.525
3623.234 -318.836
3624.251 -518.231
3625.268 -566.986
3626.285 979.159
3627.302 1774.257
3628.320 2108.755
3629.337 2170.785
3630.354 2368.382
3631.371 1279.206
3632.388 893.503
3633.406 362.379
3634.423 89.949
3635.440 -107.950
3636.457 -232.810
3637.474 -1632.471
3638.491 -2118.351
3639.508 -2287.953
3640.525 -2405.631
3641.542 -2309.980
3642.559 -2401.046
3643.576 -2523.404
3644.593 -2285.493
3645.610 -2253.761
3646.627 -2247.643
3647.644 -815.622
3648.660 -469.597
3649.677 -507.528
3650.695 -486.104
3651.712 -572.817
3652.729 -1826.008
3653.746 -2562.469
3654.763 -1566.631
3655.781 -566.674
3656.798 -8.670
3657.815 229.592
3658.832 160.479
3659.850 -15.064
3660.866 -212.727
3661.883 -544.329
3662.901 -865.199
3663.918 -864.411
3664.935 -782.269
3665.953 -408.722
3666.969 -316.631
3667.987 -308.701
3669.005 -150.021
3670.022 -359.226
3671.039 -573.858
3672.056 -564.407
3673.073 -448.762
3674.091 -711.550
3675.108 -596.084
3676.125 -510.583
3677.142 -287.597
3678.159 -358.521
3679.176 -408.489
3680.193 -508.865
3681.210 -801.991
3682.227 -1074.165
3683.244 -307.085
3684.262 -526.597
3685.279 -537.458
3686.296 -202.570
3687.313 -576.802
3688.331 576.654
3689.349 997.219
3690.366 867.727
3691.382 195.373
3692.400 -52.650
3693.417 58.080
3694.434 -282.932
3695.451 -565.532
3696.468 -458.623
3697.485 -102.948
3698.502 -89.592
3699.519 -103.916
3700.537 -215.281
3701.554 -150.726
3702.571 -308.308
3703.589 -1200.918
3704.605 -1056.176
3705.623 2101.023
3706.639 2686.971
3707.656 1864.154
3708.673 691.954
3709.691 -710.935
3710.708 -1092.053
3711.725 -690.083
3712.742 -554.006
3713.759 -674.132
3714.776 -1198.449
3715.793 -1121.399
3716.810 -692.999
3717.827 -568.154
3718.844 -583.236
3719.861 -554.055
3720.878 -411.446
3721.895 -274.402
3722.913 -329.575
3723.930 -86.538
3724.947 20.779
3725.964 -120.685
3726.981 -63.337
3727.999 8.583
3729.016 -90.146
3730.033 -131.659
3731.049 -475.809
3732.067 -742.923
3733.083 -838.483
3734.100 -753.480
3735.117 -259.829
3736.135 357.864
3737.152 -625.213
3738.169 -850.617
3739.186 -964.258
3740.204 -1012.401
3741.221 -185.021
3742.238 134.593
3743.255 -241.047
3744.273 -768.971
3745.290 -995.394
3746.307 -1091.461
3747.324 -777.343
3748.341 -847.911
3749.359 -913.099
3750.376 -704.683
3751.393 -703.614
3752.411 -68.363
3753.428 155.361
3754.446 -97.802
3755.463 -786.717
3756.480 -1322.634
3757.497 -1439.537
3758.514 -370.317
3759.531 -15.374
3760.548 11.146
3761.565 5.136
3762.582 203.104
3763.600 11.192
3764.616 -69.994
3765.633 -53.019
3766.650 -411.266
3767.668 -1400.704
3768.685 -2144.792
3769.703 -700.855
3770.720 -810.508
3771.737 -1234.809
3772.754 -808.150
3773.772 -455.448
3774.789 -415.135
3775.806 -780.885
3776.823 -1917.202
3777.840 -2577.461
3778.857 -1719.980
3779.875 -373.666
3780.892 501.449
3781.909 72.454
3782.926 205.078
3783.943 406.200
3784.960 25.269
3785.975 343.293
3786.992 -33.883
3788.007 -309.416
3789.022 -438.259
3790.038 215.192
3791.054 523.019
3792.071 127.810
3793.089 -213.857
3794.105 -233.433
3795.122 -179.921
3796.139 351.332
3797.156 1154.014
3798.173 1817.248
3799.190 2000.386
3800.207 820.360
3801.224 -23.316
3802.241 109.388
3803.257 247.528
3804.275 -133.674
3805.292 -392.960
3806.310 -274.528
3807.327 44.559
3808.344 314.793
3809.361 274.239
3810.378 379.661
3811.397 -113.268
3812.414 -460.707
3813.431 -609.696
3814.448 -643.454
3815.465 -718.911
3816.482 -719.762
3817.500 -117.039
3818.517 -26.065
3819.534 94.969
3820.551 142.454
3821.568 -822.481
3822.585 -919.138
3823.602 -714.583
3824.620 -706.503
3825.637 -1240.126
3826.654 -813.594
3827.671 -391.237
3828.688 -158.112
3829.706 -157.737
3830.723 -253.579
3831.739 -709.454
3832.757 -1243.200
3833.774 -751.182
3834.792 -339.349
3835.808 -281.742
3836.825 -392.642
3837.842 -455.455
3838.859 -431.987
3839.877 -652.442
3840.894 -455.457
3841.911 -39.433
3842.928 -105.610
3843.945 -101.891
3844.962 -53.245
3845.979 -39.265
3846.996 -84.347
3848.013 -112.586
3849.030 -52.950
3850.047 86.709
3851.065 -226.655
3852.082 -551.122
3853.099 -567.797
3854.117 -622.418
3855.133 -550.090
3856.151 -461.897
3857.168 -568.415
3858.185 -337.067
3859.203 -415.273
3860.220 -619.301
3861.237 -583.646
3862.253 -423.307
3863.270 -479.045
3864.288 -589.455
3865.305 -305.592
3866.323 -474.646
3867.340 -746.046
3868.356 -533.024
3869.374 -388.486
3870.391 -669.013
3871.408 555.075
3872.425 1174.048
3873.442 -1088.385
3874.460 591.272
3875.477 764.620
3876.494 334.955
3877.511 -32.203
3878.528 -574.538
3879.545 -889.455
3880.562 -997.442
3881.580 -1086.593
3882.596 -715.195
3883.613 -460.387
3884.630 -400.715
3885.647 -297.362
3886.665 -289.619
3887.682 -114.995
3888.699 -66.176
3889.716 -79.128
3890.733 314.145
3891.750 -77.928
3892.767 -85.347
3893.785 -349.951
3894.802 -505.543
3895.819 -465.164
3896.835 -476.544
3897.853 -518.867
3898.870 -599.647
3899.888 -536.078
3900.904 -315.197
3901.921 -181.642
3902.939 -183.310
3903.956 -849.635
3904.973 -1067.091
3905.990 -1287.336
3907.007 -1376.833
3908.024 -1462.407
3909.042 -1117.528
3910.059 -585.365
3911.076 -131.619
3912.093 -182.206
3913.110 -513.712
3914.127 -244.419
3915.144 41.148
3916.161 66.715
3917.177 51.652
3918.194 94.011
3919.211 113.096
3920.230 11.192
3921.247 52.088
3922.264 228.782
3923.281 263.207
3924.299 442.142
3925.316 508.614
3926.334 272.634
3927.351 44.351
3928.368 659.654
3929.385 2276.406
3930.403 3118.393
3931.420 3213.608
3932.437 3217.431
3933.454 1959.774
3934.471 870.649
3935.489 632.203
3936.506 550.119
3937.523 291.917
3938.540 1756.374
3939.557 2483.524
3940.575 2062.682
3941.592 125.362
3942.609 382.421
3943.627 754.654
3944.644 38.633
3945.662 -636.616
3946.679 -732.869
3947.696 -1084.903
3948.713 -251.544
3949.730 427.786
3950.748 -154.237
3951.765 -519.303
3952.782 -488.561
3953.799 -450.791
3954.817 -247.448
3955.834 13.902
3956.852 209.791
3957.869 297.383
3958.886 137.111
3959.903 182.180
3960.920 -239.440
3961.937 -790.151
3962.954 -621.099
3963.971 -438.902
3964.988 -404.389
3966.006 -196.646
3967.024 -304.819
3968.041 -540.843
3969.056 -360.267
3970.072 514.060
3971.087 -1034.816
3972.104 -1908.121
3973.120 -2249.965
3974.137 -2392.849
3975.153 -2493.470
3976.170 -1919.558
3977.187 -56.112
3978.204 296.205
3979.222 -460.105
3980.238 -364.799
3981.255 -272.611
3982.273 -517.351
3983.290 -425.072
3984.308 -294.973
3985.325 -217.727
3986.341 -117.238
3987.358 -117.599
3988.375 -128.479
3989.393 -157.683
3990.410 -287.442
3991.426 -473.458
3992.444 -648.567
3993.461 -682.561
3994.478 -1198.751
3995.495 -1373.157
3996.512 -1379.456
3997.529 -1468.933
3998.546 -1658.380
3999.563 -672.618
4000.580 -493.419
4001.597 -938.068
4002.614 -186.892
4003.632 -795.169
4004.649 -290.714
4005.666 -445.220
4006.683 254.658
4007.700 897.445
4008.717 2287.606
4009.735 -164.463
4010.752 -192.068
4011.769 -1649.082
4012.786 -612.836
4013.803 -512.376
4014.820 -686.816
4015.837 427.545
4016.853 342.339
4017.871 405.173
4018.888 92.801
4019.906 -177.688
4020.923 -232.916
4021.940 -354.873
4022.957 -1071.728
4023.974 -792.394
4024.992 -330.275
4026.009 -218.767
4027.026 -184.627
4028.044 -233.139
4029.062 -416.772
4030.079 -572.373
4031.097 -656.811
4032.114 -840.278
4033.131 -936.134
4034.148 -849.569
4035.165 -437.758
4036.182 -447.953
4037.200 -349.215
4038.217 -495.508
4039.234 -497.629
4040.251 -387.790
4041.268 -87.778
4042.286 -189.998
4043.303 -273.800
4044.320 -325.149
4045.337 -790.921
4046.354 -812.241
4047.372 -437.805
4048.389 -180.901
4049.406 -391.348
4050.423 -586.334
4051.441 -884.855
4052.458 -857.662
4053.475 -911.341
4054.492 -1037.461
4055.510 -830.060
4056.527 -761.180
4057.544 -1744.591
4058.562 -3540.018
4059.579 -4288.924
4060.596 -4529.782
4061.613 -3268.492
4062.630 -1293.455
4063.647 -792.633
4064.664 -1524.236
4065.681 -836.824
4066.698 -492.732
4067.716 -327.604
4068.733 -295.601
4069.750 -760.832
4070.767 -1092.161
4071.784 -1262.397
4072.801 -1340.354
4073.819 -1080.636
4074.836 -918.849
4075.853 -509.070
4076.870 -181.669
4077.887 96.309
4078.904 -49.095
4079.921 -295.434
4080.940 -818.389
4081.957 -761.065
4082.974 -736.066
4083.991 -667.310
4085.007 -458.158
4086.025 -625.701
4087.042 -765.798
4088.060 -1117.813
4089.077 -687.904
4090.094 -810.345
4091.110 -1074.321
4092.127 -1323.647
4093.145 -1569.221
4094.162 -1383.420
4095.178 -1184.765
4096.196 -1302.942
4097.213 -1231.003
4098.230 -984.025
4099.248 -135.613
4100.265 136.007
4101.282 58.976
4102.300 78.859
4103.318 71.956
4104.335 -15.653
4105.352 82.638
4106.369 138.470
4107.386 -237.128
4108.404 -393.795
4109.421 -410.393
4110.439 -490.153
4111.456 -128.377
4112.473 -41.060
4113.490 574.842
4114.507 410.451
4115.524 -417.593
4116.541 -657.321
4117.559 -802.758
4118.576 -812.805
4119.593 -608.783
4120.610 -394.901
4121.626 -203.154
4122.644 124.195
4123.661 190.400
4124.678 -159.660
4125.695 -457.170
4126.712 -483.801
4127.729 -497.759
4128.746 -287.815
4129.763 -257.142
4130.780 -467.650
4131.798 -522.145
4132.815 -721.066
4133.832 -611.222
4134.849 -660.564
4135.867 -321.724
4136.884 -29.711
4137.902 -149.766
4138.919 -46.002
4139.936 241.767
4140.953 323.874
4141.971 292.959
4142.988 -466.427
4144.005 249.689
4145.023 234.037
4146.040 291.306
4147.057 180.898
4148.075 76.859
4149.091 -1.999
4150.106 371.398
4151.121 147.142
4152.137 -427.072
4153.154 -753.585
4154.171 -1084.572
4155.187 -1234.563
4156.205 -1419.314
4157.222 -1227.619
4158.239 -1014.984
4159.256 -1067.718
4160.273 -666.412
4161.290 594.571
4162.307 475.325
4163.325 -1648.246
4164.342 -3385.364
4165.359 -2972.807
4166.376 -1113.872
4167.393 -626.217
4168.410 904.591
4169.427 158.547
4170.444 -196.277
4171.463 -417.357
4172.480 -537.300
4173.497 -496.805
4174.514 -352.951
4175.531 -408.201
4176.548 -298.703
4177.565 -404.881
4178.582 -773.074
4179.599 -391.423
4180.616 -387.999
4181.634 -532.711
4182.651 -303.243
4183.668 -230.921
4184.684 -335.891
4185.702 -423.255
4186.719 -551.025
4187.736 -185.407
4188.753 988.388
4189.770 -282.610
4190.787 -935.288
4191.804 -1416.301
4192.821 295.128
4193.838 784.063
4194.855 959.130
4195.872 -51.911
4196.889 -327.619
4197.906 -290.173
4198.923 94.492
4199.940 810.477
4200.957 972.634
4201.975 875.717
4202.991 -24.514
4204.008 -313.496
4205.025 -506.977
4206.043 -1023.267
4207.060 -1551.457
4208.077 -1376.904
4209.096 -1561.466
4210.113 -1749.438
4211.131 -242.874
4212.148 62.119
4213.164 92.771
4214.182 -172.752
4215.199 -325.346
4216.216 -193.391
4217.233 -383.001
4218.250 -759.774
4219.267 -603.761
4220.284 -560.760
4221.301 -972.185
4222.318 -977.946
4223.336 -1607.358
4224.352 -1909.285
4225.370 -1968.870
4226.387 -2011.005
4227.404 -2057.474
4228.421 -1103.657
4229.438 -821.081
4230.456 -715.701
4231.473 -809.413
4232.490 52.962
4233.507 -143.408
4234.525 -888.637
4235.542 -321.841
4236.559 -1046.514
4237.577 -690.947
4238.594 -467.068
4239.611 -392.112
4240.628 36.936
4241.646 -474.871
4242.663 -912.195
4243.681 151.540
4244.698 486.729
4245.715 -43.538
4246.732 -398.354
4247.750 -114.251
4248.768 -1442.338
4249.785 -1981.546
4250.802 -1394.019
4251.818 -251.950
4252.835 -32.730
4253.853 -23.833
4254.870 21.444
4255.886 -356.592
4256.903 -1034.858
4257.920 -1024.258
4258.937 -480.155
4259.954 7.027
4260.971 -353.402
4261.987 -562.608
4263.004 -284.145
4264.021 -168.321
4265.038 126.741
4266.055 4.633
4267.072 -335.993
4268.089 -906.933
4269.107 -1198.895
4270.124 -1145.818
4271.141 -1105.187
4272.158 4227.620
4273.175 6549.951
4274.193 4156.587
4275.210 1393.690
4276.228 198.182
4277.245 -460.279
4278.262 -360.062
4279.280 -275.619
4280.297 92.694
4281.314 273.396
4282.331 -202.883
4283.349 -183.095
4284.366 -262.403
4285.383 -299.529
4286.400 -20.125
4287.417 181.990
4288.434 73.755
4289.452 545.882
4290.469 474.630
4291.485 91.454
4292.503 -561.642
4293.520 -540.685
4294.537 -645.811
4295.554 -725.735
4296.572 -804.523
4297.589 1016.602
4298.605 884.934
4299.622 258.515
4300.639 -339.169
4301.657 -457.210
4302.675 -653.448
4303.692 -734.019
4304.709 -661.795
4305.726 -1231.353
4306.743 -1330.809
4307.761 -898.331
4308.778 -703.068
4309.795 -457.079
4310.812 -266.355
4311.830 -102.643
4312.847 -312.596
4313.865 -519.949
4314.881 -452.146
4315.898 -765.957
4316.916 -808.509
4317.933 -1008.829
4318.950 -921.759
4319.967 -816.289
4320.985 -991.524
4322.002 -1070.820
4323.019 -138.995
4324.036 151.887
4325.054 125.769
4326.071 -61.721
4327.087 200.563
4328.105 -606.505
4329.123 157.333
4330.139 -285.183
4331.155 -335.266
4332.169 -72.395
4333.184 -96.255
4334.200 -2317.000
4335.217 -3036.602
4336.234 -3352.952
4337.251 -439.098
4338.268 579.513
4339.285 586.613
4340.302 296.697
4341.318 420.978
4342.335 471.349
4343.352 244.529
4344.369 -191.125
4345.386 550.971
4346.403 751.919
4347.420 969.266
4348.437 795.236
4349.455 764.264
4350.472 723.526
4351.488 487.924
4352.506 481.405
4353.522 1472.033
4354.539 213.036
4355.556 -57.621
4356.573 -110.685
4357.590 -123.171
4358.607 122.445
4359.624 169.097
4360.641 228.660
4361.658 150.052
4362.675 631.873
4363.692 1103.659
4364.709 1168.184
4365.726 1110.931
4366.743 1037.124
4367.760 -122.696
4368.777 617.594
4369.794 -998.699
4370.811 -2213.162
4371.828 -2940.013
4372.845 -3070.082
4373.862 -3271.415
4374.879 -3396.419
4375.896 -3356.160
4376.913 -1402.652
4377.930 -656.186
4378.947 -478.739
4379.964 -278.171
4380.982 -243.810
4381.999 1795.531
4383.016 -450.689
4384.033 -1262.935
4385.051 -1658.370
4386.069 -2089.797
4387.086 1110.917
4388.103 2722.539
4389.120 3410.868
4390.137 3636.245
4391.156 3721.244
4392.173 3710.317
4393.190 2034.540
4394.207 1329.198
4395.225 977.206
4396.241 510.971
4397.255 26.412
4398.272 -210.451
4399.289 -307.228
4400.306 -120.278
4401.324 -258.966
4402.341 -138.230
4403.358 -87.075
4404.376 -790.724
4405.393 -1155.295
4406.410 -1368.936
4407.427 -852.555
4408.445 -561.064
4409.462 -238.878
4410.480 43.177
4411.497 152.857
4412.514 -71.955
4413.531 112.869
4414.548 300.778
4415.566 126.766
4416.583 -42.780
4417.599 -138.784
4418.617 -193.579
4419.634 -1178.995
4420.651 -2211.909
4421.668 -2600.740
4422.686 -1414.955
4423.702 -438.517
4424.720 -132.603
4425.736 55.216
4426.754 -171.227
4427.771 -104.462
4428.787 -252.362
4429.804 -676.217
4430.821 -506.328
4431.838 -423.731
4432.856 -374.081
4433.873 -298.189
4434.890 -319.012
4435.907 -279.085
4436.924 -543.229
4437.941 -502.706
4438.958 -621.591
4439.975 -839.919
4440.992 -823.683
4442.009 -627.818
4443.027 -788.178
4444.044 -108.692
4445.061 -596.038
4446.078 390.013
4447.095 -135.595
4448.112 -338.338
4449.130 -100.347
4450.147 81.495
4451.164 743.623
4452.182 914.100
4453.199 444.449
4454.217 -819.192
4455.233 -1338.030
4456.250 -1410.561
4457.267 -1478.486
4458.284 -1573.531
4459.301 -445.288
4460.318 184.649
4461.336 -256.919
4462.353 -410.527
4463.370 -621.355
4464.388 277.155
4465.405 91.780
4466.422 -489.330
4467.439 -820.900
4468.456 -678.659
4469.474 -790.224
4470.491 -1455.457
4471.509 -1723.978
4472.526 -1599.264
4473.543 -1773.854
4474.560 -1327.445
4475.577 -1234.750
4476.594 -1091.947
4477.612 -1127.025
4478.629 -1429.689
4479.646 -1137.124
4480.662 -1323.596
4481.681 -1422.789
4482.698 -1346.670
4483.715 -1071.035
4484.732 -744.641
4485.749 -409.250
4486.767 -411.848
4487.784 -617.437
4488.802 -609.256
4489.819 -570.019
4490.837 -204.753
4491.854 -760.341
4492.871 -1589.463
4493.888 -1239.552
4494.905 -1197.070
4495.922 -902.062
4496.936 -906.069
4497.953 -764.256
4498.970 -481.657
4499.987 -530.548
4501.004 214.335
4502.021 155.550
4503.038 79.748
4504.055 -651.719
4505.072 835.191
4506.089 1332.614
4507.106 976.771
4508.123 81.827
4509.140 -193.340
4510.157 -546.440
4511.175 -1991.603
4512.194 -3264.713
4513.210 -3775.273
4514.226 -3709.490
4515.241 -3641.347
4516.256 -3104.924
4517.272 -1061.902
4518.289 246.432
4519.305 628.956
4520.322 237.033
4521.339 -591.672
4522.356 -949.141
4523.373 -1222.690
4524.389 -859.686
4525.406 -625.754
4526.423 -430.686
4527.440 -271.295
4528.457 111.149
4529.473 588.815
4530.490 277.925
4531.507 181.525
4532.524 40.016
4533.542 -209.042
4534.558 -136.266
4535.575 -99.276
4536.592 -635.859
4537.609 -1119.438
4538.626 -557.177
4539.643 -343.757
4540.660 -100.405
4541.677 -618.098
4542.695 -924.593
4543.712 -609.970
4544.728 -149.239
4545.745 74.963
4546.762 192.831
4547.780 181.897
4548.796 112.338
4549.813 -82.816
4550.831 -2.603
4551.848 73.095
4552.865 628.664
4553.882 698.350
4554.899 101.220
4555.918 -1320.718
4556.935 -746.308
4557.952 -1106.944
4558.970 -1275.580
4559.987 -637.990
4561.004 -271.156
4562.021 110.495
4563.038 -128.664
4564.055 335.741
4565.071 885.032
4566.089 190.694
4567.106 17.283
4568.123 80.861
4569.140 216.160
4570.157 220.911
4571.174 204.568
4572.191 41.935
4573.209 252.385
4574.226 211.601
4575.244 255.666
4576.261 405.042
4577.278 86.314
4578.295 -34.734
4579.313 -145.720
4580.330 -609.617
4581.347 49.932
4582.364 377.209
4583.381 527.132
4584.399 461.440
4585.416 416.667
4586.433 -177.631
4587.450 -1540.399
4588.467 -1228.517
4589.485 -620.906
4590.502 -429.256
4591.518 -740.967
4592.535 -647.876
4593.552 -681.923
4594.569 -746.634
4595.586 -843.700
4596.603 -812.541
4597.620 279.085
4598.637 969.143
4599.654 547.908
4600.671 -106.261
4601.688 -158.465
4602.705 -241.501
4603.723 -299.752
4604.740 -277.628
4605.757 -319.448
4606.774 -181.262
4607.791 -145.354
4608.808 -397.113
4609.825 -345.612
4610.842 -678.329
4611.859 345.805
4612.877 982.776
4613.894 131.183
4614.911 -71.379
4615.928 188.690
4616.945 427.629
4617.962 303.380
4618.979 483.573
4619.996 146.562
4621.014 358.258
4622.031 629.717
4623.048 678.079
4624.065 677.191
4625.083 25.572
4626.101 -553.329
4627.118 -809.942
4628.135 -1225.705
4629.152 -1351.833
4630.170 -1431.381
4631.187 -1371.219
4632.204 -1264.575
4633.220 -1262.356
4634.237 -1395.766
4635.255 -1425.062
4636.272 -1069.178
4637.289 -797.510
4638.306 -316.702
4639.323 -358.847
4640.341 -1000.183
4641.358 -1039.278
4642.376 -110.171
4643.393 594.748
4644.410 745.634
4645.427 1131.808
4646.445 723.175
4647.462 1268.590
4648.479 246.312
4649.496 79.743
4650.513 422.010
4651.530 488.180
4652.548 142.636
4653.564 -475.800
4654.581 -404.416
4655.598 -116.738
4656.616 -347.010
4657.633 -289.081
4658.650 -315.935
4659.667 -338.879
4660.684 -188.620
4661.702 -257.795
4662.719 -288.322
4663.736 482.561
4664.753 395.084
4665.771 -942.840
4666.788 -769.175
4667.803 -3631.942
4668.820 -4600.028
4669.838 -3837.392
4670.855 -2001.103
4671.872 -1051.335
4672.890 -1671.074
4673.907 -2942.466
4674.924 -2099.867
4675.941 -1493.355
4676.959 -1128.122
4677.976 -395.572
4678.993 -47.839
4680.010 -322.230
4681.027 -563.041
4682.044 -1240.156
4683.061 -1469.688
4684.079 -2275.679
4685.096 -2439.106
4686.113 -2495.021
4687.130 -2417.983
4688.148 -2453.518
4689.164 -2394.620
4690.181 -2347.801
4691.198 -2323.063
4692.216 -1141.481
4693.233 -651.071
4694.251 -469.630
4695.268 -241.415
4696.284 -310.427
4697.300 -478.203
4698.315 -796.169
4699.331 -524.553
4700.348 -534.393
4701.364 -153.372
4702.381 399.612
4703.398 301.901
4704.415 -245.609
4705.431 -351.425
4706.448 -339.704
4707.465 -219.584
4708.482 -251.279
4709.499 -507.385
4710.516 -337.166
4711.533 4.173
4712.550 -212.861
4713.567 -223.113
4714.583 -420.353
4715.600 -360.390
4716.618 -1982.661
4717.635 490.248
4718.652 1901.998
4719.669 -78.772
4720.686 -918.039
4721.704 -486.579
4722.721 -211.973
4723.738 -48.631
4724.755 102.152
4725.772 -108.344
4726.789 -425.421
4727.806 63.358
4728.823 230.458
4729.840 171.883
4730.857 131.086
4731.875 52.750
4732.892 -14.636
4733.909 -54.550
4734.926 24.044
4735.943 25.919
4736.960 25.494
4737.978 -89.826
4738.995 -947.401
4740.012 -813.548
4741.029 -157.053
4742.046 -774.411
4743.063 -1263.867
4744.080 -2443.872
4745.097 -971.583
4746.114 -645.778
4747.132 -762.167
4748.149 -963.366
4749.166 -1008.957
4750.183 -984.575
4751.200 -523.293
4752.218 -481.854
4753.234 -787.621
4754.251 -784.531
4755.268 -955.480
4756.285 -278.663
4757.303 -520.729
4758.319 -255.968
4759.336 -1973.146
4760.354 -1112.896
4761.371 -331.437
4762.388 178.509
4763.406 250.526
4764.422 536.923
4765.439 474.174
4766.457 293.527
4767.474 225.677
4768.491 141.280
4769.508 280.887
4770.525 202.909
4771.542 135.356
4772.560 602.477
4773.577 82.294
4774.594 199.211
4775.611 33.160
4776.627 -57.418
4777.645 -213.236
4778.661 -679.483
4779.679 -475.306
4780.696 -492.526
4781.714 -469.685
4782.731 -374.467
4783.748 -521.275
4784.765 -420.098
4785.782 -257.692
4786.799 -203.523
4787.816 202.222
4788.833 -224.973
4789.851 -1310.652
4790.869 -821.391
4791.885 -1555.443
4792.902 -4898.303
4793.920 -4387.349
4794.938 -1432.632
4795.955 -696.082
4796.972 -181.770
4797.990 -228.751
4799.007 -658.539
4800.024 -330.852
4801.042 17.949
4802.058 -323.662
4803.075 -56.874
4804.092 -267.187
4805.109 -281.273
4806.126 97.726
4807.143 803.559
4808.160 -799.198
4809.178 -1662.003
4810.195 -1532.382
4811.213 -780.978
4812.230 -554.030
4813.247 173.203
4814.264 56.138
4815.281 -135.376
4816.298 -264.089
4817.315 -494.712
4818.332 -1084.745
4819.350 -954.109
4820.367 -744.481
4821.385 -787.115
4822.401 -803.406
4823.419 -881.279
4824.436 -894.860
4825.453 -671.567
4826.471 -607.661
4827.488 -489.736
4828.505 -649.107
4829.522 -648.775
4830.539 -555.776
4831.556 -282.358
4832.573 -330.721
4833.591 104.710
4834.608 -338.103
4835.624 -425.963
4836.641 -193.255
4837.658 -234.192
4838.675 -600.839
4839.693 -1075.950
4840.709 -744.256
4841.726 -323.741
4842.743 -70.313
4843.760 109.351
4844.778 121.315
4845.795 24.380
4846.812 -215.619
4847.829 -466.542
4848.846 -725.011
4849.863 -1071.075
4850.881 -407.124
4851.898 -52.334
4852.915 -643.041
4853.932 -838.112
4854.949 -1088.368
4855.966 -1125.125
4856.983 -1038.093
4858.000 -600.374
4859.017 -131.299
4860.034 42.514
4861.052 20.348
4862.069 366.219
4863.087 720.139
4864.104 876.587
4865.121 332.159
4866.138 -261.651
4867.156 -347.573
4868.173 -511.524
4869.190 -379.850
4870.207 -425.620
4871.223 -384.103
4872.240 -901.248
4873.257 -1340.956
4874.274 -610.804
4875.291 2441.352
4876.310 3493.867
4877.327 886.810
4878.343 -147.381
4879.358 -591.174
4880.373 -721.977
4881.389 -1789.785
4882.405 -2029.377
4883.423 -583.318
4884.440 143.377
4885.457 630.237
4886.474 301.337
4887.491 -284.696
4888.508 -612.012
4889.525 -821.216
4890.542 -577.946
4891.559 -559.303
4892.577 -588.133
4893.594 -351.467
4894.610 -100.855
4895.627 -7.610
4896.644 -672.965
4897.661 -759.616
4898.678 -170.209
4899.695 574.685
4900.712 131.616
4901.730 -1715.571
4902.747 -2397.120
4903.763 -2574.812
4904.780 -2080.680
4905.797 -680.440
4906.814 -338.343
4907.831 -334.396
4908.848 -151.812
4909.865 -245.781
4910.882 -145.006
4911.899 -335.741
4912.916 -57.412
4913.933 448.455
4914.951 200.695
4915.968 334.716
4916.985 178.366
4918.001 132.191
4919.019 71.912
4920.036 22.193
4921.053 -9.705
4922.070 -1066.341
4923.087 -1385.291
4924.104 -841.783
4925.121 641.068
4926.138 1333.856
4927.155 1581.965
4928.172 1127.936
4929.189 603.171
4930.206 506.286
4931.223 256.483
4932.240 266.838
4933.257 120.576
4934.274 -992.446
4935.291 -1871.654
4936.308 -1052.451
4937.325 -534.202
4938.343 -404.503
4939.360 -235.061
4940.378 -281.704
4941.394 -438.963
4942.411 -382.061
4943.428 -362.868
4944.446 -295.244
4945.463 -726.154
4946.480 -787.368
4947.497 -754.811
4948.516 -579.088
4949.533 -730.727
4950.550 -475.484
4951.566 -321.981
4952.583 -204.687
4953.601 -6.772
4954.618 -259.914
4955.635 -128.773
4956.652 109.094
4957.669 -350.099
4958.687 -354.259
4959.704 -424.811
4960.721 -1036.783
4961.738 -2604.237
4962.755 -4877.592
4963.772 -5319.044
4964.789 -1679.260
4965.806 -1158.033
4966.823 -988.759
4967.840 -1077.874
4968.858 -1627.737
4969.875 -1771.825
4970.893 -1426.624
4971.909 -691.931
4972.928 315.746
4973.945 670.325
4974.962 453.873
4975.979 194.394
4976.997 -379.406
4978.014 -491.988
4979.031 -378.462
4980.049 -129.332
4981.066 -13.140
4982.083 -48.056
4983.100 1772.521
4984.118 -150.642
4985.135 -1359.647
4986.152 -1102.407
4987.169 -458.145
4988.185 -467.947
4989.203 -570.751
4990.220 259.339
4991.237 136.910
4992.254 -398.253
4993.271 -792.923
4994.288 -694.735
4995.306 -603.193
4996.324 -121.794
4997.341 33.070
4998.358 305.078
4999.375 1172.696
5000.391 1653.968
5001.409 1723.424
5002.426 792.994
5003.443 -191.203
5004.460 469.186
5005.477 -247.115
5006.494 -355.618
5007.511 -361.967
5008.528 144.186
5009.546 -298.854
5010.563 -271.329
5011.581 -429.786
5012.598 -236.115
5013.615 1379.759
5014.632 1089.071
5015.649 1661.998
5016.667 775.410
5017.684 -295.382
5018.701 -1101.801
5019.718 -1349.602
5020.735 -790.954
5021.753 -176.982
5022.770 138.542
5023.788 521.451
5024.804 406.210
5025.822 -1170.645
5026.839 -873.921
5027.856 -566.393
5028.873 -528.772
5029.891 -364.003
5030.908 -321.712
5031.925 -265.067
5032.942 -734.908
5033.960 -1069.098
5034.977 -840.224
5035.995 -654.146
5037.012 -406.224
5038.029 -324.940
5039.045 -182.127
5040.062 -406.582
5041.080 135.800
5042.097 -147.993
5043.114 -241.542
5044.131 -62.884
5045.148 449.748
5046.165 4296.540
5047.182 6035.956
5048.199 6749.168
5049.216 6676.582
5050.233 1870.174
5051.250 49.717
5052.268 -369.931
5053.285 -482.507
5054.303 -184.368
5055.321 -27.587
5056.339 -1070.936
5057.356 -549.068
5058.373 -480.447
5059.387 -793.613
5060.402 -966.084
5061.418 -553.455
5062.435 370.684
5063.451 641.541
5064.468 -88.607
5065.486 -447.157
5066.503 28.592
5067.520 378.360
5068.537 -427.559
5069.554 -579.796
5070.571 -348.888
5071.587 -424.210
5072.604 -453.162
5073.622 185.677
5074.639 -265.933
5075.656 -971.362
5076.672 -1029.950
5077.689 -685.285
5078.706 -642.073
5079.723 -193.776
5080.740 -424.804
5081.757 -220.608
5082.775 -120.644
5083.792 -67.532
5084.809 -216.315
5085.826 -17.030
5086.842 -69.354
5087.860 -265.675
5088.877 -240.172
5089.894 -306.799
5090.912 -239.296
5091.929 -570.139
5092.945 -432.325
5093.963 -366.718
5094.980 -31.350
5095.997 298.868
5097.014 443.748
5098.031 530.418
5099.048 554.371
5100.066 302.513
5101.083 -957.239
5102.100 -3496.986
5103.117 -2219.788
5104.135 -1304.182
5105.152 -783.722
5106.170 -683.920
5107.186 -462.695
5108.203 -316.893
5109.220 52.303
5110.237 -3.784
5111.254 45.085
5112.272 -228.945
5113.289 -131.731
5114.306 181.362
5115.323 334.827
5116.340 286.417
5117.357 296.221
5118.375 685.028
5119.392 742.112
5120.409 34.351
5121.426 -483.973
5122.443 148.189
5123.461 261.910
5124.478 1067.999
5125.495 -661.860
5126.512 -2314.641
5127.529 -2845.737
5128.546 -3059.654
5129.563 -2857.233
5130.580 -2925.883
5131.597 -1589.187
5132.615 -327.385
5133.632 472.491
5134.649 828.642
5135.666 854.054
5136.683 884.781
5137.700 -447.602
5138.717 -351.952
5139.734 -469.315
5140.751 -440.974
5141.769 -168.860
5142.786 -87.866
5143.803 -157.176
5144.820 -79.749
5145.838 -71.694
5146.854 -133.284
5147.872 -232.107
5148.890 -180.609
5149.907 393.671
5150.924 679.989
5151.940 828.606
5152.958 678.835
5153.975 635.083
5154.992 455.356
5156.009 515.611
5157.026 540.301
5158.043 -547.933
5159.060 -646.345
5160.077 -586.717
5161.094 -405.206
5162.111 -322.594
5163.128 -521.010
5164.146 -586.794
5165.163 -531.441
5166.180 -310.634
5167.197 285.915
5168.214 920.047
5169.231 1176.805
5170.247 1200.844
5171.264 1211.371
5172.281 592.668
5173.298 -378.553
5174.315 -770.081
5175.332 -410.126
5176.349 -388.400
5177.367 -98.038
5178.384 -116.614
5179.400 -75.279
5180.418 35.203
5181.435 -190.747
5182.452 -155.677
5183.470 -412.044
5184.487 -521.901
5185.504 -732.157
5186.521 -29.081
5187.538 454.410
5188.556 518.519
5189.573 533.583
5190.590 -169.704
5191.607 -482.571
5192.624 -687.323
5193.641 -675.566
5194.658 -880.242
5195.676 -219.856
5196.693 90.607
5197.710 266.450
5198.727 24.638
5199.744 -107.371
5200.762 -196.546
5201.778 263.701
5202.796 501.556
5203.814 603.646
5204.831 -345.390
5205.848 413.524
5206.866 830.792
5207.883 891.581
5208.900 588.648
5209.917 202.024
5210.935 -55.732
5211.952 -143.330
5212.969 -161.023
5213.987 -324.465
5215.003 -469.535
5216.020 -511.137
5217.037 -700.365
5218.054 -939.139
5219.071 -842.195
5220.087 -860.574
5221.105 -1024.218
5222.122 -1187.993
5223.140 -1132.543
5224.157 -1062.540
5225.174 -1269.436
5226.191 -2103.791
5227.209 -2202.182
5228.226 -1660.450
5229.243 -265.402
5230.260 316.593
5231.277 338.156
5232.294 75.298
5233.311 -228.983
5234.328 -58.563
5235.345 -283.228
5236.362 -439.818
5237.379 -730.147
5238.397 -94.633
5239.415 275.463
5240.432 360.476
5241.447 264.177
5242.462 313.211
5243.478 175.168
5244.494 -265.657
5245.511 -598.924
5246.528 -761.540
5247.545 -799.693
5248.562 -740.398
5249.579 309.275
5250.596 581.354
5251.613 1195.993
5252.631 1498.630
5253.647 711.376
5254.664 399.196
5255.681 76.174
5256.698 -78.597
5257.715 -407.927
5258.732 -668.115
5259.748 -756.896
5260.766 -289.751
5261.783 78.880
5262.800 -667.871
5263.817 -1338.558
5264.834 -1729.826
5265.852 -1909.591
5266.869 -1908.367
5267.886 -1728.118
5268.903 -1186.818
5269.920 -518.466
5270.937 -340.918
5271.955 -3075.948
5272.972 -4480.816
5273.989 -2197.174
5275.007 -919.095
5276.023 -168.855
5277.041 52.032
5278.058 -358.261
5279.075 -495.417
5280.092 -297.447
5281.109 235.371
5282.126 -295.097
5283.143 -546.987
5284.160 -584.639
5285.177 -487.259
5286.194 -470.928
5287.211 -229.889
5288.228 -74.663
5289.245 -117.401
5290.262 1212.866
5291.279 3368.092
5292.296 4088.114
5293.314 1747.159
5294.332 -80.631
5295.349 -767.035
5296.366 -1188.608
5297.383 -1253.214
5298.400 -935.666
5299.418 -761.930
5300.435 -422.973
5301.452 -536.751
5302.469 -25.419
5303.487 19.579
5304.504 -57.618
5305.521 119.238
5306.539 -55.432
5307.555 -98.158
5308.572 -126.807
5309.589 -241.276
5310.606 45.863
5311.623 24.548
5312.641 -224.709
5313.658 -61.676
5314.675 -381.068
5315.692 -423.746
5316.709 -364.484
5317.727 -445.250
5318.744 -626.732
5319.761 -447.227
5320.778 -308.291
5321.795 175.293
5322.813 -37.798
5323.830 -630.440
5324.847 -757.059
5325.864 -1033.588
5326.881 -626.168
5327.898 -285.562
5328.915 -316.428
5329.932 -199.782
5330.949 -45.706
5331.967 196.699
5332.984 59.653
5334.001 -393.321
5335.019 -345.132
5336.036 -100.545
5337.053 -181.261
5338.070 764.546
5339.087 857.365
5340.104 230.051
5341.121 -640.510
5342.138 -724.686
5343.155 -657.651
5344.172 -136.663
5345.190 -695.032
5346.206 -955.515
5347.223 -670.256
5348.240 -1571.666
5349.258 -2758.453
5350.275 -3107.903
5351.292 -2714.597
5352.309 -1337.769
5353.326 -881.896
5354.343 -541.097
5355.361 -429.440
5356.378 -326.366
5357.395 -254.279
5358.412 -351.285
5359.430 -462.306
5360.447 -498.976
5361.464 -268.708
5362.480 -213.007
5363.498 408.323
5364.515 -329.356
5365.532 -834.102
5366.549 -1045.649
5367.566 -964.829
5368.583 -202.070
5369.601 269.480
5370.619 1339.509
5371.636 776.770
5372.653 354.857
5373.670 -142.447
5374.688 -337.150
5375.705 -422.398
5376.722 -337.337
5377.739 -594.435
5378.756 -583.513
5379.773 -428.795
5380.790 -306.670
5381.807 -210.460
5382.824 -89.573
5383.842 -746.588
5384.859 -983.192
5385.876 -895.562
5386.893 -71.405
5387.910 -41.985
5388.927 -68.343
5389.945 -1033.607
5390.962 -1338.133
5391.979 -1524.120
5392.996 -602.746
5394.014 -42.845
5395.031 190.407
5396.048 293.169
5397.065 31.194
5398.082 -75.161
5399.101 -263.637
5400.118 -190.837
5401.135 -286.436
5402.152 -256.659
5403.170 267.155
5404.186 1178.086
5405.203 325.029
5406.220 -63.571
5407.237 71.977
5408.254 117.499
5409.271 72.616
5410.288 212.286
5411.305 -237.610
5412.322 -619.155
5413.340 -590.589
5414.357 332.556
5415.375 176.579
5416.392 2.200
5417.409 -129.924
5418.427 13.238
5419.444 -238.911
5420.462 47.454
5421.478 -1070.242
5422.494 -758.400
5423.510 -208.810
5424.526 -123.787
5425.543 -140.876
5426.559 -490.193
5427.578 -488.140
5428.594 -482.903
5429.611 -247.460
5430.628 -98.150
5431.645 97.297
5432.662 -42.977
5433.678 628.927
5434.696 1316.710
5435.713 1437.441
5436.730 1451.213
5437.747 1455.758
5438.763 1595.431
5439.781 1647.241
5440.798 1126.982
5441.815 -308.752
5442.831 -1268.777
5443.848 -1747.150
5444.865 -1728.899
5445.882 -1709.837
5446.899 -1791.420
5447.916 -1670.666
5448.934 -1653.617
5449.951 -1932.161
5450.969 -1812.326
5451.986 -1557.319
5453.003 -699.596
5454.020 -416.124
5455.037 -167.307
5456.054 -477.451
5457.071 -1515.273
5458.088 -685.312
5459.105 273.994
5460.122 -396.498
5461.139 -683.107
5462.156 -601.220
5463.173 -345.321
5464.191 -242.973
5465.208 -198.553
5466.224 90.819
5467.241 -247.406
5468.259 -496.791
5469.276 -746.345
5470.293 -755.505
5471.310 -529.245
5472.327 -514.236
5473.344 -875.232
5474.361 -1296.225
5475.378 467.188
5476.395 1347.124
5477.412 859.589
5478.429 404.012
5479.447 -627.773
5480.464 -687.147
5481.481 -339.316
5482.499 -425.789
5483.516 -410.713
5484.533 -270.145
5485.550 -376.715
5486.567 -161.911
5487.585 -149.204
5488.602 -249.029
5489.618 -286.305
5490.635 -334.459
5491.652 -63.879
5492.669 332.715
5493.686 207.813
5494.703 164.970
5495.721 -754.041
5496.738 -657.377
5497.755 23.171
5498.773 -307.363
5499.789 -622.328
5500.807 -495.333
5501.823 -744.884
5502.840 -839.312
5503.857 207.015
5504.875 1074.619
5505.893 1366.768
5506.910 344.055
5507.927 -573.204
5508.944 -579.807
5509.962 -312.956
5510.979 -208.444
5511.996 -330.267
5513.012 -406.795
5514.029 -185.427
5515.046 -172.507
5516.064 -90.993
5517.081 -25.197
5518.098 389.323
5519.115 -2219.465
5520.133 -2967.439
5521.149 -2512.328
5522.166 -2159.566
5523.183 -1475.462
5524.201 -1015.150
5525.217 -991.549
5526.234 -611.728
5527.251 -324.924
5528.268 -255.486
5529.285 -173.262
5530.302 -277.677
5531.319 -176.639
5532.336 -715.983
5533.353 -888.680
5534.370 -967.944
5535.388 -936.392
5536.405 -1076.006
5537.422 -600.532
5538.439 -319.642
5539.456 -58.514
5540.473 -321.924
5541.490 -13.068
5542.507 605.007
5543.524 505.607
5544.542 320.190
5545.559 -25.242
5546.576 -1325.467
5547.594 -1513.931
5548.611 -566.193
5549.629 -242.449
5550.646 -332.762
5551.663 -218.288
5552.680 1777.479
5553.698 150.772
5554.715 -384.936
5555.732 -279.110
5556.749 -678.196
5557.767 -919.351
5558.784 -703.428
5559.801 -414.252
5560.817 -210.347
5561.835 13.103
5562.852 -82.051
5563.869 -561.311
5564.886 -187.550
5565.903 -246.344
5566.920 -504.614
5567.938 -548.662
5568.955 -540.313
5569.973 -175.945
5570.989 -350.426
5572.007 -384.253
5573.024 -424.035
5574.041 -367.687
5575.059 -311.338
5576.076 -395.704
5577.094 -368.709
5578.111 -195.070
5579.129 -252.219
5580.146 -439.996
5581.164 -481.708
5582.181 -351.790
5583.198 -445.916
5584.216 -645.580
5585.232 -927.286
5586.249 -1197.426
5587.266 -1330.383
5588.283 -1549.953
5589.301 -715.241
5590.318 -378.860
5591.335 -67.959
5592.352 -213.707
5593.370 -280.192
5594.386 -1355.391
5595.404 -1014.991
5596.421 -707.385
5597.439 -640.870
5598.456 -607.129
5599.473 -657.361
5600.490 -547.973
5601.507 -313.517
5602.525 -659.827
5603.541 -677.813
5604.557 -975.337
5605.575 -978.977
5606.591 -859.505
5607.608 -857.446
5608.624 -1090.040
5609.641 -970.641
5610.658 -684.779
5611.675 -544.021
5612.692 -632.484
5613.709 -813.745
5614.726 -991.852
5615.743 -837.675
5616.761 -953.840
5617.778 -1659.219
5618.795 -1137.595
5619.812 522.256
5620.828 462.912
5621.845 13.677
5622.862 -386.171
5623.879 -44.803
5624.896 -289.878
5625.914 -375.859
5626.931 -281.300
5627.948 -293.705
5628.965 -305.066
5629.982 -41.621
5630.998 -118.513
5632.015 -212.256
5633.033 -143.660
5634.050 -344.031
5635.067 -967.217
5636.084 -344.899
5637.102 -573.361
5638.119 -960.001
5639.137 -1210.707
5640.153 -268.680
5641.170 -685.932
5642.187 -532.742
5643.204 -381.180
5644.221 -224.019
5645.238 84.002
5646.255 138.201
5647.273 129.415
5648.290 107.550
5649.307 41.934
5650.324 -552.821
5651.341 -749.782
5652.358 -694.575
5653.375 208.821
5654.392 153.362
5655.410 125.490
5656.428 200.228
5657.445 255.501
5658.462 80.638
5659.479 -812.787
5660.497 -384.308
5661.514 298.039
5662.532 386.374
5663.548 459.611
5664.565 540.177
5665.583 829.598
5666.600 307.973
5667.618 -69.765
5668.635 -279.366
5669.652 -250.930
5670.669 -281.324
5671.686 -266.920
5672.703 27.022
5673.720 -1499.683
5674.737 -2772.320
5675.753 -2263.552
5676.770 -1205.891
5677.787 -522.981
5678.805 -327.885
5679.822 -376.664
5680.839 -462.362
5681.856 21.027
5682.873 6.371
5683.890 155.175
5684.907 299.351
5685.924 386.177
5686.941 472.951
5687.959 25.880
5688.976 77.056
5689.993 187.262
5691.010 128.019
5692.027 -347.991
5693.044 -566.677
5694.061 -623.674
5695.078 -627.883
5696.096 -498.427
5697.113 -579.133
5698.130 -813.173
5699.147 -1299.937
5700.164 -880.975
5701.182 -666.848
5702.199 -736.877
5703.216 -643.957
5704.234 -633.614
5705.251 -577.396
5706.268 -451.602
5707.285 -506.487
5708.303 -342.408
5709.321 -422.795
5710.338 -345.225
5711.355 187.710
5712.373 -475.317
5713.391 -549.176
5714.408 -363.619
5715.425 -396.603
5716.442 -593.198
5717.459 -191.253
5718.476 74.462
5719.493 -458.938
5720.511 -603.412
5721.528 -773.119
5722.545 -868.838
5723.562 -1049.414
5724.579 -964.478
5725.597 -1262.724
5726.615 -525.670
5727.632 -1469.945
5728.649 -629.732
5729.666 44.006
5730.683 -485.156
5731.701 -93.767
5732.718 201.654
5733.734 33.411
5734.751 417.028
5735.768 2746.225
5736.785 4439.710
5737.803 4889.849
5738.820 2023.001
5739.837 365.961
5740.854 -82.711
5741.871 -141.745
5742.889 337.650
5743.906 -149.296
5744.923 -216.521
5745.941 -330.685
5746.958 -414.343
5747.975 -169.940
5748.991 -24.054
5750.008 -126.131
5751.025 -116.957
5752.042 -108.281
5753.059 -166.504
5754.077 -144.041
5755.094 -288.890
5756.111 -384.514
5757.128 -51.697
5758.145 245.802
5759.163 477.240
5760.180 402.266
5761.198 -170.676
5762.215 -346.702
5763.231 -372.009
5764.248 -206.727
5765.265 -333.384
5766.282 -325.251
5767.299 -568.804
5768.317 -772.184
5769.334 -833.087
5770.351 -988.067
5771.368 -707.914
5772.385 -221.086
5773.402 -72.978
5774.419 -22.578
5775.437 -430.512
5776.453 -527.330
5777.471 -603.853
5778.488 -575.595
5779.505 -686.612
5780.522 -659.287
5781.540 -775.665
5782.558 -777.623
5783.576 -662.206
5784.593 -228.654
5785.608 -213.815
5786.623 -348.651
5787.639 -474.556
5788.655 -168.898
5789.672 -514.827
5790.688 -598.962
5791.705 -660.998
5792.723 -1262.582
5793.740 -1635.622
5794.756 -1801.475
5795.773 -1813.906
5796.790 -1565.501
5797.808 -1095.654
5798.825 -996.963
5799.842 -2050.380
5800.859 -3156.795
5801.876 -3111.550
5802.893 -2958.313
5803.910 -3085.118
5804.927 -3139.800
5805.944 -3158.573
5806.961 -2755.334
5807.978 -2783.373
5808.995 -1243.864
5810.013 96.813
5811.030 -301.956
5812.048 -575.285
5813.065 -381.418
5814.082 -488.985
5815.099 -326.743
5816.115 -320.993
5817.132 -8.552
5818.149 497.971
5819.166 140.968
5820.183 -410.485
5821.200 -311.288
5822.217 372.494
5823.234 543.038
5824.251 689.857
5825.268 531.511
5826.285 589.821
5827.302 -83.552
5828.324 -1280.252
5829.342 385.091
5830.359 998.411
5831.376 1128.065
5832.393 1074.942
5833.410 61.797
5834.428 -121.959
5835.446 -369.478
5836.463 -398.190
5837.480 -873.043
5838.497 -1027.477
5839.515 -607.893
5840.532 -532.499
5841.549 -527.253
5842.566 -236.134
5843.583 -167.065
5844.601 -328.820
5845.618 -752.359
5846.635 -655.830
5847.651 -329.403
5848.668 -764.604
5849.685 206.344
5850.702 788.711
5851.719 12.015
5852.735 -69.079
5853.752 -125.905
5854.769 -181.512
5855.786 -120.738
5856.803 -289.997
5857.820 -1309.921
5858.838 -556.386
5859.854 -915.415
5860.871 -2610.634
5861.888 -1365.323
5862.906 -1181.064
5863.923 -1102.288
5864.940 -1088.155
5865.957 -889.671
5866.974 -764.389
5867.992 -814.059
5869.009 -1198.653
5870.026 -912.189
5871.043 -708.931
5872.060 -674.213
5873.078 3.154
5874.095 -172.557
5875.112 -532.759
5876.129 -499.996
5877.145 -384.634
5878.163 -143.451
5879.180 -74.583
5880.197 -80.635
5881.214 424.100
5882.231 549.225
5883.248 309.613
5884.265 302.168
5885.282 52.529
5886.299 199.069
5887.317 229.828
5888.334 182.264
5889.352 194.090
5890.369 60.864
5891.386 -1644.778
5892.404 -2813.138
5893.421 -3121.114
5894.438 -3148.955
5895.455 -2270.610
5896.472 -821.418
5897.489 -53.769
5898.506 267.903
5899.524 423.363
5900.541 793.273
5901.558 233.925
5902.575 -209.990
5903.593 -690.981
5904.610 -1192.732
5905.627 -741.128
5906.644 -517.287
5907.661 -385.423
5908.679 -1525.528
5909.696 -475.338
5910.714 -369.020
5911.731 -268.617
5912.748 -322.163
5913.765 -456.449
5914.782 111.150
5915.800 720.327
5916.817 855.283
5917.834 597.776
5918.851 125.422
5919.869 -249.249
5920.886 -459.911
5921.903 -101.026
5922.920 82.047
5923.937 259.119
5924.954 52.306
5925.972 -324.952
5926.989 -651.741
5928.006 -618.834
5929.023 -607.030
5930.040 -428.512
5931.058 -312.709
5932.075 -734.101
5933.093 -455.985
5934.110 -567.566
5935.127 -342.170
5936.144 247.690
5937.162 895.898
5938.179 1658.135
5939.196 420.446
5940.214 -459.554
5941.231 -386.546
5942.248 -67.735
5943.266 278.150
5944.283 266.437
5945.300 184.208
5946.317 -332.647
5947.334 -620.634
5948.352 49.891
5949.370 488.949
5950.387 -224.172
5951.404 -551.629
5952.421 -676.965
5953.438 -270.723
5954.456 -179.246
5955.473 -555.120
5956.490 -900.908
5957.508 -876.678
5958.524 -803.403
5959.542 -807.513
5960.559 -779.838
5961.576 -775.457
5962.593 -644.548
5963.611 -798.059
5964.629 -648.656
5965.646 -703.168
5966.663 -687.560
5967.679 -832.887
5968.694 -829.523
5969.709 -680.730
5970.725 -551.482
5971.742 -428.516
5972.760 -803.853
5973.777 632.366
5974.794 1364.614
5975.811 71.174
5976.828 -1750.400
5977.845 -220.295
5978.862 -247.391
5979.879 -78.421
5980.896 489.639
5981.913 76.056
5982.930 -110.959
5983.947 -218.166
5984.964 -297.536
5985.981 -185.157
5986.998 -130.869
5988.015 -100.510
5989.032 -183.994
5990.049 -358.654
5991.066 -653.021
5992.083 -684.996
5993.100 -658.374
5994.117 -427.341
5995.134 -362.308
5996.151 -353.559
5997.168 -376.974
5998.186 -305.071
5999.203 -524.202
6000.220 -481.473
6001.235 -427.914
6002.249 -595.378
6003.266 -425.315
6004.283 -391.414
6005.300 -593.997
6006.317 -891.968
6007.335 -277.980
6008.352 326.900
6009.369 769.645
6010.386 1031.692
6011.403 953.268
6012.421 925.955
6013.438 1006.834
6014.455 295.005
6015.472 -112.004
6016.489 655.680
6017.506 1156.929
6018.522 1596.018
6019.540 1500.295
6020.557 1730.533
6021.574 432.165
6022.592 -91.883
6023.609 -349.147
6024.625 -732.295
6025.643 -737.347
6026.660 -656.950
6027.677 -458.584
6028.694 -461.650
6029.711 -564.824
6030.729 -668.533
6031.746 -671.627
6032.764 -827.861
6033.780 -553.501
6034.797 -541.564
6035.814 -648.385
6036.832 -823.850
6037.849 -499.193
6038.866 -471.065
6039.883 -573.237
6040.900 -968.573
6041.918 -1064.897
6042.935 -668.076
6043.952 706.446
6044.969 698.846
6045.986 377.979
6047.003 -127.487
6048.020 -342.568
6049.038 -82.187
6050.055 303.554
6051.072 734.036
6052.089 720.763
6053.106 202.397
6054.123 421.247
6055.140 -70.595
6056.158 -182.977
6057.175 -30.919
6058.192 -2.214
6059.210 -699.196
6060.226 -1056.659
6061.243 -1211.480
6062.260 2350.995
6063.277 6693.836
6064.294 3950.556
6065.312 778.593
6066.329 -389.931
6067.346 -834.072
6068.363 -923.659
6069.380 -1101.105
6070.397 -133.538
6071.414 1450.168
6072.431 244.453
6073.448 80.942
6074.465 -92.076
6075.483 -120.627
6076.500 -494.594
6077.518 -692.078
6078.535 -465.597
6079.552 -405.620
6080.569 879.156
6081.586 1880.034
6082.603 2336.859
6083.621 -8.503
6084.638 -782.522
6085.654 -1015.977
6086.671 -1226.074
6087.688 -1282.384
6088.705 -1260.016
6089.723 -1252.635
6090.740 -1275.255
6091.757 -1388.942
6092.774 -1179.273
6093.791 -626.707
6094.808 -360.005
6095.825 117.850
6096.842 -57.740
6097.859 101.191
6098.876 70.788
6099.893 113.102
6100.911 70.826
6101.928 198.784
6102.945 89.869
6103.963 173.462
6104.980 256.061
6105.997 178.811
6107.013 239.852
6108.030 167.411
6109.047 83.593
6110.064 -162.054
6111.081 -237.788
6112.098 -219.350
6113.116 -64.808
6114.133 535.559
6115.150 791.733
6116.167 413.208
6117.184 358.149
6118.201 241.081
6119.219 185.815
6120.236 -7.473
6121.253 -173.433
6122.270 -94.064
6123.287 -351.242
6124.305 -189.232
6125.321 -1936.160
6126.338 -1399.987
6127.355 -886.017
6128.375 -1053.255
6129.393 -858.640
6130.410 -176.743
6131.427 135.141
6132.444 211.186
6133.461 356.919
6134.478 186.305
6135.496 269.862
6136.513 -0.538
6137.531 -322.958
6138.548 -459.651
6139.565 305.739
6140.583 -95.710
6141.600 -332.964
6142.618 -656.464
6143.635 -378.053
6144.652 -208.845
6145.668 148.879
6146.686 41.084
6147.704 70.916
6148.722 114.662
6149.738 -49.630
6150.754 -266.569
6151.769 -351.441
6152.785 -583.081
6153.801 -306.489
6154.818 -490.835
6155.835 -480.583
6156.852 -464.850
6157.869 -463.875
6158.886 -550.739
6159.903 -95.236
6160.920 21.754
6161.936 55.806
6162.954 159.440
6163.971 124.218
6164.987 115.532
6166.005 40.196
6167.021 30.985
6168.039 -92.658
6169.056 -321.462
6170.073 -486.165
6171.090 -427.085
6172.107 -287.702
6173.123 -167.699
6174.141 -479.977
6175.158 -409.616
6176.175 -662.243
6177.192 -500.422
6178.209 -435.579
6179.227 -628.925
6180.244 -379.659
6181.261 -241.599
6182.278 -313.920
6183.295 -448.757
6184.313 -459.102
6185.330 -446.316
6186.347 -51.230
6187.364 -8.331
6188.381 213.981
6189.398 309.523
6190.415 458.788
6191.432 526.180
6192.449 181.455
6193.466 -694.558
6194.483 -1156.749
6195.500 -1272.425
6196.517 -1452.428
6197.535 -1607.418
6198.552 -1611.054
6199.569 -1660.248
6200.586 -1862.917
6201.603 -1868.230
6202.620 -1855.756
6203.638 -1357.536
6204.655 -166.541
6205.672 -301.160
6206.689 -548.652
6207.706 -510.987
6208.724 -628.935
6209.740 -788.484
6210.757 -1356.153
6211.774 -1631.836
6212.792 -486.508
6213.809 -124.431
6214.826 -365.772
6215.843 -452.387
6216.861 -305.777
6217.878 -105.806
6218.895 -284.328
6219.911 -612.792
6220.929 -710.136
6221.946 105.979
6222.963 -478.295
6223.980 -996.291
6224.997 -1415.722
6226.014 -1520.383
6227.032 -1154.030
6228.049 -837.940
6229.066 -153.092
6230.083 1696.019
6231.099 1510.702
6232.117 637.390
6233.135 -75.166
6234.151 -189.449
6235.168 -175.363
6236.185 -241.980
6237.202 -95.189
6238.218 723.936
6239.235 1207.917
6240.252 434.870
6241.270 319.937
6242.287 -4.766
6243.305 -161.219
6244.322 -331.514
6245.339 -503.429
6246.357 -763.156
6247.374 -650.690
6248.392 -236.546
6249.408 -733.708
6250.425 -1217.466
6251.443 -1107.936
6252.460 -935.804
6253.477 -911.033
6254.494 -465.172
6255.511 -124.179
6256.528 85.205
6257.545 106.868
6258.562 73.135
6259.579 1085.515
6260.596 1204.120
6261.614 1522.782
6262.631 3089.078
6263.648 3836.432
6264.665 4137.952
6265.683 4256.675
6266.700 4175.789
6267.718 1730.798
6268.735 327.342
6269.752 -337.236
6270.769 -644.068
6271.786 -653.627
6272.803 -530.251
6273.821 -660.078
6274.838 6480.131
6275.854 10716.289
6276.872 12289.780
6277.889 5925.711
6278.906 2522.154
6279.923 1886.578
6280.941 1758.992
6281.958 1377.499
6282.976 1363.819
6283.993 59.871
6285.011 -490.287
6286.028 -709.979
6287.045 -282.041
6288.062 162.042
6289.079 -45.106
6290.096 -253.157
6291.113 -328.745
6292.130 -448.624
6293.147 -430.325
6294.164 -226.398
6295.182 -339.185
6296.199 -26.211
6297.215 -8.222
6298.232 156.877
6299.249 346.919
6300.266 275.729
6301.283 261.615
6302.300 41.203
6303.318 64.380
6304.335 6.616
6305.352 -239.163
6306.369 -274.026
6307.386 189.621
6308.403 1182.351
6309.420 1288.661
6310.437 906.535
6311.453 1011.413
6312.471 445.241
6313.488 -112.060
6314.506 -250.369
6315.523 119.878
6316.540 251.714
6317.557 -148.467
6318.575 -181.975
6319.592 107.812
6320.609 -513.750
6321.626 -412.934
6322.643 -411.769
6323.660 -345.975
6324.678 -404.283
6325.695 -471.984
6326.712 -295.317
6327.730 -414.104
6328.747 -539.240
6329.764 -811.612
6330.782 -219.279
6331.800 495.297
6332.817 1008.170
6333.832 901.258
6334.847 2123.137
6335.863 1906.411
6336.879 -842.703
6337.895 -858.304
6338.912 -810.712
6339.930 -683.713
6340.947 959.312
6341.964 -457.710
6342.981 -1510.245
6343.998 -1633.122
6345.015 -834.924
6346.031 -118.519
6347.048 -126.206
6348.065 -153.890
6349.082 -103.924
6350.099 -270.168
6351.116 -155.516
6352.133 -198.196
6353.151 -351.859
6354.168 -582.945
6355.185 -582.155
6356.202 -350.076
6357.219 -232.768
6358.236 -80.025
6359.252 78.216
6360.269 -387.364
6361.286 -67.284
6362.304 -57.260
6363.321 385.660
6364.338 827.125
6365.356 966.841
6366.373 654.856
6367.391 -50.463
6368.408 -372.519
6369.425 -293.422
6370.442 -297.428
6371.460 -352.493
6372.477 -380.935
6373.494 -304.989
6374.511 60.372
6375.529 -66.185
6376.546 -44.488
6377.563 -358.013
6378.579 -376.109
6379.596 -232.914
6380.613 -125.678
6381.631 -115.569
6382.648 -53.068
6383.665 46.961
6384.682 -26.703
6385.698 -409.809
6386.715 -575.804
6387.732 -607.446
6388.750 -107.330
6389.767 181.095
6390.783 441.991
6391.801 73.336
6392.818 406.603
6393.836 525.334
6394.853 670.704
6395.870 489.401
6396.887 492.103
6397.904 262.617
6398.921 -38.907
6399.938 -65.039
6400.955 157.796
6401.973 -180.119
6402.991 -331.226
6404.007 -303.736
6405.025 -396.258
6406.042 -1514.840
6407.060 -2740.093
6408.077 -3344.912
6409.094 -3586.982
6410.111 -3590.243
6411.128 -3519.277
6412.146 -3628.902
6413.163 -3537.784
6414.179 -1549.020
6415.197 438.025
6416.214 736.355
6417.231 86.355
6418.248 -433.398
6419.265 -786.534
6420.283 -610.595
6421.300 -724.813
6422.317 -253.280
6423.334 -4.861
6424.352 68.918
6425.369 156.560
6426.387 -32.671
6427.404 -421.484
6428.421 -378.898
6429.438 -161.651
6430.455 461.410
6431.473 377.313
6432.490 409.488
6433.507 460.783
6434.524 80.873
6435.542 37.342
6436.559 -1333.097
6437.576 -1034.681
6438.593 -930.739
6439.610 -917.680
6440.628 -942.042
6441.645 -1009.200
6442.662 -480.620
6443.679 -338.184
6444.696 -539.515
6445.713 -246.695
6446.730 16.702
6447.747 -263.779
6448.764 -584.015
6449.782 -737.210
6450.799 -731.188
6451.816 -643.929
6452.833 -417.764
6453.850 -679.391
6454.868 -900.321
6455.885 -992.430
6456.903 -826.678
6457.919 -277.013
6458.936 -5.855
6459.953 342.719
6460.970 293.405
6461.987 553.469
6463.004 503.239
6464.021 343.248
6465.039 236.614
6466.056 353.938
6467.073 346.612
6468.090 301.630
6469.106 230.839
6470.123 79.536
6471.140 121.581
6472.158 -53.578
6473.176 -513.310
6474.193 -593.990
6475.210 -284.643
6476.228 -477.121
6477.244 -723.607
6478.261 -423.076
6479.279 -177.877
6480.296 -142.663
6481.313 -66.905
6482.330 -8.332
6483.348 -170.973
6484.364 -686.475
6485.381 -474.855
6486.398 -335.980
6487.415 -85.389
6488.433 1500.780
6489.450 2731.863
6490.467 348.585
6491.484 -2010.314
6492.502 -2940.291
6493.519 -3298.333
6494.536 -3221.037
6495.553 -3366.859
6496.570 -1467.868
6497.587 -197.136
6498.604 253.876
6499.621 447.848
6500.638 285.500
6501.656 361.505
6502.673 96.823
6503.690 -382.815
6504.706 -1832.613
6505.724 -2042.774
6506.741 -2209.314
6507.758 -2335.521
6508.775 -2483.191
6509.792 -2477.100
6510.808 -1857.955
6511.826 -1561.962
6512.843 -844.329
6513.861 -643.909
6514.879 -460.961
6515.894 26.575
6516.909 154.020
6517.925 101.752
6518.941 -711.115
6519.958 -460.409
6520.974 -326.360
6521.992 -86.165
6523.009 -202.574
6524.026 -283.073
6525.043 -318.811
6526.060 -241.761
6527.076 -187.244
6528.094 -79.257
6529.111 -81.195
6530.127 -246.621
6531.144 -460.608
6532.161 -308.528
6533.178 -272.059
6534.195 -362.547
6535.213 -69.045
6536.230 -395.975
6537.247 -118.032
6538.264 -266.779
6539.281 -360.459
6540.299 -376.771
6541.316 -623.819
6542.333 1179.124
6543.349 530.505
6544.366 112.991
6545.383 309.409
6546.400 688.438
6547.417 529.778
6548.434 -459.498
6549.452 -54.077
6550.468 -478.306
6551.485 -877.879
6552.503 -978.242
6553.520 -1218.728
6554.537 -1291.277
6555.554 -1287.622
6556.571 -1204.563
6557.588 -847.331
6558.605 385.392
6559.622 227.770
6560.638 -491.599
6561.656 -741.428
6562.673 -29.223
6563.690 102.258
6564.707 -333.341
6565.724 -382.086
6566.741 -500.039
6567.758 -533.014
6568.776 -1468.580
6569.793 -1868.348
6570.810 -1719.218
6571.827 -1002.218
6572.844 -454.604
6573.861 -386.665
6574.878 -682.497
6575.895 -2158.603
6576.912 -2708.468
6577.930 -2840.376
6578.947 -2945.150
6579.964 -3131.860
6580.981 -3305.100
6581.998 -3186.341
6583.015 -1773.044
6584.032 -223.404
6585.049 348.748
6586.066 -108.493
6587.084 -325.747
6588.100 -229.325
6589.117 -189.279
6590.134 -286.910
6591.151 -171.435
6592.168 -307.817
6593.185 -378.304
6594.202 -646.663
6595.219 -1208.599
6596.236 -1072.534
6597.253 -8.108
6598.270 314.713
6599.288 317.595
6600.305 363.589
6601.323 518.580
6602.340 554.457
6603.357 594.794
6604.375 507.792
6605.392 463.558
6606.409 166.440
6607.426 -139.336
6608.444 -209.534
6609.460 -867.647
6610.477 -1073.834
6611.494 -1292.408
6612.511 -966.018
6613.529 -766.387
6614.546 -712.206
6615.563 -567.262
6616.580 -1452.983
6617.598 -2026.686
6618.615 -2120.154
6619.632 -2303.456
6620.649 -2664.204
6621.667 -1253.296
6622.684 -866.065
6623.701 -803.635
6624.718 -623.511
6625.735 -709.877
6626.753 -1403.303
6627.771 -1573.189
6628.788 -76.112
6629.804 -102.562
6630.822 -594.025
6631.839 -155.322
6632.856 -1837.577
6633.873 -501.987
6634.890 31.963
6635.907 -880.644
6636.925 -2008.476
6637.942 -1618.315
6638.960 -639.583
6639.976 -234.357
6640.993 68.561
6642.011 269.696
6643.027 -239.202
6644.045 -552.566
6645.062 -474.326
6646.079 -332.103
6647.097 -204.403
6648.114 -160.656
6649.128 -204.958
6650.145 -495.800
6651.162 -285.553
6652.179 -164.636
6653.197 -160.287
6654.213 -291.850
6655.231 -686.801
6656.248 -407.163
6657.265 -592.093
6658.282 -373.805
6659.300 -66.376
6660.317 664.356
6661.335 886.643
6662.352 962.222
6663.370 -1180.389
6664.387 -1307.476
6665.405 -1273.862
6666.422 -908.855
6667.439 -964.710
6668.457 -977.549
6669.474 -854.055
6670.492 -882.561
6671.509 -169.473
6672.527 1168.633
6673.544 1257.372
6674.561 154.286
6675.578 7.344
6676.595 236.679
6677.613 86.119
6678.629 43.625
6679.647 37.324
6680.664 -499.643
6681.682 -609.222
6682.699 -477.427
6683.716 -792.480
6684.734 -892.152
6685.751 -344.025
6686.768 -4.994
6687.786 223.705
6688.803 -8.032
6689.820 74.188
6690.837 -513.591
6691.855 -242.532
6692.872 475.314
6693.889 224.839
6694.907 94.478
6695.924 279.680
6696.940 431.080
6697.955 649.043
6698.970 685.375
6699.987 -733.377
6701.003 -1243.044
6702.020 -1563.006
6703.037 -369.076
6704.054 -68.724
6705.071 -519.700
6706.088 -533.784
6707.104 -689.822
6708.122 -1477.399
6709.139 -3558.506
6710.156 -4491.304
6711.173 -4841.998
6712.191 -5120.087
6713.208 -4436.117
6714.225 -1743.244
6715.242 -879.515
6716.259 -346.756
6717.276 -131.225
6718.294 -205.759
6719.310 -128.444
6720.327 894.608
6721.345 824.192
6722.362 629.468
6723.380 62.949
6724.397 -386.621
6725.414 -2066.515
6726.430 -2895.266
6727.447 -2450.502
6728.464 -1345.970
6729.482 -1132.313
6730.499 -442.746
6731.516 -287.111
6732.533 -150.982
6733.550 -43.052
6734.568 -527.505
6735.585 -965.867
6736.602 -1191.542
6737.619 -38.358
6738.636 25.283
6739.654 -160.735
6740.672 -224.184
6741.688 -37.174
6742.705 -131.571
6743.722 -113.052
6744.739 -68.461
6745.756 -344.531
6746.773 -519.550
6747.790 -103.907
6748.807 134.265
6749.824 33.140
6750.842 20.123
6751.858 144.563
6752.876 -1123.215
6753.892 -1747.395
6754.909 -986.027
6755.926 -329.106
6756.943 -828.308
6757.960 -922.186
6758.977 -940.549
6759.994 -1070.729
6761.012 -839.070
6762.029 -738.107
6763.046 -450.167
6764.063 -1314.061
6765.081 -905.429
6766.098 -490.090
6767.115 -228.172
6768.132 -269.837
6769.150 -298.691
6770.167 -272.705
6771.184 -171.582
6772.201 -84.976
6773.219 140.533
6774.236 263.361
6775.252 -168.455
6776.269 -527.393
6777.287 174.240
6778.304 482.625
6779.322 440.378
6780.339 556.267
6781.356 611.527
6782.373 220.259
6783.392 -97.997
6784.410 -64.579
6785.428 -249.184
6786.445 71.443
6787.462 707.485
6788.479 822.008
6789.496 872.178
6790.513 -155.858
6791.530 -844.722
6792.547 -1104.963
6793.564 -283.807
6794.581 261.422
6795.598 -195.322
6796.615 -383.761
6797.632 -465.110
6798.649 -670.811
6799.666 -459.261
6800.683 -288.292
6801.700 -773.969
6802.717 -919.440
6803.735 -780.206
6804.751 -709.812
6805.769 -382.937
6806.785 -45.116
6807.802 270.441
6808.820 -8.742
6809.837 -187.638
6810.854 -220.848
6811.871 -875.361
6812.888 -540.885
6813.905 -636.163
6814.923 -345.473
6815.939 -229.490
6816.956 -211.347
6817.973 -450.013
6818.991 -497.587
6820.008 -392.324
6821.025 -63.096
6822.043 218.193
6823.060 20.276
6824.076 -152.970
6825.093 -285.481
6826.110 -256.163
6827.127 -472.082
6828.145 -430.683
6829.162 -450.660
6830.181 -369.472
6831.198 -448.650
6832.215 -475.314
6833.231 -462.052
6834.248 -595.979
6835.265 -238.374
6836.283 120.437
6837.300 -68.868
6838.317 -223.801
6839.334 -369.045
6840.351 -385.983
6841.368 -1173.698
6842.385 -1683.309
6843.402 -1085.958
6844.419 -285.978
6845.437 -395.607
6846.454 -11.730
6847.471 -398.675
6848.488 -768.937
6849.505 -1203.864
6850.522 -1250.857
6851.539 -1429.805
6852.556 -1580.667
6853.574 -1839.768
6854.591 -1808.692
6855.608 -1248.736
6856.625 -639.881
6857.643 -802.663
6858.660 -706.394
6859.677 23.131
6860.694 223.400
6861.711 178.281
6862.729 219.011
6863.746 223.868
6864.763 330.898
6865.781 452.811
6866.798 -797.019
6867.815 -1478.990
6868.832 -663.520
6869.849 -391.695
6870.866 -452.113
6871.883 -1044.005
6872.901 -1157.425
6873.918 -1145.893
6874.935 -1127.207
6875.953 -1246.745
6876.971 -1162.158
6877.989 -1324.406
6879.005 -1230.638
6880.021 -463.296
6881.036 -67.438
6882.053 -128.175
6883.069 814.349
6884.086 502.725
6885.102 1798.999
6886.119 1363.877
6887.136 541.430
6888.153 -175.914
6889.170 -564.944
6890.187 -1061.138
6891.204 -696.001
6892.222 155.014
6893.238 -615.706
6894.255 -924.079
6895.272 -1204.546
6896.289 -1284.114
6897.306 -1259.911
6898.323 -1061.016
6899.340 -869.062
6900.357 -699.203
6901.374 -671.510
6902.391 146.903
6903.408 346.451
6904.425 411.879
6905.442 413.313
6906.459 -594.785
6907.476 -1020.745
6908.493 -1243.512
6909.510 -560.595
6910.527 -479.871
6911.544 -610.130
6912.561 388.594
6913.578 -93.646
6914.596 -386.502
6915.613 -897.015
6916.630 -264.871
6917.646 320.238
6918.663 470.832
6919.680 511.711
6920.697 89.315
6921.713 -274.266
6922.731 26.316
6923.748 334.859
6924.766 429.886
6925.783 99.997
6926.799 -226.779
6927.816 -436.013
6928.833 -364.257
6929.850 -390.452
6930.867 -462.142
6931.884 -490.979
6932.901 -281.769
6933.918 -71.688
6934.935 634.639
6935.952 640.068
6936.969 681.324
6937.986 168.945
6939.003 115.251
6940.021 301.637
6941.037 1140.242
6942.054 1085.355
6943.071 1071.724
6944.088 152.901
6945.105 -513.896
6946.122 -266.216
6947.139 -216.059
6948.156 -206.213
6949.173 -177.004
6950.191 -294.111
6951.208 -291.440
6952.225 -433.562
6953.243 -1302.908
6954.260 -1509.516
6955.277 -1508.977
6956.295 -1799.115
6957.311 -952.553
6958.329 -655.518
6959.346 -654.892
6960.363 -911.772
6961.380 -852.225
6962.397 -930.920
6963.414 -838.969
6964.432 -1024.325
6965.449 -1102.122
6966.465 -1122.963
6967.482 -2872.046
6968.500 -4630.333
6969.516 -4677.407
6970.534 -1209.718
6971.551 -157.594
6972.569 -173.110
6973.586 -110.602
6974.603 -371.231
6975.620 -940.307
6976.637 -1223.212
6977.654 -1507.369
6978.672 -1424.995
6979.689 -1469.404
6980.707 -1395.872
6981.723 -1630.438
6982.740 -1707.098
6983.758 -1717.505
6984.775 -1079.058
6985.792 -1271.799
6986.810 -1279.963
6987.827 -1245.174
6988.844 -662.244
6989.863 -1214.471
6990.880 -3541.884
6991.897 -775.348
6992.914 -54.535
6993.932 -398.475
6994.949 -594.535
6995.966 -657.345
6996.983 -1131.248
6998.000 -1082.305
6999.018 -1152.830
7000.034 -1128.645
7001.051 -1085.715
7002.068 -512.870
7003.085 -25.996
7004.103 -245.108
7005.120 -243.893
7006.137 -97.379
7007.155 23.214
7008.172 -233.125
7009.189 -441.782
7010.206 -500.636
7011.224 -495.363
7012.240 -531.027
7013.258 -780.937
7014.275 -956.478
7015.293 -982.676
7016.310 -1477.050
7017.326 -1095.122
7018.343 -567.050
7019.361 -298.968
7020.378 -62.186
7021.395 -70.623
7022.413 -94.644
7023.429 -820.466
7024.447 -1255.991
7025.464 -1155.475
7026.482 -865.178
7027.499 1152.855
7028.516 1750.982
7029.533 1830.435
7030.551 1717.956
7031.568 151.591
7032.584 -1260.403
7033.602 -2141.516
7034.619 -2562.656
7035.637 -2503.716
7036.654 -2568.437
7037.670 -2533.862
7038.687 -2470.545
7039.704 -636.723
7040.721 -26.419
7041.738 -567.461
7042.755 -93.098
7043.772 -42.482
7044.790 -4.990
7045.807 -277.532
7046.824 -701.630
7047.840 -817.982
7048.858 -549.827
7049.875 -1510.999
7050.892 -2836.475
7051.909 -3469.249
7052.926 -1443.442
7053.944 194.098
7054.961 -51.447
7055.978 -348.498
7056.995 -320.945
7058.013 -258.775
7059.030 -201.785
7060.048 -639.473
7061.065 -1073.026
7062.081 -860.224
7063.096 -861.261
7064.111 -806.131
7065.127 -1043.233
7066.144 -1220.294
7067.161 -466.502
7068.179 -420.039
7069.195 -645.587
7070.212 -659.823
7071.229 -587.686
7072.246 -887.629
7073.263 -704.223
7074.279 -692.831
7075.296 -887.093
7076.313 -951.031
7077.330 -719.082
7078.347 -429.624
7079.364 -717.255
7080.381 -612.363
7081.398 -678.602
7082.415 -698.751
7083.432 -796.623
7084.449 -312.616
7085.468 -137.042
7086.485 -75.706
7087.502 -135.636
7088.519 -79.976
7089.536 -86.411
7090.553 -111.181
7091.570 -274.329
7092.587 -354.877
7093.604 -161.334
7094.622 7.082
7095.639 -242.315
7096.656 -319.919
7097.673 -436.432
7098.690 -453.014
7099.708 -439.699
7100.725 -260.693
7101.742 472.436
7102.759 -366.811
7103.776 144.379
7104.794 329.896
7105.811 766.507
7106.829 1461.675
7107.846 -948.689
7108.863 -1250.288
7109.880 -915.316
7110.897 -954.237
7111.915 -941.275
7112.932 -851.314
7113.949 -89.334
7114.966 479.548
7115.984 621.177
7117.001 837.763
7118.018 1049.501
7119.035 1786.863
7120.052 1877.389
7121.070 985.753
7122.087 549.659
7123.104 318.000
7124.121 159.048
7125.138 8.524
7126.156 -847.088
7127.173 -1148.371
7128.190 -1155.357
7129.207 -1104.093
7130.223 -1108.022
7131.240 -1085.572
7132.258 -640.918
7133.275 -2078.116
7134.292 -2759.773
7135.308 -1132.530
7136.325 -512.376
7137.342 -252.659
7138.360 -305.227
7139.377 -819.693
7140.394 -1163.543
7141.411 -869.595
7142.428 -301.456
7143.445 -284.063
7144.463 -425.463
7145.480 -614.411
7146.497 178.777
7147.514 540.623
7148.531 754.638
7149.549 337.925
7150.566 -87.245
7151.583 17.855
7152.600 179.089
7153.617 -418.413
7154.634 -988.240
7155.651 -1263.362
7156.668 -1438.084
7157.685 -2077.228
7158.703 -1288.532
7159.720 -1226.519
7160.736 -449.513
7161.754 1105.221
7162.771 1796.888
7163.788 1720.985
7164.805 1787.807
7165.822 1450.465
7166.839 301.049
7167.856 -53.757
7168.874 -275.433
7169.891 -732.818
7170.908 -381.146
7171.925 -246.216
7172.942 488.516
7173.959 639.193
7174.976 772.242
7175.993 1.754
7177.010 -50.597
7178.027 -302.435
7179.044 -615.062
7180.062 -639.053
7181.079 493.905
7182.097 66.652
7183.114 -105.717
7184.131 -1081.633
7185.148 -651.738
7186.165 94.588
7187.181 72.584
7188.198 -330.739
