0.000 311.266
0.115 315.638
0.232 320.035
0.350 324.517
0.467 328.914
0.584 333.369
0.701 337.812
0.818 -10.197
0.935 -5.748
1.052 -1.304
1.169 3.094
1.286 7.522
1.403 11.967
1.519 16.322
1.636 20.785
1.753 25.177
1.870 29.610
1.987 34.077
2.104 38.462
2.221 5.464
2.338 5.809
2.455 6.190
2.572 6.597
2.689 7.014
2.806 7.378
2.923 7.782
3.040 8.185
3.157 8.583
3.274 8.926
3.391 9.186
3.508 9.411
3.625 -17.767
3.742 -17.485
3.859 -17.217
3.976 -16.962
4.093 -16.729
4.210 -16.448
4.327 -16.152
4.444 -15.774
4.561 -15.395
4.679 -44.451
4.796 -44.096
4.913 -43.707
5.029 -43.347
5.147 -42.944
5.263 -42.554
5.381 -42.210
5.498 -41.810
5.615 -41.441
5.732 -41.104
5.849 -40.730
5.967 -40.327
6.084 -39.970
6.201 -39.604
6.318 -39.262
6.435 -38.904
6.552 -38.528
6.669 -38.115
6.786 -37.779
6.904 -37.404
7.020 -37.045
7.138 -36.649
7.254 -36.255
7.372 -35.872
7.488 -35.509
7.605 -35.152
7.721 -34.743
7.839 -34.399
7.956 -33.969
8.073 -33.602
8.190 -33.255
8.307 -60.050
8.424 -59.742
8.541 -59.311
8.658 -59.001
8.775 -58.572
8.892 -58.228
9.009 -57.844
9.126 -57.467
9.243 -57.100
9.360 -56.764
9.477 -56.392
9.594 -56.036
9.712 -55.687
9.829 -55.324
9.947 -55.006
10.064 -54.638
10.181 -54.299
10.298 -53.989
10.415 -53.555
10.532 -53.165
10.649 -52.767
10.766 -52.381
10.882 -52.009
10.998 -51.589
11.116 -51.221
11.233 -50.829
11.350 -50.463
11.467 -50.072
12.484 -46.841
13.501 -43.722
14.519 -40.660
15.536 -37.501
16.553 -35.300
17.570 -32.039
18.587 -28.897
19.605 -25.876
20.623 -22.704
21.640 -19.596
22.657 -16.448
23.674 -13.500
24.692 -10.561
25.709 -7.457
26.727 -4.475
27.744 -1.429
28.761 1.741
29.779 4.730
30.796 7.714
31.814 10.944
32.831 14.092
33.849 17.103
34.866 20.058
35.884 23.201
36.901 26.189
37.918 29.270
38.936 32.290
39.953 35.290
40.970 38.361
41.988 41.495
43.005 44.758
44.023 47.672
45.040 50.598
46.056 53.840
47.071 56.753
48.088 59.840
49.105 63.113
50.122 66.060
51.140 69.006
52.158 72.344
53.175 68.494
54.192 64.652
55.210 60.671
56.227 56.694
57.244 53.255
58.262 49.520
59.279 45.669
60.296 41.810
61.312 37.638
62.329 33.693
63.347 29.711
64.364 25.902
65.381 22.134
66.398 18.626
67.415 14.868
68.433 11.076
69.450 7.081
70.467 3.135
71.485 -0.631
72.502 -4.603
73.519 -8.438
74.536 -12.315
75.554 -16.122
76.571 -19.928
77.589 -23.634
78.606 -27.400
79.623 -31.289
80.640 -35.203
81.658 -39.078
82.676 -42.750
83.694 -46.667
84.711 -50.515
85.728 -54.224
86.746 -58.010
87.763 -61.964
88.780 -65.880
89.798 -69.741
90.815 -73.567
91.830 -77.418
92.845 -81.233
93.861 -85.018
94.877 -88.768
95.893 -92.539
96.910 -96.268
97.927 -100.237
98.944 -103.933
99.961 -107.624
100.978 -111.483
101.995 -115.405
103.011 -119.120
104.029 -122.846
105.045 -126.883
106.062 -130.856
107.079 -134.681
108.097 -138.324
109.114 -142.064
110.131 -146.035
111.148 -149.716
112.165 -153.473
113.182 -157.257
114.198 -161.253
115.215 -165.062
116.232 -168.642
117.249 -172.323
118.266 -176.094
119.283 -180.178
120.300 -183.972
121.317 -187.942
122.334 -191.772
123.352 -195.328
124.368 -199.025
125.385 -202.669
126.403 -206.493
127.420 -210.480
128.437 -214.256
129.454 -218.040
130.472 -221.979
131.489 -225.800
132.506 -229.498
133.523 -233.302
134.540 -237.202
135.557 -240.944
136.575 -244.619
137.591 -248.520
138.609 -252.076
139.625 -255.841
140.642 -259.679
141.659 -263.663
142.677 -267.537
143.693 -271.331
144.711 -275.066
145.727 -278.603
146.745 -282.302
147.762 -286.085
148.779 -290.011
149.796 -293.958
150.814 -297.830
151.831 -301.502
152.848 -305.317
153.865 -309.154
154.884 -312.919
155.901 -316.595
156.919 -320.245
157.936 -324.116
158.953 -328.081
159.970 -331.883
160.987 -335.642
162.005 -339.369
163.022 -343.202
164.039 -346.832
165.056 -350.705
166.074 -354.497
167.091 -358.424
168.106 -362.275
169.123 -365.784
170.140 -369.495
171.158 -373.146
172.176 -377.079
173.193 -380.945
174.211 -384.876
175.228 -388.512
176.246 -392.303
177.264 -396.050
178.282 -399.644
179.299 -403.323
180.316 -407.142
181.334 -410.870
182.351 -414.882
183.369 -418.733
184.386 -422.590
185.403 -426.412
186.420 -430.104
187.437 -433.846
188.454 -437.603
189.472 -441.565
190.489 -445.061
191.506 -448.727
192.523 -452.751
193.540 -456.561
194.557 -460.375
195.574 -463.920
196.591 -467.663
197.609 -471.511
198.626 -475.364
199.643 -478.956
200.661 -482.593
201.678 -486.386
202.695 -490.183
203.712 -493.969
204.729 -497.795
205.746 -501.736
206.763 -505.545
207.781 -509.217
208.798 -512.971
209.815 -516.803
210.832 -520.468
211.850 -524.232
212.867 -528.008
213.885 -531.553
214.902 -535.446
215.919 -539.210
216.937 -543.023
217.955 -546.657
218.972 -550.318
219.990 -554.221
221.006 -557.986
222.024 -43.258
223.040 -46.997
224.058 -50.902
225.076 -54.780
226.093 -58.554
227.111 -62.130
228.129 -65.832
229.146 -264.821
230.163 -268.660
231.180 -272.589
232.197 -276.072
233.216 -279.937
234.233 -283.488
235.250 -287.417
236.267 -291.152
237.284 -294.716
238.302 -58.670
239.319 -62.325
240.336 -66.303
241.354 -69.966
242.371 -73.799
243.389 -77.637
244.407 -81.284
245.424 -52.195
246.442 -56.045
247.459 -60.019
248.476 -63.725
249.494 -67.235
250.511 -71.004
251.528 -74.772
252.545 -78.447
253.563 -47.907
254.580 -51.675
255.598 -55.640
256.616 -59.465
257.633 -63.283
258.651 -66.948
259.668 -70.567
260.685 -74.280
261.703 -78.023
262.721 -48.936
263.738 -49.255
264.756 -49.864
265.774 -50.222
266.790 -50.466
267.807 -50.998
268.825 -51.579
269.843 -51.881
270.860 -52.358
271.876 -32.768
272.892 -33.369
273.908 -33.903
274.924 -34.145
275.941 -34.533
276.955 -97.352
277.972 -97.751
278.989 -98.300
280.006 -98.668
281.023 -98.948
282.040 -99.360
283.056 -99.791
284.074 -100.156
285.091 -100.710
286.108 -101.069
287.125 -101.482
288.142 -101.758
289.159 -102.250
290.176 -102.727
291.193 -103.429
292.210 -103.589
293.228 -103.891
294.245 -104.219
295.262 -104.656
296.279 -105.054
297.297 -105.478
298.314 -106.075
299.331 -106.653
300.348 -106.817
301.365 -106.827
302.382 -106.865
303.399 -106.842
304.416 -106.671
305.433 -106.486
306.450 -106.278
307.467 -106.420
308.485 -106.371
309.502 -106.209
310.519 -105.990
311.536 -105.671
312.554 -105.589
313.571 -105.715
314.588 -105.640
315.605 -105.410
316.622 -105.373
317.639 -105.425
318.657 -105.389
319.674 -105.105
320.691 -104.787
321.709 -104.568
322.726 -104.355
323.743 -104.321
324.761 -104.253
325.777 -103.927
326.795 -103.876
327.812 -103.696
328.829 -103.583
329.846 -103.413
330.864 -103.300
331.881 -103.250
332.899 -103.091
333.916 -102.791
334.934 -102.569
335.950 -102.424
336.967 -102.352
337.985 -102.173
339.002 -101.925
340.019 -101.890
341.037 -101.658
342.054 -101.476
343.071 -101.478
344.088 -101.312
345.105 -101.260
346.122 -100.930
347.140 -100.684
348.157 -100.648
349.175 -100.485
350.192 -100.494
351.209 -100.413
352.226 -100.253
353.243 -100.145
354.261 -99.914
355.278 -99.742
356.296 -99.531
357.312 -99.461
358.329 -99.075
359.347 -99.033
360.364 -98.979
361.382 -98.602
362.399 -98.622
363.416 -98.318
364.433 -98.337
365.451 -98.318
366.469 -98.248
367.486 -98.078
368.503 -97.911
369.520 -97.844
370.538 -97.984
371.555 -97.941
372.572 -97.634
373.590 -97.360
374.608 -97.419
375.625 -97.331
376.642 -97.313
377.660 -97.163
378.677 -97.015
379.694 -96.769
380.711 -96.702
381.729 -96.652
382.746 -96.695
383.763 -96.599
384.780 -96.490
385.797 -96.420
386.814 -96.360
387.832 -96.281
388.849 -96.040
389.867 -95.798
390.884 -95.998
391.900 -96.237
392.916 -96.392
393.934 -96.442
394.951 -96.685
395.968 -96.709
396.985 -96.895
398.002 -97.030
399.020 -97.294
400.037 -97.549
401.054 -97.506
402.071 -97.476
403.089 -97.485
404.105 -97.966
405.123 -98.087
406.140 -98.115
407.158 -98.294
408.176 -98.482
409.193 -98.788
410.211 -98.793
411.228 -98.709
412.246 -98.938
413.263 -99.061
414.280 -99.021
415.297 -99.370
416.314 -99.500
417.332 -99.575
418.349 -99.850
419.366 -99.915
420.383 -99.882
421.400 -100.230
422.417 -100.244
423.434 -100.443
424.452 -100.805
425.469 -100.926
426.487 -100.586
427.504 -100.374
428.520 -100.234
429.538 -100.216
430.555 -100.300
431.573 -100.371
432.590 -100.180
433.607 -100.142
434.624 -100.065
435.641 -99.682
436.660 -99.632
437.678 -99.631
438.695 -99.572
439.712 -99.399
440.729 -99.113
441.747 -99.044
442.764 -98.967
443.781 -98.839
444.799 -98.561
445.816 -98.528
446.833 -98.510
447.850 -98.349
448.868 -98.252
449.886 -98.328
450.904 -98.232
451.920 -98.111
452.936 -97.999
453.951 -97.869
454.968 -97.924
455.983 -97.816
457.000 -97.668
458.017 -97.397
459.033 -97.092
460.050 -97.195
461.066 -97.120
462.084 -96.828
463.101 -96.846
464.118 -96.933
465.136 -96.610
466.153 -96.450
467.170 -96.360
468.187 -96.231
469.204 -96.214
470.221 -96.193
471.238 -96.096
472.255 -95.819
473.272 -95.976
474.288 -95.611
475.302 -95.758
476.319 -95.650
477.337 -95.574
478.354 -95.457
479.372 -95.170
480.388 -95.151
481.406 -95.021
482.423 -94.940
483.440 -94.821
484.458 -94.450
485.475 -94.217
486.492 -94.224
487.509 -94.143
488.526 -94.094
489.543 -93.950
490.560 -94.026
491.578 -93.850
492.594 -93.705
493.612 -93.717
494.628 -93.410
495.646 -93.276
496.663 -93.400
497.680 -93.275
498.697 -92.923
499.714 -92.778
500.732 -92.787
501.748 -92.795
502.766 -92.705
503.783 -92.581
504.800 -92.395
505.817 -92.138
506.834 -92.064
507.852 -92.050
508.869 -91.973
509.886 -91.758
510.903 -91.666
511.921 -91.749
512.938 -91.708
513.955 -91.625
514.972 -91.511
515.989 -91.258
517.006 -91.186
518.023 -91.045
519.040 -91.046
520.057 -90.731
521.075 -90.615
522.092 -90.495
523.109 -90.310
524.126 -90.076
525.144 -90.221
526.161 -90.208
527.179 -90.142
528.196 -90.109
529.213 -90.080
530.230 -89.597
531.248 -89.556
532.265 -89.332
533.283 -89.407
534.300 -89.185
535.317 -89.171
536.334 -88.873
537.351 -88.954
538.368 -88.841
539.386 -88.559
540.403 -88.721
541.420 -88.621
542.437 -88.291
543.455 -88.179
544.472 -88.304
545.489 -88.309
546.507 -88.080
547.525 -88.219
548.542 -88.032
549.560 -87.862
550.577 -87.684
551.595 -87.657
552.612 -87.550
553.629 -87.508
554.646 -87.598
555.663 -87.391
556.680 -87.268
557.698 -87.062
558.716 -87.049
559.733 -87.103
560.750 -87.084
561.767 -87.051
562.785 -86.863
563.802 -86.659
564.821 -86.421
565.838 -86.342
566.855 -86.281
567.872 -86.108
568.890 -86.088
569.907 -86.040
570.924 -85.862
571.941 -85.832
572.959 -85.821
573.975 -85.773
574.993 -85.581
576.010 -85.636
577.027 -85.453
578.045 -85.347
579.062 -85.353
580.079 -85.405
581.096 -85.170
582.113 -84.880
583.130 -84.818
584.147 -84.590
585.164 -84.453
586.182 -84.716
587.199 -84.668
588.216 -84.511
589.233 -84.390
590.251 -84.243
591.268 -84.314
592.285 -84.133
593.302 -84.115
594.319 -84.110
595.336 -84.137
596.354 -83.847
597.371 -83.401
598.389 -83.428
599.406 -83.347
600.424 -83.146
601.441 -83.086
602.459 -83.184
603.476 -82.997
604.494 -82.841
605.511 -82.933
606.528 -82.828
607.545 -82.767
608.563 -82.757
609.580 -82.683
610.598 -82.376
611.615 -82.296
612.632 -82.315
613.649 -82.238
614.666 -82.166
615.684 -82.176
616.701 -82.134
617.719 -81.970
618.737 -81.772
619.754 -81.631
620.772 -81.599
621.789 -81.628
622.807 -81.507
623.823 -81.270
624.841 -81.050
625.858 -80.940
626.875 -80.887
627.893 -80.820
628.911 -80.747
629.929 -80.669
630.946 -80.514
631.963 -80.545
632.978 -80.611
633.993 -80.482
635.009 -80.349
636.025 -80.150
637.042 -79.968
638.060 -80.122
639.077 -80.100
640.094 -80.160
641.112 -80.032
642.129 -79.741
643.146 -79.631
644.163 -79.718
645.180 -79.813
646.197 -79.599
647.214 -79.586
648.232 -79.500
649.250 -79.533
650.267 -79.370
651.284 -79.374
652.301 -79.181
653.318 -79.496
654.335 -79.286
655.353 -79.393
656.370 -79.245
657.387 -79.100
658.404 -79.108
659.421 -79.063
660.438 -79.144
661.455 -79.126
662.473 -78.939
663.490 -78.794
664.507 -78.738
665.524 -78.861
666.541 -79.023
667.558 -78.822
668.575 -78.627
669.593 -78.484
670.610 -78.567
671.628 -78.706
672.646 -78.524
673.662 -78.441
674.679 -78.420
675.696 -78.544
676.713 -78.451
677.730 -78.192
678.747 -78.169
679.764 -78.091
680.781 -78.019
681.798 -78.126
682.815 -78.266
683.832 -78.166
684.850 -78.076
685.867 -77.970
686.884 -78.060
687.902 -77.963
688.919 -77.818
689.936 -77.871
690.954 -77.886
691.972 -77.819
692.989 -77.512
694.006 -77.488
695.024 -77.485
696.041 -77.604
697.058 -77.418
698.075 -77.387
699.092 -77.635
700.110 -77.479
701.127 -77.379
702.144 -77.431
703.162 -77.384
704.180 -77.390
705.197 -76.987
706.214 -76.924
707.232 -76.922
708.249 -76.945
709.266 -76.968
710.283 -76.899
711.301 -77.093
712.318 -77.042
713.335 -76.912
714.352 -76.650
715.369 -76.908
716.386 -76.920
717.404 -76.798
718.421 -76.708
719.438 -76.434
720.454 -76.552
721.472 -76.494
722.489 -76.481
723.506 -76.522
724.523 -76.296
725.541 -76.217
726.558 -76.292
727.576 -76.232
728.593 -76.251
729.611 -76.257
730.629 -76.376
731.646 -76.279
732.663 -76.121
733.681 -76.058
734.698 -75.975
735.715 -75.927
736.732 -75.811
737.750 -75.916
738.767 -75.930
739.784 -75.731
740.801 -75.736
741.819 -75.941
742.836 -75.932
743.853 -75.775
744.871 -75.620
745.888 -75.523
746.906 -75.452
747.923 -75.264
748.940 -75.196
749.958 -75.155
750.974 -75.022
751.992 -75.060
753.009 -75.084
754.026 -75.127
755.043 -75.168
756.061 -75.175
757.078 -75.044
758.095 -75.126
759.113 -75.025
760.130 -74.848
761.147 -74.648
762.164 -74.501
763.181 -74.841
764.199 -74.809
765.216 -74.621
766.234 -74.646
767.251 -74.831
768.268 -74.679
769.286 -74.582
770.303 -74.757
771.320 -74.540
772.337 -74.405
773.354 -74.441
774.372 -74.217
775.389 -74.416
776.406 -74.163
777.424 -74.103
778.441 -73.997
779.458 -74.177
780.476 -74.176
781.493 -74.022
782.509 -73.901
783.526 -73.883
784.544 -74.036
785.561 -73.862
786.578 -73.728
787.596 -73.593
788.614 -73.577
789.630 -73.710
790.647 -73.613
791.664 -73.513
792.681 -73.655
793.698 -73.591
794.715 -73.505
795.733 -73.453
796.751 -73.230
797.768 -73.065
798.786 -73.073
799.803 -73.143
800.820 -73.064
801.838 -72.966
802.855 -73.115
803.873 -73.118
804.890 -72.922
805.904 -72.744
806.922 -72.758
807.940 -72.793
808.957 -72.772
809.975 -72.780
810.992 -72.689
812.008 -72.686
813.023 -72.659
814.039 -72.517
815.055 -72.578
816.072 -72.432
817.088 -72.480
818.105 -72.433
819.122 -72.477
820.139 -72.348
821.156 -72.230
822.173 -72.325
823.190 -72.130
824.207 -72.066
825.224 -71.904
826.242 -71.920
827.259 -71.856
828.276 -71.995
829.293 -72.100
830.310 -71.894
831.327 -72.024
832.344 -71.967
833.361 -71.695
834.378 -71.682
835.395 -71.505
836.412 -71.452
837.429 -71.434
838.446 -71.698
839.463 -71.692
840.480 -71.669
841.497 -71.775
842.514 -71.612
843.531 -71.293
844.549 -71.260
845.566 -71.389
846.584 -71.242
847.601 -71.188
848.618 -71.204
849.636 -71.239
850.653 -71.163
851.670 -70.950
852.688 -71.038
853.706 -71.028
854.723 -70.913
855.740 -70.888
856.758 -70.825
857.775 -70.667
858.793 -70.698
859.810 -70.700
860.827 -70.631
861.844 -70.677
862.861 -70.446
863.878 -70.276
864.896 -70.329
865.912 -70.293
866.929 -70.438
867.946 -70.466
868.963 -70.419
869.980 -70.172
870.998 -70.076
872.015 -70.252
873.032 -70.273
874.049 -70.213
875.066 -69.972
876.084 -70.036
877.101 -69.850
878.118 -69.634
879.136 -69.781
880.153 -69.885
881.171 -69.884
882.188 -69.779
883.206 -69.658
884.223 -69.654
885.240 -69.616
886.257 -69.598
887.274 -69.638
888.292 -69.399
889.310 -69.390
890.327 -69.433
891.344 -69.210
892.361 -69.232
893.379 -69.262
894.396 -69.299
895.413 -69.512
896.430 -69.235
897.447 -69.264
898.464 -69.087
899.482 -69.071
900.499 -69.342
901.516 -69.139
902.533 -69.020
903.551 -69.083
904.568 -69.056
905.585 -68.969
906.602 -69.026
907.620 -69.271
908.637 -69.276
909.655 -69.110
910.672 -68.972
911.689 -68.933
912.707 -69.061
913.724 -69.082
914.742 -68.990
915.760 -68.958
916.777 -68.801
917.794 -68.851
918.812 -68.835
919.829 -68.828
920.846 -68.885
921.864 -68.892
922.881 -68.695
923.898 -68.679
924.915 -68.849
925.933 -68.883
926.950 -68.682
927.968 -68.673
928.985 -68.613
930.002 -68.581
931.019 -68.589
932.037 -68.740
933.054 -68.503
934.071 -68.407
935.089 -68.535
936.106 -68.545
937.123 -68.424
938.140 -68.519
939.158 -68.556
940.175 -68.675
941.192 -68.580
942.210 -68.336
943.227 -68.244
944.244 -68.299
945.262 -68.563
946.279 -68.534
947.296 -68.335
948.314 -68.651
949.331 -68.592
950.349 -68.619
951.365 -68.462
952.383 -68.366
953.400 -68.250
954.418 -68.284
955.435 -68.441
956.452 -68.553
957.470 -68.545
958.487 -68.389
959.504 -68.512
960.521 -68.407
961.539 -68.307
962.556 -68.444
963.574 -68.541
964.591 -68.649
965.609 -68.610
966.626 -68.467
967.643 -68.285
968.661 -68.381
969.678 -68.433
970.695 -68.274
971.713 -68.290
972.730 -68.383
973.747 -68.515
974.764 -68.388
975.782 -68.494
976.799 -68.589
977.816 -68.591
978.833 -68.583
979.850 -68.416
980.868 -68.361
981.885 -68.462
982.902 -68.577
983.920 -68.503
984.937 -68.506
985.955 -68.448
986.971 -68.483
987.989 -68.490
989.007 -68.433
990.025 -68.637
991.042 -68.690
992.057 -68.744
993.072 -68.682
994.088 -68.547
995.103 -68.460
996.120 -68.530
997.136 -68.819
998.153 -68.753
999.171 -68.587
1000.188 -68.854
1001.205 -68.672
1002.222 -68.827
1003.238 -68.951
1004.255 -68.998
1005.269 -68.994
1006.286 -68.960
1007.303 -68.731
1008.320 -68.689
1009.337 -68.852
1010.355 -68.741
1011.372 -68.871
1012.389 -68.757
1013.405 -68.691
1014.422 -68.838
1015.439 -68.835
1016.455 -68.915
1017.472 -68.906
1018.490 -69.070
1019.507 -68.783
1020.525 -68.755
1021.542 -68.865
1022.560 -68.980
1023.577 -69.047
1024.594 -68.893
1025.611 -68.955
1026.629 -69.013
1027.646 -68.964
1028.663 -68.985
1029.680 -68.898
1030.697 -69.068
1031.714 -69.193
1032.732 -69.102
1033.749 -69.096
1034.766 -69.124
1035.785 -69.136
1036.802 -69.156
1037.820 -69.294
1038.837 -69.178
1039.854 -69.148
1040.870 -69.126
1041.888 -69.188
1042.905 -69.076
1043.922 -69.150
1044.939 -69.161
1045.956 -69.097
1046.973 -69.031
1047.991 -69.008
1049.008 -69.192
1050.025 -69.192
1051.042 -69.205
1052.060 -69.185
1053.077 -69.374
1054.095 -69.386
1055.113 -69.234
1056.130 -69.204
1057.147 -69.291
1058.165 -69.336
1059.182 -69.608
1060.199 -69.461
1061.215 -69.364
1062.233 -69.320
1063.250 -69.363
1064.267 -69.664
1065.283 -69.774
1066.300 -69.671
1067.318 -69.800
1068.335 -69.730
1069.352 -69.688
1070.371 -69.468
1071.388 -69.628
1072.405 -69.638
1073.422 -69.669
1074.439 -69.730
1075.456 -69.596
1076.473 -69.700
1077.490 -69.582
1078.508 -69.591
1079.525 -69.640
1080.542 -69.706
1081.559 -69.712
1082.576 -69.796
1083.594 -69.616
1084.610 -69.631
1085.628 -69.793
1086.645 -69.818
1087.662 -69.946
1088.680 -70.070
1089.697 -70.068
1090.714 -70.133
1091.732 -69.949
1092.749 -69.851
1093.767 -69.941
1094.784 -70.010
1095.801 -70.096
1096.819 -70.144
1097.837 -70.055
1098.854 -69.950
1099.871 -70.009
1100.889 -70.165
1101.906 -70.246
1102.923 -70.220
1103.940 -70.142
1104.958 -70.192
1105.975 -70.217
1106.993 -70.086
1108.010 -70.088
1109.028 -70.103
1110.045 -70.314
1111.062 -70.267
1112.079 -70.388
1113.096 -70.288
1114.113 -70.147
1115.131 -70.258
1116.148 -70.313
1117.166 -70.431
1118.182 -70.579
1119.200 -70.337
1120.217 -70.586
1121.234 -70.351
1122.251 -70.429
1123.268 -70.474
1124.285 -70.425
1125.303 -70.538
1126.321 -70.401
1127.337 -70.488
1128.355 -70.401
1129.372 -70.325
1130.389 -70.333
1131.407 -70.756
1132.424 -70.572
1133.441 -70.527
1134.459 -70.774
1135.476 -70.812
1136.494 -70.924
1137.512 -70.899
1138.529 -70.733
1139.547 -70.728
1140.564 -70.848
1141.582 -70.896
1142.599 -70.906
1143.616 -70.983
1144.634 -70.901
1145.651 -70.782
1146.668 -70.947
1147.686 -70.871
1148.703 -70.818
1149.720 -70.841
1150.737 -70.938
1151.754 -71.013
1152.770 -70.918
1153.788 -71.073
1154.805 -71.299
1155.822 -71.336
1156.840 -71.181
1157.857 -70.992
1158.875 -70.798
1159.892 -70.792
1160.909 -70.935
1161.926 -71.092
1162.944 -71.000
1163.961 -71.181
1164.978 -71.171
1165.995 -71.302
1167.013 -71.164
1168.031 -71.162
1169.048 -71.185
1170.066 -71.299
1171.084 -71.129
1172.102 -71.469
1173.119 -71.383
1174.134 -71.410
1175.149 -71.588
1176.165 -71.459
1177.181 -71.319
1178.197 -71.217
1179.214 -71.229
1180.231 -71.368
1181.247 -71.697
1182.264 -71.466
1183.281 -71.698
1184.298 -71.580
1185.315 -71.617
1186.333 -71.464
1187.350 -71.467
1188.366 -71.672
1189.384 -71.588
1190.401 -71.528
1191.418 -71.619
1192.435 -71.565
1193.452 -71.821
1194.469 -71.883
1195.486 -71.820
1196.503 -71.766
1197.519 -71.826
1198.537 -71.854
1199.554 -71.916
1200.572 -71.868
1201.589 -71.814
1202.607 -71.765
1203.624 -71.776
1204.641 -71.810
1205.658 -71.835
1206.675 -71.915
1207.692 -72.038
1208.709 -71.940
1209.727 -71.906
1210.744 -72.154
1211.761 -72.072
1212.778 -71.992
1213.796 -71.987
1214.813 -71.905
1215.831 -72.096
1216.848 -72.350
1217.866 -72.354
1218.883 -72.291
1219.900 -72.112
1220.918 -72.104
1221.935 -72.197
1222.952 -72.297
1223.970 -72.189
1224.988 -72.234
1226.005 -72.386
1227.022 -72.315
1228.038 -72.322
1229.056 -72.221
1230.072 -72.196
1231.089 -72.199
1232.106 -72.302
1233.124 -72.323
1234.141 -72.444
1235.157 -72.436
1236.174 -72.592
1237.192 -72.703
1238.209 -72.783
1239.226 -72.656
1240.243 -72.498
1241.260 -72.393
1242.277 -72.478
1243.295 -72.469
1244.312 -72.705
1245.329 -72.563
1246.347 -72.789
1247.364 -72.810
1248.381 -72.843
1249.398 -73.092
1250.415 -73.050
1251.433 -73.083
1252.450 -73.066
1253.469 -72.811
1254.486 -72.944
1255.502 -73.004
1256.519 -72.939
1257.536 -72.958
1258.554 -73.094
1259.571 -73.016
1260.589 -73.226
1261.606 -73.113
1262.623 -73.008
1263.641 -73.167
1264.658 -73.284
1265.676 -73.283
1266.693 -73.278
1267.711 -73.245
1268.728 -73.347
1269.746 -73.371
1270.763 -73.533
1271.780 -73.493
1272.797 -73.329
1273.815 -73.258
1274.832 -73.331
1275.849 -73.493
1276.867 -73.545
1277.884 -73.588
1278.902 -73.635
1279.919 -73.604
1280.936 -73.642
1281.953 -73.529
1282.971 -73.531
1283.987 -73.639
1285.004 -73.745
1286.022 -73.783
1287.039 -73.657
1288.056 -73.921
1289.074 -73.845
1290.091 -73.854
1291.108 -73.951
1292.126 -73.957
1293.143 -73.978
1294.161 -74.063
1295.179 -74.148
1296.196 -74.150
1297.213 -74.019
1298.230 -74.013
1299.247 -73.924
1300.265 -74.100
1301.282 -74.419
1302.300 -74.519
1303.317 -74.235
1304.334 -74.115
1305.351 -74.087
1306.368 -74.158
1307.386 -74.485
1308.403 -74.607
1309.421 -74.424
1310.438 -74.531
1311.456 -74.635
1312.473 -74.482
1313.491 -74.671
1314.508 -74.553
1315.525 -74.472
1316.544 -74.643
1317.561 -74.904
1318.577 -74.921
1319.591 -74.750
1320.609 -74.846
1321.626 -74.925
1322.643 -75.084
1323.661 -74.978
1324.678 -74.865
1325.696 -74.927
1326.714 -75.059
1327.731 -75.174
1328.748 -75.216
1329.765 -74.955
1330.782 -75.043
1331.800 -75.213
1332.817 -75.187
1333.834 -75.303
1334.851 -75.366
1335.869 -75.355
1336.886 -75.367
1337.904 -75.265
1338.921 -75.217
1339.939 -75.266
1340.956 -75.407
1341.974 -75.537
1342.990 -75.640
1344.007 -75.686
1345.025 -75.719
1346.042 -75.781
1347.060 -75.609
1348.077 -75.464
1349.094 -75.495
1350.111 -75.682
1351.129 -75.902
1352.146 -75.889
1353.164 -75.809
1354.181 -76.014
1355.196 -76.125
1356.211 -75.985
1357.227 -76.046
1358.243 -76.065
1359.259 -76.030
1360.276 -76.188
1361.293 -76.286
1362.310 -76.122
1363.327 -75.887
1364.344 -76.310
1365.361 -76.254
1366.378 -76.227
1367.395 -76.135
1368.412 -76.267
1369.429 -76.577
1370.445 -76.615
1371.462 -76.456
1372.480 -76.515
1373.496 -76.355
1374.514 -76.436
1375.531 -76.660
1376.548 -76.597
1377.566 -76.496
1378.583 -76.738
1379.600 -76.848
1380.617 -76.799
1381.635 -76.761
1382.651 -76.882
1383.668 -76.926
1384.685 -76.797
1385.702 -76.849
1386.719 -76.857
1387.737 -76.943
1388.755 -77.087
1389.772 -77.019
1390.789 -77.034
1391.806 -77.025
1392.823 -76.878
1393.841 -77.029
1394.858 -77.086
1395.875 -77.120
1396.892 -77.170
1397.909 -77.223
1398.927 -77.350
1399.943 -77.212
1400.960 -77.118
1401.977 -77.341
1402.995 -77.397
1404.011 -77.456
1405.028 -77.475
1406.046 -77.410
1407.063 -77.618
1408.081 -77.687
1409.098 -77.700
1410.116 -77.780
1411.133 -77.546
1412.150 -77.640
1413.167 -77.614
1414.185 -77.795
1415.201 -77.748
1416.219 -77.775
1417.236 -77.614
1418.253 -77.781
1419.270 -77.768
1420.288 -78.067
1421.305 -78.202
1422.322 -78.090
1423.340 -78.126
1424.357 -78.140
1425.374 -77.994
1426.392 -78.004
1427.409 -78.293
1428.427 -78.103
1429.444 -78.058
1430.461 -78.140
1431.479 -78.384
1432.496 -78.547
1433.514 -78.405
1434.531 -78.591
1435.548 -78.594
1436.565 -78.449
1437.582 -78.581
1438.599 -78.483
1439.616 -78.529
1440.634 -78.470
1441.651 -78.549
1442.668 -78.489
1443.687 -78.591
1444.705 -78.644
1445.722 -78.782
1446.739 -78.831
1447.756 -78.682
1448.774 -78.845
1449.791 -78.947
1450.808 -78.865
1451.826 -78.951
1452.843 -79.013
1453.861 -79.114
1454.878 -78.987
1455.896 -78.879
1456.912 -78.937
1457.930 -79.204
1458.947 -79.258
1459.964 -79.092
1460.982 -79.180
1461.999 -79.319
1463.017 -79.387
1464.034 -79.273
1465.051 -79.313
1466.068 -79.334
1467.086 -79.287
1468.103 -79.285
1469.120 -79.497
1470.137 -79.608
1471.154 -79.601
1472.172 -79.737
1473.190 -79.748
1474.207 -79.760
1475.225 -79.756
1476.242 -79.488
1477.260 -79.368
1478.277 -79.511
1479.294 -79.632
1480.311 -79.791
1481.328 -79.540
1482.345 -79.773
1483.363 -79.899
1484.380 -79.869
1485.397 -79.762
1486.414 -79.900
1487.432 -79.910
1488.449 -80.040
1489.467 -80.078
1490.485 -79.998
1491.502 -79.910
1492.519 -79.745
1493.537 -79.707
1494.555 -79.929
1495.571 -79.859
1496.588 -79.967
1497.606 -79.883
1498.623 -79.827
1499.640 -79.946
1500.658 -80.004
1501.675 -80.061
1502.693 -80.021
1503.711 -80.112
1504.728 -80.208
1505.744 -80.143
1506.762 -80.245
1507.780 -80.138
1508.797 -80.139
1509.814 -80.271
1510.831 -80.257
1511.849 -80.154
1512.866 -80.037
1513.884 -80.115
1514.901 -80.092
1515.918 -80.152
1516.935 -80.336
1517.952 -80.321
1518.969 -80.423
1519.987 -80.582
1521.004 -80.514
1522.022 -80.390
1523.040 -80.407
1524.057 -80.437
1525.075 -80.367
1526.091 -80.499
1527.108 -80.601
1528.126 -80.365
1529.143 -80.469
1530.160 -80.384
1531.177 -80.581
1532.195 -80.566
1533.213 -80.415
1534.231 -80.558
1535.247 -80.672
1536.262 -80.416
1537.278 -80.555
1538.294 -80.522
1539.310 -80.409
1540.327 -80.525
1541.343 -80.463
1542.360 -80.525
1543.377 -80.704
1544.394 -80.574
1545.412 -80.645
1546.429 -80.625
1547.446 -80.571
1548.463 -80.468
1549.480 -80.575
1550.497 -80.644
1551.514 -80.627
1552.531 -80.537
1553.548 -80.513
1554.565 -80.631
1555.582 -80.711
1556.599 -80.588
1557.616 -80.769
1558.633 -80.858
1559.650 -80.736
1560.668 -80.629
1561.685 -80.609
1562.702 -80.573
1563.719 -80.556
1564.736 -80.464
1565.754 -80.520
1566.771 -80.510
1567.788 -80.654
1568.805 -80.736
1569.822 -80.734
1570.839 -80.755
1571.856 -80.578
1572.872 -80.629
1573.889 -80.746
1574.906 -80.671
1575.924 -80.692
1576.941 -80.725
1577.958 -80.586
1578.976 -80.599
1579.993 -80.784
1581.010 -80.721
1582.027 -80.734
1583.044 -80.796
1584.062 -80.973
1585.079 -80.892
1586.096 -80.920
1587.114 -80.977
1588.131 -81.032
1589.149 -80.885
1590.166 -80.770
1591.183 -80.609
1592.200 -80.822
1593.217 -80.810
1594.235 -80.641
1595.252 -80.723
1596.270 -80.684
1597.287 -80.990
1598.305 -80.820
1599.322 -80.638
1600.339 -80.828
1601.356 -80.869
1602.372 -80.837
1603.390 -81.005
1604.407 -80.925
1605.425 -80.814
1606.442 -81.005
1607.460 -80.820
1608.477 -80.853
1609.495 -80.768
1610.512 -80.892
1611.528 -80.991
1612.546 -80.966
1613.563 -80.882
1614.580 -80.770
1615.598 -80.772
1616.615 -80.854
1617.631 -80.910
1618.649 -80.961
1619.666 -80.940
1620.683 -81.065
1621.700 -81.102
1622.717 -81.049
1623.735 -80.984
1624.753 -80.886
1625.771 -80.884
1626.788 -80.992
1627.806 -80.980
1628.822 -80.962
1629.839 -80.937
1630.856 -80.967
1631.873 -80.966
1632.891 -81.088
1633.908 -81.071
1634.925 -80.960
1635.942 -80.838
1636.959 -80.793
1637.977 -80.993
1638.994 -81.150
1640.012 -81.118
1641.029 -81.091
1642.047 -80.965
1643.064 -80.945
1644.081 -81.073
1645.099 -80.970
1646.116 -80.933
1647.133 -81.128
1648.150 -81.030
1649.167 -80.880
1650.184 -81.009
1651.201 -81.104
1652.219 -81.201
1653.236 -81.036
1654.253 -80.866
1655.270 -80.810
1656.288 -81.245
1657.305 -81.024
1658.322 -81.204
1659.340 -80.998
1660.357 -80.865
1661.374 -81.033
1662.391 -81.191
1663.409 -81.141
1664.426 -81.163
1665.443 -80.982
1666.460 -80.849
1667.478 -80.933
1668.495 -81.059
1669.512 -81.205
1670.529 -81.082
1671.547 -81.087
1672.564 -81.179
1673.581 -81.145
1674.599 -81.116
1675.616 -81.217
1676.634 -81.079
1677.651 -81.171
1678.668 -81.171
1679.686 -81.132
1680.704 -81.174
1681.721 -81.331
1682.738 -81.227
1683.756 -81.196
1684.773 -81.254
1685.790 -81.243
1686.808 -81.279
1687.825 -81.327
1688.842 -81.325
1689.859 -81.225
1690.876 -81.284
1691.894 -81.122
1692.911 -81.096
1693.928 -81.260
1694.945 -81.498
1695.963 -81.407
1696.981 -81.474
1697.998 -81.563
1699.015 -81.404
1700.031 -81.353
1701.049 -81.321
1702.066 -81.440
1703.084 -81.435
1704.101 -81.497
1705.118 -81.418
1706.135 -81.302
1707.153 -81.360
1708.170 -81.572
1709.188 -81.597
1710.205 -81.437
1711.223 -81.305
1712.240 -81.440
1713.258 -81.333
1714.277 -81.460
1715.292 -81.363
1716.308 -81.535
1717.323 -81.604
1718.340 -81.695
1719.356 -81.814
1720.373 -81.504
1721.390 -81.617
1722.407 -81.513
1723.424 -81.686
1724.441 -81.764
1725.458 -81.532
1726.475 -81.565
1727.492 -81.622
1728.509 -81.571
1729.526 -81.704
1730.544 -81.692
1731.560 -81.783
1732.578 -81.818
1733.595 -81.929
1734.612 -82.045
1735.629 -81.908
1736.646 -81.987
1737.663 -81.971
1738.681 -81.892
1739.698 -81.756
1740.715 -81.799
1741.733 -81.730
1742.751 -81.759
1743.768 -81.941
1744.785 -81.988
1745.803 -81.912
1746.819 -81.928
1747.836 -81.928
1748.853 -82.027
1749.871 -81.937
1750.888 -82.001
1751.905 -81.990
1752.922 -81.978
1753.940 -81.975
1754.957 -81.981
1755.975 -82.127
1756.992 -82.251
1758.009 -82.094
1759.026 -81.984
1760.043 -82.057
1761.060 -82.062
1762.077 -81.997
1763.094 -82.037
1764.111 -82.064
1765.128 -82.220
1766.145 -82.118
1767.163 -82.086
1768.180 -82.014
1769.197 -81.991
1770.215 -81.979
1771.232 -81.882
1772.249 -81.788
1773.267 -81.783
1774.285 -81.955
1775.302 -81.991
1776.320 -82.020
1777.337 -82.065
1778.354 -82.005
1779.372 -81.787
1780.389 -81.615
1781.406 -81.608
1782.424 -81.507
1783.440 -81.544
1784.458 -81.833
1785.474 -81.964
1786.492 -81.919
1787.509 -81.672
1788.527 -81.629
1789.544 -81.579
1790.562 -81.612
1791.579 -81.546
1792.596 -81.537
1793.613 -81.602
1794.630 -81.655
1795.647 -81.635
1796.664 -81.748
1797.682 -81.689
1798.699 -81.697
1799.717 -81.564
1800.733 -81.370
1801.750 -81.249
1802.767 -81.314
1803.785 -81.540
1804.801 -81.522
1805.819 -81.487
1806.836 -81.394
1807.853 -81.460
1808.871 -81.393
1809.888 -81.310
1810.906 -81.225
1811.923 -81.235
1812.940 -81.306
1813.957 -81.187
1814.974 -81.143
1815.991 -81.148
1817.008 -81.326
1818.026 -81.170
1819.043 -81.150
1820.060 -81.152
1821.078 -81.246
1822.095 -81.290
1823.113 -81.320
1824.130 -81.182
1825.148 -80.954
1826.165 -80.991
1827.182 -80.988
1828.199 -80.864
1829.217 -81.074
1830.235 -81.019
1831.252 -81.199
1832.269 -80.935
1833.286 -80.762
1834.303 -80.876
1835.320 -80.967
1836.337 -80.935
1837.355 -80.812
1838.372 -80.764
1839.390 -80.905
1840.408 -80.933
1841.425 -80.796
1842.442 -80.891
1843.459 -80.802
1844.476 -80.807
1845.494 -80.617
1846.511 -80.791
1847.528 -80.835
1848.545 -80.702
1849.563 -80.657
1850.580 -80.721
1851.596 -80.772
1852.614 -80.666
1853.631 -80.455
1854.648 -80.633
1855.665 -80.619
1856.682 -80.549
1857.700 -80.474
1858.717 -80.317
1859.735 -80.418
1860.752 -80.480
1861.770 -80.428
1862.786 -80.429
1863.804 -80.511
1864.822 -80.420
1865.839 -80.283
1866.856 -80.236
1867.873 -80.291
1868.891 -80.298
1869.908 -80.327
1870.925 -80.255
1871.942 -80.240
1872.959 -80.222
1873.976 -80.248
1874.994 -80.282
1876.011 -80.274
1877.029 -80.207
1878.046 -80.301
1879.064 -80.288
1880.081 -80.138
1881.098 -80.174
1882.115 -80.298
1883.132 -80.211
1884.150 -80.149
1885.167 -80.222
1886.185 -80.269
1887.202 -80.015
1888.220 -79.904
1889.237 -80.081
1890.254 -80.254
1891.272 -80.236
1892.290 -79.913
1893.308 -79.997
1894.325 -79.829
1895.340 -79.814
1896.355 -79.885
1897.370 -79.893
1898.386 -79.632
1899.403 -79.721
1900.419 -79.811
1901.436 -79.679
1902.455 -79.788
1903.472 -79.804
1904.489 -79.765
1905.505 -79.767
1906.522 -79.753
1907.539 -79.592
1908.556 -79.607
1909.573 -79.632
1910.591 -79.476
1911.608 -79.511
1912.625 -79.673
1913.642 -79.538
1914.659 -79.487
1915.677 -79.399
1916.694 -79.446
1917.710 -79.455
1918.728 -79.517
1919.745 -79.676
1920.762 -79.699
1921.779 -79.467
1922.796 -79.212
1923.813 -79.228
1924.830 -79.177
1925.847 -79.135
1926.864 -79.192
1927.881 -79.303
1928.898 -79.450
1929.915 -79.443
1930.933 -79.306
1931.950 -79.233
1932.967 -79.399
1933.984 -79.476
1935.001 -79.455
1936.019 -79.354
1937.036 -79.107
1938.054 -78.936
1939.070 -79.124
1940.088 -79.051
1941.105 -79.215
1942.123 -79.254
1943.139 -79.180
1944.157 -78.977
1945.174 -78.902
1946.192 -78.881
1947.209 -79.145
1948.226 -79.226
1949.243 -79.027
1950.260 -79.135
1951.277 -79.145
1952.295 -78.761
1953.312 -78.782
1954.329 -78.744
1955.347 -79.004
1956.364 -79.090
1957.382 -78.965
1958.399 -78.738
1959.417 -78.639
1960.434 -78.940
1961.452 -78.999
1962.469 -78.766
1963.485 -78.739
1964.502 -78.759
1965.520 -78.624
1966.537 -78.612
1967.554 -78.911
1968.572 -78.943
1969.589 -78.868
1970.606 -78.730
1971.623 -78.620
1972.641 -78.746
1973.658 -78.807
1974.676 -78.731
1975.693 -78.486
1976.710 -78.521
1977.727 -78.668
1978.744 -78.661
1979.761 -78.419
1980.778 -78.315
1981.795 -78.367
1982.813 -78.454
1983.830 -78.400
1984.848 -78.541
1985.865 -78.586
1986.883 -78.463
1987.900 -78.449
1988.917 -78.326
1989.935 -78.359
1990.951 -78.331
1991.969 -78.226
1992.986 -78.268
1994.004 -78.202
1995.021 -78.182
1996.038 -78.264
1997.055 -78.254
1998.073 -78.232
1999.090 -78.187
2000.108 -78.277
2001.125 -78.350
2002.142 -78.366
2003.160 -78.435
2004.177 -78.128
2005.195 -78.137
2006.212 -78.147
2007.229 -78.255
2008.246 -78.487
2009.264 -78.335
2010.281 -78.169
2011.298 -78.316
2012.316 -78.234
2013.333 -78.249
2014.350 -78.181
2015.367 -78.311
2016.384 -78.364
2017.402 -78.566
2018.419 -78.318
2019.436 -78.517
2020.452 -78.549
2021.469 -78.614
2022.487 -78.474
2023.504 -78.472
2024.521 -78.374
2025.538 -78.064
2026.555 -78.194
2027.573 -78.156
2028.590 -78.307
2029.607 -78.385
2030.625 -78.477
2031.642 -78.357
2032.659 -78.135
2033.677 -78.144
2034.695 -78.186
2035.712 -78.175
2036.729 -78.260
2037.747 -78.193
2038.764 -78.267
2039.782 -78.219
2040.799 -78.111
2041.817 -78.049
2042.834 -77.996
2043.853 -77.969
2044.870 -78.004
2045.888 -78.099
2046.905 -78.196
2047.922 -78.224
2048.940 -78.023
2049.957 -77.826
2050.975 -77.840
2051.992 -77.939
2053.009 -77.936
2054.027 -77.991
2055.044 -78.014
2056.061 -77.870
2057.079 -77.998
2058.096 -78.038
2059.114 -77.761
2060.131 -77.809
2061.149 -77.627
2062.165 -77.637
2063.183 -77.730
2064.200 -77.687
2065.218 -77.466
2066.235 -77.434
2067.252 -77.676
2068.270 -77.531
2069.288 -77.628
2070.305 -77.435
2071.324 -77.666
2072.341 -77.821
2073.358 -77.663
2074.373 -77.817
2075.388 -77.843
2076.403 -77.811
2077.420 -77.460
2078.436 -77.472
2079.452 -77.426
2080.469 -77.499
2081.486 -77.290
2082.503 -77.432
2083.520 -77.595
2084.537 -77.417
2085.554 -77.439
2086.571 -77.363
2087.589 -77.312
2088.606 -77.304
2089.622 -77.279
2090.639 -77.373
2091.657 -77.376
2092.674 -77.338
2093.691 -77.218
2094.708 -77.174
2095.726 -77.126
2096.743 -77.297
2097.760 -77.343
2098.776 -77.330
2099.793 -77.180
2100.811 -77.037
2101.828 -77.149
2102.845 -77.312
2103.863 -77.341
2104.880 -77.190
2105.897 -77.123
2106.915 -77.030
2107.932 -76.838
2108.949 -76.894
2109.967 -76.934
2110.984 -76.959
2112.001 -76.816
2113.018 -76.717
2114.035 -76.834
2115.053 -76.896
2116.071 -76.966
2117.088 -76.842
2118.105 -76.793
2119.122 -76.735
2120.139 -76.830
2121.157 -76.800
2122.174 -76.913
2123.192 -76.895
2124.209 -76.675
2125.226 -76.849
2126.243 -76.794
2127.260 -76.491
2128.277 -76.574
2129.294 -76.706
2130.311 -76.459
2131.329 -76.392
2132.346 -76.653
2133.362 -76.666
2134.379 -76.519
2135.397 -76.422
2136.414 -76.620
2137.432 -76.556
2138.449 -76.402
2139.466 -76.372
2140.483 -76.499
2141.500 -76.497
2142.518 -76.474
2143.535 -76.519
2144.552 -76.350
2145.569 -76.485
2146.587 -76.458
2147.604 -76.204
2148.621 -76.291
2149.638 -76.534
2150.656 -76.482
2151.673 -76.452
2152.690 -76.263
2153.707 -76.345
2154.725 -76.209
2155.742 -76.077
2156.760 -76.160
2157.777 -76.109
2158.795 -76.153
2159.812 -76.111
2160.829 -76.171
2161.847 -76.171
2162.863 -76.039
2163.881 -76.112
2164.898 -76.197
2165.916 -76.129
2166.933 -76.197
2167.950 -76.233
2168.967 -76.137
2169.984 -76.175
2171.002 -76.182
2172.019 -76.008
2173.036 -75.946
2174.053 -76.007
2175.071 -75.913
2176.088 -75.746
2177.105 -75.955
2178.122 -76.013
2179.140 -75.866
2180.157 -75.921
2181.175 -76.128
2182.191 -76.083
2183.208 -76.013
2184.225 -75.991
2185.243 -75.839
2186.260 -75.939
2187.278 -76.114
2188.295 -76.212
2189.312 -75.956
2190.329 -76.038
2191.346 -76.125
2192.363 -76.206
2193.381 -75.929
2194.398 -76.065
2195.415 -75.959
2196.433 -76.083
2197.450 -76.239
2198.467 -76.040
2199.485 -76.026
2200.501 -76.001
2201.518 -76.193
2202.535 -76.105
2203.552 -75.846
2204.570 -75.979
2205.587 -75.882
2206.605 -76.008
2207.622 -76.291
2208.640 -76.331
2209.658 -76.162
2210.675 -76.265
2211.693 -76.361
2212.710 -76.273
2213.728 -76.270
2214.745 -76.315
2215.763 -76.269
2216.780 -76.255
2217.797 -76.261
2218.814 -76.225
2219.831 -76.268
2220.848 -76.413
2221.865 -76.276
2222.882 -76.215
2223.899 -76.354
2224.916 -76.430
2225.933 -76.272
2226.950 -76.281
2227.967 -76.294
2228.985 -76.443
2230.002 -76.452
2231.019 -76.286
2232.037 -76.258
2233.054 -76.245
2234.072 -76.550
2235.089 -76.490
2236.106 -76.487
2237.123 -76.588
2238.140 -76.612
2239.158 -76.431
2240.175 -76.466
2241.193 -76.607
2242.210 -76.449
2243.228 -76.322
2244.245 -76.330
2245.262 -76.447
2246.280 -76.711
2247.297 -76.760
2248.314 -76.774
2249.331 -76.747
2250.349 -76.593
2251.365 -76.543
2252.383 -76.718
2253.401 -76.624
2254.419 -76.847
2255.436 -76.942
2256.451 -76.686
2257.466 -76.843
2258.482 -76.881
2259.498 -76.749
2260.514 -76.762
2261.530 -76.976
2262.545 -76.926
2263.562 -76.955
2264.579 -76.989
2265.596 -76.942
2266.613 -76.788
2267.630 -76.876
2268.647 -76.733
2269.664 -76.541
2270.681 -76.684
2271.698 -76.921
2272.715 -76.996
2273.732 -76.922
2274.750 -77.018
2275.768 -76.996
2276.784 -76.917
2277.801 -76.887
2278.819 -76.930
2279.836 -77.093
2280.853 -77.082
2281.870 -77.043
2282.888 -77.024
2283.905 -76.968
2284.922 -77.065
2285.939 -77.240
2286.956 -77.216
2287.973 -77.100
2288.990 -77.143
2290.007 -77.046
2291.023 -77.021
2292.040 -77.050
2293.058 -77.279
2294.075 -77.376
2295.092 -77.252
2296.109 -77.142
2297.126 -77.455
2298.144 -77.495
2299.161 -77.284
2300.178 -77.199
2301.195 -77.122
2302.213 -77.325
2303.230 -77.574
2304.247 -77.481
2305.264 -77.623
2306.283 -77.447
2307.300 -77.405
2308.317 -77.439
2309.334 -77.415
2310.351 -77.578
2311.368 -77.456
2312.386 -77.542
2313.404 -77.611
2314.421 -77.820
2315.438 -77.492
2316.456 -77.402
2317.473 -77.468
2318.490 -77.760
2319.508 -77.752
2320.525 -77.752
2321.543 -77.583
2322.560 -77.687
2323.577 -77.825
2324.595 -77.738
2325.612 -77.616
2326.629 -77.693
2327.645 -77.505
2328.663 -77.609
2329.679 -77.715
2330.697 -77.729
2331.714 -77.905
2332.731 -77.877
2333.748 -77.794
2334.766 -77.711
2335.783 -77.852
2336.801 -77.876
2337.818 -77.917
2338.835 -78.010
2339.852 -77.885
2340.869 -77.869
2341.887 -77.947
2342.904 -77.876
2343.922 -77.862
2344.939 -78.007
2345.956 -78.158
2346.973 -78.175
2347.990 -78.138
2349.007 -78.069
2350.024 -78.111
2351.042 -78.175
2352.059 -78.160
2353.076 -78.123
2354.093 -78.245
2355.110 -78.439
2356.128 -78.410
2357.145 -78.276
2358.162 -78.114
2359.179 -78.179
2360.196 -78.472
2361.213 -78.460
2362.231 -78.536
2363.248 -78.350
2364.264 -78.491
2365.282 -78.290
2366.299 -78.226
2367.316 -78.375
2368.333 -78.427
2369.350 -78.347
2370.367 -78.540
2371.385 -78.589
2372.403 -78.518
2373.420 -78.320
2374.438 -78.583
2375.455 -78.565
2376.472 -78.353
2377.490 -78.527
2378.507 -78.429
2379.524 -78.622
2380.541 -78.505
2381.559 -78.659
2382.576 -78.744
2383.593 -78.776
2384.611 -78.813
2385.628 -78.811
2386.646 -78.755
2387.663 -78.705
2388.681 -78.776
2389.698 -78.900
2390.716 -78.905
2391.733 -79.012
2392.751 -78.898
2393.768 -78.944
2394.786 -79.133
2395.803 -79.207
2396.821 -79.149
2397.839 -79.008
2398.856 -79.129
2399.873 -79.096
2400.891 -79.070
2401.908 -79.211
2402.926 -79.359
2403.943 -79.438
2404.961 -79.339
2405.978 -79.218
2406.996 -79.258
2408.013 -79.513
2409.030 -79.467
2410.047 -79.476
2411.065 -79.518
2412.082 -79.625
2413.100 -79.531
2414.117 -79.591
2415.134 -79.800
2416.152 -79.845
2417.169 -79.644
2418.186 -79.444
2419.204 -79.593
2420.222 -79.512
2421.239 -79.665
2422.256 -79.827
2423.273 -80.066
2424.291 -80.141
2425.308 -79.933
2426.325 -79.970
2427.342 -79.909
2428.360 -80.152
2429.377 -80.362
2430.394 -80.310
2431.412 -80.031
2432.430 -79.940
2433.448 -79.855
2434.465 -80.271
2435.483 -80.396
2436.500 -80.214
2437.515 -80.247
2438.531 -80.298
2439.546 -80.496
2440.563 -80.452
2441.579 -80.366
2442.596 -80.427
2443.614 -80.426
2444.630 -80.413
2445.647 -80.567
2446.663 -80.579
2447.681 -80.665
2448.697 -80.579
2449.714 -80.611
2450.731 -80.643
2451.748 -80.633
2452.765 -80.548
2453.782 -80.633
2454.799 -80.641
2455.817 -80.599
2456.833 -80.521
2457.851 -80.588
2458.868 -80.787
2459.885 -80.987
2460.902 -80.960
2461.919 -80.899
2462.936 -80.986
2463.953 -80.905
2464.971 -81.052
2465.988 -81.160
2467.005 -81.107
2468.022 -81.083
2469.039 -81.098
2470.056 -80.985
2471.073 -80.955
2472.090 -81.228
2473.106 -81.207
2474.123 -81.295
2475.141 -81.328
2476.158 -81.372
2477.175 -81.362
2478.193 -81.268
2479.210 -81.303
2480.227 -81.419
2481.245 -81.412
2482.262 -81.313
2483.279 -81.301
2484.297 -81.676
2485.314 -81.706
2486.331 -81.861
2487.348 -81.761
2488.365 -81.790
2489.383 -81.516
2490.401 -81.608
2491.417 -81.684
2492.434 -81.905
2493.452 -81.712
2494.470 -81.667
2495.487 -81.570
2496.504 -81.758
2497.520 -81.776
2498.538 -81.822
2499.555 -81.957
2500.572 -81.895
2501.590 -82.128
2502.607 -81.915
2503.624 -81.906
2504.641 -82.069
2505.659 -81.978
2506.676 -81.964
2507.693 -82.290
2508.710 -82.248
2509.727 -82.169
2510.744 -82.239
2511.760 -82.352
2512.778 -82.531
2513.795 -82.445
2514.812 -82.336
2515.829 -82.189
2516.847 -82.383
2517.864 -82.565
2518.881 -82.607
2519.899 -82.696
2520.916 -82.536
2521.933 -82.458
2522.950 -82.500
2523.967 -82.574
2524.985 -82.635
2526.001 -82.771
2527.029 -82.873
2528.046 -82.700
2529.063 -82.846
2530.081 -82.805
2531.098 -82.858
2532.115 -82.990
2533.132 -83.113
2534.149 -82.999
2535.166 -82.838
2536.184 -83.000
2537.200 -83.079
2538.217 -83.083
2539.235 -83.086
2540.252 -83.315
2541.270 -83.368
2542.287 -83.296
2543.304 -83.004
2544.322 -83.214
2545.339 -83.128
2546.356 -83.197
2547.374 -83.390
2548.391 -83.380
2549.408 -83.488
2550.426 -83.462
2551.443 -83.513
2552.460 -83.324
2553.477 -83.414
2554.495 -83.552
2555.513 -83.680
2556.530 -83.540
2557.548 -83.616
2558.565 -83.437
2559.582 -83.524
2560.599 -83.840
2561.617 -83.870
2562.635 -83.689
2563.652 -83.676
2564.669 -83.762
2565.687 -83.820
2566.704 -84.009
2567.721 -83.918
2568.739 -83.815
2569.756 -83.945
2570.774 -84.031
2571.791 -83.966
2572.808 -84.010
2573.825 -84.017
2574.843 -83.957
2575.860 -84.081
2576.877 -84.249
2577.894 -84.327
2578.912 -84.335
2579.928 -84.394
2580.946 -84.404
2581.963 -84.394
2582.981 -84.308
2583.998 -84.287
2585.015 -84.345
2586.032 -84.419
2587.048 -84.458
2588.064 -84.450
2589.081 -84.587
2590.098 -84.809
2591.116 -84.829
2592.133 -84.654
2593.151 -84.655
2594.169 -84.729
2595.186 -84.827
2596.204 -84.866
2597.221 -84.677
2598.238 -84.806
2599.256 -84.806
2600.272 -85.069
2601.290 -85.096
2602.307 -85.071
2603.324 -85.185
2604.341 -85.137
2605.358 -84.999
2606.376 -85.283
2607.393 -85.269
2608.411 -85.352
2609.428 -85.286
2610.445 -85.282
2611.462 -85.395
2612.480 -85.287
2613.496 -85.361
2614.513 -85.443
2615.531 -85.579
2616.549 -85.579
2617.567 -85.412
2618.583 -85.410
2619.598 -85.591
2620.614 -85.828
2621.630 -85.670
2622.646 -85.764
2623.663 -85.908
2624.680 -85.866
2625.696 -85.752
2626.713 -85.794
2627.730 -85.833
2628.747 -85.751
2629.764 -85.720
2630.781 -85.853
2631.797 -85.970
2632.814 -86.024
2633.831 -86.039
2634.848 -86.008
2635.865 -86.108
2636.882 -86.261
2637.899 -86.303
2638.916 -86.382
2639.933 -86.414
2640.950 -86.299
2641.967 -86.363
2642.984 -86.341
2644.002 -86.396
2645.019 -86.260
2646.036 -86.373
2647.053 -86.553
2648.071 -86.663
2649.087 -86.714
2650.104 -86.501
2651.121 -86.482
2652.138 -86.732
2653.155 -86.592
2654.173 -86.416
2655.190 -86.650
2656.207 -86.629
2657.224 -86.755
2658.241 -86.816
2659.258 -86.884
2660.275 -86.878
2661.292 -86.817
2662.310 -86.913
2663.327 -86.925
2664.344 -86.938
2665.361 -86.788
2666.377 -86.790
2667.394 -86.823
2668.411 -87.161
2669.428 -86.967
2670.446 -87.136
2671.464 -87.030
2672.481 -87.273
2673.498 -87.418
2674.515 -87.300
2675.531 -87.174
2676.548 -87.265
2677.567 -87.258
2678.585 -87.316
2679.602 -87.384
2680.620 -87.511
2681.637 -87.496
2682.655 -87.459
2683.673 -87.504
2684.690 -87.614
2685.707 -87.661
2686.724 -87.548
2687.741 -87.577
2688.759 -87.734
2689.776 -87.792
2690.793 -87.787
2691.811 -87.815
2692.828 -87.778
2693.845 -87.761
2694.862 -87.846
2695.880 -87.964
2696.896 -88.125
2697.913 -88.012
2698.931 -87.973
2699.948 -88.035
2700.965 -88.163
2701.981 -88.175
2702.999 -88.070
2704.016 -88.081
2705.033 -88.163
2706.051 -88.298
2707.068 -88.371
2708.086 -88.298
2709.104 -88.274
2710.121 -88.355
2711.138 -88.385
2712.155 -88.325
2713.172 -88.588
2714.190 -88.717
2715.207 -88.531
2716.224 -88.518
2717.241 -88.423
2718.258 -88.601
2719.275 -88.568
2720.293 -88.661
2721.310 -88.914
2722.326 -88.893
2723.343 -89.002
2724.361 -88.766
2725.378 -88.687
2726.396 -88.826
2727.413 -88.786
2728.431 -88.830
2729.448 -89.199
2730.465 -89.314
2731.482 -89.137
2732.501 -89.015
2733.517 -89.037
2734.535 -89.114
2735.552 -89.218
2736.574 -89.436
2737.591 -89.526
2738.608 -89.305
2739.625 -89.349
2740.643 -89.295
2741.661 -89.350
2742.678 -89.475
2743.696 -89.598
2744.713 -89.535
2745.731 -89.473
2746.748 -89.666
2747.766 -89.694
2748.782 -89.649
2749.800 -89.733
2750.817 -89.971
2751.835 -89.941
2752.852 -89.847
2753.869 -89.785
2754.886 -89.873
2755.904 -89.942
2756.920 -89.954
2757.937 -89.960
2758.954 -89.909
2759.972 -89.974
2760.988 -90.050
2762.006 -90.003
2763.022 -89.984
2764.040 -90.098
2765.057 -90.046
2766.075 -90.149
2767.092 -90.048
2768.110 -90.177
2769.127 -90.229
2770.144 -90.367
2771.161 -90.408
2772.178 -90.584
2773.195 -90.432
2774.212 -90.344
2775.230 -90.317
2776.247 -90.421
2777.265 -90.681
2778.282 -90.821
2779.300 -90.931
2780.317 -90.689
2781.334 -90.476
2782.352 -90.698
2783.369 -90.720
2784.387 -90.869
2785.405 -90.981
2786.422 -90.928
2787.439 -90.718
2788.456 -90.717
2789.474 -90.832
2790.491 -91.021
2791.509 -91.023
2792.526 -91.115
2793.543 -91.108
2794.561 -91.190
2795.579 -91.095
2796.597 -91.145
2797.615 -91.113
2798.631 -91.159
2799.646 -91.272
2800.662 -91.358
2801.679 -91.465
2802.695 -91.421
2803.712 -91.370
2804.729 -91.495
2805.746 -91.526
2806.762 -91.593
2807.776 -91.676
2808.793 -91.658
2809.810 -91.601
2810.827 -91.613
2811.844 -91.764
2812.861 -91.704
2813.879 -91.858
2814.896 -92.042
2815.912 -91.960
2816.929 -91.957
2817.946 -92.017
2818.964 -91.921
2819.981 -91.827
2820.998 -91.845
2822.016 -91.865
2823.033 -91.957
2824.050 -92.076
2825.067 -92.129
2826.083 -92.089
2827.101 -92.104
2828.118 -92.168
2829.135 -92.429
2830.152 -92.434
2831.169 -92.418
2832.186 -92.414
2833.204 -92.371
2834.220 -92.478
2835.237 -92.601
2836.254 -92.509
2837.272 -92.412
2838.289 -92.428
2839.306 -92.283
2840.323 -92.391
2841.341 -92.614
2842.358 -92.676
2843.376 -92.702
2844.393 -92.539
2845.410 -92.441
2846.428 -92.753
2847.445 -92.698
2848.462 -92.695
2849.479 -92.896
2850.496 -92.965
2851.514 -92.948
2852.531 -93.070
2853.548 -92.728
2854.565 -92.765
2855.582 -92.876
2856.600 -92.944
2857.617 -92.801
2858.635 -92.809
2859.652 -92.960
2860.670 -93.104
2861.687 -93.089
2862.705 -93.109
2863.722 -93.097
2864.739 -93.152
2865.756 -93.144
2866.773 -93.244
2867.790 -93.288
2868.807 -93.203
2869.825 -93.104
2870.842 -93.029
2871.859 -93.204
2872.876 -93.285
2873.893 -93.243
2874.910 -93.245
2875.928 -93.163
2876.945 -93.363
2877.962 -93.460
2878.980 -93.668
2879.997 -93.591
2881.014 -93.620
2882.031 -93.495
2883.049 -93.419
2884.066 -93.423
2885.084 -93.454
2886.101 -93.308
2887.119 -93.407
2888.136 -93.332
2889.153 -93.381
2890.170 -93.399
2891.187 -93.674
2892.204 -93.647
2893.221 -93.752
2894.239 -93.630
2895.256 -93.584
2896.273 -93.648
2897.291 -93.490
2898.308 -93.640
2899.325 -93.831
2900.343 -93.911
2901.360 -93.485
2902.377 -93.559
2903.393 -93.765
2904.411 -93.907
2905.428 -93.839
2906.445 -93.645
2907.463 -93.564
2908.480 -93.677
2909.497 -93.569
2910.514 -93.640
2911.531 -93.889
2912.549 -93.693
2913.566 -93.897
2914.583 -93.908
2915.601 -93.939
2916.618 -93.830
2917.635 -93.881
2918.653 -93.905
2919.670 -93.864
2920.687 -94.026
2921.705 -93.930
2922.723 -94.005
2923.740 -94.023
2924.758 -93.942
2925.775 -93.914
2926.792 -93.815
2927.810 -93.965
2928.827 -94.049
2929.845 -93.946
2930.862 -93.983
2931.880 -93.941
2932.897 -93.888
2933.915 -93.913
2934.932 -93.985
2935.949 -94.148
2936.966 -94.312
2937.983 -94.367
2939.000 -94.336
2940.018 -94.252
2941.035 -94.236
2942.051 -94.332
2943.069 -94.448
2944.086 -94.255
2945.104 -94.308
2946.120 -94.392
2947.137 -94.403
2948.154 -94.292
2949.172 -94.379
2950.189 -94.571
2951.206 -94.372
2952.223 -94.298
2953.240 -94.461
2954.257 -94.399
2955.275 -94.516
2956.292 -94.643
2957.309 -94.634
2958.327 -94.596
2959.344 -94.437
2960.361 -94.610
2961.378 -94.523
2962.395 -94.676
2963.412 -94.415
2964.429 -94.214
2965.446 -94.444
2966.463 -94.710
2967.481 -94.887
2968.498 -94.628
2969.515 -94.596
2970.532 -94.567
2971.549 -94.932
2972.567 -95.099
2973.584 -95.052
2974.601 -94.873
2975.619 -94.955
2976.636 -94.873
2977.655 -94.890
2978.673 -95.009
2979.690 -95.029
2980.705 -94.859
2981.720 -94.854
2982.736 -94.857
2983.752 -94.934
2984.768 -94.887
2985.785 -94.948
2986.801 -95.017
2987.818 -95.070
2988.834 -95.111
2989.851 -95.279
2990.869 -95.202
2991.886 -95.211
2992.904 -95.247
2993.921 -95.237
2994.939 -95.330
2995.956 -95.411
2996.973 -95.411
2997.990 -95.381
2999.007 -95.221
3000.025 -95.158
3001.041 -95.142
3002.059 -95.111
3003.076 -95.233
3004.093 -95.223
3005.110 -95.219
3006.126 -95.309
3007.143 -95.359
3008.160 -95.394
3009.177 -95.307
3010.194 -95.345
3011.212 -95.425
3012.229 -95.540
3013.246 -95.445
3014.263 -95.331
3015.280 -95.345
3016.297 -95.248
3017.315 -95.322
3018.332 -95.491
3019.350 -95.232
3020.367 -95.443
3021.384 -95.379
3022.401 -95.417
3023.418 -95.498
3024.435 -95.625
3025.453 -95.663
3026.470 -95.454
3027.487 -95.314
3028.504 -95.513
3029.521 -95.523
3030.537 -95.674
3031.555 -95.623
3032.572 -95.582
3033.590 -95.631
3034.608 -95.546
3035.625 -95.626
3036.642 -95.766
3037.659 -95.620
3038.677 -95.560
3039.694 -95.610
3040.711 -95.739
3041.728 -95.692
3042.745 -95.923
3043.762 -95.878
3044.779 -95.788
3045.796 -95.645
3046.813 -95.798
3047.831 -95.856
3048.848 -95.762
3049.865 -95.884
3050.882 -95.880
3051.900 -95.851
3052.917 -95.792
3053.934 -95.698
3054.952 -95.653
3055.969 -95.792
3056.986 -95.836
3058.003 -95.848
3059.020 -95.885
3060.037 -95.989
3061.054 -95.946
3062.071 -95.982
3063.088 -96.114
3064.106 -96.155
3065.122 -96.059
3066.139 -95.936
3067.157 -95.930
3068.174 -95.822
3069.191 -96.058
3070.208 -96.077
3071.225 -96.156
3072.243 -96.324
3073.260 -96.298
3074.278 -96.203
3075.295 -96.338
3076.312 -96.304
3077.329 -96.183
3078.346 -96.084
3079.363 -96.210
3080.381 -96.342
3081.398 -96.379
3082.414 -96.353
3083.432 -96.134
3084.449 -96.264
3085.467 -96.296
3086.484 -96.050
3087.501 -96.035
3088.519 -96.103
3089.536 -96.354
3090.554 -96.282
3091.571 -96.365
3092.589 -96.460
3093.606 -96.436
3094.624 -96.306
3095.641 -96.277
3096.659 -96.390
3097.676 -96.599
3098.693 -96.582
3099.710 -96.649
3100.727 -96.366
3101.744 -96.345
3102.762 -96.429
3103.779 -96.320
3104.796 -96.533
3105.814 -96.536
3106.831 -96.510
3107.848 -96.519
3108.866 -96.321
3109.883 -96.292
3110.900 -96.509
3111.917 -96.579
3112.935 -96.478
3113.952 -96.568
3114.969 -96.580
3115.986 -96.600
3117.004 -96.488
3118.021 -96.376
3119.038 -96.635
3120.055 -96.833
3121.073 -96.825
3122.090 -96.693
3123.107 -96.788
3124.125 -96.921
3125.142 -96.742
3126.159 -96.719
3127.177 -96.663
3128.194 -96.577
3129.212 -96.726
3130.229 -96.767
3131.247 -96.712
3132.264 -96.735
3133.281 -96.678
3134.298 -96.783
3135.315 -96.716
3136.333 -96.729
3137.349 -96.753
3138.367 -97.009
3139.383 -96.873
3140.400 -97.100
3141.418 -97.129
3142.435 -96.968
3143.452 -96.832
3144.470 -97.084
3145.487 -97.169
3146.504 -96.968
3147.521 -96.957
3148.539 -96.910
3149.556 -96.962
3150.573 -96.977
3151.590 -96.971
3152.608 -97.215
3153.626 -97.017
3154.643 -97.013
3155.660 -96.971
3156.677 -96.887
3157.695 -96.957
3158.713 -97.201
3159.731 -97.257
3160.748 -97.183
3161.764 -97.356
3162.779 -97.253
3163.794 -97.240
3164.810 -97.263
3165.827 -97.239
3166.844 -97.345
3167.861 -97.354
3168.878 -97.258
3169.894 -97.179
3170.911 -97.307
3171.929 -97.414
3172.946 -97.445
3173.963 -97.236
3174.981 -97.189
3175.997 -97.283
3177.015 -97.426
3178.032 -97.518
3179.049 -97.558
3180.066 -97.590
3181.083 -97.494
3182.101 -97.560
3183.117 -97.732
3184.134 -97.672
3185.151 -97.678
3186.168 -97.508
3187.185 -97.351
3188.202 -97.374
3189.220 -97.352
3190.236 -97.523
3191.253 -97.698
3192.270 -97.629
3193.287 -97.578
3194.305 -97.652
3195.322 -97.649
3196.338 -97.693
3197.356 -97.863
3198.373 -97.976
3199.391 -97.907
3200.407 -97.746
3201.424 -97.667
3202.441 -97.894
3203.458 -97.766
3204.475 -97.809
3205.491 -98.000
3206.508 -97.803
3207.525 -97.772
3208.542 -97.807
3209.560 -97.816
3210.576 -97.740
3211.593 -97.806
3212.611 -98.005
3213.628 -98.132
3214.646 -98.214
3215.662 -98.269
3216.680 -98.102
3217.697 -98.044
3218.715 -97.965
3219.732 -98.030
3220.748 -98.110
3221.765 -98.103
3222.783 -98.146
3223.801 -98.349
3224.817 -98.454
3225.835 -98.344
3226.851 -98.365
3227.869 -98.353
3228.886 -98.184
3229.903 -98.196
3230.921 -98.240
3231.938 -98.381
3232.955 -98.536
3233.972 -98.543
3234.989 -98.482
3236.007 -98.512
3237.024 -98.507
3238.041 -98.445
3239.058 -98.340
3240.075 -98.436
3241.093 -98.518
3242.110 -98.334
3243.128 -98.468
3244.144 -98.458
3245.161 -98.443
3246.179 -98.360
3247.196 -98.405
3248.214 -98.430
3249.231 -98.630
3250.248 -98.585
3251.265 -98.616
3252.282 -98.651
3253.300 -98.688
3254.317 -98.733
3255.335 -98.927
3256.352 -98.939
3257.369 -98.787
3258.387 -98.596
3259.404 -98.686
3260.421 -98.717
3261.439 -98.630
3262.456 -98.832
3263.473 -98.788
3264.490 -99.019
3265.507 -98.962
3266.524 -98.900
3267.542 -98.932
3268.559 -99.034
3269.576 -98.909
3270.594 -98.990
3271.611 -98.961
3272.629 -99.006
3273.647 -99.177
3274.664 -99.090
3275.681 -98.950
3276.699 -98.910
3277.716 -99.007
3278.733 -99.059
3279.750 -99.117
3280.767 -99.169
3281.785 -99.093
3282.802 -99.034
3283.819 -99.062
3284.836 -99.187
3285.854 -99.323
3286.872 -99.346
3287.889 -99.251
3288.906 -99.102
3289.923 -99.202
3290.941 -99.427
3291.958 -99.323
3292.975 -99.238
3293.992 -99.227
3295.010 -99.359
3296.027 -99.434
3297.045 -99.420
3298.061 -99.262
3299.079 -99.387
3300.096 -99.430
3301.113 -99.260
3302.131 -99.477
3303.148 -99.676
3304.166 -99.540
3305.183 -99.402
3306.201 -99.418
3307.218 -99.424
3308.235 -99.426
3309.252 -99.476
3310.269 -99.509
3311.286 -99.650
3312.303 -99.764
3313.320 -99.636
3314.337 -99.719
3315.355 -99.575
3316.373 -99.827
3317.390 -99.666
3318.406 -99.626
3319.424 -99.592
3320.441 -99.770
3321.458 -99.925
3322.475 -99.768
3323.493 -99.804
3324.510 -99.917
3325.528 -99.936
3326.544 -99.807
3327.561 -99.769
3328.579 -99.999
3329.596 -99.842
3330.613 -99.879
3331.631 -100.014
3332.648 -100.031
3333.664 -100.091
3334.682 -100.109
3335.699 -100.148
3336.716 -100.090
3337.735 -100.122
3338.752 -100.162
3339.770 -100.238
3340.788 -100.239
3341.805 -100.159
3342.821 -100.053
3343.836 -100.003
3344.852 -99.926
3345.869 -100.095
3346.885 -100.311
3347.902 -100.402
3348.919 -100.335
3349.935 -100.235
3350.952 -100.293
3351.969 -100.285
3352.986 -100.508
3354.003 -100.625
3355.020 -100.615
3356.037 -100.555
3357.054 -100.353
3358.071 -100.518
3359.088 -100.753
3360.105 -100.646
3361.122 -100.482
3362.139 -100.567
3363.157 -100.751
3364.174 -100.483
3365.191 -100.559
3366.207 -100.562
3367.224 -100.752
3368.241 -100.788
3369.258 -100.854
3370.276 -100.715
3371.292 -100.732
3372.309 -100.549
3373.326 -100.490
3374.343 -100.632
3375.360 -100.690
3376.377 -100.842
3377.395 -100.785
3378.411 -101.038
3379.428 -100.754
3380.445 -100.807
3381.462 -100.732
3382.479 -100.856
3383.496 -101.051
3384.514 -101.156
3385.530 -101.158
3386.548 -100.992
3387.565 -100.924
3388.582 -100.830
3389.599 -100.971
3390.617 -101.270
3391.634 -101.250
3392.652 -101.138
3393.669 -100.975
3394.685 -101.188
3395.703 -101.190
3396.720 -101.208
3397.738 -101.247
3398.755 -101.292
3399.772 -101.236
3400.789 -101.357
3401.807 -101.541
3402.824 -101.590
3403.841 -101.413
3404.859 -101.467
3405.876 -101.565
3406.893 -101.523
3407.911 -101.389
3408.928 -101.378
3409.945 -101.335
3410.963 -101.337
3411.980 -101.465
3412.998 -101.573
3414.015 -101.549
3415.032 -101.502
3416.050 -101.512
3417.067 -101.530
3418.084 -101.456
3419.101 -101.782
3420.115 -101.663
3421.132 -101.624
3422.149 -101.626
3423.166 -101.812
3424.183 -101.847
3425.201 -101.750
3426.217 -101.998
3427.234 -101.865
3428.252 -101.928
3429.270 -102.138
3430.287 -101.976
3431.304 -101.857
3432.321 -101.888
3433.338 -101.991
3434.356 -101.923
3435.373 -102.111
3436.390 -101.943
3437.407 -101.919
3438.424 -101.956
3439.441 -102.028
3440.459 -102.068
3441.476 -102.157
3442.493 -102.281
3443.510 -102.015
3444.528 -102.226
3445.545 -102.023
3446.563 -102.082
3447.580 -102.230
3448.597 -102.235
3449.614 -102.455
3450.631 -102.376
3451.649 -102.463
3452.666 -102.348
3453.684 -102.148
3454.701 -102.209
3455.718 -102.262
3456.735 -102.167
3457.752 -102.210
3458.769 -102.440
3459.788 -102.718
3460.805 -102.797
3461.822 -102.715
3462.840 -102.611
3463.857 -102.490
3464.874 -102.395
3465.892 -102.519
3466.909 -102.581
3467.926 -102.717
3468.944 -102.912
3469.961 -102.899
3470.979 -102.746
3471.995 -102.681
3473.012 -102.844
3474.030 -102.871
3475.046 -102.844
3476.064 -102.911
3477.081 -102.894
3478.099 -102.831
3479.117 -102.704
3480.135 -102.777
3481.151 -102.782
3482.169 -102.805
3483.186 -102.828
3484.203 -102.821
3485.220 -102.848
3486.238 -103.008
3487.255 -103.155
3488.273 -103.308
3489.290 -103.116
3490.308 -102.924
3491.324 -102.939
3492.341 -102.961
3493.360 -103.006
3494.376 -103.040
3495.394 -103.308
3496.410 -103.242
3497.428 -103.418
3498.445 -103.104
3499.463 -103.181
3500.480 -103.410
3501.498 -103.536
3502.515 -103.587
3503.533 -103.576
3504.550 -103.428
3505.568 -103.163
3506.585 -103.197
3507.603 -103.355
3508.620 -103.359
3509.638 -103.389
3510.655 -103.693
3511.673 -103.755
3512.690 -103.579
3513.707 -103.588
3514.724 -103.587
3515.741 -103.560
3516.759 -103.635
3517.776 -103.813
3518.793 -103.810
3519.811 -103.666
3520.828 -103.573
3521.846 -103.677
3522.862 -103.653
3523.879 -103.798
3524.895 -103.912
3525.911 -103.830
3526.926 -103.786
3527.942 -103.792
3528.959 -103.807
3529.975 -103.927
3530.992 -103.940
3532.008 -103.853
3533.025 -104.029
3534.042 -104.008
3535.058 -103.993
3536.076 -104.019
3537.093 -104.088
3538.110 -104.055
3539.127 -104.161
3540.144 -104.138
3541.162 -104.333
3542.179 -104.443
3543.196 -104.331
3544.213 -104.089
3545.230 -104.049
3546.247 -104.303
3547.264 -104.373
3548.282 -104.191
3549.298 -104.058
3550.316 -104.143
3551.333 -104.416
3552.350 -104.384
3553.367 -104.416
3554.384 -104.532
3555.401 -104.433
3556.418 -104.424
3557.435 -104.573
3558.451 -104.507
3559.469 -104.370
3560.487 -104.652
3561.503 -104.722
3562.521 -104.635
3563.537 -104.693
3564.554 -104.534
3565.572 -104.510
3566.590 -104.804
3567.608 -104.952
3568.624 -104.909
3569.642 -104.788
3570.659 -104.742
3571.676 -104.612
3572.692 -104.595
3573.709 -104.578
3574.727 -104.727
3575.744 -104.635
3576.761 -104.656
3577.777 -104.836
3578.794 -104.839
3579.811 -104.888
3580.829 -104.807
3581.846 -104.732
3582.863 -104.669
3583.880 -104.778
3584.897 -104.767
3585.914 -104.731
3586.932 -104.770
3587.949 -104.801
3588.966 -104.811
3589.984 -104.943
3591.001 -104.984
3592.018 -104.988
3593.035 -105.018
3594.052 -105.025
3595.070 -105.005
3596.086 -105.041
3597.104 -104.955
3598.121 -105.012
3599.139 -104.997
3600.156 -104.794
3601.173 -104.802
3602.190 -104.970
3603.207 -104.915
3604.224 -104.913
3605.241 -105.175
3606.258 -105.175
3607.275 -105.270
3608.292 -105.313
3609.309 -105.178
3610.327 -104.992
3611.345 -105.056
3612.362 -105.277
3613.380 -105.202
3614.397 -105.147
3615.414 -105.250
3616.432 -104.938
3617.448 -104.912
3618.461 -105.012
3619.479 -105.095
3620.496 -105.141
3621.513 -105.148
3622.530 -105.250
3623.547 -105.269
3624.565 -105.138
3625.582 -105.205
3626.599 -105.242
3627.617 -105.418
3628.634 -105.285
3629.652 -105.226
3630.669 -105.465
3631.686 -105.485
3632.702 -105.243
3633.720 -105.217
3634.738 -105.392
3635.755 -105.477
3636.773 -105.512
3637.789 -105.459
3638.807 -105.396
3639.824 -105.402
3640.840 -105.330
3641.857 -105.373
3642.875 -105.439
3643.892 -105.492
3644.911 -105.540
3645.928 -105.687
3646.945 -105.615
3647.962 -105.410
3648.980 -105.329
3649.997 -105.560
3651.014 -105.566
3652.032 -105.561
3653.049 -105.562
3654.066 -105.727
3655.084 -105.776
3656.101 -105.673
3657.118 -105.610
3658.136 -105.717
3659.153 -105.574
3660.171 -105.522
3661.188 -105.425
3662.205 -105.546
3663.222 -105.715
3664.239 -105.717
3665.256 -105.653
3666.274 -105.783
3667.291 -105.581
3668.309 -105.801
3669.326 -105.871
3670.343 -105.712
3671.361 -105.945
3672.379 -105.758
3673.396 -105.761
3674.413 -105.634
3675.430 -105.722
3676.448 -105.895
3677.465 -105.920
3678.483 -105.867
3679.500 -105.728
3680.517 -105.831
3681.534 -105.811
3682.552 -105.791
3683.570 -106.011
3684.587 -105.912
3685.604 -105.892
3686.622 -105.881
3687.639 -105.931
3688.656 -105.934
3689.674 -105.815
3690.691 -105.916
3691.709 -105.986
3692.726 -105.970
3693.744 -105.856
3694.761 -106.002
3695.778 -105.927
3696.796 -105.734
3697.813 -105.809
3698.830 -106.021
3699.847 -106.097
3700.865 -105.993
3701.882 -106.039
3702.899 -106.211
3703.916 -106.177
3704.934 -106.130
3705.952 -106.256
3706.968 -106.241
3707.983 -106.053
3708.998 -106.117
3710.014 -106.172
3711.030 -106.112
3712.047 -106.100
3713.064 -106.007
3714.081 -106.143
3715.098 -106.093
3716.114 -106.159
3717.131 -106.141
3718.148 -106.182
3719.165 -106.326
3720.182 -106.266
3721.199 -105.971
3722.217 -105.844
3723.234 -106.170
3724.251 -106.115
3725.268 -106.163
3726.285 -106.211
3727.302 -106.292
3728.318 -106.082
3729.336 -105.959
3730.353 -106.054
3731.370 -106.181
3732.387 -106.176
3733.405 -106.193
3734.422 -106.097
3735.438 -106.087
3736.455 -106.128
3737.473 -106.199
3738.490 -106.335
3739.507 -106.418
3740.524 -106.247
3741.542 -106.238
3742.559 -106.071
3743.576 -106.048
3744.594 -106.101
3745.612 -106.216
3746.629 -106.281
3747.646 -106.205
3748.664 -106.208
3749.681 -106.391
3750.699 -106.356
3751.716 -106.165
3752.734 -106.130
3753.751 -106.226
3754.768 -106.347
3755.785 -106.440
3756.803 -106.354
3757.820 -106.191
3758.837 -106.315
3759.854 -106.385
3760.871 -106.176
3761.889 -106.027
3762.906 -106.191
3763.924 -106.432
3764.942 -106.347
3765.958 -106.299
3766.975 -106.353
3767.992 -106.362
3769.009 -106.383
3770.027 -106.354
3771.044 -106.380
3772.062 -106.381
3773.079 -106.491
3774.096 -106.490
3775.114 -106.272
3776.131 -106.396
3777.148 -106.483
3778.166 -106.336
3779.182 -106.458
3780.200 -106.448
3781.217 -106.462
3782.234 -106.423
3783.252 -106.542
3784.269 -106.474
3785.286 -106.523
3786.302 -106.330
3787.319 -106.519
3788.337 -106.332
3789.354 -106.430
3790.371 -106.626
3791.388 -106.402
3792.405 -106.538
3793.422 -106.579
3794.439 -106.627
3795.457 -106.736
3796.474 -106.562
3797.491 -106.513
3798.508 -106.375
3799.526 -106.549
3800.543 -106.421
3801.560 -106.359
3802.578 -106.283
3803.595 -106.388
3804.613 -106.618
3805.630 -106.718
3806.648 -106.687
3807.665 -106.572
3808.682 -106.645
3809.700 -106.506
3810.717 -106.495
3811.734 -106.580
3812.751 -106.676
3813.769 -106.608
3814.787 -106.636
3815.804 -106.716
3816.822 -106.725
3817.839 -106.663
3818.857 -106.748
3819.874 -106.658
3820.891 -106.554
3821.909 -106.628
3822.926 -106.767
3823.943 -106.862
3824.960 -106.786
3825.978 -106.568
3826.994 -106.421
3828.012 -106.653
3829.029 -106.775
3830.047 -106.713
3831.064 -106.825
3832.081 -106.977
3833.098 -106.841
3834.116 -106.685
3835.132 -106.793
3836.150 -106.631
3837.166 -106.693
3838.183 -106.608
3839.201 -106.608
3840.218 -106.839
3841.236 -106.834
3842.252 -106.615
3843.269 -106.760
3844.287 -106.798
3845.304 -106.600
3846.321 -106.543
3847.339 -106.811
3848.356 -106.765
3849.374 -106.840
3850.391 -106.570
3851.408 -106.645
3852.425 -106.587
3853.442 -106.505
3854.460 -106.575
3855.477 -106.843
3856.495 -106.932
3857.512 -106.772
3858.529 -106.940
3859.546 -106.927
3860.564 -106.900
3861.581 -106.679
3862.598 -106.676
3863.614 -106.749
3864.632 -106.894
3865.649 -106.940
3866.666 -106.730
3867.683 -106.642
3868.701 -106.720
3869.718 -106.751
3870.735 -106.872
3871.753 -106.799
3872.770 -106.729
3873.787 -106.856
3874.804 -106.784
3875.821 -106.751
3876.838 -106.744
3877.856 -106.684
3878.873 -106.713
3879.890 -106.699
3880.907 -106.625
3881.925 -106.769
3882.942 -106.990
3883.960 -106.874
3884.979 -106.775
3885.996 -106.713
3887.011 -106.702
3888.027 -106.846
3889.043 -107.071
3890.058 -106.932
3891.074 -106.747
3892.091 -106.710
3893.108 -106.789
3894.125 -106.900
3895.142 -106.934
3896.159 -107.029
3897.176 -106.932
3898.193 -106.890
3899.210 -106.651
3900.226 -106.698
3901.244 -106.929
3902.260 -107.010
3903.277 -106.871
3904.294 -106.745
3905.311 -106.907
3906.328 -106.890
3907.345 -107.062
3908.362 -106.930
3909.378 -106.927
3910.395 -107.127
3911.413 -106.814
3912.429 -106.691
3913.447 -106.880
3914.464 -106.970
3915.481 -107.213
3916.498 -107.105
3917.515 -106.955
3918.532 -106.825
3919.550 -106.852
3920.567 -107.142
3921.584 -107.223
3922.601 -106.940
3923.619 -106.883
3924.636 -106.946
3925.653 -107.255
3926.670 -107.186
3927.687 -107.111
3928.704 -107.071
3929.721 -106.996
3930.739 -107.110
3931.754 -107.044
3932.768 -106.906
3933.785 -106.896
3934.802 -106.966
3935.818 -107.158
3936.835 -107.150
3937.852 -106.973
3938.869 -106.864
3939.886 -107.022
3940.903 -107.095
3941.920 -106.941
3942.938 -107.002
3943.954 -107.007
3944.972 -106.996
3945.989 -107.144
3947.007 -107.176
3948.024 -107.104
3949.041 -106.931
3950.058 -106.995
3951.076 -107.183
3952.093 -107.193
3953.111 -107.143
3954.128 -107.108
3955.145 -107.080
3956.162 -107.032
3957.182 -107.071
3958.200 -107.109
3959.216 -107.072
3960.234 -107.166
3961.250 -107.178
3962.268 -107.162
3963.285 -106.902
3964.302 -107.200
3965.320 -107.142
3966.338 -107.030
3967.355 -106.989
3968.372 -107.204
3969.390 -107.286
3970.407 -107.291
3971.424 -107.246
3972.441 -107.221
3973.458 -107.252
3974.475 -106.950
3975.493 -107.059
3976.510 -106.964
3977.526 -107.192
3978.544 -107.292
3979.561 -107.264
3980.578 -107.290
3981.595 -107.128
3982.612 -107.080
3983.629 -107.139
3984.646 -107.210
3985.664 -107.409
3986.681 -107.372
3987.698 -107.173
3988.716 -107.007
3989.733 -106.942
3990.750 -107.167
3991.768 -107.230
3992.786 -107.177
3993.803 -107.189
3994.821 -107.175
3995.838 -107.218
3996.855 -107.357
3997.873 -107.452
3998.890 -107.486
3999.908 -107.378
4000.925 -107.187
4001.943 -107.136
4002.960 -107.253
4003.978 -107.376
4004.994 -107.308
4006.011 -107.358
4007.028 -107.532
4008.046 -107.342
4009.063 -107.231
4010.080 -107.195
4011.097 -107.228
4012.115 -107.441
4013.132 -107.380
4014.149 -107.302
4015.166 -107.311
4016.184 -107.219
4017.201 -107.230
4018.218 -107.351
4019.236 -107.385
4020.253 -107.464
4021.270 -107.331
4022.287 -107.130
4023.305 -107.346
4024.321 -107.279
4025.339 -107.535
4026.355 -107.521
4027.373 -107.288
4028.390 -107.316
4029.407 -107.393
4030.424 -107.316
4031.442 -107.509
4032.459 -107.307
4033.476 -107.496
4034.494 -107.589
4035.511 -107.279
4036.529 -107.504
4037.547 -107.593
4038.565 -107.593
4039.582 -107.399
4040.599 -107.423
4041.616 -107.317
4042.634 -107.272
4043.651 -107.412
4044.668 -107.501
4045.685 -107.528
4046.703 -107.505
4047.720 -107.513
4048.738 -107.447
4049.756 -107.344
4050.773 -107.515
4051.790 -107.601
4052.808 -107.407
4053.825 -107.449
4054.842 -107.547
4055.859 -107.590
4056.876 -107.730
4057.894 -107.558
4058.911 -107.501
4059.928 -107.458
4060.945 -107.534
4061.962 -107.630
4062.980 -107.591
4063.997 -107.572
4065.014 -107.492
4066.032 -107.551
4067.050 -107.628
4068.068 -107.580
4069.084 -107.617
4070.100 -107.700
4071.115 -107.687
4072.132 -107.609
4073.148 -107.438
4074.164 -107.392
4075.182 -107.604
4076.199 -107.678
4077.219 -107.707
4078.236 -107.659
4079.253 -107.720
4080.270 -107.745
4081.287 -107.523
4082.304 -107.599
4083.321 -107.603
4084.337 -107.722
4085.355 -107.600
4086.372 -107.712
4087.389 -107.480
4088.406 -107.792
4089.424 -107.790
4090.441 -107.664
4091.458 -107.749
4092.475 -107.755
4093.492 -107.833
4094.508 -107.827
4095.525 -107.907
4096.542 -107.819
4097.559 -107.668
4098.577 -107.546
4099.594 -107.644
4100.612 -107.816
4101.628 -107.735
4102.645 -107.549
4103.662 -107.649
4104.679 -107.810
4105.696 -107.830
4106.713 -107.938
4107.730 -107.888
4108.747 -107.861
4109.764 -107.684
4110.781 -107.628
4111.798 -107.782
4112.816 -107.876
4113.833 -107.894
4114.850 -107.741
4115.868 -107.796
4116.884 -107.789
4117.902 -107.872
4118.918 -107.863
4119.936 -107.775
4120.953 -107.681
4121.970 -107.776
4122.988 -107.848
4124.005 -107.956
4125.022 -108.025
4126.039 -107.847
4127.057 -107.831
4128.074 -107.766
4129.092 -107.846
4130.109 -107.904
4131.126 -107.930
4132.144 -107.810
4133.161 -107.675
4134.179 -107.757
4135.196 -107.827
4136.213 -107.919
4137.230 -108.043
4138.247 -107.919
4139.265 -107.927
4140.282 -107.786
4141.299 -107.747
4142.316 -107.974
4143.334 -108.056
4144.350 -107.901
4145.368 -107.920
4146.385 -107.926
4147.434 -107.924
4148.452 -107.934
4149.469 -107.803
4150.487 -107.761
4151.504 -107.952
4152.521 -107.936
4153.538 -108.053
4154.556 -107.894
4155.573 -107.768
4156.590 -107.906
4157.607 -107.833
4158.625 -108.003
4159.642 -108.093
4160.660 -107.974
4161.677 -108.005
4162.694 -107.891
4163.711 -108.028
4164.729 -107.980
4165.746 -108.032
4166.763 -108.078
4167.781 -107.923
4168.798 -107.907
4169.815 -107.940
4170.833 -107.970
4171.850 -107.910
4172.867 -108.005
4173.885 -108.012
4174.902 -108.037
4175.920 -107.976
4176.936 -107.823
4177.953 -107.938
4178.971 -108.066
4179.988 -108.019
4181.006 -107.922
4182.023 -108.001
4183.041 -107.971
4184.059 -108.013
4185.076 -108.067
4186.093 -108.267
4187.110 -108.226
4188.127 -108.178
4189.144 -107.971
4190.161 -108.013
4191.179 -108.134
4192.195 -108.088
4193.213 -108.043
4194.230 -108.218
4195.248 -108.271
4196.265 -108.281
4197.282 -108.245
4198.300 -108.296
4199.317 -108.062
4200.335 -108.245
4201.352 -108.374
4202.370 -108.258
4203.387 -108.130
4204.404 -108.201
4205.422 -108.136
4206.439 -108.086
4207.456 -108.072
4208.473 -108.257
4209.491 -108.143
4210.509 -108.365
4211.526 -108.323
4212.544 -108.301
4213.561 -108.400
4214.579 -108.428
4215.596 -108.257
4216.614 -108.206
4217.631 -108.215
4218.649 -108.518
4219.667 -108.414
4220.684 -108.319
4221.702 -108.598
4222.719 -108.612
4223.736 -108.425
4224.754 -108.446
4225.771 -108.545
4226.788 -108.505
4227.806 -108.597
4228.823 -108.760
4229.841 -108.815
4230.858 -108.775
4231.875 -108.652
4232.893 -108.536
4233.911 -108.484
4234.928 -108.535
4235.945 -108.614
4236.962 -108.730
4237.979 -108.729
4238.997 -108.725
4240.015 -108.861
4241.033 -108.860
4242.049 -108.807
4243.064 -108.877
4244.080 -108.752
4245.096 -108.642
4246.112 -108.716
4247.128 -108.690
4248.144 -108.814
4249.162 -108.861
4250.179 -108.874
4251.195 -108.818
4252.213 -108.782
4253.230 -108.906
4254.247 -108.857
4255.264 -108.831
4256.282 -108.968
4257.299 -109.055
4258.316 -108.895
4259.333 -109.113
4260.351 -109.126
4261.368 -109.049
4262.385 -108.832
4263.402 -109.095
4264.419 -109.314
4265.436 -109.066
4266.453 -109.232
4267.471 -109.126
4268.489 -109.117
4269.506 -109.278
4270.523 -109.306
4271.540 -109.098
4272.557 -109.266
4273.574 -109.083
4274.592 -109.155
4275.609 -109.305
4276.626 -109.114
4277.643 -109.101
4278.661 -109.227
4279.678 -109.275
4280.695 -109.407
4281.712 -109.204
4282.729 -109.027
4283.746 -109.072
4284.763 -109.174
4285.779 -109.371
4286.797 -109.228
4287.814 -109.256
4288.832 -109.253
4289.849 -109.436
4290.867 -109.622
4291.884 -109.554
4292.903 -109.590
4293.920 -109.600
4294.937 -109.596
4295.954 -109.664
4296.972 -109.537
4297.989 -109.499
4299.006 -109.501
4300.023 -109.594
4301.040 -109.622
4302.057 -109.551
4303.074 -109.401
4304.091 -109.604
4305.108 -109.604
4306.125 -109.520
4307.143 -109.679
4308.160 -109.863
4309.177 -109.839
4310.195 -109.770
4311.212 -109.770
4312.229 -109.759
4313.246 -109.838
4314.263 -109.924
4315.280 -109.766
4316.297 -109.651
4317.314 -109.859
4318.332 -109.861
4319.349 -109.963
4320.366 -110.079
4321.383 -109.969
4322.400 -109.879
4323.416 -110.114
4324.434 -109.905
4325.451 -109.920
4326.469 -110.071
4327.487 -110.107
4328.503 -109.951
4329.521 -110.112
4330.538 -109.906
4331.555 -110.075
4332.572 -110.232
4333.590 -110.162
4334.607 -110.125
4335.624 -110.172
4336.641 -109.971
4337.659 -110.012
4338.676 -110.151
4339.693 -110.133
4340.711 -110.217
4341.728 -110.234
4342.745 -110.222
4343.762 -110.296
4344.779 -110.208
4345.797 -110.096
4346.814 -110.140
4347.831 -110.142
4348.849 -110.233
4349.866 -110.398
4350.883 -110.344
4351.901 -110.445
4352.916 -110.600
4353.934 -110.503
4354.950 -110.486
4355.968 -110.439
4356.985 -110.400
4358.002 -110.458
4359.019 -110.538
4360.037 -110.516
4361.053 -110.557
4362.067 -110.630
4363.084 -110.730
4364.102 -110.831
4365.120 -110.613
4366.137 -110.636
4367.154 -110.821
4368.171 -110.767
4369.189 -110.840
4370.206 -110.745
4371.223 -110.807
4372.241 -110.902
4373.258 -110.943
4374.275 -110.872
4375.292 -110.888
4376.310 -111.033
4377.327 -110.826
4378.344 -110.789
4379.361 -110.977
4380.379 -110.842
4381.396 -110.900
4382.413 -111.062
4383.430 -110.944
4384.447 -110.896
4385.465 -111.012
4386.482 -111.245
4387.499 -111.129
4388.516 -111.105
4389.534 -111.011
4390.551 -111.213
4391.569 -111.220
4392.586 -111.164
4393.603 -111.293
4394.621 -111.354
4395.638 -111.451
4396.656 -111.304
4397.673 -111.330
4398.690 -111.313
4399.708 -111.295
4400.726 -111.410
4401.743 -111.528
4402.760 -111.413
4403.778 -111.435
4404.795 -111.429
4405.812 -111.455
4406.830 -111.284
4407.847 -111.347
4408.864 -111.425
4409.882 -111.615
4410.899 -111.857
4411.915 -111.822
4412.932 -111.765
4413.949 -111.854
4414.967 -111.878
4415.984 -111.728
4417.002 -111.588
4418.018 -111.528
4419.036 -111.515
4420.053 -111.713
4421.070 -111.880
4422.088 -111.936
4423.106 -111.799
4424.123 -111.874
4425.138 -111.919
4426.154 -111.908
4427.169 -112.017
4428.185 -111.946
4429.202 -112.141
4430.219 -112.047
4431.235 -112.206
4432.253 -112.087
4433.270 -111.909
4434.287 -112.109
4435.304 -112.196
4436.320 -112.063
4437.337 -112.165
4438.354 -112.098
4439.370 -111.990
4440.387 -112.261
4441.404 -112.121
4442.421 -112.245
4443.438 -112.309
4444.456 -112.524
4445.473 -112.523
4446.491 -112.475
4447.508 -112.570
4448.525 -112.532
4449.542 -112.404
4450.559 -112.444
4451.576 -112.599
4452.593 -112.553
4453.611 -112.566
4454.628 -112.642
4455.645 -112.656
4456.663 -112.800
4457.680 -112.763
4458.697 -112.822
4459.714 -112.855
4460.731 -112.924
4461.748 -113.005
4462.764 -112.869
4463.782 -112.941
4464.798 -113.045
4465.816 -112.951
4466.833 -112.889
4467.851 -112.909
4468.869 -113.008
4469.886 -113.166
4470.903 -113.226
4471.920 -113.234
4472.936 -113.174
4473.953 -113.083
4474.970 -113.159
4475.988 -113.156
4477.005 -113.284
4478.022 -113.298
4479.040 -113.231
4480.057 -113.302
4481.075 -113.435
4482.092 -113.544
4483.109 -113.548
4484.126 -113.512
4485.143 -113.573
4486.160 -113.624
4487.177 -113.453
4488.194 -113.306
4489.211 -113.406
4490.228 -113.547
4491.246 -113.521
4492.263 -113.703
4493.281 -113.561
4494.298 -113.654
4495.315 -113.622
4496.332 -113.869
4497.349 -113.777
4498.365 -113.747
4499.382 -113.752
4500.399 -113.978
4501.416 -114.011
4502.433 -114.170
4503.450 -114.242
4504.468 -114.070
4505.485 -114.017
4506.502 -114.134
4507.519 -113.955
4508.537 -113.971
4509.554 -114.275
4510.571 -114.367
4511.589 -114.420
4512.605 -114.212
4513.622 -114.303
4514.640 -114.587
4515.657 -114.505
4516.674 -114.306
4517.692 -114.348
4518.709 -114.520
4519.727 -114.513
4520.743 -114.358
4521.761 -114.417
4522.778 -114.565
4523.795 -114.556
4524.812 -114.544
4525.830 -114.765
4526.847 -114.789
4527.865 -114.682
4528.882 -114.834
4529.899 -114.967
4530.917 -114.861
4531.934 -114.828
4532.951 -114.936
4533.968 -114.996
4534.986 -114.935
4536.003 -115.036
4537.020 -115.037
4538.038 -115.001
4539.055 -115.130
4540.072 -115.039
4541.089 -115.079
4542.106 -115.081
4543.124 -114.979
4544.142 -115.170
4545.159 -115.031
4546.177 -115.130
4547.194 -115.309
4548.212 -115.177
4549.229 -115.313
4550.246 -115.236
4551.263 -115.302
4552.280 -115.328
4553.297 -115.430
4554.315 -115.553
4555.331 -115.595
4556.349 -115.575
4557.366 -115.614
4558.383 -115.565
4559.400 -115.471
4560.417 -115.603
4561.434 -115.633
4562.452 -115.507
4563.469 -115.846
4564.486 -115.704
4565.503 -115.907
4566.521 -116.058
4567.539 -115.982
4568.556 -115.725
4569.573 -115.730
4570.590 -115.781
4571.607 -115.812
4572.624 -115.944
4573.642 -115.865
4574.659 -116.085
4575.677 -116.044
4576.694 -115.990
4577.711 -115.915
4578.728 -116.060
4579.746 -116.069
4580.763 -116.176
4581.781 -116.222
4582.798 -116.286
4583.815 -116.177
4584.833 -116.121
4585.850 -116.178
4586.868 -116.247
4587.885 -116.431
4588.903 -116.445
4589.920 -116.477
4590.938 -116.436
4591.955 -116.287
4592.972 -116.219
4593.989 -116.272
4595.007 -116.400
4596.025 -116.508
4597.042 -116.607
4598.060 -116.646
4599.076 -116.629
4600.094 -116.435
4601.111 -116.382
4602.128 -116.640
4603.145 -116.581
4604.163 -116.583
4605.180 -116.550
4606.197 -116.788
4607.212 -116.855
4608.228 -116.735
4609.243 -116.765
4610.260 -116.597
4611.276 -116.772
4612.293 -116.639
4613.310 -116.836
4614.326 -116.666
4615.343 -116.888
4616.360 -116.785
4617.377 -117.013
4618.393 -117.032
4619.410 -116.986
4620.427 -116.828
4621.445 -117.157
4622.462 -116.963
4623.480 -117.144
4624.496 -117.042
4625.513 -117.175
4626.530 -117.154
4627.547 -117.080
4628.565 -117.109
4629.582 -117.121
4630.599 -117.156
4631.617 -116.936
4632.633 -116.915
4633.650 -117.010
4634.667 -117.142
4635.684 -117.072
4636.701 -117.140
4637.718 -117.265
4638.735 -117.317
4639.753 -117.561
4640.770 -117.449
4641.787 -117.333
4642.804 -117.519
4643.821 -117.428
4644.838 -117.360
4645.855 -117.452
4646.872 -117.405
4647.924 -117.386
4648.941 -117.307
4649.958 -117.175
4650.975 -117.329
4651.992 -117.472
4653.010 -117.374
4654.027 -117.442
4655.044 -117.553
4656.061 -117.572
4657.079 -117.467
4658.097 -117.444
4659.114 -117.479
4660.131 -117.644
4661.148 -117.619
4662.166 -117.699
4663.183 -117.647
4664.201 -117.523
4665.218 -117.741
4666.235 -117.708
4667.252 -117.721
4668.269 -117.579
4669.286 -117.642
4670.303 -117.721
4671.320 -117.847
4672.337 -117.672
4673.354 -117.746
4674.371 -117.669
4675.389 -118.011
4676.405 -117.909
4677.422 -117.668
4678.440 -117.878
4679.457 -117.914
4680.474 -117.850
4681.492 -118.020
4682.509 -117.903
4683.527 -117.791
4684.544 -117.778
4685.561 -117.866
4686.578 -117.991
4687.596 -118.071
4688.613 -118.156
4689.630 -118.028
4690.647 -118.037
4691.665 -117.903
4692.682 -117.989
4693.699 -118.076
4694.716 -118.003
4695.734 -118.022
4696.751 -118.147
4697.768 -118.182
4698.786 -118.300
4699.803 -118.265
4700.820 -118.070
4701.838 -118.125
4702.854 -118.381
4703.871 -118.393
4704.889 -118.206
4705.906 -118.237
4706.924 -118.374
4707.940 -118.261
4708.957 -118.213
4709.975 -118.358
4710.992 -118.306
4712.009 -118.192
4713.026 -118.230
4714.043 -118.241
4715.061 -118.335
4716.078 -118.362
4717.096 -118.366
4718.113 -118.348
4719.130 -118.585
4720.148 -118.682
4721.165 -118.624
4722.186 -118.542
4723.203 -118.437
4724.221 -118.733
4725.238 -118.670
4726.256 -118.782
4727.273 -118.801
4728.290 -118.772
4729.308 -118.751
4730.325 -118.727
4731.342 -118.716
4732.360 -118.701
4733.377 -118.702
4734.394 -118.775
4735.412 -118.679
4736.429 -118.558
4737.447 -118.799
4738.463 -118.667
4739.481 -118.754
4740.498 -118.737
4741.515 -118.814
4742.532 -118.912
4743.549 -118.867
4744.567 -118.706
4745.585 -118.688
4746.602 -118.933
4747.619 -118.931
4748.637 -118.932
4749.654 -118.827
4750.671 -118.713
4751.688 -118.748
4752.705 -118.938
4753.722 -118.768
4754.740 -118.799
4755.757 -118.911
4756.775 -119.067
4757.791 -119.176
4758.809 -119.232
4759.826 -119.054
4760.843 -118.838
4761.861 -118.921
4762.878 -119.096
4763.896 -119.084
4764.913 -118.944
4765.930 -118.998
4766.948 -119.134
4767.966 -119.073
4768.982 -119.104
4769.999 -119.213
4771.017 -119.205
4772.035 -119.135
4773.053 -119.250
4774.071 -119.373
4775.088 -119.268
4776.106 -119.277
4777.123 -119.353
4778.141 -119.297
4779.159 -119.162
4780.176 -119.033
4781.192 -119.202
4782.207 -119.296
4783.222 -119.486
4784.238 -119.454
4785.254 -119.421
4786.271 -119.320
4787.288 -119.366
4788.305 -119.489
4789.322 -119.335
4790.339 -119.321
4791.357 -119.318
4792.373 -119.568
4793.390 -119.531
4794.408 -119.597
4795.425 -119.639
4796.442 -119.627
4797.459 -119.627
4798.476 -119.716
4799.493 -119.689
4800.511 -119.617
4801.528 -119.671
4802.545 -119.571
4803.562 -119.632
4804.579 -119.708
4805.597 -119.701
4806.614 -119.644
4807.631 -119.759
4808.648 -119.690
4809.665 -119.636
4810.682 -119.489
4811.699 -119.720
4812.716 -119.769
4813.733 -119.736
4814.750 -119.676
4815.767 -119.719
4816.784 -119.692
4817.801 -119.919
4818.818 -120.014
4819.834 -119.966
4820.851 -119.935
4821.869 -119.789
4822.886 -119.771
4823.903 -119.815
4824.920 -119.992
4825.938 -119.984
4826.955 -119.947
4827.972 -120.142
4828.989 -120.255
4830.007 -120.181
4831.024 -120.094
4832.041 -120.290
4833.059 -120.236
4834.076 -120.361
4835.093 -120.355
4836.111 -120.186
4837.128 -120.055
4838.145 -120.113
4839.161 -120.188
4840.179 -120.321
4841.196 -120.191
4842.213 -120.231
4843.231 -120.254
4844.248 -120.348
4845.265 -120.319
4846.283 -120.238
4847.300 -120.463
4848.318 -120.572
4849.335 -120.314
4850.352 -120.176
4851.369 -120.289
4852.386 -120.394
4853.403 -120.581
4854.420 -120.455
4855.437 -120.520
4856.454 -120.669
4857.471 -120.602
4858.489 -120.609
4859.505 -120.603
4860.522 -120.750
4861.540 -120.467
4862.557 -120.518
4863.575 -120.693
4864.592 -120.735
4865.611 -120.824
4866.628 -120.902
4867.645 -120.776
4868.663 -120.764
4869.680 -120.626
4870.697 -120.706
4871.714 -120.664
4872.732 -120.694
4873.748 -120.888
4874.766 -120.975
4875.783 -120.904
4876.801 -121.010
4877.818 -121.047
4878.836 -121.077
4879.853 -121.075
4880.871 -121.068
4881.888 -121.228
4882.905 -121.251
4883.923 -121.233
4884.940 -121.332
4885.957 -121.260
4886.974 -121.075
4887.991 -120.966
4889.008 -121.048
4890.025 -121.306
4891.042 -121.233
4892.060 -121.281
4893.076 -121.450
4894.094 -121.437
4895.111 -121.549
4896.129 -121.371
4897.147 -121.339
4898.164 -121.471
4899.182 -121.326
4900.199 -121.321
4901.217 -121.411
4902.234 -121.412
4903.252 -121.678
4904.269 -121.660
4905.287 -121.716
4906.304 -121.668
4907.321 -121.762
4908.338 -121.915
4909.355 -121.830
4910.372 -121.670
4911.390 -121.661
4912.407 -121.699
4913.424 -121.864
4914.442 -121.888
4915.459 -121.810
4916.476 -122.062
4917.493 -121.854
4918.511 -121.838
4919.528 -121.762
4920.545 -122.033
4921.562 -122.185
4922.579 -122.153
4923.596 -121.940
4924.613 -121.968
4925.631 -121.977
4926.648 -121.976
4927.665 -122.057
4928.682 -122.019
4929.699 -122.305
4930.717 -122.255
4931.735 -122.251
4932.752 -122.386
4933.770 -122.408
4934.787 -122.147
4935.805 -122.003
4936.822 -122.101
4937.839 -122.196
4938.856 -122.243
4939.874 -122.070
4940.891 -122.146
4941.908 -122.174
4942.925 -122.210
4943.943 -122.158
4944.960 -122.276
4945.978 -122.518
4946.995 -122.674
4948.013 -122.550
4949.030 -122.475
4950.048 -122.648
4951.065 -122.576
4952.082 -122.554
4953.100 -122.495
4954.117 -122.553
4955.134 -122.574
4956.151 -122.591
4957.168 -122.476
4958.185 -122.691
4959.204 -122.736
4960.223 -122.705
4961.239 -122.892
4962.254 -122.916
4963.269 -122.720
4964.285 -122.760
4965.302 -122.913
4966.318 -123.031
4967.336 -123.049
4968.353 -122.927
4969.371 -122.906
4970.388 -122.839
4971.404 -122.761
4972.421 -122.842
4973.438 -123.213
4974.456 -123.080
4975.473 -123.272
4976.491 -123.075
4977.508 -123.338
4978.525 -123.390
4979.542 -123.385
4980.559 -123.268
4981.576 -123.091
4982.593 -123.133
4983.610 -123.031
4984.627 -123.254
4985.644 -123.346
4986.661 -123.261
4987.678 -123.377
4988.696 -123.339
4989.712 -123.229
4990.729 -123.258
4991.745 -123.304
4992.763 -123.268
4993.780 -123.356
4994.797 -123.587
4995.814 -123.495
4996.831 -123.496
4997.848 -123.640
4998.865 -123.656
4999.882 -123.624
5000.900 -123.541
5001.917 -123.493
5002.934 -123.623
5003.952 -123.649
5004.969 -123.592
5005.986 -123.790
5007.002 -123.875
5008.019 -123.780
5009.036 -123.657
5010.053 -123.832
5011.070 -123.741
5012.088 -123.522
5013.105 -123.641
5014.122 -123.737
5015.139 -123.580
5016.157 -123.598
5017.174 -123.794
5018.191 -123.731
5019.209 -123.709
5020.226 -123.788
5021.243 -123.926
5022.261 -123.918
5023.278 -123.823
5024.295 -123.806
5025.313 -123.894
5026.330 -123.979
5027.348 -124.001
5028.364 -124.000
5029.381 -124.340
5030.399 -124.152
5031.416 -124.211
5032.432 -124.078
5033.450 -124.072
5034.466 -124.116
5035.484 -124.368
5036.501 -124.244
5037.519 -124.051
5038.536 -124.077
5039.554 -124.479
5040.571 -124.525
5041.589 -124.248
5042.606 -124.137
5043.623 -124.246
5044.640 -124.393
5045.657 -124.492
5046.674 -124.402
5047.692 -124.172
5048.709 -124.248
5049.726 -124.540
5050.744 -124.578
5051.760 -124.533
5052.777 -124.439
5053.794 -124.389
5054.812 -124.400
5055.829 -124.448
5056.846 -124.471
5057.864 -124.591
5058.881 -124.698
5059.899 -124.792
5060.917 -124.804
5061.935 -124.855
5062.952 -124.920
5063.970 -124.828
5064.987 -124.745
5066.005 -124.657
5067.021 -124.638
5068.039 -124.813
5069.056 -124.883
5070.074 -124.910
5071.090 -124.806
5072.108 -124.957
5073.125 -125.003
5074.142 -125.092
5075.159 -125.176
5076.176 -125.121
5077.194 -125.086
5078.211 -125.089
5079.228 -125.162
5080.245 -125.060
5081.262 -124.857
5082.280 -124.860
5083.298 -125.162
5084.315 -125.223
5085.333 -125.279
5086.350 -125.393
5087.367 -125.572
5088.385 -125.385
5089.402 -125.246
5090.419 -125.280
5091.436 -125.232
5092.453 -125.309
5093.472 -125.596
5094.489 -125.641
5095.506 -125.567
5096.523 -125.487
5097.541 -125.362
5098.558 -125.678
5099.576 -125.554
5100.593 -125.745
5101.610 -125.692
5102.627 -125.796
5103.646 -125.776
5104.663 -125.676
5105.680 -125.784
5106.697 -125.678
5107.715 -125.806
5108.732 -125.993
5109.749 -125.963
5110.766 -125.943
5111.784 -125.837
5112.801 -125.768
5113.819 -125.763
5114.836 -125.824
5115.853 -125.821
5116.871 -125.844
5117.888 -126.001
5118.905 -126.135
5119.923 -126.149
5120.941 -126.109
5121.958 -126.100
5122.976 -126.257
5123.993 -126.353
5125.010 -126.239
5126.027 -126.318
5127.044 -126.338
5128.062 -126.270
5129.076 -126.063
5130.094 -126.239
5131.111 -126.337
5132.129 -126.357
5133.146 -126.354
5134.162 -126.323
5135.180 -126.417
5136.197 -126.462
5137.214 -126.661
5138.232 -126.763
5139.250 -126.689
5140.268 -126.656
5141.285 -126.715
5142.301 -126.833
5143.316 -126.801
5144.331 -126.546
5145.347 -126.618
5146.363 -126.434
5147.380 -126.507
5148.397 -126.718
5149.414 -126.895
5150.431 -126.751
5151.449 -126.773
5152.465 -127.063
5153.482 -127.015
5154.498 -127.095
5155.515 -126.734
5156.532 -126.809
5157.550 -126.968
5158.566 -127.009
5159.583 -126.909
5160.600 -126.899
5161.617 -126.998
5162.634 -127.205
5163.651 -127.282
5164.668 -127.305
5165.686 -127.178
5166.703 -127.168
5167.720 -127.316
5168.738 -127.405
5169.755 -127.217
5170.772 -127.204
5171.789 -127.142
5172.805 -127.219
5173.823 -127.350
5174.839 -127.234
5175.857 -127.191
5176.874 -127.401
5177.891 -127.517
5178.908 -127.382
5179.925 -127.562
5180.942 -127.589
5181.960 -127.519
5182.977 -127.604
5183.994 -127.783
5185.012 -127.754
5186.029 -127.822
5187.046 -127.766
5188.063 -127.628
5189.080 -127.738
5190.096 -127.744
5191.114 -127.888
5192.131 -127.841
5193.148 -127.872
5194.165 -127.820
5195.182 -127.702
5196.199 -127.798
5197.216 -127.776
5198.233 -127.914
5199.251 -127.909
5200.268 -127.915
5201.285 -127.951
5202.302 -128.052
5203.320 -127.869
5204.337 -128.093
5205.354 -128.026
5206.371 -127.989
5207.388 -128.191
5208.406 -128.035
5209.423 -127.951
5210.441 -128.233
5211.458 -128.314
5212.475 -128.266
5213.493 -128.211
5214.510 -128.250
5215.527 -128.110
5216.544 -128.176
5217.561 -128.209
5218.579 -128.209
5219.596 -128.333
5220.613 -128.346
5221.630 -128.162
5222.648 -128.220
5223.666 -128.363
5224.683 -128.460
5225.700 -128.586
5226.717 -128.526
5227.734 -128.293
5228.751 -128.447
5229.769 -128.655
5230.786 -128.696
5231.803 -128.650
5232.820 -128.519
5233.838 -128.515
5234.854 -128.650
5235.872 -128.673
5236.889 -128.776
5237.906 -128.764
5238.924 -128.766
5239.940 -128.839
5240.957 -128.648
5241.975 -128.531
5242.993 -128.552
5244.010 -128.631
5245.028 -128.780
5246.045 -128.800
5247.062 -128.868
5248.079 -128.935
5249.097 -128.976
5250.114 -128.955
5251.131 -128.950
5252.149 -129.031
5253.167 -129.068
5254.183 -128.984
5255.201 -129.055
5256.218 -128.982
5257.236 -128.909
5258.253 -128.960
5259.270 -129.075
5260.287 -129.150
5261.305 -129.084
5262.322 -129.086
5263.339 -129.331
5264.356 -129.159
5265.373 -129.381
5266.391 -129.201
5267.408 -129.164
5268.425 -129.309
5269.442 -129.450
5270.460 -129.390
5271.477 -129.375
5272.495 -129.494
5273.512 -129.423
5274.529 -129.230
5275.546 -129.391
5276.563 -129.376
5277.580 -129.398
5278.596 -129.587
5279.614 -129.453
5280.631 -129.392
5281.648 -129.520
5282.666 -129.587
5283.683 -129.765
5284.701 -129.742
5285.718 -129.598
5286.735 -129.563
5287.753 -129.589
5288.770 -129.666
5289.788 -129.737
5290.805 -129.721
5291.823 -129.701
5292.840 -129.698
5293.857 -129.853
5294.875 -129.865
5295.892 -129.763
5296.908 -129.895
5297.925 -129.966
5298.942 -130.111
5299.960 -130.249
5300.977 -130.125
5301.995 -130.016
5303.013 -130.136
5304.030 -130.341
5305.047 -130.281
5306.064 -130.104
5307.081 -130.026
5308.098 -130.100
5309.116 -130.244
5310.133 -130.206
5311.151 -130.139
5312.167 -130.081
5313.185 -130.331
5314.202 -130.211
5315.219 -130.096
5316.236 -130.334
5317.254 -130.362
5318.271 -130.382
5319.289 -130.407
5320.305 -130.383
5321.324 -130.446
5322.342 -130.520
5323.358 -130.684
5324.374 -130.720
5325.390 -130.761
5326.406 -130.659
5327.422 -130.715
5328.439 -130.629
5329.456 -130.604
5330.473 -130.699
5331.491 -130.551
5332.507 -130.824
5333.524 -130.854
5334.540 -130.868
5335.558 -130.902
5336.575 -130.870
5337.593 -130.786
5338.610 -130.694
5339.628 -130.881
5340.641 -130.937
5341.658 -131.031
5342.676 -131.078
5343.693 -130.787
5344.710 -130.868
5345.728 -131.205
5346.745 -131.298
5347.762 -131.294
5348.780 -131.295
5349.796 -131.141
5350.813 -131.158
5351.830 -131.206
5352.847 -131.341
5353.864 -131.396
5354.881 -131.495
5355.898 -131.544
5356.914 -131.436
5357.932 -131.429
5358.948 -131.459
5359.966 -131.474
5360.983 -131.536
5362.000 -131.533
5363.017 -131.500
5364.034 -131.621
5365.051 -131.751
5366.068 -131.787
5367.086 -131.720
5368.103 -131.663
5369.120 -131.623
5370.137 -131.816
5371.154 -131.746
5372.171 -131.826
5373.188 -131.938
5374.205 -131.897
5375.223 -131.862
5376.240 -132.050
5377.257 -132.167
5378.275 -131.980
5379.292 -132.177
5380.309 -132.145
5381.326 -131.973
5382.343 -132.019
5383.360 -132.158
5384.377 -132.316
5385.395 -132.438
5386.412 -132.221
5387.430 -132.547
5388.447 -132.389
5389.464 -132.424
5390.482 -132.293
5391.499 -132.394
5392.516 -132.417
5393.534 -132.411
5394.551 -132.577
5395.568 -132.351
5396.585 -132.419
5397.603 -132.462
5398.621 -132.571
5399.638 -132.734
5400.655 -132.704
5401.672 -132.855
5402.689 -132.933
5403.707 -132.978
5404.725 -132.956
5405.742 -132.818
5406.760 -132.918
5407.777 -133.010
5408.795 -133.003
5409.812 -133.053
5410.829 -132.892
5411.846 -132.923
5412.864 -133.119
5413.881 -133.216
5414.898 -133.300
5415.915 -133.256
5416.932 -133.178
5417.950 -133.222
5418.968 -133.273
5419.985 -133.417
5421.002 -133.610
5422.020 -133.704
5423.037 -133.753
5424.054 -133.622
5425.071 -133.409
5426.088 -133.367
5427.106 -133.667
5428.123 -133.948
5429.141 -133.842
5430.159 -133.967
5431.176 -133.952
5432.194 -134.067
5433.212 -134.055
5434.228 -134.074
5435.246 -134.114
5436.263 -134.072
5437.281 -134.234
5438.298 -134.156
5439.315 -134.153
5440.332 -134.177
5441.349 -134.430
5442.366 -134.541
5443.383 -134.567
5444.400 -134.498
5445.418 -134.449
5446.435 -134.696
5447.452 -134.480
5448.470 -134.674
5449.487 -134.687
5450.504 -134.641
5451.520 -134.758
5452.538 -134.716
5453.555 -134.740
5454.572 -134.718
5455.589 -134.841
5456.606 -134.843
5457.622 -134.866
5458.639 -135.074
5459.657 -135.072
5460.675 -135.197
5461.691 -135.190
5462.708 -135.061
5463.726 -135.095
5464.743 -135.132
5465.761 -135.236
5466.778 -135.400
5467.795 -135.407
5468.813 -135.619
5469.830 -135.679
5470.847 -135.670
5471.865 -135.522
5472.881 -135.605
5473.899 -135.642
5474.916 -135.756
5475.933 -135.760
5476.950 -135.676
5477.967 -135.755
5478.984 -135.778
5480.001 -135.696
5481.018 -135.695
5482.035 -135.798
5483.053 -135.986
5484.070 -136.105
5485.087 -136.276
5486.105 -136.225
5487.122 -136.222
5488.140 -136.363
5489.158 -136.423
5490.174 -136.345
5491.192 -136.279
5492.209 -136.387
5493.226 -136.452
5494.244 -136.510
5495.261 -136.529
5496.279 -136.389
5497.296 -136.534
5498.313 -136.663
5499.332 -136.732
5500.349 -136.632
5501.366 -136.573
5502.383 -136.669
5503.401 -136.813
5504.419 -136.601
5505.436 -136.561
5506.451 -136.819
5507.466 -136.939
5508.483 -136.898
5509.499 -137.189
5510.515 -137.289
5511.532 -137.008
5512.549 -137.134
5513.566 -137.013
5514.583 -137.231
5515.601 -137.294
5516.618 -137.323
5517.635 -137.252
5518.652 -137.266
5519.669 -137.259
5520.686 -137.355
5521.703 -137.618
5522.720 -137.598
5523.738 -137.415
5524.755 -137.461
5525.772 -137.634
5526.789 -137.721
5527.806 -137.767
5528.824 -137.652
5529.841 -137.701
5530.858 -137.947
5531.875 -137.907
5532.892 -137.745
5533.909 -137.740
5534.926 -137.789
5535.943 -137.923
5536.960 -137.957
5537.977 -137.992
5538.994 -138.047
5540.011 -137.994
5541.028 -137.907
5542.046 -138.087
5543.063 -138.226
5544.080 -138.137
5545.097 -138.084
5546.115 -138.120
5547.132 -138.140
5548.149 -138.404
5549.166 -138.589
5550.183 -138.530
5551.200 -138.371
5552.217 -138.451
5553.234 -138.396
5554.251 -138.578
5555.268 -138.765
5556.285 -138.686
5557.302 -138.792
5558.319 -138.831
5559.337 -138.557
5560.354 -138.472
5561.371 -138.746
5562.389 -138.663
5563.406 -138.995
5564.423 -138.999
5565.440 -139.045
5566.459 -139.123
5567.475 -139.163
5568.493 -139.259
5569.509 -139.095
5570.527 -139.019
5571.543 -139.263
5572.560 -139.155
5573.577 -139.129
5574.595 -139.302
5575.612 -139.270
5576.629 -139.543
5577.646 -139.605
5578.664 -139.676
5579.681 -139.709
5580.699 -139.620
5581.716 -139.514
5582.734 -139.586
5583.751 -139.855
5584.768 -139.807
5585.786 -139.770
5586.803 -139.833
5587.820 -139.955
5588.838 -139.989
5589.855 -139.849
5590.871 -139.964
5591.889 -140.152
5592.906 -140.000
5593.923 -139.962
5594.941 -140.023
5595.958 -140.138
5596.975 -140.280
5597.993 -140.383
5599.009 -140.272
5600.026 -140.053
5601.043 -140.183
5602.061 -140.493
5603.078 -140.642
5604.096 -140.571
5605.113 -140.523
5606.130 -140.465
5607.148 -140.591
5608.165 -140.663
5609.182 -140.628
5610.200 -140.760
5611.218 -140.575
5612.235 -140.678
5613.252 -140.800
5614.269 -140.771
5615.286 -140.726
5616.303 -140.826
5617.321 -140.869
5618.338 -141.136
5619.355 -141.023
5620.373 -141.294
5621.391 -141.418
5622.408 -141.140
5623.425 -141.111
5624.442 -140.976
5625.460 -141.083
5626.477 -141.108
5627.495 -141.428
5628.512 -141.325
5629.530 -141.414
5630.547 -141.419
5631.564 -141.298
5632.582 -141.507
5633.599 -141.285
5634.616 -141.278
5635.634 -141.466
5636.651 -141.628
5637.669 -141.431
5638.686 -141.434
5639.703 -141.396
5640.720 -141.623
5641.737 -141.781
5642.755 -141.683
5643.772 -141.696
5644.790 -141.795
5645.807 -141.988
5646.825 -142.043
5647.842 -141.993
5648.859 -141.943
5649.876 -142.060
5650.893 -142.084
5651.911 -142.131
5652.928 -142.125
5653.945 -142.147
5654.962 -142.085
5655.980 -141.932
5656.997 -141.988
5658.014 -142.088
5659.031 -142.113
5660.048 -142.173
5661.065 -142.232
5662.084 -142.413
5663.101 -142.391
5664.118 -142.283
5665.135 -142.321
5666.152 -142.583
5667.169 -142.669
5668.186 -142.796
5669.204 -142.622
5670.221 -142.384
5671.238 -142.498
5672.255 -142.659
5673.273 -142.714
5674.289 -142.932
5675.307 -143.037
5676.325 -142.979
5677.342 -142.782
5678.359 -142.724
5679.377 -142.877
5680.394 -142.820
5681.411 -142.760
5682.428 -143.021
5683.447 -143.163
5684.465 -143.102
5685.482 -143.013
5686.497 -142.950
5687.512 -142.971
5688.528 -143.138
5689.543 -143.298
5690.559 -143.440
5691.576 -143.633
5692.593 -143.399
5693.610 -143.435
5694.627 -143.558
5695.643 -143.462
5696.660 -143.509
5697.677 -143.527
5698.694 -143.405
5699.711 -143.542
5700.728 -143.490
5701.745 -143.448
5702.762 -143.609
5703.780 -143.601
5704.797 -143.668
5705.814 -143.692
5706.831 -143.824
5707.848 -143.858
5708.863 -143.963
5709.880 -143.967
5710.898 -143.891
5711.914 -143.909
5712.931 -143.852
5713.948 -143.972
5714.966 -143.970
5715.983 -144.085
5717.000 -144.089
5718.017 -143.992
5719.034 -144.052
5720.052 -143.990
5721.068 -144.171
5722.085 -144.278
5723.103 -144.075
5724.120 -143.984
5725.137 -144.308
5726.154 -144.451
5727.171 -144.491
5728.188 -144.478
5729.205 -144.533
5730.222 -144.690
5731.240 -144.621
5732.256 -144.635
5733.274 -144.395
5734.291 -144.453
5735.308 -144.503
5736.326 -144.751
5737.343 -144.628
5738.361 -144.600
5739.378 -144.619
5740.395 -144.606
5741.412 -144.786
5742.429 -144.878
5743.446 -144.936
5744.463 -144.924
5745.480 -144.817
5746.497 -144.791
5747.514 -144.834
5748.531 -145.062
5749.548 -145.057
5750.566 -144.947
5751.583 -144.795
5752.600 -144.976
5753.617 -145.008
5754.634 -145.034
5755.651 -145.034
5756.668 -145.123
5757.685 -145.135
5758.702 -145.076
5759.720 -145.220
5760.737 -145.348
5761.755 -145.484
5762.772 -145.371
5763.789 -145.329
5764.807 -145.198
5765.824 -145.304
5766.841 -145.442
5767.858 -145.448
5768.875 -145.508
5769.893 -145.594
5770.909 -145.572
5771.927 -145.383
5772.944 -145.384
5773.961 -145.523
5774.978 -145.494
5775.996 -145.474
5777.013 -145.724
5778.030 -145.699
5779.047 -145.608
5780.064 -145.668
5781.082 -145.781
5782.099 -145.903
5783.117 -145.887
5784.134 -145.852
5785.152 -145.969
5786.169 -145.996
5787.186 -145.864
5788.203 -145.902
5789.221 -146.029
5790.238 -146.064
5791.254 -146.163
5792.272 -146.103
5793.289 -146.338
5794.306 -146.104
5795.323 -146.057
5796.341 -146.382
5797.358 -146.521
5798.375 -146.319
5799.392 -146.262
5800.409 -146.461
5801.427 -146.774
5802.444 -146.686
5803.461 -146.450
5804.479 -146.597
5805.496 -146.606
5806.514 -146.691
5807.531 -146.793
5808.548 -146.759
5809.566 -146.808
5810.583 -146.808
5811.601 -146.879
5812.618 -146.974
5813.636 -146.964
5814.653 -146.821
5815.671 -146.862
5816.688 -147.107
5817.704 -147.206
5818.722 -147.224
5819.740 -147.054
5820.757 -147.046
5821.774 -147.190
5822.791 -147.185
5823.808 -147.309
5824.826 -147.362
5825.843 -147.342
5826.860 -147.386
5827.878 -147.471
5828.895 -147.563
5829.912 -147.517
5830.929 -147.476
5831.946 -147.505
5832.963 -147.623
5833.980 -147.586
5834.997 -147.698
5836.014 -147.786
5837.031 -147.760
5838.049 -147.876
5839.066 -147.925
5840.084 -147.846
5841.102 -147.749
5842.119 -147.728
5843.137 -147.995
5844.154 -148.034
5845.171 -148.100
5846.188 -148.207
5847.205 -148.066
5848.223 -148.178
5849.239 -148.156
5850.257 -147.981
5851.274 -148.214
5852.292 -148.166
5853.310 -148.189
5854.326 -148.403
5855.344 -148.365
5856.361 -148.471
5857.379 -148.264
5858.396 -148.462
5859.414 -148.578
5860.431 -148.577
5861.448 -148.689
5862.466 -148.629
5863.483 -148.825
5864.499 -148.726
5865.516 -148.782
5866.534 -148.747
5867.552 -148.695
5868.569 -148.564
5869.584 -148.549
5870.600 -148.658
5871.616 -148.644
5872.632 -148.723
5873.649 -148.780
5874.666 -148.889
5875.683 -149.045
5876.700 -149.053
5877.717 -149.049
5878.734 -149.055
5879.751 -148.936
5880.768 -149.070
5881.785 -149.064
5882.802 -149.033
5883.820 -149.014
5884.837 -149.150
5885.854 -149.270
5886.871 -149.257
5887.888 -149.424
5888.905 -149.402
5889.922 -149.346
5890.940 -149.334
5891.957 -149.276
5892.974 -149.406
5893.991 -149.507
5895.009 -149.499
5896.026 -149.465
5897.043 -149.415
5898.059 -149.521
5899.076 -149.621
5900.093 -149.615
5901.109 -149.601
5902.126 -149.634
5903.143 -149.595
5904.160 -149.684
5905.178 -149.828
5906.195 -149.801
5907.213 -149.810
5908.230 -149.883
5909.247 -149.845
5910.264 -149.836
5911.282 -150.129
5912.300 -150.025
5913.317 -150.154
5914.334 -149.959
5915.351 -150.148
5916.369 -150.364
5917.386 -150.257
5918.404 -150.180
5919.421 -150.039
5920.438 -149.982
5921.455 -150.232
5922.473 -150.162
5923.489 -149.996
5924.506 -150.121
5925.523 -150.247
5926.540 -150.292
5927.556 -150.329
5928.574 -150.321
5929.591 -150.508
5930.609 -150.296
5931.625 -150.332
5932.643 -150.310
5933.660 -150.390
5934.677 -150.629
5935.695 -150.536
5936.712 -150.541
5937.730 -150.777
5938.747 -150.608
5939.764 -150.603
5940.781 -150.720
5941.800 -150.729
5942.818 -150.785
5943.835 -150.834
5944.853 -150.951
5945.871 -150.847
5946.887 -150.811
5947.906 -150.844
5948.923 -150.887
5949.941 -150.823
5950.958 -150.836
5951.976 -151.010
5952.993 -151.115
5954.010 -151.156
5955.027 -151.155
5956.044 -151.199
5957.062 -151.236
5958.079 -151.265
5959.096 -151.274
5960.113 -151.323
5961.130 -151.271
5962.147 -151.388
5963.165 -151.224
5964.182 -151.116
5965.199 -151.265
5966.216 -151.411
5967.232 -151.341
5968.247 -151.440
5969.265 -151.368
5970.282 -151.215
5971.299 -151.288
5972.316 -151.320
5973.333 -151.423
5974.350 -151.638
5975.368 -151.644
5976.385 -151.537
5977.403 -151.769
5978.420 -151.921
5979.437 -151.993
5980.454 -151.960
5981.472 -151.743
5982.489 -151.727
5983.506 -151.673
5984.523 -151.682
5985.540 -151.845
5986.558 -151.973
5987.575 -152.067
5988.592 -151.798
5989.608 -151.803
5990.626 -151.949
5991.643 -151.943
5992.660 -151.997
5993.677 -152.109
5994.694 -152.129
5995.711 -152.129
5996.729 -152.171
5997.746 -152.152
5998.764 -152.261
5999.781 -152.290
6000.799 -152.246
6001.815 -152.027
6002.833 -151.963
6003.851 -152.124
6004.869 -152.295
6005.886 -152.314
6006.904 -152.276
6007.921 -152.413
6008.938 -152.532
6009.956 -152.468
6010.973 -152.462
6011.990 -152.433
6013.007 -152.458
6014.024 -152.431
6015.041 -152.587
6016.059 -152.712
6017.076 -152.583
6018.094 -152.530
6019.111 -152.724
6020.129 -152.876
6021.147 -152.867
6022.164 -152.779
6023.181 -152.833
6024.199 -152.635
6025.216 -152.745
6026.233 -152.894
6027.251 -152.738
6028.268 -152.808
6029.285 -152.835
6030.302 -152.899
6031.319 -153.095
6032.336 -152.877
6033.353 -152.834
6034.371 -152.837
6035.388 -153.005
6036.405 -153.014
6037.422 -152.920
6038.440 -153.084
6039.458 -153.191
6040.475 -153.242
6041.493 -153.063
6042.509 -153.072
6043.527 -153.365
6044.544 -153.462
6045.562 -153.353
6046.580 -153.207
6047.598 -153.261
6048.615 -153.116
6049.630 -153.200
6050.645 -153.453
6051.661 -153.492
6052.677 -153.670
6053.693 -153.478
6054.709 -153.707
6055.727 -153.702
6056.744 -153.532
6057.760 -153.579
6058.777 -153.579
6059.794 -153.569
6060.811 -153.580
6061.828 -153.686
6062.845 -153.599
6063.862 -153.656
6064.879 -153.608
6065.896 -153.771
6066.913 -153.762
6067.927 -153.777
6068.944 -153.865
6069.961 -153.910
6070.979 -153.943
6071.996 -153.969
6073.013 -153.857
6074.030 -153.976
6075.048 -154.081
6076.064 -154.123
6077.081 -154.040
6078.099 -153.896
6079.116 -153.809
6080.134 -153.922
6081.151 -153.957
6082.167 -154.097
6083.185 -154.153
6084.202 -154.302
6085.219 -154.253
6086.236 -154.258
6087.253 -154.147
6088.270 -154.123
6089.287 -154.240
6090.304 -154.305
6091.321 -154.323
6092.339 -154.285
6093.356 -154.139
6094.374 -154.357
6095.390 -154.240
6096.408 -154.632
6097.425 -154.539
6098.443 -154.387
6099.459 -154.474
6100.476 -154.554
6101.493 -154.489
6102.510 -154.667
6103.527 -154.440
6104.545 -154.577
6105.562 -154.554
6106.579 -154.661
6107.596 -154.549
6108.613 -154.636
6109.631 -154.653
6110.648 -154.747
6111.666 -154.747
6112.683 -154.692
6113.700 -154.746
6114.718 -154.548
6115.735 -154.609
6116.752 -154.817
6117.770 -154.736
6118.787 -154.798
6119.805 -154.852
6120.822 -154.842
6121.839 -154.959
6122.857 -155.022
6123.875 -155.183
6124.892 -155.230
6125.909 -155.205
6126.926 -155.234
6127.943 -155.243
6128.960 -155.152
6129.978 -155.043
6130.995 -154.987
6132.012 -155.006
6133.029 -155.176
6134.046 -155.149
6135.063 -155.264
6136.081 -155.364
6137.098 -155.251
6138.116 -155.209
6139.133 -155.229
6140.150 -155.274
6141.167 -155.248
6142.183 -155.253
6143.201 -155.350
6144.218 -155.401
6145.236 -155.304
6146.253 -155.562
6147.271 -155.533
6148.288 -155.622
6149.305 -155.493
6150.322 -155.599
6151.338 -155.456
6152.356 -155.462
6153.373 -155.852
6154.390 -155.924
6155.407 -155.617
6156.424 -155.819
6157.441 -155.651
6158.458 -155.996
6159.476 -155.817
6160.493 -155.601
6161.509 -155.737
6162.527 -155.964
6163.544 -155.932
6164.562 -155.910
6165.579 -155.748
6166.597 -155.741
6167.613 -155.711
6168.631 -155.825
6169.648 -155.930
6170.666 -156.139
6171.683 -156.191
6172.701 -156.052
6173.718 -156.136
6174.735 -156.002
6175.753 -156.203
6176.770 -156.206
6177.787 -156.165
6178.805 -156.237
6179.823 -156.165
6180.841 -156.107
6181.858 -156.333
6182.875 -156.336
6183.893 -156.222
6184.910 -156.247
6185.927 -156.299
6186.945 -156.228
6187.962 -156.233
6188.980 -156.238
6189.997 -156.254
6191.015 -156.387
6192.031 -156.483
6193.048 -156.477
6194.065 -156.550
6195.083 -156.655
6196.101 -156.660
6197.118 -156.685
6198.134 -156.702
6199.151 -156.680
6200.169 -156.697
6201.186 -156.587
6202.203 -156.547
6203.221 -156.484
6204.239 -156.739
6205.256 -156.772
6206.273 -156.794
6207.291 -156.667
6208.308 -156.699
6209.325 -156.601
6210.342 -156.632
6211.360 -156.736
6212.377 -156.849
6213.394 -156.688
6214.411 -156.796
6215.429 -156.866
6216.445 -156.854
6217.463 -156.811
6218.480 -156.995
6219.497 -156.936
6220.514 -157.177
6221.531 -156.965
6222.548 -156.976
6223.565 -156.802
6224.582 -156.899
6225.600 -157.043
6226.617 -156.975
6227.635 -156.930
6228.653 -156.765
6229.671 -156.921
6230.688 -156.990
6231.703 -157.056
6232.719 -156.915
6233.734 -156.928
6234.750 -157.082
6235.767 -157.120
6236.783 -157.123
6237.801 -157.021
6238.818 -157.005
6239.835 -156.974
6240.852 -157.124
6241.869 -156.925
6242.886 -156.908
6243.903 -157.056
6244.921 -157.217
6245.938 -157.291
6246.955 -157.190
6247.972 -157.078
6248.990 -157.097
6250.007 -157.211
6251.023 -157.134
6252.040 -157.118
6253.058 -157.201
6254.075 -157.274
6255.092 -157.337
6256.109 -157.326
6257.126 -157.325
6258.143 -157.260
6259.160 -157.238
6260.177 -157.401
6261.194 -157.255
6262.211 -157.139
6263.229 -157.127
6264.246 -157.333
6265.263 -157.373
6266.280 -157.453
6267.298 -157.337
6268.315 -157.537
6269.333 -157.430
6270.350 -157.499
6271.367 -157.720
6272.384 -157.593
6273.402 -157.556
6274.419 -157.375
6275.436 -157.384
6276.453 -157.360
6277.470 -157.370
6278.488 -157.466
6279.504 -157.605
6280.522 -157.517
6281.539 -157.696
6282.557 -157.553
6283.575 -157.550
6284.591 -157.799
6285.609 -157.791
6286.626 -157.688
6287.643 -157.681
6288.661 -157.656
6289.678 -157.799
6290.695 -157.666
6291.712 -157.732
6292.729 -157.722
6293.746 -157.783
6294.763 -157.722
6295.780 -157.622
6296.797 -157.656
6297.814 -157.847
6298.831 -157.946
6299.848 -157.903
6300.866 -157.929
6301.883 -158.033
6302.900 -157.944
6303.917 -157.823
6304.934 -157.744
6305.952 -157.815
6306.969 -157.786
6307.986 -157.875
6309.004 -157.961
6310.021 -157.854
6311.039 -157.905
6312.055 -158.001
6313.073 -157.972
6314.090 -157.935
6315.108 -158.027
6316.125 -157.952
6317.142 -157.841
6318.160 -157.944
6319.177 -158.213
6320.194 -158.293
6321.212 -158.228
6322.229 -157.974
6323.246 -157.909
6324.263 -157.850
6325.281 -158.040
6326.298 -157.995
6327.316 -157.975
6328.333 -158.008
6329.350 -157.927
6330.368 -158.012
6331.385 -158.067
6332.403 -158.166
6333.420 -158.086
6334.437 -157.929
6335.454 -158.144
6336.472 -158.258
6337.489 -158.148
6338.506 -158.243
6339.523 -158.145
6340.540 -158.024
6341.557 -158.098
6342.574 -158.212
6343.592 -158.124
6344.609 -158.126
6345.626 -157.956
6346.643 -158.093
6347.660 -158.190
6348.678 -158.179
6349.695 -158.081
6350.713 -158.035
6351.731 -158.038
6352.748 -157.987
6353.766 -157.936
6354.783 -158.129
6355.800 -158.084
6356.816 -158.036
6357.834 -158.187
6358.851 -158.315
6359.868 -158.253
6360.886 -158.153
6361.903 -158.030
6362.920 -158.073
6363.938 -158.225
6364.954 -158.302
6365.970 -158.092
6366.987 -158.081
6368.004 -158.154
6369.021 -158.128
6370.039 -158.291
6371.056 -158.390
6372.074 -158.235
6373.091 -158.194
6374.108 -158.277
6375.125 -158.264
6376.142 -158.304
6377.160 -158.379
6378.177 -158.148
6379.194 -158.176
6380.211 -158.192
6381.228 -158.185
6382.245 -158.177
6383.263 -158.188
6384.280 -158.248
6385.297 -158.164
6386.315 -158.288
6387.333 -158.155
6388.349 -158.070
6389.367 -158.357
6390.384 -158.387
6391.402 -158.182
6392.419 -158.120
6393.435 -158.089
6394.453 -158.193
6395.471 -158.493
6396.488 -158.563
6397.505 -158.484
6398.522 -158.341
6399.540 -158.329
6400.557 -158.217
6401.574 -158.216
6402.592 -158.010
6403.609 -158.030
6404.626 -158.308
6405.644 -158.321
6406.662 -158.414
6407.679 -158.345
6408.696 -158.399
6409.714 -158.407
6410.732 -158.411
6411.751 -158.328
6412.767 -158.151
6413.783 -158.149
6414.798 -158.384
6415.815 -158.495
6416.831 -158.363
6417.847 -158.315
6418.865 -158.369
6419.881 -158.279
6420.900 -158.240
6421.917 -158.136
6422.934 -158.367
6423.951 -158.444
6424.968 -158.528
6425.985 -158.505
6427.002 -158.419
6428.019 -158.469
6429.036 -158.400
6430.053 -158.366
6431.070 -158.386
6432.087 -158.364
6433.104 -158.469
6434.122 -158.399
6435.138 -158.310
6436.155 -158.345
6437.172 -158.258
6438.190 -158.358
6439.207 -158.405
6440.224 -158.543
6441.241 -158.388
6442.258 -158.332
6443.275 -158.566
6444.292 -158.420
6445.309 -158.462
6446.327 -158.470
6447.344 -158.476
6448.361 -158.460
6449.378 -158.358
6450.395 -158.301
6451.413 -158.568
6452.430 -158.452
6453.447 -158.404
6454.464 -158.492
6455.481 -158.470
6456.499 -158.553
6457.517 -158.317
6458.534 -158.328
6459.551 -158.348
6460.569 -158.340
6461.586 -158.561
6462.603 -158.669
6463.621 -158.709
6464.638 -158.718
6465.656 -158.631
6466.673 -158.602
6467.690 -158.409
6468.708 -158.394
6469.725 -158.454
6470.742 -158.622
6471.760 -158.434
6472.777 -158.350
6473.795 -158.485
6474.812 -158.680
6475.830 -158.716
6476.847 -158.726
6477.864 -158.699
6478.881 -158.644
6479.898 -158.586
6480.915 -158.604
6481.931 -158.466
6482.949 -158.430
6483.966 -158.544
6484.983 -158.577
6486.001 -158.476
6487.018 -158.545
6488.035 -158.776
6489.052 -158.798
6490.069 -158.798
6491.087 -158.768
6492.104 -158.676
6493.121 -158.588
6494.139 -158.439
6495.156 -158.568
6496.174 -158.437
6497.191 -158.411
6498.208 -158.616
6499.225 -158.610
6500.242 -158.702
6501.259 -158.455
6502.276 -158.451
6503.294 -158.680
6504.311 -158.569
6505.328 -158.531
6506.345 -158.637
6507.362 -158.583
6508.379 -158.345
6509.396 -158.407
6510.413 -158.597
6511.430 -158.772
6512.448 -158.550
6513.465 -158.643
6514.482 -158.791
6515.500 -158.458
6516.516 -158.694
6517.533 -158.560
6518.550 -158.667
6519.567 -158.730
6520.584 -158.736
6521.602 -158.737
6522.619 -158.758
6523.637 -158.678
6524.654 -158.749
6525.671 -158.626
6526.689 -158.503
6527.706 -158.561
6528.724 -158.668
6529.741 -158.625
6530.758 -158.794
6531.776 -158.605
6532.793 -158.587
6533.810 -158.866
6534.828 -158.755
6535.844 -158.549
6536.862 -158.619
6537.879 -158.596
6538.896 -158.607
6539.913 -158.703
6540.930 -158.689
6541.948 -158.628
6542.966 -158.523
6543.983 -158.481
6545.000 -158.394
6546.018 -158.448
6547.035 -158.708
6548.052 -158.855
6549.070 -158.715
6550.086 -158.590
6551.104 -158.602
6552.121 -158.488
6553.139 -158.645
6554.156 -158.683
6555.174 -158.752
6556.191 -158.768
6557.208 -158.630
6558.226 -158.568
6559.242 -158.721
6560.260 -158.476
6561.277 -158.499
6562.294 -158.715
6563.311 -158.623
6564.329 -158.705
6565.346 -158.595
6566.364 -158.536
6567.381 -158.635
6568.399 -158.675
6569.416 -158.660
6570.433 -158.693
6571.451 -158.617
6572.468 -158.651
6573.486 -158.607
6574.503 -158.558
6575.520 -158.651
6576.537 -158.749
6577.554 -158.647
6578.572 -158.783
6579.588 -158.870
6580.606 -158.894
6581.623 -158.964
6582.641 -158.914
6583.658 -158.694
6584.675 -158.775
6585.693 -158.875
6586.710 -158.734
6587.727 -158.857
6588.744 -158.816
6589.762 -158.842
6590.779 -158.713
6591.797 -158.621
6592.814 -158.591
6593.830 -158.646
6594.846 -158.803
6595.861 -158.863
6596.876 -158.929
6597.893 -158.877
6598.910 -158.894
6599.926 -158.813
6600.943 -158.862
6601.960 -158.835
6602.976 -158.896
6603.993 -158.965
6605.010 -158.866
6606.027 -158.851
6607.044 -159.066
6608.061 -159.120
6609.078 -159.124
6610.095 -159.025
6611.112 -158.974
6612.129 -159.102
6613.146 -158.988
6614.163 -158.856
6615.180 -158.760
6616.197 -158.816
6617.215 -159.094
6618.232 -159.111
6619.249 -159.213
6620.266 -159.242
6621.284 -159.250
6622.301 -159.140
6623.318 -158.921
6624.334 -158.946
6625.352 -159.030
6626.369 -158.969
6627.385 -159.257
6628.402 -159.121
6629.420 -159.060
6630.437 -159.128
6631.454 -159.100
6632.471 -159.211
6633.488 -159.296
6634.505 -159.308
6635.522 -159.256
6636.539 -159.212
6637.557 -159.275
6638.574 -159.340
6639.591 -159.445
6640.609 -159.484
6641.626 -159.354
6642.643 -159.336
6643.661 -159.314
6644.679 -159.325
6645.696 -159.344
6646.714 -159.488
6647.731 -159.397
6648.749 -159.374
6649.765 -159.523
6650.782 -159.429
6651.800 -159.633
6652.817 -159.667
6653.834 -159.619
6654.851 -159.459
6655.869 -159.574
6656.885 -159.646
6657.902 -159.649
6658.920 -159.503
6659.937 -159.584
6660.954 -159.545
6661.971 -159.427
6662.988 -159.450
6664.005 -159.753
6665.023 -159.857
6666.040 -159.791
6667.057 -159.787
6668.075 -159.857
6669.092 -159.730
6670.109 -159.606
6671.126 -159.694
6672.144 -159.867
6673.161 -159.959
6674.178 -159.838
6675.196 -159.731
6676.213 -159.837
6677.230 -160.109
6678.247 -160.210
6679.265 -160.177
6680.282 -160.015
6681.299 -159.981
6682.316 -159.975
6683.333 -160.179
6684.350 -160.112
6685.367 -160.156
6686.385 -160.274
6687.402 -159.947
6688.419 -160.090
6689.437 -160.094
6690.454 -160.132
6691.471 -160.406
6692.489 -160.230
6693.506 -160.161
6694.523 -160.069
6695.541 -160.149
6696.558 -160.363
6697.576 -160.355
6698.593 -160.302
6699.610 -160.201
6700.627 -160.357
6701.644 -160.378
6702.662 -160.306
6703.679 -160.285
6704.696 -160.294
6705.713 -160.511
6706.730 -160.431
6707.747 -160.488
6708.764 -160.304
6709.782 -160.318
6710.800 -160.299
6711.817 -160.562
6712.834 -160.598
6713.852 -160.595
6714.869 -160.421
6715.887 -160.478
6716.905 -160.738
6717.922 -160.884
6718.939 -160.873
6719.956 -160.829
6720.973 -160.794
6721.990 -160.815
6723.008 -160.814
6724.025 -160.644
6725.042 -160.569
6726.059 -160.714
6727.077 -160.862
6728.094 -160.699
6729.112 -160.730
6730.129 -160.852
6731.147 -160.783
6732.164 -160.641
6733.182 -160.717
6734.199 -160.661
6735.217 -160.620
6736.234 -160.813
6737.252 -160.811
6738.269 -160.902
6739.286 -160.828
6740.303 -160.926
6741.321 -160.913
6742.338 -160.820
6743.355 -160.996
6744.372 -161.000
6745.390 -160.981
6746.407 -160.863
6747.424 -161.047
6748.441 -161.075
6749.458 -161.126
6750.475 -161.144
6751.492 -161.160
6752.510 -161.088
6753.528 -161.094
6754.546 -161.106
6755.563 -161.186
6756.580 -161.100
6757.597 -161.022
6758.615 -161.038
6759.632 -161.057
6760.650 -161.174
6761.668 -161.284
6762.685 -161.246
6763.703 -161.091
6764.720 -160.988
6765.738 -161.199
6766.755 -161.243
6767.772 -161.227
6768.789 -161.274
6769.806 -161.273
6770.823 -161.363
6771.841 -161.267
6772.858 -161.267
6773.876 -161.430
6774.892 -161.412
6775.907 -161.348
6776.922 -161.525
6777.938 -161.490
6778.954 -161.416
6779.970 -161.392
6780.987 -161.355
6782.004 -161.351
6783.021 -161.286
6784.038 -161.321
6785.055 -161.318
6786.073 -161.362
6787.090 -161.413
6788.106 -161.535
6789.124 -161.544
6790.141 -161.630
6791.158 -161.699
6792.174 -161.527
6793.191 -161.425
6794.208 -161.537
6795.225 -161.735
6796.242 -161.768
6797.259 -161.647
6798.276 -161.500
6799.294 -161.569
6800.311 -161.481
6801.328 -161.780
6802.345 -161.642
6803.362 -161.820
6804.379 -161.870
6805.397 -161.680
6806.413 -161.655
6807.431 -161.560
6808.448 -161.706
6809.465 -161.882
6810.482 -161.773
6811.495 -161.725
6812.512 -161.960
6813.530 -161.828
6814.547 -161.981
6815.563 -161.812
6816.581 -162.048
6817.598 -162.118
6818.615 -161.889
6819.632 -161.807
6820.650 -161.969
6821.667 -162.185
6822.684 -162.090
6823.701 -162.090
6824.718 -162.222
6825.736 -162.110
6826.753 -162.161
6827.770 -162.013
6828.788 -161.982
6829.806 -161.930
6830.823 -162.016
6831.840 -161.999
6832.858 -161.916
6833.875 -161.983
6834.891 -162.020
6835.909 -162.192
6836.926 -162.269
6837.943 -162.175
6838.960 -162.091
6839.978 -162.167
6840.995 -162.175
6842.012 -162.220
6843.029 -162.260
6844.046 -162.239
6845.063 -162.312
6846.080 -162.284
6847.097 -162.141
6848.114 -162.186
6849.132 -162.176
6850.149 -162.078
6851.165 -162.271
6852.182 -162.538
6853.199 -162.355
6854.217 -162.153
6855.234 -162.224
6856.252 -162.291
6857.269 -162.325
6858.286 -162.439
6859.303 -162.523
6860.320 -162.570
6861.337 -162.388
6862.355 -162.474
6863.372 -162.474
6864.390 -162.354
6865.407 -162.701
6866.424 -162.795
6867.441 -162.748
6868.458 -162.843
6869.476 -162.476
6870.493 -162.400
6871.509 -162.565
6872.527 -162.504
6873.544 -162.481
6874.562 -162.719
6875.579 -162.678
6876.597 -162.569
6877.614 -162.796
6878.631 -162.665
6879.649 -162.550
6880.666 -162.483
6881.684 -162.501
6882.701 -162.625
6883.718 -162.588
6884.735 -162.697
6885.753 -162.814
6886.770 -162.713
6887.787 -162.704
6888.804 -162.818
6889.821 -162.909
6890.839 -162.739
6891.856 -162.684
6892.873 -162.674
6893.890 -162.701
6894.907 -162.749
6895.925 -162.752
6896.941 -162.734
6897.959 -162.652
6898.976 -162.651
6899.993 -162.735
6901.011 -162.930
6902.028 -162.988
6903.045 -162.856
6904.062 -162.724
6905.080 -162.639
6906.097 -162.641
6907.114 -162.733
6908.131 -162.772
6909.148 -162.758
6910.165 -162.745
6911.182 -162.749
6912.200 -162.981
6913.217 -162.931
6914.235 -162.931
6915.252 -162.953
6916.270 -163.033
6917.287 -163.006
6918.304 -162.968
6919.322 -162.979
6920.339 -162.987
6921.356 -162.862
6922.373 -162.712
6923.391 -162.859
6924.408 -163.006
6925.425 -162.995
6926.442 -162.876
6927.460 -162.849
6928.477 -163.095
6929.494 -162.983
6930.511 -162.832
6931.528 -163.162
6932.546 -162.986
6933.562 -162.855
6934.579 -163.094
6935.597 -163.142
6936.614 -163.258
6937.631 -163.124
6938.648 -163.221
6939.665 -162.951
6940.683 -163.085
6941.701 -163.049
6942.718 -163.083
6943.735 -163.103
6944.752 -163.279
6945.770 -163.418
6946.787 -163.256
6947.805 -163.039
6948.822 -163.149
6949.839 -163.243
6950.856 -163.315
6951.874 -163.297
6952.892 -163.268
6953.910 -163.335
6954.927 -163.271
6955.944 -163.202
6956.959 -163.239
6957.974 -163.293
6958.990 -163.314
6960.006 -163.382
6961.023 -163.383
6962.039 -163.353
6963.056 -163.315
6964.073 -163.318
6965.090 -163.149
6966.107 -163.067
6967.124 -163.275
6968.141 -163.467
6969.158 -163.401
6970.176 -163.431
6971.193 -163.359
6972.210 -163.267
6973.227 -163.466
6974.245 -163.441
6975.261 -163.578
6976.279 -163.470
6977.296 -163.495
6978.313 -163.376
6979.331 -163.515
6980.348 -163.655
6981.365 -163.633
6982.382 -163.411
6983.399 -163.306
6984.417 -163.521
6985.433 -163.453
6986.450 -163.367
6987.467 -163.303
6988.484 -163.459
6989.501 -163.434
6990.518 -163.556
6991.535 -163.342
6992.552 -163.630
6993.569 -163.547
6994.586 -163.589
6995.604 -163.664
6996.621 -163.661
6997.638 -163.547
6998.655 -163.621
6999.673 -163.789
7000.690 -163.691
7001.708 -163.535
7002.725 -163.556
7003.741 -163.402
7004.759 -163.433
7005.776 -163.361
7006.793 -163.484
7007.810 -163.746
7008.827 -163.780
7009.845 -163.761
7010.862 -163.488
7011.879 -163.484
7012.896 -163.527
7013.913 -163.582
7014.930 -163.696
7015.948 -163.754
7016.966 -163.723
7017.983 -163.708
7019.001 -163.729
7020.018 -163.644
7021.035 -163.448
7022.052 -163.422
7023.069 -163.591
7024.086 -163.726
7025.103 -163.652
7026.120 -163.648
7027.137 -163.830
7028.155 -163.697
7029.172 -163.557
7030.188 -163.645
7031.206 -163.653
7032.223 -163.568
7033.240 -163.731
7034.257 -163.711
7035.274 -163.737
7036.291 -163.882
7037.308 -163.732
7038.325 -163.941
7039.342 -163.814
7040.359 -163.687
7041.377 -163.722
7042.394 -163.626
7043.411 -163.647
7044.428 -163.860
7045.446 -163.646
7046.463 -163.871
7047.480 -163.776
7048.497 -163.773
7049.515 -163.633
7050.532 -163.782
7051.549 -163.520
7052.566 -163.707
7053.583 -163.927
7054.600 -163.817
7055.617 -163.764
7056.634 -163.609
7057.651 -163.853
7058.668 -163.846
7059.682 -163.945
7060.699 -163.880
7061.716 -163.921
7062.733 -163.790
7063.750 -163.812
7064.768 -163.859
7065.785 -163.815
7066.802 -163.565
7067.820 -163.491
7068.836 -163.615
7069.854 -163.847
7070.871 -163.834
7071.889 -163.743
7072.906 -163.812
7073.924 -163.893
7074.941 -163.939
7075.958 -163.887
7076.976 -163.772
7077.993 -163.824
7079.010 -163.786
7080.028 -163.860
7081.045 -163.744
7082.062 -163.710
7083.080 -163.772
7084.098 -163.674
7085.114 -163.718
7086.132 -163.786
7087.149 -163.811
7088.166 -163.883
7089.183 -163.955
7090.201 -163.883
7091.218 -163.924
7092.236 -163.861
7093.253 -163.965
7094.270 -164.061
7095.287 -164.148
7096.304 -164.160
7097.322 -164.077
7098.339 -163.965
7099.357 -163.714
7100.374 -163.577
7101.390 -163.616
7102.408 -163.755
7103.425 -163.823
7104.442 -163.921
7105.460 -164.011
7106.477 -164.190
7107.494 -164.140
7108.512 -164.117
7109.529 -164.084
7110.545 -164.230
7111.563 -163.999
7112.580 -163.989
7113.597 -164.135
7114.614 -163.990
7115.632 -163.997
7116.649 -163.949
7117.666 -163.882
7118.684 -164.096
7119.701 -164.093
7120.717 -164.176
7121.735 -164.293
7122.752 -164.202
7123.769 -164.160
7124.786 -164.039
7125.803 -164.176
7126.820 -163.999
7127.837 -164.045
7128.854 -164.045
7129.872 -164.044
7130.889 -164.295
7131.906 -164.385
7132.924 -164.244
7133.941 -163.920
7134.959 -163.962
7135.976 -164.044
7136.995 -164.229
7138.012 -164.345
7139.029 -164.338
7140.044 -164.246
7141.059 -164.135
7142.075 -164.189
7143.091 -164.179
7144.107 -164.172
7145.125 -164.190
7146.143 -164.217
7147.159 -164.473
7148.177 -164.428
7149.194 -164.415
7150.211 -164.319
7151.228 -164.249
7152.245 -164.345
7153.262 -164.502
7154.279 -164.280
7155.296 -164.272
7156.313 -164.359
7157.330 -164.519
7158.347 -164.273
7159.363 -164.258
7160.380 -164.417
7161.397 -164.306
7162.414 -164.161
7163.431 -164.002
7164.448 -163.881
7165.466 -163.751
7166.483 -163.619
7167.499 -163.468
7168.516 -163.371
7169.533 -163.261
7170.550 -163.080
7171.567 -162.979
7172.584 -162.842
7173.601 -162.704
7174.618 -162.578
7175.635 -162.422
7176.651 -162.334
7177.669 -162.155
7178.686 -162.042
7179.703 -161.936
7180.720 -161.790
7181.738 -161.621
7182.754 -161.514
7183.772 -161.378
7184.789 -161.240
7185.806 -161.091
7186.823 -160.990
7187.840 -160.838
7188.857 -160.689
7189.874 -160.571
7190.892 -160.438
7191.909 -160.312
7192.927 -160.161
7193.944 -160.039
7194.961 -159.897
7195.978 -159.759
7197.027 -159.609
