0.000 13.153
0.118 14.568
0.235 16.057
0.351 17.529
0.469 19.062
0.586 20.477
0.703 21.992
0.820 23.449
0.937 24.101
1.054 24.785
1.171 25.452
1.288 26.175
1.405 26.814
1.522 27.502
1.639 28.174
1.756 28.869
1.874 29.530
1.991 30.067
2.108 30.609
2.225 31.218
2.343 31.755
2.460 32.309
2.577 32.871
2.694 33.396
2.811 33.916
2.928 34.207
3.045 34.470
3.161 34.764
3.278 35.045
3.395 35.348
3.512 35.668
3.629 35.999
3.746 36.293
3.863 36.160
3.980 35.239
4.097 34.296
4.214 33.322
4.331 32.430
4.448 31.464
4.565 30.531
4.682 29.555
4.799 28.589
4.917 27.603
5.034 26.642
5.151 25.645
5.269 24.720
5.386 23.752
5.503 22.797
5.620 21.868
5.737 20.905
5.855 19.791
5.972 18.090
6.088 16.409
6.204 14.764
6.322 13.103
6.439 11.396
6.556 9.696
6.674 8.034
6.791 6.359
6.908 6.187
7.025 6.232
7.143 6.319
7.260 6.416
7.377 6.445
7.495 6.511
7.612 6.573
7.729 6.650
7.846 6.702
7.963 6.777
8.081 6.817
8.198 6.825
8.315 6.894
8.432 6.964
8.549 7.021
8.666 7.045
8.784 7.127
8.901 6.670
9.018 6.093
9.135 5.523
9.252 4.993
9.369 4.452
9.487 3.855
9.604 3.249
9.721 2.731
9.838 2.220
9.955 2.076
10.072 1.875
10.189 1.735
10.306 1.569
10.423 1.393
10.541 1.231
10.658 1.125
10.775 0.980
10.892 0.638
11.009 0.154
11.126 -0.283
11.244 -0.740
11.361 -1.188
11.478 -1.589
12.495 -2.379
13.513 2.985
14.530 10.407
15.547 19.441
16.564 24.501
17.582 28.019
18.599 32.768
19.617 26.280
20.634 17.033
21.652 11.334
22.669 -2.023
23.687 -5.138
24.704 -5.611
25.721 6.777
26.738 20.247
27.756 26.418
28.774 30.464
29.791 34.541
30.808 47.044
31.826 44.185
32.843 34.005
33.860 22.301
34.878 8.230
35.894 -5.838
36.912 -18.579
37.930 -26.855
38.947 -34.453
39.964 -38.950
40.982 -47.325
41.999 -46.049
43.016 -45.189
44.034 -43.935
45.051 -35.532
46.069 -38.770
47.086 -41.938
48.103 -43.530
49.121 -41.257
50.138 -42.766
51.155 -44.712
52.173 -45.207
53.189 -45.662
54.207 -55.055
55.224 -58.348
56.240 -61.987
57.257 -65.594
58.275 -61.252
59.292 -47.568
60.310 -41.134
61.327 -42.271
62.350 -42.083
63.368 -35.888
64.384 -25.622
65.401 -27.197
66.418 -30.649
67.434 -28.695
68.451 -34.891
69.468 -35.109
70.486 -24.931
71.504 -15.755
72.520 -4.878
73.538 -3.300
74.556 -6.205
75.573 -15.786
76.590 -27.985
77.608 -39.649
78.625 -52.873
79.642 -66.714
80.659 -58.657
81.676 -45.770
82.694 -37.052
83.711 -47.985
84.728 -48.696
85.746 -48.093
86.763 -59.291
87.780 -70.092
88.798 -53.196
89.815 -63.272
90.832 -73.554
91.849 -72.733
92.867 -77.348
93.885 -73.594
94.902 -85.956
95.920 -96.910
96.937 -82.757
97.958 -68.349
98.976 -54.560
99.992 -39.930
101.009 -25.235
102.027 -10.990
103.044 2.771
104.062 16.979
105.079 28.083
106.097 26.726
107.114 9.721
108.132 1.295
109.149 6.468
110.167 -5.674
111.184 -13.937
112.202 -24.321
113.220 -28.578
114.237 -29.375
115.255 -35.261
116.272 -37.263
117.290 -41.432
118.307 -38.776
119.324 -40.074
120.341 -49.806
121.359 -57.366
122.377 -58.931
123.395 -62.893
124.411 -68.335
125.426 -62.106
126.441 -51.235
127.457 -38.434
128.474 -23.383
129.491 -8.466
130.507 6.318
131.524 20.733
132.541 35.308
133.558 29.563
134.575 15.479
135.592 1.401
136.609 -12.419
137.626 -26.145
138.643 -33.589
139.660 -34.733
140.677 -26.752
141.694 -10.806
142.711 -0.108
143.728 9.525
144.745 1.307
145.762 2.357
146.781 4.209
147.798 5.308
148.815 19.246
149.832 16.489
150.849 5.626
151.866 -6.154
152.883 -20.146
153.900 -32.884
154.917 -39.809
155.935 -40.790
156.953 -42.464
157.970 -44.966
158.987 -39.163
160.004 -42.586
161.022 -44.074
162.038 -46.897
163.055 -51.544
164.072 -51.494
165.090 -61.710
166.107 -71.791
167.124 -74.456
168.142 -63.197
169.159 -57.273
170.177 -56.681
171.194 -44.085
172.212 -36.320
173.229 -35.517
174.246 -35.989
175.264 -38.415
176.280 -37.152
177.297 -38.161
178.314 -42.595
179.332 -52.702
180.349 -58.598
181.366 -59.401
182.384 -64.259
183.401 -60.753
184.418 -59.891
185.435 -59.898
186.452 -61.045
187.470 -55.276
188.487 -42.076
189.505 -29.087
190.523 -26.818
191.540 -33.523
192.558 -38.582
193.576 -44.087
194.593 -50.284
195.611 -56.285
196.628 -66.510
197.645 -67.347
198.663 -65.806
199.681 -60.816
200.698 -49.053
201.715 -36.356
202.732 -23.631
203.750 -18.577
204.766 -24.414
205.784 -31.232
206.801 -43.594
207.818 -45.856
208.836 -48.015
209.853 -48.240
210.871 -42.324
211.888 -37.198
212.905 -41.077
213.919 -32.160
214.936 -31.783
215.953 -21.486
216.971 -31.247
217.988 -39.773
219.003 -42.598
220.021 -44.098
221.038 -36.753
222.055 -32.598
223.073 -38.385
224.090 -42.438
225.107 -42.910
226.125 -34.274
227.142 -27.284
228.158 -26.312
229.176 -29.410
230.193 -32.349
231.211 -38.493
232.228 -40.545
233.245 -41.481
234.262 -49.218
235.280 -55.212
236.297 -62.723
237.315 -67.784
238.332 -71.336
239.349 -79.735
240.367 -80.815
241.384 -82.424
242.402 -90.061
243.418 -92.503
244.436 -84.914
245.452 -73.710
246.470 -62.536
247.487 -50.976
248.504 -46.435
249.522 -51.136
250.540 -50.751
251.557 -47.356
252.574 -38.544
253.592 -43.716
254.609 -51.991
255.626 -63.409
256.644 -69.060
257.661 -80.287
258.679 -79.709
259.696 -83.499
260.714 -73.382
261.732 -64.897
262.749 -56.983
263.766 -61.173
264.785 -64.007
265.802 -57.906
266.819 -46.151
267.837 -34.380
268.854 -23.193
269.872 -20.466
270.889 -8.320
271.906 -21.681
272.923 -34.905
273.940 -47.473
274.957 -59.346
275.975 -66.894
276.992 -75.767
278.010 -71.274
279.027 -70.031
280.044 -80.008
281.058 -83.619
282.075 -86.352
283.092 -83.484
284.109 -78.049
285.127 -81.122
286.144 -77.533
287.162 -87.258
288.179 -94.008
289.198 -95.599
290.215 -92.812
291.233 -83.154
292.250 -77.966
293.268 -77.199
294.285 -78.461
295.302 -78.339
296.319 -79.704
297.337 -88.678
298.353 -96.579
299.371 -99.897
300.389 -102.530
301.407 -103.944
302.424 -102.868
303.440 -101.424
304.456 -107.302
305.472 -111.585
306.488 -112.566
307.504 -114.066
308.521 -110.947
309.539 -109.847
310.556 -102.703
311.573 -92.480
312.590 -97.379
313.607 -107.639
314.625 -119.212
315.642 -121.099
316.659 -120.496
317.677 -111.342
318.694 -99.908
319.711 -88.760
320.728 -77.016
321.744 -65.230
322.762 -62.461
323.779 -56.179
324.796 -62.760
325.813 -52.260
326.831 -48.087
327.848 -43.823
328.865 -39.299
329.882 -33.945
330.899 -24.991
331.917 -37.614
332.935 -49.863
333.952 -60.167
334.970 -62.819
335.987 -52.708
337.005 -47.800
338.022 -42.188
339.039 -38.061
340.056 -48.724
341.073 -56.894
342.090 -63.241
343.108 -67.668
344.125 -68.529
345.143 -67.015
346.160 -54.167
347.178 -43.082
348.195 -42.070
349.212 -51.601
350.229 -59.260
351.247 -67.444
352.265 -73.233
353.282 -74.757
354.299 -81.193
355.317 -85.155
356.334 -82.237
357.352 -79.082
358.369 -76.528
359.386 -74.136
360.404 -79.046
361.420 -86.565
362.437 -91.547
363.454 -94.102
364.471 -88.047
365.488 -80.787
366.506 -78.796
367.524 -79.090
368.541 -71.770
369.559 -62.452
370.575 -56.553
371.593 -51.783
372.610 -52.842
373.628 -53.113
374.645 -59.415
375.663 -68.274
376.680 -77.344
377.698 -81.602
378.714 -87.410
379.729 -96.203
380.746 -89.496
381.764 -98.081
382.781 -94.139
383.799 -89.525
384.816 -83.825
385.833 -83.910
386.851 -94.734
387.868 -105.310
388.886 -100.251
389.903 -95.240
390.920 -91.546
391.937 -87.826
392.954 -87.628
393.972 -95.140
394.989 -91.143
396.007 -91.297
397.025 -99.437
398.041 -105.533
399.059 -102.447
400.077 -95.574
401.094 -87.968
402.112 -81.098
403.129 -74.270
404.147 -70.607
405.164 -72.701
406.182 -66.100
407.199 -60.988
408.217 -62.572
409.234 -70.178
410.251 -75.109
411.268 -76.932
412.286 -79.596
413.304 -82.843
414.321 -88.417
415.338 -93.738
416.355 -98.300
417.373 -104.324
418.390 -99.521
419.408 -99.893
420.425 -108.380
421.442 -116.127
422.459 -125.776
423.477 -126.998
424.494 -123.233
425.512 -115.314
426.529 -111.380
427.546 -107.422
428.564 -102.837
429.581 -93.753
430.598 -90.895
431.616 -90.478
432.633 -89.867
433.651 -89.315
434.668 -83.697
435.685 -77.154
436.703 -84.107
437.721 -76.517
438.738 -66.960
439.755 -72.631
440.772 -78.229
441.789 -88.267
442.807 -101.620
443.824 -114.745
444.842 -126.114
445.859 -118.229
446.876 -110.351
447.894 -103.878
448.911 -100.797
449.928 -98.980
450.946 -107.813
451.964 -105.500
452.981 -104.695
453.999 -91.962
455.016 -83.695
456.034 -90.830
457.051 -91.482
458.068 -95.599
459.085 -101.212
460.103 -108.634
461.119 -120.292
462.137 -131.568
463.154 -134.668
464.171 -123.066
465.188 -111.790
466.206 -106.872
467.223 -112.134
468.241 -117.156
469.258 -124.915
470.275 -135.234
471.292 -144.867
472.310 -152.959
473.327 -152.751
474.344 -156.334
475.361 -155.810
476.379 -144.864
477.398 -134.119
478.416 -120.684
479.433 -109.084
480.448 -99.653
481.464 -104.268
482.480 -117.278
483.497 -130.541
484.514 -143.187
485.531 -155.245
486.548 -167.451
487.566 -180.698
488.583 -185.671
489.600 -195.078
490.617 -206.988
491.638 -218.934
492.654 -208.215
493.671 -194.994
494.688 -181.862
495.706 -169.088
496.724 -156.138
497.741 -149.535
498.758 -155.853
499.775 -163.792
500.792 -164.379
501.809 -164.756
502.827 -153.359
503.844 -141.928
504.861 -130.342
505.879 -125.069
506.896 -114.556
507.913 -113.200
508.930 -126.809
509.948 -137.739
510.965 -149.983
511.982 -163.289
512.999 -171.831
514.016 -159.785
515.033 -147.784
516.050 -136.969
517.067 -126.007
518.083 -114.732
519.100 -103.809
520.117 -93.180
521.135 -85.602
522.152 -84.058
523.170 -85.911
524.186 -86.902
525.204 -89.704
526.222 -94.463
527.240 -92.888
528.257 -94.105
529.274 -93.243
530.292 -89.536
531.309 -86.125
532.326 -76.303
533.343 -65.400
534.361 -52.914
535.378 -53.673
536.396 -62.496
537.413 -63.819
538.430 -55.710
539.447 -44.165
540.465 -47.576
541.482 -57.926
542.500 -67.810
543.518 -62.050
544.535 -57.923
545.552 -67.023
546.570 -79.814
547.588 -92.835
548.605 -105.159
549.623 -117.373
550.640 -129.468
551.658 -141.894
552.675 -151.295
553.692 -153.128
554.709 -142.652
555.726 -131.155
556.744 -120.100
557.762 -108.929
558.779 -97.625
559.796 -96.470
560.814 -109.989
561.831 -109.797
562.848 -99.078
563.865 -112.192
564.882 -124.718
565.900 -128.656
566.917 -132.562
567.935 -134.448
568.952 -124.391
569.969 -113.088
570.987 -100.834
572.004 -90.700
573.021 -88.848
574.038 -83.965
575.056 -80.141
576.073 -75.141
577.090 -79.610
578.106 -81.086
579.124 -77.016
580.141 -78.439
581.158 -80.805
582.176 -78.174
583.193 -65.750
584.210 -56.055
585.228 -47.825
586.246 -36.413
587.263 -29.965
588.280 -28.930
589.297 -23.455
590.314 -15.613
591.332 -11.317
592.350 -4.825
593.367 -5.864
594.384 -19.071
595.400 -32.674
596.417 -44.927
597.435 -51.433
598.452 -55.014
599.470 -63.187
600.488 -74.567
601.505 -82.702
602.522 -80.375
603.539 -74.288
604.557 -76.251
605.574 -73.047
606.592 -66.733
607.609 -69.071
608.627 -69.818
609.644 -78.090
610.662 -79.964
611.679 -80.272
612.697 -68.263
613.714 -56.783
614.732 -65.195
615.749 -75.300
616.766 -85.329
617.784 -80.166
618.801 -90.878
619.818 -102.428
620.834 -113.580
621.851 -109.088
622.868 -97.888
623.886 -93.860
624.903 -83.561
625.920 -72.273
626.937 -63.900
627.954 -73.363
628.972 -70.376
629.989 -70.523
631.006 -68.404
632.023 -67.044
633.041 -67.514
634.058 -74.783
635.076 -80.136
636.093 -87.442
637.110 -93.570
638.128 -94.681
639.145 -93.671
640.162 -88.567
641.179 -85.091
642.197 -85.179
643.213 -86.540
644.230 -88.535
645.248 -88.305
646.266 -88.249
647.283 -92.015
648.301 -93.436
649.318 -90.775
650.336 -90.167
651.353 -92.467
652.371 -94.777
653.388 -95.471
654.406 -92.184
655.424 -92.128
656.442 -96.025
657.458 -96.461
658.473 -95.999
659.489 -97.910
660.504 -96.631
661.521 -96.708
662.538 -98.395
663.555 -99.649
664.572 -102.458
665.588 -98.064
666.606 -94.520
667.623 -96.811
668.640 -103.689
669.657 -107.059
670.674 -109.336
671.691 -106.986
672.709 -101.306
673.726 -95.204
674.743 -88.967
675.761 -91.625
676.778 -100.310
677.795 -109.467
678.812 -106.844
679.829 -117.121
680.846 -121.171
681.863 -125.333
682.880 -128.238
683.897 -132.198
684.915 -133.497
685.932 -134.073
686.949 -127.846
687.967 -118.093
688.983 -112.874
690.001 -102.283
691.017 -93.141
692.035 -82.165
693.052 -71.072
694.070 -61.461
695.086 -55.778
696.103 -47.711
697.120 -39.007
698.138 -36.646
699.155 -34.140
700.172 -23.144
701.190 -14.217
702.207 -11.243
703.224 -10.348
704.242 -13.352
705.258 -24.448
706.275 -35.592
707.293 -46.460
708.310 -55.876
709.327 -65.021
710.344 -73.601
711.362 -80.015
712.379 -83.593
713.397 -85.432
714.414 -85.194
715.432 -82.631
716.449 -85.036
717.467 -93.749
718.485 -90.715
719.502 -80.151
720.519 -68.645
721.538 -56.525
722.555 -44.565
723.573 -45.571
724.591 -38.489
725.608 -27.913
726.625 -30.213
727.643 -38.132
728.660 -48.562
729.678 -60.110
730.695 -70.390
731.712 -81.546
732.729 -82.577
733.746 -82.519
734.764 -79.366
735.781 -78.099
736.799 -72.463
737.816 -66.885
738.833 -61.146
739.851 -58.642
740.868 -56.402
741.886 -66.595
742.903 -57.742
743.921 -69.742
744.938 -80.848
745.956 -84.058
746.973 -88.386
747.991 -82.207
749.008 -77.536
750.025 -78.099
751.043 -76.796
752.060 -77.815
753.077 -84.763
754.094 -88.892
755.111 -95.822
756.129 -100.030
757.146 -97.709
758.164 -92.284
759.181 -90.570
760.199 -93.227
761.217 -83.231
762.234 -76.223
763.251 -73.235
764.269 -76.389
765.286 -80.964
766.304 -74.673
767.321 -71.930
768.338 -75.645
769.355 -79.550
770.372 -80.726
771.390 -78.875
772.406 -83.770
773.424 -89.380
774.441 -94.839
775.459 -92.909
776.476 -87.428
777.494 -83.490
778.511 -80.110
779.529 -80.780
780.546 -83.438
781.563 -82.476
782.580 -86.489
783.598 -91.240
784.616 -89.052
785.633 -90.074
786.651 -92.220
787.668 -93.951
788.686 -95.961
789.703 -94.889
790.721 -89.337
791.738 -95.894
792.756 -91.166
793.773 -92.095
794.791 -86.203
795.808 -80.279
796.824 -86.158
797.842 -89.410
798.859 -92.543
799.877 -90.586
800.894 -86.372
801.911 -82.069
802.929 -77.081
803.946 -68.841
804.964 -72.650
805.981 -62.055
806.998 -72.170
808.016 -78.912
809.032 -72.302
810.048 -78.488
811.065 -76.540
812.082 -85.587
813.100 -91.379
814.117 -90.030
815.134 -88.373
816.152 -77.851
817.170 -72.219
818.187 -78.035
819.204 -82.489
820.222 -77.570
821.240 -70.007
822.257 -63.475
823.275 -64.405
824.293 -67.316
825.310 -66.500
826.327 -68.887
827.345 -77.892
828.362 -80.589
829.379 -83.951
830.397 -86.466
831.414 -84.423
832.432 -89.131
833.450 -98.602
834.467 -108.819
835.483 -105.724
836.498 -105.337
837.514 -103.000
838.530 -97.264
839.547 -88.513
840.564 -78.590
841.581 -75.417
842.598 -79.739
843.615 -85.710
844.632 -94.528
845.649 -104.079
846.666 -111.353
847.684 -107.311
848.701 -101.317
849.719 -103.576
850.736 -97.114
851.753 -95.293
852.771 -94.263
853.788 -82.400
854.806 -70.945
855.824 -59.823
856.841 -49.355
857.858 -59.375
858.875 -64.195
859.893 -53.947
860.909 -55.455
861.927 -56.804
862.943 -57.054
863.960 -55.391
864.978 -46.729
865.995 -52.723
867.012 -59.753
868.029 -64.181
869.046 -60.584
870.063 -61.061
871.080 -51.708
872.098 -42.284
873.115 -34.286
874.132 -31.941
875.150 -33.350
876.167 -35.379
877.185 -39.297
878.202 -42.062
879.219 -32.157
880.236 -22.007
881.254 -20.757
882.271 -31.333
883.288 -42.481
884.306 -46.779
885.323 -43.951
886.340 -49.378
887.357 -62.167
888.375 -74.346
889.391 -86.657
890.409 -98.496
891.426 -109.694
892.444 -120.928
893.461 -118.463
894.478 -111.772
895.496 -106.490
896.514 -102.969
897.531 -100.628
898.549 -95.538
899.566 -95.054
900.583 -96.561
901.600 -89.026
902.617 -78.841
903.635 -65.398
904.652 -52.058
905.669 -37.211
906.686 -22.253
907.704 -10.951
908.720 2.369
909.734 16.086
910.751 25.749
911.773 14.483
912.790 2.147
913.808 5.984
914.825 3.739
915.842 15.833
916.859 27.860
917.876 39.371
918.893 50.379
919.911 54.089
920.928 61.256
921.945 71.998
922.963 82.808
923.980 93.714
924.998 103.689
926.016 113.976
927.033 124.017
928.051 133.447
929.068 141.849
930.086 142.834
931.103 148.140
932.120 146.117
933.138 142.296
934.155 133.267
935.173 122.048
936.190 111.143
937.207 100.080
938.225 89.080
939.243 77.898
940.260 66.268
941.277 55.433
942.295 46.168
943.312 48.329
944.330 58.975
945.347 69.798
946.365 79.437
947.382 87.900
948.399 97.619
949.416 106.898
950.433 116.662
951.450 121.394
952.467 122.732
953.484 126.768
954.502 131.203
955.520 139.399
956.538 149.627
957.555 142.869
958.573 130.743
959.591 119.180
960.608 121.371
961.626 128.053
962.643 133.464
963.660 138.787
964.678 133.711
965.695 135.211
966.713 138.854
967.731 138.662
968.747 137.796
969.765 127.468
970.782 139.018
971.799 151.588
972.816 164.035
973.833 176.363
974.850 166.814
975.868 159.560
976.885 148.053
977.902 136.816
978.919 128.659
979.936 120.410
980.954 127.639
981.971 134.569
982.990 137.889
984.007 135.474
985.024 139.402
986.042 140.171
987.059 129.568
988.077 121.515
989.095 124.201
990.112 130.811
991.129 131.142
992.146 127.228
993.164 113.062
994.181 95.826
995.198 80.345
996.215 66.070
997.232 52.190
998.249 39.436
999.267 27.413
1000.284 16.321
1001.301 4.061
1002.318 -7.781
1003.336 -18.389
1004.354 -29.424
1005.371 -39.908
1006.388 -49.401
1007.405 -54.041
1008.422 -47.577
1009.440 -37.932
1010.458 -29.828
1011.475 -25.850
1012.491 -25.551
1013.506 -25.326
1014.522 -23.069
1015.538 -14.873
1016.554 -4.427
1017.571 -0.258
1018.588 -4.680
1019.605 -15.496
1020.621 -27.559
1021.638 -38.760
1022.655 -49.483
1023.673 -55.444
1024.690 -64.606
1025.706 -74.422
1026.723 -65.747
1027.740 -55.642
1028.757 -49.425
1029.774 -44.239
1030.792 -39.040
1031.809 -37.171
1032.826 -39.131
1033.843 -41.632
1034.860 -52.840
1035.877 -62.533
1036.895 -52.058
1037.912 -46.088
1038.929 -43.797
1039.947 -38.198
1040.964 -38.067
1041.982 -29.033
1042.999 -19.960
1044.017 -13.903
1045.034 -21.528
1046.051 -27.358
1047.068 -28.881
1048.086 -37.918
1049.103 -44.529
1050.120 -48.363
1051.137 -59.911
1052.155 -67.093
1053.172 -72.791
1054.189 -75.316
1055.206 -75.943
1056.224 -72.196
1057.241 -69.008
1058.259 -65.728
1059.276 -60.815
1060.293 -51.459
1061.311 -41.704
1062.328 -32.832
1063.345 -30.568
1064.363 -29.997
1065.380 -24.551
1066.398 -17.518
1067.415 -15.137
1068.432 -16.568
1069.450 -24.123
1070.467 -34.955
1071.485 -45.992
1072.501 -57.221
1073.518 -64.577
1074.536 -68.288
1075.553 -74.095
1076.571 -82.305
1077.588 -91.097
1078.605 -91.173
1079.623 -84.106
1080.640 -73.098
1081.658 -74.070
1082.675 -78.314
1083.692 -69.582
1084.710 -58.823
1085.727 -47.227
1086.745 -35.601
1087.762 -36.213
1088.779 -26.320
1089.796 -30.065
1090.814 -21.948
1091.831 -13.839
1092.848 -10.999
1093.865 -21.924
1094.883 -31.445
1095.901 -23.463
1096.918 -22.980
1097.936 -17.604
1098.953 -15.640
1099.971 -12.917
1100.988 -6.158
1102.005 0.247
1103.022 2.278
1104.039 -4.746
1105.056 -7.528
1106.074 -10.315
1107.091 -13.212
1108.108 -15.791
1109.125 -14.005
1110.143 -10.127
1111.160 -3.960
1112.177 3.456
1113.194 3.550
1114.212 -2.352
1115.229 -8.375
1116.246 -7.560
1117.263 -6.728
1118.280 -3.182
1119.297 -4.490
1120.315 -7.779
1121.331 -8.300
1122.349 -14.855
1123.366 -11.783
1124.384 -0.212
1125.401 11.434
1126.418 16.733
1127.435 10.923
1128.452 11.360
1129.470 18.689
1130.487 11.779
1131.504 -2.779
1132.521 -13.653
1133.538 -21.660
1134.555 -24.051
1135.573 -24.181
1136.591 -33.575
1137.608 -45.623
1138.625 -36.043
1139.642 -20.802
1140.655 -17.766
1141.673 -17.098
1142.690 -14.101
1143.709 -13.318
1144.726 -24.106
1145.744 -27.757
1146.761 -17.137
1147.779 -5.483
1148.796 8.012
1149.814 6.933
1150.830 7.433
1151.848 -3.117
1152.865 -13.476
1153.882 -16.471
1154.900 -23.105
1155.918 -22.146
1156.935 -17.945
1157.952 -16.296
1158.970 -10.057
1159.987 -5.254
1161.005 -8.502
1162.022 -17.165
1163.040 -24.932
1164.058 -29.711
1165.075 -33.616
1166.093 -30.931
1167.111 -29.536
1168.128 -31.790
1169.145 -30.029
1170.163 -25.983
1171.180 -26.312
1172.197 -20.906
1173.215 -26.227
1174.232 -34.085
1175.249 -39.176
1176.266 -36.266
1177.283 -36.815
1178.301 -41.194
1179.318 -44.611
1180.336 -39.172
1181.353 -26.253
1182.371 -14.192
1183.389 -3.696
1184.407 -6.677
1185.424 -18.675
1186.441 -30.345
1187.459 -42.035
1188.477 -52.467
1189.494 -47.795
1190.511 -34.893
1191.526 -21.543
1192.541 -10.111
1193.557 -15.169
1194.574 -25.458
1195.590 -35.173
1196.607 -45.843
1197.623 -50.542
1198.640 -53.452
1199.657 -55.478
1200.674 -57.673
1201.691 -59.788
1202.708 -64.322
1203.725 -66.279
1204.742 -71.350
1205.759 -74.674
1206.776 -84.422
1207.794 -94.912
1208.811 -91.654
1209.827 -97.762
1210.844 -97.272
1211.862 -97.204
1212.879 -106.598
1213.896 -96.434
1214.915 -94.019
1215.932 -93.322
1216.949 -104.138
1217.966 -113.911
1218.984 -120.347
1220.001 -129.743
1221.018 -133.939
1222.035 -144.399
1223.051 -149.635
1224.068 -141.496
1225.085 -138.637
1226.102 -130.648
1227.120 -125.835
1228.137 -114.858
1229.154 -111.113
1230.171 -116.029
1231.189 -114.348
1232.206 -120.265
1233.223 -122.982
1234.241 -123.736
1235.258 -122.558
1236.275 -115.378
1237.293 -116.592
1238.310 -116.478
1239.328 -111.013
1240.345 -109.531
1241.362 -107.510
1242.380 -105.511
1243.397 -100.614
1244.413 -103.602
1245.431 -107.680
1246.448 -106.649
1247.465 -105.769
1248.483 -106.359
1249.501 -107.536
1250.518 -108.922
1251.535 -112.822
1252.552 -117.559
1253.570 -114.875
1254.588 -117.989
1255.605 -119.854
1256.623 -120.864
1257.640 -127.829
1258.657 -136.269
1259.675 -146.547
1260.692 -156.995
1261.709 -167.392
1262.727 -168.272
1263.744 -174.385
1264.761 -181.350
1265.779 -171.952
1266.796 -161.653
1267.813 -157.832
1268.830 -160.126
1269.848 -162.278
1270.865 -167.603
1271.882 -171.968
1272.899 -161.145
1273.917 -149.831
1274.934 -139.446
1275.951 -131.591
1276.969 -123.636
1277.986 -117.841
1279.003 -122.361
1280.020 -128.344
1281.038 -133.776
1282.056 -134.635
1283.073 -126.486
1284.091 -121.920
1285.108 -124.121
1286.126 -121.124
1287.143 -123.613
1288.160 -119.544
1289.178 -129.767
1290.195 -132.278
1291.212 -120.778
1292.230 -111.695
1293.247 -108.883
1294.265 -109.933
1295.282 -111.370
1296.299 -108.019
1297.317 -105.931
1298.334 -105.293
1299.351 -99.296
1300.368 -88.646
1301.386 -77.344
1302.403 -70.779
1303.420 -73.073
1304.438 -77.629
1305.455 -82.595
1306.473 -77.296
1307.490 -66.085
1308.507 -55.614
1309.525 -44.076
1310.542 -31.976
1311.559 -36.775
1312.577 -29.738
1313.594 -17.055
1314.611 -5.634
1315.628 5.450
1316.646 -1.281
1317.664 -13.005
1318.681 -23.348
1319.699 -34.448
1320.716 -45.708
1321.733 -56.642
1322.747 -58.316
1323.764 -59.050
1324.782 -69.325
1325.799 -67.121
1326.816 -78.317
1327.833 -84.684
1328.850 -91.197
1329.868 -96.428
1330.885 -90.727
1331.903 -84.803
1332.920 -77.891
1333.938 -77.961
1334.955 -77.100
1335.973 -72.199
1336.990 -82.848
1338.007 -90.755
1339.024 -86.006
1340.042 -90.642
1341.060 -93.292
1342.076 -94.661
1343.094 -87.762
1344.111 -90.422
1345.129 -91.700
1346.146 -93.906
1347.163 -104.692
1348.181 -115.592
1349.199 -126.256
1350.216 -128.238
1351.234 -119.363
1352.251 -111.508
1353.268 -108.357
1354.286 -105.186
1355.303 -92.105
1356.320 -83.617
1357.338 -75.375
1358.355 -63.041
1359.373 -51.271
1360.390 -39.234
1361.408 -26.358
1362.425 -14.145
1363.442 -1.775
1364.459 10.585
1365.477 23.243
1366.495 35.832
1367.512 41.064
1368.529 44.521
1369.544 36.999
1370.559 25.564
1371.575 13.946
1372.590 1.889
1373.608 -9.428
1374.624 -21.562
1375.642 -32.602
1376.659 -43.255
1377.676 -54.801
1378.693 -65.335
1379.710 -71.548
1380.728 -77.830
1381.745 -84.013
1382.762 -74.005
1383.779 -68.055
1384.796 -57.701
1385.813 -52.842
1386.830 -45.650
1387.847 -38.532
1388.864 -27.612
1389.882 -28.737
1390.900 -28.942
1391.917 -30.255
1392.935 -38.992
1393.952 -31.370
1394.969 -41.995
1395.986 -52.275
1397.003 -63.220
1398.021 -72.413
1399.038 -74.376
1400.055 -76.954
1401.073 -76.479
1402.090 -74.918
1403.108 -70.453
1404.125 -67.119
1405.142 -64.740
1406.159 -57.850
1407.176 -52.527
1408.193 -52.422
1409.210 -56.825
1410.227 -57.603
1411.244 -51.589
1412.261 -41.547
1413.278 -36.173
1414.296 -39.831
1415.313 -39.482
1416.330 -29.077
1417.347 -19.452
1418.365 -15.713
1419.383 -23.078
1420.401 -35.033
1421.419 -46.983
1422.436 -58.962
1423.454 -70.753
1424.471 -79.536
1425.489 -73.224
1426.506 -60.619
1427.525 -59.428
1428.542 -67.584
1429.559 -79.174
1430.576 -78.049
1431.594 -72.507
1432.611 -74.652
1433.629 -76.180
1434.646 -85.067
1435.664 -88.833
1436.681 -92.767
1437.699 -97.207
1438.716 -105.797
1439.733 -96.653
1440.751 -85.018
1441.768 -93.692
1442.785 -104.259
1443.802 -112.750
1444.820 -118.526
1445.837 -112.620
1446.855 -110.531
1447.872 -121.307
1448.889 -130.616
1449.907 -121.100
1450.924 -114.690
1451.941 -104.259
1452.959 -97.798
1453.976 -92.095
1454.993 -90.816
1456.011 -84.443
1457.028 -81.454
1458.046 -92.406
1459.063 -101.762
1460.081 -103.407
1461.098 -102.805
1462.115 -98.719
1463.133 -90.297
1464.150 -94.657
1465.167 -99.257
1466.184 -93.804
1467.201 -89.842
1468.219 -85.977
1469.236 -82.598
1470.252 -83.765
1471.270 -82.035
1472.288 -85.487
1473.304 -92.962
1474.322 -100.311
1475.339 -110.759
1476.357 -114.458
1477.374 -113.598
1478.392 -117.573
1479.409 -124.251
1480.427 -128.849
1481.445 -131.136
1482.462 -131.793
1483.479 -130.323
1484.496 -128.509
1485.513 -122.106
1486.531 -118.268
1487.548 -116.512
1488.565 -115.094
1489.582 -116.722
1490.600 -115.854
1491.618 -111.226
1492.636 -105.789
1493.654 -105.963
1494.671 -95.643
1495.689 -83.157
1496.706 -87.363
1497.724 -90.210
1498.741 -90.473
1499.758 -100.667
1500.777 -111.503
1501.794 -110.365
1502.812 -100.134
1503.829 -89.768
1504.846 -79.544
1505.864 -68.551
1506.881 -74.542
1507.898 -80.776
1508.916 -88.020
1509.933 -87.899
1510.951 -78.564
1511.969 -68.998
1512.986 -60.522
1514.004 -61.215
1515.021 -63.899
1516.039 -66.739
1517.056 -71.175
1518.073 -76.423
1519.090 -72.298
1520.108 -71.982
1521.125 -67.214
1522.143 -65.031
1523.160 -64.780
1524.178 -62.764
1525.196 -64.788
1526.213 -67.998
1527.230 -75.193
1528.248 -80.788
1529.265 -91.034
1530.282 -91.892
1531.300 -81.771
1532.317 -80.539
1533.335 -82.847
1534.352 -74.971
1535.370 -63.374
1536.388 -51.954
1537.405 -47.163
1538.423 -51.002
1539.440 -60.275
1540.458 -66.168
1541.475 -68.948
1542.493 -71.315
1543.511 -66.702
1544.527 -68.238
1545.543 -67.744
1546.558 -64.564
1547.574 -71.210
1548.590 -70.398
1549.607 -64.404
1550.625 -58.028
1551.641 -65.205
1552.658 -77.901
1553.675 -77.113
1554.692 -74.243
1555.709 -70.194
1556.726 -65.799
1557.744 -60.621
1558.761 -56.737
1559.778 -53.432
1560.795 -51.847
1561.812 -50.048
1562.830 -46.768
1563.847 -41.098
1564.865 -38.875
1565.882 -38.694
1566.900 -44.911
1567.917 -50.002
1568.934 -47.803
1569.951 -55.795
1570.969 -60.914
1571.985 -50.158
1573.003 -40.142
1574.019 -32.301
1575.036 -25.902
1576.053 -21.994
1577.071 -22.243
1578.089 -28.166
1579.106 -18.047
1580.123 -8.266
1581.140 -3.588
1582.157 -11.049
1583.174 -19.569
1584.191 -25.773
1585.208 -23.554
1586.226 -19.352
1587.242 -16.301
1588.260 -11.043
1589.277 -0.535
1590.294 9.980
1591.312 19.697
1592.329 22.209
1593.346 17.649
1594.363 10.229
1595.380 9.272
1596.398 7.905
1597.414 -1.464
1598.432 -9.618
1599.449 -16.714
1600.466 -17.607
1601.483 -11.055
1602.500 -2.614
1603.517 -6.681
1604.534 -20.602
1605.552 -32.508
1606.569 -43.570
1607.587 -47.042
1608.604 -45.088
1609.622 -42.379
1610.640 -38.809
1611.658 -41.005
1612.675 -37.298
1613.692 -31.891
1614.709 -30.254
1615.727 -28.861
1616.744 -27.392
1617.762 -32.526
1618.779 -23.447
1619.796 -33.279
1620.814 -30.776
1621.831 -35.598
1622.848 -40.384
1623.866 -45.174
1624.883 -45.112
1625.901 -36.436
1626.919 -41.609
1627.936 -45.280
1628.953 -38.585
1629.970 -33.025
1630.988 -32.308
1632.005 -28.052
1633.022 -21.886
1634.039 -25.345
1635.056 -27.974
1636.073 -26.630
1637.091 -22.940
1638.108 -20.127
1639.125 -16.554
1640.142 -5.962
1641.159 4.862
1642.177 15.743
1643.195 26.969
1644.212 38.906
1645.229 42.126
1646.247 31.638
1647.264 20.913
1648.281 11.758
1649.298 3.982
1650.316 -1.175
1651.333 -8.168
1652.350 -18.225
1653.368 -28.359
1654.385 -33.928
1655.402 -33.273
1656.419 -27.439
1657.437 -32.620
1658.454 -45.195
1659.472 -41.116
1660.489 -27.843
1661.506 -13.956
1662.524 -0.118
1663.541 -0.535
1664.559 -9.709
1665.576 -6.622
1666.593 -10.421
1667.611 -17.445
1668.628 -16.735
1669.646 -18.851
1670.663 -17.355
1671.681 -14.671
1672.698 -18.031
1673.716 -27.584
1674.732 -38.164
1675.750 -28.786
1676.767 -37.763
1677.785 -47.789
1678.803 -42.113
1679.820 -35.015
1680.837 -27.781
1681.855 -25.835
1682.872 -24.552
1683.890 -23.574
1684.907 -32.296
1685.924 -40.828
1686.941 -44.517
1687.958 -38.589
1688.976 -40.956
1689.993 -41.977
1691.010 -36.633
1692.027 -32.621
1693.044 -30.328
1694.062 -36.254
1695.079 -48.661
1696.096 -60.906
1697.114 -70.649
1698.131 -73.013
1699.148 -69.220
1700.165 -59.336
1701.183 -54.355
1702.201 -58.653
1703.218 -63.448
1704.235 -60.731
1705.252 -46.538
1706.269 -32.513
1707.287 -18.155
1708.305 -16.684
1709.323 -31.935
1710.340 -48.991
1711.358 -64.376
1712.376 -78.550
1713.393 -92.994
1714.412 -104.850
1715.429 -115.339
1716.446 -113.342
1717.463 -106.834
1718.481 -104.681
1719.499 -104.814
1720.517 -105.443
1721.534 -106.154
1722.550 -107.526
1723.565 -98.471
1724.581 -91.346
1725.597 -81.163
1726.613 -70.538
1727.630 -60.203
1728.648 -50.076
1729.665 -39.658
1730.682 -41.107
1731.699 -44.813
1732.716 -54.395
1733.733 -57.630
1734.751 -56.702
1735.768 -57.057
1736.785 -57.495
1737.802 -65.927
1738.819 -67.572
1739.837 -70.158
1740.854 -66.409
1741.871 -62.857
1742.889 -61.144
1743.906 -57.106
1744.923 -57.459
1745.940 -69.025
1746.957 -80.683
1747.975 -92.769
1748.991 -105.269
1750.009 -117.727
1751.026 -124.299
1752.044 -111.804
1753.061 -99.091
1754.079 -87.314
1755.096 -77.334
1756.114 -67.613
1757.131 -58.808
1758.149 -48.383
1759.166 -42.605
1760.184 -41.138
1761.201 -35.086
1762.218 -32.393
1763.236 -27.219
1764.253 -17.334
1765.270 -5.100
1766.288 -3.635
1767.305 -14.575
1768.322 -23.883
1769.340 -27.700
1770.357 -27.937
1771.374 -27.641
1772.391 -29.441
1773.409 -33.422
1774.426 -38.699
1775.443 -38.501
1776.461 -35.389
1777.479 -30.824
1778.497 -23.231
1779.514 -26.777
1780.532 -32.821
1781.549 -37.554
1782.566 -41.013
1783.583 -37.375
1784.601 -43.929
1785.619 -46.171
1786.636 -46.422
1787.653 -55.796
1788.671 -66.338
1789.688 -77.101
1790.704 -74.940
1791.721 -80.507
1792.738 -70.084
1793.755 -57.688
1794.773 -45.316
1795.790 -34.775
1796.808 -44.925
1797.825 -52.441
1798.842 -59.317
1799.860 -53.535
1800.876 -63.920
1801.894 -74.136
1802.911 -83.660
1803.929 -82.918
1804.946 -73.615
1805.964 -76.897
1806.981 -80.976
1807.998 -85.378
1809.016 -81.458
1810.033 -88.662
1811.050 -95.692
1812.068 -98.058
1813.085 -93.100
1814.103 -98.874
1815.120 -94.018
1816.137 -89.104
1817.154 -84.002
1818.172 -78.817
1819.189 -74.860
1820.207 -69.378
1821.224 -58.139
1822.241 -49.272
1823.259 -41.863
1824.276 -31.302
1825.293 -30.145
1826.311 -40.684
1827.328 -49.855
1828.345 -57.555
1829.362 -65.266
1830.379 -74.174
1831.397 -77.035
1832.413 -82.318
1833.432 -93.093
1834.450 -103.904
1835.467 -108.857
1836.484 -116.823
1837.501 -127.902
1838.518 -124.794
1839.536 -115.398
1840.553 -105.239
1841.570 -105.052
1842.587 -108.259
1843.605 -117.216
1844.623 -128.277
1845.640 -139.779
1846.657 -147.373
1847.675 -136.851
1848.692 -122.909
1849.710 -128.488
1850.727 -136.862
1851.745 -147.238
1852.762 -153.653
1853.780 -159.832
1854.797 -165.941
1855.815 -176.286
1856.833 -165.569
1857.850 -154.815
1858.867 -148.220
1859.885 -136.769
1860.902 -125.499
1861.919 -114.784
1862.938 -104.202
1863.956 -95.543
1864.973 -98.181
1865.990 -92.648
1867.007 -94.158
1868.025 -95.962
1869.039 -100.000
1870.057 -109.131
1871.074 -112.536
1872.094 -116.752
1873.111 -124.083
1874.128 -128.401
1875.145 -117.375
1876.163 -107.323
1877.179 -99.107
1878.197 -90.289
1879.214 -83.636
1880.232 -85.393
1881.249 -92.126
1882.267 -94.522
1883.284 -92.481
1884.302 -92.095
1885.319 -91.543
1886.337 -96.847
1887.355 -108.687
1888.372 -120.324
1889.390 -131.331
1890.407 -139.120
1891.425 -147.905
1892.442 -150.890
1893.459 -148.257
1894.476 -150.674
1895.493 -155.561
1896.510 -160.647
1897.528 -163.421
1898.545 -169.997
1899.562 -178.374
1900.577 -173.530
1901.592 -164.112
1902.609 -161.856
1903.625 -153.778
1904.641 -155.697
1905.658 -160.215
1906.675 -152.407
1907.692 -141.981
1908.709 -130.051
1909.726 -119.041
1910.743 -106.124
1911.760 -92.993
1912.778 -103.527
1913.795 -103.910
1914.812 -114.136
1915.829 -113.779
1916.847 -124.278
1917.864 -134.310
1918.882 -135.397
1919.898 -144.274
1920.916 -143.672
1921.933 -142.555
1922.950 -141.310
1923.967 -141.273
1924.985 -149.888
1926.002 -147.968
1927.019 -140.459
1928.036 -134.709
1929.054 -136.461
1930.071 -137.195
1931.088 -129.090
1932.105 -120.305
1933.122 -116.028
1934.139 -123.904
1935.156 -126.906
1936.174 -131.221
1937.191 -132.521
1938.208 -129.109
1939.226 -125.351
1940.243 -116.719
1941.260 -105.589
1942.278 -94.959
1943.295 -84.790
1944.312 -80.300
1945.330 -77.645
1946.348 -70.204
1947.364 -63.101
1948.382 -55.750
1949.399 -54.444
1950.416 -53.351
1951.432 -57.715
1952.450 -68.439
1953.467 -76.806
1954.485 -71.361
1955.502 -68.304
1956.520 -70.049
1957.537 -71.210
1958.554 -72.194
1959.572 -76.448
1960.589 -69.606
1961.607 -59.519
1962.624 -54.836
1963.642 -51.600
1964.660 -57.901
1965.678 -62.040
1966.695 -71.192
1967.711 -74.077
1968.725 -76.175
1969.743 -86.182
1970.760 -83.377
1971.778 -75.539
1972.795 -72.727
1973.812 -83.174
1974.829 -93.500
1975.846 -92.058
1976.864 -85.990
1977.883 -72.627
1978.900 -63.815
1979.917 -56.899
1980.935 -65.988
1981.953 -73.958
1982.970 -75.455
1983.987 -77.423
1985.004 -79.022
1986.022 -70.234
1987.039 -65.677
1988.056 -76.209
1989.073 -83.046
1990.090 -78.790
1991.107 -74.392
1992.124 -68.043
1993.142 -59.423
1994.159 -53.269
1995.177 -48.597
1996.194 -54.468
1997.212 -55.738
1998.228 -49.758
1999.246 -46.639
2000.264 -52.824
2001.282 -65.177
2002.299 -68.871
2003.317 -62.726
2004.334 -55.580
2005.351 -46.237
2006.368 -44.814
2007.385 -51.577
2008.402 -49.217
2009.419 -42.009
2010.436 -36.185
2011.453 -37.497
2012.470 -42.884
2013.488 -52.336
2014.505 -63.833
2015.523 -58.741
2016.540 -60.490
2017.557 -67.590
2018.575 -60.721
2019.592 -49.332
2020.610 -36.499
2021.627 -36.738
2022.644 -45.286
2023.662 -53.325
2024.679 -54.698
2025.697 -53.735
2026.715 -52.554
2027.732 -54.570
2028.749 -56.195
2029.766 -66.004
2030.783 -57.440
2031.800 -47.589
2032.817 -56.521
2033.835 -53.293
2034.852 -58.167
2035.870 -59.182
2036.887 -60.051
2037.904 -61.104
2038.921 -61.001
2039.939 -67.123
2040.956 -71.233
2041.972 -60.947
2042.990 -56.350
2044.007 -65.297
2045.025 -71.837
2046.042 -70.331
2047.059 -69.692
2048.077 -67.732
2049.094 -68.898
2050.112 -69.940
2051.130 -73.396
2052.147 -76.522
2053.164 -72.404
2054.182 -74.837
2055.199 -75.287
2056.216 -73.485
2057.234 -74.052
2058.251 -78.639
2059.268 -84.273
2060.286 -88.600
2061.303 -90.550
2062.321 -87.139
2063.339 -79.398
2064.356 -74.001
2065.374 -69.897
2066.391 -67.553
2067.408 -74.746
2068.425 -81.779
2069.441 -84.879
2070.459 -84.846
2071.476 -83.436
2072.493 -82.284
2073.511 -86.138
2074.528 -89.185
2075.546 -84.398
2076.564 -77.012
2077.581 -71.883
2078.596 -68.445
2079.612 -70.924
2080.627 -66.874
2081.643 -60.750
2082.659 -61.387
2083.676 -64.100
2084.694 -75.825
2085.711 -73.401
2086.728 -68.847
2087.745 -75.258
2088.762 -77.871
2089.779 -90.052
2090.797 -102.744
2091.813 -97.058
2092.830 -85.315
2093.848 -74.140
2094.865 -62.969
2095.882 -51.689
2096.899 -43.188
2097.916 -48.309
2098.933 -50.786
2099.950 -52.491
2100.967 -49.621
2101.985 -58.341
2103.002 -60.360
2104.018 -64.702
2105.036 -68.179
2106.053 -67.957
2107.071 -65.314
2108.088 -55.169
2109.106 -49.934
2110.123 -52.602
2111.140 -51.334
2112.157 -59.005
2113.174 -61.175
2114.192 -65.007
2115.209 -72.332
2116.226 -80.820
2117.243 -84.349
2118.260 -81.067
2119.277 -80.373
2120.294 -82.980
2121.311 -79.312
2122.328 -68.531
2123.346 -57.378
2124.363 -57.566
2125.380 -62.892
2126.398 -64.725
2127.415 -65.395
2128.432 -61.149
2129.449 -63.265
2130.466 -70.956
2131.483 -69.098
2132.501 -67.988
2133.518 -65.444
2134.536 -61.050
2135.553 -52.272
2136.571 -53.047
2137.588 -63.311
2138.605 -75.378
2139.624 -87.251
2140.642 -98.537
2141.659 -109.790
2142.677 -121.272
2143.694 -132.696
2144.712 -129.836
2145.730 -119.529
2146.747 -115.158
2147.765 -104.735
2148.782 -93.795
2149.799 -89.705
2150.817 -80.833
2151.834 -71.704
2152.852 -67.533
2153.869 -64.350
2154.888 -74.261
2155.905 -77.465
2156.922 -70.858
2157.940 -65.015
2158.957 -64.491
2159.975 -64.085
2160.992 -67.154
2162.009 -67.244
2163.026 -67.558
2164.044 -70.088
2165.061 -75.309
2166.079 -76.852
2167.096 -67.469
2168.114 -57.927
2169.131 -55.180
2170.149 -59.142
2171.166 -54.390
2172.184 -55.412
2173.200 -65.730
2174.218 -75.808
2175.235 -83.898
2176.252 -88.669
2177.269 -88.394
2178.286 -81.924
2179.304 -82.760
2180.322 -85.436
2181.339 -82.700
2182.356 -84.261
2183.374 -80.737
2184.391 -82.141
2185.408 -83.011
2186.426 -77.618
2187.443 -72.259
2188.460 -67.986
2189.478 -69.283
2190.495 -73.083
2191.512 -72.903
2192.529 -67.165
2193.546 -60.361
2194.564 -63.814
2195.581 -61.867
2196.598 -57.028
2197.616 -54.577
2198.633 -57.044
2199.650 -56.598
2200.667 -60.669
2201.685 -65.801
2202.702 -62.045
2203.720 -59.018
2204.737 -62.815
2205.755 -66.919
2206.773 -65.069
2207.791 -64.393
2208.808 -59.492
2209.825 -49.318
2210.842 -39.523
2211.860 -49.555
2212.877 -39.059
2213.894 -28.343
2214.911 -19.883
2215.928 -21.102
2216.945 -8.704
2217.962 3.613
2218.980 14.717
2219.997 22.758
2221.014 14.618
2222.032 3.724
2223.049 -6.318
2224.066 -13.025
2225.084 -16.457
2226.101 -11.979
2227.119 -11.434
2228.136 -13.906
2229.153 -17.011
2230.170 -4.566
2231.188 -1.111
2232.206 -8.825
2233.223 -3.386
2234.241 3.509
2235.258 3.128
2236.276 1.616
2237.293 -0.160
2238.311 -8.175
2239.328 -19.519
2240.345 -26.959
2241.362 -28.838
2242.379 -35.927
2243.396 -48.597
2244.413 -53.090
2245.430 -52.300
2246.448 -60.483
2247.466 -74.342
2248.482 -79.998
2249.497 -80.740
2250.515 -73.797
2251.532 -63.567
2252.550 -62.399
2253.568 -59.714
2254.585 -63.044
2255.601 -68.361
2256.616 -73.835
2257.632 -80.090
2258.647 -86.120
2259.664 -92.129
2260.680 -86.951
2261.698 -79.799
2262.715 -72.829
2263.732 -71.980
2264.749 -69.580
2265.767 -67.050
2266.784 -62.045
2267.801 -65.424
2268.819 -60.563
2269.836 -55.395
2270.853 -44.664
2271.870 -51.798
2272.888 -58.171
2273.904 -55.160
2274.921 -47.337
2275.939 -41.205
2276.957 -46.648
2277.974 -52.138
2278.991 -55.909
2280.008 -50.690
2281.026 -40.499
2282.043 -33.142
2283.061 -37.378
2284.078 -46.700
2285.095 -56.154
2286.113 -64.789
2287.130 -75.116
2288.147 -78.833
2289.165 -69.048
2290.182 -59.941
2291.199 -49.117
2292.216 -42.555
2293.234 -43.538
2294.251 -40.166
2295.268 -32.403
2296.286 -28.443
2297.303 -25.872
2298.320 -29.912
2299.337 -35.421
2300.354 -37.667
2301.372 -40.069
2302.389 -36.420
2303.406 -30.645
2304.423 -27.030
2305.440 -31.741
2306.457 -42.119
2307.475 -52.584
2308.493 -62.667
2309.510 -72.994
2310.528 -83.474
2311.545 -87.652
2312.563 -84.367
2313.580 -91.618
2314.598 -102.760
2315.615 -114.236
2316.632 -108.086
2317.650 -97.553
2318.667 -86.769
2319.684 -75.492
2320.702 -64.122
2321.719 -72.067
2322.736 -62.372
2323.754 -60.434
2324.771 -59.381
2325.788 -58.487
2326.806 -57.433
2327.824 -43.009
2328.841 -31.995
2329.859 -42.806
2330.876 -54.539
2331.894 -56.126
2332.911 -46.973
2333.928 -50.079
2334.946 -53.213
2335.963 -55.052
2336.980 -47.684
2337.997 -36.826
2339.015 -27.078
2340.033 -22.104
2341.050 -15.866
2342.067 -8.022
2343.084 -11.114
2344.102 -17.606
2345.119 -19.752
2346.136 -14.600
2347.153 -14.274
2348.171 -19.763
2349.189 -20.194
2350.206 -30.578
2351.224 -39.802
2352.241 -48.777
2353.258 -59.470
2354.275 -68.266
2355.293 -73.134
2356.310 -75.656
2357.327 -79.862
2358.345 -78.810
2359.362 -69.449
2360.379 -71.876
2361.397 -82.307
2362.414 -88.681
2363.431 -91.854
2364.449 -85.260
2365.467 -73.261
2366.484 -61.188
2367.502 -47.625
2368.520 -33.712
2369.538 -20.864
2370.555 -8.914
2371.573 2.824
2372.590 14.866
2373.607 26.347
2374.625 36.843
2375.641 42.686
2376.658 47.504
2377.676 40.762
2378.692 44.144
2379.710 44.598
2380.727 35.215
2381.744 24.970
2382.762 15.666
2383.780 6.569
2384.796 -3.337
2385.814 6.791
2386.831 17.262
2387.848 29.128
2388.866 39.524
2389.884 49.973
2390.901 60.600
2391.918 70.863
2392.936 78.018
2393.953 84.390
2394.971 87.539
2395.988 96.440
2397.004 103.624
2398.021 102.396
2399.038 98.851
2400.055 87.407
2401.073 76.758
2402.091 68.390
2403.108 65.835
2404.125 60.813
2405.142 48.461
2406.160 33.689
2407.178 22.370
2408.195 14.554
2409.212 10.668
2410.228 15.048
2411.246 9.990
2412.263 11.763
2413.281 22.618
2414.298 32.955
2415.315 43.575
2416.333 54.070
2417.350 65.299
2418.367 72.983
2419.386 76.592
2420.403 72.200
2421.420 61.780
2422.438 57.104
2423.455 56.386
2424.473 56.762
2425.490 57.944
2426.508 51.720
2427.525 43.104
2428.543 35.169
2429.561 25.078
2430.579 22.860
2431.597 23.378
2432.613 31.597
2433.628 42.581
2434.643 53.523
2435.658 57.471
2436.674 53.713
2437.691 54.069
2438.708 55.435
2439.725 56.886
2440.742 59.617
2441.759 62.550
2442.775 63.504
2443.792 64.217
2444.810 53.061
2445.826 42.186
2446.844 31.053
2447.860 19.802
2448.874 8.854
2449.891 -3.287
2450.907 -14.377
2451.925 -23.038
2452.942 -12.606
2453.959 -2.550
2454.976 7.734
2455.994 18.712
2457.011 29.013
2458.028 38.045
2459.045 43.136
2460.062 52.477
2461.079 58.648
2462.097 62.808
2463.114 62.625
2464.131 65.691
2465.149 69.276
2466.166 70.595
2467.183 72.683
2468.201 76.247
2469.218 76.655
2470.235 76.028
2471.252 81.298
2472.270 83.322
2473.287 77.503
2474.304 77.696
2475.321 78.866
2476.339 68.618
2477.356 61.507
2478.373 58.460
2479.390 56.550
2480.408 59.717
2481.426 63.845
2482.443 64.392
2483.461 68.710
2484.478 75.421
2485.495 82.050
2486.513 85.645
2487.529 88.444
2488.546 89.022
2489.564 84.504
2490.581 92.739
2491.599 105.705
2492.616 109.555
2493.634 111.222
2494.651 106.066
2495.669 105.458
2496.685 96.725
2497.702 86.341
2498.720 75.741
2499.736 69.251
2500.753 62.964
2501.771 58.520
2502.789 59.495
2503.806 66.941
2504.824 73.844
2505.841 84.561
2506.858 95.165
2507.876 103.806
2508.893 93.360
2509.911 82.108
2510.929 70.838
2511.946 59.002
2512.963 45.592
2513.980 33.084
2514.997 21.778
2516.014 18.446
2517.031 13.520
2518.048 4.368
2519.065 0.274
2520.082 -4.740
2521.099 -9.697
2522.116 -16.033
2523.134 -19.091
2524.151 -15.644
2525.169 -18.375
2526.186 -15.158
2527.204 -25.274
2528.222 -34.804
2529.239 -43.984
2530.256 -49.307
2531.272 -49.575
2532.289 -44.845
2533.306 -32.025
2534.324 -19.671
2535.341 -7.482
2536.358 4.544
2537.375 16.173
2538.392 27.914
2539.410 32.625
2540.427 32.483
2541.444 38.586
2542.462 49.082
2543.479 53.178
2544.496 54.372
2545.513 61.849
2546.531 71.987
2547.548 77.778
2548.565 68.331
2549.583 54.981
2550.601 41.856
2551.618 28.301
2552.635 15.674
2553.653 3.265
2554.670 -9.168
2555.688 -10.342
2556.706 -20.180
2557.723 -31.908
2558.741 -43.257
2559.758 -54.736
2560.775 -65.331
2561.793 -76.063
2562.812 -86.071
2563.829 -96.233
2564.846 -97.672
2565.863 -103.349
2566.880 -109.930
2567.897 -102.595
2568.915 -95.635
2569.932 -91.736
2570.949 -89.083
2571.967 -97.932
2572.984 -103.601
2574.002 -109.351
2575.019 -112.311
2576.036 -105.027
2577.054 -97.010
2578.071 -86.593
2579.088 -75.964
2580.106 -64.954
2581.123 -54.709
2582.140 -53.199
2583.157 -60.397
2584.175 -70.850
2585.192 -78.813
2586.209 -85.616
2587.227 -96.357
2588.244 -103.642
2589.261 -107.350
2590.279 -109.364
2591.296 -109.088
2592.315 -108.123
2593.332 -104.892
2594.350 -103.897
2595.367 -104.319
2596.384 -108.587
2597.401 -119.012
2598.418 -131.168
2599.435 -130.036
2600.453 -120.694
2601.470 -111.544
2602.488 -100.648
2603.505 -94.048
2604.523 -90.229
2605.540 -96.420
2606.557 -108.582
2607.575 -120.779
2608.593 -119.581
2609.612 -114.289
2610.628 -106.936
2611.644 -100.509
2612.659 -94.408
2613.675 -89.831
2614.692 -86.386
2615.708 -83.011
2616.725 -79.852
2617.742 -85.882
2618.760 -80.635
2619.777 -87.736
2620.794 -87.175
2621.811 -96.627
2622.828 -105.896
2623.845 -96.981
2624.862 -92.570
2625.879 -88.990
2626.897 -98.059
2627.914 -101.218
2628.931 -104.087
2629.948 -105.353
2630.965 -105.343
2631.983 -97.290
2633.000 -87.681
2634.017 -88.591
2635.034 -84.820
2636.052 -80.911
2637.069 -78.171
2638.087 -78.598
2639.104 -77.203
2640.121 -72.274
2641.138 -72.873
2642.155 -66.763
2643.173 -60.481
2644.190 -57.072
2645.207 -59.307
2646.225 -62.625
2647.242 -69.011
2648.259 -73.066
2649.276 -65.605
2650.293 -53.414
2651.311 -45.330
2652.328 -42.897
2653.344 -47.113
2654.363 -57.033
2655.380 -67.111
2656.398 -76.312
2657.414 -78.889
2658.432 -77.080
2659.450 -76.883
2660.467 -75.934
2661.485 -75.490
2662.503 -75.695
2663.520 -76.611
2664.538 -77.287
2665.555 -77.186
2666.573 -76.217
2667.589 -71.141
2668.607 -65.994
2669.624 -66.317
2670.642 -68.307
2671.659 -66.838
2672.677 -74.977
2673.693 -85.219
2674.711 -83.743
2675.728 -80.570
2676.745 -81.858
2677.763 -69.921
2678.780 -56.807
2679.798 -60.218
2680.815 -55.803
2681.832 -51.223
2682.849 -52.513
2683.867 -62.138
2684.884 -70.845
2685.901 -63.214
2686.918 -56.727
2687.936 -59.829
2688.953 -58.858
2689.970 -57.952
2690.987 -55.653
2692.004 -50.594
2693.021 -57.875
2694.039 -59.500
2695.056 -51.401
2696.073 -59.188
2697.091 -63.274
2698.108 -59.072
2699.125 -61.336
2700.143 -53.190
2701.160 -49.464
2702.177 -54.270
2703.194 -59.162
2704.211 -64.123
2705.228 -68.717
2706.246 -67.750
2707.263 -62.279
2708.280 -62.170
2709.298 -64.649
2710.315 -62.139
2711.332 -58.463
2712.349 -61.238
2713.366 -66.681
2714.383 -66.647
2715.401 -59.920
2716.418 -51.932
2717.435 -55.061
2718.452 -58.530
2719.469 -59.413
2720.487 -60.496
2721.504 -62.468
2722.522 -69.554
2723.540 -75.819
2724.558 -83.177
2725.575 -76.791
2726.593 -66.024
2727.610 -69.873
2728.628 -76.936
2729.645 -86.701
2730.663 -85.992
2731.680 -75.699
2732.697 -64.124
2733.714 -68.145
2734.732 -76.801
2735.749 -83.176
2736.767 -89.313
2737.784 -93.295
2738.801 -90.691
2739.819 -93.694
2740.837 -92.538
2741.854 -91.393
2742.872 -87.959
2743.889 -77.909
2744.907 -63.365
2745.925 -49.293
2746.942 -36.231
2747.960 -23.064
2748.977 -9.644
2749.994 2.581
2751.012 16.142
2752.029 27.346
2753.045 38.713
2754.063 49.913
2755.080 55.075
2756.097 42.848
2757.114 30.129
2758.132 18.138
2759.149 6.465
2760.166 -4.205
2761.183 -14.928
2762.202 -25.563
2763.218 -35.205
2764.236 -44.002
2765.254 -51.541
2766.271 -56.275
2767.289 -62.834
2768.306 -70.527
2769.323 -75.912
2770.340 -77.154
2771.357 -75.992
2772.374 -76.748
2773.392 -81.077
2774.409 -86.661
2775.426 -86.049
2776.443 -81.287
2777.461 -86.242
2778.478 -96.965
2779.496 -93.389
2780.513 -97.018
2781.530 -107.053
2782.547 -104.639
2783.565 -94.566
2784.582 -90.000
2785.600 -80.981
2786.618 -70.250
2787.635 -59.891
2788.652 -49.396
2789.667 -56.216
2790.682 -60.582
2791.698 -64.133
2792.714 -70.385
2793.731 -64.178
2794.748 -74.603
2795.766 -74.345
2796.783 -76.003
2797.800 -78.012
2798.817 -75.103
2799.835 -71.295
2800.852 -61.196
2801.869 -65.598
2802.886 -73.343
2803.903 -81.057
2804.920 -88.919
2805.937 -99.121
2806.955 -108.256
2807.972 -109.877
2808.989 -107.200
2810.007 -96.792
2811.024 -88.228
2812.041 -85.916
2813.058 -75.767
2814.076 -68.273
2815.093 -65.985
2816.110 -55.862
2817.127 -51.012
2818.145 -56.689
2819.162 -58.710
2820.179 -55.508
2821.197 -51.554
2822.214 -63.233
2823.231 -71.131
2824.248 -75.401
2825.265 -78.077
2826.282 -76.707
2827.299 -75.468
2828.317 -69.760
2829.334 -60.222
2830.352 -51.505
2831.369 -42.847
2832.387 -40.016
2833.404 -42.492
2834.421 -48.344
2835.438 -44.930
2836.456 -48.066
2837.473 -50.319
2838.491 -47.277
2839.508 -53.843
2840.527 -64.493
2841.544 -65.826
2842.561 -65.068
2843.579 -64.904
2844.596 -72.753
2845.614 -76.231
2846.631 -72.875
2847.648 -68.826
2848.665 -64.781
2849.683 -70.719
2850.701 -74.949
2851.718 -78.940
2852.736 -80.233
2853.753 -77.657
2854.771 -74.752
2855.789 -67.877
2856.807 -60.551
2857.824 -57.430
2858.841 -68.168
2859.858 -78.621
2860.874 -75.031
2861.890 -81.347
2862.907 -86.306
2863.924 -77.001
2864.942 -69.444
2865.959 -73.198
2866.976 -78.790
2867.995 -72.987
2869.013 -67.805
2870.030 -65.349
2871.048 -60.790
2872.065 -59.575
2873.083 -69.294
2874.100 -78.980
2875.118 -84.781
2876.136 -80.812
2877.153 -81.163
2878.170 -88.429
2879.187 -89.786
2880.205 -86.133
2881.222 -78.717
2882.239 -77.959
2883.256 -79.921
2884.274 -78.295
2885.291 -75.770
2886.308 -65.251
2887.327 -65.214
2888.344 -71.869
2889.362 -75.433
2890.379 -81.488
2891.397 -90.146
2892.413 -93.036
2893.431 -91.725
2894.448 -92.493
2895.465 -87.178
2896.482 -76.683
2897.500 -66.412
2898.517 -69.410
2899.534 -79.486
2900.551 -89.817
2901.569 -98.363
2902.587 -103.663
2903.604 -107.222
2904.621 -112.149
2905.639 -112.369
2906.655 -106.703
2907.673 -104.309
2908.690 -102.425
2909.708 -93.161
2910.725 -90.041
2911.743 -96.470
2912.760 -103.782
2913.778 -114.331
2914.796 -124.726
2915.812 -135.217
2916.830 -138.675
2917.847 -132.311
2918.865 -126.455
2919.882 -128.849
2920.900 -121.428
2921.917 -115.345
2922.935 -108.602
2923.952 -99.277
2924.969 -99.126
2925.986 -91.083
2927.003 -83.560
2928.021 -77.167
2929.038 -65.045
2930.056 -53.326
2931.074 -41.479
2932.091 -29.745
2933.109 -25.778
2934.127 -32.522
2935.144 -27.155
2936.161 -15.876
2937.179 -5.243
2938.197 4.360
2939.214 14.980
2940.232 25.276
2941.249 33.370
2942.267 41.119
2943.283 41.250
2944.301 31.854
2945.318 24.763
2946.336 20.130
2947.354 20.183
2948.371 26.001
2949.388 32.759
2950.406 32.992
2951.422 30.917
2952.439 30.977
2953.457 28.464
2954.474 21.980
2955.492 13.789
2956.509 15.504
2957.527 17.923
2958.544 25.157
2959.562 25.175
2960.579 29.797
2961.596 36.628
2962.614 33.096
2963.632 33.242
2964.649 29.483
2965.668 24.620
2966.684 23.857
2967.700 25.978
2968.715 22.643
2969.731 18.411
2970.747 14.235
2971.764 14.718
2972.781 25.805
2973.799 37.628
2974.815 37.219
2975.833 37.043
2976.851 43.923
2977.868 31.806
2978.885 18.239
2979.902 5.608
2980.919 -5.850
2981.936 -14.314
2982.953 -24.487
2983.970 -34.965
2984.987 -45.339
2986.004 -55.679
2987.021 -65.957
2988.039 -74.990
2989.056 -80.255
2990.073 -89.159
2991.090 -96.494
2992.105 -103.178
2993.122 -107.744
2994.141 -109.773
2995.157 -106.888
2996.174 -101.086
2997.191 -92.950
2998.209 -88.939
2999.225 -85.885
3000.243 -85.706
3001.260 -75.480
3002.277 -74.084
3003.294 -84.106
3004.311 -94.116
3005.328 -101.550
3006.345 -106.475
3007.363 -108.122
3008.380 -105.591
3009.397 -102.438
3010.413 -104.280
3011.431 -114.434
3012.448 -127.796
3013.465 -133.700
3014.482 -135.301
3015.499 -138.318
3016.516 -136.247
3017.533 -128.923
3018.550 -124.358
3019.568 -121.629
3020.585 -117.923
3021.603 -114.041
3022.620 -112.806
3023.637 -105.038
3024.655 -106.795
3025.672 -111.408
3026.689 -114.505
3027.706 -117.191
3028.723 -117.173
3029.741 -114.461
3030.759 -116.178
3031.776 -109.924
3032.793 -103.178
3033.810 -105.438
3034.827 -105.805
3035.844 -104.618
3036.861 -105.879
3037.879 -109.873
3038.896 -113.097
3039.914 -111.674
3040.931 -115.899
3041.948 -114.500
3042.966 -113.559
3043.983 -114.461
3045.001 -115.839
3046.019 -110.979
3047.035 -108.531
3048.053 -110.207
3049.070 -103.027
3050.088 -103.973
3051.106 -103.201
3052.122 -110.348
3053.139 -112.245
3054.157 -109.929
3055.174 -121.209
3056.191 -131.858
3057.208 -140.163
3058.226 -146.140
3059.243 -148.643
3060.260 -141.831
3061.278 -129.684
3062.295 -117.993
3063.313 -106.891
3064.330 -95.445
3065.348 -84.131
3066.365 -73.303
3067.383 -62.533
3068.400 -51.886
3069.416 -42.619
3070.434 -33.674
3071.451 -30.618
3072.468 -31.753
3073.485 -30.396
3074.503 -27.953
3075.520 -28.417
3076.538 -29.515
3077.555 -30.532
3078.572 -34.199
3079.589 -34.526
3080.607 -36.904
3081.624 -40.459
3082.642 -38.887
3083.660 -46.014
3084.677 -55.389
3085.694 -61.035
3086.712 -66.233
3087.730 -76.053
3088.747 -78.976
3089.765 -86.350
3090.782 -80.521
3091.798 -90.514
3092.816 -101.149
3093.833 -94.140
3094.850 -91.543
3095.867 -99.532
3096.885 -106.302
3097.902 -95.011
3098.920 -84.216
3099.937 -80.124
3100.955 -87.639
3101.973 -95.735
3102.990 -106.257
3104.008 -115.315
3105.025 -115.381
3106.043 -108.514
3107.060 -115.609
3108.078 -119.853
3109.095 -115.309
3110.113 -109.019
3111.129 -105.279
3112.146 -109.799
3113.164 -100.932
3114.181 -91.088
3115.198 -78.593
3116.216 -64.795
3117.233 -58.110
3118.250 -56.529
3119.268 -55.818
3120.285 -65.110
3121.302 -75.268
3122.320 -85.913
3123.338 -96.425
3124.356 -106.117
3125.374 -113.452
3126.391 -118.499
3127.409 -119.921
3128.425 -114.583
3129.442 -104.584
3130.460 -102.991
3131.477 -106.252
3132.494 -104.823
3133.511 -101.227
3134.529 -97.385
3135.546 -95.560
3136.564 -93.817
3137.581 -92.002
3138.598 -89.969
3139.615 -87.267
3140.632 -86.306
3141.649 -85.276
3142.667 -89.206
3143.685 -86.460
3144.703 -93.509
3145.722 -89.625
3146.737 -84.259
3147.752 -82.285
3148.768 -80.649
3149.785 -72.604
3150.801 -77.805
3151.817 -83.312
3152.834 -73.277
3153.852 -60.621
3154.869 -47.736
3155.885 -34.733
3156.902 -22.714
3157.919 -9.714
3158.935 3.043
3159.952 13.226
3160.969 22.725
3161.986 29.027
3163.003 40.383
3164.020 51.509
3165.037 60.754
3166.055 66.901
3167.072 71.458
3168.089 67.512
3169.107 55.395
3170.124 43.570
3171.142 31.041
3172.159 18.748
3173.176 7.150
3174.193 -4.275
3175.210 -15.424
3176.228 -21.120
3177.245 -18.195
3178.263 -19.207
3179.280 -27.265
3180.298 -37.349
3181.315 -47.298
3182.332 -57.302
3183.350 -62.847
3184.367 -58.195
3185.385 -48.645
3186.402 -51.842
3187.420 -64.768
3188.436 -77.422
3189.454 -82.118
3190.471 -82.978
3191.489 -80.999
3192.505 -76.254
3193.523 -70.978
3194.541 -67.551
3195.558 -58.161
3196.575 -45.675
3197.592 -34.983
3198.610 -38.950
3199.627 -43.464
3200.645 -46.959
3201.662 -39.011
3202.680 -39.327
3203.697 -41.098
3204.714 -42.700
3205.732 -39.114
3206.750 -41.782
3207.767 -41.302
3208.783 -52.491
3209.801 -62.989
3210.818 -73.606
3211.835 -84.684
3212.853 -94.852
3213.871 -101.385
3214.888 -104.609
3215.906 -93.402
3216.923 -82.348
3217.940 -72.329
3218.958 -63.229
3219.975 -57.889
3220.992 -53.239
3222.010 -51.550
3223.027 -58.578
3224.045 -53.451
3225.063 -50.551
3226.080 -47.591
3227.097 -46.382
3228.114 -47.904
3229.132 -48.259
3230.150 -53.896
3231.167 -51.548
3232.184 -49.971
3233.201 -47.164
3234.219 -46.990
3235.236 -52.265
3236.253 -55.148
3237.270 -62.923
3238.287 -68.709
3239.305 -73.519
3240.322 -69.628
3241.340 -58.137
3242.357 -52.972
3243.375 -48.692
3244.392 -51.704
3245.410 -59.283
3246.427 -64.535
3247.445 -66.152
3248.462 -65.635
3249.480 -67.129
3250.497 -71.543
3251.514 -72.287
3252.532 -72.493
3253.550 -72.931
3254.567 -74.430
3255.584 -70.324
3256.602 -74.386
3257.619 -81.053
3258.637 -80.853
3259.654 -77.736
3260.672 -85.966
3261.689 -96.411
3262.706 -107.006
3263.724 -114.491
3264.741 -105.861
3265.759 -99.000
3266.776 -92.273
3267.793 -82.262
3268.811 -73.623
3269.829 -68.450
3270.846 -60.047
3271.863 -55.200
3272.881 -50.216
3273.898 -41.367
3274.916 -45.869
3275.934 -43.676
3276.951 -53.594
3277.968 -61.528
3278.986 -57.227
3280.003 -55.793
3281.020 -49.446
3282.038 -40.863
3283.055 -40.367
3284.072 -38.720
3285.089 -34.170
3286.106 -31.442
3287.123 -30.213
3288.141 -34.972
3289.158 -44.636
3290.176 -52.466
3291.193 -54.618
3292.211 -47.568
3293.228 -41.410
3294.245 -33.755
3295.263 -28.711
3296.280 -27.940
3297.297 -30.905
3298.314 -40.942
3299.332 -50.027
3300.349 -53.867
3301.367 -58.953
3302.384 -65.425
3303.401 -69.267
3304.419 -74.132
3305.436 -71.031
3306.454 -62.263
3307.471 -60.795
3308.488 -63.827
3309.503 -71.486
3310.520 -81.455
3311.538 -82.085
3312.556 -81.165
3313.573 -81.313
3314.590 -85.517
3315.607 -80.305
3316.624 -84.236
3317.642 -90.876
3318.659 -88.083
3319.677 -90.049
3320.695 -93.552
3321.713 -97.501
3322.730 -90.496
3323.746 -82.531
3324.761 -86.532
3325.778 -75.880
3326.794 -64.625
3327.811 -68.392
3328.828 -61.251
3329.844 -58.852
3330.862 -56.963
3331.879 -65.946
3332.896 -74.605
3333.913 -79.829
3334.930 -84.855
3335.947 -82.418
3336.964 -80.393
3337.981 -80.441
3338.998 -79.786
3340.015 -76.656
3341.033 -72.280
3342.050 -61.993
3343.067 -50.536
3344.084 -44.357
3345.101 -54.423
3346.118 -64.409
3347.135 -73.357
3348.152 -80.207
3349.169 -90.581
3350.186 -97.566
3351.203 -99.820
3352.220 -100.183
3353.238 -103.285
3354.255 -116.550
3355.272 -117.025
3356.289 -101.944
3357.307 -100.236
3358.324 -104.910
3359.341 -109.348
3360.358 -108.948
3361.375 -97.695
3362.393 -90.112
3363.410 -84.254
3364.427 -78.233
3365.445 -82.980
3366.463 -94.153
3367.480 -92.112
3368.497 -96.640
3369.514 -91.972
3370.531 -79.694
3371.548 -66.334
3372.566 -52.802
3373.584 -40.278
3374.601 -28.701
3375.618 -17.126
3376.636 -5.306
3377.653 5.555
3378.670 16.263
3379.687 32.265
3380.704 50.421
3381.722 61.963
3382.740 65.656
3383.757 56.151
3384.774 45.576
3385.792 46.307
3386.808 42.468
3387.825 46.349
3388.842 50.017
3389.860 45.129
3390.877 40.230
3391.894 47.129
3392.912 53.634
3393.929 54.058
3394.946 52.889
3395.963 40.635
3396.980 30.761
3397.998 34.934
3399.015 44.969
3400.033 55.531
3401.049 66.313
3402.067 76.218
3403.084 84.221
3404.102 94.784
3405.119 105.593
3406.136 116.542
3407.154 127.739
3408.171 133.401
3409.188 125.685
3410.205 124.142
3411.222 134.592
3412.240 138.177
3413.258 132.679
3414.275 133.506
3415.293 130.986
3416.311 120.706
3417.328 110.319
3418.346 101.992
3419.363 99.101
3420.381 103.152
3421.398 102.115
3422.414 95.096
3423.431 88.388
3424.448 86.901
3425.465 84.685
3426.482 80.646
3427.500 76.634
3428.517 80.869
3429.534 82.549
3430.551 81.770
3431.569 79.233
3432.587 72.808
3433.604 63.526
3434.621 53.235
3435.639 45.139
3436.656 35.910
3437.674 28.255
3438.691 21.075
3439.709 25.466
3440.726 36.260
3441.744 47.481
3442.761 57.798
3443.779 68.548
3444.796 80.549
3445.813 92.802
3446.830 105.024
3447.848 109.886
3448.866 114.598
3449.883 109.901
3450.900 104.634
3451.917 94.512
3452.934 88.695
3453.952 83.101
3454.970 78.860
3455.987 78.017
3457.005 80.504
3458.022 84.411
3459.039 95.059
3460.056 105.837
3461.073 111.633
3462.091 102.361
3463.108 92.905
3464.125 86.030
3465.143 87.845
3466.161 89.512
3467.178 86.708
3468.196 83.009
3469.213 78.727
3470.231 81.915
3471.248 92.646
3472.266 105.196
3473.283 120.164
3474.300 122.705
3475.314 115.376
3476.331 111.740
3477.349 108.093
3478.366 110.027
3479.383 116.145
3480.401 112.882
3481.418 102.587
3482.435 94.573
3483.452 89.164
3484.471 84.036
3485.488 78.897
3486.506 79.840
3487.524 83.636
3488.541 89.018
3489.558 91.539
3490.576 95.715
3491.593 100.370
3492.611 97.835
3493.629 100.891
3494.646 94.913
3495.663 93.221
3496.681 92.817
3497.699 83.991
3498.717 79.039
3499.734 79.027
3500.751 77.033
3501.767 74.752
3502.782 81.003
3503.798 84.896
3504.815 95.723
3505.832 106.131
3506.849 116.548
3507.865 125.334
3508.883 135.019
3509.900 125.870
3510.917 112.053
3511.934 98.744
3512.952 85.483
3513.969 73.134
3514.987 60.055
3516.004 48.256
3517.021 40.698
3518.038 47.014
3519.055 35.841
3520.072 23.990
3521.090 10.800
3522.107 -7.124
3523.124 -22.843
3524.141 -33.810
3525.158 -42.605
3526.175 -44.356
3527.193 -41.196
3528.210 -38.526
3529.227 -41.210
3530.244 -42.347
3531.261 -31.876
3532.279 -25.833
3533.296 -25.578
3534.313 -25.774
3535.330 -27.844
3536.347 -35.008
3537.364 -45.330
3538.382 -56.144
3539.400 -67.047
3540.417 -77.952
3541.434 -73.345
3542.452 -59.138
3543.470 -57.769
3544.488 -69.587
3545.506 -84.192
3546.522 -97.493
3547.540 -90.930
3548.558 -78.605
3549.574 -67.813
3550.592 -57.017
3551.609 -46.243
3552.626 -53.434
3553.643 -66.383
3554.661 -66.137
3555.678 -58.451
3556.696 -49.537
3557.714 -55.188
3558.731 -45.334
3559.748 -43.690
3560.766 -36.967
3561.783 -46.180
3562.800 -56.372
3563.818 -46.003
3564.835 -52.521
3565.853 -44.031
3566.870 -36.267
3567.888 -43.040
3568.905 -39.987
3569.921 -33.110
3570.939 -20.902
3571.956 -11.689
3572.973 -19.491
3573.990 -17.995
3575.008 -27.610
3576.026 -35.205
3577.043 -40.482
3578.060 -37.960
3579.077 -36.756
3580.094 -36.808
3581.112 -27.729
3582.128 -15.287
3583.146 -2.714
3584.163 1.698
3585.180 -3.711
3586.197 -3.183
3587.215 -8.533
3588.232 -6.331
3589.250 -4.004
3590.267 1.761
3591.285 11.808
3592.302 11.621
3593.319 -0.032
3594.337 -11.397
3595.354 -22.135
3596.371 -32.605
3597.389 -37.571
3598.406 -36.338
3599.424 -39.296
3600.441 -49.338
3601.458 -61.644
3602.476 -74.267
3603.493 -86.779
3604.510 -98.730
3605.527 -110.592
3606.545 -105.961
3607.562 -95.599
3608.579 -85.154
3609.596 -76.773
3610.614 -68.773
3611.631 -61.017
3612.649 -60.414
3613.666 -53.548
3614.684 -56.389
3615.701 -66.377
3616.719 -77.454
3617.736 -85.017
3618.754 -79.603
3619.770 -67.312
3620.787 -56.919
3621.805 -46.663
3622.822 -52.036
3623.836 -42.292
3624.854 -47.257
3625.871 -37.140
3626.889 -26.885
3627.906 -15.974
3628.923 -4.399
3629.941 1.023
3630.958 9.929
3631.976 4.180
3632.994 -6.554
3634.011 -17.107
3635.028 -27.295
3636.045 -36.570
3637.063 -42.519
3638.080 -45.181
3639.097 -34.793
3640.114 -30.301
3641.131 -36.372
3642.149 -36.467
3643.166 -40.967
3644.183 -48.775
3645.201 -54.744
3646.219 -58.004
3647.236 -68.874
3648.254 -75.501
3649.271 -79.320
3650.289 -80.870
3651.307 -75.729
3652.324 -72.779
3653.341 -75.218
3654.359 -81.113
3655.376 -81.926
3656.394 -78.137
3657.412 -73.251
3658.428 -64.374
3659.446 -64.805
3660.463 -72.331
3661.481 -67.904
3662.499 -66.373
3663.516 -58.228
3664.534 -45.050
3665.551 -34.955
3666.568 -26.157
3667.585 -30.787
3668.602 -25.708
3669.620 -32.870
3670.637 -45.903
3671.655 -58.879
3672.672 -59.743
3673.689 -50.645
3674.706 -40.177
3675.724 -32.641
3676.743 -22.276
3677.759 -11.487
3678.776 -3.560
3679.791 1.606
3680.807 6.657
3681.823 -0.725
3682.839 5.254
3683.856 11.255
3684.873 16.409
3685.890 8.792
3686.907 -0.033
3687.924 2.764
3688.942 -11.124
3689.959 -24.799
3690.976 -36.875
3691.994 -49.231
3693.011 -61.403
3694.028 -72.159
3695.045 -82.819
3696.063 -93.606
3697.080 -105.547
3698.097 -119.909
3699.114 -134.246
3700.131 -139.881
3701.150 -127.072
3702.167 -115.595
3703.184 -105.388
3704.201 -98.572
3705.218 -91.233
3706.235 -85.398
3707.252 -85.723
3708.269 -80.875
3709.286 -79.746
3710.303 -80.281
3711.320 -69.612
3712.338 -60.038
3713.355 -50.626
3714.372 -44.143
3715.389 -37.001
3716.407 -25.912
3717.424 -19.866
3718.441 -21.184
3719.459 -28.063
3720.476 -26.669
3721.493 -26.762
3722.511 -30.772
3723.529 -37.406
3724.547 -38.413
3725.564 -39.649
3726.581 -42.107
3727.599 -44.408
3728.616 -46.302
3729.633 -55.107
3730.651 -65.282
3731.668 -58.282
3732.685 -50.890
3733.702 -40.712
3734.719 -33.875
3735.736 -29.027
3736.753 -30.451
3737.771 -32.632
3738.788 -42.460
3739.806 -41.077
3740.823 -42.481
3741.841 -43.888
3742.859 -38.629
3743.876 -33.160
3744.894 -27.750
3745.911 -22.175
3746.929 -15.796
3747.946 -22.368
3748.963 -27.126
3749.980 -34.715
3750.998 -33.490
3752.015 -32.698
3753.032 -31.443
3754.049 -22.372
3755.067 -18.143
3756.084 -16.338
3757.102 -13.409
3758.119 -7.415
3759.136 -2.904
3760.153 -1.362
3761.171 -2.232
3762.189 -8.945
3763.206 -13.995
3764.224 -17.528
3765.241 -22.413
3766.259 -24.440
3767.276 -20.811
3768.293 -16.250
3769.311 -12.926
3770.328 -9.440
3771.345 -11.088
3772.361 -15.156
3773.379 -17.118
3774.396 -18.941
3775.413 -16.479
3776.431 -12.995
3777.448 -11.746
3778.466 -11.173
3779.483 -10.348
3780.500 -11.711
3781.518 -4.416
3782.536 -5.524
3783.553 -12.533
3784.571 -20.489
3785.589 -23.592
3786.605 -25.739
3787.623 -21.031
3788.640 -14.670
3789.658 -8.333
3790.676 -6.282
3791.693 -12.106
3792.711 -4.214
3793.729 -7.912
3794.747 -13.012
3795.764 -15.323
3796.781 -2.657
3797.799 7.781
3798.816 1.485
3799.834 -4.814
3800.851 -11.416
3801.868 -20.312
3802.885 -31.929
3803.902 -39.778
3804.920 -50.457
3805.937 -60.064
3806.954 -65.362
3807.972 -71.304
3808.989 -79.601
3810.006 -84.636
3811.024 -90.981
3812.041 -101.565
3813.059 -109.697
3814.076 -111.745
3815.093 -118.716
3816.111 -121.621
3817.128 -113.492
3818.146 -102.852
3819.163 -95.907
3820.180 -92.666
3821.197 -80.141
3822.215 -76.640
3823.232 -87.497
3824.249 -97.958
3825.266 -99.766
3826.283 -90.573
3827.301 -81.359
3828.318 -71.049
3829.336 -59.002
3830.353 -46.461
3831.371 -33.061
3832.388 -21.340
3833.406 -10.864
3834.422 -6.773
3835.440 -6.589
3836.457 0.699
3837.474 11.535
3838.491 17.987
3839.510 26.636
3840.526 37.148
3841.544 48.790
3842.561 59.660
3843.579 70.895
3844.596 64.449
3845.612 52.534
3846.630 58.452
3847.647 51.309
3848.664 39.802
3849.681 26.529
3850.699 23.350
3851.717 21.927
3852.735 15.854
3853.753 7.515
3854.770 -4.010
3855.785 -4.226
3856.801 -4.198
3857.817 -4.320
3858.834 -3.993
3859.850 -8.788
3860.867 -6.389
3861.884 -4.256
3862.901 -4.812
3863.919 -0.421
3864.936 11.883
3865.953 23.380
3866.970 31.449
3867.987 23.443
3869.004 26.914
3870.021 27.504
3871.039 19.294
3872.056 16.581
3873.073 18.233
3874.090 10.186
3875.107 1.160
3876.124 -10.166
3877.141 -18.791
3878.158 -21.585
3879.176 -27.468
3880.193 -38.482
3881.210 -48.932
3882.227 -59.158
3883.244 -62.332
3884.261 -61.682
3885.279 -68.993
3886.296 -74.245
3887.314 -77.199
3888.331 -74.430
3889.348 -77.106
3890.365 -80.095
3891.381 -77.763
3892.399 -76.647
3893.415 -72.113
3894.433 -76.318
3895.450 -89.027
3896.467 -92.754
3897.484 -91.298
3898.501 -84.450
3899.517 -79.366
3900.534 -81.205
3901.551 -86.442
3902.569 -87.636
3903.586 -79.598
3904.603 -68.931
3905.621 -75.457
3906.638 -87.311
3907.655 -88.571
3908.672 -85.135
3909.689 -84.250
3910.706 -75.172
3911.724 -64.886
3912.741 -61.502
3913.758 -69.403
3914.776 -79.821
3915.793 -82.912
3916.810 -85.599
3917.828 -88.129
3918.845 -91.264
3919.863 -81.266
3920.879 -87.918
3921.895 -93.021
3922.913 -81.193
3923.929 -74.844
3924.947 -69.136
3925.964 -71.539
3926.981 -83.153
3927.999 -93.856
3929.016 -104.752
3930.033 -116.313
3931.049 -130.167
3932.066 -143.238
3933.084 -152.253
3934.101 -152.589
3935.118 -142.483
3936.136 -139.296
3937.153 -149.473
3938.171 -157.160
3939.188 -165.119
3940.206 -174.023
3941.223 -177.622
3942.240 -177.673
3943.257 -187.459
3944.275 -196.312
3945.292 -205.380
3946.309 -214.234
3947.327 -217.805
3948.344 -216.880
3949.362 -219.828
3950.379 -225.893
3951.397 -226.583
3952.414 -221.220
3953.431 -214.129
3954.448 -208.258
3955.466 -199.129
3956.483 -187.628
3957.500 -177.003
3958.517 -166.351
3959.534 -156.002
3960.551 -144.829
3961.569 -133.454
3962.586 -130.963
3963.604 -126.224
3964.622 -114.157
3965.638 -101.219
3966.656 -88.607
3967.673 -76.328
3968.691 -63.908
3969.708 -51.467
3970.725 -38.783
3971.743 -27.533
3972.760 -36.338
3973.777 -46.927
3974.794 -38.426
3975.812 -37.106
3976.829 -45.725
3977.846 -54.389
3978.864 -64.401
3979.881 -59.291
3980.900 -54.283
3981.918 -48.744
3982.935 -47.611
3983.953 -45.211
3984.970 -32.939
3985.987 -24.529
3987.004 -35.650
3988.017 -46.422
3989.035 -56.873
3990.052 -67.266
3991.069 -76.969
3992.092 -79.348
3993.109 -68.968
3994.126 -65.840
3995.143 -79.150
3996.161 -90.858
3997.178 -94.926
3998.196 -90.306
3999.213 -83.407
4000.230 -74.727
4001.248 -74.188
4002.266 -81.038
4003.283 -87.451
4004.301 -93.710
4005.318 -95.631
4006.336 -96.885
4007.353 -92.986
4008.370 -81.664
4009.387 -74.157
4010.405 -72.137
4011.422 -71.728
4012.440 -72.450
4013.457 -80.417
4014.474 -91.585
4015.491 -98.362
4016.508 -103.556
4017.526 -108.735
4018.544 -117.416
4019.562 -128.708
4020.579 -137.757
4021.596 -147.892
4022.613 -158.875
4023.631 -163.133
4024.649 -161.384
4025.666 -158.913
4026.684 -155.507
4027.701 -154.053
4028.719 -146.669
4029.737 -138.235
4030.755 -136.457
4031.772 -145.967
4032.787 -151.111
4033.802 -160.307
4034.818 -169.711
4035.835 -176.550
4036.852 -183.016
4037.869 -188.570
4038.886 -179.514
4039.903 -165.241
4040.920 -151.245
4041.937 -139.105
4042.954 -127.218
4043.972 -137.773
4044.989 -146.493
4046.006 -154.943
4047.023 -161.299
4048.040 -168.689
4049.057 -174.441
4050.075 -165.459
4051.092 -162.790
4052.109 -164.013
4053.126 -172.656
4054.143 -174.866
4055.160 -175.660
4056.178 -171.684
4057.195 -165.597
4058.213 -154.467
4059.230 -142.236
4060.247 -135.743
4061.265 -140.999
4062.282 -141.486
4063.299 -132.251
4064.317 -125.463
4065.333 -115.772
4066.351 -103.983
4067.368 -92.941
4068.385 -82.168
4069.402 -71.273
4070.419 -60.211
4071.437 -55.371
4072.454 -50.300
4073.471 -46.269
4074.489 -44.845
4075.506 -39.436
4076.523 -35.497
4077.540 -31.034
4078.558 -31.569
4079.575 -34.778
4080.592 -27.565
4081.609 -17.362
4082.626 -17.842
4083.643 -21.605
4084.660 -20.552
4085.678 -18.623
4086.694 -8.798
4087.712 -6.820
4088.728 -3.596
4089.746 -5.744
4090.764 -4.229
4091.781 -2.349
4092.799 -12.137
4093.816 -22.043
4094.832 -14.485
4095.850 -18.226
4096.867 -21.757
4097.885 -10.781
4098.902 -0.017
4099.919 9.424
4100.937 9.221
4101.954 12.351
4102.971 7.509
4103.988 -2.421
4105.005 -9.079
4106.022 -15.770
4107.040 -20.443
4108.057 -16.048
4109.075 -9.305
4110.092 -13.368
4111.109 -12.499
4112.127 -3.641
4113.144 -2.627
4114.162 -2.799
4115.179 -4.586
4116.196 6.606
4117.214 8.898
4118.231 -2.901
4119.248 -14.762
4120.265 -25.586
4121.283 -34.795
4122.300 -44.385
4123.317 -51.001
4124.334 -55.624
4125.351 -55.501
4126.368 -49.973
4127.386 -53.073
4128.404 -56.251
4129.421 -54.144
4130.439 -47.514
4131.456 -38.536
4132.473 -41.670
4133.490 -51.716
4134.507 -61.964
4135.525 -57.121
4136.543 -48.912
4137.560 -39.749
4138.577 -40.902
4139.594 -48.898
4140.612 -57.769
4141.629 -70.663
4142.646 -80.737
4143.664 -89.692
4144.681 -89.636
4145.698 -88.150
4146.716 -94.391
4147.733 -101.626
4148.750 -110.849
4149.767 -120.993
4150.785 -131.865
4151.802 -144.050
4152.820 -156.237
4153.837 -146.228
4154.855 -142.690
4155.872 -152.414
4156.890 -139.699
4157.907 -126.902
4158.925 -115.137
4159.942 -110.253
4160.960 -98.618
4161.976 -89.516
4162.994 -93.898
4164.011 -90.376
4165.029 -79.702
4166.046 -68.464
4167.063 -61.337
4168.082 -66.511
4169.099 -62.944
4170.117 -64.991
4171.135 -69.646
4172.152 -80.431
4173.169 -92.570
4174.187 -105.754
4175.204 -119.166
4176.222 -129.150
4177.239 -133.723
4178.257 -131.313
4179.274 -120.015
4180.292 -108.919
4181.309 -97.711
4182.327 -94.425
4183.344 -90.795
4184.362 -81.144
4185.379 -74.723
4186.397 -72.024
4187.414 -67.943
4188.431 -62.013
4189.448 -61.802
4190.465 -59.697
4191.483 -55.068
4192.500 -56.081
4193.518 -60.008
4194.535 -56.531
4195.553 -44.610
4196.570 -33.115
4197.587 -39.516
4198.604 -50.687
4199.622 -52.348
4200.639 -57.973
4201.657 -55.315
4202.673 -58.360
4203.691 -62.617
4204.708 -60.542
4205.726 -53.991
4206.744 -47.331
4207.762 -47.764
4208.778 -49.697
4209.794 -38.605
4210.809 -27.156
4211.826 -16.048
4212.842 -26.210
4213.859 -28.970
4214.876 -33.401
4215.893 -36.483
4216.910 -39.672
4217.927 -44.424
4218.944 -48.957
4219.961 -50.126
4220.979 -40.075
4221.996 -30.079
4223.013 -19.565
4224.031 -13.828
4225.047 -21.668
4226.065 -17.914
4227.082 -15.787
4228.099 -19.529
4229.116 -26.193
4230.133 -31.704
4231.151 -32.853
4232.167 -29.529
4233.185 -23.713
4234.202 -21.372
4235.219 -23.134
4236.236 -12.307
4237.253 -9.507
4238.270 -18.478
4239.287 -27.926
4240.304 -35.421
4241.321 -43.585
4242.338 -49.375
4243.355 -56.821
4244.372 -67.122
4245.390 -74.158
4246.407 -78.744
4247.424 -78.571
4248.441 -74.074
4249.458 -71.133
4250.475 -72.146
4251.493 -65.971
4252.511 -55.387
4253.529 -51.568
4254.546 -55.254
4255.563 -60.978
4256.581 -67.690
4257.598 -70.758
4258.615 -67.615
4259.633 -62.986
4260.650 -61.351
4261.668 -57.480
4262.685 -64.238
4263.702 -66.336
4264.719 -67.870
4265.737 -77.365
4266.754 -84.598
4267.772 -87.209
4268.789 -78.949
4269.807 -70.218
4270.824 -66.345
4271.842 -70.512
4272.858 -74.162
4273.876 -71.367
4274.893 -75.192
4275.910 -70.740
4276.927 -72.214
4277.944 -72.837
4278.961 -68.072
4279.979 -67.545
4280.996 -66.178
4282.013 -61.247
4283.030 -55.385
4284.047 -44.804
4285.065 -39.377
4286.082 -43.817
4287.100 -36.403
4288.117 -42.760
4289.134 -46.176
4290.152 -51.030
4291.169 -55.672
4292.186 -60.854
4293.203 -61.902
4294.221 -56.641
4295.239 -52.949
4296.256 -52.696
4297.273 -63.657
4298.290 -67.974
4299.308 -68.980
4300.324 -74.134
4301.341 -78.834
4302.355 -85.351
4303.372 -94.202
4304.389 -104.556
4305.407 -116.997
4306.424 -122.350
4307.442 -122.883
4308.459 -116.464
4309.476 -111.309
4310.494 -114.409
4311.512 -115.565
4312.529 -115.184
4313.546 -110.264
4314.564 -108.969
4315.581 -99.495
4316.599 -86.649
4317.616 -82.645
4318.633 -83.743
4319.650 -90.303
4320.667 -97.495
4321.684 -93.974
4322.702 -99.951
4323.719 -107.222
4324.737 -107.426
4325.754 -101.146
4326.771 -94.577
4327.788 -84.767
4328.806 -78.110
4329.823 -71.595
4330.841 -65.187
4331.858 -67.562
4332.876 -77.645
4333.893 -80.461
4334.911 -80.506
4335.929 -81.074
4336.946 -88.659
4337.965 -95.102
4338.982 -94.055
4339.999 -95.446
4341.017 -88.870
4342.034 -84.174
4343.051 -83.787
4344.068 -76.506
4345.086 -67.881
4346.103 -54.915
4347.121 -45.366
4348.138 -41.144
4349.156 -36.079
4350.173 -36.884
4351.191 -26.357
4352.208 -23.865
4353.225 -29.994
4354.242 -28.744
4355.259 -28.325
4356.276 -32.521
4357.294 -41.437
4358.311 -47.474
4359.329 -51.780
4360.347 -55.912
4361.364 -59.368
4362.381 -62.884
4363.398 -65.616
4364.415 -67.897
4365.432 -68.574
4366.450 -68.516
4367.467 -69.190
4368.484 -61.263
4369.502 -61.055
4370.519 -58.252
4371.537 -51.974
4372.555 -55.712
4373.572 -63.224
4374.590 -71.844
4375.607 -73.059
4376.625 -72.315
4377.642 -78.291
4378.660 -77.938
4379.677 -75.953
4380.695 -74.850
4381.712 -73.992
4382.729 -78.311
4383.746 -88.271
4384.763 -98.657
4385.781 -99.914
4386.799 -94.930
4387.816 -93.404
4388.832 -91.837
4389.847 -91.404
4390.862 -84.277
4391.878 -77.821
4392.895 -84.538
4393.911 -89.211
4394.928 -95.224
4395.944 -100.893
4396.961 -102.849
4397.979 -104.684
4398.996 -104.021
4400.013 -102.342
4401.031 -96.199
4402.048 -91.555
4403.065 -92.734
4404.083 -94.498
4405.101 -97.037
4406.118 -100.751
4407.135 -102.603
4408.152 -100.621
4409.170 -93.228
4410.187 -93.064
4411.204 -93.807
4412.221 -89.426
4413.238 -88.030
4414.255 -90.926
4415.273 -95.179
4416.290 -99.075
4417.307 -100.178
4418.324 -101.097
4419.342 -96.149
4420.359 -91.445
4421.376 -96.460
4422.392 -105.489
4423.410 -115.407
4424.427 -115.820
4425.445 -105.981
4426.462 -109.214
4427.479 -121.887
4428.497 -118.855
4429.514 -112.247
4430.532 -117.809
4431.549 -127.552
4432.566 -132.893
4433.583 -129.497
4434.601 -126.292
4435.619 -120.163
4436.636 -112.881
4437.653 -109.527
4438.670 -103.794
4439.688 -96.686
4440.705 -89.545
4441.723 -85.528
4442.740 -90.934
4443.757 -101.337
4444.774 -105.548
4445.792 -105.782
4446.809 -105.757
4447.827 -104.218
4448.844 -95.607
4449.862 -87.683
4450.879 -98.975
4451.897 -108.566
4452.914 -100.705
4453.931 -112.986
4454.949 -125.180
4455.966 -135.212
4456.984 -130.573
4458.001 -123.403
4459.019 -117.422
4460.036 -115.829
4461.054 -112.248
4462.071 -107.805
4463.089 -115.554
4464.106 -111.218
4465.123 -106.133
4466.141 -103.551
4467.159 -109.580
4468.176 -109.653
4469.193 -99.254
4470.211 -91.819
4471.228 -89.074
4472.245 -88.135
4473.263 -89.993
4474.280 -91.978
4475.297 -93.215
4476.314 -97.518
4477.332 -101.604
4478.349 -101.674
4479.366 -100.310
4480.383 -93.025
4481.401 -82.621
4482.418 -72.294
4483.434 -62.173
4484.452 -62.595
4485.469 -69.543
4486.487 -76.830
4487.504 -77.306
4488.521 -72.950
4489.539 -68.875
4490.556 -63.748
4491.574 -58.444
4492.591 -59.511
4493.609 -63.229
4494.627 -72.302
4495.644 -75.673
4496.661 -77.854
4497.679 -88.936
4498.696 -89.509
4499.714 -87.297
4500.733 -76.239
4501.750 -68.880
4502.768 -60.178
4503.785 -63.925
4504.803 -68.208
4505.820 -78.735
4506.837 -71.327
4507.854 -64.357
4508.871 -69.448
4509.888 -72.138
4510.906 -68.882
4511.923 -66.317
4512.941 -66.422
4513.958 -57.887
4514.976 -56.753
4515.993 -43.503
4517.011 -30.835
4518.028 -18.382
4519.045 -11.754
4520.063 -21.195
4521.080 -25.869
4522.098 -32.201
4523.115 -42.772
4524.132 -46.633
4525.150 -36.457
4526.167 -25.490
4527.184 -14.746
4528.201 -12.293
4529.219 -24.401
4530.237 -37.849
4531.254 -52.603
4532.272 -67.411
4533.289 -80.365
4534.303 -82.283
4535.320 -78.435
4536.337 -75.504
4537.355 -73.275
4538.372 -79.795
4539.389 -85.868
4540.406 -87.795
4541.423 -86.343
4542.440 -81.704
4543.458 -84.861
4544.475 -89.317
4545.492 -87.737
4546.509 -84.324
4547.526 -85.920
4548.544 -88.606
4549.560 -90.918
4550.574 -93.140
4551.592 -89.257
4552.610 -90.756
4553.627 -95.577
4554.645 -104.448
4555.663 -103.746
4556.681 -100.621
4557.698 -106.121
4558.715 -107.108
4559.733 -107.195
4560.751 -107.416
4561.768 -109.926
4562.786 -108.765
4563.803 -107.738
4564.820 -106.896
4565.838 -97.257
4566.854 -105.168
4567.870 -94.973
4568.885 -85.512
4569.901 -89.323
4570.918 -92.477
4571.935 -90.157
4572.951 -87.065
4573.968 -84.284
4574.984 -81.964
4576.001 -76.658
4577.018 -73.263
4578.035 -76.731
4579.052 -73.483
4580.069 -66.042
4581.086 -68.556
4582.103 -77.045
4583.120 -81.823
4584.137 -82.262
4585.154 -86.582
4586.171 -84.340
4587.188 -85.388
4588.206 -86.705
4589.222 -85.606
4590.240 -78.387
4591.257 -76.040
4592.274 -81.962
4593.291 -80.510
4594.308 -78.124
4595.325 -77.813
4596.343 -79.481
4597.360 -84.893
4598.377 -88.331
4599.395 -92.679
4600.412 -92.166
4601.429 -93.369
4602.446 -92.203
4603.464 -87.999
4604.481 -95.248
4605.498 -107.919
4606.515 -116.135
4607.533 -122.496
4608.550 -132.349
4609.567 -130.957
4610.584 -121.614
4611.603 -111.033
4612.620 -106.665
4613.637 -102.487
4614.654 -99.955
4615.671 -97.417
4616.688 -94.088
4617.705 -91.679
4618.723 -89.620
4619.740 -80.135
4620.757 -69.330
4621.775 -58.510
4622.792 -67.958
4623.810 -57.349
4624.827 -51.301
4625.844 -45.520
4626.862 -51.184
4627.879 -43.725
4628.896 -46.337
4629.913 -56.592
4630.930 -65.675
4631.947 -66.655
4632.964 -77.108
4633.981 -84.992
4634.999 -77.150
4636.015 -68.481
4637.033 -68.916
4638.050 -70.693
4639.069 -78.001
4640.086 -88.466
4641.104 -91.850
4642.121 -78.897
4643.139 -68.137
4644.156 -59.069
4645.173 -51.964
4646.191 -44.129
4647.209 -34.252
4648.226 -21.779
4649.243 -9.001
4650.261 4.161
4651.278 16.866
4652.295 29.192
4653.312 41.607
4654.330 46.026
4655.347 50.016
4656.364 55.328
4657.382 56.181
4658.399 50.084
4659.416 38.988
4660.433 28.271
4661.450 17.256
4662.467 5.791
4663.484 -5.449
4664.502 -10.777
4665.519 -12.806
4666.537 -21.027
4667.554 -25.308
4668.572 -33.805
4669.590 -44.615
4670.608 -55.463
4671.625 -66.091
4672.643 -76.430
4673.659 -81.407
4674.677 -85.096
4675.694 -76.668
4676.711 -66.185
4677.729 -75.535
4678.745 -86.425
4679.763 -97.483
4680.780 -85.255
4681.797 -71.859
4682.814 -60.255
4683.831 -51.347
4684.848 -42.278
4685.866 -31.683
4686.882 -26.133
4687.899 -20.141
4688.917 -11.108
4689.935 -10.866
4690.953 -11.387
4691.970 -15.328
4692.987 -7.244
4694.004 -9.591
4695.022 -13.670
4696.039 -24.237
4697.056 -33.464
4698.074 -43.250
4699.092 -54.191
4700.109 -63.735
4701.127 -71.355
4702.143 -77.317
4703.161 -77.959
4704.178 -84.207
4705.195 -87.459
4706.213 -90.156
4707.230 -93.738
4708.247 -88.739
4709.264 -83.866
4710.282 -81.708
4711.299 -86.328
4712.317 -88.929
4713.334 -84.990
4714.351 -79.948
4715.368 -80.558
4716.386 -85.318
4717.403 -90.725
4718.420 -97.430
4719.437 -100.366
4720.453 -97.168
4721.470 -97.295
4722.488 -91.265
4723.505 -83.840
4724.523 -77.563
4725.540 -68.056
4726.557 -63.904
4727.574 -64.568
4728.592 -66.361
4729.609 -71.499
4730.627 -70.824
4731.644 -68.715
4732.661 -71.340
4733.679 -75.287
4734.696 -77.236
4735.714 -74.105
4736.731 -70.110
4737.749 -73.844
4738.766 -75.727
4739.784 -77.523
4740.802 -84.601
4741.819 -72.404
4742.837 -77.433
4743.855 -82.613
4744.872 -91.648
4745.888 -90.767
4746.903 -87.555
4747.919 -83.960
4748.936 -75.191
4749.952 -79.343
4750.969 -80.835
4751.987 -69.042
4753.004 -57.130
4754.021 -49.619
4755.038 -62.780
4756.055 -76.252
4757.073 -91.248
4758.090 -105.555
4759.107 -117.244
4760.124 -122.835
4761.141 -116.900
4762.159 -115.412
4763.176 -111.750
4764.193 -110.662
4765.210 -109.871
4766.227 -101.324
4767.245 -88.570
4768.262 -73.951
4769.279 -59.272
4770.296 -56.654
4771.314 -65.055
4772.331 -72.914
4773.348 -74.329
4774.365 -73.830
4775.382 -79.064
4776.399 -74.231
4777.416 -61.326
4778.433 -47.565
4779.451 -46.502
4780.468 -40.053
4781.486 -26.486
4782.503 -29.890
4783.521 -42.279
4784.538 -53.458
4785.556 -46.693
4786.574 -34.087
4787.592 -25.728
4788.609 -16.269
4789.626 -22.679
4790.643 -33.202
4791.660 -42.679
4792.678 -53.189
4793.695 -45.062
4794.712 -48.655
4795.730 -43.589
4796.748 -37.252
4797.765 -33.712
4798.782 -33.268
4799.799 -43.530
4800.817 -52.664
4801.835 -61.547
4802.852 -62.617
4803.870 -53.408
4804.887 -57.073
4805.905 -60.544
4806.921 -63.855
4807.939 -65.462
4808.955 -53.063
4809.973 -49.588
4810.989 -41.921
4812.007 -48.360
4813.024 -48.779
4814.042 -51.353
4815.058 -58.412
4816.076 -53.875
4817.093 -49.479
4818.111 -36.699
4819.128 -28.483
4820.146 -25.903
4821.163 -15.248
4822.181 -6.256
4823.198 -0.827
4824.216 -1.521
4825.233 -5.786
4826.250 -8.263
4827.267 -14.830
4828.285 -16.292
4829.302 -20.446
4830.319 -23.857
4831.336 -18.022
4832.353 -7.167
4833.371 -9.696
4834.388 -22.478
4835.405 -22.382
4836.423 -13.443
4837.440 -16.284
4838.457 -17.898
4839.475 -20.382
4840.492 -22.078
4841.510 -21.843
4842.527 -24.962
4843.545 -26.005
4844.562 -26.008
4845.580 -20.799
4846.597 -21.892
4847.613 -18.422
4848.628 -18.147
4849.645 -18.210
4850.662 -17.688
4851.679 -24.391
4852.696 -24.566
4853.713 -15.017
4854.731 -17.660
4855.748 -17.045
4856.766 -16.085
4857.782 -23.455
4858.800 -34.377
4859.817 -45.666
4860.835 -44.311
4861.852 -43.312
4862.869 -54.586
4863.887 -65.124
4864.905 -67.242
4865.922 -60.170
4866.940 -54.936
4867.958 -61.213
4868.975 -52.229
4869.992 -50.904
4871.010 -50.316
4872.031 -53.447
4873.048 -54.922
4874.066 -51.249
4875.083 -50.416
4876.101 -50.169
4877.118 -59.136
4878.135 -64.235
4879.153 -63.495
4880.171 -63.544
4881.188 -56.333
4882.206 -55.224
4883.223 -52.387
4884.240 -49.103
4885.257 -48.252
4886.275 -46.275
4887.292 -49.603
4888.310 -53.685
4889.327 -57.336
4890.343 -67.425
4891.361 -74.118
4892.377 -75.949
4893.396 -69.714
4894.413 -69.419
4895.430 -71.831
4896.447 -71.092
4897.464 -77.899
4898.482 -86.700
4899.499 -94.568
4900.517 -98.540
4901.534 -103.043
4902.551 -108.567
4903.569 -99.381
4904.586 -94.745
4905.604 -86.232
4906.621 -75.590
4907.638 -72.292
4908.655 -74.277
4909.673 -83.510
4910.690 -74.799
4911.707 -63.423
4912.724 -60.883
4913.742 -56.479
4914.760 -66.565
4915.777 -72.453
4916.794 -77.749
4917.811 -76.903
4918.828 -66.028
4919.846 -55.053
4920.864 -48.294
4921.882 -47.450
4922.898 -38.078
4923.913 -29.709
4924.928 -28.340
4925.944 -30.430
4926.961 -36.725
4927.977 -40.823
4928.994 -50.475
4930.011 -63.471
4931.028 -72.668
4932.046 -67.368
4933.063 -64.720
4934.080 -60.970
4935.097 -56.445
4936.115 -61.357
4937.132 -71.085
4938.150 -76.394
4939.167 -72.571
4940.184 -65.450
4941.201 -52.781
4942.218 -42.305
4943.235 -33.268
4944.252 -22.108
4945.270 -11.339
4946.287 -0.469
4947.303 3.254
4948.321 -1.363
4949.338 -6.846
4950.355 -3.556
4951.372 8.425
4952.389 19.872
4953.407 18.159
4954.423 7.142
4955.441 -7.082
4956.458 -20.561
4957.475 -32.539
4958.492 -28.571
4959.510 -16.123
4960.527 -20.242
4961.544 -31.594
4962.560 -40.561
4963.578 -48.729
4964.595 -47.502
4965.612 -37.929
4966.629 -27.040
4967.647 -33.091
4968.664 -42.507
4969.682 -51.229
4970.699 -57.701
4971.716 -64.027
4972.734 -72.332
4973.752 -82.686
4974.769 -79.241
4975.787 -69.184
4976.804 -59.057
4977.821 -59.337
4978.839 -59.264
4979.856 -50.692
4980.873 -57.128
4981.890 -63.869
4982.907 -73.396
4983.924 -75.167
4984.942 -68.370
4985.959 -57.518
4986.977 -47.451
4987.994 -40.150
4989.011 -33.396
4990.029 -41.267
4991.046 -44.972
4992.064 -36.641
4993.081 -36.526
4994.098 -43.392
4995.116 -54.863
4996.132 -66.171
4997.150 -74.391
4998.167 -72.940
4999.185 -64.472
5000.202 -55.611
5001.219 -48.988
5002.236 -43.582
5003.254 -40.471
5004.271 -37.107
5005.289 -32.732
5006.306 -28.371
5007.323 -31.461
5008.340 -31.612
5009.357 -21.782
5010.374 -16.218
5011.391 -14.589
5012.409 -22.210
5013.426 -29.961
5014.444 -33.371
5015.461 -36.942
5016.478 -41.627
5017.495 -39.747
5018.513 -39.163
5019.529 -34.660
5020.547 -27.490
5021.564 -33.044
5022.582 -43.461
5023.599 -44.089
5024.616 -52.291
5025.634 -62.378
5026.651 -72.820
5027.668 -72.942
5028.685 -76.871
5029.703 -82.123
5030.720 -70.475
5031.738 -56.435
5032.755 -46.079
5033.772 -43.712
5034.790 -38.597
5035.807 -33.327
5036.825 -20.536
5037.842 -29.869
5038.859 -34.427
5039.877 -38.725
5040.893 -38.800
5041.911 -44.078
5042.928 -43.967
5043.946 -43.797
5044.963 -42.119
5045.981 -31.180
5046.998 -22.875
5048.016 -25.684
5049.033 -30.416
5050.050 -42.252
5051.068 -53.978
5052.086 -64.352
5053.104 -73.090
5054.121 -78.535
5055.139 -70.991
5056.156 -66.277
5057.173 -67.342
5058.191 -66.592
5059.209 -60.360
5060.227 -54.473
5061.244 -54.689
5062.261 -55.550
5063.279 -54.517
5064.296 -52.086
5065.314 -51.126
5066.331 -51.189
5067.349 -53.363
5068.366 -57.871
5069.384 -59.488
5070.401 -57.762
5071.417 -56.105
5072.435 -58.607
5073.451 -62.819
5074.469 -58.419
5075.487 -58.798
5076.504 -64.145
5077.522 -71.939
5078.540 -79.892
5079.557 -77.511
5080.574 -70.819
5081.591 -72.655
5082.608 -77.952
5083.625 -73.761
5084.642 -69.731
5085.660 -65.774
5086.677 -61.452
5087.695 -63.345
5088.712 -66.205
5089.730 -71.809
5090.747 -77.417
5091.764 -82.850
5092.782 -84.518
5093.799 -80.154
5094.816 -81.696
5095.833 -83.245
5096.851 -83.802
5097.869 -85.112
5098.886 -78.105
5099.904 -77.002
5100.920 -75.736
5101.935 -73.844
5102.951 -77.731
5103.967 -80.998
5104.983 -88.327
5106.000 -82.046
5107.016 -91.951
5108.033 -97.390
5109.049 -89.941
5110.067 -92.697
5111.083 -88.304
5112.100 -86.786
5113.117 -87.626
5114.134 -77.370
5115.152 -73.657
5116.169 -79.159
5117.186 -82.646
5118.203 -85.479
5119.220 -76.212
5120.237 -74.720
5121.255 -84.008
5122.272 -87.792
5123.290 -84.610
5124.307 -85.629
5125.325 -87.348
5126.342 -85.716
5127.359 -81.024
5128.377 -80.715
5129.394 -85.714
5130.411 -89.949
5131.428 -92.992
5132.446 -87.647
5133.463 -84.876
5134.480 -88.126
5135.498 -91.654
5136.515 -92.455
5137.533 -87.895
5138.550 -88.930
5139.567 -90.462
5140.585 -90.392
5141.602 -94.314
5142.620 -98.706
5143.637 -102.279
5144.654 -99.602
5145.670 -95.624
5146.685 -86.889
5147.702 -88.908
5148.720 -89.591
5149.737 -94.771
5150.755 -99.754
5151.772 -104.761
5152.789 -106.394
5153.806 -107.906
5154.824 -112.546
5155.841 -117.027
5156.858 -121.159
5157.875 -119.214
5158.893 -108.903
5159.910 -100.136
5160.927 -91.681
5161.944 -84.819
5162.961 -84.090
5163.978 -80.408
5164.995 -77.450
5166.013 -77.565
5167.030 -73.832
5168.048 -76.248
5169.065 -80.623
5170.082 -87.649
5171.100 -85.373
5172.117 -83.996
5173.135 -83.513
5174.151 -82.582
5175.168 -85.297
5176.186 -79.574
5177.203 -75.541
5178.220 -72.852
5179.238 -68.543
5180.255 -65.776
5181.272 -69.114
5182.290 -77.228
5183.307 -79.767
5184.325 -79.246
5185.342 -84.119
5186.360 -88.673
5187.377 -90.750
5188.395 -90.267
5189.411 -87.656
5190.429 -87.114
5191.446 -85.940
5192.463 -83.727
5193.480 -85.654
5194.498 -90.612
5195.515 -82.671
5196.532 -68.961
5197.549 -57.722
5198.567 -63.158
5199.584 -73.917
5200.600 -84.145
5201.618 -90.789
5202.635 -85.057
5203.653 -76.655
5204.670 -73.225
5205.687 -66.327
5206.705 -58.938
5207.722 -53.671
5208.740 -43.969
5209.757 -38.526
5210.774 -33.745
5211.792 -30.198
5212.809 -33.049
5213.826 -39.122
5214.843 -43.088
5215.861 -39.294
5216.878 -43.253
5217.895 -46.257
5218.912 -37.421
5219.929 -40.819
5220.946 -43.114
5221.964 -37.423
5222.982 -24.805
5223.999 -15.034
5225.016 -19.706
5226.033 -26.788
5227.051 -25.287
5228.068 -33.860
5229.086 -37.572
5230.103 -40.737
5231.121 -41.928
5232.139 -45.975
5233.156 -53.631
5234.174 -58.777
5235.192 -61.760
5236.209 -51.647
5237.226 -49.245
5238.244 -61.287
5239.261 -69.554
5240.279 -67.709
5241.296 -60.140
5242.314 -52.637
5243.331 -45.831
5244.349 -36.918
5245.366 -25.356
5246.384 -13.636
5247.401 -11.344
5248.418 -15.891
5249.436 -21.273
5250.453 -22.997
5251.470 -22.365
5252.487 -15.293
5253.505 -4.877
5254.522 -9.566
5255.540 -20.604
5256.557 -33.211
5257.574 -36.859
5258.592 -37.552
5259.608 -45.886
5260.626 -47.469
5261.644 -55.515
5262.662 -54.700
5263.679 -51.426
5264.696 -50.639
5265.714 -47.782
5266.732 -43.565
5267.749 -39.546
5268.767 -29.146
5269.784 -31.901
5270.801 -31.220
5271.819 -30.209
5272.837 -32.205
5273.854 -34.464
5274.872 -42.243
5275.890 -55.612
5276.908 -67.225
5277.925 -57.621
5278.941 -54.299
5279.956 -51.931
5280.972 -57.958
5281.988 -62.360
5283.004 -58.677
5284.021 -65.269
5285.038 -73.673
5286.055 -77.684
5287.072 -87.704
5288.088 -94.165
5289.105 -90.090
5290.122 -90.008
5291.139 -100.086
5292.157 -109.468
5293.174 -117.422
5294.192 -124.622
5295.209 -123.673
5296.226 -112.341
5297.243 -100.978
5298.260 -92.633
5299.278 -86.062
5300.295 -76.023
5301.312 -66.468
5302.329 -58.609
5303.346 -51.851
5304.364 -46.050
5305.381 -39.379
5306.398 -36.174
5307.415 -36.182
5308.432 -28.369
5309.449 -21.853
5310.466 -19.557
5311.483 -11.934
5312.501 -6.686
5313.518 -4.018
5314.535 -4.716
5315.552 -4.840
5316.569 -12.843
5317.587 -23.037
5318.605 -33.375
5319.622 -43.948
5320.640 -54.718
5321.657 -65.714
5322.674 -71.509
5323.692 -76.300
5324.709 -74.922
5325.726 -72.723
5326.744 -62.576
5327.761 -52.129
5328.778 -41.664
5329.795 -31.212
5330.813 -18.745
5331.830 -8.596
5332.847 0.983
5333.865 -8.931
5334.882 -2.211
5335.900 -13.210
5336.917 -22.508
5337.933 -14.820
5338.950 -27.371
5339.968 -37.312
5340.985 -39.204
5342.002 -40.148
5343.020 -35.186
5344.037 -26.458
5345.054 -21.426
5346.072 -17.476
5347.089 -20.060
5348.106 -30.337
5349.123 -39.593
5350.140 -44.094
5351.158 -42.713
5352.175 -41.413
5353.192 -36.600
5354.209 -31.068
5355.227 -34.421
5356.244 -38.573
5357.262 -43.092
5358.279 -49.480
5359.297 -50.456
5360.313 -44.715
5361.327 -42.157
5362.344 -37.552
5363.362 -29.129
5364.379 -20.437
5365.397 -18.343
5366.414 -20.906
5367.431 -28.079
5368.449 -34.281
5369.467 -29.499
5370.485 -18.958
5371.501 -8.306
5372.519 2.396
5373.536 13.160
5374.553 7.558
5375.570 0.610
5376.587 -6.511
5377.605 -14.063
5378.622 -9.598
5379.639 -16.156
5380.657 -27.311
5381.674 -38.708
5382.691 -49.058
5383.708 -41.322
5384.726 -31.147
5385.744 -37.961
5386.761 -40.150
5387.778 -44.368
5388.796 -44.864
5389.814 -55.004
5390.831 -64.967
5391.849 -70.914
5392.867 -74.039
5393.883 -76.776
5394.901 -82.477
5395.918 -87.530
5396.936 -87.409
5397.954 -82.305
5398.971 -81.971
5399.988 -76.053
5401.005 -81.009
5402.023 -85.503
5403.040 -87.021
5404.057 -83.511
5405.076 -80.351
5406.093 -74.719
5407.110 -71.118
5408.127 -67.694
5409.145 -67.422
5410.162 -64.432
5411.179 -60.327
5412.196 -62.981
5413.214 -60.862
5414.231 -56.056
5415.248 -53.682
5416.266 -45.049
5417.284 -38.462
5418.301 -34.116
5419.318 -32.535
5420.336 -33.777
5421.353 -33.470
5422.371 -36.273
5423.389 -38.682
5424.406 -41.540
5425.423 -46.970
5426.441 -46.030
5427.458 -42.331
5428.476 -41.767
5429.493 -41.199
5430.511 -39.899
5431.528 -43.906
5432.545 -48.142
5433.562 -51.961
5434.579 -59.550
5435.597 -68.827
5436.614 -73.131
5437.632 -68.136
5438.649 -60.241
5439.666 -66.565
5440.684 -66.833
5441.701 -74.906
5442.719 -78.299
5443.736 -80.822
5444.753 -74.817
5445.770 -68.817
5446.788 -76.067
5447.806 -70.723
5448.823 -65.195
5449.840 -60.007
5450.857 -70.562
5451.875 -79.792
5452.891 -72.434
5453.910 -66.226
5454.928 -66.517
5455.945 -67.692
5456.961 -76.100
5457.976 -82.017
5458.992 -75.369
5460.009 -70.095
5461.025 -66.241
5462.042 -66.866
5463.059 -68.206
5464.076 -72.540
5465.093 -76.074
5466.110 -72.169
5467.127 -71.014
5468.144 -73.464
5469.162 -72.421
5470.179 -72.158
5471.196 -67.859
5472.213 -63.478
5473.230 -59.607
5474.247 -61.681
5475.264 -60.842
5476.280 -50.741
5477.294 -53.577
5478.311 -64.625
5479.328 -64.683
5480.345 -53.896
5481.363 -43.164
5482.380 -43.374
5483.398 -52.949
5484.414 -62.133
5485.432 -63.064
5486.449 -58.068
5487.467 -62.059
5488.484 -65.283
5489.501 -69.976
5490.519 -74.105
5491.536 -81.760
5492.554 -91.227
5493.572 -90.303
5494.589 -96.244
5495.607 -96.628
5496.624 -95.617
5497.641 -103.693
5498.659 -113.718
5499.676 -111.740
5500.694 -101.616
5501.711 -100.184
5502.728 -100.060
5503.745 -90.920
5504.762 -82.286
5505.780 -77.983
5506.797 -74.100
5507.814 -84.125
5508.831 -77.279
5509.848 -76.924
5510.865 -70.437
5511.882 -64.914
5512.899 -69.549
5513.916 -69.464
5514.934 -74.270
5515.951 -75.607
5516.968 -77.366
5517.985 -79.430
5519.003 -70.503
5520.020 -66.846
5521.037 -76.325
5522.055 -76.232
5523.072 -73.615
5524.089 -62.164
5525.107 -50.866
5526.125 -38.573
5527.142 -26.700
5528.159 -15.414
5529.176 -4.230
5530.193 6.661
5531.210 18.236
5532.227 29.601
5533.245 40.596
5534.262 41.052
5535.279 29.277
5536.296 18.885
5537.313 7.226
5538.330 -4.367
5539.348 -14.850
5540.365 -24.336
5541.383 -33.206
5542.400 -44.062
5543.417 -49.541
5544.434 -54.263
5545.452 -53.993
5546.469 -55.948
5547.486 -56.854
5548.504 -61.765
5549.522 -69.824
5550.539 -73.587
5551.556 -79.578
5552.574 -79.405
5553.592 -76.326
5554.610 -75.785
5555.627 -76.248
5556.645 -76.409
5557.662 -78.006
5558.680 -69.771
5559.697 -77.146
5560.715 -84.526
5561.732 -91.351
5562.749 -82.329
5563.767 -73.039
5564.785 -60.606
5565.802 -71.161
5566.819 -81.974
5567.836 -70.437
5568.854 -74.359
5569.871 -78.428
5570.888 -87.325
5571.906 -79.035
5572.923 -74.196
5573.940 -77.412
5574.958 -82.473
5575.975 -87.053
5576.993 -88.686
5578.011 -88.133
5579.028 -86.200
5580.045 -85.927
5581.062 -80.472
5582.079 -90.644
5583.096 -101.521
5584.114 -111.360
5585.131 -110.673
5586.148 -104.454
5587.166 -106.651
5588.183 -104.970
5589.200 -97.702
5590.217 -92.133
5591.235 -81.450
5592.252 -74.974
5593.269 -72.440
5594.287 -74.259
5595.304 -84.944
5596.323 -95.787
5597.340 -93.978
5598.357 -80.563
5599.375 -76.576
5600.392 -79.057
5601.410 -81.182
5602.427 -79.265
5603.445 -73.010
5604.461 -74.697
5605.479 -72.310
5606.496 -65.549
5607.513 -67.151
5608.530 -65.292
5609.548 -65.527
5610.565 -67.956
5611.583 -62.409
5612.600 -69.134
5613.618 -63.693
5614.635 -62.027
5615.653 -62.466
5616.670 -72.466
5617.687 -83.841
5618.705 -76.041
5619.722 -76.696
5620.740 -67.225
5621.757 -56.858
5622.775 -61.515
5623.792 -61.859
5624.810 -65.906
5625.826 -77.548
5626.843 -89.423
5627.860 -100.369
5628.877 -90.890
5629.895 -88.853
5630.912 -77.631
5631.930 -68.519
5632.948 -73.022
5633.965 -62.736
5634.982 -51.575
5635.997 -44.177
5637.012 -36.562
5638.029 -32.114
5639.046 -37.136
5640.062 -27.284
5641.079 -17.495
5642.095 -13.523
5643.112 -19.647
5644.129 -19.639
5645.146 -30.588
5646.163 -37.538
5647.181 -38.298
5648.197 -41.042
5649.214 -44.357
5650.231 -47.454
5651.249 -44.270
5652.266 -43.914
5653.283 -44.589
5654.300 -45.408
5655.317 -44.158
5656.335 -37.136
5657.352 -33.577
5658.370 -29.332
5659.386 -27.104
5660.404 -23.409
5661.421 -16.031
5662.439 -18.959
5663.456 -29.607
5664.472 -40.355
5665.490 -51.371
5666.507 -62.559
5667.524 -73.968
5668.542 -75.384
5669.559 -66.784
5670.578 -56.062
5671.595 -47.571
5672.612 -47.986
5673.629 -39.535
5674.646 -28.031
5675.663 -23.860
5676.681 -15.086
5677.698 -22.774
5678.716 -21.110
5679.733 -17.754
5680.751 -10.400
5681.768 -19.539
5682.785 -29.578
5683.801 -32.794
5684.819 -43.128
5685.836 -53.366
5686.853 -63.142
5687.870 -66.837
5688.887 -70.678
5689.905 -79.591
5690.921 -80.366
5691.939 -81.576
5692.956 -80.812
5693.974 -81.475
5694.991 -89.899
5696.008 -89.965
5697.026 -86.048
5698.043 -79.653
5699.061 -73.225
5700.078 -67.133
5701.095 -64.241
5702.112 -68.970
5703.129 -73.401
5704.147 -76.813
5705.164 -69.605
5706.181 -66.409
5707.199 -68.279
5708.216 -67.360
5709.234 -69.352
5710.251 -71.605
5711.268 -69.554
5712.286 -65.388
5713.303 -65.445
5714.320 -70.649
5715.338 -72.805
5716.355 -74.469
5717.372 -75.599
5718.390 -76.876
5719.407 -78.371
5720.424 -79.279
5721.441 -79.370
5722.458 -75.643
5723.476 -69.478
5724.493 -70.524
5725.510 -78.857
5726.528 -81.420
5727.544 -77.468
5728.563 -71.602
5729.581 -65.785
5730.598 -68.220
5731.615 -73.028
5732.633 -74.596
5733.649 -82.515
5734.667 -78.718
5735.685 -69.175
5736.702 -59.183
5737.720 -54.480
5738.737 -50.204
5739.754 -46.022
5740.772 -56.098
5741.790 -59.940
5742.807 -63.589
5743.824 -73.634
5744.841 -63.958
5745.859 -54.113
5746.876 -45.193
5747.894 -53.934
5748.911 -60.204
5749.929 -47.566
5750.947 -35.177
5751.965 -23.170
5752.982 -11.411
5753.999 -4.837
5755.016 -14.907
5756.034 -25.253
5757.051 -36.797
5758.070 -48.146
5759.087 -59.017
5760.105 -70.018
5761.122 -78.942
5762.140 -85.575
5763.157 -95.811
5764.174 -98.768
5765.192 -93.969
5766.210 -98.128
5767.228 -101.622
5768.246 -107.599
5769.263 -118.161
5770.280 -118.394
5771.298 -112.580
5772.314 -113.677
5773.332 -112.806
5774.349 -106.065
5775.366 -95.480
5776.384 -96.004
5777.402 -95.297
5778.418 -86.412
5779.436 -82.128
5780.453 -84.370
5781.470 -88.925
5782.487 -93.153
5783.504 -90.932
5784.522 -92.069
5785.540 -88.608
5786.557 -81.961
5787.574 -74.930
5788.591 -80.718
5789.608 -77.487
5790.626 -69.853
5791.642 -76.643
5792.660 -73.535
5793.677 -81.665
5794.694 -92.072
5795.711 -98.801
5796.728 -108.464
5797.745 -103.637
5798.763 -101.621
5799.780 -91.951
5800.797 -81.611
5801.814 -81.592
5802.832 -71.977
5803.850 -81.090
5804.867 -91.070
5805.884 -100.761
5806.902 -107.192
5807.920 -113.828
5808.937 -122.819
5809.955 -129.656
5810.973 -122.159
5811.990 -111.246
5813.007 -102.947
5814.023 -105.574
5815.038 -102.365
5816.053 -100.269
5817.070 -99.210
5818.086 -89.714
5819.103 -82.993
5820.120 -76.480
5821.136 -70.161
5822.153 -63.389
5823.170 -56.221
5824.188 -48.112
5825.205 -43.875
5826.222 -45.929
5827.239 -48.554
5828.256 -49.281
5829.273 -46.770
5830.290 -49.829
5831.307 -53.612
5832.324 -48.550
5833.342 -41.112
5834.359 -36.010
5835.376 -32.650
5836.394 -31.683
5837.410 -34.829
5838.428 -39.769
5839.445 -47.664
5840.462 -48.846
5841.480 -44.136
5842.497 -38.625
5843.515 -40.980
5844.532 -39.111
5845.549 -34.437
5846.566 -32.791
5847.584 -31.299
5848.601 -28.619
5849.619 -25.516
5850.636 -24.299
5851.654 -25.763
5852.671 -27.630
5853.689 -29.381
5854.706 -26.240
5855.723 -34.663
5856.741 -37.518
5857.758 -39.974
5858.776 -49.623
5859.793 -59.567
5860.811 -53.068
5861.828 -62.747
5862.845 -55.573
5863.863 -61.411
5864.880 -51.505
5865.897 -42.065
5866.914 -39.406
5867.931 -43.120
5868.948 -47.009
5869.965 -54.068
5870.983 -63.343
5872.000 -71.688
5873.018 -77.943
5874.034 -86.879
5875.052 -83.435
5876.069 -84.529
5877.086 -80.113
5878.104 -90.082
5879.121 -100.202
5880.138 -107.185
5881.156 -105.511
5882.173 -99.740
5883.191 -94.543
5884.208 -93.604
5885.225 -88.903
5886.242 -78.686
5887.260 -68.570
5888.277 -58.419
5889.293 -53.468
5890.311 -54.398
5891.327 -59.712
5892.345 -58.379
5893.362 -58.117
5894.379 -60.768
5895.396 -57.147
5896.414 -61.104
5897.431 -64.087
5898.448 -66.243
5899.466 -70.745
5900.483 -70.714
5901.500 -71.917
5902.517 -72.019
5903.534 -74.200
5904.552 -77.578
5905.569 -77.947
5906.586 -72.677
5907.603 -65.803
5908.621 -72.423
5909.638 -82.594
5910.656 -76.294
5911.673 -79.317
5912.690 -78.477
5913.707 -76.607
5914.725 -79.569
5915.742 -75.870
5916.759 -76.227
5917.777 -77.036
5918.794 -82.990
5919.812 -91.116
5920.829 -99.125
5921.846 -98.630
5922.863 -89.041
5923.881 -89.393
5924.898 -81.856
5925.915 -76.246
5926.933 -84.888
5927.950 -81.069
5928.967 -72.198
5929.985 -64.855
5931.003 -60.753
5932.020 -68.706
5933.037 -68.100
5934.055 -69.795
5935.072 -77.715
5936.089 -81.717
5937.106 -85.545
5938.123 -79.284
5939.141 -77.872
5940.158 -75.605
5941.176 -74.634
5942.193 -71.449
5943.210 -59.773
5944.228 -53.715
5945.245 -58.052
5946.262 -60.985
5947.279 -58.074
5948.297 -58.747
5949.315 -60.633
5950.331 -58.975
5951.349 -58.386
5952.367 -64.251
5953.384 -62.771
5954.402 -60.191
5955.419 -56.137
5956.437 -59.614
5957.454 -70.661
5958.472 -81.760
5959.489 -92.762
5960.506 -103.584
5961.523 -114.226
5962.540 -124.349
5963.557 -134.432
5964.574 -144.544
5965.592 -141.443
5966.609 -131.626
5967.626 -137.573
5968.644 -147.583
5969.661 -153.320
5970.679 -153.690
5971.696 -153.110
5972.714 -144.113
5973.731 -133.985
5974.749 -124.088
5975.766 -116.012
5976.784 -109.030
5977.801 -102.293
5978.818 -101.739
5979.836 -91.751
5980.853 -81.886
5981.870 -78.780
5982.887 -68.333
5983.904 -57.728
5984.921 -47.671
5985.939 -38.668
5986.956 -38.316
5987.974 -45.298
5988.991 -48.021
5990.006 -49.081
5991.023 -44.482
5992.041 -44.457
5993.056 -54.383
5994.071 -60.825
5995.087 -59.128
5996.103 -58.469
5997.118 -52.198
5998.136 -51.837
5999.153 -48.732
6000.170 -48.332
6001.186 -49.232
6002.203 -50.066
6003.220 -46.505
6004.237 -42.214
6005.253 -45.060
6006.267 -52.583
6007.284 -53.779
6008.301 -54.409
6009.318 -49.591
6010.335 -39.662
6011.352 -40.120
6012.369 -39.094
6013.386 -28.796
6014.403 -21.363
6015.419 -15.797
6016.436 -13.117
6017.454 -19.165
6018.471 -28.898
6019.488 -26.148
6020.505 -20.021
6021.523 -17.059
6022.540 -14.643
6023.557 -21.602
6024.574 -23.224
6025.592 -21.664
6026.610 -20.022
6027.627 -20.638
6028.645 -28.976
6029.662 -25.106
6030.679 -18.376
6031.697 -6.328
6032.714 7.061
6033.731 17.658
6034.749 28.280
6035.766 38.771
6036.783 27.741
6037.801 14.761
6038.819 2.027
6039.836 -9.016
6040.853 -20.953
6041.870 -32.166
6042.888 -31.626
6043.906 -38.412
6044.923 -31.293
6045.941 -25.663
6046.958 -27.410
6047.975 -16.634
6048.993 -6.939
6050.010 -4.144
6051.028 -12.867
6052.045 -15.940
6053.062 -19.394
6054.079 -24.502
6055.096 -30.163
6056.113 -34.854
6057.131 -37.909
6058.148 -32.821
6059.165 -30.756
6060.182 -34.054
6061.200 -38.134
6062.217 -38.541
6063.234 -31.228
6064.251 -31.276
6065.269 -41.139
6066.286 -41.245
6067.304 -35.312
6068.322 -29.023
6069.338 -27.138
6070.355 -32.449
6071.373 -31.631
6072.391 -24.214
6073.408 -14.554
6074.425 -10.930
6075.441 -12.075
6076.459 -20.014
6077.476 -22.491
6078.493 -19.135
6079.510 -15.212
6080.528 -11.842
6081.545 -18.098
6082.562 -27.507
6083.579 -37.380
6084.597 -47.547
6085.614 -58.176
6086.631 -69.410
6087.648 -79.651
6088.665 -89.330
6089.683 -81.475
6090.701 -67.942
6091.718 -75.583
6092.735 -87.462
6093.753 -92.674
6094.771 -97.518
6095.789 -102.342
6096.806 -113.770
6097.823 -107.769
6098.841 -118.975
6099.858 -129.253
6100.875 -139.487
6101.893 -147.524
6102.910 -138.296
6103.927 -128.940
6104.944 -118.200
6105.962 -105.140
6106.980 -92.364
6107.997 -81.645
6109.014 -80.208
6110.032 -74.811
6111.049 -67.869
6112.066 -57.810
6113.083 -50.748
6114.101 -49.883
6115.118 -40.578
6116.136 -36.997
6117.153 -43.043
6118.171 -40.355
6119.188 -38.225
6120.205 -37.900
6121.222 -34.942
6122.240 -32.392
6123.257 -36.848
6124.274 -40.401
6125.292 -40.689
6126.309 -37.432
6127.326 -40.346
6128.344 -53.181
6129.361 -65.534
6130.378 -67.509
6131.396 -65.135
6132.413 -64.167
6133.430 -61.644
6134.448 -59.811
6135.465 -50.805
6136.483 -53.911
6137.500 -47.143
6138.518 -30.882
6139.535 -34.963
6140.553 -39.887
6141.570 -31.284
6142.588 -19.583
6143.605 -8.786
6144.622 2.160
6145.639 13.081
6146.657 26.316
6147.675 33.579
6148.692 43.153
6149.709 53.930
6150.727 64.612
6151.745 75.535
6152.761 82.294
6153.779 90.022
6154.797 79.211
6155.814 67.960
6156.831 65.338
6157.848 80.790
6158.865 91.675
6159.883 78.964
6160.900 67.659
6161.918 56.457
6162.936 44.573
6163.952 34.406
6164.970 35.578
6165.987 25.409
6167.005 15.209
6168.023 5.487
6169.040 -4.190
6170.056 -14.509
6171.071 -24.341
6172.086 -23.926
6173.102 -13.496
6174.119 -8.196
6175.136 -18.903
6176.153 -22.238
6177.170 -10.604
6178.188 -0.103
6179.205 10.314
6180.222 21.491
6181.239 34.170
6182.256 40.247
6183.273 33.502
6184.290 22.421
6185.307 15.674
6186.324 19.722
6187.341 29.983
6188.359 30.327
6189.376 20.319
6190.393 10.084
6191.410 -0.248
6192.428 -8.036
6193.445 -9.945
6194.462 -2.852
6195.479 7.454
6196.496 18.413
6197.514 28.889
6198.531 39.310
6199.548 49.610
6200.565 60.255
6201.583 73.320
6202.599 87.261
6203.616 85.310
6204.633 82.273
6205.651 73.490
6206.668 63.519
6207.685 68.989
6208.703 79.923
6209.720 86.906
6210.736 83.905
6211.754 80.026
6212.771 68.304
6213.789 66.570
6214.805 65.202
6215.823 63.959
6216.840 69.727
6217.857 76.935
6218.874 75.393
6219.892 73.648
6220.908 70.463
6221.925 68.288
6222.943 60.643
6223.960 53.799
6224.978 52.590
6225.995 54.415
6227.012 56.401
6228.029 57.236
6229.047 54.513
6230.064 54.123
6231.081 55.262
6232.098 62.918
6233.115 68.494
6234.132 59.140
6235.149 54.177
6236.167 48.148
6237.184 43.106
6238.202 45.910
6239.219 52.735
6240.237 58.524
6241.254 58.743
6242.271 55.025
6243.289 52.668
6244.306 51.955
6245.323 56.274
6246.341 61.131
6247.358 66.568
6248.376 67.019
6249.393 66.436
6250.410 68.019
6251.427 64.327
6252.444 63.380
6253.462 70.673
6254.479 80.666
6255.496 80.076
6256.514 78.427
6257.531 81.691
6258.548 85.605
6259.565 91.985
6260.582 89.940
6261.599 81.050
6262.617 82.850
6263.634 87.978
6264.651 89.988
6265.669 83.825
6266.686 88.063
6267.703 79.855
6268.720 74.182
6269.738 68.909
6270.755 59.150
6271.773 65.722
6272.791 73.225
6273.808 72.490
6274.826 74.252
6275.844 75.539
6276.860 63.255
6277.878 51.338
6278.896 50.527
6279.913 49.987
6280.930 51.325
6281.947 40.856
6282.965 35.582
6283.981 29.286
6284.999 24.198
6286.016 27.145
6287.034 36.613
6288.050 42.653
6289.068 49.855
6290.085 60.651
6291.103 67.516
6292.120 65.621
6293.137 68.667
6294.155 69.493
6295.172 69.484
6296.190 67.952
6297.207 67.390
6298.224 74.370
6299.242 78.493
6300.259 73.752
6301.276 61.630
6302.294 49.169
6303.311 35.902
6304.328 22.816
6305.346 23.014
6306.363 34.706
6307.380 33.232
6308.398 19.986
6309.415 7.683
6310.433 -3.842
6311.451 -15.201
6312.468 -26.438
6313.485 -37.991
6314.503 -49.983
6315.521 -60.776
6316.538 -71.238
6317.555 -75.225
6318.572 -76.491
6319.590 -74.535
6320.607 -71.964
6321.624 -60.627
6322.642 -55.967
6323.659 -50.272
6324.677 -40.604
6325.694 -30.097
6326.711 -19.564
6327.729 -18.642
6328.746 -10.414
6329.764 -1.572
6330.781 -10.766
6331.798 -19.270
6332.816 -26.709
6333.833 -34.055
6334.851 -35.924
6335.868 -38.826
6336.886 -41.469
6337.903 -44.367
6338.921 -49.817
6339.938 -53.432
6340.955 -44.284
6341.972 -44.186
6342.990 -40.638
6344.008 -39.784
6345.025 -41.298
6346.040 -43.888
6347.055 -49.956
6348.071 -56.247
6349.089 -64.449
6350.105 -66.620
6351.122 -70.653
6352.139 -76.344
6353.156 -76.260
6354.173 -72.169
6355.190 -62.123
6356.207 -55.604
6357.224 -54.999
6358.242 -55.710
6359.259 -54.783
6360.276 -54.428
6361.294 -59.955
6362.311 -58.895
6363.328 -59.309
6364.346 -66.256
6365.363 -69.741
6366.380 -70.938
6367.397 -64.887
6368.413 -65.939
6369.431 -68.829
6370.449 -66.990
6371.466 -72.423
6372.484 -68.463
6373.501 -59.638
6374.519 -55.436
6375.536 -53.000
6376.553 -51.251
6377.570 -53.821
6378.588 -53.879
6379.605 -55.709
6380.622 -62.240
6381.639 -69.946
6382.657 -66.038
6383.675 -58.261
6384.692 -53.342
6385.709 -44.193
6386.726 -46.292
6387.744 -49.612
6388.761 -40.337
6389.778 -43.525
6390.795 -51.691
6391.813 -45.926
6392.831 -42.936
6393.848 -33.027
6394.865 -37.701
6395.882 -41.687
6396.899 -37.351
6397.916 -38.439
6398.933 -39.468
6399.951 -41.493
6400.969 -44.805
6401.986 -52.603
6403.004 -49.939
6404.021 -45.538
6405.038 -33.820
6406.055 -27.180
6407.073 -37.252
6408.090 -42.775
6409.107 -43.217
6410.125 -36.931
6411.142 -43.537
6412.159 -46.480
6413.177 -46.518
6414.194 -54.531
6415.211 -59.029
6416.228 -60.911
6417.246 -60.012
6418.262 -55.915
6419.280 -60.386
6420.297 -65.268
6421.314 -71.819
6422.332 -73.618
6423.349 -71.012
6424.367 -66.948
6425.384 -59.483
6426.402 -51.777
6427.418 -49.879
6428.435 -52.257
6429.452 -50.058
6430.470 -45.025
6431.488 -43.170
6432.505 -40.437
6433.522 -44.632
6434.539 -53.867
6435.556 -60.742
6436.573 -62.094
6437.590 -64.404
6438.608 -67.481
6439.625 -67.440
6440.643 -68.567
6441.660 -69.736
6442.677 -66.392
6443.695 -62.537
6444.712 -70.702
6445.730 -75.055
6446.747 -79.224
6447.764 -79.334
6448.780 -73.087
6449.798 -73.101
6450.815 -73.195
6451.833 -74.771
6452.850 -67.429
6453.868 -62.912
6454.885 -53.144
6455.902 -44.246
6456.919 -43.552
6457.937 -50.943
6458.953 -57.129
6459.971 -52.539
6460.988 -49.911
6462.006 -59.076
6463.023 -63.630
6464.041 -74.003
6465.058 -80.966
6466.075 -78.737
6467.092 -78.533
6468.110 -71.272
6469.127 -65.664
6470.145 -59.790
6471.162 -47.273
6472.179 -36.018
6473.197 -25.114
6474.214 -14.146
6475.231 -2.649
6476.248 8.978
6477.266 19.893
6478.283 30.169
6479.300 40.626
6480.317 51.337
6481.335 62.711
6482.352 76.888
6483.369 80.737
6484.386 75.906
6485.404 73.782
6486.422 73.118
6487.438 75.422
6488.456 74.102
6489.473 69.348
6490.490 61.029
6491.507 64.430
6492.525 73.493
6493.542 82.193
6494.559 85.707
6495.576 87.397
6496.594 92.371
6497.610 101.674
6498.628 109.086
6499.645 115.703
6500.663 113.479
6501.680 121.817
6502.697 132.447
6503.714 133.822
6504.731 138.550
6505.749 138.752
6506.766 140.376
6507.784 144.805
6508.803 149.428
6509.821 150.799
6510.838 152.332
6511.856 153.576
6512.873 142.881
6513.890 132.812
6514.908 133.098
6515.925 135.869
6516.942 142.625
6517.960 137.981
6518.977 137.152
6519.995 135.666
6521.013 133.226
6522.030 133.919
6523.047 145.817
6524.063 154.964
6525.079 152.787
6526.095 143.600
6527.111 132.427
6528.128 124.299
6529.145 125.306
6530.161 131.586
6531.179 132.835
6532.196 131.436
6533.213 142.006
6534.230 152.761
6535.247 154.069
6536.264 143.130
6537.282 134.506
6538.299 127.535
6539.317 123.303
6540.333 123.390
6541.351 117.592
6542.368 116.096
6543.385 113.157
6544.401 103.004
6545.417 96.641
6546.434 88.904
6547.451 89.220
6548.467 85.247
6549.484 77.987
6550.501 72.045
6551.519 71.864
6552.536 76.599
6553.554 70.772
6554.571 68.312
6555.588 68.414
6556.605 59.693
6557.622 58.850
6558.639 67.933
6559.657 59.908
6560.675 47.062
6561.692 34.323
6562.709 21.614
6563.727 29.083
6564.743 19.157
6565.761 6.960
6566.779 -4.258
6567.797 -15.190
6568.814 -26.252
6569.832 -29.493
6570.849 -32.885
6571.866 -42.443
6572.883 -44.545
6573.900 -52.212
6574.918 -55.646
6575.935 -57.408
6576.953 -47.411
6577.970 -39.081
6578.988 -41.041
6580.005 -49.061
6581.023 -58.969
6582.040 -65.063
6583.057 -59.185
6584.073 -54.957
6585.091 -53.532
6586.109 -49.681
6587.126 -54.853
6588.143 -57.615
6589.161 -53.346
6590.178 -46.103
6591.196 -44.404
6592.213 -51.792
6593.230 -58.524
6594.248 -68.933
6595.265 -85.792
6596.283 -102.179
6597.300 -114.870
6598.318 -114.711
6599.335 -103.868
6600.353 -95.437
6601.370 -89.663
6602.387 -89.701
6603.404 -92.582
6604.422 -94.541
6605.439 -101.806
6606.456 -112.267
6607.474 -118.533
6608.491 -115.770
6609.509 -109.705
6610.526 -115.596
6611.543 -126.976
6612.560 -138.610
6613.578 -150.184
6614.596 -145.835
6615.613 -147.349
6616.630 -147.475
6617.648 -146.829
6618.665 -149.248
6619.683 -143.399
6620.700 -137.998
6621.717 -128.421
6622.735 -118.470
6623.753 -108.440
6624.770 -103.632
6625.787 -102.092
6626.804 -100.637
6627.822 -89.875
6628.839 -77.637
6629.856 -67.406
6630.873 -81.387
6631.890 -75.952
6632.908 -90.337
6633.925 -104.710
6634.939 -117.900
6635.956 -122.784
6636.973 -132.896
6637.990 -142.847
6639.008 -152.423
6640.024 -163.914
6641.042 -174.288
6642.059 -180.747
6643.077 -185.116
6644.094 -177.531
6645.112 -166.384
6646.129 -155.127
6647.147 -144.751
6648.164 -137.661
6649.182 -137.114
6650.199 -144.164
6651.217 -143.216
6652.235 -129.564
6653.252 -115.554
6654.269 -102.462
6655.286 -90.105
6656.304 -77.903
6657.321 -65.879
6658.338 -52.842
6659.355 -39.286
6660.373 -26.171
6661.390 -14.621
6662.408 -16.298
6663.425 -27.205
6664.443 -25.477
6665.460 -15.258
6666.478 -4.841
6667.496 5.959
6668.513 17.165
6669.530 24.395
6670.547 32.139
6671.564 40.521
6672.582 41.901
6673.600 39.687
6674.617 41.421
6675.635 44.368
6676.651 40.727
6677.669 39.924
6678.686 29.657
6679.703 17.999
6680.721 6.793
6681.738 -4.389
6682.756 -15.071
6683.773 -26.184
6684.791 -36.734
6685.807 -47.554
6686.825 -53.934
6687.842 -60.294
6688.859 -66.790
6689.876 -74.430
6690.894 -77.282
6691.911 -81.592
6692.929 -76.324
6693.946 -72.493
6694.964 -78.615
6695.981 -81.160
6696.998 -86.223
6698.016 -76.679
6699.034 -67.584
6700.051 -59.528
6701.067 -57.920
6702.082 -52.910
6703.097 -57.086
6704.113 -46.640
6705.129 -40.082
6706.146 -38.512
6707.163 -28.082
6708.180 -21.865
6709.197 -25.147
6710.213 -28.388
6711.230 -27.352
6712.247 -28.970
6713.264 -31.564
6714.281 -30.992
6715.299 -32.735
6716.316 -42.710
6717.333 -48.345
6718.350 -50.310
6719.368 -56.724
6720.385 -66.974
6721.403 -65.300
6722.421 -55.180
6723.440 -45.272
6724.456 -40.156
6725.473 -38.572
6726.490 -43.315
6727.507 -48.386
6728.524 -52.208
6729.542 -54.269
6730.559 -59.470
6731.576 -67.364
6732.593 -75.320
6733.611 -83.448
6734.628 -89.213
6735.646 -89.575
6736.663 -85.665
6737.680 -81.973
6738.698 -78.587
6739.715 -78.072
6740.733 -76.559
6741.750 -65.444
6742.767 -74.592
6743.785 -85.253
6744.802 -78.526
6745.819 -71.167
6746.836 -66.661
6747.853 -60.791
6748.871 -50.483
6749.888 -41.838
6750.905 -51.803
6751.922 -56.567
6752.939 -63.047
6753.957 -67.749
6754.975 -62.907
6755.992 -66.188
6757.009 -66.668
6758.027 -59.830
6759.044 -58.188
6760.062 -58.729
6761.079 -66.871
6762.096 -73.320
6763.113 -69.853
6764.131 -66.088
6765.148 -63.838
6766.165 -63.665
6767.183 -60.922
6768.200 -57.251
6769.218 -53.738
6770.234 -53.157
6771.252 -55.531
6772.270 -61.773
6773.286 -60.908
6774.304 -57.180
6775.321 -56.610
6776.338 -58.666
6777.356 -69.239
6778.373 -82.579
6779.390 -89.227
6780.407 -83.452
6781.425 -74.677
6782.442 -67.001
6783.460 -59.642
6784.478 -52.721
6785.495 -46.895
6786.513 -43.269
6787.530 -39.944
6788.547 -40.731
6789.566 -36.024
6790.583 -28.648
6791.600 -29.491
6792.618 -32.834
6793.636 -39.244
6794.653 -41.239
6795.671 -45.742
6796.688 -51.061
6797.705 -52.407
6798.722 -45.680
6799.740 -46.767
6800.757 -46.665
6801.775 -46.333
6802.792 -44.098
6803.810 -49.748
6804.827 -49.084
6805.844 -48.350
6806.862 -52.085
6807.879 -41.264
6808.896 -50.772
6809.915 -51.581
6810.932 -53.513
6811.949 -60.449
6812.967 -51.447
6813.984 -56.549
6815.000 -41.298
6816.018 -31.716
6817.035 -43.803
6818.052 -55.605
6819.070 -63.698
6820.087 -64.761
6821.105 -60.624
6822.122 -51.919
6823.140 -49.091
6824.157 -49.128
6825.174 -54.832
6826.191 -54.372
6827.209 -43.826
6828.226 -33.203
6829.243 -22.085
6830.261 -11.250
6831.278 -10.379
6832.296 -9.970
6833.313 2.549
6834.331 2.856
6835.348 -8.308
6836.366 -14.346
6837.383 -21.823
6838.401 -31.612
6839.417 -29.095
6840.435 -19.558
6841.452 -7.252
6842.470 4.451
6843.487 8.415
6844.504 9.195
6845.522 8.544
6846.539 0.360
6847.556 -10.710
6848.573 -5.910
6849.591 -11.169
6850.608 -20.297
6851.625 -29.257
6852.643 -21.786
6853.660 -28.284
6854.678 -37.452
6855.695 -46.774
6856.712 -57.226
6857.729 -62.489
6858.747 -68.087
6859.763 -58.731
6860.781 -48.074
6861.798 -57.533
6862.815 -67.372
6863.833 -69.221
6864.850 -64.988
6865.868 -60.528
6866.885 -52.441
6867.903 -44.657
6868.920 -40.946
6869.938 -40.802
6870.956 -40.394
6871.973 -39.978
6872.990 -38.183
6874.006 -29.780
6875.024 -27.374
6876.042 -25.581
6877.060 -24.014
6878.075 -14.095
6879.091 -4.135
6880.107 6.511
6881.123 11.519
6882.140 1.419
6883.157 -6.385
6884.174 -9.773
6885.191 -12.230
6886.208 -10.163
6887.226 -2.851
6888.243 -2.740
6889.260 -11.943
6890.278 -18.401
6891.294 -18.079
6892.311 -12.364
6893.328 -10.441
6894.345 -12.028
6895.362 -9.942
6896.379 -5.050
6897.397 -5.067
6898.413 -10.843
6899.430 -15.247
6900.447 -10.553
6901.465 -8.631
6902.482 -16.026
6903.500 -26.339
6904.517 -35.527
6905.534 -38.202
6906.552 -37.569
6907.569 -38.105
6908.586 -39.047
6909.604 -47.192
6910.621 -55.562
6911.639 -63.185
6912.656 -65.625
6913.673 -73.390
6914.690 -73.358
6915.707 -71.292
6916.725 -75.263
6917.742 -75.261
6918.759 -83.047
6919.776 -91.138
6920.794 -94.980
6921.811 -98.847
6922.827 -87.985
6923.844 -77.312
6924.862 -68.500
6925.879 -57.815
6926.897 -48.111
6927.914 -60.024
6928.931 -71.257
6929.948 -77.958
6930.965 -80.145
6931.982 -83.918
6932.997 -95.208
6934.015 -106.052
6935.032 -116.715
6936.050 -128.469
6937.066 -139.167
6938.084 -149.875
6939.102 -160.527
6940.119 -169.795
6941.136 -167.826
6942.153 -154.110
6943.170 -140.531
6944.187 -127.914
6945.204 -116.727
6946.221 -105.119
6947.238 -92.830
6948.256 -80.420
6949.273 -71.790
6950.290 -68.042
6951.307 -60.933
6952.325 -50.338
6953.342 -39.406
6954.358 -28.802
6955.376 -18.480
6956.393 -17.132
6957.410 -18.718
6958.428 -17.168
6959.444 -10.348
6960.461 -7.375
6961.479 -8.603
6962.497 -4.287
6963.514 -10.944
6964.531 -8.124
6965.548 1.961
6966.566 6.348
6967.583 11.876
6968.600 7.232
6969.618 -2.339
6970.635 -13.425
6971.652 -24.911
6972.669 -18.723
6973.686 -8.560
6974.704 1.692
6975.721 6.145
6976.738 11.998
6977.755 17.941
6978.774 23.197
6979.792 33.278
6980.809 43.774
6981.827 40.038
6982.844 40.217
6983.861 29.703
6984.879 20.254
6985.896 22.448
6986.914 18.267
6987.931 24.297
6988.948 28.390
6989.966 19.330
6990.984 11.606
6992.001 12.324
6993.018 17.308
6994.035 14.405
6995.052 16.353
6996.069 15.141
6997.086 5.027
6998.103 -2.854
6999.121 -12.655
7000.138 -20.090
7001.155 -21.471
7002.173 -13.889
7003.190 -18.014
7004.207 -28.395
7005.225 -38.027
7006.242 -46.331
7007.260 -54.251
7008.277 -58.744
7009.295 -59.175
7010.312 -59.280
7011.329 -58.159
7012.346 -55.581
7013.363 -53.042
7014.380 -51.450
7015.397 -55.102
7016.414 -61.914
7017.431 -62.710
7018.448 -63.745
7019.465 -57.035
7020.482 -51.243
7021.500 -49.048
7022.517 -48.364
7023.535 -48.224
7024.552 -48.288
7025.569 -39.160
7026.586 -45.730
7027.604 -56.337
7028.622 -66.202
7029.640 -76.193
7030.657 -69.601
7031.674 -57.329
7032.691 -58.385
7033.709 -61.902
7034.725 -65.667
7035.742 -61.305
7036.759 -53.444
7037.777 -48.582
7038.793 -43.796
7039.811 -54.417
7040.828 -65.070
7041.846 -70.325
7042.863 -59.216
7043.881 -48.568
7044.898 -34.070
7045.916 -20.754
7046.934 -20.709
7047.951 -30.777
7048.969 -40.428
7049.986 -40.445
7051.003 -42.523
7052.021 -53.201
7053.038 -63.676
7054.056 -71.745
7055.073 -74.839
7056.090 -81.942
7057.106 -80.285
7058.121 -76.148
7059.137 -69.202
7060.154 -69.190
7061.171 -70.654
7062.188 -72.175
7063.204 -73.338
7064.221 -78.071
7065.238 -74.757
7066.255 -71.043
7067.272 -68.299
7068.289 -67.216
7069.307 -65.060
7070.324 -65.745
7071.342 -63.983
7072.359 -63.440
7073.376 -70.517
7074.394 -74.283
7075.412 -68.754
7076.429 -57.572
7077.446 -60.581
7078.463 -73.729
7079.481 -86.276
7080.498 -99.283
7081.515 -99.546
7082.532 -90.888
7083.549 -84.857
7084.566 -80.622
7085.583 -76.874
7086.601 -83.785
7087.624 -93.982
7088.641 -104.592
7089.658 -96.113
7090.676 -102.948
7091.693 -105.579
7092.710 -102.101
7093.727 -98.103
7094.745 -88.604
7095.762 -79.302
7096.779 -69.927
7097.796 -71.863
7098.813 -73.951
7099.831 -63.315
7100.849 -62.662
7101.866 -55.335
7102.883 -48.971
7103.900 -57.496
7104.917 -49.319
7105.935 -49.572
7106.952 -45.756
7107.969 -43.123
7108.987 -41.405
7110.004 -43.408
7111.020 -43.785
7112.037 -41.594
7113.055 -39.074
7114.072 -36.710
7115.090 -35.475
7116.107 -36.578
7117.124 -44.819
7118.142 -53.523
7119.159 -60.544
7120.176 -59.324
7121.194 -50.733
7122.211 -46.367
7123.228 -44.007
7124.245 -40.937
7125.263 -36.976
7126.280 -31.385
7127.298 -28.034
7128.315 -29.834
7129.332 -33.137
7130.350 -34.010
7131.367 -38.110
7132.384 -42.403
7133.402 -41.523
7134.419 -40.042
7135.436 -45.535
7136.453 -52.581
7137.471 -51.128
7138.488 -45.727
7139.505 -51.542
7140.522 -60.271
7141.540 -70.733
7142.557 -82.433
7143.574 -77.813
7144.591 -67.886
7145.609 -57.921
7146.625 -50.504
7147.639 -43.791
7148.656 -51.008
7149.673 -46.463
7150.690 -41.243
7151.707 -36.400
7152.724 -31.505
7153.741 -33.855
