0 0.000000000 0.000000000 0.000000000 0.000
1 0.100126259 0.100126277 0.100126277 0.000
2 0.200250833 0.200250851 0.200250888 0.000
3 0.300378388 0.300378388 0.300378407 0.000
4 0.400544666 0.400544685 0.400544703 0.000
5 0.500648999 0.500649055 0.500649073 0.000
6 0.600744018 0.600744036 0.600744055 0.000
7 0.700827296 0.700827314 0.700827221 0.000
8 0.800911851 0.800911888 0.800911907 0.000
9 0.901027684 0.901027703 0.901027684 0.000
10 1.001140740 1.001140758 1.001140721 0.000
11 1.101220888 1.101220906 1.101220832 0.000
12 1.201297684 1.201297703 1.201297703 0.000
13 1.301572184 1.301367775 1.301367757 -5409.281
14 1.402641703 1.401511411 1.339672981 45937.901
15 1.497738851 1.501606198 1.439767753 -8499.859
16 1.596220221 1.601785742 1.539947273 44358.295
17 1.694138647 1.702153055 1.640314608 22478.813
18 1.792176554 1.802309776 1.740471310 20289.174
19 1.890394406 1.902423450 1.840585022 17983.792
20 1.988778147 2.002534810 1.940696382 16989.709
21 2.087042813 2.102643875 2.040805427 17995.002
22 2.186401536 2.203727317 2.141888889 17738.806
23 2.285106147 2.303891039 2.242052611 13926.304
24 2.383744202 2.404002826 2.342164266 15334.440
25 2.482777609 2.504290124 2.442451621 11068.745
26 2.581954554 2.604596055 2.542757608 12101.332
27 2.681147757 2.704779397 2.642940951 9221.802
28 2.780499998 2.805051474 2.743212972 8606.837
29 2.879990017 2.905268798 2.843430314 7470.447
30 2.979277776 3.005447257 2.943608754 5483.087
31 3.078867498 3.105642975 3.043804472 6606.947
32 3.178374220 3.205830805 3.143992284 6145.148
33 3.277969424 3.306008374 3.244169871 5716.367
34 3.377527942 3.406095622 3.344257083 5495.225
35 3.477132368 3.506263276 3.444424792 5586.922
36 3.576861516 3.606378116 3.544539614 2132.624
37 3.677248201 3.707238404 3.645399957 6003.271
38 3.777000868 3.807362038 3.745523592 2099.744
39 3.876825812 3.907486872 3.845648445 2725.534
40 3.976686460 4.007638336 3.945799926 4162.461
41 4.076557534 4.107756018 4.045917591 1959.318
42 4.176471071 4.207961045 4.146122617 2974.663
43 4.276499960 4.308175908 4.246337351 844.531
44 4.376384775 4.408255499 4.346417015 2617.560
45 4.476321201 4.508385304 4.446546858 2519.687
46 4.576258886 4.608484567 4.546646120 1269.916
47 4.676160497 4.708575945 4.646737461 1300.980
48 4.776144423 4.808668721 4.746830275 832.490
49 4.876152534 4.908761765 4.846923337 2087.971
50 4.976089404 5.008833353 4.946994889 -826.247
51 5.076113349 5.108934408 5.047095924 2545.956
52 5.176100700 5.209022603 5.147184120 187.388
53 5.276062774 5.309105133 5.247266705 361.777
54 5.376130756 5.409181750 5.347343323 1497.632
55 5.476061052 5.509271580 5.447433134 134.201
56 5.576181626 5.609387684 5.547549238 230.764
57 5.676276885 5.709514145 5.647675717 760.253
58 5.776266033 5.809632132 5.747793686 907.846
59 5.876455811 5.909760617 5.847922208 664.003
60 5.976378793 6.009854663 5.948016087 1218.309
61 6.076486570 6.109942560 6.048104021 401.596
62 6.176542311 6.210045836 6.148207408 935.550
63 6.276529218 6.310141442 6.248302978 -580.887
64 6.376667552 6.410261518 6.348422924 1084.831
65 6.476666514 6.510352539 6.448514038 -192.786
66 6.576741144 6.610440451 6.548601968 279.615
67 6.676814181 6.710533716 6.648694974 236.852
68 6.776858255 6.810616958 6.748778475 -107.775
69 6.876956514 6.910704880 6.848866397 413.323
70 6.976991570 7.010798756 6.948960292 1100.997
71 7.077060959 7.110880025 7.049041560 -475.924
72 7.177112514 7.210964069 7.149125605 79.388
73 7.277182736 7.311064387 7.249225941 7.518
74 7.377311255 7.411180264 7.349341818 88.220
75 7.477434088 7.511303412 7.449464985 -93.287
76 7.577657903 7.611423892 7.549585465 -1888.813
77 7.677769162 7.711542765 7.649704356 -1282.758
78 7.777934940 7.811635493 7.749797066 634.099
79 7.878006440 7.911726251 7.849887824 -304.361
80 7.978111143 8.011810787 7.949972359 111.603
81 8.078212125 8.111907404 8.050068958 -973.523
82 8.178372791 8.212066035 8.150227384 3110.707
83 8.278531310 8.312148870 8.250310443 -3087.810
84 8.378605680 8.412249737 8.350411217 937.153
85 8.478662013 8.512326266 8.450487820 21.284
86 8.578761087 8.612445995 8.550607549 -128.948
87 8.678842680 8.712512647 8.650674164 -25.030
88 8.778901828 8.812588288 8.750749842 18.571
89 8.879030735 8.912665491 8.850827063 -1276.943
90 8.979318994 9.012746702 8.950908219 -3941.852
91 9.079780920 9.112840202 9.051001756 -3875.120
92 9.180231179 9.212960732 9.151122286 -3035.422
93 9.280690291 9.313089121 9.251250713 -2944.907
94 9.382401753 9.414531098 9.352692652 -2834.867
95 9.482758290 9.514642322 9.452803894 -3437.270
96 9.583112494 9.614729843 9.552891416 -1275.563
97 9.683378272 9.714809113 9.652970686 -3052.952
98 9.783596716 9.814895138 9.753056710 -430.564
99 9.883927401 9.914990073 9.853151646 -1558.760
100 9.984140901 10.015093700 9.953255236 -1442.718
101 10.084392753 10.115175342 10.053336896 -1558.177
102 10.184573846 10.215242405 10.153403922 -1007.447
103 10.284751605 10.315315724 10.253477296 -975.830
104 10.384946753 10.415403470 10.353565024 -1455.669
105 10.485080827 10.515494588 10.453656142 -763.922
106 10.585280808 10.615587801 10.553749355 -443.263
107 10.685399179 10.715675305 10.653836877 20.427
108 10.785545512 10.815753048 10.753914602 -545.905
109 10.885604975 10.915832739 10.853994182 200.289
110 10.985725752 11.015935221 10.954096794 -557.285
111 11.085956327 11.116049262 11.054210834 -1134.389
112 11.187159141 11.217252429 11.155414002 -1112.920
113 11.287373419 11.317372567 11.255534139 353.582
114 11.387449863 11.417460590 11.355622181 -1065.309
115 11.487647030 11.517549908 11.455711461 2093.377
116 11.587604678 11.617621188 11.555782760 -2110.786
117 11.687962826 11.717724035 11.655885608 -513.797
118 11.788129289 11.817839098 11.756000633 -61.914
119 11.888297363 11.917925664 11.856086885 -1241.440
120 11.988423456 12.018010435 11.956171971 -111.831
121 12.088596548 12.118092259 12.056253794 -1518.789
122 12.188677122 12.218183847 12.156345364 751.466
123 12.288819678 12.318264714 12.256426231 -622.242
124 12.388883863 12.418345790 12.356507307 -169.683
125 12.488964955 12.518430229 12.456591765 199.014
126 12.589049492 12.618514821 12.556676338 -145.642
127 12.689132381 12.718594927 12.656756463 -543.505
128 12.789252455 12.818692071 12.756853625 333.117
129 12.889374159 12.918804561 12.856966115 648.872
130 12.989489899 13.018921108 12.957082662 -1119.387
131 13.089548362 13.119058792 13.057220364 374.107
132 13.189728955 13.219148992 13.157310564 -1264.376
133 13.289846362 13.319246487 13.257407930 435.380
134 13.389887807 13.419328199 13.357489771 -200.631
135 13.490008658 13.519422657 13.457584229 11.159
136 13.590044825 13.619519862 13.557681416 -220.226
137 13.690177788 13.719618608 13.657780143 -88.365
138 13.790298529 13.819716113 13.757877648 182.620
139 13.890247621 13.919802454 13.857963990 -1675.907
140 13.990369306 14.019891199 13.958052753 633.989
141 14.090429695 14.119980150 14.058141685 54.163
142 14.190472917 14.220069033 14.158230568 -308.409
143 14.290585325 14.320152971 14.258314525 1833.800
144 14.390639250 14.420229896 14.358391451 -2444.628
145 14.490737010 14.520327959 14.458489513 1434.854
146 14.590796491 14.620422966 14.558584539 661.314
147 14.690863306 14.720516959 14.658678550 -1589.197
148 14.791026232 14.820623697 14.758785269 220.193
149 14.891149343 14.920761833 14.858923424 -8.283
150 14.991238139 15.020855685 14.959017257 -119.862
151 15.091296435 15.120943394 15.059104985 268.277
152 15.191408231 15.221025850 15.159187330 -432.564
153 15.291486176 15.321126527 15.259288100 388.307
154 15.391610676 15.421240049 15.359401603 -1199.229
155 15.491761472 15.521354710 15.459516116 320.292
156 15.591843120 15.621454213 15.559615693 63.748
157 15.691906287 15.721540498 15.659701996 -235.439
158 15.792008990 15.821629997 15.759791533 -85.854
159 15.892129416 15.921718429 15.859879946 80.287
160 15.992206675 16.021807407 15.959968943 -65.335
161 16.092300361 16.121892707 16.060054224 -194.761
162 16.192380323 16.221982439 16.160143956 -33.757
163 16.292487249 16.322072030 16.260233566 -213.886
164 16.392657120 16.422168708 16.360330262 -906.727
165 16.492779860 16.522284883 16.460446437 -345.230
166 16.592922323 16.622382935 16.560544508 -730.913
167 16.693125249 16.722550015 16.660711587 15.947
168 16.793233027 16.822641327 16.760802900 -437.476
169 16.893345119 16.922721719 16.860883273 126.403
170 16.993452267 17.022803210 16.960964764 -163.999
171 17.093405971 17.122898743 17.061060297 874.463
172 17.193452027 17.223018351 17.161179905 804.676
173 17.293479323 17.323127635 17.261289171 499.925
174 17.393535156 17.423223097 17.361384632 358.870
175 17.493592915 17.523303833 17.461465369 -552.549
176 17.593732378 17.623383634 17.561545132 -392.566
177 17.693859137 17.723469787 17.661631304 -122.249
178 17.793946434 17.823555745 17.761717225 201.407
179 17.893994859 17.923640495 17.861801994 139.434
180 17.994065785 18.023727839 17.961889374 -48.443
181 18.094295693 18.123818598 18.061980134 -1398.475
182 18.194528044 18.223915410 18.162076982 -1338.869
183 18.294598619 18.324025560 18.262187132 815.269
184 18.394610378 18.424126264 18.362287836 955.041
185 18.494644692 18.524246523 18.462408095 578.115
186 18.594684970 18.624340453 18.562502007 524.365
187 18.694714840 18.724431937 18.662593361 1352.347
188 18.794767155 18.824510098 18.762671541 -1063.051
189 18.894763748 18.924601796 18.862763368 1480.553
190 18.994842137 19.024726139 18.962887693 265.096
191 19.094832322 19.124842432 19.063003986 2498.409
192 19.194868174 19.224934682 19.163096218 417.624
193 19.294921581 19.325032268 19.263193803 400.242
194 19.394967099 19.425117743 19.363279260 417.859
195 19.495009581 19.525202406 19.463363885 272.238
196 19.595063970 19.625291775 19.563453292 386.685
197 19.695086414 19.725379187 19.663540667 862.104
198 19.795104099 19.825466712 19.763628229 404.048
199 19.895185099 19.925551261 19.863712759 458.972
200 19.995206766 20.025633904 19.963795477 588.415
201 20.095287469 20.125748328 20.063909900 -343.859
202 20.195409803 20.225838704 20.164000276 989.593
203 20.295491284 20.325937794 20.264099366 222.490
204 20.395563025 20.426027973 20.364189545 -214.293
205 20.495645228 20.526116096 20.464277668 484.293
206 20.595728413 20.626201592 20.564363165 -34.053
207 20.695814136 20.726303439 20.664465011 44.749
208 20.795936413 20.826424217 20.764585771 182.960
209 20.896065561 20.926525388 20.864686867 186.510
210 20.996116191 21.026611653 20.964773170 -185.857
211 21.096242506 21.126730681 21.064892235 1445.359
212 21.196459746 21.226806898 21.164968433 -2767.592
213 21.296481580 21.326898815 21.265060350 81.645
214 21.396600135 21.426986446 21.365147944 25.801
215 21.496669117 21.527082551 21.465244086 496.991
216 21.596736283 21.627166202 21.565327719 440.968
217 21.709264857 21.739729037 21.677890572 67.417
218 21.809334598 21.839819232 21.777980767 259.447
219 21.909410894 21.939930958 21.878092531 549.031
220 22.009483301 22.040034653 21.978196207 -8.214
221 22.109570987 22.140143986 22.078305577 359.608
222 22.209611135 22.240234461 22.178396034 361.082
223 22.309651672 22.340319087 22.278480492 613.834
224 22.409742875 22.440400214 22.378561768 1184.695
225 22.509828412 22.540489070 22.478650624 -328.661
226 22.609952449 22.640659663 22.578821216 1818.590
227 22.709925875 22.740791524 22.678952985 1516.776
228 22.809920153 22.840907687 22.779069223 910.033
229 22.909992560 22.941044756 22.879206328 1141.628
230 23.009962745 23.041142323 22.979303803 1036.681
231 23.110007819 23.141237181 23.079398568 528.323
232 23.210031967 23.241326863 23.179487583 838.242
233 23.310055486 23.341416256 23.279577810 240.249
234 23.410139690 23.441511048 23.379672509 730.989
235 23.510220115 23.541637612 23.479799130 -2569.149
236 23.610256782 23.641727278 23.579888813 296.388
237 23.710324782 23.741836195 23.679997767 1018.811
238 23.810390356 23.841938192 23.780099765 782.010
239 23.910545911 23.942071096 23.880232668 1684.582
240 24.010392893 24.042163077 23.980324650 -1161.875
241 24.110548004 24.142249006 24.080410579 68.525
242 24.210604300 24.242336560 24.180497891 242.580
243 24.310870708 24.342643896 24.280805449 537.421
244 24.410930152 24.442752454 24.380914008 599.911
245 24.510983707 24.542861966 24.481023371 565.236
246 24.611034504 24.642950109 24.581111626 217.272
247 24.711076652 24.743041535 24.681203089 607.269
248 24.811120244 24.843126234 24.781287807 722.513
249 24.911136170 24.943209912 24.881371466 608.164
250 25.011166300 25.043282387 24.981443922 -135.396
251 25.111252633 25.143364794 25.081526329 67.844
252 25.211336892 25.243460752 25.181622269 389.691
253 25.311392725 25.343541623 25.281703140 122.548
254 25.411519336 25.443627130 25.381788702 -905.624
255 25.511704336 25.543738851 25.481900423 -453.868
256 25.611916873 25.643842638 25.582004210 -959.136
257 25.712091466 25.743953450 25.682115022 -955.386
258 25.812281910 25.844052716 25.782214288 -730.660
259 25.912433114 25.944140188 25.882301705 -537.444
260 26.012564818 26.044219003 25.982380575 -819.762
261 26.112758392 26.144325393 26.082486965 -952.123
262 26.212947577 26.244432431 26.182593967 -789.824
263 26.313101854 26.344532647 26.282694182 -883.693
264 26.413393169 26.444641347 26.382802808 888.756
265 26.513414391 26.544737515 26.482898995 -3835.853
266 26.613652484 26.644828857 26.582990337 599.667
267 26.713773039 26.744891602 26.683053120 -2136.208
268 26.813975428 26.844986701 26.783148162 654.094
269 26.913995076 26.945062276 26.883223793 -1184.242
270 27.014182206 27.045129592 26.983291128 -1398.187
271 27.114310854 27.145216073 27.083377608 209.022
272 27.214436021 27.245320337 27.183481909 713.635
273 27.314618298 27.345429352 27.283590924 -3450.540
274 27.414680206 27.445515770 27.383677342 -149.996
275 27.514848687 27.545631471 27.483793062 7.291
276 27.614952335 27.645721455 27.583883046 -40.593
277 27.715032928 27.745810974 27.683972547 137.153
278 27.815113057 27.845897649 27.784059222 223.324
279 27.915170502 27.945991427 27.884152999 509.700
280 28.015259909 28.046112245 27.984273799 114.535
281 28.115338668 28.146212397 28.084373933 92.460
282 28.215448539 28.246307468 28.184469004 -303.604
283 28.315632631 28.346397657 28.284559174 -1046.491
284 28.415822242 28.446487620 28.384648563 -641.938
285 28.516003816 28.546589361 28.484750767 -1123.399
286 28.616173464 28.646673871 28.584835388 -719.852
287 28.716325723 28.746758255 28.684919771 -547.602
288 28.816474205 28.846840404 28.785001810 -1111.215
289 28.916630779 28.946923641 28.885085158 -188.633
290 29.016837723 29.047018430 28.985179984 -1268.848
291 29.116907742 29.147131728 29.085293300 368.368
292 29.216971168 29.247241485 29.185403039 -561.850
293 29.317193408 29.347346719 29.285508310 1259.753
294 29.417240279 29.447436937 29.385598510 20.655
295 29.517325408 29.547526755 29.485688327 -199.539
296 29.617347964 29.647615391 29.585776963 -549.369
297 29.717582519 29.747709074 29.685870647 1381.070
298 29.817584945 29.847832209 29.785993763 -305.938
299 29.917710908 29.947934386 29.886095903 -521.029
300 30.017715593 30.048026152 29.986187688 439.716
301 30.117904871 30.148115439 30.086276974 225.285
302 30.217937685 30.248207864 30.186369380 7.124
303 30.318004500 30.348306996 30.286468531 475.360
304 30.418066111 30.448397875 30.386558928 357.262
305 30.518028315 30.548478856 30.486640392 1491.602
306 30.618048315 30.648571487 30.586733023 -177.409
307 30.718113556 30.748653116 30.686814651 1777.539
308 30.818072852 30.848715177 30.786876749 1756.037
309 30.918187981 30.948835133 30.886996706 -589.845
310 31.018182685 31.048942288 30.987103861 -161.951
311 31.118269666 31.149059270 31.087220861 1195.820
312 31.218426833 31.249154643 31.187316215 -1476.412
313 31.318392944 31.349247296 31.287408869 1644.735
314 31.418494629 31.449349295 31.387510868 4044.355
315 31.518572277 31.549441549 31.487603122 -1853.803
316 31.618667611 31.649616396 31.587777949 -68.884
317 31.729652518 31.760623511 31.698785010 711.140
318 31.829719388 31.860710485 31.798872002 -231.450
319 31.929802036 31.960787594 31.898949111 -457.560
320 32.029907314 32.060893390 31.999054925 683.841
321 32.129995888 32.161004324 32.099165748 1553.606
322 32.230009851 32.261074745 32.199236244 -1450.730
323 32.330128277 32.361158045 32.299319525 -252.088
324 32.430205036 32.461249301 32.399410855 1597.195
325 32.530242240 32.561330221 32.499491738 -524.008
326 32.630369851 32.661443900 32.599605453 485.538
327 32.730457240 32.761596962 32.699758535 506.268
328 32.830485369 32.861711031 32.799872603 44.969
329 32.930668017 32.961814760 32.899976333 467.909
330 33.030730999 33.061867394 33.000028819 -1944.993
331 33.130794499 33.161971970 33.100133542 438.259
332 33.230967165 33.262062606 33.200224030 520.801
333 33.331035776 33.362150262 33.300311835 -121.682
334 33.431163165 33.462249473 33.400411027 25.358
335 33.531267035 33.562347428 33.500508963 -311.208
336 33.631346295 33.662429931 33.600591485 421.823
337 33.731405109 33.762523800 33.700685280 262.802
338 33.831488146 33.862583415 33.800744969 -333.890
339 33.931559054 33.962684175 33.900845729 338.989
340 34.031629442 34.062760510 34.000922082 -68.325
341 34.131701942 34.162835896 34.100997413 -49.374
342 34.231755887 34.262920409 34.201081833 377.028
343 34.331874183 34.362993237 34.301154791 30.635
344 34.431886442 34.463077909 34.401239463 -550.399
345 34.532054053 34.563192115 34.501353687 -61.136
346 34.632150757 34.663301293 34.601462865 270.490
347 34.732229201 34.763402732 34.701564304 425.673
348 34.832294220 34.863488172 34.801649763 -784.717
349 34.932407442 34.963572501 34.901734036 582.896
350 35.032453238 35.063641117 35.001802652 -1438.312
351 35.132597090 35.163730658 35.101892249 1262.078
352 35.232718145 35.263852919 35.202014455 135.214
353 35.332742923 35.363932042 35.302093375 -1963.862
354 35.432796590 35.464015031 35.402176566 1700.974
355 35.532918016 35.564091937 35.502253509 46.934
356 35.632973108 35.664173260 35.602334739 15.507
357 35.733079182 35.764260182 35.702421718 1001.842
358 35.833167367 35.864336182 35.802497681 -1292.989
359 35.933235145 35.964421153 35.902582726 -89.731
360 36.033354701 36.064512879 36.002674396 203.913
361 36.133442108 36.164591903 36.102753383 -293.753
362 36.233561237 36.264692033 36.202853587 -148.052
363 36.333692386 36.364802853 36.302964426 -207.513
364 36.433862071 36.464941078 36.403102632 -444.894
365 36.534010867 36.565053650 36.503215222 -87.999
366 36.634075978 36.665146719 36.603308310 813.833
367 36.734131793 36.765232082 36.703393673 -1599.392
368 36.834254219 36.865321150 36.803482722 111.271
369 36.934332144 36.965432436 36.903594008 -695.691
370 37.034521441 37.065563258 37.003724812 508.397
371 37.134583052 37.165664810 37.103826346 -162.954
372 37.234618107 37.265763222 37.203924757 1264.019
373 37.334761589 37.365858850 37.304020367 962.361
374 37.434692274 37.465949970 37.404111506 -444.786
375 37.534808329 37.566040278 37.504201814 276.579
376 37.634864366 37.666127697 37.604289102 209.882
377 37.734925200 37.766216150 37.704377555 274.870
378 37.835050181 37.866292734 37.804454140 -1066.303
379 37.935222218 37.966374874 37.904536187 -861.727
380 38.035376088 38.066469178 38.004630751 -2002.490
381 38.135662459 38.166599075 38.104760610 2249.678
382 38.235628125 38.266707074 38.204868628 -3508.488
383 38.335831995 38.366817473 38.304979027 719.794
384 38.435965236 38.466916052 38.405077587 -704.529
385 38.536114384 38.567000363 38.505161880 -366.964
386 38.636154977 38.667100126 38.605261717 532.189
387 38.736311903 38.767187787 38.705349359 -1313.679
388 38.836513162 38.867308563 38.805470098 1521.958
389 38.936578125 38.967403095 38.905564612 -1389.752
390 39.036716569 39.067510601 39.005672136 1365.268
391 39.136891310 39.167598263 39.105759799 -1883.108
392 39.236878625 39.267769988 39.205931523 3507.745
393 39.337011810 39.367875201 39.306036718 1179.040
394 39.437021847 39.467966175 39.406127711 78.805
395 39.537101106 39.568056585 39.506218083 -28.387
396 39.637194828 39.668162475 39.606323973 351.808
397 39.737276717 39.768253220 39.706414756 28.167
398 39.837373883 39.868346986 39.806508540 -391.647
399 39.937648420 39.968474049 39.906635621 1040.436
400 40.037787735 40.068594703 40.006756295 -1948.478
401 40.137841235 40.168710392 40.106871964 201.094
402 40.238008642 40.268818453 40.206980025 502.805
403 40.338099365 40.368911353 40.307072925 -164.150
404 40.438258828 40.468996678 40.407158269 -1157.670
405 40.538481087 40.569089261 40.507250833 -614.809
406 40.638578809 40.669165940 40.607327476 -2133.024
407 40.738790142 40.769261185 40.707422683 921.168
408 40.838867846 40.869320502 40.807482075 -1329.936
409 40.938968994 40.969372591 40.907534164 125.065
410 41.039028994 41.069411398 41.007572952 -1225.036
411 41.139141846 41.169511774 41.107673291 -160.875
412 41.239227809 41.269563644 41.207725198 -272.631
413 41.339300586 41.369613584 41.307775138 -553.120
414 41.439372994 41.469652629 41.407814202 -178.426
415 41.539467827 41.569737840 41.507899357 -22.780
416 41.639513197 41.669871717 41.608033290 1537.968
417 41.739549993 41.770026879 41.708188433 1162.215
418 41.839666179 41.870125305 41.808286896 -1175.063
419 41.939852919 41.970231354 41.908392926 -583.038
420 42.040044919 42.070334535 42.008496107 -837.158
421 42.140211604 42.170425231 42.108586803 -637.374
422 42.240361863 42.270508403 42.208669938 -770.033
423 42.340420975 42.370592395 42.308753968 888.498
424 42.440487882 42.470730275 42.408891829 744.168
425 42.540545123 42.570834294 42.508995866 117.830
426 42.640638104 42.670948773 42.609110346 291.852
427 42.740756197 42.771056757 42.709218330 -499.547
428 42.840892956 42.871156864 42.809318455 -321.859
429 42.941034678 42.971247880 42.909409434 -571.784
430 43.041134789 43.071327414 43.009488968 -78.052
431 43.141258696 43.171409618 43.109571191 -326.773
432 43.241409974 43.271521672 43.209683207 -223.013
433 43.341541437 43.371619702 43.309781237 -425.041
434 43.441704344 43.471750734 43.409912269 -53.127
435 43.541822566 43.571870537 43.510032091 60.869
436 43.641924863 43.671980834 43.610142388 132.382
437 43.742024640 43.772091872 43.710253426 104.566
438 43.842128085 43.872209029 43.810370583 134.808
439 43.942225585 43.972321334 43.910482869 356.041
440 44.042286140 44.072432863 44.010594398 183.275
441 44.142388918 44.172528838 44.110690373 121.242
442 44.242441140 44.272639447 44.210801020 345.929
443 44.342580659 44.372750733 44.310912287 -208.352
444 44.442686066 44.472874828 44.411036363 -440.417
445 44.542719029 44.572985523 44.511147059 2264.452
446 44.642775510 44.673094228 44.611255764 -1000.009
447 44.742861881 44.773214560 44.711376095 397.482
448 44.842952140 44.873323159 44.811484731 146.931
449 44.943074862 44.973428291 44.911589863 623.544
450 45.043125732 45.073558657 45.011720174 -3079.508
451 45.143375528 45.173664363 45.111825898 1046.421
452 45.243416158 45.273769885 45.211931420 1900.979
453 45.343484121 45.373881655 45.312043209 -754.840
454 45.443520399 45.474026692 45.412188228 1243.207
455 45.543685676 45.574131044 45.512292579 -63.000
456 45.643784473 45.674233250 45.612394822 56.021
457 45.743861732 45.774333591 45.712495145 1343.836
458 45.843934991 45.874453458 45.812615012 -438.842
459 45.944042713 45.974521934 45.912683488 671.300
460 46.044098769 46.074647199 46.012808735 -963.244
461 46.144236454 46.174781873 46.112943445 1379.331
462 46.244275120 46.274879616 46.213041170 337.513
463 46.344346991 46.374984782 46.313146336 217.722
464 46.444443620 46.475092193 46.413253728 496.412
465 46.544521991 46.575197944 46.513359498 45.058
466 46.644611990 46.675306546 46.613468100 428.020
467 46.745692009 46.776402618 46.714564172 144.402
468 46.845809787 46.876516866 46.814678402 -340.869
469 46.945964768 46.976631452 46.914793006 -106.055
470 47.046094731 47.076764358 47.014925930 309.291
471 47.146177175 47.176870224 47.115031760 141.740
472 47.246277435 47.276979643 47.215141197 -433.688
473 47.346387435 47.377091377 47.315252912 26.679
474 47.446591953 47.477196344 47.415357880 -1742.498
475 47.546678157 47.577338013 47.515499567 2552.055
476 47.646860990 47.677444232 47.615605767 1191.689
477 47.746907953 47.777513633 47.715675205 -660.519
478 47.847019193 47.877624279 47.815785833 -857.792
479 47.947230712 47.977738258 47.915899812 178.240
480 48.047260730 48.077856333 48.016017887 507.925
481 48.147328378 48.177950985 48.116112539 -827.728
482 48.247425749 48.278093973 48.216255527 1850.086
483 48.347633934 48.378197708 48.316359243 -2384.328
484 48.447787138 48.478308139 48.416469711 279.363
485 48.547941823 48.578428134 48.516589688 -2560.468
486 48.647974378 48.678525770 48.616687305 211.561
487 48.748170674 48.778642284 48.716803819 630.109
488 48.848280637 48.878756951 48.816918487 -127.309
489 48.948379934 48.978867167 48.917028703 124.239
490 49.048489971 49.078973461 49.017135015 72.178
491 49.148592285 49.179080743 49.117242316 -24.605
492 49.248690748 49.279176655 49.217338190 -76.172
493 49.348785137 49.379280856 49.317442391 120.599
494 49.448925118 49.479393509 49.417555063 -934.257
495 49.549110118 49.579515037 49.517676591 1698.589
496 49.649171470 49.679584935 49.617746489 -2096.407
497 49.749225915 49.779702429 49.717864002 700.804
498 49.849345211 49.879805321 49.817966893 -3093.525
499 49.949538544 49.979939144 49.918100660 1385.433
500 50.049588100 50.080044267 50.018205821 -1784.426
501 50.149702137 50.180154320 50.118315856 552.015
502 50.249875785 50.280242392 50.218403927 265.226
503 50.349948562 50.380348912 50.318510447 32.664
504 50.450051951 50.480453773 50.418615308 1042.490
505 50.550107322 50.580576152 50.518737724 -1434.547
506 50.650291525 50.680703877 50.618865412 1427.795
507 50.750331988 50.780786113 50.718947648 -291.556
508 50.850451729 50.880889202 50.819050738 -1450.132
509 50.950684136 50.980992704 50.919154258 -1160.062
510 51.050812766 51.081099557 51.019261093 44.883
511 51.151048951 51.181204829 51.119366383 -1292.485
512 51.251198266 51.281324868 51.219486440 -221.738
513 51.351369988 51.381455854 51.319617389 -927.016
514 51.451561506 51.481560284 51.419721820 -215.259
515 51.551667673 51.581635350 51.519796904 -1352.553
516 51.651829136 51.681743805 51.619905340 156.011
517 51.751949524 51.781850322 51.720011876 -374.337
518 51.852088432 51.881973744 51.820135298 25.395
519 51.952050598 51.982087103 51.920248657 1894.253
520 52.052057858 52.082220386 52.020381921 694.733
521 52.152107932 52.182334028 52.120495582 491.864
522 52.252179432 52.282515897 52.220677451 1399.474
523 52.352181598 52.382671382 52.320832935 947.474
524 52.452216265 52.482775247 52.420936801 936.433
525 52.552221728 52.582880082 52.521041636 1225.136
526 52.652230728 52.683000612 52.621162166 1019.798
527 52.752339950 52.783207010 52.721368564 816.554
528 52.852382079 52.883316288 52.821477841 756.439
529 52.952466413 52.983492049 52.921653602 696.491
530 53.052636024 53.083588414 53.021749968 -821.237
531 53.152846635 53.183688883 53.121850437 -1424.112
532 53.253041338 53.283791718 53.221953290 -545.165
533 53.353112394 53.383891262 53.322052816 497.518
534 53.453185209 53.484014276 53.422175830 675.915
535 53.553271875 53.584156370 53.522317924 279.765
536 53.653369172 53.684289870 53.622451424 426.583
537 53.753471153 53.784407904 53.722569458 38.337
538 53.853582894 53.884518900 53.822680454 -16.617
539 53.953696986 53.984624067 53.922785621 -199.548
540 54.053793486 54.084722477 54.022884049 55.406
541 54.153917579 54.184841336 54.123002890 371.432
542 54.254019264 54.284923362 54.223084916 118.818
543 54.354074060 54.385033557 54.323195111 627.891
544 54.454153504 54.485142026 54.423303579 331.467
545 54.554251319 54.585247732 54.523409267 -475.500
546 54.654407078 54.685358307 54.623519861 -435.441
547 54.754546208 54.785460810 54.723622345 -258.743
548 54.854668430 54.885545081 54.823706413 -288.053
549 54.954759208 54.985605357 54.923766800 -497.779
550 55.054834097 55.085640271 55.023801825 -515.208
551 55.154937004 55.185699430 55.123860928 -290.978
552 55.255024596 55.285787523 55.223949077 -152.189
553 55.355098485 55.385844206 55.324005779 -102.510
554 55.455194282 55.485924558 55.424086112 -153.561
555 55.555288226 55.586028501 55.524189629 47.691
556 55.655375818 55.686121549 55.624283085 55.284
557 55.755486300 55.786236537 55.724398091 36.392
558 55.855591281 55.886335974 55.824497510 -62.716
559 55.955705633 55.986426757 55.924588311 -27.793
560 56.055774577 56.086514185 56.024675665 370.140
561 56.155629744 56.186616227 56.124777595 2877.944
562 56.255479614 56.286731754 56.224893123 2534.198
563 56.355484596 56.386815814 56.324977294 -2052.172
564 56.455820207 56.486911685 56.425073165 -2260.269
565 56.556080929 56.586992817 56.525154352 -1698.220
566 56.656337873 56.687077069 56.625238623 -1590.046
567 56.756559688 56.787169853 56.725331407 53.636
568 56.856659188 56.887266768 56.825428303 -263.861
569 56.956800929 56.987363126 56.925524643 -322.818
570 57.056892484 57.087451571 57.025612996 -14.531
571 57.156940577 57.187511280 57.125672668 -169.995
572 57.257041780 57.287600967 57.225762447 35.815
573 57.357124003 57.387684173 57.325845690 -3.043
574 57.457192003 57.487765024 57.425926560 373.098
575 57.557317965 57.587849409 57.526010945 -656.063
576 57.657421521 57.687933641 57.626095176 -129.644
577 57.757520336 57.788022543 57.726184079 64.315
578 57.857607243 57.888119074 57.826280591 102.606
579 57.957693262 57.988214671 57.926376206 88.373
580 58.057777521 58.088306176 58.026467656 60.612
581 58.157866261 58.188393215 58.126554750 146.743
582 58.257936798 58.288479998 58.226641533 148.724
583 58.358037372 58.388571839 58.326733374 -398.237
584 58.458147317 58.488655128 58.426816608 62.804
585 58.558218002 58.588738175 58.526899655 84.406
586 58.658275280 58.688822298 58.626983797 222.611
587 58.758358817 58.788913445 58.727074999 -457.432
588 58.858505298 58.889013746 58.827175318 -643.785
589 58.958776039 58.989112119 58.927273655 -1880.597
590 59.059088298 59.089207800 59.027369133 -2563.345
591 59.159338057 59.189289738 59.127451255 -1615.490
592 59.259624557 59.289378031 59.227539585 -1913.631
593 59.359884168 59.389450615 59.327612188 -1557.497
594 59.460038816 59.489482215 59.427643787 -1463.302
595 59.560239594 59.589556148 59.527717721 -1111.880
596 59.660367372 59.689606209 59.627767541 -636.517
597 59.760402909 59.789706802 59.727868356 1147.463
598 59.860411742 59.889815092 59.827976627 895.182
599 59.960435260 59.989906200 59.928067735 661.202
600 60.060458538 60.089997270 60.028158806 878.402
601 60.160451334 60.190086558 60.128248094 -43.638
602 60.260503112 60.290175344 60.228336879 1251.377
603 60.360536742 60.390260715 60.328422250 647.962
604 60.460527149 60.490351249 60.428512784 973.519
605 60.560547704 60.590434994 60.528596530 -230.436
606 60.660594908 60.690510588 60.628672123 1445.843
607 60.760641186 60.790597639 60.728759212 358.882
608 60.860710278 60.890700880 60.828862416 68.570
609 60.960794241 60.990794036 60.928955386 227.763
610 61.060855278 61.090882199 61.029043605 340.456
611 61.160929815 61.190971817 61.129133204 561.621
612 61.260969834 61.291065749 61.229227265 719.617
613 61.360988000 61.391147895 61.329309431 -1145.054
614 61.461061611 61.491232573 61.429394053 1346.272
615 61.561151963 61.591323521 61.529485000 770.609
616 61.661181222 61.691409627 61.629571107 -209.275
617 61.761241889 61.791512281 61.729673835 899.900
618 61.861305537 61.891614754 61.829776308 -240.606
619 61.961400778 61.991713855 61.929875390 132.236
620 62.061431704 62.091809868 62.029971384 404.268
621 62.161532203 62.191900315 62.130061832 366.178
622 62.261590815 62.291989940 62.230151475 1207.596
623 62.361540926 62.392074364 62.330235918 -710.336
624 62.461699074 62.492159107 62.430320661 -472.033
625 62.561848777 62.592242348 62.530403865 -526.595
626 62.661935166 62.692326317 62.630487834 149.176
627 62.761955036 62.792439456 62.730600991 854.138
628 62.862060536 62.892521678 62.830683232 1169.582
629 62.962160666 62.992625831 62.930787274 -781.244
630 63.062255333 63.092724469 63.030885967 217.163
631 63.162344314 63.192804075 63.130965629 612.423
632 63.262436536 63.292950461 63.231111996 -324.073
633 63.362509888 63.393003143 63.331164715 394.781
634 63.462563758 63.493118352 63.431279925 581.201
635 63.562638314 63.593228068 63.531389640 127.040
636 63.662715054 63.693317858 63.631479245 1134.411
637 63.762796351 63.793415524 63.731576967 -47.616
638 63.862872573 63.893496161 63.831657715 -86.126
639 63.962973425 63.993602293 63.931763828 32.632
640 64.063083554 64.093693922 64.031855458 -566.541
641 64.163214424 64.193783321 64.131944727 -700.545
642 64.263313961 64.293871569 64.232033086 513.709
643 64.363408684 64.393954321 64.332115857 -547.672
644 64.463561795 64.494052300 64.432213836 -451.879
645 64.563683313 64.594131904 64.532293384 -367.743
646 64.663775850 64.694217295 64.632378812 -354.435
647 64.763886776 64.794303263 64.732464780 66.919
648 64.863945535 64.894394101 64.832555655 538.847
649 64.964077128 64.994497408 64.932658944 -760.655
650 65.064182313 65.094601932 65.032763430 -26.175
651 65.164270868 65.194659903 65.132821365 -831.735
652 65.264353479 65.294705897 65.232867432 889.056
653 65.364431220 65.394766035 65.332927515 -127.594
654 65.464525664 65.494849440 65.433010976 -158.316
655 65.564617405 65.594948211 65.533109746 889.995
656 65.664774924 65.695026054 65.633187626 -390.392
657 65.764836109 65.795086618 65.733248190 -271.353
658 65.864931090 65.895175473 65.833337027 193.982
659 65.965080868 65.995254589 65.933416143 -1936.412
660 66.065023090 66.095316649 66.033478203 -2009.699
661 66.165118868 66.195418793 66.133580347 1734.543
662 66.265200386 66.295496785 66.233658357 976.453
663 66.365351034 66.395577109 66.333738681 -2130.293
664 66.465370738 66.495733925 66.433895479 952.768
665 66.565525293 66.595821700 66.533983217 105.624
666 66.665571942 66.695984050 66.634145567 285.883
667 66.765710793 66.796081207 66.734242687 200.505
668 66.865758238 66.896167471 66.834329044 -246.930
669 66.965872275 66.996326847 66.934487752 780.724
670 67.065948626 67.096388583 67.034550155 85.555
671 67.165991645 67.196479658 67.134641212 13.820
672 67.266062367 67.296567646 67.234729218 780.556
673 67.366118552 67.396696460 67.334858032 102.716
674 67.466194200 67.496784186 67.434945721 248.116
675 67.566278737 67.596877971 67.535039450 112.093
676 67.666363774 67.697005649 67.635167221 390.641
677 67.766444441 67.797086202 67.735247774 -457.802
678 67.866582663 67.897177849 67.835339421 -201.603
679 67.966699089 67.997263655 67.935425209 12.977
680 68.066811570 68.097371217 68.035532623 -926.162
681 68.166907348 68.197443119 68.135604673 -351.764
682 68.266981385 68.297507927 68.235669481 225.148
683 68.367057644 68.397578993 68.335740565 -648.422
684 68.467193033 68.497679324 68.435840878 660.620
685 68.567283552 68.597794685 68.535956257 32.782
686 68.667358329 68.697882109 68.636043663 -367.061
687 68.767433533 68.797965737 68.736127310 532.584
688 68.867492051 68.898041013 68.836202585 -535.745
689 68.967593736 68.998116801 68.936278355 -7.886
690 69.067693922 69.098226729 69.036388264 122.224
691 69.167788014 69.198308358 69.136469894 -188.849
692 69.267929866 69.298396977 69.236558531 -1476.457
693 69.368031199 69.398511075 69.336672629 159.021
694 69.468175421 69.498570238 69.436731791 -237.390
695 69.568268051 69.598651679 69.536813196 -880.727
696 69.668508218 69.698729867 69.636891421 -3715.675
697 69.768727440 69.798864961 69.737026515 122.323
698 69.868922347 69.898941590 69.837103144 -1793.087
699 69.969037365 69.999027968 69.937189522 -329.882
700 70.069120217 70.099134321 70.037295727 585.951
701 70.169130254 70.199234296 70.137395813 1280.359
702 70.269159699 70.299322477 70.237483994 235.692
703 70.369186532 70.399408739 70.337570274 477.046
704 70.469234699 70.499529801 70.437691336 1014.379
705 70.569329550 70.599657444 70.537819016 400.859
706 70.669402143 70.699774748 70.637936302 286.839
707 70.769469513 70.799855364 70.738016844 275.362
708 70.869546254 70.899989224 70.838150778 785.250
709 70.969616069 71.000072613 70.938234167 28.859
710 71.069669291 71.100173238 71.038334663 778.356
711 71.169716920 71.200259619 71.138421173 -145.693
712 71.269789939 71.300342824 71.238504285 -8.143
713 71.369865383 71.400426345 71.338587881 493.909
714 71.469940291 71.500512965 71.438674481 279.861
715 71.569962587 71.600616278 71.538777814 1115.489
716 71.670052216 71.700689436 71.638850990 -899.268
717 71.770095253 71.800765235 71.738926789 -578.520
718 71.870233512 71.900836701 71.838998255 945.888
719 71.970194179 72.000920579 71.939082114 -902.986
720 72.070454123 72.101017432 72.039178967 1095.990
721 72.170430623 72.201102511 72.139264065 -826.011
722 72.270533605 72.301185748 72.239347284 -265.570
723 72.370603642 72.401271275 72.339432811 100.514
724 72.470701457 72.501365207 72.439526743 322.740
725 72.570784308 72.601451295 72.539612849 -155.019
726 72.670897956 72.701543042 72.639704578 -885.400
727 72.770899549 72.801652437 72.739813972 2329.065
728 72.871135271 72.901735480 72.839897016 2460.368
729 72.971065104 73.001821403 72.939982957 -963.749
730 73.071175012 73.101877955 73.040039379 300.299
731 73.171236215 73.201956215 73.140117751 -150.691
732 73.271337086 73.302038106 73.240199642 -308.131
733 73.371431475 73.402121484 73.340283020 -44.072
734 73.471511493 73.502210573 73.440372090 550.097
735 73.571640567 73.602292973 73.540454453 265.883
736 73.671679808 73.702372184 73.640533720 -764.954
737 73.771745252 73.802452586 73.740614121 -351.977
738 73.871812567 73.902516109 73.840677626 789.325
739 73.971964882 74.002613992 73.940775546 3.082
740 74.072028974 74.102705556 74.040867073 -1912.892
741 74.172146530 74.202842166 74.141003701 1075.764
742 74.272276844 74.302991325 74.241152823 1727.042
743 74.372458307 74.403071460 74.341232847 1332.948
744 74.472471437 74.503153727 74.441315244 -1061.466
745 74.572611307 74.603244289 74.541405824 175.384
746 74.672694233 74.703359714 74.641521212 -210.993
747 74.772803103 74.803458342 74.741619915 433.805
748 74.872858344 74.903536692 74.841698246 74.815
749 74.972931529 75.003610163 74.941771736 186.146
750 75.072987937 75.103699451 75.041861005 800.220
751 75.173130622 75.203786774 75.141948309 -2220.641
752 75.273168881 75.303877174 75.242038747 378.561
753 75.373241529 75.403952147 75.342113682 -353.426
754 75.473358418 75.504037197 75.442198751 146.839
755 75.573459936 75.604114154 75.542275671 -1295.099
756 75.673459603 75.704195049 75.642356584 2003.486
757 75.773671732 75.804263981 75.742425498 -1860.149
758 75.873722084 75.904382392 75.842543945 2044.539
759 75.973804547 76.004452116 75.942613670 -2134.603
760 76.073957399 76.104548827 76.042710381 696.076
761 76.173972047 76.204663983 76.142825370 -450.871
762 76.274133714 76.304742638 76.242904155 -429.916
763 76.374191176 76.404838124 76.342999678 1114.063
764 76.474264510 76.504864944 76.443026517 1245.540
765 76.574281250 76.604932427 76.543093944 -3213.230
766 76.674426621 76.705071330 76.643232884 1442.199
767 76.774510936 76.805137950 76.743299504 -268.945
768 76.874612010 76.905223409 76.843384981 1399.965
769 76.974685287 77.005428576 76.943590148 -254.535
770 77.074863324 77.105522552 77.043684087 967.977
771 77.174878806 77.205608452 77.143769895 -535.752
772 77.274933657 77.305681086 77.243842659 -590.973
773 77.375076454 77.405755614 77.343917168 -518.895
774 77.475152620 77.505843871 77.444005407 1106.252
775 77.575149731 77.605922242 77.544083777 972.701
776 77.675265565 77.705996393 77.644157966 -1833.676
777 77.775367213 77.806174670 77.744336224 1779.275
778 77.875410435 77.906242727 77.844404263 -1708.843
779 77.975580972 78.006326185 77.944487758 4254.651
780 78.075673805 78.106360371 78.044521907 -3602.404
781 78.175781972 78.206528311 78.144689458 -189.091
782 78.275863231 78.306603583 78.244765137 740.504
783 78.375934768 78.406677008 78.344838580 282.849
784 78.476001120 78.506752250 78.444913823 -177.982
785 78.576059305 78.606826789 78.544988362 89.368
786 78.676120990 78.706896386 78.645057940 70.119
787 78.776184916 78.806974880 78.745136434 492.942
788 78.876236805 78.907044027 78.845205581 -261.711
789 78.976318953 79.007114213 78.945275749 -17.081
790 79.076420267 79.107192484 79.045354038 -516.508
791 79.176512027 79.207238496 79.145400087 -334.514
792 79.276631453 79.307306592 79.245468127 -584.246
793 79.376717545 79.407389746 79.345551300 711.537
794 79.476795156 79.507456629 79.445618183 214.405
795 79.576827545 79.607531406 79.545692941 -638.879
796 79.676914249 79.707577037 79.645738610 191.122
797 79.776987230 79.807711486 79.745873039 1156.223
798 79.877064008 79.907796335 79.845957889 -820.672
799 79.977140915 80.007844678 79.946006232 -216.115
800 80.077254804 80.107927380 80.046088952 -228.462
801 80.177366100 80.208004101 80.146165636 -497.773
802 80.277460452 80.308082012 80.246243511 112.458
803 80.377558878 80.408182959 80.346344402 -26.253
804 80.477644156 80.508272687 80.446434259 286.336
805 80.577726137 80.608323664 80.546485217 -137.560
806 80.677796600 80.708438044 80.646599616 376.618
807 80.777868581 80.808520795 80.746682330 785.938
808 80.877951266 80.908630064 80.846791637 -1006.003
809 80.978100655 81.008703129 80.946864702 1517.613
810 81.078172285 81.108799758 81.046961312 565.185
811 81.178240192 81.208840548 81.147002083 303.784
812 81.278336914 81.308988451 81.247149690 -211.910
813 81.378420173 81.409076670 81.347238187 -501.675
814 81.478518322 81.509177781 81.447339223 369.229
815 81.578598081 81.609269691 81.547430911 333.561
816 81.678686136 81.709426816 81.647587906 1436.635
817 81.778733525 81.809491710 81.747653209 -823.849
818 81.878827544 81.909628324 81.847789896 626.670
819 81.978897006 82.009707323 81.947868895 386.097
820 82.078967932 82.109816900 82.047978473 214.734
821 82.179013525 82.209922057 82.148083611 94.043
822 82.279112154 82.310020896 82.248182321 305.728
823 82.379194395 82.410105350 82.348266904 -711.583
824 82.479246599 82.510181799 82.448343371 222.056
825 82.579319932 82.610248215 82.548409787 242.618
826 82.679396247 82.710339326 82.648500898 -304.836
827 82.779555265 82.810411214 82.748572786 -1252.585
828 82.879662321 82.910487457 82.848649011 740.816
829 82.979728617 83.010558518 82.948720091 -3150.531
830 83.079892284 83.110637091 83.048798570 1034.035
831 83.179988598 83.210704605 83.148866159 -1070.080
832 83.280074172 83.310800700 83.248962217 1729.304
833 83.380149191 83.410872044 83.349033616 -325.517
834 83.480228080 83.510966732 83.449128249 -99.199
835 83.580325543 83.611056548 83.549218046 370.744
836 83.680465876 83.711134877 83.649296449 -385.568
837 83.780546135 83.811245849 83.749407421 366.721
838 83.880616635 83.911322408 83.849483962 -181.870
839 83.980694320 84.011360522 83.949522076 -507.726
840 84.080772709 84.111443156 84.049604691 -55.339
841 84.180918561 84.211549617 84.149711152 513.927
842 84.281014950 84.311645556 84.249807110 -1084.878
843 84.381176394 84.411719233 84.349880787 1053.157
844 84.481099005 84.511765395 84.449926949 -2065.690
845 84.581249449 84.611840343 84.550001916 2032.821
846 84.681322209 84.711928576 84.650090130 -982.282
847 84.781447394 84.811998996 84.750160568 -700.523
848 84.881523431 84.912024688 84.850186242 -61.812
849 84.981571523 85.012120023 84.950281577 -548.484
850 85.081718468 85.112194881 85.050356398 -6.994
851 85.181771727 85.212284568 85.150446122 -252.790
852 85.281864708 85.312340580 85.250502005 139.548
853 85.381941319 85.412432631 85.350594166 180.908
854 85.481969541 85.512531531 85.450693011 2025.553
855 85.581921541 85.612630956 85.550792491 1477.585
856 85.681963912 85.712849955 85.651011509 1256.594
857 85.782012263 85.812957259 85.751118813 588.863
858 85.881993523 85.913064895 85.851226411 1487.858
859 85.981996504 86.013204947 85.951366519 1026.360
860 86.082068448 86.113358490 86.051520044 1172.151
861 86.182053504 86.213441767 86.151603339 781.455
862 86.282142837 86.313640964 86.251802499 1172.644
863 86.382192171 86.413730163 86.351891569 242.387
864 86.482265393 86.513852699 86.452014272 2326.305
865 86.582237763 86.613914536 86.552076054 -2125.404
866 86.682361763 86.714100008 86.652261580 2073.621
867 86.782429078 86.814216982 86.752378536 -446.958
868 86.882502022 86.914366825 86.852528398 -9.535
869 86.982593374 87.014463918 86.952625435 994.518
870 87.082622744 87.114543943 87.052705497 23.758
871 87.182649596 87.214628653 87.152790188 76.714
872 87.282764170 87.314750835 87.252912388 799.553
873 87.382874522 87.414893608 87.353055125 150.336
874 87.482935596 87.514975609 87.453137144 248.110
875 87.583026836 87.615061183 87.553222756 431.204
876 87.683107540 87.715153878 87.653315450 -1099.223
877 87.783197503 87.815228778 87.753390294 476.070
878 87.883278133 87.915439435 87.853600284 1655.125
879 87.983350558 88.015517339 87.953678912 -90.293
880 88.083468632 88.115556324 88.053717823 -1664.598
881 88.183450021 88.215650556 88.153811888 -450.186
882 88.283632429 88.315749549 88.253911103 -109.231
883 88.383747595 88.415852794 88.354014311 300.201
884 88.483809262 88.515933086 88.454094640 78.088
885 88.583898206 88.616027048 88.554188602 18.358
886 88.684063558 88.716105607 88.654267179 -2146.735
887 88.784316243 88.816180460 88.754342014 -1481.590
888 88.884552410 88.916223097 88.854384670 -1125.130
889 88.984720039 89.016294050 88.954455623 -1769.059
890 89.084909595 89.116336730 89.054498228 -1342.326
891 89.185096502 89.216412412 89.154573984 -1048.358
892 89.285182724 89.316531977 89.254693531 933.659
893 89.385283706 89.416664975 89.354826066 257.606
894 89.485347280 89.516728412 89.454889892 -761.033
895 89.585437169 89.616792579 89.554954114 576.625
896 89.685508113 89.716925324 89.655086896 113.639
897 89.785599668 89.816997172 89.755158689 -372.166
898 89.885679798 89.917114903 89.855276401 699.289
899 89.985750205 90.017182113 89.955343667 223.074
900 90.085781076 90.117272214 90.055433713 336.469
901 90.185860890 90.217356004 90.155517558 31.712
902 90.285956613 90.317458525 90.255620079 963.304
903 90.386053983 90.417577691 90.355739226 -552.247
904 90.486199816 90.517655747 90.455817301 -292.556
905 90.586288853 90.617740220 90.555901792 -427.103
906 90.686362075 90.717797623 90.655959196 -71.196
907 90.786434742 90.817887502 90.756049075 631.407
908 90.886511464 90.917941023 90.856102595 -1064.714
909 90.986602223 91.018060281 90.956221835 820.173
910 91.086685631 91.118132647 91.056294164 273.038
911 91.186757057 91.218248832 91.156410367 -108.991
912 91.286842927 91.318342704 91.256504258 -291.593
913 91.387028445 91.418427984 91.356589279 -850.974
914 91.487187871 91.518508522 91.456670057 -675.051
915 91.587374075 91.618597470 91.556759043 -829.839
916 91.687467390 91.718667183 91.656828756 -1002.698
917 91.787644093 91.818741897 91.756903433 -791.283
918 91.887762667 91.918818430 91.856980003 -1193.044
919 91.987875778 92.018896972 91.957058525 143.163
920 92.087979556 92.118955655 92.057117172 -1013.448
921 92.188071204 92.219037838 92.157199374 564.505
922 92.288182241 92.319133823 92.257295377 102.708
923 92.388250537 92.419238315 92.357399684 412.615
924 92.488376759 92.519311443 92.457472997 -787.254
925 92.588499000 92.619401050 92.557562622 836.653
926 92.688513204 92.719477707 92.657639261 -714.778
927 92.788655593 92.819561190 92.757722725 847.293
928 92.888676833 92.919637523 92.857799077 -46.649
929 92.988746574 93.019712278 92.957873851 300.035
930 93.088815926 93.119793538 93.057955018 -105.825
931 93.188903703 93.219863348 93.158024865 -1022.707
932 93.289097500 93.319982639 93.258144174 -19.896
933 93.389167018 93.420102510 93.358264046 -100.953
934 93.489382426 93.520206187 93.458367741 697.143
935 93.589399444 93.620292145 93.558453643 -498.882
936 93.689496962 93.720355415 93.658516951 -95.174
937 93.789588555 93.820439867 93.758601402 351.123
938 93.889667666 93.920530529 93.858692083 -222.294
939 93.989755777 94.020626842 93.958788358 529.183
940 94.089814277 94.120740911 94.058902446 -184.559
941 94.189847166 94.220837224 94.158998759 1038.508
942 94.289931703 94.320926612 94.259088147 810.672
943 94.389999055 94.421031303 94.359192857 420.199
944 94.490107018 94.521180620 94.459342155 326.252
945 94.590179703 94.621271658 94.559433193 -300.564
946 94.690277795 94.721316714 94.659478231 -825.524
947 94.790379295 94.821444695 94.759606231 657.019
948 94.890479332 94.921515623 94.859677176 -567.676
949 94.990561758 95.021628112 94.959789647 201.378
950 95.090636665 95.121714193 95.059875728 227.720
951 95.190712962 95.221786370 95.159947868 -667.863
952 95.290804980 95.321911586 95.260073029 614.122
953 95.390909406 95.421970122 95.360131676 -669.913
954 95.491049258 95.522032165 95.460193700 -774.899
955 95.591154184 95.622157404 95.560318940 189.247
956 95.691298480 95.722245161 95.660406512 -343.818
957 95.791454591 95.822345967 95.760507057 1182.238
958 95.891579998 95.922432032 95.860593567 -3698.376
959 95.991777257 96.022515338 95.960676687 4052.596
960 96.091862850 96.122601759 96.060763313 -1628.417
961 96.191977535 96.222702856 96.160864391 298.086
962 96.292087553 96.322785564 96.260947100 -818.626
963 96.392322720 96.422871816 96.361033352 192.301
964 96.492305276 96.522967732 96.461129267 -1425.799
965 96.592561201 96.623072364 96.561233881 746.895
966 96.692675313 96.723166364 96.661327899 -269.263
967 96.792764738 96.823258406 96.761419923 -91.404
968 96.892858516 96.923344532 96.861506067 49.472
969 96.992951016 97.023430143 96.961591586 -195.852
970 97.093054201 97.123514113 97.061675648 -111.557
971 97.193158960 97.223599124 97.161760548 -670.929
972 97.293300720 97.323679616 97.261841133 -588.843
973 97.393445016 97.423764962 97.361926497 -588.843
974 97.493563682 97.523866644 97.462028180 -271.437
975 97.593665608 97.623963720 97.562125256 254.766
976 97.693758238 97.724056155 97.662217672 -418.230
977 97.793848090 97.824145040 97.762306557 438.299
978 97.893931478 97.924229870 97.862391406 -1388.775
979 97.994005682 98.024321124 97.962482511 1239.288
980 98.094086830 98.124410403 98.062571735 -157.587
981 98.194183997 98.224497002 98.162658167 131.350
982 98.294291849 98.324595073 98.262756609 -168.864
983 98.394388682 98.424681296 98.362842869 -67.959
984 98.494492274 98.524793700 98.462955235 109.526
985 98.594587960 98.624876731 98.563038266 -13.158
986 98.694678311 98.724970987 98.663132522 -153.212
987 98.794777108 98.825058023 98.763219558 1612.075
988 98.894881348 98.925144750 98.863306285 -835.493
989 98.994972663 99.025269960 98.963431496 42.125
990 99.095096052 99.125355977 99.063517512 -885.401
991 99.195225996 99.225426714 99.163588102 -536.090
992 99.295324922 99.325463130 99.263624609 -341.462
993 99.395391292 99.425535835 99.363697370 2956.479
994 99.495360607 99.525879273 99.464040808 1885.988
995 99.595461496 99.626403235 99.564564789 5397.469
996 99.695534922 99.726751657 99.664913229 4207.327
997 99.795396977 99.826929163 99.765090680 1966.192
998 99.895242459 99.927071539 99.865233000 2576.903
999 99.995215403 100.027281227 99.965442799 2185.234
1000 100.095068181 100.127368945 100.065530461 2748.450
1001 100.194931292 100.227450468 100.165611966 1812.579
1002 100.294864329 100.327593568 100.265755104 1948.922
1003 100.395029107 100.427668698 100.365830270 -2568.427
1004 100.495329551 100.527746138 100.465907692 -1866.947
1005 100.595674106 100.627815020 100.565976500 -4254.395
1006 100.695886940 100.727897550 100.666059123 463.710
1007 100.796143662 100.827968210 100.766129782 -1472.243
1008 100.896313995 100.928048341 100.866209895 69.709
1009 100.996622366 101.028085716 100.966247270 -3260.919
1010 101.096713291 101.128153215 101.066314695 -2690.873
1011 101.196980625 101.228233527 101.166395063 -279.148
1012 101.297147328 101.328302053 101.266463607 -1405.645
1013 101.397363421 101.428344173 101.366505727 -2244.612
1014 101.497657643 101.528422902 101.466584456 -1979.409
1015 101.597918902 101.628517097 101.566678614 -1757.421
1016 101.698182402 101.728596695 101.666758230 -1697.694
1017 101.798431661 101.828687063 101.766848598 -935.415
1018 101.898639846 101.928774100 101.866935470 -2339.944
1019 101.998836365 102.028859607 101.967021161 -395.885
1020 102.099033994 102.128942465 102.067103982 -1316.811
1021 102.199194254 102.229025598 102.167187114 -460.039
1022 102.299349846 102.329109177 102.267270712 -842.377
1023 102.399499050 102.429187161 102.367348696 -534.780
1024 102.499633439 102.529275446 102.467437000 -349.883
1025 102.599793624 102.629372368 102.567533922 -853.310
1026 102.699944883 102.729474416 102.667635951 -281.757
1027 102.800093976 102.829577505 102.767739059 -1089.115
1028 102.900255031 102.929666770 102.867828324 -849.342
1029 103.000406068 103.029763368 102.967924922 208.009
1030 103.100546957 103.129847728 103.068009282 -814.197
1031 103.200647846 103.229937581 103.168099116 265.213
1032 103.300816586 103.330021740 103.268183294 -924.911
1033 103.400900753 103.430103546 103.368265026 -878.728
1034 103.501068105 103.530192778 103.468354332 -524.597
1035 103.601203327 103.630294115 103.568455651 -592.371
1036 103.701336827 103.730388116 103.668549504 -82.022
1037 103.801466438 103.830491550 103.768653085 -459.586
1038 103.901592290 103.930587703 103.868749238 -13.528
1039 104.001662012 104.030672987 103.968834523 105.447
1040 104.101751808 104.130758663 104.068920198 8.477
1041 104.201783734 104.230851490 104.169013026 1130.852
1042 104.301755845 104.330936564 104.269098118 -271.378
1043 104.401696901 104.431024786 104.369186302 1891.583
1044 104.501661475 104.531110957 104.469272529 246.849
1045 104.601608530 104.631277215 104.569438769 890.383
1046 104.701724067 104.731374206 104.669535630 700.506
1047 104.801759974 104.831551724 104.769713278 2062.318
1048 104.901762197 104.931627278 104.869788850 -265.135
1049 105.001733752 105.031706859 104.969868431 1598.928
1050 105.101694122 105.131805024 105.069966559 1448.838
1051 105.201732530 105.231914339 105.170075893 824.515
1052 105.301705474 105.332015596 105.270177149 625.214
1053 105.401787641 105.432148109 105.370309644 436.512
1054 105.501837678 105.532282345 105.470443899 881.222
1055 105.601901363 105.632403432 105.570564968 476.317
1056 105.701980363 105.732498378 105.670659913 84.995
1057 105.802064066 105.832596708 105.770758243 -306.744
1058 105.902158881 105.932685811 105.870847346 307.113
1059 106.002215177 106.032772522 105.970934039 128.944
1060 106.102286918 106.132860608 106.071022125 256.121
1061 106.202360862 106.232946584 106.171108119 4.117
1062 106.302431973 106.333033786 106.271195322 573.881
1063 106.402437659 106.433113586 106.371275102 1418.006
1064 106.502432381 106.533194595 106.471356131 630.229
1065 106.602534751 106.633280279 106.571441833 -1081.438
1066 106.702602344 106.733383405 106.671544922 1024.973
1067 106.802770788 106.833477617 106.771638986 -614.183
1068 106.902846251 106.933576947 106.871738446 540.634
1069 107.002910769 107.033652932 106.971814486 -363.663
1070 107.103010880 107.133737811 107.071899346 1131.837
1071 107.202941899 107.233824782 107.171985891 -383.251
1072 107.303230380 107.333913790 107.272075270 443.577
1073 107.403316325 107.434130571 107.372292143 171.871
1074 107.503445288 107.534199990 107.472361544 -88.365
1075 107.603519436 107.634282131 107.572443685 294.269
1076 107.703640362 107.734380148 107.672541684 -462.937
1077 107.803720806 107.834471568 107.772633085 69.415
1078 107.903762084 107.934508973 107.872670508 35.257
1079 108.003842417 108.034592296 107.972753628 99.094
1080 108.103945065 108.134684967 108.072846502 -223.554
1081 108.204027454 108.234770669 108.172932204 -73.599
1082 108.304077676 108.334853065 108.273014156 267.713
1083 108.404157417 108.434937931 108.373099448 537.901
1084 108.504231565 108.535020215 108.473181732 -54.551
1085 108.604359750 108.635107306 108.573268841 973.787
1086 108.704344713 108.735206078 108.673367613 760.521
1087 108.804466435 108.835296832 108.773458386 -446.115
1088 108.904515176 108.935383537 108.873545054 -15.615
1089 109.004593250 109.035467157 108.973628693 460.050
1090 109.104742175 109.135553702 109.073715219 -2513.555
1091 109.204922583 109.235673324 109.173834878 3249.383
1092 109.304978527 109.335754698 109.273916234 -2582.290
1093 109.405085472 109.435840546 109.374002026 2175.377
1094 109.505143009 109.535919655 109.474081135 -499.133
1095 109.605191360 109.636009843 109.574171397 -371.505
1096 109.705307194 109.736112783 109.674274170 -21.417
1097 109.805402508 109.836201587 109.774363085 126.804
1098 109.905492008 109.936291883 109.874453455 -207.059
1099 110.005560027 110.036366542 109.974528059 171.060
1100 110.105641786 110.136447099 110.074608190 56.644
1101 110.205735027 110.236534792 110.174696309 -76.838
1102 110.305817341 110.336631644 110.274793161 -213.038
1103 110.405888897 110.436713506 110.374875079 583.378
1104 110.505973971 110.536788944 110.474950498 -370.067
1105 110.606054045 110.636886599 110.575048189 420.292
1106 110.706145897 110.736977349 110.675138884 19.101
1107 110.806232582 110.837050858 110.775212394 -132.350
1108 110.906312619 110.937105369 110.875266923 -841.246
1109 111.006383230 111.037184695 110.975346267 1.494
1110 111.106488137 111.137269187 111.075430722 885.691
1111 111.206569267 111.237353593 111.175515073 -934.647
1112 111.306671730 111.337476036 111.275637571 303.465
1113 111.406709952 111.437584660 111.375746214 -286.658
1114 111.506884044 111.537666128 111.475827700 3014.989
1115 111.606875193 111.637757856 111.575919391 -1202.064
1116 111.706997211 111.737873762 111.676035334 -207.293
1117 111.807095341 111.837968616 111.776130151 343.862
1118 111.907167729 111.938063502 111.876224704 24.296
1119 112.007232618 112.038163496 111.976324957 389.140
1120 112.107278044 112.138247816 112.076409352 389.140
1121 112.207325951 112.238334017 112.176495534 141.440
1122 112.307413507 112.338418895 112.276580375 -122.120
1123 112.407495581 112.438512211 112.376673728 -278.988
1124 112.507599748 112.538592928 112.476754482 914.846
1125 112.607703599 112.638674842 112.576836377 -1848.755
1126 112.707955525 112.738795499 112.676957034 2996.913
1127 112.808033284 112.838871508 112.777033043 -3010.934
1128 112.908003821 112.938958493 112.877119954 1595.332
1129 113.008136432 113.039031326 112.977192880 -1914.124
1130 113.108237877 113.139108125 113.077269605 -855.616
1131 113.208333266 113.239205058 113.177366315 470.432
1132 113.308429488 113.339283316 113.277444814 -164.888
1133 113.408546488 113.439366034 113.377527532 -380.938
1134 113.508608117 113.539445295 113.477606775 -60.709
1135 113.608688747 113.639520904 113.577682476 547.454
1136 113.708723376 113.739600729 113.677762264 -308.105
1137 113.808848747 113.839733648 113.777895183 232.339
1138 113.909036950 113.939815646 113.877977219 334.711
1139 114.009109173 114.039916893 113.978078447 -1238.991
1140 114.109255432 114.139995709 114.078157263 -29.693
1141 114.209301469 114.240115389 114.178276905 1696.112
1142 114.309490172 114.340194876 114.278356430 -379.548
1143 114.409653765 114.440270875 114.378432448 924.226
1144 114.509727580 114.540340017 114.478501478 -1052.713
1145 114.609799820 114.640416174 114.578577728 277.918
1146 114.709874820 114.740513491 114.678675026 490.346
1147 114.810040154 114.840614644 114.778775810 -1437.732
1148 114.910132005 114.940849444 114.879010961 974.165
1149 115.010325672 115.040921358 114.979082912 -2168.859
1150 115.110315042 115.140996648 115.079158184 -370.860
1151 115.210430376 115.241078190 115.179239725 -553.723
1152 115.310508950 115.341158562 115.279320116 251.354
1153 115.410580764 115.441235342 115.379396914 46.419
1154 115.510620227 115.541309894 115.479471392 -124.283
1155 115.610712579 115.641401466 115.579562983 164.726
1156 115.710775746 115.741489101 115.679650655 264.476
1157 115.810880542 115.841601238 115.779762699 72.837
1158 115.911030783 115.941680716 115.879842270 -1895.166
1159 116.011268412 116.041751695 115.979913267 -1230.043
1160 116.111438486 116.141797650 116.079959167 -1244.315
1161 116.211626097 116.241856068 116.180017640 -1239.968
1162 116.311706708 116.341910723 116.280072296 -128.282
1163 116.411777542 116.441950438 116.380111992 -358.249
1164 116.511881690 116.542018214 116.480179712 -369.599
1165 116.612022838 116.642104351 116.580265794 -424.553
1166 116.712117152 116.742186665 116.680348219 -290.783
1167 116.812239171 116.842292387 116.780453922 -152.423
1168 116.912357263 116.942381734 116.880543269 -416.720
1169 117.012483949 117.042473871 116.980635407 -140.003
1170 117.112532745 117.142512063 117.080673580 -203.143
1171 117.212627967 117.242597012 117.180758529 156.327
1172 117.312723800 117.342682363 117.280843880 -24.634
1173 117.412800837 117.442763301 117.380924836 1.853
1174 117.512870041 117.542844026 117.481005265 224.224
1175 117.612905967 117.642926420 117.581087900 29.005
1176 117.713037689 117.743013755 117.681175309 168.828
1177 117.813130874 117.843131822 117.781293376 -4.096
1178 117.913229152 117.943238158 117.881399693 -93.436
1179 118.013315170 118.043325301 117.981486873 233.379
1180 118.113390707 118.143401078 118.081562614 -277.082
1181 118.213481429 118.243478099 118.181639671 -33.900
1182 118.313568355 118.343551602 118.281713175 -232.413
1183 118.413676744 118.443635080 118.381796653 975.560
1184 118.513740188 118.543712506 118.481874059 1009.852
1185 118.613771170 118.643800367 118.581961884 -435.944
1186 118.713877725 118.743883946 118.682045518 955.238
1187 118.813978170 118.843972567 118.782134121 -1593.345
1188 118.914088521 118.944116177 118.882277731 -322.930
1189 119.014268781 119.044205613 118.982367093 354.047
1190 119.114345781 119.144279222 119.082440720 -433.972
1191 119.214426558 119.244360692 119.182522135 178.067
1192 119.314499466 119.344428252 119.282589806 380.978
1193 119.414562429 119.444555409 119.382716981 411.884
1194 119.514628503 119.544640894 119.482802466 47.940
1195 119.614710817 119.644709895 119.582871449 21.659
1196 119.714760021 119.744783936 119.682945472 -198.712
1197 119.814887614 119.844883248 119.783044784 875.233
1198 119.914948651 119.944975085 119.883136620 -710.251
1199 120.015020373 120.045064386 119.983225922 666.773
1200 120.115068669 120.145151191 120.083312708 60.963
1201 120.215118558 120.245239808 120.183401325 439.785
1202 120.315184447 120.345323370 120.283484905 -557.777
1203 120.415293095 120.445405254 120.383566808 514.356
1204 120.515333724 120.545489449 120.483651002 765.271
1205 120.615423428 120.645581777 120.583743313 -408.999
1206 120.715522169 120.745662636 120.683824190 -54.180
1207 120.815627706 120.845750963 120.783912517 -18.357
1208 120.915795280 120.945847355 120.884008909 -1336.499
1209 121.015895150 121.045954600 120.984116135 1569.343
1210 121.116057298 121.146040596 121.084202132 263.408
1211 121.216139687 121.246125796 121.184287331 -211.907
1212 121.316231668 121.346209896 121.284371413 -157.249
1213 121.416310872 121.446292360 121.384453895 450.114
1214 121.516374538 121.546373810 121.484535345 -34.557
1215 121.616483520 121.646459229 121.584620764 -514.466
1216 121.716620298 121.746542072 121.684703589 162.997
1217 121.816723112 121.846630890 121.784792426 -713.837
1218 121.916831409 121.946727952 121.884889506 34.078
1219 122.016934538 122.046825756 121.984987309 160.692
1220 122.116997668 122.146912268 122.085073822 -152.418
1221 122.217122038 122.246997795 122.185159312 -297.954
1222 122.317184742 122.347082506 122.285244041 -3.184
1223 122.417335242 122.447164147 122.385325664 58.836
1224 122.517381075 122.547245918 122.485407435 393.281
1225 122.617482927 122.647329104 122.585490436 348.610
1226 122.717532130 122.747410250 122.685571767 -182.820
1227 122.817588853 122.847494814 122.785656386 305.104
1228 122.917690130 122.947583703 122.885744831 -248.743
1229 123.017770389 123.047688679 122.985850252 547.747
1230 123.117807315 123.147763786 123.085925285 9.952
1231 123.217889686 123.247874626 123.186035995 335.138
1232 123.317947241 123.347948122 123.286109676 8.844
1233 123.418026463 123.448037433 123.386198987 122.145
1234 123.518131241 123.548105930 123.486267336 -580.960
1235 123.618188093 123.648187873 123.586349371 254.330
1236 123.718262796 123.748268448 123.686429983 596.643
1237 123.818322185 123.848359518 123.786521090 87.504
1238 123.918433537 123.948487515 123.886648939 126.149
1239 124.018537037 124.048580486 123.986742059 -185.545
1240 124.118658130 124.148652850 124.086814348 -904.844
1241 124.218819444 124.248731122 124.186892658 -1057.480
1242 124.318994926 124.348803575 124.286965129 -506.126
1243 124.419076352 124.448870306 124.387031879 -1134.372
1244 124.519237851 124.548943659 124.487105231 -235.045
1245 124.619347222 124.649017140 124.587178713 -250.340
1246 124.719457777 124.749102435 124.687263823 -282.013
1247 124.819589759 124.849189331 124.787350885 -466.006
1248 124.919697055 124.949288669 124.887450223 618.491
1249 125.019734944 125.049388430 124.987549817 618.491
1250 125.119772073 125.149484605 125.087646159 323.604
1251 125.219846962 125.249591860 125.187753395 323.604
1252 125.319893203 125.349670457 125.287832011 323.604
1253 125.419935703 125.449745350 125.387906922 323.604
1254 125.520011851 125.549842939 125.488004326 356.848
1255 125.620092703 125.649951601 125.588113173 304.502
1256 125.720155592 125.750025903 125.688187476 60.306
1257 125.820234795 125.850118661 125.788280159 64.861
1258 125.920308665 125.950219403 125.888380938 453.228
1259 126.020390888 126.050336021 125.988497556 119.188
1260 126.120463073 126.150434186 126.088595721 228.619
1261 126.220534036 126.250540807 126.188702323 366.260
1262 126.320614128 126.350694368 126.288855792 880.726
1263 126.420641424 126.450801097 126.388962670 722.075
1264 126.520669498 126.550898254 126.489059789 658.896
1265 126.620762295 126.651049568 126.589211141 561.276
1266 126.720784609 126.751126214 126.689287731 530.511
1267 126.820847498 126.851238866 126.789400439 506.518
1268 126.920910202 126.951348246 126.889509800 383.807
1269 127.021004794 127.051478830 126.989640365 331.739
1270 127.121082517 127.151589715 127.089751269 331.739
1271 127.221151850 127.251690293 127.189851699 115.866
1272 127.321298646 127.351773782 127.289935206 -854.304
1273 127.421428868 127.451837241 127.389998813 -87.855
1274 127.521510609 127.551902728 127.490064263 -708.433
1275 127.621643701 127.651983748 127.590145265 -354.273
1276 127.721750535 127.752051993 127.690213473 -535.651
1277 127.821858479 127.852114535 127.790276107 -274.915
1278 127.921970849 127.952203183 127.890364737 -208.812
1279 128.022087979 128.052307170 127.990468706 -190.839
1280 128.122192164 128.152392196 128.090553731 -190.839
1281 128.222304738 128.252488578 128.190650077 -139.061
1282 128.322376127 128.352587680 128.290749234 509.889
1283 128.422435479 128.452664943 128.390826460 73.147
1284 128.522519868 128.552741925 128.490903461 -226.933
1285 128.622614201 128.652829044 128.590990598 -778.365
1286 128.722720201 128.752888199 128.691049772 29.918
1287 128.822790849 128.852989944 128.791151498 -250.768
1288 128.922926071 128.953074401 128.891235974 -497.264
1289 129.023044775 129.053183285 128.991344802 52.388
1290 129.123137367 129.153277355 129.091438890 575.228
1291 129.223180589 129.253367624 129.191529104 -441.448
1292 129.323286738 129.353435016 129.291596570 553.887
1293 129.423364552 129.453521981 129.391683535 283.236
1294 129.523383534 129.553596488 129.491758005 -491.659
1295 129.623485256 129.653741827 129.591903289 494.440
1296 129.723597645 129.753820892 129.691982446 -150.057
1297 129.823670422 129.853916057 129.792077592 98.290
1298 129.923758089 129.954008454 129.892170026 145.272
1299 130.023784070 130.054117131 129.992278647 1086.067
1300 130.123790811 130.154227393 130.092388929 920.212
1301 130.223807996 130.254321089 130.192482605 645.484
1302 130.323822237 130.354410634 130.292572169 632.796
1303 130.423862422 130.454513475 130.392675010 694.468
1304 130.523896144 130.554604770 130.492766306 378.551
1305 130.623958718 130.654689317 130.592850834 -610.017
1306 130.724099292 130.754771549 130.692933066 -621.325
1307 130.824234755 130.854853581 130.793015098 -442.982
1308 130.924357662 130.954935292 130.893096827 -569.805
1309 131.024502366 131.055025804 130.993187358 -296.554
1310 131.124632236 131.155129796 131.093291350 -257.799
1311 131.224772310 131.255225828 131.193387382 -784.341
1312 131.324902329 131.355314727 131.293476262 -368.303
1313 131.425024162 131.455399703 131.393561183 -368.303
1314 131.525143995 131.555482444 131.493643961 -383.303
1315 131.625275810 131.655575878 131.593737413 -383.303
1316 131.725397884 131.755659574 131.693821036 -383.303
1317 131.825527162 131.855747985 131.793909502 -601.110
1318 131.925669366 131.955830059 131.893991595 -485.874
1319 132.025781032 132.055918184 131.994079738 -2.388
1320 132.125909032 132.156015214 132.094176768 -526.924
1321 132.226040995 132.256115527 132.194277062 -124.290
1322 132.326170051 132.356207253 132.294368770 -224.578
1323 132.426255810 132.456292729 132.394454283 -355.324
1324 132.526334476 132.556343658 132.494505212 -24.896
1325 132.626416310 132.656444426 132.594605998 201.667
1326 132.726474643 132.756518556 132.694680128 126.134
1327 132.826541347 132.856597555 132.794759054 57.462
1328 132.926628180 132.956682639 132.894844156 -82.626
1329 133.026728180 133.056778563 132.994940117 -50.565
1330 133.126839902 133.156884129 133.095045683 -45.547
1331 133.226959846 133.256990298 133.195151834 -188.583
1332 133.327060013 133.357080659 133.295242157 -107.020
1333 133.427170198 133.457180570 133.395342087 -81.195
1334 133.527262846 133.557265147 133.495426664 -81.195
1335 133.627361494 133.657355667 133.595517184 -81.195
1336 133.727452531 133.757438578 133.695600094 -81.195
1337 133.827526364 133.857520967 133.795682502 114.185
1338 133.927603216 133.957609164 133.895770681 102.415
1339 134.027684142 134.057714092 133.995875646 232.032
1340 134.127773587 134.157824024 134.095985560 187.648
1341 134.227855198 134.257924109 134.196085496 165.215
1342 134.327906309 134.358020010 134.296181546 -90.993
1343 134.427965809 134.458106245 134.396267540 544.210
1344 134.527999901 134.558190702 134.496352108 501.364
1345 134.628046401 134.658276169 134.596437556 345.417
1346 134.728135882 134.758358093 134.696519481 -408.177
1347 134.828216753 134.858440188 134.796601723 743.804
1348 134.928204290 134.958515779 134.896677296 933.504
1349 135.028259104 135.058604944 134.996766498 611.238
1350 135.128335678 135.158719636 135.096881172 243.314
1351 135.228508567 135.258808239 135.196969775 -2751.702
1352 135.328787327 135.358897184 135.297058590 -1906.444
1353 135.429146789 135.458985037 135.397146572 -1343.244
1354 135.529329623 135.559051158 135.497212638 -2155.631
1355 135.629576104 135.659137829 135.597299364 -960.852
1356 135.729884289 135.759220474 135.697382010 -1483.843
1357 135.830127567 135.859303949 135.797465485 -1679.590
1358 135.930302085 135.959380758 135.897542293 -1524.699
1359 136.030442900 136.059465217 135.997626789 -1603.221
1360 136.130812456 136.159584250 136.097745785 -700.177
1361 136.230973919 136.259676624 136.197838160 -1125.112
1362 136.331162752 136.359760492 136.297922009 -681.991
1363 136.431278715 136.459801105 136.397962640 -736.560
1364 136.531398826 136.559843226 136.498004780 -417.579
1365 136.631555455 136.659926302 136.598087819 -920.697
1366 136.731665511 136.759991902 136.698153437 1582.251
1367 136.831647715 136.860086722 136.798248257 -198.202
1368 136.931742066 136.960360426 136.898521942 3535.646
1369 137.031677196 137.060446396 136.998607950 -168.611
1370 137.131737066 137.160561032 137.098722585 1443.179
1371 137.231691937 137.260668838 137.198830392 979.602
1372 137.331670214 137.360758203 137.298919757 1203.840
1373 137.431693659 137.460848440 137.399009994 532.940
1374 137.531725362 137.560946160 137.499107714 1288.168
1375 137.631760547 137.661030082 137.599191636 454.039
1376 137.731751066 137.761112724 137.699274260 -315.801
1377 137.831819751 137.861200465 137.799361982 1469.537
1378 137.931810510 137.961289810 137.899451327 571.990
1379 138.031834658 138.061372677 137.999534212 523.240
1380 138.131880751 138.161459406 138.099620960 874.106
1381 138.231860306 138.261574246 138.199735595 2891.252
1382 138.331918325 138.361656758 138.299818293 -1289.349
1383 138.432023565 138.461744696 138.399906231 2226.956
1384 138.531947806 138.561831913 138.499993430 -354.338
1385 138.632018695 138.661923968 138.600085485 527.168
1386 138.732071065 138.762009537 138.700171054 102.258
1387 138.832147658 138.862092355 138.800253890 0.454
1388 138.932194343 138.962181237 138.900342716 665.385
1389 139.032292491 139.062261998 139.000423514 -431.341
1390 139.132401843 139.162349685 139.100511239 -172.415
1391 139.232519361 139.262447961 139.200609515 -35.623
1392 139.332536954 139.362536040 139.300697575 1671.886
1393 139.432710824 139.462586383 139.400747937 -479.341
1394 139.532769546 139.562686148 139.500847665 -451.899
1395 139.632862046 139.662757037 139.600918573 -1395.279
1396 139.733036361 139.762884487 139.701046023 1427.269
1397 139.833105842 139.862944213 139.801105749 -216.487
1398 139.933198213 139.963016301 139.901177818 -324.596
1399 140.033297972 140.063107760 140.001269277 -216.170
1400 140.133400638 140.163195644 140.101357198 246.431
1401 140.233089990 140.263297872 140.201459425 4181.120
1402 140.332783416 140.363402695 140.301564248 3640.813
1403 140.432556305 140.463523437 140.401684991 4216.168
1404 140.532271527 140.563617024 140.501778560 1629.038
1405 140.632063323 140.663706785 140.601868320 4855.705
1406 140.731795008 140.763797645 140.701959199 608.305
1407 140.831645694 140.863923548 140.802085027 3326.825
1408 140.931474990 140.964007148 140.902168628 1718.467
1409 141.031497360 141.064090734 141.002252250 2911.650
1410 141.131184564 141.164178787 141.102340341 -311.194
1411 141.231200786 141.264312941 141.202474495 3018.100
1412 141.331176416 141.364407627 141.302569163 822.623
1413 141.431058304 141.464512549 141.402674084 2270.194
1414 141.531073249 141.564602586 141.502764122 -447.312
1415 141.630969952 141.664690227 141.602851744 926.454
1416 141.731012582 141.764776820 141.702938374 2178.229
1417 141.830964619 141.864864813 141.803026367 -381.788
1418 141.931110674 141.964952628 141.903114163 -57.486
1419 142.031003248 142.065034934 142.003196451 -1494.672
1420 142.130912082 142.165124040 142.103285612 4071.761
1421 142.230994285 142.265223238 142.203384774 -805.916
1422 142.331016693 142.365319567 142.303481102 1767.512
1423 142.431055248 142.465425918 142.403587361 494.439
1424 142.531043730 142.565505829 142.503667401 98.652
1425 142.631093044 142.665599614 142.603761167 1439.831
1426 142.731207730 142.765673956 142.703835491 679.953
1427 142.831215896 142.865746689 142.803908243 -288.069
1428 142.931318970 142.965821710 142.903983171 -377.832
1429 143.031345377 143.065903676 143.004065193 405.580
1430 143.131329507 143.166008987 143.104170077 2132.832
1431 143.231425674 143.266104267 143.204265821 -542.213
1432 143.331507100 143.366223256 143.304384773 237.724
1433 143.431552155 143.466307388 143.404468924 197.652
1434 143.531636692 143.566427180 143.504588752 1328.897
1435 143.631686618 143.666513096 143.604674631 -1431.259
1436 143.731767599 143.766679265 143.704840819 16.695
1437 143.831839081 143.866753270 143.804914824 1898.743
1438 143.931920007 143.966809471 143.904971025 -458.326
1439 144.032005821 144.066922716 144.005084289 734.312
1440 144.132050099 144.166986534 144.105148051 -631.856
1441 144.232189173 144.267085805 144.205247359 653.592
1442 144.332240636 144.367245107 144.305406605 1099.018
1443 144.432348673 144.467327596 144.405489094 -127.740
1444 144.532427191 144.567467922 144.505629494 -823.656
1445 144.632567691 144.667539142 144.605700696 1053.361
1446 144.732646506 144.767619949 144.705781522 -300.166
1447 144.832715117 144.867704082 144.805865673 -470.102
1448 144.932781839 144.967768919 144.905930492 -165.923
1449 145.032885413 145.067840507 145.006002079 -388.022
1450 145.133008691 145.167917985 145.106079502 -361.794
1451 145.233235265 145.268012895 145.206174431 -5492.567
1452 145.333841284 145.368113606 145.306275124 -4558.115
1453 145.434307043 145.468186141 145.406347677 -4033.833
1454 145.534823932 145.568267124 145.506428641 -5273.999
1455 145.635316487 145.668349799 145.606511316 -1848.676
1456 145.735711283 145.768417788 145.706579306 -3130.419
1457 145.836058635 145.868479026 145.806640562 -2694.922
1458 145.936440061 145.968561418 145.906722953 -3261.442
1459 146.036764228 146.068637678 146.006799195 -1570.263
1460 146.137081135 146.168709127 146.106870644 -2672.459
1461 146.237331153 146.268758827 146.206920381 -2324.092
1462 146.337620857 146.368858899 146.307020416 -1675.767
1463 146.437896209 146.468960983 146.407122482 -1853.428
1464 146.538175894 146.569044564 146.507206081 -1693.395
1465 146.638403968 146.669132427 146.607293963 -230.038
1466 146.738549949 146.769217681 146.707379198 -1287.982
1467 146.838684709 146.869306537 146.807468073 -3652.761
1468 146.938889227 146.969386703 146.907548220 290.976
1469 147.038986190 147.069423574 147.007585054 -761.913
1470 147.139142801 147.169470073 147.107631609 -932.419
1471 147.238976060 147.269590295 147.207751848 5676.171
1472 147.338686949 147.369728964 147.307890443 3747.907
1473 147.438284856 147.469818095 147.407979519 2771.413
1474 147.538133801 147.569928285 147.508089801 4247.630
1475 147.637783967 147.670026873 147.608188408 3940.724
1476 147.737577430 147.770114430 147.708275965 3308.660
1477 147.837369301 147.870199483 147.808361018 2321.527
1478 147.937765671 147.970258130 147.908419666 -4586.639
1479 148.038288412 148.070338021 148.008499538 -4684.710
1480 148.138839893 148.170424328 148.108585864 -3334.333
1481 148.239218837 148.270509896 148.208671450 -4265.506
1482 148.339720115 148.370605825 148.308767231 -2861.117
1483 148.440045189 148.470668782 148.408830188 -2210.852
1484 148.540433022 148.570751017 148.508912516 -2367.309
1485 148.640758763 148.670837077 148.608998575 -2664.516
1486 148.741077763 148.770917772 148.709079289 -2141.765
1487 148.841353337 148.870999930 148.809161447 -1479.746
1488 148.941626133 148.971086901 148.909248381 -1814.744
1489 149.041838300 149.071159930 149.009321447 -1125.976
1490 149.142049392 149.171242689 149.109404225 -1493.979
1491 149.242312985 149.271342999 149.209504516 -1307.465
1492 149.342518596 149.371471593 149.309633147 -1645.862
1493 149.442745133 149.471582182 149.409743736 -626.009
1494 149.542846596 149.571612288 149.509773786 -985.402
1495 149.643019577 149.671685618 149.609847191 -1094.967
1496 149.743204725 149.771759711 149.709921284 -530.184
1497 149.843355948 149.871835541 149.809997114 -846.313
1498 149.943462799 149.971908862 149.910070416 684.864
1499 150.043538355 150.072052356 150.010213928 -691.805
1500 150.143921651 150.172130265 150.110291800 -890.590
1501 150.244004336 150.272415941 150.210577495 -1524.387
1502 150.344158688 150.372510214 150.310671768 124.512
1503 150.444298429 150.472605582 150.410767118 -754.027
1504 150.544663873 150.572697865 150.510859401 -1342.469
1505 150.644907114 150.672783674 150.610945173 -4307.615
1506 150.745304225 150.772861310 150.711022827 -1650.220
1507 150.845611873 150.872942385 150.811103902 -2401.993
1508 150.945877521 150.973022599 150.911184135 -2299.081
1509 151.046141354 151.073099264 151.011260800 -1751.892
1510 151.146419576 151.173177139 151.111338656 -2196.318
1511 151.246670206 151.273256922 151.211418439 -933.952
1512 151.346983132 151.373340350 151.311501904 -2290.889
1513 151.447070243 151.473432263 151.411593762 -3315.927
1514 151.547569928 151.573507378 151.511668950 -1077.156
1515 151.647658428 151.673582209 151.611743652 -543.956
1516 151.747797780 151.773653291 151.711814845 -1276.600
1517 151.847970243 151.873730191 151.811891522 -749.167
1518 151.947777928 151.973875858 151.912037337 5039.041
1519 152.047412631 152.073951018 152.012112590 5488.869
1520 152.146961002 152.174047861 152.112209340 4727.682
1521 152.246695446 152.274162237 152.212323754 3866.902
1522 152.346397020 152.374294693 152.312456247 3367.008
1523 152.446223539 152.474396650 152.412558203 3604.852
1524 152.545976520 152.574492589 152.512654142 1416.948
1525 152.645871038 152.674618233 152.612779787 3704.794
1526 152.745717520 152.774699135 152.712860652 2909.197
1527 152.845546520 152.874779787 152.812941359 2432.899
1528 152.945412723 152.974866630 152.913028183 1505.837
1529 153.045318427 153.074964371 153.013125795 2190.591
1530 153.145202427 153.175049066 153.113210619 1756.458
1531 153.245123501 153.275140305 153.213301785 850.395
1532 153.345168668 153.375235674 153.313397227 3082.719
1533 153.445034853 153.475331500 153.413492851 -1892.512
1534 153.545160001 153.575510664 153.513672237 2918.467
1535 153.645070390 153.675584751 153.613746305 -197.441
1536 153.745171964 153.775712743 153.713874297 1707.821
1537 153.845260112 153.875910392 153.814071556 927.970
1538 153.945285223 153.975987916 153.914149488 -1.319
1539 154.045361519 154.076101081 154.014262635 1098.058
1540 154.145367630 154.176197967 154.114359503 -206.358
1541 154.245455408 154.276312579 154.214474096 806.592
1542 154.345468500 154.376396536 154.314558108 130.125
1543 154.445565778 154.476465716 154.414627085 197.917
1544 154.545570426 154.576555680 154.514717215 534.585
1545 154.645624019 154.676677948 154.614839391 765.348
1546 154.745670333 154.776782873 154.714944427 472.775
1547 154.845828407 154.876871526 154.815033024 -632.054
1548 154.945903130 154.977029579 154.915191152 -284.843
1549 155.045986407 155.077188239 155.015349682 1518.032
1550 155.146104981 155.177268720 155.115430237 -586.465
1551 155.246161129 155.277453602 155.215615045 -228.776
1552 155.346296537 155.377536079 155.315697615 -718.466
1553 155.446447537 155.477679113 155.415840649 1232.848
1554 155.546563685 155.577774039 155.515935574 -112.469
1555 155.646637092 155.677861979 155.616023496 -84.422
1556 155.746745351 155.777947221 155.716108738 -702.097
1557 155.846942962 155.878026391 155.816187926 -813.625
1558 155.947085555 155.978106242 155.916267722 -691.745
1559 156.047247203 156.078185223 156.016346703 -985.288
1560 156.147390759 156.178264632 156.116426167 -1131.781
1561 156.247535944 156.278349884 156.216511401 -911.698
1562 156.347732518 156.378428401 156.316589955 -652.219
1563 156.447819907 156.478519027 156.416680581 25.931
1564 156.547921981 156.578576148 156.516737684 -425.091
1565 156.648069555 156.678653522 156.616815076 265.262
1566 156.748155351 156.778728467 156.716890021 -438.668
1567 156.848233925 156.878796456 156.816958010 314.632
1568 156.948314610 156.978932671 156.917094243 579.403
1569 157.048367962 157.079008139 157.017169711 294.899
1570 157.148432591 157.179107064 157.117268544 537.487
1571 157.248474054 157.279198971 157.217360525 390.622
1572 157.348539425 157.379271575 157.317433129 -224.746
1573 157.448646128 157.479307296 157.417468850 -266.884
1574 157.548746498 157.579397058 157.517558612 -198.841
1575 157.648877480 157.679481146 157.617642626 -1006.291
1576 157.749029054 157.779540241 157.717701092 -704.508
1577 157.849140554 157.879617772 157.817779308 -393.207
1578 157.949282183 157.979701582 157.917863136 -292.725
1579 158.049363628 158.079751092 158.017912646 -253.278
1580 158.149452906 158.179836037 158.117997535 778.851
1581 158.249458109 158.279919092 158.218080591 778.851
1582 158.349505313 158.379973284 158.318134856 -1032.495
1583 158.449582239 158.480094723 158.418256277 2753.880
1584 158.549580128 158.580187742 158.518349278 -1228.409
1585 158.649825016 158.680272484 158.618433963 724.491
1586 158.749823905 158.780357954 158.718519471 -540.313
1587 158.849879720 158.880427250 158.818588730 814.690
1588 158.949969775 158.980572864 158.918734326 -1328.486
1589 159.050128201 159.080649426 159.018810998 273.176
1590 159.150204016 159.180750865 159.118912382 -485.799
1591 159.250349590 159.280837850 159.218999385 2015.469
1592 159.350373831 159.380914352 159.319075906 154.883
1593 159.450462497 159.481007018 159.419168554 -321.548
1594 159.550594294 159.581120641 159.519282158 296.749
1595 159.650685868 159.681298325 159.619459786 1766.570
1596 159.750781664 159.781374922 159.719536495 -3342.751
1597 159.850863182 159.881547974 159.819709546 2279.658
1598 159.951206423 159.981621244 159.919782798 -131.044
1599 160.051192441 160.081753627 160.019915181 1636.090
1600 160.151226978 160.181871865 160.120033400 210.028
1601 160.251383701 160.281975870 160.220137443 607.166
1602 160.351439256 160.382054324 160.320215896 148.368
1603 160.451518904 160.482137886 160.420299458 -134.525
1604 160.551650478 160.582236045 160.520397210 -1010.500
1605 160.651737589 160.682278287 160.620439822 500.514
1606 160.751812534 160.782361004 160.720522577 -158.480
1607 160.852022996 160.882434640 160.820596213 -2467.600
1608 160.952329719 160.982509791 160.920671345 -1792.101
1609 161.052596348 161.082582577 161.020744020 -2570.661
1610 161.152759904 161.182628381 161.120789935 -1667.123
1611 161.253032052 161.282720805 161.220882322 -1605.588
1612 161.353233848 161.382803179 161.320964715 -815.808
1613 161.453466996 161.482904771 161.421066251 -1451.759
1614 161.553697829 161.582995922 161.521157476 -1332.474
1615 161.653936440 161.683106649 161.621268148 -1201.751
1616 161.754024496 161.783193042 161.721354615 642.576
1617 161.854065774 161.883317068 161.821478622 1001.863
1618 161.954158774 161.983483816 161.921645370 746.624
1619 162.054158477 162.083581896 162.021743450 544.846
1620 162.154212588 162.183710224 162.121871740 1062.145
1621 162.254245977 162.283853640 162.222015194 1257.475
1622 162.354325736 162.384049907 162.322211461 988.986
1623 162.454399699 162.484205290 162.422366863 577.163
1624 162.554444847 162.584292495 162.522454049 315.988
1625 162.654493366 162.684401323 162.622562691 609.625
1626 162.754544255 162.784507623 162.722669196 339.505
1627 162.854619736 162.884614995 162.822776549 283.573
1628 162.954695273 162.984689967 162.922851540 -123.511
1629 163.054784940 163.084773228 163.022934782 149.444
1630 163.154839551 163.184862850 163.123024311 560.214
1631 163.254885217 163.284956105 163.223117547 385.630
1632 163.354961328 163.385041360 163.323202803 578.985
1633 163.455018569 163.485105554 163.423267034 -1181.744
1634 163.555018236 163.585197249 163.523358785 1076.383
1635 163.655165087 163.685295409 163.623456963 487.175
1636 163.755221939 163.785382352 163.723543869 17.642
1637 163.855231754 163.885478240 163.823639683 502.741
1638 163.955298143 163.985554566 163.923715991 -325.168
1639 164.055349291 164.085640786 164.023802321 1021.257
1640 164.155412457 164.185717399 164.123878934 -664.249
1641 164.255477883 164.285802884 164.223964457 124.970
1642 164.355529050 164.385879943 164.324041497 537.117
1643 164.455579346 164.485956209 164.424117781 357.516
1644 164.555620772 164.586052949 164.524214503 513.138
1645 164.655706513 164.686179095 164.624340667 -756.369
1646 164.755795698 164.786222957 164.724384511 1414.693
1647 164.855927161 164.886302429 164.824463947 -1945.508
1648 164.956038716 164.986401867 164.924563403 -43.276
1649 165.056124679 165.086453830 165.024615310 -507.796
1650 165.156216216 165.186547224 165.124708778 208.011
1651 165.256303179 165.286584014 165.224745531 -228.580
1652 165.356377809 165.386648716 165.324810288 -433.875
1653 165.456482142 165.486747127 165.424908681 594.386
1654 165.556608383 165.586847990 165.525009544 -578.807
1655 165.656706179 165.687031216 165.625192751 -955.847
1656 165.756875716 165.787099450 165.725260985 499.133
1657 165.856966753 165.887360363 165.825521731 3266.261
1658 165.957125845 165.987434116 165.925595596 -2872.817
1659 166.057227827 166.087517011 166.025678417 1345.936
1660 166.157212753 166.187591659 166.125753139 -3860.887
1661 166.257530234 166.287700316 166.225861851 2515.411
1662 166.357549493 166.387780774 166.325942309 343.317
1663 166.457578660 166.487861116 166.426022633 -208.954
1664 166.557669993 166.587948257 166.526109811 668.095
1665 166.657687863 166.688083169 166.626244723 -283.704
1666 166.757910660 166.788177242 166.726338722 -361.337
1667 166.857959530 166.888399871 166.826561406 1222.935
1668 166.958054215 166.988446508 166.926608081 -581.928
1669 167.058130271 167.088520433 167.026681987 700.820
1670 167.158194474 167.188597757 167.126759218 56.524
1671 167.258282159 167.288684106 167.226845605 -320.279
1672 167.358437474 167.388763941 167.326925495 -972.987
1673 167.458576159 167.488824797 167.426986277 -363.915
1674 167.558711604 167.588913911 167.527075465 -1593.667
1675 167.658890048 167.689031387 167.627192922 24.656
1676 167.759058400 167.789113466 167.727274983 -854.190
1677 167.859163733 167.889191748 167.827353320 652.705
1678 167.959239937 167.989310607 167.927472161 132.006
1679 168.059322807 168.089372920 168.027534493 -251.808
1680 168.159436585 168.189407654 168.127569189 -817.594
1681 168.259584955 168.289465770 168.227627287 -918.749
1682 168.359770807 168.389540344 168.327701916 -1392.876
1683 168.459985270 168.489619968 168.427781522 -1208.209
1684 168.560108103 168.589701387 168.527862941 683.506
1685 168.660126621 168.689787222 168.627948776 521.165
1686 168.760212825 168.789894646 168.728056219 -192.815
1687 168.860243621 168.889979462 168.828140997 604.898
1688 168.960323714 168.990052422 168.928213976 -217.267
1689 169.060376769 169.090127971 169.028289450 698.146
1690 169.160446695 169.190214041 169.128375558 185.645
1691 169.260521566 169.290296537 169.228458091 -290.888
1692 169.360600325 169.390375338 169.328536744 714.033
1693 169.460681269 169.490463150 169.428624685 -284.240
1694 169.560779065 169.590549044 169.528710505 300.363
1695 169.660830047 169.690631378 169.628792914 -83.354
1696 169.760935880 169.790729010 169.728890546 -49.646
1697 169.860995028 169.890825151 169.828986668 245.943
1698 169.961047936 169.990911941 169.929073458 942.440
1699 170.061124176 170.090995819 170.029157355 265.750
1700 170.161209880 170.191101728 170.129263245 150.167
1701 170.261239232 170.291189313 170.229350829 15.520
1702 170.361361102 170.391271804 170.329433210 698.112
1703 170.461391083 170.491354045 170.429515524 219.768
1704 170.561540509 170.591431753 170.529593104 -1854.828
1705 170.661793991 170.691517551 170.629679105 -1543.258
1706 170.762048842 170.791607515 170.729769051 -2078.097
1707 170.862298176 170.891682258 170.829843775 -1755.624
1708 170.962493176 170.991768342 170.929929915 715.742
1709 171.062534453 171.091844830 171.030006384 265.124
1710 171.162601027 171.191937971 171.130099506 265.124
1711 171.262694527 171.292032481 171.230193998 -190.357
1712 171.362775731 171.392128675 171.330290155 334.828
1713 171.462835694 171.492205015 171.430366551 270.953
1714 171.562923898 171.592474539 171.530636037 921.571
1715 171.663034379 171.692563569 171.630725123 484.228
1716 171.763130083 171.792717610 171.730879089 1395.718
1717 171.863163823 171.892797396 171.830958950 -4039.541
1718 171.963282342 171.993026249 171.931187709 4205.180
1719 172.063365860 172.093159178 172.031320732 1198.687
1720 172.163330749 172.193246495 172.131408012 -1736.098
1721 172.263484397 172.293334350 172.231495866 210.720
1722 172.363567471 172.393566147 172.331727720 920.282
1723 172.463703841 172.493640736 172.431802290 -454.854
1724 172.563779230 172.593800174 172.531961691 1041.556
1725 172.663831378 172.693881065 172.632042619 -155.135
1726 172.763931712 172.793983198 172.732144752 343.990
1727 172.863995582 172.894078067 172.832239621 121.785
1728 172.964082341 172.994170650 172.932332167 17.824
1729 173.064163045 173.094258362 173.032419898 56.651
1730 173.164242415 173.194349796 173.132511349 55.797
1731 173.264345267 173.294433683 173.232595181 -82.713
1732 173.364391063 173.394515956 173.332677491 645.813
1733 173.464429304 173.494601609 173.432763163 289.731
1734 173.564484933 173.594683157 173.532844711 60.564
1735 173.664530322 173.694777919 173.632939473 671.377
1736 173.764626674 173.794897590 173.733059125 226.295
1737 173.864702841 173.895003428 173.833165001 259.593
1738 173.964779563 173.995082221 173.933243794 955.647
1739 174.064811396 174.095152254 174.033313827 -1397.999
1740 174.164888063 174.195249180 174.133410696 1941.364
1741 174.264948322 174.295328553 174.233490125 -967.933
1742 174.365018711 174.395404437 174.333565991 138.689
1743 174.465113007 174.495476247 174.433637801 -573.494
1744 174.565219266 174.595557501 174.533718981 162.223
1745 174.665288525 174.695624380 174.633785509 -1477.375
1746 174.765402025 174.795716051 174.733877587 1033.816
1747 174.865567914 174.895820689 174.833982131 -74.645
1748 174.965664710 174.995885999 174.934047572 -1253.133
1749 175.065751970 175.095960262 175.034121835 319.309
1750 175.165864803 175.196039494 175.134201048 -126.635
1751 175.265973025 175.296132381 175.234293954 -215.559
1752 175.366063303 175.396207837 175.334369410 599.677
1753 175.466112877 175.496287872 175.434449389 37.053
1754 175.566208099 175.596368054 175.534529627 -152.678
1755 175.666293191 175.696438564 175.634600137 -144.743
1756 175.766382914 175.796517468 175.734679022 -43.282
1757 175.866480117 175.896596514 175.834757975 -466.998
1758 175.966557913 175.996748315 175.934909851 295.861
1759 176.066645265 176.096804600 176.034966006 1019.860
1760 176.166706580 176.196884017 176.135045552 -67.667
1761 176.266786969 176.297008244 176.235169798 461.729
1762 176.366879821 176.397091526 176.335253080 -108.148
1763 176.466955876 176.497125034 176.435286181 -1611.054
1764 176.567183635 176.597208297 176.535369758 130.004
1765 176.667099783 176.697317828 176.635479364 1393.994
1766 176.767225617 176.797363131 176.735524684 411.302
1767 176.867310505 176.897475227 176.835636744 -143.178
1768 176.967420413 176.997554651 176.935716094 -688.557
1769 177.067498616 177.097624150 177.035785703 573.775
1770 177.167650079 177.197689458 177.135850994 -1024.149
1771 177.267822061 177.297777699 177.235939179 -509.986
1772 177.367899357 177.397919971 177.336081524 145.182
1773 177.468154172 177.497994076 177.436155574 1234.285
1774 177.568131431 177.598135025 177.536296542 -2156.188
1775 177.668318098 177.698226063 177.636387636 1500.798
1776 177.768371264 177.798296581 177.736458116 -218.871
1777 177.868467190 177.898367285 177.836528691 -110.775
1778 177.968547320 177.998447935 177.936609433 19.221
1779 178.068630949 178.098523047 178.036684193 -226.567
1780 178.168738727 178.198612470 178.136773839 57.132
1781 178.268823782 178.298666688 178.236828205 -919.162
1782 178.368906931 178.398751693 178.336913247 523.037
1783 178.468992708 178.498813812 178.436975274 -96.370
1784 178.569062245 178.598886507 178.537048061 -84.177
1785 178.669138690 178.698959002 178.637120575 -45.362
1786 178.769233875 178.799036606 178.737198160 -540.899
1787 178.869365819 178.899134552 178.837296124 38.044
1788 178.969462486 178.999224179 178.937385714 -316.711
1789 179.069540041 179.099317362 179.037478897 268.731
1790 179.169625967 179.199407999 179.137569534 57.702
1791 179.269720337 179.299492949 179.237654465 2136.866
1792 179.369763615 179.399581728 179.337743264 -2187.852
1793 179.469832985 179.499667183 179.437828700 335.444
1794 179.569876874 179.599749484 179.537911001 -54.818
1795 179.670060208 179.699830224 179.637991741 604.141
1796 179.770102541 179.799918815 179.738080388 -120.672
1797 179.870213189 179.899994374 179.838155909 -1606.703
1798 179.970439596 180.000077081 179.938238561 -1394.189
1799 180.070635726 180.100150637 180.038312191 -600.844
1800 180.170761337 180.200185305 180.138346822 -924.110
1801 180.270896115 180.300281784 180.238443190 84.787
1802 180.371065040 180.400361768 180.338523341 1493.571
1803 180.471344170 180.500425630 180.438587147 -2900.892
1804 180.571304966 180.600503358 180.538664912 385.392
1805 180.671514799 180.700549210 180.638710764 -2234.260
1806 180.771590911 180.800625771 180.738787325 964.865
1807 180.871771910 180.900729196 180.838890750 -1279.305
1808 180.971873855 181.000799140 180.938960694 -607.319
1809 181.071949577 181.100830920 181.038992492 -412.398
1810 181.172050021 181.200946563 181.139108080 792.854
1811 181.272148892 181.301199564 181.239361100 1712.149
1812 181.372083447 181.401291226 181.339452798 1570.184
1813 181.471987318 181.501372319 181.439533835 1564.716
1814 181.571947410 181.601452156 181.539613729 932.922
1815 181.671888984 181.701542352 181.639703924 1856.541
1816 181.771839651 181.801620652 181.739782169 765.557
1817 181.871821280 181.901710983 181.839872537 1513.042
1818 181.971854836 182.001807795 181.939969312 442.560
1819 182.071791576 182.101909025 182.040070560 1581.380
1820 182.171850799 182.201996940 182.140158475 239.735
1821 182.271915687 182.302083727 182.240245262 320.144
1822 182.371770928 182.402181527 182.340343062 2446.003
1823 182.471864113 182.502287719 182.440449235 2094.356
1824 182.571969706 182.602370505 182.540532040 -120.499
1825 182.671962187 182.702453537 182.640615054 -132.405
1826 182.772022761 182.802544316 182.740705722 828.554
1827 182.872064094 182.902630250 182.840791804 174.773
1828 182.972126502 183.002726012 182.940887547 131.663
1829 183.072210039 183.102823222 183.040984739 147.729
1830 183.172327317 183.202905951 183.141067486 -152.060
1831 183.272416242 183.302971428 183.241132945 -294.037
1832 183.372512668 183.403038649 183.341200222 76.033
1833 183.472601039 183.503124125 183.441285568 -223.549
1834 183.572689298 183.603205999 183.541367553 6.119
1835 183.672779335 183.703278602 183.641440082 -691.217
1836 183.772935372 183.803356589 183.741518162 -1279.597
1837 183.872980742 183.903461321 183.841622875 2136.968
1838 183.972996946 184.003513329 183.941674864 -856.763
1839 184.073112001 184.103607434 184.041768969 306.014
1840 184.173243927 184.203697974 184.141859510 -577.001
1841 184.273370686 184.303788235 184.241949789 916.946
1842 184.373445038 184.403873419 184.342034936 -1522.282
1843 184.473557760 184.503958996 184.442120031 346.992
1844 184.573644519 184.604038334 184.542199722 -1158.111
1845 184.673710038 184.704119962 184.642280997 64.216
1846 184.773863353 184.804200298 184.742361667 -964.844
1847 184.873939853 184.904303459 184.842465013 400.984
1848 184.974013501 185.004414245 184.942575799 745.058
1849 185.074199149 185.104513535 185.042675052 -541.063
1850 185.174122538 185.204607493 185.142769047 2115.015
1851 185.274247019 185.304700617 185.242862153 297.142
1852 185.374358241 185.404783805 185.342945341 -405.817
1853 185.474418926 185.504868024 185.443029560 -538.768
1854 185.574517130 185.604955514 185.543117068 182.822
1855 185.674643963 185.705036214 185.643197749 -478.491
1856 185.774720963 185.805117293 185.743278810 -346.459
1857 185.874828778 185.905202640 185.843364213 -84.823
1858 185.974923759 186.005308064 185.943469618 132.571
1859 186.075007019 186.105371698 186.043533048 2.827
1860 186.175059889 186.205460948 186.143622261 105.778
1861 186.275179926 186.305537100 186.243698672 205.409
1862 186.375209037 186.405613958 186.343775511 -92.010
1863 186.475284574 186.505687667 186.443849240 356.577
1864 186.575332592 186.605763895 186.543925412 278.644
1865 186.675504537 186.705831676 186.643993249 -2959.829
1866 186.775517259 186.805936701 186.744098273 2568.342
1867 186.875579240 186.906007510 186.844169083 -2119.993
1868 186.975734203 187.006217063 186.944378617 805.430
1869 187.075884722 187.106328928 187.044490426 591.956
1870 187.175934314 187.206398859 187.144560432 -1346.972
1871 187.276129703 187.306536549 187.244698121 2591.735
1872 187.376160888 187.406596408 187.344757981 -1520.516
1873 187.476329777 187.506675486 187.444837040 988.685
1874 187.576411851 187.606742927 187.544904462 -271.199
1875 187.676485962 187.706803213 187.644964785 -39.169
1876 187.776570592 187.806890536 187.745052108 654.300
1877 187.876625462 187.906961631 187.845123148 -464.422
1878 187.976674925 188.007112779 187.945274333 736.856
1879 188.076758073 188.107191519 188.045353055 -101.746
1880 188.176850165 188.207307266 188.145468746 217.189
1881 188.276948536 188.307374083 188.245535637 -517.100
1882 188.377021054 188.407429020 188.345590593 316.195
1883 188.477078110 188.507527161 188.445688641 394.472
1884 188.577164943 188.607575249 188.545736803 -223.046
1885 188.677236424 188.707719419 188.645880992 -293.804
1886 188.777332980 188.807776389 188.745937942 -454.842
1887 188.877410554 188.907886633 188.846048187 74.888
1888 188.977519461 189.007984100 188.946145654 496.773
1889 189.077490943 189.108091904 189.046253309 2188.300
1890 189.177449980 189.208203298 189.146364703 669.820
1891 189.277452665 189.308368518 189.246530090 2851.953
1892 189.377435942 189.408520460 189.346681958 1261.996
1893 189.477360387 189.508604310 189.446765845 2122.449
1894 189.577285683 189.608692489 189.546854025 720.336
1895 189.677304146 189.708776695 189.646938212 -384.424
1896 189.777254553 189.808859180 189.747020605 481.873
1897 189.877303387 189.908941821 189.847103338 418.632
1898 189.977328164 190.009041664 189.947203218 947.720
1899 190.077384127 190.109139891 190.047301426 593.817
1900 190.177376535 190.209231052 190.147392568 1001.073
1901 190.277444183 190.309318738 190.247480273 347.643
1902 190.377517683 190.409418401 190.347579936 -88.901
1903 190.477605701 190.509515786 190.447677210 633.912
1904 190.577668238 190.609576983 190.547738555 -419.888
1905 190.677748979 190.709697040 190.647858594 555.795
1906 190.777847516 190.809770444 190.747932016 -178.221
1907 190.877920719 190.909926708 190.848088262 30.251
1908 190.977996071 191.010019236 190.948180789 430.651
1909 191.078034219 191.110122074 191.048283646 638.385
1910 191.178015867 191.210209438 191.148370973 380.285
1911 191.277968275 191.310296349 191.248457903 1501.290
1912 191.377990478 191.410372254 191.348533826 467.546
1913 191.477981126 191.510455816 191.448617370 653.736
1914 191.577996700 191.610537178 191.548698658 536.601
1915 191.678034089 191.710622409 191.648783926 746.270
1916 191.778039867 191.810695545 191.748857025 -126.280
1917 191.878136811 191.910788727 191.848950132 770.121
1918 191.978158478 192.010874519 191.949036091 533.512
1919 192.078210182 192.110989653 192.049150892 496.070
1920 192.178290756 192.211057418 192.149218972 147.635
1921 192.278326385 192.311150276 192.249311848 956.077
1922 192.378341478 192.411223126 192.349384680 -297.033
1923 192.478441589 192.511304623 192.449466122 443.900
1924 192.578468459 192.611393193 192.549554655 139.674
1925 192.678541089 192.711517000 192.649678554 551.476
1926 192.778597848 192.811586863 192.749748417 48.546
1927 192.878672070 192.911694169 192.849855704 491.635
1928 192.978779385 193.011792628 192.949954164 -465.778
1929 193.078902551 193.111896258 193.050057794 -1033.951
1930 193.178959236 193.212001822 193.150163376 2200.325
1931 193.279106422 193.312106371 193.250267925 1031.058
1932 193.379179959 193.412195197 193.350356732 -217.913
1933 193.479173644 193.512281961 193.450443515 461.468
1934 193.579312829 193.612365819 193.550527355 -1680.627
1935 193.679433607 193.712459706 193.650620889 971.362
1936 193.779399903 193.812508914 193.750670449 -359.956
1937 193.879540810 193.912591652 193.850753187 244.363
1938 193.979577384 194.012676766 193.950838302 105.741
1939 194.079618292 194.112765372 194.050926907 1023.678
1940 194.179721588 194.212839421 194.151000938 -490.196
1941 194.279805088 194.312941935 194.251103470 1016.013
1942 194.379872514 194.413033718 194.351195235 -113.634
1943 194.479978476 194.513109040 194.451270576 126.291
1944 194.580057458 194.613200317 194.551361852 173.111
1945 194.680143847 194.713296378 194.651457877 324.043
1946 194.780204013 194.813382131 194.751543666 -32.078
1947 194.880287958 194.913464003 194.851625538 -97.018
1948 194.980326772 195.013577171 194.951738706 -199.963
1949 195.080526272 195.113630919 195.051792454 -1134.589
1950 195.180594439 195.213726366 195.151887901 -816.060
1951 195.280713865 195.313832785 195.251994320 136.218
1952 195.380833124 195.413881453 195.352042970 -1413.381
1953 195.480932754 195.513980823 195.452142359 398.151
1954 195.581049457 195.614058943 195.552220478 1015.589
1955 195.681032791 195.714132370 195.652293906 -1975.808
1956 195.781301790 195.814237772 195.752399288 1915.918
1957 195.881299790 195.914320257 195.852481793 381.900
1958 195.981321327 196.014399259 195.952560794 -814.323
1959 196.081493235 196.114509807 196.052671305 2883.886
1960 196.181669883 196.214610845 196.152772399 -2012.434
1961 196.281761198 196.314706951 196.252868486 975.700
1962 196.381719253 196.414796675 196.352958192 -767.958
1963 196.481912549 196.514888204 196.453049721 83.621
1964 196.581901253 196.614975105 196.553136529 446.136
1965 196.681985049 196.715061344 196.653222787 -149.537
1966 196.781981438 196.815150575 196.753312092 528.597
1967 196.882039197 196.915238920 196.853400455 280.377
1968 196.982081456 197.015325111 196.953486627 374.383
1969 197.082161179 197.115430630 197.053592184 315.662
1970 197.182185086 197.215534620 197.153696155 268.642
1971 197.282262290 197.315640138 197.253801525 415.524
1972 197.382278641 197.415725779 197.353887166 37.598
1973 197.482369382 197.515810048 197.453971583 279.623
1974 197.582428734 197.615898620 197.554059915 153.298
1975 197.682444845 197.715986409 197.654147926 507.697
1976 197.782570863 197.816069096 197.754230613 138.883
1977 197.882592956 197.916146901 197.854308437 -1421.656
1978 197.982737215 198.016237049 197.954398528 236.053
1979 198.082830122 198.116329464 198.054491018 -119.468
1980 198.182976122 198.216428331 198.154589885 -186.526
1981 198.283023456 198.316531880 198.254692879 -937.147
1982 198.383180678 198.416633498 198.354794904 172.611
1983 198.483270826 198.516711760 198.454873166 -471.786
1984 198.583392104 198.616792462 198.554953998 4.758
1985 198.683466455 198.716852110 198.655013627 -1688.756
1986 198.783734937 198.816991733 198.755153250 2783.422
1987 198.883791103 198.917051167 198.855212684 -359.079
1988 198.983867585 199.017139988 198.955301505 -212.022
1989 199.083991196 199.117238253 199.055399788 -292.420
1990 199.184136585 199.217346821 199.155508375 -386.085
1991 199.284240937 199.317457669 199.255619223 608.441
1992 199.384337733 199.417540055 199.355701590 -351.674
1993 199.484411973 199.517661114 199.455822649 1488.264
1994 199.584540640 199.617747709 199.555909245 -3612.339
1995 199.684658288 199.717990581 199.656152116 3754.503
1996 199.784929529 199.818079070 199.756240605 -1709.942
1997 199.884919955 199.918208193 199.856369729 -331.446
1998 199.985057769 200.018286815 199.956448351 -124.925
1999 200.085155732 200.118375230 200.056536747 54.143
2000 200.185257269 200.218458968 200.156620504 -2431.679
2001 200.285124769 200.318517004 200.256678520 4598.341
2002 200.385275436 200.418615669 200.356777205 637.755
2003 200.485434288 200.518705245 200.456866781 -1359.605
2004 200.585530491 200.618797230 200.556958765 -2000.232
2005 200.685688658 200.718887439 200.657048955 1956.513
2006 200.785770973 200.818970698 200.757132252 -1743.865
2007 200.885907176 200.919059698 200.857221233 -501.532
2008 200.985995102 201.019106004 200.957267429 -141.425
2009 201.086073806 201.119174345 201.057335918 -489.539
2010 201.186199102 201.219263610 201.157425145 -232.997
2011 201.286313917 201.319358645 201.257520180 -187.177
2012 201.386414139 201.419442418 201.357603954 -40.686
2013 201.486531417 201.519525585 201.457687120 -196.689
2014 201.586626157 201.619607045 201.557768562 -268.825
2015 201.686764287 201.719687640 201.657849158 -2680.080
2016 201.787153861 201.819757615 201.757919132 -3099.341
2017 201.887530102 201.919814324 201.857975841 -3113.055
2018 201.987876657 202.019893507 201.958055024 -2591.905
2019 202.088224268 202.119970140 202.058131676 -2394.218
2020 202.188481546 202.220008804 202.158170358 -2162.981
2021 202.288707046 202.320087867 202.258249385 -1241.445
2022 202.388832564 202.420140646 202.358302200 -1089.475
2023 202.489067435 202.520212744 202.458374298 177.253
2024 202.589148805 202.620261286 202.558422673 -816.952
2025 202.689290546 202.720342730 202.658504302 -485.745
2026 202.789401416 202.820412434 202.758573988 -551.545
2027 202.889533916 202.920478255 202.858639790 -361.905
2028 202.989699194 203.020575309 202.958736844 -1195.717
2029 203.089811768 203.120662295 203.058823867 -102.159
2030 203.189991416 203.220744906 203.158906460 -701.779
2031 203.290096730 203.320808466 203.258969891 -475.931
2032 203.390189860 203.420874729 203.359036283 -519.510
2033 203.490282675 203.520918276 203.459079849 -399.852
2034 203.590398564 203.620992464 203.559154000 -299.672
2035 203.690486138 203.721045205 203.659206778 -318.937
2036 203.790574638 203.821096336 203.759257853 -388.345
2037 203.890656526 203.921144476 203.859305993 -301.346
2038 203.990735749 204.021192479 203.959354033 -313.687
2039 204.090835341 204.121263918 204.059425398 -274.021
2040 204.190955360 204.221351266 204.159512820 -324.229
2041 204.291082193 204.321441259 204.259602776 -392.625
2042 204.391203359 204.421526742 204.359688278 -318.813
2043 204.491313174 204.521607783 204.459769318 -576.419
2044 204.591392785 204.621692337 204.559853873 192.847
2045 204.691473396 204.721777953 204.659939470 221.912
2046 204.791592674 204.821857986 204.760019503 -1640.577
2047 204.891736118 204.921938941 204.860100477 551.044
2048 204.991808248 205.022018059 204.960179575 -472.176
2049 205.091931248 205.122100484 205.060262019 -504.329
2050 205.192044322 205.222193125 205.160354679 -287.396
2051 205.292153563 205.322294495 205.260456030 866.054
2052 205.392195600 205.422400207 205.360561742 469.456
2053 205.492264433 205.522516860 205.460678395 558.825
2054 205.592304211 205.622607714 205.560769249 547.190
2055 205.692310025 205.722695328 205.660856882 744.955
2056 205.792362210 205.822784875 205.760946411 455.926
2057 205.892414951 205.922868584 205.861029786 -189.819
2058 205.992477062 206.022949716 205.961111251 872.102
2059 206.092539914 206.123032989 206.061194525 38.592
2060 206.192607229 206.223114496 206.161276031 -491.818
2061 206.292720377 206.323216356 206.261377910 164.568
2062 206.392904506 206.423312456 206.361473973 -1036.331
2063 206.493119654 206.523400566 206.461561972 -1328.273
2064 206.593257488 206.623458241 206.561619814 -716.148
2065 206.693435654 206.723532907 206.661694460 -106.405
2066 206.793516469 206.823582648 206.761744183 -268.129
2067 206.893623988 206.923664606 206.861826105 -359.946
2068 206.993719599 207.023711542 206.961873114 -442.779
2069 207.093794969 207.123753499 207.061915053 107.357
2070 207.193880950 207.223838122 207.161999639 -354.814
2071 207.293944024 207.323931157 207.262092711 618.075
2072 207.394043154 207.424027748 207.362189283 -26.611
2073 207.494133006 207.524122710 207.462284246 455.522
2074 207.594152691 207.624232624 207.562394160 1480.260
2075 207.694089932 207.724318455 207.662480009 1061.362
2076 207.794071987 207.824402219 207.762563755 1118.685
2077 207.894055394 207.924496030 207.862657584 1018.250
2078 207.994040894 208.024589439 207.962750715 1103.727
2079 208.094052265 208.124670886 208.062832422 -634.633
2080 208.194235283 208.224749106 208.162910641 -1351.850
2081 208.294422894 208.324844128 208.263005682 136.560
2082 208.394541746 208.424941271 208.363102640 -357.558
2083 208.494612246 208.525035243 208.463196630 357.558
2084 208.594669709 208.625134574 208.563296054 556.761
2085 208.694673338 208.725221495 208.663383031 595.875
2086 208.794634375 208.825304085 208.763465621 -260.795
2087 208.894877635 208.925394733 208.863556268 2523.882
2088 208.994718560 209.025469474 208.963630954 -1238.048
2089 209.094847690 209.125512541 209.063674057 2230.972
2090 209.194897894 209.225596101 209.163757655 -131.525
2091 209.294975801 209.325690618 209.263852172 -300.307
2092 209.395117005 209.425793497 209.363955014 -50.260
2093 209.495294449 209.525884823 209.464046358 -919.352
2094 209.595324430 209.625981039 209.564142593 1570.053
2095 209.695395560 209.726058229 209.664219783 -1928.727
2096 209.795519986 209.826143725 209.764305261 27.878
2097 209.895561078 209.926227403 209.864388957 426.058
2098 209.995629226 210.026314860 209.964476173 648.038
2099 210.095661689 210.126403016 210.064564366 433.104
2100 210.195666282 210.226487198 210.164648734 783.547
2101 210.295749541 210.326583171 210.264744744 -316.169
2102 210.395853652 210.426657834 210.364819296 156.280
2103 210.495912022 210.526733426 210.464894999 -299.685
2104 210.596026634 210.626811517 210.564973089 168.213
2105 210.696102541 210.726885129 210.665046702 -883.343
2106 210.796311374 210.826956293 210.765117828 -1617.163
2107 210.896450522 210.927028355 210.865189576 -391.829
2108 210.996608152 211.027102293 210.965263847 -1098.914
2109 211.096791781 211.127189767 211.065351321 -661.715
2110 211.196964522 211.227264185 211.165425628 -683.802
2111 211.297048966 211.327358466 211.265520020 -1126.637
2112 211.397247726 211.427471755 211.365633309 -472.277
2113 211.497408281 211.527587489 211.465748839 -266.586
2114 211.597545892 211.627667861 211.565829452 -1333.660
2115 211.697692633 211.727748795 211.665910238 1028.436
2116 211.797794392 211.827817562 211.765979098 -4204.590
2117 211.897915188 211.927900731 211.866062284 684.748
2118 211.998066873 212.027984864 211.966146362 -939.348
2119 212.098198892 212.128063152 212.066224669 92.173
2120 212.198305558 212.228146134 212.166307651 -485.185
2121 212.298406984 212.328231254 212.266392770 926.846
2122 212.398434744 212.428318507 212.366480042 -2372.889
2123 212.498656132 212.528431092 212.466592609 1182.386
2124 212.598741984 212.628536140 212.566697638 1454.117
2125 212.698820614 212.728610129 212.666771702 -548.875
2126 212.798918669 212.828681873 212.766843427 -231.735
2127 212.898883503 212.928774369 212.866935737 1568.124
2128 212.998851984 213.028866476 212.967028030 838.349
2129 213.098803410 213.128943673 213.067105208 1611.051
2130 213.198730632 213.229034503 213.167196020 1208.565
2131 213.298722576 213.329133657 213.267295192 1290.604
2132 213.398759650 213.429270633 213.367432187 284.088
2133 213.498767206 213.529374006 213.467535541 2563.850
2134 213.598825095 213.629463892 213.567625409 -148.805
2135 213.698761169 213.729553344 213.667714898 1140.926
2136 213.798791280 213.829629862 213.767791231 769.366
2137 213.898909446 213.929701635 213.867863115 -2273.271
2138 213.999108613 214.029772442 213.967933996 -462.883
2139 214.099184131 214.129851917 214.068013452 28.129
2140 214.199337891 214.229935517 214.168096997 -916.675
2141 214.299445409 214.330040177 214.268201731 -367.182
2142 214.399550150 214.430142533 214.368304068 -38.222
2143 214.499870724 214.530239997 214.468401532 -2432.251
2144 214.600192242 214.630324047 214.568485619 -2354.266
2145 214.700512390 214.730408021 214.668569482 -2215.748
2146 214.800762298 214.830485592 214.768647146 -1989.870
2147 214.901007575 214.930584634 214.868746169 -1326.236
2148 215.001242131 215.030661376 214.968822948 -1498.529
2149 215.101464927 215.130739958 215.068901475 -1258.122
2150 215.201625038 215.230816977 215.168978439 -1308.200
2151 215.301791260 215.330894555 215.269056072 -761.223
2152 215.401959705 215.430963829 215.369125383 -874.089
2153 215.502104834 215.531040695 215.469202212 -555.826
2154 215.602249649 215.631111731 215.569273304 -1021.800
2155 215.702389630 215.731143686 215.669305240 -953.051
2156 215.802476704 215.831261436 215.769422989 1703.125
2157 215.902547779 215.931476596 215.869638169 -134.294
2158 216.002624649 216.031665048 215.969826621 4853.220
2159 216.102590186 216.131738754 216.069900290 -550.100
2160 216.202508371 216.231828638 216.169990118 910.285
2161 216.302587871 216.331990525 216.270152078 1175.198
2162 216.402558519 216.432067578 216.370229132 -591.094
2163 216.502582760 216.532168693 216.470330228 725.811
2164 216.602684630 216.632260495 216.570422049 1998.606
2165 216.702721741 216.732343161 216.670504697 -1526.342
2166 216.802794556 216.832409809 216.770571345 -2952.242
2167 216.902887833 216.932512302 216.870673837 2417.776
2168 217.002920037 217.032592423 216.970753959 283.134
2169 217.102965185 217.132678146 217.070839681 803.729
2170 217.203010667 217.232764301 217.170925818 43.823
2171 217.303081259 217.332845052 217.271006587 413.729
2172 217.403142852 217.432939652 217.371101206 238.501
2173 217.503274278 217.533080516 217.471242070 -381.932
2174 217.603371203 217.633150056 217.571311573 221.572
2175 217.703428537 217.733181336 217.671342908 -826.818
2176 217.803524500 217.833254516 217.771416014 -200.345
2177 217.903616185 217.933314960 217.871476514 -354.378
2178 218.003711185 218.033360232 217.971521786 -568.305
2179 218.103824185 218.133437492 218.071598991 0.111
2180 218.203911647 218.233524545 218.171686118 -425.997
2181 218.303993036 218.333570725 218.271732298 127.842
2182 218.404064110 218.433621346 218.371782900 -282.559
2183 218.504183277 218.533707760 218.471869296 -584.287
2184 218.604352036 218.633807785 218.571969265 -383.619
2185 218.704439573 218.733913126 218.672074699 2032.460
2186 218.804394758 218.833946597 218.772108151 -3246.675
2187 218.904468036 218.934016492 218.872178046 2189.976
2188 219.004539314 219.034037781 218.972199335 2096.173
2189 219.104646740 219.134109168 219.072270704 1014.424
2190 219.204730499 219.234239148 219.172400683 -271.635
2191 219.304811721 219.334314871 219.272476444 342.691
2192 219.404885388 219.434399676 219.372561248 171.063
2193 219.504937628 219.534497390 219.472658944 -1719.024
2194 219.605047276 219.634660861 219.572822378 2287.463
2195 219.705129221 219.734727654 219.672889226 -485.216
2196 219.805201406 219.834831743 219.772993297 531.546
2197 219.905268776 219.934945173 219.873106745 311.957
2198 220.005327924 220.035023058 219.973184630 70.154
2199 220.105387517 220.135104107 220.073265661 295.350
2200 220.205445331 220.235187307 220.173348657 617.750
2201 220.305485406 220.335276899 220.273438379 294.378
2202 220.405561165 220.435397202 220.373558774 497.006
2203 220.505616535 220.535493344 220.473654898 363.718
2204 220.605670516 220.635627467 220.573788909 985.545
2205 220.705746350 220.735784617 220.673946189 596.145
2206 220.805792276 220.835867036 220.774028608 345.283
2207 220.905851461 220.936025297 220.874186758 2400.848
2208 221.005929109 221.036304478 220.974466032 1709.728
2209 221.105853275 221.136389631 221.074551092 -166.527
2210 221.205934720 221.236449869 221.174611441 -54.992
2211 221.306007109 221.336494711 221.274656265 -114.864
2212 221.406090979 221.436567914 221.374729486 -224.567
2213 221.506192275 221.536647540 221.474809094 -326.107
2214 221.606293238 221.636727301 221.574888855 254.251
2215 221.706374923 221.736822302 221.674983819 -132.783
2216 221.806486442 221.836900282 221.775061818 -306.955
2217 221.906599312 221.936986431 221.875147967 -115.480
2218 222.006679645 222.037075499 221.975237016 -118.120
2219 222.106799238 222.137162019 222.075323535 152.630
2220 222.206876590 222.237250359 222.175411913 -173.888
2221 222.306973719 222.337294928 222.275456500 425.625
2222 222.407017589 222.437334545 222.375496117 -1584.139
2223 222.507196960 222.537414859 222.475576395 1052.493
2224 222.607400849 222.637517071 222.575678569 -2851.337
2225 222.707476774 222.737603546 222.675765044 -19.153
2226 222.807604941 222.837692947 222.775854464 -88.867
2227 222.907706422 222.937781166 222.875942738 -266.533
2228 223.007810885 223.037855488 222.976017024 -8.088
2229 223.107921459 223.137928409 223.076089908 -518.572
2230 223.208039422 223.238004182 223.176165625 -191.240
2231 223.308104552 223.338074892 223.276236465 -218.882
2232 223.408076830 223.438170926 223.376332498 749.494
2233 223.508370904 223.538249146 223.476410719 460.387
2234 223.608269978 223.638339702 223.576501238 -753.653
2235 223.708494200 223.738412933 223.676574487 -909.476
2236 223.808581644 223.838496300 223.776657725 -1230.240
2237 223.908618126 223.938577263 223.876738817 524.083
2238 224.008691644 224.038635964 223.976797537 565.471
2239 224.108715922 224.138710493 224.076871899 98.932
2240 224.208774348 224.238793609 224.176955145 292.848
2241 224.308897644 224.338869357 224.277030892 -73.036
2242 224.408966588 224.438944505 224.377106078 4.964
2243 224.509016792 224.539017670 224.477179168 -636.619
2244 224.609062644 224.639103956 224.577265510 1459.208
2245 224.709196273 224.739201277 224.677362701 -957.891
2246 224.809240514 224.839277521 224.777439037 95.107
2247 224.909316347 224.939312687 224.877474185 -884.935
2248 225.009422477 225.039418942 224.977580477 457.653
2249 225.109552569 225.139495768 225.077657193 -652.264
2250 225.209647810 225.239584691 225.177746263 -21.854
2251 225.309724699 225.339718442 225.277880014 1957.886
2252 225.409849162 225.439798496 225.377959977 -1883.129
2253 225.509863236 225.539880141 225.478041640 1017.390
2254 225.609908550 225.639946608 225.578108143 -1231.864
2255 225.710014050 225.740043115 225.678204669 614.158
2256 225.810056661 225.840126515 225.778288032 -585.796
2257 225.910122939 225.940209934 225.878371470 84.285
2258 226.010166272 226.040296284 225.978457856 1221.941
2259 226.110244143 226.140399249 226.078560784 136.634
2260 226.210369143 226.240492973 226.178654489 -675.005
2261 226.310477661 226.340586465 226.278748001 86.899
2262 226.410563976 226.440667767 226.378829284 -327.782
2263 226.510661791 226.540752832 226.478914348 138.331
2264 226.610733735 226.640838425 226.578999961 -173.364
2265 226.710814142 226.740934110 226.679095626 310.526
2266 226.810967198 226.841029539 226.779191055 -187.238
2267 226.910999142 226.941117866 226.879279291 -137.676
2268 227.011108105 227.041201032 226.979362548 -324.759
2269 227.111170605 227.141283573 227.079445053 348.972
2270 227.211240568 227.241367788 227.179529323 44.789
2271 227.311313346 227.341452688 227.279614223 159.356
2272 227.411367142 227.441509699 227.379671216 -44.215
2273 227.511397494 227.541589681 227.479751198 512.728
2274 227.611465420 227.641674994 227.579836548 -333.707
2275 227.711576308 227.741780350 227.679941385 222.375
2276 227.811650679 227.841865049 227.780026603 -54.776
2277 227.911727994 227.941933571 227.880095144 -262.799
2278 228.011848734 228.042011959 227.980173513 397.235
2279 228.111884938 228.142106053 228.080267532 130.225
2280 228.212013382 228.242189910 228.180351446 103.092
2281 228.312117530 228.342276775 228.280438255 34.294
2282 228.412208475 228.442361763 228.380523317 0.466
2283 228.512287438 228.542448374 228.480609836 89.996
2284 228.612392660 228.642531089 228.580692625 -899.180
2285 228.712613326 228.742634760 228.680796129 -168.321
2286 228.812719326 228.842729111 228.780890627 576.391
2287 228.912781271 228.942780823 228.880942340 -2542.565
2288 229.012938271 229.042875039 228.981036555 474.964
2289 229.112999400 229.142984281 229.081145798 -232.540
2290 229.213163252 229.243072303 229.181233801 124.212
2291 229.313287289 229.343137283 229.281298819 -1473.139
2292 229.413351770 229.443248993 229.381410473 1387.414
2293 229.513535844 229.543333161 229.481494678 1401.894
2294 229.613554400 229.643423881 229.581585417 -1080.892
2295 229.713702863 229.743531352 229.681692850 777.648
2296 229.813790381 229.843636384 229.781797864 -1048.855
2297 229.913924400 229.943716431 229.881878003 -161.719
2298 230.014030696 230.043777422 229.981938995 -477.902
2299 230.114183992 230.143869356 230.082030836 1037.902
2300 230.214432751 230.243948025 230.182109597 -4063.539
2301 230.314601548 230.344017874 230.282179428 -612.436
2302 230.414830048 230.444102524 230.382264059 1044.754
2303 230.514855788 230.544234768 230.482396322 -1846.757
2304 230.615020140 230.644302654 230.582464226 -240.835
2305 230.715120584 230.744359561 230.682521096 -414.383
2306 230.815229159 230.844441699 230.782603234 -240.270
2307 230.915314436 230.944510557 230.882672129 -185.124
2308 231.015428455 231.044581092 230.982742646 -239.805
2309 231.115288621 231.144674008 231.082835543 2943.845
2310 231.215148714 231.244776574 231.182938054 1467.351
2311 231.315119936 231.344876860 231.283038395 2464.644
2312 231.414863695 231.444948426 231.383109979 2274.940
2313 231.514860788 231.545034793 231.483196273 1590.536
2314 231.614809491 231.645134071 231.583295607 1423.873
2315 231.714816862 231.745262785 231.683424339 2405.248
2316 231.814737602 231.845360507 231.783522024 650.858
2317 231.914750047 231.945459208 231.883620706 1548.876
2318 232.014736824 232.045551471 231.983712932 909.664
2319 232.114841158 232.145625231 232.083786767 -2107.477
2320 232.215086047 232.245708374 232.183869910 82.884
2321 232.315279584 232.345773008 232.283934562 -1944.830
2322 232.415434991 232.445833906 232.383995460 -817.007
2323 232.515605639 232.545906454 232.484067990 -1019.274
2324 232.615738843 232.645992926 232.584154424 -381.683
2325 232.715860583 232.746079813 232.684241348 -225.203
2326 232.816027842 232.846164215 232.784325713 -756.462
2327 232.916172342 232.946243296 232.884404813 -921.001
2328 233.016322046 233.046334070 232.984495605 -219.301
2329 233.116330046 233.146403934 233.084565451 -1211.196
2330 233.216746602 233.246512632 233.184674149 1999.019
2331 233.316677398 233.346580006 233.284741578 -4150.924
2332 233.416801842 233.446652657 233.384814210 662.898
2333 233.516944842 233.546724101 233.484885655 210.310
2334 233.617014749 233.646797025 233.584958597 -456.158
2335 233.717099398 233.746878240 233.685039794 0.062
2336 233.817170509 233.846984787 233.785146248 613.931
2337 233.917198805 233.947072686 233.885234259 579.062
2338 234.017216045 234.047149619 233.985311173 526.958
2339 234.117251157 234.147237426 234.085398980 526.958
2340 234.217342156 234.247364058 234.185525612 277.565
2341 234.317412193 234.347413777 234.285575257 -627.766
2342 234.417421749 234.447506720 234.385668274 180.173
2343 234.517549786 234.547573038 234.485734573 -834.330
2344 234.617564582 234.647651029 234.585812582 -297.176
2345 234.717699749 234.747754359 234.685915894 1166.190
2346 234.817728304 234.847851040 234.786012557 -93.935
2347 234.917814600 234.947936985 234.886098539 469.796
2348 235.017838656 235.048010335 234.986171908 245.451
2349 235.117901804 235.148085679 235.086247214 153.902
2350 235.217926582 235.248177621 235.186339156 918.466
2351 235.318075248 235.348245407 235.286406979 -1544.841
2352 235.418104730 235.448322262 235.386483797 -78.458
2353 235.518246230 235.548416651 235.486578186 74.436
2354 235.618320822 235.648497942 235.586659514 -909.428
2355 235.718520063 235.748584371 235.686745906 2183.697
2356 235.818455230 235.848690439 235.786851900 -169.727
2357 235.918648767 235.948800473 235.886961989 1096.428
2358 236.018723507 236.048880810 235.987042327 -756.295
2359 236.118806711 236.148963864 236.087125344 -514.494
2360 236.219037007 236.249063458 236.187224660 723.799
2361 236.319045933 236.349147383 236.287308918 59.886
2362 236.419194933 236.449246479 236.387407996 -148.363
2363 236.519307896 236.549331541 236.487493058 -171.631
2364 236.619419192 236.649426100 236.587587636 -289.879
2365 236.719537525 236.749512995 236.687674401 -499.296
2366 236.819647673 236.849605434 236.787766988 -283.637
2367 236.919754859 236.949722397 236.887883877 1030.580
2368 237.019784729 237.049812835 236.987974352 -160.863
2369 237.119942544 237.149894431 237.088055966 -611.076
2370 237.220026081 237.249990816 237.188152277 1035.639
2371 237.320044525 237.350079226 237.288240743 -35.690
2372 237.420101321 237.450166041 237.388327576 630.401
2373 237.520102840 237.550250026 237.488411542 1141.399
2374 237.620172784 237.650336551 237.588498068 187.521
2375 237.720251636 237.750434590 237.688596125 -44.948
2376 237.820337451 237.850529022 237.788690576 470.158
2377 237.920313191 237.950637286 237.888798766 2207.400
2378 238.020239506 238.050743095 237.988904575 2290.898
2379 238.120133969 238.150832991 238.088994507 1577.624
2380 238.220076561 238.250940320 238.189101837 1842.048
2381 238.320010210 238.351046711 238.289208246 1330.133
2382 238.420020172 238.451124509 238.389286026 -624.319
2383 238.520159247 238.551202536 238.489364053 -618.448
2384 238.620293913 238.651286122 238.589447602 -280.596
2385 238.720414950 238.751373385 238.689534921 -390.791
2386 238.820565894 238.851461444 238.789622998 -708.716
2387 238.920724487 238.951560043 238.889721578 -537.847
2388 239.020897005 239.051667990 238.989829488 -649.625
2389 239.121010320 239.151756211 239.089917747 -155.477
2390 239.221121653 239.251856697 239.190018233 -139.622
2391 239.321220376 239.351937521 239.290099038 -481.661
2392 239.421387802 239.452022319 239.390183818 -434.487
2393 239.521503913 239.552103430 239.490264966 -690.816
2394 239.621654172 239.652185165 239.590346700 -842.136
2395 239.721719246 239.752269532 239.690431049 -214.806
2396 239.821848301 239.852361622 239.790523158 -537.268
2397 239.921957283 239.952466319 239.890627855 78.444
2398 240.022061209 240.052553881 239.990715398 180.453
2399 240.122203634 240.152639859 240.090801394 -712.147
2400 240.222283153 240.252722513 240.190884012 -428.835
2401 240.322394245 240.352810297 240.290971813 -210.036
2402 240.422500949 240.452903699 240.391065234 -70.903
2403 240.522638782 240.552993254 240.491154808 -193.393
2404 240.622739967 240.653092718 240.591254254 -326.026
2405 240.722843282 240.753187214 240.691348749 134.697
2406 240.822953856 240.853288990 240.791450544 -563.835
2407 240.923076875 240.953397387 240.891558941 253.313
2408 241.023236486 241.053477936 240.991639471 -1449.602
2409 241.123272097 241.153572555 241.091734071 2165.902
2410 241.223383245 241.253663586 241.191825066 -1070.029
2411 241.323499078 241.353739300 241.291900817 -981.995
2412 241.423503004 241.453819395 241.391980930 530.271
2413 241.523723689 241.553906522 241.492068038 942.124
2414 241.623783208 241.654000742 241.592162277 -741.991
2415 241.723839448 241.754087441 241.692248976 586.937
2416 241.823942893 241.854174445 241.792336018 -77.094
2417 241.924041467 241.954274925 241.892436276 67.803
2418 242.024116467 242.054336899 241.992498453 -311.012
2419 242.124197689 242.154406834 242.092568351 -566.023
2420 242.224299189 242.254512220 242.192673644 1057.385
2421 242.324390670 242.354590458 242.292752030 -128.259
2422 242.424462948 242.454663430 242.392824984 142.718
2423 242.524520781 242.554734404 242.492895958 -319.288
2424 242.624601596 242.654789493 242.592951066 442.099
2425 242.724670596 242.754886571 242.693048144 14.540
2426 242.824730781 242.854969053 242.793130588 161.265
2427 242.924840244 242.955109287 242.893270841 361.838
2428 243.024939873 243.055232075 242.993393610 151.437
2429 243.124983207 243.155322737 243.093484272 40.372
2430 243.225083984 243.255418281 243.193579519 523.743
2431 243.325144447 243.355508017 243.293669589 61.034
2432 243.425321466 243.455535427 243.393696944 -1401.524
2433 243.525555836 243.555619064 243.493780452 -1325.842
2434 243.625762929 243.655698985 243.593860557 -1545.449
2435 243.725923095 243.755766657 243.693928137 -388.895
2436 243.826118429 243.855864838 243.794026318 -908.909
2437 243.926241243 243.955938159 243.894099694 -2549.751
2438 244.026487040 244.056037739 243.994198941 709.807
2439 244.126570410 244.156111017 244.094272534 -118.389
2440 244.226818095 244.256198776 244.194360330 -3171.919
2441 244.326917336 244.356282318 244.294443872 2048.083
2442 244.427064780 244.456356564 244.394518081 -1902.820
2443 244.527197873 244.556439358 244.494600838 -319.546
2444 244.627270372 244.656521574 244.594683110 -258.149
2445 244.727405021 244.756589937 244.694751473 -133.611
2446 244.827493391 244.856651280 244.794812816 -374.007
2447 244.927611946 244.956741220 244.894902774 -516.180
2448 245.027839243 245.056833528 244.994995045 -764.205
2449 245.127823557 245.156902576 245.095064112 -2200.141
2450 245.228099539 245.256986520 245.195148037 1794.296
2451 245.328151817 245.357066720 245.295228256 -1182.723
2452 245.428274002 245.457147507 245.395309024 -352.147
2453 245.528425539 245.557234517 245.495396052 388.588
2454 245.628436872 245.657312708 245.595474225 -2321.399
2455 245.728684761 245.757395769 245.695557304 812.385
2456 245.828728057 245.857466940 245.795628475 -1843.757
2457 245.928803705 245.957553145 245.895714699 -633.712
2458 246.028918075 246.057650231 245.995811711 794.754
2459 246.129025372 246.157730117 246.095891634 -963.139
2460 246.229137575 246.257812629 246.195974183 -36.609
2461 246.329197705 246.357889598 246.296051170 2023.843
2462 246.429074371 246.457968417 246.396129971 2023.843
2463 246.529008390 246.558051542 246.496213077 1137.146
2464 246.628989390 246.658148195 246.596309712 1021.483
2465 246.728980556 246.758230452 246.696392025 1217.008
2466 246.828954853 246.858313403 246.796474976 834.529
2467 246.928931112 246.958400595 246.896562130 1145.275
2468 247.028964093 247.058535778 246.996697277 963.752
2469 247.128983204 247.158650625 247.096812105 1388.616
2470 247.229001723 247.258727723 247.196889277 -297.637
2471 247.329073778 247.358879636 247.297041189 1489.958
2472 247.429147149 247.459047490 247.397209044 -260.562
2473 247.529225019 247.559207463 247.497369017 1132.799
2474 247.629296519 247.659313804 247.597475358 110.668
2475 247.729448741 247.759411378 247.697572858 2983.162
2476 247.829363908 247.859485848 247.797647384 -1663.986
2477 247.929508093 247.959589483 247.897751036 64.376
2478 248.029603722 248.059669402 247.997830919 758.771
2479 248.129658593 248.159775669 248.097937204 1924.206
2480 248.229739648 248.259905662 248.198067217 -1748.574
2481 248.329811518 248.360013606 248.298175179 706.633
2482 248.429877926 248.460088739 248.398250238 267.704
2483 248.529929981 248.560166221 248.498327774 162.423
2484 248.630033592 248.660241708 248.598403280 -746.373
2485 248.730177185 248.760298461 248.698460033 -1319.413
2486 248.830315092 248.860369332 248.798530886 206.941
2487 248.930464981 248.960464053 248.898625570 -111.426
2488 249.030621648 249.060593930 248.998755429 -648.777
2489 249.130818018 249.160692985 249.098854521 -78.923
2490 249.230915777 249.260782108 249.198943643 -397.010
2491 249.331026462 249.360855892 249.299017427 -1889.828
2492 249.431129666 249.460937189 249.399098688 1005.821
2493 249.531262388 249.561021266 249.499182746 95.681
2494 249.631268832 249.661102842 249.599264377 360.933
2495 249.731436184 249.761173706 249.699335223 -1644.004
2496 249.831474851 249.861255766 249.799417283 1214.904
2497 249.931548555 249.961334015 249.899495532 -1073.611
2498 250.031682906 250.061422360 249.999583895 89.971
2499 250.131795203 250.161525629 250.099687183 239.290
2500 250.231852128 250.261616005 250.199777374 770.029
2501 250.331863906 250.361701020 250.299862537 708.225
2502 250.431893425 250.461785032 250.399946549 446.169
2503 250.531962369 250.561890200 250.500051717 218.415
2504 250.632020573 250.661969168 250.600130722 194.961
2505 250.732092332 250.762060677 250.700222250 199.418
2506 250.832147813 250.862149606 250.800311160 241.934
2507 250.932205813 250.962221309 250.900382844 -53.878
2508 251.032290850 251.062306154 251.000467689 172.869
2509 251.132398646 251.162432059 251.100593576 100.340
2510 251.232480054 251.262521422 251.200682883 6.333
2511 251.332618554 251.362600208 251.300761725 -818.678
2512 251.432668424 251.462686577 251.400848112 -1073.010
2513 251.532813072 251.562762429 251.500923964 -83.916
2514 251.632890628 251.662796325 251.600957879 -508.578
2515 251.732962090 251.762837322 251.700998876 -263.108
2516 251.833037035 251.862856668 251.801018240 -17.199
2517 251.933107257 251.962916750 251.901078322 -602.457
2518 252.033204294 252.062995728 252.001157282 276.667
2519 252.133313294 252.163075790 252.101237326 -472.503
2520 252.233404349 252.263186569 252.201348105 124.157
2521 252.333491627 252.363279605 252.301441159 281.613
2522 252.433542664 252.463360692 252.401522227 293.424
2523 252.533618164 252.563464058 252.501625556 186.410
2524 252.633690608 252.663541239 252.601702793 -232.372
2525 252.733761220 252.763610703 252.701772275 336.991
2526 252.833818756 252.863675725 252.801837298 -97.412
2527 252.933889849 252.963745227 252.901906781 -250.558
2528 253.034005275 253.063823583 253.001985137 -395.469
2529 253.134136923 253.163921622 253.102083158 -180.957
2530 253.234157904 253.264008514 253.202170086 792.508
2531 253.334168571 253.364087027 253.302248581 625.025
2532 253.434217515 253.464165369 253.402326904 273.799
2533 253.534303701 253.564285693 253.502447247 552.088
2534 253.634371978 253.664418343 253.602579915 -343.849
2535 253.734430719 253.764494908 253.702656480 592.653
2536 253.834466367 253.864597216 253.802758789 1756.471
2537 253.934523793 253.964668575 253.902830129 287.077
2538 254.034516571 254.064746640 254.002908194 936.375
2539 254.134554811 254.164854854 254.103016056 -575.921
2540 254.234637126 254.264960208 254.203121780 1615.647
2541 254.334695015 254.365075772 254.303237326 -100.659
2542 254.434732348 254.465181297 254.403342832 423.027
2543 254.534785589 254.565278339 254.503439318 1314.734
2544 254.634793107 254.665352664 254.603514237 303.444
2545 254.734889755 254.765430427 254.703591999 160.980
2546 254.834948626 254.865506457 254.803668011 -762.151
2547 254.935066607 254.965577129 254.903738701 -119.710
2548 255.035159811 255.065658859 255.003820395 24.788
2549 255.135280903 255.165781308 255.103942862 9.608
2550 255.235373088 255.265862273 255.204023771 -194.167
2551 255.335467718 255.365938090 255.304099570 -227.320
2552 255.435616755 255.466021051 255.404182550 -302.773
2553 255.535651440 255.566129063 255.504290635 1419.291
2554 255.635832755 255.666202183 255.604363737 -2762.121
2555 255.735915310 255.766510757 255.704672330 -2244.703
2556 255.836115051 255.866669454 255.804831008 2495.483
2557 255.936319458 255.966740399 255.904901953 -1267.720
2558 256.036389236 256.066894380 256.005055934 637.225
2559 256.136537699 256.166950111 256.105111646 -213.202
2560 256.236638884 256.267088037 256.205249609 -765.875
2561 256.336745088 256.367185218 256.305346753 1560.792
2562 256.436779902 256.467276470 256.405438024 -969.476
2563 256.536875551 256.567345544 256.505507079 85.249
2564 256.636941236 256.667421023 256.605582595 83.678
2565 256.737021569 256.767509915 256.705671487 1136.706
2566 256.837077291 256.867571415 256.805732969 -108.744
2567 256.937153754 256.967634577 256.905796150 -311.512
2568 257.037225032 257.067701562 257.005863116 48.842
2569 257.137302828 257.167781334 257.105942869 189.131
2570 257.237389717 257.267882186 257.206043740 -53.160
2571 257.337410180 257.367961791 257.306123271 313.427
2572 257.437591235 257.468056351 257.406217905 171.132
2573 257.537671883 257.568138862 257.506300435 -392.243
2574 257.637764883 257.668204817 257.606366390 412.903
2575 257.737828679 257.768272508 257.706434025 -141.863
2576 257.837911365 257.868336448 257.806497964 -23.075
2577 257.937990828 257.968412196 257.906573769 -80.222
2578 258.038063957 258.068474708 258.006636262 -140.107
2579 258.138133253 258.168514840 258.106676394 -819.241
2580 258.238232568 258.268617734 258.206779269 521.265
2581 258.338335975 258.368709401 258.306870881 965.296
2582 258.438449086 258.468791346 258.406952881 -1472.502
2583 258.538528105 258.568887971 258.507049506 -386.672
2584 258.638666272 258.668971384 258.607132920 -40.464
2585 258.738715031 258.769063312 258.707224848 1094.702
2586 258.838783068 258.869140439 258.807301975 -2985.813
2587 258.938908642 258.969221012 258.907382547 467.307
2588 259.038970364 259.069303381 259.007464935 7.465
2589 259.139055086 259.169390584 259.107552138 -62.660
2590 259.239365105 259.269493723 259.207655277 -1198.678
2591 259.339555901 259.369578991 259.307740564 -542.548
2592 259.439709030 259.469655389 259.407816924 -1527.619
2593 259.539896290 259.569740167 259.507901721 -805.176
2594 259.639983549 259.669762471 259.607924025 -323.727
2595 259.740061326 259.769809549 259.707971103 65.317
2596 259.840241419 259.869878929 259.808040483 -738.319
2597 259.940312141 259.969974204 259.908135777 -814.360
2598 260.040436474 260.070043711 260.008205284 53.033
2599 260.140637604 260.170119175 260.108280748 -1742.277
2600 260.240710308 260.270205237 260.208366773 -762.875
2601 260.340805659 260.370287218 260.308448772 -397.770
2602 260.440929882 260.470367267 260.408528802 286.682
2603 260.541016326 260.570455061 260.508616615 -228.180
2604 260.641084196 260.670519321 260.608680838 -1034.133
2605 260.741139085 260.770597793 260.708759365 -270.246
2606 260.841254455 260.870675385 260.808836958 274.726
2607 260.941299566 260.970746032 260.908907605 -865.598
2608 261.041466437 261.070827228 261.008988800 1242.092
2609 261.141566307 261.170914382 261.109075935 -90.299
2610 261.241692029 261.271043823 261.209205359 -728.575
2611 261.341802159 261.371145263 261.309306779 379.192
2612 261.441864659 261.471223082 261.409384617 -202.507
2613 261.541949436 261.571305257 261.509466792 -313.208
2614 261.642051936 261.671342932 261.609504449 -662.078
2615 261.742159455 261.771432752 261.709594231 706.689
2616 261.842247862 261.871507864 261.809669381 -674.834
2617 261.942336196 261.971555243 261.909716742 -463.277
2618 262.042421344 262.071641737 262.009803216 159.776
2619 262.142486177 262.171744393 262.109905928 -1608.619
2620 262.242676510 262.271840867 262.210002420 2519.387
2621 262.342725899 262.371942497 262.310104032 -850.631
2622 262.442815047 262.472071225 262.410232742 382.504
2623 262.542894658 262.572159368 262.510320867 210.036
2624 262.642981954 262.672248344 262.610409824 -448.818
2625 262.743060084 262.772364749 262.710526285 353.314
2626 262.843217695 262.872439612 262.810601166 -1268.727
2627 262.943355880 262.972535746 262.910697263 320.227
2628 263.043444862 263.072597703 263.010759220 -213.365
2629 263.143545121 263.172689823 263.110851359 435.561
2630 263.243640010 263.272770517 263.210932071 -358.158
2631 263.343748602 263.372865852 263.311027239 -239.041
2632 263.443859954 263.472929767 263.411091247 -475.719
2633 263.543951806 263.573054605 263.511216140 1224.798
2634 263.644105232 263.673136993 263.611298492 722.732
2635 263.744121454 263.773216115 263.711377632 -527.576
2636 263.844211713 263.873316313 263.811477849 -103.140
2637 263.944298231 263.973394807 263.911556324 -123.707
2638 264.044391361 264.073622014 264.011783530 1660.359
2639 264.144400546 264.173779674 264.111941190 1478.889
2640 264.244320231 264.273875072 264.212036626 1501.997
2641 264.344284009 264.373978403 264.312139920 1533.937
2642 264.444229379 264.474064928 264.412226408 1223.901
2643 264.544348324 264.574148085 264.512309603 -6065.573
2644 264.644955824 264.674213048 264.612374602 -4254.370
2645 264.745473823 264.774282467 264.712443985 -4250.328
2646 264.845946064 264.874325161 264.812486697 -5026.572
2647 264.946416286 264.974401925 264.912563442 -2636.715
2648 265.046830138 265.074471815 265.012633351 -3611.097
2649 265.147208768 265.174544021 265.112705538 -2407.522
2650 265.247568805 265.274614401 265.212775955 -2651.640
2651 265.347881342 265.374710582 265.312871989 -2585.503
2652 265.448211119 265.474792565 265.412954101 -1703.788
2653 265.548438193 265.574861618 265.513023117 -2006.064
2654 265.648741138 265.674941671 265.613103188 -3359.743
2655 265.748985249 265.775026799 265.713188335 1181.267
2656 265.849255193 265.875108629 265.813270127 -3028.154
2657 265.949445989 265.975177618 265.913339154 -1141.071
2658 266.049606637 266.075255775 266.013417292 -538.181
2659 266.149776600 266.175336264 266.113497781 -1357.216
2660 266.249994174 266.275422075 266.213583648 -2435.384
2661 266.350123119 266.375535881 266.313697397 2039.906
2662 266.450332359 266.475621919 266.413783325 -1811.403
2663 266.550505915 266.575709345 266.513870862 -505.339
2664 266.650610489 266.675752646 266.613914200 -441.773
2665 266.750698841 266.775824569 266.713986086 -969.786
2666 266.850916156 266.875904964 266.814066444 -1482.525
2667 266.951020748 266.976049129 266.914210627 -1064.770
2668 267.051239007 267.076131633 267.014293149 1534.488
2669 267.151267655 267.176175843 267.114337397 -1161.679
2670 267.251459970 267.276309982 267.214471536 -822.184
2671 267.351612618 267.376430401 267.314591955 -125.510
2672 267.451572544 267.476519658 267.414681231 6682.500
2673 267.551126600 267.576621568 267.514783102 5382.448
2674 267.650629229 267.676740646 267.614902180 5486.836
2675 267.750315025 267.776866645 267.715028161 4302.517
2676 267.850072099 267.877070075 267.815231573 4013.303
2677 267.950033581 267.977423030 267.915584602 3787.175
2678 268.049935062 268.077697037 268.015858516 3623.648
2679 268.149845525 268.177998503 268.116159983 3318.750
2680 268.249928192 268.278357067 268.216518639 2492.762
2681 268.349794544 268.378529086 268.316690621 3538.528
2682 268.449723969 268.478672344 268.416833860 2118.665
2683 268.549796840 268.579007356 268.517168910 2360.992
2684 268.649870858 268.679285471 268.617447043 2767.833
2685 268.749948840 268.779587716 268.717749177 1403.702
2686 268.849994932 268.879665540 268.817827057 3205.649
2687 268.949881969 268.979841273 268.918002808 277.398
2688 269.049961617 269.079992201 269.018153755 1677.569
2689 269.149963784 269.180156260 269.118317795 1663.834
2690 269.250035599 269.280351537 269.218513054 1532.477
2691 269.349998543 269.380443891 269.318605426 1003.553
2692 269.450066691 269.480646868 269.418808440 1462.377
2693 269.550137709 269.580855475 269.519017048 1171.159
2694 269.650208821 269.681024972 269.619186545 966.109
2695 269.750206858 269.781122571 269.719284032 883.267
2696 269.850290746 269.881265480 269.819426923 -682.816
2697 269.950380394 269.981341901 269.919503455 220.061
2698 270.050453117 270.081429384 270.019590956 78.672
2699 270.150552468 270.181512619 270.119674080 -389.731
2700 270.250639024 270.281571732 270.219733286 -80.374
2701 270.350739913 270.381651870 270.319813424 -209.466
2702 270.450858894 270.481748864 270.419910381 -209.016
2703 270.551014598 270.581826472 270.519987971 -642.423
2704 270.651114783 270.681894360 270.620055784 -631.539
2705 270.751236672 270.781971610 270.720133164 -259.559
2706 270.851345857 270.882046575 270.820208147 -406.781
2707 270.951449542 270.982117662 270.920279234 -199.989
2708 271.051557394 271.082187026 271.020348580 -848.261
2709 271.151712653 271.182269173 271.120430690 -720.883
2710 271.251865412 271.282351749 271.220513192 -619.009
2711 271.352002523 271.382430412 271.320591947 -570.730
2712 271.452159134 271.482525202 271.420686756 -773.493
2713 271.552313838 271.582610118 271.520771672 -649.157
2714 271.652466153 271.682693696 271.620855231 -881.615
2715 271.752680208 271.782754343 271.720915860 1134.937
2716 271.852762023 271.882889246 271.821050800 273.938
2717 271.952825301 271.982953474 271.921115047 -483.139
2718 272.052896615 272.083009961 272.021171515 140.998
2719 272.152968726 272.183088016 272.121249551 40.880
2720 272.253060041 272.283144129 272.221305701 -1243.413
2721 272.353215486 272.383229254 272.321390827 -1030.904
2722 272.453383782 272.483321802 272.421483190 -591.505
2723 272.553542189 272.583406828 272.521568364 -554.767
2724 272.653708467 272.683485809 272.621647233 -1095.557
2725 272.753838615 272.783563571 272.721725125 -72.466
2726 272.853980559 272.883635327 272.821796844 -674.548
2727 272.954070541 272.983715424 272.921876978 -171.631
2728 273.054209800 273.083783265 273.021944838 -1225.655
2729 273.154336596 273.183882744 273.122044280 233.515
2730 273.254434244 273.283962195 273.222123768 -370.143
2731 273.354556485 273.384049230 273.322210803 -512.213
2732 273.454741670 273.484169968 273.422331522 -343.906
2733 273.554845559 273.584254544 273.522416098 -439.121
2734 273.654934337 273.684317993 273.622479565 907.371
2735 273.754962151 273.784430709 273.722592188 792.464
2736 273.855040522 273.884600287 273.822761655 762.216
2737 273.955123225 273.984752392 273.922913964 1044.103
2738 274.055202596 274.084927714 274.023089287 14.012
2739 274.155280762 274.185077248 274.123238783 1652.529
2740 274.255352059 274.285167108 274.223328513 498.429
2741 274.355431466 274.385323966 274.323485520 663.624
2742 274.455497614 274.485437876 274.423599430 810.130
2743 274.555594521 274.585579824 274.523741360 398.018
2744 274.655636725 274.685677506 274.623839023 661.509
2745 274.755692984 274.785772881 274.723934361 74.700
2746 274.855778780 274.885890901 274.824052381 424.489
2747 274.955861391 274.985984109 274.924145681 -33.274
2748 275.055936762 275.086053543 275.024215115 -44.650
2749 275.156024206 275.186145617 275.124307153 -137.468
2750 275.256132780 275.286224320 275.224385837 -386.703
2751 275.356265891 275.386303363 275.324464936 -92.033
2752 275.456357743 275.486388353 275.424549907 -109.865
2753 275.556469243 275.586519794 275.524681311 358.182
2754 275.656551039 275.686597351 275.624758886 -147.923
2755 275.756626669 275.786689477 275.724851049 -226.154
2756 275.856705854 275.886770807 275.824932324 432.861
2757 275.956786095 275.986879490 275.925041044 1.036
2758 276.056865724 276.086950182 276.025111699 5.513
2759 276.156957780 276.187043424 276.125204959 -131.941
2760 276.257057039 276.287132217 276.225293753 61.496
2761 276.357134928 276.387212124 276.325373696 184.432
2762 276.457168928 276.487309060 276.425470613 182.317
2763 276.557277890 276.587406563 276.525568024 -101.410
2764 276.657361798 276.687457266 276.625618690 -259.670
2765 276.757434631 276.787514345 276.725675899 -133.575
2766 276.857566150 276.887590928 276.825752482 -137.538
2767 276.957639483 276.987676241 276.925837813 105.270
2768 277.057720279 277.087752122 277.025913657 63.047
2769 277.157801779 277.187842741 277.126004258 -1.339
2770 277.257894909 277.287926264 277.226087800 -231.009
2771 277.357966742 277.388007298 277.326168833 127.230
2772 277.458041723 277.488095825 277.426257379 264.880
2773 277.558118353 277.588207095 277.526368612 376.673
2774 277.658202982 277.688327705 277.626489203 350.699
2775 277.758260538 277.788416970 277.726578524 430.719
2776 277.858313334 277.888512962 277.826674441 422.127
2777 277.958395279 277.988629820 277.926791374 134.592
2778 278.058494019 278.088699320 278.026860874 230.905
2779 278.158546853 278.188765102 278.126926378 -576.531
2780 278.258649871 278.288861469 278.227023005 -176.983
2781 278.358732538 278.388965512 278.327127066 677.937
2782 278.458810723 278.489045832 278.427207367 123.824
2783 278.558899037 278.589151174 278.527312265 154.592
2784 278.658989834 278.689232472 278.627394045 -152.365
2785 278.759068278 278.789319703 278.727481201 261.125
2786 278.859144556 278.889411175 278.827572655 362.432
2787 278.959233426 278.989511256 278.927672829 -99.553
2788 279.059308815 279.089577215 279.027738788 -272.982
2789 279.159391722 279.189691503 279.127852890 1001.240
2790 279.259453852 279.289796412 279.227957948 446.508
2791 279.359538222 279.389932441 279.328094013 492.765
2792 279.459616518 279.490012600 279.428174172 480.691
2793 279.559675852 279.590114821 279.528276375 411.325
2794 279.659732518 279.690202845 279.628364399 84.453
2795 279.759811944 279.790298241 279.728459814 98.762
2796 279.859910222 279.890367694 279.828529229 -60.112
2797 279.959993407 279.990503082 279.928664617 -796.896
2798 280.060073777 280.090567523 280.028729095 875.459
2799 280.160140722 280.190643628 280.128805163 87.021
2800 280.260236629 280.290711529 280.228873028 -411.943
2801 280.360353462 280.390787529 280.328949101 -402.412
2802 280.460495277 280.490874859 280.429036395 -509.970
2803 280.560582962 280.590991534 280.529153070 -933.325
2804 280.660713888 280.691115781 280.629277297 -10.874
2805 280.760801647 280.791191302 280.729352856 -298.141
2806 280.860875666 280.891263135 280.829424689 565.953
2807 280.960946573 280.991319830 280.929481384 -38.195
2808 281.061017610 281.091412815 281.029574369 230.622
2809 281.161099906 281.191514243 281.129675723 251.443
2810 281.261177814 281.291605365 281.229766827 280.893
2811 281.361256221 281.391724878 281.329886432 329.592
2812 281.461331832 281.491755382 281.429916936 -750.873
2813 281.561403702 281.591848363 281.530009917 644.211
2814 281.661491462 281.691943803 281.630105357 843.269
2815 281.761580110 281.792036703 281.730198053 -511.984
2816 281.861660869 281.892127521 281.830289056 512.044
2817 281.961814535 281.992210121 281.930371657 -639.692
2818 282.061809165 282.092292002 282.030453538 730.710
2819 282.161873702 282.192382570 282.130544106 290.020
2820 282.261951517 282.292458767 282.230620302 -983.898
2821 282.362067831 282.392508169 282.330669686 -102.645
2822 282.462149443 282.492590225 282.430751761 338.025
2823 282.562221128 282.592680426 282.530841961 -255.340
2824 282.662339924 282.692776001 282.630937536 -842.736
2825 282.762544813 282.792861815 282.731023350 -182.806
2826 282.862612183 282.892954453 282.831115970 645.736
2827 282.962747313 282.993030828 282.931192363 -1186.324
2828 283.062852942 283.093110624 283.031272159 -1130.574
2829 283.162985312 283.193194294 283.131355811 1371.728
2830 283.263102368 283.293275689 283.231437224 -688.164
2831 283.363160312 283.393357478 283.331519013 -87.104
2832 283.463352553 283.493439296 283.431600775 634.779
2833 283.563426664 283.593525518 283.531687072 -968.729
2834 283.663392312 283.693648538 283.631810073 2784.658
2835 283.763594275 283.793733930 283.731895410 -508.174
2836 283.863735312 283.893815468 283.831976781 -1285.753
2837 283.963698775 283.993905103 283.932066416 983.002
2838 284.063841071 284.093986835 284.032148370 2379.979
2839 284.163993164 284.194070700 284.132232235 -912.329
2840 284.264044053 284.294156715 284.232318269 391.388
2841 284.364090923 284.394240209 284.332401744 -254.993
2842 284.464194960 284.494321814 284.432483368 6.726
2843 284.564310349 284.594411430 284.532572965 69.122
2844 284.664403626 284.694515756 284.632676958 -62.616
2845 284.764493645 284.794624331 284.732785848 309.774
2846 284.864568719 284.894694337 284.832855835 -80.887
2847 284.964650793 284.994780543 284.932942097 -707.812
2848 285.064727459 285.094826375 285.032987929 1543.812
2849 285.164771478 285.194895908 285.133057314 454.616
2850 285.264875867 285.294981234 285.233142769 -834.371
2851 285.364969348 285.395099347 285.333260883 -23.611
2852 285.465138459 285.495206665 285.433368182 1423.777
2853 285.565140607 285.595297683 285.533459256 -38.049
2854 285.665238218 285.695390599 285.633552135 -221.670
2855 285.765324107 285.795486273 285.733647734 212.412
2856 285.865429607 285.895582683 285.833744034 -227.918
2857 285.965518440 285.995665501 285.933827018 358.885
2858 286.065587014 286.095748013 286.033909530 -414.725
2859 286.165726329 286.195830644 286.133992161 -966.189
2860 286.265788088 286.295915562 286.234077097 -124.311
2861 286.365857755 286.395998335 286.334159852 107.955
2862 286.466027977 286.496087024 286.434248503 944.027
2863 286.566058329 286.596180049 286.534341585 -398.353
2864 286.666153199 286.696292058 286.634453593 -585.895
2865 286.766240496 286.796392782 286.734554206 827.074
2866 286.866293310 286.896477881 286.834639398 140.995
2867 286.966372644 286.996568697 286.934730214 34.256
2868 287.066338736 287.096641463 287.034803036 -304.377
2869 287.166557829 287.196721973 287.134883490 -275.999
2870 287.266561643 287.296807351 287.234968850 -383.295
2871 287.366661366 287.396886036 287.335047608 -4.550
2872 287.466727588 287.496963732 287.435125268 42.189
2873 287.566830791 287.597048574 287.535210109 -49.918
2874 287.666925754 287.697171947 287.635333482 337.132
2875 287.767026439 287.797273569 287.735435123 -89.578
2876 287.867110995 287.897355988 287.835517487 -76.740
2877 287.967201347 287.997487949 287.935649429 1393.389
2878 288.067360347 288.097586142 288.035747714 112.799
2879 288.167426050 288.197728860 288.135890377 715.944
2880 288.267521680 288.297785787 288.235947100 -464.554
2881 288.367577346 288.397863163 288.336024736 -172.234
2882 288.467660346 288.497948998 288.436110552 651.823
2883 288.567740346 288.598115275 288.536276847 -640.607
2884 288.667874309 288.698225439 288.636386993 2536.881
2885 288.767881161 288.798322232 288.736482860 309.694
2886 288.867975087 288.898395717 288.836557289 -301.998
2887 288.968055253 288.998469604 288.936631158 151.319
2888 289.068083494 289.098550673 289.036712245 1013.292
2889 289.168165253 289.198626014 289.136787401 517.585
2890 289.268221957 289.298715691 289.236877226 36.900
2891 289.368295605 289.398799342 289.336960914 95.265
2892 289.468466235 289.498873932 289.437035449 1484.842
2893 289.568446549 289.598951962 289.537113497 -1665.694
2894 289.668601531 289.699068352 289.637229887 878.495
2895 289.768663512 289.799171724 289.737333130 -1180.682
2896 289.868751568 289.899233816 289.837395314 1597.323
2897 289.968832605 289.999277152 289.937438725 -1721.274
2898 290.068850790 290.099353515 290.037514994 884.287
2899 290.168989901 290.199436121 290.137597675 -1127.323
2900 290.269047308 290.299540276 290.237701830 -205.140
2901 290.369111919 290.399629751 290.337791323 875.634
2902 290.469199604 290.499700186 290.437861740 -890.957
2903 290.569238604 290.599776968 290.537938504 -566.601
2904 290.669512549 290.699861307 290.638022861 -888.457
2905 290.769503956 290.799962351 290.738123868 1331.526
2906 290.869641956 290.900036814 290.838198368 -625.307
2907 290.969666326 291.000105535 290.938267107 -469.588
2908 291.069774345 291.100181248 291.038342747 -127.355
2909 291.169923141 291.200262108 291.138423625 -1460.639
2910 291.269983122 291.300377058 291.238538556 2793.632
2911 291.370080734 291.400455500 291.338617072 534.492
2912 291.470162937 291.500524640 291.438686194 -1159.985
2913 291.570243993 291.600604700 291.538766198 1544.289
2914 291.670243863 291.700687775 291.638849347 20.023
2915 291.770335289 291.800763500 291.738925053 -223.647
2916 291.870426104 291.900851771 291.839013251 292.812
2917 291.970509029 292.000927299 291.939088853 -94.194
2918 292.070617863 292.101004209 292.039165744 -229.753
2919 292.170706363 292.201097214 292.139258749 41.460
2920 292.270816437 292.301187141 292.239348621 -288.996
2921 292.370895937 292.401281840 292.339443412 204.294
2922 292.470965085 292.501348942 292.439510514 -213.825
2923 292.571073233 292.601433336 292.539594816 -153.255
2924 292.671196844 292.701525227 292.639686762 610.686
2925 292.771297936 292.801611471 292.739773025 -492.795
2926 292.871398640 292.901675238 292.839836644 -121.189
2927 292.971481047 293.001735959 292.939897531 -336.857
2928 293.071565566 293.101812989 293.039974524 161.745
2929 293.171645769 293.201891962 293.140053497 -90.949
2930 293.271748992 293.301979557 293.240141073 -211.212
2931 293.371924455 293.402063680 293.340225234 -759.829
2932 293.472018029 293.502113203 293.440274720 -435.232
2933 293.572155066 293.602197335 293.540358796 -557.592
2934 293.672306103 293.702282570 293.640444087 -672.391
2935 293.772410417 293.802322652 293.740484243 -577.134
2936 293.872505843 293.902369313 293.840530681 -267.498
2937 293.972607454 294.002449829 293.940611327 -357.756
2938 294.072735602 294.102534915 294.040696432 -506.488
2939 294.172832417 294.202597630 294.140759184 -359.794
2940 294.272983343 294.302677927 294.240839425 -786.502
2941 294.373073972 294.402776981 294.340938517 -366.959
2942 294.473199713 294.502848664 294.441010236 -491.957
2943 294.573335824 294.602924439 294.541085919 -376.788
2944 294.673432639 294.703003582 294.641165155 -271.317
2945 294.773586361 294.803091487 294.741253023 -745.795
2946 294.873583602 294.903187692 294.841349227 768.756
2947 294.973731361 295.003262636 294.941424190 2568.694
2948 295.073856991 295.103336574 295.041498109 -496.736
2949 295.173972731 295.203408544 295.141570080 -988.056
2950 295.273993472 295.303495600 295.241657080 1008.264
2951 295.374114805 295.403617342 295.341778914 1024.630
2952 295.474220731 295.503691596 295.441853131 -693.901
2953 295.574322842 295.603784512 295.541946047 -60.223
2954 295.674406712 295.703838957 295.642000529 28.449
2955 295.774480842 295.803941389 295.742102925 453.895
2956 295.874579879 295.904022109 295.842183181 -444.901
2957 295.974684194 296.004105812 295.942267366 -158.999
2958 296.074769490 296.104185368 296.042346903 78.005
2959 296.174864083 296.204271997 296.142433533 120.823
2960 296.274923342 296.304363786 296.242525303 719.968
2961 296.374991156 296.404410202 296.342571718 1862.239
2962 296.475035897 296.504488742 296.442650185 -1768.924
2963 296.575121712 296.604596494 296.542757955 622.087
2964 296.675252193 296.704667756 296.642829329 -1315.184
2965 296.775274990 296.804762804 296.742924339 402.979
2966 296.875495767 296.904867538 296.843029110 527.453
2967 296.975569452 297.004983174 296.943144728 -199.809
2968 297.075646878 297.105033226 297.043194780 -437.277
2969 297.175720823 297.205073976 297.143235549 -97.031
2970 297.275777860 297.305166193 297.243327673 844.957
2971 297.375857304 297.405242447 297.343403983 -280.110
2972 297.475930545 297.505304689 297.443466261 -278.063
2973 297.576112156 297.605379509 297.543541063 -1259.975
2974 297.676262063 297.705438756 297.643600329 -966.308
2975 297.776428193 297.805513495 297.743675049 -981.603
2976 297.876543637 297.905646690 297.843808225 965.272
2977 297.976632952 298.005826092 297.943987665 909.326
2978 298.076665137 298.105945541 298.044107113 855.423
2979 298.176724748 298.206089886 298.144251365 834.838
2980 298.276740007 298.306189257 298.244350774 859.627
2981 298.376743452 298.406276648 298.344438202 831.660
2982 298.476814248 298.506349981 298.444511183 200.758
2983 298.576772785 298.606429256 298.544590829 1243.985
2984 298.676771433 298.706509976 298.644671548 -126.671
2985 298.776866155 298.806600431 298.744761984 1556.864
2986 298.876895896 298.906707270 298.844868842 -36.408
2987 298.977045266 299.006790980 298.944952460 -4266.160
2988 299.077491210 299.106852021 299.045013594 -3476.498
2989 299.177881507 299.206921566 299.145083083 -3149.124
2990 299.278261377 299.306994795 299.245156312 -2892.260
2991 299.378599118 299.407060649 299.345222221 -2547.763
2992 299.478903673 299.507103617 299.445265190 -2379.234
2993 299.579200080 299.607173818 299.545335390 -2272.324
2994 299.679335099 299.707251454 299.645413008 328.569
2995 299.779305358 299.807340634 299.745502151 817.142
2996 299.879413062 299.907410378 299.845571913 928.516
2997 299.979512136 300.007559106 299.945720549 360.600
2998 300.079560265 300.107638655 300.045800135 -544.407
2999 300.179647839 300.207766616 300.145928133 726.623
3000 300.279723210 300.307855323 300.246016784 554.329
3001 300.379813561 300.408030351 300.346191887 1069.033
3002 300.479890821 300.508150048 300.446311620 363.742
3003 300.579979635 300.608221868 300.546383385 -1146.006
3004 300.680073858 300.708378491 300.646539989 1550.218
3005 300.780158524 300.808478888 300.746640442 -808.480
3006 300.880193672 300.908564924 300.846726478 -495.701
3007 300.980262746 301.008660955 300.946822490 383.664
3008 301.080316024 301.108749819 301.046911335 1262.665
3009 301.180391228 301.208848837 301.147010391 445.904
3010 301.280457654 301.308939361 301.247100859 35.436
3011 301.380525265 301.409017461 301.347179015 164.715
3012 301.480490709 301.509103317 301.447264852 1210.500
3013 301.580467024 301.609207666 301.547369201 1537.200
3014 301.680409172 301.709288244 301.647449816 1487.711
3015 301.780352524 301.809363073 301.747524608 865.628
3016 301.880354875 301.909492133 301.847653686 1151.118
3017 301.980412857 302.009684981 301.947846424 1435.750
3018 302.080490079 302.110086791 302.048248345 3404.797
3019 302.180451505 302.210313900 302.148475435 1962.618
3020 302.280309505 302.310449216 302.248610733 3787.520
3021 302.380290708 302.410701021 302.348862575 2145.394
3022 302.480168171 302.510817227 302.448978780 2026.764
3023 302.580049264 302.610924313 302.549085793 2152.404
3024 302.680037986 302.711076921 302.649238475 1069.693
3025 302.780113523 302.811300876 302.749462449 2023.984
3026 302.880082727 302.911398045 302.849559580 476.063
3027 302.980187875 303.011698087 302.949859640 1974.630
3028 303.080262078 303.111883731 303.050045285 1425.046
3029 303.180310152 303.212065344 303.150226880 1300.743
3030 303.280349708 303.312163013 303.250324511 3.569
3031 303.380431671 303.412278986 303.350440410 838.802
3032 303.480505893 303.512417756 303.450579328 658.863
3033 303.580524097 303.612520987 303.550682485 325.595
3034 303.680618948 303.712627697 303.650789250 1259.631
3035 303.780640282 303.812715948 303.750877502 432.989
3036 303.880657485 303.912794216 303.850955770 145.766
3037 303.980823448 304.012886115 303.951047632 323.027
3038 304.080913374 304.113121298 304.051282833 1685.066
3039 304.181025318 304.213192126 304.151353624 124.772
3040 304.281101041 304.313275312 304.251436792 -1725.360
3041 304.381220615 304.413431685 304.351593221 1470.246
3042 304.481277578 304.513519257 304.451680644 235.637
3043 304.581405263 304.613593091 304.551754645 -1530.801
3044 304.681302726 304.713664978 304.651826532 17.056
3045 304.781512633 304.813723212 304.751884766 1413.093
3046 304.881549374 304.913808930 304.851970484 -1097.033
3047 304.981662170 305.013909895 304.952071430 49.848
3048 305.081746725 305.114015714 305.052177119 916.268
3049 305.181849559 305.214103287 305.152264675 -1451.488
3050 305.281848503 305.314194953 305.252356359 1229.941
3051 305.382034392 305.414281379 305.352442748 -874.118
3052 305.482053984 305.514370957 305.452532363 260.727
3053 305.582077392 305.614455345 305.552616732 -520.872
3054 305.682127244 305.714513460 305.652674866 168.836
3055 305.782220780 305.814600728 305.752762134 70.566
3056 305.882272114 305.914684667 305.852846202 -197.942
3057 305.982364206 306.014775888 305.952937423 1694.124
3058 306.082483003 306.114866331 306.053027904 -2657.843
3059 306.182485151 306.214958584 306.153120101 215.723
3060 306.282725262 306.315039072 306.253200275 -1029.274
3061 306.382729317 306.415126414 306.353287931 434.836
3062 306.482792225 306.515213468 306.453374948 794.054
3063 306.582896947 306.615294765 306.553456337 -292.535
3064 306.682910076 306.715371451 306.653532968 -388.907
3065 306.783001706 306.815453649 306.753615221 -49.245
3066 306.883084854 306.915534339 306.853695893 -295.161
3067 306.983356280 307.015618878 306.953780414 -1538.260
3068 307.083453891 307.115855958 307.054017400 2155.302
3069 307.183580483 307.215925727 307.154087263 -1446.760
3070 307.283675613 307.316068588 307.254230160 941.930
3071 307.383748854 307.416132083 307.354293655 104.105
3072 307.483854817 307.516206126 307.454367680 439.406
3073 307.583931224 307.616284978 307.554446532 -510.562
3074 307.684034557 307.716348423 307.654509977 -1228.048
3075 307.784089242 307.816438137 307.754599542 1480.816
3076 307.884290113 307.916509653 307.854671207 -1822.880
3077 307.984344335 308.016600283 307.954761818 -280.728
3078 308.084444057 308.116677583 308.054839119 208.160
3079 308.184527649 308.216757062 308.154918598 -157.909
3080 308.284622538 308.316826988 308.254988542 -960.657
3081 308.384760353 308.416902984 308.355064242 495.427
3082 308.484808760 308.516953353 308.455114907 -821.163
3083 308.584886094 308.617047419 308.555208973 1580.752
3084 308.684865427 308.717087744 308.655249316 -2070.949
3085 308.785028131 308.817159873 308.755321445 768.771
3086 308.885096519 308.917244120 308.855405637 294.655
3087 308.985253575 309.017325264 308.955486799 -1475.981
3088 309.085312797 309.117417734 309.055579159 -456.161
3089 309.185439704 309.217518809 309.155680345 -161.552
3090 309.285540834 309.317607787 309.255769359 -82.225
3091 309.385620204 309.417671347 309.355832920 -23.563
3092 309.485727982 309.517742418 309.455903972 -1721.518
3093 309.585954945 309.617817761 309.555979315 -1467.809
3094 309.686182519 309.717886848 309.656048402 -1695.781
3095 309.786369908 309.817926393 309.756087929 -1129.724
3096 309.886575963 309.918010819 309.856172336 -1222.212
3097 309.986775722 310.018090868 309.956252422 -1196.640
3098 310.086960167 310.118200741 310.056362313 -248.575
3099 310.187189352 310.218289433 310.156450968 -939.389
3100 310.287381519 310.318378197 310.256539732 -1277.619
3101 310.387444593 310.418470734 310.356632288 -228.119
3102 310.487711037 310.518554752 310.456716287 -445.876
3103 310.587778592 310.618638717 310.556800253 -1921.397
3104 310.687891370 310.718720775 310.656882310 684.204
3105 310.788109703 310.818808035 310.756969570 502.074
3106 310.888072481 310.918886052 310.857047606 -2406.017
3107 310.988287981 311.018976545 310.957138099 635.867
3108 311.088452500 311.119094707 311.057256261 -1331.426
3109 311.188635314 311.219195346 311.157356900 -75.382
3110 311.288732796 311.319287667 311.257449203 -486.982
3111 311.388864314 311.419375497 311.357537051 -354.278
3112 311.489005203 311.519465280 311.457626815 -273.093
3113 311.589096907 311.619537746 311.557699300 -855.063
3114 311.689263073 311.719625066 311.657786620 -1877.673
3115 311.789504462 311.819700895 311.757862394 -1199.977
3116 311.889726295 311.919784229 311.857945802 -1518.345
3117 311.989927906 312.019856845 311.958018417 -1067.998
3118 312.090047703 312.119893574 312.058055109 12.690
3119 312.190146777 312.220040415 312.158201950 841.047
3120 312.290127777 312.320132930 312.258294428 610.938
3121 312.390209073 312.420217428 312.358378963 514.461
3122 312.490231314 312.520308115 312.458469669 916.024
3123 312.590250869 312.620387650 312.558549092 159.054
3124 312.690222239 312.720470138 312.658631710 499.818
3125 312.790289776 312.820545695 312.758707231 -39.923
3126 312.890311869 312.920659172 312.858820744 1318.176
3127 312.990351017 313.020758354 312.958919927 420.189
3128 313.090412517 313.120824146 313.058985700 -1305.206
3129 313.190537832 313.220940259 313.159101813 580.413
3130 313.290629202 313.321046103 313.259207509 54.359
3131 313.390709054 313.421127011 313.359288528 -362.282
3132 313.490791443 313.521232805 313.459394341 135.152
3133 313.590874905 313.621279184 313.559440738 910.432
3134 313.690949424 313.721457567 313.659619121 -834.766
3135 313.791071757 313.821529971 313.759691543 344.418
3136 313.891145146 313.921662108 313.859823662 308.453
3137 313.991242516 314.021740748 313.959902321 136.556
3138 314.091297350 314.121837278 314.059998832 322.739
3139 314.191367183 314.221940229 314.160101783 337.017
3140 314.291439257 314.322040859 314.260202375 260.505
3141 314.391509905 314.422131261 314.360292796 110.299
3142 314.491595775 314.522211809 314.460373363 -125.295
3143 314.591684701 314.622288176 314.560449748 -125.295
3144 314.691765257 314.722361500 314.660523054 -56.181
3145 314.791869701 314.822432540 314.760594113 -1038.659
3146 314.891938775 314.922507396 314.860668950 692.957
3147 314.992034645 315.022581616 314.960743170 -470.782
3148 315.092150553 315.122657897 315.060819433 -1112.183
3149 315.192341330 315.222761902 315.160923438 -165.477
3150 315.292451775 315.322854768 315.261016285 -152.387
3151 315.392639701 315.422946539 315.361108056 -2023.181
3152 315.492775330 315.523057470 315.461218931 668.483
3153 315.592862423 315.623097970 315.561259524 -257.709
3154 315.692950478 315.723159496 315.661320995 -126.077
3155 315.793037849 315.823196341 315.761357858 -724.062
3156 315.893128960 315.923262722 315.861424294 -124.750
3157 315.993207997 316.023324646 315.961486218 -229.881
3158 316.093316793 316.123424101 316.061585673 -73.185
3159 316.193420830 316.223497309 316.161658844 -302.734
3160 316.293586978 316.323594724 316.261756260 -800.433
3161 316.393671107 316.423778752 316.361940268 982.299
3162 316.493831237 316.523867186 316.462028759 -612.162
3163 316.593906700 316.624046664 316.562208237 472.900
3164 316.694027478 316.724100206 316.662261779 -199.403
3165 316.794106441 316.824152545 316.762314117 4724.684
3166 316.894179181 316.924373766 316.862535339 -7551.487
3167 316.994250440 317.024457428 316.962618982 357.002
3168 317.094327052 317.124527195 317.062688749 173.911
3169 317.194434422 317.224617937 317.162779472 1276.310
3170 317.294499014 317.324708091 317.262869571 -960.944
3171 317.394617959 317.424795624 317.362957141 879.019
3172 317.494625662 317.524895186 317.463056666 212.194
3173 317.594791755 317.624966481 317.563127924 278.045
3174 317.694880496 317.725133903 317.663295475 189.169
3175 317.795125107 317.825205063 317.763366618 -3148.051
3176 317.895479070 317.925276431 317.863438004 -2336.212
3177 317.995841384 318.025346988 317.963508542 -946.875
3178 318.096106810 318.125415731 318.063577285 -3551.947
3179 318.196384236 318.225494608 318.163656144 -1125.461
3180 318.296675643 318.325586308 318.263747825 -1657.299
3181 318.396901273 318.425662064 318.363823618 -1458.588
3182 318.497115365 318.525732609 318.463893757 -1432.897
3183 318.597355125 318.625803228 318.563964745 -1636.843
3184 318.697559939 318.725859999 318.664021553 -904.092
3185 318.797659791 318.825931018 318.764092572 -3166.647
3186 318.897861717 318.926012426 318.864173962 615.294
3187 318.998045569 319.026073775 318.964235329 -1481.907
3188 319.098207736 319.126143177 319.064304731 -152.798
3189 319.198355532 319.226223031 319.164384585 -677.164
3190 319.298279217 319.326345667 319.264507202 2557.298
3191 319.398147865 319.426449347 319.364610845 1983.220
3192 319.497997791 319.526524865 319.464686419 2214.246
3193 319.597955476 319.626609976 319.564771493 1032.144
3194 319.697776754 319.726697945 319.664859517 388.253
3195 319.797855846 319.826842599 319.765004096 4124.098
3196 319.897935531 319.927028532 319.865190086 523.649
3197 319.998009476 320.027346253 319.965507825 1922.109
3198 320.098079383 320.127411968 320.065573522 801.059
3199 320.198059346 320.227542600 320.165704154 1134.450
3200 320.298119179 320.327641202 320.265802626 -57.523
3201 320.398200661 320.427876206 320.366037760 1260.640
3202 320.498260975 320.527968079 320.466129558 898.476
3203 320.598249031 320.628040145 320.566201662 -1345.137
3204 320.698357901 320.728174123 320.666335640 1700.892
3205 320.798436660 320.828307414 320.766468986 440.568
3206 320.898507623 320.928432344 320.866593898 369.173
3207 320.998579975 321.028605834 320.966767406 2994.430
3208 321.098695771 321.128677620 321.066839192 -3331.942
3209 321.198774790 321.228786966 321.166948520 905.365
3210 321.298789734 321.328895694 321.267057211 756.317
3211 321.398863345 321.428968628 321.367130145 -1105.327
3212 321.498936401 321.529053858 321.467215430 1628.829
3213 321.598961271 321.629119639 321.567281156 154.598
3214 321.699044215 321.729269677 321.667431249 -153.571
3215 321.799117141 321.829362509 321.767524082 437.113
3216 321.899188993 321.929435030 321.867596603 -594.733
3217 321.999258826 322.029457576 321.967619149 749.451
3218 322.099302919 322.129520777 322.067682294 -268.067
3219 322.199367937 322.229623116 322.167784670 630.543
3220 322.299512826 322.329718696 322.267880269 -1379.622
3221 322.399606622 322.429863323 322.368024803 1667.686
3222 322.499682937 322.530009889 322.468171461 -936.768
3223 322.599757085 322.630087110 322.568248552 949.062
3224 322.699775752 322.730175320 322.668336874 -355.516
3225 322.799866604 322.830267042 322.768428448 639.754
3226 322.899925307 322.930344128 322.868505700 200.814
3227 322.999971029 323.030405224 322.968566778 -635.063
3228 323.100031029 323.130486394 323.068647948 755.666
3229 323.200146048 323.230591886 323.168753440 -85.855
3230 323.300217122 323.330691442 323.268852977 94.799
3231 323.400289437 323.430790220 323.368951774 334.137
3232 323.500361659 323.530885780 323.469047334 310.754
3233 323.600431307 323.630979600 323.569141135 94.898
3234 323.700473325 323.731067222 323.669228757 270.777
3235 323.800545066 323.831151558 323.769313093 94.337
3236 323.900726973 323.931232639 323.869394119 -733.737
3237 324.000853492 324.031314297 323.969475759 -576.162
3238 324.100992418 324.131396858 324.069557875 -368.726
3239 324.201080881 324.231487425 324.169648942 475.243
3240 324.301186918 324.331601298 324.269762852 -433.856
3241 324.401228084 324.431695730 324.369857265 620.909
3242 324.501279214 324.531785967 324.469947484 282.881
3243 324.601357103 324.631877211 324.570038728 52.885
3244 324.701428288 324.731964249 324.670125784 230.100
3245 324.801493732 324.832059301 324.770220836 397.109
3246 324.901553825 324.932142452 324.870303969 253.860
3247 325.001606676 325.032228503 324.970390020 225.587
3248 325.101707287 325.132311714 325.070473249 -743.822
3249 325.201829824 325.232366847 325.170528067 -535.658
3250 325.301949287 325.332431273 325.270592827 -1128.547
3251 325.402149695 325.432535224 325.370696796 -343.055
3252 325.502297380 325.532617122 325.470778658 -472.259
3253 325.602434935 325.632703989 325.570865524 -504.874
3254 325.702527139 325.732793969 325.670955449 221.386
3255 325.802648732 325.832873191 325.771034671 -850.189
3256 325.902756176 325.932954802 325.871116319 -231.762
3257 326.002838602 326.033036757 325.971198236 378.682
3258 326.103043954 326.133113365 326.071274900 -3077.319
3259 326.203010879 326.233199026 326.171360561 901.077
3260 326.303118046 326.333284342 326.271445877 -495.683
3261 326.403212824 326.433384018 326.371545535 481.893
3262 326.503233787 326.533485066 326.471646583 943.007
3263 326.603327361 326.633584642 326.571746178 -50.590
3264 326.703383805 326.733675767 326.671837302 166.476
3265 326.803474286 326.833764217 326.771925623 212.672
3266 326.903548212 326.933846829 326.872008365 -139.311
3267 327.003626509 327.033928652 326.972090188 -315.807
3268 327.103807157 327.134009832 327.072171367 -1190.612
3269 327.203988749 327.234088484 327.172250001 -887.504
3270 327.304115601 327.334155008 327.272316562 -1870.774
3271 327.404300231 327.434213931 327.372375503 491.279
3272 327.504458564 327.534299641 327.472461158 -897.527
3273 327.604549471 327.634343024 327.572504578 -204.269
3274 327.704690693 327.734424962 327.672586553 -554.554
3275 327.804770490 327.834460311 327.772621753 -178.620
3276 327.904924119 327.934548170 327.872709742 -2022.946
3277 328.005038915 328.034669623 327.972831122 -91.284
3278 328.105177860 328.134747838 328.072909392 350.103
3279 328.205262063 328.234833638 328.172995136 -172.742
3280 328.305379971 328.334920814 328.273082350 -380.135
3281 328.405490211 328.435019912 328.373181466 93.958
3282 328.505589267 328.535112202 328.473273737 -446.140
3283 328.605798600 328.635201564 328.573362951 -1268.426
3284 328.705914230 328.735287888 328.673449275 -1916.187
3285 328.805995804 328.835374129 328.773535534 2182.522
3286 328.906107878 328.935448860 328.873610377 -2780.321
3287 329.006212841 329.035530394 328.973691911 -300.287
3288 329.106419489 329.135612573 329.073774108 861.460
3289 329.206423878 329.235694169 329.173855539 -2942.635
3290 329.306586859 329.335780553 329.273942125 1542.317
3291 329.406692600 329.435870530 329.374032065 -1332.893
3292 329.506824877 329.535961141 329.474122694 471.827
3293 329.606943433 329.636051677 329.574213194 -791.864
3294 329.707081766 329.736138758 329.674300126 34.220
3295 329.807164859 329.836222899 329.774384324 110.296
3296 329.907271636 329.936305234 329.874466214 -562.216
3297 330.007275896 330.036398273 329.974559771 2195.740
3298 330.107482618 330.136489599 330.074651116 -145.366
3299 330.207455488 330.236582951 330.174744468 -553.383
3300 330.307586784 330.336678454 330.274840008 -694.819
3301 330.407716136 330.436870840 330.375032394 2684.536
3302 330.507816099 330.536997412 330.475158874 -1185.600
3303 330.607863747 330.637097278 330.575258795 -259.116
3304 330.707972080 330.737167579 330.675329152 -342.463
3305 330.808060580 330.837205453 330.775367026 -228.706
3306 330.908088154 330.937308755 330.875470291 667.552
3307 331.008268321 331.037364182 330.975525662 330.667
3308 331.108192525 331.137441029 331.075602509 -1053.352
3309 331.208358043 331.237530453 331.175691896 -476.145
3310 331.308401599 331.337613208 331.275774781 994.069
3311 331.408447099 331.437696120 331.375857656 166.234
3312 331.508554876 331.537824553 331.475986126 -676.014
3313 331.608694154 331.637896155 331.576057672 241.702
3314 331.708770061 331.738040927 331.676202277 -384.589
3315 331.808945821 331.838113723 331.776275295 -202.150
3316 331.908908746 331.938180527 331.876342099 -878.692
3317 332.009041080 332.038255754 331.976417327 -264.677
3318 332.109187894 332.138342627 332.076504162 -436.454
3319 332.209273709 332.238556984 332.176718538 3137.335
3320 332.309396505 332.338613839 332.276775357 -3659.080
3321 332.409385302 332.438716915 332.376878469 309.217
3322 332.509486005 332.538866315 332.477027795 166.973
3323 332.609693394 332.638954314 332.577115886 -3367.757
3324 332.709889542 332.739169655 332.677331134 3121.217
3325 332.809963857 332.839323741 332.777485314 -1207.279
3326 332.910258042 332.939421759 332.877583312 1564.118
3327 333.010305190 333.039514003 332.977675446 -323.040
3328 333.110380746 333.139559144 333.077720642 -675.293
3329 333.210483116 333.239636751 333.177798212 5.577
3330 333.310567227 333.339706146 333.277867700 -31.095
3331 333.410676616 333.439773125 333.377934679 -1259.412
3332 333.510859153 333.539917647 333.478079034 2004.184
3333 333.610954579 333.639999677 333.578160823 235.912
3334 333.710966431 333.740076746 333.678238300 241.446
3335 333.811032838 333.840116270 333.778277824 -2269.924
3336 333.911183227 333.940234531 333.878395991 4909.863
3337 334.011205764 334.040304885 333.978466439 -1100.945
3338 334.111261838 334.140391349 334.078552885 314.195
3339 334.211330134 334.240476144 334.178637716 -291.795
3340 334.311479615 334.340539733 334.278701213 -346.325
3341 334.411455208 334.440640226 334.378801780 -55.394
3342 334.511622634 334.540752510 334.478914082 1605.295
3343 334.611702134 334.640834730 334.578996266 -49.764
3344 334.711808708 334.740913043 334.679074616 -1224.985
3345 334.811887356 334.840978030 334.779139603 329.319
3346 334.911976337 334.941056243 334.879217779 -258.017
3347 335.012075059 335.041160896 334.979322413 1831.597
3348 335.112030282 335.141274273 335.079435809 1154.082
3349 335.211996318 335.241365999 335.179527534 1334.614
3350 335.311966763 335.341456048 335.279617602 1074.962
3351 335.411978041 335.441517863 335.379679417 133.143
3352 335.511901818 335.541627036 335.479788590 640.370
3353 335.612001578 335.641721110 335.579882626 2179.685
3354 335.711934244 335.741810727 335.679972263 1272.159
3355 335.812032540 335.841905310 335.780066845 815.534
3356 335.911999614 335.941992739 335.880154219 161.920
3357 336.012022800 336.042076610 335.980237831 391.364
3358 336.112025188 336.142162137 336.080323617 596.811
3359 336.212065281 336.242254194 336.180415414 713.969
3360 336.312206985 336.342336833 336.280498312 -871.219
3361 336.412091281 336.442436504 336.380598039 437.698
3362 336.512294170 336.542551966 336.480713520 -343.906
3363 336.612387651 336.642650176 336.580811693 1068.411
3364 336.712463132 336.742743463 336.680904980 -108.939
3365 336.812523336 336.842832157 336.780993692 490.799
3366 336.912567151 336.942921811 336.881083365 186.617
3367 337.012617466 337.043006206 336.981167742 225.635
3368 337.112715225 337.143110564 337.081272100 293.018
3369 337.212740021 337.243199120 337.181360673 889.030
3370 337.312747428 337.343275870 337.281437406 -1562.869
3371 337.412908706 337.443359722 337.381521239 1113.555
3372 337.512929984 337.543464912 337.481626466 -892.083
3373 337.613055410 337.643590204 337.581751425 245.196
3374 337.713162113 337.743670162 337.681831734 -632.641
3375 337.813163447 337.843748043 337.781909264 348.882
3376 337.913272576 337.943824208 337.881985781 345.161
3377 338.013366669 338.043903683 337.982065162 -530.303
3378 338.113441095 338.143984421 338.082145975 68.103
3379 338.213449354 338.244067963 338.182229480 392.526
3380 338.313544557 338.344145830 338.282307383 413.656
3381 338.413567502 338.444219435 338.382380989 470.994
3382 338.513611317 338.544304092 338.482465646 166.854
3383 338.613687483 338.644401675 338.582563210 163.269
3384 338.713840742 338.744490613 338.682652093 -1322.330
3385 338.814023150 338.844588350 338.782749830 -317.157
3386 338.914262372 338.944672560 338.882834040 -1689.349
3387 339.014392779 339.044755938 338.982917214 -402.007
3388 339.114594520 339.144843030 339.083004566 -1023.976
3389 339.214797298 339.244928976 339.183090437 -1085.570
3390 339.314912131 339.345013328 339.283174734 -102.139
3391 339.415080816 339.445093980 339.383255497 -1031.582
3392 339.515234260 339.545191515 339.483353051 -542.170
3393 339.615514964 339.645288621 339.583450083 -803.897
3394 339.715594168 339.745423149 339.683584647 -1455.522
3395 339.815781705 339.845508239 339.783669793 196.828
3396 339.915858982 339.945596411 339.883757891 -1515.198
3397 340.016036297 340.045678366 339.983839901 3098.335
3398 340.116031427 340.145738214 340.083899768 -2618.008
3399 340.216126871 340.245791439 340.183953011 954.796
3400 340.316200945 340.345888366 340.284049920 -343.321
3401 340.416339852 340.445960655 340.384122209 -542.693
3402 340.516465908 340.546049013 340.484210567 -431.282
3403 340.616592241 340.646148344 340.584309879 -131.519
3404 340.716551093 340.746242111 340.684403646 1888.237
3405 340.816460537 340.846333460 340.784495014 2261.457
3406 340.916373778 340.946429863 340.884591417 1533.027
3407 341.016227056 341.046515298 340.984676834 288.246
3408 341.116169000 341.146597932 341.084759449 1663.161
3409 341.216169556 341.246685579 341.184847132 1796.719
3410 341.316067870 341.346778220 341.284939755 930.170
3411 341.416076685 341.446858094 341.385019611 733.072
3412 341.516079889 341.546943669 341.485105242 924.107
3413 341.616114963 341.647048239 341.585209793 444.953
3414 341.716173611 341.747144191 341.685305745 79.636
3415 341.816253444 341.847234639 341.785396156 624.754
3416 341.916323166 341.947320711 341.885482227 172.476
3417 342.016362500 342.047411081 341.985572597 709.955
3418 342.116232222 342.147495482 342.085657017 1585.161
3419 342.216146962 342.247592025 342.185753541 1866.813
3420 342.316065611 342.347685087 342.285846623 1644.008
3421 342.416312370 342.447767211 342.385928747 -1526.187
3422 342.516586185 342.547867315 342.486028850 -1490.145
3423 342.616803073 342.647982034 342.586143588 -953.775
3424 342.716888166 342.748092657 342.686254211 1553.632
3425 342.817143592 342.848179453 342.786340989 -2785.227
3426 342.917252758 342.948264936 342.886426472 107.419
3427 343.017404981 343.048353581 342.986515116 615.252
3428 343.117509517 343.148438376 343.086599893 -1243.751
3429 343.217594536 343.248510443 343.186671960 428.278
3430 343.317691999 343.348594474 343.286755954 -392.196
3431 343.417813702 343.448676441 343.386837977 -477.909
3432 343.517924147 343.548759198 343.486920678 -71.841
3433 343.618037721 343.648848038 343.587009592 -452.211
3434 343.718345554 343.748943273 343.687104828 -2223.455
3435 343.818657980 343.849043964 343.787205500 -1733.016
3436 343.918861739 343.949139697 343.887301232 -955.443
3437 344.019153832 344.049230619 343.987392136 -2062.691
3438 344.119386980 344.149313988 344.087475561 -1671.283
3439 344.219611091 344.249400769 344.187562175 136.908
3440 344.319765869 344.349488490 344.287650007 -1646.489
3441 344.419932091 344.449587387 344.387748849 138.693
3442 344.520165720 344.549670026 344.487831525 -2359.311
3443 344.620326609 344.649767781 344.587929335 -484.377
3444 344.720491109 344.749857970 344.688019524 -1137.895
3445 344.820685146 344.849961325 344.788122842 -810.207
3446 344.920823276 344.950044454 344.888206027 -973.964
3447 345.020976276 345.050124087 344.988285660 -545.807
3448 345.121097220 345.150216789 345.088378324 -522.778
3449 345.221274850 345.250298422 345.188459976 -753.252
3450 345.321382812 345.350385758 345.288547293 -4.780
3451 345.421485442 345.450471844 345.388633380 -1648.608
3452 345.521685368 345.550574929 345.488736483 5.362
3453 345.621758535 345.650668229 345.588829764 -185.874
3454 345.721891923 345.750770924 345.688932478 -146.926
3455 345.822063460 345.850867735 345.789029289 -1217.415
3456 345.922251979 345.950963428 345.889124982 -524.080
3457 346.022368682 346.051052773 345.989214327 -428.153
3458 346.122497293 346.151139382 346.089300917 -688.570
3459 346.222627460 346.251229171 346.189390725 72.543
3460 346.322712849 346.351320821 346.289482357 197.006
3461 346.422787145 346.451405700 346.389567216 46.588
3462 346.522885904 346.551490690 346.489652169 -45.308
3463 346.622957386 346.651595781 346.589757316 -185.405
3464 346.723140145 346.751701948 346.689863483 745.439
3465 346.823144978 346.851833071 346.789994643 -1372.280
3466 346.923288237 346.951892513 346.890054067 -598.620
3467 347.023536293 347.052013980 346.990175534 241.267
3468 347.123472830 347.152135409 347.090296926 -403.428
3469 347.223663848 347.252224215 347.190385769 703.430
3470 347.323771515 347.352300600 347.290462080 -532.049
3471 347.423882348 347.452382595 347.390544130 460.352
3472 347.523952663 347.552493757 347.490655293 19.350
3473 347.624088811 347.652599953 347.590761507 -384.662
3474 347.724192274 347.752735960 347.690897421 1588.608
3475 347.824266885 347.852980983 347.791142556 2107.759
3476 347.924224700 347.953209767 347.891371339 2738.559
3477 348.024298811 348.053471944 347.991633498 1186.316
3478 348.124310366 348.153572088 348.091733624 722.355
3479 348.224344570 348.253676706 348.191838168 688.614
3480 348.324365588 348.353762708 348.291924206 598.290
3481 348.424450366 348.453905862 348.392067415 575.671
3482 348.524522662 348.554049953 348.492211489 966.927
3483 348.624533977 348.654156199 348.592317735 581.666
3484 348.724600885 348.754275278 348.692436832 472.159
3485 348.824671903 348.854372229 348.792533357 27.518
3486 348.924730477 348.954447696 348.892609269 -57.783
3487 349.024799088 349.054521463 348.992683017 142.456
3488 349.124825551 349.154615702 349.092777070 1723.782
3489 349.224805866 349.254712341 349.192873895 642.126
3490 349.324833217 349.354788319 349.292949744 250.538
3491 349.424948606 349.454875525 349.393037097 737.628
3492 349.525019736 349.554996985 349.493158520 292.799
3493 349.625094865 349.655112775 349.593274255 -182.984
3494 349.725213088 349.755205874 349.693367410 229.546
3495 349.825316495 349.855344999 349.793506571 465.331
3496 349.925379347 349.955411386 349.893572959 -384.778
3497 350.025451550 350.055509915 349.993671488 320.784
3498 350.125518458 350.155588481 350.093749831 -30.878
3499 350.225615828 350.255682260 350.193843814 -46.078
3500 350.325682198 350.355760687 350.293922204 496.460
3501 350.425762624 350.455851907 350.394013461 -1571.093
3502 350.525867032 350.555911438 350.494072918 2731.418
3503 350.625864494 350.656010906 350.594172423 -184.481
3504 350.725920976 350.756185334 350.694346888 -49.748
3505 350.826020550 350.856261281 350.794422835 -14.583
3506 350.926052809 350.956348067 350.894509640 474.899
3507 351.026125754 351.056432803 350.994594376 143.367
3508 351.126165790 351.156520395 351.094681931 395.623
3509 351.226255309 351.256634985 351.194796521 289.026
3510 351.326298864 351.356721202 351.294882700 915.257
3511 351.426371235 351.456859437 351.395021009 -2417.479
3512 351.526445161 351.556902412 351.495063966 1429.832
3513 351.626509494 351.656982035 351.595143552 1704.339
3514 351.726460272 351.757041943 351.695203478 -1943.798
3515 351.826560827 351.857167267 351.795328802 408.581
3516 351.926637179 351.957227808 351.895389362 48.662
3517 352.026712420 352.057262103 351.995423675 -692.205
3518 352.126805142 352.157344709 352.095506244 174.443
3519 352.226894160 352.257444933 352.195606505 549.970
3520 352.326919660 352.357516752 352.295678287 -1159.879
3521 352.426998956 352.457568922 352.395730476 -28.942
3522 352.527072697 352.557745853 352.495907426 1882.377
3523 352.627184234 352.657797896 352.595959376 -1010.870
3524 352.727232345 352.757899169 352.696060723 76.933
3525 352.827331475 352.858004222 352.796165646 52.944
3526 352.927416975 352.958044382 352.896205807 -2224.522
3527 353.027542012 353.058166640 352.996328138 1199.396
3528 353.127650474 353.158243198 353.096404734 -480.957
3529 353.227728567 353.258363070 353.196524587 1197.500
3530 353.327857530 353.358446767 353.296608246 112.496
3531 353.427940122 353.458577889 353.396739461 134.362
3532 353.528013548 353.558667258 353.496828831 234.728
3533 353.628091789 353.658710250 353.596871748 -160.057
3534 353.728129215 353.758796974 353.696958547 92.442
3535 353.828174437 353.858913639 353.797075063 304.893
3536 353.928256233 353.958980187 353.897141703 505.282
3537 354.028318900 354.059105711 353.997267265 837.016
3538 354.128378252 354.159195109 354.097356645 -46.315
3539 354.228497566 354.259290231 354.197451655 -888.620
3540 354.328616992 354.359379189 354.297540724 1543.426
3541 354.428696603 354.459455590 354.397617143 -390.725
3542 354.528778159 354.559537432 354.497699005 320.995
3543 354.628843029 354.659617522 354.597778946 705.336
3544 354.728890344 354.759703539 354.697865093 -248.949
3545 354.828993381 354.859818351 354.797979905 195.803
3546 354.929099603 354.959910298 354.898071852 -1407.010
3547 355.029265251 355.059983340 354.998144894 -511.674
3548 355.129370177 355.160046090 355.098207607 -855.018
3549 355.229506251 355.260133226 355.198294743 -70.145
3550 355.329599992 355.360215319 355.298376854 -207.230
3551 355.429714288 355.460289923 355.398451496 -628.980
3552 355.529808566 355.560364505 355.498526077 459.095
3553 355.629935362 355.660435781 355.598597279 -853.950
3554 355.730033214 355.760508772 355.698670030 -383.102
3555 355.830137362 355.860603940 355.798765494 577.921
3556 355.930285380 355.960707882 355.898869417 -1393.373
3557 356.030414788 356.060740242 355.998901796 -292.669
3558 356.130557899 356.160804036 356.098965478 188.182
3559 356.230605936 356.260886775 356.199048329 -1440.334
3560 356.330758250 356.360972579 356.299134078 462.953
3561 356.430845213 356.461012560 356.399174132 -557.573
3562 356.530948028 356.561061908 356.499223462 -440.286
3563 356.631049361 356.661134206 356.599295778 346.550
3564 356.731119213 356.761181828 356.699343382 -896.767
3565 356.831243880 356.861257866 356.799419420 -674.879
3566 356.931378139 356.961356277 356.899517738 71.656
3567 357.031465731 357.061445363 356.999606898 329.202
3568 357.131538380 357.161497374 357.099658909 -1095.433
3569 357.231632824 357.261585046 357.199746599 389.830
3570 357.331738213 357.361667025 357.299828524 -779.012
3571 357.431823898 357.461764079 357.399925651 -64.521
3572 357.531993898 357.561835768 357.499997341 -751.751
3573 357.632073731 357.661995852 357.600157351 295.940
3574 357.732262157 357.762054654 357.700216208 -200.632
3575 357.832275212 357.862134964 357.800296499 111.333
3576 357.932368157 357.962228678 357.900390213 74.118
3577 358.032472175 358.062315668 358.000477204 -381.966
3578 358.132545379 358.162402151 358.100563686 68.225
3579 358.232637897 358.262484996 358.200646531 416.102
3580 358.332688342 358.362575360 358.300736877 -379.891
3581 358.432790305 358.462657216 358.400818732 247.504
3582 358.532910471 358.562741390 358.500902926 -903.560
3583 358.633018268 358.662827783 358.600989300 1081.372
3584 358.733103193 358.762908241 358.701069776 -886.737
3585 358.833219823 358.862997236 358.801158790 -95.057
3586 358.933317730 358.963098058 358.901259612 112.156
3587 359.033404878 359.063193497 359.001355014 146.427
3588 359.133463101 359.163283040 359.101444575 -102.218
3589 359.233548767 359.263377513 359.201538919 443.387
3590 359.333619582 359.363459766 359.301621283 -125.799
3591 359.433712119 359.463543693 359.401705210 24.677
3592 359.533798989 359.563629326 359.501790843 -54.604
3593 359.633905174 359.663716040 359.601877557 17.407
3594 359.733987730 359.763798603 359.701960138 -68.927
3595 359.834080915 359.863884889 359.802046442 -68.927
3596 359.934195248 359.963967937 359.902129472 -435.315
3597 360.034299341 360.064039022 360.002200502 -394.670
3598 360.134430841 360.164098252 360.102259788 -806.908
3599 360.234569767 360.264157511 360.202318991 -712.378
3600 360.334707600 360.364240522 360.302402058 -463.500
3601 360.434837044 360.464321935 360.402483434 -700.703
3602 360.535032563 360.564399762 360.502561279 -1524.195
3603 360.635209766 360.664466266 360.602627801 -760.247
3604 360.735410970 360.764552849 360.702714329 -1213.113
3605 360.835621674 360.864651079 360.802812633 -699.027
3606 360.935810007 360.964771745 360.902933262 -1122.412
3607 361.036012248 361.064870571 361.003032106 -124.687
3608 361.136146933 361.164927239 361.103088756 -852.306
3609 361.236271636 361.265024042 361.203185448 -467.234
3610 361.336354951 361.365056099 361.303217653 -464.485
3611 361.436430414 361.465236154 361.403397707 1782.943
3612 361.536380858 361.565325637 361.503487210 1272.444
3613 361.636426821 361.665526384 361.603687789 1226.392
3614 361.736441895 361.765660924 361.703822478 1677.558
3615 361.836517469 361.865864193 361.804025765 1244.554
3616 361.936509617 361.965950000 361.904111536 581.207
3617 362.036545340 362.066057204 362.004218591 817.915
3618 362.136642025 362.166150401 362.104311751 -53.876
3619 362.236738414 362.266241397 362.204402803 -53.876
3620 362.336831636 362.366329208 362.304490318 -53.876
3621 362.436917765 362.466409978 362.404571477 -56.552
3622 362.537002858 362.566491362 362.504652898 260.528
3623 362.637031580 362.666581231 362.604742748 -761.389
3624 362.737178728 362.766664221 362.704825701 725.563
3625 362.837245302 362.866744764 362.804906243 -527.989
3626 362.937331709 362.966839306 362.905000860 2207.465
3627 363.037395302 363.066930112 363.005091629 -1054.776
3628 363.137454709 363.167021849 363.105183385 -38.355
3629 363.237474913 363.267112340 363.205273857 1507.639
3630 363.337500246 363.367205359 363.305366672 575.307
3631 363.437502376 363.467288655 363.405450097 673.442
3632 363.537546635 363.567372605 363.505534048 -48.419
3633 363.637630376 363.667456940 363.605618476 277.970
3634 363.737637098 363.767552121 363.705713657 1055.632
3635 363.837698857 363.867633849 363.805795384 153.824
3636 363.937749542 363.967722509 363.905884063 25.805
3637 364.037866357 364.067830724 364.005992260 580.571
3638 364.138049653 364.167914172 364.106075727 -2343.787
3639 364.238074227 364.268008149 364.206169702 1512.520
3640 364.338218431 364.368104217 364.306265752 1744.486
3641 364.438300023 364.468184576 364.406346093 -1596.889
3642 364.538434949 364.568273441 364.506434958 1174.429
3643 364.638443782 364.668356458 364.606517957 18.130
3644 364.738494671 364.768439707 364.706601242 -493.939
3645 364.838561727 364.868531061 364.806692578 836.017
3646 364.938673523 364.968632908 364.906794444 -113.529
3647 365.038767930 365.068738618 365.006900172 -235.147
3648 365.138898634 365.168860370 365.107021887 1101.722
3649 365.238964949 365.269030271 365.207191806 -1451.120
3650 365.339120282 365.369116779 365.307278259 105.934
3651 365.439201338 365.469221682 365.407382940 -587.474
3652 365.539292560 365.569308088 365.507469604 124.414
3653 365.639369374 365.669387156 365.607548673 -263.799
3654 365.739474337 365.769463563 365.707625080 -486.340
3655 365.839662967 365.869546226 365.807707391 -638.259
3656 365.939551930 365.969630057 365.907791592 1023.075
3657 366.039783411 366.069729685 366.007891221 1912.943
3658 366.139875856 366.169827687 366.107989223 -342.109
3659 366.239996911 366.269916887 366.208078423 -755.035
3660 366.340089744 366.370006675 366.308168210 1193.285
3661 366.440157615 366.470093449 366.408254985 -473.826
3662 366.540240985 366.570183550 366.508345012 195.159
3663 366.640278522 366.670268292 366.608429809 -200.584
3664 366.740400318 366.770351420 366.708512937 -418.826
3665 366.840499226 366.870437752 366.808599287 113.702
3666 366.940598651 366.970530979 366.908692552 -175.732
3667 367.040736707 367.070631808 367.008793362 -536.050
3668 367.140863485 367.170732258 367.108893645 94.401
3669 367.240977651 367.270807205 367.208968740 -411.242
3670 367.341060188 367.370891893 367.309053465 -144.659
3671 367.441155892 367.470968629 367.409130164 -98.893
3672 367.541238077 367.571086129 367.509247683 356.067
3673 367.641318614 367.671172563 367.609334098 -280.976
3674 367.741400169 367.771286698 367.709448196 1166.296
3675 367.841437558 367.871389116 367.809550688 163.188
3676 367.941517577 367.971487013 367.909648585 265.900
3677 368.041605799 368.071662234 368.009823770 954.230
3678 368.141686614 368.171751773 368.109913290 -499.213
3679 368.241820317 368.271844148 368.210005664 -160.703
3680 368.341905651 368.371907384 368.310068938 -477.721
3681 368.441987132 368.471959908 368.410121481 203.155
3682 368.542059576 368.572040489 368.510202061 -41.614
3683 368.642137891 368.672165163 368.610326735 754.088
3684 368.742203132 368.772272825 368.710434379 1328.811
3685 368.842292002 368.872312071 368.810473643 -541.130
3686 368.942369706 368.972472630 368.910634184 -112.677
3687 369.042498502 369.072631700 369.010793254 2370.016
3688 369.142605817 369.172731795 369.110893349 -2745.274
3689 369.242679187 369.272895128 369.211056608 660.475
3690 369.342754150 369.372958889 369.311120443 -65.391
3691 369.442829780 369.473038776 369.411200349 1263.530
3692 369.542896742 369.573129153 369.511290726 -174.848
3693 369.642970631 369.673298316 369.611459870 1975.321
3694 369.742980205 369.773354769 369.711516342 -685.252
3695 369.843131039 369.873428845 369.811590325 -568.227
3696 369.943210631 369.973618647 369.911780200 -592.416
3697 370.043342890 370.073717462 370.011879016 306.975
3698 370.143446038 370.173831187 370.111992278 97.690
3699 370.243536427 370.273903525 370.212065042 -556.909
3700 370.343665279 370.373976264 370.312137837 -1643.983
3701 370.443794242 370.474049463 370.412211035 1274.522
3702 370.543940075 370.574119872 370.512281445 -685.208
3703 370.644009649 370.674192688 370.612354260 -333.538
3704 370.744106427 370.774266730 370.712428284 -159.691
3705 370.844198279 370.874320965 370.812482519 -396.625
3706 370.944273297 370.974404440 370.912565994 -158.778
3707 371.044420056 371.074483236 371.012644772 19.269
3708 371.144543742 371.174592343 371.112753879 -352.376
3709 371.244645445 371.274682236 371.212843642 -217.722
3710 371.344675667 371.374764548 371.312926065 880.738
3711 371.444722389 371.474850277 371.413011812 1584.303
3712 371.544609704 371.574945551 371.513107030 1479.144
3713 371.644685926 371.675026737 371.613188273 -207.687
3714 371.744662371 371.775109137 371.713270672 1945.058
3715 371.844728908 371.875186088 371.813347642 -1217.800
3716 371.944708019 371.975285792 371.913447345 2269.097
3717 372.044793334 372.075370488 372.013532042 489.766
3718 372.144858852 372.175484792 372.113646327 683.269
3719 372.244933389 372.275598489 372.213759951 516.065
3720 372.344985315 372.375673529 372.313835064 -141.093
3721 372.445056963 372.475812777 372.413974331 571.940
3722 372.545129074 372.575893216 372.514054770 583.262
3723 372.645200315 372.675958799 372.614120372 -644.185
3724 372.745270407 372.776110452 372.714272024 944.359
3725 372.845299555 372.876171431 372.814333003 -1150.654
3726 372.945379111 372.976250772 372.914412326 159.425
3727 373.045493166 373.076330649 373.014492221 1008.236
3728 373.145571388 373.176431373 373.114592927 1196.929
3729 373.245640870 373.276519694 373.214681138 -1510.365
3730 373.345728092 373.376609170 373.314770669 808.705
3731 373.445798703 373.476688524 373.414850041 59.292
3732 373.545900481 373.576768306 373.514929822 900.528
3733 373.645944777 373.676848451 373.615009986 -577.812
3734 373.746011647 373.776941729 373.715103246 384.136
3735 373.846098647 373.877021308 373.815182825 153.208
3736 373.946178369 373.977112680 373.915274234 113.460
3737 374.046296962 374.077197589 374.015359051 -474.495
3738 374.146447184 374.177287901 374.115449455 -604.980
3739 374.246649110 374.277378342 374.215539859 -1464.221
3740 374.346825258 374.377455069 374.315616605 -1721.953
3741 374.447008110 374.477517382 374.415678899 273.524
3742 374.547157943 374.577602820 374.515764355 -702.894
3743 374.647270517 374.677660415 374.615821988 -943.525
3744 374.747431295 374.777739848 374.715901420 -715.531
3745 374.847564017 374.877813358 374.815974838 -565.971
3746 374.947700258 374.977897264 374.916058763 -1649.468
3747 375.047833647 375.077999337 375.016160854 836.043
3748 375.147934721 375.178079441 375.116240995 -1280.933
3749 375.248127758 375.278178545 375.216340061 2047.934
3750 375.348113906 375.378251729 375.316413301 -1437.307
3751 375.448241535 375.478334354 375.416495871 506.549
3752 375.548350850 375.578415533 375.516577086 -395.519
3753 375.648517239 375.678492022 375.616653595 -393.814
3754 375.748538257 375.778584546 375.716746026 699.841
3755 375.848716572 375.878661522 375.816823094 -140.025
3756 375.948722665 375.978733349 375.916894903 -306.149
3757 376.048840609 376.078807589 376.016969143 -176.609
3758 376.148930479 376.178886949 376.117048503 -335.678
3759 376.249032053 376.278994016 376.217155552 -6.873
3760 376.349133387 376.379112279 376.317273759 237.572
3761 376.449271646 376.479187402 376.417348937 278.075
3762 376.549326961 376.579282706 376.517444167 -173.969
3763 376.649390164 376.679395489 376.617557062 183.279
3764 376.749491294 376.779470981 376.717632461 273.048
3765 376.849567294 376.879569158 376.817730712 -35.561
3766 376.949644979 376.979646573 376.917808127 99.430
3767 377.049710127 377.079719507 377.017881079 -107.427
3768 377.149794682 377.179800205 377.117961741 -42.611
3769 377.249899405 377.279902225 377.218063687 56.807
3770 377.349959423 377.379993630 377.318155202 331.755
3771 377.450002719 377.480069957 377.418231530 337.550
3772 377.550084053 377.580174018 377.518335590 -6.994
3773 377.650164441 377.680250622 377.618412139 178.719
3774 377.750235034 377.780351509 377.718512989 334.865
3775 377.850329015 377.880420490 377.818581674 371.381
3776 377.950406367 377.980504881 377.918666435 -507.026
3777 378.050478182 378.080646883 378.018808456 8.744
3778 378.150579960 378.180729529 378.118891083 -124.624
3779 378.250702830 378.280835149 378.218996684 131.498
3780 378.350771978 378.380914778 378.319076350 -144.526
3781 378.450886089 378.480987833 378.419149294 -539.984
3782 378.551040404 378.581060216 378.519221789 -1606.828
3783 378.651167496 378.681160656 378.619322135 2855.094
3784 378.751341441 378.781215641 378.719377213 -819.969
3785 378.851262367 378.881284902 378.819446382 -3905.752
3786 378.951578644 378.981380389 378.919541794 3331.756
3787 379.051580089 379.081477078 379.019638613 160.893
3788 379.151706496 379.181561864 379.119723418 -418.698
3789 379.251729274 379.281685370 379.219846905 481.058
3790 379.351876292 379.381771663 379.319933235 527.782
3791 379.451952829 379.481840316 379.420001814 -254.108
3792 379.552012274 379.581933576 379.520095130 799.483
3793 379.652069959 379.682006461 379.620167960 -737.017
3794 379.752193644 379.782096429 379.720257964 620.099
3795 379.852241829 379.882148515 379.820310088 -827.860
3796 379.952315477 379.982222062 379.920383616 284.046
3797 380.052393644 380.082300847 380.020462420 39.638
3798 380.152461551 380.182388977 380.120550513 -256.650
3799 380.252628606 380.282509175 380.220670729 -1424.723
3800 380.352772180 380.382614863 380.320776306 413.098
3801 380.452834440 380.482690937 380.420852509 1816.651
3802 380.552940754 380.582752514 380.520914068 -3652.651
3803 380.653042680 380.682839685 380.621001220 2510.002
3804 380.753128921 380.782928877 380.721090431 -67.933
3805 380.853317810 380.883006660 380.821168214 -63.756
3806 380.953277699 380.983078792 380.921240346 -708.932
3807 381.053417791 381.083163771 381.021325325 1026.854
3808 381.153532291 381.183223644 381.121385180 -1516.247
3809 381.253648773 381.283387281 381.221548835 213.250
3810 381.353750772 381.383471392 381.321632871 315.408
3811 381.453829291 381.483644145 381.421805717 268.334
3812 381.554003217 381.583724787 381.521886359 1545.456
3813 381.653989180 381.683807443 381.621968849 -647.365
3814 381.754103235 381.783912320 381.722073800 618.695
3815 381.854186068 381.884094425 381.822255979 1041.893
3816 381.954258328 381.984142365 381.922303919 2211.701
3817 382.054330494 382.084323244 382.022484816 -1233.792
3818 382.154454624 382.184424499 382.122585979 368.567
3819 382.254511735 382.284540193 382.222701747 -177.248
3820 382.354635642 382.384618900 382.322780436 -366.445
3821 382.454729105 382.484751996 382.422913568 -78.856
3822 382.554846679 382.584818970 382.522980524 494.288
3823 382.654913587 382.684969066 382.623130583 965.319
3824 382.754977272 382.785053378 382.723214895 71.947
3825 382.855096642 382.885088349 382.823249922 -1224.498
3826 382.955170623 382.985243723 382.923405295 -773.047
3827 383.055342790 383.085315366 383.023476920 994.051
3828 383.155325605 383.185364256 383.123525681 -2751.318
3829 383.255699012 383.285515041 383.223676594 3359.187
3830 383.355652808 383.385614598 383.323775967 -1901.918
3831 383.455770808 383.485703408 383.423864907 -155.433
3832 383.555863438 383.585817182 383.523978755 587.630
3833 383.655919530 383.685847058 383.624008593 -1180.162
3834 383.756001215 383.785983845 383.724145344 285.492
3835 383.856163512 383.886068509 383.824230063 -631.570
3836 383.956237660 383.986114018 383.924275590 490.094
3837 384.056308900 384.086234749 384.024396322 139.500
3838 384.156378863 384.186312594 384.124474111 -17.234
3839 384.256487067 384.286431304 384.224592858 202.939
3840 384.356577863 384.386519854 384.324681371 -419.418
3841 384.456670271 384.486599713 384.424761285 222.084
3842 384.556745659 384.586673776 384.524835349 -133.125
3843 384.656829085 384.686755467 384.624916947 44.469
3844 384.756907919 384.786833725 384.724995261 46.530
3845 384.856986437 384.886904785 384.825066358 -555.847
3846 384.957069511 384.986962201 384.925123755 1040.915
3847 385.057197030 385.087033899 385.025195453 -904.316
3848 385.157315437 385.187085982 385.125247536 162.948
3849 385.257414159 385.287180255 385.225341827 -615.342
3850 385.357537252 385.387276951 385.325438375 -44.462
3851 385.457701418 385.487359435 385.425520822 210.855
3852 385.557763844 385.587443728 385.525605300 226.003
3853 385.657809344 385.687535544 385.625697080 427.410
3854 385.757881103 385.787618616 385.725780188 301.216
3855 385.857952344 385.887708428 385.825870000 574.565
3856 385.958023010 385.987834255 385.925995828 780.843
3857 386.058099992 386.088073789 386.026235343 643.767
3858 386.158235677 386.188106799 386.126268278 -9.844
3859 386.258283547 386.288289843 386.226451360 581.341
3860 386.358365807 386.388394988 386.326556524 -596.595
3861 386.458474973 386.488521792 386.426682957 431.918
3862 386.558553436 386.588606077 386.526767557 42.095
3863 386.658626584 386.688724933 386.626886487 233.752
3864 386.758737288 386.788806044 386.726967598 281.426
3865 386.858824880 386.888935682 386.827097254 197.242
3866 386.958898436 386.989011553 386.927173126 -580.158
3867 387.058983232 387.089065744 387.027227261 538.649
3868 387.159056862 387.189109205 387.127270740 -1219.352
3869 387.259189936 387.289245554 387.227407033 1639.396
3870 387.359233065 387.389323484 387.327485038 -582.612
3871 387.459332491 387.489452511 387.427614027 342.135
3872 387.559414454 387.589537466 387.527699039 27.921
3873 387.659477361 387.689616751 387.627778305 29.650
3874 387.759597417 387.789692534 387.727854106 1069.712
3875 387.859642102 387.889766243 387.827927778 -1075.334
3876 387.959641769 387.989855004 387.928016521 290.260
3877 388.059805213 388.089936263 388.028097798 203.436
3878 388.159783694 388.190019756 388.128181310 1066.722
3879 388.259896805 388.290107632 388.228269168 417.747
3880 388.359946472 388.390205778 388.328367313 151.893
3881 388.460047750 388.490300908 388.428462462 -931.558
3882 388.560231231 388.590380635 388.528542189 -920.312
3883 388.660362638 388.690453890 388.628615463 -837.923
3884 388.760428157 388.790562432 388.728723819 298.506
3885 388.860513472 388.890653734 388.828815251 67.549
3886 388.960595046 388.990710681 388.928872235 37.858
3887 389.060669898 389.090798701 389.028960274 -28.050
3888 389.160812842 389.190875038 389.129036573 -626.676
3889 389.260919138 389.290980601 389.229142062 353.241
3890 389.360977342 389.391072010 389.329233564 297.943
3891 389.461077175 389.491161849 389.429323199 -523.231
3892 389.561222268 389.591257998 389.529419570 1425.079
3893 389.661304138 389.691309820 389.629471393 -1511.067
3894 389.761392342 389.791389021 389.729550557 540.782
3895 389.861459971 389.891467732 389.829629305 -325.984
3896 389.961552397 389.991544566 389.929706083 -577.969
3897 390.061777730 390.091623248 390.029784728 -1366.962
3898 390.161890989 390.191725951 390.129887486 2965.897
3899 390.261869656 390.291808342 390.229969859 -4210.415
3900 390.362007026 390.391912521 390.330074075 2707.875
3901 390.462116619 390.492015577 390.430177131 710.079
3902 390.562196674 390.592085615 390.530247187 -193.154
3903 390.662271174 390.692132674 390.630294117 839.872
3904 390.762317711 390.792213273 390.730374772 -524.836
3905 390.862397896 390.892290032 390.830451586 -108.668
3906 390.962470563 390.992337096 390.930498669 -293.094
3907 391.062605211 391.092410273 391.030571845 -539.219
3908 391.162714489 391.192535913 391.130697430 81.933
3909 391.262822174 391.292655922 391.230817457 -90.851
3910 391.363060396 391.392741669 391.330903242 1298.973
3911 391.463030007 391.492832509 391.430994064 -1857.735
3912 391.563145859 391.592926561 391.531088096 88.343
3913 391.663350748 391.693016934 391.631178451 -1171.850
3914 391.763479155 391.793117485 391.731279020 2753.249
3915 391.863630840 391.893193128 391.831354663 -1235.631
3916 391.963600507 391.993271405 391.931432940 -2999.347
3917 392.063746766 392.093351546 392.031513082 -501.984
3918 392.163869192 392.193435766 392.131597283 74.114
3919 392.263980155 392.293515183 392.231676719 -2464.920
3920 392.364297266 392.393610312 392.331771866 -1867.683
3921 392.464544099 392.493722292 392.431883846 -973.454
3922 392.564804544 392.593818401 392.531979677 -468.297
3923 392.665055210 392.693897972 392.632059489 -1318.598
3924 392.765246358 392.793955670 392.732117205 -776.417
3925 392.865426951 392.894047243 392.832208779 -2353.275
3926 392.965592562 392.994122838 392.932284355 -611.102
3927 393.065750377 393.094199635 393.032361170 -875.140
3928 393.165882673 393.194297167 393.132458703 248.727
3929 393.265943876 393.294408507 393.232570024 520.246
3930 393.366022728 393.394489103 393.332650619 -1.423
3931 393.466101191 393.494586625 393.432748198 117.169
3932 393.566227691 393.594680745 393.532842281 -534.012
3933 393.666301191 393.694768258 393.632929645 418.845
3934 393.766367172 393.794852301 393.733013615 -236.398
3935 393.866445117 393.894943585 393.833105120 1646.992
3936 393.966661635 393.995024906 393.933186441 -612.152
3937 394.066634450 394.095099132 394.033260649 -792.422
3938 394.166736006 394.195182170 394.133343705 -205.135
3939 394.266829394 394.295267639 394.233429156 36.881
3940 394.366919487 394.395343355 394.333504872 -250.635
3941 394.466960487 394.495431174 394.433592710 109.669
3942 394.567045783 394.595516421 394.533677827 138.583
3943 394.667141968 394.695603614 394.633765150 14.466
3944 394.767208283 394.795689331 394.733850885 -102.919
3945 394.867305635 394.895769445 394.833930962 79.175
3946 394.967383709 394.995850530 394.934012065 175.318
3947 395.067301135 395.095948306 395.034109860 2294.690
3948 395.167195857 395.196031293 395.134192829 -156.204
3949 395.267139338 395.296114688 395.234276205 2951.749
3950 395.367049801 395.396205904 395.334367420 1012.319
3951 395.467091264 395.496288260 395.434449796 -532.234
3952 395.566999208 395.596397386 395.534558903 -598.797
3953 395.667087838 395.696479479 395.634641014 2107.437
3954 395.767096653 395.796558164 395.734719644 -823.751
3955 395.867175690 395.896657857 395.834819392 1258.267
3956 395.967157875 395.996740453 395.934902025 1403.552
3957 396.067191356 396.096812452 396.034974006 -122.852
3958 396.167165782 396.196893129 396.135054683 -501.306
3959 396.267224930 396.296989144 396.235150661 1070.755
3960 396.367272801 396.397060153 396.335221725 -144.904
3961 396.467368541 396.497141848 396.435303402 431.008
3962 396.567329449 396.597259071 396.535420458 1566.792
3963 396.667450319 396.697343944 396.635505498 1379.011
3964 396.767411782 396.797416008 396.735577581 -100.539
3965 396.867508189 396.897493297 396.835654870 841.663
3966 396.967521448 396.997574924 396.935736497 -140.044
3967 397.067528226 397.097646481 397.035808053 658.487
3968 397.167584633 397.197727198 397.135888752 925.499
3969 397.267685263 397.297805974 397.235967547 -968.403
3970 397.367714522 397.397882482 397.336044054 -173.488
3971 397.467814744 397.497982008 397.436143580 993.470
3972 397.567905152 397.598083341 397.536244913 327.686
3973 397.667967948 397.698157026 397.636318506 -454.816
3974 397.768056300 397.798253831 397.736415385 508.741
3975 397.868131003 397.898331075 397.836492648 -186.839
3976 397.968209911 397.998422393 397.936583947 245.808
3977 398.068281337 398.098529161 398.036690715 -35.068
3978 398.168352781 398.198589579 398.136751133 -53.658
3979 398.268424781 398.298660073 398.236821627 37.382
3980 398.368495855 398.398755235 398.336916807 251.994
3981 398.468607225 398.498860953 398.437022488 428.501
3982 398.568731781 398.598975919 398.537137473 -626.544
3983 398.668799799 398.699081662 398.637243068 -260.582
3984 398.768970614 398.799157894 398.737319429 -72.199
3985 398.868940577 398.899226161 398.837387715 -1689.845
3986 398.969111206 398.999301159 398.937462732 337.888
3987 399.069168984 399.099374219 399.037535773 -89.938
3988 399.169315336 399.199421743 399.137583278 -2269.891
3989 399.269603169 399.299503575 399.237665148 -1591.289
3990 399.369902225 399.399567706 399.337729186 -2010.089
3991 399.470105836 399.499632016 399.437793588 -1241.493
3992 399.569920502 399.599717386 399.537878921 2696.005
3993 399.669755058 399.699819734 399.637981250 2598.695
3994 399.769674336 399.799927382 399.738088787 2023.632
3995 399.869581595 399.900016711 399.838178246 1780.117
3996 399.969512298 400.000103293 399.938264847 911.308
3997 400.069374595 400.100196367 400.038357921 2347.933
3998 400.169390724 400.200291073 400.138452609 1106.067
3999 400.269355335 400.300375263 400.238536780 1164.615
4000 400.369374891 400.400456244 400.338617780 -1194.898
4001 400.469579465 400.500533015 400.438694569 -1516.779
4002 400.569735780 400.600601030 400.538762584 166.962
4003 400.669833891 400.700665127 400.638826570 -2880.229
4004 400.770160983 400.800756972 400.738918470 2657.165
4005 400.870150076 400.900819349 400.838980922 -4774.502
4006 400.970311464 401.001003016 400.939164588 2158.736
4007 401.070567335 401.101072670 401.039234224 -2734.888
4008 401.170685483 401.201252427 401.139413962 60.572
4009 401.270863205 401.301330366 401.239491920 34.158
4010 401.370935705 401.401356778 401.339518332 106.768
4011 401.471007186 401.501414872 401.439576445 29.347
4012 401.571078686 401.601493763 401.539655317 -1119.175
4013 401.671207742 401.701597378 401.639758913 236.621
4014 401.771298742 401.801680309 401.739841845 -1036.990
4015 401.871423001 401.901763083 401.839924618 230.229
4016 401.971494186 402.001844647 401.940006183 -26.149
4017 402.071547445 402.101924685 402.040086221 -92.808
4018 402.171654667 402.202006767 402.140168284 440.717
4019 402.271766186 402.302081855 402.240243391 -1661.837
4020 402.371858019 402.402182803 402.340344338 1928.214
4021 402.471937130 402.502237526 402.440399043 -1245.882
4022 402.572040908 402.602330321 402.540491874 676.787
4023 402.672237334 402.702434366 402.640595846 -870.187
4024 402.772309556 402.802528697 402.740690269 -1278.254
4025 402.872499186 402.902604606 402.840766123 797.412
4026 402.972589982 403.002892013 402.941053548 -237.292
4027 403.072890463 403.102954276 403.041115848 837.740
4028 403.172761574 403.203029283 403.141190818 -500.936
4029 403.272968574 403.303110824 403.241272359 -55.862
4030 403.373040352 403.403215844 403.341377398 -1140.393
4031 403.473123500 403.503337424 403.441498960 -96.767
4032 403.573267352 403.603420351 403.541581905 -141.466
4033 403.673380593 403.703511390 403.641672796 -266.310
4034 403.773488592 403.803590885 403.741752402 -153.974
4035 403.873580444 403.903659455 403.841820990 -349.748
4036 403.973662481 404.003716074 403.941877628 -225.071
4037 404.073749389 404.103773493 404.041935065 -358.312
4038 404.173835796 404.203862094 404.142023629 -8.853
4039 404.273998907 404.303947712 404.242109285 -4.982
4040 404.374054425 404.404073169 404.342234742 1075.562
4041 404.474112036 404.504163473 404.442325045 1254.838
4042 404.574175981 404.604262399 404.542423934 -1279.516
4043 404.674374851 404.704381924 404.642543478 721.928
4044 404.774473333 404.804431432 404.742592930 -2220.894
4045 404.874536833 404.904522181 404.842683753 479.250
4046 404.974687610 405.004595467 404.942757040 -708.863
4047 405.074838610 405.104671845 405.042833399 -805.462
4048 405.174811369 405.204748699 405.142910216 -1205.663
4049 405.274945795 405.304843211 405.243004393 4057.345
4050 405.374945517 405.404921059 405.343082539 -2612.027
4051 405.475102814 405.505023114 405.443184575 2010.414
4052 405.575106795 405.605112311 405.543273791 -1058.281
4053 405.675244388 405.705204576 405.643366112 -136.082
4054 405.775349462 405.805294996 405.743456420 -138.836
4055 405.875448554 405.905367237 405.843528810 -258.586
4056 405.975520387 406.005453313 405.943614885 152.589
4057 406.075573998 406.105530878 406.043692432 282.548
4058 406.175648184 406.205610224 406.143771759 -20.290
4059 406.275725665 406.305704852 406.243866332 67.701
4060 406.375810146 406.405779473 406.343941027 -232.285
4061 406.475859646 406.505853773 406.444015345 378.925
4062 406.575926554 406.605933289 406.544094843 43.106
4063 406.676022980 406.706014517 406.644176052 -21.970
4064 406.776063387 406.806106922 406.744268458 -870.505
4065 406.876222591 406.906189560 406.844351095 -136.728
4066 406.976307554 407.006272621 406.944434157 4.107
4067 407.076320516 407.106353729 407.044515246 1404.925
4068 407.176516146 407.206433885 407.144595420 -1513.110
4069 407.276531424 407.306520176 407.244681711 246.051
4070 407.376579053 407.406602360 407.344763895 1020.488
4071 407.476621812 407.506684194 407.444845729 -2291.250
4072 407.576664442 407.606768749 407.544930266 960.961
4073 407.676733072 407.706860583 407.645022119 -157.189
4074 407.776823331 407.806957613 407.745119019 107.622
4075 407.876935386 407.907038745 407.845199596 -769.821
4076 407.976928108 408.007131404 407.945292958 2233.450
4077 408.077083720 408.107189598 408.045351171 -1161.883
4078 408.177082405 408.207271294 408.145432811 239.438
4079 408.277162182 408.307355137 408.245516654 -100.655
4080 408.377288997 408.407427350 408.345588923 -782.640
4081 408.477416701 408.507509622 408.445671176 1295.220
4082 408.577406386 408.607583701 408.545745255 612.804
4083 408.677445793 408.707669918 408.645831453 1346.607
4084 408.777537108 408.807764748 408.745926265 -205.423
4085 408.877604923 408.907847279 408.846008814 630.746
4086 408.977667108 409.007926224 408.946087741 59.242
4087 409.077754163 409.108048840 409.046210376 726.712
4088 409.177814700 409.208169323 409.146330877 238.109
4089 409.277893237 409.308225356 409.246386910 -374.303
4090 409.378028422 409.408303989 409.346465562 -1906.403
4091 409.478203459 409.508384727 409.446546281 441.553
4092 409.578307311 409.608455873 409.546617427 -784.983
4093 409.678403644 409.708511732 409.646673304 -733.673
4094 409.778514218 409.808602908 409.746764425 -149.232
4095 409.878663644 409.908695696 409.846857268 -91.534
4096 409.978737496 410.008756903 409.946918475 -650.836
4097 410.078818033 410.108811722 410.046973276 -261.945
4098 410.178907311 410.208874987 410.147036522 -46.175
4099 410.278986126 410.308958976 410.247120456 -170.065
4100 410.379079626 410.409035630 410.347197184 -15.967
4101 410.479161163 410.509082668 410.447244241 -40.264
4102 410.579237014 410.609152196 410.547313769 -408.615
4103 410.679347144 410.709232636 410.647394190 -153.997
4104 410.779475144 410.809345395 410.747506949 -507.566
4105 410.879621014 410.909428903 410.847590457 -400.159
4106 410.979739773 411.009510936 410.947672323 -428.836
4107 411.079824070 411.109562682 411.047724181 -365.327
4108 411.179950107 411.209639503 411.147801038 -448.124
4109 411.280048718 411.309729102 411.247890489 70.920
4110 411.380124458 411.409821342 411.347982914 61.498
4111 411.480224106 411.509900872 411.448062389 -107.799
4112 411.580315606 411.609986706 411.548148112 -560.271
4113 411.680442199 411.710106957 411.648268474 1675.904
4114 411.780596940 411.810184682 411.748346236 -1235.961
4115 411.880659217 411.910280028 411.848441564 -713.865
4116 411.980870717 412.010359489 411.948521024 -727.115
4117 412.080945736 412.110459391 412.048620963 1634.462
4118 412.181124069 412.210536706 412.148698223 -310.405
4119 412.281145939 412.310619452 412.248780988 -36.138
4120 412.381253143 412.410694447 412.348856019 -1089.116
4121 412.481438809 412.510767860 412.448929433 54.927
4122 412.581347087 412.610841427 412.549002981 59.776
4123 412.681575735 412.710913346 412.649074919 -31.546
4124 412.781521606 412.810989103 412.749150638 -1603.792
4125 412.881641846 412.911085093 412.849246498 241.198
4126 412.981766198 413.011170260 412.949331795 1157.553
4127 413.081848272 413.111256865 413.049418401 -727.368
4128 413.181909809 413.211354522 413.149516058 -479.784
4129 413.281967383 413.311437798 413.249599315 633.882
4130 413.382062105 413.411516488 413.349678024 -607.566
4131 413.482165087 413.511600490 413.449762025 145.708
4132 413.582228716 413.611680857 413.549842411 18.293
4133 413.682339642 413.711761422 413.649922958 -578.264
4134 413.782447494 413.811869729 413.750031264 260.724
4135 413.882546735 413.911920064 413.850081637 -678.514
4136 413.982618475 414.011958789 413.950120343 482.526
4137 414.082759753 414.112029027 414.050190581 -1062.062
4138 414.182862049 414.212085765 414.150247282 126.709
4139 414.282943753 414.312180975 414.250342547 -464.753
4140 414.383030401 414.412252275 414.350413792 15.038
4141 414.483109327 414.512319837 414.450481391 -165.606
4142 414.583180845 414.612367813 414.550529385 -535.721
4143 414.683251123 414.712418630 414.650580203 -22.613
4144 414.783378678 414.812516401 414.750677937 -344.837
4145 414.883498234 414.912612593 414.850774147 -431.176
4146 414.983572049 415.012653594 414.950815166 -120.704
4147 415.083643252 415.112712737 415.050874291 -120.704
4148 415.183721326 415.212830269 415.150991841 452.679
4149 415.283785030 415.312973323 415.251134896 215.987
4150 415.383855660 415.413045796 415.351207368 1076.352
4151 415.483889178 415.513151099 415.451312616 568.046
4152 415.583972345 415.613274869 415.551436349 725.567
4153 415.684043937 415.713408297 415.651569869 454.228
4154 415.784074122 415.813485589 415.751647162 742.340
4155 415.884185622 415.913653949 415.851814947 477.286
4156 415.984260900 416.013755468 415.951917021 149.371
4157 416.084332474 416.113869400 416.052030954 -42.633
4158 416.184412381 416.213950146 416.152111663 252.572
4159 416.284496048 416.314045666 416.252207238 32.267
4160 416.384564844 416.414133087 416.352294640 1183.679
4161 416.484639066 416.514313601 416.452475155 -2257.250
4162 416.584712140 416.614390052 416.552551624 1225.895
4163 416.684782881 416.714512134 416.652673706 432.456
4164 416.784958955 416.814603539 416.752765038 -1150.627
4165 416.885112696 416.914748468 416.852910004 1619.108
4166 416.985214085 417.014847235 416.953008789 -432.262
4167 417.085291214 417.114909693 417.053071025 -548.177
4168 417.185384233 417.214976323 417.153137803 -165.757
4169 417.285487399 417.315053194 417.253214766 -161.534
4170 417.385556621 417.415125386 417.353286940 10.012
4171 417.485631436 417.515214408 417.453375925 294.137
4172 417.585720640 417.615294858 417.553456412 -15.956
4173 417.685799806 417.715393745 417.653555299 -65.282
4174 417.785873177 417.815450013 417.753611586 -67.698
4175 417.885908140 417.915515199 417.853676753 879.180
4176 417.985951158 418.015611454 417.953772989 445.901
4177 418.085972362 418.115695171 418.053856707 524.475
4178 418.186009121 418.215777050 418.153938567 461.712
4179 418.286008806 418.315858493 418.254020010 1439.654
4180 418.386005491 418.415942122 418.354103658 12.337
4181 418.486068269 418.516032922 418.454194401 593.632
4182 418.586086213 418.616113833 418.554275350 419.198
4183 418.686081695 418.716195109 418.654356645 303.601
4184 418.786143602 418.816282071 418.754443588 770.989
4185 418.886263176 418.916365563 418.854527135 -589.387
4186 418.986335972 419.016543700 418.954705143 296.784
4187 419.086416546 419.116641625 419.054803161 335.810
4188 419.186496731 419.216682048 419.154843620 254.907
4189 419.286521935 419.316754214 419.254915786 -2.425
4190 419.386466509 419.416848984 419.355010557 -36.817
4191 419.486665157 419.516931823 419.455093359 -1610.995
4192 419.586752657 419.617043505 419.555205059 -657.991
4193 419.686875046 419.717114641 419.655276195 404.710
4194 419.786943713 419.817239661 419.755401197 514.652
4195 419.887022120 419.917360895 419.855522449 1168.649
4196 419.987122268 420.017507531 419.955668955 -24.531
4197 420.087262379 420.117580397 420.055741970 454.310
4198 420.187288805 420.217640089 420.155801643 -1746.660
4199 420.287365805 420.317701057 420.255862629 732.734
4200 420.387438342 420.417763748 420.355925264 112.729
4201 420.487521157 420.517853049 420.456014584 -35.574
4202 420.587630305 420.617964677 420.556126175 1403.430
4203 420.687703934 420.718115090 420.656276663 -1850.030
4204 420.787774527 420.818168191 420.756329745 1068.299
4205 420.887856916 420.918252690 420.856414225 -477.207
4206 420.987980119 421.018355539 420.956517056 505.198
4207 421.088052860 421.118439013 421.056600530 -405.621
4208 421.188136786 421.218522047 421.156683601 285.890
4209 421.288210767 421.318604131 421.256765666 143.031
4210 421.388292100 421.418689303 421.356850838 -176.829
4211 421.488387100 421.518732102 421.456893582 -144.238
4212 421.588474415 421.618913731 421.557074916 -2664.866
4213 421.688571285 421.719070351 421.657231904 3631.798
4214 421.788679693 421.819169271 421.757330807 905.312
4215 421.888729452 421.919254909 421.857416463 -359.216
4216 421.988827082 422.019333892 421.957495372 1794.714
4217 422.088889174 422.119414322 422.057575820 -2384.721
4218 422.189008137 422.219566680 422.157728178 979.932
4219 422.289125526 422.319651476 422.257813011 680.632
4220 422.389183655 422.419733193 422.357894766 459.605
4221 422.489229489 422.519790981 422.457952553 -1513.658
4222 422.589268915 422.619864160 422.558025733 2095.913
4223 422.689314155 422.719938447 422.658100020 -907.296
4224 422.789358303 422.820015397 422.758176970 403.890
4225 422.889535414 422.920101110 422.858262664 -1893.556
4226 422.989652970 423.020220687 422.958382203 1216.213
4227 423.089746248 423.120293418 423.058454990 -589.520
4228 423.189826581 423.220366081 423.158527617 -36.687
4229 423.289911470 423.320505925 423.258667442 -78.601
4230 423.390006099 423.420554237 423.358715791 159.055
4231 423.490044599 423.520633977 423.458795475 -30.519
4232 423.590109840 423.620712907 423.558874479 105.204
4233 423.690176951 423.720785164 423.658946736 -34.900
4234 423.790264803 423.820849970 423.759011506 -1452.178
4235 423.890421062 423.920927477 423.859089050 -387.447
4236 423.990532784 424.021007666 423.959169202 224.558
4237 424.090654228 424.121102557 424.059264074 -433.359
4238 424.190753636 424.221190460 424.159352014 45.448
4239 424.290837580 424.321271102 424.259432656 -321.947
4240 424.390957339 424.421343732 424.359505304 299.147
4241 424.490991173 424.521420444 424.459581998 -154.094
4242 424.591072710 424.621496695 424.559658267 400.984
4243 424.691127413 424.721575984 424.659737482 -530.015
4244 424.791246673 424.821658543 424.759820097 751.768
4245 424.891263117 424.921732240 424.859893794 -606.710
4246 424.991386561 425.021807391 424.959968945 -406.312
4247 425.091496895 425.121924592 425.060086072 1496.648
4248 425.191546006 425.222003840 425.160165357 -1785.210
4249 425.291638839 425.322078829 425.260240382 1050.824
4250 425.391680709 425.422194905 425.360356459 -474.132
4251 425.491770339 425.522268992 425.460430546 492.751
4252 425.591860228 425.622345070 425.560506624 -645.991
4253 425.691879876 425.722417799 425.660579371 133.106
4254 425.791982190 425.822490475 425.760652011 -18.912
4255 425.892076339 425.922588703 425.860750256 17.932
4256 425.992170913 426.022689986 425.960851540 106.312
4257 426.092271412 426.122760045 426.060921580 84.194
4258 426.192351820 426.222847129 426.161008664 -136.783
4259 426.292434412 426.322977391 426.261138927 547.126
4260 426.392497394 426.423097315 426.361258887 574.441
4261 426.492552597 426.523199339 426.461360893 668.264
4262 426.592596523 426.623300805 426.561462377 417.810
4263 426.692653097 426.723365513 426.661527086 -295.252
4264 426.792723468 426.823397313 426.761558886 -533.069
4265 426.892828264 426.923437119 426.861598654 -1042.525
4266 426.993016412 427.023516492 426.961678046 -1100.961
4267 427.093192079 427.123620525 427.061781653 -621.563
4268 427.193341856 427.223668777 427.161830294 -1388.093
4269 427.293535264 427.323754425 427.261915998 -312.627
4270 427.393701171 427.423832442 427.361993978 -1757.828
4271 427.493842671 427.523875263 427.462036761 246.349
4272 427.593992467 427.623954416 427.562115932 -762.161
4273 427.694095300 427.724017683 427.662179237 -229.617
4274 427.794156097 427.824192544 427.762354024 1829.224
4275 427.894205597 427.924323505 427.862485059 300.255
4276 427.994164967 428.024432401 427.962593955 1594.690
4277 428.094270208 428.124643888 428.062805441 762.346
4278 428.194280652 428.224727887 428.162889422 -3567.293
4279 428.294637337 428.324809364 428.262970881 -1875.636
4280 428.394976781 428.424873195 428.363034749 -2746.641
4281 428.495288726 428.524932592 428.463094146 -1730.068
4282 428.595552337 428.625002054 428.563163571 -1840.395
4283 428.695815689 428.725081079 428.663242651 -2012.352
4284 428.796045263 428.825145831 428.763307385 -1420.768
4285 428.896239466 428.925194318 428.863355890 -1695.537
4286 428.996485781 429.025275220 428.963436792 -1250.874
4287 429.096707540 429.125359961 429.063521533 -1411.310
4288 429.196907985 429.225433956 429.163595473 -1409.736
4289 429.297111892 429.325515983 429.263677537 -702.712
4290 429.397305762 429.425588334 429.363749888 -307.228
4291 429.497500059 429.525654826 429.463816399 -1386.065
4292 429.597622577 429.625715503 429.563877076 -1117.296
4293 429.697782744 429.725784627 429.663946181 -645.895
4294 429.797831188 429.825983821 429.764145356 2569.698
4295 429.897914725 429.926302601 429.864464173 2201.023
4296 429.997933818 430.026465141 429.964626677 1002.183
4297 430.097938577 430.126562755 430.064724309 911.007
4298 430.197947225 430.226670464 430.164831999 1141.149
4299 430.297868854 430.326755356 430.264916836 1176.088
4300 430.397907577 430.426836973 430.364998508 770.212
4301 430.497859262 430.526928332 430.465089868 1502.877
4302 430.597861669 430.627002605 430.565164140 -1026.589
4303 430.697896650 430.727082041 430.665243557 2057.348
4304 430.797966391 430.827162994 430.765324511 862.206
4305 430.897993595 430.927245619 430.865407136 51.819
4306 430.998044298 431.027325935 430.965487471 858.180
4307 431.098077447 431.127412536 431.065574090 943.152
4308 431.198164224 431.227513150 431.165674704 -591.310
4309 431.298156891 431.327612342 431.265773858 1305.022
4310 431.398183743 431.427692213 431.365853748 295.003
4311 431.498235928 431.527774133 431.465935668 558.884
4312 431.598298965 431.627862532 431.566024067 2.220
4313 431.698365002 431.727947136 431.666108653 457.601
4314 431.798422594 431.828036253 431.766197769 261.439
4315 431.898475631 431.928127932 431.866289467 648.886
4316 431.998519076 432.028216397 431.966377932 277.021
4317 432.098596742 432.128311984 432.066473538 377.801
4318 432.198658779 432.228411536 432.166573071 276.997
4319 432.298698520 432.328511573 432.266673089 23.534
4320 432.398808964 432.428603291 432.366764827 765.387
4321 432.498797686 432.528686975 432.466848492 508.768
4322 432.598844483 432.628772963 432.566934480 162.118
4323 432.698882038 432.728862051 432.667023587 905.430
4324 432.799015871 432.828945920 432.767107456 -1871.219
4325 432.899053427 432.929028392 432.867189928 325.184
4326 432.999151834 433.029112472 432.967273989 -99.762
4327 433.099253945 433.129216834 433.067378388 282.932
4328 433.199342075 433.229319125 433.167480605 276.457
4329 433.299429816 433.329406575 433.267568111 -127.896
4330 433.399484797 433.429490098 433.367651597 -25.711
4331 433.499608797 433.529585728 433.467747264 -323.743
4332 433.599720389 433.629668096 433.567829632 -845.100
4333 433.699747186 433.729755813 433.667917312 -455.763
4334 433.799869223 433.829847511 433.768009027 656.191
4335 433.899917871 433.929926931 433.868088466 51.323
4336 434.000075297 434.030009247 433.968170746 -714.216
4337 434.100269019 434.130115439 434.068277011 -1870.726
4338 434.200488204 434.230215410 434.168376816 -4.113
4339 434.300634852 434.330299934 434.268461451 -645.180
4340 434.400805722 434.430381201 434.368542737 -581.219
4341 434.500943037 434.530476426 434.468637962 56.343
4342 434.601066630 434.630572679 434.568734215 -711.729
4343 434.701192444 434.730658683 434.668820200 -320.030
4344 434.801297815 434.830746537 434.768908072 262.344
4345 434.901354111 434.930833610 434.868995127 512.410
4346 435.001412833 435.030909258 434.969070793 -442.041
4347 435.101472592 435.130993843 435.069155415 479.418
4348 435.201553444 435.231097940 435.169259475 255.163
4349 435.301629870 435.331185819 435.269347354 37.644
4350 435.401715851 435.431287431 435.369448966 91.793
4351 435.501789148 435.531383773 435.469545327 475.974
4352 435.601842499 435.631476895 435.569638412 248.332
4353 435.701895092 435.731559032 435.669720549 89.104
4354 435.801967555 435.831650633 435.769812113 1184.677
4355 435.902068314 435.931736370 435.869897869 -469.466
4356 436.002121370 436.031821933 435.969983431 562.630
4357 436.102206462 436.131907611 436.070069164 -104.733
4358 436.202276184 436.232013216 436.170174770 549.014
4359 436.302319555 436.332124132 436.270285630 695.267
4360 436.402364203 436.432207783 436.370369319 297.991
4361 436.502425740 436.532300146 436.470461682 682.906
4362 436.602478573 436.632397964 436.570559500 -209.964
4363 436.702525202 436.732489403 436.670650920 320.138
4364 436.802636721 436.832581408 436.770742943 142.680
4365 436.902697776 436.932662127 436.870823644 69.103
4366 437.002786165 437.032747219 436.970908736 -147.135
4367 437.102870406 437.132829089 437.070990624 467.472
4368 437.202958517 437.232913624 437.171075159 -976.400
4369 437.303043406 437.333018024 437.271179559 441.469
4370 437.403077387 437.433102683 437.371264200 204.216
4371 437.503159850 437.533193292 437.471354809 640.301
4372 437.603217535 437.633288170 437.571449705 662.355
4373 437.703231109 437.733382067 437.671543584 367.163
4374 437.803299220 437.833462745 437.771624281 25.929
4375 437.903361905 437.933555381 437.871716861 529.460
4376 438.003401794 438.033652954 437.971814489 272.669
4377 438.103478720 438.133731713 438.071893211 -262.318
4378 438.203688350 438.233821429 438.171982965 -271.184
4379 438.303782090 438.333925442 438.272086977 -62.225
4380 438.403869942 438.434022685 438.372184221 206.983
4381 438.504009905 438.534110569 438.472272105 152.053
4382 438.604056961 438.634208810 438.572370364 1011.414
4383 438.704161627 438.734289959 438.672451494 -1990.437
4384 438.804314053 438.834370569 438.772532105 -613.673
4385 438.904344220 438.934450952 438.872612488 -128.440
4386 439.004408812 439.034538429 438.972699946 418.381
4387 439.104601571 439.134620504 439.072782040 -1681.372
4388 439.204638997 439.234713240 439.172874794 1984.644
4389 439.304903293 439.334809876 439.272971411 -361.284
4390 439.404967775 439.434892934 439.373054470 -2152.508
4391 439.505100997 439.534992706 439.473154260 595.043
4392 439.604993701 439.635074120 439.573235656 -4034.572
4393 439.705287867 439.735159269 439.673320748 3465.503
4394 439.805307034 439.835240905 439.773402348 -747.217
4395 439.905587404 439.935322915 439.873484451 -853.975
4396 440.005526663 440.035402494 439.973564030 -988.111
4397 440.105665608 440.135486642 440.073648178 -155.025
4398 440.205791645 440.235586414 440.173747968 -202.373
4399 440.305925330 440.335682328 440.273843844 -549.335
4400 440.406035163 440.435770219 440.373931736 -37.678
4401 440.506157737 440.535862280 440.474023760 -152.526
4402 440.606275200 440.635957058 440.574118575 -618.734
4403 440.706339459 440.736045915 440.674207450 1845.371
4404 440.806460811 440.836114208 440.774275744 -2445.202
4405 440.906579959 440.936212967 440.874374503 863.345
4406 441.006734774 441.036286909 440.974448370 -1083.131
4407 441.106810922 441.136374951 441.074536487 674.933
4408 441.206938626 441.236460194 441.174621767 -646.940
4409 441.307083052 441.336558777 441.274720313 -452.463
4410 441.407192774 441.436646651 441.374808168 -71.601
4411 441.507319681 441.536722303 441.474883857 -2096.354
4412 441.607470366 441.636826889 441.574988424 1827.548
4413 441.707564718 441.736912025 441.675073542 -791.128
4414 441.807659662 441.837000563 441.775162079 411.356
4415 441.907715959 441.937094754 441.875256290 753.815
4416 442.007737773 442.037176314 441.975337868 -396.665
4417 442.107853958 442.137262570 442.075424105 732.056
4418 442.207892570 442.237358549 442.175520084 -1132.222
4419 442.308038181 442.337493691 442.275655244 558.972
4420 442.408100255 442.437657227 442.375818781 1687.350
4421 442.508128421 442.537748425 442.475909979 398.748
4422 442.608203717 442.637887937 442.576049491 735.478
4423 442.708291273 442.738043967 442.676205558 535.546
4424 442.808357643 442.838149031 442.776310585 584.223
4425 442.908403458 442.938218045 442.876379617 -440.088
4426 443.008481625 443.038290290 442.976451862 354.733
4427 443.108552476 443.138391303 443.076552876 -19.302
4428 443.208627106 443.238462283 443.176623837 192.738
4429 443.308684606 443.338554105 443.276715640 319.557
4430 443.408798810 443.438645806 443.376807360 -1322.228
4431 443.508878921 443.538740726 443.476902298 548.275
4432 443.609012217 443.638815976 443.576977530 -403.151
4433 443.709079495 443.738899001 443.677060500 -323.358
4434 443.809181865 443.838968068 443.777129622 29.505
4435 443.909253346 443.939060360 443.877221913 384.771
4436 444.009269531 444.039132617 443.977294171 332.670
4437 444.109368328 444.139209106 444.077370586 174.631
4438 444.209503828 444.239286913 444.177448485 -666.759
4439 444.309520124 444.339371784 444.277533319 -1552.861
4440 444.409808587 444.439486965 444.377648481 1650.467
4441 444.509820772 444.539536840 444.477698339 -823.634
4442 444.609894438 444.639642049 444.577803548 340.787
4443 444.709966216 444.739710693 444.677872266 -223.334
4444 444.810043087 444.839778071 444.777939625 202.778
4445 444.910097549 444.939840002 444.878001575 -987.108
4446 445.010253383 445.039952095 444.978113667 1823.199
4447 445.110329179 445.140025163 445.078186643 -645.548
4448 445.210417642 445.240146013 445.178307586 619.077
4449 445.310453957 445.340238550 445.278400086 -28.478
4450 445.410599327 445.440335145 445.378496551 -1212.786
4451 445.510637345 445.540424222 445.478585776 848.346
4452 445.610742827 445.640510120 445.578671637 -155.349
4453 445.710797679 445.740588867 445.678750421 534.290
4454 445.810845586 445.840661248 445.778822821 -645.106
4455 445.910916864 445.940733736 445.878895308 133.195
4456 446.010962419 446.040810687 445.978972241 655.498
4457 446.111031567 446.140889605 446.079051159 -175.219
4458 446.211074178 446.240972081 446.179133635 -620.230
4459 446.311237012 446.341064102 446.279225656 393.607
4460 446.411278974 446.441167425 446.379328886 707.027
4461 446.511380400 446.541248703 446.479410256 49.417
4462 446.611424437 446.641331404 446.579492958 -345.110
4463 446.711504456 446.741416429 446.679577946 376.030
4464 446.811547474 446.841496200 446.779657735 31.828
4465 446.911668474 446.941586644 446.879748161 -311.522
4466 447.011741659 447.041672448 446.979833965 547.348
4467 447.111827326 447.141755357 447.079916763 -88.644
4468 447.211850548 447.241838131 447.179999648 -274.927
4469 447.311934252 447.341927916 447.280089489 215.321
4470 447.412035270 447.442017833 447.380179369 -260.391
4471 447.512134955 447.542091843 447.480253397 -149.793
4472 447.612230881 447.642188798 447.580350334 413.995
4473 447.712290251 447.742280814 447.680442331 258.187
4474 447.812370177 447.842363689 447.780525262 140.219
4475 447.912441270 447.942424263 447.880585836 -130.959
4476 448.012512455 448.042482380 447.980643953 -130.959
4477 448.112600288 448.142559234 448.080720769 -82.651
4478 448.212685122 448.242635776 448.180797349 -82.651
4479 448.312754158 448.342717238 448.280878736 191.737
4480 448.412872010 448.442830405 448.380991940 -455.053
4481 448.512985677 448.542924827 448.481086381 -78.130
4482 448.613090047 448.643004521 448.581166038 303.693
4483 448.713036936 448.743086737 448.681248032 627.086
4484 448.813118306 448.843159946 448.781321500 142.262
4485 448.913179417 448.943234857 448.881396411 787.217
4486 449.013210436 449.043305081 448.981466654 -292.132
4487 449.113250677 449.143380129 449.081541665 685.855
4488 449.213298010 449.243464476 449.181626049 182.292
4489 449.313343047 449.343537333 449.281698887 119.943
4490 449.413433713 449.443629484 449.381791038 556.495
4491 449.513531195 449.543777758 449.481939256 -151.652
4492 449.613610787 449.643862384 449.582023864 27.896
4493 449.713713250 449.743946402 449.682107937 -131.152
4494 449.813805046 449.844022936 449.782184508 -437.698
4495 449.913877954 449.944052963 449.882214535 248.079
4496 450.013947657 450.044091384 449.982252938 -495.235
4497 450.114082491 450.144184608 450.082346143 -329.692
4498 450.214208194 450.244264562 450.182426135 -535.005
4499 450.314311065 450.344331695 450.282493267 -401.065
4500 450.414431565 450.444410345 450.382571899 -497.399
4501 450.514558750 450.544507662 450.482669197 222.933
4502 450.614622065 450.644595845 450.582757398 7.167
4503 450.714713453 450.744676826 450.682838362 -80.924
4504 450.814795361 450.844756880 450.782918416 -36.516
4505 450.914870212 450.944836523 450.882998039 -389.096
4506 451.014974138 451.044917341 450.983078876 -5.161
4507 451.115060786 451.144998097 451.083159632 -124.175
4508 451.215147546 451.245082434 451.183243969 -148.811
4509 451.315233138 451.345164715 451.283326250 135.820
4510 451.415295990 451.445250870 451.383412405 953.313
4511 451.515319008 451.545345334 451.483506851 595.345
4512 451.615345694 451.645434155 451.583595690 876.067
4513 451.715347305 451.745518417 451.683679934 290.771
4514 451.815394879 451.845598875 451.783760411 258.587
4515 451.915399416 451.945681860 451.883843395 977.997
4516 452.015453953 452.045766886 451.983928422 553.161
4517 452.115483249 452.145848373 452.084009890 39.534
4518 452.215594564 452.245930984 452.184092501 -353.929
4519 452.315722952 452.346012099 452.284173616 52.364
4520 452.415830545 452.446100944 452.384262498 -394.090
4521 452.515924786 452.546203881 452.484365398 -54.130
4522 452.616078026 452.646290401 452.584451918 -814.522
4523 452.716201915 452.746373107 452.684534642 -112.883
4524 452.816293841 452.846453288 452.784614805 -98.218
4525 452.916214193 452.946515924 452.884677478 1428.776
4526 453.016106915 453.046604407 452.984765924 1225.152
4527 453.116080545 453.146710227 453.084871762 2701.259
4528 453.215958081 453.246794673 453.184956209 1184.007
4529 453.315947137 453.346877233 453.285038750 694.400
4530 453.415895044 453.446963756 453.385125328 1145.149
4531 453.515991563 453.547147661 453.485309085 859.894
4532 453.616066044 453.647291006 453.585452578 712.780
4533 453.716084285 453.747379008 453.685540581 604.921
4534 453.816252100 453.847451050 453.785612604 -1762.679
4535 453.916447526 453.947526128 453.885687627 -1092.979
4536 454.016641525 454.047606838 453.985768410 -698.770
4537 454.116821266 454.147686221 454.085847627 -1188.566
4538 454.216992933 454.247771274 454.185932828 -642.770
4539 454.317203896 454.347841618 454.286003172 -2056.596
4540 454.417324081 454.447937699 454.386099253 883.925
4541 454.517568025 454.548059154 454.486220708 -1061.292
4542 454.617672895 454.648175286 454.586336692 -2480.592
4543 454.717928673 454.748242598 454.686404115 -95.195
4544 454.818073006 454.848334153 454.786495652 -85.705
4545 454.918174432 454.948375938 454.886537473 -1608.071
4546 455.018306784 455.048453921 454.986615438 -1377.605
4547 455.118487895 455.148542952 455.086704395 -903.436
4548 455.218641617 455.248635171 455.186796651 134.668
4549 455.318737154 455.348704349 455.286865866 -316.266
4550 455.418809562 455.448772435 455.386933952 -924.437
4551 455.518931580 455.548862924 455.487024460 -571.688
4552 455.619140580 455.648963095 455.587124279 29.265
4553 455.719116710 455.749037638 455.687199118 -280.307
4554 455.819261543 455.849121530 455.787283047 588.884
4555 455.919353876 455.949202026 455.887363598 -833.231
4556 456.019434524 456.049276466 455.987438019 216.593
4557 456.119533487 456.149356470 456.087518024 -102.096
4558 456.219618265 456.249419750 456.187581323 -362.184
4559 456.319698617 456.349488386 456.287649959 92.030
4560 456.419777746 456.449562612 456.387724110 -543.538
4561 456.519889931 456.549656412 456.487817966 343.369
4562 456.619998135 456.649804671 456.587966225 161.856
4563 456.720088320 456.749877602 456.688039174 -342.289
4564 456.820143857 456.849956458 456.788117993 453.845
4565 456.920204913 456.950039849 456.888201385 41.733
4566 457.020284301 457.050110032 456.988271586 -2.280
4567 457.120299727 457.150201017 457.088362385 1782.544
4568 457.220266987 457.250336772 457.188498344 1649.281
4569 457.320346875 457.350577870 457.288739424 1323.290
4570 457.420351190 457.450660149 457.388821629 115.938
4571 457.520464616 457.550761108 457.488922643 -303.186
4572 457.620611060 457.650854229 457.589015746 -458.558
4573 457.720774875 457.750932166 457.689093702 -791.989
4574 457.820919134 457.851016372 457.789177907 -313.625
4575 457.921037412 457.951093920 457.889255474 -649.700
4576 458.021166634 458.051166086 457.989327658 -542.087
4577 458.121292467 458.151238856 458.089400392 -529.044
4578 458.221398356 458.251318550 458.189480104 97.366
4579 458.321455449 458.351391458 458.289553030 -347.597
4580 458.421547893 458.451469550 458.389631049 -99.159
4581 458.521642375 458.551561788 458.489723342 50.132
4582 458.621753856 458.651658005 458.589819559 -136.454
4583 458.721828171 458.751739747 458.689901283 -616.262
4584 458.821968819 458.851816646 458.789978163 -715.530
4585 458.922068819 458.951896357 458.890057892 266.497
4586 459.022184745 459.051976042 458.990137577 -204.893
4587 459.122290134 459.152053270 459.090214824 -498.205
4588 459.222393337 459.252131070 459.190292624 -94.092
4589 459.322497985 459.352210590 459.290372107 -361.701
4590 459.422633948 459.452290962 459.390452498 -97.933
4591 459.522738281 459.552379657 459.490541229 -170.985
4592 459.622897041 459.652472099 459.590633541 1235.564
4593 459.722803263 459.752549954 459.690711471 -966.023
4594 459.822979596 459.852641724 459.790803297 686.109
4595 459.923054059 459.952762826 459.890924399 378.253
4596 460.023124318 460.052877619 459.991039191 -384.938
4597 460.123177800 460.152974450 460.091136004 669.826
4598 460.223327818 460.253067664 460.191229237 266.343
4599 460.323400059 460.353239597 460.291401151 -131.768
4600 460.423535355 460.453325797 460.391487277 1364.365
4601 460.523597688 460.553452213 460.491613749 111.991
4602 460.623731984 460.653611557 460.591773111 -274.123
4603 460.723828836 460.753729148 460.691890572 342.786
4604 460.824040244 460.853810546 460.791972081 177.363
4605 460.924039632 460.953901610 460.892063164 -897.076
4606 461.024246521 461.053975409 460.992136981 1868.267
4607 461.124309336 461.154028016 461.092189422 -448.963
4608 461.224289373 461.254108939 461.192270511 -384.274
4609 461.324445558 461.354187687 461.292349241 387.249
4610 461.424498503 461.454245021 461.392406556 -2081.392
4611 461.524578206 461.554382439 461.492543993 -1467.449
4612 461.624823002 461.654483143 461.592644697 2227.646
4613 461.724922817 461.754544523 461.692705874 -2137.046
4614 461.825018780 461.854709243 461.792870741 -668.548
4615 461.925135632 461.954755867 461.892917402 -113.524
4616 462.025225650 462.054828561 461.992990040 -234.394
4617 462.125312410 462.154919744 462.093081280 318.395
4618 462.225371854 462.255009113 462.193170611 -8.365
4619 462.325465428 462.355100825 462.293262361 808.991
4620 462.425543002 462.455240269 462.393401804 207.057
4621 462.525623780 462.555344848 462.493506347 267.756
4622 462.625701113 462.655438777 462.593600312 97.754
4623 462.725809335 462.755549255 462.693710790 -467.972
4624 462.825941372 462.855636586 462.793798140 -149.700
4625 462.926032520 462.955686922 462.893848439 -1719.578
4626 463.026272742 463.055773793 462.993935291 -212.659
4627 463.126356742 463.155836509 463.093998007 -212.659
4628 463.226439224 463.255898036 463.194059553 -193.214
4629 463.326521724 463.356009060 463.294170577 593.064
4630 463.426624668 463.456085844 463.394247361 -172.977
4631 463.526698798 463.556161354 463.494322871 -124.849
4632 463.626747946 463.656250172 463.594411726 854.634
4633 463.726783297 463.756351950 463.694513430 -558.153
4634 463.826909649 463.856449790 463.794611288 709.097
4635 463.926969186 463.956515456 463.894676954 -829.821
4636 464.027056112 464.056639960 463.994801439 613.618
4637 464.127128168 464.156723759 464.094885294 -234.585
4638 464.227234649 464.256785144 464.194946661 462.760
4639 464.327292149 464.356865504 464.295026984 -170.408
4640 464.427440186 464.456947568 464.395109067 -902.345
4641 464.527518445 464.557035973 464.495197509 193.743
4642 464.627655334 464.657132833 464.595294387 -58.211
4643 464.727770815 464.757238395 464.695399949 289.276
4644 464.827847926 464.857330100 464.795491617 -235.564
4645 464.927955056 464.957536449 464.895697966 716.074
4646 465.028097741 465.057616921 464.995778401 -370.325
4647 465.128191223 465.157778864 465.095940067 -405.858
4648 465.228313445 465.257880166 465.196041701 584.659
4649 465.328353500 465.357956488 465.296118023 -1358.395
4650 465.428525037 465.458043114 465.396204593 1283.681
4651 465.528534500 465.558101849 465.496263348 -2206.017
4652 465.628625593 465.658189117 465.596350690 1231.449
4653 465.728663018 465.758288320 465.696449837 -264.156
4654 465.828760833 465.858355653 465.796517041 -374.090
4655 465.928855704 465.958492009 465.896653433 2562.401
4656 466.028953259 466.058587578 465.996749077 -849.667
4657 466.129056926 466.158743564 466.096905099 818.901
4658 466.229097833 466.258818338 466.196979873 -679.426
4659 466.329185407 466.358866672 466.297028171 -353.728
4660 466.429274074 466.458956006 466.397117541 312.126
4661 466.529346777 466.559063838 466.497225262 463.186
4662 466.629227796 466.659158647 466.597320219 2457.287
4663 466.729095481 466.759303689 466.697465243 3933.696
4664 466.829161388 466.859598115 466.797759668 2194.457
4665 466.929232259 466.959871676 466.898033156 2097.298
4666 467.029119370 467.059974294 466.998135811 2079.886
4667 467.129195295 467.160243163 467.098404550 1644.320
4668 467.229278425 467.260467990 467.198629525 2405.666
4669 467.329206388 467.360598727 467.298760243 1095.993
4670 467.429250406 467.460800864 467.398962344 1817.660
4671 467.529230684 467.560937141 467.499098676 1508.617
4672 467.629192221 467.661032102 467.599193637 979.095
4673 467.729179165 467.761130956 467.699292510 1160.149
4674 467.829277980 467.861214592 467.799376146 -2379.732
4675 467.929459869 467.961306778 467.899468295 2155.176
4676 468.029442665 468.061358644 467.999520198 -2689.786
4677 468.129720054 468.161456018 468.099617479 -1183.841
4678 468.229826517 468.261572047 468.199733490 337.238
4679 468.329996072 468.361650488 468.299812061 -207.189
4680 468.430065795 468.461699696 468.399861250 -720.621
4681 468.530167943 468.561734744 468.499896298 -324.570
4682 468.630249091 468.661784656 468.599946173 -758.403
4683 468.730381480 468.761866753 468.700028307 -197.696
4684 468.830481813 468.861937390 468.800098814 -460.651
4685 468.930556017 468.962134726 468.900296280 548.844
4686 469.030703646 469.062205381 469.000366953 -1396.347
4687 469.130810553 469.162342458 469.100503864 1338.831
4688 469.231104905 469.262429070 469.200590587 -2068.625
4689 469.331047535 469.362489658 469.300651212 -1450.263
4690 469.431184146 469.462570813 469.400732367 -73.584
4691 469.531243942 469.562695558 469.500857075 13.888
4692 469.631322942 469.662847753 469.601009251 1061.520
4693 469.731401275 469.762938852 469.701100387 402.921
4694 469.831507516 469.863091643 469.801253160 298.291
4695 469.931717053 469.963177688 469.901339187 -1680.169
4696 470.031975831 470.063258336 470.001419872 -1435.270
4697 470.132180979 470.163340335 470.101501870 -991.147
4698 470.232415460 470.263426568 470.201587937 -2286.713
4699 470.332664479 470.363485983 470.301647501 -2101.146
4700 470.433041979 470.463584767 470.401746302 -1182.879
4701 470.533159442 470.563635809 470.501797289 -889.361
4702 470.633307312 470.663717482 470.601878980 -538.210
4703 470.733586849 470.763785720 470.701947274 -2254.834
4704 470.833737256 470.863937170 470.802098576 368.461
4705 470.933823201 470.963982663 470.902144198 1398.283
4706 471.034027515 471.064068318 471.002229835 -1164.287
4707 471.134120163 471.164150458 471.102311993 -1080.930
4708 471.234313386 471.264245166 471.202406683 1130.641
4709 471.334364941 471.364364883 471.302526418 -216.535
4710 471.434574126 471.464447729 471.402609227 1902.930
4711 471.534702589 471.564528747 471.502690228 -4163.025
4712 471.634873256 471.664744941 471.602906421 1144.096
4713 471.735083163 471.764835184 471.702996756 -2024.368
4714 471.835192885 471.864935316 471.803096648 -308.998
4715 471.935284052 471.965013851 471.903175368 59.437
4716 472.035315163 472.065187190 472.003348725 2605.668
4717 472.135297367 472.165266766 472.103428283 2.786
4718 472.235399403 472.265525325 472.203686842 567.499
4719 472.335478700 472.365668076 472.303829592 834.114
4720 472.435542181 472.465832500 472.403993980 776.644
4721 472.535581144 472.565940171 472.504101669 694.441
4722 472.635610681 472.666036436 472.604197934 510.395
4723 472.735656718 472.766136794 472.704298348 902.967
4724 472.835718885 472.866270732 472.804432267 519.981
4725 472.935769051 472.966366451 472.904528005 -291.689
4726 473.035960810 473.066451546 473.004613063 -1509.229
4727 473.136161940 473.166526174 473.104687691 -2146.567
4728 473.236430940 473.266614856 473.204776392 109.665
4729 473.336519625 473.366697570 473.304859087 -84.627
4730 473.436757532 473.466783706 473.404945242 -1534.060
4731 473.536959458 473.566861955 473.505023491 -1230.702
4732 473.637100458 473.666943709 473.605105226 659.001
4733 473.737279606 473.767023683 473.705185200 -400.428
4734 473.837387403 473.867110180 473.805271734 -581.898
4735 473.937523736 473.967207402 473.905368938 -233.254
4736 474.037692495 474.067298103 474.005459620 -670.423
4737 474.137806588 474.167388858 474.105550394 5.703
4738 474.237898569 474.267479396 474.205640913 -113.881
4739 474.338011606 474.367576409 474.305737925 -413.116
4740 474.438144273 474.467671018 474.405832387 -331.772
4741 474.538238384 474.567752653 474.505914207 -597.273
4742 474.638347365 474.667866620 474.606027988 1072.500
4743 474.738422754 474.767936730 474.706098210 -1241.517
4744 474.838533791 474.868027778 474.806189313 2486.088
4745 474.938624717 474.968119469 474.906281004 -1847.761
4746 475.038798828 475.068223941 475.006385476 780.498
4747 475.138925791 475.168313637 475.106475191 597.091
4748 475.239001439 475.268400942 475.206562496 -728.087
4749 475.339068402 475.368489447 475.306651001 -797.684
4750 475.439198698 475.468588763 475.406750317 253.576
4751 475.539275346 475.568675858 475.506837079 -23.486
4752 475.639340994 475.668774616 475.606936188 582.238
4753 475.739411661 475.768840918 475.707002398 -271.774
4754 475.839504605 475.868937224 475.807098759 540.562
4755 475.939581901 475.969063204 475.907224684 4.590
4756 476.039672475 476.069111942 476.007273515 -87.373
4757 476.139720031 476.169195897 476.107357451 256.864
4758 476.239793827 476.269273909 476.207435463 -1174.646
4759 476.339907512 476.369378138 476.307539655 1671.402
4760 476.439938660 476.469428547 476.407590101 -849.274
4761 476.540011216 476.569511287 476.507672841 1372.460
4762 476.640056827 476.669544607 476.607706161 -11.189
4763 476.740144530 476.769665338 476.707826892 57.180
4764 476.840221067 476.869761562 476.807923116 -366.720
4765 476.940358808 476.969885311 476.908046847 757.396
4766 477.040437623 477.070002985 477.008164539 500.605
4767 477.140523326 477.170095440 477.108256975 414.367
4768 477.240579086 477.270192367 477.208353846 273.482
4769 477.340651882 477.370276073 477.308437608 61.261
4770 477.440732697 477.470367395 477.408528968 -110.895
4771 477.540810789 477.570424508 477.508586080 -443.093
4772 477.641044919 477.670495540 477.608657113 -2122.140
4773 477.741258178 477.770573025 477.708734597 -761.892
4774 477.841411696 477.870657308 477.808818881 -424.349
4775 477.941526863 477.970748154 477.908909708 -493.862
4776 478.041642604 478.070827047 478.008988601 13.265
4777 478.141739993 478.170905266 478.109066782 -222.580
4778 478.241856641 478.270993267 478.209154802 -274.103
4779 478.341942863 478.371220277 478.309381812 1790.462
4780 478.441967066 478.471378832 478.409540348 491.036
4781 478.542049363 478.571622964 478.509784499 3029.139
4782 478.642110289 478.671765477 478.609926957 339.216
4783 478.742130159 478.771905516 478.710067051 1347.884
4784 478.842116381 478.872003444 478.810165016 812.236
4785 478.942204566 478.972150481 478.910312035 -230.159
4786 479.042304159 479.072239011 479.010400417 115.825
4787 479.142387362 479.172322155 479.110483690 16.795
4788 479.242474899 479.272409425 479.210570979 11.684
4789 479.342581029 479.372495761 479.310657296 9.968
4790 479.442628381 479.472586071 479.410747606 -67.912
4791 479.542728195 479.572667342 479.510828878 -1283.919
4792 479.642920251 479.672764836 479.610926371 -721.234
4793 479.743054899 479.772847261 479.711008797 489.701
4794 479.843085769 479.872929932 479.811091449 288.740
4795 479.943183084 479.973022116 479.911183651 716.864
4796 480.043221658 480.073128055 480.011289609 749.979
4797 480.143239269 480.173218475 480.111379992 473.000
4798 480.243328417 480.273309377 480.211470913 207.693
4799 480.343373639 480.373400670 480.311562075 -133.305
4800 480.443445084 480.473485784 480.411647301 -73.379
4801 480.543545787 480.573579735 480.511741159 297.023
4802 480.643607621 480.673663682 480.611825125 2.181
4803 480.743692472 480.773745938 480.711907436 -68.087
4804 480.843784435 480.873827479 480.811988977 1227.495
4805 480.943849287 480.973909446 480.912070981 -765.155
4806 481.043963509 481.074005876 481.012167208 -538.542
4807 481.144062676 481.174101890 481.112263425 106.115
4808 481.244151398 481.274174558 481.212336130 -79.991
4809 481.344236268 481.374255302 481.312416874 146.599
4810 481.444314972 481.474339761 481.412501204 -24.616
4811 481.544383250 481.574424826 481.512586399 -224.824
4812 481.644484120 481.674496586 481.612658158 -267.697
4813 481.744526305 481.774598988 481.712760449 769.231
4814 481.844623694 481.874679932 481.812841449 -518.831
4815 481.944676842 481.974770620 481.912932174 359.466
4816 482.044734120 482.074866644 482.013028087 -780.620
4817 482.144845398 482.174969243 482.113130649 1012.006
4818 482.244915435 482.275060025 482.213221542 -281.664
4819 482.345042101 482.375132756 482.313294310 -894.630
4820 482.445025768 482.475210625 482.413372123 1429.562
4821 482.545163212 482.575299839 482.513461393 70.580
4822 482.645235508 482.675372570 482.613533976 -358.666
4823 482.745337786 482.775448241 482.713609739 -303.189
4824 482.845419971 482.875550365 482.813711826 504.665
4825 482.945492971 482.975643971 482.913805506 196.121
4826 483.045591156 483.075703715 483.013865195 -155.722
4827 483.145661841 483.175786859 483.113948339 -319.932
4828 483.245729564 483.275890895 483.214052226 911.007
4829 483.345796675 483.375975257 483.314136792 280.560
4830 483.445850915 483.476057047 483.414218583 -201.935
4831 483.545892675 483.576142828 483.514304363 80.081
4832 483.645993934 483.676226846 483.614388140 -51.104
4833 483.746057841 483.776307264 483.714468725 31.461
4834 483.846124174 483.876388838 483.814550318 157.034
4835 483.946212730 483.976473219 483.914634792 37.604
4836 484.046255045 484.076582817 484.014744370 470.149
4837 484.146323933 484.176665067 484.114826566 28.476
4838 484.246395137 484.276741459 484.214902939 280.131
4839 484.346451989 484.376822550 484.314984067 128.888
4840 484.446494952 484.476920391 484.415081908 516.386
4841 484.546555989 484.577000829 484.515162402 389.509
4842 484.646639118 484.677085254 484.615246789 -181.905
4843 484.746682729 484.777154517 484.715316071 -549.025
4844 484.846765359 484.877228240 484.815389813 595.968
4845 484.946840044 484.977316796 484.915478368 43.502
4846 485.046924729 485.077428989 485.015590543 385.818
4847 485.147016025 485.177527497 485.115688903 140.578
4848 485.247096970 485.277615733 485.215777102 -187.109
4849 485.347185266 485.377701193 485.315862302 -102.846
4850 485.447272840 485.477785754 485.415947271 158.830
4851 485.547358118 485.577871266 485.516032709 -533.760
4852 485.647436877 485.677947493 485.616109065 -340.550
4853 485.747509710 485.778026269 485.716187749 954.767
4854 485.847617062 485.878102184 485.816263682 -720.062
4855 485.947695414 485.978187556 485.916349091 92.331
4856 486.047820358 486.078271834 486.016433388 -221.984
4857 486.147944617 486.178369575 486.116531110 -166.237
4858 486.248224247 486.278463003 486.216624557 -1043.525
4859 486.348158377 486.378563889 486.316725424 1226.391
4860 486.448353339 486.478650503 486.416812039 -1687.599
4861 486.548359247 486.578737152 486.516898484 41.787
4862 486.648469987 486.678822901 486.616984381 117.070
4863 486.748573358 486.778903919 486.717065418 -681.414
4864 486.848673413 486.878984978 486.817146458 44.140
4865 486.948764950 486.979065688 486.917227205 124.616
4866 487.048873913 487.079172104 487.017333658 -419.305
4867 487.148972321 487.179248781 487.117410224 435.397
4868 487.249049987 487.279343051 487.217504605 -484.151
4869 487.349127450 487.379433928 487.317595481 470.143
4870 487.449299931 487.479521578 487.417683132 -592.574
4871 487.549391691 487.579686995 487.517848438 -332.234
4872 487.649463579 487.679769255 487.617930772 216.584
4873 487.749543857 487.779847010 487.718008583 -86.179
4874 487.849618783 487.879922594 487.818084148 178.317
4875 487.949691876 487.979976776 487.918138329 -694.990
4876 488.049840264 488.080055581 488.018217116 -694.990
4877 488.150008690 488.180154211 488.118315747 -493.849
4878 488.250144727 488.280248007 488.218409543 -618.562
4879 488.350271764 488.380333575 488.318495110 -161.402
4880 488.450387005 488.480416916 488.418578433 -383.022
4881 488.550552135 488.580510138 488.518671673 -1261.689
4882 488.650658394 488.680592586 488.618754122 622.005
4883 488.750762560 488.780674659 488.718836194 -553.652
4884 488.850897560 488.880753041 488.818914558 -542.930
4885 488.950964986 488.980831461 488.918992996 -1235.286
4886 489.051183245 489.080932887 489.019094441 1396.883
4887 489.151286616 489.181028290 489.119189844 -606.564
4888 489.251396690 489.281123168 489.219284703 -969.860
4889 489.351534671 489.381215108 489.319376662 -558.757
4890 489.451671708 489.481303777 489.419465312 -554.659
4891 489.551778467 489.581377595 489.519539130 43.500
4892 489.651796245 489.681448738 489.619610218 -1390.749
4893 489.751918597 489.781559559 489.719721001 856.370
4894 489.851997819 489.881648000 489.819809554 -1191.262
4895 489.952067893 489.981730651 489.919892205 1316.954
4896 490.052163597 490.081809758 490.019971312 -555.575
4897 490.152272578 490.181912901 490.120074455 -424.662
4898 490.252373004 490.282017021 490.220178556 142.660
4899 490.352476078 490.382105573 490.320267090 -31.621
4900 490.452560726 490.482195274 490.420356810 749.352
4901 490.552658004 490.582276266 490.520437802 -1215.264
4902 490.652697226 490.682360312 490.620521810 701.200
4903 490.752808448 490.782440761 490.720602278 -1059.473
4904 490.852922096 490.882529504 490.820691002 1098.125
4905 490.952968726 490.982604049 490.920765566 -1015.766
4906 491.053102429 491.082693525 491.020855097 676.073
4907 491.153188392 491.182777523 491.120939058 -1586.838
4908 491.253273077 491.282876707 491.221038206 418.735
4909 491.353366485 491.382940800 491.321102243 84.081
4910 491.453439522 491.483044885 491.421206439 -528.904
4911 491.553563392 491.583115713 491.521277285 372.449
4912 491.653636040 491.683198041 491.621359446 -209.519
4913 491.753709707 491.783355247 491.721516764 999.588
4914 491.853833818 491.883427762 491.821589279 -202.429
4915 491.953911003 491.983508042 491.921669596 215.588
4916 492.053981910 492.083600343 492.021761915 -356.768
4917 492.154081021 492.183692519 492.121854091 359.586
4918 492.254183892 492.283781224 492.221942759 -239.177
4919 492.354294354 492.383874865 492.322036400 -185.016
4920 492.454415521 492.483963377 492.422124894 -69.768
4921 492.554563373 492.584050936 492.522212472 -1320.739
4922 492.654648558 492.684141209 492.622302726 636.102
4923 492.754841706 492.784223482 492.722384796 -1048.207
4924 492.854878058 492.884311635 492.822473115 17.430
4925 492.955018391 492.984392637 492.922554117 -1401.200
4926 493.055177873 493.084472594 493.022634166 1278.446
4927 493.155152502 493.184522341 493.122683895 76.805
4928 493.255348354 493.284617475 493.222778992 -1726.417
4929 493.355431243 493.384718457 493.322879992 1067.944
4930 493.455483835 493.484807808 493.422969343 -20.511
4931 493.555593372 493.584891589 493.523053124 -243.904
4932 493.655680520 493.684974836 493.623136353 -376.236
4933 493.755798187 493.785061976 493.723223511 -240.787
4934 493.855835335 493.885144318 493.823305705 873.206
4935 493.955992872 493.985224983 493.923386500 -694.672
4936 494.056029261 494.085308982 494.023470517 1145.026
4937 494.156065057 494.185405392 494.123566946 383.366
4938 494.256027872 494.285534280 494.223695815 -836.196
4939 494.356256409 494.385642977 494.323804513 1282.418
4940 494.456263575 494.485734664 494.423896199 -243.890
4941 494.556402779 494.585845217 494.524006771 266.917
4942 494.656374742 494.685935227 494.624096762 448.778
4943 494.756477501 494.786005660 494.724167140 1574.124
4944 494.856532520 494.886097177 494.824258694 -1181.228
4945 494.956672131 494.986179562 494.924341098 46.939
4946 495.056753982 495.086260136 495.024421653 -110.704
4947 495.156848853 495.186358993 495.124520547 912.839
4948 495.257005260 495.286468874 495.224630428 -1422.758
4949 495.357132001 495.386623218 495.324784753 902.227
4950 495.457209149 495.486710377 495.424871913 155.945
4951 495.557304482 495.586795295 495.524956812 -366.636
4952 495.657367260 495.686879634 495.625041170 -92.916
4953 495.757461778 495.786962811 495.725124347 -65.295
4954 495.857550889 495.887054345 495.825215862 254.250
4955 495.957639538 495.987165956 495.925327473 -357.252
4956 496.057731537 496.087248777 496.025410331 -110.679
4957 496.157835630 496.187340157 496.125501711 -184.209
4958 496.257940241 496.287451854 496.225613408 231.661
4959 496.358038297 496.387562631 496.325724167 103.107
4960 496.458153019 496.487652497 496.425814032 -184.925
4961 496.558268019 496.587743932 496.525905449 -276.553
4962 496.658373093 496.687836338 496.625997818 -18.294
4963 496.758433944 496.787923400 496.726084935 134.822
4964 496.858500130 496.888008169 496.826169649 156.146
4965 496.958571555 496.988101742 496.926263259 764.639
4966 497.058606463 497.088187328 497.026348845 7.121
4967 497.158758481 497.188282901 497.126444473 -837.542
4968 497.258951222 497.288381607 497.226543124 -1101.254
4969 497.359085259 497.388484287 497.326645804 422.387
4970 497.459322777 497.488589089 497.426750624 -2028.477
4971 497.559417055 497.588680738 497.526842292 -471.326
4972 497.659605333 497.688765649 497.626927184 -821.209
4973 497.759807129 497.788849636 497.727011172 -43.220
4974 497.859874259 497.888932841 497.827094210 -753.778
4975 497.960018221 497.989020303 497.927181839 754.011
4976 498.060117833 498.089108103 498.027269639 339.182
4977 498.160185407 498.189195402 498.127356771 173.751
4978 498.260318962 498.289288378 498.227449932 -1966.453
4979 498.360498703 498.389395161 498.327556696 675.989
4980 498.460578406 498.489494149 498.427655684 84.028
4981 498.560675351 498.589596544 498.527758080 -2211.278
4982 498.660827758 498.689684470 498.627845950 258.716
4983 498.760908036 498.789775198 498.727936678 451.175
4984 498.861051054 498.889856657 498.828018137 -680.002
4985 498.961177702 498.989938160 498.928099640 184.485
4986 499.061194517 499.090019629 499.028181090 -364.746
4987 499.161369832 499.190102473 499.128263619 634.438
4988 499.261419369 499.290191392 499.228352946 474.009
4989 499.361488387 499.390289865 499.328451401 286.852
4990 499.461545813 499.490390691 499.428552207 490.804
4991 499.561562813 499.590482678 499.528644195 101.157
4992 499.661699850 499.690581769 499.628743304 761.101
4993 499.761675350 499.790663787 499.728825323 -747.088
4994 499.861798906 499.890759963 499.828921498 1363.283
4995 499.961811943 499.990839857 499.929001393 -1143.265
4996 500.061881276 500.090925546 500.029087081 1723.939
4997 500.161910313 500.191011830 500.129173347 281.861
4998 500.261870442 500.291123984 500.229285519 2007.119
4999 500.361826090 500.391221714 500.329383120 826.448
5000 500.461680331 500.491312145 500.429473698 2344.523
5001 500.561712757 500.591410082 500.529571507 843.915
5002 500.661666646 500.691488825 500.629650360 442.006
5003 500.761662109 500.791575116 500.729736633 839.730
5004 500.861735146 500.891659957 500.829821399 636.125
5005 500.961724683 500.991742717 500.929904197 -48.030
5006 501.061710849 501.091818296 501.029979869 1177.354
5007 501.161743090 501.191896630 501.130058166 332.171
5008 501.261812553 501.292005124 501.230166659 370.765
5009 501.361913145 501.392178210 501.330339708 451.643
5010 501.462001479 501.492256380 501.430417879 570.518
5011 501.562078905 501.592409778 501.530571332 270.994
5012 501.662153275 501.692493775 501.630655348 1.425
5013 501.762221645 501.792590033 501.730751605 273.685
5014 501.862282052 501.892667336 501.830828890 240.602
5015 501.962341034 501.992755792 501.930917346 -9.992
5016 502.062450775 502.092823377 502.030984950 -634.018
5017 502.162627571 502.192901236 502.131062771 -252.838
5018 502.262617386 502.292994141 502.231155694 -880.184
5019 502.362783663 502.393119551 502.331281105 170.638
5020 502.462915737 502.493203551 502.431365030 709.763
5021 502.563012459 502.593287063 502.531448617 -1573.045
5022 502.663111163 502.693344025 502.631505431 139.524
5023 502.763209015 502.793379784 502.731541301 252.901
5024 502.863286496 502.893481714 502.831643213 -1341.837
5025 502.963426015 502.993582431 502.931743985 582.435
5026 503.063507237 503.093638815 503.031800388 -2389.649
5027 503.163672441 503.193787334 503.131948888 2198.675
5028 503.263878644 503.293876682 503.232038236 -1049.200
5029 503.363925644 503.393992935 503.332154340 475.592
5030 503.464009848 503.494077143 503.432238623 -435.966
5031 503.564096589 503.594171169 503.532332742 -408.052
5032 503.664205311 503.694246877 503.632408431 56.974
5033 503.764287477 503.794333084 503.732494564 9.560
5034 503.864368736 503.894394829 503.832556401 -160.388
5035 503.964443533 503.994494748 503.932656302 268.223
5036 504.064531310 504.094589310 504.032750882 -100.617
5037 504.164630347 504.194680652 504.132842058 303.792
5038 504.264726403 504.294775978 504.232937495 -137.162
5039 504.364825051 504.394896525 504.333058079 -217.193
5040 504.464942532 504.495008898 504.433170414 387.967
5041 504.565028014 504.595112202 504.533273701 302.330
5042 504.665064551 504.695196116 504.633357503 623.605
5043 504.765140125 504.795282320 504.733443837 -171.656
5044 504.865176088 504.895366809 504.833528085 476.771
5045 504.965262532 504.995446367 504.933607940 -938.414
5046 505.065508773 505.095522421 505.033683993 -122.825
5047 505.165501347 505.195607874 505.133769409 604.158
5048 505.265587958 505.295691098 505.233852541 -984.138
5049 505.365717958 505.395808335 505.333969871 482.544
5050 505.465824791 505.495909364 505.434070900 0.380
5051 505.565922735 505.595977496 505.534139068 -1342.323
5052 505.666116347 505.696051186 505.634212758 582.959
5053 505.766085846 505.796132962 505.734294478 941.591
5054 505.866127291 505.896192702 505.834354256 -1377.497
5055 505.966261828 505.996285033 505.934446531 1059.883
5056 506.066341624 506.096418363 506.034579936 -376.008
5057 506.166512772 506.196509030 506.134670566 -694.722
5058 506.266642087 506.296595087 506.234756604 79.454
5059 506.366648920 506.396687570 506.334849124 728.263
5060 506.466791828 506.496789100 506.434950635 -1355.497
5061 506.566876476 506.596884208 506.535045743 -482.200
5062 506.666943124 506.696987432 506.635148967 812.710
5063 506.767004587 506.797072657 506.735234174 210.180
5064 506.867029031 506.897156981 506.835318498 -99.016
5065 506.967090142 506.997245476 506.935406900 -155.030
5066 507.067217012 507.097339313 507.035500848 921.394
5067 507.167242809 507.197423249 507.135584766 703.466
5068 507.267293234 507.297507934 507.235669414 -359.529
5069 507.367483734 507.397607648 507.335769184 1541.355
5070 507.467475234 507.497708773 507.435870327 -304.610
5071 507.567612938 507.597818536 507.535979924 -373.579
5072 507.667698919 507.697944111 507.636105684 -184.563
5073 507.767852919 507.798045938 507.736207511 1446.947
5074 507.867844993 507.898103377 507.836264894 -1007.638
5075 507.967933216 507.998151437 507.936312990 202.388
5076 508.068012364 508.098206636 508.036368209 -446.277
